Opcode,E,M,X,Status,Reject_Reason,Mnemonic,Mode,Instruction_Bytes,WDC_Base_Cycles,Fixed_Cycle_Delta,Cycle_Min,Cycle_Max,Dynamic_Cycle_Tags,Fetch_Bytes,Pointer_Read_Bytes,Data_Read_Bytes,Data_Write_Bytes,Dummy_Write_Bytes,Stack_Read_Bytes,Stack_Write_Bytes,Vector_Read_Bytes,RMW_Write_Order,Wait_or_Repeat,Semantic_Test,Addressing_Test
00,0,0,0,LEGAL,,BRK,SIG8,2,7,1,8,8,NONE,2,0,0,0,0,0,4,2,NONE,NONE,SEM_CONTROL_INTERRUPT,ADDR_SIG8
00,0,0,1,LEGAL,,BRK,SIG8,2,7,1,8,8,NONE,2,0,0,0,0,0,4,2,NONE,NONE,SEM_CONTROL_INTERRUPT,ADDR_SIG8
00,0,1,0,LEGAL,,BRK,SIG8,2,7,1,8,8,NONE,2,0,0,0,0,0,4,2,NONE,NONE,SEM_CONTROL_INTERRUPT,ADDR_SIG8
00,0,1,1,LEGAL,,BRK,SIG8,2,7,1,8,8,NONE,2,0,0,0,0,0,4,2,NONE,NONE,SEM_CONTROL_INTERRUPT,ADDR_SIG8
00,1,0,0,REJECTED,E=1 requires architectural M=1 and X=1,BRK,SIG8,,7,,,,,,,,,,,,,,,,
00,1,0,1,REJECTED,E=1 requires architectural M=1 and X=1,BRK,SIG8,,7,,,,,,,,,,,,,,,,
00,1,1,0,REJECTED,E=1 requires architectural M=1 and X=1,BRK,SIG8,,7,,,,,,,,,,,,,,,,
00,1,1,1,LEGAL,,BRK,SIG8,2,7,0,7,7,NONE,2,0,0,0,0,0,3,2,NONE,NONE,SEM_CONTROL_INTERRUPT,ADDR_SIG8
01,0,0,0,LEGAL,,ORA,DP_X_IND,2,6,1,7,8,DIRECT_LOW_NONZERO:+1,2,2,2,0,0,0,0,0,NONE,NONE,SEM_LOGIC,ADDR_DP_X_IND
01,0,0,1,LEGAL,,ORA,DP_X_IND,2,6,1,7,8,DIRECT_LOW_NONZERO:+1,2,2,2,0,0,0,0,0,NONE,NONE,SEM_LOGIC,ADDR_DP_X_IND
01,0,1,0,LEGAL,,ORA,DP_X_IND,2,6,0,6,7,DIRECT_LOW_NONZERO:+1,2,2,1,0,0,0,0,0,NONE,NONE,SEM_LOGIC,ADDR_DP_X_IND
01,0,1,1,LEGAL,,ORA,DP_X_IND,2,6,0,6,7,DIRECT_LOW_NONZERO:+1,2,2,1,0,0,0,0,0,NONE,NONE,SEM_LOGIC,ADDR_DP_X_IND
01,1,0,0,REJECTED,E=1 requires architectural M=1 and X=1,ORA,DP_X_IND,,6,,,,,,,,,,,,,,,,
01,1,0,1,REJECTED,E=1 requires architectural M=1 and X=1,ORA,DP_X_IND,,6,,,,,,,,,,,,,,,,
01,1,1,0,REJECTED,E=1 requires architectural M=1 and X=1,ORA,DP_X_IND,,6,,,,,,,,,,,,,,,,
01,1,1,1,LEGAL,,ORA,DP_X_IND,2,6,0,6,7,DIRECT_LOW_NONZERO:+1,2,2,1,0,0,0,0,0,NONE,NONE,SEM_LOGIC,ADDR_DP_X_IND
02,0,0,0,LEGAL,,COP,SIG8,2,7,1,8,8,NONE,2,0,0,0,0,0,4,2,NONE,NONE,SEM_CONTROL_INTERRUPT,ADDR_SIG8
02,0,0,1,LEGAL,,COP,SIG8,2,7,1,8,8,NONE,2,0,0,0,0,0,4,2,NONE,NONE,SEM_CONTROL_INTERRUPT,ADDR_SIG8
02,0,1,0,LEGAL,,COP,SIG8,2,7,1,8,8,NONE,2,0,0,0,0,0,4,2,NONE,NONE,SEM_CONTROL_INTERRUPT,ADDR_SIG8
02,0,1,1,LEGAL,,COP,SIG8,2,7,1,8,8,NONE,2,0,0,0,0,0,4,2,NONE,NONE,SEM_CONTROL_INTERRUPT,ADDR_SIG8
02,1,0,0,REJECTED,E=1 requires architectural M=1 and X=1,COP,SIG8,,7,,,,,,,,,,,,,,,,
02,1,0,1,REJECTED,E=1 requires architectural M=1 and X=1,COP,SIG8,,7,,,,,,,,,,,,,,,,
02,1,1,0,REJECTED,E=1 requires architectural M=1 and X=1,COP,SIG8,,7,,,,,,,,,,,,,,,,
02,1,1,1,LEGAL,,COP,SIG8,2,7,0,7,7,NONE,2,0,0,0,0,0,3,2,NONE,NONE,SEM_CONTROL_INTERRUPT,ADDR_SIG8
03,0,0,0,LEGAL,,ORA,STACK_REL,2,4,1,5,5,NONE,2,0,2,0,0,0,0,0,NONE,NONE,SEM_LOGIC,ADDR_STACK_REL
03,0,0,1,LEGAL,,ORA,STACK_REL,2,4,1,5,5,NONE,2,0,2,0,0,0,0,0,NONE,NONE,SEM_LOGIC,ADDR_STACK_REL
03,0,1,0,LEGAL,,ORA,STACK_REL,2,4,0,4,4,NONE,2,0,1,0,0,0,0,0,NONE,NONE,SEM_LOGIC,ADDR_STACK_REL
03,0,1,1,LEGAL,,ORA,STACK_REL,2,4,0,4,4,NONE,2,0,1,0,0,0,0,0,NONE,NONE,SEM_LOGIC,ADDR_STACK_REL
03,1,0,0,REJECTED,E=1 requires architectural M=1 and X=1,ORA,STACK_REL,,4,,,,,,,,,,,,,,,,
03,1,0,1,REJECTED,E=1 requires architectural M=1 and X=1,ORA,STACK_REL,,4,,,,,,,,,,,,,,,,
03,1,1,0,REJECTED,E=1 requires architectural M=1 and X=1,ORA,STACK_REL,,4,,,,,,,,,,,,,,,,
03,1,1,1,LEGAL,,ORA,STACK_REL,2,4,0,4,4,NONE,2,0,1,0,0,0,0,0,NONE,NONE,SEM_LOGIC,ADDR_STACK_REL
04,0,0,0,LEGAL,,TSB,DP,2,5,2,7,8,DIRECT_LOW_NONZERO:+1,2,0,2,2,0,0,0,0,HIGH_THEN_LOW,NONE,SEM_BIT_TEST_MODIFY,ADDR_DP
04,0,0,1,LEGAL,,TSB,DP,2,5,2,7,8,DIRECT_LOW_NONZERO:+1,2,0,2,2,0,0,0,0,HIGH_THEN_LOW,NONE,SEM_BIT_TEST_MODIFY,ADDR_DP
04,0,1,0,LEGAL,,TSB,DP,2,5,0,5,6,DIRECT_LOW_NONZERO:+1,2,0,1,1,0,0,0,0,LOW_FINAL,NONE,SEM_BIT_TEST_MODIFY,ADDR_DP
04,0,1,1,LEGAL,,TSB,DP,2,5,0,5,6,DIRECT_LOW_NONZERO:+1,2,0,1,1,0,0,0,0,LOW_FINAL,NONE,SEM_BIT_TEST_MODIFY,ADDR_DP
04,1,0,0,REJECTED,E=1 requires architectural M=1 and X=1,TSB,DP,,5,,,,,,,,,,,,,,,,
04,1,0,1,REJECTED,E=1 requires architectural M=1 and X=1,TSB,DP,,5,,,,,,,,,,,,,,,,
04,1,1,0,REJECTED,E=1 requires architectural M=1 and X=1,TSB,DP,,5,,,,,,,,,,,,,,,,
04,1,1,1,LEGAL,,TSB,DP,2,5,0,5,6,DIRECT_LOW_NONZERO:+1,2,0,1,1,1,0,0,0,LOW_FINAL,NONE,SEM_BIT_TEST_MODIFY,ADDR_DP
05,0,0,0,LEGAL,,ORA,DP,2,3,1,4,5,DIRECT_LOW_NONZERO:+1,2,0,2,0,0,0,0,0,NONE,NONE,SEM_LOGIC,ADDR_DP
05,0,0,1,LEGAL,,ORA,DP,2,3,1,4,5,DIRECT_LOW_NONZERO:+1,2,0,2,0,0,0,0,0,NONE,NONE,SEM_LOGIC,ADDR_DP
05,0,1,0,LEGAL,,ORA,DP,2,3,0,3,4,DIRECT_LOW_NONZERO:+1,2,0,1,0,0,0,0,0,NONE,NONE,SEM_LOGIC,ADDR_DP
05,0,1,1,LEGAL,,ORA,DP,2,3,0,3,4,DIRECT_LOW_NONZERO:+1,2,0,1,0,0,0,0,0,NONE,NONE,SEM_LOGIC,ADDR_DP
05,1,0,0,REJECTED,E=1 requires architectural M=1 and X=1,ORA,DP,,3,,,,,,,,,,,,,,,,
05,1,0,1,REJECTED,E=1 requires architectural M=1 and X=1,ORA,DP,,3,,,,,,,,,,,,,,,,
05,1,1,0,REJECTED,E=1 requires architectural M=1 and X=1,ORA,DP,,3,,,,,,,,,,,,,,,,
05,1,1,1,LEGAL,,ORA,DP,2,3,0,3,4,DIRECT_LOW_NONZERO:+1,2,0,1,0,0,0,0,0,NONE,NONE,SEM_LOGIC,ADDR_DP
06,0,0,0,LEGAL,,ASL,DP,2,5,2,7,8,DIRECT_LOW_NONZERO:+1,2,0,2,2,0,0,0,0,HIGH_THEN_LOW,NONE,SEM_SHIFT_ROTATE,ADDR_DP
06,0,0,1,LEGAL,,ASL,DP,2,5,2,7,8,DIRECT_LOW_NONZERO:+1,2,0,2,2,0,0,0,0,HIGH_THEN_LOW,NONE,SEM_SHIFT_ROTATE,ADDR_DP
06,0,1,0,LEGAL,,ASL,DP,2,5,0,5,6,DIRECT_LOW_NONZERO:+1,2,0,1,1,0,0,0,0,LOW_FINAL,NONE,SEM_SHIFT_ROTATE,ADDR_DP
06,0,1,1,LEGAL,,ASL,DP,2,5,0,5,6,DIRECT_LOW_NONZERO:+1,2,0,1,1,0,0,0,0,LOW_FINAL,NONE,SEM_SHIFT_ROTATE,ADDR_DP
06,1,0,0,REJECTED,E=1 requires architectural M=1 and X=1,ASL,DP,,5,,,,,,,,,,,,,,,,
06,1,0,1,REJECTED,E=1 requires architectural M=1 and X=1,ASL,DP,,5,,,,,,,,,,,,,,,,
06,1,1,0,REJECTED,E=1 requires architectural M=1 and X=1,ASL,DP,,5,,,,,,,,,,,,,,,,
06,1,1,1,LEGAL,,ASL,DP,2,5,0,5,6,DIRECT_LOW_NONZERO:+1,2,0,1,1,1,0,0,0,LOW_FINAL,NONE,SEM_SHIFT_ROTATE,ADDR_DP
07,0,0,0,LEGAL,,ORA,DP_IND_LONG,2,6,1,7,8,DIRECT_LOW_NONZERO:+1,2,3,2,0,0,0,0,0,NONE,NONE,SEM_LOGIC,ADDR_DP_IND_LONG
07,0,0,1,LEGAL,,ORA,DP_IND_LONG,2,6,1,7,8,DIRECT_LOW_NONZERO:+1,2,3,2,0,0,0,0,0,NONE,NONE,SEM_LOGIC,ADDR_DP_IND_LONG
07,0,1,0,LEGAL,,ORA,DP_IND_LONG,2,6,0,6,7,DIRECT_LOW_NONZERO:+1,2,3,1,0,0,0,0,0,NONE,NONE,SEM_LOGIC,ADDR_DP_IND_LONG
07,0,1,1,LEGAL,,ORA,DP_IND_LONG,2,6,0,6,7,DIRECT_LOW_NONZERO:+1,2,3,1,0,0,0,0,0,NONE,NONE,SEM_LOGIC,ADDR_DP_IND_LONG
07,1,0,0,REJECTED,E=1 requires architectural M=1 and X=1,ORA,DP_IND_LONG,,6,,,,,,,,,,,,,,,,
07,1,0,1,REJECTED,E=1 requires architectural M=1 and X=1,ORA,DP_IND_LONG,,6,,,,,,,,,,,,,,,,
07,1,1,0,REJECTED,E=1 requires architectural M=1 and X=1,ORA,DP_IND_LONG,,6,,,,,,,,,,,,,,,,
07,1,1,1,LEGAL,,ORA,DP_IND_LONG,2,6,0,6,7,DIRECT_LOW_NONZERO:+1,2,3,1,0,0,0,0,0,NONE,NONE,SEM_LOGIC,ADDR_DP_IND_LONG
08,0,0,0,LEGAL,,PHP,IMP,1,3,0,3,3,NONE,1,0,0,0,0,0,1,0,NONE,NONE,SEM_STACK,ADDR_IMP
08,0,0,1,LEGAL,,PHP,IMP,1,3,0,3,3,NONE,1,0,0,0,0,0,1,0,NONE,NONE,SEM_STACK,ADDR_IMP
08,0,1,0,LEGAL,,PHP,IMP,1,3,0,3,3,NONE,1,0,0,0,0,0,1,0,NONE,NONE,SEM_STACK,ADDR_IMP
08,0,1,1,LEGAL,,PHP,IMP,1,3,0,3,3,NONE,1,0,0,0,0,0,1,0,NONE,NONE,SEM_STACK,ADDR_IMP
08,1,0,0,REJECTED,E=1 requires architectural M=1 and X=1,PHP,IMP,,3,,,,,,,,,,,,,,,,
08,1,0,1,REJECTED,E=1 requires architectural M=1 and X=1,PHP,IMP,,3,,,,,,,,,,,,,,,,
08,1,1,0,REJECTED,E=1 requires architectural M=1 and X=1,PHP,IMP,,3,,,,,,,,,,,,,,,,
08,1,1,1,LEGAL,,PHP,IMP,1,3,0,3,3,NONE,1,0,0,0,0,0,1,0,NONE,NONE,SEM_STACK,ADDR_IMP
09,0,0,0,LEGAL,,ORA,IMM_M,3,2,1,3,3,NONE,3,0,0,0,0,0,0,0,NONE,NONE,SEM_LOGIC,ADDR_IMM_M
09,0,0,1,LEGAL,,ORA,IMM_M,3,2,1,3,3,NONE,3,0,0,0,0,0,0,0,NONE,NONE,SEM_LOGIC,ADDR_IMM_M
09,0,1,0,LEGAL,,ORA,IMM_M,2,2,0,2,2,NONE,2,0,0,0,0,0,0,0,NONE,NONE,SEM_LOGIC,ADDR_IMM_M
09,0,1,1,LEGAL,,ORA,IMM_M,2,2,0,2,2,NONE,2,0,0,0,0,0,0,0,NONE,NONE,SEM_LOGIC,ADDR_IMM_M
09,1,0,0,REJECTED,E=1 requires architectural M=1 and X=1,ORA,IMM_M,,2,,,,,,,,,,,,,,,,
09,1,0,1,REJECTED,E=1 requires architectural M=1 and X=1,ORA,IMM_M,,2,,,,,,,,,,,,,,,,
09,1,1,0,REJECTED,E=1 requires architectural M=1 and X=1,ORA,IMM_M,,2,,,,,,,,,,,,,,,,
09,1,1,1,LEGAL,,ORA,IMM_M,2,2,0,2,2,NONE,2,0,0,0,0,0,0,0,NONE,NONE,SEM_LOGIC,ADDR_IMM_M
0A,0,0,0,LEGAL,,ASL,ACC,1,2,0,2,2,NONE,1,0,0,0,0,0,0,0,NONE,NONE,SEM_SHIFT_ROTATE,ADDR_ACC
0A,0,0,1,LEGAL,,ASL,ACC,1,2,0,2,2,NONE,1,0,0,0,0,0,0,0,NONE,NONE,SEM_SHIFT_ROTATE,ADDR_ACC
0A,0,1,0,LEGAL,,ASL,ACC,1,2,0,2,2,NONE,1,0,0,0,0,0,0,0,NONE,NONE,SEM_SHIFT_ROTATE,ADDR_ACC
0A,0,1,1,LEGAL,,ASL,ACC,1,2,0,2,2,NONE,1,0,0,0,0,0,0,0,NONE,NONE,SEM_SHIFT_ROTATE,ADDR_ACC
0A,1,0,0,REJECTED,E=1 requires architectural M=1 and X=1,ASL,ACC,,2,,,,,,,,,,,,,,,,
0A,1,0,1,REJECTED,E=1 requires architectural M=1 and X=1,ASL,ACC,,2,,,,,,,,,,,,,,,,
0A,1,1,0,REJECTED,E=1 requires architectural M=1 and X=1,ASL,ACC,,2,,,,,,,,,,,,,,,,
0A,1,1,1,LEGAL,,ASL,ACC,1,2,0,2,2,NONE,1,0,0,0,0,0,0,0,NONE,NONE,SEM_SHIFT_ROTATE,ADDR_ACC
0B,0,0,0,LEGAL,,PHD,IMP,1,4,0,4,4,NONE,1,0,0,0,0,0,2,0,NONE,NONE,SEM_STACK,ADDR_IMP
0B,0,0,1,LEGAL,,PHD,IMP,1,4,0,4,4,NONE,1,0,0,0,0,0,2,0,NONE,NONE,SEM_STACK,ADDR_IMP
0B,0,1,0,LEGAL,,PHD,IMP,1,4,0,4,4,NONE,1,0,0,0,0,0,2,0,NONE,NONE,SEM_STACK,ADDR_IMP
0B,0,1,1,LEGAL,,PHD,IMP,1,4,0,4,4,NONE,1,0,0,0,0,0,2,0,NONE,NONE,SEM_STACK,ADDR_IMP
0B,1,0,0,REJECTED,E=1 requires architectural M=1 and X=1,PHD,IMP,,4,,,,,,,,,,,,,,,,
0B,1,0,1,REJECTED,E=1 requires architectural M=1 and X=1,PHD,IMP,,4,,,,,,,,,,,,,,,,
0B,1,1,0,REJECTED,E=1 requires architectural M=1 and X=1,PHD,IMP,,4,,,,,,,,,,,,,,,,
0B,1,1,1,LEGAL,,PHD,IMP,1,4,0,4,4,NONE,1,0,0,0,0,0,2,0,NONE,NONE,SEM_STACK,ADDR_IMP
0C,0,0,0,LEGAL,,TSB,ABS,3,6,2,8,8,NONE,3,0,2,2,0,0,0,0,HIGH_THEN_LOW,NONE,SEM_BIT_TEST_MODIFY,ADDR_ABS
0C,0,0,1,LEGAL,,TSB,ABS,3,6,2,8,8,NONE,3,0,2,2,0,0,0,0,HIGH_THEN_LOW,NONE,SEM_BIT_TEST_MODIFY,ADDR_ABS
0C,0,1,0,LEGAL,,TSB,ABS,3,6,0,6,6,NONE,3,0,1,1,0,0,0,0,LOW_FINAL,NONE,SEM_BIT_TEST_MODIFY,ADDR_ABS
0C,0,1,1,LEGAL,,TSB,ABS,3,6,0,6,6,NONE,3,0,1,1,0,0,0,0,LOW_FINAL,NONE,SEM_BIT_TEST_MODIFY,ADDR_ABS
0C,1,0,0,REJECTED,E=1 requires architectural M=1 and X=1,TSB,ABS,,6,,,,,,,,,,,,,,,,
0C,1,0,1,REJECTED,E=1 requires architectural M=1 and X=1,TSB,ABS,,6,,,,,,,,,,,,,,,,
0C,1,1,0,REJECTED,E=1 requires architectural M=1 and X=1,TSB,ABS,,6,,,,,,,,,,,,,,,,
0C,1,1,1,LEGAL,,TSB,ABS,3,6,0,6,6,NONE,3,0,1,1,1,0,0,0,LOW_FINAL,NONE,SEM_BIT_TEST_MODIFY,ADDR_ABS
0D,0,0,0,LEGAL,,ORA,ABS,3,4,1,5,5,NONE,3,0,2,0,0,0,0,0,NONE,NONE,SEM_LOGIC,ADDR_ABS
0D,0,0,1,LEGAL,,ORA,ABS,3,4,1,5,5,NONE,3,0,2,0,0,0,0,0,NONE,NONE,SEM_LOGIC,ADDR_ABS
0D,0,1,0,LEGAL,,ORA,ABS,3,4,0,4,4,NONE,3,0,1,0,0,0,0,0,NONE,NONE,SEM_LOGIC,ADDR_ABS
0D,0,1,1,LEGAL,,ORA,ABS,3,4,0,4,4,NONE,3,0,1,0,0,0,0,0,NONE,NONE,SEM_LOGIC,ADDR_ABS
0D,1,0,0,REJECTED,E=1 requires architectural M=1 and X=1,ORA,ABS,,4,,,,,,,,,,,,,,,,
0D,1,0,1,REJECTED,E=1 requires architectural M=1 and X=1,ORA,ABS,,4,,,,,,,,,,,,,,,,
0D,1,1,0,REJECTED,E=1 requires architectural M=1 and X=1,ORA,ABS,,4,,,,,,,,,,,,,,,,
0D,1,1,1,LEGAL,,ORA,ABS,3,4,0,4,4,NONE,3,0,1,0,0,0,0,0,NONE,NONE,SEM_LOGIC,ADDR_ABS
0E,0,0,0,LEGAL,,ASL,ABS,3,6,2,8,8,NONE,3,0,2,2,0,0,0,0,HIGH_THEN_LOW,NONE,SEM_SHIFT_ROTATE,ADDR_ABS
0E,0,0,1,LEGAL,,ASL,ABS,3,6,2,8,8,NONE,3,0,2,2,0,0,0,0,HIGH_THEN_LOW,NONE,SEM_SHIFT_ROTATE,ADDR_ABS
0E,0,1,0,LEGAL,,ASL,ABS,3,6,0,6,6,NONE,3,0,1,1,0,0,0,0,LOW_FINAL,NONE,SEM_SHIFT_ROTATE,ADDR_ABS
0E,0,1,1,LEGAL,,ASL,ABS,3,6,0,6,6,NONE,3,0,1,1,0,0,0,0,LOW_FINAL,NONE,SEM_SHIFT_ROTATE,ADDR_ABS
0E,1,0,0,REJECTED,E=1 requires architectural M=1 and X=1,ASL,ABS,,6,,,,,,,,,,,,,,,,
0E,1,0,1,REJECTED,E=1 requires architectural M=1 and X=1,ASL,ABS,,6,,,,,,,,,,,,,,,,
0E,1,1,0,REJECTED,E=1 requires architectural M=1 and X=1,ASL,ABS,,6,,,,,,,,,,,,,,,,
0E,1,1,1,LEGAL,,ASL,ABS,3,6,0,6,6,NONE,3,0,1,1,1,0,0,0,LOW_FINAL,NONE,SEM_SHIFT_ROTATE,ADDR_ABS
0F,0,0,0,LEGAL,,ORA,ABS_LONG,4,5,1,6,6,NONE,4,0,2,0,0,0,0,0,NONE,NONE,SEM_LOGIC,ADDR_ABS_LONG
0F,0,0,1,LEGAL,,ORA,ABS_LONG,4,5,1,6,6,NONE,4,0,2,0,0,0,0,0,NONE,NONE,SEM_LOGIC,ADDR_ABS_LONG
0F,0,1,0,LEGAL,,ORA,ABS_LONG,4,5,0,5,5,NONE,4,0,1,0,0,0,0,0,NONE,NONE,SEM_LOGIC,ADDR_ABS_LONG
0F,0,1,1,LEGAL,,ORA,ABS_LONG,4,5,0,5,5,NONE,4,0,1,0,0,0,0,0,NONE,NONE,SEM_LOGIC,ADDR_ABS_LONG
0F,1,0,0,REJECTED,E=1 requires architectural M=1 and X=1,ORA,ABS_LONG,,5,,,,,,,,,,,,,,,,
0F,1,0,1,REJECTED,E=1 requires architectural M=1 and X=1,ORA,ABS_LONG,,5,,,,,,,,,,,,,,,,
0F,1,1,0,REJECTED,E=1 requires architectural M=1 and X=1,ORA,ABS_LONG,,5,,,,,,,,,,,,,,,,
0F,1,1,1,LEGAL,,ORA,ABS_LONG,4,5,0,5,5,NONE,4,0,1,0,0,0,0,0,NONE,NONE,SEM_LOGIC,ADDR_ABS_LONG
10,0,0,0,LEGAL,,BPL,REL8,2,2,0,2,3,BRANCH_TAKEN:+1,2,0,0,0,0,0,0,0,NONE,NONE,SEM_BRANCH,ADDR_REL8
10,0,0,1,LEGAL,,BPL,REL8,2,2,0,2,3,BRANCH_TAKEN:+1,2,0,0,0,0,0,0,0,NONE,NONE,SEM_BRANCH,ADDR_REL8
10,0,1,0,LEGAL,,BPL,REL8,2,2,0,2,3,BRANCH_TAKEN:+1,2,0,0,0,0,0,0,0,NONE,NONE,SEM_BRANCH,ADDR_REL8
10,0,1,1,LEGAL,,BPL,REL8,2,2,0,2,3,BRANCH_TAKEN:+1,2,0,0,0,0,0,0,0,NONE,NONE,SEM_BRANCH,ADDR_REL8
10,1,0,0,REJECTED,E=1 requires architectural M=1 and X=1,BPL,REL8,,2,,,,,,,,,,,,,,,,
10,1,0,1,REJECTED,E=1 requires architectural M=1 and X=1,BPL,REL8,,2,,,,,,,,,,,,,,,,
10,1,1,0,REJECTED,E=1 requires architectural M=1 and X=1,BPL,REL8,,2,,,,,,,,,,,,,,,,
10,1,1,1,LEGAL,,BPL,REL8,2,2,0,2,4,BRANCH_TAKEN:+1;BRANCH_PAGE_CROSS_EMULATION:+1,2,0,0,0,0,0,0,0,NONE,NONE,SEM_BRANCH,ADDR_REL8
11,0,0,0,LEGAL,,ORA,DP_IND_Y,2,5,2,7,8,DIRECT_LOW_NONZERO:+1,2,2,2,0,0,0,0,0,NONE,NONE,SEM_LOGIC,ADDR_DP_IND_Y
11,0,0,1,LEGAL,,ORA,DP_IND_Y,2,5,1,6,8,DIRECT_LOW_NONZERO:+1;INDEX_PAGE_CROSS:+1,2,2,2,0,0,0,0,0,NONE,NONE,SEM_LOGIC,ADDR_DP_IND_Y
11,0,1,0,LEGAL,,ORA,DP_IND_Y,2,5,1,6,7,DIRECT_LOW_NONZERO:+1,2,2,1,0,0,0,0,0,NONE,NONE,SEM_LOGIC,ADDR_DP_IND_Y
11,0,1,1,LEGAL,,ORA,DP_IND_Y,2,5,0,5,7,DIRECT_LOW_NONZERO:+1;INDEX_PAGE_CROSS:+1,2,2,1,0,0,0,0,0,NONE,NONE,SEM_LOGIC,ADDR_DP_IND_Y
11,1,0,0,REJECTED,E=1 requires architectural M=1 and X=1,ORA,DP_IND_Y,,5,,,,,,,,,,,,,,,,
11,1,0,1,REJECTED,E=1 requires architectural M=1 and X=1,ORA,DP_IND_Y,,5,,,,,,,,,,,,,,,,
11,1,1,0,REJECTED,E=1 requires architectural M=1 and X=1,ORA,DP_IND_Y,,5,,,,,,,,,,,,,,,,
11,1,1,1,LEGAL,,ORA,DP_IND_Y,2,5,0,5,7,DIRECT_LOW_NONZERO:+1;INDEX_PAGE_CROSS:+1,2,2,1,0,0,0,0,0,NONE,NONE,SEM_LOGIC,ADDR_DP_IND_Y
12,0,0,0,LEGAL,,ORA,DP_IND,2,5,1,6,7,DIRECT_LOW_NONZERO:+1,2,2,2,0,0,0,0,0,NONE,NONE,SEM_LOGIC,ADDR_DP_IND
12,0,0,1,LEGAL,,ORA,DP_IND,2,5,1,6,7,DIRECT_LOW_NONZERO:+1,2,2,2,0,0,0,0,0,NONE,NONE,SEM_LOGIC,ADDR_DP_IND
12,0,1,0,LEGAL,,ORA,DP_IND,2,5,0,5,6,DIRECT_LOW_NONZERO:+1,2,2,1,0,0,0,0,0,NONE,NONE,SEM_LOGIC,ADDR_DP_IND
12,0,1,1,LEGAL,,ORA,DP_IND,2,5,0,5,6,DIRECT_LOW_NONZERO:+1,2,2,1,0,0,0,0,0,NONE,NONE,SEM_LOGIC,ADDR_DP_IND
12,1,0,0,REJECTED,E=1 requires architectural M=1 and X=1,ORA,DP_IND,,5,,,,,,,,,,,,,,,,
12,1,0,1,REJECTED,E=1 requires architectural M=1 and X=1,ORA,DP_IND,,5,,,,,,,,,,,,,,,,
12,1,1,0,REJECTED,E=1 requires architectural M=1 and X=1,ORA,DP_IND,,5,,,,,,,,,,,,,,,,
12,1,1,1,LEGAL,,ORA,DP_IND,2,5,0,5,6,DIRECT_LOW_NONZERO:+1,2,2,1,0,0,0,0,0,NONE,NONE,SEM_LOGIC,ADDR_DP_IND
13,0,0,0,LEGAL,,ORA,STACK_REL_IND_Y,2,7,1,8,8,NONE,2,2,2,0,0,0,0,0,NONE,NONE,SEM_LOGIC,ADDR_STACK_REL_IND_Y
13,0,0,1,LEGAL,,ORA,STACK_REL_IND_Y,2,7,1,8,8,NONE,2,2,2,0,0,0,0,0,NONE,NONE,SEM_LOGIC,ADDR_STACK_REL_IND_Y
13,0,1,0,LEGAL,,ORA,STACK_REL_IND_Y,2,7,0,7,7,NONE,2,2,1,0,0,0,0,0,NONE,NONE,SEM_LOGIC,ADDR_STACK_REL_IND_Y
13,0,1,1,LEGAL,,ORA,STACK_REL_IND_Y,2,7,0,7,7,NONE,2,2,1,0,0,0,0,0,NONE,NONE,SEM_LOGIC,ADDR_STACK_REL_IND_Y
13,1,0,0,REJECTED,E=1 requires architectural M=1 and X=1,ORA,STACK_REL_IND_Y,,7,,,,,,,,,,,,,,,,
13,1,0,1,REJECTED,E=1 requires architectural M=1 and X=1,ORA,STACK_REL_IND_Y,,7,,,,,,,,,,,,,,,,
13,1,1,0,REJECTED,E=1 requires architectural M=1 and X=1,ORA,STACK_REL_IND_Y,,7,,,,,,,,,,,,,,,,
13,1,1,1,LEGAL,,ORA,STACK_REL_IND_Y,2,7,0,7,7,NONE,2,2,1,0,0,0,0,0,NONE,NONE,SEM_LOGIC,ADDR_STACK_REL_IND_Y
14,0,0,0,LEGAL,,TRB,DP,2,5,2,7,8,DIRECT_LOW_NONZERO:+1,2,0,2,2,0,0,0,0,HIGH_THEN_LOW,NONE,SEM_BIT_TEST_MODIFY,ADDR_DP
14,0,0,1,LEGAL,,TRB,DP,2,5,2,7,8,DIRECT_LOW_NONZERO:+1,2,0,2,2,0,0,0,0,HIGH_THEN_LOW,NONE,SEM_BIT_TEST_MODIFY,ADDR_DP
14,0,1,0,LEGAL,,TRB,DP,2,5,0,5,6,DIRECT_LOW_NONZERO:+1,2,0,1,1,0,0,0,0,LOW_FINAL,NONE,SEM_BIT_TEST_MODIFY,ADDR_DP
14,0,1,1,LEGAL,,TRB,DP,2,5,0,5,6,DIRECT_LOW_NONZERO:+1,2,0,1,1,0,0,0,0,LOW_FINAL,NONE,SEM_BIT_TEST_MODIFY,ADDR_DP
14,1,0,0,REJECTED,E=1 requires architectural M=1 and X=1,TRB,DP,,5,,,,,,,,,,,,,,,,
14,1,0,1,REJECTED,E=1 requires architectural M=1 and X=1,TRB,DP,,5,,,,,,,,,,,,,,,,
14,1,1,0,REJECTED,E=1 requires architectural M=1 and X=1,TRB,DP,,5,,,,,,,,,,,,,,,,
14,1,1,1,LEGAL,,TRB,DP,2,5,0,5,6,DIRECT_LOW_NONZERO:+1,2,0,1,1,1,0,0,0,LOW_FINAL,NONE,SEM_BIT_TEST_MODIFY,ADDR_DP
15,0,0,0,LEGAL,,ORA,DP_X,2,4,1,5,6,DIRECT_LOW_NONZERO:+1,2,0,2,0,0,0,0,0,NONE,NONE,SEM_LOGIC,ADDR_DP_X
15,0,0,1,LEGAL,,ORA,DP_X,2,4,1,5,6,DIRECT_LOW_NONZERO:+1,2,0,2,0,0,0,0,0,NONE,NONE,SEM_LOGIC,ADDR_DP_X
15,0,1,0,LEGAL,,ORA,DP_X,2,4,0,4,5,DIRECT_LOW_NONZERO:+1,2,0,1,0,0,0,0,0,NONE,NONE,SEM_LOGIC,ADDR_DP_X
15,0,1,1,LEGAL,,ORA,DP_X,2,4,0,4,5,DIRECT_LOW_NONZERO:+1,2,0,1,0,0,0,0,0,NONE,NONE,SEM_LOGIC,ADDR_DP_X
15,1,0,0,REJECTED,E=1 requires architectural M=1 and X=1,ORA,DP_X,,4,,,,,,,,,,,,,,,,
15,1,0,1,REJECTED,E=1 requires architectural M=1 and X=1,ORA,DP_X,,4,,,,,,,,,,,,,,,,
15,1,1,0,REJECTED,E=1 requires architectural M=1 and X=1,ORA,DP_X,,4,,,,,,,,,,,,,,,,
15,1,1,1,LEGAL,,ORA,DP_X,2,4,0,4,5,DIRECT_LOW_NONZERO:+1,2,0,1,0,0,0,0,0,NONE,NONE,SEM_LOGIC,ADDR_DP_X
16,0,0,0,LEGAL,,ASL,DP_X,2,6,2,8,9,DIRECT_LOW_NONZERO:+1,2,0,2,2,0,0,0,0,HIGH_THEN_LOW,NONE,SEM_SHIFT_ROTATE,ADDR_DP_X
16,0,0,1,LEGAL,,ASL,DP_X,2,6,2,8,9,DIRECT_LOW_NONZERO:+1,2,0,2,2,0,0,0,0,HIGH_THEN_LOW,NONE,SEM_SHIFT_ROTATE,ADDR_DP_X
16,0,1,0,LEGAL,,ASL,DP_X,2,6,0,6,7,DIRECT_LOW_NONZERO:+1,2,0,1,1,0,0,0,0,LOW_FINAL,NONE,SEM_SHIFT_ROTATE,ADDR_DP_X
16,0,1,1,LEGAL,,ASL,DP_X,2,6,0,6,7,DIRECT_LOW_NONZERO:+1,2,0,1,1,0,0,0,0,LOW_FINAL,NONE,SEM_SHIFT_ROTATE,ADDR_DP_X
16,1,0,0,REJECTED,E=1 requires architectural M=1 and X=1,ASL,DP_X,,6,,,,,,,,,,,,,,,,
16,1,0,1,REJECTED,E=1 requires architectural M=1 and X=1,ASL,DP_X,,6,,,,,,,,,,,,,,,,
16,1,1,0,REJECTED,E=1 requires architectural M=1 and X=1,ASL,DP_X,,6,,,,,,,,,,,,,,,,
16,1,1,1,LEGAL,,ASL,DP_X,2,6,0,6,7,DIRECT_LOW_NONZERO:+1,2,0,1,1,1,0,0,0,LOW_FINAL,NONE,SEM_SHIFT_ROTATE,ADDR_DP_X
17,0,0,0,LEGAL,,ORA,DP_IND_LONG_Y,2,6,1,7,8,DIRECT_LOW_NONZERO:+1,2,3,2,0,0,0,0,0,NONE,NONE,SEM_LOGIC,ADDR_DP_IND_LONG_Y
17,0,0,1,LEGAL,,ORA,DP_IND_LONG_Y,2,6,1,7,8,DIRECT_LOW_NONZERO:+1,2,3,2,0,0,0,0,0,NONE,NONE,SEM_LOGIC,ADDR_DP_IND_LONG_Y
17,0,1,0,LEGAL,,ORA,DP_IND_LONG_Y,2,6,0,6,7,DIRECT_LOW_NONZERO:+1,2,3,1,0,0,0,0,0,NONE,NONE,SEM_LOGIC,ADDR_DP_IND_LONG_Y
17,0,1,1,LEGAL,,ORA,DP_IND_LONG_Y,2,6,0,6,7,DIRECT_LOW_NONZERO:+1,2,3,1,0,0,0,0,0,NONE,NONE,SEM_LOGIC,ADDR_DP_IND_LONG_Y
17,1,0,0,REJECTED,E=1 requires architectural M=1 and X=1,ORA,DP_IND_LONG_Y,,6,,,,,,,,,,,,,,,,
17,1,0,1,REJECTED,E=1 requires architectural M=1 and X=1,ORA,DP_IND_LONG_Y,,6,,,,,,,,,,,,,,,,
17,1,1,0,REJECTED,E=1 requires architectural M=1 and X=1,ORA,DP_IND_LONG_Y,,6,,,,,,,,,,,,,,,,
17,1,1,1,LEGAL,,ORA,DP_IND_LONG_Y,2,6,0,6,7,DIRECT_LOW_NONZERO:+1,2,3,1,0,0,0,0,0,NONE,NONE,SEM_LOGIC,ADDR_DP_IND_LONG_Y
18,0,0,0,LEGAL,,CLC,IMP,1,2,0,2,2,NONE,1,0,0,0,0,0,0,0,NONE,NONE,SEM_FLAGS,ADDR_IMP
18,0,0,1,LEGAL,,CLC,IMP,1,2,0,2,2,NONE,1,0,0,0,0,0,0,0,NONE,NONE,SEM_FLAGS,ADDR_IMP
18,0,1,0,LEGAL,,CLC,IMP,1,2,0,2,2,NONE,1,0,0,0,0,0,0,0,NONE,NONE,SEM_FLAGS,ADDR_IMP
18,0,1,1,LEGAL,,CLC,IMP,1,2,0,2,2,NONE,1,0,0,0,0,0,0,0,NONE,NONE,SEM_FLAGS,ADDR_IMP
18,1,0,0,REJECTED,E=1 requires architectural M=1 and X=1,CLC,IMP,,2,,,,,,,,,,,,,,,,
18,1,0,1,REJECTED,E=1 requires architectural M=1 and X=1,CLC,IMP,,2,,,,,,,,,,,,,,,,
18,1,1,0,REJECTED,E=1 requires architectural M=1 and X=1,CLC,IMP,,2,,,,,,,,,,,,,,,,
18,1,1,1,LEGAL,,CLC,IMP,1,2,0,2,2,NONE,1,0,0,0,0,0,0,0,NONE,NONE,SEM_FLAGS,ADDR_IMP
19,0,0,0,LEGAL,,ORA,ABS_Y,3,4,2,6,6,NONE,3,0,2,0,0,0,0,0,NONE,NONE,SEM_LOGIC,ADDR_ABS_Y
19,0,0,1,LEGAL,,ORA,ABS_Y,3,4,1,5,6,INDEX_PAGE_CROSS:+1,3,0,2,0,0,0,0,0,NONE,NONE,SEM_LOGIC,ADDR_ABS_Y
19,0,1,0,LEGAL,,ORA,ABS_Y,3,4,1,5,5,NONE,3,0,1,0,0,0,0,0,NONE,NONE,SEM_LOGIC,ADDR_ABS_Y
19,0,1,1,LEGAL,,ORA,ABS_Y,3,4,0,4,5,INDEX_PAGE_CROSS:+1,3,0,1,0,0,0,0,0,NONE,NONE,SEM_LOGIC,ADDR_ABS_Y
19,1,0,0,REJECTED,E=1 requires architectural M=1 and X=1,ORA,ABS_Y,,4,,,,,,,,,,,,,,,,
19,1,0,1,REJECTED,E=1 requires architectural M=1 and X=1,ORA,ABS_Y,,4,,,,,,,,,,,,,,,,
19,1,1,0,REJECTED,E=1 requires architectural M=1 and X=1,ORA,ABS_Y,,4,,,,,,,,,,,,,,,,
19,1,1,1,LEGAL,,ORA,ABS_Y,3,4,0,4,5,INDEX_PAGE_CROSS:+1,3,0,1,0,0,0,0,0,NONE,NONE,SEM_LOGIC,ADDR_ABS_Y
1A,0,0,0,LEGAL,,INC,ACC,1,2,0,2,2,NONE,1,0,0,0,0,0,0,0,NONE,NONE,SEM_INC_DEC,ADDR_ACC
1A,0,0,1,LEGAL,,INC,ACC,1,2,0,2,2,NONE,1,0,0,0,0,0,0,0,NONE,NONE,SEM_INC_DEC,ADDR_ACC
1A,0,1,0,LEGAL,,INC,ACC,1,2,0,2,2,NONE,1,0,0,0,0,0,0,0,NONE,NONE,SEM_INC_DEC,ADDR_ACC
1A,0,1,1,LEGAL,,INC,ACC,1,2,0,2,2,NONE,1,0,0,0,0,0,0,0,NONE,NONE,SEM_INC_DEC,ADDR_ACC
1A,1,0,0,REJECTED,E=1 requires architectural M=1 and X=1,INC,ACC,,2,,,,,,,,,,,,,,,,
1A,1,0,1,REJECTED,E=1 requires architectural M=1 and X=1,INC,ACC,,2,,,,,,,,,,,,,,,,
1A,1,1,0,REJECTED,E=1 requires architectural M=1 and X=1,INC,ACC,,2,,,,,,,,,,,,,,,,
1A,1,1,1,LEGAL,,INC,ACC,1,2,0,2,2,NONE,1,0,0,0,0,0,0,0,NONE,NONE,SEM_INC_DEC,ADDR_ACC
1B,0,0,0,LEGAL,,TCS,IMP,1,2,0,2,2,NONE,1,0,0,0,0,0,0,0,NONE,NONE,SEM_TRANSFER,ADDR_IMP
1B,0,0,1,LEGAL,,TCS,IMP,1,2,0,2,2,NONE,1,0,0,0,0,0,0,0,NONE,NONE,SEM_TRANSFER,ADDR_IMP
1B,0,1,0,LEGAL,,TCS,IMP,1,2,0,2,2,NONE,1,0,0,0,0,0,0,0,NONE,NONE,SEM_TRANSFER,ADDR_IMP
1B,0,1,1,LEGAL,,TCS,IMP,1,2,0,2,2,NONE,1,0,0,0,0,0,0,0,NONE,NONE,SEM_TRANSFER,ADDR_IMP
1B,1,0,0,REJECTED,E=1 requires architectural M=1 and X=1,TCS,IMP,,2,,,,,,,,,,,,,,,,
1B,1,0,1,REJECTED,E=1 requires architectural M=1 and X=1,TCS,IMP,,2,,,,,,,,,,,,,,,,
1B,1,1,0,REJECTED,E=1 requires architectural M=1 and X=1,TCS,IMP,,2,,,,,,,,,,,,,,,,
1B,1,1,1,LEGAL,,TCS,IMP,1,2,0,2,2,NONE,1,0,0,0,0,0,0,0,NONE,NONE,SEM_TRANSFER,ADDR_IMP
1C,0,0,0,LEGAL,,TRB,ABS,3,6,2,8,8,NONE,3,0,2,2,0,0,0,0,HIGH_THEN_LOW,NONE,SEM_BIT_TEST_MODIFY,ADDR_ABS
1C,0,0,1,LEGAL,,TRB,ABS,3,6,2,8,8,NONE,3,0,2,2,0,0,0,0,HIGH_THEN_LOW,NONE,SEM_BIT_TEST_MODIFY,ADDR_ABS
1C,0,1,0,LEGAL,,TRB,ABS,3,6,0,6,6,NONE,3,0,1,1,0,0,0,0,LOW_FINAL,NONE,SEM_BIT_TEST_MODIFY,ADDR_ABS
1C,0,1,1,LEGAL,,TRB,ABS,3,6,0,6,6,NONE,3,0,1,1,0,0,0,0,LOW_FINAL,NONE,SEM_BIT_TEST_MODIFY,ADDR_ABS
1C,1,0,0,REJECTED,E=1 requires architectural M=1 and X=1,TRB,ABS,,6,,,,,,,,,,,,,,,,
1C,1,0,1,REJECTED,E=1 requires architectural M=1 and X=1,TRB,ABS,,6,,,,,,,,,,,,,,,,
1C,1,1,0,REJECTED,E=1 requires architectural M=1 and X=1,TRB,ABS,,6,,,,,,,,,,,,,,,,
1C,1,1,1,LEGAL,,TRB,ABS,3,6,0,6,6,NONE,3,0,1,1,1,0,0,0,LOW_FINAL,NONE,SEM_BIT_TEST_MODIFY,ADDR_ABS
1D,0,0,0,LEGAL,,ORA,ABS_X,3,4,2,6,6,NONE,3,0,2,0,0,0,0,0,NONE,NONE,SEM_LOGIC,ADDR_ABS_X
1D,0,0,1,LEGAL,,ORA,ABS_X,3,4,1,5,6,INDEX_PAGE_CROSS:+1,3,0,2,0,0,0,0,0,NONE,NONE,SEM_LOGIC,ADDR_ABS_X
1D,0,1,0,LEGAL,,ORA,ABS_X,3,4,1,5,5,NONE,3,0,1,0,0,0,0,0,NONE,NONE,SEM_LOGIC,ADDR_ABS_X
1D,0,1,1,LEGAL,,ORA,ABS_X,3,4,0,4,5,INDEX_PAGE_CROSS:+1,3,0,1,0,0,0,0,0,NONE,NONE,SEM_LOGIC,ADDR_ABS_X
1D,1,0,0,REJECTED,E=1 requires architectural M=1 and X=1,ORA,ABS_X,,4,,,,,,,,,,,,,,,,
1D,1,0,1,REJECTED,E=1 requires architectural M=1 and X=1,ORA,ABS_X,,4,,,,,,,,,,,,,,,,
1D,1,1,0,REJECTED,E=1 requires architectural M=1 and X=1,ORA,ABS_X,,4,,,,,,,,,,,,,,,,
1D,1,1,1,LEGAL,,ORA,ABS_X,3,4,0,4,5,INDEX_PAGE_CROSS:+1,3,0,1,0,0,0,0,0,NONE,NONE,SEM_LOGIC,ADDR_ABS_X
1E,0,0,0,LEGAL,,ASL,ABS_X,3,7,2,9,9,NONE,3,0,2,2,0,0,0,0,HIGH_THEN_LOW,NONE,SEM_SHIFT_ROTATE,ADDR_ABS_X
1E,0,0,1,LEGAL,,ASL,ABS_X,3,7,2,9,9,NONE,3,0,2,2,0,0,0,0,HIGH_THEN_LOW,NONE,SEM_SHIFT_ROTATE,ADDR_ABS_X
1E,0,1,0,LEGAL,,ASL,ABS_X,3,7,0,7,7,NONE,3,0,1,1,0,0,0,0,LOW_FINAL,NONE,SEM_SHIFT_ROTATE,ADDR_ABS_X
1E,0,1,1,LEGAL,,ASL,ABS_X,3,7,0,7,7,NONE,3,0,1,1,0,0,0,0,LOW_FINAL,NONE,SEM_SHIFT_ROTATE,ADDR_ABS_X
1E,1,0,0,REJECTED,E=1 requires architectural M=1 and X=1,ASL,ABS_X,,7,,,,,,,,,,,,,,,,
1E,1,0,1,REJECTED,E=1 requires architectural M=1 and X=1,ASL,ABS_X,,7,,,,,,,,,,,,,,,,
1E,1,1,0,REJECTED,E=1 requires architectural M=1 and X=1,ASL,ABS_X,,7,,,,,,,,,,,,,,,,
1E,1,1,1,LEGAL,,ASL,ABS_X,3,7,0,7,7,NONE,3,0,1,1,1,0,0,0,LOW_FINAL,NONE,SEM_SHIFT_ROTATE,ADDR_ABS_X
1F,0,0,0,LEGAL,,ORA,ABS_LONG_X,4,5,1,6,6,NONE,4,0,2,0,0,0,0,0,NONE,NONE,SEM_LOGIC,ADDR_ABS_LONG_X
1F,0,0,1,LEGAL,,ORA,ABS_LONG_X,4,5,1,6,6,NONE,4,0,2,0,0,0,0,0,NONE,NONE,SEM_LOGIC,ADDR_ABS_LONG_X
1F,0,1,0,LEGAL,,ORA,ABS_LONG_X,4,5,0,5,5,NONE,4,0,1,0,0,0,0,0,NONE,NONE,SEM_LOGIC,ADDR_ABS_LONG_X
1F,0,1,1,LEGAL,,ORA,ABS_LONG_X,4,5,0,5,5,NONE,4,0,1,0,0,0,0,0,NONE,NONE,SEM_LOGIC,ADDR_ABS_LONG_X
1F,1,0,0,REJECTED,E=1 requires architectural M=1 and X=1,ORA,ABS_LONG_X,,5,,,,,,,,,,,,,,,,
1F,1,0,1,REJECTED,E=1 requires architectural M=1 and X=1,ORA,ABS_LONG_X,,5,,,,,,,,,,,,,,,,
1F,1,1,0,REJECTED,E=1 requires architectural M=1 and X=1,ORA,ABS_LONG_X,,5,,,,,,,,,,,,,,,,
1F,1,1,1,LEGAL,,ORA,ABS_LONG_X,4,5,0,5,5,NONE,4,0,1,0,0,0,0,0,NONE,NONE,SEM_LOGIC,ADDR_ABS_LONG_X
20,0,0,0,LEGAL,,JSR,ABS_JUMP,3,6,0,6,6,NONE,3,0,0,0,0,0,2,0,NONE,NONE,SEM_CONTROL_INTERRUPT,ADDR_ABS_JUMP
20,0,0,1,LEGAL,,JSR,ABS_JUMP,3,6,0,6,6,NONE,3,0,0,0,0,0,2,0,NONE,NONE,SEM_CONTROL_INTERRUPT,ADDR_ABS_JUMP
20,0,1,0,LEGAL,,JSR,ABS_JUMP,3,6,0,6,6,NONE,3,0,0,0,0,0,2,0,NONE,NONE,SEM_CONTROL_INTERRUPT,ADDR_ABS_JUMP
20,0,1,1,LEGAL,,JSR,ABS_JUMP,3,6,0,6,6,NONE,3,0,0,0,0,0,2,0,NONE,NONE,SEM_CONTROL_INTERRUPT,ADDR_ABS_JUMP
20,1,0,0,REJECTED,E=1 requires architectural M=1 and X=1,JSR,ABS_JUMP,,6,,,,,,,,,,,,,,,,
20,1,0,1,REJECTED,E=1 requires architectural M=1 and X=1,JSR,ABS_JUMP,,6,,,,,,,,,,,,,,,,
20,1,1,0,REJECTED,E=1 requires architectural M=1 and X=1,JSR,ABS_JUMP,,6,,,,,,,,,,,,,,,,
20,1,1,1,LEGAL,,JSR,ABS_JUMP,3,6,0,6,6,NONE,3,0,0,0,0,0,2,0,NONE,NONE,SEM_CONTROL_INTERRUPT,ADDR_ABS_JUMP
21,0,0,0,LEGAL,,AND,DP_X_IND,2,6,1,7,8,DIRECT_LOW_NONZERO:+1,2,2,2,0,0,0,0,0,NONE,NONE,SEM_LOGIC,ADDR_DP_X_IND
21,0,0,1,LEGAL,,AND,DP_X_IND,2,6,1,7,8,DIRECT_LOW_NONZERO:+1,2,2,2,0,0,0,0,0,NONE,NONE,SEM_LOGIC,ADDR_DP_X_IND
21,0,1,0,LEGAL,,AND,DP_X_IND,2,6,0,6,7,DIRECT_LOW_NONZERO:+1,2,2,1,0,0,0,0,0,NONE,NONE,SEM_LOGIC,ADDR_DP_X_IND
21,0,1,1,LEGAL,,AND,DP_X_IND,2,6,0,6,7,DIRECT_LOW_NONZERO:+1,2,2,1,0,0,0,0,0,NONE,NONE,SEM_LOGIC,ADDR_DP_X_IND
21,1,0,0,REJECTED,E=1 requires architectural M=1 and X=1,AND,DP_X_IND,,6,,,,,,,,,,,,,,,,
21,1,0,1,REJECTED,E=1 requires architectural M=1 and X=1,AND,DP_X_IND,,6,,,,,,,,,,,,,,,,
21,1,1,0,REJECTED,E=1 requires architectural M=1 and X=1,AND,DP_X_IND,,6,,,,,,,,,,,,,,,,
21,1,1,1,LEGAL,,AND,DP_X_IND,2,6,0,6,7,DIRECT_LOW_NONZERO:+1,2,2,1,0,0,0,0,0,NONE,NONE,SEM_LOGIC,ADDR_DP_X_IND
22,0,0,0,LEGAL,,JSL,ABSL_JUMP,4,8,0,8,8,NONE,4,0,0,0,0,0,3,0,NONE,NONE,SEM_CONTROL_INTERRUPT,ADDR_ABSL_JUMP
22,0,0,1,LEGAL,,JSL,ABSL_JUMP,4,8,0,8,8,NONE,4,0,0,0,0,0,3,0,NONE,NONE,SEM_CONTROL_INTERRUPT,ADDR_ABSL_JUMP
22,0,1,0,LEGAL,,JSL,ABSL_JUMP,4,8,0,8,8,NONE,4,0,0,0,0,0,3,0,NONE,NONE,SEM_CONTROL_INTERRUPT,ADDR_ABSL_JUMP
22,0,1,1,LEGAL,,JSL,ABSL_JUMP,4,8,0,8,8,NONE,4,0,0,0,0,0,3,0,NONE,NONE,SEM_CONTROL_INTERRUPT,ADDR_ABSL_JUMP
22,1,0,0,REJECTED,E=1 requires architectural M=1 and X=1,JSL,ABSL_JUMP,,8,,,,,,,,,,,,,,,,
22,1,0,1,REJECTED,E=1 requires architectural M=1 and X=1,JSL,ABSL_JUMP,,8,,,,,,,,,,,,,,,,
22,1,1,0,REJECTED,E=1 requires architectural M=1 and X=1,JSL,ABSL_JUMP,,8,,,,,,,,,,,,,,,,
22,1,1,1,LEGAL,,JSL,ABSL_JUMP,4,8,0,8,8,NONE,4,0,0,0,0,0,3,0,NONE,NONE,SEM_CONTROL_INTERRUPT,ADDR_ABSL_JUMP
23,0,0,0,LEGAL,,AND,STACK_REL,2,4,1,5,5,NONE,2,0,2,0,0,0,0,0,NONE,NONE,SEM_LOGIC,ADDR_STACK_REL
23,0,0,1,LEGAL,,AND,STACK_REL,2,4,1,5,5,NONE,2,0,2,0,0,0,0,0,NONE,NONE,SEM_LOGIC,ADDR_STACK_REL
23,0,1,0,LEGAL,,AND,STACK_REL,2,4,0,4,4,NONE,2,0,1,0,0,0,0,0,NONE,NONE,SEM_LOGIC,ADDR_STACK_REL
23,0,1,1,LEGAL,,AND,STACK_REL,2,4,0,4,4,NONE,2,0,1,0,0,0,0,0,NONE,NONE,SEM_LOGIC,ADDR_STACK_REL
23,1,0,0,REJECTED,E=1 requires architectural M=1 and X=1,AND,STACK_REL,,4,,,,,,,,,,,,,,,,
23,1,0,1,REJECTED,E=1 requires architectural M=1 and X=1,AND,STACK_REL,,4,,,,,,,,,,,,,,,,
23,1,1,0,REJECTED,E=1 requires architectural M=1 and X=1,AND,STACK_REL,,4,,,,,,,,,,,,,,,,
23,1,1,1,LEGAL,,AND,STACK_REL,2,4,0,4,4,NONE,2,0,1,0,0,0,0,0,NONE,NONE,SEM_LOGIC,ADDR_STACK_REL
24,0,0,0,LEGAL,,BIT,DP,2,3,1,4,5,DIRECT_LOW_NONZERO:+1,2,0,2,0,0,0,0,0,NONE,NONE,SEM_BIT_TEST_MODIFY,ADDR_DP
24,0,0,1,LEGAL,,BIT,DP,2,3,1,4,5,DIRECT_LOW_NONZERO:+1,2,0,2,0,0,0,0,0,NONE,NONE,SEM_BIT_TEST_MODIFY,ADDR_DP
24,0,1,0,LEGAL,,BIT,DP,2,3,0,3,4,DIRECT_LOW_NONZERO:+1,2,0,1,0,0,0,0,0,NONE,NONE,SEM_BIT_TEST_MODIFY,ADDR_DP
24,0,1,1,LEGAL,,BIT,DP,2,3,0,3,4,DIRECT_LOW_NONZERO:+1,2,0,1,0,0,0,0,0,NONE,NONE,SEM_BIT_TEST_MODIFY,ADDR_DP
24,1,0,0,REJECTED,E=1 requires architectural M=1 and X=1,BIT,DP,,3,,,,,,,,,,,,,,,,
24,1,0,1,REJECTED,E=1 requires architectural M=1 and X=1,BIT,DP,,3,,,,,,,,,,,,,,,,
24,1,1,0,REJECTED,E=1 requires architectural M=1 and X=1,BIT,DP,,3,,,,,,,,,,,,,,,,
24,1,1,1,LEGAL,,BIT,DP,2,3,0,3,4,DIRECT_LOW_NONZERO:+1,2,0,1,0,0,0,0,0,NONE,NONE,SEM_BIT_TEST_MODIFY,ADDR_DP
25,0,0,0,LEGAL,,AND,DP,2,3,1,4,5,DIRECT_LOW_NONZERO:+1,2,0,2,0,0,0,0,0,NONE,NONE,SEM_LOGIC,ADDR_DP
25,0,0,1,LEGAL,,AND,DP,2,3,1,4,5,DIRECT_LOW_NONZERO:+1,2,0,2,0,0,0,0,0,NONE,NONE,SEM_LOGIC,ADDR_DP
25,0,1,0,LEGAL,,AND,DP,2,3,0,3,4,DIRECT_LOW_NONZERO:+1,2,0,1,0,0,0,0,0,NONE,NONE,SEM_LOGIC,ADDR_DP
25,0,1,1,LEGAL,,AND,DP,2,3,0,3,4,DIRECT_LOW_NONZERO:+1,2,0,1,0,0,0,0,0,NONE,NONE,SEM_LOGIC,ADDR_DP
25,1,0,0,REJECTED,E=1 requires architectural M=1 and X=1,AND,DP,,3,,,,,,,,,,,,,,,,
25,1,0,1,REJECTED,E=1 requires architectural M=1 and X=1,AND,DP,,3,,,,,,,,,,,,,,,,
25,1,1,0,REJECTED,E=1 requires architectural M=1 and X=1,AND,DP,,3,,,,,,,,,,,,,,,,
25,1,1,1,LEGAL,,AND,DP,2,3,0,3,4,DIRECT_LOW_NONZERO:+1,2,0,1,0,0,0,0,0,NONE,NONE,SEM_LOGIC,ADDR_DP
26,0,0,0,LEGAL,,ROL,DP,2,5,2,7,8,DIRECT_LOW_NONZERO:+1,2,0,2,2,0,0,0,0,HIGH_THEN_LOW,NONE,SEM_SHIFT_ROTATE,ADDR_DP
26,0,0,1,LEGAL,,ROL,DP,2,5,2,7,8,DIRECT_LOW_NONZERO:+1,2,0,2,2,0,0,0,0,HIGH_THEN_LOW,NONE,SEM_SHIFT_ROTATE,ADDR_DP
26,0,1,0,LEGAL,,ROL,DP,2,5,0,5,6,DIRECT_LOW_NONZERO:+1,2,0,1,1,0,0,0,0,LOW_FINAL,NONE,SEM_SHIFT_ROTATE,ADDR_DP
26,0,1,1,LEGAL,,ROL,DP,2,5,0,5,6,DIRECT_LOW_NONZERO:+1,2,0,1,1,0,0,0,0,LOW_FINAL,NONE,SEM_SHIFT_ROTATE,ADDR_DP
26,1,0,0,REJECTED,E=1 requires architectural M=1 and X=1,ROL,DP,,5,,,,,,,,,,,,,,,,
26,1,0,1,REJECTED,E=1 requires architectural M=1 and X=1,ROL,DP,,5,,,,,,,,,,,,,,,,
26,1,1,0,REJECTED,E=1 requires architectural M=1 and X=1,ROL,DP,,5,,,,,,,,,,,,,,,,
26,1,1,1,LEGAL,,ROL,DP,2,5,0,5,6,DIRECT_LOW_NONZERO:+1,2,0,1,1,1,0,0,0,LOW_FINAL,NONE,SEM_SHIFT_ROTATE,ADDR_DP
27,0,0,0,LEGAL,,AND,DP_IND_LONG,2,6,1,7,8,DIRECT_LOW_NONZERO:+1,2,3,2,0,0,0,0,0,NONE,NONE,SEM_LOGIC,ADDR_DP_IND_LONG
27,0,0,1,LEGAL,,AND,DP_IND_LONG,2,6,1,7,8,DIRECT_LOW_NONZERO:+1,2,3,2,0,0,0,0,0,NONE,NONE,SEM_LOGIC,ADDR_DP_IND_LONG
27,0,1,0,LEGAL,,AND,DP_IND_LONG,2,6,0,6,7,DIRECT_LOW_NONZERO:+1,2,3,1,0,0,0,0,0,NONE,NONE,SEM_LOGIC,ADDR_DP_IND_LONG
27,0,1,1,LEGAL,,AND,DP_IND_LONG,2,6,0,6,7,DIRECT_LOW_NONZERO:+1,2,3,1,0,0,0,0,0,NONE,NONE,SEM_LOGIC,ADDR_DP_IND_LONG
27,1,0,0,REJECTED,E=1 requires architectural M=1 and X=1,AND,DP_IND_LONG,,6,,,,,,,,,,,,,,,,
27,1,0,1,REJECTED,E=1 requires architectural M=1 and X=1,AND,DP_IND_LONG,,6,,,,,,,,,,,,,,,,
27,1,1,0,REJECTED,E=1 requires architectural M=1 and X=1,AND,DP_IND_LONG,,6,,,,,,,,,,,,,,,,
27,1,1,1,LEGAL,,AND,DP_IND_LONG,2,6,0,6,7,DIRECT_LOW_NONZERO:+1,2,3,1,0,0,0,0,0,NONE,NONE,SEM_LOGIC,ADDR_DP_IND_LONG
28,0,0,0,LEGAL,,PLP,IMP,1,4,0,4,4,NONE,1,0,0,0,0,1,0,0,NONE,NONE,SEM_STACK,ADDR_IMP
28,0,0,1,LEGAL,,PLP,IMP,1,4,0,4,4,NONE,1,0,0,0,0,1,0,0,NONE,NONE,SEM_STACK,ADDR_IMP
28,0,1,0,LEGAL,,PLP,IMP,1,4,0,4,4,NONE,1,0,0,0,0,1,0,0,NONE,NONE,SEM_STACK,ADDR_IMP
28,0,1,1,LEGAL,,PLP,IMP,1,4,0,4,4,NONE,1,0,0,0,0,1,0,0,NONE,NONE,SEM_STACK,ADDR_IMP
28,1,0,0,REJECTED,E=1 requires architectural M=1 and X=1,PLP,IMP,,4,,,,,,,,,,,,,,,,
28,1,0,1,REJECTED,E=1 requires architectural M=1 and X=1,PLP,IMP,,4,,,,,,,,,,,,,,,,
28,1,1,0,REJECTED,E=1 requires architectural M=1 and X=1,PLP,IMP,,4,,,,,,,,,,,,,,,,
28,1,1,1,LEGAL,,PLP,IMP,1,4,0,4,4,NONE,1,0,0,0,0,1,0,0,NONE,NONE,SEM_STACK,ADDR_IMP
29,0,0,0,LEGAL,,AND,IMM_M,3,2,1,3,3,NONE,3,0,0,0,0,0,0,0,NONE,NONE,SEM_LOGIC,ADDR_IMM_M
29,0,0,1,LEGAL,,AND,IMM_M,3,2,1,3,3,NONE,3,0,0,0,0,0,0,0,NONE,NONE,SEM_LOGIC,ADDR_IMM_M
29,0,1,0,LEGAL,,AND,IMM_M,2,2,0,2,2,NONE,2,0,0,0,0,0,0,0,NONE,NONE,SEM_LOGIC,ADDR_IMM_M
29,0,1,1,LEGAL,,AND,IMM_M,2,2,0,2,2,NONE,2,0,0,0,0,0,0,0,NONE,NONE,SEM_LOGIC,ADDR_IMM_M
29,1,0,0,REJECTED,E=1 requires architectural M=1 and X=1,AND,IMM_M,,2,,,,,,,,,,,,,,,,
29,1,0,1,REJECTED,E=1 requires architectural M=1 and X=1,AND,IMM_M,,2,,,,,,,,,,,,,,,,
29,1,1,0,REJECTED,E=1 requires architectural M=1 and X=1,AND,IMM_M,,2,,,,,,,,,,,,,,,,
29,1,1,1,LEGAL,,AND,IMM_M,2,2,0,2,2,NONE,2,0,0,0,0,0,0,0,NONE,NONE,SEM_LOGIC,ADDR_IMM_M
2A,0,0,0,LEGAL,,ROL,ACC,1,2,0,2,2,NONE,1,0,0,0,0,0,0,0,NONE,NONE,SEM_SHIFT_ROTATE,ADDR_ACC
2A,0,0,1,LEGAL,,ROL,ACC,1,2,0,2,2,NONE,1,0,0,0,0,0,0,0,NONE,NONE,SEM_SHIFT_ROTATE,ADDR_ACC
2A,0,1,0,LEGAL,,ROL,ACC,1,2,0,2,2,NONE,1,0,0,0,0,0,0,0,NONE,NONE,SEM_SHIFT_ROTATE,ADDR_ACC
2A,0,1,1,LEGAL,,ROL,ACC,1,2,0,2,2,NONE,1,0,0,0,0,0,0,0,NONE,NONE,SEM_SHIFT_ROTATE,ADDR_ACC
2A,1,0,0,REJECTED,E=1 requires architectural M=1 and X=1,ROL,ACC,,2,,,,,,,,,,,,,,,,
2A,1,0,1,REJECTED,E=1 requires architectural M=1 and X=1,ROL,ACC,,2,,,,,,,,,,,,,,,,
2A,1,1,0,REJECTED,E=1 requires architectural M=1 and X=1,ROL,ACC,,2,,,,,,,,,,,,,,,,
2A,1,1,1,LEGAL,,ROL,ACC,1,2,0,2,2,NONE,1,0,0,0,0,0,0,0,NONE,NONE,SEM_SHIFT_ROTATE,ADDR_ACC
2B,0,0,0,LEGAL,,PLD,IMP,1,5,0,5,5,NONE,1,0,0,0,0,2,0,0,NONE,NONE,SEM_STACK,ADDR_IMP
2B,0,0,1,LEGAL,,PLD,IMP,1,5,0,5,5,NONE,1,0,0,0,0,2,0,0,NONE,NONE,SEM_STACK,ADDR_IMP
2B,0,1,0,LEGAL,,PLD,IMP,1,5,0,5,5,NONE,1,0,0,0,0,2,0,0,NONE,NONE,SEM_STACK,ADDR_IMP
2B,0,1,1,LEGAL,,PLD,IMP,1,5,0,5,5,NONE,1,0,0,0,0,2,0,0,NONE,NONE,SEM_STACK,ADDR_IMP
2B,1,0,0,REJECTED,E=1 requires architectural M=1 and X=1,PLD,IMP,,5,,,,,,,,,,,,,,,,
2B,1,0,1,REJECTED,E=1 requires architectural M=1 and X=1,PLD,IMP,,5,,,,,,,,,,,,,,,,
2B,1,1,0,REJECTED,E=1 requires architectural M=1 and X=1,PLD,IMP,,5,,,,,,,,,,,,,,,,
2B,1,1,1,LEGAL,,PLD,IMP,1,5,0,5,5,NONE,1,0,0,0,0,2,0,0,NONE,NONE,SEM_STACK,ADDR_IMP
2C,0,0,0,LEGAL,,BIT,ABS,3,4,1,5,5,NONE,3,0,2,0,0,0,0,0,NONE,NONE,SEM_BIT_TEST_MODIFY,ADDR_ABS
2C,0,0,1,LEGAL,,BIT,ABS,3,4,1,5,5,NONE,3,0,2,0,0,0,0,0,NONE,NONE,SEM_BIT_TEST_MODIFY,ADDR_ABS
2C,0,1,0,LEGAL,,BIT,ABS,3,4,0,4,4,NONE,3,0,1,0,0,0,0,0,NONE,NONE,SEM_BIT_TEST_MODIFY,ADDR_ABS
2C,0,1,1,LEGAL,,BIT,ABS,3,4,0,4,4,NONE,3,0,1,0,0,0,0,0,NONE,NONE,SEM_BIT_TEST_MODIFY,ADDR_ABS
2C,1,0,0,REJECTED,E=1 requires architectural M=1 and X=1,BIT,ABS,,4,,,,,,,,,,,,,,,,
2C,1,0,1,REJECTED,E=1 requires architectural M=1 and X=1,BIT,ABS,,4,,,,,,,,,,,,,,,,
2C,1,1,0,REJECTED,E=1 requires architectural M=1 and X=1,BIT,ABS,,4,,,,,,,,,,,,,,,,
2C,1,1,1,LEGAL,,BIT,ABS,3,4,0,4,4,NONE,3,0,1,0,0,0,0,0,NONE,NONE,SEM_BIT_TEST_MODIFY,ADDR_ABS
2D,0,0,0,LEGAL,,AND,ABS,3,4,1,5,5,NONE,3,0,2,0,0,0,0,0,NONE,NONE,SEM_LOGIC,ADDR_ABS
2D,0,0,1,LEGAL,,AND,ABS,3,4,1,5,5,NONE,3,0,2,0,0,0,0,0,NONE,NONE,SEM_LOGIC,ADDR_ABS
2D,0,1,0,LEGAL,,AND,ABS,3,4,0,4,4,NONE,3,0,1,0,0,0,0,0,NONE,NONE,SEM_LOGIC,ADDR_ABS
2D,0,1,1,LEGAL,,AND,ABS,3,4,0,4,4,NONE,3,0,1,0,0,0,0,0,NONE,NONE,SEM_LOGIC,ADDR_ABS
2D,1,0,0,REJECTED,E=1 requires architectural M=1 and X=1,AND,ABS,,4,,,,,,,,,,,,,,,,
2D,1,0,1,REJECTED,E=1 requires architectural M=1 and X=1,AND,ABS,,4,,,,,,,,,,,,,,,,
2D,1,1,0,REJECTED,E=1 requires architectural M=1 and X=1,AND,ABS,,4,,,,,,,,,,,,,,,,
2D,1,1,1,LEGAL,,AND,ABS,3,4,0,4,4,NONE,3,0,1,0,0,0,0,0,NONE,NONE,SEM_LOGIC,ADDR_ABS
2E,0,0,0,LEGAL,,ROL,ABS,3,6,2,8,8,NONE,3,0,2,2,0,0,0,0,HIGH_THEN_LOW,NONE,SEM_SHIFT_ROTATE,ADDR_ABS
2E,0,0,1,LEGAL,,ROL,ABS,3,6,2,8,8,NONE,3,0,2,2,0,0,0,0,HIGH_THEN_LOW,NONE,SEM_SHIFT_ROTATE,ADDR_ABS
2E,0,1,0,LEGAL,,ROL,ABS,3,6,0,6,6,NONE,3,0,1,1,0,0,0,0,LOW_FINAL,NONE,SEM_SHIFT_ROTATE,ADDR_ABS
2E,0,1,1,LEGAL,,ROL,ABS,3,6,0,6,6,NONE,3,0,1,1,0,0,0,0,LOW_FINAL,NONE,SEM_SHIFT_ROTATE,ADDR_ABS
2E,1,0,0,REJECTED,E=1 requires architectural M=1 and X=1,ROL,ABS,,6,,,,,,,,,,,,,,,,
2E,1,0,1,REJECTED,E=1 requires architectural M=1 and X=1,ROL,ABS,,6,,,,,,,,,,,,,,,,
2E,1,1,0,REJECTED,E=1 requires architectural M=1 and X=1,ROL,ABS,,6,,,,,,,,,,,,,,,,
2E,1,1,1,LEGAL,,ROL,ABS,3,6,0,6,6,NONE,3,0,1,1,1,0,0,0,LOW_FINAL,NONE,SEM_SHIFT_ROTATE,ADDR_ABS
2F,0,0,0,LEGAL,,AND,ABS_LONG,4,5,1,6,6,NONE,4,0,2,0,0,0,0,0,NONE,NONE,SEM_LOGIC,ADDR_ABS_LONG
2F,0,0,1,LEGAL,,AND,ABS_LONG,4,5,1,6,6,NONE,4,0,2,0,0,0,0,0,NONE,NONE,SEM_LOGIC,ADDR_ABS_LONG
2F,0,1,0,LEGAL,,AND,ABS_LONG,4,5,0,5,5,NONE,4,0,1,0,0,0,0,0,NONE,NONE,SEM_LOGIC,ADDR_ABS_LONG
2F,0,1,1,LEGAL,,AND,ABS_LONG,4,5,0,5,5,NONE,4,0,1,0,0,0,0,0,NONE,NONE,SEM_LOGIC,ADDR_ABS_LONG
2F,1,0,0,REJECTED,E=1 requires architectural M=1 and X=1,AND,ABS_LONG,,5,,,,,,,,,,,,,,,,
2F,1,0,1,REJECTED,E=1 requires architectural M=1 and X=1,AND,ABS_LONG,,5,,,,,,,,,,,,,,,,
2F,1,1,0,REJECTED,E=1 requires architectural M=1 and X=1,AND,ABS_LONG,,5,,,,,,,,,,,,,,,,
2F,1,1,1,LEGAL,,AND,ABS_LONG,4,5,0,5,5,NONE,4,0,1,0,0,0,0,0,NONE,NONE,SEM_LOGIC,ADDR_ABS_LONG
30,0,0,0,LEGAL,,BMI,REL8,2,2,0,2,3,BRANCH_TAKEN:+1,2,0,0,0,0,0,0,0,NONE,NONE,SEM_BRANCH,ADDR_REL8
30,0,0,1,LEGAL,,BMI,REL8,2,2,0,2,3,BRANCH_TAKEN:+1,2,0,0,0,0,0,0,0,NONE,NONE,SEM_BRANCH,ADDR_REL8
30,0,1,0,LEGAL,,BMI,REL8,2,2,0,2,3,BRANCH_TAKEN:+1,2,0,0,0,0,0,0,0,NONE,NONE,SEM_BRANCH,ADDR_REL8
30,0,1,1,LEGAL,,BMI,REL8,2,2,0,2,3,BRANCH_TAKEN:+1,2,0,0,0,0,0,0,0,NONE,NONE,SEM_BRANCH,ADDR_REL8
30,1,0,0,REJECTED,E=1 requires architectural M=1 and X=1,BMI,REL8,,2,,,,,,,,,,,,,,,,
30,1,0,1,REJECTED,E=1 requires architectural M=1 and X=1,BMI,REL8,,2,,,,,,,,,,,,,,,,
30,1,1,0,REJECTED,E=1 requires architectural M=1 and X=1,BMI,REL8,,2,,,,,,,,,,,,,,,,
30,1,1,1,LEGAL,,BMI,REL8,2,2,0,2,4,BRANCH_TAKEN:+1;BRANCH_PAGE_CROSS_EMULATION:+1,2,0,0,0,0,0,0,0,NONE,NONE,SEM_BRANCH,ADDR_REL8
31,0,0,0,LEGAL,,AND,DP_IND_Y,2,5,2,7,8,DIRECT_LOW_NONZERO:+1,2,2,2,0,0,0,0,0,NONE,NONE,SEM_LOGIC,ADDR_DP_IND_Y
31,0,0,1,LEGAL,,AND,DP_IND_Y,2,5,1,6,8,DIRECT_LOW_NONZERO:+1;INDEX_PAGE_CROSS:+1,2,2,2,0,0,0,0,0,NONE,NONE,SEM_LOGIC,ADDR_DP_IND_Y
31,0,1,0,LEGAL,,AND,DP_IND_Y,2,5,1,6,7,DIRECT_LOW_NONZERO:+1,2,2,1,0,0,0,0,0,NONE,NONE,SEM_LOGIC,ADDR_DP_IND_Y
31,0,1,1,LEGAL,,AND,DP_IND_Y,2,5,0,5,7,DIRECT_LOW_NONZERO:+1;INDEX_PAGE_CROSS:+1,2,2,1,0,0,0,0,0,NONE,NONE,SEM_LOGIC,ADDR_DP_IND_Y
31,1,0,0,REJECTED,E=1 requires architectural M=1 and X=1,AND,DP_IND_Y,,5,,,,,,,,,,,,,,,,
31,1,0,1,REJECTED,E=1 requires architectural M=1 and X=1,AND,DP_IND_Y,,5,,,,,,,,,,,,,,,,
31,1,1,0,REJECTED,E=1 requires architectural M=1 and X=1,AND,DP_IND_Y,,5,,,,,,,,,,,,,,,,
31,1,1,1,LEGAL,,AND,DP_IND_Y,2,5,0,5,7,DIRECT_LOW_NONZERO:+1;INDEX_PAGE_CROSS:+1,2,2,1,0,0,0,0,0,NONE,NONE,SEM_LOGIC,ADDR_DP_IND_Y
32,0,0,0,LEGAL,,AND,DP_IND,2,5,1,6,7,DIRECT_LOW_NONZERO:+1,2,2,2,0,0,0,0,0,NONE,NONE,SEM_LOGIC,ADDR_DP_IND
32,0,0,1,LEGAL,,AND,DP_IND,2,5,1,6,7,DIRECT_LOW_NONZERO:+1,2,2,2,0,0,0,0,0,NONE,NONE,SEM_LOGIC,ADDR_DP_IND
32,0,1,0,LEGAL,,AND,DP_IND,2,5,0,5,6,DIRECT_LOW_NONZERO:+1,2,2,1,0,0,0,0,0,NONE,NONE,SEM_LOGIC,ADDR_DP_IND
32,0,1,1,LEGAL,,AND,DP_IND,2,5,0,5,6,DIRECT_LOW_NONZERO:+1,2,2,1,0,0,0,0,0,NONE,NONE,SEM_LOGIC,ADDR_DP_IND
32,1,0,0,REJECTED,E=1 requires architectural M=1 and X=1,AND,DP_IND,,5,,,,,,,,,,,,,,,,
32,1,0,1,REJECTED,E=1 requires architectural M=1 and X=1,AND,DP_IND,,5,,,,,,,,,,,,,,,,
32,1,1,0,REJECTED,E=1 requires architectural M=1 and X=1,AND,DP_IND,,5,,,,,,,,,,,,,,,,
32,1,1,1,LEGAL,,AND,DP_IND,2,5,0,5,6,DIRECT_LOW_NONZERO:+1,2,2,1,0,0,0,0,0,NONE,NONE,SEM_LOGIC,ADDR_DP_IND
33,0,0,0,LEGAL,,AND,STACK_REL_IND_Y,2,7,1,8,8,NONE,2,2,2,0,0,0,0,0,NONE,NONE,SEM_LOGIC,ADDR_STACK_REL_IND_Y
33,0,0,1,LEGAL,,AND,STACK_REL_IND_Y,2,7,1,8,8,NONE,2,2,2,0,0,0,0,0,NONE,NONE,SEM_LOGIC,ADDR_STACK_REL_IND_Y
33,0,1,0,LEGAL,,AND,STACK_REL_IND_Y,2,7,0,7,7,NONE,2,2,1,0,0,0,0,0,NONE,NONE,SEM_LOGIC,ADDR_STACK_REL_IND_Y
33,0,1,1,LEGAL,,AND,STACK_REL_IND_Y,2,7,0,7,7,NONE,2,2,1,0,0,0,0,0,NONE,NONE,SEM_LOGIC,ADDR_STACK_REL_IND_Y
33,1,0,0,REJECTED,E=1 requires architectural M=1 and X=1,AND,STACK_REL_IND_Y,,7,,,,,,,,,,,,,,,,
33,1,0,1,REJECTED,E=1 requires architectural M=1 and X=1,AND,STACK_REL_IND_Y,,7,,,,,,,,,,,,,,,,
33,1,1,0,REJECTED,E=1 requires architectural M=1 and X=1,AND,STACK_REL_IND_Y,,7,,,,,,,,,,,,,,,,
33,1,1,1,LEGAL,,AND,STACK_REL_IND_Y,2,7,0,7,7,NONE,2,2,1,0,0,0,0,0,NONE,NONE,SEM_LOGIC,ADDR_STACK_REL_IND_Y
34,0,0,0,LEGAL,,BIT,DP_X,2,4,1,5,6,DIRECT_LOW_NONZERO:+1,2,0,2,0,0,0,0,0,NONE,NONE,SEM_BIT_TEST_MODIFY,ADDR_DP_X
34,0,0,1,LEGAL,,BIT,DP_X,2,4,1,5,6,DIRECT_LOW_NONZERO:+1,2,0,2,0,0,0,0,0,NONE,NONE,SEM_BIT_TEST_MODIFY,ADDR_DP_X
34,0,1,0,LEGAL,,BIT,DP_X,2,4,0,4,5,DIRECT_LOW_NONZERO:+1,2,0,1,0,0,0,0,0,NONE,NONE,SEM_BIT_TEST_MODIFY,ADDR_DP_X
34,0,1,1,LEGAL,,BIT,DP_X,2,4,0,4,5,DIRECT_LOW_NONZERO:+1,2,0,1,0,0,0,0,0,NONE,NONE,SEM_BIT_TEST_MODIFY,ADDR_DP_X
34,1,0,0,REJECTED,E=1 requires architectural M=1 and X=1,BIT,DP_X,,4,,,,,,,,,,,,,,,,
34,1,0,1,REJECTED,E=1 requires architectural M=1 and X=1,BIT,DP_X,,4,,,,,,,,,,,,,,,,
34,1,1,0,REJECTED,E=1 requires architectural M=1 and X=1,BIT,DP_X,,4,,,,,,,,,,,,,,,,
34,1,1,1,LEGAL,,BIT,DP_X,2,4,0,4,5,DIRECT_LOW_NONZERO:+1,2,0,1,0,0,0,0,0,NONE,NONE,SEM_BIT_TEST_MODIFY,ADDR_DP_X
35,0,0,0,LEGAL,,AND,DP_X,2,4,1,5,6,DIRECT_LOW_NONZERO:+1,2,0,2,0,0,0,0,0,NONE,NONE,SEM_LOGIC,ADDR_DP_X
35,0,0,1,LEGAL,,AND,DP_X,2,4,1,5,6,DIRECT_LOW_NONZERO:+1,2,0,2,0,0,0,0,0,NONE,NONE,SEM_LOGIC,ADDR_DP_X
35,0,1,0,LEGAL,,AND,DP_X,2,4,0,4,5,DIRECT_LOW_NONZERO:+1,2,0,1,0,0,0,0,0,NONE,NONE,SEM_LOGIC,ADDR_DP_X
35,0,1,1,LEGAL,,AND,DP_X,2,4,0,4,5,DIRECT_LOW_NONZERO:+1,2,0,1,0,0,0,0,0,NONE,NONE,SEM_LOGIC,ADDR_DP_X
35,1,0,0,REJECTED,E=1 requires architectural M=1 and X=1,AND,DP_X,,4,,,,,,,,,,,,,,,,
35,1,0,1,REJECTED,E=1 requires architectural M=1 and X=1,AND,DP_X,,4,,,,,,,,,,,,,,,,
35,1,1,0,REJECTED,E=1 requires architectural M=1 and X=1,AND,DP_X,,4,,,,,,,,,,,,,,,,
35,1,1,1,LEGAL,,AND,DP_X,2,4,0,4,5,DIRECT_LOW_NONZERO:+1,2,0,1,0,0,0,0,0,NONE,NONE,SEM_LOGIC,ADDR_DP_X
36,0,0,0,LEGAL,,ROL,DP_X,2,6,2,8,9,DIRECT_LOW_NONZERO:+1,2,0,2,2,0,0,0,0,HIGH_THEN_LOW,NONE,SEM_SHIFT_ROTATE,ADDR_DP_X
36,0,0,1,LEGAL,,ROL,DP_X,2,6,2,8,9,DIRECT_LOW_NONZERO:+1,2,0,2,2,0,0,0,0,HIGH_THEN_LOW,NONE,SEM_SHIFT_ROTATE,ADDR_DP_X
36,0,1,0,LEGAL,,ROL,DP_X,2,6,0,6,7,DIRECT_LOW_NONZERO:+1,2,0,1,1,0,0,0,0,LOW_FINAL,NONE,SEM_SHIFT_ROTATE,ADDR_DP_X
36,0,1,1,LEGAL,,ROL,DP_X,2,6,0,6,7,DIRECT_LOW_NONZERO:+1,2,0,1,1,0,0,0,0,LOW_FINAL,NONE,SEM_SHIFT_ROTATE,ADDR_DP_X
36,1,0,0,REJECTED,E=1 requires architectural M=1 and X=1,ROL,DP_X,,6,,,,,,,,,,,,,,,,
36,1,0,1,REJECTED,E=1 requires architectural M=1 and X=1,ROL,DP_X,,6,,,,,,,,,,,,,,,,
36,1,1,0,REJECTED,E=1 requires architectural M=1 and X=1,ROL,DP_X,,6,,,,,,,,,,,,,,,,
36,1,1,1,LEGAL,,ROL,DP_X,2,6,0,6,7,DIRECT_LOW_NONZERO:+1,2,0,1,1,1,0,0,0,LOW_FINAL,NONE,SEM_SHIFT_ROTATE,ADDR_DP_X
37,0,0,0,LEGAL,,AND,DP_IND_LONG_Y,2,6,1,7,8,DIRECT_LOW_NONZERO:+1,2,3,2,0,0,0,0,0,NONE,NONE,SEM_LOGIC,ADDR_DP_IND_LONG_Y
37,0,0,1,LEGAL,,AND,DP_IND_LONG_Y,2,6,1,7,8,DIRECT_LOW_NONZERO:+1,2,3,2,0,0,0,0,0,NONE,NONE,SEM_LOGIC,ADDR_DP_IND_LONG_Y
37,0,1,0,LEGAL,,AND,DP_IND_LONG_Y,2,6,0,6,7,DIRECT_LOW_NONZERO:+1,2,3,1,0,0,0,0,0,NONE,NONE,SEM_LOGIC,ADDR_DP_IND_LONG_Y
37,0,1,1,LEGAL,,AND,DP_IND_LONG_Y,2,6,0,6,7,DIRECT_LOW_NONZERO:+1,2,3,1,0,0,0,0,0,NONE,NONE,SEM_LOGIC,ADDR_DP_IND_LONG_Y
37,1,0,0,REJECTED,E=1 requires architectural M=1 and X=1,AND,DP_IND_LONG_Y,,6,,,,,,,,,,,,,,,,
37,1,0,1,REJECTED,E=1 requires architectural M=1 and X=1,AND,DP_IND_LONG_Y,,6,,,,,,,,,,,,,,,,
37,1,1,0,REJECTED,E=1 requires architectural M=1 and X=1,AND,DP_IND_LONG_Y,,6,,,,,,,,,,,,,,,,
37,1,1,1,LEGAL,,AND,DP_IND_LONG_Y,2,6,0,6,7,DIRECT_LOW_NONZERO:+1,2,3,1,0,0,0,0,0,NONE,NONE,SEM_LOGIC,ADDR_DP_IND_LONG_Y
38,0,0,0,LEGAL,,SEC,IMP,1,2,0,2,2,NONE,1,0,0,0,0,0,0,0,NONE,NONE,SEM_FLAGS,ADDR_IMP
38,0,0,1,LEGAL,,SEC,IMP,1,2,0,2,2,NONE,1,0,0,0,0,0,0,0,NONE,NONE,SEM_FLAGS,ADDR_IMP
38,0,1,0,LEGAL,,SEC,IMP,1,2,0,2,2,NONE,1,0,0,0,0,0,0,0,NONE,NONE,SEM_FLAGS,ADDR_IMP
38,0,1,1,LEGAL,,SEC,IMP,1,2,0,2,2,NONE,1,0,0,0,0,0,0,0,NONE,NONE,SEM_FLAGS,ADDR_IMP
38,1,0,0,REJECTED,E=1 requires architectural M=1 and X=1,SEC,IMP,,2,,,,,,,,,,,,,,,,
38,1,0,1,REJECTED,E=1 requires architectural M=1 and X=1,SEC,IMP,,2,,,,,,,,,,,,,,,,
38,1,1,0,REJECTED,E=1 requires architectural M=1 and X=1,SEC,IMP,,2,,,,,,,,,,,,,,,,
38,1,1,1,LEGAL,,SEC,IMP,1,2,0,2,2,NONE,1,0,0,0,0,0,0,0,NONE,NONE,SEM_FLAGS,ADDR_IMP
39,0,0,0,LEGAL,,AND,ABS_Y,3,4,2,6,6,NONE,3,0,2,0,0,0,0,0,NONE,NONE,SEM_LOGIC,ADDR_ABS_Y
39,0,0,1,LEGAL,,AND,ABS_Y,3,4,1,5,6,INDEX_PAGE_CROSS:+1,3,0,2,0,0,0,0,0,NONE,NONE,SEM_LOGIC,ADDR_ABS_Y
39,0,1,0,LEGAL,,AND,ABS_Y,3,4,1,5,5,NONE,3,0,1,0,0,0,0,0,NONE,NONE,SEM_LOGIC,ADDR_ABS_Y
39,0,1,1,LEGAL,,AND,ABS_Y,3,4,0,4,5,INDEX_PAGE_CROSS:+1,3,0,1,0,0,0,0,0,NONE,NONE,SEM_LOGIC,ADDR_ABS_Y
39,1,0,0,REJECTED,E=1 requires architectural M=1 and X=1,AND,ABS_Y,,4,,,,,,,,,,,,,,,,
39,1,0,1,REJECTED,E=1 requires architectural M=1 and X=1,AND,ABS_Y,,4,,,,,,,,,,,,,,,,
39,1,1,0,REJECTED,E=1 requires architectural M=1 and X=1,AND,ABS_Y,,4,,,,,,,,,,,,,,,,
39,1,1,1,LEGAL,,AND,ABS_Y,3,4,0,4,5,INDEX_PAGE_CROSS:+1,3,0,1,0,0,0,0,0,NONE,NONE,SEM_LOGIC,ADDR_ABS_Y
3A,0,0,0,LEGAL,,DEC,ACC,1,2,0,2,2,NONE,1,0,0,0,0,0,0,0,NONE,NONE,SEM_INC_DEC,ADDR_ACC
3A,0,0,1,LEGAL,,DEC,ACC,1,2,0,2,2,NONE,1,0,0,0,0,0,0,0,NONE,NONE,SEM_INC_DEC,ADDR_ACC
3A,0,1,0,LEGAL,,DEC,ACC,1,2,0,2,2,NONE,1,0,0,0,0,0,0,0,NONE,NONE,SEM_INC_DEC,ADDR_ACC
3A,0,1,1,LEGAL,,DEC,ACC,1,2,0,2,2,NONE,1,0,0,0,0,0,0,0,NONE,NONE,SEM_INC_DEC,ADDR_ACC
3A,1,0,0,REJECTED,E=1 requires architectural M=1 and X=1,DEC,ACC,,2,,,,,,,,,,,,,,,,
3A,1,0,1,REJECTED,E=1 requires architectural M=1 and X=1,DEC,ACC,,2,,,,,,,,,,,,,,,,
3A,1,1,0,REJECTED,E=1 requires architectural M=1 and X=1,DEC,ACC,,2,,,,,,,,,,,,,,,,
3A,1,1,1,LEGAL,,DEC,ACC,1,2,0,2,2,NONE,1,0,0,0,0,0,0,0,NONE,NONE,SEM_INC_DEC,ADDR_ACC
3B,0,0,0,LEGAL,,TSC,IMP,1,2,0,2,2,NONE,1,0,0,0,0,0,0,0,NONE,NONE,SEM_TRANSFER,ADDR_IMP
3B,0,0,1,LEGAL,,TSC,IMP,1,2,0,2,2,NONE,1,0,0,0,0,0,0,0,NONE,NONE,SEM_TRANSFER,ADDR_IMP
3B,0,1,0,LEGAL,,TSC,IMP,1,2,0,2,2,NONE,1,0,0,0,0,0,0,0,NONE,NONE,SEM_TRANSFER,ADDR_IMP
3B,0,1,1,LEGAL,,TSC,IMP,1,2,0,2,2,NONE,1,0,0,0,0,0,0,0,NONE,NONE,SEM_TRANSFER,ADDR_IMP
3B,1,0,0,REJECTED,E=1 requires architectural M=1 and X=1,TSC,IMP,,2,,,,,,,,,,,,,,,,
3B,1,0,1,REJECTED,E=1 requires architectural M=1 and X=1,TSC,IMP,,2,,,,,,,,,,,,,,,,
3B,1,1,0,REJECTED,E=1 requires architectural M=1 and X=1,TSC,IMP,,2,,,,,,,,,,,,,,,,
3B,1,1,1,LEGAL,,TSC,IMP,1,2,0,2,2,NONE,1,0,0,0,0,0,0,0,NONE,NONE,SEM_TRANSFER,ADDR_IMP
3C,0,0,0,LEGAL,,BIT,ABS_X,3,4,2,6,6,NONE,3,0,2,0,0,0,0,0,NONE,NONE,SEM_BIT_TEST_MODIFY,ADDR_ABS_X
3C,0,0,1,LEGAL,,BIT,ABS_X,3,4,1,5,6,INDEX_PAGE_CROSS:+1,3,0,2,0,0,0,0,0,NONE,NONE,SEM_BIT_TEST_MODIFY,ADDR_ABS_X
3C,0,1,0,LEGAL,,BIT,ABS_X,3,4,1,5,5,NONE,3,0,1,0,0,0,0,0,NONE,NONE,SEM_BIT_TEST_MODIFY,ADDR_ABS_X
3C,0,1,1,LEGAL,,BIT,ABS_X,3,4,0,4,5,INDEX_PAGE_CROSS:+1,3,0,1,0,0,0,0,0,NONE,NONE,SEM_BIT_TEST_MODIFY,ADDR_ABS_X
3C,1,0,0,REJECTED,E=1 requires architectural M=1 and X=1,BIT,ABS_X,,4,,,,,,,,,,,,,,,,
3C,1,0,1,REJECTED,E=1 requires architectural M=1 and X=1,BIT,ABS_X,,4,,,,,,,,,,,,,,,,
3C,1,1,0,REJECTED,E=1 requires architectural M=1 and X=1,BIT,ABS_X,,4,,,,,,,,,,,,,,,,
3C,1,1,1,LEGAL,,BIT,ABS_X,3,4,0,4,5,INDEX_PAGE_CROSS:+1,3,0,1,0,0,0,0,0,NONE,NONE,SEM_BIT_TEST_MODIFY,ADDR_ABS_X
3D,0,0,0,LEGAL,,AND,ABS_X,3,4,2,6,6,NONE,3,0,2,0,0,0,0,0,NONE,NONE,SEM_LOGIC,ADDR_ABS_X
3D,0,0,1,LEGAL,,AND,ABS_X,3,4,1,5,6,INDEX_PAGE_CROSS:+1,3,0,2,0,0,0,0,0,NONE,NONE,SEM_LOGIC,ADDR_ABS_X
3D,0,1,0,LEGAL,,AND,ABS_X,3,4,1,5,5,NONE,3,0,1,0,0,0,0,0,NONE,NONE,SEM_LOGIC,ADDR_ABS_X
3D,0,1,1,LEGAL,,AND,ABS_X,3,4,0,4,5,INDEX_PAGE_CROSS:+1,3,0,1,0,0,0,0,0,NONE,NONE,SEM_LOGIC,ADDR_ABS_X
3D,1,0,0,REJECTED,E=1 requires architectural M=1 and X=1,AND,ABS_X,,4,,,,,,,,,,,,,,,,
3D,1,0,1,REJECTED,E=1 requires architectural M=1 and X=1,AND,ABS_X,,4,,,,,,,,,,,,,,,,
3D,1,1,0,REJECTED,E=1 requires architectural M=1 and X=1,AND,ABS_X,,4,,,,,,,,,,,,,,,,
3D,1,1,1,LEGAL,,AND,ABS_X,3,4,0,4,5,INDEX_PAGE_CROSS:+1,3,0,1,0,0,0,0,0,NONE,NONE,SEM_LOGIC,ADDR_ABS_X
3E,0,0,0,LEGAL,,ROL,ABS_X,3,7,2,9,9,NONE,3,0,2,2,0,0,0,0,HIGH_THEN_LOW,NONE,SEM_SHIFT_ROTATE,ADDR_ABS_X
3E,0,0,1,LEGAL,,ROL,ABS_X,3,7,2,9,9,NONE,3,0,2,2,0,0,0,0,HIGH_THEN_LOW,NONE,SEM_SHIFT_ROTATE,ADDR_ABS_X
3E,0,1,0,LEGAL,,ROL,ABS_X,3,7,0,7,7,NONE,3,0,1,1,0,0,0,0,LOW_FINAL,NONE,SEM_SHIFT_ROTATE,ADDR_ABS_X
3E,0,1,1,LEGAL,,ROL,ABS_X,3,7,0,7,7,NONE,3,0,1,1,0,0,0,0,LOW_FINAL,NONE,SEM_SHIFT_ROTATE,ADDR_ABS_X
3E,1,0,0,REJECTED,E=1 requires architectural M=1 and X=1,ROL,ABS_X,,7,,,,,,,,,,,,,,,,
3E,1,0,1,REJECTED,E=1 requires architectural M=1 and X=1,ROL,ABS_X,,7,,,,,,,,,,,,,,,,
3E,1,1,0,REJECTED,E=1 requires architectural M=1 and X=1,ROL,ABS_X,,7,,,,,,,,,,,,,,,,
3E,1,1,1,LEGAL,,ROL,ABS_X,3,7,0,7,7,NONE,3,0,1,1,1,0,0,0,LOW_FINAL,NONE,SEM_SHIFT_ROTATE,ADDR_ABS_X
3F,0,0,0,LEGAL,,AND,ABS_LONG_X,4,5,1,6,6,NONE,4,0,2,0,0,0,0,0,NONE,NONE,SEM_LOGIC,ADDR_ABS_LONG_X
3F,0,0,1,LEGAL,,AND,ABS_LONG_X,4,5,1,6,6,NONE,4,0,2,0,0,0,0,0,NONE,NONE,SEM_LOGIC,ADDR_ABS_LONG_X
3F,0,1,0,LEGAL,,AND,ABS_LONG_X,4,5,0,5,5,NONE,4,0,1,0,0,0,0,0,NONE,NONE,SEM_LOGIC,ADDR_ABS_LONG_X
3F,0,1,1,LEGAL,,AND,ABS_LONG_X,4,5,0,5,5,NONE,4,0,1,0,0,0,0,0,NONE,NONE,SEM_LOGIC,ADDR_ABS_LONG_X
3F,1,0,0,REJECTED,E=1 requires architectural M=1 and X=1,AND,ABS_LONG_X,,5,,,,,,,,,,,,,,,,
3F,1,0,1,REJECTED,E=1 requires architectural M=1 and X=1,AND,ABS_LONG_X,,5,,,,,,,,,,,,,,,,
3F,1,1,0,REJECTED,E=1 requires architectural M=1 and X=1,AND,ABS_LONG_X,,5,,,,,,,,,,,,,,,,
3F,1,1,1,LEGAL,,AND,ABS_LONG_X,4,5,0,5,5,NONE,4,0,1,0,0,0,0,0,NONE,NONE,SEM_LOGIC,ADDR_ABS_LONG_X
40,0,0,0,LEGAL,,RTI,IMP,1,7,0,7,7,NONE,1,0,0,0,0,4,0,0,NONE,NONE,SEM_CONTROL_INTERRUPT,ADDR_IMP
40,0,0,1,LEGAL,,RTI,IMP,1,7,0,7,7,NONE,1,0,0,0,0,4,0,0,NONE,NONE,SEM_CONTROL_INTERRUPT,ADDR_IMP
40,0,1,0,LEGAL,,RTI,IMP,1,7,0,7,7,NONE,1,0,0,0,0,4,0,0,NONE,NONE,SEM_CONTROL_INTERRUPT,ADDR_IMP
40,0,1,1,LEGAL,,RTI,IMP,1,7,0,7,7,NONE,1,0,0,0,0,4,0,0,NONE,NONE,SEM_CONTROL_INTERRUPT,ADDR_IMP
40,1,0,0,REJECTED,E=1 requires architectural M=1 and X=1,RTI,IMP,,7,,,,,,,,,,,,,,,,
40,1,0,1,REJECTED,E=1 requires architectural M=1 and X=1,RTI,IMP,,7,,,,,,,,,,,,,,,,
40,1,1,0,REJECTED,E=1 requires architectural M=1 and X=1,RTI,IMP,,7,,,,,,,,,,,,,,,,
40,1,1,1,LEGAL,,RTI,IMP,1,7,-1,6,6,NONE,1,0,0,0,0,3,0,0,NONE,NONE,SEM_CONTROL_INTERRUPT,ADDR_IMP
41,0,0,0,LEGAL,,EOR,DP_X_IND,2,6,1,7,8,DIRECT_LOW_NONZERO:+1,2,2,2,0,0,0,0,0,NONE,NONE,SEM_LOGIC,ADDR_DP_X_IND
41,0,0,1,LEGAL,,EOR,DP_X_IND,2,6,1,7,8,DIRECT_LOW_NONZERO:+1,2,2,2,0,0,0,0,0,NONE,NONE,SEM_LOGIC,ADDR_DP_X_IND
41,0,1,0,LEGAL,,EOR,DP_X_IND,2,6,0,6,7,DIRECT_LOW_NONZERO:+1,2,2,1,0,0,0,0,0,NONE,NONE,SEM_LOGIC,ADDR_DP_X_IND
41,0,1,1,LEGAL,,EOR,DP_X_IND,2,6,0,6,7,DIRECT_LOW_NONZERO:+1,2,2,1,0,0,0,0,0,NONE,NONE,SEM_LOGIC,ADDR_DP_X_IND
41,1,0,0,REJECTED,E=1 requires architectural M=1 and X=1,EOR,DP_X_IND,,6,,,,,,,,,,,,,,,,
41,1,0,1,REJECTED,E=1 requires architectural M=1 and X=1,EOR,DP_X_IND,,6,,,,,,,,,,,,,,,,
41,1,1,0,REJECTED,E=1 requires architectural M=1 and X=1,EOR,DP_X_IND,,6,,,,,,,,,,,,,,,,
41,1,1,1,LEGAL,,EOR,DP_X_IND,2,6,0,6,7,DIRECT_LOW_NONZERO:+1,2,2,1,0,0,0,0,0,NONE,NONE,SEM_LOGIC,ADDR_DP_X_IND
42,0,0,0,LEGAL,,WDM,SIG8,2,2,0,2,2,NONE,2,0,0,0,0,0,0,0,NONE,NONE,SEM_MISC,ADDR_SIG8
42,0,0,1,LEGAL,,WDM,SIG8,2,2,0,2,2,NONE,2,0,0,0,0,0,0,0,NONE,NONE,SEM_MISC,ADDR_SIG8
42,0,1,0,LEGAL,,WDM,SIG8,2,2,0,2,2,NONE,2,0,0,0,0,0,0,0,NONE,NONE,SEM_MISC,ADDR_SIG8
42,0,1,1,LEGAL,,WDM,SIG8,2,2,0,2,2,NONE,2,0,0,0,0,0,0,0,NONE,NONE,SEM_MISC,ADDR_SIG8
42,1,0,0,REJECTED,E=1 requires architectural M=1 and X=1,WDM,SIG8,,2,,,,,,,,,,,,,,,,
42,1,0,1,REJECTED,E=1 requires architectural M=1 and X=1,WDM,SIG8,,2,,,,,,,,,,,,,,,,
42,1,1,0,REJECTED,E=1 requires architectural M=1 and X=1,WDM,SIG8,,2,,,,,,,,,,,,,,,,
42,1,1,1,LEGAL,,WDM,SIG8,2,2,0,2,2,NONE,2,0,0,0,0,0,0,0,NONE,NONE,SEM_MISC,ADDR_SIG8
43,0,0,0,LEGAL,,EOR,STACK_REL,2,4,1,5,5,NONE,2,0,2,0,0,0,0,0,NONE,NONE,SEM_LOGIC,ADDR_STACK_REL
43,0,0,1,LEGAL,,EOR,STACK_REL,2,4,1,5,5,NONE,2,0,2,0,0,0,0,0,NONE,NONE,SEM_LOGIC,ADDR_STACK_REL
43,0,1,0,LEGAL,,EOR,STACK_REL,2,4,0,4,4,NONE,2,0,1,0,0,0,0,0,NONE,NONE,SEM_LOGIC,ADDR_STACK_REL
43,0,1,1,LEGAL,,EOR,STACK_REL,2,4,0,4,4,NONE,2,0,1,0,0,0,0,0,NONE,NONE,SEM_LOGIC,ADDR_STACK_REL
43,1,0,0,REJECTED,E=1 requires architectural M=1 and X=1,EOR,STACK_REL,,4,,,,,,,,,,,,,,,,
43,1,0,1,REJECTED,E=1 requires architectural M=1 and X=1,EOR,STACK_REL,,4,,,,,,,,,,,,,,,,
43,1,1,0,REJECTED,E=1 requires architectural M=1 and X=1,EOR,STACK_REL,,4,,,,,,,,,,,,,,,,
43,1,1,1,LEGAL,,EOR,STACK_REL,2,4,0,4,4,NONE,2,0,1,0,0,0,0,0,NONE,NONE,SEM_LOGIC,ADDR_STACK_REL
44,0,0,0,LEGAL,,MVP,BLOCK,3,7,0,7,7,NONE,3,0,1,1,0,0,0,0,NONE,REPEAT_7_CYCLES_PER_BYTE_UNTIL_A_FFFF,SEM_BLOCK_MOVE,ADDR_BLOCK
44,0,0,1,LEGAL,,MVP,BLOCK,3,7,0,7,7,NONE,3,0,1,1,0,0,0,0,NONE,REPEAT_7_CYCLES_PER_BYTE_UNTIL_A_FFFF,SEM_BLOCK_MOVE,ADDR_BLOCK
44,0,1,0,LEGAL,,MVP,BLOCK,3,7,0,7,7,NONE,3,0,1,1,0,0,0,0,NONE,REPEAT_7_CYCLES_PER_BYTE_UNTIL_A_FFFF,SEM_BLOCK_MOVE,ADDR_BLOCK
44,0,1,1,LEGAL,,MVP,BLOCK,3,7,0,7,7,NONE,3,0,1,1,0,0,0,0,NONE,REPEAT_7_CYCLES_PER_BYTE_UNTIL_A_FFFF,SEM_BLOCK_MOVE,ADDR_BLOCK
44,1,0,0,REJECTED,E=1 requires architectural M=1 and X=1,MVP,BLOCK,,7,,,,,,,,,,,,,,,,
44,1,0,1,REJECTED,E=1 requires architectural M=1 and X=1,MVP,BLOCK,,7,,,,,,,,,,,,,,,,
44,1,1,0,REJECTED,E=1 requires architectural M=1 and X=1,MVP,BLOCK,,7,,,,,,,,,,,,,,,,
44,1,1,1,LEGAL,,MVP,BLOCK,3,7,0,7,7,NONE,3,0,1,1,0,0,0,0,NONE,REPEAT_7_CYCLES_PER_BYTE_UNTIL_A_FFFF,SEM_BLOCK_MOVE,ADDR_BLOCK
45,0,0,0,LEGAL,,EOR,DP,2,3,1,4,5,DIRECT_LOW_NONZERO:+1,2,0,2,0,0,0,0,0,NONE,NONE,SEM_LOGIC,ADDR_DP
45,0,0,1,LEGAL,,EOR,DP,2,3,1,4,5,DIRECT_LOW_NONZERO:+1,2,0,2,0,0,0,0,0,NONE,NONE,SEM_LOGIC,ADDR_DP
45,0,1,0,LEGAL,,EOR,DP,2,3,0,3,4,DIRECT_LOW_NONZERO:+1,2,0,1,0,0,0,0,0,NONE,NONE,SEM_LOGIC,ADDR_DP
45,0,1,1,LEGAL,,EOR,DP,2,3,0,3,4,DIRECT_LOW_NONZERO:+1,2,0,1,0,0,0,0,0,NONE,NONE,SEM_LOGIC,ADDR_DP
45,1,0,0,REJECTED,E=1 requires architectural M=1 and X=1,EOR,DP,,3,,,,,,,,,,,,,,,,
45,1,0,1,REJECTED,E=1 requires architectural M=1 and X=1,EOR,DP,,3,,,,,,,,,,,,,,,,
45,1,1,0,REJECTED,E=1 requires architectural M=1 and X=1,EOR,DP,,3,,,,,,,,,,,,,,,,
45,1,1,1,LEGAL,,EOR,DP,2,3,0,3,4,DIRECT_LOW_NONZERO:+1,2,0,1,0,0,0,0,0,NONE,NONE,SEM_LOGIC,ADDR_DP
46,0,0,0,LEGAL,,LSR,DP,2,5,2,7,8,DIRECT_LOW_NONZERO:+1,2,0,2,2,0,0,0,0,HIGH_THEN_LOW,NONE,SEM_SHIFT_ROTATE,ADDR_DP
46,0,0,1,LEGAL,,LSR,DP,2,5,2,7,8,DIRECT_LOW_NONZERO:+1,2,0,2,2,0,0,0,0,HIGH_THEN_LOW,NONE,SEM_SHIFT_ROTATE,ADDR_DP
46,0,1,0,LEGAL,,LSR,DP,2,5,0,5,6,DIRECT_LOW_NONZERO:+1,2,0,1,1,0,0,0,0,LOW_FINAL,NONE,SEM_SHIFT_ROTATE,ADDR_DP
46,0,1,1,LEGAL,,LSR,DP,2,5,0,5,6,DIRECT_LOW_NONZERO:+1,2,0,1,1,0,0,0,0,LOW_FINAL,NONE,SEM_SHIFT_ROTATE,ADDR_DP
46,1,0,0,REJECTED,E=1 requires architectural M=1 and X=1,LSR,DP,,5,,,,,,,,,,,,,,,,
46,1,0,1,REJECTED,E=1 requires architectural M=1 and X=1,LSR,DP,,5,,,,,,,,,,,,,,,,
46,1,1,0,REJECTED,E=1 requires architectural M=1 and X=1,LSR,DP,,5,,,,,,,,,,,,,,,,
46,1,1,1,LEGAL,,LSR,DP,2,5,0,5,6,DIRECT_LOW_NONZERO:+1,2,0,1,1,1,0,0,0,LOW_FINAL,NONE,SEM_SHIFT_ROTATE,ADDR_DP
47,0,0,0,LEGAL,,EOR,DP_IND_LONG,2,6,1,7,8,DIRECT_LOW_NONZERO:+1,2,3,2,0,0,0,0,0,NONE,NONE,SEM_LOGIC,ADDR_DP_IND_LONG
47,0,0,1,LEGAL,,EOR,DP_IND_LONG,2,6,1,7,8,DIRECT_LOW_NONZERO:+1,2,3,2,0,0,0,0,0,NONE,NONE,SEM_LOGIC,ADDR_DP_IND_LONG
47,0,1,0,LEGAL,,EOR,DP_IND_LONG,2,6,0,6,7,DIRECT_LOW_NONZERO:+1,2,3,1,0,0,0,0,0,NONE,NONE,SEM_LOGIC,ADDR_DP_IND_LONG
47,0,1,1,LEGAL,,EOR,DP_IND_LONG,2,6,0,6,7,DIRECT_LOW_NONZERO:+1,2,3,1,0,0,0,0,0,NONE,NONE,SEM_LOGIC,ADDR_DP_IND_LONG
47,1,0,0,REJECTED,E=1 requires architectural M=1 and X=1,EOR,DP_IND_LONG,,6,,,,,,,,,,,,,,,,
47,1,0,1,REJECTED,E=1 requires architectural M=1 and X=1,EOR,DP_IND_LONG,,6,,,,,,,,,,,,,,,,
47,1,1,0,REJECTED,E=1 requires architectural M=1 and X=1,EOR,DP_IND_LONG,,6,,,,,,,,,,,,,,,,
47,1,1,1,LEGAL,,EOR,DP_IND_LONG,2,6,0,6,7,DIRECT_LOW_NONZERO:+1,2,3,1,0,0,0,0,0,NONE,NONE,SEM_LOGIC,ADDR_DP_IND_LONG
48,0,0,0,LEGAL,,PHA,IMP,1,3,1,4,4,NONE,1,0,0,0,0,0,2,0,NONE,NONE,SEM_STACK,ADDR_IMP
48,0,0,1,LEGAL,,PHA,IMP,1,3,1,4,4,NONE,1,0,0,0,0,0,2,0,NONE,NONE,SEM_STACK,ADDR_IMP
48,0,1,0,LEGAL,,PHA,IMP,1,3,0,3,3,NONE,1,0,0,0,0,0,1,0,NONE,NONE,SEM_STACK,ADDR_IMP
48,0,1,1,LEGAL,,PHA,IMP,1,3,0,3,3,NONE,1,0,0,0,0,0,1,0,NONE,NONE,SEM_STACK,ADDR_IMP
48,1,0,0,REJECTED,E=1 requires architectural M=1 and X=1,PHA,IMP,,3,,,,,,,,,,,,,,,,
48,1,0,1,REJECTED,E=1 requires architectural M=1 and X=1,PHA,IMP,,3,,,,,,,,,,,,,,,,
48,1,1,0,REJECTED,E=1 requires architectural M=1 and X=1,PHA,IMP,,3,,,,,,,,,,,,,,,,
48,1,1,1,LEGAL,,PHA,IMP,1,3,0,3,3,NONE,1,0,0,0,0,0,1,0,NONE,NONE,SEM_STACK,ADDR_IMP
49,0,0,0,LEGAL,,EOR,IMM_M,3,2,1,3,3,NONE,3,0,0,0,0,0,0,0,NONE,NONE,SEM_LOGIC,ADDR_IMM_M
49,0,0,1,LEGAL,,EOR,IMM_M,3,2,1,3,3,NONE,3,0,0,0,0,0,0,0,NONE,NONE,SEM_LOGIC,ADDR_IMM_M
49,0,1,0,LEGAL,,EOR,IMM_M,2,2,0,2,2,NONE,2,0,0,0,0,0,0,0,NONE,NONE,SEM_LOGIC,ADDR_IMM_M
49,0,1,1,LEGAL,,EOR,IMM_M,2,2,0,2,2,NONE,2,0,0,0,0,0,0,0,NONE,NONE,SEM_LOGIC,ADDR_IMM_M
49,1,0,0,REJECTED,E=1 requires architectural M=1 and X=1,EOR,IMM_M,,2,,,,,,,,,,,,,,,,
49,1,0,1,REJECTED,E=1 requires architectural M=1 and X=1,EOR,IMM_M,,2,,,,,,,,,,,,,,,,
49,1,1,0,REJECTED,E=1 requires architectural M=1 and X=1,EOR,IMM_M,,2,,,,,,,,,,,,,,,,
49,1,1,1,LEGAL,,EOR,IMM_M,2,2,0,2,2,NONE,2,0,0,0,0,0,0,0,NONE,NONE,SEM_LOGIC,ADDR_IMM_M
4A,0,0,0,LEGAL,,LSR,ACC,1,2,0,2,2,NONE,1,0,0,0,0,0,0,0,NONE,NONE,SEM_SHIFT_ROTATE,ADDR_ACC
4A,0,0,1,LEGAL,,LSR,ACC,1,2,0,2,2,NONE,1,0,0,0,0,0,0,0,NONE,NONE,SEM_SHIFT_ROTATE,ADDR_ACC
4A,0,1,0,LEGAL,,LSR,ACC,1,2,0,2,2,NONE,1,0,0,0,0,0,0,0,NONE,NONE,SEM_SHIFT_ROTATE,ADDR_ACC
4A,0,1,1,LEGAL,,LSR,ACC,1,2,0,2,2,NONE,1,0,0,0,0,0,0,0,NONE,NONE,SEM_SHIFT_ROTATE,ADDR_ACC
4A,1,0,0,REJECTED,E=1 requires architectural M=1 and X=1,LSR,ACC,,2,,,,,,,,,,,,,,,,
4A,1,0,1,REJECTED,E=1 requires architectural M=1 and X=1,LSR,ACC,,2,,,,,,,,,,,,,,,,
4A,1,1,0,REJECTED,E=1 requires architectural M=1 and X=1,LSR,ACC,,2,,,,,,,,,,,,,,,,
4A,1,1,1,LEGAL,,LSR,ACC,1,2,0,2,2,NONE,1,0,0,0,0,0,0,0,NONE,NONE,SEM_SHIFT_ROTATE,ADDR_ACC
4B,0,0,0,LEGAL,,PHK,IMP,1,3,0,3,3,NONE,1,0,0,0,0,0,1,0,NONE,NONE,SEM_STACK,ADDR_IMP
4B,0,0,1,LEGAL,,PHK,IMP,1,3,0,3,3,NONE,1,0,0,0,0,0,1,0,NONE,NONE,SEM_STACK,ADDR_IMP
4B,0,1,0,LEGAL,,PHK,IMP,1,3,0,3,3,NONE,1,0,0,0,0,0,1,0,NONE,NONE,SEM_STACK,ADDR_IMP
4B,0,1,1,LEGAL,,PHK,IMP,1,3,0,3,3,NONE,1,0,0,0,0,0,1,0,NONE,NONE,SEM_STACK,ADDR_IMP
4B,1,0,0,REJECTED,E=1 requires architectural M=1 and X=1,PHK,IMP,,3,,,,,,,,,,,,,,,,
4B,1,0,1,REJECTED,E=1 requires architectural M=1 and X=1,PHK,IMP,,3,,,,,,,,,,,,,,,,
4B,1,1,0,REJECTED,E=1 requires architectural M=1 and X=1,PHK,IMP,,3,,,,,,,,,,,,,,,,
4B,1,1,1,LEGAL,,PHK,IMP,1,3,0,3,3,NONE,1,0,0,0,0,0,1,0,NONE,NONE,SEM_STACK,ADDR_IMP
4C,0,0,0,LEGAL,,JMP,ABS_JUMP,3,3,0,3,3,NONE,3,0,0,0,0,0,0,0,NONE,NONE,SEM_CONTROL_INTERRUPT,ADDR_ABS_JUMP
4C,0,0,1,LEGAL,,JMP,ABS_JUMP,3,3,0,3,3,NONE,3,0,0,0,0,0,0,0,NONE,NONE,SEM_CONTROL_INTERRUPT,ADDR_ABS_JUMP
4C,0,1,0,LEGAL,,JMP,ABS_JUMP,3,3,0,3,3,NONE,3,0,0,0,0,0,0,0,NONE,NONE,SEM_CONTROL_INTERRUPT,ADDR_ABS_JUMP
4C,0,1,1,LEGAL,,JMP,ABS_JUMP,3,3,0,3,3,NONE,3,0,0,0,0,0,0,0,NONE,NONE,SEM_CONTROL_INTERRUPT,ADDR_ABS_JUMP
4C,1,0,0,REJECTED,E=1 requires architectural M=1 and X=1,JMP,ABS_JUMP,,3,,,,,,,,,,,,,,,,
4C,1,0,1,REJECTED,E=1 requires architectural M=1 and X=1,JMP,ABS_JUMP,,3,,,,,,,,,,,,,,,,
4C,1,1,0,REJECTED,E=1 requires architectural M=1 and X=1,JMP,ABS_JUMP,,3,,,,,,,,,,,,,,,,
4C,1,1,1,LEGAL,,JMP,ABS_JUMP,3,3,0,3,3,NONE,3,0,0,0,0,0,0,0,NONE,NONE,SEM_CONTROL_INTERRUPT,ADDR_ABS_JUMP
4D,0,0,0,LEGAL,,EOR,ABS,3,4,1,5,5,NONE,3,0,2,0,0,0,0,0,NONE,NONE,SEM_LOGIC,ADDR_ABS
4D,0,0,1,LEGAL,,EOR,ABS,3,4,1,5,5,NONE,3,0,2,0,0,0,0,0,NONE,NONE,SEM_LOGIC,ADDR_ABS
4D,0,1,0,LEGAL,,EOR,ABS,3,4,0,4,4,NONE,3,0,1,0,0,0,0,0,NONE,NONE,SEM_LOGIC,ADDR_ABS
4D,0,1,1,LEGAL,,EOR,ABS,3,4,0,4,4,NONE,3,0,1,0,0,0,0,0,NONE,NONE,SEM_LOGIC,ADDR_ABS
4D,1,0,0,REJECTED,E=1 requires architectural M=1 and X=1,EOR,ABS,,4,,,,,,,,,,,,,,,,
4D,1,0,1,REJECTED,E=1 requires architectural M=1 and X=1,EOR,ABS,,4,,,,,,,,,,,,,,,,
4D,1,1,0,REJECTED,E=1 requires architectural M=1 and X=1,EOR,ABS,,4,,,,,,,,,,,,,,,,
4D,1,1,1,LEGAL,,EOR,ABS,3,4,0,4,4,NONE,3,0,1,0,0,0,0,0,NONE,NONE,SEM_LOGIC,ADDR_ABS
4E,0,0,0,LEGAL,,LSR,ABS,3,6,2,8,8,NONE,3,0,2,2,0,0,0,0,HIGH_THEN_LOW,NONE,SEM_SHIFT_ROTATE,ADDR_ABS
4E,0,0,1,LEGAL,,LSR,ABS,3,6,2,8,8,NONE,3,0,2,2,0,0,0,0,HIGH_THEN_LOW,NONE,SEM_SHIFT_ROTATE,ADDR_ABS
4E,0,1,0,LEGAL,,LSR,ABS,3,6,0,6,6,NONE,3,0,1,1,0,0,0,0,LOW_FINAL,NONE,SEM_SHIFT_ROTATE,ADDR_ABS
4E,0,1,1,LEGAL,,LSR,ABS,3,6,0,6,6,NONE,3,0,1,1,0,0,0,0,LOW_FINAL,NONE,SEM_SHIFT_ROTATE,ADDR_ABS
4E,1,0,0,REJECTED,E=1 requires architectural M=1 and X=1,LSR,ABS,,6,,,,,,,,,,,,,,,,
4E,1,0,1,REJECTED,E=1 requires architectural M=1 and X=1,LSR,ABS,,6,,,,,,,,,,,,,,,,
4E,1,1,0,REJECTED,E=1 requires architectural M=1 and X=1,LSR,ABS,,6,,,,,,,,,,,,,,,,
4E,1,1,1,LEGAL,,LSR,ABS,3,6,0,6,6,NONE,3,0,1,1,1,0,0,0,LOW_FINAL,NONE,SEM_SHIFT_ROTATE,ADDR_ABS
4F,0,0,0,LEGAL,,EOR,ABS_LONG,4,5,1,6,6,NONE,4,0,2,0,0,0,0,0,NONE,NONE,SEM_LOGIC,ADDR_ABS_LONG
4F,0,0,1,LEGAL,,EOR,ABS_LONG,4,5,1,6,6,NONE,4,0,2,0,0,0,0,0,NONE,NONE,SEM_LOGIC,ADDR_ABS_LONG
4F,0,1,0,LEGAL,,EOR,ABS_LONG,4,5,0,5,5,NONE,4,0,1,0,0,0,0,0,NONE,NONE,SEM_LOGIC,ADDR_ABS_LONG
4F,0,1,1,LEGAL,,EOR,ABS_LONG,4,5,0,5,5,NONE,4,0,1,0,0,0,0,0,NONE,NONE,SEM_LOGIC,ADDR_ABS_LONG
4F,1,0,0,REJECTED,E=1 requires architectural M=1 and X=1,EOR,ABS_LONG,,5,,,,,,,,,,,,,,,,
4F,1,0,1,REJECTED,E=1 requires architectural M=1 and X=1,EOR,ABS_LONG,,5,,,,,,,,,,,,,,,,
4F,1,1,0,REJECTED,E=1 requires architectural M=1 and X=1,EOR,ABS_LONG,,5,,,,,,,,,,,,,,,,
4F,1,1,1,LEGAL,,EOR,ABS_LONG,4,5,0,5,5,NONE,4,0,1,0,0,0,0,0,NONE,NONE,SEM_LOGIC,ADDR_ABS_LONG
50,0,0,0,LEGAL,,BVC,REL8,2,2,0,2,3,BRANCH_TAKEN:+1,2,0,0,0,0,0,0,0,NONE,NONE,SEM_BRANCH,ADDR_REL8
50,0,0,1,LEGAL,,BVC,REL8,2,2,0,2,3,BRANCH_TAKEN:+1,2,0,0,0,0,0,0,0,NONE,NONE,SEM_BRANCH,ADDR_REL8
50,0,1,0,LEGAL,,BVC,REL8,2,2,0,2,3,BRANCH_TAKEN:+1,2,0,0,0,0,0,0,0,NONE,NONE,SEM_BRANCH,ADDR_REL8
50,0,1,1,LEGAL,,BVC,REL8,2,2,0,2,3,BRANCH_TAKEN:+1,2,0,0,0,0,0,0,0,NONE,NONE,SEM_BRANCH,ADDR_REL8
50,1,0,0,REJECTED,E=1 requires architectural M=1 and X=1,BVC,REL8,,2,,,,,,,,,,,,,,,,
50,1,0,1,REJECTED,E=1 requires architectural M=1 and X=1,BVC,REL8,,2,,,,,,,,,,,,,,,,
50,1,1,0,REJECTED,E=1 requires architectural M=1 and X=1,BVC,REL8,,2,,,,,,,,,,,,,,,,
50,1,1,1,LEGAL,,BVC,REL8,2,2,0,2,4,BRANCH_TAKEN:+1;BRANCH_PAGE_CROSS_EMULATION:+1,2,0,0,0,0,0,0,0,NONE,NONE,SEM_BRANCH,ADDR_REL8
51,0,0,0,LEGAL,,EOR,DP_IND_Y,2,5,2,7,8,DIRECT_LOW_NONZERO:+1,2,2,2,0,0,0,0,0,NONE,NONE,SEM_LOGIC,ADDR_DP_IND_Y
51,0,0,1,LEGAL,,EOR,DP_IND_Y,2,5,1,6,8,DIRECT_LOW_NONZERO:+1;INDEX_PAGE_CROSS:+1,2,2,2,0,0,0,0,0,NONE,NONE,SEM_LOGIC,ADDR_DP_IND_Y
51,0,1,0,LEGAL,,EOR,DP_IND_Y,2,5,1,6,7,DIRECT_LOW_NONZERO:+1,2,2,1,0,0,0,0,0,NONE,NONE,SEM_LOGIC,ADDR_DP_IND_Y
51,0,1,1,LEGAL,,EOR,DP_IND_Y,2,5,0,5,7,DIRECT_LOW_NONZERO:+1;INDEX_PAGE_CROSS:+1,2,2,1,0,0,0,0,0,NONE,NONE,SEM_LOGIC,ADDR_DP_IND_Y
51,1,0,0,REJECTED,E=1 requires architectural M=1 and X=1,EOR,DP_IND_Y,,5,,,,,,,,,,,,,,,,
51,1,0,1,REJECTED,E=1 requires architectural M=1 and X=1,EOR,DP_IND_Y,,5,,,,,,,,,,,,,,,,
51,1,1,0,REJECTED,E=1 requires architectural M=1 and X=1,EOR,DP_IND_Y,,5,,,,,,,,,,,,,,,,
51,1,1,1,LEGAL,,EOR,DP_IND_Y,2,5,0,5,7,DIRECT_LOW_NONZERO:+1;INDEX_PAGE_CROSS:+1,2,2,1,0,0,0,0,0,NONE,NONE,SEM_LOGIC,ADDR_DP_IND_Y
52,0,0,0,LEGAL,,EOR,DP_IND,2,5,1,6,7,DIRECT_LOW_NONZERO:+1,2,2,2,0,0,0,0,0,NONE,NONE,SEM_LOGIC,ADDR_DP_IND
52,0,0,1,LEGAL,,EOR,DP_IND,2,5,1,6,7,DIRECT_LOW_NONZERO:+1,2,2,2,0,0,0,0,0,NONE,NONE,SEM_LOGIC,ADDR_DP_IND
52,0,1,0,LEGAL,,EOR,DP_IND,2,5,0,5,6,DIRECT_LOW_NONZERO:+1,2,2,1,0,0,0,0,0,NONE,NONE,SEM_LOGIC,ADDR_DP_IND
52,0,1,1,LEGAL,,EOR,DP_IND,2,5,0,5,6,DIRECT_LOW_NONZERO:+1,2,2,1,0,0,0,0,0,NONE,NONE,SEM_LOGIC,ADDR_DP_IND
52,1,0,0,REJECTED,E=1 requires architectural M=1 and X=1,EOR,DP_IND,,5,,,,,,,,,,,,,,,,
52,1,0,1,REJECTED,E=1 requires architectural M=1 and X=1,EOR,DP_IND,,5,,,,,,,,,,,,,,,,
52,1,1,0,REJECTED,E=1 requires architectural M=1 and X=1,EOR,DP_IND,,5,,,,,,,,,,,,,,,,
52,1,1,1,LEGAL,,EOR,DP_IND,2,5,0,5,6,DIRECT_LOW_NONZERO:+1,2,2,1,0,0,0,0,0,NONE,NONE,SEM_LOGIC,ADDR_DP_IND
53,0,0,0,LEGAL,,EOR,STACK_REL_IND_Y,2,7,1,8,8,NONE,2,2,2,0,0,0,0,0,NONE,NONE,SEM_LOGIC,ADDR_STACK_REL_IND_Y
53,0,0,1,LEGAL,,EOR,STACK_REL_IND_Y,2,7,1,8,8,NONE,2,2,2,0,0,0,0,0,NONE,NONE,SEM_LOGIC,ADDR_STACK_REL_IND_Y
53,0,1,0,LEGAL,,EOR,STACK_REL_IND_Y,2,7,0,7,7,NONE,2,2,1,0,0,0,0,0,NONE,NONE,SEM_LOGIC,ADDR_STACK_REL_IND_Y
53,0,1,1,LEGAL,,EOR,STACK_REL_IND_Y,2,7,0,7,7,NONE,2,2,1,0,0,0,0,0,NONE,NONE,SEM_LOGIC,ADDR_STACK_REL_IND_Y
53,1,0,0,REJECTED,E=1 requires architectural M=1 and X=1,EOR,STACK_REL_IND_Y,,7,,,,,,,,,,,,,,,,
53,1,0,1,REJECTED,E=1 requires architectural M=1 and X=1,EOR,STACK_REL_IND_Y,,7,,,,,,,,,,,,,,,,
53,1,1,0,REJECTED,E=1 requires architectural M=1 and X=1,EOR,STACK_REL_IND_Y,,7,,,,,,,,,,,,,,,,
53,1,1,1,LEGAL,,EOR,STACK_REL_IND_Y,2,7,0,7,7,NONE,2,2,1,0,0,0,0,0,NONE,NONE,SEM_LOGIC,ADDR_STACK_REL_IND_Y
54,0,0,0,LEGAL,,MVN,BLOCK,3,7,0,7,7,NONE,3,0,1,1,0,0,0,0,NONE,REPEAT_7_CYCLES_PER_BYTE_UNTIL_A_FFFF,SEM_BLOCK_MOVE,ADDR_BLOCK
54,0,0,1,LEGAL,,MVN,BLOCK,3,7,0,7,7,NONE,3,0,1,1,0,0,0,0,NONE,REPEAT_7_CYCLES_PER_BYTE_UNTIL_A_FFFF,SEM_BLOCK_MOVE,ADDR_BLOCK
54,0,1,0,LEGAL,,MVN,BLOCK,3,7,0,7,7,NONE,3,0,1,1,0,0,0,0,NONE,REPEAT_7_CYCLES_PER_BYTE_UNTIL_A_FFFF,SEM_BLOCK_MOVE,ADDR_BLOCK
54,0,1,1,LEGAL,,MVN,BLOCK,3,7,0,7,7,NONE,3,0,1,1,0,0,0,0,NONE,REPEAT_7_CYCLES_PER_BYTE_UNTIL_A_FFFF,SEM_BLOCK_MOVE,ADDR_BLOCK
54,1,0,0,REJECTED,E=1 requires architectural M=1 and X=1,MVN,BLOCK,,7,,,,,,,,,,,,,,,,
54,1,0,1,REJECTED,E=1 requires architectural M=1 and X=1,MVN,BLOCK,,7,,,,,,,,,,,,,,,,
54,1,1,0,REJECTED,E=1 requires architectural M=1 and X=1,MVN,BLOCK,,7,,,,,,,,,,,,,,,,
54,1,1,1,LEGAL,,MVN,BLOCK,3,7,0,7,7,NONE,3,0,1,1,0,0,0,0,NONE,REPEAT_7_CYCLES_PER_BYTE_UNTIL_A_FFFF,SEM_BLOCK_MOVE,ADDR_BLOCK
55,0,0,0,LEGAL,,EOR,DP_X,2,4,1,5,6,DIRECT_LOW_NONZERO:+1,2,0,2,0,0,0,0,0,NONE,NONE,SEM_LOGIC,ADDR_DP_X
55,0,0,1,LEGAL,,EOR,DP_X,2,4,1,5,6,DIRECT_LOW_NONZERO:+1,2,0,2,0,0,0,0,0,NONE,NONE,SEM_LOGIC,ADDR_DP_X
55,0,1,0,LEGAL,,EOR,DP_X,2,4,0,4,5,DIRECT_LOW_NONZERO:+1,2,0,1,0,0,0,0,0,NONE,NONE,SEM_LOGIC,ADDR_DP_X
55,0,1,1,LEGAL,,EOR,DP_X,2,4,0,4,5,DIRECT_LOW_NONZERO:+1,2,0,1,0,0,0,0,0,NONE,NONE,SEM_LOGIC,ADDR_DP_X
55,1,0,0,REJECTED,E=1 requires architectural M=1 and X=1,EOR,DP_X,,4,,,,,,,,,,,,,,,,
55,1,0,1,REJECTED,E=1 requires architectural M=1 and X=1,EOR,DP_X,,4,,,,,,,,,,,,,,,,
55,1,1,0,REJECTED,E=1 requires architectural M=1 and X=1,EOR,DP_X,,4,,,,,,,,,,,,,,,,
55,1,1,1,LEGAL,,EOR,DP_X,2,4,0,4,5,DIRECT_LOW_NONZERO:+1,2,0,1,0,0,0,0,0,NONE,NONE,SEM_LOGIC,ADDR_DP_X
56,0,0,0,LEGAL,,LSR,DP_X,2,6,2,8,9,DIRECT_LOW_NONZERO:+1,2,0,2,2,0,0,0,0,HIGH_THEN_LOW,NONE,SEM_SHIFT_ROTATE,ADDR_DP_X
56,0,0,1,LEGAL,,LSR,DP_X,2,6,2,8,9,DIRECT_LOW_NONZERO:+1,2,0,2,2,0,0,0,0,HIGH_THEN_LOW,NONE,SEM_SHIFT_ROTATE,ADDR_DP_X
56,0,1,0,LEGAL,,LSR,DP_X,2,6,0,6,7,DIRECT_LOW_NONZERO:+1,2,0,1,1,0,0,0,0,LOW_FINAL,NONE,SEM_SHIFT_ROTATE,ADDR_DP_X
56,0,1,1,LEGAL,,LSR,DP_X,2,6,0,6,7,DIRECT_LOW_NONZERO:+1,2,0,1,1,0,0,0,0,LOW_FINAL,NONE,SEM_SHIFT_ROTATE,ADDR_DP_X
56,1,0,0,REJECTED,E=1 requires architectural M=1 and X=1,LSR,DP_X,,6,,,,,,,,,,,,,,,,
56,1,0,1,REJECTED,E=1 requires architectural M=1 and X=1,LSR,DP_X,,6,,,,,,,,,,,,,,,,
56,1,1,0,REJECTED,E=1 requires architectural M=1 and X=1,LSR,DP_X,,6,,,,,,,,,,,,,,,,
56,1,1,1,LEGAL,,LSR,DP_X,2,6,0,6,7,DIRECT_LOW_NONZERO:+1,2,0,1,1,1,0,0,0,LOW_FINAL,NONE,SEM_SHIFT_ROTATE,ADDR_DP_X
57,0,0,0,LEGAL,,EOR,DP_IND_LONG_Y,2,6,1,7,8,DIRECT_LOW_NONZERO:+1,2,3,2,0,0,0,0,0,NONE,NONE,SEM_LOGIC,ADDR_DP_IND_LONG_Y
57,0,0,1,LEGAL,,EOR,DP_IND_LONG_Y,2,6,1,7,8,DIRECT_LOW_NONZERO:+1,2,3,2,0,0,0,0,0,NONE,NONE,SEM_LOGIC,ADDR_DP_IND_LONG_Y
57,0,1,0,LEGAL,,EOR,DP_IND_LONG_Y,2,6,0,6,7,DIRECT_LOW_NONZERO:+1,2,3,1,0,0,0,0,0,NONE,NONE,SEM_LOGIC,ADDR_DP_IND_LONG_Y
57,0,1,1,LEGAL,,EOR,DP_IND_LONG_Y,2,6,0,6,7,DIRECT_LOW_NONZERO:+1,2,3,1,0,0,0,0,0,NONE,NONE,SEM_LOGIC,ADDR_DP_IND_LONG_Y
57,1,0,0,REJECTED,E=1 requires architectural M=1 and X=1,EOR,DP_IND_LONG_Y,,6,,,,,,,,,,,,,,,,
57,1,0,1,REJECTED,E=1 requires architectural M=1 and X=1,EOR,DP_IND_LONG_Y,,6,,,,,,,,,,,,,,,,
57,1,1,0,REJECTED,E=1 requires architectural M=1 and X=1,EOR,DP_IND_LONG_Y,,6,,,,,,,,,,,,,,,,
57,1,1,1,LEGAL,,EOR,DP_IND_LONG_Y,2,6,0,6,7,DIRECT_LOW_NONZERO:+1,2,3,1,0,0,0,0,0,NONE,NONE,SEM_LOGIC,ADDR_DP_IND_LONG_Y
58,0,0,0,LEGAL,,CLI,IMP,1,2,0,2,2,NONE,1,0,0,0,0,0,0,0,NONE,NONE,SEM_FLAGS,ADDR_IMP
58,0,0,1,LEGAL,,CLI,IMP,1,2,0,2,2,NONE,1,0,0,0,0,0,0,0,NONE,NONE,SEM_FLAGS,ADDR_IMP
58,0,1,0,LEGAL,,CLI,IMP,1,2,0,2,2,NONE,1,0,0,0,0,0,0,0,NONE,NONE,SEM_FLAGS,ADDR_IMP
58,0,1,1,LEGAL,,CLI,IMP,1,2,0,2,2,NONE,1,0,0,0,0,0,0,0,NONE,NONE,SEM_FLAGS,ADDR_IMP
58,1,0,0,REJECTED,E=1 requires architectural M=1 and X=1,CLI,IMP,,2,,,,,,,,,,,,,,,,
58,1,0,1,REJECTED,E=1 requires architectural M=1 and X=1,CLI,IMP,,2,,,,,,,,,,,,,,,,
58,1,1,0,REJECTED,E=1 requires architectural M=1 and X=1,CLI,IMP,,2,,,,,,,,,,,,,,,,
58,1,1,1,LEGAL,,CLI,IMP,1,2,0,2,2,NONE,1,0,0,0,0,0,0,0,NONE,NONE,SEM_FLAGS,ADDR_IMP
59,0,0,0,LEGAL,,EOR,ABS_Y,3,4,2,6,6,NONE,3,0,2,0,0,0,0,0,NONE,NONE,SEM_LOGIC,ADDR_ABS_Y
59,0,0,1,LEGAL,,EOR,ABS_Y,3,4,1,5,6,INDEX_PAGE_CROSS:+1,3,0,2,0,0,0,0,0,NONE,NONE,SEM_LOGIC,ADDR_ABS_Y
59,0,1,0,LEGAL,,EOR,ABS_Y,3,4,1,5,5,NONE,3,0,1,0,0,0,0,0,NONE,NONE,SEM_LOGIC,ADDR_ABS_Y
59,0,1,1,LEGAL,,EOR,ABS_Y,3,4,0,4,5,INDEX_PAGE_CROSS:+1,3,0,1,0,0,0,0,0,NONE,NONE,SEM_LOGIC,ADDR_ABS_Y
59,1,0,0,REJECTED,E=1 requires architectural M=1 and X=1,EOR,ABS_Y,,4,,,,,,,,,,,,,,,,
59,1,0,1,REJECTED,E=1 requires architectural M=1 and X=1,EOR,ABS_Y,,4,,,,,,,,,,,,,,,,
59,1,1,0,REJECTED,E=1 requires architectural M=1 and X=1,EOR,ABS_Y,,4,,,,,,,,,,,,,,,,
59,1,1,1,LEGAL,,EOR,ABS_Y,3,4,0,4,5,INDEX_PAGE_CROSS:+1,3,0,1,0,0,0,0,0,NONE,NONE,SEM_LOGIC,ADDR_ABS_Y
5A,0,0,0,LEGAL,,PHY,IMP,1,3,1,4,4,NONE,1,0,0,0,0,0,2,0,NONE,NONE,SEM_STACK,ADDR_IMP
5A,0,0,1,LEGAL,,PHY,IMP,1,3,0,3,3,NONE,1,0,0,0,0,0,1,0,NONE,NONE,SEM_STACK,ADDR_IMP
5A,0,1,0,LEGAL,,PHY,IMP,1,3,1,4,4,NONE,1,0,0,0,0,0,2,0,NONE,NONE,SEM_STACK,ADDR_IMP
5A,0,1,1,LEGAL,,PHY,IMP,1,3,0,3,3,NONE,1,0,0,0,0,0,1,0,NONE,NONE,SEM_STACK,ADDR_IMP
5A,1,0,0,REJECTED,E=1 requires architectural M=1 and X=1,PHY,IMP,,3,,,,,,,,,,,,,,,,
5A,1,0,1,REJECTED,E=1 requires architectural M=1 and X=1,PHY,IMP,,3,,,,,,,,,,,,,,,,
5A,1,1,0,REJECTED,E=1 requires architectural M=1 and X=1,PHY,IMP,,3,,,,,,,,,,,,,,,,
5A,1,1,1,LEGAL,,PHY,IMP,1,3,0,3,3,NONE,1,0,0,0,0,0,1,0,NONE,NONE,SEM_STACK,ADDR_IMP
5B,0,0,0,LEGAL,,TCD,IMP,1,2,0,2,2,NONE,1,0,0,0,0,0,0,0,NONE,NONE,SEM_TRANSFER,ADDR_IMP
5B,0,0,1,LEGAL,,TCD,IMP,1,2,0,2,2,NONE,1,0,0,0,0,0,0,0,NONE,NONE,SEM_TRANSFER,ADDR_IMP
5B,0,1,0,LEGAL,,TCD,IMP,1,2,0,2,2,NONE,1,0,0,0,0,0,0,0,NONE,NONE,SEM_TRANSFER,ADDR_IMP
5B,0,1,1,LEGAL,,TCD,IMP,1,2,0,2,2,NONE,1,0,0,0,0,0,0,0,NONE,NONE,SEM_TRANSFER,ADDR_IMP
5B,1,0,0,REJECTED,E=1 requires architectural M=1 and X=1,TCD,IMP,,2,,,,,,,,,,,,,,,,
5B,1,0,1,REJECTED,E=1 requires architectural M=1 and X=1,TCD,IMP,,2,,,,,,,,,,,,,,,,
5B,1,1,0,REJECTED,E=1 requires architectural M=1 and X=1,TCD,IMP,,2,,,,,,,,,,,,,,,,
5B,1,1,1,LEGAL,,TCD,IMP,1,2,0,2,2,NONE,1,0,0,0,0,0,0,0,NONE,NONE,SEM_TRANSFER,ADDR_IMP
5C,0,0,0,LEGAL,,JML,ABSL_JUMP,4,4,0,4,4,NONE,4,0,0,0,0,0,0,0,NONE,NONE,SEM_CONTROL_INTERRUPT,ADDR_ABSL_JUMP
5C,0,0,1,LEGAL,,JML,ABSL_JUMP,4,4,0,4,4,NONE,4,0,0,0,0,0,0,0,NONE,NONE,SEM_CONTROL_INTERRUPT,ADDR_ABSL_JUMP
5C,0,1,0,LEGAL,,JML,ABSL_JUMP,4,4,0,4,4,NONE,4,0,0,0,0,0,0,0,NONE,NONE,SEM_CONTROL_INTERRUPT,ADDR_ABSL_JUMP
5C,0,1,1,LEGAL,,JML,ABSL_JUMP,4,4,0,4,4,NONE,4,0,0,0,0,0,0,0,NONE,NONE,SEM_CONTROL_INTERRUPT,ADDR_ABSL_JUMP
5C,1,0,0,REJECTED,E=1 requires architectural M=1 and X=1,JML,ABSL_JUMP,,4,,,,,,,,,,,,,,,,
5C,1,0,1,REJECTED,E=1 requires architectural M=1 and X=1,JML,ABSL_JUMP,,4,,,,,,,,,,,,,,,,
5C,1,1,0,REJECTED,E=1 requires architectural M=1 and X=1,JML,ABSL_JUMP,,4,,,,,,,,,,,,,,,,
5C,1,1,1,LEGAL,,JML,ABSL_JUMP,4,4,0,4,4,NONE,4,0,0,0,0,0,0,0,NONE,NONE,SEM_CONTROL_INTERRUPT,ADDR_ABSL_JUMP
5D,0,0,0,LEGAL,,EOR,ABS_X,3,4,2,6,6,NONE,3,0,2,0,0,0,0,0,NONE,NONE,SEM_LOGIC,ADDR_ABS_X
5D,0,0,1,LEGAL,,EOR,ABS_X,3,4,1,5,6,INDEX_PAGE_CROSS:+1,3,0,2,0,0,0,0,0,NONE,NONE,SEM_LOGIC,ADDR_ABS_X
5D,0,1,0,LEGAL,,EOR,ABS_X,3,4,1,5,5,NONE,3,0,1,0,0,0,0,0,NONE,NONE,SEM_LOGIC,ADDR_ABS_X
5D,0,1,1,LEGAL,,EOR,ABS_X,3,4,0,4,5,INDEX_PAGE_CROSS:+1,3,0,1,0,0,0,0,0,NONE,NONE,SEM_LOGIC,ADDR_ABS_X
5D,1,0,0,REJECTED,E=1 requires architectural M=1 and X=1,EOR,ABS_X,,4,,,,,,,,,,,,,,,,
5D,1,0,1,REJECTED,E=1 requires architectural M=1 and X=1,EOR,ABS_X,,4,,,,,,,,,,,,,,,,
5D,1,1,0,REJECTED,E=1 requires architectural M=1 and X=1,EOR,ABS_X,,4,,,,,,,,,,,,,,,,
5D,1,1,1,LEGAL,,EOR,ABS_X,3,4,0,4,5,INDEX_PAGE_CROSS:+1,3,0,1,0,0,0,0,0,NONE,NONE,SEM_LOGIC,ADDR_ABS_X
5E,0,0,0,LEGAL,,LSR,ABS_X,3,7,2,9,9,NONE,3,0,2,2,0,0,0,0,HIGH_THEN_LOW,NONE,SEM_SHIFT_ROTATE,ADDR_ABS_X
5E,0,0,1,LEGAL,,LSR,ABS_X,3,7,2,9,9,NONE,3,0,2,2,0,0,0,0,HIGH_THEN_LOW,NONE,SEM_SHIFT_ROTATE,ADDR_ABS_X
5E,0,1,0,LEGAL,,LSR,ABS_X,3,7,0,7,7,NONE,3,0,1,1,0,0,0,0,LOW_FINAL,NONE,SEM_SHIFT_ROTATE,ADDR_ABS_X
5E,0,1,1,LEGAL,,LSR,ABS_X,3,7,0,7,7,NONE,3,0,1,1,0,0,0,0,LOW_FINAL,NONE,SEM_SHIFT_ROTATE,ADDR_ABS_X
5E,1,0,0,REJECTED,E=1 requires architectural M=1 and X=1,LSR,ABS_X,,7,,,,,,,,,,,,,,,,
5E,1,0,1,REJECTED,E=1 requires architectural M=1 and X=1,LSR,ABS_X,,7,,,,,,,,,,,,,,,,
5E,1,1,0,REJECTED,E=1 requires architectural M=1 and X=1,LSR,ABS_X,,7,,,,,,,,,,,,,,,,
5E,1,1,1,LEGAL,,LSR,ABS_X,3,7,0,7,7,NONE,3,0,1,1,1,0,0,0,LOW_FINAL,NONE,SEM_SHIFT_ROTATE,ADDR_ABS_X
5F,0,0,0,LEGAL,,EOR,ABS_LONG_X,4,5,1,6,6,NONE,4,0,2,0,0,0,0,0,NONE,NONE,SEM_LOGIC,ADDR_ABS_LONG_X
5F,0,0,1,LEGAL,,EOR,ABS_LONG_X,4,5,1,6,6,NONE,4,0,2,0,0,0,0,0,NONE,NONE,SEM_LOGIC,ADDR_ABS_LONG_X
5F,0,1,0,LEGAL,,EOR,ABS_LONG_X,4,5,0,5,5,NONE,4,0,1,0,0,0,0,0,NONE,NONE,SEM_LOGIC,ADDR_ABS_LONG_X
5F,0,1,1,LEGAL,,EOR,ABS_LONG_X,4,5,0,5,5,NONE,4,0,1,0,0,0,0,0,NONE,NONE,SEM_LOGIC,ADDR_ABS_LONG_X
5F,1,0,0,REJECTED,E=1 requires architectural M=1 and X=1,EOR,ABS_LONG_X,,5,,,,,,,,,,,,,,,,
5F,1,0,1,REJECTED,E=1 requires architectural M=1 and X=1,EOR,ABS_LONG_X,,5,,,,,,,,,,,,,,,,
5F,1,1,0,REJECTED,E=1 requires architectural M=1 and X=1,EOR,ABS_LONG_X,,5,,,,,,,,,,,,,,,,
5F,1,1,1,LEGAL,,EOR,ABS_LONG_X,4,5,0,5,5,NONE,4,0,1,0,0,0,0,0,NONE,NONE,SEM_LOGIC,ADDR_ABS_LONG_X
60,0,0,0,LEGAL,,RTS,IMP,1,6,0,6,6,NONE,1,0,0,0,0,2,0,0,NONE,NONE,SEM_CONTROL_INTERRUPT,ADDR_IMP
60,0,0,1,LEGAL,,RTS,IMP,1,6,0,6,6,NONE,1,0,0,0,0,2,0,0,NONE,NONE,SEM_CONTROL_INTERRUPT,ADDR_IMP
60,0,1,0,LEGAL,,RTS,IMP,1,6,0,6,6,NONE,1,0,0,0,0,2,0,0,NONE,NONE,SEM_CONTROL_INTERRUPT,ADDR_IMP
60,0,1,1,LEGAL,,RTS,IMP,1,6,0,6,6,NONE,1,0,0,0,0,2,0,0,NONE,NONE,SEM_CONTROL_INTERRUPT,ADDR_IMP
60,1,0,0,REJECTED,E=1 requires architectural M=1 and X=1,RTS,IMP,,6,,,,,,,,,,,,,,,,
60,1,0,1,REJECTED,E=1 requires architectural M=1 and X=1,RTS,IMP,,6,,,,,,,,,,,,,,,,
60,1,1,0,REJECTED,E=1 requires architectural M=1 and X=1,RTS,IMP,,6,,,,,,,,,,,,,,,,
60,1,1,1,LEGAL,,RTS,IMP,1,6,0,6,6,NONE,1,0,0,0,0,2,0,0,NONE,NONE,SEM_CONTROL_INTERRUPT,ADDR_IMP
61,0,0,0,LEGAL,,ADC,DP_X_IND,2,6,1,7,8,DIRECT_LOW_NONZERO:+1,2,2,2,0,0,0,0,0,NONE,NONE,SEM_ARITHMETIC,ADDR_DP_X_IND
61,0,0,1,LEGAL,,ADC,DP_X_IND,2,6,1,7,8,DIRECT_LOW_NONZERO:+1,2,2,2,0,0,0,0,0,NONE,NONE,SEM_ARITHMETIC,ADDR_DP_X_IND
61,0,1,0,LEGAL,,ADC,DP_X_IND,2,6,0,6,7,DIRECT_LOW_NONZERO:+1,2,2,1,0,0,0,0,0,NONE,NONE,SEM_ARITHMETIC,ADDR_DP_X_IND
61,0,1,1,LEGAL,,ADC,DP_X_IND,2,6,0,6,7,DIRECT_LOW_NONZERO:+1,2,2,1,0,0,0,0,0,NONE,NONE,SEM_ARITHMETIC,ADDR_DP_X_IND
61,1,0,0,REJECTED,E=1 requires architectural M=1 and X=1,ADC,DP_X_IND,,6,,,,,,,,,,,,,,,,
61,1,0,1,REJECTED,E=1 requires architectural M=1 and X=1,ADC,DP_X_IND,,6,,,,,,,,,,,,,,,,
61,1,1,0,REJECTED,E=1 requires architectural M=1 and X=1,ADC,DP_X_IND,,6,,,,,,,,,,,,,,,,
61,1,1,1,LEGAL,,ADC,DP_X_IND,2,6,0,6,7,DIRECT_LOW_NONZERO:+1,2,2,1,0,0,0,0,0,NONE,NONE,SEM_ARITHMETIC,ADDR_DP_X_IND
62,0,0,0,LEGAL,,PER,REL16,3,6,0,6,6,NONE,3,0,0,0,0,0,2,0,NONE,NONE,SEM_STACK,ADDR_REL16
62,0,0,1,LEGAL,,PER,REL16,3,6,0,6,6,NONE,3,0,0,0,0,0,2,0,NONE,NONE,SEM_STACK,ADDR_REL16
62,0,1,0,LEGAL,,PER,REL16,3,6,0,6,6,NONE,3,0,0,0,0,0,2,0,NONE,NONE,SEM_STACK,ADDR_REL16
62,0,1,1,LEGAL,,PER,REL16,3,6,0,6,6,NONE,3,0,0,0,0,0,2,0,NONE,NONE,SEM_STACK,ADDR_REL16
62,1,0,0,REJECTED,E=1 requires architectural M=1 and X=1,PER,REL16,,6,,,,,,,,,,,,,,,,
62,1,0,1,REJECTED,E=1 requires architectural M=1 and X=1,PER,REL16,,6,,,,,,,,,,,,,,,,
62,1,1,0,REJECTED,E=1 requires architectural M=1 and X=1,PER,REL16,,6,,,,,,,,,,,,,,,,
62,1,1,1,LEGAL,,PER,REL16,3,6,0,6,6,NONE,3,0,0,0,0,0,2,0,NONE,NONE,SEM_STACK,ADDR_REL16
63,0,0,0,LEGAL,,ADC,STACK_REL,2,4,1,5,5,NONE,2,0,2,0,0,0,0,0,NONE,NONE,SEM_ARITHMETIC,ADDR_STACK_REL
63,0,0,1,LEGAL,,ADC,STACK_REL,2,4,1,5,5,NONE,2,0,2,0,0,0,0,0,NONE,NONE,SEM_ARITHMETIC,ADDR_STACK_REL
63,0,1,0,LEGAL,,ADC,STACK_REL,2,4,0,4,4,NONE,2,0,1,0,0,0,0,0,NONE,NONE,SEM_ARITHMETIC,ADDR_STACK_REL
63,0,1,1,LEGAL,,ADC,STACK_REL,2,4,0,4,4,NONE,2,0,1,0,0,0,0,0,NONE,NONE,SEM_ARITHMETIC,ADDR_STACK_REL
63,1,0,0,REJECTED,E=1 requires architectural M=1 and X=1,ADC,STACK_REL,,4,,,,,,,,,,,,,,,,
63,1,0,1,REJECTED,E=1 requires architectural M=1 and X=1,ADC,STACK_REL,,4,,,,,,,,,,,,,,,,
63,1,1,0,REJECTED,E=1 requires architectural M=1 and X=1,ADC,STACK_REL,,4,,,,,,,,,,,,,,,,
63,1,1,1,LEGAL,,ADC,STACK_REL,2,4,0,4,4,NONE,2,0,1,0,0,0,0,0,NONE,NONE,SEM_ARITHMETIC,ADDR_STACK_REL
64,0,0,0,LEGAL,,STZ,DP,2,3,1,4,5,DIRECT_LOW_NONZERO:+1,2,0,0,2,0,0,0,0,NONE,NONE,SEM_LOAD_STORE,ADDR_DP
64,0,0,1,LEGAL,,STZ,DP,2,3,1,4,5,DIRECT_LOW_NONZERO:+1,2,0,0,2,0,0,0,0,NONE,NONE,SEM_LOAD_STORE,ADDR_DP
64,0,1,0,LEGAL,,STZ,DP,2,3,0,3,4,DIRECT_LOW_NONZERO:+1,2,0,0,1,0,0,0,0,NONE,NONE,SEM_LOAD_STORE,ADDR_DP
64,0,1,1,LEGAL,,STZ,DP,2,3,0,3,4,DIRECT_LOW_NONZERO:+1,2,0,0,1,0,0,0,0,NONE,NONE,SEM_LOAD_STORE,ADDR_DP
64,1,0,0,REJECTED,E=1 requires architectural M=1 and X=1,STZ,DP,,3,,,,,,,,,,,,,,,,
64,1,0,1,REJECTED,E=1 requires architectural M=1 and X=1,STZ,DP,,3,,,,,,,,,,,,,,,,
64,1,1,0,REJECTED,E=1 requires architectural M=1 and X=1,STZ,DP,,3,,,,,,,,,,,,,,,,
64,1,1,1,LEGAL,,STZ,DP,2,3,0,3,4,DIRECT_LOW_NONZERO:+1,2,0,0,1,0,0,0,0,NONE,NONE,SEM_LOAD_STORE,ADDR_DP
65,0,0,0,LEGAL,,ADC,DP,2,3,1,4,5,DIRECT_LOW_NONZERO:+1,2,0,2,0,0,0,0,0,NONE,NONE,SEM_ARITHMETIC,ADDR_DP
65,0,0,1,LEGAL,,ADC,DP,2,3,1,4,5,DIRECT_LOW_NONZERO:+1,2,0,2,0,0,0,0,0,NONE,NONE,SEM_ARITHMETIC,ADDR_DP
65,0,1,0,LEGAL,,ADC,DP,2,3,0,3,4,DIRECT_LOW_NONZERO:+1,2,0,1,0,0,0,0,0,NONE,NONE,SEM_ARITHMETIC,ADDR_DP
65,0,1,1,LEGAL,,ADC,DP,2,3,0,3,4,DIRECT_LOW_NONZERO:+1,2,0,1,0,0,0,0,0,NONE,NONE,SEM_ARITHMETIC,ADDR_DP
65,1,0,0,REJECTED,E=1 requires architectural M=1 and X=1,ADC,DP,,3,,,,,,,,,,,,,,,,
65,1,0,1,REJECTED,E=1 requires architectural M=1 and X=1,ADC,DP,,3,,,,,,,,,,,,,,,,
65,1,1,0,REJECTED,E=1 requires architectural M=1 and X=1,ADC,DP,,3,,,,,,,,,,,,,,,,
65,1,1,1,LEGAL,,ADC,DP,2,3,0,3,4,DIRECT_LOW_NONZERO:+1,2,0,1,0,0,0,0,0,NONE,NONE,SEM_ARITHMETIC,ADDR_DP
66,0,0,0,LEGAL,,ROR,DP,2,5,2,7,8,DIRECT_LOW_NONZERO:+1,2,0,2,2,0,0,0,0,HIGH_THEN_LOW,NONE,SEM_SHIFT_ROTATE,ADDR_DP
66,0,0,1,LEGAL,,ROR,DP,2,5,2,7,8,DIRECT_LOW_NONZERO:+1,2,0,2,2,0,0,0,0,HIGH_THEN_LOW,NONE,SEM_SHIFT_ROTATE,ADDR_DP
66,0,1,0,LEGAL,,ROR,DP,2,5,0,5,6,DIRECT_LOW_NONZERO:+1,2,0,1,1,0,0,0,0,LOW_FINAL,NONE,SEM_SHIFT_ROTATE,ADDR_DP
66,0,1,1,LEGAL,,ROR,DP,2,5,0,5,6,DIRECT_LOW_NONZERO:+1,2,0,1,1,0,0,0,0,LOW_FINAL,NONE,SEM_SHIFT_ROTATE,ADDR_DP
66,1,0,0,REJECTED,E=1 requires architectural M=1 and X=1,ROR,DP,,5,,,,,,,,,,,,,,,,
66,1,0,1,REJECTED,E=1 requires architectural M=1 and X=1,ROR,DP,,5,,,,,,,,,,,,,,,,
66,1,1,0,REJECTED,E=1 requires architectural M=1 and X=1,ROR,DP,,5,,,,,,,,,,,,,,,,
66,1,1,1,LEGAL,,ROR,DP,2,5,0,5,6,DIRECT_LOW_NONZERO:+1,2,0,1,1,1,0,0,0,LOW_FINAL,NONE,SEM_SHIFT_ROTATE,ADDR_DP
67,0,0,0,LEGAL,,ADC,DP_IND_LONG,2,6,1,7,8,DIRECT_LOW_NONZERO:+1,2,3,2,0,0,0,0,0,NONE,NONE,SEM_ARITHMETIC,ADDR_DP_IND_LONG
67,0,0,1,LEGAL,,ADC,DP_IND_LONG,2,6,1,7,8,DIRECT_LOW_NONZERO:+1,2,3,2,0,0,0,0,0,NONE,NONE,SEM_ARITHMETIC,ADDR_DP_IND_LONG
67,0,1,0,LEGAL,,ADC,DP_IND_LONG,2,6,0,6,7,DIRECT_LOW_NONZERO:+1,2,3,1,0,0,0,0,0,NONE,NONE,SEM_ARITHMETIC,ADDR_DP_IND_LONG
67,0,1,1,LEGAL,,ADC,DP_IND_LONG,2,6,0,6,7,DIRECT_LOW_NONZERO:+1,2,3,1,0,0,0,0,0,NONE,NONE,SEM_ARITHMETIC,ADDR_DP_IND_LONG
67,1,0,0,REJECTED,E=1 requires architectural M=1 and X=1,ADC,DP_IND_LONG,,6,,,,,,,,,,,,,,,,
67,1,0,1,REJECTED,E=1 requires architectural M=1 and X=1,ADC,DP_IND_LONG,,6,,,,,,,,,,,,,,,,
67,1,1,0,REJECTED,E=1 requires architectural M=1 and X=1,ADC,DP_IND_LONG,,6,,,,,,,,,,,,,,,,
67,1,1,1,LEGAL,,ADC,DP_IND_LONG,2,6,0,6,7,DIRECT_LOW_NONZERO:+1,2,3,1,0,0,0,0,0,NONE,NONE,SEM_ARITHMETIC,ADDR_DP_IND_LONG
68,0,0,0,LEGAL,,PLA,IMP,1,4,1,5,5,NONE,1,0,0,0,0,2,0,0,NONE,NONE,SEM_STACK,ADDR_IMP
68,0,0,1,LEGAL,,PLA,IMP,1,4,1,5,5,NONE,1,0,0,0,0,2,0,0,NONE,NONE,SEM_STACK,ADDR_IMP
68,0,1,0,LEGAL,,PLA,IMP,1,4,0,4,4,NONE,1,0,0,0,0,1,0,0,NONE,NONE,SEM_STACK,ADDR_IMP
68,0,1,1,LEGAL,,PLA,IMP,1,4,0,4,4,NONE,1,0,0,0,0,1,0,0,NONE,NONE,SEM_STACK,ADDR_IMP
68,1,0,0,REJECTED,E=1 requires architectural M=1 and X=1,PLA,IMP,,4,,,,,,,,,,,,,,,,
68,1,0,1,REJECTED,E=1 requires architectural M=1 and X=1,PLA,IMP,,4,,,,,,,,,,,,,,,,
68,1,1,0,REJECTED,E=1 requires architectural M=1 and X=1,PLA,IMP,,4,,,,,,,,,,,,,,,,
68,1,1,1,LEGAL,,PLA,IMP,1,4,0,4,4,NONE,1,0,0,0,0,1,0,0,NONE,NONE,SEM_STACK,ADDR_IMP
69,0,0,0,LEGAL,,ADC,IMM_M,3,2,1,3,3,NONE,3,0,0,0,0,0,0,0,NONE,NONE,SEM_ARITHMETIC,ADDR_IMM_M
69,0,0,1,LEGAL,,ADC,IMM_M,3,2,1,3,3,NONE,3,0,0,0,0,0,0,0,NONE,NONE,SEM_ARITHMETIC,ADDR_IMM_M
69,0,1,0,LEGAL,,ADC,IMM_M,2,2,0,2,2,NONE,2,0,0,0,0,0,0,0,NONE,NONE,SEM_ARITHMETIC,ADDR_IMM_M
69,0,1,1,LEGAL,,ADC,IMM_M,2,2,0,2,2,NONE,2,0,0,0,0,0,0,0,NONE,NONE,SEM_ARITHMETIC,ADDR_IMM_M
69,1,0,0,REJECTED,E=1 requires architectural M=1 and X=1,ADC,IMM_M,,2,,,,,,,,,,,,,,,,
69,1,0,1,REJECTED,E=1 requires architectural M=1 and X=1,ADC,IMM_M,,2,,,,,,,,,,,,,,,,
69,1,1,0,REJECTED,E=1 requires architectural M=1 and X=1,ADC,IMM_M,,2,,,,,,,,,,,,,,,,
69,1,1,1,LEGAL,,ADC,IMM_M,2,2,0,2,2,NONE,2,0,0,0,0,0,0,0,NONE,NONE,SEM_ARITHMETIC,ADDR_IMM_M
6A,0,0,0,LEGAL,,ROR,ACC,1,2,0,2,2,NONE,1,0,0,0,0,0,0,0,NONE,NONE,SEM_SHIFT_ROTATE,ADDR_ACC
6A,0,0,1,LEGAL,,ROR,ACC,1,2,0,2,2,NONE,1,0,0,0,0,0,0,0,NONE,NONE,SEM_SHIFT_ROTATE,ADDR_ACC
6A,0,1,0,LEGAL,,ROR,ACC,1,2,0,2,2,NONE,1,0,0,0,0,0,0,0,NONE,NONE,SEM_SHIFT_ROTATE,ADDR_ACC
6A,0,1,1,LEGAL,,ROR,ACC,1,2,0,2,2,NONE,1,0,0,0,0,0,0,0,NONE,NONE,SEM_SHIFT_ROTATE,ADDR_ACC
6A,1,0,0,REJECTED,E=1 requires architectural M=1 and X=1,ROR,ACC,,2,,,,,,,,,,,,,,,,
6A,1,0,1,REJECTED,E=1 requires architectural M=1 and X=1,ROR,ACC,,2,,,,,,,,,,,,,,,,
6A,1,1,0,REJECTED,E=1 requires architectural M=1 and X=1,ROR,ACC,,2,,,,,,,,,,,,,,,,
6A,1,1,1,LEGAL,,ROR,ACC,1,2,0,2,2,NONE,1,0,0,0,0,0,0,0,NONE,NONE,SEM_SHIFT_ROTATE,ADDR_ACC
6B,0,0,0,LEGAL,,RTL,IMP,1,6,0,6,6,NONE,1,0,0,0,0,3,0,0,NONE,NONE,SEM_CONTROL_INTERRUPT,ADDR_IMP
6B,0,0,1,LEGAL,,RTL,IMP,1,6,0,6,6,NONE,1,0,0,0,0,3,0,0,NONE,NONE,SEM_CONTROL_INTERRUPT,ADDR_IMP
6B,0,1,0,LEGAL,,RTL,IMP,1,6,0,6,6,NONE,1,0,0,0,0,3,0,0,NONE,NONE,SEM_CONTROL_INTERRUPT,ADDR_IMP
6B,0,1,1,LEGAL,,RTL,IMP,1,6,0,6,6,NONE,1,0,0,0,0,3,0,0,NONE,NONE,SEM_CONTROL_INTERRUPT,ADDR_IMP
6B,1,0,0,REJECTED,E=1 requires architectural M=1 and X=1,RTL,IMP,,6,,,,,,,,,,,,,,,,
6B,1,0,1,REJECTED,E=1 requires architectural M=1 and X=1,RTL,IMP,,6,,,,,,,,,,,,,,,,
6B,1,1,0,REJECTED,E=1 requires architectural M=1 and X=1,RTL,IMP,,6,,,,,,,,,,,,,,,,
6B,1,1,1,LEGAL,,RTL,IMP,1,6,0,6,6,NONE,1,0,0,0,0,3,0,0,NONE,NONE,SEM_CONTROL_INTERRUPT,ADDR_IMP
6C,0,0,0,LEGAL,,JMP,ABS_IND,3,5,0,5,5,NONE,3,2,0,0,0,0,0,0,NONE,NONE,SEM_CONTROL_INTERRUPT,ADDR_ABS_IND
6C,0,0,1,LEGAL,,JMP,ABS_IND,3,5,0,5,5,NONE,3,2,0,0,0,0,0,0,NONE,NONE,SEM_CONTROL_INTERRUPT,ADDR_ABS_IND
6C,0,1,0,LEGAL,,JMP,ABS_IND,3,5,0,5,5,NONE,3,2,0,0,0,0,0,0,NONE,NONE,SEM_CONTROL_INTERRUPT,ADDR_ABS_IND
6C,0,1,1,LEGAL,,JMP,ABS_IND,3,5,0,5,5,NONE,3,2,0,0,0,0,0,0,NONE,NONE,SEM_CONTROL_INTERRUPT,ADDR_ABS_IND
6C,1,0,0,REJECTED,E=1 requires architectural M=1 and X=1,JMP,ABS_IND,,5,,,,,,,,,,,,,,,,
6C,1,0,1,REJECTED,E=1 requires architectural M=1 and X=1,JMP,ABS_IND,,5,,,,,,,,,,,,,,,,
6C,1,1,0,REJECTED,E=1 requires architectural M=1 and X=1,JMP,ABS_IND,,5,,,,,,,,,,,,,,,,
6C,1,1,1,LEGAL,,JMP,ABS_IND,3,5,0,5,5,NONE,3,2,0,0,0,0,0,0,NONE,NONE,SEM_CONTROL_INTERRUPT,ADDR_ABS_IND
6D,0,0,0,LEGAL,,ADC,ABS,3,4,1,5,5,NONE,3,0,2,0,0,0,0,0,NONE,NONE,SEM_ARITHMETIC,ADDR_ABS
6D,0,0,1,LEGAL,,ADC,ABS,3,4,1,5,5,NONE,3,0,2,0,0,0,0,0,NONE,NONE,SEM_ARITHMETIC,ADDR_ABS
6D,0,1,0,LEGAL,,ADC,ABS,3,4,0,4,4,NONE,3,0,1,0,0,0,0,0,NONE,NONE,SEM_ARITHMETIC,ADDR_ABS
6D,0,1,1,LEGAL,,ADC,ABS,3,4,0,4,4,NONE,3,0,1,0,0,0,0,0,NONE,NONE,SEM_ARITHMETIC,ADDR_ABS
6D,1,0,0,REJECTED,E=1 requires architectural M=1 and X=1,ADC,ABS,,4,,,,,,,,,,,,,,,,
6D,1,0,1,REJECTED,E=1 requires architectural M=1 and X=1,ADC,ABS,,4,,,,,,,,,,,,,,,,
6D,1,1,0,REJECTED,E=1 requires architectural M=1 and X=1,ADC,ABS,,4,,,,,,,,,,,,,,,,
6D,1,1,1,LEGAL,,ADC,ABS,3,4,0,4,4,NONE,3,0,1,0,0,0,0,0,NONE,NONE,SEM_ARITHMETIC,ADDR_ABS
6E,0,0,0,LEGAL,,ROR,ABS,3,6,2,8,8,NONE,3,0,2,2,0,0,0,0,HIGH_THEN_LOW,NONE,SEM_SHIFT_ROTATE,ADDR_ABS
6E,0,0,1,LEGAL,,ROR,ABS,3,6,2,8,8,NONE,3,0,2,2,0,0,0,0,HIGH_THEN_LOW,NONE,SEM_SHIFT_ROTATE,ADDR_ABS
6E,0,1,0,LEGAL,,ROR,ABS,3,6,0,6,6,NONE,3,0,1,1,0,0,0,0,LOW_FINAL,NONE,SEM_SHIFT_ROTATE,ADDR_ABS
6E,0,1,1,LEGAL,,ROR,ABS,3,6,0,6,6,NONE,3,0,1,1,0,0,0,0,LOW_FINAL,NONE,SEM_SHIFT_ROTATE,ADDR_ABS
6E,1,0,0,REJECTED,E=1 requires architectural M=1 and X=1,ROR,ABS,,6,,,,,,,,,,,,,,,,
6E,1,0,1,REJECTED,E=1 requires architectural M=1 and X=1,ROR,ABS,,6,,,,,,,,,,,,,,,,
6E,1,1,0,REJECTED,E=1 requires architectural M=1 and X=1,ROR,ABS,,6,,,,,,,,,,,,,,,,
6E,1,1,1,LEGAL,,ROR,ABS,3,6,0,6,6,NONE,3,0,1,1,1,0,0,0,LOW_FINAL,NONE,SEM_SHIFT_ROTATE,ADDR_ABS
6F,0,0,0,LEGAL,,ADC,ABS_LONG,4,5,1,6,6,NONE,4,0,2,0,0,0,0,0,NONE,NONE,SEM_ARITHMETIC,ADDR_ABS_LONG
6F,0,0,1,LEGAL,,ADC,ABS_LONG,4,5,1,6,6,NONE,4,0,2,0,0,0,0,0,NONE,NONE,SEM_ARITHMETIC,ADDR_ABS_LONG
6F,0,1,0,LEGAL,,ADC,ABS_LONG,4,5,0,5,5,NONE,4,0,1,0,0,0,0,0,NONE,NONE,SEM_ARITHMETIC,ADDR_ABS_LONG
6F,0,1,1,LEGAL,,ADC,ABS_LONG,4,5,0,5,5,NONE,4,0,1,0,0,0,0,0,NONE,NONE,SEM_ARITHMETIC,ADDR_ABS_LONG
6F,1,0,0,REJECTED,E=1 requires architectural M=1 and X=1,ADC,ABS_LONG,,5,,,,,,,,,,,,,,,,
6F,1,0,1,REJECTED,E=1 requires architectural M=1 and X=1,ADC,ABS_LONG,,5,,,,,,,,,,,,,,,,
6F,1,1,0,REJECTED,E=1 requires architectural M=1 and X=1,ADC,ABS_LONG,,5,,,,,,,,,,,,,,,,
6F,1,1,1,LEGAL,,ADC,ABS_LONG,4,5,0,5,5,NONE,4,0,1,0,0,0,0,0,NONE,NONE,SEM_ARITHMETIC,ADDR_ABS_LONG
70,0,0,0,LEGAL,,BVS,REL8,2,2,0,2,3,BRANCH_TAKEN:+1,2,0,0,0,0,0,0,0,NONE,NONE,SEM_BRANCH,ADDR_REL8
70,0,0,1,LEGAL,,BVS,REL8,2,2,0,2,3,BRANCH_TAKEN:+1,2,0,0,0,0,0,0,0,NONE,NONE,SEM_BRANCH,ADDR_REL8
70,0,1,0,LEGAL,,BVS,REL8,2,2,0,2,3,BRANCH_TAKEN:+1,2,0,0,0,0,0,0,0,NONE,NONE,SEM_BRANCH,ADDR_REL8
70,0,1,1,LEGAL,,BVS,REL8,2,2,0,2,3,BRANCH_TAKEN:+1,2,0,0,0,0,0,0,0,NONE,NONE,SEM_BRANCH,ADDR_REL8
70,1,0,0,REJECTED,E=1 requires architectural M=1 and X=1,BVS,REL8,,2,,,,,,,,,,,,,,,,
70,1,0,1,REJECTED,E=1 requires architectural M=1 and X=1,BVS,REL8,,2,,,,,,,,,,,,,,,,
70,1,1,0,REJECTED,E=1 requires architectural M=1 and X=1,BVS,REL8,,2,,,,,,,,,,,,,,,,
70,1,1,1,LEGAL,,BVS,REL8,2,2,0,2,4,BRANCH_TAKEN:+1;BRANCH_PAGE_CROSS_EMULATION:+1,2,0,0,0,0,0,0,0,NONE,NONE,SEM_BRANCH,ADDR_REL8
71,0,0,0,LEGAL,,ADC,DP_IND_Y,2,5,2,7,8,DIRECT_LOW_NONZERO:+1,2,2,2,0,0,0,0,0,NONE,NONE,SEM_ARITHMETIC,ADDR_DP_IND_Y
71,0,0,1,LEGAL,,ADC,DP_IND_Y,2,5,1,6,8,DIRECT_LOW_NONZERO:+1;INDEX_PAGE_CROSS:+1,2,2,2,0,0,0,0,0,NONE,NONE,SEM_ARITHMETIC,ADDR_DP_IND_Y
71,0,1,0,LEGAL,,ADC,DP_IND_Y,2,5,1,6,7,DIRECT_LOW_NONZERO:+1,2,2,1,0,0,0,0,0,NONE,NONE,SEM_ARITHMETIC,ADDR_DP_IND_Y
71,0,1,1,LEGAL,,ADC,DP_IND_Y,2,5,0,5,7,DIRECT_LOW_NONZERO:+1;INDEX_PAGE_CROSS:+1,2,2,1,0,0,0,0,0,NONE,NONE,SEM_ARITHMETIC,ADDR_DP_IND_Y
71,1,0,0,REJECTED,E=1 requires architectural M=1 and X=1,ADC,DP_IND_Y,,5,,,,,,,,,,,,,,,,
71,1,0,1,REJECTED,E=1 requires architectural M=1 and X=1,ADC,DP_IND_Y,,5,,,,,,,,,,,,,,,,
71,1,1,0,REJECTED,E=1 requires architectural M=1 and X=1,ADC,DP_IND_Y,,5,,,,,,,,,,,,,,,,
71,1,1,1,LEGAL,,ADC,DP_IND_Y,2,5,0,5,7,DIRECT_LOW_NONZERO:+1;INDEX_PAGE_CROSS:+1,2,2,1,0,0,0,0,0,NONE,NONE,SEM_ARITHMETIC,ADDR_DP_IND_Y
72,0,0,0,LEGAL,,ADC,DP_IND,2,5,1,6,7,DIRECT_LOW_NONZERO:+1,2,2,2,0,0,0,0,0,NONE,NONE,SEM_ARITHMETIC,ADDR_DP_IND
72,0,0,1,LEGAL,,ADC,DP_IND,2,5,1,6,7,DIRECT_LOW_NONZERO:+1,2,2,2,0,0,0,0,0,NONE,NONE,SEM_ARITHMETIC,ADDR_DP_IND
72,0,1,0,LEGAL,,ADC,DP_IND,2,5,0,5,6,DIRECT_LOW_NONZERO:+1,2,2,1,0,0,0,0,0,NONE,NONE,SEM_ARITHMETIC,ADDR_DP_IND
72,0,1,1,LEGAL,,ADC,DP_IND,2,5,0,5,6,DIRECT_LOW_NONZERO:+1,2,2,1,0,0,0,0,0,NONE,NONE,SEM_ARITHMETIC,ADDR_DP_IND
72,1,0,0,REJECTED,E=1 requires architectural M=1 and X=1,ADC,DP_IND,,5,,,,,,,,,,,,,,,,
72,1,0,1,REJECTED,E=1 requires architectural M=1 and X=1,ADC,DP_IND,,5,,,,,,,,,,,,,,,,
72,1,1,0,REJECTED,E=1 requires architectural M=1 and X=1,ADC,DP_IND,,5,,,,,,,,,,,,,,,,
72,1,1,1,LEGAL,,ADC,DP_IND,2,5,0,5,6,DIRECT_LOW_NONZERO:+1,2,2,1,0,0,0,0,0,NONE,NONE,SEM_ARITHMETIC,ADDR_DP_IND
73,0,0,0,LEGAL,,ADC,STACK_REL_IND_Y,2,7,1,8,8,NONE,2,2,2,0,0,0,0,0,NONE,NONE,SEM_ARITHMETIC,ADDR_STACK_REL_IND_Y
73,0,0,1,LEGAL,,ADC,STACK_REL_IND_Y,2,7,1,8,8,NONE,2,2,2,0,0,0,0,0,NONE,NONE,SEM_ARITHMETIC,ADDR_STACK_REL_IND_Y
73,0,1,0,LEGAL,,ADC,STACK_REL_IND_Y,2,7,0,7,7,NONE,2,2,1,0,0,0,0,0,NONE,NONE,SEM_ARITHMETIC,ADDR_STACK_REL_IND_Y
73,0,1,1,LEGAL,,ADC,STACK_REL_IND_Y,2,7,0,7,7,NONE,2,2,1,0,0,0,0,0,NONE,NONE,SEM_ARITHMETIC,ADDR_STACK_REL_IND_Y
73,1,0,0,REJECTED,E=1 requires architectural M=1 and X=1,ADC,STACK_REL_IND_Y,,7,,,,,,,,,,,,,,,,
73,1,0,1,REJECTED,E=1 requires architectural M=1 and X=1,ADC,STACK_REL_IND_Y,,7,,,,,,,,,,,,,,,,
73,1,1,0,REJECTED,E=1 requires architectural M=1 and X=1,ADC,STACK_REL_IND_Y,,7,,,,,,,,,,,,,,,,
73,1,1,1,LEGAL,,ADC,STACK_REL_IND_Y,2,7,0,7,7,NONE,2,2,1,0,0,0,0,0,NONE,NONE,SEM_ARITHMETIC,ADDR_STACK_REL_IND_Y
74,0,0,0,LEGAL,,STZ,DP_X,2,4,1,5,6,DIRECT_LOW_NONZERO:+1,2,0,0,2,0,0,0,0,NONE,NONE,SEM_LOAD_STORE,ADDR_DP_X
74,0,0,1,LEGAL,,STZ,DP_X,2,4,1,5,6,DIRECT_LOW_NONZERO:+1,2,0,0,2,0,0,0,0,NONE,NONE,SEM_LOAD_STORE,ADDR_DP_X
74,0,1,0,LEGAL,,STZ,DP_X,2,4,0,4,5,DIRECT_LOW_NONZERO:+1,2,0,0,1,0,0,0,0,NONE,NONE,SEM_LOAD_STORE,ADDR_DP_X
74,0,1,1,LEGAL,,STZ,DP_X,2,4,0,4,5,DIRECT_LOW_NONZERO:+1,2,0,0,1,0,0,0,0,NONE,NONE,SEM_LOAD_STORE,ADDR_DP_X
74,1,0,0,REJECTED,E=1 requires architectural M=1 and X=1,STZ,DP_X,,4,,,,,,,,,,,,,,,,
74,1,0,1,REJECTED,E=1 requires architectural M=1 and X=1,STZ,DP_X,,4,,,,,,,,,,,,,,,,
74,1,1,0,REJECTED,E=1 requires architectural M=1 and X=1,STZ,DP_X,,4,,,,,,,,,,,,,,,,
74,1,1,1,LEGAL,,STZ,DP_X,2,4,0,4,5,DIRECT_LOW_NONZERO:+1,2,0,0,1,0,0,0,0,NONE,NONE,SEM_LOAD_STORE,ADDR_DP_X
75,0,0,0,LEGAL,,ADC,DP_X,2,4,1,5,6,DIRECT_LOW_NONZERO:+1,2,0,2,0,0,0,0,0,NONE,NONE,SEM_ARITHMETIC,ADDR_DP_X
75,0,0,1,LEGAL,,ADC,DP_X,2,4,1,5,6,DIRECT_LOW_NONZERO:+1,2,0,2,0,0,0,0,0,NONE,NONE,SEM_ARITHMETIC,ADDR_DP_X
75,0,1,0,LEGAL,,ADC,DP_X,2,4,0,4,5,DIRECT_LOW_NONZERO:+1,2,0,1,0,0,0,0,0,NONE,NONE,SEM_ARITHMETIC,ADDR_DP_X
75,0,1,1,LEGAL,,ADC,DP_X,2,4,0,4,5,DIRECT_LOW_NONZERO:+1,2,0,1,0,0,0,0,0,NONE,NONE,SEM_ARITHMETIC,ADDR_DP_X
75,1,0,0,REJECTED,E=1 requires architectural M=1 and X=1,ADC,DP_X,,4,,,,,,,,,,,,,,,,
75,1,0,1,REJECTED,E=1 requires architectural M=1 and X=1,ADC,DP_X,,4,,,,,,,,,,,,,,,,
75,1,1,0,REJECTED,E=1 requires architectural M=1 and X=1,ADC,DP_X,,4,,,,,,,,,,,,,,,,
75,1,1,1,LEGAL,,ADC,DP_X,2,4,0,4,5,DIRECT_LOW_NONZERO:+1,2,0,1,0,0,0,0,0,NONE,NONE,SEM_ARITHMETIC,ADDR_DP_X
76,0,0,0,LEGAL,,ROR,DP_X,2,6,2,8,9,DIRECT_LOW_NONZERO:+1,2,0,2,2,0,0,0,0,HIGH_THEN_LOW,NONE,SEM_SHIFT_ROTATE,ADDR_DP_X
76,0,0,1,LEGAL,,ROR,DP_X,2,6,2,8,9,DIRECT_LOW_NONZERO:+1,2,0,2,2,0,0,0,0,HIGH_THEN_LOW,NONE,SEM_SHIFT_ROTATE,ADDR_DP_X
76,0,1,0,LEGAL,,ROR,DP_X,2,6,0,6,7,DIRECT_LOW_NONZERO:+1,2,0,1,1,0,0,0,0,LOW_FINAL,NONE,SEM_SHIFT_ROTATE,ADDR_DP_X
76,0,1,1,LEGAL,,ROR,DP_X,2,6,0,6,7,DIRECT_LOW_NONZERO:+1,2,0,1,1,0,0,0,0,LOW_FINAL,NONE,SEM_SHIFT_ROTATE,ADDR_DP_X
76,1,0,0,REJECTED,E=1 requires architectural M=1 and X=1,ROR,DP_X,,6,,,,,,,,,,,,,,,,
76,1,0,1,REJECTED,E=1 requires architectural M=1 and X=1,ROR,DP_X,,6,,,,,,,,,,,,,,,,
76,1,1,0,REJECTED,E=1 requires architectural M=1 and X=1,ROR,DP_X,,6,,,,,,,,,,,,,,,,
76,1,1,1,LEGAL,,ROR,DP_X,2,6,0,6,7,DIRECT_LOW_NONZERO:+1,2,0,1,1,1,0,0,0,LOW_FINAL,NONE,SEM_SHIFT_ROTATE,ADDR_DP_X
77,0,0,0,LEGAL,,ADC,DP_IND_LONG_Y,2,6,1,7,8,DIRECT_LOW_NONZERO:+1,2,3,2,0,0,0,0,0,NONE,NONE,SEM_ARITHMETIC,ADDR_DP_IND_LONG_Y
77,0,0,1,LEGAL,,ADC,DP_IND_LONG_Y,2,6,1,7,8,DIRECT_LOW_NONZERO:+1,2,3,2,0,0,0,0,0,NONE,NONE,SEM_ARITHMETIC,ADDR_DP_IND_LONG_Y
77,0,1,0,LEGAL,,ADC,DP_IND_LONG_Y,2,6,0,6,7,DIRECT_LOW_NONZERO:+1,2,3,1,0,0,0,0,0,NONE,NONE,SEM_ARITHMETIC,ADDR_DP_IND_LONG_Y
77,0,1,1,LEGAL,,ADC,DP_IND_LONG_Y,2,6,0,6,7,DIRECT_LOW_NONZERO:+1,2,3,1,0,0,0,0,0,NONE,NONE,SEM_ARITHMETIC,ADDR_DP_IND_LONG_Y
77,1,0,0,REJECTED,E=1 requires architectural M=1 and X=1,ADC,DP_IND_LONG_Y,,6,,,,,,,,,,,,,,,,
77,1,0,1,REJECTED,E=1 requires architectural M=1 and X=1,ADC,DP_IND_LONG_Y,,6,,,,,,,,,,,,,,,,
77,1,1,0,REJECTED,E=1 requires architectural M=1 and X=1,ADC,DP_IND_LONG_Y,,6,,,,,,,,,,,,,,,,
77,1,1,1,LEGAL,,ADC,DP_IND_LONG_Y,2,6,0,6,7,DIRECT_LOW_NONZERO:+1,2,3,1,0,0,0,0,0,NONE,NONE,SEM_ARITHMETIC,ADDR_DP_IND_LONG_Y
78,0,0,0,LEGAL,,SEI,IMP,1,2,0,2,2,NONE,1,0,0,0,0,0,0,0,NONE,NONE,SEM_FLAGS,ADDR_IMP
78,0,0,1,LEGAL,,SEI,IMP,1,2,0,2,2,NONE,1,0,0,0,0,0,0,0,NONE,NONE,SEM_FLAGS,ADDR_IMP
78,0,1,0,LEGAL,,SEI,IMP,1,2,0,2,2,NONE,1,0,0,0,0,0,0,0,NONE,NONE,SEM_FLAGS,ADDR_IMP
78,0,1,1,LEGAL,,SEI,IMP,1,2,0,2,2,NONE,1,0,0,0,0,0,0,0,NONE,NONE,SEM_FLAGS,ADDR_IMP
78,1,0,0,REJECTED,E=1 requires architectural M=1 and X=1,SEI,IMP,,2,,,,,,,,,,,,,,,,
78,1,0,1,REJECTED,E=1 requires architectural M=1 and X=1,SEI,IMP,,2,,,,,,,,,,,,,,,,
78,1,1,0,REJECTED,E=1 requires architectural M=1 and X=1,SEI,IMP,,2,,,,,,,,,,,,,,,,
78,1,1,1,LEGAL,,SEI,IMP,1,2,0,2,2,NONE,1,0,0,0,0,0,0,0,NONE,NONE,SEM_FLAGS,ADDR_IMP
79,0,0,0,LEGAL,,ADC,ABS_Y,3,4,2,6,6,NONE,3,0,2,0,0,0,0,0,NONE,NONE,SEM_ARITHMETIC,ADDR_ABS_Y
79,0,0,1,LEGAL,,ADC,ABS_Y,3,4,1,5,6,INDEX_PAGE_CROSS:+1,3,0,2,0,0,0,0,0,NONE,NONE,SEM_ARITHMETIC,ADDR_ABS_Y
79,0,1,0,LEGAL,,ADC,ABS_Y,3,4,1,5,5,NONE,3,0,1,0,0,0,0,0,NONE,NONE,SEM_ARITHMETIC,ADDR_ABS_Y
79,0,1,1,LEGAL,,ADC,ABS_Y,3,4,0,4,5,INDEX_PAGE_CROSS:+1,3,0,1,0,0,0,0,0,NONE,NONE,SEM_ARITHMETIC,ADDR_ABS_Y
79,1,0,0,REJECTED,E=1 requires architectural M=1 and X=1,ADC,ABS_Y,,4,,,,,,,,,,,,,,,,
79,1,0,1,REJECTED,E=1 requires architectural M=1 and X=1,ADC,ABS_Y,,4,,,,,,,,,,,,,,,,
79,1,1,0,REJECTED,E=1 requires architectural M=1 and X=1,ADC,ABS_Y,,4,,,,,,,,,,,,,,,,
79,1,1,1,LEGAL,,ADC,ABS_Y,3,4,0,4,5,INDEX_PAGE_CROSS:+1,3,0,1,0,0,0,0,0,NONE,NONE,SEM_ARITHMETIC,ADDR_ABS_Y
7A,0,0,0,LEGAL,,PLY,IMP,1,4,1,5,5,NONE,1,0,0,0,0,2,0,0,NONE,NONE,SEM_STACK,ADDR_IMP
7A,0,0,1,LEGAL,,PLY,IMP,1,4,0,4,4,NONE,1,0,0,0,0,1,0,0,NONE,NONE,SEM_STACK,ADDR_IMP
7A,0,1,0,LEGAL,,PLY,IMP,1,4,1,5,5,NONE,1,0,0,0,0,2,0,0,NONE,NONE,SEM_STACK,ADDR_IMP
7A,0,1,1,LEGAL,,PLY,IMP,1,4,0,4,4,NONE,1,0,0,0,0,1,0,0,NONE,NONE,SEM_STACK,ADDR_IMP
7A,1,0,0,REJECTED,E=1 requires architectural M=1 and X=1,PLY,IMP,,4,,,,,,,,,,,,,,,,
7A,1,0,1,REJECTED,E=1 requires architectural M=1 and X=1,PLY,IMP,,4,,,,,,,,,,,,,,,,
7A,1,1,0,REJECTED,E=1 requires architectural M=1 and X=1,PLY,IMP,,4,,,,,,,,,,,,,,,,
7A,1,1,1,LEGAL,,PLY,IMP,1,4,0,4,4,NONE,1,0,0,0,0,1,0,0,NONE,NONE,SEM_STACK,ADDR_IMP
7B,0,0,0,LEGAL,,TDC,IMP,1,2,0,2,2,NONE,1,0,0,0,0,0,0,0,NONE,NONE,SEM_TRANSFER,ADDR_IMP
7B,0,0,1,LEGAL,,TDC,IMP,1,2,0,2,2,NONE,1,0,0,0,0,0,0,0,NONE,NONE,SEM_TRANSFER,ADDR_IMP
7B,0,1,0,LEGAL,,TDC,IMP,1,2,0,2,2,NONE,1,0,0,0,0,0,0,0,NONE,NONE,SEM_TRANSFER,ADDR_IMP
7B,0,1,1,LEGAL,,TDC,IMP,1,2,0,2,2,NONE,1,0,0,0,0,0,0,0,NONE,NONE,SEM_TRANSFER,ADDR_IMP
7B,1,0,0,REJECTED,E=1 requires architectural M=1 and X=1,TDC,IMP,,2,,,,,,,,,,,,,,,,
7B,1,0,1,REJECTED,E=1 requires architectural M=1 and X=1,TDC,IMP,,2,,,,,,,,,,,,,,,,
7B,1,1,0,REJECTED,E=1 requires architectural M=1 and X=1,TDC,IMP,,2,,,,,,,,,,,,,,,,
7B,1,1,1,LEGAL,,TDC,IMP,1,2,0,2,2,NONE,1,0,0,0,0,0,0,0,NONE,NONE,SEM_TRANSFER,ADDR_IMP
7C,0,0,0,LEGAL,,JMP,ABS_X_IND,3,6,0,6,6,NONE,3,2,0,0,0,0,0,0,NONE,NONE,SEM_CONTROL_INTERRUPT,ADDR_ABS_X_IND
7C,0,0,1,LEGAL,,JMP,ABS_X_IND,3,6,0,6,6,NONE,3,2,0,0,0,0,0,0,NONE,NONE,SEM_CONTROL_INTERRUPT,ADDR_ABS_X_IND
7C,0,1,0,LEGAL,,JMP,ABS_X_IND,3,6,0,6,6,NONE,3,2,0,0,0,0,0,0,NONE,NONE,SEM_CONTROL_INTERRUPT,ADDR_ABS_X_IND
7C,0,1,1,LEGAL,,JMP,ABS_X_IND,3,6,0,6,6,NONE,3,2,0,0,0,0,0,0,NONE,NONE,SEM_CONTROL_INTERRUPT,ADDR_ABS_X_IND
7C,1,0,0,REJECTED,E=1 requires architectural M=1 and X=1,JMP,ABS_X_IND,,6,,,,,,,,,,,,,,,,
7C,1,0,1,REJECTED,E=1 requires architectural M=1 and X=1,JMP,ABS_X_IND,,6,,,,,,,,,,,,,,,,
7C,1,1,0,REJECTED,E=1 requires architectural M=1 and X=1,JMP,ABS_X_IND,,6,,,,,,,,,,,,,,,,
7C,1,1,1,LEGAL,,JMP,ABS_X_IND,3,6,0,6,6,NONE,3,2,0,0,0,0,0,0,NONE,NONE,SEM_CONTROL_INTERRUPT,ADDR_ABS_X_IND
7D,0,0,0,LEGAL,,ADC,ABS_X,3,4,2,6,6,NONE,3,0,2,0,0,0,0,0,NONE,NONE,SEM_ARITHMETIC,ADDR_ABS_X
7D,0,0,1,LEGAL,,ADC,ABS_X,3,4,1,5,6,INDEX_PAGE_CROSS:+1,3,0,2,0,0,0,0,0,NONE,NONE,SEM_ARITHMETIC,ADDR_ABS_X
7D,0,1,0,LEGAL,,ADC,ABS_X,3,4,1,5,5,NONE,3,0,1,0,0,0,0,0,NONE,NONE,SEM_ARITHMETIC,ADDR_ABS_X
7D,0,1,1,LEGAL,,ADC,ABS_X,3,4,0,4,5,INDEX_PAGE_CROSS:+1,3,0,1,0,0,0,0,0,NONE,NONE,SEM_ARITHMETIC,ADDR_ABS_X
7D,1,0,0,REJECTED,E=1 requires architectural M=1 and X=1,ADC,ABS_X,,4,,,,,,,,,,,,,,,,
7D,1,0,1,REJECTED,E=1 requires architectural M=1 and X=1,ADC,ABS_X,,4,,,,,,,,,,,,,,,,
7D,1,1,0,REJECTED,E=1 requires architectural M=1 and X=1,ADC,ABS_X,,4,,,,,,,,,,,,,,,,
7D,1,1,1,LEGAL,,ADC,ABS_X,3,4,0,4,5,INDEX_PAGE_CROSS:+1,3,0,1,0,0,0,0,0,NONE,NONE,SEM_ARITHMETIC,ADDR_ABS_X
7E,0,0,0,LEGAL,,ROR,ABS_X,3,7,2,9,9,NONE,3,0,2,2,0,0,0,0,HIGH_THEN_LOW,NONE,SEM_SHIFT_ROTATE,ADDR_ABS_X
7E,0,0,1,LEGAL,,ROR,ABS_X,3,7,2,9,9,NONE,3,0,2,2,0,0,0,0,HIGH_THEN_LOW,NONE,SEM_SHIFT_ROTATE,ADDR_ABS_X
7E,0,1,0,LEGAL,,ROR,ABS_X,3,7,0,7,7,NONE,3,0,1,1,0,0,0,0,LOW_FINAL,NONE,SEM_SHIFT_ROTATE,ADDR_ABS_X
7E,0,1,1,LEGAL,,ROR,ABS_X,3,7,0,7,7,NONE,3,0,1,1,0,0,0,0,LOW_FINAL,NONE,SEM_SHIFT_ROTATE,ADDR_ABS_X
7E,1,0,0,REJECTED,E=1 requires architectural M=1 and X=1,ROR,ABS_X,,7,,,,,,,,,,,,,,,,
7E,1,0,1,REJECTED,E=1 requires architectural M=1 and X=1,ROR,ABS_X,,7,,,,,,,,,,,,,,,,
7E,1,1,0,REJECTED,E=1 requires architectural M=1 and X=1,ROR,ABS_X,,7,,,,,,,,,,,,,,,,
7E,1,1,1,LEGAL,,ROR,ABS_X,3,7,0,7,7,NONE,3,0,1,1,1,0,0,0,LOW_FINAL,NONE,SEM_SHIFT_ROTATE,ADDR_ABS_X
7F,0,0,0,LEGAL,,ADC,ABS_LONG_X,4,5,1,6,6,NONE,4,0,2,0,0,0,0,0,NONE,NONE,SEM_ARITHMETIC,ADDR_ABS_LONG_X
7F,0,0,1,LEGAL,,ADC,ABS_LONG_X,4,5,1,6,6,NONE,4,0,2,0,0,0,0,0,NONE,NONE,SEM_ARITHMETIC,ADDR_ABS_LONG_X
7F,0,1,0,LEGAL,,ADC,ABS_LONG_X,4,5,0,5,5,NONE,4,0,1,0,0,0,0,0,NONE,NONE,SEM_ARITHMETIC,ADDR_ABS_LONG_X
7F,0,1,1,LEGAL,,ADC,ABS_LONG_X,4,5,0,5,5,NONE,4,0,1,0,0,0,0,0,NONE,NONE,SEM_ARITHMETIC,ADDR_ABS_LONG_X
7F,1,0,0,REJECTED,E=1 requires architectural M=1 and X=1,ADC,ABS_LONG_X,,5,,,,,,,,,,,,,,,,
7F,1,0,1,REJECTED,E=1 requires architectural M=1 and X=1,ADC,ABS_LONG_X,,5,,,,,,,,,,,,,,,,
7F,1,1,0,REJECTED,E=1 requires architectural M=1 and X=1,ADC,ABS_LONG_X,,5,,,,,,,,,,,,,,,,
7F,1,1,1,LEGAL,,ADC,ABS_LONG_X,4,5,0,5,5,NONE,4,0,1,0,0,0,0,0,NONE,NONE,SEM_ARITHMETIC,ADDR_ABS_LONG_X
80,0,0,0,LEGAL,,BRA,REL8,2,2,1,3,3,NONE,2,0,0,0,0,0,0,0,NONE,NONE,SEM_BRANCH,ADDR_REL8
80,0,0,1,LEGAL,,BRA,REL8,2,2,1,3,3,NONE,2,0,0,0,0,0,0,0,NONE,NONE,SEM_BRANCH,ADDR_REL8
80,0,1,0,LEGAL,,BRA,REL8,2,2,1,3,3,NONE,2,0,0,0,0,0,0,0,NONE,NONE,SEM_BRANCH,ADDR_REL8
80,0,1,1,LEGAL,,BRA,REL8,2,2,1,3,3,NONE,2,0,0,0,0,0,0,0,NONE,NONE,SEM_BRANCH,ADDR_REL8
80,1,0,0,REJECTED,E=1 requires architectural M=1 and X=1,BRA,REL8,,2,,,,,,,,,,,,,,,,
80,1,0,1,REJECTED,E=1 requires architectural M=1 and X=1,BRA,REL8,,2,,,,,,,,,,,,,,,,
80,1,1,0,REJECTED,E=1 requires architectural M=1 and X=1,BRA,REL8,,2,,,,,,,,,,,,,,,,
80,1,1,1,LEGAL,,BRA,REL8,2,2,1,3,4,BRANCH_PAGE_CROSS_EMULATION:+1,2,0,0,0,0,0,0,0,NONE,NONE,SEM_BRANCH,ADDR_REL8
81,0,0,0,LEGAL,,STA,DP_X_IND,2,6,1,7,8,DIRECT_LOW_NONZERO:+1,2,2,0,2,0,0,0,0,NONE,NONE,SEM_LOAD_STORE,ADDR_DP_X_IND
81,0,0,1,LEGAL,,STA,DP_X_IND,2,6,1,7,8,DIRECT_LOW_NONZERO:+1,2,2,0,2,0,0,0,0,NONE,NONE,SEM_LOAD_STORE,ADDR_DP_X_IND
81,0,1,0,LEGAL,,STA,DP_X_IND,2,6,0,6,7,DIRECT_LOW_NONZERO:+1,2,2,0,1,0,0,0,0,NONE,NONE,SEM_LOAD_STORE,ADDR_DP_X_IND
81,0,1,1,LEGAL,,STA,DP_X_IND,2,6,0,6,7,DIRECT_LOW_NONZERO:+1,2,2,0,1,0,0,0,0,NONE,NONE,SEM_LOAD_STORE,ADDR_DP_X_IND
81,1,0,0,REJECTED,E=1 requires architectural M=1 and X=1,STA,DP_X_IND,,6,,,,,,,,,,,,,,,,
81,1,0,1,REJECTED,E=1 requires architectural M=1 and X=1,STA,DP_X_IND,,6,,,,,,,,,,,,,,,,
81,1,1,0,REJECTED,E=1 requires architectural M=1 and X=1,STA,DP_X_IND,,6,,,,,,,,,,,,,,,,
81,1,1,1,LEGAL,,STA,DP_X_IND,2,6,0,6,7,DIRECT_LOW_NONZERO:+1,2,2,0,1,0,0,0,0,NONE,NONE,SEM_LOAD_STORE,ADDR_DP_X_IND
82,0,0,0,LEGAL,,BRL,REL16,3,4,0,4,4,NONE,3,0,0,0,0,0,0,0,NONE,NONE,SEM_BRANCH,ADDR_REL16
82,0,0,1,LEGAL,,BRL,REL16,3,4,0,4,4,NONE,3,0,0,0,0,0,0,0,NONE,NONE,SEM_BRANCH,ADDR_REL16
82,0,1,0,LEGAL,,BRL,REL16,3,4,0,4,4,NONE,3,0,0,0,0,0,0,0,NONE,NONE,SEM_BRANCH,ADDR_REL16
82,0,1,1,LEGAL,,BRL,REL16,3,4,0,4,4,NONE,3,0,0,0,0,0,0,0,NONE,NONE,SEM_BRANCH,ADDR_REL16
82,1,0,0,REJECTED,E=1 requires architectural M=1 and X=1,BRL,REL16,,4,,,,,,,,,,,,,,,,
82,1,0,1,REJECTED,E=1 requires architectural M=1 and X=1,BRL,REL16,,4,,,,,,,,,,,,,,,,
82,1,1,0,REJECTED,E=1 requires architectural M=1 and X=1,BRL,REL16,,4,,,,,,,,,,,,,,,,
82,1,1,1,LEGAL,,BRL,REL16,3,4,0,4,4,NONE,3,0,0,0,0,0,0,0,NONE,NONE,SEM_BRANCH,ADDR_REL16
83,0,0,0,LEGAL,,STA,STACK_REL,2,4,1,5,5,NONE,2,0,0,2,0,0,0,0,NONE,NONE,SEM_LOAD_STORE,ADDR_STACK_REL
83,0,0,1,LEGAL,,STA,STACK_REL,2,4,1,5,5,NONE,2,0,0,2,0,0,0,0,NONE,NONE,SEM_LOAD_STORE,ADDR_STACK_REL
83,0,1,0,LEGAL,,STA,STACK_REL,2,4,0,4,4,NONE,2,0,0,1,0,0,0,0,NONE,NONE,SEM_LOAD_STORE,ADDR_STACK_REL
83,0,1,1,LEGAL,,STA,STACK_REL,2,4,0,4,4,NONE,2,0,0,1,0,0,0,0,NONE,NONE,SEM_LOAD_STORE,ADDR_STACK_REL
83,1,0,0,REJECTED,E=1 requires architectural M=1 and X=1,STA,STACK_REL,,4,,,,,,,,,,,,,,,,
83,1,0,1,REJECTED,E=1 requires architectural M=1 and X=1,STA,STACK_REL,,4,,,,,,,,,,,,,,,,
83,1,1,0,REJECTED,E=1 requires architectural M=1 and X=1,STA,STACK_REL,,4,,,,,,,,,,,,,,,,
83,1,1,1,LEGAL,,STA,STACK_REL,2,4,0,4,4,NONE,2,0,0,1,0,0,0,0,NONE,NONE,SEM_LOAD_STORE,ADDR_STACK_REL
84,0,0,0,LEGAL,,STY,DP,2,3,1,4,5,DIRECT_LOW_NONZERO:+1,2,0,0,2,0,0,0,0,NONE,NONE,SEM_LOAD_STORE,ADDR_DP
84,0,0,1,LEGAL,,STY,DP,2,3,0,3,4,DIRECT_LOW_NONZERO:+1,2,0,0,1,0,0,0,0,NONE,NONE,SEM_LOAD_STORE,ADDR_DP
84,0,1,0,LEGAL,,STY,DP,2,3,1,4,5,DIRECT_LOW_NONZERO:+1,2,0,0,2,0,0,0,0,NONE,NONE,SEM_LOAD_STORE,ADDR_DP
84,0,1,1,LEGAL,,STY,DP,2,3,0,3,4,DIRECT_LOW_NONZERO:+1,2,0,0,1,0,0,0,0,NONE,NONE,SEM_LOAD_STORE,ADDR_DP
84,1,0,0,REJECTED,E=1 requires architectural M=1 and X=1,STY,DP,,3,,,,,,,,,,,,,,,,
84,1,0,1,REJECTED,E=1 requires architectural M=1 and X=1,STY,DP,,3,,,,,,,,,,,,,,,,
84,1,1,0,REJECTED,E=1 requires architectural M=1 and X=1,STY,DP,,3,,,,,,,,,,,,,,,,
84,1,1,1,LEGAL,,STY,DP,2,3,0,3,4,DIRECT_LOW_NONZERO:+1,2,0,0,1,0,0,0,0,NONE,NONE,SEM_LOAD_STORE,ADDR_DP
85,0,0,0,LEGAL,,STA,DP,2,3,1,4,5,DIRECT_LOW_NONZERO:+1,2,0,0,2,0,0,0,0,NONE,NONE,SEM_LOAD_STORE,ADDR_DP
85,0,0,1,LEGAL,,STA,DP,2,3,1,4,5,DIRECT_LOW_NONZERO:+1,2,0,0,2,0,0,0,0,NONE,NONE,SEM_LOAD_STORE,ADDR_DP
85,0,1,0,LEGAL,,STA,DP,2,3,0,3,4,DIRECT_LOW_NONZERO:+1,2,0,0,1,0,0,0,0,NONE,NONE,SEM_LOAD_STORE,ADDR_DP
85,0,1,1,LEGAL,,STA,DP,2,3,0,3,4,DIRECT_LOW_NONZERO:+1,2,0,0,1,0,0,0,0,NONE,NONE,SEM_LOAD_STORE,ADDR_DP
85,1,0,0,REJECTED,E=1 requires architectural M=1 and X=1,STA,DP,,3,,,,,,,,,,,,,,,,
85,1,0,1,REJECTED,E=1 requires architectural M=1 and X=1,STA,DP,,3,,,,,,,,,,,,,,,,
85,1,1,0,REJECTED,E=1 requires architectural M=1 and X=1,STA,DP,,3,,,,,,,,,,,,,,,,
85,1,1,1,LEGAL,,STA,DP,2,3,0,3,4,DIRECT_LOW_NONZERO:+1,2,0,0,1,0,0,0,0,NONE,NONE,SEM_LOAD_STORE,ADDR_DP
86,0,0,0,LEGAL,,STX,DP,2,3,1,4,5,DIRECT_LOW_NONZERO:+1,2,0,0,2,0,0,0,0,NONE,NONE,SEM_LOAD_STORE,ADDR_DP
86,0,0,1,LEGAL,,STX,DP,2,3,0,3,4,DIRECT_LOW_NONZERO:+1,2,0,0,1,0,0,0,0,NONE,NONE,SEM_LOAD_STORE,ADDR_DP
86,0,1,0,LEGAL,,STX,DP,2,3,1,4,5,DIRECT_LOW_NONZERO:+1,2,0,0,2,0,0,0,0,NONE,NONE,SEM_LOAD_STORE,ADDR_DP
86,0,1,1,LEGAL,,STX,DP,2,3,0,3,4,DIRECT_LOW_NONZERO:+1,2,0,0,1,0,0,0,0,NONE,NONE,SEM_LOAD_STORE,ADDR_DP
86,1,0,0,REJECTED,E=1 requires architectural M=1 and X=1,STX,DP,,3,,,,,,,,,,,,,,,,
86,1,0,1,REJECTED,E=1 requires architectural M=1 and X=1,STX,DP,,3,,,,,,,,,,,,,,,,
86,1,1,0,REJECTED,E=1 requires architectural M=1 and X=1,STX,DP,,3,,,,,,,,,,,,,,,,
86,1,1,1,LEGAL,,STX,DP,2,3,0,3,4,DIRECT_LOW_NONZERO:+1,2,0,0,1,0,0,0,0,NONE,NONE,SEM_LOAD_STORE,ADDR_DP
87,0,0,0,LEGAL,,STA,DP_IND_LONG,2,6,1,7,8,DIRECT_LOW_NONZERO:+1,2,3,0,2,0,0,0,0,NONE,NONE,SEM_LOAD_STORE,ADDR_DP_IND_LONG
87,0,0,1,LEGAL,,STA,DP_IND_LONG,2,6,1,7,8,DIRECT_LOW_NONZERO:+1,2,3,0,2,0,0,0,0,NONE,NONE,SEM_LOAD_STORE,ADDR_DP_IND_LONG
87,0,1,0,LEGAL,,STA,DP_IND_LONG,2,6,0,6,7,DIRECT_LOW_NONZERO:+1,2,3,0,1,0,0,0,0,NONE,NONE,SEM_LOAD_STORE,ADDR_DP_IND_LONG
87,0,1,1,LEGAL,,STA,DP_IND_LONG,2,6,0,6,7,DIRECT_LOW_NONZERO:+1,2,3,0,1,0,0,0,0,NONE,NONE,SEM_LOAD_STORE,ADDR_DP_IND_LONG
87,1,0,0,REJECTED,E=1 requires architectural M=1 and X=1,STA,DP_IND_LONG,,6,,,,,,,,,,,,,,,,
87,1,0,1,REJECTED,E=1 requires architectural M=1 and X=1,STA,DP_IND_LONG,,6,,,,,,,,,,,,,,,,
87,1,1,0,REJECTED,E=1 requires architectural M=1 and X=1,STA,DP_IND_LONG,,6,,,,,,,,,,,,,,,,
87,1,1,1,LEGAL,,STA,DP_IND_LONG,2,6,0,6,7,DIRECT_LOW_NONZERO:+1,2,3,0,1,0,0,0,0,NONE,NONE,SEM_LOAD_STORE,ADDR_DP_IND_LONG
88,0,0,0,LEGAL,,DEY,IMP,1,2,0,2,2,NONE,1,0,0,0,0,0,0,0,NONE,NONE,SEM_INC_DEC,ADDR_IMP
88,0,0,1,LEGAL,,DEY,IMP,1,2,0,2,2,NONE,1,0,0,0,0,0,0,0,NONE,NONE,SEM_INC_DEC,ADDR_IMP
88,0,1,0,LEGAL,,DEY,IMP,1,2,0,2,2,NONE,1,0,0,0,0,0,0,0,NONE,NONE,SEM_INC_DEC,ADDR_IMP
88,0,1,1,LEGAL,,DEY,IMP,1,2,0,2,2,NONE,1,0,0,0,0,0,0,0,NONE,NONE,SEM_INC_DEC,ADDR_IMP
88,1,0,0,REJECTED,E=1 requires architectural M=1 and X=1,DEY,IMP,,2,,,,,,,,,,,,,,,,
88,1,0,1,REJECTED,E=1 requires architectural M=1 and X=1,DEY,IMP,,2,,,,,,,,,,,,,,,,
88,1,1,0,REJECTED,E=1 requires architectural M=1 and X=1,DEY,IMP,,2,,,,,,,,,,,,,,,,
88,1,1,1,LEGAL,,DEY,IMP,1,2,0,2,2,NONE,1,0,0,0,0,0,0,0,NONE,NONE,SEM_INC_DEC,ADDR_IMP
89,0,0,0,LEGAL,,BIT,IMM_M,3,2,1,3,3,NONE,3,0,0,0,0,0,0,0,NONE,NONE,SEM_BIT_TEST_MODIFY,ADDR_IMM_M
89,0,0,1,LEGAL,,BIT,IMM_M,3,2,1,3,3,NONE,3,0,0,0,0,0,0,0,NONE,NONE,SEM_BIT_TEST_MODIFY,ADDR_IMM_M
89,0,1,0,LEGAL,,BIT,IMM_M,2,2,0,2,2,NONE,2,0,0,0,0,0,0,0,NONE,NONE,SEM_BIT_TEST_MODIFY,ADDR_IMM_M
89,0,1,1,LEGAL,,BIT,IMM_M,2,2,0,2,2,NONE,2,0,0,0,0,0,0,0,NONE,NONE,SEM_BIT_TEST_MODIFY,ADDR_IMM_M
89,1,0,0,REJECTED,E=1 requires architectural M=1 and X=1,BIT,IMM_M,,2,,,,,,,,,,,,,,,,
89,1,0,1,REJECTED,E=1 requires architectural M=1 and X=1,BIT,IMM_M,,2,,,,,,,,,,,,,,,,
89,1,1,0,REJECTED,E=1 requires architectural M=1 and X=1,BIT,IMM_M,,2,,,,,,,,,,,,,,,,
89,1,1,1,LEGAL,,BIT,IMM_M,2,2,0,2,2,NONE,2,0,0,0,0,0,0,0,NONE,NONE,SEM_BIT_TEST_MODIFY,ADDR_IMM_M
8A,0,0,0,LEGAL,,TXA,IMP,1,2,0,2,2,NONE,1,0,0,0,0,0,0,0,NONE,NONE,SEM_TRANSFER,ADDR_IMP
8A,0,0,1,LEGAL,,TXA,IMP,1,2,0,2,2,NONE,1,0,0,0,0,0,0,0,NONE,NONE,SEM_TRANSFER,ADDR_IMP
8A,0,1,0,LEGAL,,TXA,IMP,1,2,0,2,2,NONE,1,0,0,0,0,0,0,0,NONE,NONE,SEM_TRANSFER,ADDR_IMP
8A,0,1,1,LEGAL,,TXA,IMP,1,2,0,2,2,NONE,1,0,0,0,0,0,0,0,NONE,NONE,SEM_TRANSFER,ADDR_IMP
8A,1,0,0,REJECTED,E=1 requires architectural M=1 and X=1,TXA,IMP,,2,,,,,,,,,,,,,,,,
8A,1,0,1,REJECTED,E=1 requires architectural M=1 and X=1,TXA,IMP,,2,,,,,,,,,,,,,,,,
8A,1,1,0,REJECTED,E=1 requires architectural M=1 and X=1,TXA,IMP,,2,,,,,,,,,,,,,,,,
8A,1,1,1,LEGAL,,TXA,IMP,1,2,0,2,2,NONE,1,0,0,0,0,0,0,0,NONE,NONE,SEM_TRANSFER,ADDR_IMP
8B,0,0,0,LEGAL,,PHB,IMP,1,3,0,3,3,NONE,1,0,0,0,0,0,1,0,NONE,NONE,SEM_STACK,ADDR_IMP
8B,0,0,1,LEGAL,,PHB,IMP,1,3,0,3,3,NONE,1,0,0,0,0,0,1,0,NONE,NONE,SEM_STACK,ADDR_IMP
8B,0,1,0,LEGAL,,PHB,IMP,1,3,0,3,3,NONE,1,0,0,0,0,0,1,0,NONE,NONE,SEM_STACK,ADDR_IMP
8B,0,1,1,LEGAL,,PHB,IMP,1,3,0,3,3,NONE,1,0,0,0,0,0,1,0,NONE,NONE,SEM_STACK,ADDR_IMP
8B,1,0,0,REJECTED,E=1 requires architectural M=1 and X=1,PHB,IMP,,3,,,,,,,,,,,,,,,,
8B,1,0,1,REJECTED,E=1 requires architectural M=1 and X=1,PHB,IMP,,3,,,,,,,,,,,,,,,,
8B,1,1,0,REJECTED,E=1 requires architectural M=1 and X=1,PHB,IMP,,3,,,,,,,,,,,,,,,,
8B,1,1,1,LEGAL,,PHB,IMP,1,3,0,3,3,NONE,1,0,0,0,0,0,1,0,NONE,NONE,SEM_STACK,ADDR_IMP
8C,0,0,0,LEGAL,,STY,ABS,3,4,1,5,5,NONE,3,0,0,2,0,0,0,0,NONE,NONE,SEM_LOAD_STORE,ADDR_ABS
8C,0,0,1,LEGAL,,STY,ABS,3,4,0,4,4,NONE,3,0,0,1,0,0,0,0,NONE,NONE,SEM_LOAD_STORE,ADDR_ABS
8C,0,1,0,LEGAL,,STY,ABS,3,4,1,5,5,NONE,3,0,0,2,0,0,0,0,NONE,NONE,SEM_LOAD_STORE,ADDR_ABS
8C,0,1,1,LEGAL,,STY,ABS,3,4,0,4,4,NONE,3,0,0,1,0,0,0,0,NONE,NONE,SEM_LOAD_STORE,ADDR_ABS
8C,1,0,0,REJECTED,E=1 requires architectural M=1 and X=1,STY,ABS,,4,,,,,,,,,,,,,,,,
8C,1,0,1,REJECTED,E=1 requires architectural M=1 and X=1,STY,ABS,,4,,,,,,,,,,,,,,,,
8C,1,1,0,REJECTED,E=1 requires architectural M=1 and X=1,STY,ABS,,4,,,,,,,,,,,,,,,,
8C,1,1,1,LEGAL,,STY,ABS,3,4,0,4,4,NONE,3,0,0,1,0,0,0,0,NONE,NONE,SEM_LOAD_STORE,ADDR_ABS
8D,0,0,0,LEGAL,,STA,ABS,3,4,1,5,5,NONE,3,0,0,2,0,0,0,0,NONE,NONE,SEM_LOAD_STORE,ADDR_ABS
8D,0,0,1,LEGAL,,STA,ABS,3,4,1,5,5,NONE,3,0,0,2,0,0,0,0,NONE,NONE,SEM_LOAD_STORE,ADDR_ABS
8D,0,1,0,LEGAL,,STA,ABS,3,4,0,4,4,NONE,3,0,0,1,0,0,0,0,NONE,NONE,SEM_LOAD_STORE,ADDR_ABS
8D,0,1,1,LEGAL,,STA,ABS,3,4,0,4,4,NONE,3,0,0,1,0,0,0,0,NONE,NONE,SEM_LOAD_STORE,ADDR_ABS
8D,1,0,0,REJECTED,E=1 requires architectural M=1 and X=1,STA,ABS,,4,,,,,,,,,,,,,,,,
8D,1,0,1,REJECTED,E=1 requires architectural M=1 and X=1,STA,ABS,,4,,,,,,,,,,,,,,,,
8D,1,1,0,REJECTED,E=1 requires architectural M=1 and X=1,STA,ABS,,4,,,,,,,,,,,,,,,,
8D,1,1,1,LEGAL,,STA,ABS,3,4,0,4,4,NONE,3,0,0,1,0,0,0,0,NONE,NONE,SEM_LOAD_STORE,ADDR_ABS
8E,0,0,0,LEGAL,,STX,ABS,3,4,1,5,5,NONE,3,0,0,2,0,0,0,0,NONE,NONE,SEM_LOAD_STORE,ADDR_ABS
8E,0,0,1,LEGAL,,STX,ABS,3,4,0,4,4,NONE,3,0,0,1,0,0,0,0,NONE,NONE,SEM_LOAD_STORE,ADDR_ABS
8E,0,1,0,LEGAL,,STX,ABS,3,4,1,5,5,NONE,3,0,0,2,0,0,0,0,NONE,NONE,SEM_LOAD_STORE,ADDR_ABS
8E,0,1,1,LEGAL,,STX,ABS,3,4,0,4,4,NONE,3,0,0,1,0,0,0,0,NONE,NONE,SEM_LOAD_STORE,ADDR_ABS
8E,1,0,0,REJECTED,E=1 requires architectural M=1 and X=1,STX,ABS,,4,,,,,,,,,,,,,,,,
8E,1,0,1,REJECTED,E=1 requires architectural M=1 and X=1,STX,ABS,,4,,,,,,,,,,,,,,,,
8E,1,1,0,REJECTED,E=1 requires architectural M=1 and X=1,STX,ABS,,4,,,,,,,,,,,,,,,,
8E,1,1,1,LEGAL,,STX,ABS,3,4,0,4,4,NONE,3,0,0,1,0,0,0,0,NONE,NONE,SEM_LOAD_STORE,ADDR_ABS
8F,0,0,0,LEGAL,,STA,ABS_LONG,4,5,1,6,6,NONE,4,0,0,2,0,0,0,0,NONE,NONE,SEM_LOAD_STORE,ADDR_ABS_LONG
8F,0,0,1,LEGAL,,STA,ABS_LONG,4,5,1,6,6,NONE,4,0,0,2,0,0,0,0,NONE,NONE,SEM_LOAD_STORE,ADDR_ABS_LONG
8F,0,1,0,LEGAL,,STA,ABS_LONG,4,5,0,5,5,NONE,4,0,0,1,0,0,0,0,NONE,NONE,SEM_LOAD_STORE,ADDR_ABS_LONG
8F,0,1,1,LEGAL,,STA,ABS_LONG,4,5,0,5,5,NONE,4,0,0,1,0,0,0,0,NONE,NONE,SEM_LOAD_STORE,ADDR_ABS_LONG
8F,1,0,0,REJECTED,E=1 requires architectural M=1 and X=1,STA,ABS_LONG,,5,,,,,,,,,,,,,,,,
8F,1,0,1,REJECTED,E=1 requires architectural M=1 and X=1,STA,ABS_LONG,,5,,,,,,,,,,,,,,,,
8F,1,1,0,REJECTED,E=1 requires architectural M=1 and X=1,STA,ABS_LONG,,5,,,,,,,,,,,,,,,,
8F,1,1,1,LEGAL,,STA,ABS_LONG,4,5,0,5,5,NONE,4,0,0,1,0,0,0,0,NONE,NONE,SEM_LOAD_STORE,ADDR_ABS_LONG
90,0,0,0,LEGAL,,BCC,REL8,2,2,0,2,3,BRANCH_TAKEN:+1,2,0,0,0,0,0,0,0,NONE,NONE,SEM_BRANCH,ADDR_REL8
90,0,0,1,LEGAL,,BCC,REL8,2,2,0,2,3,BRANCH_TAKEN:+1,2,0,0,0,0,0,0,0,NONE,NONE,SEM_BRANCH,ADDR_REL8
90,0,1,0,LEGAL,,BCC,REL8,2,2,0,2,3,BRANCH_TAKEN:+1,2,0,0,0,0,0,0,0,NONE,NONE,SEM_BRANCH,ADDR_REL8
90,0,1,1,LEGAL,,BCC,REL8,2,2,0,2,3,BRANCH_TAKEN:+1,2,0,0,0,0,0,0,0,NONE,NONE,SEM_BRANCH,ADDR_REL8
90,1,0,0,REJECTED,E=1 requires architectural M=1 and X=1,BCC,REL8,,2,,,,,,,,,,,,,,,,
90,1,0,1,REJECTED,E=1 requires architectural M=1 and X=1,BCC,REL8,,2,,,,,,,,,,,,,,,,
90,1,1,0,REJECTED,E=1 requires architectural M=1 and X=1,BCC,REL8,,2,,,,,,,,,,,,,,,,
90,1,1,1,LEGAL,,BCC,REL8,2,2,0,2,4,BRANCH_TAKEN:+1;BRANCH_PAGE_CROSS_EMULATION:+1,2,0,0,0,0,0,0,0,NONE,NONE,SEM_BRANCH,ADDR_REL8
91,0,0,0,LEGAL,,STA,DP_IND_Y,2,6,1,7,8,DIRECT_LOW_NONZERO:+1,2,2,0,2,0,0,0,0,NONE,NONE,SEM_LOAD_STORE,ADDR_DP_IND_Y
91,0,0,1,LEGAL,,STA,DP_IND_Y,2,6,1,7,8,DIRECT_LOW_NONZERO:+1,2,2,0,2,0,0,0,0,NONE,NONE,SEM_LOAD_STORE,ADDR_DP_IND_Y
91,0,1,0,LEGAL,,STA,DP_IND_Y,2,6,0,6,7,DIRECT_LOW_NONZERO:+1,2,2,0,1,0,0,0,0,NONE,NONE,SEM_LOAD_STORE,ADDR_DP_IND_Y
91,0,1,1,LEGAL,,STA,DP_IND_Y,2,6,0,6,7,DIRECT_LOW_NONZERO:+1,2,2,0,1,0,0,0,0,NONE,NONE,SEM_LOAD_STORE,ADDR_DP_IND_Y
91,1,0,0,REJECTED,E=1 requires architectural M=1 and X=1,STA,DP_IND_Y,,6,,,,,,,,,,,,,,,,
91,1,0,1,REJECTED,E=1 requires architectural M=1 and X=1,STA,DP_IND_Y,,6,,,,,,,,,,,,,,,,
91,1,1,0,REJECTED,E=1 requires architectural M=1 and X=1,STA,DP_IND_Y,,6,,,,,,,,,,,,,,,,
91,1,1,1,LEGAL,,STA,DP_IND_Y,2,6,0,6,7,DIRECT_LOW_NONZERO:+1,2,2,0,1,0,0,0,0,NONE,NONE,SEM_LOAD_STORE,ADDR_DP_IND_Y
92,0,0,0,LEGAL,,STA,DP_IND,2,5,1,6,7,DIRECT_LOW_NONZERO:+1,2,2,0,2,0,0,0,0,NONE,NONE,SEM_LOAD_STORE,ADDR_DP_IND
92,0,0,1,LEGAL,,STA,DP_IND,2,5,1,6,7,DIRECT_LOW_NONZERO:+1,2,2,0,2,0,0,0,0,NONE,NONE,SEM_LOAD_STORE,ADDR_DP_IND
92,0,1,0,LEGAL,,STA,DP_IND,2,5,0,5,6,DIRECT_LOW_NONZERO:+1,2,2,0,1,0,0,0,0,NONE,NONE,SEM_LOAD_STORE,ADDR_DP_IND
92,0,1,1,LEGAL,,STA,DP_IND,2,5,0,5,6,DIRECT_LOW_NONZERO:+1,2,2,0,1,0,0,0,0,NONE,NONE,SEM_LOAD_STORE,ADDR_DP_IND
92,1,0,0,REJECTED,E=1 requires architectural M=1 and X=1,STA,DP_IND,,5,,,,,,,,,,,,,,,,
92,1,0,1,REJECTED,E=1 requires architectural M=1 and X=1,STA,DP_IND,,5,,,,,,,,,,,,,,,,
92,1,1,0,REJECTED,E=1 requires architectural M=1 and X=1,STA,DP_IND,,5,,,,,,,,,,,,,,,,
92,1,1,1,LEGAL,,STA,DP_IND,2,5,0,5,6,DIRECT_LOW_NONZERO:+1,2,2,0,1,0,0,0,0,NONE,NONE,SEM_LOAD_STORE,ADDR_DP_IND
93,0,0,0,LEGAL,,STA,STACK_REL_IND_Y,2,7,1,8,8,NONE,2,2,0,2,0,0,0,0,NONE,NONE,SEM_LOAD_STORE,ADDR_STACK_REL_IND_Y
93,0,0,1,LEGAL,,STA,STACK_REL_IND_Y,2,7,1,8,8,NONE,2,2,0,2,0,0,0,0,NONE,NONE,SEM_LOAD_STORE,ADDR_STACK_REL_IND_Y
93,0,1,0,LEGAL,,STA,STACK_REL_IND_Y,2,7,0,7,7,NONE,2,2,0,1,0,0,0,0,NONE,NONE,SEM_LOAD_STORE,ADDR_STACK_REL_IND_Y
93,0,1,1,LEGAL,,STA,STACK_REL_IND_Y,2,7,0,7,7,NONE,2,2,0,1,0,0,0,0,NONE,NONE,SEM_LOAD_STORE,ADDR_STACK_REL_IND_Y
93,1,0,0,REJECTED,E=1 requires architectural M=1 and X=1,STA,STACK_REL_IND_Y,,7,,,,,,,,,,,,,,,,
93,1,0,1,REJECTED,E=1 requires architectural M=1 and X=1,STA,STACK_REL_IND_Y,,7,,,,,,,,,,,,,,,,
93,1,1,0,REJECTED,E=1 requires architectural M=1 and X=1,STA,STACK_REL_IND_Y,,7,,,,,,,,,,,,,,,,
93,1,1,1,LEGAL,,STA,STACK_REL_IND_Y,2,7,0,7,7,NONE,2,2,0,1,0,0,0,0,NONE,NONE,SEM_LOAD_STORE,ADDR_STACK_REL_IND_Y
94,0,0,0,LEGAL,,STY,DP_X,2,4,1,5,6,DIRECT_LOW_NONZERO:+1,2,0,0,2,0,0,0,0,NONE,NONE,SEM_LOAD_STORE,ADDR_DP_X
94,0,0,1,LEGAL,,STY,DP_X,2,4,0,4,5,DIRECT_LOW_NONZERO:+1,2,0,0,1,0,0,0,0,NONE,NONE,SEM_LOAD_STORE,ADDR_DP_X
94,0,1,0,LEGAL,,STY,DP_X,2,4,1,5,6,DIRECT_LOW_NONZERO:+1,2,0,0,2,0,0,0,0,NONE,NONE,SEM_LOAD_STORE,ADDR_DP_X
94,0,1,1,LEGAL,,STY,DP_X,2,4,0,4,5,DIRECT_LOW_NONZERO:+1,2,0,0,1,0,0,0,0,NONE,NONE,SEM_LOAD_STORE,ADDR_DP_X
94,1,0,0,REJECTED,E=1 requires architectural M=1 and X=1,STY,DP_X,,4,,,,,,,,,,,,,,,,
94,1,0,1,REJECTED,E=1 requires architectural M=1 and X=1,STY,DP_X,,4,,,,,,,,,,,,,,,,
94,1,1,0,REJECTED,E=1 requires architectural M=1 and X=1,STY,DP_X,,4,,,,,,,,,,,,,,,,
94,1,1,1,LEGAL,,STY,DP_X,2,4,0,4,5,DIRECT_LOW_NONZERO:+1,2,0,0,1,0,0,0,0,NONE,NONE,SEM_LOAD_STORE,ADDR_DP_X
95,0,0,0,LEGAL,,STA,DP_X,2,4,1,5,6,DIRECT_LOW_NONZERO:+1,2,0,0,2,0,0,0,0,NONE,NONE,SEM_LOAD_STORE,ADDR_DP_X
95,0,0,1,LEGAL,,STA,DP_X,2,4,1,5,6,DIRECT_LOW_NONZERO:+1,2,0,0,2,0,0,0,0,NONE,NONE,SEM_LOAD_STORE,ADDR_DP_X
95,0,1,0,LEGAL,,STA,DP_X,2,4,0,4,5,DIRECT_LOW_NONZERO:+1,2,0,0,1,0,0,0,0,NONE,NONE,SEM_LOAD_STORE,ADDR_DP_X
95,0,1,1,LEGAL,,STA,DP_X,2,4,0,4,5,DIRECT_LOW_NONZERO:+1,2,0,0,1,0,0,0,0,NONE,NONE,SEM_LOAD_STORE,ADDR_DP_X
95,1,0,0,REJECTED,E=1 requires architectural M=1 and X=1,STA,DP_X,,4,,,,,,,,,,,,,,,,
95,1,0,1,REJECTED,E=1 requires architectural M=1 and X=1,STA,DP_X,,4,,,,,,,,,,,,,,,,
95,1,1,0,REJECTED,E=1 requires architectural M=1 and X=1,STA,DP_X,,4,,,,,,,,,,,,,,,,
95,1,1,1,LEGAL,,STA,DP_X,2,4,0,4,5,DIRECT_LOW_NONZERO:+1,2,0,0,1,0,0,0,0,NONE,NONE,SEM_LOAD_STORE,ADDR_DP_X
96,0,0,0,LEGAL,,STX,DP_Y,2,4,1,5,6,DIRECT_LOW_NONZERO:+1,2,0,0,2,0,0,0,0,NONE,NONE,SEM_LOAD_STORE,ADDR_DP_Y
96,0,0,1,LEGAL,,STX,DP_Y,2,4,0,4,5,DIRECT_LOW_NONZERO:+1,2,0,0,1,0,0,0,0,NONE,NONE,SEM_LOAD_STORE,ADDR_DP_Y
96,0,1,0,LEGAL,,STX,DP_Y,2,4,1,5,6,DIRECT_LOW_NONZERO:+1,2,0,0,2,0,0,0,0,NONE,NONE,SEM_LOAD_STORE,ADDR_DP_Y
96,0,1,1,LEGAL,,STX,DP_Y,2,4,0,4,5,DIRECT_LOW_NONZERO:+1,2,0,0,1,0,0,0,0,NONE,NONE,SEM_LOAD_STORE,ADDR_DP_Y
96,1,0,0,REJECTED,E=1 requires architectural M=1 and X=1,STX,DP_Y,,4,,,,,,,,,,,,,,,,
96,1,0,1,REJECTED,E=1 requires architectural M=1 and X=1,STX,DP_Y,,4,,,,,,,,,,,,,,,,
96,1,1,0,REJECTED,E=1 requires architectural M=1 and X=1,STX,DP_Y,,4,,,,,,,,,,,,,,,,
96,1,1,1,LEGAL,,STX,DP_Y,2,4,0,4,5,DIRECT_LOW_NONZERO:+1,2,0,0,1,0,0,0,0,NONE,NONE,SEM_LOAD_STORE,ADDR_DP_Y
97,0,0,0,LEGAL,,STA,DP_IND_LONG_Y,2,6,1,7,8,DIRECT_LOW_NONZERO:+1,2,3,0,2,0,0,0,0,NONE,NONE,SEM_LOAD_STORE,ADDR_DP_IND_LONG_Y
97,0,0,1,LEGAL,,STA,DP_IND_LONG_Y,2,6,1,7,8,DIRECT_LOW_NONZERO:+1,2,3,0,2,0,0,0,0,NONE,NONE,SEM_LOAD_STORE,ADDR_DP_IND_LONG_Y
97,0,1,0,LEGAL,,STA,DP_IND_LONG_Y,2,6,0,6,7,DIRECT_LOW_NONZERO:+1,2,3,0,1,0,0,0,0,NONE,NONE,SEM_LOAD_STORE,ADDR_DP_IND_LONG_Y
97,0,1,1,LEGAL,,STA,DP_IND_LONG_Y,2,6,0,6,7,DIRECT_LOW_NONZERO:+1,2,3,0,1,0,0,0,0,NONE,NONE,SEM_LOAD_STORE,ADDR_DP_IND_LONG_Y
97,1,0,0,REJECTED,E=1 requires architectural M=1 and X=1,STA,DP_IND_LONG_Y,,6,,,,,,,,,,,,,,,,
97,1,0,1,REJECTED,E=1 requires architectural M=1 and X=1,STA,DP_IND_LONG_Y,,6,,,,,,,,,,,,,,,,
97,1,1,0,REJECTED,E=1 requires architectural M=1 and X=1,STA,DP_IND_LONG_Y,,6,,,,,,,,,,,,,,,,
97,1,1,1,LEGAL,,STA,DP_IND_LONG_Y,2,6,0,6,7,DIRECT_LOW_NONZERO:+1,2,3,0,1,0,0,0,0,NONE,NONE,SEM_LOAD_STORE,ADDR_DP_IND_LONG_Y
98,0,0,0,LEGAL,,TYA,IMP,1,2,0,2,2,NONE,1,0,0,0,0,0,0,0,NONE,NONE,SEM_TRANSFER,ADDR_IMP
98,0,0,1,LEGAL,,TYA,IMP,1,2,0,2,2,NONE,1,0,0,0,0,0,0,0,NONE,NONE,SEM_TRANSFER,ADDR_IMP
98,0,1,0,LEGAL,,TYA,IMP,1,2,0,2,2,NONE,1,0,0,0,0,0,0,0,NONE,NONE,SEM_TRANSFER,ADDR_IMP
98,0,1,1,LEGAL,,TYA,IMP,1,2,0,2,2,NONE,1,0,0,0,0,0,0,0,NONE,NONE,SEM_TRANSFER,ADDR_IMP
98,1,0,0,REJECTED,E=1 requires architectural M=1 and X=1,TYA,IMP,,2,,,,,,,,,,,,,,,,
98,1,0,1,REJECTED,E=1 requires architectural M=1 and X=1,TYA,IMP,,2,,,,,,,,,,,,,,,,
98,1,1,0,REJECTED,E=1 requires architectural M=1 and X=1,TYA,IMP,,2,,,,,,,,,,,,,,,,
98,1,1,1,LEGAL,,TYA,IMP,1,2,0,2,2,NONE,1,0,0,0,0,0,0,0,NONE,NONE,SEM_TRANSFER,ADDR_IMP
99,0,0,0,LEGAL,,STA,ABS_Y,3,5,1,6,6,NONE,3,0,0,2,0,0,0,0,NONE,NONE,SEM_LOAD_STORE,ADDR_ABS_Y
99,0,0,1,LEGAL,,STA,ABS_Y,3,5,1,6,6,NONE,3,0,0,2,0,0,0,0,NONE,NONE,SEM_LOAD_STORE,ADDR_ABS_Y
99,0,1,0,LEGAL,,STA,ABS_Y,3,5,0,5,5,NONE,3,0,0,1,0,0,0,0,NONE,NONE,SEM_LOAD_STORE,ADDR_ABS_Y
99,0,1,1,LEGAL,,STA,ABS_Y,3,5,0,5,5,NONE,3,0,0,1,0,0,0,0,NONE,NONE,SEM_LOAD_STORE,ADDR_ABS_Y
99,1,0,0,REJECTED,E=1 requires architectural M=1 and X=1,STA,ABS_Y,,5,,,,,,,,,,,,,,,,
99,1,0,1,REJECTED,E=1 requires architectural M=1 and X=1,STA,ABS_Y,,5,,,,,,,,,,,,,,,,
99,1,1,0,REJECTED,E=1 requires architectural M=1 and X=1,STA,ABS_Y,,5,,,,,,,,,,,,,,,,
99,1,1,1,LEGAL,,STA,ABS_Y,3,5,0,5,5,NONE,3,0,0,1,0,0,0,0,NONE,NONE,SEM_LOAD_STORE,ADDR_ABS_Y
9A,0,0,0,LEGAL,,TXS,IMP,1,2,0,2,2,NONE,1,0,0,0,0,0,0,0,NONE,NONE,SEM_TRANSFER,ADDR_IMP
9A,0,0,1,LEGAL,,TXS,IMP,1,2,0,2,2,NONE,1,0,0,0,0,0,0,0,NONE,NONE,SEM_TRANSFER,ADDR_IMP
9A,0,1,0,LEGAL,,TXS,IMP,1,2,0,2,2,NONE,1,0,0,0,0,0,0,0,NONE,NONE,SEM_TRANSFER,ADDR_IMP
9A,0,1,1,LEGAL,,TXS,IMP,1,2,0,2,2,NONE,1,0,0,0,0,0,0,0,NONE,NONE,SEM_TRANSFER,ADDR_IMP
9A,1,0,0,REJECTED,E=1 requires architectural M=1 and X=1,TXS,IMP,,2,,,,,,,,,,,,,,,,
9A,1,0,1,REJECTED,E=1 requires architectural M=1 and X=1,TXS,IMP,,2,,,,,,,,,,,,,,,,
9A,1,1,0,REJECTED,E=1 requires architectural M=1 and X=1,TXS,IMP,,2,,,,,,,,,,,,,,,,
9A,1,1,1,LEGAL,,TXS,IMP,1,2,0,2,2,NONE,1,0,0,0,0,0,0,0,NONE,NONE,SEM_TRANSFER,ADDR_IMP
9B,0,0,0,LEGAL,,TXY,IMP,1,2,0,2,2,NONE,1,0,0,0,0,0,0,0,NONE,NONE,SEM_TRANSFER,ADDR_IMP
9B,0,0,1,LEGAL,,TXY,IMP,1,2,0,2,2,NONE,1,0,0,0,0,0,0,0,NONE,NONE,SEM_TRANSFER,ADDR_IMP
9B,0,1,0,LEGAL,,TXY,IMP,1,2,0,2,2,NONE,1,0,0,0,0,0,0,0,NONE,NONE,SEM_TRANSFER,ADDR_IMP
9B,0,1,1,LEGAL,,TXY,IMP,1,2,0,2,2,NONE,1,0,0,0,0,0,0,0,NONE,NONE,SEM_TRANSFER,ADDR_IMP
9B,1,0,0,REJECTED,E=1 requires architectural M=1 and X=1,TXY,IMP,,2,,,,,,,,,,,,,,,,
9B,1,0,1,REJECTED,E=1 requires architectural M=1 and X=1,TXY,IMP,,2,,,,,,,,,,,,,,,,
9B,1,1,0,REJECTED,E=1 requires architectural M=1 and X=1,TXY,IMP,,2,,,,,,,,,,,,,,,,
9B,1,1,1,LEGAL,,TXY,IMP,1,2,0,2,2,NONE,1,0,0,0,0,0,0,0,NONE,NONE,SEM_TRANSFER,ADDR_IMP
9C,0,0,0,LEGAL,,STZ,ABS,3,4,1,5,5,NONE,3,0,0,2,0,0,0,0,NONE,NONE,SEM_LOAD_STORE,ADDR_ABS
9C,0,0,1,LEGAL,,STZ,ABS,3,4,1,5,5,NONE,3,0,0,2,0,0,0,0,NONE,NONE,SEM_LOAD_STORE,ADDR_ABS
9C,0,1,0,LEGAL,,STZ,ABS,3,4,0,4,4,NONE,3,0,0,1,0,0,0,0,NONE,NONE,SEM_LOAD_STORE,ADDR_ABS
9C,0,1,1,LEGAL,,STZ,ABS,3,4,0,4,4,NONE,3,0,0,1,0,0,0,0,NONE,NONE,SEM_LOAD_STORE,ADDR_ABS
9C,1,0,0,REJECTED,E=1 requires architectural M=1 and X=1,STZ,ABS,,4,,,,,,,,,,,,,,,,
9C,1,0,1,REJECTED,E=1 requires architectural M=1 and X=1,STZ,ABS,,4,,,,,,,,,,,,,,,,
9C,1,1,0,REJECTED,E=1 requires architectural M=1 and X=1,STZ,ABS,,4,,,,,,,,,,,,,,,,
9C,1,1,1,LEGAL,,STZ,ABS,3,4,0,4,4,NONE,3,0,0,1,0,0,0,0,NONE,NONE,SEM_LOAD_STORE,ADDR_ABS
9D,0,0,0,LEGAL,,STA,ABS_X,3,5,1,6,6,NONE,3,0,0,2,0,0,0,0,NONE,NONE,SEM_LOAD_STORE,ADDR_ABS_X
9D,0,0,1,LEGAL,,STA,ABS_X,3,5,1,6,6,NONE,3,0,0,2,0,0,0,0,NONE,NONE,SEM_LOAD_STORE,ADDR_ABS_X
9D,0,1,0,LEGAL,,STA,ABS_X,3,5,0,5,5,NONE,3,0,0,1,0,0,0,0,NONE,NONE,SEM_LOAD_STORE,ADDR_ABS_X
9D,0,1,1,LEGAL,,STA,ABS_X,3,5,0,5,5,NONE,3,0,0,1,0,0,0,0,NONE,NONE,SEM_LOAD_STORE,ADDR_ABS_X
9D,1,0,0,REJECTED,E=1 requires architectural M=1 and X=1,STA,ABS_X,,5,,,,,,,,,,,,,,,,
9D,1,0,1,REJECTED,E=1 requires architectural M=1 and X=1,STA,ABS_X,,5,,,,,,,,,,,,,,,,
9D,1,1,0,REJECTED,E=1 requires architectural M=1 and X=1,STA,ABS_X,,5,,,,,,,,,,,,,,,,
9D,1,1,1,LEGAL,,STA,ABS_X,3,5,0,5,5,NONE,3,0,0,1,0,0,0,0,NONE,NONE,SEM_LOAD_STORE,ADDR_ABS_X
9E,0,0,0,LEGAL,,STZ,ABS_X,3,5,1,6,6,NONE,3,0,0,2,0,0,0,0,NONE,NONE,SEM_LOAD_STORE,ADDR_ABS_X
9E,0,0,1,LEGAL,,STZ,ABS_X,3,5,1,6,6,NONE,3,0,0,2,0,0,0,0,NONE,NONE,SEM_LOAD_STORE,ADDR_ABS_X
9E,0,1,0,LEGAL,,STZ,ABS_X,3,5,0,5,5,NONE,3,0,0,1,0,0,0,0,NONE,NONE,SEM_LOAD_STORE,ADDR_ABS_X
9E,0,1,1,LEGAL,,STZ,ABS_X,3,5,0,5,5,NONE,3,0,0,1,0,0,0,0,NONE,NONE,SEM_LOAD_STORE,ADDR_ABS_X
9E,1,0,0,REJECTED,E=1 requires architectural M=1 and X=1,STZ,ABS_X,,5,,,,,,,,,,,,,,,,
9E,1,0,1,REJECTED,E=1 requires architectural M=1 and X=1,STZ,ABS_X,,5,,,,,,,,,,,,,,,,
9E,1,1,0,REJECTED,E=1 requires architectural M=1 and X=1,STZ,ABS_X,,5,,,,,,,,,,,,,,,,
9E,1,1,1,LEGAL,,STZ,ABS_X,3,5,0,5,5,NONE,3,0,0,1,0,0,0,0,NONE,NONE,SEM_LOAD_STORE,ADDR_ABS_X
9F,0,0,0,LEGAL,,STA,ABS_LONG_X,4,5,1,6,6,NONE,4,0,0,2,0,0,0,0,NONE,NONE,SEM_LOAD_STORE,ADDR_ABS_LONG_X
9F,0,0,1,LEGAL,,STA,ABS_LONG_X,4,5,1,6,6,NONE,4,0,0,2,0,0,0,0,NONE,NONE,SEM_LOAD_STORE,ADDR_ABS_LONG_X
9F,0,1,0,LEGAL,,STA,ABS_LONG_X,4,5,0,5,5,NONE,4,0,0,1,0,0,0,0,NONE,NONE,SEM_LOAD_STORE,ADDR_ABS_LONG_X
9F,0,1,1,LEGAL,,STA,ABS_LONG_X,4,5,0,5,5,NONE,4,0,0,1,0,0,0,0,NONE,NONE,SEM_LOAD_STORE,ADDR_ABS_LONG_X
9F,1,0,0,REJECTED,E=1 requires architectural M=1 and X=1,STA,ABS_LONG_X,,5,,,,,,,,,,,,,,,,
9F,1,0,1,REJECTED,E=1 requires architectural M=1 and X=1,STA,ABS_LONG_X,,5,,,,,,,,,,,,,,,,
9F,1,1,0,REJECTED,E=1 requires architectural M=1 and X=1,STA,ABS_LONG_X,,5,,,,,,,,,,,,,,,,
9F,1,1,1,LEGAL,,STA,ABS_LONG_X,4,5,0,5,5,NONE,4,0,0,1,0,0,0,0,NONE,NONE,SEM_LOAD_STORE,ADDR_ABS_LONG_X
A0,0,0,0,LEGAL,,LDY,IMM_X,3,2,1,3,3,NONE,3,0,0,0,0,0,0,0,NONE,NONE,SEM_LOAD_STORE,ADDR_IMM_X
A0,0,0,1,LEGAL,,LDY,IMM_X,2,2,0,2,2,NONE,2,0,0,0,0,0,0,0,NONE,NONE,SEM_LOAD_STORE,ADDR_IMM_X
A0,0,1,0,LEGAL,,LDY,IMM_X,3,2,1,3,3,NONE,3,0,0,0,0,0,0,0,NONE,NONE,SEM_LOAD_STORE,ADDR_IMM_X
A0,0,1,1,LEGAL,,LDY,IMM_X,2,2,0,2,2,NONE,2,0,0,0,0,0,0,0,NONE,NONE,SEM_LOAD_STORE,ADDR_IMM_X
A0,1,0,0,REJECTED,E=1 requires architectural M=1 and X=1,LDY,IMM_X,,2,,,,,,,,,,,,,,,,
A0,1,0,1,REJECTED,E=1 requires architectural M=1 and X=1,LDY,IMM_X,,2,,,,,,,,,,,,,,,,
A0,1,1,0,REJECTED,E=1 requires architectural M=1 and X=1,LDY,IMM_X,,2,,,,,,,,,,,,,,,,
A0,1,1,1,LEGAL,,LDY,IMM_X,2,2,0,2,2,NONE,2,0,0,0,0,0,0,0,NONE,NONE,SEM_LOAD_STORE,ADDR_IMM_X
A1,0,0,0,LEGAL,,LDA,DP_X_IND,2,6,1,7,8,DIRECT_LOW_NONZERO:+1,2,2,2,0,0,0,0,0,NONE,NONE,SEM_LOAD_STORE,ADDR_DP_X_IND
A1,0,0,1,LEGAL,,LDA,DP_X_IND,2,6,1,7,8,DIRECT_LOW_NONZERO:+1,2,2,2,0,0,0,0,0,NONE,NONE,SEM_LOAD_STORE,ADDR_DP_X_IND
A1,0,1,0,LEGAL,,LDA,DP_X_IND,2,6,0,6,7,DIRECT_LOW_NONZERO:+1,2,2,1,0,0,0,0,0,NONE,NONE,SEM_LOAD_STORE,ADDR_DP_X_IND
A1,0,1,1,LEGAL,,LDA,DP_X_IND,2,6,0,6,7,DIRECT_LOW_NONZERO:+1,2,2,1,0,0,0,0,0,NONE,NONE,SEM_LOAD_STORE,ADDR_DP_X_IND
A1,1,0,0,REJECTED,E=1 requires architectural M=1 and X=1,LDA,DP_X_IND,,6,,,,,,,,,,,,,,,,
A1,1,0,1,REJECTED,E=1 requires architectural M=1 and X=1,LDA,DP_X_IND,,6,,,,,,,,,,,,,,,,
A1,1,1,0,REJECTED,E=1 requires architectural M=1 and X=1,LDA,DP_X_IND,,6,,,,,,,,,,,,,,,,
A1,1,1,1,LEGAL,,LDA,DP_X_IND,2,6,0,6,7,DIRECT_LOW_NONZERO:+1,2,2,1,0,0,0,0,0,NONE,NONE,SEM_LOAD_STORE,ADDR_DP_X_IND
A2,0,0,0,LEGAL,,LDX,IMM_X,3,2,1,3,3,NONE,3,0,0,0,0,0,0,0,NONE,NONE,SEM_LOAD_STORE,ADDR_IMM_X
A2,0,0,1,LEGAL,,LDX,IMM_X,2,2,0,2,2,NONE,2,0,0,0,0,0,0,0,NONE,NONE,SEM_LOAD_STORE,ADDR_IMM_X
A2,0,1,0,LEGAL,,LDX,IMM_X,3,2,1,3,3,NONE,3,0,0,0,0,0,0,0,NONE,NONE,SEM_LOAD_STORE,ADDR_IMM_X
A2,0,1,1,LEGAL,,LDX,IMM_X,2,2,0,2,2,NONE,2,0,0,0,0,0,0,0,NONE,NONE,SEM_LOAD_STORE,ADDR_IMM_X
A2,1,0,0,REJECTED,E=1 requires architectural M=1 and X=1,LDX,IMM_X,,2,,,,,,,,,,,,,,,,
A2,1,0,1,REJECTED,E=1 requires architectural M=1 and X=1,LDX,IMM_X,,2,,,,,,,,,,,,,,,,
A2,1,1,0,REJECTED,E=1 requires architectural M=1 and X=1,LDX,IMM_X,,2,,,,,,,,,,,,,,,,
A2,1,1,1,LEGAL,,LDX,IMM_X,2,2,0,2,2,NONE,2,0,0,0,0,0,0,0,NONE,NONE,SEM_LOAD_STORE,ADDR_IMM_X
A3,0,0,0,LEGAL,,LDA,STACK_REL,2,4,1,5,5,NONE,2,0,2,0,0,0,0,0,NONE,NONE,SEM_LOAD_STORE,ADDR_STACK_REL
A3,0,0,1,LEGAL,,LDA,STACK_REL,2,4,1,5,5,NONE,2,0,2,0,0,0,0,0,NONE,NONE,SEM_LOAD_STORE,ADDR_STACK_REL
A3,0,1,0,LEGAL,,LDA,STACK_REL,2,4,0,4,4,NONE,2,0,1,0,0,0,0,0,NONE,NONE,SEM_LOAD_STORE,ADDR_STACK_REL
A3,0,1,1,LEGAL,,LDA,STACK_REL,2,4,0,4,4,NONE,2,0,1,0,0,0,0,0,NONE,NONE,SEM_LOAD_STORE,ADDR_STACK_REL
A3,1,0,0,REJECTED,E=1 requires architectural M=1 and X=1,LDA,STACK_REL,,4,,,,,,,,,,,,,,,,
A3,1,0,1,REJECTED,E=1 requires architectural M=1 and X=1,LDA,STACK_REL,,4,,,,,,,,,,,,,,,,
A3,1,1,0,REJECTED,E=1 requires architectural M=1 and X=1,LDA,STACK_REL,,4,,,,,,,,,,,,,,,,
A3,1,1,1,LEGAL,,LDA,STACK_REL,2,4,0,4,4,NONE,2,0,1,0,0,0,0,0,NONE,NONE,SEM_LOAD_STORE,ADDR_STACK_REL
A4,0,0,0,LEGAL,,LDY,DP,2,3,1,4,5,DIRECT_LOW_NONZERO:+1,2,0,2,0,0,0,0,0,NONE,NONE,SEM_LOAD_STORE,ADDR_DP
A4,0,0,1,LEGAL,,LDY,DP,2,3,0,3,4,DIRECT_LOW_NONZERO:+1,2,0,1,0,0,0,0,0,NONE,NONE,SEM_LOAD_STORE,ADDR_DP
A4,0,1,0,LEGAL,,LDY,DP,2,3,1,4,5,DIRECT_LOW_NONZERO:+1,2,0,2,0,0,0,0,0,NONE,NONE,SEM_LOAD_STORE,ADDR_DP
A4,0,1,1,LEGAL,,LDY,DP,2,3,0,3,4,DIRECT_LOW_NONZERO:+1,2,0,1,0,0,0,0,0,NONE,NONE,SEM_LOAD_STORE,ADDR_DP
A4,1,0,0,REJECTED,E=1 requires architectural M=1 and X=1,LDY,DP,,3,,,,,,,,,,,,,,,,
A4,1,0,1,REJECTED,E=1 requires architectural M=1 and X=1,LDY,DP,,3,,,,,,,,,,,,,,,,
A4,1,1,0,REJECTED,E=1 requires architectural M=1 and X=1,LDY,DP,,3,,,,,,,,,,,,,,,,
A4,1,1,1,LEGAL,,LDY,DP,2,3,0,3,4,DIRECT_LOW_NONZERO:+1,2,0,1,0,0,0,0,0,NONE,NONE,SEM_LOAD_STORE,ADDR_DP
A5,0,0,0,LEGAL,,LDA,DP,2,3,1,4,5,DIRECT_LOW_NONZERO:+1,2,0,2,0,0,0,0,0,NONE,NONE,SEM_LOAD_STORE,ADDR_DP
A5,0,0,1,LEGAL,,LDA,DP,2,3,1,4,5,DIRECT_LOW_NONZERO:+1,2,0,2,0,0,0,0,0,NONE,NONE,SEM_LOAD_STORE,ADDR_DP
A5,0,1,0,LEGAL,,LDA,DP,2,3,0,3,4,DIRECT_LOW_NONZERO:+1,2,0,1,0,0,0,0,0,NONE,NONE,SEM_LOAD_STORE,ADDR_DP
A5,0,1,1,LEGAL,,LDA,DP,2,3,0,3,4,DIRECT_LOW_NONZERO:+1,2,0,1,0,0,0,0,0,NONE,NONE,SEM_LOAD_STORE,ADDR_DP
A5,1,0,0,REJECTED,E=1 requires architectural M=1 and X=1,LDA,DP,,3,,,,,,,,,,,,,,,,
A5,1,0,1,REJECTED,E=1 requires architectural M=1 and X=1,LDA,DP,,3,,,,,,,,,,,,,,,,
A5,1,1,0,REJECTED,E=1 requires architectural M=1 and X=1,LDA,DP,,3,,,,,,,,,,,,,,,,
A5,1,1,1,LEGAL,,LDA,DP,2,3,0,3,4,DIRECT_LOW_NONZERO:+1,2,0,1,0,0,0,0,0,NONE,NONE,SEM_LOAD_STORE,ADDR_DP
A6,0,0,0,LEGAL,,LDX,DP,2,3,1,4,5,DIRECT_LOW_NONZERO:+1,2,0,2,0,0,0,0,0,NONE,NONE,SEM_LOAD_STORE,ADDR_DP
A6,0,0,1,LEGAL,,LDX,DP,2,3,0,3,4,DIRECT_LOW_NONZERO:+1,2,0,1,0,0,0,0,0,NONE,NONE,SEM_LOAD_STORE,ADDR_DP
A6,0,1,0,LEGAL,,LDX,DP,2,3,1,4,5,DIRECT_LOW_NONZERO:+1,2,0,2,0,0,0,0,0,NONE,NONE,SEM_LOAD_STORE,ADDR_DP
A6,0,1,1,LEGAL,,LDX,DP,2,3,0,3,4,DIRECT_LOW_NONZERO:+1,2,0,1,0,0,0,0,0,NONE,NONE,SEM_LOAD_STORE,ADDR_DP
A6,1,0,0,REJECTED,E=1 requires architectural M=1 and X=1,LDX,DP,,3,,,,,,,,,,,,,,,,
A6,1,0,1,REJECTED,E=1 requires architectural M=1 and X=1,LDX,DP,,3,,,,,,,,,,,,,,,,
A6,1,1,0,REJECTED,E=1 requires architectural M=1 and X=1,LDX,DP,,3,,,,,,,,,,,,,,,,
A6,1,1,1,LEGAL,,LDX,DP,2,3,0,3,4,DIRECT_LOW_NONZERO:+1,2,0,1,0,0,0,0,0,NONE,NONE,SEM_LOAD_STORE,ADDR_DP
A7,0,0,0,LEGAL,,LDA,DP_IND_LONG,2,6,1,7,8,DIRECT_LOW_NONZERO:+1,2,3,2,0,0,0,0,0,NONE,NONE,SEM_LOAD_STORE,ADDR_DP_IND_LONG
A7,0,0,1,LEGAL,,LDA,DP_IND_LONG,2,6,1,7,8,DIRECT_LOW_NONZERO:+1,2,3,2,0,0,0,0,0,NONE,NONE,SEM_LOAD_STORE,ADDR_DP_IND_LONG
A7,0,1,0,LEGAL,,LDA,DP_IND_LONG,2,6,0,6,7,DIRECT_LOW_NONZERO:+1,2,3,1,0,0,0,0,0,NONE,NONE,SEM_LOAD_STORE,ADDR_DP_IND_LONG
A7,0,1,1,LEGAL,,LDA,DP_IND_LONG,2,6,0,6,7,DIRECT_LOW_NONZERO:+1,2,3,1,0,0,0,0,0,NONE,NONE,SEM_LOAD_STORE,ADDR_DP_IND_LONG
A7,1,0,0,REJECTED,E=1 requires architectural M=1 and X=1,LDA,DP_IND_LONG,,6,,,,,,,,,,,,,,,,
A7,1,0,1,REJECTED,E=1 requires architectural M=1 and X=1,LDA,DP_IND_LONG,,6,,,,,,,,,,,,,,,,
A7,1,1,0,REJECTED,E=1 requires architectural M=1 and X=1,LDA,DP_IND_LONG,,6,,,,,,,,,,,,,,,,
A7,1,1,1,LEGAL,,LDA,DP_IND_LONG,2,6,0,6,7,DIRECT_LOW_NONZERO:+1,2,3,1,0,0,0,0,0,NONE,NONE,SEM_LOAD_STORE,ADDR_DP_IND_LONG
A8,0,0,0,LEGAL,,TAY,IMP,1,2,0,2,2,NONE,1,0,0,0,0,0,0,0,NONE,NONE,SEM_TRANSFER,ADDR_IMP
A8,0,0,1,LEGAL,,TAY,IMP,1,2,0,2,2,NONE,1,0,0,0,0,0,0,0,NONE,NONE,SEM_TRANSFER,ADDR_IMP
A8,0,1,0,LEGAL,,TAY,IMP,1,2,0,2,2,NONE,1,0,0,0,0,0,0,0,NONE,NONE,SEM_TRANSFER,ADDR_IMP
A8,0,1,1,LEGAL,,TAY,IMP,1,2,0,2,2,NONE,1,0,0,0,0,0,0,0,NONE,NONE,SEM_TRANSFER,ADDR_IMP
A8,1,0,0,REJECTED,E=1 requires architectural M=1 and X=1,TAY,IMP,,2,,,,,,,,,,,,,,,,
A8,1,0,1,REJECTED,E=1 requires architectural M=1 and X=1,TAY,IMP,,2,,,,,,,,,,,,,,,,
A8,1,1,0,REJECTED,E=1 requires architectural M=1 and X=1,TAY,IMP,,2,,,,,,,,,,,,,,,,
A8,1,1,1,LEGAL,,TAY,IMP,1,2,0,2,2,NONE,1,0,0,0,0,0,0,0,NONE,NONE,SEM_TRANSFER,ADDR_IMP
A9,0,0,0,LEGAL,,LDA,IMM_M,3,2,1,3,3,NONE,3,0,0,0,0,0,0,0,NONE,NONE,SEM_LOAD_STORE,ADDR_IMM_M
A9,0,0,1,LEGAL,,LDA,IMM_M,3,2,1,3,3,NONE,3,0,0,0,0,0,0,0,NONE,NONE,SEM_LOAD_STORE,ADDR_IMM_M
A9,0,1,0,LEGAL,,LDA,IMM_M,2,2,0,2,2,NONE,2,0,0,0,0,0,0,0,NONE,NONE,SEM_LOAD_STORE,ADDR_IMM_M
A9,0,1,1,LEGAL,,LDA,IMM_M,2,2,0,2,2,NONE,2,0,0,0,0,0,0,0,NONE,NONE,SEM_LOAD_STORE,ADDR_IMM_M
A9,1,0,0,REJECTED,E=1 requires architectural M=1 and X=1,LDA,IMM_M,,2,,,,,,,,,,,,,,,,
A9,1,0,1,REJECTED,E=1 requires architectural M=1 and X=1,LDA,IMM_M,,2,,,,,,,,,,,,,,,,
A9,1,1,0,REJECTED,E=1 requires architectural M=1 and X=1,LDA,IMM_M,,2,,,,,,,,,,,,,,,,
A9,1,1,1,LEGAL,,LDA,IMM_M,2,2,0,2,2,NONE,2,0,0,0,0,0,0,0,NONE,NONE,SEM_LOAD_STORE,ADDR_IMM_M
AA,0,0,0,LEGAL,,TAX,IMP,1,2,0,2,2,NONE,1,0,0,0,0,0,0,0,NONE,NONE,SEM_TRANSFER,ADDR_IMP
AA,0,0,1,LEGAL,,TAX,IMP,1,2,0,2,2,NONE,1,0,0,0,0,0,0,0,NONE,NONE,SEM_TRANSFER,ADDR_IMP
AA,0,1,0,LEGAL,,TAX,IMP,1,2,0,2,2,NONE,1,0,0,0,0,0,0,0,NONE,NONE,SEM_TRANSFER,ADDR_IMP
AA,0,1,1,LEGAL,,TAX,IMP,1,2,0,2,2,NONE,1,0,0,0,0,0,0,0,NONE,NONE,SEM_TRANSFER,ADDR_IMP
AA,1,0,0,REJECTED,E=1 requires architectural M=1 and X=1,TAX,IMP,,2,,,,,,,,,,,,,,,,
AA,1,0,1,REJECTED,E=1 requires architectural M=1 and X=1,TAX,IMP,,2,,,,,,,,,,,,,,,,
AA,1,1,0,REJECTED,E=1 requires architectural M=1 and X=1,TAX,IMP,,2,,,,,,,,,,,,,,,,
AA,1,1,1,LEGAL,,TAX,IMP,1,2,0,2,2,NONE,1,0,0,0,0,0,0,0,NONE,NONE,SEM_TRANSFER,ADDR_IMP
AB,0,0,0,LEGAL,,PLB,IMP,1,4,0,4,4,NONE,1,0,0,0,0,1,0,0,NONE,NONE,SEM_STACK,ADDR_IMP
AB,0,0,1,LEGAL,,PLB,IMP,1,4,0,4,4,NONE,1,0,0,0,0,1,0,0,NONE,NONE,SEM_STACK,ADDR_IMP
AB,0,1,0,LEGAL,,PLB,IMP,1,4,0,4,4,NONE,1,0,0,0,0,1,0,0,NONE,NONE,SEM_STACK,ADDR_IMP
AB,0,1,1,LEGAL,,PLB,IMP,1,4,0,4,4,NONE,1,0,0,0,0,1,0,0,NONE,NONE,SEM_STACK,ADDR_IMP
AB,1,0,0,REJECTED,E=1 requires architectural M=1 and X=1,PLB,IMP,,4,,,,,,,,,,,,,,,,
AB,1,0,1,REJECTED,E=1 requires architectural M=1 and X=1,PLB,IMP,,4,,,,,,,,,,,,,,,,
AB,1,1,0,REJECTED,E=1 requires architectural M=1 and X=1,PLB,IMP,,4,,,,,,,,,,,,,,,,
AB,1,1,1,LEGAL,,PLB,IMP,1,4,0,4,4,NONE,1,0,0,0,0,1,0,0,NONE,NONE,SEM_STACK,ADDR_IMP
AC,0,0,0,LEGAL,,LDY,ABS,3,4,1,5,5,NONE,3,0,2,0,0,0,0,0,NONE,NONE,SEM_LOAD_STORE,ADDR_ABS
AC,0,0,1,LEGAL,,LDY,ABS,3,4,0,4,4,NONE,3,0,1,0,0,0,0,0,NONE,NONE,SEM_LOAD_STORE,ADDR_ABS
AC,0,1,0,LEGAL,,LDY,ABS,3,4,1,5,5,NONE,3,0,2,0,0,0,0,0,NONE,NONE,SEM_LOAD_STORE,ADDR_ABS
AC,0,1,1,LEGAL,,LDY,ABS,3,4,0,4,4,NONE,3,0,1,0,0,0,0,0,NONE,NONE,SEM_LOAD_STORE,ADDR_ABS
AC,1,0,0,REJECTED,E=1 requires architectural M=1 and X=1,LDY,ABS,,4,,,,,,,,,,,,,,,,
AC,1,0,1,REJECTED,E=1 requires architectural M=1 and X=1,LDY,ABS,,4,,,,,,,,,,,,,,,,
AC,1,1,0,REJECTED,E=1 requires architectural M=1 and X=1,LDY,ABS,,4,,,,,,,,,,,,,,,,
AC,1,1,1,LEGAL,,LDY,ABS,3,4,0,4,4,NONE,3,0,1,0,0,0,0,0,NONE,NONE,SEM_LOAD_STORE,ADDR_ABS
AD,0,0,0,LEGAL,,LDA,ABS,3,4,1,5,5,NONE,3,0,2,0,0,0,0,0,NONE,NONE,SEM_LOAD_STORE,ADDR_ABS
AD,0,0,1,LEGAL,,LDA,ABS,3,4,1,5,5,NONE,3,0,2,0,0,0,0,0,NONE,NONE,SEM_LOAD_STORE,ADDR_ABS
AD,0,1,0,LEGAL,,LDA,ABS,3,4,0,4,4,NONE,3,0,1,0,0,0,0,0,NONE,NONE,SEM_LOAD_STORE,ADDR_ABS
AD,0,1,1,LEGAL,,LDA,ABS,3,4,0,4,4,NONE,3,0,1,0,0,0,0,0,NONE,NONE,SEM_LOAD_STORE,ADDR_ABS
AD,1,0,0,REJECTED,E=1 requires architectural M=1 and X=1,LDA,ABS,,4,,,,,,,,,,,,,,,,
AD,1,0,1,REJECTED,E=1 requires architectural M=1 and X=1,LDA,ABS,,4,,,,,,,,,,,,,,,,
AD,1,1,0,REJECTED,E=1 requires architectural M=1 and X=1,LDA,ABS,,4,,,,,,,,,,,,,,,,
AD,1,1,1,LEGAL,,LDA,ABS,3,4,0,4,4,NONE,3,0,1,0,0,0,0,0,NONE,NONE,SEM_LOAD_STORE,ADDR_ABS
AE,0,0,0,LEGAL,,LDX,ABS,3,4,1,5,5,NONE,3,0,2,0,0,0,0,0,NONE,NONE,SEM_LOAD_STORE,ADDR_ABS
AE,0,0,1,LEGAL,,LDX,ABS,3,4,0,4,4,NONE,3,0,1,0,0,0,0,0,NONE,NONE,SEM_LOAD_STORE,ADDR_ABS
AE,0,1,0,LEGAL,,LDX,ABS,3,4,1,5,5,NONE,3,0,2,0,0,0,0,0,NONE,NONE,SEM_LOAD_STORE,ADDR_ABS
AE,0,1,1,LEGAL,,LDX,ABS,3,4,0,4,4,NONE,3,0,1,0,0,0,0,0,NONE,NONE,SEM_LOAD_STORE,ADDR_ABS
AE,1,0,0,REJECTED,E=1 requires architectural M=1 and X=1,LDX,ABS,,4,,,,,,,,,,,,,,,,
AE,1,0,1,REJECTED,E=1 requires architectural M=1 and X=1,LDX,ABS,,4,,,,,,,,,,,,,,,,
AE,1,1,0,REJECTED,E=1 requires architectural M=1 and X=1,LDX,ABS,,4,,,,,,,,,,,,,,,,
AE,1,1,1,LEGAL,,LDX,ABS,3,4,0,4,4,NONE,3,0,1,0,0,0,0,0,NONE,NONE,SEM_LOAD_STORE,ADDR_ABS
AF,0,0,0,LEGAL,,LDA,ABS_LONG,4,5,1,6,6,NONE,4,0,2,0,0,0,0,0,NONE,NONE,SEM_LOAD_STORE,ADDR_ABS_LONG
AF,0,0,1,LEGAL,,LDA,ABS_LONG,4,5,1,6,6,NONE,4,0,2,0,0,0,0,0,NONE,NONE,SEM_LOAD_STORE,ADDR_ABS_LONG
AF,0,1,0,LEGAL,,LDA,ABS_LONG,4,5,0,5,5,NONE,4,0,1,0,0,0,0,0,NONE,NONE,SEM_LOAD_STORE,ADDR_ABS_LONG
AF,0,1,1,LEGAL,,LDA,ABS_LONG,4,5,0,5,5,NONE,4,0,1,0,0,0,0,0,NONE,NONE,SEM_LOAD_STORE,ADDR_ABS_LONG
AF,1,0,0,REJECTED,E=1 requires architectural M=1 and X=1,LDA,ABS_LONG,,5,,,,,,,,,,,,,,,,
AF,1,0,1,REJECTED,E=1 requires architectural M=1 and X=1,LDA,ABS_LONG,,5,,,,,,,,,,,,,,,,
AF,1,1,0,REJECTED,E=1 requires architectural M=1 and X=1,LDA,ABS_LONG,,5,,,,,,,,,,,,,,,,
AF,1,1,1,LEGAL,,LDA,ABS_LONG,4,5,0,5,5,NONE,4,0,1,0,0,0,0,0,NONE,NONE,SEM_LOAD_STORE,ADDR_ABS_LONG
B0,0,0,0,LEGAL,,BCS,REL8,2,2,0,2,3,BRANCH_TAKEN:+1,2,0,0,0,0,0,0,0,NONE,NONE,SEM_BRANCH,ADDR_REL8
B0,0,0,1,LEGAL,,BCS,REL8,2,2,0,2,3,BRANCH_TAKEN:+1,2,0,0,0,0,0,0,0,NONE,NONE,SEM_BRANCH,ADDR_REL8
B0,0,1,0,LEGAL,,BCS,REL8,2,2,0,2,3,BRANCH_TAKEN:+1,2,0,0,0,0,0,0,0,NONE,NONE,SEM_BRANCH,ADDR_REL8
B0,0,1,1,LEGAL,,BCS,REL8,2,2,0,2,3,BRANCH_TAKEN:+1,2,0,0,0,0,0,0,0,NONE,NONE,SEM_BRANCH,ADDR_REL8
B0,1,0,0,REJECTED,E=1 requires architectural M=1 and X=1,BCS,REL8,,2,,,,,,,,,,,,,,,,
B0,1,0,1,REJECTED,E=1 requires architectural M=1 and X=1,BCS,REL8,,2,,,,,,,,,,,,,,,,
B0,1,1,0,REJECTED,E=1 requires architectural M=1 and X=1,BCS,REL8,,2,,,,,,,,,,,,,,,,
B0,1,1,1,LEGAL,,BCS,REL8,2,2,0,2,4,BRANCH_TAKEN:+1;BRANCH_PAGE_CROSS_EMULATION:+1,2,0,0,0,0,0,0,0,NONE,NONE,SEM_BRANCH,ADDR_REL8
B1,0,0,0,LEGAL,,LDA,DP_IND_Y,2,5,2,7,8,DIRECT_LOW_NONZERO:+1,2,2,2,0,0,0,0,0,NONE,NONE,SEM_LOAD_STORE,ADDR_DP_IND_Y
B1,0,0,1,LEGAL,,LDA,DP_IND_Y,2,5,1,6,8,DIRECT_LOW_NONZERO:+1;INDEX_PAGE_CROSS:+1,2,2,2,0,0,0,0,0,NONE,NONE,SEM_LOAD_STORE,ADDR_DP_IND_Y
B1,0,1,0,LEGAL,,LDA,DP_IND_Y,2,5,1,6,7,DIRECT_LOW_NONZERO:+1,2,2,1,0,0,0,0,0,NONE,NONE,SEM_LOAD_STORE,ADDR_DP_IND_Y
B1,0,1,1,LEGAL,,LDA,DP_IND_Y,2,5,0,5,7,DIRECT_LOW_NONZERO:+1;INDEX_PAGE_CROSS:+1,2,2,1,0,0,0,0,0,NONE,NONE,SEM_LOAD_STORE,ADDR_DP_IND_Y
B1,1,0,0,REJECTED,E=1 requires architectural M=1 and X=1,LDA,DP_IND_Y,,5,,,,,,,,,,,,,,,,
B1,1,0,1,REJECTED,E=1 requires architectural M=1 and X=1,LDA,DP_IND_Y,,5,,,,,,,,,,,,,,,,
B1,1,1,0,REJECTED,E=1 requires architectural M=1 and X=1,LDA,DP_IND_Y,,5,,,,,,,,,,,,,,,,
B1,1,1,1,LEGAL,,LDA,DP_IND_Y,2,5,0,5,7,DIRECT_LOW_NONZERO:+1;INDEX_PAGE_CROSS:+1,2,2,1,0,0,0,0,0,NONE,NONE,SEM_LOAD_STORE,ADDR_DP_IND_Y
B2,0,0,0,LEGAL,,LDA,DP_IND,2,5,1,6,7,DIRECT_LOW_NONZERO:+1,2,2,2,0,0,0,0,0,NONE,NONE,SEM_LOAD_STORE,ADDR_DP_IND
B2,0,0,1,LEGAL,,LDA,DP_IND,2,5,1,6,7,DIRECT_LOW_NONZERO:+1,2,2,2,0,0,0,0,0,NONE,NONE,SEM_LOAD_STORE,ADDR_DP_IND
B2,0,1,0,LEGAL,,LDA,DP_IND,2,5,0,5,6,DIRECT_LOW_NONZERO:+1,2,2,1,0,0,0,0,0,NONE,NONE,SEM_LOAD_STORE,ADDR_DP_IND
B2,0,1,1,LEGAL,,LDA,DP_IND,2,5,0,5,6,DIRECT_LOW_NONZERO:+1,2,2,1,0,0,0,0,0,NONE,NONE,SEM_LOAD_STORE,ADDR_DP_IND
B2,1,0,0,REJECTED,E=1 requires architectural M=1 and X=1,LDA,DP_IND,,5,,,,,,,,,,,,,,,,
B2,1,0,1,REJECTED,E=1 requires architectural M=1 and X=1,LDA,DP_IND,,5,,,,,,,,,,,,,,,,
B2,1,1,0,REJECTED,E=1 requires architectural M=1 and X=1,LDA,DP_IND,,5,,,,,,,,,,,,,,,,
B2,1,1,1,LEGAL,,LDA,DP_IND,2,5,0,5,6,DIRECT_LOW_NONZERO:+1,2,2,1,0,0,0,0,0,NONE,NONE,SEM_LOAD_STORE,ADDR_DP_IND
B3,0,0,0,LEGAL,,LDA,STACK_REL_IND_Y,2,7,1,8,8,NONE,2,2,2,0,0,0,0,0,NONE,NONE,SEM_LOAD_STORE,ADDR_STACK_REL_IND_Y
B3,0,0,1,LEGAL,,LDA,STACK_REL_IND_Y,2,7,1,8,8,NONE,2,2,2,0,0,0,0,0,NONE,NONE,SEM_LOAD_STORE,ADDR_STACK_REL_IND_Y
B3,0,1,0,LEGAL,,LDA,STACK_REL_IND_Y,2,7,0,7,7,NONE,2,2,1,0,0,0,0,0,NONE,NONE,SEM_LOAD_STORE,ADDR_STACK_REL_IND_Y
B3,0,1,1,LEGAL,,LDA,STACK_REL_IND_Y,2,7,0,7,7,NONE,2,2,1,0,0,0,0,0,NONE,NONE,SEM_LOAD_STORE,ADDR_STACK_REL_IND_Y
B3,1,0,0,REJECTED,E=1 requires architectural M=1 and X=1,LDA,STACK_REL_IND_Y,,7,,,,,,,,,,,,,,,,
B3,1,0,1,REJECTED,E=1 requires architectural M=1 and X=1,LDA,STACK_REL_IND_Y,,7,,,,,,,,,,,,,,,,
B3,1,1,0,REJECTED,E=1 requires architectural M=1 and X=1,LDA,STACK_REL_IND_Y,,7,,,,,,,,,,,,,,,,
B3,1,1,1,LEGAL,,LDA,STACK_REL_IND_Y,2,7,0,7,7,NONE,2,2,1,0,0,0,0,0,NONE,NONE,SEM_LOAD_STORE,ADDR_STACK_REL_IND_Y
B4,0,0,0,LEGAL,,LDY,DP_X,2,4,1,5,6,DIRECT_LOW_NONZERO:+1,2,0,2,0,0,0,0,0,NONE,NONE,SEM_LOAD_STORE,ADDR_DP_X
B4,0,0,1,LEGAL,,LDY,DP_X,2,4,0,4,5,DIRECT_LOW_NONZERO:+1,2,0,1,0,0,0,0,0,NONE,NONE,SEM_LOAD_STORE,ADDR_DP_X
B4,0,1,0,LEGAL,,LDY,DP_X,2,4,1,5,6,DIRECT_LOW_NONZERO:+1,2,0,2,0,0,0,0,0,NONE,NONE,SEM_LOAD_STORE,ADDR_DP_X
B4,0,1,1,LEGAL,,LDY,DP_X,2,4,0,4,5,DIRECT_LOW_NONZERO:+1,2,0,1,0,0,0,0,0,NONE,NONE,SEM_LOAD_STORE,ADDR_DP_X
B4,1,0,0,REJECTED,E=1 requires architectural M=1 and X=1,LDY,DP_X,,4,,,,,,,,,,,,,,,,
B4,1,0,1,REJECTED,E=1 requires architectural M=1 and X=1,LDY,DP_X,,4,,,,,,,,,,,,,,,,
B4,1,1,0,REJECTED,E=1 requires architectural M=1 and X=1,LDY,DP_X,,4,,,,,,,,,,,,,,,,
B4,1,1,1,LEGAL,,LDY,DP_X,2,4,0,4,5,DIRECT_LOW_NONZERO:+1,2,0,1,0,0,0,0,0,NONE,NONE,SEM_LOAD_STORE,ADDR_DP_X
B5,0,0,0,LEGAL,,LDA,DP_X,2,4,1,5,6,DIRECT_LOW_NONZERO:+1,2,0,2,0,0,0,0,0,NONE,NONE,SEM_LOAD_STORE,ADDR_DP_X
B5,0,0,1,LEGAL,,LDA,DP_X,2,4,1,5,6,DIRECT_LOW_NONZERO:+1,2,0,2,0,0,0,0,0,NONE,NONE,SEM_LOAD_STORE,ADDR_DP_X
B5,0,1,0,LEGAL,,LDA,DP_X,2,4,0,4,5,DIRECT_LOW_NONZERO:+1,2,0,1,0,0,0,0,0,NONE,NONE,SEM_LOAD_STORE,ADDR_DP_X
B5,0,1,1,LEGAL,,LDA,DP_X,2,4,0,4,5,DIRECT_LOW_NONZERO:+1,2,0,1,0,0,0,0,0,NONE,NONE,SEM_LOAD_STORE,ADDR_DP_X
B5,1,0,0,REJECTED,E=1 requires architectural M=1 and X=1,LDA,DP_X,,4,,,,,,,,,,,,,,,,
B5,1,0,1,REJECTED,E=1 requires architectural M=1 and X=1,LDA,DP_X,,4,,,,,,,,,,,,,,,,
B5,1,1,0,REJECTED,E=1 requires architectural M=1 and X=1,LDA,DP_X,,4,,,,,,,,,,,,,,,,
B5,1,1,1,LEGAL,,LDA,DP_X,2,4,0,4,5,DIRECT_LOW_NONZERO:+1,2,0,1,0,0,0,0,0,NONE,NONE,SEM_LOAD_STORE,ADDR_DP_X
B6,0,0,0,LEGAL,,LDX,DP_Y,2,4,1,5,6,DIRECT_LOW_NONZERO:+1,2,0,2,0,0,0,0,0,NONE,NONE,SEM_LOAD_STORE,ADDR_DP_Y
B6,0,0,1,LEGAL,,LDX,DP_Y,2,4,0,4,5,DIRECT_LOW_NONZERO:+1,2,0,1,0,0,0,0,0,NONE,NONE,SEM_LOAD_STORE,ADDR_DP_Y
B6,0,1,0,LEGAL,,LDX,DP_Y,2,4,1,5,6,DIRECT_LOW_NONZERO:+1,2,0,2,0,0,0,0,0,NONE,NONE,SEM_LOAD_STORE,ADDR_DP_Y
B6,0,1,1,LEGAL,,LDX,DP_Y,2,4,0,4,5,DIRECT_LOW_NONZERO:+1,2,0,1,0,0,0,0,0,NONE,NONE,SEM_LOAD_STORE,ADDR_DP_Y
B6,1,0,0,REJECTED,E=1 requires architectural M=1 and X=1,LDX,DP_Y,,4,,,,,,,,,,,,,,,,
B6,1,0,1,REJECTED,E=1 requires architectural M=1 and X=1,LDX,DP_Y,,4,,,,,,,,,,,,,,,,
B6,1,1,0,REJECTED,E=1 requires architectural M=1 and X=1,LDX,DP_Y,,4,,,,,,,,,,,,,,,,
B6,1,1,1,LEGAL,,LDX,DP_Y,2,4,0,4,5,DIRECT_LOW_NONZERO:+1,2,0,1,0,0,0,0,0,NONE,NONE,SEM_LOAD_STORE,ADDR_DP_Y
B7,0,0,0,LEGAL,,LDA,DP_IND_LONG_Y,2,6,1,7,8,DIRECT_LOW_NONZERO:+1,2,3,2,0,0,0,0,0,NONE,NONE,SEM_LOAD_STORE,ADDR_DP_IND_LONG_Y
B7,0,0,1,LEGAL,,LDA,DP_IND_LONG_Y,2,6,1,7,8,DIRECT_LOW_NONZERO:+1,2,3,2,0,0,0,0,0,NONE,NONE,SEM_LOAD_STORE,ADDR_DP_IND_LONG_Y
B7,0,1,0,LEGAL,,LDA,DP_IND_LONG_Y,2,6,0,6,7,DIRECT_LOW_NONZERO:+1,2,3,1,0,0,0,0,0,NONE,NONE,SEM_LOAD_STORE,ADDR_DP_IND_LONG_Y
B7,0,1,1,LEGAL,,LDA,DP_IND_LONG_Y,2,6,0,6,7,DIRECT_LOW_NONZERO:+1,2,3,1,0,0,0,0,0,NONE,NONE,SEM_LOAD_STORE,ADDR_DP_IND_LONG_Y
B7,1,0,0,REJECTED,E=1 requires architectural M=1 and X=1,LDA,DP_IND_LONG_Y,,6,,,,,,,,,,,,,,,,
B7,1,0,1,REJECTED,E=1 requires architectural M=1 and X=1,LDA,DP_IND_LONG_Y,,6,,,,,,,,,,,,,,,,
B7,1,1,0,REJECTED,E=1 requires architectural M=1 and X=1,LDA,DP_IND_LONG_Y,,6,,,,,,,,,,,,,,,,
B7,1,1,1,LEGAL,,LDA,DP_IND_LONG_Y,2,6,0,6,7,DIRECT_LOW_NONZERO:+1,2,3,1,0,0,0,0,0,NONE,NONE,SEM_LOAD_STORE,ADDR_DP_IND_LONG_Y
B8,0,0,0,LEGAL,,CLV,IMP,1,2,0,2,2,NONE,1,0,0,0,0,0,0,0,NONE,NONE,SEM_FLAGS,ADDR_IMP
B8,0,0,1,LEGAL,,CLV,IMP,1,2,0,2,2,NONE,1,0,0,0,0,0,0,0,NONE,NONE,SEM_FLAGS,ADDR_IMP
B8,0,1,0,LEGAL,,CLV,IMP,1,2,0,2,2,NONE,1,0,0,0,0,0,0,0,NONE,NONE,SEM_FLAGS,ADDR_IMP
B8,0,1,1,LEGAL,,CLV,IMP,1,2,0,2,2,NONE,1,0,0,0,0,0,0,0,NONE,NONE,SEM_FLAGS,ADDR_IMP
B8,1,0,0,REJECTED,E=1 requires architectural M=1 and X=1,CLV,IMP,,2,,,,,,,,,,,,,,,,
B8,1,0,1,REJECTED,E=1 requires architectural M=1 and X=1,CLV,IMP,,2,,,,,,,,,,,,,,,,
B8,1,1,0,REJECTED,E=1 requires architectural M=1 and X=1,CLV,IMP,,2,,,,,,,,,,,,,,,,
B8,1,1,1,LEGAL,,CLV,IMP,1,2,0,2,2,NONE,1,0,0,0,0,0,0,0,NONE,NONE,SEM_FLAGS,ADDR_IMP
B9,0,0,0,LEGAL,,LDA,ABS_Y,3,4,2,6,6,NONE,3,0,2,0,0,0,0,0,NONE,NONE,SEM_LOAD_STORE,ADDR_ABS_Y
B9,0,0,1,LEGAL,,LDA,ABS_Y,3,4,1,5,6,INDEX_PAGE_CROSS:+1,3,0,2,0,0,0,0,0,NONE,NONE,SEM_LOAD_STORE,ADDR_ABS_Y
B9,0,1,0,LEGAL,,LDA,ABS_Y,3,4,1,5,5,NONE,3,0,1,0,0,0,0,0,NONE,NONE,SEM_LOAD_STORE,ADDR_ABS_Y
B9,0,1,1,LEGAL,,LDA,ABS_Y,3,4,0,4,5,INDEX_PAGE_CROSS:+1,3,0,1,0,0,0,0,0,NONE,NONE,SEM_LOAD_STORE,ADDR_ABS_Y
B9,1,0,0,REJECTED,E=1 requires architectural M=1 and X=1,LDA,ABS_Y,,4,,,,,,,,,,,,,,,,
B9,1,0,1,REJECTED,E=1 requires architectural M=1 and X=1,LDA,ABS_Y,,4,,,,,,,,,,,,,,,,
B9,1,1,0,REJECTED,E=1 requires architectural M=1 and X=1,LDA,ABS_Y,,4,,,,,,,,,,,,,,,,
B9,1,1,1,LEGAL,,LDA,ABS_Y,3,4,0,4,5,INDEX_PAGE_CROSS:+1,3,0,1,0,0,0,0,0,NONE,NONE,SEM_LOAD_STORE,ADDR_ABS_Y
BA,0,0,0,LEGAL,,TSX,IMP,1,2,0,2,2,NONE,1,0,0,0,0,0,0,0,NONE,NONE,SEM_TRANSFER,ADDR_IMP
BA,0,0,1,LEGAL,,TSX,IMP,1,2,0,2,2,NONE,1,0,0,0,0,0,0,0,NONE,NONE,SEM_TRANSFER,ADDR_IMP
BA,0,1,0,LEGAL,,TSX,IMP,1,2,0,2,2,NONE,1,0,0,0,0,0,0,0,NONE,NONE,SEM_TRANSFER,ADDR_IMP
BA,0,1,1,LEGAL,,TSX,IMP,1,2,0,2,2,NONE,1,0,0,0,0,0,0,0,NONE,NONE,SEM_TRANSFER,ADDR_IMP
BA,1,0,0,REJECTED,E=1 requires architectural M=1 and X=1,TSX,IMP,,2,,,,,,,,,,,,,,,,
BA,1,0,1,REJECTED,E=1 requires architectural M=1 and X=1,TSX,IMP,,2,,,,,,,,,,,,,,,,
BA,1,1,0,REJECTED,E=1 requires architectural M=1 and X=1,TSX,IMP,,2,,,,,,,,,,,,,,,,
BA,1,1,1,LEGAL,,TSX,IMP,1,2,0,2,2,NONE,1,0,0,0,0,0,0,0,NONE,NONE,SEM_TRANSFER,ADDR_IMP
BB,0,0,0,LEGAL,,TYX,IMP,1,2,0,2,2,NONE,1,0,0,0,0,0,0,0,NONE,NONE,SEM_TRANSFER,ADDR_IMP
BB,0,0,1,LEGAL,,TYX,IMP,1,2,0,2,2,NONE,1,0,0,0,0,0,0,0,NONE,NONE,SEM_TRANSFER,ADDR_IMP
BB,0,1,0,LEGAL,,TYX,IMP,1,2,0,2,2,NONE,1,0,0,0,0,0,0,0,NONE,NONE,SEM_TRANSFER,ADDR_IMP
BB,0,1,1,LEGAL,,TYX,IMP,1,2,0,2,2,NONE,1,0,0,0,0,0,0,0,NONE,NONE,SEM_TRANSFER,ADDR_IMP
BB,1,0,0,REJECTED,E=1 requires architectural M=1 and X=1,TYX,IMP,,2,,,,,,,,,,,,,,,,
BB,1,0,1,REJECTED,E=1 requires architectural M=1 and X=1,TYX,IMP,,2,,,,,,,,,,,,,,,,
BB,1,1,0,REJECTED,E=1 requires architectural M=1 and X=1,TYX,IMP,,2,,,,,,,,,,,,,,,,
BB,1,1,1,LEGAL,,TYX,IMP,1,2,0,2,2,NONE,1,0,0,0,0,0,0,0,NONE,NONE,SEM_TRANSFER,ADDR_IMP
BC,0,0,0,LEGAL,,LDY,ABS_X,3,4,2,6,6,NONE,3,0,2,0,0,0,0,0,NONE,NONE,SEM_LOAD_STORE,ADDR_ABS_X
BC,0,0,1,LEGAL,,LDY,ABS_X,3,4,0,4,5,INDEX_PAGE_CROSS:+1,3,0,1,0,0,0,0,0,NONE,NONE,SEM_LOAD_STORE,ADDR_ABS_X
BC,0,1,0,LEGAL,,LDY,ABS_X,3,4,2,6,6,NONE,3,0,2,0,0,0,0,0,NONE,NONE,SEM_LOAD_STORE,ADDR_ABS_X
BC,0,1,1,LEGAL,,LDY,ABS_X,3,4,0,4,5,INDEX_PAGE_CROSS:+1,3,0,1,0,0,0,0,0,NONE,NONE,SEM_LOAD_STORE,ADDR_ABS_X
BC,1,0,0,REJECTED,E=1 requires architectural M=1 and X=1,LDY,ABS_X,,4,,,,,,,,,,,,,,,,
BC,1,0,1,REJECTED,E=1 requires architectural M=1 and X=1,LDY,ABS_X,,4,,,,,,,,,,,,,,,,
BC,1,1,0,REJECTED,E=1 requires architectural M=1 and X=1,LDY,ABS_X,,4,,,,,,,,,,,,,,,,
BC,1,1,1,LEGAL,,LDY,ABS_X,3,4,0,4,5,INDEX_PAGE_CROSS:+1,3,0,1,0,0,0,0,0,NONE,NONE,SEM_LOAD_STORE,ADDR_ABS_X
BD,0,0,0,LEGAL,,LDA,ABS_X,3,4,2,6,6,NONE,3,0,2,0,0,0,0,0,NONE,NONE,SEM_LOAD_STORE,ADDR_ABS_X
BD,0,0,1,LEGAL,,LDA,ABS_X,3,4,1,5,6,INDEX_PAGE_CROSS:+1,3,0,2,0,0,0,0,0,NONE,NONE,SEM_LOAD_STORE,ADDR_ABS_X
BD,0,1,0,LEGAL,,LDA,ABS_X,3,4,1,5,5,NONE,3,0,1,0,0,0,0,0,NONE,NONE,SEM_LOAD_STORE,ADDR_ABS_X
BD,0,1,1,LEGAL,,LDA,ABS_X,3,4,0,4,5,INDEX_PAGE_CROSS:+1,3,0,1,0,0,0,0,0,NONE,NONE,SEM_LOAD_STORE,ADDR_ABS_X
BD,1,0,0,REJECTED,E=1 requires architectural M=1 and X=1,LDA,ABS_X,,4,,,,,,,,,,,,,,,,
BD,1,0,1,REJECTED,E=1 requires architectural M=1 and X=1,LDA,ABS_X,,4,,,,,,,,,,,,,,,,
BD,1,1,0,REJECTED,E=1 requires architectural M=1 and X=1,LDA,ABS_X,,4,,,,,,,,,,,,,,,,
BD,1,1,1,LEGAL,,LDA,ABS_X,3,4,0,4,5,INDEX_PAGE_CROSS:+1,3,0,1,0,0,0,0,0,NONE,NONE,SEM_LOAD_STORE,ADDR_ABS_X
BE,0,0,0,LEGAL,,LDX,ABS_Y,3,4,2,6,6,NONE,3,0,2,0,0,0,0,0,NONE,NONE,SEM_LOAD_STORE,ADDR_ABS_Y
BE,0,0,1,LEGAL,,LDX,ABS_Y,3,4,0,4,5,INDEX_PAGE_CROSS:+1,3,0,1,0,0,0,0,0,NONE,NONE,SEM_LOAD_STORE,ADDR_ABS_Y
BE,0,1,0,LEGAL,,LDX,ABS_Y,3,4,2,6,6,NONE,3,0,2,0,0,0,0,0,NONE,NONE,SEM_LOAD_STORE,ADDR_ABS_Y
BE,0,1,1,LEGAL,,LDX,ABS_Y,3,4,0,4,5,INDEX_PAGE_CROSS:+1,3,0,1,0,0,0,0,0,NONE,NONE,SEM_LOAD_STORE,ADDR_ABS_Y
BE,1,0,0,REJECTED,E=1 requires architectural M=1 and X=1,LDX,ABS_Y,,4,,,,,,,,,,,,,,,,
BE,1,0,1,REJECTED,E=1 requires architectural M=1 and X=1,LDX,ABS_Y,,4,,,,,,,,,,,,,,,,
BE,1,1,0,REJECTED,E=1 requires architectural M=1 and X=1,LDX,ABS_Y,,4,,,,,,,,,,,,,,,,
BE,1,1,1,LEGAL,,LDX,ABS_Y,3,4,0,4,5,INDEX_PAGE_CROSS:+1,3,0,1,0,0,0,0,0,NONE,NONE,SEM_LOAD_STORE,ADDR_ABS_Y
BF,0,0,0,LEGAL,,LDA,ABS_LONG_X,4,5,1,6,6,NONE,4,0,2,0,0,0,0,0,NONE,NONE,SEM_LOAD_STORE,ADDR_ABS_LONG_X
BF,0,0,1,LEGAL,,LDA,ABS_LONG_X,4,5,1,6,6,NONE,4,0,2,0,0,0,0,0,NONE,NONE,SEM_LOAD_STORE,ADDR_ABS_LONG_X
BF,0,1,0,LEGAL,,LDA,ABS_LONG_X,4,5,0,5,5,NONE,4,0,1,0,0,0,0,0,NONE,NONE,SEM_LOAD_STORE,ADDR_ABS_LONG_X
BF,0,1,1,LEGAL,,LDA,ABS_LONG_X,4,5,0,5,5,NONE,4,0,1,0,0,0,0,0,NONE,NONE,SEM_LOAD_STORE,ADDR_ABS_LONG_X
BF,1,0,0,REJECTED,E=1 requires architectural M=1 and X=1,LDA,ABS_LONG_X,,5,,,,,,,,,,,,,,,,
BF,1,0,1,REJECTED,E=1 requires architectural M=1 and X=1,LDA,ABS_LONG_X,,5,,,,,,,,,,,,,,,,
BF,1,1,0,REJECTED,E=1 requires architectural M=1 and X=1,LDA,ABS_LONG_X,,5,,,,,,,,,,,,,,,,
BF,1,1,1,LEGAL,,LDA,ABS_LONG_X,4,5,0,5,5,NONE,4,0,1,0,0,0,0,0,NONE,NONE,SEM_LOAD_STORE,ADDR_ABS_LONG_X
C0,0,0,0,LEGAL,,CPY,IMM_X,3,2,1,3,3,NONE,3,0,0,0,0,0,0,0,NONE,NONE,SEM_COMPARE,ADDR_IMM_X
C0,0,0,1,LEGAL,,CPY,IMM_X,2,2,0,2,2,NONE,2,0,0,0,0,0,0,0,NONE,NONE,SEM_COMPARE,ADDR_IMM_X
C0,0,1,0,LEGAL,,CPY,IMM_X,3,2,1,3,3,NONE,3,0,0,0,0,0,0,0,NONE,NONE,SEM_COMPARE,ADDR_IMM_X
C0,0,1,1,LEGAL,,CPY,IMM_X,2,2,0,2,2,NONE,2,0,0,0,0,0,0,0,NONE,NONE,SEM_COMPARE,ADDR_IMM_X
C0,1,0,0,REJECTED,E=1 requires architectural M=1 and X=1,CPY,IMM_X,,2,,,,,,,,,,,,,,,,
C0,1,0,1,REJECTED,E=1 requires architectural M=1 and X=1,CPY,IMM_X,,2,,,,,,,,,,,,,,,,
C0,1,1,0,REJECTED,E=1 requires architectural M=1 and X=1,CPY,IMM_X,,2,,,,,,,,,,,,,,,,
C0,1,1,1,LEGAL,,CPY,IMM_X,2,2,0,2,2,NONE,2,0,0,0,0,0,0,0,NONE,NONE,SEM_COMPARE,ADDR_IMM_X
C1,0,0,0,LEGAL,,CMP,DP_X_IND,2,6,1,7,8,DIRECT_LOW_NONZERO:+1,2,2,2,0,0,0,0,0,NONE,NONE,SEM_COMPARE,ADDR_DP_X_IND
C1,0,0,1,LEGAL,,CMP,DP_X_IND,2,6,1,7,8,DIRECT_LOW_NONZERO:+1,2,2,2,0,0,0,0,0,NONE,NONE,SEM_COMPARE,ADDR_DP_X_IND
C1,0,1,0,LEGAL,,CMP,DP_X_IND,2,6,0,6,7,DIRECT_LOW_NONZERO:+1,2,2,1,0,0,0,0,0,NONE,NONE,SEM_COMPARE,ADDR_DP_X_IND
C1,0,1,1,LEGAL,,CMP,DP_X_IND,2,6,0,6,7,DIRECT_LOW_NONZERO:+1,2,2,1,0,0,0,0,0,NONE,NONE,SEM_COMPARE,ADDR_DP_X_IND
C1,1,0,0,REJECTED,E=1 requires architectural M=1 and X=1,CMP,DP_X_IND,,6,,,,,,,,,,,,,,,,
C1,1,0,1,REJECTED,E=1 requires architectural M=1 and X=1,CMP,DP_X_IND,,6,,,,,,,,,,,,,,,,
C1,1,1,0,REJECTED,E=1 requires architectural M=1 and X=1,CMP,DP_X_IND,,6,,,,,,,,,,,,,,,,
C1,1,1,1,LEGAL,,CMP,DP_X_IND,2,6,0,6,7,DIRECT_LOW_NONZERO:+1,2,2,1,0,0,0,0,0,NONE,NONE,SEM_COMPARE,ADDR_DP_X_IND
C2,0,0,0,LEGAL,,REP,IMM8,2,3,0,3,3,NONE,2,0,0,0,0,0,0,0,NONE,NONE,SEM_FLAGS,ADDR_IMM8
C2,0,0,1,LEGAL,,REP,IMM8,2,3,0,3,3,NONE,2,0,0,0,0,0,0,0,NONE,NONE,SEM_FLAGS,ADDR_IMM8
C2,0,1,0,LEGAL,,REP,IMM8,2,3,0,3,3,NONE,2,0,0,0,0,0,0,0,NONE,NONE,SEM_FLAGS,ADDR_IMM8
C2,0,1,1,LEGAL,,REP,IMM8,2,3,0,3,3,NONE,2,0,0,0,0,0,0,0,NONE,NONE,SEM_FLAGS,ADDR_IMM8
C2,1,0,0,REJECTED,E=1 requires architectural M=1 and X=1,REP,IMM8,,3,,,,,,,,,,,,,,,,
C2,1,0,1,REJECTED,E=1 requires architectural M=1 and X=1,REP,IMM8,,3,,,,,,,,,,,,,,,,
C2,1,1,0,REJECTED,E=1 requires architectural M=1 and X=1,REP,IMM8,,3,,,,,,,,,,,,,,,,
C2,1,1,1,LEGAL,,REP,IMM8,2,3,0,3,3,NONE,2,0,0,0,0,0,0,0,NONE,NONE,SEM_FLAGS,ADDR_IMM8
C3,0,0,0,LEGAL,,CMP,STACK_REL,2,4,1,5,5,NONE,2,0,2,0,0,0,0,0,NONE,NONE,SEM_COMPARE,ADDR_STACK_REL
C3,0,0,1,LEGAL,,CMP,STACK_REL,2,4,1,5,5,NONE,2,0,2,0,0,0,0,0,NONE,NONE,SEM_COMPARE,ADDR_STACK_REL
C3,0,1,0,LEGAL,,CMP,STACK_REL,2,4,0,4,4,NONE,2,0,1,0,0,0,0,0,NONE,NONE,SEM_COMPARE,ADDR_STACK_REL
C3,0,1,1,LEGAL,,CMP,STACK_REL,2,4,0,4,4,NONE,2,0,1,0,0,0,0,0,NONE,NONE,SEM_COMPARE,ADDR_STACK_REL
C3,1,0,0,REJECTED,E=1 requires architectural M=1 and X=1,CMP,STACK_REL,,4,,,,,,,,,,,,,,,,
C3,1,0,1,REJECTED,E=1 requires architectural M=1 and X=1,CMP,STACK_REL,,4,,,,,,,,,,,,,,,,
C3,1,1,0,REJECTED,E=1 requires architectural M=1 and X=1,CMP,STACK_REL,,4,,,,,,,,,,,,,,,,
C3,1,1,1,LEGAL,,CMP,STACK_REL,2,4,0,4,4,NONE,2,0,1,0,0,0,0,0,NONE,NONE,SEM_COMPARE,ADDR_STACK_REL
C4,0,0,0,LEGAL,,CPY,DP,2,3,1,4,5,DIRECT_LOW_NONZERO:+1,2,0,2,0,0,0,0,0,NONE,NONE,SEM_COMPARE,ADDR_DP
C4,0,0,1,LEGAL,,CPY,DP,2,3,0,3,4,DIRECT_LOW_NONZERO:+1,2,0,1,0,0,0,0,0,NONE,NONE,SEM_COMPARE,ADDR_DP
C4,0,1,0,LEGAL,,CPY,DP,2,3,1,4,5,DIRECT_LOW_NONZERO:+1,2,0,2,0,0,0,0,0,NONE,NONE,SEM_COMPARE,ADDR_DP
C4,0,1,1,LEGAL,,CPY,DP,2,3,0,3,4,DIRECT_LOW_NONZERO:+1,2,0,1,0,0,0,0,0,NONE,NONE,SEM_COMPARE,ADDR_DP
C4,1,0,0,REJECTED,E=1 requires architectural M=1 and X=1,CPY,DP,,3,,,,,,,,,,,,,,,,
C4,1,0,1,REJECTED,E=1 requires architectural M=1 and X=1,CPY,DP,,3,,,,,,,,,,,,,,,,
C4,1,1,0,REJECTED,E=1 requires architectural M=1 and X=1,CPY,DP,,3,,,,,,,,,,,,,,,,
C4,1,1,1,LEGAL,,CPY,DP,2,3,0,3,4,DIRECT_LOW_NONZERO:+1,2,0,1,0,0,0,0,0,NONE,NONE,SEM_COMPARE,ADDR_DP
C5,0,0,0,LEGAL,,CMP,DP,2,3,1,4,5,DIRECT_LOW_NONZERO:+1,2,0,2,0,0,0,0,0,NONE,NONE,SEM_COMPARE,ADDR_DP
C5,0,0,1,LEGAL,,CMP,DP,2,3,1,4,5,DIRECT_LOW_NONZERO:+1,2,0,2,0,0,0,0,0,NONE,NONE,SEM_COMPARE,ADDR_DP
C5,0,1,0,LEGAL,,CMP,DP,2,3,0,3,4,DIRECT_LOW_NONZERO:+1,2,0,1,0,0,0,0,0,NONE,NONE,SEM_COMPARE,ADDR_DP
C5,0,1,1,LEGAL,,CMP,DP,2,3,0,3,4,DIRECT_LOW_NONZERO:+1,2,0,1,0,0,0,0,0,NONE,NONE,SEM_COMPARE,ADDR_DP
C5,1,0,0,REJECTED,E=1 requires architectural M=1 and X=1,CMP,DP,,3,,,,,,,,,,,,,,,,
C5,1,0,1,REJECTED,E=1 requires architectural M=1 and X=1,CMP,DP,,3,,,,,,,,,,,,,,,,
C5,1,1,0,REJECTED,E=1 requires architectural M=1 and X=1,CMP,DP,,3,,,,,,,,,,,,,,,,
C5,1,1,1,LEGAL,,CMP,DP,2,3,0,3,4,DIRECT_LOW_NONZERO:+1,2,0,1,0,0,0,0,0,NONE,NONE,SEM_COMPARE,ADDR_DP
C6,0,0,0,LEGAL,,DEC,DP,2,5,2,7,8,DIRECT_LOW_NONZERO:+1,2,0,2,2,0,0,0,0,HIGH_THEN_LOW,NONE,SEM_INC_DEC,ADDR_DP
C6,0,0,1,LEGAL,,DEC,DP,2,5,2,7,8,DIRECT_LOW_NONZERO:+1,2,0,2,2,0,0,0,0,HIGH_THEN_LOW,NONE,SEM_INC_DEC,ADDR_DP
C6,0,1,0,LEGAL,,DEC,DP,2,5,0,5,6,DIRECT_LOW_NONZERO:+1,2,0,1,1,0,0,0,0,LOW_FINAL,NONE,SEM_INC_DEC,ADDR_DP
C6,0,1,1,LEGAL,,DEC,DP,2,5,0,5,6,DIRECT_LOW_NONZERO:+1,2,0,1,1,0,0,0,0,LOW_FINAL,NONE,SEM_INC_DEC,ADDR_DP
C6,1,0,0,REJECTED,E=1 requires architectural M=1 and X=1,DEC,DP,,5,,,,,,,,,,,,,,,,
C6,1,0,1,REJECTED,E=1 requires architectural M=1 and X=1,DEC,DP,,5,,,,,,,,,,,,,,,,
C6,1,1,0,REJECTED,E=1 requires architectural M=1 and X=1,DEC,DP,,5,,,,,,,,,,,,,,,,
C6,1,1,1,LEGAL,,DEC,DP,2,5,0,5,6,DIRECT_LOW_NONZERO:+1,2,0,1,1,1,0,0,0,LOW_FINAL,NONE,SEM_INC_DEC,ADDR_DP
C7,0,0,0,LEGAL,,CMP,DP_IND_LONG,2,6,1,7,8,DIRECT_LOW_NONZERO:+1,2,3,2,0,0,0,0,0,NONE,NONE,SEM_COMPARE,ADDR_DP_IND_LONG
C7,0,0,1,LEGAL,,CMP,DP_IND_LONG,2,6,1,7,8,DIRECT_LOW_NONZERO:+1,2,3,2,0,0,0,0,0,NONE,NONE,SEM_COMPARE,ADDR_DP_IND_LONG
C7,0,1,0,LEGAL,,CMP,DP_IND_LONG,2,6,0,6,7,DIRECT_LOW_NONZERO:+1,2,3,1,0,0,0,0,0,NONE,NONE,SEM_COMPARE,ADDR_DP_IND_LONG
C7,0,1,1,LEGAL,,CMP,DP_IND_LONG,2,6,0,6,7,DIRECT_LOW_NONZERO:+1,2,3,1,0,0,0,0,0,NONE,NONE,SEM_COMPARE,ADDR_DP_IND_LONG
C7,1,0,0,REJECTED,E=1 requires architectural M=1 and X=1,CMP,DP_IND_LONG,,6,,,,,,,,,,,,,,,,
C7,1,0,1,REJECTED,E=1 requires architectural M=1 and X=1,CMP,DP_IND_LONG,,6,,,,,,,,,,,,,,,,
C7,1,1,0,REJECTED,E=1 requires architectural M=1 and X=1,CMP,DP_IND_LONG,,6,,,,,,,,,,,,,,,,
C7,1,1,1,LEGAL,,CMP,DP_IND_LONG,2,6,0,6,7,DIRECT_LOW_NONZERO:+1,2,3,1,0,0,0,0,0,NONE,NONE,SEM_COMPARE,ADDR_DP_IND_LONG
C8,0,0,0,LEGAL,,INY,IMP,1,2,0,2,2,NONE,1,0,0,0,0,0,0,0,NONE,NONE,SEM_INC_DEC,ADDR_IMP
C8,0,0,1,LEGAL,,INY,IMP,1,2,0,2,2,NONE,1,0,0,0,0,0,0,0,NONE,NONE,SEM_INC_DEC,ADDR_IMP
C8,0,1,0,LEGAL,,INY,IMP,1,2,0,2,2,NONE,1,0,0,0,0,0,0,0,NONE,NONE,SEM_INC_DEC,ADDR_IMP
C8,0,1,1,LEGAL,,INY,IMP,1,2,0,2,2,NONE,1,0,0,0,0,0,0,0,NONE,NONE,SEM_INC_DEC,ADDR_IMP
C8,1,0,0,REJECTED,E=1 requires architectural M=1 and X=1,INY,IMP,,2,,,,,,,,,,,,,,,,
C8,1,0,1,REJECTED,E=1 requires architectural M=1 and X=1,INY,IMP,,2,,,,,,,,,,,,,,,,
C8,1,1,0,REJECTED,E=1 requires architectural M=1 and X=1,INY,IMP,,2,,,,,,,,,,,,,,,,
C8,1,1,1,LEGAL,,INY,IMP,1,2,0,2,2,NONE,1,0,0,0,0,0,0,0,NONE,NONE,SEM_INC_DEC,ADDR_IMP
C9,0,0,0,LEGAL,,CMP,IMM_M,3,2,1,3,3,NONE,3,0,0,0,0,0,0,0,NONE,NONE,SEM_COMPARE,ADDR_IMM_M
C9,0,0,1,LEGAL,,CMP,IMM_M,3,2,1,3,3,NONE,3,0,0,0,0,0,0,0,NONE,NONE,SEM_COMPARE,ADDR_IMM_M
C9,0,1,0,LEGAL,,CMP,IMM_M,2,2,0,2,2,NONE,2,0,0,0,0,0,0,0,NONE,NONE,SEM_COMPARE,ADDR_IMM_M
C9,0,1,1,LEGAL,,CMP,IMM_M,2,2,0,2,2,NONE,2,0,0,0,0,0,0,0,NONE,NONE,SEM_COMPARE,ADDR_IMM_M
C9,1,0,0,REJECTED,E=1 requires architectural M=1 and X=1,CMP,IMM_M,,2,,,,,,,,,,,,,,,,
C9,1,0,1,REJECTED,E=1 requires architectural M=1 and X=1,CMP,IMM_M,,2,,,,,,,,,,,,,,,,
C9,1,1,0,REJECTED,E=1 requires architectural M=1 and X=1,CMP,IMM_M,,2,,,,,,,,,,,,,,,,
C9,1,1,1,LEGAL,,CMP,IMM_M,2,2,0,2,2,NONE,2,0,0,0,0,0,0,0,NONE,NONE,SEM_COMPARE,ADDR_IMM_M
CA,0,0,0,LEGAL,,DEX,IMP,1,2,0,2,2,NONE,1,0,0,0,0,0,0,0,NONE,NONE,SEM_INC_DEC,ADDR_IMP
CA,0,0,1,LEGAL,,DEX,IMP,1,2,0,2,2,NONE,1,0,0,0,0,0,0,0,NONE,NONE,SEM_INC_DEC,ADDR_IMP
CA,0,1,0,LEGAL,,DEX,IMP,1,2,0,2,2,NONE,1,0,0,0,0,0,0,0,NONE,NONE,SEM_INC_DEC,ADDR_IMP
CA,0,1,1,LEGAL,,DEX,IMP,1,2,0,2,2,NONE,1,0,0,0,0,0,0,0,NONE,NONE,SEM_INC_DEC,ADDR_IMP
CA,1,0,0,REJECTED,E=1 requires architectural M=1 and X=1,DEX,IMP,,2,,,,,,,,,,,,,,,,
CA,1,0,1,REJECTED,E=1 requires architectural M=1 and X=1,DEX,IMP,,2,,,,,,,,,,,,,,,,
CA,1,1,0,REJECTED,E=1 requires architectural M=1 and X=1,DEX,IMP,,2,,,,,,,,,,,,,,,,
CA,1,1,1,LEGAL,,DEX,IMP,1,2,0,2,2,NONE,1,0,0,0,0,0,0,0,NONE,NONE,SEM_INC_DEC,ADDR_IMP
CB,0,0,0,LEGAL,,WAI,IMP,1,3,0,3,3,NONE,1,0,0,0,0,0,0,0,NONE,WAIT_UNTIL_INTERRUPT_SIGNAL,SEM_MISC,ADDR_IMP
CB,0,0,1,LEGAL,,WAI,IMP,1,3,0,3,3,NONE,1,0,0,0,0,0,0,0,NONE,WAIT_UNTIL_INTERRUPT_SIGNAL,SEM_MISC,ADDR_IMP
CB,0,1,0,LEGAL,,WAI,IMP,1,3,0,3,3,NONE,1,0,0,0,0,0,0,0,NONE,WAIT_UNTIL_INTERRUPT_SIGNAL,SEM_MISC,ADDR_IMP
CB,0,1,1,LEGAL,,WAI,IMP,1,3,0,3,3,NONE,1,0,0,0,0,0,0,0,NONE,WAIT_UNTIL_INTERRUPT_SIGNAL,SEM_MISC,ADDR_IMP
CB,1,0,0,REJECTED,E=1 requires architectural M=1 and X=1,WAI,IMP,,3,,,,,,,,,,,,,,,,
CB,1,0,1,REJECTED,E=1 requires architectural M=1 and X=1,WAI,IMP,,3,,,,,,,,,,,,,,,,
CB,1,1,0,REJECTED,E=1 requires architectural M=1 and X=1,WAI,IMP,,3,,,,,,,,,,,,,,,,
CB,1,1,1,LEGAL,,WAI,IMP,1,3,0,3,3,NONE,1,0,0,0,0,0,0,0,NONE,WAIT_UNTIL_INTERRUPT_SIGNAL,SEM_MISC,ADDR_IMP
CC,0,0,0,LEGAL,,CPY,ABS,3,4,1,5,5,NONE,3,0,2,0,0,0,0,0,NONE,NONE,SEM_COMPARE,ADDR_ABS
CC,0,0,1,LEGAL,,CPY,ABS,3,4,0,4,4,NONE,3,0,1,0,0,0,0,0,NONE,NONE,SEM_COMPARE,ADDR_ABS
CC,0,1,0,LEGAL,,CPY,ABS,3,4,1,5,5,NONE,3,0,2,0,0,0,0,0,NONE,NONE,SEM_COMPARE,ADDR_ABS
CC,0,1,1,LEGAL,,CPY,ABS,3,4,0,4,4,NONE,3,0,1,0,0,0,0,0,NONE,NONE,SEM_COMPARE,ADDR_ABS
CC,1,0,0,REJECTED,E=1 requires architectural M=1 and X=1,CPY,ABS,,4,,,,,,,,,,,,,,,,
CC,1,0,1,REJECTED,E=1 requires architectural M=1 and X=1,CPY,ABS,,4,,,,,,,,,,,,,,,,
CC,1,1,0,REJECTED,E=1 requires architectural M=1 and X=1,CPY,ABS,,4,,,,,,,,,,,,,,,,
CC,1,1,1,LEGAL,,CPY,ABS,3,4,0,4,4,NONE,3,0,1,0,0,0,0,0,NONE,NONE,SEM_COMPARE,ADDR_ABS
CD,0,0,0,LEGAL,,CMP,ABS,3,4,1,5,5,NONE,3,0,2,0,0,0,0,0,NONE,NONE,SEM_COMPARE,ADDR_ABS
CD,0,0,1,LEGAL,,CMP,ABS,3,4,1,5,5,NONE,3,0,2,0,0,0,0,0,NONE,NONE,SEM_COMPARE,ADDR_ABS
CD,0,1,0,LEGAL,,CMP,ABS,3,4,0,4,4,NONE,3,0,1,0,0,0,0,0,NONE,NONE,SEM_COMPARE,ADDR_ABS
CD,0,1,1,LEGAL,,CMP,ABS,3,4,0,4,4,NONE,3,0,1,0,0,0,0,0,NONE,NONE,SEM_COMPARE,ADDR_ABS
CD,1,0,0,REJECTED,E=1 requires architectural M=1 and X=1,CMP,ABS,,4,,,,,,,,,,,,,,,,
CD,1,0,1,REJECTED,E=1 requires architectural M=1 and X=1,CMP,ABS,,4,,,,,,,,,,,,,,,,
CD,1,1,0,REJECTED,E=1 requires architectural M=1 and X=1,CMP,ABS,,4,,,,,,,,,,,,,,,,
CD,1,1,1,LEGAL,,CMP,ABS,3,4,0,4,4,NONE,3,0,1,0,0,0,0,0,NONE,NONE,SEM_COMPARE,ADDR_ABS
CE,0,0,0,LEGAL,,DEC,ABS,3,6,2,8,8,NONE,3,0,2,2,0,0,0,0,HIGH_THEN_LOW,NONE,SEM_INC_DEC,ADDR_ABS
CE,0,0,1,LEGAL,,DEC,ABS,3,6,2,8,8,NONE,3,0,2,2,0,0,0,0,HIGH_THEN_LOW,NONE,SEM_INC_DEC,ADDR_ABS
CE,0,1,0,LEGAL,,DEC,ABS,3,6,0,6,6,NONE,3,0,1,1,0,0,0,0,LOW_FINAL,NONE,SEM_INC_DEC,ADDR_ABS
CE,0,1,1,LEGAL,,DEC,ABS,3,6,0,6,6,NONE,3,0,1,1,0,0,0,0,LOW_FINAL,NONE,SEM_INC_DEC,ADDR_ABS
CE,1,0,0,REJECTED,E=1 requires architectural M=1 and X=1,DEC,ABS,,6,,,,,,,,,,,,,,,,
CE,1,0,1,REJECTED,E=1 requires architectural M=1 and X=1,DEC,ABS,,6,,,,,,,,,,,,,,,,
CE,1,1,0,REJECTED,E=1 requires architectural M=1 and X=1,DEC,ABS,,6,,,,,,,,,,,,,,,,
CE,1,1,1,LEGAL,,DEC,ABS,3,6,0,6,6,NONE,3,0,1,1,1,0,0,0,LOW_FINAL,NONE,SEM_INC_DEC,ADDR_ABS
CF,0,0,0,LEGAL,,CMP,ABS_LONG,4,5,1,6,6,NONE,4,0,2,0,0,0,0,0,NONE,NONE,SEM_COMPARE,ADDR_ABS_LONG
CF,0,0,1,LEGAL,,CMP,ABS_LONG,4,5,1,6,6,NONE,4,0,2,0,0,0,0,0,NONE,NONE,SEM_COMPARE,ADDR_ABS_LONG
CF,0,1,0,LEGAL,,CMP,ABS_LONG,4,5,0,5,5,NONE,4,0,1,0,0,0,0,0,NONE,NONE,SEM_COMPARE,ADDR_ABS_LONG
CF,0,1,1,LEGAL,,CMP,ABS_LONG,4,5,0,5,5,NONE,4,0,1,0,0,0,0,0,NONE,NONE,SEM_COMPARE,ADDR_ABS_LONG
CF,1,0,0,REJECTED,E=1 requires architectural M=1 and X=1,CMP,ABS_LONG,,5,,,,,,,,,,,,,,,,
CF,1,0,1,REJECTED,E=1 requires architectural M=1 and X=1,CMP,ABS_LONG,,5,,,,,,,,,,,,,,,,
CF,1,1,0,REJECTED,E=1 requires architectural M=1 and X=1,CMP,ABS_LONG,,5,,,,,,,,,,,,,,,,
CF,1,1,1,LEGAL,,CMP,ABS_LONG,4,5,0,5,5,NONE,4,0,1,0,0,0,0,0,NONE,NONE,SEM_COMPARE,ADDR_ABS_LONG
D0,0,0,0,LEGAL,,BNE,REL8,2,2,0,2,3,BRANCH_TAKEN:+1,2,0,0,0,0,0,0,0,NONE,NONE,SEM_BRANCH,ADDR_REL8
D0,0,0,1,LEGAL,,BNE,REL8,2,2,0,2,3,BRANCH_TAKEN:+1,2,0,0,0,0,0,0,0,NONE,NONE,SEM_BRANCH,ADDR_REL8
D0,0,1,0,LEGAL,,BNE,REL8,2,2,0,2,3,BRANCH_TAKEN:+1,2,0,0,0,0,0,0,0,NONE,NONE,SEM_BRANCH,ADDR_REL8
D0,0,1,1,LEGAL,,BNE,REL8,2,2,0,2,3,BRANCH_TAKEN:+1,2,0,0,0,0,0,0,0,NONE,NONE,SEM_BRANCH,ADDR_REL8
D0,1,0,0,REJECTED,E=1 requires architectural M=1 and X=1,BNE,REL8,,2,,,,,,,,,,,,,,,,
D0,1,0,1,REJECTED,E=1 requires architectural M=1 and X=1,BNE,REL8,,2,,,,,,,,,,,,,,,,
D0,1,1,0,REJECTED,E=1 requires architectural M=1 and X=1,BNE,REL8,,2,,,,,,,,,,,,,,,,
D0,1,1,1,LEGAL,,BNE,REL8,2,2,0,2,4,BRANCH_TAKEN:+1;BRANCH_PAGE_CROSS_EMULATION:+1,2,0,0,0,0,0,0,0,NONE,NONE,SEM_BRANCH,ADDR_REL8
D1,0,0,0,LEGAL,,CMP,DP_IND_Y,2,5,2,7,8,DIRECT_LOW_NONZERO:+1,2,2,2,0,0,0,0,0,NONE,NONE,SEM_COMPARE,ADDR_DP_IND_Y
D1,0,0,1,LEGAL,,CMP,DP_IND_Y,2,5,1,6,8,DIRECT_LOW_NONZERO:+1;INDEX_PAGE_CROSS:+1,2,2,2,0,0,0,0,0,NONE,NONE,SEM_COMPARE,ADDR_DP_IND_Y
D1,0,1,0,LEGAL,,CMP,DP_IND_Y,2,5,1,6,7,DIRECT_LOW_NONZERO:+1,2,2,1,0,0,0,0,0,NONE,NONE,SEM_COMPARE,ADDR_DP_IND_Y
D1,0,1,1,LEGAL,,CMP,DP_IND_Y,2,5,0,5,7,DIRECT_LOW_NONZERO:+1;INDEX_PAGE_CROSS:+1,2,2,1,0,0,0,0,0,NONE,NONE,SEM_COMPARE,ADDR_DP_IND_Y
D1,1,0,0,REJECTED,E=1 requires architectural M=1 and X=1,CMP,DP_IND_Y,,5,,,,,,,,,,,,,,,,
D1,1,0,1,REJECTED,E=1 requires architectural M=1 and X=1,CMP,DP_IND_Y,,5,,,,,,,,,,,,,,,,
D1,1,1,0,REJECTED,E=1 requires architectural M=1 and X=1,CMP,DP_IND_Y,,5,,,,,,,,,,,,,,,,
D1,1,1,1,LEGAL,,CMP,DP_IND_Y,2,5,0,5,7,DIRECT_LOW_NONZERO:+1;INDEX_PAGE_CROSS:+1,2,2,1,0,0,0,0,0,NONE,NONE,SEM_COMPARE,ADDR_DP_IND_Y
D2,0,0,0,LEGAL,,CMP,DP_IND,2,5,1,6,7,DIRECT_LOW_NONZERO:+1,2,2,2,0,0,0,0,0,NONE,NONE,SEM_COMPARE,ADDR_DP_IND
D2,0,0,1,LEGAL,,CMP,DP_IND,2,5,1,6,7,DIRECT_LOW_NONZERO:+1,2,2,2,0,0,0,0,0,NONE,NONE,SEM_COMPARE,ADDR_DP_IND
D2,0,1,0,LEGAL,,CMP,DP_IND,2,5,0,5,6,DIRECT_LOW_NONZERO:+1,2,2,1,0,0,0,0,0,NONE,NONE,SEM_COMPARE,ADDR_DP_IND
D2,0,1,1,LEGAL,,CMP,DP_IND,2,5,0,5,6,DIRECT_LOW_NONZERO:+1,2,2,1,0,0,0,0,0,NONE,NONE,SEM_COMPARE,ADDR_DP_IND
D2,1,0,0,REJECTED,E=1 requires architectural M=1 and X=1,CMP,DP_IND,,5,,,,,,,,,,,,,,,,
D2,1,0,1,REJECTED,E=1 requires architectural M=1 and X=1,CMP,DP_IND,,5,,,,,,,,,,,,,,,,
D2,1,1,0,REJECTED,E=1 requires architectural M=1 and X=1,CMP,DP_IND,,5,,,,,,,,,,,,,,,,
D2,1,1,1,LEGAL,,CMP,DP_IND,2,5,0,5,6,DIRECT_LOW_NONZERO:+1,2,2,1,0,0,0,0,0,NONE,NONE,SEM_COMPARE,ADDR_DP_IND
D3,0,0,0,LEGAL,,CMP,STACK_REL_IND_Y,2,7,1,8,8,NONE,2,2,2,0,0,0,0,0,NONE,NONE,SEM_COMPARE,ADDR_STACK_REL_IND_Y
D3,0,0,1,LEGAL,,CMP,STACK_REL_IND_Y,2,7,1,8,8,NONE,2,2,2,0,0,0,0,0,NONE,NONE,SEM_COMPARE,ADDR_STACK_REL_IND_Y
D3,0,1,0,LEGAL,,CMP,STACK_REL_IND_Y,2,7,0,7,7,NONE,2,2,1,0,0,0,0,0,NONE,NONE,SEM_COMPARE,ADDR_STACK_REL_IND_Y
D3,0,1,1,LEGAL,,CMP,STACK_REL_IND_Y,2,7,0,7,7,NONE,2,2,1,0,0,0,0,0,NONE,NONE,SEM_COMPARE,ADDR_STACK_REL_IND_Y
D3,1,0,0,REJECTED,E=1 requires architectural M=1 and X=1,CMP,STACK_REL_IND_Y,,7,,,,,,,,,,,,,,,,
D3,1,0,1,REJECTED,E=1 requires architectural M=1 and X=1,CMP,STACK_REL_IND_Y,,7,,,,,,,,,,,,,,,,
D3,1,1,0,REJECTED,E=1 requires architectural M=1 and X=1,CMP,STACK_REL_IND_Y,,7,,,,,,,,,,,,,,,,
D3,1,1,1,LEGAL,,CMP,STACK_REL_IND_Y,2,7,0,7,7,NONE,2,2,1,0,0,0,0,0,NONE,NONE,SEM_COMPARE,ADDR_STACK_REL_IND_Y
D4,0,0,0,LEGAL,,PEI,DP,2,6,0,6,7,DIRECT_LOW_NONZERO:+1,2,2,0,0,0,0,2,0,NONE,NONE,SEM_STACK,ADDR_PEI_DIRECT_WORD
D4,0,0,1,LEGAL,,PEI,DP,2,6,0,6,7,DIRECT_LOW_NONZERO:+1,2,2,0,0,0,0,2,0,NONE,NONE,SEM_STACK,ADDR_PEI_DIRECT_WORD
D4,0,1,0,LEGAL,,PEI,DP,2,6,0,6,7,DIRECT_LOW_NONZERO:+1,2,2,0,0,0,0,2,0,NONE,NONE,SEM_STACK,ADDR_PEI_DIRECT_WORD
D4,0,1,1,LEGAL,,PEI,DP,2,6,0,6,7,DIRECT_LOW_NONZERO:+1,2,2,0,0,0,0,2,0,NONE,NONE,SEM_STACK,ADDR_PEI_DIRECT_WORD
D4,1,0,0,REJECTED,E=1 requires architectural M=1 and X=1,PEI,DP,,6,,,,,,,,,,,,,,,,
D4,1,0,1,REJECTED,E=1 requires architectural M=1 and X=1,PEI,DP,,6,,,,,,,,,,,,,,,,
D4,1,1,0,REJECTED,E=1 requires architectural M=1 and X=1,PEI,DP,,6,,,,,,,,,,,,,,,,
D4,1,1,1,LEGAL,,PEI,DP,2,6,0,6,7,DIRECT_LOW_NONZERO:+1,2,2,0,0,0,0,2,0,NONE,NONE,SEM_STACK,ADDR_PEI_DIRECT_WORD
D5,0,0,0,LEGAL,,CMP,DP_X,2,4,1,5,6,DIRECT_LOW_NONZERO:+1,2,0,2,0,0,0,0,0,NONE,NONE,SEM_COMPARE,ADDR_DP_X
D5,0,0,1,LEGAL,,CMP,DP_X,2,4,1,5,6,DIRECT_LOW_NONZERO:+1,2,0,2,0,0,0,0,0,NONE,NONE,SEM_COMPARE,ADDR_DP_X
D5,0,1,0,LEGAL,,CMP,DP_X,2,4,0,4,5,DIRECT_LOW_NONZERO:+1,2,0,1,0,0,0,0,0,NONE,NONE,SEM_COMPARE,ADDR_DP_X
D5,0,1,1,LEGAL,,CMP,DP_X,2,4,0,4,5,DIRECT_LOW_NONZERO:+1,2,0,1,0,0,0,0,0,NONE,NONE,SEM_COMPARE,ADDR_DP_X
D5,1,0,0,REJECTED,E=1 requires architectural M=1 and X=1,CMP,DP_X,,4,,,,,,,,,,,,,,,,
D5,1,0,1,REJECTED,E=1 requires architectural M=1 and X=1,CMP,DP_X,,4,,,,,,,,,,,,,,,,
D5,1,1,0,REJECTED,E=1 requires architectural M=1 and X=1,CMP,DP_X,,4,,,,,,,,,,,,,,,,
D5,1,1,1,LEGAL,,CMP,DP_X,2,4,0,4,5,DIRECT_LOW_NONZERO:+1,2,0,1,0,0,0,0,0,NONE,NONE,SEM_COMPARE,ADDR_DP_X
D6,0,0,0,LEGAL,,DEC,DP_X,2,6,2,8,9,DIRECT_LOW_NONZERO:+1,2,0,2,2,0,0,0,0,HIGH_THEN_LOW,NONE,SEM_INC_DEC,ADDR_DP_X
D6,0,0,1,LEGAL,,DEC,DP_X,2,6,2,8,9,DIRECT_LOW_NONZERO:+1,2,0,2,2,0,0,0,0,HIGH_THEN_LOW,NONE,SEM_INC_DEC,ADDR_DP_X
D6,0,1,0,LEGAL,,DEC,DP_X,2,6,0,6,7,DIRECT_LOW_NONZERO:+1,2,0,1,1,0,0,0,0,LOW_FINAL,NONE,SEM_INC_DEC,ADDR_DP_X
D6,0,1,1,LEGAL,,DEC,DP_X,2,6,0,6,7,DIRECT_LOW_NONZERO:+1,2,0,1,1,0,0,0,0,LOW_FINAL,NONE,SEM_INC_DEC,ADDR_DP_X
D6,1,0,0,REJECTED,E=1 requires architectural M=1 and X=1,DEC,DP_X,,6,,,,,,,,,,,,,,,,
D6,1,0,1,REJECTED,E=1 requires architectural M=1 and X=1,DEC,DP_X,,6,,,,,,,,,,,,,,,,
D6,1,1,0,REJECTED,E=1 requires architectural M=1 and X=1,DEC,DP_X,,6,,,,,,,,,,,,,,,,
D6,1,1,1,LEGAL,,DEC,DP_X,2,6,0,6,7,DIRECT_LOW_NONZERO:+1,2,0,1,1,1,0,0,0,LOW_FINAL,NONE,SEM_INC_DEC,ADDR_DP_X
D7,0,0,0,LEGAL,,CMP,DP_IND_LONG_Y,2,6,1,7,8,DIRECT_LOW_NONZERO:+1,2,3,2,0,0,0,0,0,NONE,NONE,SEM_COMPARE,ADDR_DP_IND_LONG_Y
D7,0,0,1,LEGAL,,CMP,DP_IND_LONG_Y,2,6,1,7,8,DIRECT_LOW_NONZERO:+1,2,3,2,0,0,0,0,0,NONE,NONE,SEM_COMPARE,ADDR_DP_IND_LONG_Y
D7,0,1,0,LEGAL,,CMP,DP_IND_LONG_Y,2,6,0,6,7,DIRECT_LOW_NONZERO:+1,2,3,1,0,0,0,0,0,NONE,NONE,SEM_COMPARE,ADDR_DP_IND_LONG_Y
D7,0,1,1,LEGAL,,CMP,DP_IND_LONG_Y,2,6,0,6,7,DIRECT_LOW_NONZERO:+1,2,3,1,0,0,0,0,0,NONE,NONE,SEM_COMPARE,ADDR_DP_IND_LONG_Y
D7,1,0,0,REJECTED,E=1 requires architectural M=1 and X=1,CMP,DP_IND_LONG_Y,,6,,,,,,,,,,,,,,,,
D7,1,0,1,REJECTED,E=1 requires architectural M=1 and X=1,CMP,DP_IND_LONG_Y,,6,,,,,,,,,,,,,,,,
D7,1,1,0,REJECTED,E=1 requires architectural M=1 and X=1,CMP,DP_IND_LONG_Y,,6,,,,,,,,,,,,,,,,
D7,1,1,1,LEGAL,,CMP,DP_IND_LONG_Y,2,6,0,6,7,DIRECT_LOW_NONZERO:+1,2,3,1,0,0,0,0,0,NONE,NONE,SEM_COMPARE,ADDR_DP_IND_LONG_Y
D8,0,0,0,LEGAL,,CLD,IMP,1,2,0,2,2,NONE,1,0,0,0,0,0,0,0,NONE,NONE,SEM_FLAGS,ADDR_IMP
D8,0,0,1,LEGAL,,CLD,IMP,1,2,0,2,2,NONE,1,0,0,0,0,0,0,0,NONE,NONE,SEM_FLAGS,ADDR_IMP
D8,0,1,0,LEGAL,,CLD,IMP,1,2,0,2,2,NONE,1,0,0,0,0,0,0,0,NONE,NONE,SEM_FLAGS,ADDR_IMP
D8,0,1,1,LEGAL,,CLD,IMP,1,2,0,2,2,NONE,1,0,0,0,0,0,0,0,NONE,NONE,SEM_FLAGS,ADDR_IMP
D8,1,0,0,REJECTED,E=1 requires architectural M=1 and X=1,CLD,IMP,,2,,,,,,,,,,,,,,,,
D8,1,0,1,REJECTED,E=1 requires architectural M=1 and X=1,CLD,IMP,,2,,,,,,,,,,,,,,,,
D8,1,1,0,REJECTED,E=1 requires architectural M=1 and X=1,CLD,IMP,,2,,,,,,,,,,,,,,,,
D8,1,1,1,LEGAL,,CLD,IMP,1,2,0,2,2,NONE,1,0,0,0,0,0,0,0,NONE,NONE,SEM_FLAGS,ADDR_IMP
D9,0,0,0,LEGAL,,CMP,ABS_Y,3,4,2,6,6,NONE,3,0,2,0,0,0,0,0,NONE,NONE,SEM_COMPARE,ADDR_ABS_Y
D9,0,0,1,LEGAL,,CMP,ABS_Y,3,4,1,5,6,INDEX_PAGE_CROSS:+1,3,0,2,0,0,0,0,0,NONE,NONE,SEM_COMPARE,ADDR_ABS_Y
D9,0,1,0,LEGAL,,CMP,ABS_Y,3,4,1,5,5,NONE,3,0,1,0,0,0,0,0,NONE,NONE,SEM_COMPARE,ADDR_ABS_Y
D9,0,1,1,LEGAL,,CMP,ABS_Y,3,4,0,4,5,INDEX_PAGE_CROSS:+1,3,0,1,0,0,0,0,0,NONE,NONE,SEM_COMPARE,ADDR_ABS_Y
D9,1,0,0,REJECTED,E=1 requires architectural M=1 and X=1,CMP,ABS_Y,,4,,,,,,,,,,,,,,,,
D9,1,0,1,REJECTED,E=1 requires architectural M=1 and X=1,CMP,ABS_Y,,4,,,,,,,,,,,,,,,,
D9,1,1,0,REJECTED,E=1 requires architectural M=1 and X=1,CMP,ABS_Y,,4,,,,,,,,,,,,,,,,
D9,1,1,1,LEGAL,,CMP,ABS_Y,3,4,0,4,5,INDEX_PAGE_CROSS:+1,3,0,1,0,0,0,0,0,NONE,NONE,SEM_COMPARE,ADDR_ABS_Y
DA,0,0,0,LEGAL,,PHX,IMP,1,3,1,4,4,NONE,1,0,0,0,0,0,2,0,NONE,NONE,SEM_STACK,ADDR_IMP
DA,0,0,1,LEGAL,,PHX,IMP,1,3,0,3,3,NONE,1,0,0,0,0,0,1,0,NONE,NONE,SEM_STACK,ADDR_IMP
DA,0,1,0,LEGAL,,PHX,IMP,1,3,1,4,4,NONE,1,0,0,0,0,0,2,0,NONE,NONE,SEM_STACK,ADDR_IMP
DA,0,1,1,LEGAL,,PHX,IMP,1,3,0,3,3,NONE,1,0,0,0,0,0,1,0,NONE,NONE,SEM_STACK,ADDR_IMP
DA,1,0,0,REJECTED,E=1 requires architectural M=1 and X=1,PHX,IMP,,3,,,,,,,,,,,,,,,,
DA,1,0,1,REJECTED,E=1 requires architectural M=1 and X=1,PHX,IMP,,3,,,,,,,,,,,,,,,,
DA,1,1,0,REJECTED,E=1 requires architectural M=1 and X=1,PHX,IMP,,3,,,,,,,,,,,,,,,,
DA,1,1,1,LEGAL,,PHX,IMP,1,3,0,3,3,NONE,1,0,0,0,0,0,1,0,NONE,NONE,SEM_STACK,ADDR_IMP
DB,0,0,0,LEGAL,,STP,IMP,1,3,0,3,3,NONE,1,0,0,0,0,0,0,0,NONE,STOP_UNTIL_RESET,SEM_MISC,ADDR_IMP
DB,0,0,1,LEGAL,,STP,IMP,1,3,0,3,3,NONE,1,0,0,0,0,0,0,0,NONE,STOP_UNTIL_RESET,SEM_MISC,ADDR_IMP
DB,0,1,0,LEGAL,,STP,IMP,1,3,0,3,3,NONE,1,0,0,0,0,0,0,0,NONE,STOP_UNTIL_RESET,SEM_MISC,ADDR_IMP
DB,0,1,1,LEGAL,,STP,IMP,1,3,0,3,3,NONE,1,0,0,0,0,0,0,0,NONE,STOP_UNTIL_RESET,SEM_MISC,ADDR_IMP
DB,1,0,0,REJECTED,E=1 requires architectural M=1 and X=1,STP,IMP,,3,,,,,,,,,,,,,,,,
DB,1,0,1,REJECTED,E=1 requires architectural M=1 and X=1,STP,IMP,,3,,,,,,,,,,,,,,,,
DB,1,1,0,REJECTED,E=1 requires architectural M=1 and X=1,STP,IMP,,3,,,,,,,,,,,,,,,,
DB,1,1,1,LEGAL,,STP,IMP,1,3,0,3,3,NONE,1,0,0,0,0,0,0,0,NONE,STOP_UNTIL_RESET,SEM_MISC,ADDR_IMP
DC,0,0,0,LEGAL,,JML,ABS_IND_LONG,3,6,0,6,6,NONE,3,3,0,0,0,0,0,0,NONE,NONE,SEM_CONTROL_INTERRUPT,ADDR_ABS_IND_LONG
DC,0,0,1,LEGAL,,JML,ABS_IND_LONG,3,6,0,6,6,NONE,3,3,0,0,0,0,0,0,NONE,NONE,SEM_CONTROL_INTERRUPT,ADDR_ABS_IND_LONG
DC,0,1,0,LEGAL,,JML,ABS_IND_LONG,3,6,0,6,6,NONE,3,3,0,0,0,0,0,0,NONE,NONE,SEM_CONTROL_INTERRUPT,ADDR_ABS_IND_LONG
DC,0,1,1,LEGAL,,JML,ABS_IND_LONG,3,6,0,6,6,NONE,3,3,0,0,0,0,0,0,NONE,NONE,SEM_CONTROL_INTERRUPT,ADDR_ABS_IND_LONG
DC,1,0,0,REJECTED,E=1 requires architectural M=1 and X=1,JML,ABS_IND_LONG,,6,,,,,,,,,,,,,,,,
DC,1,0,1,REJECTED,E=1 requires architectural M=1 and X=1,JML,ABS_IND_LONG,,6,,,,,,,,,,,,,,,,
DC,1,1,0,REJECTED,E=1 requires architectural M=1 and X=1,JML,ABS_IND_LONG,,6,,,,,,,,,,,,,,,,
DC,1,1,1,LEGAL,,JML,ABS_IND_LONG,3,6,0,6,6,NONE,3,3,0,0,0,0,0,0,NONE,NONE,SEM_CONTROL_INTERRUPT,ADDR_ABS_IND_LONG
DD,0,0,0,LEGAL,,CMP,ABS_X,3,4,2,6,6,NONE,3,0,2,0,0,0,0,0,NONE,NONE,SEM_COMPARE,ADDR_ABS_X
DD,0,0,1,LEGAL,,CMP,ABS_X,3,4,1,5,6,INDEX_PAGE_CROSS:+1,3,0,2,0,0,0,0,0,NONE,NONE,SEM_COMPARE,ADDR_ABS_X
DD,0,1,0,LEGAL,,CMP,ABS_X,3,4,1,5,5,NONE,3,0,1,0,0,0,0,0,NONE,NONE,SEM_COMPARE,ADDR_ABS_X
DD,0,1,1,LEGAL,,CMP,ABS_X,3,4,0,4,5,INDEX_PAGE_CROSS:+1,3,0,1,0,0,0,0,0,NONE,NONE,SEM_COMPARE,ADDR_ABS_X
DD,1,0,0,REJECTED,E=1 requires architectural M=1 and X=1,CMP,ABS_X,,4,,,,,,,,,,,,,,,,
DD,1,0,1,REJECTED,E=1 requires architectural M=1 and X=1,CMP,ABS_X,,4,,,,,,,,,,,,,,,,
DD,1,1,0,REJECTED,E=1 requires architectural M=1 and X=1,CMP,ABS_X,,4,,,,,,,,,,,,,,,,
DD,1,1,1,LEGAL,,CMP,ABS_X,3,4,0,4,5,INDEX_PAGE_CROSS:+1,3,0,1,0,0,0,0,0,NONE,NONE,SEM_COMPARE,ADDR_ABS_X
DE,0,0,0,LEGAL,,DEC,ABS_X,3,7,2,9,9,NONE,3,0,2,2,0,0,0,0,HIGH_THEN_LOW,NONE,SEM_INC_DEC,ADDR_ABS_X
DE,0,0,1,LEGAL,,DEC,ABS_X,3,7,2,9,9,NONE,3,0,2,2,0,0,0,0,HIGH_THEN_LOW,NONE,SEM_INC_DEC,ADDR_ABS_X
DE,0,1,0,LEGAL,,DEC,ABS_X,3,7,0,7,7,NONE,3,0,1,1,0,0,0,0,LOW_FINAL,NONE,SEM_INC_DEC,ADDR_ABS_X
DE,0,1,1,LEGAL,,DEC,ABS_X,3,7,0,7,7,NONE,3,0,1,1,0,0,0,0,LOW_FINAL,NONE,SEM_INC_DEC,ADDR_ABS_X
DE,1,0,0,REJECTED,E=1 requires architectural M=1 and X=1,DEC,ABS_X,,7,,,,,,,,,,,,,,,,
DE,1,0,1,REJECTED,E=1 requires architectural M=1 and X=1,DEC,ABS_X,,7,,,,,,,,,,,,,,,,
DE,1,1,0,REJECTED,E=1 requires architectural M=1 and X=1,DEC,ABS_X,,7,,,,,,,,,,,,,,,,
DE,1,1,1,LEGAL,,DEC,ABS_X,3,7,0,7,7,NONE,3,0,1,1,1,0,0,0,LOW_FINAL,NONE,SEM_INC_DEC,ADDR_ABS_X
DF,0,0,0,LEGAL,,CMP,ABS_LONG_X,4,5,1,6,6,NONE,4,0,2,0,0,0,0,0,NONE,NONE,SEM_COMPARE,ADDR_ABS_LONG_X
DF,0,0,1,LEGAL,,CMP,ABS_LONG_X,4,5,1,6,6,NONE,4,0,2,0,0,0,0,0,NONE,NONE,SEM_COMPARE,ADDR_ABS_LONG_X
DF,0,1,0,LEGAL,,CMP,ABS_LONG_X,4,5,0,5,5,NONE,4,0,1,0,0,0,0,0,NONE,NONE,SEM_COMPARE,ADDR_ABS_LONG_X
DF,0,1,1,LEGAL,,CMP,ABS_LONG_X,4,5,0,5,5,NONE,4,0,1,0,0,0,0,0,NONE,NONE,SEM_COMPARE,ADDR_ABS_LONG_X
DF,1,0,0,REJECTED,E=1 requires architectural M=1 and X=1,CMP,ABS_LONG_X,,5,,,,,,,,,,,,,,,,
DF,1,0,1,REJECTED,E=1 requires architectural M=1 and X=1,CMP,ABS_LONG_X,,5,,,,,,,,,,,,,,,,
DF,1,1,0,REJECTED,E=1 requires architectural M=1 and X=1,CMP,ABS_LONG_X,,5,,,,,,,,,,,,,,,,
DF,1,1,1,LEGAL,,CMP,ABS_LONG_X,4,5,0,5,5,NONE,4,0,1,0,0,0,0,0,NONE,NONE,SEM_COMPARE,ADDR_ABS_LONG_X
E0,0,0,0,LEGAL,,CPX,IMM_X,3,2,1,3,3,NONE,3,0,0,0,0,0,0,0,NONE,NONE,SEM_COMPARE,ADDR_IMM_X
E0,0,0,1,LEGAL,,CPX,IMM_X,2,2,0,2,2,NONE,2,0,0,0,0,0,0,0,NONE,NONE,SEM_COMPARE,ADDR_IMM_X
E0,0,1,0,LEGAL,,CPX,IMM_X,3,2,1,3,3,NONE,3,0,0,0,0,0,0,0,NONE,NONE,SEM_COMPARE,ADDR_IMM_X
E0,0,1,1,LEGAL,,CPX,IMM_X,2,2,0,2,2,NONE,2,0,0,0,0,0,0,0,NONE,NONE,SEM_COMPARE,ADDR_IMM_X
E0,1,0,0,REJECTED,E=1 requires architectural M=1 and X=1,CPX,IMM_X,,2,,,,,,,,,,,,,,,,
E0,1,0,1,REJECTED,E=1 requires architectural M=1 and X=1,CPX,IMM_X,,2,,,,,,,,,,,,,,,,
E0,1,1,0,REJECTED,E=1 requires architectural M=1 and X=1,CPX,IMM_X,,2,,,,,,,,,,,,,,,,
E0,1,1,1,LEGAL,,CPX,IMM_X,2,2,0,2,2,NONE,2,0,0,0,0,0,0,0,NONE,NONE,SEM_COMPARE,ADDR_IMM_X
E1,0,0,0,LEGAL,,SBC,DP_X_IND,2,6,1,7,8,DIRECT_LOW_NONZERO:+1,2,2,2,0,0,0,0,0,NONE,NONE,SEM_ARITHMETIC,ADDR_DP_X_IND
E1,0,0,1,LEGAL,,SBC,DP_X_IND,2,6,1,7,8,DIRECT_LOW_NONZERO:+1,2,2,2,0,0,0,0,0,NONE,NONE,SEM_ARITHMETIC,ADDR_DP_X_IND
E1,0,1,0,LEGAL,,SBC,DP_X_IND,2,6,0,6,7,DIRECT_LOW_NONZERO:+1,2,2,1,0,0,0,0,0,NONE,NONE,SEM_ARITHMETIC,ADDR_DP_X_IND
E1,0,1,1,LEGAL,,SBC,DP_X_IND,2,6,0,6,7,DIRECT_LOW_NONZERO:+1,2,2,1,0,0,0,0,0,NONE,NONE,SEM_ARITHMETIC,ADDR_DP_X_IND
E1,1,0,0,REJECTED,E=1 requires architectural M=1 and X=1,SBC,DP_X_IND,,6,,,,,,,,,,,,,,,,
E1,1,0,1,REJECTED,E=1 requires architectural M=1 and X=1,SBC,DP_X_IND,,6,,,,,,,,,,,,,,,,
E1,1,1,0,REJECTED,E=1 requires architectural M=1 and X=1,SBC,DP_X_IND,,6,,,,,,,,,,,,,,,,
E1,1,1,1,LEGAL,,SBC,DP_X_IND,2,6,0,6,7,DIRECT_LOW_NONZERO:+1,2,2,1,0,0,0,0,0,NONE,NONE,SEM_ARITHMETIC,ADDR_DP_X_IND
E2,0,0,0,LEGAL,,SEP,IMM8,2,3,0,3,3,NONE,2,0,0,0,0,0,0,0,NONE,NONE,SEM_FLAGS,ADDR_IMM8
E2,0,0,1,LEGAL,,SEP,IMM8,2,3,0,3,3,NONE,2,0,0,0,0,0,0,0,NONE,NONE,SEM_FLAGS,ADDR_IMM8
E2,0,1,0,LEGAL,,SEP,IMM8,2,3,0,3,3,NONE,2,0,0,0,0,0,0,0,NONE,NONE,SEM_FLAGS,ADDR_IMM8
E2,0,1,1,LEGAL,,SEP,IMM8,2,3,0,3,3,NONE,2,0,0,0,0,0,0,0,NONE,NONE,SEM_FLAGS,ADDR_IMM8
E2,1,0,0,REJECTED,E=1 requires architectural M=1 and X=1,SEP,IMM8,,3,,,,,,,,,,,,,,,,
E2,1,0,1,REJECTED,E=1 requires architectural M=1 and X=1,SEP,IMM8,,3,,,,,,,,,,,,,,,,
E2,1,1,0,REJECTED,E=1 requires architectural M=1 and X=1,SEP,IMM8,,3,,,,,,,,,,,,,,,,
E2,1,1,1,LEGAL,,SEP,IMM8,2,3,0,3,3,NONE,2,0,0,0,0,0,0,0,NONE,NONE,SEM_FLAGS,ADDR_IMM8
E3,0,0,0,LEGAL,,SBC,STACK_REL,2,4,1,5,5,NONE,2,0,2,0,0,0,0,0,NONE,NONE,SEM_ARITHMETIC,ADDR_STACK_REL
E3,0,0,1,LEGAL,,SBC,STACK_REL,2,4,1,5,5,NONE,2,0,2,0,0,0,0,0,NONE,NONE,SEM_ARITHMETIC,ADDR_STACK_REL
E3,0,1,0,LEGAL,,SBC,STACK_REL,2,4,0,4,4,NONE,2,0,1,0,0,0,0,0,NONE,NONE,SEM_ARITHMETIC,ADDR_STACK_REL
E3,0,1,1,LEGAL,,SBC,STACK_REL,2,4,0,4,4,NONE,2,0,1,0,0,0,0,0,NONE,NONE,SEM_ARITHMETIC,ADDR_STACK_REL
E3,1,0,0,REJECTED,E=1 requires architectural M=1 and X=1,SBC,STACK_REL,,4,,,,,,,,,,,,,,,,
E3,1,0,1,REJECTED,E=1 requires architectural M=1 and X=1,SBC,STACK_REL,,4,,,,,,,,,,,,,,,,
E3,1,1,0,REJECTED,E=1 requires architectural M=1 and X=1,SBC,STACK_REL,,4,,,,,,,,,,,,,,,,
E3,1,1,1,LEGAL,,SBC,STACK_REL,2,4,0,4,4,NONE,2,0,1,0,0,0,0,0,NONE,NONE,SEM_ARITHMETIC,ADDR_STACK_REL
E4,0,0,0,LEGAL,,CPX,DP,2,3,1,4,5,DIRECT_LOW_NONZERO:+1,2,0,2,0,0,0,0,0,NONE,NONE,SEM_COMPARE,ADDR_DP
E4,0,0,1,LEGAL,,CPX,DP,2,3,0,3,4,DIRECT_LOW_NONZERO:+1,2,0,1,0,0,0,0,0,NONE,NONE,SEM_COMPARE,ADDR_DP
E4,0,1,0,LEGAL,,CPX,DP,2,3,1,4,5,DIRECT_LOW_NONZERO:+1,2,0,2,0,0,0,0,0,NONE,NONE,SEM_COMPARE,ADDR_DP
E4,0,1,1,LEGAL,,CPX,DP,2,3,0,3,4,DIRECT_LOW_NONZERO:+1,2,0,1,0,0,0,0,0,NONE,NONE,SEM_COMPARE,ADDR_DP
E4,1,0,0,REJECTED,E=1 requires architectural M=1 and X=1,CPX,DP,,3,,,,,,,,,,,,,,,,
E4,1,0,1,REJECTED,E=1 requires architectural M=1 and X=1,CPX,DP,,3,,,,,,,,,,,,,,,,
E4,1,1,0,REJECTED,E=1 requires architectural M=1 and X=1,CPX,DP,,3,,,,,,,,,,,,,,,,
E4,1,1,1,LEGAL,,CPX,DP,2,3,0,3,4,DIRECT_LOW_NONZERO:+1,2,0,1,0,0,0,0,0,NONE,NONE,SEM_COMPARE,ADDR_DP
E5,0,0,0,LEGAL,,SBC,DP,2,3,1,4,5,DIRECT_LOW_NONZERO:+1,2,0,2,0,0,0,0,0,NONE,NONE,SEM_ARITHMETIC,ADDR_DP
E5,0,0,1,LEGAL,,SBC,DP,2,3,1,4,5,DIRECT_LOW_NONZERO:+1,2,0,2,0,0,0,0,0,NONE,NONE,SEM_ARITHMETIC,ADDR_DP
E5,0,1,0,LEGAL,,SBC,DP,2,3,0,3,4,DIRECT_LOW_NONZERO:+1,2,0,1,0,0,0,0,0,NONE,NONE,SEM_ARITHMETIC,ADDR_DP
E5,0,1,1,LEGAL,,SBC,DP,2,3,0,3,4,DIRECT_LOW_NONZERO:+1,2,0,1,0,0,0,0,0,NONE,NONE,SEM_ARITHMETIC,ADDR_DP
E5,1,0,0,REJECTED,E=1 requires architectural M=1 and X=1,SBC,DP,,3,,,,,,,,,,,,,,,,
E5,1,0,1,REJECTED,E=1 requires architectural M=1 and X=1,SBC,DP,,3,,,,,,,,,,,,,,,,
E5,1,1,0,REJECTED,E=1 requires architectural M=1 and X=1,SBC,DP,,3,,,,,,,,,,,,,,,,
E5,1,1,1,LEGAL,,SBC,DP,2,3,0,3,4,DIRECT_LOW_NONZERO:+1,2,0,1,0,0,0,0,0,NONE,NONE,SEM_ARITHMETIC,ADDR_DP
E6,0,0,0,LEGAL,,INC,DP,2,5,2,7,8,DIRECT_LOW_NONZERO:+1,2,0,2,2,0,0,0,0,HIGH_THEN_LOW,NONE,SEM_INC_DEC,ADDR_DP
E6,0,0,1,LEGAL,,INC,DP,2,5,2,7,8,DIRECT_LOW_NONZERO:+1,2,0,2,2,0,0,0,0,HIGH_THEN_LOW,NONE,SEM_INC_DEC,ADDR_DP
E6,0,1,0,LEGAL,,INC,DP,2,5,0,5,6,DIRECT_LOW_NONZERO:+1,2,0,1,1,0,0,0,0,LOW_FINAL,NONE,SEM_INC_DEC,ADDR_DP
E6,0,1,1,LEGAL,,INC,DP,2,5,0,5,6,DIRECT_LOW_NONZERO:+1,2,0,1,1,0,0,0,0,LOW_FINAL,NONE,SEM_INC_DEC,ADDR_DP
E6,1,0,0,REJECTED,E=1 requires architectural M=1 and X=1,INC,DP,,5,,,,,,,,,,,,,,,,
E6,1,0,1,REJECTED,E=1 requires architectural M=1 and X=1,INC,DP,,5,,,,,,,,,,,,,,,,
E6,1,1,0,REJECTED,E=1 requires architectural M=1 and X=1,INC,DP,,5,,,,,,,,,,,,,,,,
E6,1,1,1,LEGAL,,INC,DP,2,5,0,5,6,DIRECT_LOW_NONZERO:+1,2,0,1,1,1,0,0,0,LOW_FINAL,NONE,SEM_INC_DEC,ADDR_DP
E7,0,0,0,LEGAL,,SBC,DP_IND_LONG,2,6,1,7,8,DIRECT_LOW_NONZERO:+1,2,3,2,0,0,0,0,0,NONE,NONE,SEM_ARITHMETIC,ADDR_DP_IND_LONG
E7,0,0,1,LEGAL,,SBC,DP_IND_LONG,2,6,1,7,8,DIRECT_LOW_NONZERO:+1,2,3,2,0,0,0,0,0,NONE,NONE,SEM_ARITHMETIC,ADDR_DP_IND_LONG
E7,0,1,0,LEGAL,,SBC,DP_IND_LONG,2,6,0,6,7,DIRECT_LOW_NONZERO:+1,2,3,1,0,0,0,0,0,NONE,NONE,SEM_ARITHMETIC,ADDR_DP_IND_LONG
E7,0,1,1,LEGAL,,SBC,DP_IND_LONG,2,6,0,6,7,DIRECT_LOW_NONZERO:+1,2,3,1,0,0,0,0,0,NONE,NONE,SEM_ARITHMETIC,ADDR_DP_IND_LONG
E7,1,0,0,REJECTED,E=1 requires architectural M=1 and X=1,SBC,DP_IND_LONG,,6,,,,,,,,,,,,,,,,
E7,1,0,1,REJECTED,E=1 requires architectural M=1 and X=1,SBC,DP_IND_LONG,,6,,,,,,,,,,,,,,,,
E7,1,1,0,REJECTED,E=1 requires architectural M=1 and X=1,SBC,DP_IND_LONG,,6,,,,,,,,,,,,,,,,
E7,1,1,1,LEGAL,,SBC,DP_IND_LONG,2,6,0,6,7,DIRECT_LOW_NONZERO:+1,2,3,1,0,0,0,0,0,NONE,NONE,SEM_ARITHMETIC,ADDR_DP_IND_LONG
E8,0,0,0,LEGAL,,INX,IMP,1,2,0,2,2,NONE,1,0,0,0,0,0,0,0,NONE,NONE,SEM_INC_DEC,ADDR_IMP
E8,0,0,1,LEGAL,,INX,IMP,1,2,0,2,2,NONE,1,0,0,0,0,0,0,0,NONE,NONE,SEM_INC_DEC,ADDR_IMP
E8,0,1,0,LEGAL,,INX,IMP,1,2,0,2,2,NONE,1,0,0,0,0,0,0,0,NONE,NONE,SEM_INC_DEC,ADDR_IMP
E8,0,1,1,LEGAL,,INX,IMP,1,2,0,2,2,NONE,1,0,0,0,0,0,0,0,NONE,NONE,SEM_INC_DEC,ADDR_IMP
E8,1,0,0,REJECTED,E=1 requires architectural M=1 and X=1,INX,IMP,,2,,,,,,,,,,,,,,,,
E8,1,0,1,REJECTED,E=1 requires architectural M=1 and X=1,INX,IMP,,2,,,,,,,,,,,,,,,,
E8,1,1,0,REJECTED,E=1 requires architectural M=1 and X=1,INX,IMP,,2,,,,,,,,,,,,,,,,
E8,1,1,1,LEGAL,,INX,IMP,1,2,0,2,2,NONE,1,0,0,0,0,0,0,0,NONE,NONE,SEM_INC_DEC,ADDR_IMP
E9,0,0,0,LEGAL,,SBC,IMM_M,3,2,1,3,3,NONE,3,0,0,0,0,0,0,0,NONE,NONE,SEM_ARITHMETIC,ADDR_IMM_M
E9,0,0,1,LEGAL,,SBC,IMM_M,3,2,1,3,3,NONE,3,0,0,0,0,0,0,0,NONE,NONE,SEM_ARITHMETIC,ADDR_IMM_M
E9,0,1,0,LEGAL,,SBC,IMM_M,2,2,0,2,2,NONE,2,0,0,0,0,0,0,0,NONE,NONE,SEM_ARITHMETIC,ADDR_IMM_M
E9,0,1,1,LEGAL,,SBC,IMM_M,2,2,0,2,2,NONE,2,0,0,0,0,0,0,0,NONE,NONE,SEM_ARITHMETIC,ADDR_IMM_M
E9,1,0,0,REJECTED,E=1 requires architectural M=1 and X=1,SBC,IMM_M,,2,,,,,,,,,,,,,,,,
E9,1,0,1,REJECTED,E=1 requires architectural M=1 and X=1,SBC,IMM_M,,2,,,,,,,,,,,,,,,,
E9,1,1,0,REJECTED,E=1 requires architectural M=1 and X=1,SBC,IMM_M,,2,,,,,,,,,,,,,,,,
E9,1,1,1,LEGAL,,SBC,IMM_M,2,2,0,2,2,NONE,2,0,0,0,0,0,0,0,NONE,NONE,SEM_ARITHMETIC,ADDR_IMM_M
EA,0,0,0,LEGAL,,NOP,IMP,1,2,0,2,2,NONE,1,0,0,0,0,0,0,0,NONE,NONE,SEM_MISC,ADDR_IMP
EA,0,0,1,LEGAL,,NOP,IMP,1,2,0,2,2,NONE,1,0,0,0,0,0,0,0,NONE,NONE,SEM_MISC,ADDR_IMP
EA,0,1,0,LEGAL,,NOP,IMP,1,2,0,2,2,NONE,1,0,0,0,0,0,0,0,NONE,NONE,SEM_MISC,ADDR_IMP
EA,0,1,1,LEGAL,,NOP,IMP,1,2,0,2,2,NONE,1,0,0,0,0,0,0,0,NONE,NONE,SEM_MISC,ADDR_IMP
EA,1,0,0,REJECTED,E=1 requires architectural M=1 and X=1,NOP,IMP,,2,,,,,,,,,,,,,,,,
EA,1,0,1,REJECTED,E=1 requires architectural M=1 and X=1,NOP,IMP,,2,,,,,,,,,,,,,,,,
EA,1,1,0,REJECTED,E=1 requires architectural M=1 and X=1,NOP,IMP,,2,,,,,,,,,,,,,,,,
EA,1,1,1,LEGAL,,NOP,IMP,1,2,0,2,2,NONE,1,0,0,0,0,0,0,0,NONE,NONE,SEM_MISC,ADDR_IMP
EB,0,0,0,LEGAL,,XBA,IMP,1,3,0,3,3,NONE,1,0,0,0,0,0,0,0,NONE,NONE,SEM_TRANSFER,ADDR_IMP
EB,0,0,1,LEGAL,,XBA,IMP,1,3,0,3,3,NONE,1,0,0,0,0,0,0,0,NONE,NONE,SEM_TRANSFER,ADDR_IMP
EB,0,1,0,LEGAL,,XBA,IMP,1,3,0,3,3,NONE,1,0,0,0,0,0,0,0,NONE,NONE,SEM_TRANSFER,ADDR_IMP
EB,0,1,1,LEGAL,,XBA,IMP,1,3,0,3,3,NONE,1,0,0,0,0,0,0,0,NONE,NONE,SEM_TRANSFER,ADDR_IMP
EB,1,0,0,REJECTED,E=1 requires architectural M=1 and X=1,XBA,IMP,,3,,,,,,,,,,,,,,,,
EB,1,0,1,REJECTED,E=1 requires architectural M=1 and X=1,XBA,IMP,,3,,,,,,,,,,,,,,,,
EB,1,1,0,REJECTED,E=1 requires architectural M=1 and X=1,XBA,IMP,,3,,,,,,,,,,,,,,,,
EB,1,1,1,LEGAL,,XBA,IMP,1,3,0,3,3,NONE,1,0,0,0,0,0,0,0,NONE,NONE,SEM_TRANSFER,ADDR_IMP
EC,0,0,0,LEGAL,,CPX,ABS,3,4,1,5,5,NONE,3,0,2,0,0,0,0,0,NONE,NONE,SEM_COMPARE,ADDR_ABS
EC,0,0,1,LEGAL,,CPX,ABS,3,4,0,4,4,NONE,3,0,1,0,0,0,0,0,NONE,NONE,SEM_COMPARE,ADDR_ABS
EC,0,1,0,LEGAL,,CPX,ABS,3,4,1,5,5,NONE,3,0,2,0,0,0,0,0,NONE,NONE,SEM_COMPARE,ADDR_ABS
EC,0,1,1,LEGAL,,CPX,ABS,3,4,0,4,4,NONE,3,0,1,0,0,0,0,0,NONE,NONE,SEM_COMPARE,ADDR_ABS
EC,1,0,0,REJECTED,E=1 requires architectural M=1 and X=1,CPX,ABS,,4,,,,,,,,,,,,,,,,
EC,1,0,1,REJECTED,E=1 requires architectural M=1 and X=1,CPX,ABS,,4,,,,,,,,,,,,,,,,
EC,1,1,0,REJECTED,E=1 requires architectural M=1 and X=1,CPX,ABS,,4,,,,,,,,,,,,,,,,
EC,1,1,1,LEGAL,,CPX,ABS,3,4,0,4,4,NONE,3,0,1,0,0,0,0,0,NONE,NONE,SEM_COMPARE,ADDR_ABS
ED,0,0,0,LEGAL,,SBC,ABS,3,4,1,5,5,NONE,3,0,2,0,0,0,0,0,NONE,NONE,SEM_ARITHMETIC,ADDR_ABS
ED,0,0,1,LEGAL,,SBC,ABS,3,4,1,5,5,NONE,3,0,2,0,0,0,0,0,NONE,NONE,SEM_ARITHMETIC,ADDR_ABS
ED,0,1,0,LEGAL,,SBC,ABS,3,4,0,4,4,NONE,3,0,1,0,0,0,0,0,NONE,NONE,SEM_ARITHMETIC,ADDR_ABS
ED,0,1,1,LEGAL,,SBC,ABS,3,4,0,4,4,NONE,3,0,1,0,0,0,0,0,NONE,NONE,SEM_ARITHMETIC,ADDR_ABS
ED,1,0,0,REJECTED,E=1 requires architectural M=1 and X=1,SBC,ABS,,4,,,,,,,,,,,,,,,,
ED,1,0,1,REJECTED,E=1 requires architectural M=1 and X=1,SBC,ABS,,4,,,,,,,,,,,,,,,,
ED,1,1,0,REJECTED,E=1 requires architectural M=1 and X=1,SBC,ABS,,4,,,,,,,,,,,,,,,,
ED,1,1,1,LEGAL,,SBC,ABS,3,4,0,4,4,NONE,3,0,1,0,0,0,0,0,NONE,NONE,SEM_ARITHMETIC,ADDR_ABS
EE,0,0,0,LEGAL,,INC,ABS,3,6,2,8,8,NONE,3,0,2,2,0,0,0,0,HIGH_THEN_LOW,NONE,SEM_INC_DEC,ADDR_ABS
EE,0,0,1,LEGAL,,INC,ABS,3,6,2,8,8,NONE,3,0,2,2,0,0,0,0,HIGH_THEN_LOW,NONE,SEM_INC_DEC,ADDR_ABS
EE,0,1,0,LEGAL,,INC,ABS,3,6,0,6,6,NONE,3,0,1,1,0,0,0,0,LOW_FINAL,NONE,SEM_INC_DEC,ADDR_ABS
EE,0,1,1,LEGAL,,INC,ABS,3,6,0,6,6,NONE,3,0,1,1,0,0,0,0,LOW_FINAL,NONE,SEM_INC_DEC,ADDR_ABS
EE,1,0,0,REJECTED,E=1 requires architectural M=1 and X=1,INC,ABS,,6,,,,,,,,,,,,,,,,
EE,1,0,1,REJECTED,E=1 requires architectural M=1 and X=1,INC,ABS,,6,,,,,,,,,,,,,,,,
EE,1,1,0,REJECTED,E=1 requires architectural M=1 and X=1,INC,ABS,,6,,,,,,,,,,,,,,,,
EE,1,1,1,LEGAL,,INC,ABS,3,6,0,6,6,NONE,3,0,1,1,1,0,0,0,LOW_FINAL,NONE,SEM_INC_DEC,ADDR_ABS
EF,0,0,0,LEGAL,,SBC,ABS_LONG,4,5,1,6,6,NONE,4,0,2,0,0,0,0,0,NONE,NONE,SEM_ARITHMETIC,ADDR_ABS_LONG
EF,0,0,1,LEGAL,,SBC,ABS_LONG,4,5,1,6,6,NONE,4,0,2,0,0,0,0,0,NONE,NONE,SEM_ARITHMETIC,ADDR_ABS_LONG
EF,0,1,0,LEGAL,,SBC,ABS_LONG,4,5,0,5,5,NONE,4,0,1,0,0,0,0,0,NONE,NONE,SEM_ARITHMETIC,ADDR_ABS_LONG
EF,0,1,1,LEGAL,,SBC,ABS_LONG,4,5,0,5,5,NONE,4,0,1,0,0,0,0,0,NONE,NONE,SEM_ARITHMETIC,ADDR_ABS_LONG
EF,1,0,0,REJECTED,E=1 requires architectural M=1 and X=1,SBC,ABS_LONG,,5,,,,,,,,,,,,,,,,
EF,1,0,1,REJECTED,E=1 requires architectural M=1 and X=1,SBC,ABS_LONG,,5,,,,,,,,,,,,,,,,
EF,1,1,0,REJECTED,E=1 requires architectural M=1 and X=1,SBC,ABS_LONG,,5,,,,,,,,,,,,,,,,
EF,1,1,1,LEGAL,,SBC,ABS_LONG,4,5,0,5,5,NONE,4,0,1,0,0,0,0,0,NONE,NONE,SEM_ARITHMETIC,ADDR_ABS_LONG
F0,0,0,0,LEGAL,,BEQ,REL8,2,2,0,2,3,BRANCH_TAKEN:+1,2,0,0,0,0,0,0,0,NONE,NONE,SEM_BRANCH,ADDR_REL8
F0,0,0,1,LEGAL,,BEQ,REL8,2,2,0,2,3,BRANCH_TAKEN:+1,2,0,0,0,0,0,0,0,NONE,NONE,SEM_BRANCH,ADDR_REL8
F0,0,1,0,LEGAL,,BEQ,REL8,2,2,0,2,3,BRANCH_TAKEN:+1,2,0,0,0,0,0,0,0,NONE,NONE,SEM_BRANCH,ADDR_REL8
F0,0,1,1,LEGAL,,BEQ,REL8,2,2,0,2,3,BRANCH_TAKEN:+1,2,0,0,0,0,0,0,0,NONE,NONE,SEM_BRANCH,ADDR_REL8
F0,1,0,0,REJECTED,E=1 requires architectural M=1 and X=1,BEQ,REL8,,2,,,,,,,,,,,,,,,,
F0,1,0,1,REJECTED,E=1 requires architectural M=1 and X=1,BEQ,REL8,,2,,,,,,,,,,,,,,,,
F0,1,1,0,REJECTED,E=1 requires architectural M=1 and X=1,BEQ,REL8,,2,,,,,,,,,,,,,,,,
F0,1,1,1,LEGAL,,BEQ,REL8,2,2,0,2,4,BRANCH_TAKEN:+1;BRANCH_PAGE_CROSS_EMULATION:+1,2,0,0,0,0,0,0,0,NONE,NONE,SEM_BRANCH,ADDR_REL8
F1,0,0,0,LEGAL,,SBC,DP_IND_Y,2,5,2,7,8,DIRECT_LOW_NONZERO:+1,2,2,2,0,0,0,0,0,NONE,NONE,SEM_ARITHMETIC,ADDR_DP_IND_Y
F1,0,0,1,LEGAL,,SBC,DP_IND_Y,2,5,1,6,8,DIRECT_LOW_NONZERO:+1;INDEX_PAGE_CROSS:+1,2,2,2,0,0,0,0,0,NONE,NONE,SEM_ARITHMETIC,ADDR_DP_IND_Y
F1,0,1,0,LEGAL,,SBC,DP_IND_Y,2,5,1,6,7,DIRECT_LOW_NONZERO:+1,2,2,1,0,0,0,0,0,NONE,NONE,SEM_ARITHMETIC,ADDR_DP_IND_Y
F1,0,1,1,LEGAL,,SBC,DP_IND_Y,2,5,0,5,7,DIRECT_LOW_NONZERO:+1;INDEX_PAGE_CROSS:+1,2,2,1,0,0,0,0,0,NONE,NONE,SEM_ARITHMETIC,ADDR_DP_IND_Y
F1,1,0,0,REJECTED,E=1 requires architectural M=1 and X=1,SBC,DP_IND_Y,,5,,,,,,,,,,,,,,,,
F1,1,0,1,REJECTED,E=1 requires architectural M=1 and X=1,SBC,DP_IND_Y,,5,,,,,,,,,,,,,,,,
F1,1,1,0,REJECTED,E=1 requires architectural M=1 and X=1,SBC,DP_IND_Y,,5,,,,,,,,,,,,,,,,
F1,1,1,1,LEGAL,,SBC,DP_IND_Y,2,5,0,5,7,DIRECT_LOW_NONZERO:+1;INDEX_PAGE_CROSS:+1,2,2,1,0,0,0,0,0,NONE,NONE,SEM_ARITHMETIC,ADDR_DP_IND_Y
F2,0,0,0,LEGAL,,SBC,DP_IND,2,5,1,6,7,DIRECT_LOW_NONZERO:+1,2,2,2,0,0,0,0,0,NONE,NONE,SEM_ARITHMETIC,ADDR_DP_IND
F2,0,0,1,LEGAL,,SBC,DP_IND,2,5,1,6,7,DIRECT_LOW_NONZERO:+1,2,2,2,0,0,0,0,0,NONE,NONE,SEM_ARITHMETIC,ADDR_DP_IND
F2,0,1,0,LEGAL,,SBC,DP_IND,2,5,0,5,6,DIRECT_LOW_NONZERO:+1,2,2,1,0,0,0,0,0,NONE,NONE,SEM_ARITHMETIC,ADDR_DP_IND
F2,0,1,1,LEGAL,,SBC,DP_IND,2,5,0,5,6,DIRECT_LOW_NONZERO:+1,2,2,1,0,0,0,0,0,NONE,NONE,SEM_ARITHMETIC,ADDR_DP_IND
F2,1,0,0,REJECTED,E=1 requires architectural M=1 and X=1,SBC,DP_IND,,5,,,,,,,,,,,,,,,,
F2,1,0,1,REJECTED,E=1 requires architectural M=1 and X=1,SBC,DP_IND,,5,,,,,,,,,,,,,,,,
F2,1,1,0,REJECTED,E=1 requires architectural M=1 and X=1,SBC,DP_IND,,5,,,,,,,,,,,,,,,,
F2,1,1,1,LEGAL,,SBC,DP_IND,2,5,0,5,6,DIRECT_LOW_NONZERO:+1,2,2,1,0,0,0,0,0,NONE,NONE,SEM_ARITHMETIC,ADDR_DP_IND
F3,0,0,0,LEGAL,,SBC,STACK_REL_IND_Y,2,7,1,8,8,NONE,2,2,2,0,0,0,0,0,NONE,NONE,SEM_ARITHMETIC,ADDR_STACK_REL_IND_Y
F3,0,0,1,LEGAL,,SBC,STACK_REL_IND_Y,2,7,1,8,8,NONE,2,2,2,0,0,0,0,0,NONE,NONE,SEM_ARITHMETIC,ADDR_STACK_REL_IND_Y
F3,0,1,0,LEGAL,,SBC,STACK_REL_IND_Y,2,7,0,7,7,NONE,2,2,1,0,0,0,0,0,NONE,NONE,SEM_ARITHMETIC,ADDR_STACK_REL_IND_Y
F3,0,1,1,LEGAL,,SBC,STACK_REL_IND_Y,2,7,0,7,7,NONE,2,2,1,0,0,0,0,0,NONE,NONE,SEM_ARITHMETIC,ADDR_STACK_REL_IND_Y
F3,1,0,0,REJECTED,E=1 requires architectural M=1 and X=1,SBC,STACK_REL_IND_Y,,7,,,,,,,,,,,,,,,,
F3,1,0,1,REJECTED,E=1 requires architectural M=1 and X=1,SBC,STACK_REL_IND_Y,,7,,,,,,,,,,,,,,,,
F3,1,1,0,REJECTED,E=1 requires architectural M=1 and X=1,SBC,STACK_REL_IND_Y,,7,,,,,,,,,,,,,,,,
F3,1,1,1,LEGAL,,SBC,STACK_REL_IND_Y,2,7,0,7,7,NONE,2,2,1,0,0,0,0,0,NONE,NONE,SEM_ARITHMETIC,ADDR_STACK_REL_IND_Y
F4,0,0,0,LEGAL,,PEA,IMM16,3,5,0,5,5,NONE,3,0,0,0,0,0,2,0,NONE,NONE,SEM_STACK,ADDR_IMM16
F4,0,0,1,LEGAL,,PEA,IMM16,3,5,0,5,5,NONE,3,0,0,0,0,0,2,0,NONE,NONE,SEM_STACK,ADDR_IMM16
F4,0,1,0,LEGAL,,PEA,IMM16,3,5,0,5,5,NONE,3,0,0,0,0,0,2,0,NONE,NONE,SEM_STACK,ADDR_IMM16
F4,0,1,1,LEGAL,,PEA,IMM16,3,5,0,5,5,NONE,3,0,0,0,0,0,2,0,NONE,NONE,SEM_STACK,ADDR_IMM16
F4,1,0,0,REJECTED,E=1 requires architectural M=1 and X=1,PEA,IMM16,,5,,,,,,,,,,,,,,,,
F4,1,0,1,REJECTED,E=1 requires architectural M=1 and X=1,PEA,IMM16,,5,,,,,,,,,,,,,,,,
F4,1,1,0,REJECTED,E=1 requires architectural M=1 and X=1,PEA,IMM16,,5,,,,,,,,,,,,,,,,
F4,1,1,1,LEGAL,,PEA,IMM16,3,5,0,5,5,NONE,3,0,0,0,0,0,2,0,NONE,NONE,SEM_STACK,ADDR_IMM16
F5,0,0,0,LEGAL,,SBC,DP_X,2,4,1,5,6,DIRECT_LOW_NONZERO:+1,2,0,2,0,0,0,0,0,NONE,NONE,SEM_ARITHMETIC,ADDR_DP_X
F5,0,0,1,LEGAL,,SBC,DP_X,2,4,1,5,6,DIRECT_LOW_NONZERO:+1,2,0,2,0,0,0,0,0,NONE,NONE,SEM_ARITHMETIC,ADDR_DP_X
F5,0,1,0,LEGAL,,SBC,DP_X,2,4,0,4,5,DIRECT_LOW_NONZERO:+1,2,0,1,0,0,0,0,0,NONE,NONE,SEM_ARITHMETIC,ADDR_DP_X
F5,0,1,1,LEGAL,,SBC,DP_X,2,4,0,4,5,DIRECT_LOW_NONZERO:+1,2,0,1,0,0,0,0,0,NONE,NONE,SEM_ARITHMETIC,ADDR_DP_X
F5,1,0,0,REJECTED,E=1 requires architectural M=1 and X=1,SBC,DP_X,,4,,,,,,,,,,,,,,,,
F5,1,0,1,REJECTED,E=1 requires architectural M=1 and X=1,SBC,DP_X,,4,,,,,,,,,,,,,,,,
F5,1,1,0,REJECTED,E=1 requires architectural M=1 and X=1,SBC,DP_X,,4,,,,,,,,,,,,,,,,
F5,1,1,1,LEGAL,,SBC,DP_X,2,4,0,4,5,DIRECT_LOW_NONZERO:+1,2,0,1,0,0,0,0,0,NONE,NONE,SEM_ARITHMETIC,ADDR_DP_X
F6,0,0,0,LEGAL,,INC,DP_X,2,6,2,8,9,DIRECT_LOW_NONZERO:+1,2,0,2,2,0,0,0,0,HIGH_THEN_LOW,NONE,SEM_INC_DEC,ADDR_DP_X
F6,0,0,1,LEGAL,,INC,DP_X,2,6,2,8,9,DIRECT_LOW_NONZERO:+1,2,0,2,2,0,0,0,0,HIGH_THEN_LOW,NONE,SEM_INC_DEC,ADDR_DP_X
F6,0,1,0,LEGAL,,INC,DP_X,2,6,0,6,7,DIRECT_LOW_NONZERO:+1,2,0,1,1,0,0,0,0,LOW_FINAL,NONE,SEM_INC_DEC,ADDR_DP_X
F6,0,1,1,LEGAL,,INC,DP_X,2,6,0,6,7,DIRECT_LOW_NONZERO:+1,2,0,1,1,0,0,0,0,LOW_FINAL,NONE,SEM_INC_DEC,ADDR_DP_X
F6,1,0,0,REJECTED,E=1 requires architectural M=1 and X=1,INC,DP_X,,6,,,,,,,,,,,,,,,,
F6,1,0,1,REJECTED,E=1 requires architectural M=1 and X=1,INC,DP_X,,6,,,,,,,,,,,,,,,,
F6,1,1,0,REJECTED,E=1 requires architectural M=1 and X=1,INC,DP_X,,6,,,,,,,,,,,,,,,,
F6,1,1,1,LEGAL,,INC,DP_X,2,6,0,6,7,DIRECT_LOW_NONZERO:+1,2,0,1,1,1,0,0,0,LOW_FINAL,NONE,SEM_INC_DEC,ADDR_DP_X
F7,0,0,0,LEGAL,,SBC,DP_IND_LONG_Y,2,6,1,7,8,DIRECT_LOW_NONZERO:+1,2,3,2,0,0,0,0,0,NONE,NONE,SEM_ARITHMETIC,ADDR_DP_IND_LONG_Y
F7,0,0,1,LEGAL,,SBC,DP_IND_LONG_Y,2,6,1,7,8,DIRECT_LOW_NONZERO:+1,2,3,2,0,0,0,0,0,NONE,NONE,SEM_ARITHMETIC,ADDR_DP_IND_LONG_Y
F7,0,1,0,LEGAL,,SBC,DP_IND_LONG_Y,2,6,0,6,7,DIRECT_LOW_NONZERO:+1,2,3,1,0,0,0,0,0,NONE,NONE,SEM_ARITHMETIC,ADDR_DP_IND_LONG_Y
F7,0,1,1,LEGAL,,SBC,DP_IND_LONG_Y,2,6,0,6,7,DIRECT_LOW_NONZERO:+1,2,3,1,0,0,0,0,0,NONE,NONE,SEM_ARITHMETIC,ADDR_DP_IND_LONG_Y
F7,1,0,0,REJECTED,E=1 requires architectural M=1 and X=1,SBC,DP_IND_LONG_Y,,6,,,,,,,,,,,,,,,,
F7,1,0,1,REJECTED,E=1 requires architectural M=1 and X=1,SBC,DP_IND_LONG_Y,,6,,,,,,,,,,,,,,,,
F7,1,1,0,REJECTED,E=1 requires architectural M=1 and X=1,SBC,DP_IND_LONG_Y,,6,,,,,,,,,,,,,,,,
F7,1,1,1,LEGAL,,SBC,DP_IND_LONG_Y,2,6,0,6,7,DIRECT_LOW_NONZERO:+1,2,3,1,0,0,0,0,0,NONE,NONE,SEM_ARITHMETIC,ADDR_DP_IND_LONG_Y
F8,0,0,0,LEGAL,,SED,IMP,1,2,0,2,2,NONE,1,0,0,0,0,0,0,0,NONE,NONE,SEM_FLAGS,ADDR_IMP
F8,0,0,1,LEGAL,,SED,IMP,1,2,0,2,2,NONE,1,0,0,0,0,0,0,0,NONE,NONE,SEM_FLAGS,ADDR_IMP
F8,0,1,0,LEGAL,,SED,IMP,1,2,0,2,2,NONE,1,0,0,0,0,0,0,0,NONE,NONE,SEM_FLAGS,ADDR_IMP
F8,0,1,1,LEGAL,,SED,IMP,1,2,0,2,2,NONE,1,0,0,0,0,0,0,0,NONE,NONE,SEM_FLAGS,ADDR_IMP
F8,1,0,0,REJECTED,E=1 requires architectural M=1 and X=1,SED,IMP,,2,,,,,,,,,,,,,,,,
F8,1,0,1,REJECTED,E=1 requires architectural M=1 and X=1,SED,IMP,,2,,,,,,,,,,,,,,,,
F8,1,1,0,REJECTED,E=1 requires architectural M=1 and X=1,SED,IMP,,2,,,,,,,,,,,,,,,,
F8,1,1,1,LEGAL,,SED,IMP,1,2,0,2,2,NONE,1,0,0,0,0,0,0,0,NONE,NONE,SEM_FLAGS,ADDR_IMP
F9,0,0,0,LEGAL,,SBC,ABS_Y,3,4,2,6,6,NONE,3,0,2,0,0,0,0,0,NONE,NONE,SEM_ARITHMETIC,ADDR_ABS_Y
F9,0,0,1,LEGAL,,SBC,ABS_Y,3,4,1,5,6,INDEX_PAGE_CROSS:+1,3,0,2,0,0,0,0,0,NONE,NONE,SEM_ARITHMETIC,ADDR_ABS_Y
F9,0,1,0,LEGAL,,SBC,ABS_Y,3,4,1,5,5,NONE,3,0,1,0,0,0,0,0,NONE,NONE,SEM_ARITHMETIC,ADDR_ABS_Y
F9,0,1,1,LEGAL,,SBC,ABS_Y,3,4,0,4,5,INDEX_PAGE_CROSS:+1,3,0,1,0,0,0,0,0,NONE,NONE,SEM_ARITHMETIC,ADDR_ABS_Y
F9,1,0,0,REJECTED,E=1 requires architectural M=1 and X=1,SBC,ABS_Y,,4,,,,,,,,,,,,,,,,
F9,1,0,1,REJECTED,E=1 requires architectural M=1 and X=1,SBC,ABS_Y,,4,,,,,,,,,,,,,,,,
F9,1,1,0,REJECTED,E=1 requires architectural M=1 and X=1,SBC,ABS_Y,,4,,,,,,,,,,,,,,,,
F9,1,1,1,LEGAL,,SBC,ABS_Y,3,4,0,4,5,INDEX_PAGE_CROSS:+1,3,0,1,0,0,0,0,0,NONE,NONE,SEM_ARITHMETIC,ADDR_ABS_Y
FA,0,0,0,LEGAL,,PLX,IMP,1,4,1,5,5,NONE,1,0,0,0,0,2,0,0,NONE,NONE,SEM_STACK,ADDR_IMP
FA,0,0,1,LEGAL,,PLX,IMP,1,4,0,4,4,NONE,1,0,0,0,0,1,0,0,NONE,NONE,SEM_STACK,ADDR_IMP
FA,0,1,0,LEGAL,,PLX,IMP,1,4,1,5,5,NONE,1,0,0,0,0,2,0,0,NONE,NONE,SEM_STACK,ADDR_IMP
FA,0,1,1,LEGAL,,PLX,IMP,1,4,0,4,4,NONE,1,0,0,0,0,1,0,0,NONE,NONE,SEM_STACK,ADDR_IMP
FA,1,0,0,REJECTED,E=1 requires architectural M=1 and X=1,PLX,IMP,,4,,,,,,,,,,,,,,,,
FA,1,0,1,REJECTED,E=1 requires architectural M=1 and X=1,PLX,IMP,,4,,,,,,,,,,,,,,,,
FA,1,1,0,REJECTED,E=1 requires architectural M=1 and X=1,PLX,IMP,,4,,,,,,,,,,,,,,,,
FA,1,1,1,LEGAL,,PLX,IMP,1,4,0,4,4,NONE,1,0,0,0,0,1,0,0,NONE,NONE,SEM_STACK,ADDR_IMP
FB,0,0,0,LEGAL,,XCE,IMP,1,2,0,2,2,NONE,1,0,0,0,0,0,0,0,NONE,NONE,SEM_TRANSFER,ADDR_IMP
FB,0,0,1,LEGAL,,XCE,IMP,1,2,0,2,2,NONE,1,0,0,0,0,0,0,0,NONE,NONE,SEM_TRANSFER,ADDR_IMP
FB,0,1,0,LEGAL,,XCE,IMP,1,2,0,2,2,NONE,1,0,0,0,0,0,0,0,NONE,NONE,SEM_TRANSFER,ADDR_IMP
FB,0,1,1,LEGAL,,XCE,IMP,1,2,0,2,2,NONE,1,0,0,0,0,0,0,0,NONE,NONE,SEM_TRANSFER,ADDR_IMP
FB,1,0,0,REJECTED,E=1 requires architectural M=1 and X=1,XCE,IMP,,2,,,,,,,,,,,,,,,,
FB,1,0,1,REJECTED,E=1 requires architectural M=1 and X=1,XCE,IMP,,2,,,,,,,,,,,,,,,,
FB,1,1,0,REJECTED,E=1 requires architectural M=1 and X=1,XCE,IMP,,2,,,,,,,,,,,,,,,,
FB,1,1,1,LEGAL,,XCE,IMP,1,2,0,2,2,NONE,1,0,0,0,0,0,0,0,NONE,NONE,SEM_TRANSFER,ADDR_IMP
FC,0,0,0,LEGAL,,JSR,ABS_X_IND,3,8,0,8,8,NONE,3,2,0,0,0,0,2,0,NONE,NONE,SEM_CONTROL_INTERRUPT,ADDR_ABS_X_IND
FC,0,0,1,LEGAL,,JSR,ABS_X_IND,3,8,0,8,8,NONE,3,2,0,0,0,0,2,0,NONE,NONE,SEM_CONTROL_INTERRUPT,ADDR_ABS_X_IND
FC,0,1,0,LEGAL,,JSR,ABS_X_IND,3,8,0,8,8,NONE,3,2,0,0,0,0,2,0,NONE,NONE,SEM_CONTROL_INTERRUPT,ADDR_ABS_X_IND
FC,0,1,1,LEGAL,,JSR,ABS_X_IND,3,8,0,8,8,NONE,3,2,0,0,0,0,2,0,NONE,NONE,SEM_CONTROL_INTERRUPT,ADDR_ABS_X_IND
FC,1,0,0,REJECTED,E=1 requires architectural M=1 and X=1,JSR,ABS_X_IND,,8,,,,,,,,,,,,,,,,
FC,1,0,1,REJECTED,E=1 requires architectural M=1 and X=1,JSR,ABS_X_IND,,8,,,,,,,,,,,,,,,,
FC,1,1,0,REJECTED,E=1 requires architectural M=1 and X=1,JSR,ABS_X_IND,,8,,,,,,,,,,,,,,,,
FC,1,1,1,LEGAL,,JSR,ABS_X_IND,3,8,0,8,8,NONE,3,2,0,0,0,0,2,0,NONE,NONE,SEM_CONTROL_INTERRUPT,ADDR_ABS_X_IND
FD,0,0,0,LEGAL,,SBC,ABS_X,3,4,2,6,6,NONE,3,0,2,0,0,0,0,0,NONE,NONE,SEM_ARITHMETIC,ADDR_ABS_X
FD,0,0,1,LEGAL,,SBC,ABS_X,3,4,1,5,6,INDEX_PAGE_CROSS:+1,3,0,2,0,0,0,0,0,NONE,NONE,SEM_ARITHMETIC,ADDR_ABS_X
FD,0,1,0,LEGAL,,SBC,ABS_X,3,4,1,5,5,NONE,3,0,1,0,0,0,0,0,NONE,NONE,SEM_ARITHMETIC,ADDR_ABS_X
FD,0,1,1,LEGAL,,SBC,ABS_X,3,4,0,4,5,INDEX_PAGE_CROSS:+1,3,0,1,0,0,0,0,0,NONE,NONE,SEM_ARITHMETIC,ADDR_ABS_X
FD,1,0,0,REJECTED,E=1 requires architectural M=1 and X=1,SBC,ABS_X,,4,,,,,,,,,,,,,,,,
FD,1,0,1,REJECTED,E=1 requires architectural M=1 and X=1,SBC,ABS_X,,4,,,,,,,,,,,,,,,,
FD,1,1,0,REJECTED,E=1 requires architectural M=1 and X=1,SBC,ABS_X,,4,,,,,,,,,,,,,,,,
FD,1,1,1,LEGAL,,SBC,ABS_X,3,4,0,4,5,INDEX_PAGE_CROSS:+1,3,0,1,0,0,0,0,0,NONE,NONE,SEM_ARITHMETIC,ADDR_ABS_X
FE,0,0,0,LEGAL,,INC,ABS_X,3,7,2,9,9,NONE,3,0,2,2,0,0,0,0,HIGH_THEN_LOW,NONE,SEM_INC_DEC,ADDR_ABS_X
FE,0,0,1,LEGAL,,INC,ABS_X,3,7,2,9,9,NONE,3,0,2,2,0,0,0,0,HIGH_THEN_LOW,NONE,SEM_INC_DEC,ADDR_ABS_X
FE,0,1,0,LEGAL,,INC,ABS_X,3,7,0,7,7,NONE,3,0,1,1,0,0,0,0,LOW_FINAL,NONE,SEM_INC_DEC,ADDR_ABS_X
FE,0,1,1,LEGAL,,INC,ABS_X,3,7,0,7,7,NONE,3,0,1,1,0,0,0,0,LOW_FINAL,NONE,SEM_INC_DEC,ADDR_ABS_X
FE,1,0,0,REJECTED,E=1 requires architectural M=1 and X=1,INC,ABS_X,,7,,,,,,,,,,,,,,,,
FE,1,0,1,REJECTED,E=1 requires architectural M=1 and X=1,INC,ABS_X,,7,,,,,,,,,,,,,,,,
FE,1,1,0,REJECTED,E=1 requires architectural M=1 and X=1,INC,ABS_X,,7,,,,,,,,,,,,,,,,
FE,1,1,1,LEGAL,,INC,ABS_X,3,7,0,7,7,NONE,3,0,1,1,1,0,0,0,LOW_FINAL,NONE,SEM_INC_DEC,ADDR_ABS_X
FF,0,0,0,LEGAL,,SBC,ABS_LONG_X,4,5,1,6,6,NONE,4,0,2,0,0,0,0,0,NONE,NONE,SEM_ARITHMETIC,ADDR_ABS_LONG_X
FF,0,0,1,LEGAL,,SBC,ABS_LONG_X,4,5,1,6,6,NONE,4,0,2,0,0,0,0,0,NONE,NONE,SEM_ARITHMETIC,ADDR_ABS_LONG_X
FF,0,1,0,LEGAL,,SBC,ABS_LONG_X,4,5,0,5,5,NONE,4,0,1,0,0,0,0,0,NONE,NONE,SEM_ARITHMETIC,ADDR_ABS_LONG_X
FF,0,1,1,LEGAL,,SBC,ABS_LONG_X,4,5,0,5,5,NONE,4,0,1,0,0,0,0,0,NONE,NONE,SEM_ARITHMETIC,ADDR_ABS_LONG_X
FF,1,0,0,REJECTED,E=1 requires architectural M=1 and X=1,SBC,ABS_LONG_X,,5,,,,,,,,,,,,,,,,
FF,1,0,1,REJECTED,E=1 requires architectural M=1 and X=1,SBC,ABS_LONG_X,,5,,,,,,,,,,,,,,,,
FF,1,1,0,REJECTED,E=1 requires architectural M=1 and X=1,SBC,ABS_LONG_X,,5,,,,,,,,,,,,,,,,
FF,1,1,1,LEGAL,,SBC,ABS_LONG_X,4,5,0,5,5,NONE,4,0,1,0,0,0,0,0,NONE,NONE,SEM_ARITHMETIC,ADDR_ABS_LONG_X
