Frontier_ID,Level,Context,Class,Instruction,Reason,Candidate_Target
V03F00001,PROVED,80:81BF:E1M1X1:C?:DBR??:P,INTERRUPT_REENTRY,RTI $0001BF,return target/status provenance deferred to V04C,
V03F00002,PROVED,80:81BF:E0M0X0:C?:DBR??:P,INTERRUPT_REENTRY,RTI $0001BF,return target/status provenance deferred to V04C,
V03F00003,PROVED,80:81BF:E0M0X1:C?:DBR??:P,INTERRUPT_REENTRY,RTI $0001BF,return target/status provenance deferred to V04C,
V03F00004,PROVED,80:81BF:E0M1X0:C?:DBR??:P,INTERRUPT_REENTRY,RTI $0001BF,return target/status provenance deferred to V04C,
V03F00005,PROVED,80:81BF:E0M1X1:C?:DBR??:P,INTERRUPT_REENTRY,RTI $0001BF,return target/status provenance deferred to V04C,
V03F00006,PROVED,80:8181:E1M1X1:C?:DBR80:P,DYNAMIC_TARGET,JSR/ABS_X_IND $000181,indexed/indirect call target set deferred to V04C,
V03F00007,PROVED,80:8181:E0M1X1:C?:DBR80:P,DYNAMIC_TARGET,JSR/ABS_X_IND $000181,indexed/indirect call target set deferred to V04C,
V03F00008,PROVED,80:821A:E1M1X1:C?:DBR80:P,DYNAMIC_TARGET,JSR/ABS_X_IND $00021A,indexed/indirect call target set deferred to V04C,
V03F00009,PROVED,80:821A:E0M1X1:C?:DBR80:P,DYNAMIC_TARGET,JSR/ABS_X_IND $00021A,indexed/indirect call target set deferred to V04C,
V03F00010,PROVED,80:8196:E1M1X1:C?:DBR??:P,INTERRUPT_REENTRY,RTI $000196,return target/status provenance deferred to V04C,
V03F00011,PROVED,80:8196:E0M0X0:C?:DBR??:P,INTERRUPT_REENTRY,RTI $000196,return target/status provenance deferred to V04C,
V03F00012,PROVED,80:8226:E0M0X0:C?:DBR??:P,STATUS_WIDTH,PLP $000226,native PLP restores M/X from stack; V03C does not prove stack status producers,80:8227
V03F00013,PROVED,80:8227:E1M1X1:C?:DBR??:P,INTERRUPT_REENTRY,RTI $000227,return target/status provenance deferred to V04C,
V03F00014,CANDIDATE,80:8227:E0M0X0:C?:DBR??:C,INTERRUPT_REENTRY,RTI $000227,return target/status provenance deferred to V04C,
V03F00015,CANDIDATE,80:8227:E0M0X1:C?:DBR??:C,INTERRUPT_REENTRY,RTI $000227,return target/status provenance deferred to V04C,
V03F00016,CANDIDATE,80:8227:E0M1X0:C?:DBR??:C,INTERRUPT_REENTRY,RTI $000227,return target/status provenance deferred to V04C,
V03F00017,CANDIDATE,80:8227:E0M1X1:C?:DBR??:C,INTERRUPT_REENTRY,RTI $000227,return target/status provenance deferred to V04C,
V03F00018,CANDIDATE,80:FC24:E1M1X1:C?:DBR??:C,DYNAMIC_TARGET,JSR/ABS_X_IND $007C24,indexed/indirect call target set deferred to V04C,
V03F00019,CANDIDATE,80:FC24:E0M1X1:C?:DBR??:C,DYNAMIC_TARGET,JSR/ABS_X_IND $007C24,indexed/indirect call target set deferred to V04C,
V03F00020,CANDIDATE,80:8226:E0M0X0:C?:DBR??:C,STATUS_WIDTH,PLP $000226,native PLP restores M/X from stack; V03C does not prove stack status producers,80:8227
V03F00021,CANDIDATE,80:8196:E1M1X1:C?:DBR??:C,INTERRUPT_REENTRY,RTI $000196,return target/status provenance deferred to V04C,
V03F00022,CANDIDATE,80:8227:E1M1X1:C?:DBR??:C,INTERRUPT_REENTRY,RTI $000227,return target/status provenance deferred to V04C,
V03F00023,CANDIDATE,80:DCBD:E0M0X0:C?:DBR??:C,STATUS_WIDTH,PLP $005CBD,native PLP restores M/X from stack; V03C does not prove stack status producers,80:DCBE
V03F00024,CANDIDATE,80:FC27:E0M1X1:C?:DBR??:C,STATUS_WIDTH,PLP $007C27,native PLP restores M/X from stack; V03C does not prove stack status producers,80:FC28
V03F00025,CANDIDATE,80:8196:E0M0X0:C?:DBR??:C,INTERRUPT_REENTRY,RTI $000196,return target/status provenance deferred to V04C,
V03F00026,CANDIDATE,80:FC28:E1M1X1:C?:DBR??:C,RETURN,RTS $007C28,return target/status provenance deferred to V04C,
V03F00027,CANDIDATE,80:DCBE:E0M0X0:C?:DBR??:C,RETURN,RTS $005CBE,return target/status provenance deferred to V04C,
V03F00028,CANDIDATE,80:DCBE:E0M0X1:C?:DBR??:C,RETURN,RTS $005CBE,return target/status provenance deferred to V04C,
V03F00029,CANDIDATE,80:DCBE:E0M1X0:C?:DBR??:C,RETURN,RTS $005CBE,return target/status provenance deferred to V04C,
V03F00030,CANDIDATE,80:DCBE:E0M1X1:C?:DBR??:C,RETURN,RTS $005CBE,return target/status provenance deferred to V04C,
V03F00031,CANDIDATE,80:FC28:E0M0X0:C?:DBR??:C,RETURN,RTS $007C28,return target/status provenance deferred to V04C,
V03F00032,CANDIDATE,80:FC28:E0M0X1:C?:DBR??:C,RETURN,RTS $007C28,return target/status provenance deferred to V04C,
V03F00033,CANDIDATE,80:FC28:E0M1X0:C?:DBR??:C,RETURN,RTS $007C28,return target/status provenance deferred to V04C,
V03F00034,CANDIDATE,80:FC28:E0M1X1:C?:DBR??:C,RETURN,RTS $007C28,return target/status provenance deferred to V04C,
V03F00035,CANDIDATE,80:F981:E0M1X1:C?:DBR??:C,RETURN,RTS $007981,return target/status provenance deferred to V04C,
V03F00036,CANDIDATE,80:FB3C:E0M0X1:C?:DBR??:C,STATUS_WIDTH,PLP $007B3C,native PLP restores M/X from stack; V03C does not prove stack status producers,80:FB3D
V03F00037,CANDIDATE,80:821A:E1M1X1:C?:DBR80:C,DYNAMIC_TARGET,JSR/ABS_X_IND $00021A,indexed/indirect call target set deferred to V04C,
V03F00038,CANDIDATE,80:FB3D:E0M0X0:C?:DBR??:C,RETURN,RTS $007B3D,return target/status provenance deferred to V04C,
V03F00039,CANDIDATE,80:FB3D:E0M0X1:C?:DBR??:C,RETURN,RTS $007B3D,return target/status provenance deferred to V04C,
V03F00040,CANDIDATE,80:FB3D:E0M1X0:C?:DBR??:C,RETURN,RTS $007B3D,return target/status provenance deferred to V04C,
V03F00041,CANDIDATE,80:FB3D:E0M1X1:C?:DBR??:C,RETURN,RTS $007B3D,return target/status provenance deferred to V04C,
V03F00042,CANDIDATE,81:AC47:E0M1X1:C?:DBR??:C,RETURN,RTL $00AC47,return target/status provenance deferred to V04C,
V03F00043,CANDIDATE,92:F083:E0M1X1:C?:DBR??:C,RETURN,RTL $097083,return target/status provenance deferred to V04C,
V03F00044,CANDIDATE,80:812F:E0M1X1:C?:DBR??:C,RETURN,RTS $00012F,return target/status provenance deferred to V04C,
V03F00045,CANDIDATE,80:F918:E0M1X1:C?:DBR??:C,RETURN,RTS $007918,return target/status provenance deferred to V04C,
V03F00046,CANDIDATE,80:F8FF:E0M1X1:C?:DBR??:C,RETURN,RTS $0078FF,return target/status provenance deferred to V04C,
V03F00047,CANDIDATE,80:F996:E0M0X1:C?:DBR??:C,STATUS_WIDTH,PLP $007996,native PLP restores M/X from stack; V03C does not prove stack status producers,80:F997
V03F00048,CANDIDATE,80:8165:E0M1X1:C?:DBR??:C,RETURN,RTS $000165,return target/status provenance deferred to V04C,
V03F00049,CANDIDATE,80:F997:E0M0X0:C?:DBR??:C,RETURN,RTS $007997,return target/status provenance deferred to V04C,
V03F00050,CANDIDATE,80:F997:E0M0X1:C?:DBR??:C,RETURN,RTS $007997,return target/status provenance deferred to V04C,
V03F00051,CANDIDATE,80:F997:E0M1X0:C?:DBR??:C,RETURN,RTS $007997,return target/status provenance deferred to V04C,
V03F00052,CANDIDATE,80:F997:E0M1X1:C?:DBR??:C,RETURN,RTS $007997,return target/status provenance deferred to V04C,
V03F00053,CANDIDATE,80:DC7C:E0M1X1:C?:DBR??:C,RETURN,RTS $005C7C,return target/status provenance deferred to V04C,
V03F00054,CANDIDATE,80:F9F0:E0M0X0:C?:DBR??:C,STATUS_WIDTH,PLP $0079F0,native PLP restores M/X from stack; V03C does not prove stack status producers,80:F9F1
V03F00055,CANDIDATE,80:FB2D:E0M0X0:C?:DBR??:C,STATUS_WIDTH,PLP $007B2D,native PLP restores M/X from stack; V03C does not prove stack status producers,80:FB2E
V03F00056,CANDIDATE,80:F9F1:E0M0X0:C?:DBR??:C,RETURN,RTS $0079F1,return target/status provenance deferred to V04C,
V03F00057,CANDIDATE,80:F9F1:E0M0X1:C?:DBR??:C,RETURN,RTS $0079F1,return target/status provenance deferred to V04C,
V03F00058,CANDIDATE,80:F9F1:E0M1X0:C?:DBR??:C,RETURN,RTS $0079F1,return target/status provenance deferred to V04C,
V03F00059,CANDIDATE,80:F9F1:E0M1X1:C?:DBR??:C,RETURN,RTS $0079F1,return target/status provenance deferred to V04C,
V03F00060,CANDIDATE,80:FB1B:E0M0X0:C?:DBR??:C,STATUS_WIDTH,PLP $007B1B,native PLP restores M/X from stack; V03C does not prove stack status producers,80:FB1C
V03F00061,CANDIDATE,80:FB2E:E0M0X0:C?:DBR??:C,RETURN,RTS $007B2E,return target/status provenance deferred to V04C,
V03F00062,CANDIDATE,80:FB2E:E0M0X1:C?:DBR??:C,RETURN,RTS $007B2E,return target/status provenance deferred to V04C,
V03F00063,CANDIDATE,80:FB2E:E0M1X0:C?:DBR??:C,RETURN,RTS $007B2E,return target/status provenance deferred to V04C,
V03F00064,CANDIDATE,80:FB2E:E0M1X1:C?:DBR??:C,RETURN,RTS $007B2E,return target/status provenance deferred to V04C,
V03F00065,CANDIDATE,81:AE75:E0M1X1:C?:DBR??:C,RETURN,RTS $00AE75,return target/status provenance deferred to V04C,
V03F00066,CANDIDATE,80:FB1C:E0M0X0:C?:DBR??:C,RETURN,RTS $007B1C,return target/status provenance deferred to V04C,
V03F00067,CANDIDATE,80:FB1C:E0M0X1:C?:DBR??:C,RETURN,RTS $007B1C,return target/status provenance deferred to V04C,
V03F00068,CANDIDATE,80:FB1C:E0M1X0:C?:DBR??:C,RETURN,RTS $007B1C,return target/status provenance deferred to V04C,
V03F00069,CANDIDATE,80:FB1C:E0M1X1:C?:DBR??:C,RETURN,RTS $007B1C,return target/status provenance deferred to V04C,
V03F00070,CANDIDATE,81:AD74:E0M0X0:C?:DBR??:C,RETURN,RTS $00AD74,return target/status provenance deferred to V04C,
V03F00071,CANDIDATE,92:F04C:E0M1X1:C?:DBR??:C,RETURN,RTL $09704C,return target/status provenance deferred to V04C,
V03F00072,CANDIDATE,81:9D69:E0M1X1:C?:DBR??:C,RETURN,RTS $009D69,return target/status provenance deferred to V04C,
V03F00073,CANDIDATE,81:AF3F:E0M1X1:C?:DBR??:C,RETURN,RTS $00AF3F,return target/status provenance deferred to V04C,
V03F00074,CANDIDATE,80:FB2D:E0M1X0:C?:DBR??:C,STATUS_WIDTH,PLP $007B2D,native PLP restores M/X from stack; V03C does not prove stack status producers,80:FB2E
V03F00075,CANDIDATE,80:FA35:E0M0X0:C?:DBR??:C,STATUS_WIDTH,PLP $007A35,native PLP restores M/X from stack; V03C does not prove stack status producers,80:FA36
V03F00076,CANDIDATE,80:83A2:E0M0X0:C?:DBR??:C,RETURN,RTL $0003A2,return target/status provenance deferred to V04C,
V03F00077,CANDIDATE,81:9DA6:E0M1X1:C?:DBR??:C,STATUS_WIDTH,PLP $009DA6,native PLP restores M/X from stack; V03C does not prove stack status producers,81:9DA7
V03F00078,CANDIDATE,81:9DA3:E0M1X1:C?:DBR??:C,STATUS_WIDTH,PLP $009DA3,native PLP restores M/X from stack; V03C does not prove stack status producers,81:9DA4
V03F00079,CANDIDATE,80:F9E9:E0M0X0:C?:DBR??:C,STATUS_WIDTH,PLP $0079E9,native PLP restores M/X from stack; V03C does not prove stack status producers,80:F9EA
V03F00080,CANDIDATE,80:F9EA:E0M0X0:C?:DBR??:C,RETURN,RTS $0079EA,return target/status provenance deferred to V04C,
V03F00081,CANDIDATE,80:F9EA:E0M0X1:C?:DBR??:C,RETURN,RTS $0079EA,return target/status provenance deferred to V04C,
V03F00082,CANDIDATE,80:F9EA:E0M1X0:C?:DBR??:C,RETURN,RTS $0079EA,return target/status provenance deferred to V04C,
V03F00083,CANDIDATE,80:F9EA:E0M1X1:C?:DBR??:C,RETURN,RTS $0079EA,return target/status provenance deferred to V04C,
V03F00084,CANDIDATE,80:FA37:E0M0X0:C1:DBR??:C,RETURN,RTS $007A37,return target/status provenance deferred to V04C,
V03F00085,CANDIDATE,80:FA37:E0M0X1:C1:DBR??:C,RETURN,RTS $007A37,return target/status provenance deferred to V04C,
V03F00086,CANDIDATE,80:FA37:E0M1X0:C1:DBR??:C,RETURN,RTS $007A37,return target/status provenance deferred to V04C,
V03F00087,CANDIDATE,80:FA37:E0M1X1:C1:DBR??:C,RETURN,RTS $007A37,return target/status provenance deferred to V04C,
V03F00088,CANDIDATE,81:9DA8:E0M0X0:C1:DBR??:C,RETURN,RTS $009DA8,return target/status provenance deferred to V04C,
V03F00089,CANDIDATE,81:9DA8:E0M0X1:C1:DBR??:C,RETURN,RTS $009DA8,return target/status provenance deferred to V04C,
V03F00090,CANDIDATE,81:9DA8:E0M1X0:C1:DBR??:C,RETURN,RTS $009DA8,return target/status provenance deferred to V04C,
V03F00091,CANDIDATE,81:9DA8:E0M1X1:C1:DBR??:C,RETURN,RTS $009DA8,return target/status provenance deferred to V04C,
V03F00092,CANDIDATE,81:9DA5:E0M0X0:C0:DBR??:C,RETURN,RTS $009DA5,return target/status provenance deferred to V04C,
V03F00093,CANDIDATE,81:9DA5:E0M0X1:C0:DBR??:C,RETURN,RTS $009DA5,return target/status provenance deferred to V04C,
V03F00094,CANDIDATE,81:9DA5:E0M1X0:C0:DBR??:C,RETURN,RTS $009DA5,return target/status provenance deferred to V04C,
V03F00095,CANDIDATE,81:9DA5:E0M1X1:C0:DBR??:C,RETURN,RTS $009DA5,return target/status provenance deferred to V04C,
V03F00096,CANDIDATE,81:B6D9:E0M1X1:C?:DBR??:C,RETURN,RTL $00B6D9,return target/status provenance deferred to V04C,
V03F00097,CANDIDATE,80:8113:E0M1X1:C?:DBR??:C,RETURN,RTS $000113,return target/status provenance deferred to V04C,
V03F00098,CANDIDATE,80:A41C:E0M1X1:C?:DBR??:C,RETURN,RTL $00241C,return target/status provenance deferred to V04C,
V03F00099,CANDIDATE,81:AD20:E0M1X1:C?:DBR??:C,RETURN,RTS $00AD20,return target/status provenance deferred to V04C,
V03F00100,CANDIDATE,81:F8AE:E0M1X1:C?:DBR??:C,RETURN,RTL $00F8AE,return target/status provenance deferred to V04C,
V03F00101,CANDIDATE,80:F925:E0M1X1:C?:DBR??:C,RETURN,RTS $007925,return target/status provenance deferred to V04C,
V03F00102,CANDIDATE,80:82FE:E0M0X0:C?:DBR??:C,RETURN,RTL $0002FE,return target/status provenance deferred to V04C,
V03F00103,CANDIDATE,81:DF98:E0M0X0:C?:DBR??:C,RETURN,RTS $00DF98,return target/status provenance deferred to V04C,
V03F00104,CANDIDATE,80:80D8:E0M1X1:C?:DBR??:C,RETURN,RTS $0000D8,return target/status provenance deferred to V04C,
V03F00105,CANDIDATE,80:80D3:E0M1X1:C?:DBR??:C,RETURN,RTS $0000D3,return target/status provenance deferred to V04C,
V03F00106,CANDIDATE,81:B67C:E0M1X1:C?:DBR??:C,RETURN,RTS $00B67C,return target/status provenance deferred to V04C,
V03F00107,CANDIDATE,81:BE80:E0M1X1:C?:DBR??:C,RETURN,RTS $00BE80,return target/status provenance deferred to V04C,
V03F00108,CANDIDATE,81:9D98:E0M0X0:C?:DBR??:C,RETURN,RTS $009D98,return target/status provenance deferred to V04C,
V03F00109,CANDIDATE,80:8362:E0M0X0:C?:DBR??:C,RETURN,RTL $000362,return target/status provenance deferred to V04C,
V03F00110,CANDIDATE,81:AF0B:E0M1X1:C?:DBR??:C,RETURN,RTS $00AF0B,return target/status provenance deferred to V04C,
V03F00111,CANDIDATE,80:A3A7:E0M1X1:C?:DBR??:C,RETURN,RTL $0023A7,return target/status provenance deferred to V04C,
V03F00112,CANDIDATE,81:DF08:E0M0X0:C0:DBR??:C,RETURN,RTS $00DF08,return target/status provenance deferred to V04C,
V03F00113,CANDIDATE,80:831F:E0M0X0:C?:DBR??:C,RETURN,RTL $00031F,return target/status provenance deferred to V04C,
V03F00114,CANDIDATE,80:C1F1:E0M1X1:C?:DBR??:C,RETURN,RTS $0041F1,return target/status provenance deferred to V04C,
V03F00115,CANDIDATE,81:C870:E0M1X1:C?:DBR??:C,RETURN,RTL $00C870,return target/status provenance deferred to V04C,
V03F00116,CANDIDATE,80:833B:E0M0X0:C?:DBR80:C,RETURN,RTS $00033B,return target/status provenance deferred to V04C,
V03F00117,CANDIDATE,80:C2FB:E0M1X1:C?:DBR??:C,RETURN,RTL $0042FB,return target/status provenance deferred to V04C,
V03F00118,CANDIDATE,80:A3F1:E0M1X1:C?:DBR??:C,RETURN,RTL $0023F1,return target/status provenance deferred to V04C,
V03F00119,CANDIDATE,81:FD22:E0M1X1:C?:DBR??:C,RETURN,RTS $00FD22,return target/status provenance deferred to V04C,
V03F00120,CANDIDATE,81:C876:E0M1X1:C?:DBR81:C,RETURN,RTS $00C876,return target/status provenance deferred to V04C,
V03F00121,CANDIDATE,81:9E11:E0M1X1:C?:DBR??:C,RETURN,RTS $009E11,return target/status provenance deferred to V04C,
V03F00122,CANDIDATE,80:C06D:E0M1X1:C?:DBR??:C,RETURN,RTL $00406D,return target/status provenance deferred to V04C,
V03F00123,CANDIDATE,80:FA2E:E0M0X0:C?:DBR??:C,STATUS_WIDTH,PLP $007A2E,native PLP restores M/X from stack; V03C does not prove stack status producers,80:FA2F
V03F00124,CANDIDATE,81:A061:E0M1X1:C?:DBR??:C,RETURN,RTS $00A061,return target/status provenance deferred to V04C,
V03F00125,CANDIDATE,80:C076:E0M1X1:C?:DBR80:C,RETURN,RTS $004076,return target/status provenance deferred to V04C,
V03F00126,CANDIDATE,80:A44B:E0M1X1:C?:DBR80:C,RETURN,RTS $00244B,return target/status provenance deferred to V04C,
V03F00127,CANDIDATE,81:B700:E0M1X1:C?:DBR??:C,RETURN,RTS $00B700,return target/status provenance deferred to V04C,
V03F00128,CANDIDATE,80:C70A:E0M1X1:C?:DBR??:C,STATUS_WIDTH,PLP $00470A,native PLP restores M/X from stack; V03C does not prove stack status producers,80:C70B
V03F00129,CANDIDATE,81:FD36:E0M1X1:C0:DBR??:C,RETURN,RTS $00FD36,return target/status provenance deferred to V04C,
V03F00130,CANDIDATE,81:ADA5:E0M1X1:C?:DBR??:C,RETURN,RTS $00ADA5,return target/status provenance deferred to V04C,
V03F00131,CANDIDATE,81:9C7F:E0M1X1:C?:DBR??:C,RETURN,RTS $009C7F,return target/status provenance deferred to V04C,
V03F00132,CANDIDATE,80:C70B:E0M0X0:C?:DBR??:C,RETURN,RTS $00470B,return target/status provenance deferred to V04C,
V03F00133,CANDIDATE,80:C70B:E0M0X1:C?:DBR??:C,RETURN,RTS $00470B,return target/status provenance deferred to V04C,
V03F00134,CANDIDATE,80:C70B:E0M1X0:C?:DBR??:C,RETURN,RTS $00470B,return target/status provenance deferred to V04C,
V03F00135,CANDIDATE,80:C70B:E0M1X1:C?:DBR??:C,RETURN,RTS $00470B,return target/status provenance deferred to V04C,
V03F00136,CANDIDATE,80:CC78:E0M0X0:C?:DBR??:C,RETURN,RTS $004C78,return target/status provenance deferred to V04C,
V03F00137,CANDIDATE,80:CD67:E0M1X1:C?:DBR??:C,RETURN,RTS $004D67,return target/status provenance deferred to V04C,
V03F00138,CANDIDATE,81:FD38:E0M1X1:C1:DBR??:C,RETURN,RTS $00FD38,return target/status provenance deferred to V04C,
V03F00139,CANDIDATE,80:FA30:E0M0X0:C0:DBR??:C,RETURN,RTS $007A30,return target/status provenance deferred to V04C,
V03F00140,CANDIDATE,80:FA30:E0M0X1:C0:DBR??:C,RETURN,RTS $007A30,return target/status provenance deferred to V04C,
V03F00141,CANDIDATE,80:FA30:E0M1X0:C0:DBR??:C,RETURN,RTS $007A30,return target/status provenance deferred to V04C,
V03F00142,CANDIDATE,80:FA30:E0M1X1:C0:DBR??:C,RETURN,RTS $007A30,return target/status provenance deferred to V04C,
V03F00143,CANDIDATE,80:83CD:E0M0X0:C?:DBR??:C,RETURN,RTS $0003CD,return target/status provenance deferred to V04C,
V03F00144,CANDIDATE,80:8317:E0M0X0:C?:DBR??:C,RETURN,RTS $000317,return target/status provenance deferred to V04C,
V03F00145,CANDIDATE,81:A78A:E0M0X0:C?:DBR??:C,RETURN,RTS $00A78A,return target/status provenance deferred to V04C,
V03F00146,PROVED,92:EFF0:E0M1X1:C?:DBR??:P,RETURN,RTL $096FF0,return target/status provenance deferred to V04C,
V03F00147,CANDIDATE,80:A1F9:E0M1X1:C?:DBR??:C,RETURN,RTL $0021F9,return target/status provenance deferred to V04C,
V03F00148,CANDIDATE,80:A443:E0M1X1:C?:DBR80:C,RETURN,RTS $002443,return target/status provenance deferred to V04C,
V03F00149,CANDIDATE,80:DCFD:E0M1X1:C?:DBR??:C,RETURN,RTS $005CFD,return target/status provenance deferred to V04C,
V03F00150,CANDIDATE,81:FD54:E0M1X1:C?:DBR??:C,RETURN,RTS $00FD54,return target/status provenance deferred to V04C,
V03F00151,CANDIDATE,80:CD7E:E0M1X1:C?:DBR??:C,RETURN,RTS $004D7E,return target/status provenance deferred to V04C,
V03F00152,CANDIDATE,81:DEB1:E0M0X0:C?:DBR??:C,RETURN,RTS $00DEB1,return target/status provenance deferred to V04C,
V03F00153,CANDIDATE,81:BDCD:E0M0X0:C?:DBR??:C,RETURN,RTS $00BDCD,return target/status provenance deferred to V04C,
V03F00154,CANDIDATE,81:BDC6:E0M0X0:C?:DBR??:C,RETURN,RTS $00BDC6,return target/status provenance deferred to V04C,
V03F00155,CANDIDATE,80:FB41:E0M1X1:C?:DBR??:C,RETURN,RTL $007B41,return target/status provenance deferred to V04C,
V03F00156,CANDIDATE,80:C319:E0M1X1:C?:DBR80:C,RETURN,RTS $004319,return target/status provenance deferred to V04C,
V03F00157,CANDIDATE,80:F985:E0M1X1:C?:DBR??:C,RETURN,RTL $007985,return target/status provenance deferred to V04C,
V03F00158,CANDIDATE,80:8379:E0M0X0:C?:DBR??:C,RETURN,RTS $000379,return target/status provenance deferred to V04C,
V03F00159,CANDIDATE,80:852B:E0M0X0:C?:DBR??:C,RETURN,RTL $00052B,return target/status provenance deferred to V04C,
V03F00160,CANDIDATE,80:FB47:E0M1X1:C?:DBR??:C,RETURN,RTS $007B47,return target/status provenance deferred to V04C,
V03F00161,CANDIDATE,80:CB33:E0M0X0:C?:DBR??:C,RETURN,RTS $004B33,return target/status provenance deferred to V04C,
V03F00162,CANDIDATE,80:A3C7:E0M1X1:C?:DBR??:C,RETURN,RTS $0023C7,return target/status provenance deferred to V04C,
V03F00163,CANDIDATE,81:AEF2:E0M1X1:C?:DBR??:C,RETURN,RTS $00AEF2,return target/status provenance deferred to V04C,
V03F00164,CANDIDATE,80:A414:E0M1X1:C?:DBR??:C,RETURN,RTS $002414,return target/status provenance deferred to V04C,
V03F00165,CANDIDATE,81:9E7A:E0M0X0:C?:DBR??:C,RETURN,RTS $009E7A,return target/status provenance deferred to V04C,
V03F00166,CANDIDATE,81:8053:E0M1X1:C?:DBR??:C,RETURN,RTL $008053,return target/status provenance deferred to V04C,
V03F00167,CANDIDATE,81:DEDC:E0M0X0:C?:DBR??:C,RETURN,RTS $00DEDC,return target/status provenance deferred to V04C,
V03F00168,CANDIDATE,81:FD0E:E0M1X1:C?:DBR??:C,RETURN,RTS $00FD0E,return target/status provenance deferred to V04C,
V03F00169,CANDIDATE,80:F93D:E0M1X1:C?:DBR??:C,STATUS_WIDTH,PLP $00793D,native PLP restores M/X from stack; V03C does not prove stack status producers,80:F93E
V03F00170,CANDIDATE,80:A44B:E0M1X1:C?:DBR??:C,RETURN,RTS $00244B,return target/status provenance deferred to V04C,
V03F00171,CANDIDATE,81:DFB5:E0M0X0:C?:DBR??:C,RETURN,RTS $00DFB5,return target/status provenance deferred to V04C,
V03F00172,CANDIDATE,81:B690:E0M1X1:C?:DBR??:C,RETURN,RTS $00B690,return target/status provenance deferred to V04C,
V03F00173,CANDIDATE,81:9C7F:E0M1X1:C?:DBR81:C,RETURN,RTS $009C7F,return target/status provenance deferred to V04C,
V03F00174,CANDIDATE,80:A219:E0M1X1:C?:DBR80:C,RETURN,RTS $002219,return target/status provenance deferred to V04C,
V03F00175,CANDIDATE,81:DF5F:E0M0X0:C1:DBR??:C,RETURN,RTS $00DF5F,return target/status provenance deferred to V04C,
V03F00176,CANDIDATE,80:F93F:E0M0X0:C?:DBR??:C,RETURN,RTS $00793F,return target/status provenance deferred to V04C,
V03F00177,CANDIDATE,80:F93F:E0M0X1:C?:DBR??:C,RETURN,RTS $00793F,return target/status provenance deferred to V04C,
V03F00178,CANDIDATE,80:F93F:E0M1X0:C?:DBR??:C,RETURN,RTS $00793F,return target/status provenance deferred to V04C,
V03F00179,CANDIDATE,80:F93F:E0M1X1:C?:DBR??:C,RETURN,RTS $00793F,return target/status provenance deferred to V04C,
V03F00180,CANDIDATE,80:833B:E0M0X0:C?:DBR??:C,RETURN,RTS $00033B,return target/status provenance deferred to V04C,
V03F00181,CANDIDATE,80:CB52:E0M0X0:C?:DBR??:C,RETURN,RTS $004B52,return target/status provenance deferred to V04C,
V03F00182,CANDIDATE,80:CB45:E0M0X0:C?:DBR??:C,RETURN,RTS $004B45,return target/status provenance deferred to V04C,
V03F00183,CANDIDATE,92:F2A6:E0M1X1:C?:DBR??:C,RETURN,RTL $0972A6,return target/status provenance deferred to V04C,
V03F00184,CANDIDATE,81:9CF1:E0M1X1:C?:DBR??:C,RETURN,RTS $009CF1,return target/status provenance deferred to V04C,
V03F00185,CANDIDATE,81:DDFF:E0M0X0:C?:DBR??:C,RETURN,RTS $00DDFF,return target/status provenance deferred to V04C,
V03F00186,CANDIDATE,81:A7A9:E0M1X1:C?:DBR??:C,RETURN,RTS $00A7A9,return target/status provenance deferred to V04C,
V03F00187,CANDIDATE,81:B629:E0M1X1:C?:DBR??:C,RETURN,RTS $00B629,return target/status provenance deferred to V04C,
V03F00188,CANDIDATE,80:C065:E0M1X1:C?:DBR??:C,RETURN,RTS $004065,return target/status provenance deferred to V04C,
V03F00189,CANDIDATE,80:CAE3:E0M0X0:C?:DBR??:C,RETURN,RTS $004AE3,return target/status provenance deferred to V04C,
V03F00190,CANDIDATE,80:CA91:E0M0X0:C?:DBR??:C,RETURN,RTS $004A91,return target/status provenance deferred to V04C,
V03F00191,CANDIDATE,81:9F9C:E0M1X1:C?:DBR??:C,RETURN,RTS $009F9C,return target/status provenance deferred to V04C,
V03F00192,CANDIDATE,81:DEF8:E0M0X0:C?:DBR??:C,RETURN,RTS $00DEF8,return target/status provenance deferred to V04C,
V03F00193,CANDIDATE,92:FB1A:E0M1X1:C?:DBR??:C,RETURN,RTL $097B1A,return target/status provenance deferred to V04C,
V03F00194,CANDIDATE,80:B06E:E0M1X1:C?:DBR??:C,RETURN,RTS $00306E,return target/status provenance deferred to V04C,
V03F00195,CANDIDATE,81:B5C8:E0M1X1:C?:DBR??:C,RETURN,RTS $00B5C8,return target/status provenance deferred to V04C,
V03F00196,CANDIDATE,80:C989:E0M0X0:C?:DBR??:C,RETURN,RTS $004989,return target/status provenance deferred to V04C,
V03F00197,CANDIDATE,81:806C:E0M1X1:C?:DBR??:C,RETURN,RTS $00806C,return target/status provenance deferred to V04C,
V03F00198,CANDIDATE,80:CD8E:E0M1X1:C?:DBR??:C,RETURN,RTL $004D8E,return target/status provenance deferred to V04C,
V03F00199,CANDIDATE,81:B29A:E0M1X1:C?:DBR??:C,RETURN,RTS $00B29A,return target/status provenance deferred to V04C,
V03F00200,CANDIDATE,80:A39F:E0M1X1:C?:DBR??:C,RETURN,RTS $00239F,return target/status provenance deferred to V04C,
V03F00201,CANDIDATE,80:C74E:E0M1X1:C?:DBR??:C,RETURN,RTS $00474E,return target/status provenance deferred to V04C,
V03F00202,CANDIDATE,80:C9BF:E0M0X0:C?:DBR??:C,RETURN,RTS $0049BF,return target/status provenance deferred to V04C,
V03F00203,CANDIDATE,80:D78C:E0M0X0:C?:DBR??:C,RETURN,RTS $00578C,return target/status provenance deferred to V04C,
V03F00204,CANDIDATE,81:AE20:E0M1X1:C?:DBR??:C,RETURN,RTS $00AE20,return target/status provenance deferred to V04C,
V03F00205,CANDIDATE,81:B3D1:E0M1X1:C?:DBR??:C,RETURN,RTS $00B3D1,return target/status provenance deferred to V04C,
V03F00206,CANDIDATE,80:DD5E:E0M0X0:C?:DBR??:C,RETURN,RTS $005D5E,return target/status provenance deferred to V04C,
V03F00207,CANDIDATE,80:D5C5:E0M1X1:C?:DBR??:C,RETURN,RTS $0055C5,return target/status provenance deferred to V04C,
V03F00208,CANDIDATE,80:C363:E0M1X1:C?:DBR??:C,RETURN,RTL $004363,return target/status provenance deferred to V04C,
V03F00209,CANDIDATE,80:FAE8:E0M0X0:C?:DBR??:C,STATUS_WIDTH,PLP $007AE8,native PLP restores M/X from stack; V03C does not prove stack status producers,80:FAE9
V03F00210,CANDIDATE,81:A84C:E0M1X1:C?:DBR??:C,RETURN,RTS $00A84C,return target/status provenance deferred to V04C,
V03F00211,CANDIDATE,80:CB96:E0M1X1:C?:DBR??:C,RETURN,RTS $004B96,return target/status provenance deferred to V04C,
V03F00212,CANDIDATE,80:CAAD:E0M0X0:C?:DBR??:C,RETURN,RTS $004AAD,return target/status provenance deferred to V04C,
V03F00213,CANDIDATE,81:FB31:E0M1X1:C?:DBR??:C,DYNAMIC_TARGET,JMP/ABS_X_IND $00FB31,indirect jump target set requires producer/consumer proof in V04C,
V03F00214,CANDIDATE,80:FAE9:E0M0X0:C?:DBR??:C,RETURN,RTS $007AE9,return target/status provenance deferred to V04C,
V03F00215,CANDIDATE,80:FAE9:E0M0X1:C?:DBR??:C,RETURN,RTS $007AE9,return target/status provenance deferred to V04C,
V03F00216,CANDIDATE,80:FAE9:E0M1X0:C?:DBR??:C,RETURN,RTS $007AE9,return target/status provenance deferred to V04C,
V03F00217,CANDIDATE,80:FAE9:E0M1X1:C?:DBR??:C,RETURN,RTS $007AE9,return target/status provenance deferred to V04C,
V03F00218,CANDIDATE,81:F807:E0M1X1:C?:DBR??:C,RETURN,RTS $00F807,return target/status provenance deferred to V04C,
V03F00219,CANDIDATE,81:F6AB:E0M1X1:C?:DBR??:C,RETURN,RTS $00F6AB,return target/status provenance deferred to V04C,
V03F00220,CANDIDATE,80:CD15:E0M0X0:C?:DBR??:C,RETURN,RTS $004D15,return target/status provenance deferred to V04C,
V03F00221,CANDIDATE,80:D469:E0M0X0:C?:DBR??:C,RETURN,RTS $005469,return target/status provenance deferred to V04C,
V03F00222,CANDIDATE,80:B11D:E0M1X1:C?:DBR??:C,RETURN,RTS $00311D,return target/status provenance deferred to V04C,
V03F00223,CANDIDATE,81:9E4F:E0M0X0:C?:DBR??:C,RETURN,RTS $009E4F,return target/status provenance deferred to V04C,
V03F00224,CANDIDATE,80:DC31:E0M0X0:C?:DBR??:C,STATUS_WIDTH,PLP $005C31,native PLP restores M/X from stack; V03C does not prove stack status producers,80:DC32
V03F00225,CANDIDATE,81:C93F:E0M1X1:C?:DBR??:C,RETURN,RTS $00C93F,return target/status provenance deferred to V04C,
V03F00226,CANDIDATE,81:A86C:E0M1X1:C?:DBR??:C,RETURN,RTS $00A86C,return target/status provenance deferred to V04C,
V03F00227,CANDIDATE,81:B0CF:E0M1X1:C?:DBR??:C,RETURN,RTS $00B0CF,return target/status provenance deferred to V04C,
V03F00228,CANDIDATE,80:CA3A:E0M1X1:C?:DBR??:C,RETURN,RTS $004A3A,return target/status provenance deferred to V04C,
V03F00229,CANDIDATE,80:DC32:E0M0X0:C?:DBR??:C,RETURN,RTS $005C32,return target/status provenance deferred to V04C,
V03F00230,CANDIDATE,80:DC32:E0M0X1:C?:DBR??:C,RETURN,RTS $005C32,return target/status provenance deferred to V04C,
V03F00231,CANDIDATE,80:DC32:E0M1X0:C?:DBR??:C,RETURN,RTS $005C32,return target/status provenance deferred to V04C,
V03F00232,CANDIDATE,80:DC32:E0M1X1:C?:DBR??:C,RETURN,RTS $005C32,return target/status provenance deferred to V04C,
V03F00233,CANDIDATE,80:9143:E0M1X1:C?:DBR??:C,RETURN,RTS $001143,return target/status provenance deferred to V04C,
V03F00234,CANDIDATE,80:E3E7:E0M1X1:C?:DBR??:C,RETURN,RTS $0063E7,return target/status provenance deferred to V04C,
V03F00235,CANDIDATE,80:E3F2:E0M1X1:C?:DBR??:C,RETURN,RTS $0063F2,return target/status provenance deferred to V04C,
V03F00236,CANDIDATE,80:8BEE:E0M1X1:C?:DBR??:C,RETURN,RTS $000BEE,return target/status provenance deferred to V04C,
V03F00237,CANDIDATE,81:9CAD:E0M1X1:C?:DBR??:C,RETURN,RTS $009CAD,return target/status provenance deferred to V04C,
V03F00238,CANDIDATE,81:B173:E0M0X0:C?:DBR??:C,RETURN,RTS $00B173,return target/status provenance deferred to V04C,
V03F00239,CANDIDATE,80:D4A4:E0M0X0:C?:DBR??:C,RETURN,RTL $0054A4,return target/status provenance deferred to V04C,
V03F00240,CANDIDATE,80:A219:E0M1X1:C?:DBR??:C,RETURN,RTS $002219,return target/status provenance deferred to V04C,
V03F00241,CANDIDATE,80:E4D3:E0M1X1:C?:DBR??:C,RETURN,RTS $0064D3,return target/status provenance deferred to V04C,
V03F00242,CANDIDATE,80:839A:E0M0X0:C?:DBR??:C,RETURN,RTS $00039A,return target/status provenance deferred to V04C,
V03F00243,CANDIDATE,80:D5AC:E0M1X1:C?:DBR??:C,RETURN,RTS $0055AC,return target/status provenance deferred to V04C,
V03F00244,CANDIDATE,80:CC41:E0M1X1:C?:DBR??:C,RETURN,RTS $004C41,return target/status provenance deferred to V04C,
V03F00245,CANDIDATE,80:DD64:E0M1X1:C?:DBR??:C,RETURN,RTS $005D64,return target/status provenance deferred to V04C,
V03F00246,CANDIDATE,81:F71B:E0M1X1:C0:DBR??:C,RETURN,RTS $00F71B,return target/status provenance deferred to V04C,
V03F00247,CANDIDATE,80:A289:E0M0X0:C?:DBR??:C,RETURN,RTL $002289,return target/status provenance deferred to V04C,
V03F00248,CANDIDATE,80:B028:E0M1X1:C?:DBR??:C,RETURN,RTS $003028,return target/status provenance deferred to V04C,
V03F00249,CANDIDATE,80:C076:E0M1X1:C?:DBR??:C,RETURN,RTS $004076,return target/status provenance deferred to V04C,
V03F00250,CANDIDATE,81:CB53:E0M1X1:C?:DBR??:C,RETURN,RTS $00CB53,return target/status provenance deferred to V04C,
V03F00251,CANDIDATE,81:F700:E0M1X1:C0:DBR??:C,RETURN,RTS $00F700,return target/status provenance deferred to V04C,
V03F00252,CANDIDATE,80:A343:E0M0X0:C?:DBR??:C,RETURN,RTL $002343,return target/status provenance deferred to V04C,
V03F00253,CANDIDATE,81:9137:E0M1X1:C?:DBR??:C,RETURN,RTS $009137,return target/status provenance deferred to V04C,
V03F00254,CANDIDATE,80:C08A:E0M0X0:C?:DBR??:C,RETURN,RTS $00408A,return target/status provenance deferred to V04C,
V03F00255,CANDIDATE,81:C9C5:E0M1X1:C1:DBR??:C,RETURN,RTS $00C9C5,return target/status provenance deferred to V04C,
V03F00256,CANDIDATE,81:F6F6:E0M1X1:C0:DBR??:C,RETURN,RTS $00F6F6,return target/status provenance deferred to V04C,
V03F00257,CANDIDATE,81:AA10:E0M1X1:C?:DBR??:C,RETURN,RTS $00AA10,return target/status provenance deferred to V04C,
V03F00258,CANDIDATE,81:A669:E0M1X1:C?:DBR??:C,RETURN,RTS $00A669,return target/status provenance deferred to V04C,
V03F00259,CANDIDATE,80:A443:E0M1X1:C?:DBR??:C,RETURN,RTS $002443,return target/status provenance deferred to V04C,
V03F00260,CANDIDATE,80:AFAC:E0M1X1:C?:DBR??:C,RETURN,RTS $002FAC,return target/status provenance deferred to V04C,
V03F00261,CANDIDATE,80:C142:E0M0X0:C?:DBR??:C,RETURN,RTS $004142,return target/status provenance deferred to V04C,
V03F00262,CANDIDATE,80:F929:E0M1X1:C?:DBR??:C,RETURN,RTL $007929,return target/status provenance deferred to V04C,
V03F00263,CANDIDATE,81:F713:E0M1X1:C?:DBR??:C,RETURN,RTS $00F713,return target/status provenance deferred to V04C,
V03F00264,CANDIDATE,81:F626:E0M1X1:C0:DBR??:C,RETURN,RTS $00F626,return target/status provenance deferred to V04C,
V03F00265,CANDIDATE,81:F55E:E0M1X1:C?:DBR??:C,RETURN,RTS $00F55E,return target/status provenance deferred to V04C,
V03F00266,CANDIDATE,80:A2E6:E0M0X0:C?:DBR??:C,RETURN,RTL $0022E6,return target/status provenance deferred to V04C,
V03F00267,CANDIDATE,80:A225:E0M0X0:C?:DBR??:C,RETURN,RTL $002225,return target/status provenance deferred to V04C,
V03F00268,CANDIDATE,81:A7D0:E0M1X1:C?:DBR??:C,RETURN,RTS $00A7D0,return target/status provenance deferred to V04C,
V03F00269,CANDIDATE,81:B0F1:E0M1X1:C?:DBR??:C,RETURN,RTS $00B0F1,return target/status provenance deferred to V04C,
V03F00270,CANDIDATE,80:CA66:E0M0X0:C?:DBR??:C,RETURN,RTS $004A66,return target/status provenance deferred to V04C,
V03F00271,CANDIDATE,80:FB6F:E0M1X1:C?:DBR??:C,RETURN,RTL $007B6F,return target/status provenance deferred to V04C,
V03F00272,CANDIDATE,80:F9A3:E0M1X1:C?:DBR??:C,STATUS_WIDTH,PLP $0079A3,native PLP restores M/X from stack; V03C does not prove stack status producers,80:F9A4
V03F00273,CANDIDATE,80:8C15:E0M1X1:C?:DBR??:C,RETURN,RTS $000C15,return target/status provenance deferred to V04C,
V03F00274,CANDIDATE,80:F9A4:E0M0X0:C?:DBR??:C,RETURN,RTS $0079A4,return target/status provenance deferred to V04C,
V03F00275,CANDIDATE,80:F9A4:E0M0X1:C?:DBR??:C,RETURN,RTS $0079A4,return target/status provenance deferred to V04C,
V03F00276,CANDIDATE,80:F9A4:E0M1X0:C?:DBR??:C,RETURN,RTS $0079A4,return target/status provenance deferred to V04C,
V03F00277,CANDIDATE,80:F9A4:E0M1X1:C?:DBR??:C,RETURN,RTS $0079A4,return target/status provenance deferred to V04C,
V03F00278,CANDIDATE,81:9FAD:E0M1X1:C?:DBR??:C,RETURN,RTS $009FAD,return target/status provenance deferred to V04C,
V03F00279,CANDIDATE,81:B5B2:E0M1X1:C?:DBR??:C,RETURN,RTS $00B5B2,return target/status provenance deferred to V04C,
V03F00280,CANDIDATE,81:B539:E0M1X1:C?:DBR??:C,RETURN,RTS $00B539,return target/status provenance deferred to V04C,
V03F00281,CANDIDATE,80:B0B0:E0M1X1:C?:DBR??:C,RETURN,RTS $0030B0,return target/status provenance deferred to V04C,
V03F00282,CANDIDATE,80:B059:E0M1X1:C?:DBR??:C,RETURN,RTS $003059,return target/status provenance deferred to V04C,
V03F00283,CANDIDATE,80:DDD4:E0M1X1:C?:DBR??:C,RETURN,RTS $005DD4,return target/status provenance deferred to V04C,
V03F00284,CANDIDATE,81:C73A:E0M1X1:C?:DBR??:C,RETURN,RTS $00C73A,return target/status provenance deferred to V04C,
V03F00285,CANDIDATE,81:CF69:E0M1X1:C?:DBR??:C,RETURN,RTS $00CF69,return target/status provenance deferred to V04C,
V03F00286,CANDIDATE,81:B55D:E0M1X1:C?:DBR??:C,RETURN,RTS $00B55D,return target/status provenance deferred to V04C,
V03F00287,CANDIDATE,80:CCF1:E0M0X0:C?:DBR??:C,RETURN,RTS $004CF1,return target/status provenance deferred to V04C,
V03F00288,CANDIDATE,80:AFC8:E0M1X1:C?:DBR??:C,RETURN,RTS $002FC8,return target/status provenance deferred to V04C,
V03F00289,CANDIDATE,80:AF90:E0M1X1:C?:DBR??:C,RETURN,RTS $002F90,return target/status provenance deferred to V04C,
V03F00290,CANDIDATE,80:B114:E0M1X1:C?:DBR??:C,RETURN,RTS $003114,return target/status provenance deferred to V04C,
V03F00291,CANDIDATE,80:90A4:E0M1X1:C?:DBR??:C,RETURN,RTS $0010A4,return target/status provenance deferred to V04C,
V03F00292,CANDIDATE,80:936F:E0M1X1:C?:DBR??:C,RETURN,RTS $00136F,return target/status provenance deferred to V04C,
V03F00293,CANDIDATE,80:DE14:E0M1X1:C?:DBR??:C,RETURN,RTS $005E14,return target/status provenance deferred to V04C,
V03F00294,CANDIDATE,80:C319:E0M1X1:C?:DBR??:C,RETURN,RTS $004319,return target/status provenance deferred to V04C,
V03F00295,CANDIDATE,80:C196:E0M0X0:C?:DBR??:C,RETURN,RTS $004196,return target/status provenance deferred to V04C,
V03F00296,CANDIDATE,81:A81C:E0M1X1:C?:DBR??:C,RETURN,RTS $00A81C,return target/status provenance deferred to V04C,
V03F00297,CANDIDATE,80:FB55:E0M1X1:C?:DBR??:C,RETURN,RTL $007B55,return target/status provenance deferred to V04C,
V03F00298,CANDIDATE,81:9D30:E0M1X1:C0:DBR??:C,RETURN,RTS $009D30,return target/status provenance deferred to V04C,
V03F00299,CANDIDATE,80:C8D1:E0M1X1:C?:DBR??:C,RETURN,RTS $0048D1,return target/status provenance deferred to V04C,
V03F00300,CANDIDATE,80:FBA4:E0M1X1:C?:DBR80:C,RETURN,RTS $007BA4,return target/status provenance deferred to V04C,
V03F00301,CANDIDATE,81:FB1E:E0M0X0:C?:DBR??:C,RETURN,RTS $00FB1E,return target/status provenance deferred to V04C,
V03F00302,CANDIDATE,81:C6D7:E0M1X1:C?:DBR??:C,RETURN,RTS $00C6D7,return target/status provenance deferred to V04C,
V03F00303,CANDIDATE,81:F675:E0M1X1:C?:DBR??:C,RETURN,RTS $00F675,return target/status provenance deferred to V04C,
V03F00304,CANDIDATE,81:B608:E0M1X1:C?:DBR??:C,RETURN,RTS $00B608,return target/status provenance deferred to V04C,
V03F00305,CANDIDATE,80:A337:E0M0X0:C?:DBR??:C,RETURN,RTS $002337,return target/status provenance deferred to V04C,
V03F00306,CANDIDATE,80:E38E:E0M0X0:C1:DBR??:C,RETURN,RTS $00638E,return target/status provenance deferred to V04C,
V03F00307,CANDIDATE,80:FC1A:E0M1X1:C?:DBR??:C,STATUS_WIDTH,PLP $007C1A,native PLP restores M/X from stack; V03C does not prove stack status producers,80:FC1B
V03F00308,CANDIDATE,81:C9C3:E0M1X1:C0:DBR??:C,RETURN,RTS $00C9C3,return target/status provenance deferred to V04C,
V03F00309,CANDIDATE,81:F624:E0M1X1:C1:DBR??:C,RETURN,RTS $00F624,return target/status provenance deferred to V04C,
V03F00310,CANDIDATE,92:EEC6:E0M0X0:C?:DBR??:C,STATUS_WIDTH,PLP $096EC6,native PLP restores M/X from stack; V03C does not prove stack status producers,92:EEC7
V03F00311,CANDIDATE,80:FB5B:E0M1X1:C?:DBR??:C,RETURN,RTS $007B5B,return target/status provenance deferred to V04C,
V03F00312,CANDIDATE,80:FC1B:E0M0X0:C?:DBR??:C,RETURN,RTS $007C1B,return target/status provenance deferred to V04C,
V03F00313,CANDIDATE,80:FC1B:E0M0X1:C?:DBR??:C,RETURN,RTS $007C1B,return target/status provenance deferred to V04C,
V03F00314,CANDIDATE,80:FC1B:E0M1X0:C?:DBR??:C,RETURN,RTS $007C1B,return target/status provenance deferred to V04C,
V03F00315,CANDIDATE,80:FC1B:E0M1X1:C?:DBR??:C,RETURN,RTS $007C1B,return target/status provenance deferred to V04C,
V03F00316,CANDIDATE,81:F82F:E0M1X1:C?:DBR??:C,RETURN,RTS $00F82F,return target/status provenance deferred to V04C,
V03F00317,CANDIDATE,81:F537:E0M1X1:C?:DBR??:C,RETURN,RTS $00F537,return target/status provenance deferred to V04C,
V03F00318,CANDIDATE,92:EEC7:E0M0X0:C?:DBR??:C,RETURN,RTL $096EC7,return target/status provenance deferred to V04C,
V03F00319,CANDIDATE,92:EEC7:E0M0X1:C?:DBR??:C,RETURN,RTL $096EC7,return target/status provenance deferred to V04C,
V03F00320,CANDIDATE,92:EEC7:E0M1X0:C?:DBR??:C,RETURN,RTL $096EC7,return target/status provenance deferred to V04C,
V03F00321,CANDIDATE,92:EEC7:E0M1X1:C?:DBR??:C,RETURN,RTL $096EC7,return target/status provenance deferred to V04C,
V03F00322,CANDIDATE,81:BEEE:E0M0X0:C?:DBR??:C,RETURN,RTS $00BEEE,return target/status provenance deferred to V04C,
V03F00323,CANDIDATE,81:B52B:E0M1X1:C?:DBR??:C,RETURN,RTS $00B52B,return target/status provenance deferred to V04C,
V03F00324,CANDIDATE,81:C594:E0M1X1:C?:DBR??:C,RETURN,RTL $00C594,return target/status provenance deferred to V04C,
V03F00325,CANDIDATE,80:DC5C:E0M0X0:C?:DBR??:C,STATUS_WIDTH,PLP $005C5C,native PLP restores M/X from stack; V03C does not prove stack status producers,80:DC5D
V03F00326,CANDIDATE,80:C0CE:E0M0X0:C?:DBR??:C,RETURN,RTS $0040CE,return target/status provenance deferred to V04C,
V03F00327,CANDIDATE,81:D8A3:E0M1X1:C?:DBR??:C,RETURN,RTS $00D8A3,return target/status provenance deferred to V04C,
V03F00328,CANDIDATE,81:A000:E0M1X1:C?:DBR??:C,RETURN,RTS $00A000,return target/status provenance deferred to V04C,
V03F00329,CANDIDATE,81:BF5C:E0M0X0:C?:DBR??:C,RETURN,RTS $00BF5C,return target/status provenance deferred to V04C,
V03F00330,CANDIDATE,80:DC5D:E0M0X0:C?:DBR??:C,RETURN,RTS $005C5D,return target/status provenance deferred to V04C,
V03F00331,CANDIDATE,80:DC5D:E0M0X1:C?:DBR??:C,RETURN,RTS $005C5D,return target/status provenance deferred to V04C,
V03F00332,CANDIDATE,80:DC5D:E0M1X0:C?:DBR??:C,RETURN,RTS $005C5D,return target/status provenance deferred to V04C,
V03F00333,CANDIDATE,80:DC5D:E0M1X1:C?:DBR??:C,RETURN,RTS $005C5D,return target/status provenance deferred to V04C,
V03F00334,CANDIDATE,81:F585:E0M1X1:C?:DBR??:C,RETURN,RTS $00F585,return target/status provenance deferred to V04C,
V03F00335,CANDIDATE,81:C71D:E0M1X1:C?:DBR??:C,RETURN,RTS $00C71D,return target/status provenance deferred to V04C,
V03F00336,CANDIDATE,81:9FEE:E0M1X1:C?:DBR??:C,RETURN,RTS $009FEE,return target/status provenance deferred to V04C,
V03F00337,CANDIDATE,81:B420:E0M0X0:C?:DBR??:C,RETURN,RTS $00B420,return target/status provenance deferred to V04C,
V03F00338,CANDIDATE,80:F804:E0M0X0:C0:DBR??:C,RETURN,RTS $007804,return target/status provenance deferred to V04C,
V03F00339,CANDIDATE,80:E56C:E0M1X1:C?:DBR??:C,RETURN,RTS $00656C,return target/status provenance deferred to V04C,
V03F00340,CANDIDATE,80:C167:E0M0X0:C?:DBR??:C,RETURN,RTS $004167,return target/status provenance deferred to V04C,
V03F00341,CANDIDATE,80:C903:E0M0X0:C?:DBR??:C,RETURN,RTS $004903,return target/status provenance deferred to V04C,
V03F00342,CANDIDATE,81:C868:E0M1X1:C?:DBR??:C,RETURN,RTS $00C868,return target/status provenance deferred to V04C,
V03F00343,CANDIDATE,81:CB46:E0M1X1:C?:DBR??:C,DYNAMIC_TARGET,JSR/ABS_X_IND $00CB46,indexed/indirect call target set deferred to V04C,
V03F00344,CANDIDATE,80:85B5:E0M0X0:C?:DBR??:C,RETURN,RTS $0005B5,return target/status provenance deferred to V04C,
V03F00345,CANDIDATE,81:A74F:E0M1X1:C?:DBR??:C,RETURN,RTS $00A74F,return target/status provenance deferred to V04C,
V03F00346,CANDIDATE,81:BD43:E0M1X1:C?:DBR??:C,RETURN,RTS $00BD43,return target/status provenance deferred to V04C,
V03F00347,CANDIDATE,80:8458:E0M0X0:C?:DBR??:C,RETURN,RTS $000458,return target/status provenance deferred to V04C,
V03F00348,CANDIDATE,81:9D0B:E0M1X1:C1:DBR??:C,RETURN,RTS $009D0B,return target/status provenance deferred to V04C,
V03F00349,CANDIDATE,81:B556:E0M1X1:C?:DBR??:C,RETURN,RTS $00B556,return target/status provenance deferred to V04C,
V03F00350,CANDIDATE,80:90B2:E0M1X1:C?:DBR??:C,RETURN,RTS $0010B2,return target/status provenance deferred to V04C,
V03F00351,CANDIDATE,80:DD95:E0M1X1:C?:DBR??:C,RETURN,RTS $005D95,return target/status provenance deferred to V04C,
V03F00352,CANDIDATE,81:C70E:E0M1X1:C?:DBR??:C,RETURN,RTS $00C70E,return target/status provenance deferred to V04C,
V03F00353,CANDIDATE,81:9D2A:E0M1X1:C1:DBR??:C,RETURN,RTS $009D2A,return target/status provenance deferred to V04C,
V03F00354,CANDIDATE,80:B0BD:E0M1X1:C?:DBR??:C,RETURN,RTS $0030BD,return target/status provenance deferred to V04C,
V03F00355,CANDIDATE,81:C3F7:E0M1X1:C?:DBR??:C,RETURN,RTL $00C3F7,return target/status provenance deferred to V04C,
V03F00356,CANDIDATE,80:C87C:E0M1X1:C?:DBR??:C,RETURN,RTS $00487C,return target/status provenance deferred to V04C,
V03F00357,CANDIDATE,81:9DA6:E0M1X0:C?:DBR??:C,STATUS_WIDTH,PLP $009DA6,native PLP restores M/X from stack; V03C does not prove stack status producers,81:9DA7
V03F00358,CANDIDATE,81:9DA3:E0M1X0:C?:DBR??:C,STATUS_WIDTH,PLP $009DA3,native PLP restores M/X from stack; V03C does not prove stack status producers,81:9DA4
V03F00359,CANDIDATE,81:A00C:E0M1X1:C?:DBR??:C,RETURN,RTS $00A00C,return target/status provenance deferred to V04C,
V03F00360,CANDIDATE,81:F6A3:E0M1X1:C?:DBR??:C,RETURN,RTS $00F6A3,return target/status provenance deferred to V04C,
V03F00361,CANDIDATE,81:BD51:E0M1X1:C?:DBR??:C,RETURN,RTS $00BD51,return target/status provenance deferred to V04C,
V03F00362,CANDIDATE,80:8C99:E0M1X1:C?:DBR??:C,RETURN,RTS $000C99,return target/status provenance deferred to V04C,
V03F00363,CANDIDATE,81:CBDA:E0M1X1:C?:DBR??:C,RETURN,RTS $00CBDA,return target/status provenance deferred to V04C,
V03F00364,CANDIDATE,81:F835:E0M1X1:C?:DBR??:C,RETURN,RTS $00F835,return target/status provenance deferred to V04C,
V03F00365,CANDIDATE,81:F5EC:E0M1X1:C?:DBR??:C,RETURN,RTS $00F5EC,return target/status provenance deferred to V04C,
V03F00366,CANDIDATE,81:9D23:E0M1X1:C1:DBR??:C,RETURN,RTS $009D23,return target/status provenance deferred to V04C,
V03F00367,CANDIDATE,81:C584:E0M1X1:C?:DBR??:C,RETURN,RTS $00C584,return target/status provenance deferred to V04C,
V03F00368,CANDIDATE,80:D75A:E0M0X0:C?:DBR??:C,RETURN,RTS $00575A,return target/status provenance deferred to V04C,
V03F00369,CANDIDATE,81:FA95:E0M1X1:C?:DBR??:C,RETURN,RTS $00FA95,return target/status provenance deferred to V04C,
V03F00370,CANDIDATE,80:84EC:E0M1X0:C?:DBR??:C,RETURN,RTS $0004EC,return target/status provenance deferred to V04C,
V03F00371,CANDIDATE,81:A017:E0M1X1:C?:DBR??:C,RETURN,RTS $00A017,return target/status provenance deferred to V04C,
V03F00372,CANDIDATE,81:C276:E0M0X0:C?:DBR??:C,RETURN,RTS $00C276,return target/status provenance deferred to V04C,
V03F00373,CANDIDATE,81:B32E:E0M0X0:C?:DBR??:C,RETURN,RTS $00B32E,return target/status provenance deferred to V04C,
V03F00374,CANDIDATE,80:85B5:E0M0X0:C?:DBR80:C,RETURN,RTS $0005B5,return target/status provenance deferred to V04C,
V03F00375,CANDIDATE,81:9FDC:E0M1X1:C?:DBR??:C,RETURN,RTS $009FDC,return target/status provenance deferred to V04C,
V03F00376,CANDIDATE,81:F6EE:E0M1X1:C0:DBR??:C,RETURN,RTS $00F6EE,return target/status provenance deferred to V04C,
V03F00377,CANDIDATE,81:90FF:E0M0X0:C?:DBR??:C,RETURN,RTS $0090FF,return target/status provenance deferred to V04C,
V03F00378,CANDIDATE,81:BD5F:E0M1X1:C?:DBR??:C,RETURN,RTS $00BD5F,return target/status provenance deferred to V04C,
V03F00379,CANDIDATE,80:CE7E:E0M1X1:C?:DBR??:C,RETURN,RTS $004E7E,return target/status provenance deferred to V04C,
V03F00380,CANDIDATE,80:B34D:E0M1X1:C?:DBR??:C,RETURN,RTS $00334D,return target/status provenance deferred to V04C,
V03F00381,CANDIDATE,80:B34A:E0M1X1:C?:DBR??:C,RETURN,RTS $00334A,return target/status provenance deferred to V04C,
V03F00382,CANDIDATE,81:DE77:E0M0X0:C?:DBR??:C,RETURN,RTL $00DE77,return target/status provenance deferred to V04C,
V03F00383,CANDIDATE,80:84F6:E0M1X0:C?:DBR??:C,RETURN,RTS $0004F6,return target/status provenance deferred to V04C,
V03F00384,CANDIDATE,81:9FC5:E0M1X1:C?:DBR??:C,RETURN,RTS $009FC5,return target/status provenance deferred to V04C,
V03F00385,CANDIDATE,81:A024:E0M1X1:C?:DBR??:C,RETURN,RTS $00A024,return target/status provenance deferred to V04C,
V03F00386,CANDIDATE,81:F77C:E0M1X1:C1:DBR??:C,RETURN,RTS $00F77C,return target/status provenance deferred to V04C,
V03F00387,CANDIDATE,81:F7ED:E0M1X1:C1:DBR??:C,RETURN,RTS $00F7ED,return target/status provenance deferred to V04C,
V03F00388,CANDIDATE,80:F9F5:E0M1X1:C?:DBR??:C,RETURN,RTL $0079F5,return target/status provenance deferred to V04C,
V03F00389,CANDIDATE,81:B3A5:E0M0X0:C?:DBR??:C,RETURN,RTS $00B3A5,return target/status provenance deferred to V04C,
V03F00390,CANDIDATE,80:F903:E0M1X1:C?:DBR??:C,RETURN,RTL $007903,return target/status provenance deferred to V04C,
V03F00391,CANDIDATE,81:9038:E0M1X1:C?:DBR??:C,RETURN,RTS $009038,return target/status provenance deferred to V04C,
V03F00392,CANDIDATE,80:FBA4:E0M1X1:C?:DBR??:C,RETURN,RTS $007BA4,return target/status provenance deferred to V04C,
V03F00393,CANDIDATE,80:B0CA:E0M1X1:C?:DBR??:C,RETURN,RTS $0030CA,return target/status provenance deferred to V04C,
V03F00394,CANDIDATE,80:C141:E0M0X0:C?:DBR??:C,RETURN,RTS $004141,return target/status provenance deferred to V04C,
V03F00395,CANDIDATE,80:BD54:E0M1X1:C?:DBR??:C,RETURN,RTS $003D54,return target/status provenance deferred to V04C,
V03F00396,CANDIDATE,81:FD5A:E0M1X1:C?:DBR??:C,DYNAMIC_TARGET,JMP/ABS_X_IND $00FD5A,indirect jump target set requires producer/consumer proof in V04C,
V03F00397,CANDIDATE,81:F9B5:E0M1X1:C?:DBR??:C,RETURN,RTS $00F9B5,return target/status provenance deferred to V04C,
V03F00398,CANDIDATE,81:F5BC:E0M1X1:C?:DBR??:C,RETURN,RTS $00F5BC,return target/status provenance deferred to V04C,
V03F00399,CANDIDATE,81:A7F3:E0M1X1:C?:DBR??:C,RETURN,RTS $00A7F3,return target/status provenance deferred to V04C,
V03F00400,CANDIDATE,81:C28A:E0M0X0:C?:DBR??:C,RETURN,RTS $00C28A,return target/status provenance deferred to V04C,
V03F00401,CANDIDATE,81:B082:E0M1X1:C?:DBR??:C,RETURN,RTS $00B082,return target/status provenance deferred to V04C,
V03F00402,CANDIDATE,81:DD32:E0M0X0:C?:DBR??:C,RETURN,RTS $00DD32,return target/status provenance deferred to V04C,
V03F00403,CANDIDATE,9F:FCB2:E0M1X1:C?:DBR??:C,RETURN,RTL $0FFCB2,return target/status provenance deferred to V04C,
V03F00404,CANDIDATE,81:F860:E0M1X1:C?:DBR??:C,RETURN,RTS $00F860,return target/status provenance deferred to V04C,
V03F00405,CANDIDATE,81:C255:E0M0X0:C?:DBR??:C,RETURN,RTS $00C255,return target/status provenance deferred to V04C,
V03F00406,CANDIDATE,81:DD61:E0M0X0:C?:DBR??:C,RETURN,RTS $00DD61,return target/status provenance deferred to V04C,
V03F00407,CANDIDATE,80:FB66:E0M1X0:C?:DBR80:C,STATUS_WIDTH,PLP $007B66,native PLP restores M/X from stack; V03C does not prove stack status producers,80:FB67
V03F00408,CANDIDATE,80:B0DA:E0M1X1:C?:DBR??:C,RETURN,RTS $0030DA,return target/status provenance deferred to V04C,
V03F00409,CANDIDATE,80:9445:E0M1X1:C?:DBR??:C,RETURN,RTS $001445,return target/status provenance deferred to V04C,
V03F00410,CANDIDATE,80:CAD8:E0M0X0:C?:DBR??:C,RETURN,RTS $004AD8,return target/status provenance deferred to V04C,
V03F00411,CANDIDATE,80:FB67:E0M0X0:C?:DBR80:C,RETURN,RTL $007B67,return target/status provenance deferred to V04C,
V03F00412,CANDIDATE,80:FB67:E0M0X1:C?:DBR80:C,RETURN,RTL $007B67,return target/status provenance deferred to V04C,
V03F00413,CANDIDATE,80:FB67:E0M1X0:C?:DBR80:C,RETURN,RTL $007B67,return target/status provenance deferred to V04C,
V03F00414,CANDIDATE,80:FB67:E0M1X1:C?:DBR80:C,RETURN,RTL $007B67,return target/status provenance deferred to V04C,
V03F00415,CANDIDATE,80:A2DA:E0M0X0:C?:DBR??:C,RETURN,RTS $0022DA,return target/status provenance deferred to V04C,
V03F00416,CANDIDATE,80:B0EC:E0M1X1:C?:DBR??:C,RETURN,RTS $0030EC,return target/status provenance deferred to V04C,
V03F00417,CANDIDATE,81:9D3F:E0M1X1:C?:DBR??:C,RETURN,RTS $009D3F,return target/status provenance deferred to V04C,
V03F00418,CANDIDATE,81:F77A:E0M1X1:C0:DBR??:C,RETURN,RTS $00F77A,return target/status provenance deferred to V04C,
V03F00419,CANDIDATE,92:EEF8:E0M1X1:C?:DBR92:C,STATUS_WIDTH,PLP $096EF8,native PLP restores M/X from stack; V03C does not prove stack status producers,92:EEF9
V03F00420,CANDIDATE,80:93C4:E0M1X1:C?:DBR??:C,RETURN,RTS $0013C4,return target/status provenance deferred to V04C,
V03F00421,CANDIDATE,80:9542:E0M1X1:C?:DBR??:C,RETURN,RTS $001542,return target/status provenance deferred to V04C,
V03F00422,CANDIDATE,81:DD45:E0M0X0:C?:DBR??:C,RETURN,RTS $00DD45,return target/status provenance deferred to V04C,
V03F00423,CANDIDATE,9F:FCF0:E0M1X1:C?:DBR9F:C,RETURN,RTS $0FFCF0,return target/status provenance deferred to V04C,
V03F00424,CANDIDATE,81:9CB5:E0M1X1:C?:DBR??:C,RETURN,RTL $009CB5,return target/status provenance deferred to V04C,
V03F00425,CANDIDATE,9F:FB1D:E0M0X0:C?:DBR??:C,RETURN,RTS $0FFB1D,return target/status provenance deferred to V04C,
V03F00426,CANDIDATE,9F:FD27:E0M0X0:C?:DBR??:C,RETURN,RTS $0FFD27,return target/status provenance deferred to V04C,
V03F00427,CANDIDATE,92:EEF9:E0M0X0:C?:DBR92:C,RETURN,RTS $096EF9,return target/status provenance deferred to V04C,
V03F00428,CANDIDATE,92:EEF9:E0M0X1:C?:DBR92:C,RETURN,RTS $096EF9,return target/status provenance deferred to V04C,
V03F00429,CANDIDATE,92:EEF9:E0M1X0:C?:DBR92:C,RETURN,RTS $096EF9,return target/status provenance deferred to V04C,
V03F00430,CANDIDATE,92:EEF9:E0M1X1:C?:DBR92:C,RETURN,RTS $096EF9,return target/status provenance deferred to V04C,
V03F00431,CANDIDATE,81:BDA8:E0M1X1:C?:DBR??:C,RETURN,RTS $00BDA8,return target/status provenance deferred to V04C,
V03F00432,CANDIDATE,80:D53A:E0M0X0:C?:DBR??:C,RETURN,RTS $00553A,return target/status provenance deferred to V04C,
V03F00433,CANDIDATE,81:B04A:E0M1X1:C?:DBR??:C,DYNAMIC_TARGET,JSR/ABS_X_IND $00B04A,indexed/indirect call target set deferred to V04C,
V03F00434,CANDIDATE,81:B03F:E0M1X1:C?:DBR??:C,DYNAMIC_TARGET,JSR/ABS_X_IND $00B03F,indexed/indirect call target set deferred to V04C,
V03F00435,CANDIDATE,80:D182:E0M1X1:C?:DBR??:C,RETURN,RTS $005182,return target/status provenance deferred to V04C,
V03F00436,CANDIDATE,80:D1C6:E0M0X0:C?:DBR??:C,RETURN,RTL $0051C6,return target/status provenance deferred to V04C,
V03F00437,CANDIDATE,9F:FCF0:E0M1X1:C?:DBR??:C,RETURN,RTS $0FFCF0,return target/status provenance deferred to V04C,
V03F00438,CANDIDATE,81:9C8A:E0M1X1:C?:DBR??:C,STATUS_WIDTH,PLP $009C8A,native PLP restores M/X from stack; V03C does not prove stack status producers,81:9C8B
V03F00439,CANDIDATE,81:9CF1:E0M1X1:C?:DBR81:C,RETURN,RTS $009CF1,return target/status provenance deferred to V04C,
V03F00440,CANDIDATE,92:F091:E0M0X0:C?:DBR??:C,RETURN,RTL $097091,return target/status provenance deferred to V04C,
V03F00441,CANDIDATE,80:95A6:E0M1X1:C?:DBR??:C,RETURN,RTS $0015A6,return target/status provenance deferred to V04C,
V03F00442,CANDIDATE,81:9C8B:E0M0X0:C?:DBR??:C,RETURN,RTL $009C8B,return target/status provenance deferred to V04C,
V03F00443,CANDIDATE,81:9C8B:E0M0X1:C?:DBR??:C,RETURN,RTL $009C8B,return target/status provenance deferred to V04C,
V03F00444,CANDIDATE,81:9C8B:E0M1X0:C?:DBR??:C,RETURN,RTL $009C8B,return target/status provenance deferred to V04C,
V03F00445,CANDIDATE,81:9C8B:E0M1X1:C?:DBR??:C,RETURN,RTL $009C8B,return target/status provenance deferred to V04C,
V03F00446,CANDIDATE,81:F7EB:E0M1X1:C0:DBR??:C,RETURN,RTS $00F7EB,return target/status provenance deferred to V04C,
V03F00447,CANDIDATE,81:BB88:E0M1X1:C?:DBR??:C,RETURN,RTS $00BB88,return target/status provenance deferred to V04C,
V03F00448,CANDIDATE,80:B2EA:E0M1X1:C?:DBR??:C,RETURN,RTS $0032EA,return target/status provenance deferred to V04C,
V03F00449,CANDIDATE,80:9923:E0M1X1:C?:DBR??:C,RETURN,RTS $001923,return target/status provenance deferred to V04C,
V03F00450,CANDIDATE,80:B559:E0M1X1:C?:DBR??:C,RETURN,RTS $003559,return target/status provenance deferred to V04C,
V03F00451,CANDIDATE,9F:FCEB:E0M1X1:C?:DBR??:C,RETURN,RTS $0FFCEB,return target/status provenance deferred to V04C,
V03F00452,CANDIDATE,81:CF63:E0M1X1:C?:DBR??:C,RETURN,RTL $00CF63,return target/status provenance deferred to V04C,
V03F00453,CANDIDATE,80:A01D:E0M1X1:C?:DBR??:C,RETURN,RTS $00201D,return target/status provenance deferred to V04C,
V03F00454,CANDIDATE,80:94C1:E0M1X1:C?:DBR??:C,RETURN,RTS $0014C1,return target/status provenance deferred to V04C,
V03F00455,CANDIDATE,80:C94D:E0M1X1:C?:DBR??:C,RETURN,RTS $00494D,return target/status provenance deferred to V04C,
V03F00456,CANDIDATE,80:D1D0:E0M0X0:C0:DBR80:C,RETURN,RTS $0051D0,return target/status provenance deferred to V04C,
V03F00457,CANDIDATE,80:FBAC:E0M1X1:C?:DBR??:C,RETURN,RTL $007BAC,return target/status provenance deferred to V04C,
V03F00458,CANDIDATE,81:9C45:E0M1X1:C?:DBR??:C,RETURN,RTL $009C45,return target/status provenance deferred to V04C,
V03F00459,CANDIDATE,81:A02C:E0M1X1:C?:DBR??:C,RETURN,RTL $00A02C,return target/status provenance deferred to V04C,
V03F00460,CANDIDATE,92:F09F:E0M0X0:C?:DBR??:C,RETURN,RTL $09709F,return target/status provenance deferred to V04C,
V03F00461,CANDIDATE,81:DE7F:E0M0X0:C?:DBR??:C,RETURN,RTL $00DE7F,return target/status provenance deferred to V04C,
V03F00462,CANDIDATE,81:9F57:E0M1X1:C?:DBR??:C,RETURN,RTS $009F57,return target/status provenance deferred to V04C,
V03F00463,CANDIDATE,80:8C9F:E0M1X1:C?:DBR??:C,RETURN,RTS $000C9F,return target/status provenance deferred to V04C,
V03F00464,CANDIDATE,80:FCEC:E0M1X1:C?:DBR??:C,STATUS_WIDTH,PLP $007CEC,native PLP restores M/X from stack; V03C does not prove stack status producers,80:FCED
V03F00465,CANDIDATE,9F:F60F:E0M0X0:C?:DBR??:C,RETURN,RTS $0FF60F,return target/status provenance deferred to V04C,
V03F00466,CANDIDATE,9F:F63B:E0M0X0:C?:DBR??:C,RETURN,RTS $0FF63B,return target/status provenance deferred to V04C,
V03F00467,CANDIDATE,80:C2AE:E0M1X1:C?:DBR??:C,RETURN,RTS $0042AE,return target/status provenance deferred to V04C,
V03F00468,CANDIDATE,80:E3B8:E0M0X0:C?:DBR??:C,RETURN,RTS $0063B8,return target/status provenance deferred to V04C,
V03F00469,CANDIDATE,81:DE5C:E0M0X0:C?:DBR??:C,RETURN,RTL $00DE5C,return target/status provenance deferred to V04C,
V03F00470,CANDIDATE,80:C7AF:E0M1X1:C?:DBR??:C,RETURN,RTS $0047AF,return target/status provenance deferred to V04C,
V03F00471,CANDIDATE,80:FCED:E0M0X0:C?:DBR??:C,RETURN,RTL $007CED,return target/status provenance deferred to V04C,
V03F00472,CANDIDATE,80:FCED:E0M0X1:C?:DBR??:C,RETURN,RTL $007CED,return target/status provenance deferred to V04C,
V03F00473,CANDIDATE,80:FCED:E0M1X0:C?:DBR??:C,RETURN,RTL $007CED,return target/status provenance deferred to V04C,
V03F00474,CANDIDATE,80:FCED:E0M1X1:C?:DBR??:C,RETURN,RTL $007CED,return target/status provenance deferred to V04C,
V03F00475,CANDIDATE,81:9DB0:E0M1X1:C?:DBR??:C,RETURN,RTL $009DB0,return target/status provenance deferred to V04C,
V03F00476,CANDIDATE,80:8CA5:E0M1X1:C?:DBR??:C,RETURN,RTS $000CA5,return target/status provenance deferred to V04C,
V03F00477,CANDIDATE,80:D1D0:E0M0X0:C0:DBR??:C,RETURN,RTS $0051D0,return target/status provenance deferred to V04C,
V03F00478,CANDIDATE,80:D1DE:E0M0X0:C1:DBR80:C,RETURN,RTS $0051DE,return target/status provenance deferred to V04C,
V03F00479,CANDIDATE,92:FBFB:E0M1X1:C?:DBR??:C,RETURN,RTS $097BFB,return target/status provenance deferred to V04C,
V03F00480,CANDIDATE,80:FC1A:E0M1X1:C?:DBR80:C,STATUS_WIDTH,PLP $007C1A,native PLP restores M/X from stack; V03C does not prove stack status producers,80:FC1B
V03F00481,CANDIDATE,92:F0AD:E0M0X0:C?:DBR??:C,RETURN,RTL $0970AD,return target/status provenance deferred to V04C,
V03F00482,CANDIDATE,9F:F713:E0M0X0:C?:DBR??:C,RETURN,RTS $0FF713,return target/status provenance deferred to V04C,
V03F00483,CANDIDATE,80:A2DA:E0M0X0:C?:DBR80:C,RETURN,RTS $0022DA,return target/status provenance deferred to V04C,
V03F00484,CANDIDATE,92:FB59:E0M1X1:C?:DBR??:C,RETURN,RTL $097B59,return target/status provenance deferred to V04C,
V03F00485,CANDIDATE,80:FCEC:E0M0X0:C?:DBR??:C,STATUS_WIDTH,PLP $007CEC,native PLP restores M/X from stack; V03C does not prove stack status producers,80:FCED
V03F00486,CANDIDATE,80:FC1B:E0M0X0:C?:DBR80:C,RETURN,RTS $007C1B,return target/status provenance deferred to V04C,
V03F00487,CANDIDATE,80:FC1B:E0M0X1:C?:DBR80:C,RETURN,RTS $007C1B,return target/status provenance deferred to V04C,
V03F00488,CANDIDATE,80:FC1B:E0M1X0:C?:DBR80:C,RETURN,RTS $007C1B,return target/status provenance deferred to V04C,
V03F00489,CANDIDATE,80:FC1B:E0M1X1:C?:DBR80:C,RETURN,RTS $007C1B,return target/status provenance deferred to V04C,
V03F00490,CANDIDATE,80:A394:E0M0X0:C?:DBR80:C,RETURN,RTS $002394,return target/status provenance deferred to V04C,
V03F00491,CANDIDATE,81:BB6B:E0M1X1:C?:DBR??:C,RETURN,RTS $00BB6B,return target/status provenance deferred to V04C,
V03F00492,CANDIDATE,80:E38C:E0M0X0:C0:DBR??:C,RETURN,RTS $00638C,return target/status provenance deferred to V04C,
V03F00493,CANDIDATE,80:B2E4:E0M1X1:C?:DBR??:C,RETURN,RTS $0032E4,return target/status provenance deferred to V04C,
V03F00494,CANDIDATE,80:D1DE:E0M0X0:C1:DBR??:C,RETURN,RTS $0051DE,return target/status provenance deferred to V04C,
V03F00495,CANDIDATE,81:DE30:E0M0X0:C?:DBR??:C,RETURN,RTL $00DE30,return target/status provenance deferred to V04C,
V03F00496,CANDIDATE,9F:FC2D:E0M0X0:C?:DBR??:C,RETURN,RTS $0FFC2D,return target/status provenance deferred to V04C,
V03F00497,CANDIDATE,92:F0BB:E0M0X0:C?:DBR??:C,RETURN,RTL $0970BB,return target/status provenance deferred to V04C,
V03F00498,CANDIDATE,9F:F5F8:E0M0X0:C?:DBR??:C,RETURN,RTS $0FF5F8,return target/status provenance deferred to V04C,
V03F00499,CANDIDATE,80:A337:E0M0X0:C?:DBR80:C,RETURN,RTS $002337,return target/status provenance deferred to V04C,
V03F00500,CANDIDATE,80:BD12:E0M1X1:C?:DBR??:C,RETURN,RTS $003D12,return target/status provenance deferred to V04C,
V03F00501,CANDIDATE,81:A042:E0M1X1:C?:DBR81:C,RETURN,RTS $00A042,return target/status provenance deferred to V04C,
V03F00502,CANDIDATE,80:B569:E0M1X1:C1:DBR??:C,RETURN,RTS $003569,return target/status provenance deferred to V04C,
V03F00503,CANDIDATE,80:B3CC:E0M1X1:C?:DBR??:C,RETURN,RTS $0033CC,return target/status provenance deferred to V04C,
V03F00504,CANDIDATE,81:CB1A:E0M1X1:C1:DBR??:C,RETURN,RTS $00CB1A,return target/status provenance deferred to V04C,
V03F00505,CANDIDATE,81:CB1A:E0M1X1:C0:DBR??:C,RETURN,RTS $00CB1A,return target/status provenance deferred to V04C,
V03F00506,CANDIDATE,81:8B6E:E0M1X1:C?:DBR??:C,RETURN,RTL $008B6E,return target/status provenance deferred to V04C,
V03F00507,CANDIDATE,81:9D71:E0M0X0:C?:DBR??:C,RETURN,RTL $009D71,return target/status provenance deferred to V04C,
V03F00508,CANDIDATE,92:F0C9:E0M0X0:C?:DBR??:C,RETURN,RTL $0970C9,return target/status provenance deferred to V04C,
V03F00509,CANDIDATE,80:A27D:E0M0X0:C?:DBR80:C,RETURN,RTS $00227D,return target/status provenance deferred to V04C,
V03F00510,CANDIDATE,81:BD2B:E0M0X0:C?:DBR??:C,RETURN,RTS $00BD2B,return target/status provenance deferred to V04C,
V03F00511,CANDIDATE,81:B30A:E0M1X1:C?:DBR??:C,RETURN,RTS $00B30A,return target/status provenance deferred to V04C,
V03F00512,CANDIDATE,80:B1FB:E0M1X1:C?:DBR??:C,RETURN,RTS $0031FB,return target/status provenance deferred to V04C,
V03F00513,CANDIDATE,92:FD45:E0M1X1:C?:DBR??:C,RETURN,RTS $097D45,return target/status provenance deferred to V04C,
V03F00514,CANDIDATE,80:B567:E0M1X1:C0:DBR??:C,RETURN,RTS $003567,return target/status provenance deferred to V04C,
V03F00515,CANDIDATE,81:DDC7:E0M0X0:C?:DBR??:C,RETURN,RTS $00DDC7,return target/status provenance deferred to V04C,
V03F00516,CANDIDATE,9F:FCDF:E0M1X1:C?:DBR??:C,RETURN,RTS $0FFCDF,return target/status provenance deferred to V04C,
V03F00517,CANDIDATE,9F:FAC2:E0M0X0:C?:DBR??:C,RETURN,RTS $0FFAC2,return target/status provenance deferred to V04C,
V03F00518,CANDIDATE,81:BB4E:E0M1X1:C?:DBR??:C,RETURN,RTS $00BB4E,return target/status provenance deferred to V04C,
V03F00519,CANDIDATE,80:CE0B:E0M1X1:C?:DBR80:C,RETURN,RTS $004E0B,return target/status provenance deferred to V04C,
V03F00520,CANDIDATE,80:B2D6:E0M1X1:C?:DBR??:C,RETURN,RTS $0032D6,return target/status provenance deferred to V04C,
V03F00521,CANDIDATE,80:B2C9:E0M1X1:C?:DBR??:C,RETURN,RTS $0032C9,return target/status provenance deferred to V04C,
V03F00522,CANDIDATE,81:8AB7:E0M1X1:C?:DBR??:C,RETURN,RTL $008AB7,return target/status provenance deferred to V04C,
V03F00523,CANDIDATE,80:FC1A:E0M0X1:C?:DBR80:C,STATUS_WIDTH,PLP $007C1A,native PLP restores M/X from stack; V03C does not prove stack status producers,80:FC1B
V03F00524,CANDIDATE,80:BB43:E0M1X1:C?:DBR??:C,RETURN,RTS $003B43,return target/status provenance deferred to V04C,
V03F00525,CANDIDATE,81:9CAD:E0M1X1:C?:DBR81:C,RETURN,RTS $009CAD,return target/status provenance deferred to V04C,
V03F00526,CANDIDATE,81:C058:E0M1X1:C?:DBR??:C,RETURN,RTS $00C058,return target/status provenance deferred to V04C,
V03F00527,CANDIDATE,81:C4F5:E0M1X1:C0:DBR81:C,RETURN,RTS $00C4F5,return target/status provenance deferred to V04C,
V03F00528,CANDIDATE,81:C3F3:E0M1X1:C?:DBR??:C,DYNAMIC_TARGET,JSR/ABS_X_IND $00C3F3,indexed/indirect call target set deferred to V04C,
V03F00529,CANDIDATE,92:FB9E:E0M1X1:C?:DBR??:C,RETURN,RTS $097B9E,return target/status provenance deferred to V04C,
V03F00530,CANDIDATE,9F:FBBB:E0M0X0:C?:DBR??:C,STATUS_WIDTH,PLP $0FFBBB,native PLP restores M/X from stack; V03C does not prove stack status producers,9F:FBBC
V03F00531,CANDIDATE,80:8BCE:E0M1X1:C?:DBR??:C,RETURN,RTS $000BCE,return target/status provenance deferred to V04C,
V03F00532,CANDIDATE,81:FE74:E0M1X1:C?:DBR??:C,RETURN,RTS $00FE74,return target/status provenance deferred to V04C,
V03F00533,CANDIDATE,81:F9A3:E0M1X1:C?:DBR??:C,RETURN,RTS $00F9A3,return target/status provenance deferred to V04C,
V03F00534,CANDIDATE,9F:FBFC:E0M0X0:C?:DBR??:C,STATUS_WIDTH,PLP $0FFBFC,native PLP restores M/X from stack; V03C does not prove stack status producers,9F:FBFD
V03F00535,CANDIDATE,80:D1BE:E0M1X1:C?:DBR??:C,RETURN,RTS $0051BE,return target/status provenance deferred to V04C,
V03F00536,CANDIDATE,80:95E4:E0M0X0:C?:DBR??:C,RETURN,RTS $0015E4,return target/status provenance deferred to V04C,
V03F00537,CANDIDATE,80:E477:E0M1X1:C?:DBR??:C,RETURN,RTS $006477,return target/status provenance deferred to V04C,
V03F00538,CANDIDATE,9F:FB16:E0M0X0:C?:DBR??:C,RETURN,RTS $0FFB16,return target/status provenance deferred to V04C,
V03F00539,CANDIDATE,80:8137:E0M1X1:C?:DBR??:C,RETURN,RTL $000137,return target/status provenance deferred to V04C,
V03F00540,CANDIDATE,80:F848:E0M0X0:C1:DBR??:C,RETURN,RTS $007848,return target/status provenance deferred to V04C,
V03F00541,CANDIDATE,80:912B:E0M1X1:C?:DBR??:C,RETURN,RTS $00112B,return target/status provenance deferred to V04C,
V03F00542,CANDIDATE,80:DDF1:E0M0X0:C?:DBR??:C,RETURN,RTS $005DF1,return target/status provenance deferred to V04C,
V03F00543,CANDIDATE,9F:F6E4:E0M0X0:C?:DBR??:C,RETURN,RTS $0FF6E4,return target/status provenance deferred to V04C,
V03F00544,CANDIDATE,80:F853:E0M0X0:C0:DBR??:C,RETURN,RTS $007853,return target/status provenance deferred to V04C,
V03F00545,CANDIDATE,80:994E:E0M1X1:C?:DBR??:C,RETURN,RTS $00194E,return target/status provenance deferred to V04C,
V03F00546,CANDIDATE,92:F0D7:E0M0X0:C?:DBR??:C,RETURN,RTL $0970D7,return target/status provenance deferred to V04C,
V03F00547,CANDIDATE,81:DD29:E0M0X0:C?:DBR??:C,RETURN,RTS $00DD29,return target/status provenance deferred to V04C,
V03F00548,CANDIDATE,92:F217:E0M1X1:C?:DBR??:C,RETURN,RTL $097217,return target/status provenance deferred to V04C,
V03F00549,CANDIDATE,80:9A6C:E0M1X1:C?:DBR??:C,RETURN,RTS $001A6C,return target/status provenance deferred to V04C,
V03F00550,CANDIDATE,81:F9F8:E0M1X1:C?:DBR??:C,RETURN,RTS $00F9F8,return target/status provenance deferred to V04C,
V03F00551,CANDIDATE,80:D6C6:E0M1X1:C?:DBR??:C,RETURN,RTS $0056C6,return target/status provenance deferred to V04C,
V03F00552,CANDIDATE,80:9654:E0M0X0:C?:DBR??:C,RETURN,RTS $001654,return target/status provenance deferred to V04C,
V03F00553,CANDIDATE,92:FBF5:E0M1X1:C?:DBR??:C,RETURN,RTS $097BF5,return target/status provenance deferred to V04C,
V03F00554,CANDIDATE,92:F117:E0M0X0:C?:DBR??:C,RETURN,RTS $097117,return target/status provenance deferred to V04C,
V03F00555,CANDIDATE,80:F86C:E0M0X0:C0:DBR??:C,RETURN,RTS $00786C,return target/status provenance deferred to V04C,
V03F00556,CANDIDATE,80:D6BB:E0M1X1:C?:DBR??:C,RETURN,RTS $0056BB,return target/status provenance deferred to V04C,
V03F00557,CANDIDATE,80:D6B2:E0M1X1:C?:DBR??:C,RETURN,RTS $0056B2,return target/status provenance deferred to V04C,
V03F00558,CANDIDATE,81:C4F3:E0M1X1:C1:DBR81:C,RETURN,RTS $00C4F3,return target/status provenance deferred to V04C,
V03F00559,CANDIDATE,80:B968:E0M1X1:C?:DBR??:C,RETURN,RTL $003968,return target/status provenance deferred to V04C,
V03F00560,CANDIDATE,80:D5A1:E0M0X0:C?:DBR80:C,RETURN,RTS $0055A1,return target/status provenance deferred to V04C,
V03F00561,CANDIDATE,80:FC1A:E0M1X0:C?:DBR??:C,STATUS_WIDTH,PLP $007C1A,native PLP restores M/X from stack; V03C does not prove stack status producers,80:FC1B
V03F00562,CANDIDATE,80:9B06:E0M1X1:C?:DBR??:C,RETURN,RTS $001B06,return target/status provenance deferred to V04C,
V03F00563,CANDIDATE,81:BCAD:E0M1X1:C?:DBR??:C,RETURN,RTS $00BCAD,return target/status provenance deferred to V04C,
V03F00564,CANDIDATE,80:FB4B:E0M1X1:C?:DBR??:C,RETURN,RTL $007B4B,return target/status provenance deferred to V04C,
V03F00565,CANDIDATE,81:DD95:E0M0X0:C?:DBR??:C,RETURN,RTS $00DD95,return target/status provenance deferred to V04C,
V03F00566,CANDIDATE,80:CE0B:E0M1X1:C?:DBR??:C,RETURN,RTS $004E0B,return target/status provenance deferred to V04C,
V03F00567,CANDIDATE,80:966A:E0M0X0:C?:DBR??:C,RETURN,RTS $00166A,return target/status provenance deferred to V04C,
V03F00568,CANDIDATE,80:DDED:E0M0X0:C0:DBR??:C,RETURN,RTS $005DED,return target/status provenance deferred to V04C,
V03F00569,CANDIDATE,80:CF14:E0M1X1:C?:DBR??:C,RETURN,RTS $004F14,return target/status provenance deferred to V04C,
V03F00570,CANDIDATE,80:C942:E0M1X1:C?:DBR??:C,RETURN,RTS $004942,return target/status provenance deferred to V04C,
V03F00571,CANDIDATE,80:9ADC:E0M1X1:C?:DBR??:C,RETURN,RTS $001ADC,return target/status provenance deferred to V04C,
V03F00572,CANDIDATE,81:BCEA:E0M1X1:C?:DBR??:C,RETURN,RTS $00BCEA,return target/status provenance deferred to V04C,
V03F00573,CANDIDATE,81:BCF0:E0M1X1:C?:DBR??:C,RETURN,RTS $00BCF0,return target/status provenance deferred to V04C,
V03F00574,CANDIDATE,92:FD3F:E0M1X1:C?:DBR??:C,RETURN,RTS $097D3F,return target/status provenance deferred to V04C,
V03F00575,CANDIDATE,80:FB51:E0M1X1:C?:DBR??:C,RETURN,RTS $007B51,return target/status provenance deferred to V04C,
V03F00576,CANDIDATE,80:E305:E0M0X0:C?:DBR??:C,RETURN,RTS $006305,return target/status provenance deferred to V04C,
V03F00577,CANDIDATE,80:DED7:E0M1X1:C?:DBR??:C,RETURN,RTS $005ED7,return target/status provenance deferred to V04C,
V03F00578,CANDIDATE,81:8C5A:E0M0X0:C?:DBR??:C,RETURN,RTS $008C5A,return target/status provenance deferred to V04C,
V03F00579,CANDIDATE,81:8BA9:E0M1X1:C?:DBR??:C,RETURN,RTS $008BA9,return target/status provenance deferred to V04C,
V03F00580,CANDIDATE,81:8B8E:E0M1X1:C?:DBR??:C,RETURN,RTS $008B8E,return target/status provenance deferred to V04C,
V03F00581,CANDIDATE,80:FB1B:E0M0X0:C?:DBR80:C,STATUS_WIDTH,PLP $007B1B,native PLP restores M/X from stack; V03C does not prove stack status producers,80:FB1C
V03F00582,CANDIDATE,80:F94B:E0M1X1:C?:DBR??:C,RETURN,RTL $00794B,return target/status provenance deferred to V04C,
V03F00583,CANDIDATE,92:F150:E0M1X1:C?:DBR??:C,RETURN,RTS $097150,return target/status provenance deferred to V04C,
V03F00584,CANDIDATE,80:DDF1:E0M0X0:C1:DBR??:C,RETURN,RTS $005DF1,return target/status provenance deferred to V04C,
V03F00585,CANDIDATE,80:FB1C:E0M0X0:C?:DBR80:C,RETURN,RTS $007B1C,return target/status provenance deferred to V04C,
V03F00586,CANDIDATE,80:FB1C:E0M0X1:C?:DBR80:C,RETURN,RTS $007B1C,return target/status provenance deferred to V04C,
V03F00587,CANDIDATE,80:FB1C:E0M1X0:C?:DBR80:C,RETURN,RTS $007B1C,return target/status provenance deferred to V04C,
V03F00588,CANDIDATE,80:FB1C:E0M1X1:C?:DBR80:C,RETURN,RTS $007B1C,return target/status provenance deferred to V04C,
V03F00589,CANDIDATE,81:8A79:E0M0X0:C?:DBR??:C,RETURN,RTS $008A79,return target/status provenance deferred to V04C,
V03F00590,CANDIDATE,92:FC50:E0M1X1:C?:DBR??:C,RETURN,RTS $097C50,return target/status provenance deferred to V04C,
V03F00591,CANDIDATE,80:8AD4:E0M1X1:C?:DBR??:C,RETURN,RTS $000AD4,return target/status provenance deferred to V04C,
V03F00592,CANDIDATE,80:F95A:E0M1X1:C?:DBR??:C,RETURN,RTL $00795A,return target/status provenance deferred to V04C,
V03F00593,CANDIDATE,80:9F4A:E0M1X1:C?:DBR??:C,RETURN,RTS $001F4A,return target/status provenance deferred to V04C,
V03F00594,CANDIDATE,80:9954:E0M1X1:C?:DBR??:C,RETURN,RTS $001954,return target/status provenance deferred to V04C,
V03F00595,CANDIDATE,9F:FBD8:E0M0X0:C?:DBR??:C,STATUS_WIDTH,PLP $0FFBD8,native PLP restores M/X from stack; V03C does not prove stack status producers,9F:FBD9
V03F00596,CANDIDATE,9F:FBD8:E0M0X1:C?:DBR??:C,STATUS_WIDTH,PLP $0FFBD8,native PLP restores M/X from stack; V03C does not prove stack status producers,9F:FBD9
V03F00597,CANDIDATE,80:8966:E0M1X1:C?:DBR??:C,RETURN,RTS $000966,return target/status provenance deferred to V04C,
V03F00598,CANDIDATE,92:FCCF:E0M1X1:C0:DBR??:C,RETURN,RTS $097CCF,return target/status provenance deferred to V04C,
V03F00599,CANDIDATE,92:FAF9:E0M1X1:C?:DBR??:C,RETURN,RTS $097AF9,return target/status provenance deferred to V04C,
V03F00600,CANDIDATE,9F:FC19:E0M0X0:C?:DBR??:C,STATUS_WIDTH,PLP $0FFC19,native PLP restores M/X from stack; V03C does not prove stack status producers,9F:FC1A
V03F00601,CANDIDATE,9F:FC19:E0M0X1:C?:DBR??:C,STATUS_WIDTH,PLP $0FFC19,native PLP restores M/X from stack; V03C does not prove stack status producers,9F:FC1A
V03F00602,CANDIDATE,80:BC22:E0M1X1:C?:DBR??:C,RETURN,RTS $003C22,return target/status provenance deferred to V04C,
V03F00603,CANDIDATE,81:FA12:E0M1X1:C?:DBR??:C,RETURN,RTS $00FA12,return target/status provenance deferred to V04C,
V03F00604,CANDIDATE,80:F955:E0M1X1:C?:DBR??:C,STATUS_WIDTH,PLP $007955,native PLP restores M/X from stack; V03C does not prove stack status producers,80:F956
V03F00605,CANDIDATE,81:BCE4:E0M1X1:C?:DBR??:C,RETURN,RTS $00BCE4,return target/status provenance deferred to V04C,
V03F00606,CANDIDATE,81:BCD9:E0M1X1:C?:DBR??:C,RETURN,RTS $00BCD9,return target/status provenance deferred to V04C,
V03F00607,CANDIDATE,81:CA56:E0M1X1:C?:DBR??:C,RETURN,RTS $00CA56,return target/status provenance deferred to V04C,
V03F00608,CANDIDATE,80:F956:E0M0X0:C?:DBR??:C,RETURN,RTS $007956,return target/status provenance deferred to V04C,
V03F00609,CANDIDATE,80:F956:E0M0X1:C?:DBR??:C,RETURN,RTS $007956,return target/status provenance deferred to V04C,
V03F00610,CANDIDATE,80:F956:E0M1X0:C?:DBR??:C,RETURN,RTS $007956,return target/status provenance deferred to V04C,
V03F00611,CANDIDATE,80:F956:E0M1X1:C?:DBR??:C,RETURN,RTS $007956,return target/status provenance deferred to V04C,
V03F00612,CANDIDATE,81:BDE8:E0M1X1:C?:DBR??:C,RETURN,RTS $00BDE8,return target/status provenance deferred to V04C,
V03F00613,CANDIDATE,81:BDDD:E0M1X1:C?:DBR??:C,RETURN,RTS $00BDDD,return target/status provenance deferred to V04C,
V03F00614,CANDIDATE,80:F964:E0M1X1:C?:DBR??:C,STATUS_WIDTH,PLP $007964,native PLP restores M/X from stack; V03C does not prove stack status producers,80:F965
V03F00615,CANDIDATE,80:D5A1:E0M0X0:C?:DBR??:C,RETURN,RTS $0055A1,return target/status provenance deferred to V04C,
V03F00616,CANDIDATE,80:9D7F:E0M1X1:C?:DBR??:C,RETURN,RTS $001D7F,return target/status provenance deferred to V04C,
V03F00617,CANDIDATE,80:E5F0:E0M0X0:C?:DBR??:C,RETURN,RTS $0065F0,return target/status provenance deferred to V04C,
V03F00618,CANDIDATE,80:F965:E0M0X0:C?:DBR??:C,RETURN,RTS $007965,return target/status provenance deferred to V04C,
V03F00619,CANDIDATE,80:F965:E0M0X1:C?:DBR??:C,RETURN,RTS $007965,return target/status provenance deferred to V04C,
V03F00620,CANDIDATE,80:F965:E0M1X0:C?:DBR??:C,RETURN,RTS $007965,return target/status provenance deferred to V04C,
V03F00621,CANDIDATE,80:F965:E0M1X1:C?:DBR??:C,RETURN,RTS $007965,return target/status provenance deferred to V04C,
V03F00622,CANDIDATE,80:8165:E0M1X1:C?:DBR80:C,RETURN,RTS $000165,return target/status provenance deferred to V04C,
V03F00623,CANDIDATE,81:DEF8:E0M0X0:C?:DBR81:C,RETURN,RTS $00DEF8,return target/status provenance deferred to V04C,
V03F00624,CANDIDATE,81:BCC9:E0M1X1:C?:DBR??:C,RETURN,RTS $00BCC9,return target/status provenance deferred to V04C,
V03F00625,CANDIDATE,81:BCC2:E0M1X1:C?:DBR??:C,RETURN,RTS $00BCC2,return target/status provenance deferred to V04C,
V03F00626,CANDIDATE,80:E263:E0M0X0:C?:DBR??:C,RETURN,RTS $006263,return target/status provenance deferred to V04C,
V03F00627,CANDIDATE,80:969C:E0M1X1:C?:DBR??:C,RETURN,RTS $00169C,return target/status provenance deferred to V04C,
V03F00628,CANDIDATE,92:FB39:E0M1X1:C?:DBR??:C,RETURN,RTL $097B39,return target/status provenance deferred to V04C,
V03F00629,CANDIDATE,80:C6EB:E0M1X1:C?:DBR??:C,RETURN,RTS $0046EB,return target/status provenance deferred to V04C,
V03F00630,CANDIDATE,80:DC31:E0M0X1:C?:DBR??:C,STATUS_WIDTH,PLP $005C31,native PLP restores M/X from stack; V03C does not prove stack status producers,80:DC32
V03F00631,CANDIDATE,80:F04A:E0M0X0:C?:DBR??:C,RETURN,RTS $00704A,return target/status provenance deferred to V04C,
V03F00632,CANDIDATE,9F:FBE3:E0M0X0:C?:DBR??:C,RETURN,RTS $0FFBE3,return target/status provenance deferred to V04C,
V03F00633,CANDIDATE,9F:FBE3:E0M0X1:C?:DBR??:C,RETURN,RTS $0FFBE3,return target/status provenance deferred to V04C,
V03F00634,CANDIDATE,9F:FBE3:E0M1X0:C?:DBR??:C,RETURN,RTS $0FFBE3,return target/status provenance deferred to V04C,
V03F00635,CANDIDATE,9F:FBE3:E0M1X1:C?:DBR??:C,RETURN,RTS $0FFBE3,return target/status provenance deferred to V04C,
V03F00636,CANDIDATE,9F:F78F:E0M1X1:C?:DBR??:C,RETURN,RTS $0FF78F,return target/status provenance deferred to V04C,
V03F00637,CANDIDATE,80:95CB:E0M1X1:C?:DBR??:C,RETURN,RTS $0015CB,return target/status provenance deferred to V04C,
V03F00638,CANDIDATE,80:EC4A:E0M0X0:C?:DBR??:C,RETURN,RTS $006C4A,return target/status provenance deferred to V04C,
V03F00639,CANDIDATE,9F:FC24:E0M0X0:C?:DBR??:C,RETURN,RTS $0FFC24,return target/status provenance deferred to V04C,
V03F00640,CANDIDATE,9F:FC24:E0M0X1:C?:DBR??:C,RETURN,RTS $0FFC24,return target/status provenance deferred to V04C,
V03F00641,CANDIDATE,9F:FC24:E0M1X0:C?:DBR??:C,RETURN,RTS $0FFC24,return target/status provenance deferred to V04C,
V03F00642,CANDIDATE,9F:FC24:E0M1X1:C?:DBR??:C,RETURN,RTS $0FFC24,return target/status provenance deferred to V04C,
V03F00643,CANDIDATE,92:EEED:E0M0X0:C?:DBR??:C,RETURN,RTS $096EED,return target/status provenance deferred to V04C,
V03F00644,CANDIDATE,80:8A67:E0M1X1:C?:DBR??:C,RETURN,RTS $000A67,return target/status provenance deferred to V04C,
V03F00645,CANDIDATE,80:FD9C:E0M1X1:C?:DBR??:C,RETURN,RTS $007D9C,return target/status provenance deferred to V04C,
V03F00646,CANDIDATE,80:F473:E0M0X0:C?:DBR??:C,RETURN,RTS $007473,return target/status provenance deferred to V04C,
V03F00647,CANDIDATE,92:907D:E0M0X0:C?:DBR92:C,RETURN,RTS $09107D,return target/status provenance deferred to V04C,
V03F00648,CANDIDATE,80:C7E6:E0M1X1:C?:DBR??:C,RETURN,RTL $0047E6,return target/status provenance deferred to V04C,
V03F00649,CANDIDATE,81:A061:E0M1X1:C?:DBR81:C,RETURN,RTS $00A061,return target/status provenance deferred to V04C,
V03F00650,CANDIDATE,80:C70A:E0M1X1:C?:DBR80:C,STATUS_WIDTH,PLP $00470A,native PLP restores M/X from stack; V03C does not prove stack status producers,80:C70B
V03F00651,CANDIDATE,80:DF3F:E0M1X1:C?:DBR??:C,RETURN,RTS $005F3F,return target/status provenance deferred to V04C,
V03F00652,CANDIDATE,80:C70B:E0M0X0:C?:DBR80:C,RETURN,RTS $00470B,return target/status provenance deferred to V04C,
V03F00653,CANDIDATE,80:C70B:E0M0X1:C?:DBR80:C,RETURN,RTS $00470B,return target/status provenance deferred to V04C,
V03F00654,CANDIDATE,80:C70B:E0M1X0:C?:DBR80:C,RETURN,RTS $00470B,return target/status provenance deferred to V04C,
V03F00655,CANDIDATE,80:C70B:E0M1X1:C?:DBR80:C,RETURN,RTS $00470B,return target/status provenance deferred to V04C,
V03F00656,CANDIDATE,80:9F35:E0M1X1:C?:DBR??:C,RETURN,RTS $001F35,return target/status provenance deferred to V04C,
V03F00657,CANDIDATE,80:BD35:E0M1X1:C?:DBR??:C,RETURN,RTS $003D35,return target/status provenance deferred to V04C,
V03F00658,CANDIDATE,92:8B89:E0M0X0:C?:DBR??:C,DYNAMIC_TARGET,JSR/ABS_X_IND $090B89,indexed/indirect call target set deferred to V04C,
V03F00659,CANDIDATE,80:F8B6:E0M1X1:C?:DBR??:C,RETURN,RTS $0078B6,return target/status provenance deferred to V04C,
V03F00660,CANDIDATE,80:FB66:E0M1X0:C?:DBR??:C,STATUS_WIDTH,PLP $007B66,native PLP restores M/X from stack; V03C does not prove stack status producers,80:FB67
V03F00661,CANDIDATE,81:C5B7:E0M1X1:C?:DBR??:C,RETURN,RTL $00C5B7,return target/status provenance deferred to V04C,
V03F00662,CANDIDATE,81:BE75:E0M0X0:C0:DBR??:C,RETURN,RTS $00BE75,return target/status provenance deferred to V04C,
V03F00663,CANDIDATE,81:BE73:E0M0X0:C1:DBR??:C,RETURN,RTS $00BE73,return target/status provenance deferred to V04C,
V03F00664,CANDIDATE,80:F8D1:E0M1X1:C?:DBR??:C,RETURN,RTS $0078D1,return target/status provenance deferred to V04C,
V03F00665,CANDIDATE,80:F978:E0M1X1:C?:DBR??:C,STATUS_WIDTH,PLP $007978,native PLP restores M/X from stack; V03C does not prove stack status producers,80:F979
V03F00666,CANDIDATE,80:D040:E0M1X1:C?:DBR??:C,RETURN,RTS $005040,return target/status provenance deferred to V04C,
V03F00667,CANDIDATE,80:FB67:E0M0X0:C?:DBR??:C,RETURN,RTL $007B67,return target/status provenance deferred to V04C,
V03F00668,CANDIDATE,80:FB67:E0M0X1:C?:DBR??:C,RETURN,RTL $007B67,return target/status provenance deferred to V04C,
V03F00669,CANDIDATE,80:FB67:E0M1X0:C?:DBR??:C,RETURN,RTL $007B67,return target/status provenance deferred to V04C,
V03F00670,CANDIDATE,80:FB67:E0M1X1:C?:DBR??:C,RETURN,RTL $007B67,return target/status provenance deferred to V04C,
V03F00671,CANDIDATE,80:E68C:E0M0X0:C?:DBR??:C,RETURN,RTS $00668C,return target/status provenance deferred to V04C,
V03F00672,CANDIDATE,80:E6D6:E0M0X0:C?:DBR??:C,RETURN,RTS $0066D6,return target/status provenance deferred to V04C,
V03F00673,CANDIDATE,80:E185:E0M1X1:C?:DBR??:C,RETURN,RTS $006185,return target/status provenance deferred to V04C,
V03F00674,CANDIDATE,80:E754:E0M0X0:C?:DBR??:C,RETURN,RTS $006754,return target/status provenance deferred to V04C,
V03F00675,CANDIDATE,92:FC7C:E0M1X1:C1:DBR??:C,RETURN,RTS $097C7C,return target/status provenance deferred to V04C,
V03F00676,CANDIDATE,80:FDAE:E0M0X0:C?:DBR??:C,RETURN,RTS $007DAE,return target/status provenance deferred to V04C,
V03F00677,CANDIDATE,80:F0E6:E0M0X0:C?:DBR??:C,RETURN,RTS $0070E6,return target/status provenance deferred to V04C,
V03F00678,CANDIDATE,80:F130:E0M0X0:C?:DBR??:C,RETURN,RTS $007130,return target/status provenance deferred to V04C,
V03F00679,CANDIDATE,80:C5F9:E0M1X1:C?:DBR??:C,RETURN,RTS $0045F9,return target/status provenance deferred to V04C,
V03F00680,CANDIDATE,81:B6BD:E0M0X0:C?:DBR??:C,RETURN,RTS $00B6BD,return target/status provenance deferred to V04C,
V03F00681,CANDIDATE,81:C048:E0M0X0:C?:DBR??:C,RETURN,RTS $00C048,return target/status provenance deferred to V04C,
V03F00682,CANDIDATE,81:C265:E0M0X0:C?:DBR??:C,RETURN,RTS $00C265,return target/status provenance deferred to V04C,
V03F00683,CANDIDATE,80:F97A:E0M0X0:C?:DBR??:C,RETURN,RTS $00797A,return target/status provenance deferred to V04C,
V03F00684,CANDIDATE,80:F97A:E0M0X1:C?:DBR??:C,RETURN,RTS $00797A,return target/status provenance deferred to V04C,
V03F00685,CANDIDATE,80:F97A:E0M1X0:C?:DBR??:C,RETURN,RTS $00797A,return target/status provenance deferred to V04C,
V03F00686,CANDIDATE,80:F97A:E0M1X1:C?:DBR??:C,RETURN,RTS $00797A,return target/status provenance deferred to V04C,
V03F00687,CANDIDATE,80:E000:E0M1X1:C?:DBR??:C,RETURN,RTS $006000,return target/status provenance deferred to V04C,
V03F00688,CANDIDATE,80:F1AE:E0M0X0:C?:DBR??:C,RETURN,RTS $0071AE,return target/status provenance deferred to V04C,
V03F00689,CANDIDATE,92:FCCD:E0M1X1:C1:DBR??:C,RETURN,RTS $097CCD,return target/status provenance deferred to V04C,
V03F00690,CANDIDATE,80:F9C1:E0M1X1:C?:DBR??:C,RETURN,RTS $0079C1,return target/status provenance deferred to V04C,
V03F00691,CANDIDATE,80:ECED:E0M0X0:C?:DBR??:C,RETURN,RTS $006CED,return target/status provenance deferred to V04C,
V03F00692,CANDIDATE,80:ED3C:E0M0X0:C?:DBR??:C,RETURN,RTS $006D3C,return target/status provenance deferred to V04C,
V03F00693,CANDIDATE,92:F310:E0M1X1:C?:DBR??:C,RETURN,RTS $097310,return target/status provenance deferred to V04C,
V03F00694,CANDIDATE,80:9DF3:E0M1X1:C?:DBR??:C,RETURN,RTS $001DF3,return target/status provenance deferred to V04C,
V03F00695,CANDIDATE,80:A4B4:E0M1X1:C?:DBR??:C,RETURN,RTS $0024B4,return target/status provenance deferred to V04C,
V03F00696,CANDIDATE,92:FCA8:E0M1X1:C1:DBR??:C,RETURN,RTS $097CA8,return target/status provenance deferred to V04C,
V03F00697,CANDIDATE,92:FD0B:E0M1X1:C1:DBR??:C,RETURN,RTS $097D0B,return target/status provenance deferred to V04C,
V03F00698,CANDIDATE,80:F516:E0M0X0:C?:DBR??:C,RETURN,RTS $007516,return target/status provenance deferred to V04C,
V03F00699,CANDIDATE,80:F565:E0M0X0:C?:DBR??:C,RETURN,RTS $007565,return target/status provenance deferred to V04C,
V03F00700,CANDIDATE,92:FCF4:E0M1X1:C1:DBR??:C,RETURN,RTS $097CF4,return target/status provenance deferred to V04C,
V03F00701,CANDIDATE,80:9DF5:E0M1X1:C?:DBR??:C,RETURN,RTS $001DF5,return target/status provenance deferred to V04C,
V03F00702,CANDIDATE,80:9D52:E0M1X1:C?:DBR??:C,RETURN,RTS $001D52,return target/status provenance deferred to V04C,
V03F00703,CANDIDATE,80:CFBF:E0M1X1:C?:DBR??:C,RETURN,RTS $004FBF,return target/status provenance deferred to V04C,
V03F00704,CANDIDATE,80:CF6C:E0M1X1:C?:DBR??:C,RETURN,RTS $004F6C,return target/status provenance deferred to V04C,
V03F00705,CANDIDATE,80:DC5C:E0M0X1:C?:DBR??:C,STATUS_WIDTH,PLP $005C5C,native PLP restores M/X from stack; V03C does not prove stack status producers,80:DC5D
V03F00706,CANDIDATE,80:A008:E0M1X1:C?:DBR??:C,RETURN,RTS $002008,return target/status provenance deferred to V04C,
V03F00707,CANDIDATE,80:E573:E0M0X0:C?:DBR??:C,RETURN,RTS $006573,return target/status provenance deferred to V04C,
V03F00708,CANDIDATE,80:EFCD:E0M0X0:C?:DBR??:C,RETURN,RTS $006FCD,return target/status provenance deferred to V04C,
V03F00709,CANDIDATE,80:9DC7:E0M1X1:C?:DBR??:C,RETURN,RTS $001DC7,return target/status provenance deferred to V04C,
V03F00710,CANDIDATE,80:9CA4:E0M1X1:C?:DBR??:C,RETURN,RTS $001CA4,return target/status provenance deferred to V04C,
V03F00711,CANDIDATE,80:99C8:E0M1X1:C?:DBR??:C,RETURN,RTS $0019C8,return target/status provenance deferred to V04C,
V03F00712,CANDIDATE,81:89DE:E0M1X1:C?:DBR??:C,RETURN,RTL $0089DE,return target/status provenance deferred to V04C,
V03F00713,CANDIDATE,80:E7CF:E0M0X0:C?:DBR??:C,RETURN,RTS $0067CF,return target/status provenance deferred to V04C,
V03F00714,CANDIDATE,81:808A:E0M1X1:C?:DBR??:C,RETURN,RTL $00808A,return target/status provenance deferred to V04C,
V03F00715,CANDIDATE,80:D0A1:E0M1X1:C?:DBR??:C,RETURN,RTS $0050A1,return target/status provenance deferred to V04C,
V03F00716,CANDIDATE,80:D355:E0M1X1:C?:DBR??:C,RETURN,RTS $005355,return target/status provenance deferred to V04C,
V03F00717,CANDIDATE,81:9128:E0M1X1:C?:DBR??:C,RETURN,RTS $009128,return target/status provenance deferred to V04C,
V03F00718,CANDIDATE,80:962D:E0M1X1:C?:DBR??:C,RETURN,RTS $00162D,return target/status provenance deferred to V04C,
V03F00719,CANDIDATE,80:B463:E0M1X1:C?:DBR??:C,RETURN,RTS $003463,return target/status provenance deferred to V04C,
V03F00720,CANDIDATE,9F:FB36:E0M0X0:C?:DBR??:C,STATUS_WIDTH,PLP $0FFB36,native PLP restores M/X from stack; V03C does not prove stack status producers,9F:FB37
V03F00721,CANDIDATE,80:DFAF:E0M1X1:C?:DBR??:C,RETURN,RTS $005FAF,return target/status provenance deferred to V04C,
V03F00722,CANDIDATE,81:C5CB:E0M1X1:C?:DBR??:C,RETURN,RTS $00C5CB,return target/status provenance deferred to V04C,
V03F00723,CANDIDATE,81:C5C6:E0M1X1:C?:DBR??:C,RETURN,RTS $00C5C6,return target/status provenance deferred to V04C,
V03F00724,CANDIDATE,81:8A26:E0M1X1:C?:DBR??:C,RETURN,RTL $008A26,return target/status provenance deferred to V04C,
V03F00725,CANDIDATE,81:8A00:E0M1X1:C?:DBR81:C,RETURN,RTS $008A00,return target/status provenance deferred to V04C,
V03F00726,CANDIDATE,80:8ACD:E0M1X1:C?:DBR??:C,RETURN,RTS $000ACD,return target/status provenance deferred to V04C,
V03F00727,CANDIDATE,80:C5F9:E0M1X1:C?:DBR80:C,RETURN,RTS $0045F9,return target/status provenance deferred to V04C,
V03F00728,CANDIDATE,81:9F5B:E0M1X1:C?:DBR??:C,RETURN,RTL $009F5B,return target/status provenance deferred to V04C,
V03F00729,CANDIDATE,81:809B:E0M0X0:C?:DBR81:C,RETURN,RTS $00809B,return target/status provenance deferred to V04C,
V03F00730,CANDIDATE,81:ABEC:E0M1X1:C?:DBR??:C,RETURN,RTL $00ABEC,return target/status provenance deferred to V04C,
V03F00731,CANDIDATE,80:E0A2:E0M1X1:C?:DBR??:C,RETURN,RTS $0060A2,return target/status provenance deferred to V04C,
V03F00732,CANDIDATE,80:ABD0:E0M1X1:C?:DBR??:C,RETURN,RTS $002BD0,return target/status provenance deferred to V04C,
V03F00733,CANDIDATE,80:FDA4:E0M1X1:C?:DBR??:C,RETURN,RTS $007DA4,return target/status provenance deferred to V04C,
V03F00734,CANDIDATE,81:A042:E0M1X1:C?:DBR??:C,RETURN,RTS $00A042,return target/status provenance deferred to V04C,
V03F00735,CANDIDATE,9F:FBA2:E0M0X0:C?:DBR??:C,RETURN,RTS $0FFBA2,return target/status provenance deferred to V04C,
V03F00736,CANDIDATE,80:A483:E0M1X1:C?:DBR??:C,RETURN,RTS $002483,return target/status provenance deferred to V04C,
V03F00737,CANDIDATE,80:E7AF:E0M0X0:C?:DBR??:C,RETURN,RTS $0067AF,return target/status provenance deferred to V04C,
V03F00738,CANDIDATE,92:E615:E0M1X1:C?:DBR??:C,RETURN,RTL $096615,return target/status provenance deferred to V04C,
V03F00739,CANDIDATE,80:C865:E0M1X1:C?:DBR??:C,RETURN,RTS $004865,return target/status provenance deferred to V04C,
V03F00740,CANDIDATE,80:A489:E0M1X1:C?:DBR??:C,DYNAMIC_TARGET,JMP/ABS_X_IND $002489,indirect jump target set requires producer/consumer proof in V04C,
V03F00741,CANDIDATE,80:F209:E0M0X0:C?:DBR??:C,RETURN,RTS $007209,return target/status provenance deferred to V04C,
V03F00742,CANDIDATE,92:8BAF:E0M0X0:C?:DBR??:C,DYNAMIC_TARGET,JSR/ABS_X_IND $090BAF,indexed/indirect call target set deferred to V04C,
V03F00743,CANDIDATE,81:8F83:E0M1X1:C?:DBR??:C,RETURN,RTS $008F83,return target/status provenance deferred to V04C,
V03F00744,CANDIDATE,80:8DC0:E0M1X1:C?:DBR??:C,RETURN,RTS $000DC0,return target/status provenance deferred to V04C,
V03F00745,CANDIDATE,80:A5C5:E0M1X1:C?:DBR??:C,RETURN,RTS $0025C5,return target/status provenance deferred to V04C,
V03F00746,CANDIDATE,80:A5BB:E0M1X1:C?:DBR??:C,RETURN,RTS $0025BB,return target/status provenance deferred to V04C,
V03F00747,CANDIDATE,80:A53F:E0M1X1:C?:DBR??:C,RETURN,RTS $00253F,return target/status provenance deferred to V04C,
V03F00748,CANDIDATE,80:BC98:E0M1X1:C?:DBR??:C,RETURN,RTS $003C98,return target/status provenance deferred to V04C,
V03F00749,CANDIDATE,81:C5EF:E0M1X1:C?:DBR81:C,RETURN,RTS $00C5EF,return target/status provenance deferred to V04C,
V03F00750,CANDIDATE,81:8A00:E0M1X1:C?:DBR??:C,RETURN,RTS $008A00,return target/status provenance deferred to V04C,
V03F00751,CANDIDATE,81:809B:E0M0X0:C?:DBR??:C,RETURN,RTS $00809B,return target/status provenance deferred to V04C,
V03F00752,CANDIDATE,81:C235:E0M0X0:C?:DBR??:C,RETURN,RTS $00C235,return target/status provenance deferred to V04C,
V03F00753,CANDIDATE,92:A7E4:E0M0X0:C?:DBR??:C,RETURN,RTS $0927E4,return target/status provenance deferred to V04C,
V03F00754,CANDIDATE,80:A573:E0M1X1:C?:DBR??:C,RETURN,RTS $002573,return target/status provenance deferred to V04C,
V03F00755,CANDIDATE,80:BD05:E0M1X0:C?:DBR??:C,RETURN,RTS $003D05,return target/status provenance deferred to V04C,
V03F00756,CANDIDATE,80:C7DE:E0M1X1:C?:DBR??:C,RETURN,RTS $0047DE,return target/status provenance deferred to V04C,
V03F00757,CANDIDATE,80:A5CF:E0M1X1:C?:DBR??:C,RETURN,RTS $0025CF,return target/status provenance deferred to V04C,
V03F00758,CANDIDATE,80:ED97:E0M0X0:C?:DBR??:C,RETURN,RTS $006D97,return target/status provenance deferred to V04C,
V03F00759,CANDIDATE,80:C865:E0M1X1:C?:DBR80:C,RETURN,RTS $004865,return target/status provenance deferred to V04C,
V03F00760,CANDIDATE,81:C617:E0M1X1:C?:DBR81:C,RETURN,RTS $00C617,return target/status provenance deferred to V04C,
V03F00761,CANDIDATE,80:F5C0:E0M0X0:C?:DBR??:C,RETURN,RTS $0075C0,return target/status provenance deferred to V04C,
V03F00762,CANDIDATE,80:D3BA:E0M1X1:C?:DBR??:C,RETURN,RTS $0053BA,return target/status provenance deferred to V04C,
V03F00763,CANDIDATE,9F:FB53:E0M0X0:C?:DBR??:C,STATUS_WIDTH,PLP $0FFB53,native PLP restores M/X from stack; V03C does not prove stack status producers,9F:FB54
V03F00764,CANDIDATE,9F:FB53:E0M0X1:C?:DBR??:C,STATUS_WIDTH,PLP $0FFB53,native PLP restores M/X from stack; V03C does not prove stack status producers,9F:FB54
V03F00765,CANDIDATE,92:A7E1:E0M0X0:C?:DBR??:C,DYNAMIC_TARGET,JSR/ABS_X_IND $0927E1,indexed/indirect call target set deferred to V04C,
V03F00766,CANDIDATE,80:FF26:E0M1X1:C?:DBR??:C,RETURN,RTS $007F26,return target/status provenance deferred to V04C,
V03F00767,CANDIDATE,80:FB5B:E0M1X0:C?:DBR??:C,RETURN,RTS $007B5B,return target/status provenance deferred to V04C,
V03F00768,CANDIDATE,80:D342:E0M1X1:C?:DBR??:C,RETURN,RTS $005342,return target/status provenance deferred to V04C,
V03F00769,CANDIDATE,80:BCE9:E0M1X1:C?:DBR??:C,RETURN,RTS $003CE9,return target/status provenance deferred to V04C,
V03F00770,CANDIDATE,92:E63C:E0M1X1:C?:DBR92:C,RETURN,RTS $09663C,return target/status provenance deferred to V04C,
V03F00771,CANDIDATE,92:E6F7:E0M1X1:C?:DBR??:C,RETURN,RTS $0966F7,return target/status provenance deferred to V04C,
V03F00772,CANDIDATE,80:E989:E0M0X0:C?:DBR??:C,RETURN,RTS $006989,return target/status provenance deferred to V04C,
V03F00773,CANDIDATE,80:A53B:E0M1X1:C?:DBR??:C,RETURN,RTS $00253B,return target/status provenance deferred to V04C,
V03F00774,CANDIDATE,80:E872:E0M0X0:C?:DBR??:C,RETURN,RTS $006872,return target/status provenance deferred to V04C,
V03F00775,CANDIDATE,81:8F6A:E0M1X1:C?:DBR??:C,RETURN,RTS $008F6A,return target/status provenance deferred to V04C,
V03F00776,CANDIDATE,81:C5EF:E0M1X1:C?:DBR??:C,RETURN,RTS $00C5EF,return target/status provenance deferred to V04C,
V03F00777,CANDIDATE,92:8BC9:E0M0X0:C?:DBR??:C,STATUS_WIDTH,PLP $090BC9,native PLP restores M/X from stack; V03C does not prove stack status producers,92:8BCA
V03F00778,CANDIDATE,80:A537:E0M1X1:C?:DBR??:C,RETURN,RTS $002537,return target/status provenance deferred to V04C,
V03F00779,CANDIDATE,80:F93D:E0M1X0:C?:DBR??:C,STATUS_WIDTH,PLP $00793D,native PLP restores M/X from stack; V03C does not prove stack status producers,80:F93E
V03F00780,CANDIDATE,92:A666:E0M0X0:C?:DBR??:C,RETURN,RTS $092666,return target/status provenance deferred to V04C,
V03F00781,CANDIDATE,92:8BCA:E0M0X0:C?:DBR??:C,RETURN,RTL $090BCA,return target/status provenance deferred to V04C,
V03F00782,CANDIDATE,92:8BCA:E0M0X1:C?:DBR??:C,RETURN,RTL $090BCA,return target/status provenance deferred to V04C,
V03F00783,CANDIDATE,92:8BCA:E0M1X0:C?:DBR??:C,RETURN,RTL $090BCA,return target/status provenance deferred to V04C,
V03F00784,CANDIDATE,92:8BCA:E0M1X1:C?:DBR??:C,RETURN,RTL $090BCA,return target/status provenance deferred to V04C,
V03F00785,CANDIDATE,80:E067:E0M1X1:C?:DBR??:C,RETURN,RTS $006067,return target/status provenance deferred to V04C,
V03F00786,CANDIDATE,81:C617:E0M1X1:C?:DBR??:C,RETURN,RTS $00C617,return target/status provenance deferred to V04C,
V03F00787,CANDIDATE,92:A22D:E0M0X0:C?:DBR??:C,RETURN,RTS $09222D,return target/status provenance deferred to V04C,
V03F00788,CANDIDATE,92:E6EC:E0M1X1:C?:DBR??:C,RETURN,RTS $0966EC,return target/status provenance deferred to V04C,
V03F00789,CANDIDATE,80:B4CC:E0M1X1:C?:DBR??:C,RETURN,RTS $0034CC,return target/status provenance deferred to V04C,
V03F00790,CANDIDATE,80:D41F:E0M1X1:C?:DBR??:C,RETURN,RTS $00541F,return target/status provenance deferred to V04C,
V03F00791,CANDIDATE,92:A22A:E0M0X0:C?:DBR??:C,DYNAMIC_TARGET,JMP/ABS_IND $09222A,indirect jump target set requires producer/consumer proof in V04C,
V03F00792,CANDIDATE,81:D805:E0M1X1:C?:DBR??:C,RETURN,RTS $00D805,return target/status provenance deferred to V04C,
V03F00793,CANDIDATE,92:E60A:E0M1X1:C?:DBR??:C,RETURN,RTL $09660A,return target/status provenance deferred to V04C,
V03F00794,CANDIDATE,80:B4FD:E0M1X1:C?:DBR??:C,RETURN,RTS $0034FD,return target/status provenance deferred to V04C,
V03F00795,CANDIDATE,9F:FB77:E0M0X0:C?:DBR??:C,RETURN,RTS $0FFB77,return target/status provenance deferred to V04C,
V03F00796,CANDIDATE,81:9016:E0M1X1:C?:DBR??:C,RETURN,RTS $009016,return target/status provenance deferred to V04C,
V03F00797,CANDIDATE,80:EB56:E0M0X0:C?:DBR??:C,RETURN,RTS $006B56,return target/status provenance deferred to V04C,
V03F00798,CANDIDATE,80:F37F:E0M0X0:C?:DBR??:C,RETURN,RTS $00737F,return target/status provenance deferred to V04C,
V03F00799,CANDIDATE,92:E444:E0M1X1:C?:DBR??:C,RETURN,RTL $096444,return target/status provenance deferred to V04C,
V03F00800,CANDIDATE,92:EFF0:E0M1X1:C?:DBR??:C,RETURN,RTL $096FF0,return target/status provenance deferred to V04C,
V03F00801,CANDIDATE,92:A643:E0M0X0:C?:DBR??:C,DYNAMIC_TARGET,JSR/ABS_X_IND $092643,indexed/indirect call target set deferred to V04C,
V03F00802,CANDIDATE,80:B65C:E0M1X1:C?:DBR??:C,RETURN,RTS $00365C,return target/status provenance deferred to V04C,
V03F00803,CANDIDATE,80:EF0D:E0M0X0:C?:DBR??:C,RETURN,RTS $006F0D,return target/status provenance deferred to V04C,
V03F00804,CANDIDATE,80:FDFC:E0M1X1:C?:DBR??:C,DYNAMIC_TARGET,JSR/ABS_X_IND $007DFC,indexed/indirect call target set deferred to V04C,
V03F00805,CANDIDATE,80:F736:E0M0X0:C?:DBR??:C,RETURN,RTS $007736,return target/status provenance deferred to V04C,
V03F00806,CANDIDATE,81:8EB4:E0M1X1:C?:DBR??:C,RETURN,RTS $008EB4,return target/status provenance deferred to V04C,
V03F00807,CANDIDATE,80:E969:E0M0X0:C?:DBR??:C,RETURN,RTS $006969,return target/status provenance deferred to V04C,
V03F00808,CANDIDATE,80:F293:E0M0X0:C?:DBR??:C,RETURN,RTS $007293,return target/status provenance deferred to V04C,
V03F00809,CANDIDATE,9F:F8EB:E0M0X0:C?:DBR??:C,RETURN,RTS $0FF8EB,return target/status provenance deferred to V04C,
V03F00810,CANDIDATE,80:E8DF:E0M0X0:C?:DBR??:C,RETURN,RTS $0068DF,return target/status provenance deferred to V04C,
V03F00811,CANDIDATE,80:E962:E0M0X0:C?:DBR??:C,RETURN,RTS $006962,return target/status provenance deferred to V04C,
V03F00812,CANDIDATE,80:EE21:E0M0X0:C?:DBR??:C,RETURN,RTS $006E21,return target/status provenance deferred to V04C,
V03F00813,CANDIDATE,81:8F3E:E0M1X1:C?:DBR??:C,RETURN,RTS $008F3E,return target/status provenance deferred to V04C,
V03F00814,CANDIDATE,80:EA09:E0M0X0:C?:DBR??:C,RETURN,RTS $006A09,return target/status provenance deferred to V04C,
V03F00815,CANDIDATE,80:F28C:E0M0X0:C?:DBR??:C,RETURN,RTS $00728C,return target/status provenance deferred to V04C,
V03F00816,CANDIDATE,80:F64A:E0M0X0:C?:DBR??:C,RETURN,RTS $00764A,return target/status provenance deferred to V04C,
V03F00817,CANDIDATE,92:EEF8:E0M1X0:C?:DBR??:C,STATUS_WIDTH,PLP $096EF8,native PLP restores M/X from stack; V03C does not prove stack status producers,92:EEF9
V03F00818,CANDIDATE,80:FE0E:E0M1X1:C?:DBR??:C,DYNAMIC_TARGET,JSR/ABS_X_IND $007E0E,indexed/indirect call target set deferred to V04C,
V03F00819,CANDIDATE,80:EE1A:E0M0X0:C?:DBR??:C,RETURN,RTS $006E1A,return target/status provenance deferred to V04C,
V03F00820,CANDIDATE,81:D0C2:E0M1X1:C?:DBR??:C,DYNAMIC_TARGET,JSR/ABS_X_IND $00D0C2,indexed/indirect call target set deferred to V04C,
V03F00821,CANDIDATE,92:EEF9:E0M0X0:C?:DBR??:C,RETURN,RTS $096EF9,return target/status provenance deferred to V04C,
V03F00822,CANDIDATE,92:EEF9:E0M0X1:C?:DBR??:C,RETURN,RTS $096EF9,return target/status provenance deferred to V04C,
V03F00823,CANDIDATE,92:EEF9:E0M1X0:C?:DBR??:C,RETURN,RTS $096EF9,return target/status provenance deferred to V04C,
V03F00824,CANDIDATE,92:EEF9:E0M1X1:C?:DBR??:C,RETURN,RTS $096EF9,return target/status provenance deferred to V04C,
V03F00825,CANDIDATE,81:B6D1:E0M0X0:C1:DBR??:C,RETURN,RTS $00B6D1,return target/status provenance deferred to V04C,
V03F00826,CANDIDATE,81:8FC2:E0M1X1:C?:DBR??:C,RETURN,RTS $008FC2,return target/status provenance deferred to V04C,
V03F00827,CANDIDATE,80:BBE4:E0M1X1:C?:DBR??:C,RETURN,RTS $003BE4,return target/status provenance deferred to V04C,
V03F00828,CANDIDATE,80:F643:E0M0X0:C?:DBR??:C,RETURN,RTS $007643,return target/status provenance deferred to V04C,
V03F00829,CANDIDATE,80:B70B:E0M1X1:C?:DBR??:C,RETURN,RTS $00370B,return target/status provenance deferred to V04C,
V03F00830,CANDIDATE,81:B6CF:E0M0X0:C0:DBR??:C,RETURN,RTS $00B6CF,return target/status provenance deferred to V04C,
V03F00831,CANDIDATE,80:CD86:E0M1X1:C?:DBR??:C,RETURN,RTL $004D86,return target/status provenance deferred to V04C,
V03F00832,CANDIDATE,81:C0FC:E0M0X0:C?:DBR??:C,RETURN,RTS $00C0FC,return target/status provenance deferred to V04C,
V03F00833,CANDIDATE,81:8EDE:E0M1X1:C?:DBR??:C,RETURN,RTS $008EDE,return target/status provenance deferred to V04C,
V03F00834,CANDIDATE,92:E6BB:E0M1X1:C?:DBR??:C,RETURN,RTS $0966BB,return target/status provenance deferred to V04C,
V03F00835,CANDIDATE,80:B79D:E0M1X1:C?:DBR??:C,RETURN,RTS $00379D,return target/status provenance deferred to V04C,
V03F00836,CANDIDATE,80:C5E7:E0M1X1:C?:DBR??:C,RETURN,RTS $0045E7,return target/status provenance deferred to V04C,
V03F00837,CANDIDATE,80:B766:E0M1X1:C?:DBR??:C,RETURN,RTS $003766,return target/status provenance deferred to V04C,
V03F00838,CANDIDATE,81:9F5B:E0M0X0:C?:DBR??:C,RETURN,RTL $009F5B,return target/status provenance deferred to V04C,
V03F00839,CANDIDATE,80:9E60:E0M1X1:C?:DBR??:C,RETURN,RTS $001E60,return target/status provenance deferred to V04C,
V03F00840,CANDIDATE,80:FEF2:E0M1X1:C?:DBR??:C,RETURN,RTS $007EF2,return target/status provenance deferred to V04C,
V03F00841,CANDIDATE,81:D862:E0M1X1:C?:DBR??:C,RETURN,RTS $00D862,return target/status provenance deferred to V04C,
V03F00842,CANDIDATE,81:C1AD:E0M0X0:C?:DBR??:C,RETURN,RTS $00C1AD,return target/status provenance deferred to V04C,
V03F00843,CANDIDATE,80:B77A:E0M1X1:C?:DBR??:C,RETURN,RTS $00377A,return target/status provenance deferred to V04C,
V03F00844,CANDIDATE,80:FF16:E0M1X1:C?:DBR??:C,RETURN,RTS $007F16,return target/status provenance deferred to V04C,
V03F00845,CANDIDATE,9F:F007:E0M0X0:C?:DBR??:C,RETURN,RTL $0FF007,return target/status provenance deferred to V04C,
V03F00846,CANDIDATE,81:8FFF:E0M1X1:C?:DBR??:C,RETURN,RTS $008FFF,return target/status provenance deferred to V04C,
V03F00847,CANDIDATE,80:FF0F:E0M1X1:C?:DBR??:C,RETURN,RTS $007F0F,return target/status provenance deferred to V04C,
V03F00848,CANDIDATE,9F:F011:E0M0X0:C?:DBR9F:C,RETURN,RTS $0FF011,return target/status provenance deferred to V04C,
V03F00849,CANDIDATE,80:FEC1:E0M1X1:C?:DBR??:C,RETURN,RTS $007EC1,return target/status provenance deferred to V04C,
V03F00850,CANDIDATE,80:FEFF:E0M1X1:C?:DBR??:C,RETURN,RTS $007EFF,return target/status provenance deferred to V04C,
V03F00851,CANDIDATE,9F:F01B:E0M0X0:C?:DBR9F:C,DYNAMIC_TARGET,JMP/ABS_X_IND $0FF01B,indirect jump target set requires producer/consumer proof in V04C,
V03F00852,CANDIDATE,81:B6AA:E0M0X0:C?:DBR??:C,RETURN,RTS $00B6AA,return target/status provenance deferred to V04C,
V03F00853,CANDIDATE,80:C5E7:E0M1X1:C?:DBR80:C,RETURN,RTS $0045E7,return target/status provenance deferred to V04C,
V03F00854,CANDIDATE,80:8ECA:E0M1X1:C?:DBR??:C,RETURN,RTS $000ECA,return target/status provenance deferred to V04C,
V03F00855,CANDIDATE,80:EA6A:E0M0X0:C?:DBR??:C,RETURN,RTS $006A6A,return target/status provenance deferred to V04C,
V03F00856,CANDIDATE,80:B7AF:E0M1X1:C?:DBR??:C,RETURN,RTS $0037AF,return target/status provenance deferred to V04C,
V03F00857,CANDIDATE,80:9E4F:E0M1X1:C?:DBR??:C,RETURN,RTS $001E4F,return target/status provenance deferred to V04C,
V03F00858,CANDIDATE,80:B7AA:E0M1X1:C?:DBR??:C,RETURN,RTS $0037AA,return target/status provenance deferred to V04C,
V03F00859,CANDIDATE,80:B683:E0M1X1:C?:DBR??:C,RETURN,RTS $003683,return target/status provenance deferred to V04C,
V03F00860,CANDIDATE,81:D106:E0M1X1:C?:DBR??:C,RETURN,RTS $00D106,return target/status provenance deferred to V04C,
V03F00861,CANDIDATE,80:9072:E0M1X1:C?:DBR??:C,RETURN,RTS $001072,return target/status provenance deferred to V04C,
V03F00862,CANDIDATE,80:B694:E0M1X1:C?:DBR??:C,RETURN,RTS $003694,return target/status provenance deferred to V04C,
V03F00863,CANDIDATE,81:D6CA:E0M1X1:C?:DBR??:C,RETURN,RTS $00D6CA,return target/status provenance deferred to V04C,
V03F00864,CANDIDATE,80:906E:E0M1X1:C?:DBR??:C,RETURN,RTS $00106E,return target/status provenance deferred to V04C,
V03F00865,CANDIDATE,81:9F9C:E0M1X0:C?:DBR??:C,RETURN,RTS $009F9C,return target/status provenance deferred to V04C,
V03F00866,CANDIDATE,9F:FA8C:E0M0X0:C?:DBR??:C,RETURN,RTS $0FFA8C,return target/status provenance deferred to V04C,
V03F00867,CANDIDATE,80:D2FA:E0M1X1:C?:DBR??:C,RETURN,RTS $0052FA,return target/status provenance deferred to V04C,
V03F00868,CANDIDATE,80:9364:E0M1X1:C?:DBR??:C,RETURN,RTS $001364,return target/status provenance deferred to V04C,
V03F00869,CANDIDATE,80:9F06:E0M1X1:C?:DBR??:C,RETURN,RTS $001F06,return target/status provenance deferred to V04C,
V03F00870,CANDIDATE,80:9D37:E0M1X1:C?:DBR??:C,RETURN,RTS $001D37,return target/status provenance deferred to V04C,
V03F00871,CANDIDATE,80:9DE8:E0M1X1:C?:DBR??:C,RETURN,RTS $001DE8,return target/status provenance deferred to V04C,
V03F00872,CANDIDATE,9F:F107:E0M0X0:C?:DBR9F:C,RETURN,RTS $0FF107,return target/status provenance deferred to V04C,
V03F00873,CANDIDATE,9F:F0E6:E0M0X0:C?:DBR??:C,RETURN,RTL $0FF0E6,return target/status provenance deferred to V04C,
V03F00874,CANDIDATE,80:8FED:E0M1X1:C?:DBR??:C,RETURN,RTS $000FED,return target/status provenance deferred to V04C,
