Frontier_ID,Milestone,Predecessor_SHA256,Context,Expected_Bytes,Master_Clock,Class,Stop_Reason,Authority_Needed,Proof_ID,Regression_Test,Status,Successor_Package,Notes
V03F00001,V03C,458128b8afa2a9819ef659cf28e447844959c20f,80:81BF:E1M1X1:C?:DBR??:P,RTI $0001BF,NOT_RUNTIME_TRAVERSED,INTERRUPT_REENTRY,return target/status provenance deferred to V04C,V04C finite source proof or later machine semantics,PENDING_V04C,V03C-FLOW-001,OPEN,,Discovery frontier only; no oracle/trace promotion.
V03F00002,V03C,458128b8afa2a9819ef659cf28e447844959c20f,80:81BF:E0M0X0:C?:DBR??:P,RTI $0001BF,NOT_RUNTIME_TRAVERSED,INTERRUPT_REENTRY,return target/status provenance deferred to V04C,V04C finite source proof or later machine semantics,PENDING_V04C,V03C-FLOW-001,OPEN,,Discovery frontier only; no oracle/trace promotion.
V03F00003,V03C,458128b8afa2a9819ef659cf28e447844959c20f,80:81BF:E0M0X1:C?:DBR??:P,RTI $0001BF,NOT_RUNTIME_TRAVERSED,INTERRUPT_REENTRY,return target/status provenance deferred to V04C,V04C finite source proof or later machine semantics,PENDING_V04C,V03C-FLOW-001,OPEN,,Discovery frontier only; no oracle/trace promotion.
V03F00004,V03C,458128b8afa2a9819ef659cf28e447844959c20f,80:81BF:E0M1X0:C?:DBR??:P,RTI $0001BF,NOT_RUNTIME_TRAVERSED,INTERRUPT_REENTRY,return target/status provenance deferred to V04C,V04C finite source proof or later machine semantics,PENDING_V04C,V03C-FLOW-001,OPEN,,Discovery frontier only; no oracle/trace promotion.
V03F00005,V03C,458128b8afa2a9819ef659cf28e447844959c20f,80:81BF:E0M1X1:C?:DBR??:P,RTI $0001BF,NOT_RUNTIME_TRAVERSED,INTERRUPT_REENTRY,return target/status provenance deferred to V04C,V04C finite source proof or later machine semantics,PENDING_V04C,V03C-FLOW-001,OPEN,,Discovery frontier only; no oracle/trace promotion.
V03F00006,V03C,458128b8afa2a9819ef659cf28e447844959c20f,80:8181:E1M1X1:C?:DBR80:P,JSR/ABS_X_IND $000181,NOT_RUNTIME_TRAVERSED,DYNAMIC_TARGET,indexed/indirect call target set deferred to V04C,V04C finite source proof or later machine semantics,PENDING_V04C,V03C-FLOW-001,OPEN,,Discovery frontier only; no oracle/trace promotion.
V03F00007,V03C,458128b8afa2a9819ef659cf28e447844959c20f,80:8181:E0M1X1:C?:DBR80:P,JSR/ABS_X_IND $000181,NOT_RUNTIME_TRAVERSED,DYNAMIC_TARGET,indexed/indirect call target set deferred to V04C,V04C finite source proof or later machine semantics,PENDING_V04C,V03C-FLOW-001,OPEN,,Discovery frontier only; no oracle/trace promotion.
V03F00008,V03C,458128b8afa2a9819ef659cf28e447844959c20f,80:821A:E1M1X1:C?:DBR80:P,JSR/ABS_X_IND $00021A,NOT_RUNTIME_TRAVERSED,DYNAMIC_TARGET,indexed/indirect call target set deferred to V04C,V04C finite source proof or later machine semantics,PENDING_V04C,V03C-FLOW-001,OPEN,,Discovery frontier only; no oracle/trace promotion.
V03F00009,V03C,458128b8afa2a9819ef659cf28e447844959c20f,80:821A:E0M1X1:C?:DBR80:P,JSR/ABS_X_IND $00021A,NOT_RUNTIME_TRAVERSED,DYNAMIC_TARGET,indexed/indirect call target set deferred to V04C,V04C finite source proof or later machine semantics,PENDING_V04C,V03C-FLOW-001,OPEN,,Discovery frontier only; no oracle/trace promotion.
V03F00010,V03C,458128b8afa2a9819ef659cf28e447844959c20f,80:8196:E1M1X1:C?:DBR??:P,RTI $000196,NOT_RUNTIME_TRAVERSED,INTERRUPT_REENTRY,return target/status provenance deferred to V04C,V04C finite source proof or later machine semantics,PENDING_V04C,V03C-FLOW-001,OPEN,,Discovery frontier only; no oracle/trace promotion.
V03F00011,V03C,458128b8afa2a9819ef659cf28e447844959c20f,80:8196:E0M0X0:C?:DBR??:P,RTI $000196,NOT_RUNTIME_TRAVERSED,INTERRUPT_REENTRY,return target/status provenance deferred to V04C,V04C finite source proof or later machine semantics,PENDING_V04C,V03C-FLOW-001,OPEN,,Discovery frontier only; no oracle/trace promotion.
V03F00012,V03C,458128b8afa2a9819ef659cf28e447844959c20f,80:8226:E0M0X0:C?:DBR??:P,PLP $000226,NOT_RUNTIME_TRAVERSED,STATUS_WIDTH,native PLP restores M/X from stack; V03C does not prove stack status producers,V04C finite source proof or later machine semantics,PENDING_V04C,V03C-FLOW-001,OPEN,,Discovery frontier only; no oracle/trace promotion.
V03F00013,V03C,458128b8afa2a9819ef659cf28e447844959c20f,80:8227:E1M1X1:C?:DBR??:P,RTI $000227,NOT_RUNTIME_TRAVERSED,INTERRUPT_REENTRY,return target/status provenance deferred to V04C,V04C finite source proof or later machine semantics,PENDING_V04C,V03C-FLOW-001,OPEN,,Discovery frontier only; no oracle/trace promotion.
V03F00014,V03C,458128b8afa2a9819ef659cf28e447844959c20f,80:8227:E0M0X0:C?:DBR??:C,RTI $000227,NOT_RUNTIME_TRAVERSED,INTERRUPT_REENTRY,return target/status provenance deferred to V04C,V04C finite source proof or later machine semantics,PENDING_V04C,V03C-FLOW-001,OPEN,,Discovery frontier only; no oracle/trace promotion.
V03F00015,V03C,458128b8afa2a9819ef659cf28e447844959c20f,80:8227:E0M0X1:C?:DBR??:C,RTI $000227,NOT_RUNTIME_TRAVERSED,INTERRUPT_REENTRY,return target/status provenance deferred to V04C,V04C finite source proof or later machine semantics,PENDING_V04C,V03C-FLOW-001,OPEN,,Discovery frontier only; no oracle/trace promotion.
V03F00016,V03C,458128b8afa2a9819ef659cf28e447844959c20f,80:8227:E0M1X0:C?:DBR??:C,RTI $000227,NOT_RUNTIME_TRAVERSED,INTERRUPT_REENTRY,return target/status provenance deferred to V04C,V04C finite source proof or later machine semantics,PENDING_V04C,V03C-FLOW-001,OPEN,,Discovery frontier only; no oracle/trace promotion.
V03F00017,V03C,458128b8afa2a9819ef659cf28e447844959c20f,80:8227:E0M1X1:C?:DBR??:C,RTI $000227,NOT_RUNTIME_TRAVERSED,INTERRUPT_REENTRY,return target/status provenance deferred to V04C,V04C finite source proof or later machine semantics,PENDING_V04C,V03C-FLOW-001,OPEN,,Discovery frontier only; no oracle/trace promotion.
V03F00018,V03C,458128b8afa2a9819ef659cf28e447844959c20f,80:FC24:E1M1X1:C?:DBR??:C,JSR/ABS_X_IND $007C24,NOT_RUNTIME_TRAVERSED,DYNAMIC_TARGET,indexed/indirect call target set deferred to V04C,V04C finite source proof or later machine semantics,PENDING_V04C,V03C-FLOW-001,OPEN,,Discovery frontier only; no oracle/trace promotion.
V03F00019,V03C,458128b8afa2a9819ef659cf28e447844959c20f,80:FC24:E0M1X1:C?:DBR??:C,JSR/ABS_X_IND $007C24,NOT_RUNTIME_TRAVERSED,DYNAMIC_TARGET,indexed/indirect call target set deferred to V04C,V04C finite source proof or later machine semantics,PENDING_V04C,V03C-FLOW-001,OPEN,,Discovery frontier only; no oracle/trace promotion.
V03F00020,V03C,458128b8afa2a9819ef659cf28e447844959c20f,80:8226:E0M0X0:C?:DBR??:C,PLP $000226,NOT_RUNTIME_TRAVERSED,STATUS_WIDTH,native PLP restores M/X from stack; V03C does not prove stack status producers,V04C finite source proof or later machine semantics,PENDING_V04C,V03C-FLOW-001,OPEN,,Discovery frontier only; no oracle/trace promotion.
V03F00021,V03C,458128b8afa2a9819ef659cf28e447844959c20f,80:8196:E1M1X1:C?:DBR??:C,RTI $000196,NOT_RUNTIME_TRAVERSED,INTERRUPT_REENTRY,return target/status provenance deferred to V04C,V04C finite source proof or later machine semantics,PENDING_V04C,V03C-FLOW-001,OPEN,,Discovery frontier only; no oracle/trace promotion.
V03F00022,V03C,458128b8afa2a9819ef659cf28e447844959c20f,80:8227:E1M1X1:C?:DBR??:C,RTI $000227,NOT_RUNTIME_TRAVERSED,INTERRUPT_REENTRY,return target/status provenance deferred to V04C,V04C finite source proof or later machine semantics,PENDING_V04C,V03C-FLOW-001,OPEN,,Discovery frontier only; no oracle/trace promotion.
V03F00023,V03C,458128b8afa2a9819ef659cf28e447844959c20f,80:DCBD:E0M0X0:C?:DBR??:C,PLP $005CBD,NOT_RUNTIME_TRAVERSED,STATUS_WIDTH,native PLP restores M/X from stack; V03C does not prove stack status producers,V04C finite source proof or later machine semantics,PENDING_V04C,V03C-FLOW-001,OPEN,,Discovery frontier only; no oracle/trace promotion.
V03F00024,V03C,458128b8afa2a9819ef659cf28e447844959c20f,80:FC27:E0M1X1:C?:DBR??:C,PLP $007C27,NOT_RUNTIME_TRAVERSED,STATUS_WIDTH,native PLP restores M/X from stack; V03C does not prove stack status producers,V04C finite source proof or later machine semantics,PENDING_V04C,V03C-FLOW-001,OPEN,,Discovery frontier only; no oracle/trace promotion.
V03F00025,V03C,458128b8afa2a9819ef659cf28e447844959c20f,80:8196:E0M0X0:C?:DBR??:C,RTI $000196,NOT_RUNTIME_TRAVERSED,INTERRUPT_REENTRY,return target/status provenance deferred to V04C,V04C finite source proof or later machine semantics,PENDING_V04C,V03C-FLOW-001,OPEN,,Discovery frontier only; no oracle/trace promotion.
V03F00026,V03C,458128b8afa2a9819ef659cf28e447844959c20f,80:FC28:E1M1X1:C?:DBR??:C,RTS $007C28,NOT_RUNTIME_TRAVERSED,RETURN,return target/status provenance deferred to V04C,V04C finite source proof or later machine semantics,PENDING_V04C,V03C-FLOW-001,OPEN,,Discovery frontier only; no oracle/trace promotion.
V03F00027,V03C,458128b8afa2a9819ef659cf28e447844959c20f,80:DCBE:E0M0X0:C?:DBR??:C,RTS $005CBE,NOT_RUNTIME_TRAVERSED,RETURN,return target/status provenance deferred to V04C,V04C finite source proof or later machine semantics,PENDING_V04C,V03C-FLOW-001,OPEN,,Discovery frontier only; no oracle/trace promotion.
V03F00028,V03C,458128b8afa2a9819ef659cf28e447844959c20f,80:DCBE:E0M0X1:C?:DBR??:C,RTS $005CBE,NOT_RUNTIME_TRAVERSED,RETURN,return target/status provenance deferred to V04C,V04C finite source proof or later machine semantics,PENDING_V04C,V03C-FLOW-001,OPEN,,Discovery frontier only; no oracle/trace promotion.
V03F00029,V03C,458128b8afa2a9819ef659cf28e447844959c20f,80:DCBE:E0M1X0:C?:DBR??:C,RTS $005CBE,NOT_RUNTIME_TRAVERSED,RETURN,return target/status provenance deferred to V04C,V04C finite source proof or later machine semantics,PENDING_V04C,V03C-FLOW-001,OPEN,,Discovery frontier only; no oracle/trace promotion.
V03F00030,V03C,458128b8afa2a9819ef659cf28e447844959c20f,80:DCBE:E0M1X1:C?:DBR??:C,RTS $005CBE,NOT_RUNTIME_TRAVERSED,RETURN,return target/status provenance deferred to V04C,V04C finite source proof or later machine semantics,PENDING_V04C,V03C-FLOW-001,OPEN,,Discovery frontier only; no oracle/trace promotion.
V03F00031,V03C,458128b8afa2a9819ef659cf28e447844959c20f,80:FC28:E0M0X0:C?:DBR??:C,RTS $007C28,NOT_RUNTIME_TRAVERSED,RETURN,return target/status provenance deferred to V04C,V04C finite source proof or later machine semantics,PENDING_V04C,V03C-FLOW-001,OPEN,,Discovery frontier only; no oracle/trace promotion.
V03F00032,V03C,458128b8afa2a9819ef659cf28e447844959c20f,80:FC28:E0M0X1:C?:DBR??:C,RTS $007C28,NOT_RUNTIME_TRAVERSED,RETURN,return target/status provenance deferred to V04C,V04C finite source proof or later machine semantics,PENDING_V04C,V03C-FLOW-001,OPEN,,Discovery frontier only; no oracle/trace promotion.
V03F00033,V03C,458128b8afa2a9819ef659cf28e447844959c20f,80:FC28:E0M1X0:C?:DBR??:C,RTS $007C28,NOT_RUNTIME_TRAVERSED,RETURN,return target/status provenance deferred to V04C,V04C finite source proof or later machine semantics,PENDING_V04C,V03C-FLOW-001,OPEN,,Discovery frontier only; no oracle/trace promotion.
V03F00034,V03C,458128b8afa2a9819ef659cf28e447844959c20f,80:FC28:E0M1X1:C?:DBR??:C,RTS $007C28,NOT_RUNTIME_TRAVERSED,RETURN,return target/status provenance deferred to V04C,V04C finite source proof or later machine semantics,PENDING_V04C,V03C-FLOW-001,OPEN,,Discovery frontier only; no oracle/trace promotion.
V03F00035,V03C,458128b8afa2a9819ef659cf28e447844959c20f,80:F981:E0M1X1:C?:DBR??:C,RTS $007981,NOT_RUNTIME_TRAVERSED,RETURN,return target/status provenance deferred to V04C,V04C finite source proof or later machine semantics,PENDING_V04C,V03C-FLOW-001,OPEN,,Discovery frontier only; no oracle/trace promotion.
V03F00036,V03C,458128b8afa2a9819ef659cf28e447844959c20f,80:FB3C:E0M0X1:C?:DBR??:C,PLP $007B3C,NOT_RUNTIME_TRAVERSED,STATUS_WIDTH,native PLP restores M/X from stack; V03C does not prove stack status producers,V04C finite source proof or later machine semantics,PENDING_V04C,V03C-FLOW-001,OPEN,,Discovery frontier only; no oracle/trace promotion.
V03F00037,V03C,458128b8afa2a9819ef659cf28e447844959c20f,80:821A:E1M1X1:C?:DBR80:C,JSR/ABS_X_IND $00021A,NOT_RUNTIME_TRAVERSED,DYNAMIC_TARGET,indexed/indirect call target set deferred to V04C,V04C finite source proof or later machine semantics,PENDING_V04C,V03C-FLOW-001,OPEN,,Discovery frontier only; no oracle/trace promotion.
V03F00038,V03C,458128b8afa2a9819ef659cf28e447844959c20f,80:FB3D:E0M0X0:C?:DBR??:C,RTS $007B3D,NOT_RUNTIME_TRAVERSED,RETURN,return target/status provenance deferred to V04C,V04C finite source proof or later machine semantics,PENDING_V04C,V03C-FLOW-001,OPEN,,Discovery frontier only; no oracle/trace promotion.
V03F00039,V03C,458128b8afa2a9819ef659cf28e447844959c20f,80:FB3D:E0M0X1:C?:DBR??:C,RTS $007B3D,NOT_RUNTIME_TRAVERSED,RETURN,return target/status provenance deferred to V04C,V04C finite source proof or later machine semantics,PENDING_V04C,V03C-FLOW-001,OPEN,,Discovery frontier only; no oracle/trace promotion.
V03F00040,V03C,458128b8afa2a9819ef659cf28e447844959c20f,80:FB3D:E0M1X0:C?:DBR??:C,RTS $007B3D,NOT_RUNTIME_TRAVERSED,RETURN,return target/status provenance deferred to V04C,V04C finite source proof or later machine semantics,PENDING_V04C,V03C-FLOW-001,OPEN,,Discovery frontier only; no oracle/trace promotion.
V03F00041,V03C,458128b8afa2a9819ef659cf28e447844959c20f,80:FB3D:E0M1X1:C?:DBR??:C,RTS $007B3D,NOT_RUNTIME_TRAVERSED,RETURN,return target/status provenance deferred to V04C,V04C finite source proof or later machine semantics,PENDING_V04C,V03C-FLOW-001,OPEN,,Discovery frontier only; no oracle/trace promotion.
V03F00042,V03C,458128b8afa2a9819ef659cf28e447844959c20f,81:AC47:E0M1X1:C?:DBR??:C,RTL $00AC47,NOT_RUNTIME_TRAVERSED,RETURN,return target/status provenance deferred to V04C,V04C finite source proof or later machine semantics,PENDING_V04C,V03C-FLOW-001,OPEN,,Discovery frontier only; no oracle/trace promotion.
V03F00043,V03C,458128b8afa2a9819ef659cf28e447844959c20f,92:F083:E0M1X1:C?:DBR??:C,RTL $097083,NOT_RUNTIME_TRAVERSED,RETURN,return target/status provenance deferred to V04C,V04C finite source proof or later machine semantics,PENDING_V04C,V03C-FLOW-001,OPEN,,Discovery frontier only; no oracle/trace promotion.
V03F00044,V03C,458128b8afa2a9819ef659cf28e447844959c20f,80:812F:E0M1X1:C?:DBR??:C,RTS $00012F,NOT_RUNTIME_TRAVERSED,RETURN,return target/status provenance deferred to V04C,V04C finite source proof or later machine semantics,PENDING_V04C,V03C-FLOW-001,OPEN,,Discovery frontier only; no oracle/trace promotion.
V03F00045,V03C,458128b8afa2a9819ef659cf28e447844959c20f,80:F918:E0M1X1:C?:DBR??:C,RTS $007918,NOT_RUNTIME_TRAVERSED,RETURN,return target/status provenance deferred to V04C,V04C finite source proof or later machine semantics,PENDING_V04C,V03C-FLOW-001,OPEN,,Discovery frontier only; no oracle/trace promotion.
V03F00046,V03C,458128b8afa2a9819ef659cf28e447844959c20f,80:F8FF:E0M1X1:C?:DBR??:C,RTS $0078FF,NOT_RUNTIME_TRAVERSED,RETURN,return target/status provenance deferred to V04C,V04C finite source proof or later machine semantics,PENDING_V04C,V03C-FLOW-001,OPEN,,Discovery frontier only; no oracle/trace promotion.
V03F00047,V03C,458128b8afa2a9819ef659cf28e447844959c20f,80:F996:E0M0X1:C?:DBR??:C,PLP $007996,NOT_RUNTIME_TRAVERSED,STATUS_WIDTH,native PLP restores M/X from stack; V03C does not prove stack status producers,V04C finite source proof or later machine semantics,PENDING_V04C,V03C-FLOW-001,OPEN,,Discovery frontier only; no oracle/trace promotion.
V03F00048,V03C,458128b8afa2a9819ef659cf28e447844959c20f,80:8165:E0M1X1:C?:DBR??:C,RTS $000165,NOT_RUNTIME_TRAVERSED,RETURN,return target/status provenance deferred to V04C,V04C finite source proof or later machine semantics,PENDING_V04C,V03C-FLOW-001,OPEN,,Discovery frontier only; no oracle/trace promotion.
V03F00049,V03C,458128b8afa2a9819ef659cf28e447844959c20f,80:F997:E0M0X0:C?:DBR??:C,RTS $007997,NOT_RUNTIME_TRAVERSED,RETURN,return target/status provenance deferred to V04C,V04C finite source proof or later machine semantics,PENDING_V04C,V03C-FLOW-001,OPEN,,Discovery frontier only; no oracle/trace promotion.
V03F00050,V03C,458128b8afa2a9819ef659cf28e447844959c20f,80:F997:E0M0X1:C?:DBR??:C,RTS $007997,NOT_RUNTIME_TRAVERSED,RETURN,return target/status provenance deferred to V04C,V04C finite source proof or later machine semantics,PENDING_V04C,V03C-FLOW-001,OPEN,,Discovery frontier only; no oracle/trace promotion.
V03F00051,V03C,458128b8afa2a9819ef659cf28e447844959c20f,80:F997:E0M1X0:C?:DBR??:C,RTS $007997,NOT_RUNTIME_TRAVERSED,RETURN,return target/status provenance deferred to V04C,V04C finite source proof or later machine semantics,PENDING_V04C,V03C-FLOW-001,OPEN,,Discovery frontier only; no oracle/trace promotion.
V03F00052,V03C,458128b8afa2a9819ef659cf28e447844959c20f,80:F997:E0M1X1:C?:DBR??:C,RTS $007997,NOT_RUNTIME_TRAVERSED,RETURN,return target/status provenance deferred to V04C,V04C finite source proof or later machine semantics,PENDING_V04C,V03C-FLOW-001,OPEN,,Discovery frontier only; no oracle/trace promotion.
V03F00053,V03C,458128b8afa2a9819ef659cf28e447844959c20f,80:DC7C:E0M1X1:C?:DBR??:C,RTS $005C7C,NOT_RUNTIME_TRAVERSED,RETURN,return target/status provenance deferred to V04C,V04C finite source proof or later machine semantics,PENDING_V04C,V03C-FLOW-001,OPEN,,Discovery frontier only; no oracle/trace promotion.
V03F00054,V03C,458128b8afa2a9819ef659cf28e447844959c20f,80:F9F0:E0M0X0:C?:DBR??:C,PLP $0079F0,NOT_RUNTIME_TRAVERSED,STATUS_WIDTH,native PLP restores M/X from stack; V03C does not prove stack status producers,V04C finite source proof or later machine semantics,PENDING_V04C,V03C-FLOW-001,OPEN,,Discovery frontier only; no oracle/trace promotion.
V03F00055,V03C,458128b8afa2a9819ef659cf28e447844959c20f,80:FB2D:E0M0X0:C?:DBR??:C,PLP $007B2D,NOT_RUNTIME_TRAVERSED,STATUS_WIDTH,native PLP restores M/X from stack; V03C does not prove stack status producers,V04C finite source proof or later machine semantics,PENDING_V04C,V03C-FLOW-001,OPEN,,Discovery frontier only; no oracle/trace promotion.
V03F00056,V03C,458128b8afa2a9819ef659cf28e447844959c20f,80:F9F1:E0M0X0:C?:DBR??:C,RTS $0079F1,NOT_RUNTIME_TRAVERSED,RETURN,return target/status provenance deferred to V04C,V04C finite source proof or later machine semantics,PENDING_V04C,V03C-FLOW-001,OPEN,,Discovery frontier only; no oracle/trace promotion.
V03F00057,V03C,458128b8afa2a9819ef659cf28e447844959c20f,80:F9F1:E0M0X1:C?:DBR??:C,RTS $0079F1,NOT_RUNTIME_TRAVERSED,RETURN,return target/status provenance deferred to V04C,V04C finite source proof or later machine semantics,PENDING_V04C,V03C-FLOW-001,OPEN,,Discovery frontier only; no oracle/trace promotion.
V03F00058,V03C,458128b8afa2a9819ef659cf28e447844959c20f,80:F9F1:E0M1X0:C?:DBR??:C,RTS $0079F1,NOT_RUNTIME_TRAVERSED,RETURN,return target/status provenance deferred to V04C,V04C finite source proof or later machine semantics,PENDING_V04C,V03C-FLOW-001,OPEN,,Discovery frontier only; no oracle/trace promotion.
V03F00059,V03C,458128b8afa2a9819ef659cf28e447844959c20f,80:F9F1:E0M1X1:C?:DBR??:C,RTS $0079F1,NOT_RUNTIME_TRAVERSED,RETURN,return target/status provenance deferred to V04C,V04C finite source proof or later machine semantics,PENDING_V04C,V03C-FLOW-001,OPEN,,Discovery frontier only; no oracle/trace promotion.
V03F00060,V03C,458128b8afa2a9819ef659cf28e447844959c20f,80:FB1B:E0M0X0:C?:DBR??:C,PLP $007B1B,NOT_RUNTIME_TRAVERSED,STATUS_WIDTH,native PLP restores M/X from stack; V03C does not prove stack status producers,V04C finite source proof or later machine semantics,PENDING_V04C,V03C-FLOW-001,OPEN,,Discovery frontier only; no oracle/trace promotion.
V03F00061,V03C,458128b8afa2a9819ef659cf28e447844959c20f,80:FB2E:E0M0X0:C?:DBR??:C,RTS $007B2E,NOT_RUNTIME_TRAVERSED,RETURN,return target/status provenance deferred to V04C,V04C finite source proof or later machine semantics,PENDING_V04C,V03C-FLOW-001,OPEN,,Discovery frontier only; no oracle/trace promotion.
V03F00062,V03C,458128b8afa2a9819ef659cf28e447844959c20f,80:FB2E:E0M0X1:C?:DBR??:C,RTS $007B2E,NOT_RUNTIME_TRAVERSED,RETURN,return target/status provenance deferred to V04C,V04C finite source proof or later machine semantics,PENDING_V04C,V03C-FLOW-001,OPEN,,Discovery frontier only; no oracle/trace promotion.
V03F00063,V03C,458128b8afa2a9819ef659cf28e447844959c20f,80:FB2E:E0M1X0:C?:DBR??:C,RTS $007B2E,NOT_RUNTIME_TRAVERSED,RETURN,return target/status provenance deferred to V04C,V04C finite source proof or later machine semantics,PENDING_V04C,V03C-FLOW-001,OPEN,,Discovery frontier only; no oracle/trace promotion.
V03F00064,V03C,458128b8afa2a9819ef659cf28e447844959c20f,80:FB2E:E0M1X1:C?:DBR??:C,RTS $007B2E,NOT_RUNTIME_TRAVERSED,RETURN,return target/status provenance deferred to V04C,V04C finite source proof or later machine semantics,PENDING_V04C,V03C-FLOW-001,OPEN,,Discovery frontier only; no oracle/trace promotion.
V03F00065,V03C,458128b8afa2a9819ef659cf28e447844959c20f,81:AE75:E0M1X1:C?:DBR??:C,RTS $00AE75,NOT_RUNTIME_TRAVERSED,RETURN,return target/status provenance deferred to V04C,V04C finite source proof or later machine semantics,PENDING_V04C,V03C-FLOW-001,OPEN,,Discovery frontier only; no oracle/trace promotion.
V03F00066,V03C,458128b8afa2a9819ef659cf28e447844959c20f,80:FB1C:E0M0X0:C?:DBR??:C,RTS $007B1C,NOT_RUNTIME_TRAVERSED,RETURN,return target/status provenance deferred to V04C,V04C finite source proof or later machine semantics,PENDING_V04C,V03C-FLOW-001,OPEN,,Discovery frontier only; no oracle/trace promotion.
V03F00067,V03C,458128b8afa2a9819ef659cf28e447844959c20f,80:FB1C:E0M0X1:C?:DBR??:C,RTS $007B1C,NOT_RUNTIME_TRAVERSED,RETURN,return target/status provenance deferred to V04C,V04C finite source proof or later machine semantics,PENDING_V04C,V03C-FLOW-001,OPEN,,Discovery frontier only; no oracle/trace promotion.
V03F00068,V03C,458128b8afa2a9819ef659cf28e447844959c20f,80:FB1C:E0M1X0:C?:DBR??:C,RTS $007B1C,NOT_RUNTIME_TRAVERSED,RETURN,return target/status provenance deferred to V04C,V04C finite source proof or later machine semantics,PENDING_V04C,V03C-FLOW-001,OPEN,,Discovery frontier only; no oracle/trace promotion.
V03F00069,V03C,458128b8afa2a9819ef659cf28e447844959c20f,80:FB1C:E0M1X1:C?:DBR??:C,RTS $007B1C,NOT_RUNTIME_TRAVERSED,RETURN,return target/status provenance deferred to V04C,V04C finite source proof or later machine semantics,PENDING_V04C,V03C-FLOW-001,OPEN,,Discovery frontier only; no oracle/trace promotion.
V03F00070,V03C,458128b8afa2a9819ef659cf28e447844959c20f,81:AD74:E0M0X0:C?:DBR??:C,RTS $00AD74,NOT_RUNTIME_TRAVERSED,RETURN,return target/status provenance deferred to V04C,V04C finite source proof or later machine semantics,PENDING_V04C,V03C-FLOW-001,OPEN,,Discovery frontier only; no oracle/trace promotion.
V03F00071,V03C,458128b8afa2a9819ef659cf28e447844959c20f,92:F04C:E0M1X1:C?:DBR??:C,RTL $09704C,NOT_RUNTIME_TRAVERSED,RETURN,return target/status provenance deferred to V04C,V04C finite source proof or later machine semantics,PENDING_V04C,V03C-FLOW-001,OPEN,,Discovery frontier only; no oracle/trace promotion.
V03F00072,V03C,458128b8afa2a9819ef659cf28e447844959c20f,81:9D69:E0M1X1:C?:DBR??:C,RTS $009D69,NOT_RUNTIME_TRAVERSED,RETURN,return target/status provenance deferred to V04C,V04C finite source proof or later machine semantics,PENDING_V04C,V03C-FLOW-001,OPEN,,Discovery frontier only; no oracle/trace promotion.
V03F00073,V03C,458128b8afa2a9819ef659cf28e447844959c20f,81:AF3F:E0M1X1:C?:DBR??:C,RTS $00AF3F,NOT_RUNTIME_TRAVERSED,RETURN,return target/status provenance deferred to V04C,V04C finite source proof or later machine semantics,PENDING_V04C,V03C-FLOW-001,OPEN,,Discovery frontier only; no oracle/trace promotion.
V03F00074,V03C,458128b8afa2a9819ef659cf28e447844959c20f,80:FB2D:E0M1X0:C?:DBR??:C,PLP $007B2D,NOT_RUNTIME_TRAVERSED,STATUS_WIDTH,native PLP restores M/X from stack; V03C does not prove stack status producers,V04C finite source proof or later machine semantics,PENDING_V04C,V03C-FLOW-001,OPEN,,Discovery frontier only; no oracle/trace promotion.
V03F00075,V03C,458128b8afa2a9819ef659cf28e447844959c20f,80:FA35:E0M0X0:C?:DBR??:C,PLP $007A35,NOT_RUNTIME_TRAVERSED,STATUS_WIDTH,native PLP restores M/X from stack; V03C does not prove stack status producers,V04C finite source proof or later machine semantics,PENDING_V04C,V03C-FLOW-001,OPEN,,Discovery frontier only; no oracle/trace promotion.
V03F00076,V03C,458128b8afa2a9819ef659cf28e447844959c20f,80:83A2:E0M0X0:C?:DBR??:C,RTL $0003A2,NOT_RUNTIME_TRAVERSED,RETURN,return target/status provenance deferred to V04C,V04C finite source proof or later machine semantics,PENDING_V04C,V03C-FLOW-001,OPEN,,Discovery frontier only; no oracle/trace promotion.
V03F00077,V03C,458128b8afa2a9819ef659cf28e447844959c20f,81:9DA6:E0M1X1:C?:DBR??:C,PLP $009DA6,NOT_RUNTIME_TRAVERSED,STATUS_WIDTH,native PLP restores M/X from stack; V03C does not prove stack status producers,V04C finite source proof or later machine semantics,PENDING_V04C,V03C-FLOW-001,OPEN,,Discovery frontier only; no oracle/trace promotion.
V03F00078,V03C,458128b8afa2a9819ef659cf28e447844959c20f,81:9DA3:E0M1X1:C?:DBR??:C,PLP $009DA3,NOT_RUNTIME_TRAVERSED,STATUS_WIDTH,native PLP restores M/X from stack; V03C does not prove stack status producers,V04C finite source proof or later machine semantics,PENDING_V04C,V03C-FLOW-001,OPEN,,Discovery frontier only; no oracle/trace promotion.
V03F00079,V03C,458128b8afa2a9819ef659cf28e447844959c20f,80:F9E9:E0M0X0:C?:DBR??:C,PLP $0079E9,NOT_RUNTIME_TRAVERSED,STATUS_WIDTH,native PLP restores M/X from stack; V03C does not prove stack status producers,V04C finite source proof or later machine semantics,PENDING_V04C,V03C-FLOW-001,OPEN,,Discovery frontier only; no oracle/trace promotion.
V03F00080,V03C,458128b8afa2a9819ef659cf28e447844959c20f,80:F9EA:E0M0X0:C?:DBR??:C,RTS $0079EA,NOT_RUNTIME_TRAVERSED,RETURN,return target/status provenance deferred to V04C,V04C finite source proof or later machine semantics,PENDING_V04C,V03C-FLOW-001,OPEN,,Discovery frontier only; no oracle/trace promotion.
V03F00081,V03C,458128b8afa2a9819ef659cf28e447844959c20f,80:F9EA:E0M0X1:C?:DBR??:C,RTS $0079EA,NOT_RUNTIME_TRAVERSED,RETURN,return target/status provenance deferred to V04C,V04C finite source proof or later machine semantics,PENDING_V04C,V03C-FLOW-001,OPEN,,Discovery frontier only; no oracle/trace promotion.
V03F00082,V03C,458128b8afa2a9819ef659cf28e447844959c20f,80:F9EA:E0M1X0:C?:DBR??:C,RTS $0079EA,NOT_RUNTIME_TRAVERSED,RETURN,return target/status provenance deferred to V04C,V04C finite source proof or later machine semantics,PENDING_V04C,V03C-FLOW-001,OPEN,,Discovery frontier only; no oracle/trace promotion.
V03F00083,V03C,458128b8afa2a9819ef659cf28e447844959c20f,80:F9EA:E0M1X1:C?:DBR??:C,RTS $0079EA,NOT_RUNTIME_TRAVERSED,RETURN,return target/status provenance deferred to V04C,V04C finite source proof or later machine semantics,PENDING_V04C,V03C-FLOW-001,OPEN,,Discovery frontier only; no oracle/trace promotion.
V03F00084,V03C,458128b8afa2a9819ef659cf28e447844959c20f,80:FA37:E0M0X0:C1:DBR??:C,RTS $007A37,NOT_RUNTIME_TRAVERSED,RETURN,return target/status provenance deferred to V04C,V04C finite source proof or later machine semantics,PENDING_V04C,V03C-FLOW-001,OPEN,,Discovery frontier only; no oracle/trace promotion.
V03F00085,V03C,458128b8afa2a9819ef659cf28e447844959c20f,80:FA37:E0M0X1:C1:DBR??:C,RTS $007A37,NOT_RUNTIME_TRAVERSED,RETURN,return target/status provenance deferred to V04C,V04C finite source proof or later machine semantics,PENDING_V04C,V03C-FLOW-001,OPEN,,Discovery frontier only; no oracle/trace promotion.
V03F00086,V03C,458128b8afa2a9819ef659cf28e447844959c20f,80:FA37:E0M1X0:C1:DBR??:C,RTS $007A37,NOT_RUNTIME_TRAVERSED,RETURN,return target/status provenance deferred to V04C,V04C finite source proof or later machine semantics,PENDING_V04C,V03C-FLOW-001,OPEN,,Discovery frontier only; no oracle/trace promotion.
V03F00087,V03C,458128b8afa2a9819ef659cf28e447844959c20f,80:FA37:E0M1X1:C1:DBR??:C,RTS $007A37,NOT_RUNTIME_TRAVERSED,RETURN,return target/status provenance deferred to V04C,V04C finite source proof or later machine semantics,PENDING_V04C,V03C-FLOW-001,OPEN,,Discovery frontier only; no oracle/trace promotion.
V03F00088,V03C,458128b8afa2a9819ef659cf28e447844959c20f,81:9DA8:E0M0X0:C1:DBR??:C,RTS $009DA8,NOT_RUNTIME_TRAVERSED,RETURN,return target/status provenance deferred to V04C,V04C finite source proof or later machine semantics,PENDING_V04C,V03C-FLOW-001,OPEN,,Discovery frontier only; no oracle/trace promotion.
V03F00089,V03C,458128b8afa2a9819ef659cf28e447844959c20f,81:9DA8:E0M0X1:C1:DBR??:C,RTS $009DA8,NOT_RUNTIME_TRAVERSED,RETURN,return target/status provenance deferred to V04C,V04C finite source proof or later machine semantics,PENDING_V04C,V03C-FLOW-001,OPEN,,Discovery frontier only; no oracle/trace promotion.
V03F00090,V03C,458128b8afa2a9819ef659cf28e447844959c20f,81:9DA8:E0M1X0:C1:DBR??:C,RTS $009DA8,NOT_RUNTIME_TRAVERSED,RETURN,return target/status provenance deferred to V04C,V04C finite source proof or later machine semantics,PENDING_V04C,V03C-FLOW-001,OPEN,,Discovery frontier only; no oracle/trace promotion.
V03F00091,V03C,458128b8afa2a9819ef659cf28e447844959c20f,81:9DA8:E0M1X1:C1:DBR??:C,RTS $009DA8,NOT_RUNTIME_TRAVERSED,RETURN,return target/status provenance deferred to V04C,V04C finite source proof or later machine semantics,PENDING_V04C,V03C-FLOW-001,OPEN,,Discovery frontier only; no oracle/trace promotion.
V03F00092,V03C,458128b8afa2a9819ef659cf28e447844959c20f,81:9DA5:E0M0X0:C0:DBR??:C,RTS $009DA5,NOT_RUNTIME_TRAVERSED,RETURN,return target/status provenance deferred to V04C,V04C finite source proof or later machine semantics,PENDING_V04C,V03C-FLOW-001,OPEN,,Discovery frontier only; no oracle/trace promotion.
V03F00093,V03C,458128b8afa2a9819ef659cf28e447844959c20f,81:9DA5:E0M0X1:C0:DBR??:C,RTS $009DA5,NOT_RUNTIME_TRAVERSED,RETURN,return target/status provenance deferred to V04C,V04C finite source proof or later machine semantics,PENDING_V04C,V03C-FLOW-001,OPEN,,Discovery frontier only; no oracle/trace promotion.
V03F00094,V03C,458128b8afa2a9819ef659cf28e447844959c20f,81:9DA5:E0M1X0:C0:DBR??:C,RTS $009DA5,NOT_RUNTIME_TRAVERSED,RETURN,return target/status provenance deferred to V04C,V04C finite source proof or later machine semantics,PENDING_V04C,V03C-FLOW-001,OPEN,,Discovery frontier only; no oracle/trace promotion.
V03F00095,V03C,458128b8afa2a9819ef659cf28e447844959c20f,81:9DA5:E0M1X1:C0:DBR??:C,RTS $009DA5,NOT_RUNTIME_TRAVERSED,RETURN,return target/status provenance deferred to V04C,V04C finite source proof or later machine semantics,PENDING_V04C,V03C-FLOW-001,OPEN,,Discovery frontier only; no oracle/trace promotion.
V03F00096,V03C,458128b8afa2a9819ef659cf28e447844959c20f,81:B6D9:E0M1X1:C?:DBR??:C,RTL $00B6D9,NOT_RUNTIME_TRAVERSED,RETURN,return target/status provenance deferred to V04C,V04C finite source proof or later machine semantics,PENDING_V04C,V03C-FLOW-001,OPEN,,Discovery frontier only; no oracle/trace promotion.
V03F00097,V03C,458128b8afa2a9819ef659cf28e447844959c20f,80:8113:E0M1X1:C?:DBR??:C,RTS $000113,NOT_RUNTIME_TRAVERSED,RETURN,return target/status provenance deferred to V04C,V04C finite source proof or later machine semantics,PENDING_V04C,V03C-FLOW-001,OPEN,,Discovery frontier only; no oracle/trace promotion.
V03F00098,V03C,458128b8afa2a9819ef659cf28e447844959c20f,80:A41C:E0M1X1:C?:DBR??:C,RTL $00241C,NOT_RUNTIME_TRAVERSED,RETURN,return target/status provenance deferred to V04C,V04C finite source proof or later machine semantics,PENDING_V04C,V03C-FLOW-001,OPEN,,Discovery frontier only; no oracle/trace promotion.
V03F00099,V03C,458128b8afa2a9819ef659cf28e447844959c20f,81:AD20:E0M1X1:C?:DBR??:C,RTS $00AD20,NOT_RUNTIME_TRAVERSED,RETURN,return target/status provenance deferred to V04C,V04C finite source proof or later machine semantics,PENDING_V04C,V03C-FLOW-001,OPEN,,Discovery frontier only; no oracle/trace promotion.
V03F00100,V03C,458128b8afa2a9819ef659cf28e447844959c20f,81:F8AE:E0M1X1:C?:DBR??:C,RTL $00F8AE,NOT_RUNTIME_TRAVERSED,RETURN,return target/status provenance deferred to V04C,V04C finite source proof or later machine semantics,PENDING_V04C,V03C-FLOW-001,OPEN,,Discovery frontier only; no oracle/trace promotion.
V03F00101,V03C,458128b8afa2a9819ef659cf28e447844959c20f,80:F925:E0M1X1:C?:DBR??:C,RTS $007925,NOT_RUNTIME_TRAVERSED,RETURN,return target/status provenance deferred to V04C,V04C finite source proof or later machine semantics,PENDING_V04C,V03C-FLOW-001,OPEN,,Discovery frontier only; no oracle/trace promotion.
V03F00102,V03C,458128b8afa2a9819ef659cf28e447844959c20f,80:82FE:E0M0X0:C?:DBR??:C,RTL $0002FE,NOT_RUNTIME_TRAVERSED,RETURN,return target/status provenance deferred to V04C,V04C finite source proof or later machine semantics,PENDING_V04C,V03C-FLOW-001,OPEN,,Discovery frontier only; no oracle/trace promotion.
V03F00103,V03C,458128b8afa2a9819ef659cf28e447844959c20f,81:DF98:E0M0X0:C?:DBR??:C,RTS $00DF98,NOT_RUNTIME_TRAVERSED,RETURN,return target/status provenance deferred to V04C,V04C finite source proof or later machine semantics,PENDING_V04C,V03C-FLOW-001,OPEN,,Discovery frontier only; no oracle/trace promotion.
V03F00104,V03C,458128b8afa2a9819ef659cf28e447844959c20f,80:80D8:E0M1X1:C?:DBR??:C,RTS $0000D8,NOT_RUNTIME_TRAVERSED,RETURN,return target/status provenance deferred to V04C,V04C finite source proof or later machine semantics,PENDING_V04C,V03C-FLOW-001,OPEN,,Discovery frontier only; no oracle/trace promotion.
V03F00105,V03C,458128b8afa2a9819ef659cf28e447844959c20f,80:80D3:E0M1X1:C?:DBR??:C,RTS $0000D3,NOT_RUNTIME_TRAVERSED,RETURN,return target/status provenance deferred to V04C,V04C finite source proof or later machine semantics,PENDING_V04C,V03C-FLOW-001,OPEN,,Discovery frontier only; no oracle/trace promotion.
V03F00106,V03C,458128b8afa2a9819ef659cf28e447844959c20f,81:B67C:E0M1X1:C?:DBR??:C,RTS $00B67C,NOT_RUNTIME_TRAVERSED,RETURN,return target/status provenance deferred to V04C,V04C finite source proof or later machine semantics,PENDING_V04C,V03C-FLOW-001,OPEN,,Discovery frontier only; no oracle/trace promotion.
V03F00107,V03C,458128b8afa2a9819ef659cf28e447844959c20f,81:BE80:E0M1X1:C?:DBR??:C,RTS $00BE80,NOT_RUNTIME_TRAVERSED,RETURN,return target/status provenance deferred to V04C,V04C finite source proof or later machine semantics,PENDING_V04C,V03C-FLOW-001,OPEN,,Discovery frontier only; no oracle/trace promotion.
V03F00108,V03C,458128b8afa2a9819ef659cf28e447844959c20f,81:9D98:E0M0X0:C?:DBR??:C,RTS $009D98,NOT_RUNTIME_TRAVERSED,RETURN,return target/status provenance deferred to V04C,V04C finite source proof or later machine semantics,PENDING_V04C,V03C-FLOW-001,OPEN,,Discovery frontier only; no oracle/trace promotion.
V03F00109,V03C,458128b8afa2a9819ef659cf28e447844959c20f,80:8362:E0M0X0:C?:DBR??:C,RTL $000362,NOT_RUNTIME_TRAVERSED,RETURN,return target/status provenance deferred to V04C,V04C finite source proof or later machine semantics,PENDING_V04C,V03C-FLOW-001,OPEN,,Discovery frontier only; no oracle/trace promotion.
V03F00110,V03C,458128b8afa2a9819ef659cf28e447844959c20f,81:AF0B:E0M1X1:C?:DBR??:C,RTS $00AF0B,NOT_RUNTIME_TRAVERSED,RETURN,return target/status provenance deferred to V04C,V04C finite source proof or later machine semantics,PENDING_V04C,V03C-FLOW-001,OPEN,,Discovery frontier only; no oracle/trace promotion.
V03F00111,V03C,458128b8afa2a9819ef659cf28e447844959c20f,80:A3A7:E0M1X1:C?:DBR??:C,RTL $0023A7,NOT_RUNTIME_TRAVERSED,RETURN,return target/status provenance deferred to V04C,V04C finite source proof or later machine semantics,PENDING_V04C,V03C-FLOW-001,OPEN,,Discovery frontier only; no oracle/trace promotion.
V03F00112,V03C,458128b8afa2a9819ef659cf28e447844959c20f,81:DF08:E0M0X0:C0:DBR??:C,RTS $00DF08,NOT_RUNTIME_TRAVERSED,RETURN,return target/status provenance deferred to V04C,V04C finite source proof or later machine semantics,PENDING_V04C,V03C-FLOW-001,OPEN,,Discovery frontier only; no oracle/trace promotion.
V03F00113,V03C,458128b8afa2a9819ef659cf28e447844959c20f,80:831F:E0M0X0:C?:DBR??:C,RTL $00031F,NOT_RUNTIME_TRAVERSED,RETURN,return target/status provenance deferred to V04C,V04C finite source proof or later machine semantics,PENDING_V04C,V03C-FLOW-001,OPEN,,Discovery frontier only; no oracle/trace promotion.
V03F00114,V03C,458128b8afa2a9819ef659cf28e447844959c20f,80:C1F1:E0M1X1:C?:DBR??:C,RTS $0041F1,NOT_RUNTIME_TRAVERSED,RETURN,return target/status provenance deferred to V04C,V04C finite source proof or later machine semantics,PENDING_V04C,V03C-FLOW-001,OPEN,,Discovery frontier only; no oracle/trace promotion.
V03F00115,V03C,458128b8afa2a9819ef659cf28e447844959c20f,81:C870:E0M1X1:C?:DBR??:C,RTL $00C870,NOT_RUNTIME_TRAVERSED,RETURN,return target/status provenance deferred to V04C,V04C finite source proof or later machine semantics,PENDING_V04C,V03C-FLOW-001,OPEN,,Discovery frontier only; no oracle/trace promotion.
V03F00116,V03C,458128b8afa2a9819ef659cf28e447844959c20f,80:833B:E0M0X0:C?:DBR80:C,RTS $00033B,NOT_RUNTIME_TRAVERSED,RETURN,return target/status provenance deferred to V04C,V04C finite source proof or later machine semantics,PENDING_V04C,V03C-FLOW-001,OPEN,,Discovery frontier only; no oracle/trace promotion.
V03F00117,V03C,458128b8afa2a9819ef659cf28e447844959c20f,80:C2FB:E0M1X1:C?:DBR??:C,RTL $0042FB,NOT_RUNTIME_TRAVERSED,RETURN,return target/status provenance deferred to V04C,V04C finite source proof or later machine semantics,PENDING_V04C,V03C-FLOW-001,OPEN,,Discovery frontier only; no oracle/trace promotion.
V03F00118,V03C,458128b8afa2a9819ef659cf28e447844959c20f,80:A3F1:E0M1X1:C?:DBR??:C,RTL $0023F1,NOT_RUNTIME_TRAVERSED,RETURN,return target/status provenance deferred to V04C,V04C finite source proof or later machine semantics,PENDING_V04C,V03C-FLOW-001,OPEN,,Discovery frontier only; no oracle/trace promotion.
V03F00119,V03C,458128b8afa2a9819ef659cf28e447844959c20f,81:FD22:E0M1X1:C?:DBR??:C,RTS $00FD22,NOT_RUNTIME_TRAVERSED,RETURN,return target/status provenance deferred to V04C,V04C finite source proof or later machine semantics,PENDING_V04C,V03C-FLOW-001,OPEN,,Discovery frontier only; no oracle/trace promotion.
V03F00120,V03C,458128b8afa2a9819ef659cf28e447844959c20f,81:C876:E0M1X1:C?:DBR81:C,RTS $00C876,NOT_RUNTIME_TRAVERSED,RETURN,return target/status provenance deferred to V04C,V04C finite source proof or later machine semantics,PENDING_V04C,V03C-FLOW-001,OPEN,,Discovery frontier only; no oracle/trace promotion.
V03F00121,V03C,458128b8afa2a9819ef659cf28e447844959c20f,81:9E11:E0M1X1:C?:DBR??:C,RTS $009E11,NOT_RUNTIME_TRAVERSED,RETURN,return target/status provenance deferred to V04C,V04C finite source proof or later machine semantics,PENDING_V04C,V03C-FLOW-001,OPEN,,Discovery frontier only; no oracle/trace promotion.
V03F00122,V03C,458128b8afa2a9819ef659cf28e447844959c20f,80:C06D:E0M1X1:C?:DBR??:C,RTL $00406D,NOT_RUNTIME_TRAVERSED,RETURN,return target/status provenance deferred to V04C,V04C finite source proof or later machine semantics,PENDING_V04C,V03C-FLOW-001,OPEN,,Discovery frontier only; no oracle/trace promotion.
V03F00123,V03C,458128b8afa2a9819ef659cf28e447844959c20f,80:FA2E:E0M0X0:C?:DBR??:C,PLP $007A2E,NOT_RUNTIME_TRAVERSED,STATUS_WIDTH,native PLP restores M/X from stack; V03C does not prove stack status producers,V04C finite source proof or later machine semantics,PENDING_V04C,V03C-FLOW-001,OPEN,,Discovery frontier only; no oracle/trace promotion.
V03F00124,V03C,458128b8afa2a9819ef659cf28e447844959c20f,81:A061:E0M1X1:C?:DBR??:C,RTS $00A061,NOT_RUNTIME_TRAVERSED,RETURN,return target/status provenance deferred to V04C,V04C finite source proof or later machine semantics,PENDING_V04C,V03C-FLOW-001,OPEN,,Discovery frontier only; no oracle/trace promotion.
V03F00125,V03C,458128b8afa2a9819ef659cf28e447844959c20f,80:C076:E0M1X1:C?:DBR80:C,RTS $004076,NOT_RUNTIME_TRAVERSED,RETURN,return target/status provenance deferred to V04C,V04C finite source proof or later machine semantics,PENDING_V04C,V03C-FLOW-001,OPEN,,Discovery frontier only; no oracle/trace promotion.
V03F00126,V03C,458128b8afa2a9819ef659cf28e447844959c20f,80:A44B:E0M1X1:C?:DBR80:C,RTS $00244B,NOT_RUNTIME_TRAVERSED,RETURN,return target/status provenance deferred to V04C,V04C finite source proof or later machine semantics,PENDING_V04C,V03C-FLOW-001,OPEN,,Discovery frontier only; no oracle/trace promotion.
V03F00127,V03C,458128b8afa2a9819ef659cf28e447844959c20f,81:B700:E0M1X1:C?:DBR??:C,RTS $00B700,NOT_RUNTIME_TRAVERSED,RETURN,return target/status provenance deferred to V04C,V04C finite source proof or later machine semantics,PENDING_V04C,V03C-FLOW-001,OPEN,,Discovery frontier only; no oracle/trace promotion.
V03F00128,V03C,458128b8afa2a9819ef659cf28e447844959c20f,80:C70A:E0M1X1:C?:DBR??:C,PLP $00470A,NOT_RUNTIME_TRAVERSED,STATUS_WIDTH,native PLP restores M/X from stack; V03C does not prove stack status producers,V04C finite source proof or later machine semantics,PENDING_V04C,V03C-FLOW-001,OPEN,,Discovery frontier only; no oracle/trace promotion.
V03F00129,V03C,458128b8afa2a9819ef659cf28e447844959c20f,81:FD36:E0M1X1:C0:DBR??:C,RTS $00FD36,NOT_RUNTIME_TRAVERSED,RETURN,return target/status provenance deferred to V04C,V04C finite source proof or later machine semantics,PENDING_V04C,V03C-FLOW-001,OPEN,,Discovery frontier only; no oracle/trace promotion.
V03F00130,V03C,458128b8afa2a9819ef659cf28e447844959c20f,81:ADA5:E0M1X1:C?:DBR??:C,RTS $00ADA5,NOT_RUNTIME_TRAVERSED,RETURN,return target/status provenance deferred to V04C,V04C finite source proof or later machine semantics,PENDING_V04C,V03C-FLOW-001,OPEN,,Discovery frontier only; no oracle/trace promotion.
V03F00131,V03C,458128b8afa2a9819ef659cf28e447844959c20f,81:9C7F:E0M1X1:C?:DBR??:C,RTS $009C7F,NOT_RUNTIME_TRAVERSED,RETURN,return target/status provenance deferred to V04C,V04C finite source proof or later machine semantics,PENDING_V04C,V03C-FLOW-001,OPEN,,Discovery frontier only; no oracle/trace promotion.
V03F00132,V03C,458128b8afa2a9819ef659cf28e447844959c20f,80:C70B:E0M0X0:C?:DBR??:C,RTS $00470B,NOT_RUNTIME_TRAVERSED,RETURN,return target/status provenance deferred to V04C,V04C finite source proof or later machine semantics,PENDING_V04C,V03C-FLOW-001,OPEN,,Discovery frontier only; no oracle/trace promotion.
V03F00133,V03C,458128b8afa2a9819ef659cf28e447844959c20f,80:C70B:E0M0X1:C?:DBR??:C,RTS $00470B,NOT_RUNTIME_TRAVERSED,RETURN,return target/status provenance deferred to V04C,V04C finite source proof or later machine semantics,PENDING_V04C,V03C-FLOW-001,OPEN,,Discovery frontier only; no oracle/trace promotion.
V03F00134,V03C,458128b8afa2a9819ef659cf28e447844959c20f,80:C70B:E0M1X0:C?:DBR??:C,RTS $00470B,NOT_RUNTIME_TRAVERSED,RETURN,return target/status provenance deferred to V04C,V04C finite source proof or later machine semantics,PENDING_V04C,V03C-FLOW-001,OPEN,,Discovery frontier only; no oracle/trace promotion.
V03F00135,V03C,458128b8afa2a9819ef659cf28e447844959c20f,80:C70B:E0M1X1:C?:DBR??:C,RTS $00470B,NOT_RUNTIME_TRAVERSED,RETURN,return target/status provenance deferred to V04C,V04C finite source proof or later machine semantics,PENDING_V04C,V03C-FLOW-001,OPEN,,Discovery frontier only; no oracle/trace promotion.
V03F00136,V03C,458128b8afa2a9819ef659cf28e447844959c20f,80:CC78:E0M0X0:C?:DBR??:C,RTS $004C78,NOT_RUNTIME_TRAVERSED,RETURN,return target/status provenance deferred to V04C,V04C finite source proof or later machine semantics,PENDING_V04C,V03C-FLOW-001,OPEN,,Discovery frontier only; no oracle/trace promotion.
V03F00137,V03C,458128b8afa2a9819ef659cf28e447844959c20f,80:CD67:E0M1X1:C?:DBR??:C,RTS $004D67,NOT_RUNTIME_TRAVERSED,RETURN,return target/status provenance deferred to V04C,V04C finite source proof or later machine semantics,PENDING_V04C,V03C-FLOW-001,OPEN,,Discovery frontier only; no oracle/trace promotion.
V03F00138,V03C,458128b8afa2a9819ef659cf28e447844959c20f,81:FD38:E0M1X1:C1:DBR??:C,RTS $00FD38,NOT_RUNTIME_TRAVERSED,RETURN,return target/status provenance deferred to V04C,V04C finite source proof or later machine semantics,PENDING_V04C,V03C-FLOW-001,OPEN,,Discovery frontier only; no oracle/trace promotion.
V03F00139,V03C,458128b8afa2a9819ef659cf28e447844959c20f,80:FA30:E0M0X0:C0:DBR??:C,RTS $007A30,NOT_RUNTIME_TRAVERSED,RETURN,return target/status provenance deferred to V04C,V04C finite source proof or later machine semantics,PENDING_V04C,V03C-FLOW-001,OPEN,,Discovery frontier only; no oracle/trace promotion.
V03F00140,V03C,458128b8afa2a9819ef659cf28e447844959c20f,80:FA30:E0M0X1:C0:DBR??:C,RTS $007A30,NOT_RUNTIME_TRAVERSED,RETURN,return target/status provenance deferred to V04C,V04C finite source proof or later machine semantics,PENDING_V04C,V03C-FLOW-001,OPEN,,Discovery frontier only; no oracle/trace promotion.
V03F00141,V03C,458128b8afa2a9819ef659cf28e447844959c20f,80:FA30:E0M1X0:C0:DBR??:C,RTS $007A30,NOT_RUNTIME_TRAVERSED,RETURN,return target/status provenance deferred to V04C,V04C finite source proof or later machine semantics,PENDING_V04C,V03C-FLOW-001,OPEN,,Discovery frontier only; no oracle/trace promotion.
V03F00142,V03C,458128b8afa2a9819ef659cf28e447844959c20f,80:FA30:E0M1X1:C0:DBR??:C,RTS $007A30,NOT_RUNTIME_TRAVERSED,RETURN,return target/status provenance deferred to V04C,V04C finite source proof or later machine semantics,PENDING_V04C,V03C-FLOW-001,OPEN,,Discovery frontier only; no oracle/trace promotion.
V03F00143,V03C,458128b8afa2a9819ef659cf28e447844959c20f,80:83CD:E0M0X0:C?:DBR??:C,RTS $0003CD,NOT_RUNTIME_TRAVERSED,RETURN,return target/status provenance deferred to V04C,V04C finite source proof or later machine semantics,PENDING_V04C,V03C-FLOW-001,OPEN,,Discovery frontier only; no oracle/trace promotion.
V03F00144,V03C,458128b8afa2a9819ef659cf28e447844959c20f,80:8317:E0M0X0:C?:DBR??:C,RTS $000317,NOT_RUNTIME_TRAVERSED,RETURN,return target/status provenance deferred to V04C,V04C finite source proof or later machine semantics,PENDING_V04C,V03C-FLOW-001,OPEN,,Discovery frontier only; no oracle/trace promotion.
V03F00145,V03C,458128b8afa2a9819ef659cf28e447844959c20f,81:A78A:E0M0X0:C?:DBR??:C,RTS $00A78A,NOT_RUNTIME_TRAVERSED,RETURN,return target/status provenance deferred to V04C,V04C finite source proof or later machine semantics,PENDING_V04C,V03C-FLOW-001,OPEN,,Discovery frontier only; no oracle/trace promotion.
V03F00146,V03C,458128b8afa2a9819ef659cf28e447844959c20f,92:EFF0:E0M1X1:C?:DBR??:P,RTL $096FF0,NOT_RUNTIME_TRAVERSED,RETURN,return target/status provenance deferred to V04C,V04C finite source proof or later machine semantics,PENDING_V04C,V03C-FLOW-001,OPEN,,Discovery frontier only; no oracle/trace promotion.
V03F00147,V03C,458128b8afa2a9819ef659cf28e447844959c20f,80:A1F9:E0M1X1:C?:DBR??:C,RTL $0021F9,NOT_RUNTIME_TRAVERSED,RETURN,return target/status provenance deferred to V04C,V04C finite source proof or later machine semantics,PENDING_V04C,V03C-FLOW-001,OPEN,,Discovery frontier only; no oracle/trace promotion.
V03F00148,V03C,458128b8afa2a9819ef659cf28e447844959c20f,80:A443:E0M1X1:C?:DBR80:C,RTS $002443,NOT_RUNTIME_TRAVERSED,RETURN,return target/status provenance deferred to V04C,V04C finite source proof or later machine semantics,PENDING_V04C,V03C-FLOW-001,OPEN,,Discovery frontier only; no oracle/trace promotion.
V03F00149,V03C,458128b8afa2a9819ef659cf28e447844959c20f,80:DCFD:E0M1X1:C?:DBR??:C,RTS $005CFD,NOT_RUNTIME_TRAVERSED,RETURN,return target/status provenance deferred to V04C,V04C finite source proof or later machine semantics,PENDING_V04C,V03C-FLOW-001,OPEN,,Discovery frontier only; no oracle/trace promotion.
V03F00150,V03C,458128b8afa2a9819ef659cf28e447844959c20f,81:FD54:E0M1X1:C?:DBR??:C,RTS $00FD54,NOT_RUNTIME_TRAVERSED,RETURN,return target/status provenance deferred to V04C,V04C finite source proof or later machine semantics,PENDING_V04C,V03C-FLOW-001,OPEN,,Discovery frontier only; no oracle/trace promotion.
V03F00151,V03C,458128b8afa2a9819ef659cf28e447844959c20f,80:CD7E:E0M1X1:C?:DBR??:C,RTS $004D7E,NOT_RUNTIME_TRAVERSED,RETURN,return target/status provenance deferred to V04C,V04C finite source proof or later machine semantics,PENDING_V04C,V03C-FLOW-001,OPEN,,Discovery frontier only; no oracle/trace promotion.
V03F00152,V03C,458128b8afa2a9819ef659cf28e447844959c20f,81:DEB1:E0M0X0:C?:DBR??:C,RTS $00DEB1,NOT_RUNTIME_TRAVERSED,RETURN,return target/status provenance deferred to V04C,V04C finite source proof or later machine semantics,PENDING_V04C,V03C-FLOW-001,OPEN,,Discovery frontier only; no oracle/trace promotion.
V03F00153,V03C,458128b8afa2a9819ef659cf28e447844959c20f,81:BDCD:E0M0X0:C?:DBR??:C,RTS $00BDCD,NOT_RUNTIME_TRAVERSED,RETURN,return target/status provenance deferred to V04C,V04C finite source proof or later machine semantics,PENDING_V04C,V03C-FLOW-001,OPEN,,Discovery frontier only; no oracle/trace promotion.
V03F00154,V03C,458128b8afa2a9819ef659cf28e447844959c20f,81:BDC6:E0M0X0:C?:DBR??:C,RTS $00BDC6,NOT_RUNTIME_TRAVERSED,RETURN,return target/status provenance deferred to V04C,V04C finite source proof or later machine semantics,PENDING_V04C,V03C-FLOW-001,OPEN,,Discovery frontier only; no oracle/trace promotion.
V03F00155,V03C,458128b8afa2a9819ef659cf28e447844959c20f,80:FB41:E0M1X1:C?:DBR??:C,RTL $007B41,NOT_RUNTIME_TRAVERSED,RETURN,return target/status provenance deferred to V04C,V04C finite source proof or later machine semantics,PENDING_V04C,V03C-FLOW-001,OPEN,,Discovery frontier only; no oracle/trace promotion.
V03F00156,V03C,458128b8afa2a9819ef659cf28e447844959c20f,80:C319:E0M1X1:C?:DBR80:C,RTS $004319,NOT_RUNTIME_TRAVERSED,RETURN,return target/status provenance deferred to V04C,V04C finite source proof or later machine semantics,PENDING_V04C,V03C-FLOW-001,OPEN,,Discovery frontier only; no oracle/trace promotion.
V03F00157,V03C,458128b8afa2a9819ef659cf28e447844959c20f,80:F985:E0M1X1:C?:DBR??:C,RTL $007985,NOT_RUNTIME_TRAVERSED,RETURN,return target/status provenance deferred to V04C,V04C finite source proof or later machine semantics,PENDING_V04C,V03C-FLOW-001,OPEN,,Discovery frontier only; no oracle/trace promotion.
V03F00158,V03C,458128b8afa2a9819ef659cf28e447844959c20f,80:8379:E0M0X0:C?:DBR??:C,RTS $000379,NOT_RUNTIME_TRAVERSED,RETURN,return target/status provenance deferred to V04C,V04C finite source proof or later machine semantics,PENDING_V04C,V03C-FLOW-001,OPEN,,Discovery frontier only; no oracle/trace promotion.
V03F00159,V03C,458128b8afa2a9819ef659cf28e447844959c20f,80:852B:E0M0X0:C?:DBR??:C,RTL $00052B,NOT_RUNTIME_TRAVERSED,RETURN,return target/status provenance deferred to V04C,V04C finite source proof or later machine semantics,PENDING_V04C,V03C-FLOW-001,OPEN,,Discovery frontier only; no oracle/trace promotion.
V03F00160,V03C,458128b8afa2a9819ef659cf28e447844959c20f,80:FB47:E0M1X1:C?:DBR??:C,RTS $007B47,NOT_RUNTIME_TRAVERSED,RETURN,return target/status provenance deferred to V04C,V04C finite source proof or later machine semantics,PENDING_V04C,V03C-FLOW-001,OPEN,,Discovery frontier only; no oracle/trace promotion.
V03F00161,V03C,458128b8afa2a9819ef659cf28e447844959c20f,80:CB33:E0M0X0:C?:DBR??:C,RTS $004B33,NOT_RUNTIME_TRAVERSED,RETURN,return target/status provenance deferred to V04C,V04C finite source proof or later machine semantics,PENDING_V04C,V03C-FLOW-001,OPEN,,Discovery frontier only; no oracle/trace promotion.
V03F00162,V03C,458128b8afa2a9819ef659cf28e447844959c20f,80:A3C7:E0M1X1:C?:DBR??:C,RTS $0023C7,NOT_RUNTIME_TRAVERSED,RETURN,return target/status provenance deferred to V04C,V04C finite source proof or later machine semantics,PENDING_V04C,V03C-FLOW-001,OPEN,,Discovery frontier only; no oracle/trace promotion.
V03F00163,V03C,458128b8afa2a9819ef659cf28e447844959c20f,81:AEF2:E0M1X1:C?:DBR??:C,RTS $00AEF2,NOT_RUNTIME_TRAVERSED,RETURN,return target/status provenance deferred to V04C,V04C finite source proof or later machine semantics,PENDING_V04C,V03C-FLOW-001,OPEN,,Discovery frontier only; no oracle/trace promotion.
V03F00164,V03C,458128b8afa2a9819ef659cf28e447844959c20f,80:A414:E0M1X1:C?:DBR??:C,RTS $002414,NOT_RUNTIME_TRAVERSED,RETURN,return target/status provenance deferred to V04C,V04C finite source proof or later machine semantics,PENDING_V04C,V03C-FLOW-001,OPEN,,Discovery frontier only; no oracle/trace promotion.
V03F00165,V03C,458128b8afa2a9819ef659cf28e447844959c20f,81:9E7A:E0M0X0:C?:DBR??:C,RTS $009E7A,NOT_RUNTIME_TRAVERSED,RETURN,return target/status provenance deferred to V04C,V04C finite source proof or later machine semantics,PENDING_V04C,V03C-FLOW-001,OPEN,,Discovery frontier only; no oracle/trace promotion.
V03F00166,V03C,458128b8afa2a9819ef659cf28e447844959c20f,81:8053:E0M1X1:C?:DBR??:C,RTL $008053,NOT_RUNTIME_TRAVERSED,RETURN,return target/status provenance deferred to V04C,V04C finite source proof or later machine semantics,PENDING_V04C,V03C-FLOW-001,OPEN,,Discovery frontier only; no oracle/trace promotion.
V03F00167,V03C,458128b8afa2a9819ef659cf28e447844959c20f,81:DEDC:E0M0X0:C?:DBR??:C,RTS $00DEDC,NOT_RUNTIME_TRAVERSED,RETURN,return target/status provenance deferred to V04C,V04C finite source proof or later machine semantics,PENDING_V04C,V03C-FLOW-001,OPEN,,Discovery frontier only; no oracle/trace promotion.
V03F00168,V03C,458128b8afa2a9819ef659cf28e447844959c20f,81:FD0E:E0M1X1:C?:DBR??:C,RTS $00FD0E,NOT_RUNTIME_TRAVERSED,RETURN,return target/status provenance deferred to V04C,V04C finite source proof or later machine semantics,PENDING_V04C,V03C-FLOW-001,OPEN,,Discovery frontier only; no oracle/trace promotion.
V03F00169,V03C,458128b8afa2a9819ef659cf28e447844959c20f,80:F93D:E0M1X1:C?:DBR??:C,PLP $00793D,NOT_RUNTIME_TRAVERSED,STATUS_WIDTH,native PLP restores M/X from stack; V03C does not prove stack status producers,V04C finite source proof or later machine semantics,PENDING_V04C,V03C-FLOW-001,OPEN,,Discovery frontier only; no oracle/trace promotion.
V03F00170,V03C,458128b8afa2a9819ef659cf28e447844959c20f,80:A44B:E0M1X1:C?:DBR??:C,RTS $00244B,NOT_RUNTIME_TRAVERSED,RETURN,return target/status provenance deferred to V04C,V04C finite source proof or later machine semantics,PENDING_V04C,V03C-FLOW-001,OPEN,,Discovery frontier only; no oracle/trace promotion.
V03F00171,V03C,458128b8afa2a9819ef659cf28e447844959c20f,81:DFB5:E0M0X0:C?:DBR??:C,RTS $00DFB5,NOT_RUNTIME_TRAVERSED,RETURN,return target/status provenance deferred to V04C,V04C finite source proof or later machine semantics,PENDING_V04C,V03C-FLOW-001,OPEN,,Discovery frontier only; no oracle/trace promotion.
V03F00172,V03C,458128b8afa2a9819ef659cf28e447844959c20f,81:B690:E0M1X1:C?:DBR??:C,RTS $00B690,NOT_RUNTIME_TRAVERSED,RETURN,return target/status provenance deferred to V04C,V04C finite source proof or later machine semantics,PENDING_V04C,V03C-FLOW-001,OPEN,,Discovery frontier only; no oracle/trace promotion.
V03F00173,V03C,458128b8afa2a9819ef659cf28e447844959c20f,81:9C7F:E0M1X1:C?:DBR81:C,RTS $009C7F,NOT_RUNTIME_TRAVERSED,RETURN,return target/status provenance deferred to V04C,V04C finite source proof or later machine semantics,PENDING_V04C,V03C-FLOW-001,OPEN,,Discovery frontier only; no oracle/trace promotion.
V03F00174,V03C,458128b8afa2a9819ef659cf28e447844959c20f,80:A219:E0M1X1:C?:DBR80:C,RTS $002219,NOT_RUNTIME_TRAVERSED,RETURN,return target/status provenance deferred to V04C,V04C finite source proof or later machine semantics,PENDING_V04C,V03C-FLOW-001,OPEN,,Discovery frontier only; no oracle/trace promotion.
V03F00175,V03C,458128b8afa2a9819ef659cf28e447844959c20f,81:DF5F:E0M0X0:C1:DBR??:C,RTS $00DF5F,NOT_RUNTIME_TRAVERSED,RETURN,return target/status provenance deferred to V04C,V04C finite source proof or later machine semantics,PENDING_V04C,V03C-FLOW-001,OPEN,,Discovery frontier only; no oracle/trace promotion.
V03F00176,V03C,458128b8afa2a9819ef659cf28e447844959c20f,80:F93F:E0M0X0:C?:DBR??:C,RTS $00793F,NOT_RUNTIME_TRAVERSED,RETURN,return target/status provenance deferred to V04C,V04C finite source proof or later machine semantics,PENDING_V04C,V03C-FLOW-001,OPEN,,Discovery frontier only; no oracle/trace promotion.
V03F00177,V03C,458128b8afa2a9819ef659cf28e447844959c20f,80:F93F:E0M0X1:C?:DBR??:C,RTS $00793F,NOT_RUNTIME_TRAVERSED,RETURN,return target/status provenance deferred to V04C,V04C finite source proof or later machine semantics,PENDING_V04C,V03C-FLOW-001,OPEN,,Discovery frontier only; no oracle/trace promotion.
V03F00178,V03C,458128b8afa2a9819ef659cf28e447844959c20f,80:F93F:E0M1X0:C?:DBR??:C,RTS $00793F,NOT_RUNTIME_TRAVERSED,RETURN,return target/status provenance deferred to V04C,V04C finite source proof or later machine semantics,PENDING_V04C,V03C-FLOW-001,OPEN,,Discovery frontier only; no oracle/trace promotion.
V03F00179,V03C,458128b8afa2a9819ef659cf28e447844959c20f,80:F93F:E0M1X1:C?:DBR??:C,RTS $00793F,NOT_RUNTIME_TRAVERSED,RETURN,return target/status provenance deferred to V04C,V04C finite source proof or later machine semantics,PENDING_V04C,V03C-FLOW-001,OPEN,,Discovery frontier only; no oracle/trace promotion.
V03F00180,V03C,458128b8afa2a9819ef659cf28e447844959c20f,80:833B:E0M0X0:C?:DBR??:C,RTS $00033B,NOT_RUNTIME_TRAVERSED,RETURN,return target/status provenance deferred to V04C,V04C finite source proof or later machine semantics,PENDING_V04C,V03C-FLOW-001,OPEN,,Discovery frontier only; no oracle/trace promotion.
V03F00181,V03C,458128b8afa2a9819ef659cf28e447844959c20f,80:CB52:E0M0X0:C?:DBR??:C,RTS $004B52,NOT_RUNTIME_TRAVERSED,RETURN,return target/status provenance deferred to V04C,V04C finite source proof or later machine semantics,PENDING_V04C,V03C-FLOW-001,OPEN,,Discovery frontier only; no oracle/trace promotion.
V03F00182,V03C,458128b8afa2a9819ef659cf28e447844959c20f,80:CB45:E0M0X0:C?:DBR??:C,RTS $004B45,NOT_RUNTIME_TRAVERSED,RETURN,return target/status provenance deferred to V04C,V04C finite source proof or later machine semantics,PENDING_V04C,V03C-FLOW-001,OPEN,,Discovery frontier only; no oracle/trace promotion.
V03F00183,V03C,458128b8afa2a9819ef659cf28e447844959c20f,92:F2A6:E0M1X1:C?:DBR??:C,RTL $0972A6,NOT_RUNTIME_TRAVERSED,RETURN,return target/status provenance deferred to V04C,V04C finite source proof or later machine semantics,PENDING_V04C,V03C-FLOW-001,OPEN,,Discovery frontier only; no oracle/trace promotion.
V03F00184,V03C,458128b8afa2a9819ef659cf28e447844959c20f,81:9CF1:E0M1X1:C?:DBR??:C,RTS $009CF1,NOT_RUNTIME_TRAVERSED,RETURN,return target/status provenance deferred to V04C,V04C finite source proof or later machine semantics,PENDING_V04C,V03C-FLOW-001,OPEN,,Discovery frontier only; no oracle/trace promotion.
V03F00185,V03C,458128b8afa2a9819ef659cf28e447844959c20f,81:DDFF:E0M0X0:C?:DBR??:C,RTS $00DDFF,NOT_RUNTIME_TRAVERSED,RETURN,return target/status provenance deferred to V04C,V04C finite source proof or later machine semantics,PENDING_V04C,V03C-FLOW-001,OPEN,,Discovery frontier only; no oracle/trace promotion.
V03F00186,V03C,458128b8afa2a9819ef659cf28e447844959c20f,81:A7A9:E0M1X1:C?:DBR??:C,RTS $00A7A9,NOT_RUNTIME_TRAVERSED,RETURN,return target/status provenance deferred to V04C,V04C finite source proof or later machine semantics,PENDING_V04C,V03C-FLOW-001,OPEN,,Discovery frontier only; no oracle/trace promotion.
V03F00187,V03C,458128b8afa2a9819ef659cf28e447844959c20f,81:B629:E0M1X1:C?:DBR??:C,RTS $00B629,NOT_RUNTIME_TRAVERSED,RETURN,return target/status provenance deferred to V04C,V04C finite source proof or later machine semantics,PENDING_V04C,V03C-FLOW-001,OPEN,,Discovery frontier only; no oracle/trace promotion.
V03F00188,V03C,458128b8afa2a9819ef659cf28e447844959c20f,80:C065:E0M1X1:C?:DBR??:C,RTS $004065,NOT_RUNTIME_TRAVERSED,RETURN,return target/status provenance deferred to V04C,V04C finite source proof or later machine semantics,PENDING_V04C,V03C-FLOW-001,OPEN,,Discovery frontier only; no oracle/trace promotion.
V03F00189,V03C,458128b8afa2a9819ef659cf28e447844959c20f,80:CAE3:E0M0X0:C?:DBR??:C,RTS $004AE3,NOT_RUNTIME_TRAVERSED,RETURN,return target/status provenance deferred to V04C,V04C finite source proof or later machine semantics,PENDING_V04C,V03C-FLOW-001,OPEN,,Discovery frontier only; no oracle/trace promotion.
V03F00190,V03C,458128b8afa2a9819ef659cf28e447844959c20f,80:CA91:E0M0X0:C?:DBR??:C,RTS $004A91,NOT_RUNTIME_TRAVERSED,RETURN,return target/status provenance deferred to V04C,V04C finite source proof or later machine semantics,PENDING_V04C,V03C-FLOW-001,OPEN,,Discovery frontier only; no oracle/trace promotion.
V03F00191,V03C,458128b8afa2a9819ef659cf28e447844959c20f,81:9F9C:E0M1X1:C?:DBR??:C,RTS $009F9C,NOT_RUNTIME_TRAVERSED,RETURN,return target/status provenance deferred to V04C,V04C finite source proof or later machine semantics,PENDING_V04C,V03C-FLOW-001,OPEN,,Discovery frontier only; no oracle/trace promotion.
V03F00192,V03C,458128b8afa2a9819ef659cf28e447844959c20f,81:DEF8:E0M0X0:C?:DBR??:C,RTS $00DEF8,NOT_RUNTIME_TRAVERSED,RETURN,return target/status provenance deferred to V04C,V04C finite source proof or later machine semantics,PENDING_V04C,V03C-FLOW-001,OPEN,,Discovery frontier only; no oracle/trace promotion.
V03F00193,V03C,458128b8afa2a9819ef659cf28e447844959c20f,92:FB1A:E0M1X1:C?:DBR??:C,RTL $097B1A,NOT_RUNTIME_TRAVERSED,RETURN,return target/status provenance deferred to V04C,V04C finite source proof or later machine semantics,PENDING_V04C,V03C-FLOW-001,OPEN,,Discovery frontier only; no oracle/trace promotion.
V03F00194,V03C,458128b8afa2a9819ef659cf28e447844959c20f,80:B06E:E0M1X1:C?:DBR??:C,RTS $00306E,NOT_RUNTIME_TRAVERSED,RETURN,return target/status provenance deferred to V04C,V04C finite source proof or later machine semantics,PENDING_V04C,V03C-FLOW-001,OPEN,,Discovery frontier only; no oracle/trace promotion.
V03F00195,V03C,458128b8afa2a9819ef659cf28e447844959c20f,81:B5C8:E0M1X1:C?:DBR??:C,RTS $00B5C8,NOT_RUNTIME_TRAVERSED,RETURN,return target/status provenance deferred to V04C,V04C finite source proof or later machine semantics,PENDING_V04C,V03C-FLOW-001,OPEN,,Discovery frontier only; no oracle/trace promotion.
V03F00196,V03C,458128b8afa2a9819ef659cf28e447844959c20f,80:C989:E0M0X0:C?:DBR??:C,RTS $004989,NOT_RUNTIME_TRAVERSED,RETURN,return target/status provenance deferred to V04C,V04C finite source proof or later machine semantics,PENDING_V04C,V03C-FLOW-001,OPEN,,Discovery frontier only; no oracle/trace promotion.
V03F00197,V03C,458128b8afa2a9819ef659cf28e447844959c20f,81:806C:E0M1X1:C?:DBR??:C,RTS $00806C,NOT_RUNTIME_TRAVERSED,RETURN,return target/status provenance deferred to V04C,V04C finite source proof or later machine semantics,PENDING_V04C,V03C-FLOW-001,OPEN,,Discovery frontier only; no oracle/trace promotion.
V03F00198,V03C,458128b8afa2a9819ef659cf28e447844959c20f,80:CD8E:E0M1X1:C?:DBR??:C,RTL $004D8E,NOT_RUNTIME_TRAVERSED,RETURN,return target/status provenance deferred to V04C,V04C finite source proof or later machine semantics,PENDING_V04C,V03C-FLOW-001,OPEN,,Discovery frontier only; no oracle/trace promotion.
V03F00199,V03C,458128b8afa2a9819ef659cf28e447844959c20f,81:B29A:E0M1X1:C?:DBR??:C,RTS $00B29A,NOT_RUNTIME_TRAVERSED,RETURN,return target/status provenance deferred to V04C,V04C finite source proof or later machine semantics,PENDING_V04C,V03C-FLOW-001,OPEN,,Discovery frontier only; no oracle/trace promotion.
V03F00200,V03C,458128b8afa2a9819ef659cf28e447844959c20f,80:A39F:E0M1X1:C?:DBR??:C,RTS $00239F,NOT_RUNTIME_TRAVERSED,RETURN,return target/status provenance deferred to V04C,V04C finite source proof or later machine semantics,PENDING_V04C,V03C-FLOW-001,OPEN,,Discovery frontier only; no oracle/trace promotion.
V03F00201,V03C,458128b8afa2a9819ef659cf28e447844959c20f,80:C74E:E0M1X1:C?:DBR??:C,RTS $00474E,NOT_RUNTIME_TRAVERSED,RETURN,return target/status provenance deferred to V04C,V04C finite source proof or later machine semantics,PENDING_V04C,V03C-FLOW-001,OPEN,,Discovery frontier only; no oracle/trace promotion.
V03F00202,V03C,458128b8afa2a9819ef659cf28e447844959c20f,80:C9BF:E0M0X0:C?:DBR??:C,RTS $0049BF,NOT_RUNTIME_TRAVERSED,RETURN,return target/status provenance deferred to V04C,V04C finite source proof or later machine semantics,PENDING_V04C,V03C-FLOW-001,OPEN,,Discovery frontier only; no oracle/trace promotion.
V03F00203,V03C,458128b8afa2a9819ef659cf28e447844959c20f,80:D78C:E0M0X0:C?:DBR??:C,RTS $00578C,NOT_RUNTIME_TRAVERSED,RETURN,return target/status provenance deferred to V04C,V04C finite source proof or later machine semantics,PENDING_V04C,V03C-FLOW-001,OPEN,,Discovery frontier only; no oracle/trace promotion.
V03F00204,V03C,458128b8afa2a9819ef659cf28e447844959c20f,81:AE20:E0M1X1:C?:DBR??:C,RTS $00AE20,NOT_RUNTIME_TRAVERSED,RETURN,return target/status provenance deferred to V04C,V04C finite source proof or later machine semantics,PENDING_V04C,V03C-FLOW-001,OPEN,,Discovery frontier only; no oracle/trace promotion.
V03F00205,V03C,458128b8afa2a9819ef659cf28e447844959c20f,81:B3D1:E0M1X1:C?:DBR??:C,RTS $00B3D1,NOT_RUNTIME_TRAVERSED,RETURN,return target/status provenance deferred to V04C,V04C finite source proof or later machine semantics,PENDING_V04C,V03C-FLOW-001,OPEN,,Discovery frontier only; no oracle/trace promotion.
V03F00206,V03C,458128b8afa2a9819ef659cf28e447844959c20f,80:DD5E:E0M0X0:C?:DBR??:C,RTS $005D5E,NOT_RUNTIME_TRAVERSED,RETURN,return target/status provenance deferred to V04C,V04C finite source proof or later machine semantics,PENDING_V04C,V03C-FLOW-001,OPEN,,Discovery frontier only; no oracle/trace promotion.
V03F00207,V03C,458128b8afa2a9819ef659cf28e447844959c20f,80:D5C5:E0M1X1:C?:DBR??:C,RTS $0055C5,NOT_RUNTIME_TRAVERSED,RETURN,return target/status provenance deferred to V04C,V04C finite source proof or later machine semantics,PENDING_V04C,V03C-FLOW-001,OPEN,,Discovery frontier only; no oracle/trace promotion.
V03F00208,V03C,458128b8afa2a9819ef659cf28e447844959c20f,80:C363:E0M1X1:C?:DBR??:C,RTL $004363,NOT_RUNTIME_TRAVERSED,RETURN,return target/status provenance deferred to V04C,V04C finite source proof or later machine semantics,PENDING_V04C,V03C-FLOW-001,OPEN,,Discovery frontier only; no oracle/trace promotion.
V03F00209,V03C,458128b8afa2a9819ef659cf28e447844959c20f,80:FAE8:E0M0X0:C?:DBR??:C,PLP $007AE8,NOT_RUNTIME_TRAVERSED,STATUS_WIDTH,native PLP restores M/X from stack; V03C does not prove stack status producers,V04C finite source proof or later machine semantics,PENDING_V04C,V03C-FLOW-001,OPEN,,Discovery frontier only; no oracle/trace promotion.
V03F00210,V03C,458128b8afa2a9819ef659cf28e447844959c20f,81:A84C:E0M1X1:C?:DBR??:C,RTS $00A84C,NOT_RUNTIME_TRAVERSED,RETURN,return target/status provenance deferred to V04C,V04C finite source proof or later machine semantics,PENDING_V04C,V03C-FLOW-001,OPEN,,Discovery frontier only; no oracle/trace promotion.
V03F00211,V03C,458128b8afa2a9819ef659cf28e447844959c20f,80:CB96:E0M1X1:C?:DBR??:C,RTS $004B96,NOT_RUNTIME_TRAVERSED,RETURN,return target/status provenance deferred to V04C,V04C finite source proof or later machine semantics,PENDING_V04C,V03C-FLOW-001,OPEN,,Discovery frontier only; no oracle/trace promotion.
V03F00212,V03C,458128b8afa2a9819ef659cf28e447844959c20f,80:CAAD:E0M0X0:C?:DBR??:C,RTS $004AAD,NOT_RUNTIME_TRAVERSED,RETURN,return target/status provenance deferred to V04C,V04C finite source proof or later machine semantics,PENDING_V04C,V03C-FLOW-001,OPEN,,Discovery frontier only; no oracle/trace promotion.
V03F00213,V03C,458128b8afa2a9819ef659cf28e447844959c20f,81:FB31:E0M1X1:C?:DBR??:C,JMP/ABS_X_IND $00FB31,NOT_RUNTIME_TRAVERSED,DYNAMIC_TARGET,indirect jump target set requires producer/consumer proof in V04C,V04C finite source proof or later machine semantics,PENDING_V04C,V03C-FLOW-001,OPEN,,Discovery frontier only; no oracle/trace promotion.
V03F00214,V03C,458128b8afa2a9819ef659cf28e447844959c20f,80:FAE9:E0M0X0:C?:DBR??:C,RTS $007AE9,NOT_RUNTIME_TRAVERSED,RETURN,return target/status provenance deferred to V04C,V04C finite source proof or later machine semantics,PENDING_V04C,V03C-FLOW-001,OPEN,,Discovery frontier only; no oracle/trace promotion.
V03F00215,V03C,458128b8afa2a9819ef659cf28e447844959c20f,80:FAE9:E0M0X1:C?:DBR??:C,RTS $007AE9,NOT_RUNTIME_TRAVERSED,RETURN,return target/status provenance deferred to V04C,V04C finite source proof or later machine semantics,PENDING_V04C,V03C-FLOW-001,OPEN,,Discovery frontier only; no oracle/trace promotion.
V03F00216,V03C,458128b8afa2a9819ef659cf28e447844959c20f,80:FAE9:E0M1X0:C?:DBR??:C,RTS $007AE9,NOT_RUNTIME_TRAVERSED,RETURN,return target/status provenance deferred to V04C,V04C finite source proof or later machine semantics,PENDING_V04C,V03C-FLOW-001,OPEN,,Discovery frontier only; no oracle/trace promotion.
V03F00217,V03C,458128b8afa2a9819ef659cf28e447844959c20f,80:FAE9:E0M1X1:C?:DBR??:C,RTS $007AE9,NOT_RUNTIME_TRAVERSED,RETURN,return target/status provenance deferred to V04C,V04C finite source proof or later machine semantics,PENDING_V04C,V03C-FLOW-001,OPEN,,Discovery frontier only; no oracle/trace promotion.
V03F00218,V03C,458128b8afa2a9819ef659cf28e447844959c20f,81:F807:E0M1X1:C?:DBR??:C,RTS $00F807,NOT_RUNTIME_TRAVERSED,RETURN,return target/status provenance deferred to V04C,V04C finite source proof or later machine semantics,PENDING_V04C,V03C-FLOW-001,OPEN,,Discovery frontier only; no oracle/trace promotion.
V03F00219,V03C,458128b8afa2a9819ef659cf28e447844959c20f,81:F6AB:E0M1X1:C?:DBR??:C,RTS $00F6AB,NOT_RUNTIME_TRAVERSED,RETURN,return target/status provenance deferred to V04C,V04C finite source proof or later machine semantics,PENDING_V04C,V03C-FLOW-001,OPEN,,Discovery frontier only; no oracle/trace promotion.
V03F00220,V03C,458128b8afa2a9819ef659cf28e447844959c20f,80:CD15:E0M0X0:C?:DBR??:C,RTS $004D15,NOT_RUNTIME_TRAVERSED,RETURN,return target/status provenance deferred to V04C,V04C finite source proof or later machine semantics,PENDING_V04C,V03C-FLOW-001,OPEN,,Discovery frontier only; no oracle/trace promotion.
V03F00221,V03C,458128b8afa2a9819ef659cf28e447844959c20f,80:D469:E0M0X0:C?:DBR??:C,RTS $005469,NOT_RUNTIME_TRAVERSED,RETURN,return target/status provenance deferred to V04C,V04C finite source proof or later machine semantics,PENDING_V04C,V03C-FLOW-001,OPEN,,Discovery frontier only; no oracle/trace promotion.
V03F00222,V03C,458128b8afa2a9819ef659cf28e447844959c20f,80:B11D:E0M1X1:C?:DBR??:C,RTS $00311D,NOT_RUNTIME_TRAVERSED,RETURN,return target/status provenance deferred to V04C,V04C finite source proof or later machine semantics,PENDING_V04C,V03C-FLOW-001,OPEN,,Discovery frontier only; no oracle/trace promotion.
V03F00223,V03C,458128b8afa2a9819ef659cf28e447844959c20f,81:9E4F:E0M0X0:C?:DBR??:C,RTS $009E4F,NOT_RUNTIME_TRAVERSED,RETURN,return target/status provenance deferred to V04C,V04C finite source proof or later machine semantics,PENDING_V04C,V03C-FLOW-001,OPEN,,Discovery frontier only; no oracle/trace promotion.
V03F00224,V03C,458128b8afa2a9819ef659cf28e447844959c20f,80:DC31:E0M0X0:C?:DBR??:C,PLP $005C31,NOT_RUNTIME_TRAVERSED,STATUS_WIDTH,native PLP restores M/X from stack; V03C does not prove stack status producers,V04C finite source proof or later machine semantics,PENDING_V04C,V03C-FLOW-001,OPEN,,Discovery frontier only; no oracle/trace promotion.
V03F00225,V03C,458128b8afa2a9819ef659cf28e447844959c20f,81:C93F:E0M1X1:C?:DBR??:C,RTS $00C93F,NOT_RUNTIME_TRAVERSED,RETURN,return target/status provenance deferred to V04C,V04C finite source proof or later machine semantics,PENDING_V04C,V03C-FLOW-001,OPEN,,Discovery frontier only; no oracle/trace promotion.
V03F00226,V03C,458128b8afa2a9819ef659cf28e447844959c20f,81:A86C:E0M1X1:C?:DBR??:C,RTS $00A86C,NOT_RUNTIME_TRAVERSED,RETURN,return target/status provenance deferred to V04C,V04C finite source proof or later machine semantics,PENDING_V04C,V03C-FLOW-001,OPEN,,Discovery frontier only; no oracle/trace promotion.
V03F00227,V03C,458128b8afa2a9819ef659cf28e447844959c20f,81:B0CF:E0M1X1:C?:DBR??:C,RTS $00B0CF,NOT_RUNTIME_TRAVERSED,RETURN,return target/status provenance deferred to V04C,V04C finite source proof or later machine semantics,PENDING_V04C,V03C-FLOW-001,OPEN,,Discovery frontier only; no oracle/trace promotion.
V03F00228,V03C,458128b8afa2a9819ef659cf28e447844959c20f,80:CA3A:E0M1X1:C?:DBR??:C,RTS $004A3A,NOT_RUNTIME_TRAVERSED,RETURN,return target/status provenance deferred to V04C,V04C finite source proof or later machine semantics,PENDING_V04C,V03C-FLOW-001,OPEN,,Discovery frontier only; no oracle/trace promotion.
V03F00229,V03C,458128b8afa2a9819ef659cf28e447844959c20f,80:DC32:E0M0X0:C?:DBR??:C,RTS $005C32,NOT_RUNTIME_TRAVERSED,RETURN,return target/status provenance deferred to V04C,V04C finite source proof or later machine semantics,PENDING_V04C,V03C-FLOW-001,OPEN,,Discovery frontier only; no oracle/trace promotion.
V03F00230,V03C,458128b8afa2a9819ef659cf28e447844959c20f,80:DC32:E0M0X1:C?:DBR??:C,RTS $005C32,NOT_RUNTIME_TRAVERSED,RETURN,return target/status provenance deferred to V04C,V04C finite source proof or later machine semantics,PENDING_V04C,V03C-FLOW-001,OPEN,,Discovery frontier only; no oracle/trace promotion.
V03F00231,V03C,458128b8afa2a9819ef659cf28e447844959c20f,80:DC32:E0M1X0:C?:DBR??:C,RTS $005C32,NOT_RUNTIME_TRAVERSED,RETURN,return target/status provenance deferred to V04C,V04C finite source proof or later machine semantics,PENDING_V04C,V03C-FLOW-001,OPEN,,Discovery frontier only; no oracle/trace promotion.
V03F00232,V03C,458128b8afa2a9819ef659cf28e447844959c20f,80:DC32:E0M1X1:C?:DBR??:C,RTS $005C32,NOT_RUNTIME_TRAVERSED,RETURN,return target/status provenance deferred to V04C,V04C finite source proof or later machine semantics,PENDING_V04C,V03C-FLOW-001,OPEN,,Discovery frontier only; no oracle/trace promotion.
V03F00233,V03C,458128b8afa2a9819ef659cf28e447844959c20f,80:9143:E0M1X1:C?:DBR??:C,RTS $001143,NOT_RUNTIME_TRAVERSED,RETURN,return target/status provenance deferred to V04C,V04C finite source proof or later machine semantics,PENDING_V04C,V03C-FLOW-001,OPEN,,Discovery frontier only; no oracle/trace promotion.
V03F00234,V03C,458128b8afa2a9819ef659cf28e447844959c20f,80:E3E7:E0M1X1:C?:DBR??:C,RTS $0063E7,NOT_RUNTIME_TRAVERSED,RETURN,return target/status provenance deferred to V04C,V04C finite source proof or later machine semantics,PENDING_V04C,V03C-FLOW-001,OPEN,,Discovery frontier only; no oracle/trace promotion.
V03F00235,V03C,458128b8afa2a9819ef659cf28e447844959c20f,80:E3F2:E0M1X1:C?:DBR??:C,RTS $0063F2,NOT_RUNTIME_TRAVERSED,RETURN,return target/status provenance deferred to V04C,V04C finite source proof or later machine semantics,PENDING_V04C,V03C-FLOW-001,OPEN,,Discovery frontier only; no oracle/trace promotion.
V03F00236,V03C,458128b8afa2a9819ef659cf28e447844959c20f,80:8BEE:E0M1X1:C?:DBR??:C,RTS $000BEE,NOT_RUNTIME_TRAVERSED,RETURN,return target/status provenance deferred to V04C,V04C finite source proof or later machine semantics,PENDING_V04C,V03C-FLOW-001,OPEN,,Discovery frontier only; no oracle/trace promotion.
V03F00237,V03C,458128b8afa2a9819ef659cf28e447844959c20f,81:9CAD:E0M1X1:C?:DBR??:C,RTS $009CAD,NOT_RUNTIME_TRAVERSED,RETURN,return target/status provenance deferred to V04C,V04C finite source proof or later machine semantics,PENDING_V04C,V03C-FLOW-001,OPEN,,Discovery frontier only; no oracle/trace promotion.
V03F00238,V03C,458128b8afa2a9819ef659cf28e447844959c20f,81:B173:E0M0X0:C?:DBR??:C,RTS $00B173,NOT_RUNTIME_TRAVERSED,RETURN,return target/status provenance deferred to V04C,V04C finite source proof or later machine semantics,PENDING_V04C,V03C-FLOW-001,OPEN,,Discovery frontier only; no oracle/trace promotion.
V03F00239,V03C,458128b8afa2a9819ef659cf28e447844959c20f,80:D4A4:E0M0X0:C?:DBR??:C,RTL $0054A4,NOT_RUNTIME_TRAVERSED,RETURN,return target/status provenance deferred to V04C,V04C finite source proof or later machine semantics,PENDING_V04C,V03C-FLOW-001,OPEN,,Discovery frontier only; no oracle/trace promotion.
V03F00240,V03C,458128b8afa2a9819ef659cf28e447844959c20f,80:A219:E0M1X1:C?:DBR??:C,RTS $002219,NOT_RUNTIME_TRAVERSED,RETURN,return target/status provenance deferred to V04C,V04C finite source proof or later machine semantics,PENDING_V04C,V03C-FLOW-001,OPEN,,Discovery frontier only; no oracle/trace promotion.
V03F00241,V03C,458128b8afa2a9819ef659cf28e447844959c20f,80:E4D3:E0M1X1:C?:DBR??:C,RTS $0064D3,NOT_RUNTIME_TRAVERSED,RETURN,return target/status provenance deferred to V04C,V04C finite source proof or later machine semantics,PENDING_V04C,V03C-FLOW-001,OPEN,,Discovery frontier only; no oracle/trace promotion.
V03F00242,V03C,458128b8afa2a9819ef659cf28e447844959c20f,80:839A:E0M0X0:C?:DBR??:C,RTS $00039A,NOT_RUNTIME_TRAVERSED,RETURN,return target/status provenance deferred to V04C,V04C finite source proof or later machine semantics,PENDING_V04C,V03C-FLOW-001,OPEN,,Discovery frontier only; no oracle/trace promotion.
V03F00243,V03C,458128b8afa2a9819ef659cf28e447844959c20f,80:D5AC:E0M1X1:C?:DBR??:C,RTS $0055AC,NOT_RUNTIME_TRAVERSED,RETURN,return target/status provenance deferred to V04C,V04C finite source proof or later machine semantics,PENDING_V04C,V03C-FLOW-001,OPEN,,Discovery frontier only; no oracle/trace promotion.
V03F00244,V03C,458128b8afa2a9819ef659cf28e447844959c20f,80:CC41:E0M1X1:C?:DBR??:C,RTS $004C41,NOT_RUNTIME_TRAVERSED,RETURN,return target/status provenance deferred to V04C,V04C finite source proof or later machine semantics,PENDING_V04C,V03C-FLOW-001,OPEN,,Discovery frontier only; no oracle/trace promotion.
V03F00245,V03C,458128b8afa2a9819ef659cf28e447844959c20f,80:DD64:E0M1X1:C?:DBR??:C,RTS $005D64,NOT_RUNTIME_TRAVERSED,RETURN,return target/status provenance deferred to V04C,V04C finite source proof or later machine semantics,PENDING_V04C,V03C-FLOW-001,OPEN,,Discovery frontier only; no oracle/trace promotion.
V03F00246,V03C,458128b8afa2a9819ef659cf28e447844959c20f,81:F71B:E0M1X1:C0:DBR??:C,RTS $00F71B,NOT_RUNTIME_TRAVERSED,RETURN,return target/status provenance deferred to V04C,V04C finite source proof or later machine semantics,PENDING_V04C,V03C-FLOW-001,OPEN,,Discovery frontier only; no oracle/trace promotion.
V03F00247,V03C,458128b8afa2a9819ef659cf28e447844959c20f,80:A289:E0M0X0:C?:DBR??:C,RTL $002289,NOT_RUNTIME_TRAVERSED,RETURN,return target/status provenance deferred to V04C,V04C finite source proof or later machine semantics,PENDING_V04C,V03C-FLOW-001,OPEN,,Discovery frontier only; no oracle/trace promotion.
V03F00248,V03C,458128b8afa2a9819ef659cf28e447844959c20f,80:B028:E0M1X1:C?:DBR??:C,RTS $003028,NOT_RUNTIME_TRAVERSED,RETURN,return target/status provenance deferred to V04C,V04C finite source proof or later machine semantics,PENDING_V04C,V03C-FLOW-001,OPEN,,Discovery frontier only; no oracle/trace promotion.
V03F00249,V03C,458128b8afa2a9819ef659cf28e447844959c20f,80:C076:E0M1X1:C?:DBR??:C,RTS $004076,NOT_RUNTIME_TRAVERSED,RETURN,return target/status provenance deferred to V04C,V04C finite source proof or later machine semantics,PENDING_V04C,V03C-FLOW-001,OPEN,,Discovery frontier only; no oracle/trace promotion.
V03F00250,V03C,458128b8afa2a9819ef659cf28e447844959c20f,81:CB53:E0M1X1:C?:DBR??:C,RTS $00CB53,NOT_RUNTIME_TRAVERSED,RETURN,return target/status provenance deferred to V04C,V04C finite source proof or later machine semantics,PENDING_V04C,V03C-FLOW-001,OPEN,,Discovery frontier only; no oracle/trace promotion.
V03F00251,V03C,458128b8afa2a9819ef659cf28e447844959c20f,81:F700:E0M1X1:C0:DBR??:C,RTS $00F700,NOT_RUNTIME_TRAVERSED,RETURN,return target/status provenance deferred to V04C,V04C finite source proof or later machine semantics,PENDING_V04C,V03C-FLOW-001,OPEN,,Discovery frontier only; no oracle/trace promotion.
V03F00252,V03C,458128b8afa2a9819ef659cf28e447844959c20f,80:A343:E0M0X0:C?:DBR??:C,RTL $002343,NOT_RUNTIME_TRAVERSED,RETURN,return target/status provenance deferred to V04C,V04C finite source proof or later machine semantics,PENDING_V04C,V03C-FLOW-001,OPEN,,Discovery frontier only; no oracle/trace promotion.
V03F00253,V03C,458128b8afa2a9819ef659cf28e447844959c20f,81:9137:E0M1X1:C?:DBR??:C,RTS $009137,NOT_RUNTIME_TRAVERSED,RETURN,return target/status provenance deferred to V04C,V04C finite source proof or later machine semantics,PENDING_V04C,V03C-FLOW-001,OPEN,,Discovery frontier only; no oracle/trace promotion.
V03F00254,V03C,458128b8afa2a9819ef659cf28e447844959c20f,80:C08A:E0M0X0:C?:DBR??:C,RTS $00408A,NOT_RUNTIME_TRAVERSED,RETURN,return target/status provenance deferred to V04C,V04C finite source proof or later machine semantics,PENDING_V04C,V03C-FLOW-001,OPEN,,Discovery frontier only; no oracle/trace promotion.
V03F00255,V03C,458128b8afa2a9819ef659cf28e447844959c20f,81:C9C5:E0M1X1:C1:DBR??:C,RTS $00C9C5,NOT_RUNTIME_TRAVERSED,RETURN,return target/status provenance deferred to V04C,V04C finite source proof or later machine semantics,PENDING_V04C,V03C-FLOW-001,OPEN,,Discovery frontier only; no oracle/trace promotion.
V03F00256,V03C,458128b8afa2a9819ef659cf28e447844959c20f,81:F6F6:E0M1X1:C0:DBR??:C,RTS $00F6F6,NOT_RUNTIME_TRAVERSED,RETURN,return target/status provenance deferred to V04C,V04C finite source proof or later machine semantics,PENDING_V04C,V03C-FLOW-001,OPEN,,Discovery frontier only; no oracle/trace promotion.
V03F00257,V03C,458128b8afa2a9819ef659cf28e447844959c20f,81:AA10:E0M1X1:C?:DBR??:C,RTS $00AA10,NOT_RUNTIME_TRAVERSED,RETURN,return target/status provenance deferred to V04C,V04C finite source proof or later machine semantics,PENDING_V04C,V03C-FLOW-001,OPEN,,Discovery frontier only; no oracle/trace promotion.
V03F00258,V03C,458128b8afa2a9819ef659cf28e447844959c20f,81:A669:E0M1X1:C?:DBR??:C,RTS $00A669,NOT_RUNTIME_TRAVERSED,RETURN,return target/status provenance deferred to V04C,V04C finite source proof or later machine semantics,PENDING_V04C,V03C-FLOW-001,OPEN,,Discovery frontier only; no oracle/trace promotion.
V03F00259,V03C,458128b8afa2a9819ef659cf28e447844959c20f,80:A443:E0M1X1:C?:DBR??:C,RTS $002443,NOT_RUNTIME_TRAVERSED,RETURN,return target/status provenance deferred to V04C,V04C finite source proof or later machine semantics,PENDING_V04C,V03C-FLOW-001,OPEN,,Discovery frontier only; no oracle/trace promotion.
V03F00260,V03C,458128b8afa2a9819ef659cf28e447844959c20f,80:AFAC:E0M1X1:C?:DBR??:C,RTS $002FAC,NOT_RUNTIME_TRAVERSED,RETURN,return target/status provenance deferred to V04C,V04C finite source proof or later machine semantics,PENDING_V04C,V03C-FLOW-001,OPEN,,Discovery frontier only; no oracle/trace promotion.
V03F00261,V03C,458128b8afa2a9819ef659cf28e447844959c20f,80:C142:E0M0X0:C?:DBR??:C,RTS $004142,NOT_RUNTIME_TRAVERSED,RETURN,return target/status provenance deferred to V04C,V04C finite source proof or later machine semantics,PENDING_V04C,V03C-FLOW-001,OPEN,,Discovery frontier only; no oracle/trace promotion.
V03F00262,V03C,458128b8afa2a9819ef659cf28e447844959c20f,80:F929:E0M1X1:C?:DBR??:C,RTL $007929,NOT_RUNTIME_TRAVERSED,RETURN,return target/status provenance deferred to V04C,V04C finite source proof or later machine semantics,PENDING_V04C,V03C-FLOW-001,OPEN,,Discovery frontier only; no oracle/trace promotion.
V03F00263,V03C,458128b8afa2a9819ef659cf28e447844959c20f,81:F713:E0M1X1:C?:DBR??:C,RTS $00F713,NOT_RUNTIME_TRAVERSED,RETURN,return target/status provenance deferred to V04C,V04C finite source proof or later machine semantics,PENDING_V04C,V03C-FLOW-001,OPEN,,Discovery frontier only; no oracle/trace promotion.
V03F00264,V03C,458128b8afa2a9819ef659cf28e447844959c20f,81:F626:E0M1X1:C0:DBR??:C,RTS $00F626,NOT_RUNTIME_TRAVERSED,RETURN,return target/status provenance deferred to V04C,V04C finite source proof or later machine semantics,PENDING_V04C,V03C-FLOW-001,OPEN,,Discovery frontier only; no oracle/trace promotion.
V03F00265,V03C,458128b8afa2a9819ef659cf28e447844959c20f,81:F55E:E0M1X1:C?:DBR??:C,RTS $00F55E,NOT_RUNTIME_TRAVERSED,RETURN,return target/status provenance deferred to V04C,V04C finite source proof or later machine semantics,PENDING_V04C,V03C-FLOW-001,OPEN,,Discovery frontier only; no oracle/trace promotion.
V03F00266,V03C,458128b8afa2a9819ef659cf28e447844959c20f,80:A2E6:E0M0X0:C?:DBR??:C,RTL $0022E6,NOT_RUNTIME_TRAVERSED,RETURN,return target/status provenance deferred to V04C,V04C finite source proof or later machine semantics,PENDING_V04C,V03C-FLOW-001,OPEN,,Discovery frontier only; no oracle/trace promotion.
V03F00267,V03C,458128b8afa2a9819ef659cf28e447844959c20f,80:A225:E0M0X0:C?:DBR??:C,RTL $002225,NOT_RUNTIME_TRAVERSED,RETURN,return target/status provenance deferred to V04C,V04C finite source proof or later machine semantics,PENDING_V04C,V03C-FLOW-001,OPEN,,Discovery frontier only; no oracle/trace promotion.
V03F00268,V03C,458128b8afa2a9819ef659cf28e447844959c20f,81:A7D0:E0M1X1:C?:DBR??:C,RTS $00A7D0,NOT_RUNTIME_TRAVERSED,RETURN,return target/status provenance deferred to V04C,V04C finite source proof or later machine semantics,PENDING_V04C,V03C-FLOW-001,OPEN,,Discovery frontier only; no oracle/trace promotion.
V03F00269,V03C,458128b8afa2a9819ef659cf28e447844959c20f,81:B0F1:E0M1X1:C?:DBR??:C,RTS $00B0F1,NOT_RUNTIME_TRAVERSED,RETURN,return target/status provenance deferred to V04C,V04C finite source proof or later machine semantics,PENDING_V04C,V03C-FLOW-001,OPEN,,Discovery frontier only; no oracle/trace promotion.
V03F00270,V03C,458128b8afa2a9819ef659cf28e447844959c20f,80:CA66:E0M0X0:C?:DBR??:C,RTS $004A66,NOT_RUNTIME_TRAVERSED,RETURN,return target/status provenance deferred to V04C,V04C finite source proof or later machine semantics,PENDING_V04C,V03C-FLOW-001,OPEN,,Discovery frontier only; no oracle/trace promotion.
V03F00271,V03C,458128b8afa2a9819ef659cf28e447844959c20f,80:FB6F:E0M1X1:C?:DBR??:C,RTL $007B6F,NOT_RUNTIME_TRAVERSED,RETURN,return target/status provenance deferred to V04C,V04C finite source proof or later machine semantics,PENDING_V04C,V03C-FLOW-001,OPEN,,Discovery frontier only; no oracle/trace promotion.
V03F00272,V03C,458128b8afa2a9819ef659cf28e447844959c20f,80:F9A3:E0M1X1:C?:DBR??:C,PLP $0079A3,NOT_RUNTIME_TRAVERSED,STATUS_WIDTH,native PLP restores M/X from stack; V03C does not prove stack status producers,V04C finite source proof or later machine semantics,PENDING_V04C,V03C-FLOW-001,OPEN,,Discovery frontier only; no oracle/trace promotion.
V03F00273,V03C,458128b8afa2a9819ef659cf28e447844959c20f,80:8C15:E0M1X1:C?:DBR??:C,RTS $000C15,NOT_RUNTIME_TRAVERSED,RETURN,return target/status provenance deferred to V04C,V04C finite source proof or later machine semantics,PENDING_V04C,V03C-FLOW-001,OPEN,,Discovery frontier only; no oracle/trace promotion.
V03F00274,V03C,458128b8afa2a9819ef659cf28e447844959c20f,80:F9A4:E0M0X0:C?:DBR??:C,RTS $0079A4,NOT_RUNTIME_TRAVERSED,RETURN,return target/status provenance deferred to V04C,V04C finite source proof or later machine semantics,PENDING_V04C,V03C-FLOW-001,OPEN,,Discovery frontier only; no oracle/trace promotion.
V03F00275,V03C,458128b8afa2a9819ef659cf28e447844959c20f,80:F9A4:E0M0X1:C?:DBR??:C,RTS $0079A4,NOT_RUNTIME_TRAVERSED,RETURN,return target/status provenance deferred to V04C,V04C finite source proof or later machine semantics,PENDING_V04C,V03C-FLOW-001,OPEN,,Discovery frontier only; no oracle/trace promotion.
V03F00276,V03C,458128b8afa2a9819ef659cf28e447844959c20f,80:F9A4:E0M1X0:C?:DBR??:C,RTS $0079A4,NOT_RUNTIME_TRAVERSED,RETURN,return target/status provenance deferred to V04C,V04C finite source proof or later machine semantics,PENDING_V04C,V03C-FLOW-001,OPEN,,Discovery frontier only; no oracle/trace promotion.
V03F00277,V03C,458128b8afa2a9819ef659cf28e447844959c20f,80:F9A4:E0M1X1:C?:DBR??:C,RTS $0079A4,NOT_RUNTIME_TRAVERSED,RETURN,return target/status provenance deferred to V04C,V04C finite source proof or later machine semantics,PENDING_V04C,V03C-FLOW-001,OPEN,,Discovery frontier only; no oracle/trace promotion.
V03F00278,V03C,458128b8afa2a9819ef659cf28e447844959c20f,81:9FAD:E0M1X1:C?:DBR??:C,RTS $009FAD,NOT_RUNTIME_TRAVERSED,RETURN,return target/status provenance deferred to V04C,V04C finite source proof or later machine semantics,PENDING_V04C,V03C-FLOW-001,OPEN,,Discovery frontier only; no oracle/trace promotion.
V03F00279,V03C,458128b8afa2a9819ef659cf28e447844959c20f,81:B5B2:E0M1X1:C?:DBR??:C,RTS $00B5B2,NOT_RUNTIME_TRAVERSED,RETURN,return target/status provenance deferred to V04C,V04C finite source proof or later machine semantics,PENDING_V04C,V03C-FLOW-001,OPEN,,Discovery frontier only; no oracle/trace promotion.
V03F00280,V03C,458128b8afa2a9819ef659cf28e447844959c20f,81:B539:E0M1X1:C?:DBR??:C,RTS $00B539,NOT_RUNTIME_TRAVERSED,RETURN,return target/status provenance deferred to V04C,V04C finite source proof or later machine semantics,PENDING_V04C,V03C-FLOW-001,OPEN,,Discovery frontier only; no oracle/trace promotion.
V03F00281,V03C,458128b8afa2a9819ef659cf28e447844959c20f,80:B0B0:E0M1X1:C?:DBR??:C,RTS $0030B0,NOT_RUNTIME_TRAVERSED,RETURN,return target/status provenance deferred to V04C,V04C finite source proof or later machine semantics,PENDING_V04C,V03C-FLOW-001,OPEN,,Discovery frontier only; no oracle/trace promotion.
V03F00282,V03C,458128b8afa2a9819ef659cf28e447844959c20f,80:B059:E0M1X1:C?:DBR??:C,RTS $003059,NOT_RUNTIME_TRAVERSED,RETURN,return target/status provenance deferred to V04C,V04C finite source proof or later machine semantics,PENDING_V04C,V03C-FLOW-001,OPEN,,Discovery frontier only; no oracle/trace promotion.
V03F00283,V03C,458128b8afa2a9819ef659cf28e447844959c20f,80:DDD4:E0M1X1:C?:DBR??:C,RTS $005DD4,NOT_RUNTIME_TRAVERSED,RETURN,return target/status provenance deferred to V04C,V04C finite source proof or later machine semantics,PENDING_V04C,V03C-FLOW-001,OPEN,,Discovery frontier only; no oracle/trace promotion.
V03F00284,V03C,458128b8afa2a9819ef659cf28e447844959c20f,81:C73A:E0M1X1:C?:DBR??:C,RTS $00C73A,NOT_RUNTIME_TRAVERSED,RETURN,return target/status provenance deferred to V04C,V04C finite source proof or later machine semantics,PENDING_V04C,V03C-FLOW-001,OPEN,,Discovery frontier only; no oracle/trace promotion.
V03F00285,V03C,458128b8afa2a9819ef659cf28e447844959c20f,81:CF69:E0M1X1:C?:DBR??:C,RTS $00CF69,NOT_RUNTIME_TRAVERSED,RETURN,return target/status provenance deferred to V04C,V04C finite source proof or later machine semantics,PENDING_V04C,V03C-FLOW-001,OPEN,,Discovery frontier only; no oracle/trace promotion.
V03F00286,V03C,458128b8afa2a9819ef659cf28e447844959c20f,81:B55D:E0M1X1:C?:DBR??:C,RTS $00B55D,NOT_RUNTIME_TRAVERSED,RETURN,return target/status provenance deferred to V04C,V04C finite source proof or later machine semantics,PENDING_V04C,V03C-FLOW-001,OPEN,,Discovery frontier only; no oracle/trace promotion.
V03F00287,V03C,458128b8afa2a9819ef659cf28e447844959c20f,80:CCF1:E0M0X0:C?:DBR??:C,RTS $004CF1,NOT_RUNTIME_TRAVERSED,RETURN,return target/status provenance deferred to V04C,V04C finite source proof or later machine semantics,PENDING_V04C,V03C-FLOW-001,OPEN,,Discovery frontier only; no oracle/trace promotion.
V03F00288,V03C,458128b8afa2a9819ef659cf28e447844959c20f,80:AFC8:E0M1X1:C?:DBR??:C,RTS $002FC8,NOT_RUNTIME_TRAVERSED,RETURN,return target/status provenance deferred to V04C,V04C finite source proof or later machine semantics,PENDING_V04C,V03C-FLOW-001,OPEN,,Discovery frontier only; no oracle/trace promotion.
V03F00289,V03C,458128b8afa2a9819ef659cf28e447844959c20f,80:AF90:E0M1X1:C?:DBR??:C,RTS $002F90,NOT_RUNTIME_TRAVERSED,RETURN,return target/status provenance deferred to V04C,V04C finite source proof or later machine semantics,PENDING_V04C,V03C-FLOW-001,OPEN,,Discovery frontier only; no oracle/trace promotion.
V03F00290,V03C,458128b8afa2a9819ef659cf28e447844959c20f,80:B114:E0M1X1:C?:DBR??:C,RTS $003114,NOT_RUNTIME_TRAVERSED,RETURN,return target/status provenance deferred to V04C,V04C finite source proof or later machine semantics,PENDING_V04C,V03C-FLOW-001,OPEN,,Discovery frontier only; no oracle/trace promotion.
V03F00291,V03C,458128b8afa2a9819ef659cf28e447844959c20f,80:90A4:E0M1X1:C?:DBR??:C,RTS $0010A4,NOT_RUNTIME_TRAVERSED,RETURN,return target/status provenance deferred to V04C,V04C finite source proof or later machine semantics,PENDING_V04C,V03C-FLOW-001,OPEN,,Discovery frontier only; no oracle/trace promotion.
V03F00292,V03C,458128b8afa2a9819ef659cf28e447844959c20f,80:936F:E0M1X1:C?:DBR??:C,RTS $00136F,NOT_RUNTIME_TRAVERSED,RETURN,return target/status provenance deferred to V04C,V04C finite source proof or later machine semantics,PENDING_V04C,V03C-FLOW-001,OPEN,,Discovery frontier only; no oracle/trace promotion.
V03F00293,V03C,458128b8afa2a9819ef659cf28e447844959c20f,80:DE14:E0M1X1:C?:DBR??:C,RTS $005E14,NOT_RUNTIME_TRAVERSED,RETURN,return target/status provenance deferred to V04C,V04C finite source proof or later machine semantics,PENDING_V04C,V03C-FLOW-001,OPEN,,Discovery frontier only; no oracle/trace promotion.
V03F00294,V03C,458128b8afa2a9819ef659cf28e447844959c20f,80:C319:E0M1X1:C?:DBR??:C,RTS $004319,NOT_RUNTIME_TRAVERSED,RETURN,return target/status provenance deferred to V04C,V04C finite source proof or later machine semantics,PENDING_V04C,V03C-FLOW-001,OPEN,,Discovery frontier only; no oracle/trace promotion.
V03F00295,V03C,458128b8afa2a9819ef659cf28e447844959c20f,80:C196:E0M0X0:C?:DBR??:C,RTS $004196,NOT_RUNTIME_TRAVERSED,RETURN,return target/status provenance deferred to V04C,V04C finite source proof or later machine semantics,PENDING_V04C,V03C-FLOW-001,OPEN,,Discovery frontier only; no oracle/trace promotion.
V03F00296,V03C,458128b8afa2a9819ef659cf28e447844959c20f,81:A81C:E0M1X1:C?:DBR??:C,RTS $00A81C,NOT_RUNTIME_TRAVERSED,RETURN,return target/status provenance deferred to V04C,V04C finite source proof or later machine semantics,PENDING_V04C,V03C-FLOW-001,OPEN,,Discovery frontier only; no oracle/trace promotion.
V03F00297,V03C,458128b8afa2a9819ef659cf28e447844959c20f,80:FB55:E0M1X1:C?:DBR??:C,RTL $007B55,NOT_RUNTIME_TRAVERSED,RETURN,return target/status provenance deferred to V04C,V04C finite source proof or later machine semantics,PENDING_V04C,V03C-FLOW-001,OPEN,,Discovery frontier only; no oracle/trace promotion.
V03F00298,V03C,458128b8afa2a9819ef659cf28e447844959c20f,81:9D30:E0M1X1:C0:DBR??:C,RTS $009D30,NOT_RUNTIME_TRAVERSED,RETURN,return target/status provenance deferred to V04C,V04C finite source proof or later machine semantics,PENDING_V04C,V03C-FLOW-001,OPEN,,Discovery frontier only; no oracle/trace promotion.
V03F00299,V03C,458128b8afa2a9819ef659cf28e447844959c20f,80:C8D1:E0M1X1:C?:DBR??:C,RTS $0048D1,NOT_RUNTIME_TRAVERSED,RETURN,return target/status provenance deferred to V04C,V04C finite source proof or later machine semantics,PENDING_V04C,V03C-FLOW-001,OPEN,,Discovery frontier only; no oracle/trace promotion.
V03F00300,V03C,458128b8afa2a9819ef659cf28e447844959c20f,80:FBA4:E0M1X1:C?:DBR80:C,RTS $007BA4,NOT_RUNTIME_TRAVERSED,RETURN,return target/status provenance deferred to V04C,V04C finite source proof or later machine semantics,PENDING_V04C,V03C-FLOW-001,OPEN,,Discovery frontier only; no oracle/trace promotion.
V03F00301,V03C,458128b8afa2a9819ef659cf28e447844959c20f,81:FB1E:E0M0X0:C?:DBR??:C,RTS $00FB1E,NOT_RUNTIME_TRAVERSED,RETURN,return target/status provenance deferred to V04C,V04C finite source proof or later machine semantics,PENDING_V04C,V03C-FLOW-001,OPEN,,Discovery frontier only; no oracle/trace promotion.
V03F00302,V03C,458128b8afa2a9819ef659cf28e447844959c20f,81:C6D7:E0M1X1:C?:DBR??:C,RTS $00C6D7,NOT_RUNTIME_TRAVERSED,RETURN,return target/status provenance deferred to V04C,V04C finite source proof or later machine semantics,PENDING_V04C,V03C-FLOW-001,OPEN,,Discovery frontier only; no oracle/trace promotion.
V03F00303,V03C,458128b8afa2a9819ef659cf28e447844959c20f,81:F675:E0M1X1:C?:DBR??:C,RTS $00F675,NOT_RUNTIME_TRAVERSED,RETURN,return target/status provenance deferred to V04C,V04C finite source proof or later machine semantics,PENDING_V04C,V03C-FLOW-001,OPEN,,Discovery frontier only; no oracle/trace promotion.
V03F00304,V03C,458128b8afa2a9819ef659cf28e447844959c20f,81:B608:E0M1X1:C?:DBR??:C,RTS $00B608,NOT_RUNTIME_TRAVERSED,RETURN,return target/status provenance deferred to V04C,V04C finite source proof or later machine semantics,PENDING_V04C,V03C-FLOW-001,OPEN,,Discovery frontier only; no oracle/trace promotion.
V03F00305,V03C,458128b8afa2a9819ef659cf28e447844959c20f,80:A337:E0M0X0:C?:DBR??:C,RTS $002337,NOT_RUNTIME_TRAVERSED,RETURN,return target/status provenance deferred to V04C,V04C finite source proof or later machine semantics,PENDING_V04C,V03C-FLOW-001,OPEN,,Discovery frontier only; no oracle/trace promotion.
V03F00306,V03C,458128b8afa2a9819ef659cf28e447844959c20f,80:E38E:E0M0X0:C1:DBR??:C,RTS $00638E,NOT_RUNTIME_TRAVERSED,RETURN,return target/status provenance deferred to V04C,V04C finite source proof or later machine semantics,PENDING_V04C,V03C-FLOW-001,OPEN,,Discovery frontier only; no oracle/trace promotion.
V03F00307,V03C,458128b8afa2a9819ef659cf28e447844959c20f,80:FC1A:E0M1X1:C?:DBR??:C,PLP $007C1A,NOT_RUNTIME_TRAVERSED,STATUS_WIDTH,native PLP restores M/X from stack; V03C does not prove stack status producers,V04C finite source proof or later machine semantics,PENDING_V04C,V03C-FLOW-001,OPEN,,Discovery frontier only; no oracle/trace promotion.
V03F00308,V03C,458128b8afa2a9819ef659cf28e447844959c20f,81:C9C3:E0M1X1:C0:DBR??:C,RTS $00C9C3,NOT_RUNTIME_TRAVERSED,RETURN,return target/status provenance deferred to V04C,V04C finite source proof or later machine semantics,PENDING_V04C,V03C-FLOW-001,OPEN,,Discovery frontier only; no oracle/trace promotion.
V03F00309,V03C,458128b8afa2a9819ef659cf28e447844959c20f,81:F624:E0M1X1:C1:DBR??:C,RTS $00F624,NOT_RUNTIME_TRAVERSED,RETURN,return target/status provenance deferred to V04C,V04C finite source proof or later machine semantics,PENDING_V04C,V03C-FLOW-001,OPEN,,Discovery frontier only; no oracle/trace promotion.
V03F00310,V03C,458128b8afa2a9819ef659cf28e447844959c20f,92:EEC6:E0M0X0:C?:DBR??:C,PLP $096EC6,NOT_RUNTIME_TRAVERSED,STATUS_WIDTH,native PLP restores M/X from stack; V03C does not prove stack status producers,V04C finite source proof or later machine semantics,PENDING_V04C,V03C-FLOW-001,OPEN,,Discovery frontier only; no oracle/trace promotion.
V03F00311,V03C,458128b8afa2a9819ef659cf28e447844959c20f,80:FB5B:E0M1X1:C?:DBR??:C,RTS $007B5B,NOT_RUNTIME_TRAVERSED,RETURN,return target/status provenance deferred to V04C,V04C finite source proof or later machine semantics,PENDING_V04C,V03C-FLOW-001,OPEN,,Discovery frontier only; no oracle/trace promotion.
V03F00312,V03C,458128b8afa2a9819ef659cf28e447844959c20f,80:FC1B:E0M0X0:C?:DBR??:C,RTS $007C1B,NOT_RUNTIME_TRAVERSED,RETURN,return target/status provenance deferred to V04C,V04C finite source proof or later machine semantics,PENDING_V04C,V03C-FLOW-001,OPEN,,Discovery frontier only; no oracle/trace promotion.
V03F00313,V03C,458128b8afa2a9819ef659cf28e447844959c20f,80:FC1B:E0M0X1:C?:DBR??:C,RTS $007C1B,NOT_RUNTIME_TRAVERSED,RETURN,return target/status provenance deferred to V04C,V04C finite source proof or later machine semantics,PENDING_V04C,V03C-FLOW-001,OPEN,,Discovery frontier only; no oracle/trace promotion.
V03F00314,V03C,458128b8afa2a9819ef659cf28e447844959c20f,80:FC1B:E0M1X0:C?:DBR??:C,RTS $007C1B,NOT_RUNTIME_TRAVERSED,RETURN,return target/status provenance deferred to V04C,V04C finite source proof or later machine semantics,PENDING_V04C,V03C-FLOW-001,OPEN,,Discovery frontier only; no oracle/trace promotion.
V03F00315,V03C,458128b8afa2a9819ef659cf28e447844959c20f,80:FC1B:E0M1X1:C?:DBR??:C,RTS $007C1B,NOT_RUNTIME_TRAVERSED,RETURN,return target/status provenance deferred to V04C,V04C finite source proof or later machine semantics,PENDING_V04C,V03C-FLOW-001,OPEN,,Discovery frontier only; no oracle/trace promotion.
V03F00316,V03C,458128b8afa2a9819ef659cf28e447844959c20f,81:F82F:E0M1X1:C?:DBR??:C,RTS $00F82F,NOT_RUNTIME_TRAVERSED,RETURN,return target/status provenance deferred to V04C,V04C finite source proof or later machine semantics,PENDING_V04C,V03C-FLOW-001,OPEN,,Discovery frontier only; no oracle/trace promotion.
V03F00317,V03C,458128b8afa2a9819ef659cf28e447844959c20f,81:F537:E0M1X1:C?:DBR??:C,RTS $00F537,NOT_RUNTIME_TRAVERSED,RETURN,return target/status provenance deferred to V04C,V04C finite source proof or later machine semantics,PENDING_V04C,V03C-FLOW-001,OPEN,,Discovery frontier only; no oracle/trace promotion.
V03F00318,V03C,458128b8afa2a9819ef659cf28e447844959c20f,92:EEC7:E0M0X0:C?:DBR??:C,RTL $096EC7,NOT_RUNTIME_TRAVERSED,RETURN,return target/status provenance deferred to V04C,V04C finite source proof or later machine semantics,PENDING_V04C,V03C-FLOW-001,OPEN,,Discovery frontier only; no oracle/trace promotion.
V03F00319,V03C,458128b8afa2a9819ef659cf28e447844959c20f,92:EEC7:E0M0X1:C?:DBR??:C,RTL $096EC7,NOT_RUNTIME_TRAVERSED,RETURN,return target/status provenance deferred to V04C,V04C finite source proof or later machine semantics,PENDING_V04C,V03C-FLOW-001,OPEN,,Discovery frontier only; no oracle/trace promotion.
V03F00320,V03C,458128b8afa2a9819ef659cf28e447844959c20f,92:EEC7:E0M1X0:C?:DBR??:C,RTL $096EC7,NOT_RUNTIME_TRAVERSED,RETURN,return target/status provenance deferred to V04C,V04C finite source proof or later machine semantics,PENDING_V04C,V03C-FLOW-001,OPEN,,Discovery frontier only; no oracle/trace promotion.
V03F00321,V03C,458128b8afa2a9819ef659cf28e447844959c20f,92:EEC7:E0M1X1:C?:DBR??:C,RTL $096EC7,NOT_RUNTIME_TRAVERSED,RETURN,return target/status provenance deferred to V04C,V04C finite source proof or later machine semantics,PENDING_V04C,V03C-FLOW-001,OPEN,,Discovery frontier only; no oracle/trace promotion.
V03F00322,V03C,458128b8afa2a9819ef659cf28e447844959c20f,81:BEEE:E0M0X0:C?:DBR??:C,RTS $00BEEE,NOT_RUNTIME_TRAVERSED,RETURN,return target/status provenance deferred to V04C,V04C finite source proof or later machine semantics,PENDING_V04C,V03C-FLOW-001,OPEN,,Discovery frontier only; no oracle/trace promotion.
V03F00323,V03C,458128b8afa2a9819ef659cf28e447844959c20f,81:B52B:E0M1X1:C?:DBR??:C,RTS $00B52B,NOT_RUNTIME_TRAVERSED,RETURN,return target/status provenance deferred to V04C,V04C finite source proof or later machine semantics,PENDING_V04C,V03C-FLOW-001,OPEN,,Discovery frontier only; no oracle/trace promotion.
V03F00324,V03C,458128b8afa2a9819ef659cf28e447844959c20f,81:C594:E0M1X1:C?:DBR??:C,RTL $00C594,NOT_RUNTIME_TRAVERSED,RETURN,return target/status provenance deferred to V04C,V04C finite source proof or later machine semantics,PENDING_V04C,V03C-FLOW-001,OPEN,,Discovery frontier only; no oracle/trace promotion.
V03F00325,V03C,458128b8afa2a9819ef659cf28e447844959c20f,80:DC5C:E0M0X0:C?:DBR??:C,PLP $005C5C,NOT_RUNTIME_TRAVERSED,STATUS_WIDTH,native PLP restores M/X from stack; V03C does not prove stack status producers,V04C finite source proof or later machine semantics,PENDING_V04C,V03C-FLOW-001,OPEN,,Discovery frontier only; no oracle/trace promotion.
V03F00326,V03C,458128b8afa2a9819ef659cf28e447844959c20f,80:C0CE:E0M0X0:C?:DBR??:C,RTS $0040CE,NOT_RUNTIME_TRAVERSED,RETURN,return target/status provenance deferred to V04C,V04C finite source proof or later machine semantics,PENDING_V04C,V03C-FLOW-001,OPEN,,Discovery frontier only; no oracle/trace promotion.
V03F00327,V03C,458128b8afa2a9819ef659cf28e447844959c20f,81:D8A3:E0M1X1:C?:DBR??:C,RTS $00D8A3,NOT_RUNTIME_TRAVERSED,RETURN,return target/status provenance deferred to V04C,V04C finite source proof or later machine semantics,PENDING_V04C,V03C-FLOW-001,OPEN,,Discovery frontier only; no oracle/trace promotion.
V03F00328,V03C,458128b8afa2a9819ef659cf28e447844959c20f,81:A000:E0M1X1:C?:DBR??:C,RTS $00A000,NOT_RUNTIME_TRAVERSED,RETURN,return target/status provenance deferred to V04C,V04C finite source proof or later machine semantics,PENDING_V04C,V03C-FLOW-001,OPEN,,Discovery frontier only; no oracle/trace promotion.
V03F00329,V03C,458128b8afa2a9819ef659cf28e447844959c20f,81:BF5C:E0M0X0:C?:DBR??:C,RTS $00BF5C,NOT_RUNTIME_TRAVERSED,RETURN,return target/status provenance deferred to V04C,V04C finite source proof or later machine semantics,PENDING_V04C,V03C-FLOW-001,OPEN,,Discovery frontier only; no oracle/trace promotion.
V03F00330,V03C,458128b8afa2a9819ef659cf28e447844959c20f,80:DC5D:E0M0X0:C?:DBR??:C,RTS $005C5D,NOT_RUNTIME_TRAVERSED,RETURN,return target/status provenance deferred to V04C,V04C finite source proof or later machine semantics,PENDING_V04C,V03C-FLOW-001,OPEN,,Discovery frontier only; no oracle/trace promotion.
V03F00331,V03C,458128b8afa2a9819ef659cf28e447844959c20f,80:DC5D:E0M0X1:C?:DBR??:C,RTS $005C5D,NOT_RUNTIME_TRAVERSED,RETURN,return target/status provenance deferred to V04C,V04C finite source proof or later machine semantics,PENDING_V04C,V03C-FLOW-001,OPEN,,Discovery frontier only; no oracle/trace promotion.
V03F00332,V03C,458128b8afa2a9819ef659cf28e447844959c20f,80:DC5D:E0M1X0:C?:DBR??:C,RTS $005C5D,NOT_RUNTIME_TRAVERSED,RETURN,return target/status provenance deferred to V04C,V04C finite source proof or later machine semantics,PENDING_V04C,V03C-FLOW-001,OPEN,,Discovery frontier only; no oracle/trace promotion.
V03F00333,V03C,458128b8afa2a9819ef659cf28e447844959c20f,80:DC5D:E0M1X1:C?:DBR??:C,RTS $005C5D,NOT_RUNTIME_TRAVERSED,RETURN,return target/status provenance deferred to V04C,V04C finite source proof or later machine semantics,PENDING_V04C,V03C-FLOW-001,OPEN,,Discovery frontier only; no oracle/trace promotion.
V03F00334,V03C,458128b8afa2a9819ef659cf28e447844959c20f,81:F585:E0M1X1:C?:DBR??:C,RTS $00F585,NOT_RUNTIME_TRAVERSED,RETURN,return target/status provenance deferred to V04C,V04C finite source proof or later machine semantics,PENDING_V04C,V03C-FLOW-001,OPEN,,Discovery frontier only; no oracle/trace promotion.
V03F00335,V03C,458128b8afa2a9819ef659cf28e447844959c20f,81:C71D:E0M1X1:C?:DBR??:C,RTS $00C71D,NOT_RUNTIME_TRAVERSED,RETURN,return target/status provenance deferred to V04C,V04C finite source proof or later machine semantics,PENDING_V04C,V03C-FLOW-001,OPEN,,Discovery frontier only; no oracle/trace promotion.
V03F00336,V03C,458128b8afa2a9819ef659cf28e447844959c20f,81:9FEE:E0M1X1:C?:DBR??:C,RTS $009FEE,NOT_RUNTIME_TRAVERSED,RETURN,return target/status provenance deferred to V04C,V04C finite source proof or later machine semantics,PENDING_V04C,V03C-FLOW-001,OPEN,,Discovery frontier only; no oracle/trace promotion.
V03F00337,V03C,458128b8afa2a9819ef659cf28e447844959c20f,81:B420:E0M0X0:C?:DBR??:C,RTS $00B420,NOT_RUNTIME_TRAVERSED,RETURN,return target/status provenance deferred to V04C,V04C finite source proof or later machine semantics,PENDING_V04C,V03C-FLOW-001,OPEN,,Discovery frontier only; no oracle/trace promotion.
V03F00338,V03C,458128b8afa2a9819ef659cf28e447844959c20f,80:F804:E0M0X0:C0:DBR??:C,RTS $007804,NOT_RUNTIME_TRAVERSED,RETURN,return target/status provenance deferred to V04C,V04C finite source proof or later machine semantics,PENDING_V04C,V03C-FLOW-001,OPEN,,Discovery frontier only; no oracle/trace promotion.
V03F00339,V03C,458128b8afa2a9819ef659cf28e447844959c20f,80:E56C:E0M1X1:C?:DBR??:C,RTS $00656C,NOT_RUNTIME_TRAVERSED,RETURN,return target/status provenance deferred to V04C,V04C finite source proof or later machine semantics,PENDING_V04C,V03C-FLOW-001,OPEN,,Discovery frontier only; no oracle/trace promotion.
V03F00340,V03C,458128b8afa2a9819ef659cf28e447844959c20f,80:C167:E0M0X0:C?:DBR??:C,RTS $004167,NOT_RUNTIME_TRAVERSED,RETURN,return target/status provenance deferred to V04C,V04C finite source proof or later machine semantics,PENDING_V04C,V03C-FLOW-001,OPEN,,Discovery frontier only; no oracle/trace promotion.
V03F00341,V03C,458128b8afa2a9819ef659cf28e447844959c20f,80:C903:E0M0X0:C?:DBR??:C,RTS $004903,NOT_RUNTIME_TRAVERSED,RETURN,return target/status provenance deferred to V04C,V04C finite source proof or later machine semantics,PENDING_V04C,V03C-FLOW-001,OPEN,,Discovery frontier only; no oracle/trace promotion.
V03F00342,V03C,458128b8afa2a9819ef659cf28e447844959c20f,81:C868:E0M1X1:C?:DBR??:C,RTS $00C868,NOT_RUNTIME_TRAVERSED,RETURN,return target/status provenance deferred to V04C,V04C finite source proof or later machine semantics,PENDING_V04C,V03C-FLOW-001,OPEN,,Discovery frontier only; no oracle/trace promotion.
V03F00343,V03C,458128b8afa2a9819ef659cf28e447844959c20f,81:CB46:E0M1X1:C?:DBR??:C,JSR/ABS_X_IND $00CB46,NOT_RUNTIME_TRAVERSED,DYNAMIC_TARGET,indexed/indirect call target set deferred to V04C,V04C finite source proof or later machine semantics,PENDING_V04C,V03C-FLOW-001,OPEN,,Discovery frontier only; no oracle/trace promotion.
V03F00344,V03C,458128b8afa2a9819ef659cf28e447844959c20f,80:85B5:E0M0X0:C?:DBR??:C,RTS $0005B5,NOT_RUNTIME_TRAVERSED,RETURN,return target/status provenance deferred to V04C,V04C finite source proof or later machine semantics,PENDING_V04C,V03C-FLOW-001,OPEN,,Discovery frontier only; no oracle/trace promotion.
V03F00345,V03C,458128b8afa2a9819ef659cf28e447844959c20f,81:A74F:E0M1X1:C?:DBR??:C,RTS $00A74F,NOT_RUNTIME_TRAVERSED,RETURN,return target/status provenance deferred to V04C,V04C finite source proof or later machine semantics,PENDING_V04C,V03C-FLOW-001,OPEN,,Discovery frontier only; no oracle/trace promotion.
V03F00346,V03C,458128b8afa2a9819ef659cf28e447844959c20f,81:BD43:E0M1X1:C?:DBR??:C,RTS $00BD43,NOT_RUNTIME_TRAVERSED,RETURN,return target/status provenance deferred to V04C,V04C finite source proof or later machine semantics,PENDING_V04C,V03C-FLOW-001,OPEN,,Discovery frontier only; no oracle/trace promotion.
V03F00347,V03C,458128b8afa2a9819ef659cf28e447844959c20f,80:8458:E0M0X0:C?:DBR??:C,RTS $000458,NOT_RUNTIME_TRAVERSED,RETURN,return target/status provenance deferred to V04C,V04C finite source proof or later machine semantics,PENDING_V04C,V03C-FLOW-001,OPEN,,Discovery frontier only; no oracle/trace promotion.
V03F00348,V03C,458128b8afa2a9819ef659cf28e447844959c20f,81:9D0B:E0M1X1:C1:DBR??:C,RTS $009D0B,NOT_RUNTIME_TRAVERSED,RETURN,return target/status provenance deferred to V04C,V04C finite source proof or later machine semantics,PENDING_V04C,V03C-FLOW-001,OPEN,,Discovery frontier only; no oracle/trace promotion.
V03F00349,V03C,458128b8afa2a9819ef659cf28e447844959c20f,81:B556:E0M1X1:C?:DBR??:C,RTS $00B556,NOT_RUNTIME_TRAVERSED,RETURN,return target/status provenance deferred to V04C,V04C finite source proof or later machine semantics,PENDING_V04C,V03C-FLOW-001,OPEN,,Discovery frontier only; no oracle/trace promotion.
V03F00350,V03C,458128b8afa2a9819ef659cf28e447844959c20f,80:90B2:E0M1X1:C?:DBR??:C,RTS $0010B2,NOT_RUNTIME_TRAVERSED,RETURN,return target/status provenance deferred to V04C,V04C finite source proof or later machine semantics,PENDING_V04C,V03C-FLOW-001,OPEN,,Discovery frontier only; no oracle/trace promotion.
V03F00351,V03C,458128b8afa2a9819ef659cf28e447844959c20f,80:DD95:E0M1X1:C?:DBR??:C,RTS $005D95,NOT_RUNTIME_TRAVERSED,RETURN,return target/status provenance deferred to V04C,V04C finite source proof or later machine semantics,PENDING_V04C,V03C-FLOW-001,OPEN,,Discovery frontier only; no oracle/trace promotion.
V03F00352,V03C,458128b8afa2a9819ef659cf28e447844959c20f,81:C70E:E0M1X1:C?:DBR??:C,RTS $00C70E,NOT_RUNTIME_TRAVERSED,RETURN,return target/status provenance deferred to V04C,V04C finite source proof or later machine semantics,PENDING_V04C,V03C-FLOW-001,OPEN,,Discovery frontier only; no oracle/trace promotion.
V03F00353,V03C,458128b8afa2a9819ef659cf28e447844959c20f,81:9D2A:E0M1X1:C1:DBR??:C,RTS $009D2A,NOT_RUNTIME_TRAVERSED,RETURN,return target/status provenance deferred to V04C,V04C finite source proof or later machine semantics,PENDING_V04C,V03C-FLOW-001,OPEN,,Discovery frontier only; no oracle/trace promotion.
V03F00354,V03C,458128b8afa2a9819ef659cf28e447844959c20f,80:B0BD:E0M1X1:C?:DBR??:C,RTS $0030BD,NOT_RUNTIME_TRAVERSED,RETURN,return target/status provenance deferred to V04C,V04C finite source proof or later machine semantics,PENDING_V04C,V03C-FLOW-001,OPEN,,Discovery frontier only; no oracle/trace promotion.
V03F00355,V03C,458128b8afa2a9819ef659cf28e447844959c20f,81:C3F7:E0M1X1:C?:DBR??:C,RTL $00C3F7,NOT_RUNTIME_TRAVERSED,RETURN,return target/status provenance deferred to V04C,V04C finite source proof or later machine semantics,PENDING_V04C,V03C-FLOW-001,OPEN,,Discovery frontier only; no oracle/trace promotion.
V03F00356,V03C,458128b8afa2a9819ef659cf28e447844959c20f,80:C87C:E0M1X1:C?:DBR??:C,RTS $00487C,NOT_RUNTIME_TRAVERSED,RETURN,return target/status provenance deferred to V04C,V04C finite source proof or later machine semantics,PENDING_V04C,V03C-FLOW-001,OPEN,,Discovery frontier only; no oracle/trace promotion.
V03F00357,V03C,458128b8afa2a9819ef659cf28e447844959c20f,81:9DA6:E0M1X0:C?:DBR??:C,PLP $009DA6,NOT_RUNTIME_TRAVERSED,STATUS_WIDTH,native PLP restores M/X from stack; V03C does not prove stack status producers,V04C finite source proof or later machine semantics,PENDING_V04C,V03C-FLOW-001,OPEN,,Discovery frontier only; no oracle/trace promotion.
V03F00358,V03C,458128b8afa2a9819ef659cf28e447844959c20f,81:9DA3:E0M1X0:C?:DBR??:C,PLP $009DA3,NOT_RUNTIME_TRAVERSED,STATUS_WIDTH,native PLP restores M/X from stack; V03C does not prove stack status producers,V04C finite source proof or later machine semantics,PENDING_V04C,V03C-FLOW-001,OPEN,,Discovery frontier only; no oracle/trace promotion.
V03F00359,V03C,458128b8afa2a9819ef659cf28e447844959c20f,81:A00C:E0M1X1:C?:DBR??:C,RTS $00A00C,NOT_RUNTIME_TRAVERSED,RETURN,return target/status provenance deferred to V04C,V04C finite source proof or later machine semantics,PENDING_V04C,V03C-FLOW-001,OPEN,,Discovery frontier only; no oracle/trace promotion.
V03F00360,V03C,458128b8afa2a9819ef659cf28e447844959c20f,81:F6A3:E0M1X1:C?:DBR??:C,RTS $00F6A3,NOT_RUNTIME_TRAVERSED,RETURN,return target/status provenance deferred to V04C,V04C finite source proof or later machine semantics,PENDING_V04C,V03C-FLOW-001,OPEN,,Discovery frontier only; no oracle/trace promotion.
V03F00361,V03C,458128b8afa2a9819ef659cf28e447844959c20f,81:BD51:E0M1X1:C?:DBR??:C,RTS $00BD51,NOT_RUNTIME_TRAVERSED,RETURN,return target/status provenance deferred to V04C,V04C finite source proof or later machine semantics,PENDING_V04C,V03C-FLOW-001,OPEN,,Discovery frontier only; no oracle/trace promotion.
V03F00362,V03C,458128b8afa2a9819ef659cf28e447844959c20f,80:8C99:E0M1X1:C?:DBR??:C,RTS $000C99,NOT_RUNTIME_TRAVERSED,RETURN,return target/status provenance deferred to V04C,V04C finite source proof or later machine semantics,PENDING_V04C,V03C-FLOW-001,OPEN,,Discovery frontier only; no oracle/trace promotion.
V03F00363,V03C,458128b8afa2a9819ef659cf28e447844959c20f,81:CBDA:E0M1X1:C?:DBR??:C,RTS $00CBDA,NOT_RUNTIME_TRAVERSED,RETURN,return target/status provenance deferred to V04C,V04C finite source proof or later machine semantics,PENDING_V04C,V03C-FLOW-001,OPEN,,Discovery frontier only; no oracle/trace promotion.
V03F00364,V03C,458128b8afa2a9819ef659cf28e447844959c20f,81:F835:E0M1X1:C?:DBR??:C,RTS $00F835,NOT_RUNTIME_TRAVERSED,RETURN,return target/status provenance deferred to V04C,V04C finite source proof or later machine semantics,PENDING_V04C,V03C-FLOW-001,OPEN,,Discovery frontier only; no oracle/trace promotion.
V03F00365,V03C,458128b8afa2a9819ef659cf28e447844959c20f,81:F5EC:E0M1X1:C?:DBR??:C,RTS $00F5EC,NOT_RUNTIME_TRAVERSED,RETURN,return target/status provenance deferred to V04C,V04C finite source proof or later machine semantics,PENDING_V04C,V03C-FLOW-001,OPEN,,Discovery frontier only; no oracle/trace promotion.
V03F00366,V03C,458128b8afa2a9819ef659cf28e447844959c20f,81:9D23:E0M1X1:C1:DBR??:C,RTS $009D23,NOT_RUNTIME_TRAVERSED,RETURN,return target/status provenance deferred to V04C,V04C finite source proof or later machine semantics,PENDING_V04C,V03C-FLOW-001,OPEN,,Discovery frontier only; no oracle/trace promotion.
V03F00367,V03C,458128b8afa2a9819ef659cf28e447844959c20f,81:C584:E0M1X1:C?:DBR??:C,RTS $00C584,NOT_RUNTIME_TRAVERSED,RETURN,return target/status provenance deferred to V04C,V04C finite source proof or later machine semantics,PENDING_V04C,V03C-FLOW-001,OPEN,,Discovery frontier only; no oracle/trace promotion.
V03F00368,V03C,458128b8afa2a9819ef659cf28e447844959c20f,80:D75A:E0M0X0:C?:DBR??:C,RTS $00575A,NOT_RUNTIME_TRAVERSED,RETURN,return target/status provenance deferred to V04C,V04C finite source proof or later machine semantics,PENDING_V04C,V03C-FLOW-001,OPEN,,Discovery frontier only; no oracle/trace promotion.
V03F00369,V03C,458128b8afa2a9819ef659cf28e447844959c20f,81:FA95:E0M1X1:C?:DBR??:C,RTS $00FA95,NOT_RUNTIME_TRAVERSED,RETURN,return target/status provenance deferred to V04C,V04C finite source proof or later machine semantics,PENDING_V04C,V03C-FLOW-001,OPEN,,Discovery frontier only; no oracle/trace promotion.
V03F00370,V03C,458128b8afa2a9819ef659cf28e447844959c20f,80:84EC:E0M1X0:C?:DBR??:C,RTS $0004EC,NOT_RUNTIME_TRAVERSED,RETURN,return target/status provenance deferred to V04C,V04C finite source proof or later machine semantics,PENDING_V04C,V03C-FLOW-001,OPEN,,Discovery frontier only; no oracle/trace promotion.
V03F00371,V03C,458128b8afa2a9819ef659cf28e447844959c20f,81:A017:E0M1X1:C?:DBR??:C,RTS $00A017,NOT_RUNTIME_TRAVERSED,RETURN,return target/status provenance deferred to V04C,V04C finite source proof or later machine semantics,PENDING_V04C,V03C-FLOW-001,OPEN,,Discovery frontier only; no oracle/trace promotion.
V03F00372,V03C,458128b8afa2a9819ef659cf28e447844959c20f,81:C276:E0M0X0:C?:DBR??:C,RTS $00C276,NOT_RUNTIME_TRAVERSED,RETURN,return target/status provenance deferred to V04C,V04C finite source proof or later machine semantics,PENDING_V04C,V03C-FLOW-001,OPEN,,Discovery frontier only; no oracle/trace promotion.
V03F00373,V03C,458128b8afa2a9819ef659cf28e447844959c20f,81:B32E:E0M0X0:C?:DBR??:C,RTS $00B32E,NOT_RUNTIME_TRAVERSED,RETURN,return target/status provenance deferred to V04C,V04C finite source proof or later machine semantics,PENDING_V04C,V03C-FLOW-001,OPEN,,Discovery frontier only; no oracle/trace promotion.
V03F00374,V03C,458128b8afa2a9819ef659cf28e447844959c20f,80:85B5:E0M0X0:C?:DBR80:C,RTS $0005B5,NOT_RUNTIME_TRAVERSED,RETURN,return target/status provenance deferred to V04C,V04C finite source proof or later machine semantics,PENDING_V04C,V03C-FLOW-001,OPEN,,Discovery frontier only; no oracle/trace promotion.
V03F00375,V03C,458128b8afa2a9819ef659cf28e447844959c20f,81:9FDC:E0M1X1:C?:DBR??:C,RTS $009FDC,NOT_RUNTIME_TRAVERSED,RETURN,return target/status provenance deferred to V04C,V04C finite source proof or later machine semantics,PENDING_V04C,V03C-FLOW-001,OPEN,,Discovery frontier only; no oracle/trace promotion.
V03F00376,V03C,458128b8afa2a9819ef659cf28e447844959c20f,81:F6EE:E0M1X1:C0:DBR??:C,RTS $00F6EE,NOT_RUNTIME_TRAVERSED,RETURN,return target/status provenance deferred to V04C,V04C finite source proof or later machine semantics,PENDING_V04C,V03C-FLOW-001,OPEN,,Discovery frontier only; no oracle/trace promotion.
V03F00377,V03C,458128b8afa2a9819ef659cf28e447844959c20f,81:90FF:E0M0X0:C?:DBR??:C,RTS $0090FF,NOT_RUNTIME_TRAVERSED,RETURN,return target/status provenance deferred to V04C,V04C finite source proof or later machine semantics,PENDING_V04C,V03C-FLOW-001,OPEN,,Discovery frontier only; no oracle/trace promotion.
V03F00378,V03C,458128b8afa2a9819ef659cf28e447844959c20f,81:BD5F:E0M1X1:C?:DBR??:C,RTS $00BD5F,NOT_RUNTIME_TRAVERSED,RETURN,return target/status provenance deferred to V04C,V04C finite source proof or later machine semantics,PENDING_V04C,V03C-FLOW-001,OPEN,,Discovery frontier only; no oracle/trace promotion.
V03F00379,V03C,458128b8afa2a9819ef659cf28e447844959c20f,80:CE7E:E0M1X1:C?:DBR??:C,RTS $004E7E,NOT_RUNTIME_TRAVERSED,RETURN,return target/status provenance deferred to V04C,V04C finite source proof or later machine semantics,PENDING_V04C,V03C-FLOW-001,OPEN,,Discovery frontier only; no oracle/trace promotion.
V03F00380,V03C,458128b8afa2a9819ef659cf28e447844959c20f,80:B34D:E0M1X1:C?:DBR??:C,RTS $00334D,NOT_RUNTIME_TRAVERSED,RETURN,return target/status provenance deferred to V04C,V04C finite source proof or later machine semantics,PENDING_V04C,V03C-FLOW-001,OPEN,,Discovery frontier only; no oracle/trace promotion.
V03F00381,V03C,458128b8afa2a9819ef659cf28e447844959c20f,80:B34A:E0M1X1:C?:DBR??:C,RTS $00334A,NOT_RUNTIME_TRAVERSED,RETURN,return target/status provenance deferred to V04C,V04C finite source proof or later machine semantics,PENDING_V04C,V03C-FLOW-001,OPEN,,Discovery frontier only; no oracle/trace promotion.
V03F00382,V03C,458128b8afa2a9819ef659cf28e447844959c20f,81:DE77:E0M0X0:C?:DBR??:C,RTL $00DE77,NOT_RUNTIME_TRAVERSED,RETURN,return target/status provenance deferred to V04C,V04C finite source proof or later machine semantics,PENDING_V04C,V03C-FLOW-001,OPEN,,Discovery frontier only; no oracle/trace promotion.
V03F00383,V03C,458128b8afa2a9819ef659cf28e447844959c20f,80:84F6:E0M1X0:C?:DBR??:C,RTS $0004F6,NOT_RUNTIME_TRAVERSED,RETURN,return target/status provenance deferred to V04C,V04C finite source proof or later machine semantics,PENDING_V04C,V03C-FLOW-001,OPEN,,Discovery frontier only; no oracle/trace promotion.
V03F00384,V03C,458128b8afa2a9819ef659cf28e447844959c20f,81:9FC5:E0M1X1:C?:DBR??:C,RTS $009FC5,NOT_RUNTIME_TRAVERSED,RETURN,return target/status provenance deferred to V04C,V04C finite source proof or later machine semantics,PENDING_V04C,V03C-FLOW-001,OPEN,,Discovery frontier only; no oracle/trace promotion.
V03F00385,V03C,458128b8afa2a9819ef659cf28e447844959c20f,81:A024:E0M1X1:C?:DBR??:C,RTS $00A024,NOT_RUNTIME_TRAVERSED,RETURN,return target/status provenance deferred to V04C,V04C finite source proof or later machine semantics,PENDING_V04C,V03C-FLOW-001,OPEN,,Discovery frontier only; no oracle/trace promotion.
V03F00386,V03C,458128b8afa2a9819ef659cf28e447844959c20f,81:F77C:E0M1X1:C1:DBR??:C,RTS $00F77C,NOT_RUNTIME_TRAVERSED,RETURN,return target/status provenance deferred to V04C,V04C finite source proof or later machine semantics,PENDING_V04C,V03C-FLOW-001,OPEN,,Discovery frontier only; no oracle/trace promotion.
V03F00387,V03C,458128b8afa2a9819ef659cf28e447844959c20f,81:F7ED:E0M1X1:C1:DBR??:C,RTS $00F7ED,NOT_RUNTIME_TRAVERSED,RETURN,return target/status provenance deferred to V04C,V04C finite source proof or later machine semantics,PENDING_V04C,V03C-FLOW-001,OPEN,,Discovery frontier only; no oracle/trace promotion.
V03F00388,V03C,458128b8afa2a9819ef659cf28e447844959c20f,80:F9F5:E0M1X1:C?:DBR??:C,RTL $0079F5,NOT_RUNTIME_TRAVERSED,RETURN,return target/status provenance deferred to V04C,V04C finite source proof or later machine semantics,PENDING_V04C,V03C-FLOW-001,OPEN,,Discovery frontier only; no oracle/trace promotion.
V03F00389,V03C,458128b8afa2a9819ef659cf28e447844959c20f,81:B3A5:E0M0X0:C?:DBR??:C,RTS $00B3A5,NOT_RUNTIME_TRAVERSED,RETURN,return target/status provenance deferred to V04C,V04C finite source proof or later machine semantics,PENDING_V04C,V03C-FLOW-001,OPEN,,Discovery frontier only; no oracle/trace promotion.
V03F00390,V03C,458128b8afa2a9819ef659cf28e447844959c20f,80:F903:E0M1X1:C?:DBR??:C,RTL $007903,NOT_RUNTIME_TRAVERSED,RETURN,return target/status provenance deferred to V04C,V04C finite source proof or later machine semantics,PENDING_V04C,V03C-FLOW-001,OPEN,,Discovery frontier only; no oracle/trace promotion.
V03F00391,V03C,458128b8afa2a9819ef659cf28e447844959c20f,81:9038:E0M1X1:C?:DBR??:C,RTS $009038,NOT_RUNTIME_TRAVERSED,RETURN,return target/status provenance deferred to V04C,V04C finite source proof or later machine semantics,PENDING_V04C,V03C-FLOW-001,OPEN,,Discovery frontier only; no oracle/trace promotion.
V03F00392,V03C,458128b8afa2a9819ef659cf28e447844959c20f,80:FBA4:E0M1X1:C?:DBR??:C,RTS $007BA4,NOT_RUNTIME_TRAVERSED,RETURN,return target/status provenance deferred to V04C,V04C finite source proof or later machine semantics,PENDING_V04C,V03C-FLOW-001,OPEN,,Discovery frontier only; no oracle/trace promotion.
V03F00393,V03C,458128b8afa2a9819ef659cf28e447844959c20f,80:B0CA:E0M1X1:C?:DBR??:C,RTS $0030CA,NOT_RUNTIME_TRAVERSED,RETURN,return target/status provenance deferred to V04C,V04C finite source proof or later machine semantics,PENDING_V04C,V03C-FLOW-001,OPEN,,Discovery frontier only; no oracle/trace promotion.
V03F00394,V03C,458128b8afa2a9819ef659cf28e447844959c20f,80:C141:E0M0X0:C?:DBR??:C,RTS $004141,NOT_RUNTIME_TRAVERSED,RETURN,return target/status provenance deferred to V04C,V04C finite source proof or later machine semantics,PENDING_V04C,V03C-FLOW-001,OPEN,,Discovery frontier only; no oracle/trace promotion.
V03F00395,V03C,458128b8afa2a9819ef659cf28e447844959c20f,80:BD54:E0M1X1:C?:DBR??:C,RTS $003D54,NOT_RUNTIME_TRAVERSED,RETURN,return target/status provenance deferred to V04C,V04C finite source proof or later machine semantics,PENDING_V04C,V03C-FLOW-001,OPEN,,Discovery frontier only; no oracle/trace promotion.
V03F00396,V03C,458128b8afa2a9819ef659cf28e447844959c20f,81:FD5A:E0M1X1:C?:DBR??:C,JMP/ABS_X_IND $00FD5A,NOT_RUNTIME_TRAVERSED,DYNAMIC_TARGET,indirect jump target set requires producer/consumer proof in V04C,V04C finite source proof or later machine semantics,PENDING_V04C,V03C-FLOW-001,OPEN,,Discovery frontier only; no oracle/trace promotion.
V03F00397,V03C,458128b8afa2a9819ef659cf28e447844959c20f,81:F9B5:E0M1X1:C?:DBR??:C,RTS $00F9B5,NOT_RUNTIME_TRAVERSED,RETURN,return target/status provenance deferred to V04C,V04C finite source proof or later machine semantics,PENDING_V04C,V03C-FLOW-001,OPEN,,Discovery frontier only; no oracle/trace promotion.
V03F00398,V03C,458128b8afa2a9819ef659cf28e447844959c20f,81:F5BC:E0M1X1:C?:DBR??:C,RTS $00F5BC,NOT_RUNTIME_TRAVERSED,RETURN,return target/status provenance deferred to V04C,V04C finite source proof or later machine semantics,PENDING_V04C,V03C-FLOW-001,OPEN,,Discovery frontier only; no oracle/trace promotion.
V03F00399,V03C,458128b8afa2a9819ef659cf28e447844959c20f,81:A7F3:E0M1X1:C?:DBR??:C,RTS $00A7F3,NOT_RUNTIME_TRAVERSED,RETURN,return target/status provenance deferred to V04C,V04C finite source proof or later machine semantics,PENDING_V04C,V03C-FLOW-001,OPEN,,Discovery frontier only; no oracle/trace promotion.
V03F00400,V03C,458128b8afa2a9819ef659cf28e447844959c20f,81:C28A:E0M0X0:C?:DBR??:C,RTS $00C28A,NOT_RUNTIME_TRAVERSED,RETURN,return target/status provenance deferred to V04C,V04C finite source proof or later machine semantics,PENDING_V04C,V03C-FLOW-001,OPEN,,Discovery frontier only; no oracle/trace promotion.
V03F00401,V03C,458128b8afa2a9819ef659cf28e447844959c20f,81:B082:E0M1X1:C?:DBR??:C,RTS $00B082,NOT_RUNTIME_TRAVERSED,RETURN,return target/status provenance deferred to V04C,V04C finite source proof or later machine semantics,PENDING_V04C,V03C-FLOW-001,OPEN,,Discovery frontier only; no oracle/trace promotion.
V03F00402,V03C,458128b8afa2a9819ef659cf28e447844959c20f,81:DD32:E0M0X0:C?:DBR??:C,RTS $00DD32,NOT_RUNTIME_TRAVERSED,RETURN,return target/status provenance deferred to V04C,V04C finite source proof or later machine semantics,PENDING_V04C,V03C-FLOW-001,OPEN,,Discovery frontier only; no oracle/trace promotion.
V03F00403,V03C,458128b8afa2a9819ef659cf28e447844959c20f,9F:FCB2:E0M1X1:C?:DBR??:C,RTL $0FFCB2,NOT_RUNTIME_TRAVERSED,RETURN,return target/status provenance deferred to V04C,V04C finite source proof or later machine semantics,PENDING_V04C,V03C-FLOW-001,OPEN,,Discovery frontier only; no oracle/trace promotion.
V03F00404,V03C,458128b8afa2a9819ef659cf28e447844959c20f,81:F860:E0M1X1:C?:DBR??:C,RTS $00F860,NOT_RUNTIME_TRAVERSED,RETURN,return target/status provenance deferred to V04C,V04C finite source proof or later machine semantics,PENDING_V04C,V03C-FLOW-001,OPEN,,Discovery frontier only; no oracle/trace promotion.
V03F00405,V03C,458128b8afa2a9819ef659cf28e447844959c20f,81:C255:E0M0X0:C?:DBR??:C,RTS $00C255,NOT_RUNTIME_TRAVERSED,RETURN,return target/status provenance deferred to V04C,V04C finite source proof or later machine semantics,PENDING_V04C,V03C-FLOW-001,OPEN,,Discovery frontier only; no oracle/trace promotion.
V03F00406,V03C,458128b8afa2a9819ef659cf28e447844959c20f,81:DD61:E0M0X0:C?:DBR??:C,RTS $00DD61,NOT_RUNTIME_TRAVERSED,RETURN,return target/status provenance deferred to V04C,V04C finite source proof or later machine semantics,PENDING_V04C,V03C-FLOW-001,OPEN,,Discovery frontier only; no oracle/trace promotion.
V03F00407,V03C,458128b8afa2a9819ef659cf28e447844959c20f,80:FB66:E0M1X0:C?:DBR80:C,PLP $007B66,NOT_RUNTIME_TRAVERSED,STATUS_WIDTH,native PLP restores M/X from stack; V03C does not prove stack status producers,V04C finite source proof or later machine semantics,PENDING_V04C,V03C-FLOW-001,OPEN,,Discovery frontier only; no oracle/trace promotion.
V03F00408,V03C,458128b8afa2a9819ef659cf28e447844959c20f,80:B0DA:E0M1X1:C?:DBR??:C,RTS $0030DA,NOT_RUNTIME_TRAVERSED,RETURN,return target/status provenance deferred to V04C,V04C finite source proof or later machine semantics,PENDING_V04C,V03C-FLOW-001,OPEN,,Discovery frontier only; no oracle/trace promotion.
V03F00409,V03C,458128b8afa2a9819ef659cf28e447844959c20f,80:9445:E0M1X1:C?:DBR??:C,RTS $001445,NOT_RUNTIME_TRAVERSED,RETURN,return target/status provenance deferred to V04C,V04C finite source proof or later machine semantics,PENDING_V04C,V03C-FLOW-001,OPEN,,Discovery frontier only; no oracle/trace promotion.
V03F00410,V03C,458128b8afa2a9819ef659cf28e447844959c20f,80:CAD8:E0M0X0:C?:DBR??:C,RTS $004AD8,NOT_RUNTIME_TRAVERSED,RETURN,return target/status provenance deferred to V04C,V04C finite source proof or later machine semantics,PENDING_V04C,V03C-FLOW-001,OPEN,,Discovery frontier only; no oracle/trace promotion.
V03F00411,V03C,458128b8afa2a9819ef659cf28e447844959c20f,80:FB67:E0M0X0:C?:DBR80:C,RTL $007B67,NOT_RUNTIME_TRAVERSED,RETURN,return target/status provenance deferred to V04C,V04C finite source proof or later machine semantics,PENDING_V04C,V03C-FLOW-001,OPEN,,Discovery frontier only; no oracle/trace promotion.
V03F00412,V03C,458128b8afa2a9819ef659cf28e447844959c20f,80:FB67:E0M0X1:C?:DBR80:C,RTL $007B67,NOT_RUNTIME_TRAVERSED,RETURN,return target/status provenance deferred to V04C,V04C finite source proof or later machine semantics,PENDING_V04C,V03C-FLOW-001,OPEN,,Discovery frontier only; no oracle/trace promotion.
V03F00413,V03C,458128b8afa2a9819ef659cf28e447844959c20f,80:FB67:E0M1X0:C?:DBR80:C,RTL $007B67,NOT_RUNTIME_TRAVERSED,RETURN,return target/status provenance deferred to V04C,V04C finite source proof or later machine semantics,PENDING_V04C,V03C-FLOW-001,OPEN,,Discovery frontier only; no oracle/trace promotion.
V03F00414,V03C,458128b8afa2a9819ef659cf28e447844959c20f,80:FB67:E0M1X1:C?:DBR80:C,RTL $007B67,NOT_RUNTIME_TRAVERSED,RETURN,return target/status provenance deferred to V04C,V04C finite source proof or later machine semantics,PENDING_V04C,V03C-FLOW-001,OPEN,,Discovery frontier only; no oracle/trace promotion.
V03F00415,V03C,458128b8afa2a9819ef659cf28e447844959c20f,80:A2DA:E0M0X0:C?:DBR??:C,RTS $0022DA,NOT_RUNTIME_TRAVERSED,RETURN,return target/status provenance deferred to V04C,V04C finite source proof or later machine semantics,PENDING_V04C,V03C-FLOW-001,OPEN,,Discovery frontier only; no oracle/trace promotion.
V03F00416,V03C,458128b8afa2a9819ef659cf28e447844959c20f,80:B0EC:E0M1X1:C?:DBR??:C,RTS $0030EC,NOT_RUNTIME_TRAVERSED,RETURN,return target/status provenance deferred to V04C,V04C finite source proof or later machine semantics,PENDING_V04C,V03C-FLOW-001,OPEN,,Discovery frontier only; no oracle/trace promotion.
V03F00417,V03C,458128b8afa2a9819ef659cf28e447844959c20f,81:9D3F:E0M1X1:C?:DBR??:C,RTS $009D3F,NOT_RUNTIME_TRAVERSED,RETURN,return target/status provenance deferred to V04C,V04C finite source proof or later machine semantics,PENDING_V04C,V03C-FLOW-001,OPEN,,Discovery frontier only; no oracle/trace promotion.
V03F00418,V03C,458128b8afa2a9819ef659cf28e447844959c20f,81:F77A:E0M1X1:C0:DBR??:C,RTS $00F77A,NOT_RUNTIME_TRAVERSED,RETURN,return target/status provenance deferred to V04C,V04C finite source proof or later machine semantics,PENDING_V04C,V03C-FLOW-001,OPEN,,Discovery frontier only; no oracle/trace promotion.
V03F00419,V03C,458128b8afa2a9819ef659cf28e447844959c20f,92:EEF8:E0M1X1:C?:DBR92:C,PLP $096EF8,NOT_RUNTIME_TRAVERSED,STATUS_WIDTH,native PLP restores M/X from stack; V03C does not prove stack status producers,V04C finite source proof or later machine semantics,PENDING_V04C,V03C-FLOW-001,OPEN,,Discovery frontier only; no oracle/trace promotion.
V03F00420,V03C,458128b8afa2a9819ef659cf28e447844959c20f,80:93C4:E0M1X1:C?:DBR??:C,RTS $0013C4,NOT_RUNTIME_TRAVERSED,RETURN,return target/status provenance deferred to V04C,V04C finite source proof or later machine semantics,PENDING_V04C,V03C-FLOW-001,OPEN,,Discovery frontier only; no oracle/trace promotion.
V03F00421,V03C,458128b8afa2a9819ef659cf28e447844959c20f,80:9542:E0M1X1:C?:DBR??:C,RTS $001542,NOT_RUNTIME_TRAVERSED,RETURN,return target/status provenance deferred to V04C,V04C finite source proof or later machine semantics,PENDING_V04C,V03C-FLOW-001,OPEN,,Discovery frontier only; no oracle/trace promotion.
V03F00422,V03C,458128b8afa2a9819ef659cf28e447844959c20f,81:DD45:E0M0X0:C?:DBR??:C,RTS $00DD45,NOT_RUNTIME_TRAVERSED,RETURN,return target/status provenance deferred to V04C,V04C finite source proof or later machine semantics,PENDING_V04C,V03C-FLOW-001,OPEN,,Discovery frontier only; no oracle/trace promotion.
V03F00423,V03C,458128b8afa2a9819ef659cf28e447844959c20f,9F:FCF0:E0M1X1:C?:DBR9F:C,RTS $0FFCF0,NOT_RUNTIME_TRAVERSED,RETURN,return target/status provenance deferred to V04C,V04C finite source proof or later machine semantics,PENDING_V04C,V03C-FLOW-001,OPEN,,Discovery frontier only; no oracle/trace promotion.
V03F00424,V03C,458128b8afa2a9819ef659cf28e447844959c20f,81:9CB5:E0M1X1:C?:DBR??:C,RTL $009CB5,NOT_RUNTIME_TRAVERSED,RETURN,return target/status provenance deferred to V04C,V04C finite source proof or later machine semantics,PENDING_V04C,V03C-FLOW-001,OPEN,,Discovery frontier only; no oracle/trace promotion.
V03F00425,V03C,458128b8afa2a9819ef659cf28e447844959c20f,9F:FB1D:E0M0X0:C?:DBR??:C,RTS $0FFB1D,NOT_RUNTIME_TRAVERSED,RETURN,return target/status provenance deferred to V04C,V04C finite source proof or later machine semantics,PENDING_V04C,V03C-FLOW-001,OPEN,,Discovery frontier only; no oracle/trace promotion.
V03F00426,V03C,458128b8afa2a9819ef659cf28e447844959c20f,9F:FD27:E0M0X0:C?:DBR??:C,RTS $0FFD27,NOT_RUNTIME_TRAVERSED,RETURN,return target/status provenance deferred to V04C,V04C finite source proof or later machine semantics,PENDING_V04C,V03C-FLOW-001,OPEN,,Discovery frontier only; no oracle/trace promotion.
V03F00427,V03C,458128b8afa2a9819ef659cf28e447844959c20f,92:EEF9:E0M0X0:C?:DBR92:C,RTS $096EF9,NOT_RUNTIME_TRAVERSED,RETURN,return target/status provenance deferred to V04C,V04C finite source proof or later machine semantics,PENDING_V04C,V03C-FLOW-001,OPEN,,Discovery frontier only; no oracle/trace promotion.
V03F00428,V03C,458128b8afa2a9819ef659cf28e447844959c20f,92:EEF9:E0M0X1:C?:DBR92:C,RTS $096EF9,NOT_RUNTIME_TRAVERSED,RETURN,return target/status provenance deferred to V04C,V04C finite source proof or later machine semantics,PENDING_V04C,V03C-FLOW-001,OPEN,,Discovery frontier only; no oracle/trace promotion.
V03F00429,V03C,458128b8afa2a9819ef659cf28e447844959c20f,92:EEF9:E0M1X0:C?:DBR92:C,RTS $096EF9,NOT_RUNTIME_TRAVERSED,RETURN,return target/status provenance deferred to V04C,V04C finite source proof or later machine semantics,PENDING_V04C,V03C-FLOW-001,OPEN,,Discovery frontier only; no oracle/trace promotion.
V03F00430,V03C,458128b8afa2a9819ef659cf28e447844959c20f,92:EEF9:E0M1X1:C?:DBR92:C,RTS $096EF9,NOT_RUNTIME_TRAVERSED,RETURN,return target/status provenance deferred to V04C,V04C finite source proof or later machine semantics,PENDING_V04C,V03C-FLOW-001,OPEN,,Discovery frontier only; no oracle/trace promotion.
V03F00431,V03C,458128b8afa2a9819ef659cf28e447844959c20f,81:BDA8:E0M1X1:C?:DBR??:C,RTS $00BDA8,NOT_RUNTIME_TRAVERSED,RETURN,return target/status provenance deferred to V04C,V04C finite source proof or later machine semantics,PENDING_V04C,V03C-FLOW-001,OPEN,,Discovery frontier only; no oracle/trace promotion.
V03F00432,V03C,458128b8afa2a9819ef659cf28e447844959c20f,80:D53A:E0M0X0:C?:DBR??:C,RTS $00553A,NOT_RUNTIME_TRAVERSED,RETURN,return target/status provenance deferred to V04C,V04C finite source proof or later machine semantics,PENDING_V04C,V03C-FLOW-001,OPEN,,Discovery frontier only; no oracle/trace promotion.
V03F00433,V03C,458128b8afa2a9819ef659cf28e447844959c20f,81:B04A:E0M1X1:C?:DBR??:C,JSR/ABS_X_IND $00B04A,NOT_RUNTIME_TRAVERSED,DYNAMIC_TARGET,indexed/indirect call target set deferred to V04C,V04C finite source proof or later machine semantics,PENDING_V04C,V03C-FLOW-001,OPEN,,Discovery frontier only; no oracle/trace promotion.
V03F00434,V03C,458128b8afa2a9819ef659cf28e447844959c20f,81:B03F:E0M1X1:C?:DBR??:C,JSR/ABS_X_IND $00B03F,NOT_RUNTIME_TRAVERSED,DYNAMIC_TARGET,indexed/indirect call target set deferred to V04C,V04C finite source proof or later machine semantics,PENDING_V04C,V03C-FLOW-001,OPEN,,Discovery frontier only; no oracle/trace promotion.
V03F00435,V03C,458128b8afa2a9819ef659cf28e447844959c20f,80:D182:E0M1X1:C?:DBR??:C,RTS $005182,NOT_RUNTIME_TRAVERSED,RETURN,return target/status provenance deferred to V04C,V04C finite source proof or later machine semantics,PENDING_V04C,V03C-FLOW-001,OPEN,,Discovery frontier only; no oracle/trace promotion.
V03F00436,V03C,458128b8afa2a9819ef659cf28e447844959c20f,80:D1C6:E0M0X0:C?:DBR??:C,RTL $0051C6,NOT_RUNTIME_TRAVERSED,RETURN,return target/status provenance deferred to V04C,V04C finite source proof or later machine semantics,PENDING_V04C,V03C-FLOW-001,OPEN,,Discovery frontier only; no oracle/trace promotion.
V03F00437,V03C,458128b8afa2a9819ef659cf28e447844959c20f,9F:FCF0:E0M1X1:C?:DBR??:C,RTS $0FFCF0,NOT_RUNTIME_TRAVERSED,RETURN,return target/status provenance deferred to V04C,V04C finite source proof or later machine semantics,PENDING_V04C,V03C-FLOW-001,OPEN,,Discovery frontier only; no oracle/trace promotion.
V03F00438,V03C,458128b8afa2a9819ef659cf28e447844959c20f,81:9C8A:E0M1X1:C?:DBR??:C,PLP $009C8A,NOT_RUNTIME_TRAVERSED,STATUS_WIDTH,native PLP restores M/X from stack; V03C does not prove stack status producers,V04C finite source proof or later machine semantics,PENDING_V04C,V03C-FLOW-001,OPEN,,Discovery frontier only; no oracle/trace promotion.
V03F00439,V03C,458128b8afa2a9819ef659cf28e447844959c20f,81:9CF1:E0M1X1:C?:DBR81:C,RTS $009CF1,NOT_RUNTIME_TRAVERSED,RETURN,return target/status provenance deferred to V04C,V04C finite source proof or later machine semantics,PENDING_V04C,V03C-FLOW-001,OPEN,,Discovery frontier only; no oracle/trace promotion.
V03F00440,V03C,458128b8afa2a9819ef659cf28e447844959c20f,92:F091:E0M0X0:C?:DBR??:C,RTL $097091,NOT_RUNTIME_TRAVERSED,RETURN,return target/status provenance deferred to V04C,V04C finite source proof or later machine semantics,PENDING_V04C,V03C-FLOW-001,OPEN,,Discovery frontier only; no oracle/trace promotion.
V03F00441,V03C,458128b8afa2a9819ef659cf28e447844959c20f,80:95A6:E0M1X1:C?:DBR??:C,RTS $0015A6,NOT_RUNTIME_TRAVERSED,RETURN,return target/status provenance deferred to V04C,V04C finite source proof or later machine semantics,PENDING_V04C,V03C-FLOW-001,OPEN,,Discovery frontier only; no oracle/trace promotion.
V03F00442,V03C,458128b8afa2a9819ef659cf28e447844959c20f,81:9C8B:E0M0X0:C?:DBR??:C,RTL $009C8B,NOT_RUNTIME_TRAVERSED,RETURN,return target/status provenance deferred to V04C,V04C finite source proof or later machine semantics,PENDING_V04C,V03C-FLOW-001,OPEN,,Discovery frontier only; no oracle/trace promotion.
V03F00443,V03C,458128b8afa2a9819ef659cf28e447844959c20f,81:9C8B:E0M0X1:C?:DBR??:C,RTL $009C8B,NOT_RUNTIME_TRAVERSED,RETURN,return target/status provenance deferred to V04C,V04C finite source proof or later machine semantics,PENDING_V04C,V03C-FLOW-001,OPEN,,Discovery frontier only; no oracle/trace promotion.
V03F00444,V03C,458128b8afa2a9819ef659cf28e447844959c20f,81:9C8B:E0M1X0:C?:DBR??:C,RTL $009C8B,NOT_RUNTIME_TRAVERSED,RETURN,return target/status provenance deferred to V04C,V04C finite source proof or later machine semantics,PENDING_V04C,V03C-FLOW-001,OPEN,,Discovery frontier only; no oracle/trace promotion.
V03F00445,V03C,458128b8afa2a9819ef659cf28e447844959c20f,81:9C8B:E0M1X1:C?:DBR??:C,RTL $009C8B,NOT_RUNTIME_TRAVERSED,RETURN,return target/status provenance deferred to V04C,V04C finite source proof or later machine semantics,PENDING_V04C,V03C-FLOW-001,OPEN,,Discovery frontier only; no oracle/trace promotion.
V03F00446,V03C,458128b8afa2a9819ef659cf28e447844959c20f,81:F7EB:E0M1X1:C0:DBR??:C,RTS $00F7EB,NOT_RUNTIME_TRAVERSED,RETURN,return target/status provenance deferred to V04C,V04C finite source proof or later machine semantics,PENDING_V04C,V03C-FLOW-001,OPEN,,Discovery frontier only; no oracle/trace promotion.
V03F00447,V03C,458128b8afa2a9819ef659cf28e447844959c20f,81:BB88:E0M1X1:C?:DBR??:C,RTS $00BB88,NOT_RUNTIME_TRAVERSED,RETURN,return target/status provenance deferred to V04C,V04C finite source proof or later machine semantics,PENDING_V04C,V03C-FLOW-001,OPEN,,Discovery frontier only; no oracle/trace promotion.
V03F00448,V03C,458128b8afa2a9819ef659cf28e447844959c20f,80:B2EA:E0M1X1:C?:DBR??:C,RTS $0032EA,NOT_RUNTIME_TRAVERSED,RETURN,return target/status provenance deferred to V04C,V04C finite source proof or later machine semantics,PENDING_V04C,V03C-FLOW-001,OPEN,,Discovery frontier only; no oracle/trace promotion.
V03F00449,V03C,458128b8afa2a9819ef659cf28e447844959c20f,80:9923:E0M1X1:C?:DBR??:C,RTS $001923,NOT_RUNTIME_TRAVERSED,RETURN,return target/status provenance deferred to V04C,V04C finite source proof or later machine semantics,PENDING_V04C,V03C-FLOW-001,OPEN,,Discovery frontier only; no oracle/trace promotion.
V03F00450,V03C,458128b8afa2a9819ef659cf28e447844959c20f,80:B559:E0M1X1:C?:DBR??:C,RTS $003559,NOT_RUNTIME_TRAVERSED,RETURN,return target/status provenance deferred to V04C,V04C finite source proof or later machine semantics,PENDING_V04C,V03C-FLOW-001,OPEN,,Discovery frontier only; no oracle/trace promotion.
V03F00451,V03C,458128b8afa2a9819ef659cf28e447844959c20f,9F:FCEB:E0M1X1:C?:DBR??:C,RTS $0FFCEB,NOT_RUNTIME_TRAVERSED,RETURN,return target/status provenance deferred to V04C,V04C finite source proof or later machine semantics,PENDING_V04C,V03C-FLOW-001,OPEN,,Discovery frontier only; no oracle/trace promotion.
V03F00452,V03C,458128b8afa2a9819ef659cf28e447844959c20f,81:CF63:E0M1X1:C?:DBR??:C,RTL $00CF63,NOT_RUNTIME_TRAVERSED,RETURN,return target/status provenance deferred to V04C,V04C finite source proof or later machine semantics,PENDING_V04C,V03C-FLOW-001,OPEN,,Discovery frontier only; no oracle/trace promotion.
V03F00453,V03C,458128b8afa2a9819ef659cf28e447844959c20f,80:A01D:E0M1X1:C?:DBR??:C,RTS $00201D,NOT_RUNTIME_TRAVERSED,RETURN,return target/status provenance deferred to V04C,V04C finite source proof or later machine semantics,PENDING_V04C,V03C-FLOW-001,OPEN,,Discovery frontier only; no oracle/trace promotion.
V03F00454,V03C,458128b8afa2a9819ef659cf28e447844959c20f,80:94C1:E0M1X1:C?:DBR??:C,RTS $0014C1,NOT_RUNTIME_TRAVERSED,RETURN,return target/status provenance deferred to V04C,V04C finite source proof or later machine semantics,PENDING_V04C,V03C-FLOW-001,OPEN,,Discovery frontier only; no oracle/trace promotion.
V03F00455,V03C,458128b8afa2a9819ef659cf28e447844959c20f,80:C94D:E0M1X1:C?:DBR??:C,RTS $00494D,NOT_RUNTIME_TRAVERSED,RETURN,return target/status provenance deferred to V04C,V04C finite source proof or later machine semantics,PENDING_V04C,V03C-FLOW-001,OPEN,,Discovery frontier only; no oracle/trace promotion.
V03F00456,V03C,458128b8afa2a9819ef659cf28e447844959c20f,80:D1D0:E0M0X0:C0:DBR80:C,RTS $0051D0,NOT_RUNTIME_TRAVERSED,RETURN,return target/status provenance deferred to V04C,V04C finite source proof or later machine semantics,PENDING_V04C,V03C-FLOW-001,OPEN,,Discovery frontier only; no oracle/trace promotion.
V03F00457,V03C,458128b8afa2a9819ef659cf28e447844959c20f,80:FBAC:E0M1X1:C?:DBR??:C,RTL $007BAC,NOT_RUNTIME_TRAVERSED,RETURN,return target/status provenance deferred to V04C,V04C finite source proof or later machine semantics,PENDING_V04C,V03C-FLOW-001,OPEN,,Discovery frontier only; no oracle/trace promotion.
V03F00458,V03C,458128b8afa2a9819ef659cf28e447844959c20f,81:9C45:E0M1X1:C?:DBR??:C,RTL $009C45,NOT_RUNTIME_TRAVERSED,RETURN,return target/status provenance deferred to V04C,V04C finite source proof or later machine semantics,PENDING_V04C,V03C-FLOW-001,OPEN,,Discovery frontier only; no oracle/trace promotion.
V03F00459,V03C,458128b8afa2a9819ef659cf28e447844959c20f,81:A02C:E0M1X1:C?:DBR??:C,RTL $00A02C,NOT_RUNTIME_TRAVERSED,RETURN,return target/status provenance deferred to V04C,V04C finite source proof or later machine semantics,PENDING_V04C,V03C-FLOW-001,OPEN,,Discovery frontier only; no oracle/trace promotion.
V03F00460,V03C,458128b8afa2a9819ef659cf28e447844959c20f,92:F09F:E0M0X0:C?:DBR??:C,RTL $09709F,NOT_RUNTIME_TRAVERSED,RETURN,return target/status provenance deferred to V04C,V04C finite source proof or later machine semantics,PENDING_V04C,V03C-FLOW-001,OPEN,,Discovery frontier only; no oracle/trace promotion.
V03F00461,V03C,458128b8afa2a9819ef659cf28e447844959c20f,81:DE7F:E0M0X0:C?:DBR??:C,RTL $00DE7F,NOT_RUNTIME_TRAVERSED,RETURN,return target/status provenance deferred to V04C,V04C finite source proof or later machine semantics,PENDING_V04C,V03C-FLOW-001,OPEN,,Discovery frontier only; no oracle/trace promotion.
V03F00462,V03C,458128b8afa2a9819ef659cf28e447844959c20f,81:9F57:E0M1X1:C?:DBR??:C,RTS $009F57,NOT_RUNTIME_TRAVERSED,RETURN,return target/status provenance deferred to V04C,V04C finite source proof or later machine semantics,PENDING_V04C,V03C-FLOW-001,OPEN,,Discovery frontier only; no oracle/trace promotion.
V03F00463,V03C,458128b8afa2a9819ef659cf28e447844959c20f,80:8C9F:E0M1X1:C?:DBR??:C,RTS $000C9F,NOT_RUNTIME_TRAVERSED,RETURN,return target/status provenance deferred to V04C,V04C finite source proof or later machine semantics,PENDING_V04C,V03C-FLOW-001,OPEN,,Discovery frontier only; no oracle/trace promotion.
V03F00464,V03C,458128b8afa2a9819ef659cf28e447844959c20f,80:FCEC:E0M1X1:C?:DBR??:C,PLP $007CEC,NOT_RUNTIME_TRAVERSED,STATUS_WIDTH,native PLP restores M/X from stack; V03C does not prove stack status producers,V04C finite source proof or later machine semantics,PENDING_V04C,V03C-FLOW-001,OPEN,,Discovery frontier only; no oracle/trace promotion.
V03F00465,V03C,458128b8afa2a9819ef659cf28e447844959c20f,9F:F60F:E0M0X0:C?:DBR??:C,RTS $0FF60F,NOT_RUNTIME_TRAVERSED,RETURN,return target/status provenance deferred to V04C,V04C finite source proof or later machine semantics,PENDING_V04C,V03C-FLOW-001,OPEN,,Discovery frontier only; no oracle/trace promotion.
V03F00466,V03C,458128b8afa2a9819ef659cf28e447844959c20f,9F:F63B:E0M0X0:C?:DBR??:C,RTS $0FF63B,NOT_RUNTIME_TRAVERSED,RETURN,return target/status provenance deferred to V04C,V04C finite source proof or later machine semantics,PENDING_V04C,V03C-FLOW-001,OPEN,,Discovery frontier only; no oracle/trace promotion.
V03F00467,V03C,458128b8afa2a9819ef659cf28e447844959c20f,80:C2AE:E0M1X1:C?:DBR??:C,RTS $0042AE,NOT_RUNTIME_TRAVERSED,RETURN,return target/status provenance deferred to V04C,V04C finite source proof or later machine semantics,PENDING_V04C,V03C-FLOW-001,OPEN,,Discovery frontier only; no oracle/trace promotion.
V03F00468,V03C,458128b8afa2a9819ef659cf28e447844959c20f,80:E3B8:E0M0X0:C?:DBR??:C,RTS $0063B8,NOT_RUNTIME_TRAVERSED,RETURN,return target/status provenance deferred to V04C,V04C finite source proof or later machine semantics,PENDING_V04C,V03C-FLOW-001,OPEN,,Discovery frontier only; no oracle/trace promotion.
V03F00469,V03C,458128b8afa2a9819ef659cf28e447844959c20f,81:DE5C:E0M0X0:C?:DBR??:C,RTL $00DE5C,NOT_RUNTIME_TRAVERSED,RETURN,return target/status provenance deferred to V04C,V04C finite source proof or later machine semantics,PENDING_V04C,V03C-FLOW-001,OPEN,,Discovery frontier only; no oracle/trace promotion.
V03F00470,V03C,458128b8afa2a9819ef659cf28e447844959c20f,80:C7AF:E0M1X1:C?:DBR??:C,RTS $0047AF,NOT_RUNTIME_TRAVERSED,RETURN,return target/status provenance deferred to V04C,V04C finite source proof or later machine semantics,PENDING_V04C,V03C-FLOW-001,OPEN,,Discovery frontier only; no oracle/trace promotion.
V03F00471,V03C,458128b8afa2a9819ef659cf28e447844959c20f,80:FCED:E0M0X0:C?:DBR??:C,RTL $007CED,NOT_RUNTIME_TRAVERSED,RETURN,return target/status provenance deferred to V04C,V04C finite source proof or later machine semantics,PENDING_V04C,V03C-FLOW-001,OPEN,,Discovery frontier only; no oracle/trace promotion.
V03F00472,V03C,458128b8afa2a9819ef659cf28e447844959c20f,80:FCED:E0M0X1:C?:DBR??:C,RTL $007CED,NOT_RUNTIME_TRAVERSED,RETURN,return target/status provenance deferred to V04C,V04C finite source proof or later machine semantics,PENDING_V04C,V03C-FLOW-001,OPEN,,Discovery frontier only; no oracle/trace promotion.
V03F00473,V03C,458128b8afa2a9819ef659cf28e447844959c20f,80:FCED:E0M1X0:C?:DBR??:C,RTL $007CED,NOT_RUNTIME_TRAVERSED,RETURN,return target/status provenance deferred to V04C,V04C finite source proof or later machine semantics,PENDING_V04C,V03C-FLOW-001,OPEN,,Discovery frontier only; no oracle/trace promotion.
V03F00474,V03C,458128b8afa2a9819ef659cf28e447844959c20f,80:FCED:E0M1X1:C?:DBR??:C,RTL $007CED,NOT_RUNTIME_TRAVERSED,RETURN,return target/status provenance deferred to V04C,V04C finite source proof or later machine semantics,PENDING_V04C,V03C-FLOW-001,OPEN,,Discovery frontier only; no oracle/trace promotion.
V03F00475,V03C,458128b8afa2a9819ef659cf28e447844959c20f,81:9DB0:E0M1X1:C?:DBR??:C,RTL $009DB0,NOT_RUNTIME_TRAVERSED,RETURN,return target/status provenance deferred to V04C,V04C finite source proof or later machine semantics,PENDING_V04C,V03C-FLOW-001,OPEN,,Discovery frontier only; no oracle/trace promotion.
V03F00476,V03C,458128b8afa2a9819ef659cf28e447844959c20f,80:8CA5:E0M1X1:C?:DBR??:C,RTS $000CA5,NOT_RUNTIME_TRAVERSED,RETURN,return target/status provenance deferred to V04C,V04C finite source proof or later machine semantics,PENDING_V04C,V03C-FLOW-001,OPEN,,Discovery frontier only; no oracle/trace promotion.
V03F00477,V03C,458128b8afa2a9819ef659cf28e447844959c20f,80:D1D0:E0M0X0:C0:DBR??:C,RTS $0051D0,NOT_RUNTIME_TRAVERSED,RETURN,return target/status provenance deferred to V04C,V04C finite source proof or later machine semantics,PENDING_V04C,V03C-FLOW-001,OPEN,,Discovery frontier only; no oracle/trace promotion.
V03F00478,V03C,458128b8afa2a9819ef659cf28e447844959c20f,80:D1DE:E0M0X0:C1:DBR80:C,RTS $0051DE,NOT_RUNTIME_TRAVERSED,RETURN,return target/status provenance deferred to V04C,V04C finite source proof or later machine semantics,PENDING_V04C,V03C-FLOW-001,OPEN,,Discovery frontier only; no oracle/trace promotion.
V03F00479,V03C,458128b8afa2a9819ef659cf28e447844959c20f,92:FBFB:E0M1X1:C?:DBR??:C,RTS $097BFB,NOT_RUNTIME_TRAVERSED,RETURN,return target/status provenance deferred to V04C,V04C finite source proof or later machine semantics,PENDING_V04C,V03C-FLOW-001,OPEN,,Discovery frontier only; no oracle/trace promotion.
V03F00480,V03C,458128b8afa2a9819ef659cf28e447844959c20f,80:FC1A:E0M1X1:C?:DBR80:C,PLP $007C1A,NOT_RUNTIME_TRAVERSED,STATUS_WIDTH,native PLP restores M/X from stack; V03C does not prove stack status producers,V04C finite source proof or later machine semantics,PENDING_V04C,V03C-FLOW-001,OPEN,,Discovery frontier only; no oracle/trace promotion.
V03F00481,V03C,458128b8afa2a9819ef659cf28e447844959c20f,92:F0AD:E0M0X0:C?:DBR??:C,RTL $0970AD,NOT_RUNTIME_TRAVERSED,RETURN,return target/status provenance deferred to V04C,V04C finite source proof or later machine semantics,PENDING_V04C,V03C-FLOW-001,OPEN,,Discovery frontier only; no oracle/trace promotion.
V03F00482,V03C,458128b8afa2a9819ef659cf28e447844959c20f,9F:F713:E0M0X0:C?:DBR??:C,RTS $0FF713,NOT_RUNTIME_TRAVERSED,RETURN,return target/status provenance deferred to V04C,V04C finite source proof or later machine semantics,PENDING_V04C,V03C-FLOW-001,OPEN,,Discovery frontier only; no oracle/trace promotion.
V03F00483,V03C,458128b8afa2a9819ef659cf28e447844959c20f,80:A2DA:E0M0X0:C?:DBR80:C,RTS $0022DA,NOT_RUNTIME_TRAVERSED,RETURN,return target/status provenance deferred to V04C,V04C finite source proof or later machine semantics,PENDING_V04C,V03C-FLOW-001,OPEN,,Discovery frontier only; no oracle/trace promotion.
V03F00484,V03C,458128b8afa2a9819ef659cf28e447844959c20f,92:FB59:E0M1X1:C?:DBR??:C,RTL $097B59,NOT_RUNTIME_TRAVERSED,RETURN,return target/status provenance deferred to V04C,V04C finite source proof or later machine semantics,PENDING_V04C,V03C-FLOW-001,OPEN,,Discovery frontier only; no oracle/trace promotion.
V03F00485,V03C,458128b8afa2a9819ef659cf28e447844959c20f,80:FCEC:E0M0X0:C?:DBR??:C,PLP $007CEC,NOT_RUNTIME_TRAVERSED,STATUS_WIDTH,native PLP restores M/X from stack; V03C does not prove stack status producers,V04C finite source proof or later machine semantics,PENDING_V04C,V03C-FLOW-001,OPEN,,Discovery frontier only; no oracle/trace promotion.
V03F00486,V03C,458128b8afa2a9819ef659cf28e447844959c20f,80:FC1B:E0M0X0:C?:DBR80:C,RTS $007C1B,NOT_RUNTIME_TRAVERSED,RETURN,return target/status provenance deferred to V04C,V04C finite source proof or later machine semantics,PENDING_V04C,V03C-FLOW-001,OPEN,,Discovery frontier only; no oracle/trace promotion.
V03F00487,V03C,458128b8afa2a9819ef659cf28e447844959c20f,80:FC1B:E0M0X1:C?:DBR80:C,RTS $007C1B,NOT_RUNTIME_TRAVERSED,RETURN,return target/status provenance deferred to V04C,V04C finite source proof or later machine semantics,PENDING_V04C,V03C-FLOW-001,OPEN,,Discovery frontier only; no oracle/trace promotion.
V03F00488,V03C,458128b8afa2a9819ef659cf28e447844959c20f,80:FC1B:E0M1X0:C?:DBR80:C,RTS $007C1B,NOT_RUNTIME_TRAVERSED,RETURN,return target/status provenance deferred to V04C,V04C finite source proof or later machine semantics,PENDING_V04C,V03C-FLOW-001,OPEN,,Discovery frontier only; no oracle/trace promotion.
V03F00489,V03C,458128b8afa2a9819ef659cf28e447844959c20f,80:FC1B:E0M1X1:C?:DBR80:C,RTS $007C1B,NOT_RUNTIME_TRAVERSED,RETURN,return target/status provenance deferred to V04C,V04C finite source proof or later machine semantics,PENDING_V04C,V03C-FLOW-001,OPEN,,Discovery frontier only; no oracle/trace promotion.
V03F00490,V03C,458128b8afa2a9819ef659cf28e447844959c20f,80:A394:E0M0X0:C?:DBR80:C,RTS $002394,NOT_RUNTIME_TRAVERSED,RETURN,return target/status provenance deferred to V04C,V04C finite source proof or later machine semantics,PENDING_V04C,V03C-FLOW-001,OPEN,,Discovery frontier only; no oracle/trace promotion.
V03F00491,V03C,458128b8afa2a9819ef659cf28e447844959c20f,81:BB6B:E0M1X1:C?:DBR??:C,RTS $00BB6B,NOT_RUNTIME_TRAVERSED,RETURN,return target/status provenance deferred to V04C,V04C finite source proof or later machine semantics,PENDING_V04C,V03C-FLOW-001,OPEN,,Discovery frontier only; no oracle/trace promotion.
V03F00492,V03C,458128b8afa2a9819ef659cf28e447844959c20f,80:E38C:E0M0X0:C0:DBR??:C,RTS $00638C,NOT_RUNTIME_TRAVERSED,RETURN,return target/status provenance deferred to V04C,V04C finite source proof or later machine semantics,PENDING_V04C,V03C-FLOW-001,OPEN,,Discovery frontier only; no oracle/trace promotion.
V03F00493,V03C,458128b8afa2a9819ef659cf28e447844959c20f,80:B2E4:E0M1X1:C?:DBR??:C,RTS $0032E4,NOT_RUNTIME_TRAVERSED,RETURN,return target/status provenance deferred to V04C,V04C finite source proof or later machine semantics,PENDING_V04C,V03C-FLOW-001,OPEN,,Discovery frontier only; no oracle/trace promotion.
V03F00494,V03C,458128b8afa2a9819ef659cf28e447844959c20f,80:D1DE:E0M0X0:C1:DBR??:C,RTS $0051DE,NOT_RUNTIME_TRAVERSED,RETURN,return target/status provenance deferred to V04C,V04C finite source proof or later machine semantics,PENDING_V04C,V03C-FLOW-001,OPEN,,Discovery frontier only; no oracle/trace promotion.
V03F00495,V03C,458128b8afa2a9819ef659cf28e447844959c20f,81:DE30:E0M0X0:C?:DBR??:C,RTL $00DE30,NOT_RUNTIME_TRAVERSED,RETURN,return target/status provenance deferred to V04C,V04C finite source proof or later machine semantics,PENDING_V04C,V03C-FLOW-001,OPEN,,Discovery frontier only; no oracle/trace promotion.
V03F00496,V03C,458128b8afa2a9819ef659cf28e447844959c20f,9F:FC2D:E0M0X0:C?:DBR??:C,RTS $0FFC2D,NOT_RUNTIME_TRAVERSED,RETURN,return target/status provenance deferred to V04C,V04C finite source proof or later machine semantics,PENDING_V04C,V03C-FLOW-001,OPEN,,Discovery frontier only; no oracle/trace promotion.
V03F00497,V03C,458128b8afa2a9819ef659cf28e447844959c20f,92:F0BB:E0M0X0:C?:DBR??:C,RTL $0970BB,NOT_RUNTIME_TRAVERSED,RETURN,return target/status provenance deferred to V04C,V04C finite source proof or later machine semantics,PENDING_V04C,V03C-FLOW-001,OPEN,,Discovery frontier only; no oracle/trace promotion.
V03F00498,V03C,458128b8afa2a9819ef659cf28e447844959c20f,9F:F5F8:E0M0X0:C?:DBR??:C,RTS $0FF5F8,NOT_RUNTIME_TRAVERSED,RETURN,return target/status provenance deferred to V04C,V04C finite source proof or later machine semantics,PENDING_V04C,V03C-FLOW-001,OPEN,,Discovery frontier only; no oracle/trace promotion.
V03F00499,V03C,458128b8afa2a9819ef659cf28e447844959c20f,80:A337:E0M0X0:C?:DBR80:C,RTS $002337,NOT_RUNTIME_TRAVERSED,RETURN,return target/status provenance deferred to V04C,V04C finite source proof or later machine semantics,PENDING_V04C,V03C-FLOW-001,OPEN,,Discovery frontier only; no oracle/trace promotion.
V03F00500,V03C,458128b8afa2a9819ef659cf28e447844959c20f,80:BD12:E0M1X1:C?:DBR??:C,RTS $003D12,NOT_RUNTIME_TRAVERSED,RETURN,return target/status provenance deferred to V04C,V04C finite source proof or later machine semantics,PENDING_V04C,V03C-FLOW-001,OPEN,,Discovery frontier only; no oracle/trace promotion.
V03F00501,V03C,458128b8afa2a9819ef659cf28e447844959c20f,81:A042:E0M1X1:C?:DBR81:C,RTS $00A042,NOT_RUNTIME_TRAVERSED,RETURN,return target/status provenance deferred to V04C,V04C finite source proof or later machine semantics,PENDING_V04C,V03C-FLOW-001,OPEN,,Discovery frontier only; no oracle/trace promotion.
V03F00502,V03C,458128b8afa2a9819ef659cf28e447844959c20f,80:B569:E0M1X1:C1:DBR??:C,RTS $003569,NOT_RUNTIME_TRAVERSED,RETURN,return target/status provenance deferred to V04C,V04C finite source proof or later machine semantics,PENDING_V04C,V03C-FLOW-001,OPEN,,Discovery frontier only; no oracle/trace promotion.
V03F00503,V03C,458128b8afa2a9819ef659cf28e447844959c20f,80:B3CC:E0M1X1:C?:DBR??:C,RTS $0033CC,NOT_RUNTIME_TRAVERSED,RETURN,return target/status provenance deferred to V04C,V04C finite source proof or later machine semantics,PENDING_V04C,V03C-FLOW-001,OPEN,,Discovery frontier only; no oracle/trace promotion.
V03F00504,V03C,458128b8afa2a9819ef659cf28e447844959c20f,81:CB1A:E0M1X1:C1:DBR??:C,RTS $00CB1A,NOT_RUNTIME_TRAVERSED,RETURN,return target/status provenance deferred to V04C,V04C finite source proof or later machine semantics,PENDING_V04C,V03C-FLOW-001,OPEN,,Discovery frontier only; no oracle/trace promotion.
V03F00505,V03C,458128b8afa2a9819ef659cf28e447844959c20f,81:CB1A:E0M1X1:C0:DBR??:C,RTS $00CB1A,NOT_RUNTIME_TRAVERSED,RETURN,return target/status provenance deferred to V04C,V04C finite source proof or later machine semantics,PENDING_V04C,V03C-FLOW-001,OPEN,,Discovery frontier only; no oracle/trace promotion.
V03F00506,V03C,458128b8afa2a9819ef659cf28e447844959c20f,81:8B6E:E0M1X1:C?:DBR??:C,RTL $008B6E,NOT_RUNTIME_TRAVERSED,RETURN,return target/status provenance deferred to V04C,V04C finite source proof or later machine semantics,PENDING_V04C,V03C-FLOW-001,OPEN,,Discovery frontier only; no oracle/trace promotion.
V03F00507,V03C,458128b8afa2a9819ef659cf28e447844959c20f,81:9D71:E0M0X0:C?:DBR??:C,RTL $009D71,NOT_RUNTIME_TRAVERSED,RETURN,return target/status provenance deferred to V04C,V04C finite source proof or later machine semantics,PENDING_V04C,V03C-FLOW-001,OPEN,,Discovery frontier only; no oracle/trace promotion.
V03F00508,V03C,458128b8afa2a9819ef659cf28e447844959c20f,92:F0C9:E0M0X0:C?:DBR??:C,RTL $0970C9,NOT_RUNTIME_TRAVERSED,RETURN,return target/status provenance deferred to V04C,V04C finite source proof or later machine semantics,PENDING_V04C,V03C-FLOW-001,OPEN,,Discovery frontier only; no oracle/trace promotion.
V03F00509,V03C,458128b8afa2a9819ef659cf28e447844959c20f,80:A27D:E0M0X0:C?:DBR80:C,RTS $00227D,NOT_RUNTIME_TRAVERSED,RETURN,return target/status provenance deferred to V04C,V04C finite source proof or later machine semantics,PENDING_V04C,V03C-FLOW-001,OPEN,,Discovery frontier only; no oracle/trace promotion.
V03F00510,V03C,458128b8afa2a9819ef659cf28e447844959c20f,81:BD2B:E0M0X0:C?:DBR??:C,RTS $00BD2B,NOT_RUNTIME_TRAVERSED,RETURN,return target/status provenance deferred to V04C,V04C finite source proof or later machine semantics,PENDING_V04C,V03C-FLOW-001,OPEN,,Discovery frontier only; no oracle/trace promotion.
V03F00511,V03C,458128b8afa2a9819ef659cf28e447844959c20f,81:B30A:E0M1X1:C?:DBR??:C,RTS $00B30A,NOT_RUNTIME_TRAVERSED,RETURN,return target/status provenance deferred to V04C,V04C finite source proof or later machine semantics,PENDING_V04C,V03C-FLOW-001,OPEN,,Discovery frontier only; no oracle/trace promotion.
V03F00512,V03C,458128b8afa2a9819ef659cf28e447844959c20f,80:B1FB:E0M1X1:C?:DBR??:C,RTS $0031FB,NOT_RUNTIME_TRAVERSED,RETURN,return target/status provenance deferred to V04C,V04C finite source proof or later machine semantics,PENDING_V04C,V03C-FLOW-001,OPEN,,Discovery frontier only; no oracle/trace promotion.
V03F00513,V03C,458128b8afa2a9819ef659cf28e447844959c20f,92:FD45:E0M1X1:C?:DBR??:C,RTS $097D45,NOT_RUNTIME_TRAVERSED,RETURN,return target/status provenance deferred to V04C,V04C finite source proof or later machine semantics,PENDING_V04C,V03C-FLOW-001,OPEN,,Discovery frontier only; no oracle/trace promotion.
V03F00514,V03C,458128b8afa2a9819ef659cf28e447844959c20f,80:B567:E0M1X1:C0:DBR??:C,RTS $003567,NOT_RUNTIME_TRAVERSED,RETURN,return target/status provenance deferred to V04C,V04C finite source proof or later machine semantics,PENDING_V04C,V03C-FLOW-001,OPEN,,Discovery frontier only; no oracle/trace promotion.
V03F00515,V03C,458128b8afa2a9819ef659cf28e447844959c20f,81:DDC7:E0M0X0:C?:DBR??:C,RTS $00DDC7,NOT_RUNTIME_TRAVERSED,RETURN,return target/status provenance deferred to V04C,V04C finite source proof or later machine semantics,PENDING_V04C,V03C-FLOW-001,OPEN,,Discovery frontier only; no oracle/trace promotion.
V03F00516,V03C,458128b8afa2a9819ef659cf28e447844959c20f,9F:FCDF:E0M1X1:C?:DBR??:C,RTS $0FFCDF,NOT_RUNTIME_TRAVERSED,RETURN,return target/status provenance deferred to V04C,V04C finite source proof or later machine semantics,PENDING_V04C,V03C-FLOW-001,OPEN,,Discovery frontier only; no oracle/trace promotion.
V03F00517,V03C,458128b8afa2a9819ef659cf28e447844959c20f,9F:FAC2:E0M0X0:C?:DBR??:C,RTS $0FFAC2,NOT_RUNTIME_TRAVERSED,RETURN,return target/status provenance deferred to V04C,V04C finite source proof or later machine semantics,PENDING_V04C,V03C-FLOW-001,OPEN,,Discovery frontier only; no oracle/trace promotion.
V03F00518,V03C,458128b8afa2a9819ef659cf28e447844959c20f,81:BB4E:E0M1X1:C?:DBR??:C,RTS $00BB4E,NOT_RUNTIME_TRAVERSED,RETURN,return target/status provenance deferred to V04C,V04C finite source proof or later machine semantics,PENDING_V04C,V03C-FLOW-001,OPEN,,Discovery frontier only; no oracle/trace promotion.
V03F00519,V03C,458128b8afa2a9819ef659cf28e447844959c20f,80:CE0B:E0M1X1:C?:DBR80:C,RTS $004E0B,NOT_RUNTIME_TRAVERSED,RETURN,return target/status provenance deferred to V04C,V04C finite source proof or later machine semantics,PENDING_V04C,V03C-FLOW-001,OPEN,,Discovery frontier only; no oracle/trace promotion.
V03F00520,V03C,458128b8afa2a9819ef659cf28e447844959c20f,80:B2D6:E0M1X1:C?:DBR??:C,RTS $0032D6,NOT_RUNTIME_TRAVERSED,RETURN,return target/status provenance deferred to V04C,V04C finite source proof or later machine semantics,PENDING_V04C,V03C-FLOW-001,OPEN,,Discovery frontier only; no oracle/trace promotion.
V03F00521,V03C,458128b8afa2a9819ef659cf28e447844959c20f,80:B2C9:E0M1X1:C?:DBR??:C,RTS $0032C9,NOT_RUNTIME_TRAVERSED,RETURN,return target/status provenance deferred to V04C,V04C finite source proof or later machine semantics,PENDING_V04C,V03C-FLOW-001,OPEN,,Discovery frontier only; no oracle/trace promotion.
V03F00522,V03C,458128b8afa2a9819ef659cf28e447844959c20f,81:8AB7:E0M1X1:C?:DBR??:C,RTL $008AB7,NOT_RUNTIME_TRAVERSED,RETURN,return target/status provenance deferred to V04C,V04C finite source proof or later machine semantics,PENDING_V04C,V03C-FLOW-001,OPEN,,Discovery frontier only; no oracle/trace promotion.
V03F00523,V03C,458128b8afa2a9819ef659cf28e447844959c20f,80:FC1A:E0M0X1:C?:DBR80:C,PLP $007C1A,NOT_RUNTIME_TRAVERSED,STATUS_WIDTH,native PLP restores M/X from stack; V03C does not prove stack status producers,V04C finite source proof or later machine semantics,PENDING_V04C,V03C-FLOW-001,OPEN,,Discovery frontier only; no oracle/trace promotion.
V03F00524,V03C,458128b8afa2a9819ef659cf28e447844959c20f,80:BB43:E0M1X1:C?:DBR??:C,RTS $003B43,NOT_RUNTIME_TRAVERSED,RETURN,return target/status provenance deferred to V04C,V04C finite source proof or later machine semantics,PENDING_V04C,V03C-FLOW-001,OPEN,,Discovery frontier only; no oracle/trace promotion.
V03F00525,V03C,458128b8afa2a9819ef659cf28e447844959c20f,81:9CAD:E0M1X1:C?:DBR81:C,RTS $009CAD,NOT_RUNTIME_TRAVERSED,RETURN,return target/status provenance deferred to V04C,V04C finite source proof or later machine semantics,PENDING_V04C,V03C-FLOW-001,OPEN,,Discovery frontier only; no oracle/trace promotion.
V03F00526,V03C,458128b8afa2a9819ef659cf28e447844959c20f,81:C058:E0M1X1:C?:DBR??:C,RTS $00C058,NOT_RUNTIME_TRAVERSED,RETURN,return target/status provenance deferred to V04C,V04C finite source proof or later machine semantics,PENDING_V04C,V03C-FLOW-001,OPEN,,Discovery frontier only; no oracle/trace promotion.
V03F00527,V03C,458128b8afa2a9819ef659cf28e447844959c20f,81:C4F5:E0M1X1:C0:DBR81:C,RTS $00C4F5,NOT_RUNTIME_TRAVERSED,RETURN,return target/status provenance deferred to V04C,V04C finite source proof or later machine semantics,PENDING_V04C,V03C-FLOW-001,OPEN,,Discovery frontier only; no oracle/trace promotion.
V03F00528,V03C,458128b8afa2a9819ef659cf28e447844959c20f,81:C3F3:E0M1X1:C?:DBR??:C,JSR/ABS_X_IND $00C3F3,NOT_RUNTIME_TRAVERSED,DYNAMIC_TARGET,indexed/indirect call target set deferred to V04C,V04C finite source proof or later machine semantics,PENDING_V04C,V03C-FLOW-001,OPEN,,Discovery frontier only; no oracle/trace promotion.
V03F00529,V03C,458128b8afa2a9819ef659cf28e447844959c20f,92:FB9E:E0M1X1:C?:DBR??:C,RTS $097B9E,NOT_RUNTIME_TRAVERSED,RETURN,return target/status provenance deferred to V04C,V04C finite source proof or later machine semantics,PENDING_V04C,V03C-FLOW-001,OPEN,,Discovery frontier only; no oracle/trace promotion.
V03F00530,V03C,458128b8afa2a9819ef659cf28e447844959c20f,9F:FBBB:E0M0X0:C?:DBR??:C,PLP $0FFBBB,NOT_RUNTIME_TRAVERSED,STATUS_WIDTH,native PLP restores M/X from stack; V03C does not prove stack status producers,V04C finite source proof or later machine semantics,PENDING_V04C,V03C-FLOW-001,OPEN,,Discovery frontier only; no oracle/trace promotion.
V03F00531,V03C,458128b8afa2a9819ef659cf28e447844959c20f,80:8BCE:E0M1X1:C?:DBR??:C,RTS $000BCE,NOT_RUNTIME_TRAVERSED,RETURN,return target/status provenance deferred to V04C,V04C finite source proof or later machine semantics,PENDING_V04C,V03C-FLOW-001,OPEN,,Discovery frontier only; no oracle/trace promotion.
V03F00532,V03C,458128b8afa2a9819ef659cf28e447844959c20f,81:FE74:E0M1X1:C?:DBR??:C,RTS $00FE74,NOT_RUNTIME_TRAVERSED,RETURN,return target/status provenance deferred to V04C,V04C finite source proof or later machine semantics,PENDING_V04C,V03C-FLOW-001,OPEN,,Discovery frontier only; no oracle/trace promotion.
V03F00533,V03C,458128b8afa2a9819ef659cf28e447844959c20f,81:F9A3:E0M1X1:C?:DBR??:C,RTS $00F9A3,NOT_RUNTIME_TRAVERSED,RETURN,return target/status provenance deferred to V04C,V04C finite source proof or later machine semantics,PENDING_V04C,V03C-FLOW-001,OPEN,,Discovery frontier only; no oracle/trace promotion.
V03F00534,V03C,458128b8afa2a9819ef659cf28e447844959c20f,9F:FBFC:E0M0X0:C?:DBR??:C,PLP $0FFBFC,NOT_RUNTIME_TRAVERSED,STATUS_WIDTH,native PLP restores M/X from stack; V03C does not prove stack status producers,V04C finite source proof or later machine semantics,PENDING_V04C,V03C-FLOW-001,OPEN,,Discovery frontier only; no oracle/trace promotion.
V03F00535,V03C,458128b8afa2a9819ef659cf28e447844959c20f,80:D1BE:E0M1X1:C?:DBR??:C,RTS $0051BE,NOT_RUNTIME_TRAVERSED,RETURN,return target/status provenance deferred to V04C,V04C finite source proof or later machine semantics,PENDING_V04C,V03C-FLOW-001,OPEN,,Discovery frontier only; no oracle/trace promotion.
V03F00536,V03C,458128b8afa2a9819ef659cf28e447844959c20f,80:95E4:E0M0X0:C?:DBR??:C,RTS $0015E4,NOT_RUNTIME_TRAVERSED,RETURN,return target/status provenance deferred to V04C,V04C finite source proof or later machine semantics,PENDING_V04C,V03C-FLOW-001,OPEN,,Discovery frontier only; no oracle/trace promotion.
V03F00537,V03C,458128b8afa2a9819ef659cf28e447844959c20f,80:E477:E0M1X1:C?:DBR??:C,RTS $006477,NOT_RUNTIME_TRAVERSED,RETURN,return target/status provenance deferred to V04C,V04C finite source proof or later machine semantics,PENDING_V04C,V03C-FLOW-001,OPEN,,Discovery frontier only; no oracle/trace promotion.
V03F00538,V03C,458128b8afa2a9819ef659cf28e447844959c20f,9F:FB16:E0M0X0:C?:DBR??:C,RTS $0FFB16,NOT_RUNTIME_TRAVERSED,RETURN,return target/status provenance deferred to V04C,V04C finite source proof or later machine semantics,PENDING_V04C,V03C-FLOW-001,OPEN,,Discovery frontier only; no oracle/trace promotion.
V03F00539,V03C,458128b8afa2a9819ef659cf28e447844959c20f,80:8137:E0M1X1:C?:DBR??:C,RTL $000137,NOT_RUNTIME_TRAVERSED,RETURN,return target/status provenance deferred to V04C,V04C finite source proof or later machine semantics,PENDING_V04C,V03C-FLOW-001,OPEN,,Discovery frontier only; no oracle/trace promotion.
V03F00540,V03C,458128b8afa2a9819ef659cf28e447844959c20f,80:F848:E0M0X0:C1:DBR??:C,RTS $007848,NOT_RUNTIME_TRAVERSED,RETURN,return target/status provenance deferred to V04C,V04C finite source proof or later machine semantics,PENDING_V04C,V03C-FLOW-001,OPEN,,Discovery frontier only; no oracle/trace promotion.
V03F00541,V03C,458128b8afa2a9819ef659cf28e447844959c20f,80:912B:E0M1X1:C?:DBR??:C,RTS $00112B,NOT_RUNTIME_TRAVERSED,RETURN,return target/status provenance deferred to V04C,V04C finite source proof or later machine semantics,PENDING_V04C,V03C-FLOW-001,OPEN,,Discovery frontier only; no oracle/trace promotion.
V03F00542,V03C,458128b8afa2a9819ef659cf28e447844959c20f,80:DDF1:E0M0X0:C?:DBR??:C,RTS $005DF1,NOT_RUNTIME_TRAVERSED,RETURN,return target/status provenance deferred to V04C,V04C finite source proof or later machine semantics,PENDING_V04C,V03C-FLOW-001,OPEN,,Discovery frontier only; no oracle/trace promotion.
V03F00543,V03C,458128b8afa2a9819ef659cf28e447844959c20f,9F:F6E4:E0M0X0:C?:DBR??:C,RTS $0FF6E4,NOT_RUNTIME_TRAVERSED,RETURN,return target/status provenance deferred to V04C,V04C finite source proof or later machine semantics,PENDING_V04C,V03C-FLOW-001,OPEN,,Discovery frontier only; no oracle/trace promotion.
V03F00544,V03C,458128b8afa2a9819ef659cf28e447844959c20f,80:F853:E0M0X0:C0:DBR??:C,RTS $007853,NOT_RUNTIME_TRAVERSED,RETURN,return target/status provenance deferred to V04C,V04C finite source proof or later machine semantics,PENDING_V04C,V03C-FLOW-001,OPEN,,Discovery frontier only; no oracle/trace promotion.
V03F00545,V03C,458128b8afa2a9819ef659cf28e447844959c20f,80:994E:E0M1X1:C?:DBR??:C,RTS $00194E,NOT_RUNTIME_TRAVERSED,RETURN,return target/status provenance deferred to V04C,V04C finite source proof or later machine semantics,PENDING_V04C,V03C-FLOW-001,OPEN,,Discovery frontier only; no oracle/trace promotion.
V03F00546,V03C,458128b8afa2a9819ef659cf28e447844959c20f,92:F0D7:E0M0X0:C?:DBR??:C,RTL $0970D7,NOT_RUNTIME_TRAVERSED,RETURN,return target/status provenance deferred to V04C,V04C finite source proof or later machine semantics,PENDING_V04C,V03C-FLOW-001,OPEN,,Discovery frontier only; no oracle/trace promotion.
V03F00547,V03C,458128b8afa2a9819ef659cf28e447844959c20f,81:DD29:E0M0X0:C?:DBR??:C,RTS $00DD29,NOT_RUNTIME_TRAVERSED,RETURN,return target/status provenance deferred to V04C,V04C finite source proof or later machine semantics,PENDING_V04C,V03C-FLOW-001,OPEN,,Discovery frontier only; no oracle/trace promotion.
V03F00548,V03C,458128b8afa2a9819ef659cf28e447844959c20f,92:F217:E0M1X1:C?:DBR??:C,RTL $097217,NOT_RUNTIME_TRAVERSED,RETURN,return target/status provenance deferred to V04C,V04C finite source proof or later machine semantics,PENDING_V04C,V03C-FLOW-001,OPEN,,Discovery frontier only; no oracle/trace promotion.
V03F00549,V03C,458128b8afa2a9819ef659cf28e447844959c20f,80:9A6C:E0M1X1:C?:DBR??:C,RTS $001A6C,NOT_RUNTIME_TRAVERSED,RETURN,return target/status provenance deferred to V04C,V04C finite source proof or later machine semantics,PENDING_V04C,V03C-FLOW-001,OPEN,,Discovery frontier only; no oracle/trace promotion.
V03F00550,V03C,458128b8afa2a9819ef659cf28e447844959c20f,81:F9F8:E0M1X1:C?:DBR??:C,RTS $00F9F8,NOT_RUNTIME_TRAVERSED,RETURN,return target/status provenance deferred to V04C,V04C finite source proof or later machine semantics,PENDING_V04C,V03C-FLOW-001,OPEN,,Discovery frontier only; no oracle/trace promotion.
V03F00551,V03C,458128b8afa2a9819ef659cf28e447844959c20f,80:D6C6:E0M1X1:C?:DBR??:C,RTS $0056C6,NOT_RUNTIME_TRAVERSED,RETURN,return target/status provenance deferred to V04C,V04C finite source proof or later machine semantics,PENDING_V04C,V03C-FLOW-001,OPEN,,Discovery frontier only; no oracle/trace promotion.
V03F00552,V03C,458128b8afa2a9819ef659cf28e447844959c20f,80:9654:E0M0X0:C?:DBR??:C,RTS $001654,NOT_RUNTIME_TRAVERSED,RETURN,return target/status provenance deferred to V04C,V04C finite source proof or later machine semantics,PENDING_V04C,V03C-FLOW-001,OPEN,,Discovery frontier only; no oracle/trace promotion.
V03F00553,V03C,458128b8afa2a9819ef659cf28e447844959c20f,92:FBF5:E0M1X1:C?:DBR??:C,RTS $097BF5,NOT_RUNTIME_TRAVERSED,RETURN,return target/status provenance deferred to V04C,V04C finite source proof or later machine semantics,PENDING_V04C,V03C-FLOW-001,OPEN,,Discovery frontier only; no oracle/trace promotion.
V03F00554,V03C,458128b8afa2a9819ef659cf28e447844959c20f,92:F117:E0M0X0:C?:DBR??:C,RTS $097117,NOT_RUNTIME_TRAVERSED,RETURN,return target/status provenance deferred to V04C,V04C finite source proof or later machine semantics,PENDING_V04C,V03C-FLOW-001,OPEN,,Discovery frontier only; no oracle/trace promotion.
V03F00555,V03C,458128b8afa2a9819ef659cf28e447844959c20f,80:F86C:E0M0X0:C0:DBR??:C,RTS $00786C,NOT_RUNTIME_TRAVERSED,RETURN,return target/status provenance deferred to V04C,V04C finite source proof or later machine semantics,PENDING_V04C,V03C-FLOW-001,OPEN,,Discovery frontier only; no oracle/trace promotion.
V03F00556,V03C,458128b8afa2a9819ef659cf28e447844959c20f,80:D6BB:E0M1X1:C?:DBR??:C,RTS $0056BB,NOT_RUNTIME_TRAVERSED,RETURN,return target/status provenance deferred to V04C,V04C finite source proof or later machine semantics,PENDING_V04C,V03C-FLOW-001,OPEN,,Discovery frontier only; no oracle/trace promotion.
V03F00557,V03C,458128b8afa2a9819ef659cf28e447844959c20f,80:D6B2:E0M1X1:C?:DBR??:C,RTS $0056B2,NOT_RUNTIME_TRAVERSED,RETURN,return target/status provenance deferred to V04C,V04C finite source proof or later machine semantics,PENDING_V04C,V03C-FLOW-001,OPEN,,Discovery frontier only; no oracle/trace promotion.
V03F00558,V03C,458128b8afa2a9819ef659cf28e447844959c20f,81:C4F3:E0M1X1:C1:DBR81:C,RTS $00C4F3,NOT_RUNTIME_TRAVERSED,RETURN,return target/status provenance deferred to V04C,V04C finite source proof or later machine semantics,PENDING_V04C,V03C-FLOW-001,OPEN,,Discovery frontier only; no oracle/trace promotion.
V03F00559,V03C,458128b8afa2a9819ef659cf28e447844959c20f,80:B968:E0M1X1:C?:DBR??:C,RTL $003968,NOT_RUNTIME_TRAVERSED,RETURN,return target/status provenance deferred to V04C,V04C finite source proof or later machine semantics,PENDING_V04C,V03C-FLOW-001,OPEN,,Discovery frontier only; no oracle/trace promotion.
V03F00560,V03C,458128b8afa2a9819ef659cf28e447844959c20f,80:D5A1:E0M0X0:C?:DBR80:C,RTS $0055A1,NOT_RUNTIME_TRAVERSED,RETURN,return target/status provenance deferred to V04C,V04C finite source proof or later machine semantics,PENDING_V04C,V03C-FLOW-001,OPEN,,Discovery frontier only; no oracle/trace promotion.
V03F00561,V03C,458128b8afa2a9819ef659cf28e447844959c20f,80:FC1A:E0M1X0:C?:DBR??:C,PLP $007C1A,NOT_RUNTIME_TRAVERSED,STATUS_WIDTH,native PLP restores M/X from stack; V03C does not prove stack status producers,V04C finite source proof or later machine semantics,PENDING_V04C,V03C-FLOW-001,OPEN,,Discovery frontier only; no oracle/trace promotion.
V03F00562,V03C,458128b8afa2a9819ef659cf28e447844959c20f,80:9B06:E0M1X1:C?:DBR??:C,RTS $001B06,NOT_RUNTIME_TRAVERSED,RETURN,return target/status provenance deferred to V04C,V04C finite source proof or later machine semantics,PENDING_V04C,V03C-FLOW-001,OPEN,,Discovery frontier only; no oracle/trace promotion.
V03F00563,V03C,458128b8afa2a9819ef659cf28e447844959c20f,81:BCAD:E0M1X1:C?:DBR??:C,RTS $00BCAD,NOT_RUNTIME_TRAVERSED,RETURN,return target/status provenance deferred to V04C,V04C finite source proof or later machine semantics,PENDING_V04C,V03C-FLOW-001,OPEN,,Discovery frontier only; no oracle/trace promotion.
V03F00564,V03C,458128b8afa2a9819ef659cf28e447844959c20f,80:FB4B:E0M1X1:C?:DBR??:C,RTL $007B4B,NOT_RUNTIME_TRAVERSED,RETURN,return target/status provenance deferred to V04C,V04C finite source proof or later machine semantics,PENDING_V04C,V03C-FLOW-001,OPEN,,Discovery frontier only; no oracle/trace promotion.
V03F00565,V03C,458128b8afa2a9819ef659cf28e447844959c20f,81:DD95:E0M0X0:C?:DBR??:C,RTS $00DD95,NOT_RUNTIME_TRAVERSED,RETURN,return target/status provenance deferred to V04C,V04C finite source proof or later machine semantics,PENDING_V04C,V03C-FLOW-001,OPEN,,Discovery frontier only; no oracle/trace promotion.
V03F00566,V03C,458128b8afa2a9819ef659cf28e447844959c20f,80:CE0B:E0M1X1:C?:DBR??:C,RTS $004E0B,NOT_RUNTIME_TRAVERSED,RETURN,return target/status provenance deferred to V04C,V04C finite source proof or later machine semantics,PENDING_V04C,V03C-FLOW-001,OPEN,,Discovery frontier only; no oracle/trace promotion.
V03F00567,V03C,458128b8afa2a9819ef659cf28e447844959c20f,80:966A:E0M0X0:C?:DBR??:C,RTS $00166A,NOT_RUNTIME_TRAVERSED,RETURN,return target/status provenance deferred to V04C,V04C finite source proof or later machine semantics,PENDING_V04C,V03C-FLOW-001,OPEN,,Discovery frontier only; no oracle/trace promotion.
V03F00568,V03C,458128b8afa2a9819ef659cf28e447844959c20f,80:DDED:E0M0X0:C0:DBR??:C,RTS $005DED,NOT_RUNTIME_TRAVERSED,RETURN,return target/status provenance deferred to V04C,V04C finite source proof or later machine semantics,PENDING_V04C,V03C-FLOW-001,OPEN,,Discovery frontier only; no oracle/trace promotion.
V03F00569,V03C,458128b8afa2a9819ef659cf28e447844959c20f,80:CF14:E0M1X1:C?:DBR??:C,RTS $004F14,NOT_RUNTIME_TRAVERSED,RETURN,return target/status provenance deferred to V04C,V04C finite source proof or later machine semantics,PENDING_V04C,V03C-FLOW-001,OPEN,,Discovery frontier only; no oracle/trace promotion.
V03F00570,V03C,458128b8afa2a9819ef659cf28e447844959c20f,80:C942:E0M1X1:C?:DBR??:C,RTS $004942,NOT_RUNTIME_TRAVERSED,RETURN,return target/status provenance deferred to V04C,V04C finite source proof or later machine semantics,PENDING_V04C,V03C-FLOW-001,OPEN,,Discovery frontier only; no oracle/trace promotion.
V03F00571,V03C,458128b8afa2a9819ef659cf28e447844959c20f,80:9ADC:E0M1X1:C?:DBR??:C,RTS $001ADC,NOT_RUNTIME_TRAVERSED,RETURN,return target/status provenance deferred to V04C,V04C finite source proof or later machine semantics,PENDING_V04C,V03C-FLOW-001,OPEN,,Discovery frontier only; no oracle/trace promotion.
V03F00572,V03C,458128b8afa2a9819ef659cf28e447844959c20f,81:BCEA:E0M1X1:C?:DBR??:C,RTS $00BCEA,NOT_RUNTIME_TRAVERSED,RETURN,return target/status provenance deferred to V04C,V04C finite source proof or later machine semantics,PENDING_V04C,V03C-FLOW-001,OPEN,,Discovery frontier only; no oracle/trace promotion.
V03F00573,V03C,458128b8afa2a9819ef659cf28e447844959c20f,81:BCF0:E0M1X1:C?:DBR??:C,RTS $00BCF0,NOT_RUNTIME_TRAVERSED,RETURN,return target/status provenance deferred to V04C,V04C finite source proof or later machine semantics,PENDING_V04C,V03C-FLOW-001,OPEN,,Discovery frontier only; no oracle/trace promotion.
V03F00574,V03C,458128b8afa2a9819ef659cf28e447844959c20f,92:FD3F:E0M1X1:C?:DBR??:C,RTS $097D3F,NOT_RUNTIME_TRAVERSED,RETURN,return target/status provenance deferred to V04C,V04C finite source proof or later machine semantics,PENDING_V04C,V03C-FLOW-001,OPEN,,Discovery frontier only; no oracle/trace promotion.
V03F00575,V03C,458128b8afa2a9819ef659cf28e447844959c20f,80:FB51:E0M1X1:C?:DBR??:C,RTS $007B51,NOT_RUNTIME_TRAVERSED,RETURN,return target/status provenance deferred to V04C,V04C finite source proof or later machine semantics,PENDING_V04C,V03C-FLOW-001,OPEN,,Discovery frontier only; no oracle/trace promotion.
V03F00576,V03C,458128b8afa2a9819ef659cf28e447844959c20f,80:E305:E0M0X0:C?:DBR??:C,RTS $006305,NOT_RUNTIME_TRAVERSED,RETURN,return target/status provenance deferred to V04C,V04C finite source proof or later machine semantics,PENDING_V04C,V03C-FLOW-001,OPEN,,Discovery frontier only; no oracle/trace promotion.
V03F00577,V03C,458128b8afa2a9819ef659cf28e447844959c20f,80:DED7:E0M1X1:C?:DBR??:C,RTS $005ED7,NOT_RUNTIME_TRAVERSED,RETURN,return target/status provenance deferred to V04C,V04C finite source proof or later machine semantics,PENDING_V04C,V03C-FLOW-001,OPEN,,Discovery frontier only; no oracle/trace promotion.
V03F00578,V03C,458128b8afa2a9819ef659cf28e447844959c20f,81:8C5A:E0M0X0:C?:DBR??:C,RTS $008C5A,NOT_RUNTIME_TRAVERSED,RETURN,return target/status provenance deferred to V04C,V04C finite source proof or later machine semantics,PENDING_V04C,V03C-FLOW-001,OPEN,,Discovery frontier only; no oracle/trace promotion.
V03F00579,V03C,458128b8afa2a9819ef659cf28e447844959c20f,81:8BA9:E0M1X1:C?:DBR??:C,RTS $008BA9,NOT_RUNTIME_TRAVERSED,RETURN,return target/status provenance deferred to V04C,V04C finite source proof or later machine semantics,PENDING_V04C,V03C-FLOW-001,OPEN,,Discovery frontier only; no oracle/trace promotion.
V03F00580,V03C,458128b8afa2a9819ef659cf28e447844959c20f,81:8B8E:E0M1X1:C?:DBR??:C,RTS $008B8E,NOT_RUNTIME_TRAVERSED,RETURN,return target/status provenance deferred to V04C,V04C finite source proof or later machine semantics,PENDING_V04C,V03C-FLOW-001,OPEN,,Discovery frontier only; no oracle/trace promotion.
V03F00581,V03C,458128b8afa2a9819ef659cf28e447844959c20f,80:FB1B:E0M0X0:C?:DBR80:C,PLP $007B1B,NOT_RUNTIME_TRAVERSED,STATUS_WIDTH,native PLP restores M/X from stack; V03C does not prove stack status producers,V04C finite source proof or later machine semantics,PENDING_V04C,V03C-FLOW-001,OPEN,,Discovery frontier only; no oracle/trace promotion.
V03F00582,V03C,458128b8afa2a9819ef659cf28e447844959c20f,80:F94B:E0M1X1:C?:DBR??:C,RTL $00794B,NOT_RUNTIME_TRAVERSED,RETURN,return target/status provenance deferred to V04C,V04C finite source proof or later machine semantics,PENDING_V04C,V03C-FLOW-001,OPEN,,Discovery frontier only; no oracle/trace promotion.
V03F00583,V03C,458128b8afa2a9819ef659cf28e447844959c20f,92:F150:E0M1X1:C?:DBR??:C,RTS $097150,NOT_RUNTIME_TRAVERSED,RETURN,return target/status provenance deferred to V04C,V04C finite source proof or later machine semantics,PENDING_V04C,V03C-FLOW-001,OPEN,,Discovery frontier only; no oracle/trace promotion.
V03F00584,V03C,458128b8afa2a9819ef659cf28e447844959c20f,80:DDF1:E0M0X0:C1:DBR??:C,RTS $005DF1,NOT_RUNTIME_TRAVERSED,RETURN,return target/status provenance deferred to V04C,V04C finite source proof or later machine semantics,PENDING_V04C,V03C-FLOW-001,OPEN,,Discovery frontier only; no oracle/trace promotion.
V03F00585,V03C,458128b8afa2a9819ef659cf28e447844959c20f,80:FB1C:E0M0X0:C?:DBR80:C,RTS $007B1C,NOT_RUNTIME_TRAVERSED,RETURN,return target/status provenance deferred to V04C,V04C finite source proof or later machine semantics,PENDING_V04C,V03C-FLOW-001,OPEN,,Discovery frontier only; no oracle/trace promotion.
V03F00586,V03C,458128b8afa2a9819ef659cf28e447844959c20f,80:FB1C:E0M0X1:C?:DBR80:C,RTS $007B1C,NOT_RUNTIME_TRAVERSED,RETURN,return target/status provenance deferred to V04C,V04C finite source proof or later machine semantics,PENDING_V04C,V03C-FLOW-001,OPEN,,Discovery frontier only; no oracle/trace promotion.
V03F00587,V03C,458128b8afa2a9819ef659cf28e447844959c20f,80:FB1C:E0M1X0:C?:DBR80:C,RTS $007B1C,NOT_RUNTIME_TRAVERSED,RETURN,return target/status provenance deferred to V04C,V04C finite source proof or later machine semantics,PENDING_V04C,V03C-FLOW-001,OPEN,,Discovery frontier only; no oracle/trace promotion.
V03F00588,V03C,458128b8afa2a9819ef659cf28e447844959c20f,80:FB1C:E0M1X1:C?:DBR80:C,RTS $007B1C,NOT_RUNTIME_TRAVERSED,RETURN,return target/status provenance deferred to V04C,V04C finite source proof or later machine semantics,PENDING_V04C,V03C-FLOW-001,OPEN,,Discovery frontier only; no oracle/trace promotion.
V03F00589,V03C,458128b8afa2a9819ef659cf28e447844959c20f,81:8A79:E0M0X0:C?:DBR??:C,RTS $008A79,NOT_RUNTIME_TRAVERSED,RETURN,return target/status provenance deferred to V04C,V04C finite source proof or later machine semantics,PENDING_V04C,V03C-FLOW-001,OPEN,,Discovery frontier only; no oracle/trace promotion.
V03F00590,V03C,458128b8afa2a9819ef659cf28e447844959c20f,92:FC50:E0M1X1:C?:DBR??:C,RTS $097C50,NOT_RUNTIME_TRAVERSED,RETURN,return target/status provenance deferred to V04C,V04C finite source proof or later machine semantics,PENDING_V04C,V03C-FLOW-001,OPEN,,Discovery frontier only; no oracle/trace promotion.
V03F00591,V03C,458128b8afa2a9819ef659cf28e447844959c20f,80:8AD4:E0M1X1:C?:DBR??:C,RTS $000AD4,NOT_RUNTIME_TRAVERSED,RETURN,return target/status provenance deferred to V04C,V04C finite source proof or later machine semantics,PENDING_V04C,V03C-FLOW-001,OPEN,,Discovery frontier only; no oracle/trace promotion.
V03F00592,V03C,458128b8afa2a9819ef659cf28e447844959c20f,80:F95A:E0M1X1:C?:DBR??:C,RTL $00795A,NOT_RUNTIME_TRAVERSED,RETURN,return target/status provenance deferred to V04C,V04C finite source proof or later machine semantics,PENDING_V04C,V03C-FLOW-001,OPEN,,Discovery frontier only; no oracle/trace promotion.
V03F00593,V03C,458128b8afa2a9819ef659cf28e447844959c20f,80:9F4A:E0M1X1:C?:DBR??:C,RTS $001F4A,NOT_RUNTIME_TRAVERSED,RETURN,return target/status provenance deferred to V04C,V04C finite source proof or later machine semantics,PENDING_V04C,V03C-FLOW-001,OPEN,,Discovery frontier only; no oracle/trace promotion.
V03F00594,V03C,458128b8afa2a9819ef659cf28e447844959c20f,80:9954:E0M1X1:C?:DBR??:C,RTS $001954,NOT_RUNTIME_TRAVERSED,RETURN,return target/status provenance deferred to V04C,V04C finite source proof or later machine semantics,PENDING_V04C,V03C-FLOW-001,OPEN,,Discovery frontier only; no oracle/trace promotion.
V03F00595,V03C,458128b8afa2a9819ef659cf28e447844959c20f,9F:FBD8:E0M0X0:C?:DBR??:C,PLP $0FFBD8,NOT_RUNTIME_TRAVERSED,STATUS_WIDTH,native PLP restores M/X from stack; V03C does not prove stack status producers,V04C finite source proof or later machine semantics,PENDING_V04C,V03C-FLOW-001,OPEN,,Discovery frontier only; no oracle/trace promotion.
V03F00596,V03C,458128b8afa2a9819ef659cf28e447844959c20f,9F:FBD8:E0M0X1:C?:DBR??:C,PLP $0FFBD8,NOT_RUNTIME_TRAVERSED,STATUS_WIDTH,native PLP restores M/X from stack; V03C does not prove stack status producers,V04C finite source proof or later machine semantics,PENDING_V04C,V03C-FLOW-001,OPEN,,Discovery frontier only; no oracle/trace promotion.
V03F00597,V03C,458128b8afa2a9819ef659cf28e447844959c20f,80:8966:E0M1X1:C?:DBR??:C,RTS $000966,NOT_RUNTIME_TRAVERSED,RETURN,return target/status provenance deferred to V04C,V04C finite source proof or later machine semantics,PENDING_V04C,V03C-FLOW-001,OPEN,,Discovery frontier only; no oracle/trace promotion.
V03F00598,V03C,458128b8afa2a9819ef659cf28e447844959c20f,92:FCCF:E0M1X1:C0:DBR??:C,RTS $097CCF,NOT_RUNTIME_TRAVERSED,RETURN,return target/status provenance deferred to V04C,V04C finite source proof or later machine semantics,PENDING_V04C,V03C-FLOW-001,OPEN,,Discovery frontier only; no oracle/trace promotion.
V03F00599,V03C,458128b8afa2a9819ef659cf28e447844959c20f,92:FAF9:E0M1X1:C?:DBR??:C,RTS $097AF9,NOT_RUNTIME_TRAVERSED,RETURN,return target/status provenance deferred to V04C,V04C finite source proof or later machine semantics,PENDING_V04C,V03C-FLOW-001,OPEN,,Discovery frontier only; no oracle/trace promotion.
V03F00600,V03C,458128b8afa2a9819ef659cf28e447844959c20f,9F:FC19:E0M0X0:C?:DBR??:C,PLP $0FFC19,NOT_RUNTIME_TRAVERSED,STATUS_WIDTH,native PLP restores M/X from stack; V03C does not prove stack status producers,V04C finite source proof or later machine semantics,PENDING_V04C,V03C-FLOW-001,OPEN,,Discovery frontier only; no oracle/trace promotion.
V03F00601,V03C,458128b8afa2a9819ef659cf28e447844959c20f,9F:FC19:E0M0X1:C?:DBR??:C,PLP $0FFC19,NOT_RUNTIME_TRAVERSED,STATUS_WIDTH,native PLP restores M/X from stack; V03C does not prove stack status producers,V04C finite source proof or later machine semantics,PENDING_V04C,V03C-FLOW-001,OPEN,,Discovery frontier only; no oracle/trace promotion.
V03F00602,V03C,458128b8afa2a9819ef659cf28e447844959c20f,80:BC22:E0M1X1:C?:DBR??:C,RTS $003C22,NOT_RUNTIME_TRAVERSED,RETURN,return target/status provenance deferred to V04C,V04C finite source proof or later machine semantics,PENDING_V04C,V03C-FLOW-001,OPEN,,Discovery frontier only; no oracle/trace promotion.
V03F00603,V03C,458128b8afa2a9819ef659cf28e447844959c20f,81:FA12:E0M1X1:C?:DBR??:C,RTS $00FA12,NOT_RUNTIME_TRAVERSED,RETURN,return target/status provenance deferred to V04C,V04C finite source proof or later machine semantics,PENDING_V04C,V03C-FLOW-001,OPEN,,Discovery frontier only; no oracle/trace promotion.
V03F00604,V03C,458128b8afa2a9819ef659cf28e447844959c20f,80:F955:E0M1X1:C?:DBR??:C,PLP $007955,NOT_RUNTIME_TRAVERSED,STATUS_WIDTH,native PLP restores M/X from stack; V03C does not prove stack status producers,V04C finite source proof or later machine semantics,PENDING_V04C,V03C-FLOW-001,OPEN,,Discovery frontier only; no oracle/trace promotion.
V03F00605,V03C,458128b8afa2a9819ef659cf28e447844959c20f,81:BCE4:E0M1X1:C?:DBR??:C,RTS $00BCE4,NOT_RUNTIME_TRAVERSED,RETURN,return target/status provenance deferred to V04C,V04C finite source proof or later machine semantics,PENDING_V04C,V03C-FLOW-001,OPEN,,Discovery frontier only; no oracle/trace promotion.
V03F00606,V03C,458128b8afa2a9819ef659cf28e447844959c20f,81:BCD9:E0M1X1:C?:DBR??:C,RTS $00BCD9,NOT_RUNTIME_TRAVERSED,RETURN,return target/status provenance deferred to V04C,V04C finite source proof or later machine semantics,PENDING_V04C,V03C-FLOW-001,OPEN,,Discovery frontier only; no oracle/trace promotion.
V03F00607,V03C,458128b8afa2a9819ef659cf28e447844959c20f,81:CA56:E0M1X1:C?:DBR??:C,RTS $00CA56,NOT_RUNTIME_TRAVERSED,RETURN,return target/status provenance deferred to V04C,V04C finite source proof or later machine semantics,PENDING_V04C,V03C-FLOW-001,OPEN,,Discovery frontier only; no oracle/trace promotion.
V03F00608,V03C,458128b8afa2a9819ef659cf28e447844959c20f,80:F956:E0M0X0:C?:DBR??:C,RTS $007956,NOT_RUNTIME_TRAVERSED,RETURN,return target/status provenance deferred to V04C,V04C finite source proof or later machine semantics,PENDING_V04C,V03C-FLOW-001,OPEN,,Discovery frontier only; no oracle/trace promotion.
V03F00609,V03C,458128b8afa2a9819ef659cf28e447844959c20f,80:F956:E0M0X1:C?:DBR??:C,RTS $007956,NOT_RUNTIME_TRAVERSED,RETURN,return target/status provenance deferred to V04C,V04C finite source proof or later machine semantics,PENDING_V04C,V03C-FLOW-001,OPEN,,Discovery frontier only; no oracle/trace promotion.
V03F00610,V03C,458128b8afa2a9819ef659cf28e447844959c20f,80:F956:E0M1X0:C?:DBR??:C,RTS $007956,NOT_RUNTIME_TRAVERSED,RETURN,return target/status provenance deferred to V04C,V04C finite source proof or later machine semantics,PENDING_V04C,V03C-FLOW-001,OPEN,,Discovery frontier only; no oracle/trace promotion.
V03F00611,V03C,458128b8afa2a9819ef659cf28e447844959c20f,80:F956:E0M1X1:C?:DBR??:C,RTS $007956,NOT_RUNTIME_TRAVERSED,RETURN,return target/status provenance deferred to V04C,V04C finite source proof or later machine semantics,PENDING_V04C,V03C-FLOW-001,OPEN,,Discovery frontier only; no oracle/trace promotion.
V03F00612,V03C,458128b8afa2a9819ef659cf28e447844959c20f,81:BDE8:E0M1X1:C?:DBR??:C,RTS $00BDE8,NOT_RUNTIME_TRAVERSED,RETURN,return target/status provenance deferred to V04C,V04C finite source proof or later machine semantics,PENDING_V04C,V03C-FLOW-001,OPEN,,Discovery frontier only; no oracle/trace promotion.
V03F00613,V03C,458128b8afa2a9819ef659cf28e447844959c20f,81:BDDD:E0M1X1:C?:DBR??:C,RTS $00BDDD,NOT_RUNTIME_TRAVERSED,RETURN,return target/status provenance deferred to V04C,V04C finite source proof or later machine semantics,PENDING_V04C,V03C-FLOW-001,OPEN,,Discovery frontier only; no oracle/trace promotion.
V03F00614,V03C,458128b8afa2a9819ef659cf28e447844959c20f,80:F964:E0M1X1:C?:DBR??:C,PLP $007964,NOT_RUNTIME_TRAVERSED,STATUS_WIDTH,native PLP restores M/X from stack; V03C does not prove stack status producers,V04C finite source proof or later machine semantics,PENDING_V04C,V03C-FLOW-001,OPEN,,Discovery frontier only; no oracle/trace promotion.
V03F00615,V03C,458128b8afa2a9819ef659cf28e447844959c20f,80:D5A1:E0M0X0:C?:DBR??:C,RTS $0055A1,NOT_RUNTIME_TRAVERSED,RETURN,return target/status provenance deferred to V04C,V04C finite source proof or later machine semantics,PENDING_V04C,V03C-FLOW-001,OPEN,,Discovery frontier only; no oracle/trace promotion.
V03F00616,V03C,458128b8afa2a9819ef659cf28e447844959c20f,80:9D7F:E0M1X1:C?:DBR??:C,RTS $001D7F,NOT_RUNTIME_TRAVERSED,RETURN,return target/status provenance deferred to V04C,V04C finite source proof or later machine semantics,PENDING_V04C,V03C-FLOW-001,OPEN,,Discovery frontier only; no oracle/trace promotion.
V03F00617,V03C,458128b8afa2a9819ef659cf28e447844959c20f,80:E5F0:E0M0X0:C?:DBR??:C,RTS $0065F0,NOT_RUNTIME_TRAVERSED,RETURN,return target/status provenance deferred to V04C,V04C finite source proof or later machine semantics,PENDING_V04C,V03C-FLOW-001,OPEN,,Discovery frontier only; no oracle/trace promotion.
V03F00618,V03C,458128b8afa2a9819ef659cf28e447844959c20f,80:F965:E0M0X0:C?:DBR??:C,RTS $007965,NOT_RUNTIME_TRAVERSED,RETURN,return target/status provenance deferred to V04C,V04C finite source proof or later machine semantics,PENDING_V04C,V03C-FLOW-001,OPEN,,Discovery frontier only; no oracle/trace promotion.
V03F00619,V03C,458128b8afa2a9819ef659cf28e447844959c20f,80:F965:E0M0X1:C?:DBR??:C,RTS $007965,NOT_RUNTIME_TRAVERSED,RETURN,return target/status provenance deferred to V04C,V04C finite source proof or later machine semantics,PENDING_V04C,V03C-FLOW-001,OPEN,,Discovery frontier only; no oracle/trace promotion.
V03F00620,V03C,458128b8afa2a9819ef659cf28e447844959c20f,80:F965:E0M1X0:C?:DBR??:C,RTS $007965,NOT_RUNTIME_TRAVERSED,RETURN,return target/status provenance deferred to V04C,V04C finite source proof or later machine semantics,PENDING_V04C,V03C-FLOW-001,OPEN,,Discovery frontier only; no oracle/trace promotion.
V03F00621,V03C,458128b8afa2a9819ef659cf28e447844959c20f,80:F965:E0M1X1:C?:DBR??:C,RTS $007965,NOT_RUNTIME_TRAVERSED,RETURN,return target/status provenance deferred to V04C,V04C finite source proof or later machine semantics,PENDING_V04C,V03C-FLOW-001,OPEN,,Discovery frontier only; no oracle/trace promotion.
V03F00622,V03C,458128b8afa2a9819ef659cf28e447844959c20f,80:8165:E0M1X1:C?:DBR80:C,RTS $000165,NOT_RUNTIME_TRAVERSED,RETURN,return target/status provenance deferred to V04C,V04C finite source proof or later machine semantics,PENDING_V04C,V03C-FLOW-001,OPEN,,Discovery frontier only; no oracle/trace promotion.
V03F00623,V03C,458128b8afa2a9819ef659cf28e447844959c20f,81:DEF8:E0M0X0:C?:DBR81:C,RTS $00DEF8,NOT_RUNTIME_TRAVERSED,RETURN,return target/status provenance deferred to V04C,V04C finite source proof or later machine semantics,PENDING_V04C,V03C-FLOW-001,OPEN,,Discovery frontier only; no oracle/trace promotion.
V03F00624,V03C,458128b8afa2a9819ef659cf28e447844959c20f,81:BCC9:E0M1X1:C?:DBR??:C,RTS $00BCC9,NOT_RUNTIME_TRAVERSED,RETURN,return target/status provenance deferred to V04C,V04C finite source proof or later machine semantics,PENDING_V04C,V03C-FLOW-001,OPEN,,Discovery frontier only; no oracle/trace promotion.
V03F00625,V03C,458128b8afa2a9819ef659cf28e447844959c20f,81:BCC2:E0M1X1:C?:DBR??:C,RTS $00BCC2,NOT_RUNTIME_TRAVERSED,RETURN,return target/status provenance deferred to V04C,V04C finite source proof or later machine semantics,PENDING_V04C,V03C-FLOW-001,OPEN,,Discovery frontier only; no oracle/trace promotion.
V03F00626,V03C,458128b8afa2a9819ef659cf28e447844959c20f,80:E263:E0M0X0:C?:DBR??:C,RTS $006263,NOT_RUNTIME_TRAVERSED,RETURN,return target/status provenance deferred to V04C,V04C finite source proof or later machine semantics,PENDING_V04C,V03C-FLOW-001,OPEN,,Discovery frontier only; no oracle/trace promotion.
V03F00627,V03C,458128b8afa2a9819ef659cf28e447844959c20f,80:969C:E0M1X1:C?:DBR??:C,RTS $00169C,NOT_RUNTIME_TRAVERSED,RETURN,return target/status provenance deferred to V04C,V04C finite source proof or later machine semantics,PENDING_V04C,V03C-FLOW-001,OPEN,,Discovery frontier only; no oracle/trace promotion.
V03F00628,V03C,458128b8afa2a9819ef659cf28e447844959c20f,92:FB39:E0M1X1:C?:DBR??:C,RTL $097B39,NOT_RUNTIME_TRAVERSED,RETURN,return target/status provenance deferred to V04C,V04C finite source proof or later machine semantics,PENDING_V04C,V03C-FLOW-001,OPEN,,Discovery frontier only; no oracle/trace promotion.
V03F00629,V03C,458128b8afa2a9819ef659cf28e447844959c20f,80:C6EB:E0M1X1:C?:DBR??:C,RTS $0046EB,NOT_RUNTIME_TRAVERSED,RETURN,return target/status provenance deferred to V04C,V04C finite source proof or later machine semantics,PENDING_V04C,V03C-FLOW-001,OPEN,,Discovery frontier only; no oracle/trace promotion.
V03F00630,V03C,458128b8afa2a9819ef659cf28e447844959c20f,80:DC31:E0M0X1:C?:DBR??:C,PLP $005C31,NOT_RUNTIME_TRAVERSED,STATUS_WIDTH,native PLP restores M/X from stack; V03C does not prove stack status producers,V04C finite source proof or later machine semantics,PENDING_V04C,V03C-FLOW-001,OPEN,,Discovery frontier only; no oracle/trace promotion.
V03F00631,V03C,458128b8afa2a9819ef659cf28e447844959c20f,80:F04A:E0M0X0:C?:DBR??:C,RTS $00704A,NOT_RUNTIME_TRAVERSED,RETURN,return target/status provenance deferred to V04C,V04C finite source proof or later machine semantics,PENDING_V04C,V03C-FLOW-001,OPEN,,Discovery frontier only; no oracle/trace promotion.
V03F00632,V03C,458128b8afa2a9819ef659cf28e447844959c20f,9F:FBE3:E0M0X0:C?:DBR??:C,RTS $0FFBE3,NOT_RUNTIME_TRAVERSED,RETURN,return target/status provenance deferred to V04C,V04C finite source proof or later machine semantics,PENDING_V04C,V03C-FLOW-001,OPEN,,Discovery frontier only; no oracle/trace promotion.
V03F00633,V03C,458128b8afa2a9819ef659cf28e447844959c20f,9F:FBE3:E0M0X1:C?:DBR??:C,RTS $0FFBE3,NOT_RUNTIME_TRAVERSED,RETURN,return target/status provenance deferred to V04C,V04C finite source proof or later machine semantics,PENDING_V04C,V03C-FLOW-001,OPEN,,Discovery frontier only; no oracle/trace promotion.
V03F00634,V03C,458128b8afa2a9819ef659cf28e447844959c20f,9F:FBE3:E0M1X0:C?:DBR??:C,RTS $0FFBE3,NOT_RUNTIME_TRAVERSED,RETURN,return target/status provenance deferred to V04C,V04C finite source proof or later machine semantics,PENDING_V04C,V03C-FLOW-001,OPEN,,Discovery frontier only; no oracle/trace promotion.
V03F00635,V03C,458128b8afa2a9819ef659cf28e447844959c20f,9F:FBE3:E0M1X1:C?:DBR??:C,RTS $0FFBE3,NOT_RUNTIME_TRAVERSED,RETURN,return target/status provenance deferred to V04C,V04C finite source proof or later machine semantics,PENDING_V04C,V03C-FLOW-001,OPEN,,Discovery frontier only; no oracle/trace promotion.
V03F00636,V03C,458128b8afa2a9819ef659cf28e447844959c20f,9F:F78F:E0M1X1:C?:DBR??:C,RTS $0FF78F,NOT_RUNTIME_TRAVERSED,RETURN,return target/status provenance deferred to V04C,V04C finite source proof or later machine semantics,PENDING_V04C,V03C-FLOW-001,OPEN,,Discovery frontier only; no oracle/trace promotion.
V03F00637,V03C,458128b8afa2a9819ef659cf28e447844959c20f,80:95CB:E0M1X1:C?:DBR??:C,RTS $0015CB,NOT_RUNTIME_TRAVERSED,RETURN,return target/status provenance deferred to V04C,V04C finite source proof or later machine semantics,PENDING_V04C,V03C-FLOW-001,OPEN,,Discovery frontier only; no oracle/trace promotion.
V03F00638,V03C,458128b8afa2a9819ef659cf28e447844959c20f,80:EC4A:E0M0X0:C?:DBR??:C,RTS $006C4A,NOT_RUNTIME_TRAVERSED,RETURN,return target/status provenance deferred to V04C,V04C finite source proof or later machine semantics,PENDING_V04C,V03C-FLOW-001,OPEN,,Discovery frontier only; no oracle/trace promotion.
V03F00639,V03C,458128b8afa2a9819ef659cf28e447844959c20f,9F:FC24:E0M0X0:C?:DBR??:C,RTS $0FFC24,NOT_RUNTIME_TRAVERSED,RETURN,return target/status provenance deferred to V04C,V04C finite source proof or later machine semantics,PENDING_V04C,V03C-FLOW-001,OPEN,,Discovery frontier only; no oracle/trace promotion.
V03F00640,V03C,458128b8afa2a9819ef659cf28e447844959c20f,9F:FC24:E0M0X1:C?:DBR??:C,RTS $0FFC24,NOT_RUNTIME_TRAVERSED,RETURN,return target/status provenance deferred to V04C,V04C finite source proof or later machine semantics,PENDING_V04C,V03C-FLOW-001,OPEN,,Discovery frontier only; no oracle/trace promotion.
V03F00641,V03C,458128b8afa2a9819ef659cf28e447844959c20f,9F:FC24:E0M1X0:C?:DBR??:C,RTS $0FFC24,NOT_RUNTIME_TRAVERSED,RETURN,return target/status provenance deferred to V04C,V04C finite source proof or later machine semantics,PENDING_V04C,V03C-FLOW-001,OPEN,,Discovery frontier only; no oracle/trace promotion.
V03F00642,V03C,458128b8afa2a9819ef659cf28e447844959c20f,9F:FC24:E0M1X1:C?:DBR??:C,RTS $0FFC24,NOT_RUNTIME_TRAVERSED,RETURN,return target/status provenance deferred to V04C,V04C finite source proof or later machine semantics,PENDING_V04C,V03C-FLOW-001,OPEN,,Discovery frontier only; no oracle/trace promotion.
V03F00643,V03C,458128b8afa2a9819ef659cf28e447844959c20f,92:EEED:E0M0X0:C?:DBR??:C,RTS $096EED,NOT_RUNTIME_TRAVERSED,RETURN,return target/status provenance deferred to V04C,V04C finite source proof or later machine semantics,PENDING_V04C,V03C-FLOW-001,OPEN,,Discovery frontier only; no oracle/trace promotion.
V03F00644,V03C,458128b8afa2a9819ef659cf28e447844959c20f,80:8A67:E0M1X1:C?:DBR??:C,RTS $000A67,NOT_RUNTIME_TRAVERSED,RETURN,return target/status provenance deferred to V04C,V04C finite source proof or later machine semantics,PENDING_V04C,V03C-FLOW-001,OPEN,,Discovery frontier only; no oracle/trace promotion.
V03F00645,V03C,458128b8afa2a9819ef659cf28e447844959c20f,80:FD9C:E0M1X1:C?:DBR??:C,RTS $007D9C,NOT_RUNTIME_TRAVERSED,RETURN,return target/status provenance deferred to V04C,V04C finite source proof or later machine semantics,PENDING_V04C,V03C-FLOW-001,OPEN,,Discovery frontier only; no oracle/trace promotion.
V03F00646,V03C,458128b8afa2a9819ef659cf28e447844959c20f,80:F473:E0M0X0:C?:DBR??:C,RTS $007473,NOT_RUNTIME_TRAVERSED,RETURN,return target/status provenance deferred to V04C,V04C finite source proof or later machine semantics,PENDING_V04C,V03C-FLOW-001,OPEN,,Discovery frontier only; no oracle/trace promotion.
V03F00647,V03C,458128b8afa2a9819ef659cf28e447844959c20f,92:907D:E0M0X0:C?:DBR92:C,RTS $09107D,NOT_RUNTIME_TRAVERSED,RETURN,return target/status provenance deferred to V04C,V04C finite source proof or later machine semantics,PENDING_V04C,V03C-FLOW-001,OPEN,,Discovery frontier only; no oracle/trace promotion.
V03F00648,V03C,458128b8afa2a9819ef659cf28e447844959c20f,80:C7E6:E0M1X1:C?:DBR??:C,RTL $0047E6,NOT_RUNTIME_TRAVERSED,RETURN,return target/status provenance deferred to V04C,V04C finite source proof or later machine semantics,PENDING_V04C,V03C-FLOW-001,OPEN,,Discovery frontier only; no oracle/trace promotion.
V03F00649,V03C,458128b8afa2a9819ef659cf28e447844959c20f,81:A061:E0M1X1:C?:DBR81:C,RTS $00A061,NOT_RUNTIME_TRAVERSED,RETURN,return target/status provenance deferred to V04C,V04C finite source proof or later machine semantics,PENDING_V04C,V03C-FLOW-001,OPEN,,Discovery frontier only; no oracle/trace promotion.
V03F00650,V03C,458128b8afa2a9819ef659cf28e447844959c20f,80:C70A:E0M1X1:C?:DBR80:C,PLP $00470A,NOT_RUNTIME_TRAVERSED,STATUS_WIDTH,native PLP restores M/X from stack; V03C does not prove stack status producers,V04C finite source proof or later machine semantics,PENDING_V04C,V03C-FLOW-001,OPEN,,Discovery frontier only; no oracle/trace promotion.
V03F00651,V03C,458128b8afa2a9819ef659cf28e447844959c20f,80:DF3F:E0M1X1:C?:DBR??:C,RTS $005F3F,NOT_RUNTIME_TRAVERSED,RETURN,return target/status provenance deferred to V04C,V04C finite source proof or later machine semantics,PENDING_V04C,V03C-FLOW-001,OPEN,,Discovery frontier only; no oracle/trace promotion.
V03F00652,V03C,458128b8afa2a9819ef659cf28e447844959c20f,80:C70B:E0M0X0:C?:DBR80:C,RTS $00470B,NOT_RUNTIME_TRAVERSED,RETURN,return target/status provenance deferred to V04C,V04C finite source proof or later machine semantics,PENDING_V04C,V03C-FLOW-001,OPEN,,Discovery frontier only; no oracle/trace promotion.
V03F00653,V03C,458128b8afa2a9819ef659cf28e447844959c20f,80:C70B:E0M0X1:C?:DBR80:C,RTS $00470B,NOT_RUNTIME_TRAVERSED,RETURN,return target/status provenance deferred to V04C,V04C finite source proof or later machine semantics,PENDING_V04C,V03C-FLOW-001,OPEN,,Discovery frontier only; no oracle/trace promotion.
V03F00654,V03C,458128b8afa2a9819ef659cf28e447844959c20f,80:C70B:E0M1X0:C?:DBR80:C,RTS $00470B,NOT_RUNTIME_TRAVERSED,RETURN,return target/status provenance deferred to V04C,V04C finite source proof or later machine semantics,PENDING_V04C,V03C-FLOW-001,OPEN,,Discovery frontier only; no oracle/trace promotion.
V03F00655,V03C,458128b8afa2a9819ef659cf28e447844959c20f,80:C70B:E0M1X1:C?:DBR80:C,RTS $00470B,NOT_RUNTIME_TRAVERSED,RETURN,return target/status provenance deferred to V04C,V04C finite source proof or later machine semantics,PENDING_V04C,V03C-FLOW-001,OPEN,,Discovery frontier only; no oracle/trace promotion.
V03F00656,V03C,458128b8afa2a9819ef659cf28e447844959c20f,80:9F35:E0M1X1:C?:DBR??:C,RTS $001F35,NOT_RUNTIME_TRAVERSED,RETURN,return target/status provenance deferred to V04C,V04C finite source proof or later machine semantics,PENDING_V04C,V03C-FLOW-001,OPEN,,Discovery frontier only; no oracle/trace promotion.
V03F00657,V03C,458128b8afa2a9819ef659cf28e447844959c20f,80:BD35:E0M1X1:C?:DBR??:C,RTS $003D35,NOT_RUNTIME_TRAVERSED,RETURN,return target/status provenance deferred to V04C,V04C finite source proof or later machine semantics,PENDING_V04C,V03C-FLOW-001,OPEN,,Discovery frontier only; no oracle/trace promotion.
V03F00658,V03C,458128b8afa2a9819ef659cf28e447844959c20f,92:8B89:E0M0X0:C?:DBR??:C,JSR/ABS_X_IND $090B89,NOT_RUNTIME_TRAVERSED,DYNAMIC_TARGET,indexed/indirect call target set deferred to V04C,V04C finite source proof or later machine semantics,PENDING_V04C,V03C-FLOW-001,OPEN,,Discovery frontier only; no oracle/trace promotion.
V03F00659,V03C,458128b8afa2a9819ef659cf28e447844959c20f,80:F8B6:E0M1X1:C?:DBR??:C,RTS $0078B6,NOT_RUNTIME_TRAVERSED,RETURN,return target/status provenance deferred to V04C,V04C finite source proof or later machine semantics,PENDING_V04C,V03C-FLOW-001,OPEN,,Discovery frontier only; no oracle/trace promotion.
V03F00660,V03C,458128b8afa2a9819ef659cf28e447844959c20f,80:FB66:E0M1X0:C?:DBR??:C,PLP $007B66,NOT_RUNTIME_TRAVERSED,STATUS_WIDTH,native PLP restores M/X from stack; V03C does not prove stack status producers,V04C finite source proof or later machine semantics,PENDING_V04C,V03C-FLOW-001,OPEN,,Discovery frontier only; no oracle/trace promotion.
V03F00661,V03C,458128b8afa2a9819ef659cf28e447844959c20f,81:C5B7:E0M1X1:C?:DBR??:C,RTL $00C5B7,NOT_RUNTIME_TRAVERSED,RETURN,return target/status provenance deferred to V04C,V04C finite source proof or later machine semantics,PENDING_V04C,V03C-FLOW-001,OPEN,,Discovery frontier only; no oracle/trace promotion.
V03F00662,V03C,458128b8afa2a9819ef659cf28e447844959c20f,81:BE75:E0M0X0:C0:DBR??:C,RTS $00BE75,NOT_RUNTIME_TRAVERSED,RETURN,return target/status provenance deferred to V04C,V04C finite source proof or later machine semantics,PENDING_V04C,V03C-FLOW-001,OPEN,,Discovery frontier only; no oracle/trace promotion.
V03F00663,V03C,458128b8afa2a9819ef659cf28e447844959c20f,81:BE73:E0M0X0:C1:DBR??:C,RTS $00BE73,NOT_RUNTIME_TRAVERSED,RETURN,return target/status provenance deferred to V04C,V04C finite source proof or later machine semantics,PENDING_V04C,V03C-FLOW-001,OPEN,,Discovery frontier only; no oracle/trace promotion.
V03F00664,V03C,458128b8afa2a9819ef659cf28e447844959c20f,80:F8D1:E0M1X1:C?:DBR??:C,RTS $0078D1,NOT_RUNTIME_TRAVERSED,RETURN,return target/status provenance deferred to V04C,V04C finite source proof or later machine semantics,PENDING_V04C,V03C-FLOW-001,OPEN,,Discovery frontier only; no oracle/trace promotion.
V03F00665,V03C,458128b8afa2a9819ef659cf28e447844959c20f,80:F978:E0M1X1:C?:DBR??:C,PLP $007978,NOT_RUNTIME_TRAVERSED,STATUS_WIDTH,native PLP restores M/X from stack; V03C does not prove stack status producers,V04C finite source proof or later machine semantics,PENDING_V04C,V03C-FLOW-001,OPEN,,Discovery frontier only; no oracle/trace promotion.
V03F00666,V03C,458128b8afa2a9819ef659cf28e447844959c20f,80:D040:E0M1X1:C?:DBR??:C,RTS $005040,NOT_RUNTIME_TRAVERSED,RETURN,return target/status provenance deferred to V04C,V04C finite source proof or later machine semantics,PENDING_V04C,V03C-FLOW-001,OPEN,,Discovery frontier only; no oracle/trace promotion.
V03F00667,V03C,458128b8afa2a9819ef659cf28e447844959c20f,80:FB67:E0M0X0:C?:DBR??:C,RTL $007B67,NOT_RUNTIME_TRAVERSED,RETURN,return target/status provenance deferred to V04C,V04C finite source proof or later machine semantics,PENDING_V04C,V03C-FLOW-001,OPEN,,Discovery frontier only; no oracle/trace promotion.
V03F00668,V03C,458128b8afa2a9819ef659cf28e447844959c20f,80:FB67:E0M0X1:C?:DBR??:C,RTL $007B67,NOT_RUNTIME_TRAVERSED,RETURN,return target/status provenance deferred to V04C,V04C finite source proof or later machine semantics,PENDING_V04C,V03C-FLOW-001,OPEN,,Discovery frontier only; no oracle/trace promotion.
V03F00669,V03C,458128b8afa2a9819ef659cf28e447844959c20f,80:FB67:E0M1X0:C?:DBR??:C,RTL $007B67,NOT_RUNTIME_TRAVERSED,RETURN,return target/status provenance deferred to V04C,V04C finite source proof or later machine semantics,PENDING_V04C,V03C-FLOW-001,OPEN,,Discovery frontier only; no oracle/trace promotion.
V03F00670,V03C,458128b8afa2a9819ef659cf28e447844959c20f,80:FB67:E0M1X1:C?:DBR??:C,RTL $007B67,NOT_RUNTIME_TRAVERSED,RETURN,return target/status provenance deferred to V04C,V04C finite source proof or later machine semantics,PENDING_V04C,V03C-FLOW-001,OPEN,,Discovery frontier only; no oracle/trace promotion.
V03F00671,V03C,458128b8afa2a9819ef659cf28e447844959c20f,80:E68C:E0M0X0:C?:DBR??:C,RTS $00668C,NOT_RUNTIME_TRAVERSED,RETURN,return target/status provenance deferred to V04C,V04C finite source proof or later machine semantics,PENDING_V04C,V03C-FLOW-001,OPEN,,Discovery frontier only; no oracle/trace promotion.
V03F00672,V03C,458128b8afa2a9819ef659cf28e447844959c20f,80:E6D6:E0M0X0:C?:DBR??:C,RTS $0066D6,NOT_RUNTIME_TRAVERSED,RETURN,return target/status provenance deferred to V04C,V04C finite source proof or later machine semantics,PENDING_V04C,V03C-FLOW-001,OPEN,,Discovery frontier only; no oracle/trace promotion.
V03F00673,V03C,458128b8afa2a9819ef659cf28e447844959c20f,80:E185:E0M1X1:C?:DBR??:C,RTS $006185,NOT_RUNTIME_TRAVERSED,RETURN,return target/status provenance deferred to V04C,V04C finite source proof or later machine semantics,PENDING_V04C,V03C-FLOW-001,OPEN,,Discovery frontier only; no oracle/trace promotion.
V03F00674,V03C,458128b8afa2a9819ef659cf28e447844959c20f,80:E754:E0M0X0:C?:DBR??:C,RTS $006754,NOT_RUNTIME_TRAVERSED,RETURN,return target/status provenance deferred to V04C,V04C finite source proof or later machine semantics,PENDING_V04C,V03C-FLOW-001,OPEN,,Discovery frontier only; no oracle/trace promotion.
V03F00675,V03C,458128b8afa2a9819ef659cf28e447844959c20f,92:FC7C:E0M1X1:C1:DBR??:C,RTS $097C7C,NOT_RUNTIME_TRAVERSED,RETURN,return target/status provenance deferred to V04C,V04C finite source proof or later machine semantics,PENDING_V04C,V03C-FLOW-001,OPEN,,Discovery frontier only; no oracle/trace promotion.
V03F00676,V03C,458128b8afa2a9819ef659cf28e447844959c20f,80:FDAE:E0M0X0:C?:DBR??:C,RTS $007DAE,NOT_RUNTIME_TRAVERSED,RETURN,return target/status provenance deferred to V04C,V04C finite source proof or later machine semantics,PENDING_V04C,V03C-FLOW-001,OPEN,,Discovery frontier only; no oracle/trace promotion.
V03F00677,V03C,458128b8afa2a9819ef659cf28e447844959c20f,80:F0E6:E0M0X0:C?:DBR??:C,RTS $0070E6,NOT_RUNTIME_TRAVERSED,RETURN,return target/status provenance deferred to V04C,V04C finite source proof or later machine semantics,PENDING_V04C,V03C-FLOW-001,OPEN,,Discovery frontier only; no oracle/trace promotion.
V03F00678,V03C,458128b8afa2a9819ef659cf28e447844959c20f,80:F130:E0M0X0:C?:DBR??:C,RTS $007130,NOT_RUNTIME_TRAVERSED,RETURN,return target/status provenance deferred to V04C,V04C finite source proof or later machine semantics,PENDING_V04C,V03C-FLOW-001,OPEN,,Discovery frontier only; no oracle/trace promotion.
V03F00679,V03C,458128b8afa2a9819ef659cf28e447844959c20f,80:C5F9:E0M1X1:C?:DBR??:C,RTS $0045F9,NOT_RUNTIME_TRAVERSED,RETURN,return target/status provenance deferred to V04C,V04C finite source proof or later machine semantics,PENDING_V04C,V03C-FLOW-001,OPEN,,Discovery frontier only; no oracle/trace promotion.
V03F00680,V03C,458128b8afa2a9819ef659cf28e447844959c20f,81:B6BD:E0M0X0:C?:DBR??:C,RTS $00B6BD,NOT_RUNTIME_TRAVERSED,RETURN,return target/status provenance deferred to V04C,V04C finite source proof or later machine semantics,PENDING_V04C,V03C-FLOW-001,OPEN,,Discovery frontier only; no oracle/trace promotion.
V03F00681,V03C,458128b8afa2a9819ef659cf28e447844959c20f,81:C048:E0M0X0:C?:DBR??:C,RTS $00C048,NOT_RUNTIME_TRAVERSED,RETURN,return target/status provenance deferred to V04C,V04C finite source proof or later machine semantics,PENDING_V04C,V03C-FLOW-001,OPEN,,Discovery frontier only; no oracle/trace promotion.
V03F00682,V03C,458128b8afa2a9819ef659cf28e447844959c20f,81:C265:E0M0X0:C?:DBR??:C,RTS $00C265,NOT_RUNTIME_TRAVERSED,RETURN,return target/status provenance deferred to V04C,V04C finite source proof or later machine semantics,PENDING_V04C,V03C-FLOW-001,OPEN,,Discovery frontier only; no oracle/trace promotion.
V03F00683,V03C,458128b8afa2a9819ef659cf28e447844959c20f,80:F97A:E0M0X0:C?:DBR??:C,RTS $00797A,NOT_RUNTIME_TRAVERSED,RETURN,return target/status provenance deferred to V04C,V04C finite source proof or later machine semantics,PENDING_V04C,V03C-FLOW-001,OPEN,,Discovery frontier only; no oracle/trace promotion.
V03F00684,V03C,458128b8afa2a9819ef659cf28e447844959c20f,80:F97A:E0M0X1:C?:DBR??:C,RTS $00797A,NOT_RUNTIME_TRAVERSED,RETURN,return target/status provenance deferred to V04C,V04C finite source proof or later machine semantics,PENDING_V04C,V03C-FLOW-001,OPEN,,Discovery frontier only; no oracle/trace promotion.
V03F00685,V03C,458128b8afa2a9819ef659cf28e447844959c20f,80:F97A:E0M1X0:C?:DBR??:C,RTS $00797A,NOT_RUNTIME_TRAVERSED,RETURN,return target/status provenance deferred to V04C,V04C finite source proof or later machine semantics,PENDING_V04C,V03C-FLOW-001,OPEN,,Discovery frontier only; no oracle/trace promotion.
V03F00686,V03C,458128b8afa2a9819ef659cf28e447844959c20f,80:F97A:E0M1X1:C?:DBR??:C,RTS $00797A,NOT_RUNTIME_TRAVERSED,RETURN,return target/status provenance deferred to V04C,V04C finite source proof or later machine semantics,PENDING_V04C,V03C-FLOW-001,OPEN,,Discovery frontier only; no oracle/trace promotion.
V03F00687,V03C,458128b8afa2a9819ef659cf28e447844959c20f,80:E000:E0M1X1:C?:DBR??:C,RTS $006000,NOT_RUNTIME_TRAVERSED,RETURN,return target/status provenance deferred to V04C,V04C finite source proof or later machine semantics,PENDING_V04C,V03C-FLOW-001,OPEN,,Discovery frontier only; no oracle/trace promotion.
V03F00688,V03C,458128b8afa2a9819ef659cf28e447844959c20f,80:F1AE:E0M0X0:C?:DBR??:C,RTS $0071AE,NOT_RUNTIME_TRAVERSED,RETURN,return target/status provenance deferred to V04C,V04C finite source proof or later machine semantics,PENDING_V04C,V03C-FLOW-001,OPEN,,Discovery frontier only; no oracle/trace promotion.
V03F00689,V03C,458128b8afa2a9819ef659cf28e447844959c20f,92:FCCD:E0M1X1:C1:DBR??:C,RTS $097CCD,NOT_RUNTIME_TRAVERSED,RETURN,return target/status provenance deferred to V04C,V04C finite source proof or later machine semantics,PENDING_V04C,V03C-FLOW-001,OPEN,,Discovery frontier only; no oracle/trace promotion.
V03F00690,V03C,458128b8afa2a9819ef659cf28e447844959c20f,80:F9C1:E0M1X1:C?:DBR??:C,RTS $0079C1,NOT_RUNTIME_TRAVERSED,RETURN,return target/status provenance deferred to V04C,V04C finite source proof or later machine semantics,PENDING_V04C,V03C-FLOW-001,OPEN,,Discovery frontier only; no oracle/trace promotion.
V03F00691,V03C,458128b8afa2a9819ef659cf28e447844959c20f,80:ECED:E0M0X0:C?:DBR??:C,RTS $006CED,NOT_RUNTIME_TRAVERSED,RETURN,return target/status provenance deferred to V04C,V04C finite source proof or later machine semantics,PENDING_V04C,V03C-FLOW-001,OPEN,,Discovery frontier only; no oracle/trace promotion.
V03F00692,V03C,458128b8afa2a9819ef659cf28e447844959c20f,80:ED3C:E0M0X0:C?:DBR??:C,RTS $006D3C,NOT_RUNTIME_TRAVERSED,RETURN,return target/status provenance deferred to V04C,V04C finite source proof or later machine semantics,PENDING_V04C,V03C-FLOW-001,OPEN,,Discovery frontier only; no oracle/trace promotion.
V03F00693,V03C,458128b8afa2a9819ef659cf28e447844959c20f,92:F310:E0M1X1:C?:DBR??:C,RTS $097310,NOT_RUNTIME_TRAVERSED,RETURN,return target/status provenance deferred to V04C,V04C finite source proof or later machine semantics,PENDING_V04C,V03C-FLOW-001,OPEN,,Discovery frontier only; no oracle/trace promotion.
V03F00694,V03C,458128b8afa2a9819ef659cf28e447844959c20f,80:9DF3:E0M1X1:C?:DBR??:C,RTS $001DF3,NOT_RUNTIME_TRAVERSED,RETURN,return target/status provenance deferred to V04C,V04C finite source proof or later machine semantics,PENDING_V04C,V03C-FLOW-001,OPEN,,Discovery frontier only; no oracle/trace promotion.
V03F00695,V03C,458128b8afa2a9819ef659cf28e447844959c20f,80:A4B4:E0M1X1:C?:DBR??:C,RTS $0024B4,NOT_RUNTIME_TRAVERSED,RETURN,return target/status provenance deferred to V04C,V04C finite source proof or later machine semantics,PENDING_V04C,V03C-FLOW-001,OPEN,,Discovery frontier only; no oracle/trace promotion.
V03F00696,V03C,458128b8afa2a9819ef659cf28e447844959c20f,92:FCA8:E0M1X1:C1:DBR??:C,RTS $097CA8,NOT_RUNTIME_TRAVERSED,RETURN,return target/status provenance deferred to V04C,V04C finite source proof or later machine semantics,PENDING_V04C,V03C-FLOW-001,OPEN,,Discovery frontier only; no oracle/trace promotion.
V03F00697,V03C,458128b8afa2a9819ef659cf28e447844959c20f,92:FD0B:E0M1X1:C1:DBR??:C,RTS $097D0B,NOT_RUNTIME_TRAVERSED,RETURN,return target/status provenance deferred to V04C,V04C finite source proof or later machine semantics,PENDING_V04C,V03C-FLOW-001,OPEN,,Discovery frontier only; no oracle/trace promotion.
V03F00698,V03C,458128b8afa2a9819ef659cf28e447844959c20f,80:F516:E0M0X0:C?:DBR??:C,RTS $007516,NOT_RUNTIME_TRAVERSED,RETURN,return target/status provenance deferred to V04C,V04C finite source proof or later machine semantics,PENDING_V04C,V03C-FLOW-001,OPEN,,Discovery frontier only; no oracle/trace promotion.
V03F00699,V03C,458128b8afa2a9819ef659cf28e447844959c20f,80:F565:E0M0X0:C?:DBR??:C,RTS $007565,NOT_RUNTIME_TRAVERSED,RETURN,return target/status provenance deferred to V04C,V04C finite source proof or later machine semantics,PENDING_V04C,V03C-FLOW-001,OPEN,,Discovery frontier only; no oracle/trace promotion.
V03F00700,V03C,458128b8afa2a9819ef659cf28e447844959c20f,92:FCF4:E0M1X1:C1:DBR??:C,RTS $097CF4,NOT_RUNTIME_TRAVERSED,RETURN,return target/status provenance deferred to V04C,V04C finite source proof or later machine semantics,PENDING_V04C,V03C-FLOW-001,OPEN,,Discovery frontier only; no oracle/trace promotion.
V03F00701,V03C,458128b8afa2a9819ef659cf28e447844959c20f,80:9DF5:E0M1X1:C?:DBR??:C,RTS $001DF5,NOT_RUNTIME_TRAVERSED,RETURN,return target/status provenance deferred to V04C,V04C finite source proof or later machine semantics,PENDING_V04C,V03C-FLOW-001,OPEN,,Discovery frontier only; no oracle/trace promotion.
V03F00702,V03C,458128b8afa2a9819ef659cf28e447844959c20f,80:9D52:E0M1X1:C?:DBR??:C,RTS $001D52,NOT_RUNTIME_TRAVERSED,RETURN,return target/status provenance deferred to V04C,V04C finite source proof or later machine semantics,PENDING_V04C,V03C-FLOW-001,OPEN,,Discovery frontier only; no oracle/trace promotion.
V03F00703,V03C,458128b8afa2a9819ef659cf28e447844959c20f,80:CFBF:E0M1X1:C?:DBR??:C,RTS $004FBF,NOT_RUNTIME_TRAVERSED,RETURN,return target/status provenance deferred to V04C,V04C finite source proof or later machine semantics,PENDING_V04C,V03C-FLOW-001,OPEN,,Discovery frontier only; no oracle/trace promotion.
V03F00704,V03C,458128b8afa2a9819ef659cf28e447844959c20f,80:CF6C:E0M1X1:C?:DBR??:C,RTS $004F6C,NOT_RUNTIME_TRAVERSED,RETURN,return target/status provenance deferred to V04C,V04C finite source proof or later machine semantics,PENDING_V04C,V03C-FLOW-001,OPEN,,Discovery frontier only; no oracle/trace promotion.
V03F00705,V03C,458128b8afa2a9819ef659cf28e447844959c20f,80:DC5C:E0M0X1:C?:DBR??:C,PLP $005C5C,NOT_RUNTIME_TRAVERSED,STATUS_WIDTH,native PLP restores M/X from stack; V03C does not prove stack status producers,V04C finite source proof or later machine semantics,PENDING_V04C,V03C-FLOW-001,OPEN,,Discovery frontier only; no oracle/trace promotion.
V03F00706,V03C,458128b8afa2a9819ef659cf28e447844959c20f,80:A008:E0M1X1:C?:DBR??:C,RTS $002008,NOT_RUNTIME_TRAVERSED,RETURN,return target/status provenance deferred to V04C,V04C finite source proof or later machine semantics,PENDING_V04C,V03C-FLOW-001,OPEN,,Discovery frontier only; no oracle/trace promotion.
V03F00707,V03C,458128b8afa2a9819ef659cf28e447844959c20f,80:E573:E0M0X0:C?:DBR??:C,RTS $006573,NOT_RUNTIME_TRAVERSED,RETURN,return target/status provenance deferred to V04C,V04C finite source proof or later machine semantics,PENDING_V04C,V03C-FLOW-001,OPEN,,Discovery frontier only; no oracle/trace promotion.
V03F00708,V03C,458128b8afa2a9819ef659cf28e447844959c20f,80:EFCD:E0M0X0:C?:DBR??:C,RTS $006FCD,NOT_RUNTIME_TRAVERSED,RETURN,return target/status provenance deferred to V04C,V04C finite source proof or later machine semantics,PENDING_V04C,V03C-FLOW-001,OPEN,,Discovery frontier only; no oracle/trace promotion.
V03F00709,V03C,458128b8afa2a9819ef659cf28e447844959c20f,80:9DC7:E0M1X1:C?:DBR??:C,RTS $001DC7,NOT_RUNTIME_TRAVERSED,RETURN,return target/status provenance deferred to V04C,V04C finite source proof or later machine semantics,PENDING_V04C,V03C-FLOW-001,OPEN,,Discovery frontier only; no oracle/trace promotion.
V03F00710,V03C,458128b8afa2a9819ef659cf28e447844959c20f,80:9CA4:E0M1X1:C?:DBR??:C,RTS $001CA4,NOT_RUNTIME_TRAVERSED,RETURN,return target/status provenance deferred to V04C,V04C finite source proof or later machine semantics,PENDING_V04C,V03C-FLOW-001,OPEN,,Discovery frontier only; no oracle/trace promotion.
V03F00711,V03C,458128b8afa2a9819ef659cf28e447844959c20f,80:99C8:E0M1X1:C?:DBR??:C,RTS $0019C8,NOT_RUNTIME_TRAVERSED,RETURN,return target/status provenance deferred to V04C,V04C finite source proof or later machine semantics,PENDING_V04C,V03C-FLOW-001,OPEN,,Discovery frontier only; no oracle/trace promotion.
V03F00712,V03C,458128b8afa2a9819ef659cf28e447844959c20f,81:89DE:E0M1X1:C?:DBR??:C,RTL $0089DE,NOT_RUNTIME_TRAVERSED,RETURN,return target/status provenance deferred to V04C,V04C finite source proof or later machine semantics,PENDING_V04C,V03C-FLOW-001,OPEN,,Discovery frontier only; no oracle/trace promotion.
V03F00713,V03C,458128b8afa2a9819ef659cf28e447844959c20f,80:E7CF:E0M0X0:C?:DBR??:C,RTS $0067CF,NOT_RUNTIME_TRAVERSED,RETURN,return target/status provenance deferred to V04C,V04C finite source proof or later machine semantics,PENDING_V04C,V03C-FLOW-001,OPEN,,Discovery frontier only; no oracle/trace promotion.
V03F00714,V03C,458128b8afa2a9819ef659cf28e447844959c20f,81:808A:E0M1X1:C?:DBR??:C,RTL $00808A,NOT_RUNTIME_TRAVERSED,RETURN,return target/status provenance deferred to V04C,V04C finite source proof or later machine semantics,PENDING_V04C,V03C-FLOW-001,OPEN,,Discovery frontier only; no oracle/trace promotion.
V03F00715,V03C,458128b8afa2a9819ef659cf28e447844959c20f,80:D0A1:E0M1X1:C?:DBR??:C,RTS $0050A1,NOT_RUNTIME_TRAVERSED,RETURN,return target/status provenance deferred to V04C,V04C finite source proof or later machine semantics,PENDING_V04C,V03C-FLOW-001,OPEN,,Discovery frontier only; no oracle/trace promotion.
V03F00716,V03C,458128b8afa2a9819ef659cf28e447844959c20f,80:D355:E0M1X1:C?:DBR??:C,RTS $005355,NOT_RUNTIME_TRAVERSED,RETURN,return target/status provenance deferred to V04C,V04C finite source proof or later machine semantics,PENDING_V04C,V03C-FLOW-001,OPEN,,Discovery frontier only; no oracle/trace promotion.
V03F00717,V03C,458128b8afa2a9819ef659cf28e447844959c20f,81:9128:E0M1X1:C?:DBR??:C,RTS $009128,NOT_RUNTIME_TRAVERSED,RETURN,return target/status provenance deferred to V04C,V04C finite source proof or later machine semantics,PENDING_V04C,V03C-FLOW-001,OPEN,,Discovery frontier only; no oracle/trace promotion.
V03F00718,V03C,458128b8afa2a9819ef659cf28e447844959c20f,80:962D:E0M1X1:C?:DBR??:C,RTS $00162D,NOT_RUNTIME_TRAVERSED,RETURN,return target/status provenance deferred to V04C,V04C finite source proof or later machine semantics,PENDING_V04C,V03C-FLOW-001,OPEN,,Discovery frontier only; no oracle/trace promotion.
V03F00719,V03C,458128b8afa2a9819ef659cf28e447844959c20f,80:B463:E0M1X1:C?:DBR??:C,RTS $003463,NOT_RUNTIME_TRAVERSED,RETURN,return target/status provenance deferred to V04C,V04C finite source proof or later machine semantics,PENDING_V04C,V03C-FLOW-001,OPEN,,Discovery frontier only; no oracle/trace promotion.
V03F00720,V03C,458128b8afa2a9819ef659cf28e447844959c20f,9F:FB36:E0M0X0:C?:DBR??:C,PLP $0FFB36,NOT_RUNTIME_TRAVERSED,STATUS_WIDTH,native PLP restores M/X from stack; V03C does not prove stack status producers,V04C finite source proof or later machine semantics,PENDING_V04C,V03C-FLOW-001,OPEN,,Discovery frontier only; no oracle/trace promotion.
V03F00721,V03C,458128b8afa2a9819ef659cf28e447844959c20f,80:DFAF:E0M1X1:C?:DBR??:C,RTS $005FAF,NOT_RUNTIME_TRAVERSED,RETURN,return target/status provenance deferred to V04C,V04C finite source proof or later machine semantics,PENDING_V04C,V03C-FLOW-001,OPEN,,Discovery frontier only; no oracle/trace promotion.
V03F00722,V03C,458128b8afa2a9819ef659cf28e447844959c20f,81:C5CB:E0M1X1:C?:DBR??:C,RTS $00C5CB,NOT_RUNTIME_TRAVERSED,RETURN,return target/status provenance deferred to V04C,V04C finite source proof or later machine semantics,PENDING_V04C,V03C-FLOW-001,OPEN,,Discovery frontier only; no oracle/trace promotion.
V03F00723,V03C,458128b8afa2a9819ef659cf28e447844959c20f,81:C5C6:E0M1X1:C?:DBR??:C,RTS $00C5C6,NOT_RUNTIME_TRAVERSED,RETURN,return target/status provenance deferred to V04C,V04C finite source proof or later machine semantics,PENDING_V04C,V03C-FLOW-001,OPEN,,Discovery frontier only; no oracle/trace promotion.
V03F00724,V03C,458128b8afa2a9819ef659cf28e447844959c20f,81:8A26:E0M1X1:C?:DBR??:C,RTL $008A26,NOT_RUNTIME_TRAVERSED,RETURN,return target/status provenance deferred to V04C,V04C finite source proof or later machine semantics,PENDING_V04C,V03C-FLOW-001,OPEN,,Discovery frontier only; no oracle/trace promotion.
V03F00725,V03C,458128b8afa2a9819ef659cf28e447844959c20f,81:8A00:E0M1X1:C?:DBR81:C,RTS $008A00,NOT_RUNTIME_TRAVERSED,RETURN,return target/status provenance deferred to V04C,V04C finite source proof or later machine semantics,PENDING_V04C,V03C-FLOW-001,OPEN,,Discovery frontier only; no oracle/trace promotion.
V03F00726,V03C,458128b8afa2a9819ef659cf28e447844959c20f,80:8ACD:E0M1X1:C?:DBR??:C,RTS $000ACD,NOT_RUNTIME_TRAVERSED,RETURN,return target/status provenance deferred to V04C,V04C finite source proof or later machine semantics,PENDING_V04C,V03C-FLOW-001,OPEN,,Discovery frontier only; no oracle/trace promotion.
V03F00727,V03C,458128b8afa2a9819ef659cf28e447844959c20f,80:C5F9:E0M1X1:C?:DBR80:C,RTS $0045F9,NOT_RUNTIME_TRAVERSED,RETURN,return target/status provenance deferred to V04C,V04C finite source proof or later machine semantics,PENDING_V04C,V03C-FLOW-001,OPEN,,Discovery frontier only; no oracle/trace promotion.
V03F00728,V03C,458128b8afa2a9819ef659cf28e447844959c20f,81:9F5B:E0M1X1:C?:DBR??:C,RTL $009F5B,NOT_RUNTIME_TRAVERSED,RETURN,return target/status provenance deferred to V04C,V04C finite source proof or later machine semantics,PENDING_V04C,V03C-FLOW-001,OPEN,,Discovery frontier only; no oracle/trace promotion.
V03F00729,V03C,458128b8afa2a9819ef659cf28e447844959c20f,81:809B:E0M0X0:C?:DBR81:C,RTS $00809B,NOT_RUNTIME_TRAVERSED,RETURN,return target/status provenance deferred to V04C,V04C finite source proof or later machine semantics,PENDING_V04C,V03C-FLOW-001,OPEN,,Discovery frontier only; no oracle/trace promotion.
V03F00730,V03C,458128b8afa2a9819ef659cf28e447844959c20f,81:ABEC:E0M1X1:C?:DBR??:C,RTL $00ABEC,NOT_RUNTIME_TRAVERSED,RETURN,return target/status provenance deferred to V04C,V04C finite source proof or later machine semantics,PENDING_V04C,V03C-FLOW-001,OPEN,,Discovery frontier only; no oracle/trace promotion.
V03F00731,V03C,458128b8afa2a9819ef659cf28e447844959c20f,80:E0A2:E0M1X1:C?:DBR??:C,RTS $0060A2,NOT_RUNTIME_TRAVERSED,RETURN,return target/status provenance deferred to V04C,V04C finite source proof or later machine semantics,PENDING_V04C,V03C-FLOW-001,OPEN,,Discovery frontier only; no oracle/trace promotion.
V03F00732,V03C,458128b8afa2a9819ef659cf28e447844959c20f,80:ABD0:E0M1X1:C?:DBR??:C,RTS $002BD0,NOT_RUNTIME_TRAVERSED,RETURN,return target/status provenance deferred to V04C,V04C finite source proof or later machine semantics,PENDING_V04C,V03C-FLOW-001,OPEN,,Discovery frontier only; no oracle/trace promotion.
V03F00733,V03C,458128b8afa2a9819ef659cf28e447844959c20f,80:FDA4:E0M1X1:C?:DBR??:C,RTS $007DA4,NOT_RUNTIME_TRAVERSED,RETURN,return target/status provenance deferred to V04C,V04C finite source proof or later machine semantics,PENDING_V04C,V03C-FLOW-001,OPEN,,Discovery frontier only; no oracle/trace promotion.
V03F00734,V03C,458128b8afa2a9819ef659cf28e447844959c20f,81:A042:E0M1X1:C?:DBR??:C,RTS $00A042,NOT_RUNTIME_TRAVERSED,RETURN,return target/status provenance deferred to V04C,V04C finite source proof or later machine semantics,PENDING_V04C,V03C-FLOW-001,OPEN,,Discovery frontier only; no oracle/trace promotion.
V03F00735,V03C,458128b8afa2a9819ef659cf28e447844959c20f,9F:FBA2:E0M0X0:C?:DBR??:C,RTS $0FFBA2,NOT_RUNTIME_TRAVERSED,RETURN,return target/status provenance deferred to V04C,V04C finite source proof or later machine semantics,PENDING_V04C,V03C-FLOW-001,OPEN,,Discovery frontier only; no oracle/trace promotion.
V03F00736,V03C,458128b8afa2a9819ef659cf28e447844959c20f,80:A483:E0M1X1:C?:DBR??:C,RTS $002483,NOT_RUNTIME_TRAVERSED,RETURN,return target/status provenance deferred to V04C,V04C finite source proof or later machine semantics,PENDING_V04C,V03C-FLOW-001,OPEN,,Discovery frontier only; no oracle/trace promotion.
V03F00737,V03C,458128b8afa2a9819ef659cf28e447844959c20f,80:E7AF:E0M0X0:C?:DBR??:C,RTS $0067AF,NOT_RUNTIME_TRAVERSED,RETURN,return target/status provenance deferred to V04C,V04C finite source proof or later machine semantics,PENDING_V04C,V03C-FLOW-001,OPEN,,Discovery frontier only; no oracle/trace promotion.
V03F00738,V03C,458128b8afa2a9819ef659cf28e447844959c20f,92:E615:E0M1X1:C?:DBR??:C,RTL $096615,NOT_RUNTIME_TRAVERSED,RETURN,return target/status provenance deferred to V04C,V04C finite source proof or later machine semantics,PENDING_V04C,V03C-FLOW-001,OPEN,,Discovery frontier only; no oracle/trace promotion.
V03F00739,V03C,458128b8afa2a9819ef659cf28e447844959c20f,80:C865:E0M1X1:C?:DBR??:C,RTS $004865,NOT_RUNTIME_TRAVERSED,RETURN,return target/status provenance deferred to V04C,V04C finite source proof or later machine semantics,PENDING_V04C,V03C-FLOW-001,OPEN,,Discovery frontier only; no oracle/trace promotion.
V03F00740,V03C,458128b8afa2a9819ef659cf28e447844959c20f,80:A489:E0M1X1:C?:DBR??:C,JMP/ABS_X_IND $002489,NOT_RUNTIME_TRAVERSED,DYNAMIC_TARGET,indirect jump target set requires producer/consumer proof in V04C,V04C finite source proof or later machine semantics,PENDING_V04C,V03C-FLOW-001,OPEN,,Discovery frontier only; no oracle/trace promotion.
V03F00741,V03C,458128b8afa2a9819ef659cf28e447844959c20f,80:F209:E0M0X0:C?:DBR??:C,RTS $007209,NOT_RUNTIME_TRAVERSED,RETURN,return target/status provenance deferred to V04C,V04C finite source proof or later machine semantics,PENDING_V04C,V03C-FLOW-001,OPEN,,Discovery frontier only; no oracle/trace promotion.
V03F00742,V03C,458128b8afa2a9819ef659cf28e447844959c20f,92:8BAF:E0M0X0:C?:DBR??:C,JSR/ABS_X_IND $090BAF,NOT_RUNTIME_TRAVERSED,DYNAMIC_TARGET,indexed/indirect call target set deferred to V04C,V04C finite source proof or later machine semantics,PENDING_V04C,V03C-FLOW-001,OPEN,,Discovery frontier only; no oracle/trace promotion.
V03F00743,V03C,458128b8afa2a9819ef659cf28e447844959c20f,81:8F83:E0M1X1:C?:DBR??:C,RTS $008F83,NOT_RUNTIME_TRAVERSED,RETURN,return target/status provenance deferred to V04C,V04C finite source proof or later machine semantics,PENDING_V04C,V03C-FLOW-001,OPEN,,Discovery frontier only; no oracle/trace promotion.
V03F00744,V03C,458128b8afa2a9819ef659cf28e447844959c20f,80:8DC0:E0M1X1:C?:DBR??:C,RTS $000DC0,NOT_RUNTIME_TRAVERSED,RETURN,return target/status provenance deferred to V04C,V04C finite source proof or later machine semantics,PENDING_V04C,V03C-FLOW-001,OPEN,,Discovery frontier only; no oracle/trace promotion.
V03F00745,V03C,458128b8afa2a9819ef659cf28e447844959c20f,80:A5C5:E0M1X1:C?:DBR??:C,RTS $0025C5,NOT_RUNTIME_TRAVERSED,RETURN,return target/status provenance deferred to V04C,V04C finite source proof or later machine semantics,PENDING_V04C,V03C-FLOW-001,OPEN,,Discovery frontier only; no oracle/trace promotion.
V03F00746,V03C,458128b8afa2a9819ef659cf28e447844959c20f,80:A5BB:E0M1X1:C?:DBR??:C,RTS $0025BB,NOT_RUNTIME_TRAVERSED,RETURN,return target/status provenance deferred to V04C,V04C finite source proof or later machine semantics,PENDING_V04C,V03C-FLOW-001,OPEN,,Discovery frontier only; no oracle/trace promotion.
V03F00747,V03C,458128b8afa2a9819ef659cf28e447844959c20f,80:A53F:E0M1X1:C?:DBR??:C,RTS $00253F,NOT_RUNTIME_TRAVERSED,RETURN,return target/status provenance deferred to V04C,V04C finite source proof or later machine semantics,PENDING_V04C,V03C-FLOW-001,OPEN,,Discovery frontier only; no oracle/trace promotion.
V03F00748,V03C,458128b8afa2a9819ef659cf28e447844959c20f,80:BC98:E0M1X1:C?:DBR??:C,RTS $003C98,NOT_RUNTIME_TRAVERSED,RETURN,return target/status provenance deferred to V04C,V04C finite source proof or later machine semantics,PENDING_V04C,V03C-FLOW-001,OPEN,,Discovery frontier only; no oracle/trace promotion.
V03F00749,V03C,458128b8afa2a9819ef659cf28e447844959c20f,81:C5EF:E0M1X1:C?:DBR81:C,RTS $00C5EF,NOT_RUNTIME_TRAVERSED,RETURN,return target/status provenance deferred to V04C,V04C finite source proof or later machine semantics,PENDING_V04C,V03C-FLOW-001,OPEN,,Discovery frontier only; no oracle/trace promotion.
V03F00750,V03C,458128b8afa2a9819ef659cf28e447844959c20f,81:8A00:E0M1X1:C?:DBR??:C,RTS $008A00,NOT_RUNTIME_TRAVERSED,RETURN,return target/status provenance deferred to V04C,V04C finite source proof or later machine semantics,PENDING_V04C,V03C-FLOW-001,OPEN,,Discovery frontier only; no oracle/trace promotion.
V03F00751,V03C,458128b8afa2a9819ef659cf28e447844959c20f,81:809B:E0M0X0:C?:DBR??:C,RTS $00809B,NOT_RUNTIME_TRAVERSED,RETURN,return target/status provenance deferred to V04C,V04C finite source proof or later machine semantics,PENDING_V04C,V03C-FLOW-001,OPEN,,Discovery frontier only; no oracle/trace promotion.
V03F00752,V03C,458128b8afa2a9819ef659cf28e447844959c20f,81:C235:E0M0X0:C?:DBR??:C,RTS $00C235,NOT_RUNTIME_TRAVERSED,RETURN,return target/status provenance deferred to V04C,V04C finite source proof or later machine semantics,PENDING_V04C,V03C-FLOW-001,OPEN,,Discovery frontier only; no oracle/trace promotion.
V03F00753,V03C,458128b8afa2a9819ef659cf28e447844959c20f,92:A7E4:E0M0X0:C?:DBR??:C,RTS $0927E4,NOT_RUNTIME_TRAVERSED,RETURN,return target/status provenance deferred to V04C,V04C finite source proof or later machine semantics,PENDING_V04C,V03C-FLOW-001,OPEN,,Discovery frontier only; no oracle/trace promotion.
V03F00754,V03C,458128b8afa2a9819ef659cf28e447844959c20f,80:A573:E0M1X1:C?:DBR??:C,RTS $002573,NOT_RUNTIME_TRAVERSED,RETURN,return target/status provenance deferred to V04C,V04C finite source proof or later machine semantics,PENDING_V04C,V03C-FLOW-001,OPEN,,Discovery frontier only; no oracle/trace promotion.
V03F00755,V03C,458128b8afa2a9819ef659cf28e447844959c20f,80:BD05:E0M1X0:C?:DBR??:C,RTS $003D05,NOT_RUNTIME_TRAVERSED,RETURN,return target/status provenance deferred to V04C,V04C finite source proof or later machine semantics,PENDING_V04C,V03C-FLOW-001,OPEN,,Discovery frontier only; no oracle/trace promotion.
V03F00756,V03C,458128b8afa2a9819ef659cf28e447844959c20f,80:C7DE:E0M1X1:C?:DBR??:C,RTS $0047DE,NOT_RUNTIME_TRAVERSED,RETURN,return target/status provenance deferred to V04C,V04C finite source proof or later machine semantics,PENDING_V04C,V03C-FLOW-001,OPEN,,Discovery frontier only; no oracle/trace promotion.
V03F00757,V03C,458128b8afa2a9819ef659cf28e447844959c20f,80:A5CF:E0M1X1:C?:DBR??:C,RTS $0025CF,NOT_RUNTIME_TRAVERSED,RETURN,return target/status provenance deferred to V04C,V04C finite source proof or later machine semantics,PENDING_V04C,V03C-FLOW-001,OPEN,,Discovery frontier only; no oracle/trace promotion.
V03F00758,V03C,458128b8afa2a9819ef659cf28e447844959c20f,80:ED97:E0M0X0:C?:DBR??:C,RTS $006D97,NOT_RUNTIME_TRAVERSED,RETURN,return target/status provenance deferred to V04C,V04C finite source proof or later machine semantics,PENDING_V04C,V03C-FLOW-001,OPEN,,Discovery frontier only; no oracle/trace promotion.
V03F00759,V03C,458128b8afa2a9819ef659cf28e447844959c20f,80:C865:E0M1X1:C?:DBR80:C,RTS $004865,NOT_RUNTIME_TRAVERSED,RETURN,return target/status provenance deferred to V04C,V04C finite source proof or later machine semantics,PENDING_V04C,V03C-FLOW-001,OPEN,,Discovery frontier only; no oracle/trace promotion.
V03F00760,V03C,458128b8afa2a9819ef659cf28e447844959c20f,81:C617:E0M1X1:C?:DBR81:C,RTS $00C617,NOT_RUNTIME_TRAVERSED,RETURN,return target/status provenance deferred to V04C,V04C finite source proof or later machine semantics,PENDING_V04C,V03C-FLOW-001,OPEN,,Discovery frontier only; no oracle/trace promotion.
V03F00761,V03C,458128b8afa2a9819ef659cf28e447844959c20f,80:F5C0:E0M0X0:C?:DBR??:C,RTS $0075C0,NOT_RUNTIME_TRAVERSED,RETURN,return target/status provenance deferred to V04C,V04C finite source proof or later machine semantics,PENDING_V04C,V03C-FLOW-001,OPEN,,Discovery frontier only; no oracle/trace promotion.
V03F00762,V03C,458128b8afa2a9819ef659cf28e447844959c20f,80:D3BA:E0M1X1:C?:DBR??:C,RTS $0053BA,NOT_RUNTIME_TRAVERSED,RETURN,return target/status provenance deferred to V04C,V04C finite source proof or later machine semantics,PENDING_V04C,V03C-FLOW-001,OPEN,,Discovery frontier only; no oracle/trace promotion.
V03F00763,V03C,458128b8afa2a9819ef659cf28e447844959c20f,9F:FB53:E0M0X0:C?:DBR??:C,PLP $0FFB53,NOT_RUNTIME_TRAVERSED,STATUS_WIDTH,native PLP restores M/X from stack; V03C does not prove stack status producers,V04C finite source proof or later machine semantics,PENDING_V04C,V03C-FLOW-001,OPEN,,Discovery frontier only; no oracle/trace promotion.
V03F00764,V03C,458128b8afa2a9819ef659cf28e447844959c20f,9F:FB53:E0M0X1:C?:DBR??:C,PLP $0FFB53,NOT_RUNTIME_TRAVERSED,STATUS_WIDTH,native PLP restores M/X from stack; V03C does not prove stack status producers,V04C finite source proof or later machine semantics,PENDING_V04C,V03C-FLOW-001,OPEN,,Discovery frontier only; no oracle/trace promotion.
V03F00765,V03C,458128b8afa2a9819ef659cf28e447844959c20f,92:A7E1:E0M0X0:C?:DBR??:C,JSR/ABS_X_IND $0927E1,NOT_RUNTIME_TRAVERSED,DYNAMIC_TARGET,indexed/indirect call target set deferred to V04C,V04C finite source proof or later machine semantics,PENDING_V04C,V03C-FLOW-001,OPEN,,Discovery frontier only; no oracle/trace promotion.
V03F00766,V03C,458128b8afa2a9819ef659cf28e447844959c20f,80:FF26:E0M1X1:C?:DBR??:C,RTS $007F26,NOT_RUNTIME_TRAVERSED,RETURN,return target/status provenance deferred to V04C,V04C finite source proof or later machine semantics,PENDING_V04C,V03C-FLOW-001,OPEN,,Discovery frontier only; no oracle/trace promotion.
V03F00767,V03C,458128b8afa2a9819ef659cf28e447844959c20f,80:FB5B:E0M1X0:C?:DBR??:C,RTS $007B5B,NOT_RUNTIME_TRAVERSED,RETURN,return target/status provenance deferred to V04C,V04C finite source proof or later machine semantics,PENDING_V04C,V03C-FLOW-001,OPEN,,Discovery frontier only; no oracle/trace promotion.
V03F00768,V03C,458128b8afa2a9819ef659cf28e447844959c20f,80:D342:E0M1X1:C?:DBR??:C,RTS $005342,NOT_RUNTIME_TRAVERSED,RETURN,return target/status provenance deferred to V04C,V04C finite source proof or later machine semantics,PENDING_V04C,V03C-FLOW-001,OPEN,,Discovery frontier only; no oracle/trace promotion.
V03F00769,V03C,458128b8afa2a9819ef659cf28e447844959c20f,80:BCE9:E0M1X1:C?:DBR??:C,RTS $003CE9,NOT_RUNTIME_TRAVERSED,RETURN,return target/status provenance deferred to V04C,V04C finite source proof or later machine semantics,PENDING_V04C,V03C-FLOW-001,OPEN,,Discovery frontier only; no oracle/trace promotion.
V03F00770,V03C,458128b8afa2a9819ef659cf28e447844959c20f,92:E63C:E0M1X1:C?:DBR92:C,RTS $09663C,NOT_RUNTIME_TRAVERSED,RETURN,return target/status provenance deferred to V04C,V04C finite source proof or later machine semantics,PENDING_V04C,V03C-FLOW-001,OPEN,,Discovery frontier only; no oracle/trace promotion.
V03F00771,V03C,458128b8afa2a9819ef659cf28e447844959c20f,92:E6F7:E0M1X1:C?:DBR??:C,RTS $0966F7,NOT_RUNTIME_TRAVERSED,RETURN,return target/status provenance deferred to V04C,V04C finite source proof or later machine semantics,PENDING_V04C,V03C-FLOW-001,OPEN,,Discovery frontier only; no oracle/trace promotion.
V03F00772,V03C,458128b8afa2a9819ef659cf28e447844959c20f,80:E989:E0M0X0:C?:DBR??:C,RTS $006989,NOT_RUNTIME_TRAVERSED,RETURN,return target/status provenance deferred to V04C,V04C finite source proof or later machine semantics,PENDING_V04C,V03C-FLOW-001,OPEN,,Discovery frontier only; no oracle/trace promotion.
V03F00773,V03C,458128b8afa2a9819ef659cf28e447844959c20f,80:A53B:E0M1X1:C?:DBR??:C,RTS $00253B,NOT_RUNTIME_TRAVERSED,RETURN,return target/status provenance deferred to V04C,V04C finite source proof or later machine semantics,PENDING_V04C,V03C-FLOW-001,OPEN,,Discovery frontier only; no oracle/trace promotion.
V03F00774,V03C,458128b8afa2a9819ef659cf28e447844959c20f,80:E872:E0M0X0:C?:DBR??:C,RTS $006872,NOT_RUNTIME_TRAVERSED,RETURN,return target/status provenance deferred to V04C,V04C finite source proof or later machine semantics,PENDING_V04C,V03C-FLOW-001,OPEN,,Discovery frontier only; no oracle/trace promotion.
V03F00775,V03C,458128b8afa2a9819ef659cf28e447844959c20f,81:8F6A:E0M1X1:C?:DBR??:C,RTS $008F6A,NOT_RUNTIME_TRAVERSED,RETURN,return target/status provenance deferred to V04C,V04C finite source proof or later machine semantics,PENDING_V04C,V03C-FLOW-001,OPEN,,Discovery frontier only; no oracle/trace promotion.
V03F00776,V03C,458128b8afa2a9819ef659cf28e447844959c20f,81:C5EF:E0M1X1:C?:DBR??:C,RTS $00C5EF,NOT_RUNTIME_TRAVERSED,RETURN,return target/status provenance deferred to V04C,V04C finite source proof or later machine semantics,PENDING_V04C,V03C-FLOW-001,OPEN,,Discovery frontier only; no oracle/trace promotion.
V03F00777,V03C,458128b8afa2a9819ef659cf28e447844959c20f,92:8BC9:E0M0X0:C?:DBR??:C,PLP $090BC9,NOT_RUNTIME_TRAVERSED,STATUS_WIDTH,native PLP restores M/X from stack; V03C does not prove stack status producers,V04C finite source proof or later machine semantics,PENDING_V04C,V03C-FLOW-001,OPEN,,Discovery frontier only; no oracle/trace promotion.
V03F00778,V03C,458128b8afa2a9819ef659cf28e447844959c20f,80:A537:E0M1X1:C?:DBR??:C,RTS $002537,NOT_RUNTIME_TRAVERSED,RETURN,return target/status provenance deferred to V04C,V04C finite source proof or later machine semantics,PENDING_V04C,V03C-FLOW-001,OPEN,,Discovery frontier only; no oracle/trace promotion.
V03F00779,V03C,458128b8afa2a9819ef659cf28e447844959c20f,80:F93D:E0M1X0:C?:DBR??:C,PLP $00793D,NOT_RUNTIME_TRAVERSED,STATUS_WIDTH,native PLP restores M/X from stack; V03C does not prove stack status producers,V04C finite source proof or later machine semantics,PENDING_V04C,V03C-FLOW-001,OPEN,,Discovery frontier only; no oracle/trace promotion.
V03F00780,V03C,458128b8afa2a9819ef659cf28e447844959c20f,92:A666:E0M0X0:C?:DBR??:C,RTS $092666,NOT_RUNTIME_TRAVERSED,RETURN,return target/status provenance deferred to V04C,V04C finite source proof or later machine semantics,PENDING_V04C,V03C-FLOW-001,OPEN,,Discovery frontier only; no oracle/trace promotion.
V03F00781,V03C,458128b8afa2a9819ef659cf28e447844959c20f,92:8BCA:E0M0X0:C?:DBR??:C,RTL $090BCA,NOT_RUNTIME_TRAVERSED,RETURN,return target/status provenance deferred to V04C,V04C finite source proof or later machine semantics,PENDING_V04C,V03C-FLOW-001,OPEN,,Discovery frontier only; no oracle/trace promotion.
V03F00782,V03C,458128b8afa2a9819ef659cf28e447844959c20f,92:8BCA:E0M0X1:C?:DBR??:C,RTL $090BCA,NOT_RUNTIME_TRAVERSED,RETURN,return target/status provenance deferred to V04C,V04C finite source proof or later machine semantics,PENDING_V04C,V03C-FLOW-001,OPEN,,Discovery frontier only; no oracle/trace promotion.
V03F00783,V03C,458128b8afa2a9819ef659cf28e447844959c20f,92:8BCA:E0M1X0:C?:DBR??:C,RTL $090BCA,NOT_RUNTIME_TRAVERSED,RETURN,return target/status provenance deferred to V04C,V04C finite source proof or later machine semantics,PENDING_V04C,V03C-FLOW-001,OPEN,,Discovery frontier only; no oracle/trace promotion.
V03F00784,V03C,458128b8afa2a9819ef659cf28e447844959c20f,92:8BCA:E0M1X1:C?:DBR??:C,RTL $090BCA,NOT_RUNTIME_TRAVERSED,RETURN,return target/status provenance deferred to V04C,V04C finite source proof or later machine semantics,PENDING_V04C,V03C-FLOW-001,OPEN,,Discovery frontier only; no oracle/trace promotion.
V03F00785,V03C,458128b8afa2a9819ef659cf28e447844959c20f,80:E067:E0M1X1:C?:DBR??:C,RTS $006067,NOT_RUNTIME_TRAVERSED,RETURN,return target/status provenance deferred to V04C,V04C finite source proof or later machine semantics,PENDING_V04C,V03C-FLOW-001,OPEN,,Discovery frontier only; no oracle/trace promotion.
V03F00786,V03C,458128b8afa2a9819ef659cf28e447844959c20f,81:C617:E0M1X1:C?:DBR??:C,RTS $00C617,NOT_RUNTIME_TRAVERSED,RETURN,return target/status provenance deferred to V04C,V04C finite source proof or later machine semantics,PENDING_V04C,V03C-FLOW-001,OPEN,,Discovery frontier only; no oracle/trace promotion.
V03F00787,V03C,458128b8afa2a9819ef659cf28e447844959c20f,92:A22D:E0M0X0:C?:DBR??:C,RTS $09222D,NOT_RUNTIME_TRAVERSED,RETURN,return target/status provenance deferred to V04C,V04C finite source proof or later machine semantics,PENDING_V04C,V03C-FLOW-001,OPEN,,Discovery frontier only; no oracle/trace promotion.
V03F00788,V03C,458128b8afa2a9819ef659cf28e447844959c20f,92:E6EC:E0M1X1:C?:DBR??:C,RTS $0966EC,NOT_RUNTIME_TRAVERSED,RETURN,return target/status provenance deferred to V04C,V04C finite source proof or later machine semantics,PENDING_V04C,V03C-FLOW-001,OPEN,,Discovery frontier only; no oracle/trace promotion.
V03F00789,V03C,458128b8afa2a9819ef659cf28e447844959c20f,80:B4CC:E0M1X1:C?:DBR??:C,RTS $0034CC,NOT_RUNTIME_TRAVERSED,RETURN,return target/status provenance deferred to V04C,V04C finite source proof or later machine semantics,PENDING_V04C,V03C-FLOW-001,OPEN,,Discovery frontier only; no oracle/trace promotion.
V03F00790,V03C,458128b8afa2a9819ef659cf28e447844959c20f,80:D41F:E0M1X1:C?:DBR??:C,RTS $00541F,NOT_RUNTIME_TRAVERSED,RETURN,return target/status provenance deferred to V04C,V04C finite source proof or later machine semantics,PENDING_V04C,V03C-FLOW-001,OPEN,,Discovery frontier only; no oracle/trace promotion.
V03F00791,V03C,458128b8afa2a9819ef659cf28e447844959c20f,92:A22A:E0M0X0:C?:DBR??:C,JMP/ABS_IND $09222A,NOT_RUNTIME_TRAVERSED,DYNAMIC_TARGET,indirect jump target set requires producer/consumer proof in V04C,V04C finite source proof or later machine semantics,PENDING_V04C,V03C-FLOW-001,OPEN,,Discovery frontier only; no oracle/trace promotion.
V03F00792,V03C,458128b8afa2a9819ef659cf28e447844959c20f,81:D805:E0M1X1:C?:DBR??:C,RTS $00D805,NOT_RUNTIME_TRAVERSED,RETURN,return target/status provenance deferred to V04C,V04C finite source proof or later machine semantics,PENDING_V04C,V03C-FLOW-001,OPEN,,Discovery frontier only; no oracle/trace promotion.
V03F00793,V03C,458128b8afa2a9819ef659cf28e447844959c20f,92:E60A:E0M1X1:C?:DBR??:C,RTL $09660A,NOT_RUNTIME_TRAVERSED,RETURN,return target/status provenance deferred to V04C,V04C finite source proof or later machine semantics,PENDING_V04C,V03C-FLOW-001,OPEN,,Discovery frontier only; no oracle/trace promotion.
V03F00794,V03C,458128b8afa2a9819ef659cf28e447844959c20f,80:B4FD:E0M1X1:C?:DBR??:C,RTS $0034FD,NOT_RUNTIME_TRAVERSED,RETURN,return target/status provenance deferred to V04C,V04C finite source proof or later machine semantics,PENDING_V04C,V03C-FLOW-001,OPEN,,Discovery frontier only; no oracle/trace promotion.
V03F00795,V03C,458128b8afa2a9819ef659cf28e447844959c20f,9F:FB77:E0M0X0:C?:DBR??:C,RTS $0FFB77,NOT_RUNTIME_TRAVERSED,RETURN,return target/status provenance deferred to V04C,V04C finite source proof or later machine semantics,PENDING_V04C,V03C-FLOW-001,OPEN,,Discovery frontier only; no oracle/trace promotion.
V03F00796,V03C,458128b8afa2a9819ef659cf28e447844959c20f,81:9016:E0M1X1:C?:DBR??:C,RTS $009016,NOT_RUNTIME_TRAVERSED,RETURN,return target/status provenance deferred to V04C,V04C finite source proof or later machine semantics,PENDING_V04C,V03C-FLOW-001,OPEN,,Discovery frontier only; no oracle/trace promotion.
V03F00797,V03C,458128b8afa2a9819ef659cf28e447844959c20f,80:EB56:E0M0X0:C?:DBR??:C,RTS $006B56,NOT_RUNTIME_TRAVERSED,RETURN,return target/status provenance deferred to V04C,V04C finite source proof or later machine semantics,PENDING_V04C,V03C-FLOW-001,OPEN,,Discovery frontier only; no oracle/trace promotion.
V03F00798,V03C,458128b8afa2a9819ef659cf28e447844959c20f,80:F37F:E0M0X0:C?:DBR??:C,RTS $00737F,NOT_RUNTIME_TRAVERSED,RETURN,return target/status provenance deferred to V04C,V04C finite source proof or later machine semantics,PENDING_V04C,V03C-FLOW-001,OPEN,,Discovery frontier only; no oracle/trace promotion.
V03F00799,V03C,458128b8afa2a9819ef659cf28e447844959c20f,92:E444:E0M1X1:C?:DBR??:C,RTL $096444,NOT_RUNTIME_TRAVERSED,RETURN,return target/status provenance deferred to V04C,V04C finite source proof or later machine semantics,PENDING_V04C,V03C-FLOW-001,OPEN,,Discovery frontier only; no oracle/trace promotion.
V03F00800,V03C,458128b8afa2a9819ef659cf28e447844959c20f,92:EFF0:E0M1X1:C?:DBR??:C,RTL $096FF0,NOT_RUNTIME_TRAVERSED,RETURN,return target/status provenance deferred to V04C,V04C finite source proof or later machine semantics,PENDING_V04C,V03C-FLOW-001,OPEN,,Discovery frontier only; no oracle/trace promotion.
V03F00801,V03C,458128b8afa2a9819ef659cf28e447844959c20f,92:A643:E0M0X0:C?:DBR??:C,JSR/ABS_X_IND $092643,NOT_RUNTIME_TRAVERSED,DYNAMIC_TARGET,indexed/indirect call target set deferred to V04C,V04C finite source proof or later machine semantics,PENDING_V04C,V03C-FLOW-001,OPEN,,Discovery frontier only; no oracle/trace promotion.
V03F00802,V03C,458128b8afa2a9819ef659cf28e447844959c20f,80:B65C:E0M1X1:C?:DBR??:C,RTS $00365C,NOT_RUNTIME_TRAVERSED,RETURN,return target/status provenance deferred to V04C,V04C finite source proof or later machine semantics,PENDING_V04C,V03C-FLOW-001,OPEN,,Discovery frontier only; no oracle/trace promotion.
V03F00803,V03C,458128b8afa2a9819ef659cf28e447844959c20f,80:EF0D:E0M0X0:C?:DBR??:C,RTS $006F0D,NOT_RUNTIME_TRAVERSED,RETURN,return target/status provenance deferred to V04C,V04C finite source proof or later machine semantics,PENDING_V04C,V03C-FLOW-001,OPEN,,Discovery frontier only; no oracle/trace promotion.
V03F00804,V03C,458128b8afa2a9819ef659cf28e447844959c20f,80:FDFC:E0M1X1:C?:DBR??:C,JSR/ABS_X_IND $007DFC,NOT_RUNTIME_TRAVERSED,DYNAMIC_TARGET,indexed/indirect call target set deferred to V04C,V04C finite source proof or later machine semantics,PENDING_V04C,V03C-FLOW-001,OPEN,,Discovery frontier only; no oracle/trace promotion.
V03F00805,V03C,458128b8afa2a9819ef659cf28e447844959c20f,80:F736:E0M0X0:C?:DBR??:C,RTS $007736,NOT_RUNTIME_TRAVERSED,RETURN,return target/status provenance deferred to V04C,V04C finite source proof or later machine semantics,PENDING_V04C,V03C-FLOW-001,OPEN,,Discovery frontier only; no oracle/trace promotion.
V03F00806,V03C,458128b8afa2a9819ef659cf28e447844959c20f,81:8EB4:E0M1X1:C?:DBR??:C,RTS $008EB4,NOT_RUNTIME_TRAVERSED,RETURN,return target/status provenance deferred to V04C,V04C finite source proof or later machine semantics,PENDING_V04C,V03C-FLOW-001,OPEN,,Discovery frontier only; no oracle/trace promotion.
V03F00807,V03C,458128b8afa2a9819ef659cf28e447844959c20f,80:E969:E0M0X0:C?:DBR??:C,RTS $006969,NOT_RUNTIME_TRAVERSED,RETURN,return target/status provenance deferred to V04C,V04C finite source proof or later machine semantics,PENDING_V04C,V03C-FLOW-001,OPEN,,Discovery frontier only; no oracle/trace promotion.
V03F00808,V03C,458128b8afa2a9819ef659cf28e447844959c20f,80:F293:E0M0X0:C?:DBR??:C,RTS $007293,NOT_RUNTIME_TRAVERSED,RETURN,return target/status provenance deferred to V04C,V04C finite source proof or later machine semantics,PENDING_V04C,V03C-FLOW-001,OPEN,,Discovery frontier only; no oracle/trace promotion.
V03F00809,V03C,458128b8afa2a9819ef659cf28e447844959c20f,9F:F8EB:E0M0X0:C?:DBR??:C,RTS $0FF8EB,NOT_RUNTIME_TRAVERSED,RETURN,return target/status provenance deferred to V04C,V04C finite source proof or later machine semantics,PENDING_V04C,V03C-FLOW-001,OPEN,,Discovery frontier only; no oracle/trace promotion.
V03F00810,V03C,458128b8afa2a9819ef659cf28e447844959c20f,80:E8DF:E0M0X0:C?:DBR??:C,RTS $0068DF,NOT_RUNTIME_TRAVERSED,RETURN,return target/status provenance deferred to V04C,V04C finite source proof or later machine semantics,PENDING_V04C,V03C-FLOW-001,OPEN,,Discovery frontier only; no oracle/trace promotion.
V03F00811,V03C,458128b8afa2a9819ef659cf28e447844959c20f,80:E962:E0M0X0:C?:DBR??:C,RTS $006962,NOT_RUNTIME_TRAVERSED,RETURN,return target/status provenance deferred to V04C,V04C finite source proof or later machine semantics,PENDING_V04C,V03C-FLOW-001,OPEN,,Discovery frontier only; no oracle/trace promotion.
V03F00812,V03C,458128b8afa2a9819ef659cf28e447844959c20f,80:EE21:E0M0X0:C?:DBR??:C,RTS $006E21,NOT_RUNTIME_TRAVERSED,RETURN,return target/status provenance deferred to V04C,V04C finite source proof or later machine semantics,PENDING_V04C,V03C-FLOW-001,OPEN,,Discovery frontier only; no oracle/trace promotion.
V03F00813,V03C,458128b8afa2a9819ef659cf28e447844959c20f,81:8F3E:E0M1X1:C?:DBR??:C,RTS $008F3E,NOT_RUNTIME_TRAVERSED,RETURN,return target/status provenance deferred to V04C,V04C finite source proof or later machine semantics,PENDING_V04C,V03C-FLOW-001,OPEN,,Discovery frontier only; no oracle/trace promotion.
V03F00814,V03C,458128b8afa2a9819ef659cf28e447844959c20f,80:EA09:E0M0X0:C?:DBR??:C,RTS $006A09,NOT_RUNTIME_TRAVERSED,RETURN,return target/status provenance deferred to V04C,V04C finite source proof or later machine semantics,PENDING_V04C,V03C-FLOW-001,OPEN,,Discovery frontier only; no oracle/trace promotion.
V03F00815,V03C,458128b8afa2a9819ef659cf28e447844959c20f,80:F28C:E0M0X0:C?:DBR??:C,RTS $00728C,NOT_RUNTIME_TRAVERSED,RETURN,return target/status provenance deferred to V04C,V04C finite source proof or later machine semantics,PENDING_V04C,V03C-FLOW-001,OPEN,,Discovery frontier only; no oracle/trace promotion.
V03F00816,V03C,458128b8afa2a9819ef659cf28e447844959c20f,80:F64A:E0M0X0:C?:DBR??:C,RTS $00764A,NOT_RUNTIME_TRAVERSED,RETURN,return target/status provenance deferred to V04C,V04C finite source proof or later machine semantics,PENDING_V04C,V03C-FLOW-001,OPEN,,Discovery frontier only; no oracle/trace promotion.
V03F00817,V03C,458128b8afa2a9819ef659cf28e447844959c20f,92:EEF8:E0M1X0:C?:DBR??:C,PLP $096EF8,NOT_RUNTIME_TRAVERSED,STATUS_WIDTH,native PLP restores M/X from stack; V03C does not prove stack status producers,V04C finite source proof or later machine semantics,PENDING_V04C,V03C-FLOW-001,OPEN,,Discovery frontier only; no oracle/trace promotion.
V03F00818,V03C,458128b8afa2a9819ef659cf28e447844959c20f,80:FE0E:E0M1X1:C?:DBR??:C,JSR/ABS_X_IND $007E0E,NOT_RUNTIME_TRAVERSED,DYNAMIC_TARGET,indexed/indirect call target set deferred to V04C,V04C finite source proof or later machine semantics,PENDING_V04C,V03C-FLOW-001,OPEN,,Discovery frontier only; no oracle/trace promotion.
V03F00819,V03C,458128b8afa2a9819ef659cf28e447844959c20f,80:EE1A:E0M0X0:C?:DBR??:C,RTS $006E1A,NOT_RUNTIME_TRAVERSED,RETURN,return target/status provenance deferred to V04C,V04C finite source proof or later machine semantics,PENDING_V04C,V03C-FLOW-001,OPEN,,Discovery frontier only; no oracle/trace promotion.
V03F00820,V03C,458128b8afa2a9819ef659cf28e447844959c20f,81:D0C2:E0M1X1:C?:DBR??:C,JSR/ABS_X_IND $00D0C2,NOT_RUNTIME_TRAVERSED,DYNAMIC_TARGET,indexed/indirect call target set deferred to V04C,V04C finite source proof or later machine semantics,PENDING_V04C,V03C-FLOW-001,OPEN,,Discovery frontier only; no oracle/trace promotion.
V03F00821,V03C,458128b8afa2a9819ef659cf28e447844959c20f,92:EEF9:E0M0X0:C?:DBR??:C,RTS $096EF9,NOT_RUNTIME_TRAVERSED,RETURN,return target/status provenance deferred to V04C,V04C finite source proof or later machine semantics,PENDING_V04C,V03C-FLOW-001,OPEN,,Discovery frontier only; no oracle/trace promotion.
V03F00822,V03C,458128b8afa2a9819ef659cf28e447844959c20f,92:EEF9:E0M0X1:C?:DBR??:C,RTS $096EF9,NOT_RUNTIME_TRAVERSED,RETURN,return target/status provenance deferred to V04C,V04C finite source proof or later machine semantics,PENDING_V04C,V03C-FLOW-001,OPEN,,Discovery frontier only; no oracle/trace promotion.
V03F00823,V03C,458128b8afa2a9819ef659cf28e447844959c20f,92:EEF9:E0M1X0:C?:DBR??:C,RTS $096EF9,NOT_RUNTIME_TRAVERSED,RETURN,return target/status provenance deferred to V04C,V04C finite source proof or later machine semantics,PENDING_V04C,V03C-FLOW-001,OPEN,,Discovery frontier only; no oracle/trace promotion.
V03F00824,V03C,458128b8afa2a9819ef659cf28e447844959c20f,92:EEF9:E0M1X1:C?:DBR??:C,RTS $096EF9,NOT_RUNTIME_TRAVERSED,RETURN,return target/status provenance deferred to V04C,V04C finite source proof or later machine semantics,PENDING_V04C,V03C-FLOW-001,OPEN,,Discovery frontier only; no oracle/trace promotion.
V03F00825,V03C,458128b8afa2a9819ef659cf28e447844959c20f,81:B6D1:E0M0X0:C1:DBR??:C,RTS $00B6D1,NOT_RUNTIME_TRAVERSED,RETURN,return target/status provenance deferred to V04C,V04C finite source proof or later machine semantics,PENDING_V04C,V03C-FLOW-001,OPEN,,Discovery frontier only; no oracle/trace promotion.
V03F00826,V03C,458128b8afa2a9819ef659cf28e447844959c20f,81:8FC2:E0M1X1:C?:DBR??:C,RTS $008FC2,NOT_RUNTIME_TRAVERSED,RETURN,return target/status provenance deferred to V04C,V04C finite source proof or later machine semantics,PENDING_V04C,V03C-FLOW-001,OPEN,,Discovery frontier only; no oracle/trace promotion.
V03F00827,V03C,458128b8afa2a9819ef659cf28e447844959c20f,80:BBE4:E0M1X1:C?:DBR??:C,RTS $003BE4,NOT_RUNTIME_TRAVERSED,RETURN,return target/status provenance deferred to V04C,V04C finite source proof or later machine semantics,PENDING_V04C,V03C-FLOW-001,OPEN,,Discovery frontier only; no oracle/trace promotion.
V03F00828,V03C,458128b8afa2a9819ef659cf28e447844959c20f,80:F643:E0M0X0:C?:DBR??:C,RTS $007643,NOT_RUNTIME_TRAVERSED,RETURN,return target/status provenance deferred to V04C,V04C finite source proof or later machine semantics,PENDING_V04C,V03C-FLOW-001,OPEN,,Discovery frontier only; no oracle/trace promotion.
V03F00829,V03C,458128b8afa2a9819ef659cf28e447844959c20f,80:B70B:E0M1X1:C?:DBR??:C,RTS $00370B,NOT_RUNTIME_TRAVERSED,RETURN,return target/status provenance deferred to V04C,V04C finite source proof or later machine semantics,PENDING_V04C,V03C-FLOW-001,OPEN,,Discovery frontier only; no oracle/trace promotion.
V03F00830,V03C,458128b8afa2a9819ef659cf28e447844959c20f,81:B6CF:E0M0X0:C0:DBR??:C,RTS $00B6CF,NOT_RUNTIME_TRAVERSED,RETURN,return target/status provenance deferred to V04C,V04C finite source proof or later machine semantics,PENDING_V04C,V03C-FLOW-001,OPEN,,Discovery frontier only; no oracle/trace promotion.
V03F00831,V03C,458128b8afa2a9819ef659cf28e447844959c20f,80:CD86:E0M1X1:C?:DBR??:C,RTL $004D86,NOT_RUNTIME_TRAVERSED,RETURN,return target/status provenance deferred to V04C,V04C finite source proof or later machine semantics,PENDING_V04C,V03C-FLOW-001,OPEN,,Discovery frontier only; no oracle/trace promotion.
V03F00832,V03C,458128b8afa2a9819ef659cf28e447844959c20f,81:C0FC:E0M0X0:C?:DBR??:C,RTS $00C0FC,NOT_RUNTIME_TRAVERSED,RETURN,return target/status provenance deferred to V04C,V04C finite source proof or later machine semantics,PENDING_V04C,V03C-FLOW-001,OPEN,,Discovery frontier only; no oracle/trace promotion.
V03F00833,V03C,458128b8afa2a9819ef659cf28e447844959c20f,81:8EDE:E0M1X1:C?:DBR??:C,RTS $008EDE,NOT_RUNTIME_TRAVERSED,RETURN,return target/status provenance deferred to V04C,V04C finite source proof or later machine semantics,PENDING_V04C,V03C-FLOW-001,OPEN,,Discovery frontier only; no oracle/trace promotion.
V03F00834,V03C,458128b8afa2a9819ef659cf28e447844959c20f,92:E6BB:E0M1X1:C?:DBR??:C,RTS $0966BB,NOT_RUNTIME_TRAVERSED,RETURN,return target/status provenance deferred to V04C,V04C finite source proof or later machine semantics,PENDING_V04C,V03C-FLOW-001,OPEN,,Discovery frontier only; no oracle/trace promotion.
V03F00835,V03C,458128b8afa2a9819ef659cf28e447844959c20f,80:B79D:E0M1X1:C?:DBR??:C,RTS $00379D,NOT_RUNTIME_TRAVERSED,RETURN,return target/status provenance deferred to V04C,V04C finite source proof or later machine semantics,PENDING_V04C,V03C-FLOW-001,OPEN,,Discovery frontier only; no oracle/trace promotion.
V03F00836,V03C,458128b8afa2a9819ef659cf28e447844959c20f,80:C5E7:E0M1X1:C?:DBR??:C,RTS $0045E7,NOT_RUNTIME_TRAVERSED,RETURN,return target/status provenance deferred to V04C,V04C finite source proof or later machine semantics,PENDING_V04C,V03C-FLOW-001,OPEN,,Discovery frontier only; no oracle/trace promotion.
V03F00837,V03C,458128b8afa2a9819ef659cf28e447844959c20f,80:B766:E0M1X1:C?:DBR??:C,RTS $003766,NOT_RUNTIME_TRAVERSED,RETURN,return target/status provenance deferred to V04C,V04C finite source proof or later machine semantics,PENDING_V04C,V03C-FLOW-001,OPEN,,Discovery frontier only; no oracle/trace promotion.
V03F00838,V03C,458128b8afa2a9819ef659cf28e447844959c20f,81:9F5B:E0M0X0:C?:DBR??:C,RTL $009F5B,NOT_RUNTIME_TRAVERSED,RETURN,return target/status provenance deferred to V04C,V04C finite source proof or later machine semantics,PENDING_V04C,V03C-FLOW-001,OPEN,,Discovery frontier only; no oracle/trace promotion.
V03F00839,V03C,458128b8afa2a9819ef659cf28e447844959c20f,80:9E60:E0M1X1:C?:DBR??:C,RTS $001E60,NOT_RUNTIME_TRAVERSED,RETURN,return target/status provenance deferred to V04C,V04C finite source proof or later machine semantics,PENDING_V04C,V03C-FLOW-001,OPEN,,Discovery frontier only; no oracle/trace promotion.
V03F00840,V03C,458128b8afa2a9819ef659cf28e447844959c20f,80:FEF2:E0M1X1:C?:DBR??:C,RTS $007EF2,NOT_RUNTIME_TRAVERSED,RETURN,return target/status provenance deferred to V04C,V04C finite source proof or later machine semantics,PENDING_V04C,V03C-FLOW-001,OPEN,,Discovery frontier only; no oracle/trace promotion.
V03F00841,V03C,458128b8afa2a9819ef659cf28e447844959c20f,81:D862:E0M1X1:C?:DBR??:C,RTS $00D862,NOT_RUNTIME_TRAVERSED,RETURN,return target/status provenance deferred to V04C,V04C finite source proof or later machine semantics,PENDING_V04C,V03C-FLOW-001,OPEN,,Discovery frontier only; no oracle/trace promotion.
V03F00842,V03C,458128b8afa2a9819ef659cf28e447844959c20f,81:C1AD:E0M0X0:C?:DBR??:C,RTS $00C1AD,NOT_RUNTIME_TRAVERSED,RETURN,return target/status provenance deferred to V04C,V04C finite source proof or later machine semantics,PENDING_V04C,V03C-FLOW-001,OPEN,,Discovery frontier only; no oracle/trace promotion.
V03F00843,V03C,458128b8afa2a9819ef659cf28e447844959c20f,80:B77A:E0M1X1:C?:DBR??:C,RTS $00377A,NOT_RUNTIME_TRAVERSED,RETURN,return target/status provenance deferred to V04C,V04C finite source proof or later machine semantics,PENDING_V04C,V03C-FLOW-001,OPEN,,Discovery frontier only; no oracle/trace promotion.
V03F00844,V03C,458128b8afa2a9819ef659cf28e447844959c20f,80:FF16:E0M1X1:C?:DBR??:C,RTS $007F16,NOT_RUNTIME_TRAVERSED,RETURN,return target/status provenance deferred to V04C,V04C finite source proof or later machine semantics,PENDING_V04C,V03C-FLOW-001,OPEN,,Discovery frontier only; no oracle/trace promotion.
V03F00845,V03C,458128b8afa2a9819ef659cf28e447844959c20f,9F:F007:E0M0X0:C?:DBR??:C,RTL $0FF007,NOT_RUNTIME_TRAVERSED,RETURN,return target/status provenance deferred to V04C,V04C finite source proof or later machine semantics,PENDING_V04C,V03C-FLOW-001,OPEN,,Discovery frontier only; no oracle/trace promotion.
V03F00846,V03C,458128b8afa2a9819ef659cf28e447844959c20f,81:8FFF:E0M1X1:C?:DBR??:C,RTS $008FFF,NOT_RUNTIME_TRAVERSED,RETURN,return target/status provenance deferred to V04C,V04C finite source proof or later machine semantics,PENDING_V04C,V03C-FLOW-001,OPEN,,Discovery frontier only; no oracle/trace promotion.
V03F00847,V03C,458128b8afa2a9819ef659cf28e447844959c20f,80:FF0F:E0M1X1:C?:DBR??:C,RTS $007F0F,NOT_RUNTIME_TRAVERSED,RETURN,return target/status provenance deferred to V04C,V04C finite source proof or later machine semantics,PENDING_V04C,V03C-FLOW-001,OPEN,,Discovery frontier only; no oracle/trace promotion.
V03F00848,V03C,458128b8afa2a9819ef659cf28e447844959c20f,9F:F011:E0M0X0:C?:DBR9F:C,RTS $0FF011,NOT_RUNTIME_TRAVERSED,RETURN,return target/status provenance deferred to V04C,V04C finite source proof or later machine semantics,PENDING_V04C,V03C-FLOW-001,OPEN,,Discovery frontier only; no oracle/trace promotion.
V03F00849,V03C,458128b8afa2a9819ef659cf28e447844959c20f,80:FEC1:E0M1X1:C?:DBR??:C,RTS $007EC1,NOT_RUNTIME_TRAVERSED,RETURN,return target/status provenance deferred to V04C,V04C finite source proof or later machine semantics,PENDING_V04C,V03C-FLOW-001,OPEN,,Discovery frontier only; no oracle/trace promotion.
V03F00850,V03C,458128b8afa2a9819ef659cf28e447844959c20f,80:FEFF:E0M1X1:C?:DBR??:C,RTS $007EFF,NOT_RUNTIME_TRAVERSED,RETURN,return target/status provenance deferred to V04C,V04C finite source proof or later machine semantics,PENDING_V04C,V03C-FLOW-001,OPEN,,Discovery frontier only; no oracle/trace promotion.
V03F00851,V03C,458128b8afa2a9819ef659cf28e447844959c20f,9F:F01B:E0M0X0:C?:DBR9F:C,JMP/ABS_X_IND $0FF01B,NOT_RUNTIME_TRAVERSED,DYNAMIC_TARGET,indirect jump target set requires producer/consumer proof in V04C,V04C finite source proof or later machine semantics,PENDING_V04C,V03C-FLOW-001,OPEN,,Discovery frontier only; no oracle/trace promotion.
V03F00852,V03C,458128b8afa2a9819ef659cf28e447844959c20f,81:B6AA:E0M0X0:C?:DBR??:C,RTS $00B6AA,NOT_RUNTIME_TRAVERSED,RETURN,return target/status provenance deferred to V04C,V04C finite source proof or later machine semantics,PENDING_V04C,V03C-FLOW-001,OPEN,,Discovery frontier only; no oracle/trace promotion.
V03F00853,V03C,458128b8afa2a9819ef659cf28e447844959c20f,80:C5E7:E0M1X1:C?:DBR80:C,RTS $0045E7,NOT_RUNTIME_TRAVERSED,RETURN,return target/status provenance deferred to V04C,V04C finite source proof or later machine semantics,PENDING_V04C,V03C-FLOW-001,OPEN,,Discovery frontier only; no oracle/trace promotion.
V03F00854,V03C,458128b8afa2a9819ef659cf28e447844959c20f,80:8ECA:E0M1X1:C?:DBR??:C,RTS $000ECA,NOT_RUNTIME_TRAVERSED,RETURN,return target/status provenance deferred to V04C,V04C finite source proof or later machine semantics,PENDING_V04C,V03C-FLOW-001,OPEN,,Discovery frontier only; no oracle/trace promotion.
V03F00855,V03C,458128b8afa2a9819ef659cf28e447844959c20f,80:EA6A:E0M0X0:C?:DBR??:C,RTS $006A6A,NOT_RUNTIME_TRAVERSED,RETURN,return target/status provenance deferred to V04C,V04C finite source proof or later machine semantics,PENDING_V04C,V03C-FLOW-001,OPEN,,Discovery frontier only; no oracle/trace promotion.
V03F00856,V03C,458128b8afa2a9819ef659cf28e447844959c20f,80:B7AF:E0M1X1:C?:DBR??:C,RTS $0037AF,NOT_RUNTIME_TRAVERSED,RETURN,return target/status provenance deferred to V04C,V04C finite source proof or later machine semantics,PENDING_V04C,V03C-FLOW-001,OPEN,,Discovery frontier only; no oracle/trace promotion.
V03F00857,V03C,458128b8afa2a9819ef659cf28e447844959c20f,80:9E4F:E0M1X1:C?:DBR??:C,RTS $001E4F,NOT_RUNTIME_TRAVERSED,RETURN,return target/status provenance deferred to V04C,V04C finite source proof or later machine semantics,PENDING_V04C,V03C-FLOW-001,OPEN,,Discovery frontier only; no oracle/trace promotion.
V03F00858,V03C,458128b8afa2a9819ef659cf28e447844959c20f,80:B7AA:E0M1X1:C?:DBR??:C,RTS $0037AA,NOT_RUNTIME_TRAVERSED,RETURN,return target/status provenance deferred to V04C,V04C finite source proof or later machine semantics,PENDING_V04C,V03C-FLOW-001,OPEN,,Discovery frontier only; no oracle/trace promotion.
V03F00859,V03C,458128b8afa2a9819ef659cf28e447844959c20f,80:B683:E0M1X1:C?:DBR??:C,RTS $003683,NOT_RUNTIME_TRAVERSED,RETURN,return target/status provenance deferred to V04C,V04C finite source proof or later machine semantics,PENDING_V04C,V03C-FLOW-001,OPEN,,Discovery frontier only; no oracle/trace promotion.
V03F00860,V03C,458128b8afa2a9819ef659cf28e447844959c20f,81:D106:E0M1X1:C?:DBR??:C,RTS $00D106,NOT_RUNTIME_TRAVERSED,RETURN,return target/status provenance deferred to V04C,V04C finite source proof or later machine semantics,PENDING_V04C,V03C-FLOW-001,OPEN,,Discovery frontier only; no oracle/trace promotion.
V03F00861,V03C,458128b8afa2a9819ef659cf28e447844959c20f,80:9072:E0M1X1:C?:DBR??:C,RTS $001072,NOT_RUNTIME_TRAVERSED,RETURN,return target/status provenance deferred to V04C,V04C finite source proof or later machine semantics,PENDING_V04C,V03C-FLOW-001,OPEN,,Discovery frontier only; no oracle/trace promotion.
V03F00862,V03C,458128b8afa2a9819ef659cf28e447844959c20f,80:B694:E0M1X1:C?:DBR??:C,RTS $003694,NOT_RUNTIME_TRAVERSED,RETURN,return target/status provenance deferred to V04C,V04C finite source proof or later machine semantics,PENDING_V04C,V03C-FLOW-001,OPEN,,Discovery frontier only; no oracle/trace promotion.
V03F00863,V03C,458128b8afa2a9819ef659cf28e447844959c20f,81:D6CA:E0M1X1:C?:DBR??:C,RTS $00D6CA,NOT_RUNTIME_TRAVERSED,RETURN,return target/status provenance deferred to V04C,V04C finite source proof or later machine semantics,PENDING_V04C,V03C-FLOW-001,OPEN,,Discovery frontier only; no oracle/trace promotion.
V03F00864,V03C,458128b8afa2a9819ef659cf28e447844959c20f,80:906E:E0M1X1:C?:DBR??:C,RTS $00106E,NOT_RUNTIME_TRAVERSED,RETURN,return target/status provenance deferred to V04C,V04C finite source proof or later machine semantics,PENDING_V04C,V03C-FLOW-001,OPEN,,Discovery frontier only; no oracle/trace promotion.
V03F00865,V03C,458128b8afa2a9819ef659cf28e447844959c20f,81:9F9C:E0M1X0:C?:DBR??:C,RTS $009F9C,NOT_RUNTIME_TRAVERSED,RETURN,return target/status provenance deferred to V04C,V04C finite source proof or later machine semantics,PENDING_V04C,V03C-FLOW-001,OPEN,,Discovery frontier only; no oracle/trace promotion.
V03F00866,V03C,458128b8afa2a9819ef659cf28e447844959c20f,9F:FA8C:E0M0X0:C?:DBR??:C,RTS $0FFA8C,NOT_RUNTIME_TRAVERSED,RETURN,return target/status provenance deferred to V04C,V04C finite source proof or later machine semantics,PENDING_V04C,V03C-FLOW-001,OPEN,,Discovery frontier only; no oracle/trace promotion.
V03F00867,V03C,458128b8afa2a9819ef659cf28e447844959c20f,80:D2FA:E0M1X1:C?:DBR??:C,RTS $0052FA,NOT_RUNTIME_TRAVERSED,RETURN,return target/status provenance deferred to V04C,V04C finite source proof or later machine semantics,PENDING_V04C,V03C-FLOW-001,OPEN,,Discovery frontier only; no oracle/trace promotion.
V03F00868,V03C,458128b8afa2a9819ef659cf28e447844959c20f,80:9364:E0M1X1:C?:DBR??:C,RTS $001364,NOT_RUNTIME_TRAVERSED,RETURN,return target/status provenance deferred to V04C,V04C finite source proof or later machine semantics,PENDING_V04C,V03C-FLOW-001,OPEN,,Discovery frontier only; no oracle/trace promotion.
V03F00869,V03C,458128b8afa2a9819ef659cf28e447844959c20f,80:9F06:E0M1X1:C?:DBR??:C,RTS $001F06,NOT_RUNTIME_TRAVERSED,RETURN,return target/status provenance deferred to V04C,V04C finite source proof or later machine semantics,PENDING_V04C,V03C-FLOW-001,OPEN,,Discovery frontier only; no oracle/trace promotion.
V03F00870,V03C,458128b8afa2a9819ef659cf28e447844959c20f,80:9D37:E0M1X1:C?:DBR??:C,RTS $001D37,NOT_RUNTIME_TRAVERSED,RETURN,return target/status provenance deferred to V04C,V04C finite source proof or later machine semantics,PENDING_V04C,V03C-FLOW-001,OPEN,,Discovery frontier only; no oracle/trace promotion.
V03F00871,V03C,458128b8afa2a9819ef659cf28e447844959c20f,80:9DE8:E0M1X1:C?:DBR??:C,RTS $001DE8,NOT_RUNTIME_TRAVERSED,RETURN,return target/status provenance deferred to V04C,V04C finite source proof or later machine semantics,PENDING_V04C,V03C-FLOW-001,OPEN,,Discovery frontier only; no oracle/trace promotion.
V03F00872,V03C,458128b8afa2a9819ef659cf28e447844959c20f,9F:F107:E0M0X0:C?:DBR9F:C,RTS $0FF107,NOT_RUNTIME_TRAVERSED,RETURN,return target/status provenance deferred to V04C,V04C finite source proof or later machine semantics,PENDING_V04C,V03C-FLOW-001,OPEN,,Discovery frontier only; no oracle/trace promotion.
V03F00873,V03C,458128b8afa2a9819ef659cf28e447844959c20f,9F:F0E6:E0M0X0:C?:DBR??:C,RTL $0FF0E6,NOT_RUNTIME_TRAVERSED,RETURN,return target/status provenance deferred to V04C,V04C finite source proof or later machine semantics,PENDING_V04C,V03C-FLOW-001,OPEN,,Discovery frontier only; no oracle/trace promotion.
V03F00874,V03C,458128b8afa2a9819ef659cf28e447844959c20f,80:8FED:E0M1X1:C?:DBR??:C,RTS $000FED,NOT_RUNTIME_TRAVERSED,RETURN,return target/status provenance deferred to V04C,V04C finite source proof or later machine semantics,PENDING_V04C,V03C-FLOW-001,OPEN,,Discovery frontier only; no oracle/trace promotion.
