Root_ID,Root_Type,Level,PBR,PC,E,M,X,Reason,Origins
V03R00001,VECTOR_SOURCE_PROVED,PROVED,00,8000,1,1,1,exact internal vector bytes,emulation_reset
V03R00002,VECTOR_SOURCE_PROVED,PROVED,00,81BB,1,1,1,exact internal vector bytes,emulation_abort;emulation_cop
V03R00003,VECTOR_SOURCE_PROVED,PROVED,00,8166,1,1,1,exact internal vector bytes,emulation_nmi
V03R00004,VECTOR_SOURCE_PROVED,PROVED,00,81FD,1,1,1,exact internal vector bytes,emulation_irq_brk
V03R00005,VECTOR_SOURCE_PROVED,PROVED,00,81BB,0,0,0,exact internal vector bytes,native_abort;native_brk;native_cop
V03R00006,VECTOR_SOURCE_PROVED,PROVED,00,81BB,0,0,1,exact internal vector bytes,native_abort;native_brk;native_cop
V03R00007,VECTOR_SOURCE_PROVED,PROVED,00,81BB,0,1,0,exact internal vector bytes,native_abort;native_brk;native_cop
V03R00008,VECTOR_SOURCE_PROVED,PROVED,00,81BB,0,1,1,exact internal vector bytes,native_abort;native_brk;native_cop
V03R00009,VECTOR_SOURCE_PROVED,PROVED,00,8166,0,0,0,exact internal vector bytes,native_nmi
V03R00010,VECTOR_SOURCE_PROVED,PROVED,00,8166,0,0,1,exact internal vector bytes,native_nmi
V03R00011,VECTOR_SOURCE_PROVED,PROVED,00,8166,0,1,0,exact internal vector bytes,native_nmi
V03R00012,VECTOR_SOURCE_PROVED,PROVED,00,8166,0,1,1,exact internal vector bytes,native_nmi
V03R00013,VECTOR_SOURCE_PROVED,PROVED,00,81FD,0,0,0,exact internal vector bytes,native_irq
V03R00014,VECTOR_SOURCE_PROVED,PROVED,00,81FD,0,0,1,exact internal vector bytes,native_irq
V03R00015,VECTOR_SOURCE_PROVED,PROVED,00,81FD,0,1,0,exact internal vector bytes,native_irq
V03R00016,VECTOR_SOURCE_PROVED,PROVED,00,81FD,0,1,1,exact internal vector bytes,native_irq
V03R00017,RETURN_CONTINUATION_CANDIDATE,CANDIDATE,80,8184,1,1,1,call fallthrough requires return proof,V03C000118
V03R00018,RETURN_CONTINUATION_CANDIDATE,CANDIDATE,80,8184,0,1,1,call fallthrough requires return proof,V03C000121
V03R00019,RETURN_CONTINUATION_CANDIDATE,CANDIDATE,80,8187,1,1,1,call fallthrough requires return proof,V03C000126
V03R00020,RETURN_CONTINUATION_CANDIDATE,CANDIDATE,80,8187,0,1,1,call fallthrough requires return proof,V03C000130
V03R00021,RETURN_CONTINUATION_CANDIDATE,CANDIDATE,80,818A,1,1,1,call fallthrough requires return proof,V03C000136
V03R00022,RETURN_CONTINUATION_CANDIDATE,CANDIDATE,80,821D,1,1,1,call fallthrough requires return proof,V03C000138;V03C000357
V03R00023,RETURN_CONTINUATION_CANDIDATE,CANDIDATE,80,818A,0,1,1,call fallthrough requires return proof,V03C000141
V03R00024,RETURN_CONTINUATION_CANDIDATE,CANDIDATE,80,821D,0,1,1,call fallthrough requires return proof,V03C000143
V03R00025,WIDTH_CANDIDATE,CANDIDATE,80,8227,0,0,0,native PLP status unknown,V03C000192;V03C000216
V03R00026,WIDTH_CANDIDATE,CANDIDATE,80,8227,0,0,1,native PLP status unknown,V03C000192;V03C000216
V03R00027,WIDTH_CANDIDATE,CANDIDATE,80,8227,0,1,0,native PLP status unknown,V03C000192;V03C000216
V03R00028,WIDTH_CANDIDATE,CANDIDATE,80,8227,0,1,1,native PLP status unknown,V03C000192;V03C000216
V03R00029,RETURN_CONTINUATION_CANDIDATE,CANDIDATE,80,FC27,1,1,1,call fallthrough requires return proof,V03C000210
V03R00030,RETURN_CONTINUATION_CANDIDATE,CANDIDATE,80,FC27,0,1,1,call fallthrough requires return proof,V03C000214
V03R00031,WIDTH_CANDIDATE,CANDIDATE,80,DCBE,0,0,0,native PLP status unknown,V03C000222
V03R00032,WIDTH_CANDIDATE,CANDIDATE,80,DCBE,0,0,1,native PLP status unknown,V03C000222
V03R00033,WIDTH_CANDIDATE,CANDIDATE,80,DCBE,0,1,0,native PLP status unknown,V03C000222
V03R00034,WIDTH_CANDIDATE,CANDIDATE,80,DCBE,0,1,1,native PLP status unknown,V03C000222
V03R00035,WIDTH_CANDIDATE,CANDIDATE,80,FC28,0,0,0,native PLP status unknown,V03C000224
V03R00036,WIDTH_CANDIDATE,CANDIDATE,80,FC28,0,0,1,native PLP status unknown,V03C000224
V03R00037,WIDTH_CANDIDATE,CANDIDATE,80,FC28,0,1,0,native PLP status unknown,V03C000224
V03R00038,WIDTH_CANDIDATE,CANDIDATE,80,FC28,0,1,1,native PLP status unknown,V03C000224
V03R00039,RETURN_CONTINUATION_CANDIDATE,CANDIDATE,80,803C,0,1,1,call fallthrough requires return proof,V03C000226;V03C013116
V03R00040,RETURN_CONTINUATION_CANDIDATE,CANDIDATE,80,8040,0,1,1,call fallthrough requires return proof,V03C000239
V03R00041,RETURN_CONTINUATION_CANDIDATE,CANDIDATE,80,8043,0,1,1,call fallthrough requires return proof,V03C000244
V03R00042,RETURN_CONTINUATION_CANDIDATE,CANDIDATE,80,8047,0,1,1,call fallthrough requires return proof,V03C000250
V03R00043,RETURN_CONTINUATION_CANDIDATE,CANDIDATE,80,804A,0,1,1,call fallthrough requires return proof,V03C000257
V03R00044,RETURN_CONTINUATION_CANDIDATE,CANDIDATE,80,F8DE,0,1,1,call fallthrough requires return proof,V03C000264
V03R00045,RETURN_CONTINUATION_CANDIDATE,CANDIDATE,80,804D,0,1,1,call fallthrough requires return proof,V03C000265
V03R00046,RETURN_CONTINUATION_CANDIDATE,CANDIDATE,80,F8E3,0,1,1,call fallthrough requires return proof,V03C000283
V03R00047,RETURN_CONTINUATION_CANDIDATE,CANDIDATE,80,8119,0,1,1,call fallthrough requires return proof,V03C000284
V03R00048,RETURN_CONTINUATION_CANDIDATE,CANDIDATE,80,F8E8,0,1,1,call fallthrough requires return proof,V03C000306
V03R00049,RETURN_CONTINUATION_CANDIDATE,CANDIDATE,80,8058,0,1,1,call fallthrough requires return proof,V03C000309
V03R00050,RETURN_CONTINUATION_CANDIDATE,CANDIDATE,80,F981,0,1,1,call fallthrough requires return proof,V03C000320
V03R00051,RETURN_CONTINUATION_CANDIDATE,CANDIDATE,80,F8ED,0,1,1,call fallthrough requires return proof,V03C000333
V03R00052,WIDTH_CANDIDATE,CANDIDATE,80,FB3D,0,0,0,native PLP status unknown,V03C000347
V03R00053,WIDTH_CANDIDATE,CANDIDATE,80,FB3D,0,0,1,native PLP status unknown,V03C000347
V03R00054,WIDTH_CANDIDATE,CANDIDATE,80,FB3D,0,1,0,native PLP status unknown,V03C000347
V03R00055,WIDTH_CANDIDATE,CANDIDATE,80,FB3D,0,1,1,native PLP status unknown,V03C000347
V03R00056,RETURN_CONTINUATION_CANDIDATE,CANDIDATE,80,F8F2,0,1,1,call fallthrough requires return proof,V03C000369
V03R00057,RETURN_CONTINUATION_CANDIDATE,CANDIDATE,81,AC46,0,1,1,call fallthrough requires return proof,V03C000372
V03R00058,RETURN_CONTINUATION_CANDIDATE,CANDIDATE,80,8074,0,1,1,call fallthrough requires return proof,V03C000373
V03R00059,RETURN_CONTINUATION_CANDIDATE,CANDIDATE,80,8063,0,1,1,call fallthrough requires return proof,V03C000374
V03R00060,RETURN_CONTINUATION_CANDIDATE,CANDIDATE,80,812C,0,1,1,call fallthrough requires return proof,V03C000385
V03R00061,RETURN_CONTINUATION_CANDIDATE,CANDIDATE,80,8066,0,1,1,call fallthrough requires return proof,V03C000390
V03R00062,RETURN_CONTINUATION_CANDIDATE,CANDIDATE,80,812F,0,1,1,call fallthrough requires return proof,V03C000402
V03R00063,RETURN_CONTINUATION_CANDIDATE,CANDIDATE,81,AC4C,0,1,1,call fallthrough requires return proof,V03C000403
V03R00064,RETURN_CONTINUATION_CANDIDATE,CANDIDATE,80,807A,0,1,1,call fallthrough requires return proof,V03C000406
V03R00065,RETURN_CONTINUATION_CANDIDATE,CANDIDATE,80,8069,0,1,1,call fallthrough requires return proof,V03C000407
V03R00066,RETURN_CONTINUATION_CANDIDATE,CANDIDATE,80,FA48,0,1,0,call fallthrough requires return proof,V03C000414
V03R00067,RETURN_CONTINUATION_CANDIDATE,CANDIDATE,81,AC4F,0,1,1,call fallthrough requires return proof,V03C000421
V03R00068,RETURN_CONTINUATION_CANDIDATE,CANDIDATE,80,806C,0,1,1,call fallthrough requires return proof,V03C000425
V03R00069,RETURN_CONTINUATION_CANDIDATE,CANDIDATE,80,8080,0,1,1,call fallthrough requires return proof,V03C000440
V03R00070,RETURN_CONTINUATION_CANDIDATE,CANDIDATE,80,8083,0,1,1,call fallthrough requires return proof,V03C000456
V03R00071,RETURN_CONTINUATION_CANDIDATE,CANDIDATE,80,80E0,0,1,1,call fallthrough requires return proof,V03C000457
V03R00072,RETURN_CONTINUATION_CANDIDATE,CANDIDATE,80,F910,0,1,1,call fallthrough requires return proof,V03C000466
V03R00073,RETURN_CONTINUATION_CANDIDATE,CANDIDATE,80,8086,0,1,1,call fallthrough requires return proof,V03C000473
V03R00074,WIDTH_CANDIDATE,CANDIDATE,80,F997,0,0,0,native PLP status unknown,V03C000498
V03R00075,WIDTH_CANDIDATE,CANDIDATE,80,F997,0,0,1,native PLP status unknown,V03C000498
V03R00076,WIDTH_CANDIDATE,CANDIDATE,80,F997,0,1,0,native PLP status unknown,V03C000498
V03R00077,WIDTH_CANDIDATE,CANDIDATE,80,F997,0,1,1,native PLP status unknown,V03C000498
V03R00078,RETURN_CONTINUATION_CANDIDATE,CANDIDATE,80,F994,0,0,1,call fallthrough requires return proof,V03C000499
V03R00079,RETURN_CONTINUATION_CANDIDATE,CANDIDATE,80,F918,0,1,1,call fallthrough requires return proof,V03C000514
V03R00080,RETURN_CONTINUATION_CANDIDATE,CANDIDATE,80,808F,0,1,1,call fallthrough requires return proof,V03C000528
V03R00081,RETURN_CONTINUATION_CANDIDATE,CANDIDATE,80,FA58,0,0,0,call fallthrough requires return proof,V03C000533
V03R00082,RETURN_CONTINUATION_CANDIDATE,CANDIDATE,81,ACE9,0,1,1,call fallthrough requires return proof,V03C000542
V03R00083,RETURN_CONTINUATION_CANDIDATE,CANDIDATE,80,FA5B,0,0,0,call fallthrough requires return proof,V03C000551
V03R00084,RETURN_CONTINUATION_CANDIDATE,CANDIDATE,81,ACEC,0,1,1,call fallthrough requires return proof,V03C000562
V03R00085,RETURN_CONTINUATION_CANDIDATE,CANDIDATE,81,AC77,0,0,0,call fallthrough requires return proof,V03C000577
V03R00086,RETURN_CONTINUATION_CANDIDATE,CANDIDATE,81,AC6B,0,0,0,call fallthrough requires return proof,V03C000578
V03R00087,RETURN_CONTINUATION_CANDIDATE,CANDIDATE,81,AC9F,0,1,1,call fallthrough requires return proof,V03C000600
V03R00088,RETURN_CONTINUATION_CANDIDATE,CANDIDATE,81,ACF1,0,1,1,call fallthrough requires return proof,V03C000604
V03R00089,WIDTH_CANDIDATE,CANDIDATE,80,F9F1,0,0,0,native PLP status unknown,V03C000614
V03R00090,WIDTH_CANDIDATE,CANDIDATE,80,F9F1,0,0,1,native PLP status unknown,V03C000614
V03R00091,WIDTH_CANDIDATE,CANDIDATE,80,F9F1,0,1,0,native PLP status unknown,V03C000614
V03R00092,WIDTH_CANDIDATE,CANDIDATE,80,F9F1,0,1,1,native PLP status unknown,V03C000614
V03R00093,RETURN_CONTINUATION_CANDIDATE,CANDIDATE,81,9D61,0,0,0,call fallthrough requires return proof,V03C000617;V03C002791
V03R00094,RETURN_CONTINUATION_CANDIDATE,CANDIDATE,81,A55A,0,1,1,call fallthrough requires return proof,V03C000621
V03R00095,RETURN_CONTINUATION_CANDIDATE,CANDIDATE,81,ACF4,0,1,1,call fallthrough requires return proof,V03C000627
V03R00096,WIDTH_CANDIDATE,CANDIDATE,80,FB2E,0,0,0,native PLP status unknown,V03C000635;V03C000762
V03R00097,WIDTH_CANDIDATE,CANDIDATE,80,FB2E,0,0,1,native PLP status unknown,V03C000635;V03C000762
V03R00098,WIDTH_CANDIDATE,CANDIDATE,80,FB2E,0,1,0,native PLP status unknown,V03C000635;V03C000762
V03R00099,WIDTH_CANDIDATE,CANDIDATE,80,FB2E,0,1,1,native PLP status unknown,V03C000635;V03C000762
V03R00100,RETURN_CONTINUATION_CANDIDATE,CANDIDATE,81,A55D,0,1,1,call fallthrough requires return proof,V03C000650
V03R00101,WIDTH_CANDIDATE,CANDIDATE,80,FB1C,0,0,0,native PLP status unknown,V03C000664;V03C011929
V03R00102,WIDTH_CANDIDATE,CANDIDATE,80,FB1C,0,0,1,native PLP status unknown,V03C000664;V03C011929
V03R00103,WIDTH_CANDIDATE,CANDIDATE,80,FB1C,0,1,0,native PLP status unknown,V03C000664;V03C011929
V03R00104,WIDTH_CANDIDATE,CANDIDATE,80,FB1C,0,1,1,native PLP status unknown,V03C000664;V03C011929
V03R00105,RETURN_CONTINUATION_CANDIDATE,CANDIDATE,80,FA67,0,1,0,call fallthrough requires return proof,V03C000671
V03R00106,RETURN_CONTINUATION_CANDIDATE,CANDIDATE,81,AC83,0,0,0,call fallthrough requires return proof,V03C000678
V03R00107,RETURN_CONTINUATION_CANDIDATE,CANDIDATE,81,AF43,0,1,1,call fallthrough requires return proof,V03C000685
V03R00108,RETURN_CONTINUATION_CANDIDATE,CANDIDATE,81,AD08,0,1,1,call fallthrough requires return proof,V03C000726
V03R00109,RETURN_CONTINUATION_CANDIDATE,CANDIDATE,81,ACFB,0,1,1,call fallthrough requires return proof,V03C000727
V03R00110,RETURN_CONTINUATION_CANDIDATE,CANDIDATE,80,83A1,0,0,0,call fallthrough requires return proof,V03C000740
V03R00111,RETURN_CONTINUATION_CANDIDATE,CANDIDATE,81,AD38,0,0,0,call fallthrough requires return proof,V03C000743
V03R00112,RETURN_CONTINUATION_CANDIDATE,CANDIDATE,81,AC88,0,1,1,call fallthrough requires return proof,V03C000744
V03R00113,RETURN_CONTINUATION_CANDIDATE,CANDIDATE,81,ACAE,0,1,1,call fallthrough requires return proof,V03C000748
V03R00114,RETURN_CONTINUATION_CANDIDATE,CANDIDATE,81,ACFE,0,1,1,call fallthrough requires return proof,V03C000756
V03R00115,RETURN_CONTINUATION_CANDIDATE,CANDIDATE,80,FA6F,0,1,0,call fallthrough requires return proof,V03C000763
V03R00116,RETURN_CONTINUATION_CANDIDATE,CANDIDATE,81,A569,0,0,0,call fallthrough requires return proof,V03C000776
V03R00117,RETURN_CONTINUATION_CANDIDATE,CANDIDATE,80,80B7,0,1,1,call fallthrough requires return proof,V03C000785
V03R00118,WIDTH_CANDIDATE,CANDIDATE,80,FA36,0,0,0,native PLP status unknown,V03C000793
V03R00119,WIDTH_CANDIDATE,CANDIDATE,80,FA36,0,0,1,native PLP status unknown,V03C000793
V03R00120,WIDTH_CANDIDATE,CANDIDATE,80,FA36,0,1,0,native PLP status unknown,V03C000793
V03R00121,WIDTH_CANDIDATE,CANDIDATE,80,FA36,0,1,1,native PLP status unknown,V03C000793
V03R00122,RETURN_CONTINUATION_CANDIDATE,CANDIDATE,80,83A7,0,0,0,call fallthrough requires return proof,V03C000795;V03C001609
V03R00123,RETURN_CONTINUATION_CANDIDATE,CANDIDATE,81,F458,0,1,1,call fallthrough requires return proof,V03C000801
V03R00124,WIDTH_CANDIDATE,CANDIDATE,81,9DA7,0,0,0,native PLP status unknown,V03C000812;V03C006866
V03R00125,WIDTH_CANDIDATE,CANDIDATE,81,9DA7,0,0,1,native PLP status unknown,V03C000812;V03C006866
V03R00126,WIDTH_CANDIDATE,CANDIDATE,81,9DA7,0,1,0,native PLP status unknown,V03C000812;V03C006866
V03R00127,WIDTH_CANDIDATE,CANDIDATE,81,9DA7,0,1,1,native PLP status unknown,V03C000812;V03C006866
V03R00128,WIDTH_CANDIDATE,CANDIDATE,81,9DA4,0,0,0,native PLP status unknown,V03C000813;V03C006867
V03R00129,WIDTH_CANDIDATE,CANDIDATE,81,9DA4,0,0,1,native PLP status unknown,V03C000813;V03C006867
V03R00130,WIDTH_CANDIDATE,CANDIDATE,81,9DA4,0,1,0,native PLP status unknown,V03C000813;V03C006867
V03R00131,WIDTH_CANDIDATE,CANDIDATE,81,9DA4,0,1,1,native PLP status unknown,V03C000813;V03C006867
V03R00132,RETURN_CONTINUATION_CANDIDATE,CANDIDATE,81,AD03,0,1,1,call fallthrough requires return proof,V03C000815
V03R00133,RETURN_CONTINUATION_CANDIDATE,CANDIDATE,80,80BA,0,1,1,call fallthrough requires return proof,V03C000817
V03R00134,WIDTH_CANDIDATE,CANDIDATE,80,F9EA,0,0,0,native PLP status unknown,V03C000823
V03R00135,WIDTH_CANDIDATE,CANDIDATE,80,F9EA,0,0,1,native PLP status unknown,V03C000823
V03R00136,WIDTH_CANDIDATE,CANDIDATE,80,F9EA,0,1,0,native PLP status unknown,V03C000823
V03R00137,WIDTH_CANDIDATE,CANDIDATE,80,F9EA,0,1,1,native PLP status unknown,V03C000823
V03R00138,RETURN_CONTINUATION_CANDIDATE,CANDIDATE,81,9D78,0,0,0,call fallthrough requires return proof,V03C000832;V03C010200
V03R00139,RETURN_CONTINUATION_CANDIDATE,CANDIDATE,81,F45B,0,1,1,call fallthrough requires return proof,V03C000837
V03R00140,RETURN_CONTINUATION_CANDIDATE,CANDIDATE,81,ACB6,0,1,1,call fallthrough requires return proof,V03C000843
V03R00141,RETURN_CONTINUATION_CANDIDATE,CANDIDATE,80,80BE,0,1,1,call fallthrough requires return proof,V03C000860
V03R00142,RETURN_CONTINUATION_CANDIDATE,CANDIDATE,80,810A,0,1,1,call fallthrough requires return proof,V03C000861
V03R00143,RETURN_CONTINUATION_CANDIDATE,CANDIDATE,81,A573,0,0,0,call fallthrough requires return proof,V03C000887
V03R00144,RETURN_CONTINUATION_CANDIDATE,CANDIDATE,81,ACCA,0,1,1,call fallthrough requires return proof,V03C000888
V03R00145,RETURN_CONTINUATION_CANDIDATE,CANDIDATE,80,80C1,0,1,1,call fallthrough requires return proof,V03C000907
V03R00146,RETURN_CONTINUATION_CANDIDATE,CANDIDATE,80,810D,0,1,1,call fallthrough requires return proof,V03C000908
V03R00147,RETURN_CONTINUATION_CANDIDATE,CANDIDATE,81,9D7D,0,0,0,call fallthrough requires return proof,V03C000917
V03R00148,RETURN_CONTINUATION_CANDIDATE,CANDIDATE,81,F460,0,1,1,call fallthrough requires return proof,V03C000922
V03R00149,RETURN_CONTINUATION_CANDIDATE,CANDIDATE,81,BA3B,0,1,1,call fallthrough requires return proof,V03C000930
V03R00150,RETURN_CONTINUATION_CANDIDATE,CANDIDATE,81,AEA0,0,1,1,call fallthrough requires return proof,V03C000931
V03R00151,RETURN_CONTINUATION_CANDIDATE,CANDIDATE,81,B6D8,0,1,1,call fallthrough requires return proof,V03C000935
V03R00152,RETURN_CONTINUATION_CANDIDATE,CANDIDATE,80,80C4,0,1,1,call fallthrough requires return proof,V03C000939
V03R00153,RETURN_CONTINUATION_CANDIDATE,CANDIDATE,80,8110,0,1,1,call fallthrough requires return proof,V03C000940
V03R00154,RETURN_CONTINUATION_CANDIDATE,CANDIDATE,80,FA79,0,1,0,call fallthrough requires return proof,V03C000943
V03R00155,RETURN_CONTINUATION_CANDIDATE,CANDIDATE,81,AD49,0,0,0,call fallthrough requires return proof,V03C000950
V03R00156,RETURN_CONTINUATION_CANDIDATE,CANDIDATE,80,A41B,0,1,1,call fallthrough requires return proof,V03C000952
V03R00157,RETURN_CONTINUATION_CANDIDATE,CANDIDATE,81,ACCF,0,1,1,call fallthrough requires return proof,V03C000958
V03R00158,RETURN_CONTINUATION_CANDIDATE,CANDIDATE,81,AEA3,0,1,1,call fallthrough requires return proof,V03C000962
V03R00159,RETURN_CONTINUATION_CANDIDATE,CANDIDATE,81,AF57,0,1,1,call fallthrough requires return proof,V03C000963
V03R00160,RETURN_CONTINUATION_CANDIDATE,CANDIDATE,80,8113,0,1,1,call fallthrough requires return proof,V03C000972
V03R00161,RETURN_CONTINUATION_CANDIDATE,CANDIDATE,81,AD4C,0,0,0,call fallthrough requires return proof,V03C000982
V03R00162,RETURN_CONTINUATION_CANDIDATE,CANDIDATE,81,ACD2,0,1,1,call fallthrough requires return proof,V03C000992
V03R00163,RETURN_CONTINUATION_CANDIDATE,CANDIDATE,81,F8AD,0,1,1,call fallthrough requires return proof,V03C001004
V03R00164,RETURN_CONTINUATION_CANDIDATE,CANDIDATE,81,9D85,0,0,0,call fallthrough requires return proof,V03C001014
V03R00165,RETURN_CONTINUATION_CANDIDATE,CANDIDATE,80,82FD,0,0,0,call fallthrough requires return proof,V03C001023
V03R00166,RETURN_CONTINUATION_CANDIDATE,CANDIDATE,81,8C70,0,1,1,call fallthrough requires return proof,V03C001026
V03R00167,RETURN_CONTINUATION_CANDIDATE,CANDIDATE,81,F8B2,0,1,1,call fallthrough requires return proof,V03C001037
V03R00168,RETURN_CONTINUATION_CANDIDATE,CANDIDATE,80,F925,0,1,1,call fallthrough requires return proof,V03C001039
V03R00169,RETURN_CONTINUATION_CANDIDATE,CANDIDATE,81,A584,0,0,0,call fallthrough requires return proof,V03C001057
V03R00170,RETURN_CONTINUATION_CANDIDATE,CANDIDATE,81,AD66,0,1,1,call fallthrough requires return proof,V03C001081
V03R00171,RETURN_CONTINUATION_CANDIDATE,CANDIDATE,80,8304,0,0,0,call fallthrough requires return proof,V03C001089;V03C002259
V03R00172,RETURN_CONTINUATION_CANDIDATE,CANDIDATE,81,A587,0,0,0,call fallthrough requires return proof,V03C001092
V03R00173,RETURN_CONTINUATION_CANDIDATE,CANDIDATE,81,F8B7,0,1,1,call fallthrough requires return proof,V03C001105
V03R00174,RETURN_CONTINUATION_CANDIDATE,CANDIDATE,81,AD69,0,1,1,call fallthrough requires return proof,V03C001115
V03R00175,RETURN_CONTINUATION_CANDIDATE,CANDIDATE,81,DF96,0,0,0,call fallthrough requires return proof,V03C001119
V03R00176,RETURN_CONTINUATION_CANDIDATE,CANDIDATE,81,BE7B,0,0,0,call fallthrough requires return proof,V03C001130
V03R00177,RETURN_CONTINUATION_CANDIDATE,CANDIDATE,81,ACDC,0,1,1,call fallthrough requires return proof,V03C001131
V03R00178,RETURN_CONTINUATION_CANDIDATE,CANDIDATE,81,B6E8,0,0,0,call fallthrough requires return proof,V03C001138
V03R00179,RETURN_CONTINUATION_CANDIDATE,CANDIDATE,80,B97E,0,1,1,call fallthrough requires return proof,V03C001139;V03C012324
V03R00180,RETURN_CONTINUATION_CANDIDATE,CANDIDATE,81,F8BA,0,1,1,call fallthrough requires return proof,V03C001141
V03R00181,RETURN_CONTINUATION_CANDIDATE,CANDIDATE,80,80D8,0,1,1,call fallthrough requires return proof,V03C001142
V03R00182,RETURN_CONTINUATION_CANDIDATE,CANDIDATE,81,9D92,0,1,1,call fallthrough requires return proof,V03C001150
V03R00183,RETURN_CONTINUATION_CANDIDATE,CANDIDATE,81,AD6D,0,1,1,call fallthrough requires return proof,V03C001153
V03R00184,RETURN_CONTINUATION_CANDIDATE,CANDIDATE,81,A76B,0,0,0,call fallthrough requires return proof,V03C001163
V03R00185,RETURN_CONTINUATION_CANDIDATE,CANDIDATE,81,BE7E,0,0,0,call fallthrough requires return proof,V03C001168
V03R00186,RETURN_CONTINUATION_CANDIDATE,CANDIDATE,81,B6EC,0,0,0,call fallthrough requires return proof,V03C001177
V03R00187,RETURN_CONTINUATION_CANDIDATE,CANDIDATE,80,B981,0,1,1,call fallthrough requires return proof,V03C001179
V03R00188,RETURN_CONTINUATION_CANDIDATE,CANDIDATE,81,F8BD,0,1,1,call fallthrough requires return proof,V03C001182
V03R00189,RETURN_CONTINUATION_CANDIDATE,CANDIDATE,80,FA8B,0,1,0,call fallthrough requires return proof,V03C001187
V03R00190,RETURN_CONTINUATION_CANDIDATE,CANDIDATE,81,9D96,0,1,1,call fallthrough requires return proof,V03C001193
V03R00191,RETURN_CONTINUATION_CANDIDATE,CANDIDATE,80,8361,0,0,0,call fallthrough requires return proof,V03C001205
V03R00192,RETURN_CONTINUATION_CANDIDATE,CANDIDATE,81,ACE1,0,1,1,call fallthrough requires return proof,V03C001214
V03R00193,RETURN_CONTINUATION_CANDIDATE,CANDIDATE,81,BA4F,0,1,1,call fallthrough requires return proof,V03C001215
V03R00194,RETURN_CONTINUATION_CANDIDATE,CANDIDATE,81,AF7A,0,0,0,call fallthrough requires return proof,V03C001218
V03R00195,RETURN_CONTINUATION_CANDIDATE,CANDIDATE,80,B984,0,1,1,call fallthrough requires return proof,V03C001226
V03R00196,RETURN_CONTINUATION_CANDIDATE,CANDIDATE,81,FD14,0,1,1,call fallthrough requires return proof,V03C001228
V03R00197,RETURN_CONTINUATION_CANDIDATE,CANDIDATE,80,A3A6,0,1,1,call fallthrough requires return proof,V03C001241
V03R00198,RETURN_CONTINUATION_CANDIDATE,CANDIDATE,81,A771,0,0,0,call fallthrough requires return proof,V03C001255
V03R00199,RETURN_CONTINUATION_CANDIDATE,CANDIDATE,81,A593,0,0,0,call fallthrough requires return proof,V03C001256
V03R00200,RETURN_CONTINUATION_CANDIDATE,CANDIDATE,81,8C7F,0,1,1,call fallthrough requires return proof,V03C001258
V03R00201,RETURN_CONTINUATION_CANDIDATE,CANDIDATE,80,B987,0,1,1,call fallthrough requires return proof,V03C001274
V03R00202,RETURN_CONTINUATION_CANDIDATE,CANDIDATE,81,9E06,0,1,1,call fallthrough requires return proof,V03C001286;V03C012700
V03R00203,RETURN_CONTINUATION_CANDIDATE,CANDIDATE,80,8367,0,0,0,call fallthrough requires return proof,V03C001303;V03C004986
V03R00204,RETURN_CONTINUATION_CANDIDATE,CANDIDATE,81,BA54,0,0,0,call fallthrough requires return proof,V03C001312
V03R00205,RETURN_CONTINUATION_CANDIDATE,CANDIDATE,80,831E,0,0,0,call fallthrough requires return proof,V03C001318
V03R00206,RETURN_CONTINUATION_CANDIDATE,CANDIDATE,80,B98A,0,1,1,call fallthrough requires return proof,V03C001325
V03R00207,RETURN_CONTINUATION_CANDIDATE,CANDIDATE,81,FD19,0,1,1,call fallthrough requires return proof,V03C001329
V03R00208,RETURN_CONTINUATION_CANDIDATE,CANDIDATE,81,C86F,0,1,1,call fallthrough requires return proof,V03C001332
V03R00209,RETURN_CONTINUATION_CANDIDATE,CANDIDATE,80,83C5,0,0,0,call fallthrough requires return proof,V03C001337
V03R00210,RETURN_CONTINUATION_CANDIDATE,CANDIDATE,80,83C0,0,0,0,call fallthrough requires return proof,V03C001338
V03R00211,RETURN_CONTINUATION_CANDIDATE,CANDIDATE,81,9E09,0,1,1,call fallthrough requires return proof,V03C001340
V03R00212,RETURN_CONTINUATION_CANDIDATE,CANDIDATE,80,C2FA,0,1,1,call fallthrough requires return proof,V03C001341
V03R00213,RETURN_CONTINUATION_CANDIDATE,CANDIDATE,80,A3F0,0,1,1,call fallthrough requires return proof,V03C001346
V03R00214,RETURN_CONTINUATION_CANDIDATE,CANDIDATE,81,AF84,0,0,0,call fallthrough requires return proof,V03C001366
V03R00215,RETURN_CONTINUATION_CANDIDATE,CANDIDATE,80,B98D,0,1,1,call fallthrough requires return proof,V03C001377
V03R00216,RETURN_CONTINUATION_CANDIDATE,CANDIDATE,81,9E0D,0,1,1,call fallthrough requires return proof,V03C001397
V03R00217,RETURN_CONTINUATION_CANDIDATE,CANDIDATE,80,C06C,0,1,1,call fallthrough requires return proof,V03C001400
V03R00218,RETURN_CONTINUATION_CANDIDATE,CANDIDATE,80,A3AE,0,1,1,call fallthrough requires return proof,V03C001401;V03C002442
V03R00219,RETURN_CONTINUATION_CANDIDATE,CANDIDATE,80,8312,0,0,0,call fallthrough requires return proof,V03C001411
V03R00220,RETURN_CONTINUATION_CANDIDATE,CANDIDATE,80,CD6B,0,1,1,call fallthrough requires return proof,V03C001434
V03R00221,RETURN_CONTINUATION_CANDIDATE,CANDIDATE,80,B990,0,1,1,call fallthrough requires return proof,V03C001435
V03R00222,RETURN_CONTINUATION_CANDIDATE,CANDIDATE,81,9E11,0,1,1,call fallthrough requires return proof,V03C001454
V03R00223,RETURN_CONTINUATION_CANDIDATE,CANDIDATE,80,CB5B,0,0,0,call fallthrough requires return proof,V03C001491
V03R00224,RETURN_CONTINUATION_CANDIDATE,CANDIDATE,80,B993,0,1,1,call fallthrough requires return proof,V03C001495
V03R00225,RETURN_CONTINUATION_CANDIDATE,CANDIDATE,80,A3FA,0,1,1,call fallthrough requires return proof,V03C001521;V03C002285
V03R00226,RETURN_CONTINUATION_CANDIDATE,CANDIDATE,81,DE9B,0,0,0,call fallthrough requires return proof,V03C001522;V03C010337
V03R00227,RETURN_CONTINUATION_CANDIDATE,CANDIDATE,81,BA60,0,0,0,call fallthrough requires return proof,V03C001539
V03R00228,RETURN_CONTINUATION_CANDIDATE,CANDIDATE,80,CD70,0,0,0,call fallthrough requires return proof,V03C001553
V03R00229,RETURN_CONTINUATION_CANDIDATE,CANDIDATE,80,B996,0,1,1,call fallthrough requires return proof,V03C001556
V03R00230,RETURN_CONTINUATION_CANDIDATE,CANDIDATE,81,C87C,0,1,1,call fallthrough requires return proof,V03C001563
V03R00231,RETURN_CONTINUATION_CANDIDATE,CANDIDATE,81,A5A3,0,0,0,call fallthrough requires return proof,V03C001592
V03R00232,RETURN_CONTINUATION_CANDIDATE,CANDIDATE,81,B700,0,1,1,call fallthrough requires return proof,V03C001602
V03R00233,RETURN_CONTINUATION_CANDIDATE,CANDIDATE,80,CD73,0,0,0,call fallthrough requires return proof,V03C001613
V03R00234,RETURN_CONTINUATION_CANDIDATE,CANDIDATE,80,CD65,0,0,0,call fallthrough requires return proof,V03C001615
V03R00235,RETURN_CONTINUATION_CANDIDATE,CANDIDATE,80,B999,0,1,1,call fallthrough requires return proof,V03C001617
V03R00236,WIDTH_CANDIDATE,CANDIDATE,80,FA2F,0,0,0,native PLP status unknown,V03C001628
V03R00237,WIDTH_CANDIDATE,CANDIDATE,80,FA2F,0,0,1,native PLP status unknown,V03C001628
V03R00238,WIDTH_CANDIDATE,CANDIDATE,80,FA2F,0,1,0,native PLP status unknown,V03C001628
V03R00239,WIDTH_CANDIDATE,CANDIDATE,80,FA2F,0,1,1,native PLP status unknown,V03C001628
V03R00240,RETURN_CONTINUATION_CANDIDATE,CANDIDATE,81,DF1C,0,0,0,call fallthrough requires return proof,V03C001644
V03R00241,RETURN_CONTINUATION_CANDIDATE,CANDIDATE,81,F49B,0,0,0,call fallthrough requires return proof,V03C001647
V03R00242,RETURN_CONTINUATION_CANDIDATE,CANDIDATE,81,BA66,0,0,0,call fallthrough requires return proof,V03C001661
V03R00243,RETURN_CONTINUATION_CANDIDATE,CANDIDATE,81,AF95,0,0,0,call fallthrough requires return proof,V03C001663
V03R00244,RETURN_CONTINUATION_CANDIDATE,CANDIDATE,80,8525,0,0,0,call fallthrough requires return proof,V03C001665
V03R00245,WIDTH_CANDIDATE,CANDIDATE,80,C70B,0,0,0,native PLP status unknown,V03C001668;V03C013585
V03R00246,WIDTH_CANDIDATE,CANDIDATE,80,C70B,0,0,1,native PLP status unknown,V03C001668;V03C013585
V03R00247,WIDTH_CANDIDATE,CANDIDATE,80,C70B,0,1,0,native PLP status unknown,V03C001668;V03C013585
V03R00248,WIDTH_CANDIDATE,CANDIDATE,80,C70B,0,1,1,native PLP status unknown,V03C001668;V03C013585
V03R00249,RETURN_CONTINUATION_CANDIDATE,CANDIDATE,80,CB64,0,0,0,call fallthrough requires return proof,V03C001674
V03R00250,RETURN_CONTINUATION_CANDIDATE,CANDIDATE,80,CD76,0,0,0,call fallthrough requires return proof,V03C001678
V03R00251,RETURN_CONTINUATION_CANDIDATE,CANDIDATE,80,B99C,0,1,1,call fallthrough requires return proof,V03C001684
V03R00252,RETURN_CONTINUATION_CANDIDATE,CANDIDATE,80,A1F8,0,1,1,call fallthrough requires return proof,V03C001704
V03R00253,RETURN_CONTINUATION_CANDIDATE,CANDIDATE,80,8374,0,0,0,call fallthrough requires return proof,V03C001720
V03R00254,RETURN_CONTINUATION_CANDIDATE,CANDIDATE,81,A78A,0,0,0,call fallthrough requires return proof,V03C001723
V03R00255,RETURN_CONTINUATION_CANDIDATE,CANDIDATE,81,AF98,0,0,0,call fallthrough requires return proof,V03C001732
V03R00256,RETURN_CONTINUATION_CANDIDATE,CANDIDATE,80,CD79,0,0,0,call fallthrough requires return proof,V03C001752
V03R00257,RETURN_CONTINUATION_CANDIDATE,CANDIDATE,80,CD48,0,0,0,call fallthrough requires return proof,V03C001754
V03R00258,RETURN_CONTINUATION_CANDIDATE,CANDIDATE,81,C74D,0,1,1,call fallthrough requires return proof,V03C001766
V03R00259,RETURN_CONTINUATION_CANDIDATE,CANDIDATE,81,DEA5,0,0,0,call fallthrough requires return proof,V03C001786
V03R00260,RETURN_CONTINUATION_CANDIDATE,CANDIDATE,81,F4A1,0,0,0,call fallthrough requires return proof,V03C001791
V03R00261,RETURN_CONTINUATION_CANDIDATE,CANDIDATE,81,F491,0,0,0,call fallthrough requires return proof,V03C001792
V03R00262,RETURN_CONTINUATION_CANDIDATE,CANDIDATE,81,BA6C,0,0,0,call fallthrough requires return proof,V03C001805
V03R00263,RETURN_CONTINUATION_CANDIDATE,CANDIDATE,80,CD7C,0,0,0,call fallthrough requires return proof,V03C001824
V03R00264,RETURN_CONTINUATION_CANDIDATE,CANDIDATE,80,C9C8,0,0,0,call fallthrough requires return proof,V03C001828
V03R00265,RETURN_CONTINUATION_CANDIDATE,CANDIDATE,80,B9A2,0,1,1,call fallthrough requires return proof,V03C001830
V03R00266,RETURN_CONTINUATION_CANDIDATE,CANDIDATE,81,C750,0,1,1,call fallthrough requires return proof,V03C001836
V03R00267,RETURN_CONTINUATION_CANDIDATE,CANDIDATE,81,C888,0,1,1,call fallthrough requires return proof,V03C001837
V03R00268,RETURN_CONTINUATION_CANDIDATE,CANDIDATE,81,DEAF,0,0,0,call fallthrough requires return proof,V03C001850
V03R00269,RETURN_CONTINUATION_CANDIDATE,CANDIDATE,81,A5D5,0,1,1,call fallthrough requires return proof,V03C001865
V03R00270,RETURN_CONTINUATION_CANDIDATE,CANDIDATE,81,AF9E,0,0,0,call fallthrough requires return proof,V03C001875
V03R00271,RETURN_CONTINUATION_CANDIDATE,CANDIDATE,81,AE75,0,1,1,call fallthrough requires return proof,V03C001876
V03R00272,RETURN_CONTINUATION_CANDIDATE,CANDIDATE,80,CC50,0,0,0,call fallthrough requires return proof,V03C001887
V03R00273,RETURN_CONTINUATION_CANDIDATE,CANDIDATE,80,C95E,0,0,0,call fallthrough requires return proof,V03C001888
V03R00274,RETURN_CONTINUATION_CANDIDATE,CANDIDATE,80,CD4E,0,0,0,call fallthrough requires return proof,V03C001894
V03R00275,RETURN_CONTINUATION_CANDIDATE,CANDIDATE,81,C88B,0,1,1,call fallthrough requires return proof,V03C001908
V03R00276,RETURN_CONTINUATION_CANDIDATE,CANDIDATE,81,AD97,0,1,1,call fallthrough requires return proof,V03C001916
V03R00277,RETURN_CONTINUATION_CANDIDATE,CANDIDATE,81,8C9C,0,0,0,call fallthrough requires return proof,V03C001936
V03R00278,RETURN_CONTINUATION_CANDIDATE,CANDIDATE,80,CAED,0,0,0,call fallthrough requires return proof,V03C001961
V03R00279,RETURN_CONTINUATION_CANDIDATE,CANDIDATE,81,F8E0,0,0,0,call fallthrough requires return proof,V03C001974
V03R00280,RETURN_CONTINUATION_CANDIDATE,CANDIDATE,80,FB41,0,1,1,call fallthrough requires return proof,V03C001986
V03R00281,RETURN_CONTINUATION_CANDIDATE,CANDIDATE,81,AD9B,0,1,1,call fallthrough requires return proof,V03C001987
V03R00282,RETURN_CONTINUATION_CANDIDATE,CANDIDATE,81,DF69,0,0,0,call fallthrough requires return proof,V03C001993
V03R00283,RETURN_CONTINUATION_CANDIDATE,CANDIDATE,81,A5DB,0,1,1,call fallthrough requires return proof,V03C002004
V03R00284,RETURN_CONTINUATION_CANDIDATE,CANDIDATE,81,AFA4,0,0,0,call fallthrough requires return proof,V03C002015
V03R00285,RETURN_CONTINUATION_CANDIDATE,CANDIDATE,80,F985,0,1,1,call fallthrough requires return proof,V03C002058
V03R00286,RETURN_CONTINUATION_CANDIDATE,CANDIDATE,81,BA78,0,0,0,call fallthrough requires return proof,V03C002083
V03R00287,RETURN_CONTINUATION_CANDIDATE,CANDIDATE,81,AFA7,0,0,0,call fallthrough requires return proof,V03C002087
V03R00288,RETURN_CONTINUATION_CANDIDATE,CANDIDATE,80,CD57,0,0,0,call fallthrough requires return proof,V03C002110
V03R00289,RETURN_CONTINUATION_CANDIDATE,CANDIDATE,81,F8E6,0,0,0,call fallthrough requires return proof,V03C002120
V03R00290,RETURN_CONTINUATION_CANDIDATE,CANDIDATE,80,FB47,0,1,1,call fallthrough requires return proof,V03C002131
V03R00291,RETURN_CONTINUATION_CANDIDATE,CANDIDATE,81,8CA6,0,0,0,call fallthrough requires return proof,V03C002154
V03R00292,RETURN_CONTINUATION_CANDIDATE,CANDIDATE,81,AFAA,0,0,0,call fallthrough requires return proof,V03C002162
V03R00293,RETURN_CONTINUATION_CANDIDATE,CANDIDATE,80,CCA4,0,0,0,call fallthrough requires return proof,V03C002174
V03R00294,RETURN_CONTINUATION_CANDIDATE,CANDIDATE,80,CC5B,0,0,0,call fallthrough requires return proof,V03C002176
V03R00295,RETURN_CONTINUATION_CANDIDATE,CANDIDATE,80,C96A,0,0,0,call fallthrough requires return proof,V03C002179
V03R00296,RETURN_CONTINUATION_CANDIDATE,CANDIDATE,80,8895,0,1,1,call fallthrough requires return proof,V03C002186
V03R00297,RETURN_CONTINUATION_CANDIDATE,CANDIDATE,80,B9C5,0,1,1,call fallthrough requires return proof,V03C002192
V03R00298,RETURN_CONTINUATION_CANDIDATE,CANDIDATE,81,9E8B,0,0,0,call fallthrough requires return proof,V03C002219
V03R00299,RETURN_CONTINUATION_CANDIDATE,CANDIDATE,81,B180,0,0,0,call fallthrough requires return proof,V03C002234
V03R00300,RETURN_CONTINUATION_CANDIDATE,CANDIDATE,81,B125,0,0,0,call fallthrough requires return proof,V03C002235
V03R00301,RETURN_CONTINUATION_CANDIDATE,CANDIDATE,81,AFAD,0,0,0,call fallthrough requires return proof,V03C002238
V03R00302,RETURN_CONTINUATION_CANDIDATE,CANDIDATE,80,CAFE,0,0,0,call fallthrough requires return proof,V03C002256
V03R00303,RETURN_CONTINUATION_CANDIDATE,CANDIDATE,80,C20F,0,0,0,call fallthrough requires return proof,V03C002258
V03R00304,RETURN_CONTINUATION_CANDIDATE,CANDIDATE,80,B9C9,0,1,1,call fallthrough requires return proof,V03C002269
V03R00305,RETURN_CONTINUATION_CANDIDATE,CANDIDATE,80,B9BF,0,1,1,call fallthrough requires return proof,V03C002270
V03R00306,RETURN_CONTINUATION_CANDIDATE,CANDIDATE,81,F8EC,0,0,0,call fallthrough requires return proof,V03C002274
V03R00307,RETURN_CONTINUATION_CANDIDATE,CANDIDATE,81,C75F,0,1,1,call fallthrough requires return proof,V03C002276
V03R00308,RETURN_CONTINUATION_CANDIDATE,CANDIDATE,81,C899,0,0,0,call fallthrough requires return proof,V03C002277
V03R00309,RETURN_CONTINUATION_CANDIDATE,CANDIDATE,81,9E78,0,1,1,call fallthrough requires return proof,V03C002298
V03R00310,RETURN_CONTINUATION_CANDIDATE,CANDIDATE,81,DDF4,0,0,0,call fallthrough requires return proof,V03C002300
V03R00311,RETURN_CONTINUATION_CANDIDATE,CANDIDATE,80,8899,0,1,1,call fallthrough requires return proof,V03C002338
V03R00312,RETURN_CONTINUATION_CANDIDATE,CANDIDATE,81,803D,0,1,1,call fallthrough requires return proof,V03C002342
V03R00313,RETURN_CONTINUATION_CANDIDATE,CANDIDATE,80,B9CC,0,1,1,call fallthrough requires return proof,V03C002347
V03R00314,RETURN_CONTINUATION_CANDIDATE,CANDIDATE,81,BA84,0,0,0,call fallthrough requires return proof,V03C002389
V03R00315,RETURN_CONTINUATION_CANDIDATE,CANDIDATE,81,AFB2,0,1,1,call fallthrough requires return proof,V03C002395
V03R00316,RETURN_CONTINUATION_CANDIDATE,CANDIDATE,80,CB04,0,0,0,call fallthrough requires return proof,V03C002413
V03R00317,RETURN_CONTINUATION_CANDIDATE,CANDIDATE,80,CA7C,0,0,0,call fallthrough requires return proof,V03C002414
V03R00318,RETURN_CONTINUATION_CANDIDATE,CANDIDATE,80,837E,0,0,0,call fallthrough requires return proof,V03C002415
V03R00319,RETURN_CONTINUATION_CANDIDATE,CANDIDATE,80,B9CF,0,1,1,call fallthrough requires return proof,V03C002429
V03R00320,RETURN_CONTINUATION_CANDIDATE,CANDIDATE,81,AFB5,0,1,1,call fallthrough requires return proof,V03C002474
V03R00321,RETURN_CONTINUATION_CANDIDATE,CANDIDATE,80,CCAF,0,0,0,call fallthrough requires return proof,V03C002486
V03R00322,RETURN_CONTINUATION_CANDIDATE,CANDIDATE,80,889D,0,1,1,call fallthrough requires return proof,V03C002501
V03R00323,RETURN_CONTINUATION_CANDIDATE,CANDIDATE,80,C9E0,0,0,0,call fallthrough requires return proof,V03C002502
V03R00324,RETURN_CONTINUATION_CANDIDATE,CANDIDATE,81,8043,0,1,1,call fallthrough requires return proof,V03C002506
V03R00325,RETURN_CONTINUATION_CANDIDATE,CANDIDATE,80,B9D2,0,1,1,call fallthrough requires return proof,V03C002513
V03R00326,RETURN_CONTINUATION_CANDIDATE,CANDIDATE,81,F4BB,0,1,1,call fallthrough requires return proof,V03C002540
V03R00327,RETURN_CONTINUATION_CANDIDATE,CANDIDATE,81,DDF9,0,0,0,call fallthrough requires return proof,V03C002544
V03R00328,RETURN_CONTINUATION_CANDIDATE,CANDIDATE,81,A5F5,0,1,1,call fallthrough requires return proof,V03C002547
V03R00329,RETURN_CONTINUATION_CANDIDATE,CANDIDATE,81,8CB7,0,0,0,call fallthrough requires return proof,V03C002550
V03R00330,RETURN_CONTINUATION_CANDIDATE,CANDIDATE,81,AFB8,0,1,1,call fallthrough requires return proof,V03C002560
V03R00331,RETURN_CONTINUATION_CANDIDATE,CANDIDATE,80,D425,0,1,1,call fallthrough requires return proof,V03C002598
V03R00332,RETURN_CONTINUATION_CANDIDATE,CANDIDATE,80,B9D5,0,1,1,call fallthrough requires return proof,V03C002600
V03R00333,RETURN_CONTINUATION_CANDIDATE,CANDIDATE,81,C8A5,0,0,0,call fallthrough requires return proof,V03C002607
V03R00334,WIDTH_CANDIDATE,CANDIDATE,80,F93E,0,0,0,native PLP status unknown,V03C002614;V03C017345
V03R00335,WIDTH_CANDIDATE,CANDIDATE,80,F93E,0,0,1,native PLP status unknown,V03C002614;V03C017345
V03R00336,WIDTH_CANDIDATE,CANDIDATE,80,F93E,0,1,0,native PLP status unknown,V03C002614;V03C017345
V03R00337,WIDTH_CANDIDATE,CANDIDATE,80,F93E,0,1,1,native PLP status unknown,V03C002614;V03C017345
V03R00338,RETURN_CONTINUATION_CANDIDATE,CANDIDATE,81,F4BE,0,1,1,call fallthrough requires return proof,V03C002627
V03R00339,RETURN_CONTINUATION_CANDIDATE,CANDIDATE,81,A5F8,0,1,1,call fallthrough requires return proof,V03C002635
V03R00340,RETURN_CONTINUATION_CANDIDATE,CANDIDATE,81,AFBB,0,1,1,call fallthrough requires return proof,V03C002648
V03R00341,RETURN_CONTINUATION_CANDIDATE,CANDIDATE,80,88A1,0,1,1,call fallthrough requires return proof,V03C002676
V03R00342,RETURN_CONTINUATION_CANDIDATE,CANDIDATE,80,B9D8,0,1,1,call fallthrough requires return proof,V03C002690
V03R00343,RETURN_CONTINUATION_CANDIDATE,CANDIDATE,81,F4C2,0,1,1,call fallthrough requires return proof,V03C002719
V03R00344,RETURN_CONTINUATION_CANDIDATE,CANDIDATE,81,DDFD,0,0,0,call fallthrough requires return proof,V03C002723
V03R00345,RETURN_CONTINUATION_CANDIDATE,CANDIDATE,81,A5FB,0,1,1,call fallthrough requires return proof,V03C002728
V03R00346,RETURN_CONTINUATION_CANDIDATE,CANDIDATE,81,8CBD,0,0,0,call fallthrough requires return proof,V03C002730
V03R00347,RETURN_CONTINUATION_CANDIDATE,CANDIDATE,81,BA90,0,0,0,call fallthrough requires return proof,V03C002733
V03R00348,RETURN_CONTINUATION_CANDIDATE,CANDIDATE,81,B340,0,1,1,call fallthrough requires return proof,V03C002737
V03R00349,RETURN_CONTINUATION_CANDIDATE,CANDIDATE,80,C2EE,0,1,1,call fallthrough requires return proof,V03C002746
V03R00350,RETURN_CONTINUATION_CANDIDATE,CANDIDATE,80,CA86,0,0,0,call fallthrough requires return proof,V03C002766
V03R00351,RETURN_CONTINUATION_CANDIDATE,CANDIDATE,80,D42A,0,1,1,call fallthrough requires return proof,V03C002784
V03R00352,RETURN_CONTINUATION_CANDIDATE,CANDIDATE,80,B9DB,0,1,1,call fallthrough requires return proof,V03C002787
V03R00353,RETURN_CONTINUATION_CANDIDATE,CANDIDATE,81,C8AA,0,1,1,call fallthrough requires return proof,V03C002793
V03R00354,RETURN_CONTINUATION_CANDIDATE,CANDIDATE,81,F4C5,0,1,1,call fallthrough requires return proof,V03C002814
V03R00355,RETURN_CONTINUATION_CANDIDATE,CANDIDATE,81,B193,0,0,0,call fallthrough requires return proof,V03C002830
V03R00356,RETURN_CONTINUATION_CANDIDATE,CANDIDATE,81,B138,0,0,0,call fallthrough requires return proof,V03C002831
V03R00357,RETURN_CONTINUATION_CANDIDATE,CANDIDATE,81,AFC1,0,1,1,call fallthrough requires return proof,V03C002839
V03R00358,RETURN_CONTINUATION_CANDIDATE,CANDIDATE,80,C2F1,0,1,1,call fallthrough requires return proof,V03C002843
V03R00359,RETURN_CONTINUATION_CANDIDATE,CANDIDATE,80,CCBA,0,0,0,call fallthrough requires return proof,V03C002851
V03R00360,RETURN_CONTINUATION_CANDIDATE,CANDIDATE,80,DCF4,0,0,0,call fallthrough requires return proof,V03C002870
V03R00361,RETURN_CONTINUATION_CANDIDATE,CANDIDATE,81,804C,0,1,1,call fallthrough requires return proof,V03C002872
V03R00362,RETURN_CONTINUATION_CANDIDATE,CANDIDATE,80,B9DE,0,1,1,call fallthrough requires return proof,V03C002884
V03R00363,RETURN_CONTINUATION_CANDIDATE,CANDIDATE,81,F901,0,1,1,call fallthrough requires return proof,V03C002887
V03R00364,RETURN_CONTINUATION_CANDIDATE,CANDIDATE,81,9E9D,0,0,0,call fallthrough requires return proof,V03C002908
V03R00365,RETURN_CONTINUATION_CANDIDATE,CANDIDATE,81,8CC3,0,0,0,call fallthrough requires return proof,V03C002918
V03R00366,RETURN_CONTINUATION_CANDIDATE,CANDIDATE,80,C221,0,0,0,call fallthrough requires return proof,V03C002958
V03R00367,RETURN_CONTINUATION_CANDIDATE,CANDIDATE,81,8050,0,1,1,call fallthrough requires return proof,V03C002966
V03R00368,RETURN_CONTINUATION_CANDIDATE,CANDIDATE,80,D42F,0,1,1,call fallthrough requires return proof,V03C002973
V03R00369,RETURN_CONTINUATION_CANDIDATE,CANDIDATE,80,AF4F,0,1,1,call fallthrough requires return proof,V03C002977
V03R00370,RETURN_CONTINUATION_CANDIDATE,CANDIDATE,80,B9E1,0,1,1,call fallthrough requires return proof,V03C002978
V03R00371,RETURN_CONTINUATION_CANDIDATE,CANDIDATE,81,F904,0,1,1,call fallthrough requires return proof,V03C002981
V03R00372,RETURN_CONTINUATION_CANDIDATE,CANDIDATE,80,F93D,0,1,1,call fallthrough requires return proof,V03C002992
V03R00373,RETURN_CONTINUATION_CANDIDATE,CANDIDATE,81,F4EC,0,1,1,call fallthrough requires return proof,V03C002996
V03R00374,RETURN_CONTINUATION_CANDIDATE,CANDIDATE,81,F4CA,0,1,1,call fallthrough requires return proof,V03C002999
V03R00375,RETURN_CONTINUATION_CANDIDATE,CANDIDATE,81,A603,0,1,1,call fallthrough requires return proof,V03C003007
V03R00376,RETURN_CONTINUATION_CANDIDATE,CANDIDATE,81,AFC7,0,1,1,call fallthrough requires return proof,V03C003025
V03R00377,RETURN_CONTINUATION_CANDIDATE,CANDIDATE,80,CB11,0,0,0,call fallthrough requires return proof,V03C003045
V03R00378,RETURN_CONTINUATION_CANDIDATE,CANDIDATE,92,F169,0,1,1,call fallthrough requires return proof,V03C003062
V03R00379,RETURN_CONTINUATION_CANDIDATE,CANDIDATE,80,C047,0,0,0,call fallthrough requires return proof,V03C003068
V03R00380,RETURN_CONTINUATION_CANDIDATE,CANDIDATE,80,B9E4,0,1,1,call fallthrough requires return proof,V03C003073
V03R00381,RETURN_CONTINUATION_CANDIDATE,CANDIDATE,81,F4EF,0,1,1,call fallthrough requires return proof,V03C003092
V03R00382,RETURN_CONTINUATION_CANDIDATE,CANDIDATE,81,F4CD,0,1,1,call fallthrough requires return proof,V03C003096
V03R00383,RETURN_CONTINUATION_CANDIDATE,CANDIDATE,81,A606,0,1,1,call fallthrough requires return proof,V03C003105
V03R00384,RETURN_CONTINUATION_CANDIDATE,CANDIDATE,81,AFCA,0,1,1,call fallthrough requires return proof,V03C003123
V03R00385,RETURN_CONTINUATION_CANDIDATE,CANDIDATE,80,CA91,0,0,0,call fallthrough requires return proof,V03C003143
V03R00386,RETURN_CONTINUATION_CANDIDATE,CANDIDATE,80,C9F3,0,0,0,call fallthrough requires return proof,V03C003149
V03R00387,RETURN_CONTINUATION_CANDIDATE,CANDIDATE,80,D454,0,0,0,call fallthrough requires return proof,V03C003161
V03R00388,RETURN_CONTINUATION_CANDIDATE,CANDIDATE,80,D434,0,1,1,call fallthrough requires return proof,V03C003162
V03R00389,RETURN_CONTINUATION_CANDIDATE,CANDIDATE,80,AF54,0,1,1,call fallthrough requires return proof,V03C003168
V03R00390,RETURN_CONTINUATION_CANDIDATE,CANDIDATE,80,B9E7,0,1,1,call fallthrough requires return proof,V03C003171
V03R00391,RETURN_CONTINUATION_CANDIDATE,CANDIDATE,81,F909,0,1,1,call fallthrough requires return proof,V03C003175
V03R00392,RETURN_CONTINUATION_CANDIDATE,CANDIDATE,81,F4F2,0,1,1,call fallthrough requires return proof,V03C003188
V03R00393,RETURN_CONTINUATION_CANDIDATE,CANDIDATE,81,A609,0,1,1,call fallthrough requires return proof,V03C003202
V03R00394,RETURN_CONTINUATION_CANDIDATE,CANDIDATE,81,8CCD,0,0,0,call fallthrough requires return proof,V03C003203
V03R00395,RETURN_CONTINUATION_CANDIDATE,CANDIDATE,81,B144,0,0,0,call fallthrough requires return proof,V03C003209
V03R00396,RETURN_CONTINUATION_CANDIDATE,CANDIDATE,80,CD8D,0,1,1,call fallthrough requires return proof,V03C003218
V03R00397,RETURN_CONTINUATION_CANDIDATE,CANDIDATE,81,AFCE,0,1,1,call fallthrough requires return proof,V03C003220
V03R00398,RETURN_CONTINUATION_CANDIDATE,CANDIDATE,80,A39D,0,0,0,call fallthrough requires return proof,V03C003226
V03R00399,RETURN_CONTINUATION_CANDIDATE,CANDIDATE,80,CCC5,0,0,0,call fallthrough requires return proof,V03C003233
V03R00400,RETURN_CONTINUATION_CANDIDATE,CANDIDATE,80,9131,0,1,1,call fallthrough requires return proof,V03C003269
V03R00401,RETURN_CONTINUATION_CANDIDATE,CANDIDATE,80,B9EA,0,1,1,call fallthrough requires return proof,V03C003271
V03R00402,RETURN_CONTINUATION_CANDIDATE,CANDIDATE,81,F4F6,0,1,1,call fallthrough requires return proof,V03C003287
V03R00403,RETURN_CONTINUATION_CANDIDATE,CANDIDATE,81,A85E,0,0,0,call fallthrough requires return proof,V03C003298
V03R00404,RETURN_CONTINUATION_CANDIDATE,CANDIDATE,81,A60D,0,1,1,call fallthrough requires return proof,V03C003301
V03R00405,RETURN_CONTINUATION_CANDIDATE,CANDIDATE,81,BAB9,0,0,0,call fallthrough requires return proof,V03C003305
V03R00406,RETURN_CONTINUATION_CANDIDATE,CANDIDATE,81,BAA1,0,0,0,call fallthrough requires return proof,V03C003306
V03R00407,RETURN_CONTINUATION_CANDIDATE,CANDIDATE,81,B61D,0,0,0,call fallthrough requires return proof,V03C003315
V03R00408,RETURN_CONTINUATION_CANDIDATE,CANDIDATE,81,AFD2,0,1,1,call fallthrough requires return proof,V03C003319
V03R00409,RETURN_CONTINUATION_CANDIDATE,CANDIDATE,80,CB1A,0,0,0,call fallthrough requires return proof,V03C003336
V03R00410,RETURN_CONTINUATION_CANDIDATE,CANDIDATE,80,DD3D,0,0,0,call fallthrough requires return proof,V03C003345
V03R00411,RETURN_CONTINUATION_CANDIDATE,CANDIDATE,80,B064,0,1,1,call fallthrough requires return proof,V03C003363
V03R00412,RETURN_CONTINUATION_CANDIDATE,CANDIDATE,80,AF59,0,1,1,call fallthrough requires return proof,V03C003365
V03R00413,RETURN_CONTINUATION_CANDIDATE,CANDIDATE,80,8B03,0,1,1,call fallthrough requires return proof,V03C003366
V03R00414,RETURN_CONTINUATION_CANDIDATE,CANDIDATE,80,B9ED,0,1,1,call fallthrough requires return proof,V03C003372
V03R00415,RETURN_CONTINUATION_CANDIDATE,CANDIDATE,81,F90E,0,1,1,call fallthrough requires return proof,V03C003376
V03R00416,RETURN_CONTINUATION_CANDIDATE,CANDIDATE,81,F802,0,1,1,call fallthrough requires return proof,V03C003387
V03R00417,RETURN_CONTINUATION_CANDIDATE,CANDIDATE,81,F4F9,0,1,1,call fallthrough requires return proof,V03C003388
V03R00418,RETURN_CONTINUATION_CANDIDATE,CANDIDATE,81,F4D5,0,1,1,call fallthrough requires return proof,V03C003393
V03R00419,RETURN_CONTINUATION_CANDIDATE,CANDIDATE,81,9EC9,0,0,0,call fallthrough requires return proof,V03C003394
V03R00420,RETURN_CONTINUATION_CANDIDATE,CANDIDATE,81,A611,0,1,1,call fallthrough requires return proof,V03C003403
V03R00421,RETURN_CONTINUATION_CANDIDATE,CANDIDATE,81,B353,0,0,0,call fallthrough requires return proof,V03C003413
V03R00422,RETURN_CONTINUATION_CANDIDATE,CANDIDATE,81,AFD5,0,1,1,call fallthrough requires return proof,V03C003422
V03R00423,RETURN_CONTINUATION_CANDIDATE,CANDIDATE,80,C362,0,1,1,call fallthrough requires return proof,V03C003449
V03R00424,RETURN_CONTINUATION_CANDIDATE,CANDIDATE,80,D43C,0,1,1,call fallthrough requires return proof,V03C003456
V03R00425,RETURN_CONTINUATION_CANDIDATE,CANDIDATE,80,9136,0,1,1,call fallthrough requires return proof,V03C003471
V03R00426,RETURN_CONTINUATION_CANDIDATE,CANDIDATE,80,8BD4,0,1,1,call fallthrough requires return proof,V03C003474
V03R00427,RETURN_CONTINUATION_CANDIDATE,CANDIDATE,80,B9F0,0,1,1,call fallthrough requires return proof,V03C003475
V03R00428,RETURN_CONTINUATION_CANDIDATE,CANDIDATE,81,FA45,0,0,0,call fallthrough requires return proof,V03C003477
V03R00429,RETURN_CONTINUATION_CANDIDATE,CANDIDATE,81,A84A,0,0,0,call fallthrough requires return proof,V03C003508
V03R00430,RETURN_CONTINUATION_CANDIDATE,CANDIDATE,81,A615,0,1,1,call fallthrough requires return proof,V03C003510
V03R00431,RETURN_CONTINUATION_CANDIDATE,CANDIDATE,81,B1A6,0,0,0,call fallthrough requires return proof,V03C003516
V03R00432,RETURN_CONTINUATION_CANDIDATE,CANDIDATE,81,B356,0,0,0,call fallthrough requires return proof,V03C003520
V03R00433,RETURN_CONTINUATION_CANDIDATE,CANDIDATE,81,B5E4,0,0,0,call fallthrough requires return proof,V03C003522
V03R00434,RETURN_CONTINUATION_CANDIDATE,CANDIDATE,81,AFD8,0,1,1,call fallthrough requires return proof,V03C003528
V03R00435,RETURN_CONTINUATION_CANDIDATE,CANDIDATE,80,8392,0,0,0,call fallthrough requires return proof,V03C003542
V03R00436,RETURN_CONTINUATION_CANDIDATE,CANDIDATE,80,B069,0,1,1,call fallthrough requires return proof,V03C003571
V03R00437,RETURN_CONTINUATION_CANDIDATE,CANDIDATE,80,B118,0,1,1,call fallthrough requires return proof,V03C003573
V03R00438,RETURN_CONTINUATION_CANDIDATE,CANDIDATE,80,AF5E,0,1,1,call fallthrough requires return proof,V03C003574
V03R00439,RETURN_CONTINUATION_CANDIDATE,CANDIDATE,80,8B08,0,1,1,call fallthrough requires return proof,V03C003576
V03R00440,RETURN_CONTINUATION_CANDIDATE,CANDIDATE,80,E3C3,0,1,1,call fallthrough requires return proof,V03C003582
V03R00441,RETURN_CONTINUATION_CANDIDATE,CANDIDATE,80,B9F3,0,1,1,call fallthrough requires return proof,V03C003586
V03R00442,RETURN_CONTINUATION_CANDIDATE,CANDIDATE,81,F913,0,1,1,call fallthrough requires return proof,V03C003591
V03R00443,RETURN_CONTINUATION_CANDIDATE,CANDIDATE,81,C8EC,0,1,1,call fallthrough requires return proof,V03C003594
V03R00444,RETURN_CONTINUATION_CANDIDATE,CANDIDATE,81,C8BF,0,1,1,call fallthrough requires return proof,V03C003596
V03R00445,RETURN_CONTINUATION_CANDIDATE,CANDIDATE,81,F6A9,0,1,1,call fallthrough requires return proof,V03C003603
V03R00446,RETURN_CONTINUATION_CANDIDATE,CANDIDATE,81,F4FE,0,1,1,call fallthrough requires return proof,V03C003605
V03R00447,RETURN_CONTINUATION_CANDIDATE,CANDIDATE,81,F4DA,0,1,1,call fallthrough requires return proof,V03C003610
V03R00448,RETURN_CONTINUATION_CANDIDATE,CANDIDATE,81,9ED3,0,0,0,call fallthrough requires return proof,V03C003613
V03R00449,RETURN_CONTINUATION_CANDIDATE,CANDIDATE,81,9EBF,0,0,0,call fallthrough requires return proof,V03C003614
V03R00450,RETURN_CONTINUATION_CANDIDATE,CANDIDATE,81,A618,0,1,1,call fallthrough requires return proof,V03C003621
V03R00451,RETURN_CONTINUATION_CANDIDATE,CANDIDATE,81,B150,0,0,0,call fallthrough requires return proof,V03C003628
V03R00452,RETURN_CONTINUATION_CANDIDATE,CANDIDATE,81,B627,0,0,0,call fallthrough requires return proof,V03C003636
V03R00453,RETURN_CONTINUATION_CANDIDATE,CANDIDATE,81,AFDB,0,1,1,call fallthrough requires return proof,V03C003640
V03R00454,RETURN_CONTINUATION_CANDIDATE,CANDIDATE,80,CCD0,0,0,0,call fallthrough requires return proof,V03C003650
V03R00455,RETURN_CONTINUATION_CANDIDATE,CANDIDATE,80,CA02,0,0,0,call fallthrough requires return proof,V03C003659
V03R00456,RETURN_CONTINUATION_CANDIDATE,CANDIDATE,80,AF94,0,1,1,call fallthrough requires return proof,V03C003681
V03R00457,RETURN_CONTINUATION_CANDIDATE,CANDIDATE,80,913B,0,1,1,call fallthrough requires return proof,V03C003691
V03R00458,RETURN_CONTINUATION_CANDIDATE,CANDIDATE,80,E3C6,0,1,1,call fallthrough requires return proof,V03C003695
V03R00459,RETURN_CONTINUATION_CANDIDATE,CANDIDATE,80,8BD9,0,1,1,call fallthrough requires return proof,V03C003697
V03R00460,RETURN_CONTINUATION_CANDIDATE,CANDIDATE,80,B9F6,0,1,1,call fallthrough requires return proof,V03C003699
V03R00461,RETURN_CONTINUATION_CANDIDATE,CANDIDATE,81,C8C2,0,1,1,call fallthrough requires return proof,V03C003712
V03R00462,WIDTH_CANDIDATE,CANDIDATE,80,FAE9,0,0,0,native PLP status unknown,V03C003713
V03R00463,WIDTH_CANDIDATE,CANDIDATE,80,FAE9,0,0,1,native PLP status unknown,V03C003713
V03R00464,WIDTH_CANDIDATE,CANDIDATE,80,FAE9,0,1,0,native PLP status unknown,V03C003713
V03R00465,WIDTH_CANDIDATE,CANDIDATE,80,FAE9,0,1,1,native PLP status unknown,V03C003713
V03R00466,RETURN_CONTINUATION_CANDIDATE,CANDIDATE,81,BAAD,0,0,0,call fallthrough requires return proof,V03C003746
V03R00467,RETURN_CONTINUATION_CANDIDATE,CANDIDATE,92,F17E,0,1,1,call fallthrough requires return proof,V03C003785
V03R00468,RETURN_CONTINUATION_CANDIDATE,CANDIDATE,80,B06E,0,1,1,call fallthrough requires return proof,V03C003800
V03R00469,RETURN_CONTINUATION_CANDIDATE,CANDIDATE,80,8B0D,0,1,1,call fallthrough requires return proof,V03C003807
V03R00470,RETURN_CONTINUATION_CANDIDATE,CANDIDATE,80,E3D0,0,1,1,call fallthrough requires return proof,V03C003813
V03R00471,RETURN_CONTINUATION_CANDIDATE,CANDIDATE,80,B9F9,0,1,1,call fallthrough requires return proof,V03C003820
V03R00472,RETURN_CONTINUATION_CANDIDATE,CANDIDATE,81,F918,0,0,0,call fallthrough requires return proof,V03C003825
V03R00473,RETURN_CONTINUATION_CANDIDATE,CANDIDATE,81,F503,0,1,1,call fallthrough requires return proof,V03C003849
V03R00474,RETURN_CONTINUATION_CANDIDATE,CANDIDATE,81,A86A,0,0,0,call fallthrough requires return proof,V03C003863
V03R00475,RETURN_CONTINUATION_CANDIDATE,CANDIDATE,81,8CE5,0,1,1,call fallthrough requires return proof,V03C003866
V03R00476,RETURN_CONTINUATION_CANDIDATE,CANDIDATE,80,C236,0,0,0,call fallthrough requires return proof,V03C003895
V03R00477,RETURN_CONTINUATION_CANDIDATE,CANDIDATE,80,DD49,0,0,0,call fallthrough requires return proof,V03C003902
V03R00478,RETURN_CONTINUATION_CANDIDATE,CANDIDATE,80,9140,0,1,1,call fallthrough requires return proof,V03C003931
V03R00479,RETURN_CONTINUATION_CANDIDATE,CANDIDATE,80,E3D3,0,1,1,call fallthrough requires return proof,V03C003934
V03R00480,RETURN_CONTINUATION_CANDIDATE,CANDIDATE,80,E3F6,0,1,1,call fallthrough requires return proof,V03C003935
V03R00481,RETURN_CONTINUATION_CANDIDATE,CANDIDATE,80,8BDE,0,1,1,call fallthrough requires return proof,V03C003940
V03R00482,RETURN_CONTINUATION_CANDIDATE,CANDIDATE,80,B9FC,0,1,1,call fallthrough requires return proof,V03C003943
V03R00483,RETURN_CONTINUATION_CANDIDATE,CANDIDATE,81,FA51,0,0,0,call fallthrough requires return proof,V03C003945
V03R00484,RETURN_CONTINUATION_CANDIDATE,CANDIDATE,81,B1B2,0,0,0,call fallthrough requires return proof,V03C003987
V03R00485,RETURN_CONTINUATION_CANDIDATE,CANDIDATE,80,D4A3,0,0,0,call fallthrough requires return proof,V03C003996
V03R00486,RETURN_CONTINUATION_CANDIDATE,CANDIDATE,80,A286,0,0,0,call fallthrough requires return proof,V03C003998
V03R00487,RETURN_CONTINUATION_CANDIDATE,CANDIDATE,81,AFE4,0,1,1,call fallthrough requires return proof,V03C004001
V03R00488,WIDTH_CANDIDATE,CANDIDATE,80,DC32,0,0,0,native PLP status unknown,V03C004018;V03C013069
V03R00489,WIDTH_CANDIDATE,CANDIDATE,80,DC32,0,0,1,native PLP status unknown,V03C004018;V03C013069
V03R00490,WIDTH_CANDIDATE,CANDIDATE,80,DC32,0,1,0,native PLP status unknown,V03C004018;V03C013069
V03R00491,WIDTH_CANDIDATE,CANDIDATE,80,DC32,0,1,1,native PLP status unknown,V03C004018;V03C013069
V03R00492,RETURN_CONTINUATION_CANDIDATE,CANDIDATE,80,C05B,0,0,0,call fallthrough requires return proof,V03C004030
V03R00493,RETURN_CONTINUATION_CANDIDATE,CANDIDATE,80,AF9D,0,1,1,call fallthrough requires return proof,V03C004035
V03R00494,RETURN_CONTINUATION_CANDIDATE,CANDIDATE,80,9143,0,1,1,call fallthrough requires return proof,V03C004043
V03R00495,RETURN_CONTINUATION_CANDIDATE,CANDIDATE,80,E3DD,0,1,1,call fallthrough requires return proof,V03C004045
V03R00496,RETURN_CONTINUATION_CANDIDATE,CANDIDATE,80,B9FF,0,1,1,call fallthrough requires return proof,V03C004057
V03R00497,RETURN_CONTINUATION_CANDIDATE,CANDIDATE,81,F551,0,1,1,call fallthrough requires return proof,V03C004084
V03R00498,RETURN_CONTINUATION_CANDIDATE,CANDIDATE,80,A340,0,0,0,call fallthrough requires return proof,V03C004086
V03R00499,RETURN_CONTINUATION_CANDIDATE,CANDIDATE,81,A626,0,1,1,call fallthrough requires return proof,V03C004093
V03R00500,RETURN_CONTINUATION_CANDIDATE,CANDIDATE,81,BECC,0,0,0,call fallthrough requires return proof,V03C004098
V03R00501,RETURN_CONTINUATION_CANDIDATE,CANDIDATE,81,AFE7,0,1,1,call fallthrough requires return proof,V03C004117
V03R00502,RETURN_CONTINUATION_CANDIDATE,CANDIDATE,80,CCDB,0,0,0,call fallthrough requires return proof,V03C004124
V03R00503,RETURN_CONTINUATION_CANDIDATE,CANDIDATE,80,CB27,0,0,0,call fallthrough requires return proof,V03C004125
V03R00504,RETURN_CONTINUATION_CANDIDATE,CANDIDATE,92,FB1A,0,1,1,call fallthrough requires return proof,V03C004139
V03R00505,RETURN_CONTINUATION_CANDIDATE,CANDIDATE,80,AFB0,0,1,1,call fallthrough requires return proof,V03C004157
V03R00506,RETURN_CONTINUATION_CANDIDATE,CANDIDATE,80,AF78,0,1,1,call fallthrough requires return proof,V03C004158
V03R00507,RETURN_CONTINUATION_CANDIDATE,CANDIDATE,81,C8F9,0,1,1,call fallthrough requires return proof,V03C004188
V03R00508,RETURN_CONTINUATION_CANDIDATE,CANDIDATE,81,C8E4,0,1,1,call fallthrough requires return proof,V03C004189
V03R00509,RETURN_CONTINUATION_CANDIDATE,CANDIDATE,81,C8FF,0,1,1,call fallthrough requires return proof,V03C004192
V03R00510,RETURN_CONTINUATION_CANDIDATE,CANDIDATE,81,F51B,0,1,1,call fallthrough requires return proof,V03C004201
V03R00511,RETURN_CONTINUATION_CANDIDATE,CANDIDATE,81,F562,0,1,1,call fallthrough requires return proof,V03C004208
V03R00512,RETURN_CONTINUATION_CANDIDATE,CANDIDATE,81,A629,0,1,1,call fallthrough requires return proof,V03C004219
V03R00513,RETURN_CONTINUATION_CANDIDATE,CANDIDATE,81,BF3A,0,0,0,call fallthrough requires return proof,V03C004225
V03R00514,RETURN_CONTINUATION_CANDIDATE,CANDIDATE,81,BAD1,0,0,0,call fallthrough requires return proof,V03C004226
V03R00515,RETURN_CONTINUATION_CANDIDATE,CANDIDATE,81,B365,0,0,0,call fallthrough requires return proof,V03C004233
V03R00516,RETURN_CONTINUATION_CANDIDATE,CANDIDATE,80,8AF1,0,1,1,call fallthrough requires return proof,V03C004282
V03R00517,RETURN_CONTINUATION_CANDIDATE,CANDIDATE,80,E3E7,0,1,1,call fallthrough requires return proof,V03C004285
V03R00518,RETURN_CONTINUATION_CANDIDATE,CANDIDATE,80,BA04,0,0,0,call fallthrough requires return proof,V03C004297
V03R00519,RETURN_CONTINUATION_CANDIDATE,CANDIDATE,81,C919,0,1,1,call fallthrough requires return proof,V03C004304
V03R00520,RETURN_CONTINUATION_CANDIDATE,CANDIDATE,81,C8FC,0,1,1,call fallthrough requires return proof,V03C004305
V03R00521,RETURN_CONTINUATION_CANDIDATE,CANDIDATE,81,C8E7,0,1,1,call fallthrough requires return proof,V03C004306
V03R00522,RETURN_CONTINUATION_CANDIDATE,CANDIDATE,81,C902,0,1,1,call fallthrough requires return proof,V03C004310
V03R00523,RETURN_CONTINUATION_CANDIDATE,CANDIDATE,81,F70C,0,1,1,call fallthrough requires return proof,V03C004322
V03R00524,RETURN_CONTINUATION_CANDIDATE,CANDIDATE,81,F565,0,1,1,call fallthrough requires return proof,V03C004326
V03R00525,RETURN_CONTINUATION_CANDIDATE,CANDIDATE,80,A2E3,0,0,0,call fallthrough requires return proof,V03C004331
V03R00526,RETURN_CONTINUATION_CANDIDATE,CANDIDATE,80,A222,0,0,0,call fallthrough requires return proof,V03C004332
V03R00527,RETURN_CONTINUATION_CANDIDATE,CANDIDATE,81,A62C,0,1,1,call fallthrough requires return proof,V03C004338
V03R00528,RETURN_CONTINUATION_CANDIDATE,CANDIDATE,80,AFA6,0,1,1,call fallthrough requires return proof,V03C004392
V03R00529,RETURN_CONTINUATION_CANDIDATE,CANDIDATE,80,BA07,0,0,0,call fallthrough requires return proof,V03C004415
V03R00530,RETURN_CONTINUATION_CANDIDATE,CANDIDATE,81,FA5D,0,0,0,call fallthrough requires return proof,V03C004417
V03R00531,RETURN_CONTINUATION_CANDIDATE,CANDIDATE,81,C796,0,0,0,call fallthrough requires return proof,V03C004419
V03R00532,RETURN_CONTINUATION_CANDIDATE,CANDIDATE,81,C91C,0,1,1,call fallthrough requires return proof,V03C004423
V03R00533,RETURN_CONTINUATION_CANDIDATE,CANDIDATE,81,C72C,0,0,0,call fallthrough requires return proof,V03C004425
V03R00534,RETURN_CONTINUATION_CANDIDATE,CANDIDATE,81,F568,0,1,1,call fallthrough requires return proof,V03C004445
V03R00535,RETURN_CONTINUATION_CANDIDATE,CANDIDATE,81,F663,0,1,1,call fallthrough requires return proof,V03C004447
V03R00536,RETURN_CONTINUATION_CANDIDATE,CANDIDATE,81,A62F,0,1,1,call fallthrough requires return proof,V03C004460
V03R00537,RETURN_CONTINUATION_CANDIDATE,CANDIDATE,80,D4AF,0,0,0,call fallthrough requires return proof,V03C004474;V03C006049
V03R00538,RETURN_CONTINUATION_CANDIDATE,CANDIDATE,81,AFF3,0,1,1,call fallthrough requires return proof,V03C004480
V03R00539,RETURN_CONTINUATION_CANDIDATE,CANDIDATE,81,AFEF,0,1,1,call fallthrough requires return proof,V03C004481
V03R00540,RETURN_CONTINUATION_CANDIDATE,CANDIDATE,80,CB30,0,0,0,call fallthrough requires return proof,V03C004488
V03R00541,RETURN_CONTINUATION_CANDIDATE,CANDIDATE,80,CA16,0,0,0,call fallthrough requires return proof,V03C004493
V03R00542,RETURN_CONTINUATION_CANDIDATE,CANDIDATE,80,CE4E,0,1,1,call fallthrough requires return proof,V03C004501
V03R00543,RETURN_CONTINUATION_CANDIDATE,CANDIDATE,80,AFB9,0,1,1,call fallthrough requires return proof,V03C004513
V03R00544,RETURN_CONTINUATION_CANDIDATE,CANDIDATE,80,AF81,0,1,1,call fallthrough requires return proof,V03C004514
V03R00545,RETURN_CONTINUATION_CANDIDATE,CANDIDATE,80,DD6A,0,1,1,call fallthrough requires return proof,V03C004521
V03R00546,RETURN_CONTINUATION_CANDIDATE,CANDIDATE,80,BA0A,0,0,0,call fallthrough requires return proof,V03C004534
V03R00547,RETURN_CONTINUATION_CANDIDATE,CANDIDATE,81,FA60,0,0,0,call fallthrough requires return proof,V03C004536
V03R00548,RETURN_CONTINUATION_CANDIDATE,CANDIDATE,81,F92A,0,1,1,call fallthrough requires return proof,V03C004537
V03R00549,RETURN_CONTINUATION_CANDIDATE,CANDIDATE,81,C845,0,1,1,call fallthrough requires return proof,V03C004542
V03R00550,RETURN_CONTINUATION_CANDIDATE,CANDIDATE,81,C6EC,0,0,0,call fallthrough requires return proof,V03C004545
V03R00551,RETURN_CONTINUATION_CANDIDATE,CANDIDATE,81,C907,0,1,1,call fallthrough requires return proof,V03C004548
V03R00552,RETURN_CONTINUATION_CANDIDATE,CANDIDATE,81,F711,0,1,1,call fallthrough requires return proof,V03C004560
V03R00553,RETURN_CONTINUATION_CANDIDATE,CANDIDATE,81,B167,0,0,0,call fallthrough requires return proof,V03C004590
V03R00554,RETURN_CONTINUATION_CANDIDATE,CANDIDATE,81,B36F,0,0,0,call fallthrough requires return proof,V03C004593
V03R00555,RETURN_CONTINUATION_CANDIDATE,CANDIDATE,81,AFF6,0,1,1,call fallthrough requires return proof,V03C004600
V03R00556,RETURN_CONTINUATION_CANDIDATE,CANDIDATE,80,CCE6,0,0,0,call fallthrough requires return proof,V03C004607
V03R00557,RETURN_CONTINUATION_CANDIDATE,CANDIDATE,80,DD58,0,0,0,call fallthrough requires return proof,V03C004615
V03R00558,RETURN_CONTINUATION_CANDIDATE,CANDIDATE,80,FB6E,0,1,1,call fallthrough requires return proof,V03C004616
V03R00559,RETURN_CONTINUATION_CANDIDATE,CANDIDATE,92,F193,0,1,1,call fallthrough requires return proof,V03C004619
V03R00560,RETURN_CONTINUATION_CANDIDATE,CANDIDATE,80,DD6D,0,1,1,call fallthrough requires return proof,V03C004642
V03R00561,RETURN_CONTINUATION_CANDIDATE,CANDIDATE,80,BA0D,0,0,0,call fallthrough requires return proof,V03C004656
V03R00562,RETURN_CONTINUATION_CANDIDATE,CANDIDATE,81,FA99,0,0,0,call fallthrough requires return proof,V03C004658
V03R00563,RETURN_CONTINUATION_CANDIDATE,CANDIDATE,81,FA63,0,0,0,call fallthrough requires return proof,V03C004659
V03R00564,RETURN_CONTINUATION_CANDIDATE,CANDIDATE,81,F92D,0,1,1,call fallthrough requires return proof,V03C004660
V03R00565,RETURN_CONTINUATION_CANDIDATE,CANDIDATE,81,C79C,0,0,0,call fallthrough requires return proof,V03C004661
V03R00566,RETURN_CONTINUATION_CANDIDATE,CANDIDATE,80,F929,0,1,1,call fallthrough requires return proof,V03C004664
V03R00567,RETURN_CONTINUATION_CANDIDATE,CANDIDATE,81,F55E,0,1,1,call fallthrough requires return proof,V03C004685
V03R00568,RETURN_CONTINUATION_CANDIDATE,CANDIDATE,81,A650,0,1,1,call fallthrough requires return proof,V03C004699
V03R00569,RETURN_CONTINUATION_CANDIDATE,CANDIDATE,81,BADD,0,0,0,call fallthrough requires return proof,V03C004706
V03R00570,RETURN_CONTINUATION_CANDIDATE,CANDIDATE,81,AFF9,0,1,1,call fallthrough requires return proof,V03C004720
V03R00571,RETURN_CONTINUATION_CANDIDATE,CANDIDATE,80,C248,0,0,0,call fallthrough requires return proof,V03C004728
V03R00572,RETURN_CONTINUATION_CANDIDATE,CANDIDATE,80,CE53,0,1,1,call fallthrough requires return proof,V03C004742
V03R00573,RETURN_CONTINUATION_CANDIDATE,CANDIDATE,80,8B5B,0,1,1,call fallthrough requires return proof,V03C004757
V03R00574,RETURN_CONTINUATION_CANDIDATE,CANDIDATE,80,DD71,0,1,1,call fallthrough requires return proof,V03C004763
V03R00575,RETURN_CONTINUATION_CANDIDATE,CANDIDATE,80,BA10,0,0,0,call fallthrough requires return proof,V03C004778
V03R00576,RETURN_CONTINUATION_CANDIDATE,CANDIDATE,81,FAB4,0,0,0,call fallthrough requires return proof,V03C004782
V03R00577,RETURN_CONTINUATION_CANDIDATE,CANDIDATE,81,FA66,0,0,0,call fallthrough requires return proof,V03C004783
V03R00578,RETURN_CONTINUATION_CANDIDATE,CANDIDATE,81,F930,0,1,1,call fallthrough requires return proof,V03C004784
V03R00579,RETURN_CONTINUATION_CANDIDATE,CANDIDATE,81,C9BA,0,0,0,call fallthrough requires return proof,V03C004786
V03R00580,RETURN_CONTINUATION_CANDIDATE,CANDIDATE,81,C84B,0,1,1,call fallthrough requires return proof,V03C004788
V03R00581,RETURN_CONTINUATION_CANDIDATE,CANDIDATE,81,C6C8,0,1,1,call fallthrough requires return proof,V03C004792
V03R00582,RETURN_CONTINUATION_CANDIDATE,CANDIDATE,81,F589,0,1,1,call fallthrough requires return proof,V03C004809
V03R00583,RETURN_CONTINUATION_CANDIDATE,CANDIDATE,81,90D9,0,0,0,call fallthrough requires return proof,V03C004829
V03R00584,RETURN_CONTINUATION_CANDIDATE,CANDIDATE,81,B1C5,0,0,0,call fallthrough requires return proof,V03C004831
V03R00585,RETURN_CONTINUATION_CANDIDATE,CANDIDATE,81,B51C,0,1,1,call fallthrough requires return proof,V03C004844
V03R00586,RETURN_CONTINUATION_CANDIDATE,CANDIDATE,81,AFFC,0,1,1,call fallthrough requires return proof,V03C004845
V03R00587,RETURN_CONTINUATION_CANDIDATE,CANDIDATE,80,89B2,0,1,1,call fallthrough requires return proof,V03C004855
V03R00588,RETURN_CONTINUATION_CANDIDATE,CANDIDATE,80,AFC2,0,1,1,call fallthrough requires return proof,V03C004880
V03R00589,RETURN_CONTINUATION_CANDIDATE,CANDIDATE,80,AF8A,0,1,1,call fallthrough requires return proof,V03C004881
V03R00590,WIDTH_CANDIDATE,CANDIDATE,80,F9A4,0,0,0,native PLP status unknown,V03C004891
V03R00591,WIDTH_CANDIDATE,CANDIDATE,80,F9A4,0,0,1,native PLP status unknown,V03C004891
V03R00592,WIDTH_CANDIDATE,CANDIDATE,80,F9A4,0,1,0,native PLP status unknown,V03C004891
V03R00593,WIDTH_CANDIDATE,CANDIDATE,80,F9A4,0,1,1,native PLP status unknown,V03C004891
V03R00594,RETURN_CONTINUATION_CANDIDATE,CANDIDATE,80,F9A3,0,1,1,call fallthrough requires return proof,V03C004892
V03R00595,RETURN_CONTINUATION_CANDIDATE,CANDIDATE,80,916E,0,1,1,call fallthrough requires return proof,V03C004893
V03R00596,RETURN_CONTINUATION_CANDIDATE,CANDIDATE,80,C085,0,0,0,call fallthrough requires return proof,V03C004909
V03R00597,RETURN_CONTINUATION_CANDIDATE,CANDIDATE,80,BA13,0,0,0,call fallthrough requires return proof,V03C004913
V03R00598,RETURN_CONTINUATION_CANDIDATE,CANDIDATE,81,C7A2,0,0,0,call fallthrough requires return proof,V03C004921
V03R00599,RETURN_CONTINUATION_CANDIDATE,CANDIDATE,81,C738,0,0,0,call fallthrough requires return proof,V03C004924
V03R00600,RETURN_CONTINUATION_CANDIDATE,CANDIDATE,81,C6CB,0,1,1,call fallthrough requires return proof,V03C004928
V03R00601,RETURN_CONTINUATION_CANDIDATE,CANDIDATE,81,F58C,0,1,1,call fallthrough requires return proof,V03C004944
V03R00602,RETURN_CONTINUATION_CANDIDATE,CANDIDATE,81,BAE2,0,1,1,call fallthrough requires return proof,V03C004962
V03R00603,RETURN_CONTINUATION_CANDIDATE,CANDIDATE,81,B601,0,0,0,call fallthrough requires return proof,V03C004971
V03R00604,RETURN_CONTINUATION_CANDIDATE,CANDIDATE,80,CE58,0,1,1,call fallthrough requires return proof,V03C004999
V03R00605,RETURN_CONTINUATION_CANDIDATE,CANDIDATE,80,CBCA,0,1,1,call fallthrough requires return proof,V03C005004
V03R00606,RETURN_CONTINUATION_CANDIDATE,CANDIDATE,80,DD76,0,1,1,call fallthrough requires return proof,V03C005031
V03R00607,RETURN_CONTINUATION_CANDIDATE,CANDIDATE,80,BA16,0,0,0,call fallthrough requires return proof,V03C005048
V03R00608,RETURN_CONTINUATION_CANDIDATE,CANDIDATE,81,C851,0,1,1,call fallthrough requires return proof,V03C005058
V03R00609,RETURN_CONTINUATION_CANDIDATE,CANDIDATE,81,C6CE,0,1,1,call fallthrough requires return proof,V03C005063
V03R00610,RETURN_CONTINUATION_CANDIDATE,CANDIDATE,81,F58F,0,1,1,call fallthrough requires return proof,V03C005079
V03R00611,RETURN_CONTINUATION_CANDIDATE,CANDIDATE,81,9FA6,0,1,1,call fallthrough requires return proof,V03C005089
V03R00612,RETURN_CONTINUATION_CANDIDATE,CANDIDATE,81,A63D,0,1,1,call fallthrough requires return proof,V03C005091
V03R00613,RETURN_CONTINUATION_CANDIDATE,CANDIDATE,81,BAE5,0,1,1,call fallthrough requires return proof,V03C005099
V03R00614,RETURN_CONTINUATION_CANDIDATE,CANDIDATE,81,B173,0,0,0,call fallthrough requires return proof,V03C005102
V03R00615,RETURN_CONTINUATION_CANDIDATE,CANDIDATE,80,CCF1,0,0,0,call fallthrough requires return proof,V03C005124
V03R00616,RETURN_CONTINUATION_CANDIDATE,CANDIDATE,80,E334,0,0,0,call fallthrough requires return proof,V03C005131
V03R00617,RETURN_CONTINUATION_CANDIDATE,CANDIDATE,80,DD79,0,1,1,call fallthrough requires return proof,V03C005169
V03R00618,RETURN_CONTINUATION_CANDIDATE,CANDIDATE,80,BA19,0,0,0,call fallthrough requires return proof,V03C005186
V03R00619,RETURN_CONTINUATION_CANDIDATE,CANDIDATE,81,C9C0,0,1,1,call fallthrough requires return proof,V03C005195
V03R00620,RETURN_CONTINUATION_CANDIDATE,CANDIDATE,81,C855,0,1,1,call fallthrough requires return proof,V03C005196
V03R00621,RETURN_CONTINUATION_CANDIDATE,CANDIDATE,81,CF6D,0,1,1,call fallthrough requires return proof,V03C005200
V03R00622,RETURN_CONTINUATION_CANDIDATE,CANDIDATE,81,F61F,0,1,1,call fallthrough requires return proof,V03C005217
V03R00623,RETURN_CONTINUATION_CANDIDATE,CANDIDATE,81,F562,0,0,0,call fallthrough requires return proof,V03C005219
V03R00624,RETURN_CONTINUATION_CANDIDATE,CANDIDATE,80,FB55,0,1,1,call fallthrough requires return proof,V03C005231
V03R00625,RETURN_CONTINUATION_CANDIDATE,CANDIDATE,81,9FAA,0,1,1,call fallthrough requires return proof,V03C005232
V03R00626,RETURN_CONTINUATION_CANDIDATE,CANDIDATE,81,A641,0,1,1,call fallthrough requires return proof,V03C005234
V03R00627,RETURN_CONTINUATION_CANDIDATE,CANDIDATE,81,90E1,0,0,0,call fallthrough requires return proof,V03C005240
V03R00628,RETURN_CONTINUATION_CANDIDATE,CANDIDATE,81,BAE8,0,1,1,call fallthrough requires return proof,V03C005242
V03R00629,RETURN_CONTINUATION_CANDIDATE,CANDIDATE,81,B40E,0,0,0,call fallthrough requires return proof,V03C005245
V03R00630,RETURN_CONTINUATION_CANDIDATE,CANDIDATE,81,B37B,0,0,0,call fallthrough requires return proof,V03C005247
V03R00631,RETURN_CONTINUATION_CANDIDATE,CANDIDATE,81,B00E,0,1,1,call fallthrough requires return proof,V03C005261
V03R00632,RETURN_CONTINUATION_CANDIDATE,CANDIDATE,81,B004,0,1,1,call fallthrough requires return proof,V03C005262
V03R00633,RETURN_CONTINUATION_CANDIDATE,CANDIDATE,80,C252,0,0,0,call fallthrough requires return proof,V03C005270
V03R00634,RETURN_CONTINUATION_CANDIDATE,CANDIDATE,80,CE5D,0,1,1,call fallthrough requires return proof,V03C005283
V03R00635,RETURN_CONTINUATION_CANDIDATE,CANDIDATE,80,DD7D,0,1,1,call fallthrough requires return proof,V03C005314
V03R00636,RETURN_CONTINUATION_CANDIDATE,CANDIDATE,81,FA70,0,1,1,call fallthrough requires return proof,V03C005342
V03R00637,RETURN_CONTINUATION_CANDIDATE,CANDIDATE,81,CF70,0,1,1,call fallthrough requires return proof,V03C005353;V03C008621
V03R00638,RETURN_CONTINUATION_CANDIDATE,CANDIDATE,81,F623,0,1,1,call fallthrough requires return proof,V03C005369
V03R00639,RETURN_CONTINUATION_CANDIDATE,CANDIDATE,81,F565,0,0,0,call fallthrough requires return proof,V03C005372
V03R00640,RETURN_CONTINUATION_CANDIDATE,CANDIDATE,81,A65E,0,1,1,call fallthrough requires return proof,V03C005386
V03R00641,RETURN_CONTINUATION_CANDIDATE,CANDIDATE,81,A645,0,1,1,call fallthrough requires return proof,V03C005387
V03R00642,RETURN_CONTINUATION_CANDIDATE,CANDIDATE,81,BAEC,0,1,1,call fallthrough requires return proof,V03C005395
V03R00643,RETURN_CONTINUATION_CANDIDATE,CANDIDATE,81,B1D1,0,0,0,call fallthrough requires return proof,V03C005396
V03R00644,RETURN_CONTINUATION_CANDIDATE,CANDIDATE,81,B37E,0,0,0,call fallthrough requires return proof,V03C005400
V03R00645,RETURN_CONTINUATION_CANDIDATE,CANDIDATE,80,CA29,0,0,0,call fallthrough requires return proof,V03C005427
V03R00646,RETURN_CONTINUATION_CANDIDATE,CANDIDATE,80,BA1E,0,1,1,call fallthrough requires return proof,V03C005483
V03R00647,RETURN_CONTINUATION_CANDIDATE,CANDIDATE,81,F741,0,1,1,call fallthrough requires return proof,V03C005515
V03R00648,RETURN_CONTINUATION_CANDIDATE,CANDIDATE,81,F7AB,0,1,1,call fallthrough requires return proof,V03C005518
V03R00649,RETURN_CONTINUATION_CANDIDATE,CANDIDATE,81,F568,0,0,0,call fallthrough requires return proof,V03C005524
V03R00650,RETURN_CONTINUATION_CANDIDATE,CANDIDATE,80,FB5B,0,1,1,call fallthrough requires return proof,V03C005535
V03R00651,RETURN_CONTINUATION_CANDIDATE,CANDIDATE,81,A661,0,1,1,call fallthrough requires return proof,V03C005537
V03R00652,RETURN_CONTINUATION_CANDIDATE,CANDIDATE,81,BAF0,0,1,1,call fallthrough requires return proof,V03C005546
V03R00653,RETURN_CONTINUATION_CANDIDATE,CANDIDATE,81,B009,0,0,0,call fallthrough requires return proof,V03C005566
V03R00654,RETURN_CONTINUATION_CANDIDATE,CANDIDATE,80,C258,0,1,1,call fallthrough requires return proof,V03C005572
V03R00655,RETURN_CONTINUATION_CANDIDATE,CANDIDATE,92,F1A8,0,1,1,call fallthrough requires return proof,V03C005584
V03R00656,RETURN_CONTINUATION_CANDIDATE,CANDIDATE,80,B042,0,1,1,call fallthrough requires return proof,V03C005596
V03R00657,RETURN_CONTINUATION_CANDIDATE,CANDIDATE,80,8B3E,0,1,1,call fallthrough requires return proof,V03C005606
V03R00658,WIDTH_CANDIDATE,CANDIDATE,80,FC1B,0,0,0,native PLP status unknown,V03C005607;V03C009267;V03C010299;V03C011502
V03R00659,WIDTH_CANDIDATE,CANDIDATE,80,FC1B,0,0,1,native PLP status unknown,V03C005607;V03C009267;V03C010299;V03C011502
V03R00660,WIDTH_CANDIDATE,CANDIDATE,80,FC1B,0,1,0,native PLP status unknown,V03C005607;V03C009267;V03C010299;V03C011502
V03R00661,WIDTH_CANDIDATE,CANDIDATE,80,FC1B,0,1,1,native PLP status unknown,V03C005607;V03C009267;V03C010299;V03C011502
V03R00662,RETURN_CONTINUATION_CANDIDATE,CANDIDATE,80,DD82,0,1,1,call fallthrough requires return proof,V03C005615
V03R00663,RETURN_CONTINUATION_CANDIDATE,CANDIDATE,80,C869,0,1,1,call fallthrough requires return proof,V03C005633
V03R00664,RETURN_CONTINUATION_CANDIDATE,CANDIDATE,80,BA21,0,1,1,call fallthrough requires return proof,V03C005634
V03R00665,RETURN_CONTINUATION_CANDIDATE,CANDIDATE,81,C85E,0,1,1,call fallthrough requires return proof,V03C005649
V03R00666,WIDTH_CANDIDATE,CANDIDATE,92,EEC7,0,0,0,native PLP status unknown,V03C005683
V03R00667,WIDTH_CANDIDATE,CANDIDATE,92,EEC7,0,0,1,native PLP status unknown,V03C005683
V03R00668,WIDTH_CANDIDATE,CANDIDATE,92,EEC7,0,1,0,native PLP status unknown,V03C005683
V03R00669,WIDTH_CANDIDATE,CANDIDATE,92,EEC7,0,1,1,native PLP status unknown,V03C005683
V03R00670,RETURN_CONTINUATION_CANDIDATE,CANDIDATE,81,A664,0,1,1,call fallthrough requires return proof,V03C005689
V03R00671,RETURN_CONTINUATION_CANDIDATE,CANDIDATE,81,BEEE,0,0,0,call fallthrough requires return proof,V03C005693
V03R00672,RETURN_CONTINUATION_CANDIDATE,CANDIDATE,81,90E9,0,0,0,call fallthrough requires return proof,V03C005696
V03R00673,RETURN_CONTINUATION_CANDIDATE,CANDIDATE,81,BAF3,0,1,1,call fallthrough requires return proof,V03C005698
V03R00674,RETURN_CONTINUATION_CANDIDATE,CANDIDATE,81,B418,0,0,0,call fallthrough requires return proof,V03C005701
V03R00675,RETURN_CONTINUATION_CANDIDATE,CANDIDATE,80,DD85,0,1,1,call fallthrough requires return proof,V03C005770
V03R00676,RETURN_CONTINUATION_CANDIDATE,CANDIDATE,80,BA24,0,1,1,call fallthrough requires return proof,V03C005792
V03R00677,RETURN_CONTINUATION_CANDIDATE,CANDIDATE,81,FAE8,0,0,0,call fallthrough requires return proof,V03C005796
V03R00678,RETURN_CONTINUATION_CANDIDATE,CANDIDATE,81,FA78,0,1,1,call fallthrough requires return proof,V03C005800
V03R00679,RETURN_CONTINUATION_CANDIDATE,CANDIDATE,81,C7BD,0,0,0,call fallthrough requires return proof,V03C005802
V03R00680,RETURN_CONTINUATION_CANDIDATE,CANDIDATE,81,C7B1,0,0,0,call fallthrough requires return proof,V03C005803
V03R00681,RETURN_CONTINUATION_CANDIDATE,CANDIDATE,81,CA61,0,1,1,call fallthrough requires return proof,V03C005804
V03R00682,RETURN_CONTINUATION_CANDIDATE,CANDIDATE,81,F746,0,1,1,call fallthrough requires return proof,V03C005824
V03R00683,RETURN_CONTINUATION_CANDIDATE,CANDIDATE,81,F7B0,0,1,1,call fallthrough requires return proof,V03C005827
V03R00684,RETURN_CONTINUATION_CANDIDATE,CANDIDATE,81,F581,0,1,1,call fallthrough requires return proof,V03C005832
V03R00685,RETURN_CONTINUATION_CANDIDATE,CANDIDATE,81,BF5C,0,0,0,call fallthrough requires return proof,V03C005852
V03R00686,RETURN_CONTINUATION_CANDIDATE,CANDIDATE,81,BAF6,0,1,1,call fallthrough requires return proof,V03C005856
V03R00687,RETURN_CONTINUATION_CANDIDATE,CANDIDATE,81,B1DA,0,0,0,call fallthrough requires return proof,V03C005857
V03R00688,RETURN_CONTINUATION_CANDIDATE,CANDIDATE,81,B388,0,0,0,call fallthrough requires return proof,V03C005860
V03R00689,RETURN_CONTINUATION_CANDIDATE,CANDIDATE,81,B5AF,0,1,1,call fallthrough requires return proof,V03C005867
V03R00690,WIDTH_CANDIDATE,CANDIDATE,80,DC5D,0,0,0,native PLP status unknown,V03C005886;V03C014854
V03R00691,WIDTH_CANDIDATE,CANDIDATE,80,DC5D,0,0,1,native PLP status unknown,V03C005886;V03C014854
V03R00692,WIDTH_CANDIDATE,CANDIDATE,80,DC5D,0,1,0,native PLP status unknown,V03C005886;V03C014854
V03R00693,WIDTH_CANDIDATE,CANDIDATE,80,DC5D,0,1,1,native PLP status unknown,V03C005886;V03C014854
V03R00694,RETURN_CONTINUATION_CANDIDATE,CANDIDATE,80,DD89,0,1,1,call fallthrough requires return proof,V03C005924
V03R00695,RETURN_CONTINUATION_CANDIDATE,CANDIDATE,80,C86E,0,0,0,call fallthrough requires return proof,V03C005943
V03R00696,RETURN_CONTINUATION_CANDIDATE,CANDIDATE,81,C7C0,0,0,0,call fallthrough requires return proof,V03C005955
V03R00697,RETURN_CONTINUATION_CANDIDATE,CANDIDATE,81,C71B,0,0,0,call fallthrough requires return proof,V03C005959
V03R00698,RETURN_CONTINUATION_CANDIDATE,CANDIDATE,80,8452,0,1,0,call fallthrough requires return proof,V03C005969
V03R00699,RETURN_CONTINUATION_CANDIDATE,CANDIDATE,81,F749,0,1,1,call fallthrough requires return proof,V03C005976
V03R00700,RETURN_CONTINUATION_CANDIDATE,CANDIDATE,81,F7B3,0,1,1,call fallthrough requires return proof,V03C005978
V03R00701,RETURN_CONTINUATION_CANDIDATE,CANDIDATE,81,F802,0,0,0,call fallthrough requires return proof,V03C005981
V03R00702,RETURN_CONTINUATION_CANDIDATE,CANDIDATE,81,F585,0,1,1,call fallthrough requires return proof,V03C005983
V03R00703,RETURN_CONTINUATION_CANDIDATE,CANDIDATE,81,F589,0,0,0,call fallthrough requires return proof,V03C005984
V03R00704,RETURN_CONTINUATION_CANDIDATE,CANDIDATE,81,BF7D,0,0,0,call fallthrough requires return proof,V03C005997
V03R00705,RETURN_CONTINUATION_CANDIDATE,CANDIDATE,81,BD3B,0,1,1,call fallthrough requires return proof,V03C006003
V03R00706,RETURN_CONTINUATION_CANDIDATE,CANDIDATE,81,B5B2,0,1,1,call fallthrough requires return proof,V03C006016
V03R00707,RETURN_CONTINUATION_CANDIDATE,CANDIDATE,80,E342,0,0,0,call fallthrough requires return proof,V03C006039
V03R00708,RETURN_CONTINUATION_CANDIDATE,CANDIDATE,80,D5FB,0,1,1,call fallthrough requires return proof,V03C006048
V03R00709,RETURN_CONTINUATION_CANDIDATE,CANDIDATE,80,C871,0,0,0,call fallthrough requires return proof,V03C006092
V03R00710,RETURN_CONTINUATION_CANDIDATE,CANDIDATE,81,FA8A,0,0,0,call fallthrough requires return proof,V03C006101
V03R00711,RETURN_CONTINUATION_CANDIDATE,CANDIDATE,81,C952,0,1,1,call fallthrough requires return proof,V03C006116
V03R00712,RETURN_CONTINUATION_CANDIDATE,CANDIDATE,81,F58C,0,0,0,call fallthrough requires return proof,V03C006137
V03R00713,RETURN_CONTINUATION_CANDIDATE,CANDIDATE,81,A7DA,0,1,1,call fallthrough requires return proof,V03C006148
V03R00714,RETURN_CONTINUATION_CANDIDATE,CANDIDATE,81,BAFB,0,0,0,call fallthrough requires return proof,V03C006159
V03R00715,RETURN_CONTINUATION_CANDIDATE,CANDIDATE,81,B420,0,0,0,call fallthrough requires return proof,V03C006163
V03R00716,RETURN_CONTINUATION_CANDIDATE,CANDIDATE,81,B01F,0,1,1,call fallthrough requires return proof,V03C006174
V03R00717,RETURN_CONTINUATION_CANDIDATE,CANDIDATE,80,CA38,0,0,0,call fallthrough requires return proof,V03C006185
V03R00718,RETURN_CONTINUATION_CANDIDATE,CANDIDATE,80,DD8E,0,1,1,call fallthrough requires return proof,V03C006224
V03R00719,RETURN_CONTINUATION_CANDIDATE,CANDIDATE,80,C874,0,0,0,call fallthrough requires return proof,V03C006240
V03R00720,RETURN_CONTINUATION_CANDIDATE,CANDIDATE,80,BA2F,0,1,1,call fallthrough requires return proof,V03C006244
V03R00721,RETURN_CONTINUATION_CANDIDATE,CANDIDATE,81,CF7F,0,1,1,call fallthrough requires return proof,V03C006265
V03R00722,RETURN_CONTINUATION_CANDIDATE,CANDIDATE,81,F75B,0,1,1,call fallthrough requires return proof,V03C006283
V03R00723,RETURN_CONTINUATION_CANDIDATE,CANDIDATE,81,F7C5,0,1,1,call fallthrough requires return proof,V03C006286
V03R00724,RETURN_CONTINUATION_CANDIDATE,CANDIDATE,81,F58F,0,0,0,call fallthrough requires return proof,V03C006292
V03R00725,RETURN_CONTINUATION_CANDIDATE,CANDIDATE,81,B392,0,0,0,call fallthrough requires return proof,V03C006317
V03R00726,RETURN_CONTINUATION_CANDIDATE,CANDIDATE,81,B023,0,1,1,call fallthrough requires return proof,V03C006329
V03R00727,RETURN_CONTINUATION_CANDIDATE,CANDIDATE,81,B0EF,0,0,0,call fallthrough requires return proof,V03C006330
V03R00728,RETURN_CONTINUATION_CANDIDATE,CANDIDATE,80,B0BB,0,1,1,call fallthrough requires return proof,V03C006359
V03R00729,RETURN_CONTINUATION_CANDIDATE,CANDIDATE,80,B14F,0,1,1,call fallthrough requires return proof,V03C006362
V03R00730,RETURN_CONTINUATION_CANDIDATE,CANDIDATE,80,DD91,0,1,1,call fallthrough requires return proof,V03C006379
V03R00731,RETURN_CONTINUATION_CANDIDATE,CANDIDATE,80,C877,0,0,0,call fallthrough requires return proof,V03C006399
V03R00732,RETURN_CONTINUATION_CANDIDATE,CANDIDATE,81,F94C,0,1,1,call fallthrough requires return proof,V03C006412
V03R00733,RETURN_CONTINUATION_CANDIDATE,CANDIDATE,81,C70C,0,0,0,call fallthrough requires return proof,V03C006419
V03R00734,RETURN_CONTINUATION_CANDIDATE,CANDIDATE,81,CB49,0,1,1,call fallthrough requires return proof,V03C006420
V03R00735,RETURN_CONTINUATION_CANDIDATE,CANDIDATE,81,C243,0,0,0,call fallthrough requires return proof,V03C006463
V03R00736,RETURN_CONTINUATION_CANDIDATE,CANDIDATE,81,BD43,0,1,1,call fallthrough requires return proof,V03C006469
V03R00737,RETURN_CONTINUATION_CANDIDATE,CANDIDATE,81,B1E6,0,0,0,call fallthrough requires return proof,V03C006472
V03R00738,RETURN_CONTINUATION_CANDIDATE,CANDIDATE,80,B059,0,1,1,call fallthrough requires return proof,V03C006512
V03R00739,RETURN_CONTINUATION_CANDIDATE,CANDIDATE,80,B051,0,1,1,call fallthrough requires return proof,V03C006513
V03R00740,RETURN_CONTINUATION_CANDIDATE,CANDIDATE,80,DD95,0,1,1,call fallthrough requires return proof,V03C006536
V03R00741,RETURN_CONTINUATION_CANDIDATE,CANDIDATE,80,D6CD,0,0,0,call fallthrough requires return proof,V03C006552
V03R00742,RETURN_CONTINUATION_CANDIDATE,CANDIDATE,80,C87A,0,0,0,call fallthrough requires return proof,V03C006553
V03R00743,RETURN_CONTINUATION_CANDIDATE,CANDIDATE,80,BA35,0,1,1,call fallthrough requires return proof,V03C006557
V03R00744,RETURN_CONTINUATION_CANDIDATE,CANDIDATE,81,F94F,0,1,1,call fallthrough requires return proof,V03C006565
V03R00745,RETURN_CONTINUATION_CANDIDATE,CANDIDATE,81,CB4C,0,1,1,call fallthrough requires return proof,V03C006572
V03R00746,RETURN_CONTINUATION_CANDIDATE,CANDIDATE,81,F751,0,1,1,call fallthrough requires return proof,V03C006593
V03R00747,RETURN_CONTINUATION_CANDIDATE,CANDIDATE,81,F7BB,0,1,1,call fallthrough requires return proof,V03C006597
V03R00748,RETURN_CONTINUATION_CANDIDATE,CANDIDATE,81,90F6,0,0,0,call fallthrough requires return proof,V03C006617
V03R00749,RETURN_CONTINUATION_CANDIDATE,CANDIDATE,81,BD4F,0,0,0,call fallthrough requires return proof,V03C006619
V03R00750,RETURN_CONTINUATION_CANDIDATE,CANDIDATE,80,B005,0,1,1,call fallthrough requires return proof,V03C006661
V03R00751,RETURN_CONTINUATION_CANDIDATE,CANDIDATE,80,DDC0,0,0,0,call fallthrough requires return proof,V03C006678
V03R00752,RETURN_CONTINUATION_CANDIDATE,CANDIDATE,81,C7CE,0,0,0,call fallthrough requires return proof,V03C006719
V03R00753,RETURN_CONTINUATION_CANDIDATE,CANDIDATE,9F,F59B,0,0,0,call fallthrough requires return proof,V03C006729
V03R00754,RETURN_CONTINUATION_CANDIDATE,CANDIDATE,81,F758,0,1,1,call fallthrough requires return proof,V03C006743
V03R00755,RETURN_CONTINUATION_CANDIDATE,CANDIDATE,81,F7C2,0,1,1,call fallthrough requires return proof,V03C006748
V03R00756,RETURN_CONTINUATION_CANDIDATE,CANDIDATE,81,F5AA,0,1,1,call fallthrough requires return proof,V03C006753
V03R00757,RETURN_CONTINUATION_CANDIDATE,CANDIDATE,81,BB06,0,1,1,call fallthrough requires return proof,V03C006773
V03R00758,RETURN_CONTINUATION_CANDIDATE,CANDIDATE,80,FBCB,0,0,0,call fallthrough requires return proof,V03C006820;V03C010313
V03R00759,RETURN_CONTINUATION_CANDIDATE,CANDIDATE,80,D6D3,0,0,0,call fallthrough requires return proof,V03C006850
V03R00760,RETURN_CONTINUATION_CANDIDATE,CANDIDATE,80,BA3B,0,1,1,call fallthrough requires return proof,V03C006857
V03R00761,RETURN_CONTINUATION_CANDIDATE,CANDIDATE,81,FA93,0,0,0,call fallthrough requires return proof,V03C006864
V03R00762,RETURN_CONTINUATION_CANDIDATE,CANDIDATE,81,C7DD,0,0,0,call fallthrough requires return proof,V03C006868
V03R00763,RETURN_CONTINUATION_CANDIDATE,CANDIDATE,9F,F59E,0,0,0,call fallthrough requires return proof,V03C006879
V03R00764,RETURN_CONTINUATION_CANDIDATE,CANDIDATE,9F,F613,0,0,0,call fallthrough requires return proof,V03C006880;V03C007300
V03R00765,RETURN_CONTINUATION_CANDIDATE,CANDIDATE,81,F5AD,0,1,1,call fallthrough requires return proof,V03C006901
V03R00766,RETURN_CONTINUATION_CANDIDATE,CANDIDATE,81,BB09,0,1,1,call fallthrough requires return proof,V03C006919
V03R00767,RETURN_CONTINUATION_CANDIDATE,CANDIDATE,81,DCD1,0,0,0,call fallthrough requires return proof,V03C006922
V03R00768,RETURN_CONTINUATION_CANDIDATE,CANDIDATE,81,B39D,0,1,1,call fallthrough requires return proof,V03C006923
V03R00769,RETURN_CONTINUATION_CANDIDATE,CANDIDATE,80,DDD4,0,1,1,call fallthrough requires return proof,V03C006970
V03R00770,RETURN_CONTINUATION_CANDIDATE,CANDIDATE,81,F959,0,1,1,call fallthrough requires return proof,V03C007004
V03R00771,RETURN_CONTINUATION_CANDIDATE,CANDIDATE,81,CA77,0,0,0,call fallthrough requires return proof,V03C007008
V03R00772,RETURN_CONTINUATION_CANDIDATE,CANDIDATE,81,C98B,0,1,1,call fallthrough requires return proof,V03C007013
V03R00773,RETURN_CONTINUATION_CANDIDATE,CANDIDATE,9F,F8F2,0,0,0,call fallthrough requires return proof,V03C007016
V03R00774,RETURN_CONTINUATION_CANDIDATE,CANDIDATE,9F,F5A1,0,0,0,call fallthrough requires return proof,V03C007018
V03R00775,RETURN_CONTINUATION_CANDIDATE,CANDIDATE,81,90FD,0,1,1,call fallthrough requires return proof,V03C007054
V03R00776,RETURN_CONTINUATION_CANDIDATE,CANDIDATE,81,BD5D,0,0,0,call fallthrough requires return proof,V03C007057
V03R00777,RETURN_CONTINUATION_CANDIDATE,CANDIDATE,81,BB0D,0,1,1,call fallthrough requires return proof,V03C007058
V03R00778,RETURN_CONTINUATION_CANDIDATE,CANDIDATE,80,9398,0,1,1,call fallthrough requires return proof,V03C007110
V03R00779,RETURN_CONTINUATION_CANDIDATE,CANDIDATE,80,D6D9,0,0,0,call fallthrough requires return proof,V03C007135
V03R00780,RETURN_CONTINUATION_CANDIDATE,CANDIDATE,81,F95C,0,1,1,call fallthrough requires return proof,V03C007147
V03R00781,RETURN_CONTINUATION_CANDIDATE,CANDIDATE,9F,F67B,0,1,1,call fallthrough requires return proof,V03C007158
V03R00782,RETURN_CONTINUATION_CANDIDATE,CANDIDATE,9F,F5A4,0,0,0,call fallthrough requires return proof,V03C007160
V03R00783,RETURN_CONTINUATION_CANDIDATE,CANDIDATE,9F,F6EA,0,1,1,call fallthrough requires return proof,V03C007161;V03C007591
V03R00784,RETURN_CONTINUATION_CANDIDATE,CANDIDATE,81,8D2B,0,1,1,call fallthrough requires return proof,V03C007189
V03R00785,RETURN_CONTINUATION_CANDIDATE,CANDIDATE,81,BF8D,0,0,0,call fallthrough requires return proof,V03C007191
V03R00786,RETURN_CONTINUATION_CANDIDATE,CANDIDATE,81,BB11,0,1,1,call fallthrough requires return proof,V03C007199
V03R00787,RETURN_CONTINUATION_CANDIDATE,CANDIDATE,81,B1F5,0,0,0,call fallthrough requires return proof,V03C007201
V03R00788,RETURN_CONTINUATION_CANDIDATE,CANDIDATE,81,B3A3,0,1,1,call fallthrough requires return proof,V03C007204
V03R00789,RETURN_CONTINUATION_CANDIDATE,CANDIDATE,80,E355,0,0,0,call fallthrough requires return proof,V03C007225
V03R00790,RETURN_CONTINUATION_CANDIDATE,CANDIDATE,80,FBA1,0,0,0,call fallthrough requires return proof,V03C007226;V03C016991
V03R00791,RETURN_CONTINUATION_CANDIDATE,CANDIDATE,80,B0C8,0,1,1,call fallthrough requires return proof,V03C007240
V03R00792,RETURN_CONTINUATION_CANDIDATE,CANDIDATE,81,DCBC,0,0,0,call fallthrough requires return proof,V03C007282
V03R00793,RETURN_CONTINUATION_CANDIDATE,CANDIDATE,81,F95F,0,1,1,call fallthrough requires return proof,V03C007286
V03R00794,RETURN_CONTINUATION_CANDIDATE,CANDIDATE,81,D895,0,1,1,call fallthrough requires return proof,V03C007290
V03R00795,RETURN_CONTINUATION_CANDIDATE,CANDIDATE,81,C991,0,1,1,call fallthrough requires return proof,V03C007292
V03R00796,RETURN_CONTINUATION_CANDIDATE,CANDIDATE,9F,FAC7,0,0,0,call fallthrough requires return proof,V03C007295;V03C007884
V03R00797,RETURN_CONTINUATION_CANDIDATE,CANDIDATE,9F,F67F,0,1,1,call fallthrough requires return proof,V03C007298
V03R00798,RETURN_CONTINUATION_CANDIDATE,CANDIDATE,9F,F5BB,0,0,0,call fallthrough requires return proof,V03C007299
V03R00799,RETURN_CONTINUATION_CANDIDATE,CANDIDATE,9F,F5A7,0,0,0,call fallthrough requires return proof,V03C007301
V03R00800,RETURN_CONTINUATION_CANDIDATE,CANDIDATE,81,F76C,0,1,1,call fallthrough requires return proof,V03C007316
V03R00801,RETURN_CONTINUATION_CANDIDATE,CANDIDATE,81,F7D6,0,1,1,call fallthrough requires return proof,V03C007321
V03R00802,RETURN_CONTINUATION_CANDIDATE,CANDIDATE,92,ED6F,0,1,1,call fallthrough requires return proof,V03C007326
V03R00803,RETURN_CONTINUATION_CANDIDATE,CANDIDATE,80,F9F5,0,1,1,call fallthrough requires return proof,V03C007339
V03R00804,RETURN_CONTINUATION_CANDIDATE,CANDIDATE,81,BB14,0,1,1,call fallthrough requires return proof,V03C007340
V03R00805,RETURN_CONTINUATION_CANDIDATE,CANDIDATE,81,DCD8,0,0,0,call fallthrough requires return proof,V03C007344
V03R00806,RETURN_CONTINUATION_CANDIDATE,CANDIDATE,81,B07D,0,1,1,call fallthrough requires return proof,V03C007353
V03R00807,RETURN_CONTINUATION_CANDIDATE,CANDIDATE,81,B035,0,1,1,call fallthrough requires return proof,V03C007355
V03R00808,RETURN_CONTINUATION_CANDIDATE,CANDIDATE,80,E367,0,0,0,call fallthrough requires return proof,V03C007364
V03R00809,RETURN_CONTINUATION_CANDIDATE,CANDIDATE,80,93A3,0,1,1,call fallthrough requires return proof,V03C007393
V03R00810,RETURN_CONTINUATION_CANDIDATE,CANDIDATE,81,F962,0,1,1,call fallthrough requires return proof,V03C007429
V03R00811,RETURN_CONTINUATION_CANDIDATE,CANDIDATE,80,F903,0,1,1,call fallthrough requires return proof,V03C007434
V03R00812,RETURN_CONTINUATION_CANDIDATE,CANDIDATE,81,D899,0,1,1,call fallthrough requires return proof,V03C007435
V03R00813,RETURN_CONTINUATION_CANDIDATE,CANDIDATE,9F,F719,0,0,0,call fallthrough requires return proof,V03C007443;V03C007451
V03R00814,RETURN_CONTINUATION_CANDIDATE,CANDIDATE,9F,F683,0,1,1,call fallthrough requires return proof,V03C007445
V03R00815,RETURN_CONTINUATION_CANDIDATE,CANDIDATE,81,F5B8,0,1,1,call fallthrough requires return proof,V03C007470
V03R00816,RETURN_CONTINUATION_CANDIDATE,CANDIDATE,81,BD01,0,0,0,call fallthrough requires return proof,V03C007484
V03R00817,RETURN_CONTINUATION_CANDIDATE,CANDIDATE,81,BB17,0,1,1,call fallthrough requires return proof,V03C007487
V03R00818,RETURN_CONTINUATION_CANDIDATE,CANDIDATE,80,CBE6,0,1,1,call fallthrough requires return proof,V03C007526
V03R00819,RETURN_CONTINUATION_CANDIDATE,CANDIDATE,80,B0D8,0,1,1,call fallthrough requires return proof,V03C007528
V03R00820,RETURN_CONTINUATION_CANDIDATE,CANDIDATE,80,8B92,0,1,1,call fallthrough requires return proof,V03C007534
V03R00821,RETURN_CONTINUATION_CANDIDATE,CANDIDATE,80,C8E9,0,1,1,call fallthrough requires return proof,V03C007556
V03R00822,RETURN_CONTINUATION_CANDIDATE,CANDIDATE,80,CAC0,0,0,0,call fallthrough requires return proof,V03C007559
V03R00823,RETURN_CONTINUATION_CANDIDATE,CANDIDATE,81,8A87,0,0,0,call fallthrough requires return proof,V03C007563
V03R00824,RETURN_CONTINUATION_CANDIDATE,CANDIDATE,80,BA49,0,1,1,call fallthrough requires return proof,V03C007564
V03R00825,RETURN_CONTINUATION_CANDIDATE,CANDIDATE,81,DD30,0,0,0,call fallthrough requires return proof,V03C007566
V03R00826,RETURN_CONTINUATION_CANDIDATE,CANDIDATE,81,F966,0,1,1,call fallthrough requires return proof,V03C007572
V03R00827,RETURN_CONTINUATION_CANDIDATE,CANDIDATE,81,CA83,0,0,0,call fallthrough requires return proof,V03C007576
V03R00828,RETURN_CONTINUATION_CANDIDATE,CANDIDATE,81,D89D,0,1,1,call fallthrough requires return proof,V03C007578
V03R00829,RETURN_CONTINUATION_CANDIDATE,CANDIDATE,9F,F687,0,1,1,call fallthrough requires return proof,V03C007588
V03R00830,RETURN_CONTINUATION_CANDIDATE,CANDIDATE,9F,F5C1,0,0,0,call fallthrough requires return proof,V03C007590
V03R00831,RETURN_CONTINUATION_CANDIDATE,CANDIDATE,9F,F7A4,0,0,0,call fallthrough requires return proof,V03C007592
V03R00832,RETURN_CONTINUATION_CANDIDATE,CANDIDATE,9F,F642,0,0,0,call fallthrough requires return proof,V03C007595
V03R00833,RETURN_CONTINUATION_CANDIDATE,CANDIDATE,9F,F621,0,0,0,call fallthrough requires return proof,V03C007596
V03R00834,RETURN_CONTINUATION_CANDIDATE,CANDIDATE,81,F5BC,0,1,1,call fallthrough requires return proof,V03C007607
V03R00835,RETURN_CONTINUATION_CANDIDATE,CANDIDATE,80,93AE,0,1,1,call fallthrough requires return proof,V03C007676
V03R00836,RETURN_CONTINUATION_CANDIDATE,CANDIDATE,80,BA4D,0,1,1,call fallthrough requires return proof,V03C007707
V03R00837,RETURN_CONTINUATION_CANDIDATE,CANDIDATE,81,DCC3,0,0,0,call fallthrough requires return proof,V03C007710
V03R00838,RETURN_CONTINUATION_CANDIDATE,CANDIDATE,81,F969,0,1,1,call fallthrough requires return proof,V03C007716
V03R00839,RETURN_CONTINUATION_CANDIDATE,CANDIDATE,81,C7EE,0,0,0,call fallthrough requires return proof,V03C007719
V03R00840,RETURN_CONTINUATION_CANDIDATE,CANDIDATE,9F,FCB2,0,1,1,call fallthrough requires return proof,V03C007721
V03R00841,RETURN_CONTINUATION_CANDIDATE,CANDIDATE,9F,F68B,0,1,1,call fallthrough requires return proof,V03C007732
V03R00842,RETURN_CONTINUATION_CANDIDATE,CANDIDATE,9F,F5C5,0,0,0,call fallthrough requires return proof,V03C007735
V03R00843,RETURN_CONTINUATION_CANDIDATE,CANDIDATE,9F,FD20,0,0,0,call fallthrough requires return proof,V03C007740
V03R00844,RETURN_CONTINUATION_CANDIDATE,CANDIDATE,81,F775,0,1,1,call fallthrough requires return proof,V03C007748
V03R00845,RETURN_CONTINUATION_CANDIDATE,CANDIDATE,81,F7DF,0,1,1,call fallthrough requires return proof,V03C007752
V03R00846,RETURN_CONTINUATION_CANDIDATE,CANDIDATE,81,B201,0,0,0,call fallthrough requires return proof,V03C007770
V03R00847,RETURN_CONTINUATION_CANDIDATE,CANDIDATE,80,E361,0,0,0,call fallthrough requires return proof,V03C007797
V03R00848,RETURN_CONTINUATION_CANDIDATE,CANDIDATE,80,93D3,0,0,0,call fallthrough requires return proof,V03C007826
V03R00849,RETURN_CONTINUATION_CANDIDATE,CANDIDATE,80,BA50,0,1,1,call fallthrough requires return proof,V03C007853
V03R00850,RETURN_CONTINUATION_CANDIDATE,CANDIDATE,81,DCC6,0,0,0,call fallthrough requires return proof,V03C007856
V03R00851,RETURN_CONTINUATION_CANDIDATE,CANDIDATE,81,F96C,0,1,1,call fallthrough requires return proof,V03C007861
V03R00852,RETURN_CONTINUATION_CANDIDATE,CANDIDATE,81,C806,0,0,0,call fallthrough requires return proof,V03C007863
V03R00853,RETURN_CONTINUATION_CANDIDATE,CANDIDATE,9F,FA98,0,1,1,call fallthrough requires return proof,V03C007871;V03C008023
V03R00854,RETURN_CONTINUATION_CANDIDATE,CANDIDATE,9F,F68E,0,1,1,call fallthrough requires return proof,V03C007879
V03R00855,RETURN_CONTINUATION_CANDIDATE,CANDIDATE,9F,F5FD,0,0,0,call fallthrough requires return proof,V03C007881
V03R00856,RETURN_CONTINUATION_CANDIDATE,CANDIDATE,9F,F5B2,0,1,1,call fallthrough requires return proof,V03C007886
V03R00857,RETURN_CONTINUATION_CANDIDATE,CANDIDATE,9F,F648,0,0,0,call fallthrough requires return proof,V03C007890
V03R00858,RETURN_CONTINUATION_CANDIDATE,CANDIDATE,9F,F627,0,0,0,call fallthrough requires return proof,V03C007892
V03R00859,RETURN_CONTINUATION_CANDIDATE,CANDIDATE,81,F779,0,1,1,call fallthrough requires return proof,V03C007896
V03R00860,RETURN_CONTINUATION_CANDIDATE,CANDIDATE,81,F7E3,0,1,1,call fallthrough requires return proof,V03C007900
V03R00861,RETURN_CONTINUATION_CANDIDATE,CANDIDATE,81,9024,0,0,0,call fallthrough requires return proof,V03C007907
V03R00862,RETURN_CONTINUATION_CANDIDATE,CANDIDATE,81,BB1F,0,1,1,call fallthrough requires return proof,V03C007914
V03R00863,RETURN_CONTINUATION_CANDIDATE,CANDIDATE,80,E373,0,0,0,call fallthrough requires return proof,V03C007942
V03R00864,WIDTH_CANDIDATE,CANDIDATE,80,FB67,0,0,0,native PLP status unknown,V03C007945;V03C014031
V03R00865,WIDTH_CANDIDATE,CANDIDATE,80,FB67,0,0,1,native PLP status unknown,V03C007945;V03C014031
V03R00866,WIDTH_CANDIDATE,CANDIDATE,80,FB67,0,1,0,native PLP status unknown,V03C007945;V03C014031
V03R00867,WIDTH_CANDIDATE,CANDIDATE,80,FB67,0,1,1,native PLP status unknown,V03C007945;V03C014031
V03R00868,RETURN_CONTINUATION_CANDIDATE,CANDIDATE,80,93B9,0,1,1,call fallthrough requires return proof,V03C007971
V03R00869,RETURN_CONTINUATION_CANDIDATE,CANDIDATE,80,BA53,0,1,1,call fallthrough requires return proof,V03C008003
V03R00870,RETURN_CONTINUATION_CANDIDATE,CANDIDATE,81,F9B2,0,1,1,call fallthrough requires return proof,V03C008006
V03R00871,RETURN_CONTINUATION_CANDIDATE,CANDIDATE,81,C809,0,0,0,call fallthrough requires return proof,V03C008011
V03R00872,RETURN_CONTINUATION_CANDIDATE,CANDIDATE,9F,FA9C,0,1,1,call fallthrough requires return proof,V03C008019
V03R00873,RETURN_CONTINUATION_CANDIDATE,CANDIDATE,9F,FADA,0,1,1,call fallthrough requires return proof,V03C008020
V03R00874,RETURN_CONTINUATION_CANDIDATE,CANDIDATE,9F,FAD2,0,1,1,call fallthrough requires return proof,V03C008021
V03R00875,RETURN_CONTINUATION_CANDIDATE,CANDIDATE,81,9CB4,0,1,1,call fallthrough requires return proof,V03C008026
V03R00876,RETURN_CONTINUATION_CANDIDATE,CANDIDATE,9F,F692,0,1,1,call fallthrough requires return proof,V03C008028
V03R00877,RETURN_CONTINUATION_CANDIDATE,CANDIDATE,9F,F5CB,0,0,0,call fallthrough requires return proof,V03C008032
V03R00878,RETURN_CONTINUATION_CANDIDATE,CANDIDATE,9F,FD32,0,0,0,call fallthrough requires return proof,V03C008040
V03R00879,RETURN_CONTINUATION_CANDIDATE,CANDIDATE,81,9027,0,0,0,call fallthrough requires return proof,V03C008054
V03R00880,RETURN_CONTINUATION_CANDIDATE,CANDIDATE,81,DD5F,0,0,0,call fallthrough requires return proof,V03C008064
V03R00881,RETURN_CONTINUATION_CANDIDATE,CANDIDATE,80,94D0,0,0,0,call fallthrough requires return proof,V03C008120
V03R00882,RETURN_CONTINUATION_CANDIDATE,CANDIDATE,80,C8F1,0,1,1,call fallthrough requires return proof,V03C008137
V03R00883,RETURN_CONTINUATION_CANDIDATE,CANDIDATE,80,CAD4,0,0,0,call fallthrough requires return proof,V03C008140
V03R00884,RETURN_CONTINUATION_CANDIDATE,CANDIDATE,80,D1C5,0,0,0,call fallthrough requires return proof,V03C008143
V03R00885,RETURN_CONTINUATION_CANDIDATE,CANDIDATE,80,BA56,0,1,1,call fallthrough requires return proof,V03C008148
V03R00886,RETURN_CONTINUATION_CANDIDATE,CANDIDATE,81,9D3A,0,1,1,call fallthrough requires return proof,V03C008155
V03R00887,RETURN_CONTINUATION_CANDIDATE,CANDIDATE,81,9C89,0,1,1,call fallthrough requires return proof,V03C008173
V03R00888,RETURN_CONTINUATION_CANDIDATE,CANDIDATE,92,F090,0,0,0,call fallthrough requires return proof,V03C008178
V03R00889,RETURN_CONTINUATION_CANDIDATE,CANDIDATE,9F,F603,0,0,0,call fallthrough requires return proof,V03C008179
V03R00890,RETURN_CONTINUATION_CANDIDATE,CANDIDATE,9F,F5CF,0,0,0,call fallthrough requires return proof,V03C008181
V03R00891,RETURN_CONTINUATION_CANDIDATE,CANDIDATE,9F,F64E,0,0,0,call fallthrough requires return proof,V03C008187
V03R00892,RETURN_CONTINUATION_CANDIDATE,CANDIDATE,9F,F62D,0,0,0,call fallthrough requires return proof,V03C008190
V03R00893,WIDTH_CANDIDATE,CANDIDATE,92,EEF9,0,0,0,native PLP status unknown,V03C008198;V03C018471
V03R00894,WIDTH_CANDIDATE,CANDIDATE,92,EEF9,0,0,1,native PLP status unknown,V03C008198;V03C018471
V03R00895,WIDTH_CANDIDATE,CANDIDATE,92,EEF9,0,1,0,native PLP status unknown,V03C008198;V03C018471
V03R00896,WIDTH_CANDIDATE,CANDIDATE,92,EEF9,0,1,1,native PLP status unknown,V03C008198;V03C018471
V03R00897,RETURN_CONTINUATION_CANDIDATE,CANDIDATE,81,902A,0,0,0,call fallthrough requires return proof,V03C008204
V03R00898,RETURN_CONTINUATION_CANDIDATE,CANDIDATE,80,93C4,0,1,1,call fallthrough requires return proof,V03C008260
V03R00899,RETURN_CONTINUATION_CANDIDATE,CANDIDATE,80,B35B,0,1,1,call fallthrough requires return proof,V03C008294
V03R00900,RETURN_CONTINUATION_CANDIDATE,CANDIDATE,80,BA59,0,1,1,call fallthrough requires return proof,V03C008295
V03R00901,RETURN_CONTINUATION_CANDIDATE,CANDIDATE,81,C837,0,0,0,call fallthrough requires return proof,V03C008305
V03R00902,RETURN_CONTINUATION_CANDIDATE,CANDIDATE,81,C7FA,0,0,0,call fallthrough requires return proof,V03C008307
V03R00903,RETURN_CONTINUATION_CANDIDATE,CANDIDATE,9F,FAA2,0,1,1,call fallthrough requires return proof,V03C008315
V03R00904,RETURN_CONTINUATION_CANDIDATE,CANDIDATE,9F,FAE0,0,1,1,call fallthrough requires return proof,V03C008317
V03R00905,RETURN_CONTINUATION_CANDIDATE,CANDIDATE,9F,F6FE,0,1,1,call fallthrough requires return proof,V03C008335
V03R00906,RETURN_CONTINUATION_CANDIDATE,CANDIDATE,9F,FD38,0,0,0,call fallthrough requires return proof,V03C008340
V03R00907,RETURN_CONTINUATION_CANDIDATE,CANDIDATE,81,DCE3,0,0,0,call fallthrough requires return proof,V03C008367
V03R00908,RETURN_CONTINUATION_CANDIDATE,CANDIDATE,81,B04D,0,1,1,call fallthrough requires return proof,V03C008375
V03R00909,RETURN_CONTINUATION_CANDIDATE,CANDIDATE,81,B042,0,1,1,call fallthrough requires return proof,V03C008376
V03R00910,RETURN_CONTINUATION_CANDIDATE,CANDIDATE,80,9551,0,0,0,call fallthrough requires return proof,V03C008415
V03R00911,RETURN_CONTINUATION_CANDIDATE,CANDIDATE,80,BA5D,0,1,1,call fallthrough requires return proof,V03C008447
V03R00912,RETURN_CONTINUATION_CANDIDATE,CANDIDATE,81,CFA7,0,0,0,call fallthrough requires return proof,V03C008461
V03R00913,WIDTH_CANDIDATE,CANDIDATE,81,9C8B,0,0,0,native PLP status unknown,V03C008472
V03R00914,WIDTH_CANDIDATE,CANDIDATE,81,9C8B,0,0,1,native PLP status unknown,V03C008472
V03R00915,WIDTH_CANDIDATE,CANDIDATE,81,9C8B,0,1,0,native PLP status unknown,V03C008472
V03R00916,WIDTH_CANDIDATE,CANDIDATE,81,9C8B,0,1,1,native PLP status unknown,V03C008472
V03R00917,RETURN_CONTINUATION_CANDIDATE,CANDIDATE,9F,F69A,0,0,0,call fallthrough requires return proof,V03C008476
V03R00918,RETURN_CONTINUATION_CANDIDATE,CANDIDATE,9F,F607,0,0,0,call fallthrough requires return proof,V03C008479
V03R00919,RETURN_CONTINUATION_CANDIDATE,CANDIDATE,9F,F5D5,0,0,0,call fallthrough requires return proof,V03C008482
V03R00920,RETURN_CONTINUATION_CANDIDATE,CANDIDATE,81,CF62,0,1,1,call fallthrough requires return proof,V03C008484
V03R00921,RETURN_CONTINUATION_CANDIDATE,CANDIDATE,9F,F702,0,1,1,call fallthrough requires return proof,V03C008485
V03R00922,RETURN_CONTINUATION_CANDIDATE,CANDIDATE,9F,F654,0,0,0,call fallthrough requires return proof,V03C008486
V03R00923,RETURN_CONTINUATION_CANDIDATE,CANDIDATE,9F,F633,0,0,0,call fallthrough requires return proof,V03C008489
V03R00924,RETURN_CONTINUATION_CANDIDATE,CANDIDATE,81,DCE6,0,0,0,call fallthrough requires return proof,V03C008510
V03R00925,RETURN_CONTINUATION_CANDIDATE,CANDIDATE,80,8BA7,0,1,1,call fallthrough requires return proof,V03C008549
V03R00926,RETURN_CONTINUATION_CANDIDATE,CANDIDATE,80,955F,0,0,0,call fallthrough requires return proof,V03C008555
V03R00927,RETURN_CONTINUATION_CANDIDATE,CANDIDATE,80,93EA,0,0,0,call fallthrough requires return proof,V03C008558
V03R00928,RETURN_CONTINUATION_CANDIDATE,CANDIDATE,80,B35F,0,1,1,call fallthrough requires return proof,V03C008582
V03R00929,RETURN_CONTINUATION_CANDIDATE,CANDIDATE,80,BA60,0,1,1,call fallthrough requires return proof,V03C008584
V03R00930,RETURN_CONTINUATION_CANDIDATE,CANDIDATE,80,FBAB,0,1,1,call fallthrough requires return proof,V03C008587
V03R00931,RETURN_CONTINUATION_CANDIDATE,CANDIDATE,81,F97A,0,1,1,call fallthrough requires return proof,V03C008590
V03R00932,RETURN_CONTINUATION_CANDIDATE,CANDIDATE,81,C83C,0,1,1,call fallthrough requires return proof,V03C008593
V03R00933,RETURN_CONTINUATION_CANDIDATE,CANDIDATE,81,9C44,0,1,1,call fallthrough requires return proof,V03C008600
V03R00934,RETURN_CONTINUATION_CANDIDATE,CANDIDATE,81,A02B,0,1,1,call fallthrough requires return proof,V03C008603
V03R00935,RETURN_CONTINUATION_CANDIDATE,CANDIDATE,9F,FAE6,0,1,1,call fallthrough requires return proof,V03C008604
V03R00936,RETURN_CONTINUATION_CANDIDATE,CANDIDATE,92,F09E,0,0,0,call fallthrough requires return proof,V03C008617
V03R00937,RETURN_CONTINUATION_CANDIDATE,CANDIDATE,9F,F5D9,0,0,0,call fallthrough requires return proof,V03C008619
V03R00938,RETURN_CONTINUATION_CANDIDATE,CANDIDATE,9F,F706,0,1,1,call fallthrough requires return proof,V03C008623
V03R00939,RETURN_CONTINUATION_CANDIDATE,CANDIDATE,81,DE7E,0,0,0,call fallthrough requires return proof,V03C008625
V03R00940,RETURN_CONTINUATION_CANDIDATE,CANDIDATE,81,9068,0,0,0,call fallthrough requires return proof,V03C008638
V03R00941,RETURN_CONTINUATION_CANDIDATE,CANDIDATE,81,BFA1,0,0,0,call fallthrough requires return proof,V03C008642
V03R00942,RETURN_CONTINUATION_CANDIDATE,CANDIDATE,80,D641,0,1,1,call fallthrough requires return proof,V03C008670
V03R00943,RETURN_CONTINUATION_CANDIDATE,CANDIDATE,80,9454,0,0,0,call fallthrough requires return proof,V03C008692
V03R00944,RETURN_CONTINUATION_CANDIDATE,CANDIDATE,81,DE71,0,0,0,call fallthrough requires return proof,V03C008700
V03R00945,RETURN_CONTINUATION_CANDIDATE,CANDIDATE,81,DE56,0,0,0,call fallthrough requires return proof,V03C008701
V03R00946,RETURN_CONTINUATION_CANDIDATE,CANDIDATE,80,C8F9,0,1,1,call fallthrough requires return proof,V03C008712
V03R00947,RETURN_CONTINUATION_CANDIDATE,CANDIDATE,80,BA63,0,1,1,call fallthrough requires return proof,V03C008725
V03R00948,RETURN_CONTINUATION_CANDIDATE,CANDIDATE,81,F97E,0,1,1,call fallthrough requires return proof,V03C008732
V03R00949,RETURN_CONTINUATION_CANDIDATE,CANDIDATE,9F,F90E,0,0,0,call fallthrough requires return proof,V03C008751
V03R00950,RETURN_CONTINUATION_CANDIDATE,CANDIDATE,92,F0E3,0,1,1,call fallthrough requires return proof,V03C008757
V03R00951,RETURN_CONTINUATION_CANDIDATE,CANDIDATE,9F,F60D,0,1,1,call fallthrough requires return proof,V03C008758
V03R00952,RETURN_CONTINUATION_CANDIDATE,CANDIDATE,9F,F70A,0,1,1,call fallthrough requires return proof,V03C008765
V03R00953,RETURN_CONTINUATION_CANDIDATE,CANDIDATE,9F,F65A,0,0,0,call fallthrough requires return proof,V03C008766
V03R00954,RETURN_CONTINUATION_CANDIDATE,CANDIDATE,9F,F639,0,1,1,call fallthrough requires return proof,V03C008770
V03R00955,RETURN_CONTINUATION_CANDIDATE,CANDIDATE,81,9036,0,0,0,call fallthrough requires return proof,V03C008782
V03R00956,RETURN_CONTINUATION_CANDIDATE,CANDIDATE,80,E384,0,0,0,call fallthrough requires return proof,V03C008802
V03R00957,RETURN_CONTINUATION_CANDIDATE,CANDIDATE,80,94E7,0,0,0,call fallthrough requires return proof,V03C008832
V03R00958,RETURN_CONTINUATION_CANDIDATE,CANDIDATE,92,FB50,0,1,1,call fallthrough requires return proof,V03C008854
V03R00959,RETURN_CONTINUATION_CANDIDATE,CANDIDATE,80,B363,0,1,1,call fallthrough requires return proof,V03C008858
V03R00960,RETURN_CONTINUATION_CANDIDATE,CANDIDATE,81,DD43,0,0,0,call fallthrough requires return proof,V03C008863
V03R00961,RETURN_CONTINUATION_CANDIDATE,CANDIDATE,81,CFB1,0,0,0,call fallthrough requires return proof,V03C008877
V03R00962,RETURN_CONTINUATION_CANDIDATE,CANDIDATE,81,9DAF,0,1,1,call fallthrough requires return proof,V03C008880
V03R00963,RETURN_CONTINUATION_CANDIDATE,CANDIDATE,9F,F911,0,0,0,call fallthrough requires return proof,V03C008886
V03R00964,RETURN_CONTINUATION_CANDIDATE,CANDIDATE,9F,F5DF,0,0,0,call fallthrough requires return proof,V03C008897
V03R00965,RETURN_CONTINUATION_CANDIDATE,CANDIDATE,9F,F70D,0,1,1,call fallthrough requires return proof,V03C008899
V03R00966,RETURN_CONTINUATION_CANDIDATE,CANDIDATE,9F,FD45,0,0,0,call fallthrough requires return proof,V03C008903
V03R00967,RETURN_CONTINUATION_CANDIDATE,CANDIDATE,81,904D,0,0,0,call fallthrough requires return proof,V03C008914
V03R00968,RETURN_CONTINUATION_CANDIDATE,CANDIDATE,81,BB62,0,1,1,call fallthrough requires return proof,V03C008922
V03R00969,RETURN_CONTINUATION_CANDIDATE,CANDIDATE,81,B217,0,0,0,call fallthrough requires return proof,V03C008924
V03R00970,RETURN_CONTINUATION_CANDIDATE,CANDIDATE,81,DCED,0,0,0,call fallthrough requires return proof,V03C008925
V03R00971,RETURN_CONTINUATION_CANDIDATE,CANDIDATE,80,CEDE,0,1,1,call fallthrough requires return proof,V03C008975
V03R00972,RETURN_CONTINUATION_CANDIDATE,CANDIDATE,92,FB53,0,1,1,call fallthrough requires return proof,V03C008986
V03R00973,WIDTH_CANDIDATE,CANDIDATE,80,FCED,0,0,0,native PLP status unknown,V03C008987;V03C009386
V03R00974,WIDTH_CANDIDATE,CANDIDATE,80,FCED,0,0,1,native PLP status unknown,V03C008987;V03C009386
V03R00975,WIDTH_CANDIDATE,CANDIDATE,80,FCED,0,1,0,native PLP status unknown,V03C008987;V03C009386
V03R00976,WIDTH_CANDIDATE,CANDIDATE,80,FCED,0,1,1,native PLP status unknown,V03C008987;V03C009386
V03R00977,RETURN_CONTINUATION_CANDIDATE,CANDIDATE,80,BA69,0,0,0,call fallthrough requires return proof,V03C008993
V03R00978,RETURN_CONTINUATION_CANDIDATE,CANDIDATE,81,C81C,0,0,0,call fallthrough requires return proof,V03C009002
V03R00979,RETURN_CONTINUATION_CANDIDATE,CANDIDATE,9F,F736,0,0,0,call fallthrough requires return proof,V03C009018
V03R00980,RETURN_CONTINUATION_CANDIDATE,CANDIDATE,9F,F6C0,0,0,0,call fallthrough requires return proof,V03C009021
V03R00981,RETURN_CONTINUATION_CANDIDATE,CANDIDATE,92,F0E9,0,1,1,call fallthrough requires return proof,V03C009024
V03R00982,RETURN_CONTINUATION_CANDIDATE,CANDIDATE,92,F0AC,0,0,0,call fallthrough requires return proof,V03C009026
V03R00983,RETURN_CONTINUATION_CANDIDATE,CANDIDATE,9F,F5E3,0,0,0,call fallthrough requires return proof,V03C009028
V03R00984,RETURN_CONTINUATION_CANDIDATE,CANDIDATE,9F,F711,0,1,1,call fallthrough requires return proof,V03C009030
V03R00985,RETURN_CONTINUATION_CANDIDATE,CANDIDATE,9F,F660,0,0,0,call fallthrough requires return proof,V03C009031
V03R00986,RETURN_CONTINUATION_CANDIDATE,CANDIDATE,81,BFA9,0,0,0,call fallthrough requires return proof,V03C009046
V03R00987,RETURN_CONTINUATION_CANDIDATE,CANDIDATE,80,B1EA,0,1,1,call fallthrough requires return proof,V03C009084
V03R00988,RETURN_CONTINUATION_CANDIDATE,CANDIDATE,80,9917,0,1,1,call fallthrough requires return proof,V03C009090
V03R00989,RETURN_CONTINUATION_CANDIDATE,CANDIDATE,92,FB56,0,1,1,call fallthrough requires return proof,V03C009119
V03R00990,RETURN_CONTINUATION_CANDIDATE,CANDIDATE,80,B367,0,1,1,call fallthrough requires return proof,V03C009126
V03R00991,RETURN_CONTINUATION_CANDIDATE,CANDIDATE,81,F987,0,1,1,call fallthrough requires return proof,V03C009136
V03R00992,RETURN_CONTINUATION_CANDIDATE,CANDIDATE,81,C834,0,0,0,call fallthrough requires return proof,V03C009138
V03R00993,RETURN_CONTINUATION_CANDIDATE,CANDIDATE,81,CFB8,0,0,0,call fallthrough requires return proof,V03C009146
V03R00994,RETURN_CONTINUATION_CANDIDATE,CANDIDATE,9F,F6C3,0,0,0,call fallthrough requires return proof,V03C009160
V03R00995,RETURN_CONTINUATION_CANDIDATE,CANDIDATE,80,84BA,0,1,0,call fallthrough requires return proof,V03C009174
V03R00996,RETURN_CONTINUATION_CANDIDATE,CANDIDATE,81,9096,0,0,0,call fallthrough requires return proof,V03C009183
V03R00997,RETURN_CONTINUATION_CANDIDATE,CANDIDATE,81,BD1F,0,0,0,call fallthrough requires return proof,V03C009186
V03R00998,RETURN_CONTINUATION_CANDIDATE,CANDIDATE,81,BB7F,0,1,1,call fallthrough requires return proof,V03C009187
V03R00999,RETURN_CONTINUATION_CANDIDATE,CANDIDATE,80,E38B,0,0,0,call fallthrough requires return proof,V03C009205
V03R01000,RETURN_CONTINUATION_CANDIDATE,CANDIDATE,80,990E,0,0,0,call fallthrough requires return proof,V03C009229
V03R01001,RETURN_CONTINUATION_CANDIDATE,CANDIDATE,80,CEE3,0,1,1,call fallthrough requires return proof,V03C009242
V03R01002,RETURN_CONTINUATION_CANDIDATE,CANDIDATE,80,C901,0,1,1,call fallthrough requires return proof,V03C009247
V03R01003,RETURN_CONTINUATION_CANDIDATE,CANDIDATE,92,FB59,0,1,1,call fallthrough requires return proof,V03C009256
V03R01004,RETURN_CONTINUATION_CANDIDATE,CANDIDATE,80,BA6E,0,1,1,call fallthrough requires return proof,V03C009265
V03R01005,RETURN_CONTINUATION_CANDIDATE,CANDIDATE,9F,FAF5,0,0,0,call fallthrough requires return proof,V03C009287
V03R01006,RETURN_CONTINUATION_CANDIDATE,CANDIDATE,80,946B,0,0,0,call fallthrough requires return proof,V03C009361
V03R01007,RETURN_CONTINUATION_CANDIDATE,CANDIDATE,80,91C7,0,1,1,call fallthrough requires return proof,V03C009366
V03R01008,RETURN_CONTINUATION_CANDIDATE,CANDIDATE,80,B513,0,1,1,call fallthrough requires return proof,V03C009388
V03R01009,RETURN_CONTINUATION_CANDIDATE,CANDIDATE,81,DDBC,0,0,0,call fallthrough requires return proof,V03C009407
V03R01010,RETURN_CONTINUATION_CANDIDATE,CANDIDATE,81,CFBE,0,0,0,call fallthrough requires return proof,V03C009416
V03R01011,RETURN_CONTINUATION_CANDIDATE,CANDIDATE,92,F0BA,0,0,0,call fallthrough requires return proof,V03C009436
V03R01012,RETURN_CONTINUATION_CANDIDATE,CANDIDATE,81,BFB1,0,0,0,call fallthrough requires return proof,V03C009451
V03R01013,RETURN_CONTINUATION_CANDIDATE,CANDIDATE,81,B223,0,0,0,call fallthrough requires return proof,V03C009458
V03R01014,RETURN_CONTINUATION_CANDIDATE,CANDIDATE,80,93FA,0,0,0,call fallthrough requires return proof,V03C009498
V03R01015,RETURN_CONTINUATION_CANDIDATE,CANDIDATE,80,CEE8,0,1,1,call fallthrough requires return proof,V03C009506
V03R01016,RETURN_CONTINUATION_CANDIDATE,CANDIDATE,80,B36E,0,1,1,call fallthrough requires return proof,V03C009521
V03R01017,RETURN_CONTINUATION_CANDIDATE,CANDIDATE,81,C828,0,0,0,call fallthrough requires return proof,V03C009535
V03R01018,RETURN_CONTINUATION_CANDIDATE,CANDIDATE,81,CAD0,0,0,0,call fallthrough requires return proof,V03C009538
V03R01019,RETURN_CONTINUATION_CANDIDATE,CANDIDATE,81,CAB6,0,0,0,call fallthrough requires return proof,V03C009539
V03R01020,RETURN_CONTINUATION_CANDIDATE,CANDIDATE,9F,F743,0,0,0,call fallthrough requires return proof,V03C009553
V03R01021,RETURN_CONTINUATION_CANDIDATE,CANDIDATE,9F,F7C6,0,0,0,call fallthrough requires return proof,V03C009565
V03R01022,RETURN_CONTINUATION_CANDIDATE,CANDIDATE,81,BB41,0,1,1,call fallthrough requires return proof,V03C009581
V03R01023,RETURN_CONTINUATION_CANDIDATE,CANDIDATE,80,93FD,0,0,0,call fallthrough requires return proof,V03C009621
V03R01024,RETURN_CONTINUATION_CANDIDATE,CANDIDATE,81,C3EB,0,1,1,call fallthrough requires return proof,V03C009625
V03R01025,RETURN_CONTINUATION_CANDIDATE,CANDIDATE,80,FCE5,0,0,0,call fallthrough requires return proof,V03C009642
V03R01026,RETURN_CONTINUATION_CANDIDATE,CANDIDATE,80,BA77,0,1,1,call fallthrough requires return proof,V03C009655
V03R01027,RETURN_CONTINUATION_CANDIDATE,CANDIDATE,81,CAEF,0,0,0,call fallthrough requires return proof,V03C009664
V03R01028,RETURN_CONTINUATION_CANDIDATE,CANDIDATE,81,CFC4,0,0,0,call fallthrough requires return proof,V03C009670
V03R01029,RETURN_CONTINUATION_CANDIDATE,CANDIDATE,9F,F7C9,0,0,0,call fallthrough requires return proof,V03C009693
V03R01030,RETURN_CONTINUATION_CANDIDATE,CANDIDATE,9F,F66E,0,1,1,call fallthrough requires return proof,V03C009694
V03R01031,RETURN_CONTINUATION_CANDIDATE,CANDIDATE,81,BB45,0,1,1,call fallthrough requires return proof,V03C009709
V03R01032,RETURN_CONTINUATION_CANDIDATE,CANDIDATE,80,E312,0,0,0,call fallthrough requires return proof,V03C009723
V03R01033,RETURN_CONTINUATION_CANDIDATE,CANDIDATE,80,94F7,0,0,0,call fallthrough requires return proof,V03C009748
V03R01034,RETURN_CONTINUATION_CANDIDATE,CANDIDATE,80,9AE6,0,1,1,call fallthrough requires return proof,V03C009752
V03R01035,RETURN_CONTINUATION_CANDIDATE,CANDIDATE,80,BD10,0,1,1,call fallthrough requires return proof,V03C009789
V03R01036,RETURN_CONTINUATION_CANDIDATE,CANDIDATE,80,BA7A,0,1,1,call fallthrough requires return proof,V03C009790
V03R01037,RETURN_CONTINUATION_CANDIDATE,CANDIDATE,81,9D70,0,0,0,call fallthrough requires return proof,V03C009811
V03R01038,RETURN_CONTINUATION_CANDIDATE,CANDIDATE,9F,FB02,0,0,0,call fallthrough requires return proof,V03C009812
V03R01039,RETURN_CONTINUATION_CANDIDATE,CANDIDATE,9F,F6D0,0,0,0,call fallthrough requires return proof,V03C009819
V03R01040,RETURN_CONTINUATION_CANDIDATE,CANDIDATE,92,F0C8,0,0,0,call fallthrough requires return proof,V03C009824
V03R01041,RETURN_CONTINUATION_CANDIDATE,CANDIDATE,9F,F5F4,0,0,0,call fallthrough requires return proof,V03C009825
V03R01042,RETURN_CONTINUATION_CANDIDATE,CANDIDATE,81,BFB9,0,0,0,call fallthrough requires return proof,V03C009837
V03R01043,RETURN_CONTINUATION_CANDIDATE,CANDIDATE,81,C04E,0,0,0,call fallthrough requires return proof,V03C009841
V03R01044,RETURN_CONTINUATION_CANDIDATE,CANDIDATE,81,DCF8,0,0,0,call fallthrough requires return proof,V03C009846
V03R01045,RETURN_CONTINUATION_CANDIDATE,CANDIDATE,80,94FA,0,0,0,call fallthrough requires return proof,V03C009882
V03R01046,RETURN_CONTINUATION_CANDIDATE,CANDIDATE,81,C3DF,0,1,1,call fallthrough requires return proof,V03C009893
V03R01047,RETURN_CONTINUATION_CANDIDATE,CANDIDATE,81,8AB4,0,0,0,call fallthrough requires return proof,V03C009902
V03R01048,RETURN_CONTINUATION_CANDIDATE,CANDIDATE,80,B375,0,1,1,call fallthrough requires return proof,V03C009915
V03R01049,RETURN_CONTINUATION_CANDIDATE,CANDIDATE,80,BA7D,0,1,1,call fallthrough requires return proof,V03C009924
V03R01050,RETURN_CONTINUATION_CANDIDATE,CANDIDATE,92,F12D,0,1,1,call fallthrough requires return proof,V03C009953
V03R01051,RETURN_CONTINUATION_CANDIDATE,CANDIDATE,92,F0FC,0,0,0,call fallthrough requires return proof,V03C009955
V03R01052,RETURN_CONTINUATION_CANDIDATE,CANDIDATE,9F,F5F8,0,0,0,call fallthrough requires return proof,V03C009957
V03R01053,RETURN_CONTINUATION_CANDIDATE,CANDIDATE,81,B22F,0,0,0,call fallthrough requires return proof,V03C009979
V03R01054,RETURN_CONTINUATION_CANDIDATE,CANDIDATE,80,BA80,0,1,1,call fallthrough requires return proof,V03C010055
V03R01055,RETURN_CONTINUATION_CANDIDATE,CANDIDATE,81,F997,0,1,1,call fallthrough requires return proof,V03C010061
V03R01056,RETURN_CONTINUATION_CANDIDATE,CANDIDATE,81,DDC7,0,0,0,call fallthrough requires return proof,V03C010062
V03R01057,RETURN_CONTINUATION_CANDIDATE,CANDIDATE,81,CADC,0,0,0,call fallthrough requires return proof,V03C010064
V03R01058,RETURN_CONTINUATION_CANDIDATE,CANDIDATE,81,CAC2,0,0,0,call fallthrough requires return proof,V03C010065
V03R01059,RETURN_CONTINUATION_CANDIDATE,CANDIDATE,9F,F750,0,0,0,call fallthrough requires return proof,V03C010077
V03R01060,RETURN_CONTINUATION_CANDIDATE,CANDIDATE,9F,F6D6,0,0,0,call fallthrough requires return proof,V03C010080
V03R01061,RETURN_CONTINUATION_CANDIDATE,CANDIDATE,81,BB4E,0,1,1,call fallthrough requires return proof,V03C010104
V03R01062,RETURN_CONTINUATION_CANDIDATE,CANDIDATE,81,DE18,0,0,0,call fallthrough requires return proof,V03C010181
V03R01063,RETURN_CONTINUATION_CANDIDATE,CANDIDATE,80,BA83,0,1,1,call fallthrough requires return proof,V03C010184
V03R01064,RETURN_CONTINUATION_CANDIDATE,CANDIDATE,81,CAFB,0,0,0,call fallthrough requires return proof,V03C010193
V03R01065,RETURN_CONTINUATION_CANDIDATE,CANDIDATE,9F,FB0C,0,0,0,call fallthrough requires return proof,V03C010201
V03R01066,RETURN_CONTINUATION_CANDIDATE,CANDIDATE,81,BFC1,0,0,0,call fallthrough requires return proof,V03C010224
V03R01067,RETURN_CONTINUATION_CANDIDATE,CANDIDATE,81,C056,0,0,0,call fallthrough requires return proof,V03C010231
V03R01068,RETURN_CONTINUATION_CANDIDATE,CANDIDATE,81,DCFF,0,0,0,call fallthrough requires return proof,V03C010236
V03R01069,RETURN_CONTINUATION_CANDIDATE,CANDIDATE,80,B37C,0,1,1,call fallthrough requires return proof,V03C010303
V03R01070,RETURN_CONTINUATION_CANDIDATE,CANDIDATE,81,8B67,0,1,1,call fallthrough requires return proof,V03C010304;V03C011904
V03R01071,RETURN_CONTINUATION_CANDIDATE,CANDIDATE,80,BA86,0,1,1,call fallthrough requires return proof,V03C010311
V03R01072,RETURN_CONTINUATION_CANDIDATE,CANDIDATE,9F,F6DC,0,0,0,call fallthrough requires return proof,V03C010328
V03R01073,RETURN_CONTINUATION_CANDIDATE,CANDIDATE,92,F105,0,1,1,call fallthrough requires return proof,V03C010333
V03R01074,RETURN_CONTINUATION_CANDIDATE,CANDIDATE,92,EDA1,0,0,0,call fallthrough requires return proof,V03C010341
V03R01075,RETURN_CONTINUATION_CANDIDATE,CANDIDATE,80,940F,0,0,0,call fallthrough requires return proof,V03C010389
V03R01076,RETURN_CONTINUATION_CANDIDATE,CANDIDATE,80,DE6E,0,0,0,call fallthrough requires return proof,V03C010394
V03R01077,RETURN_CONTINUATION_CANDIDATE,CANDIDATE,81,C3F6,0,1,1,call fallthrough requires return proof,V03C010397
V03R01078,RETURN_CONTINUATION_CANDIDATE,CANDIDATE,92,FB71,0,1,1,call fallthrough requires return proof,V03C010413
V03R01079,RETURN_CONTINUATION_CANDIDATE,CANDIDATE,81,DE30,0,0,0,call fallthrough requires return proof,V03C010420
V03R01080,RETURN_CONTINUATION_CANDIDATE,CANDIDATE,80,99D7,0,1,1,call fallthrough requires return proof,V03C010423
V03R01081,RETURN_CONTINUATION_CANDIDATE,CANDIDATE,80,BA89,0,1,1,call fallthrough requires return proof,V03C010425
V03R01082,WIDTH_CANDIDATE,CANDIDATE,9F,FBBC,0,0,0,native PLP status unknown,V03C010437
V03R01083,WIDTH_CANDIDATE,CANDIDATE,9F,FBBC,0,0,1,native PLP status unknown,V03C010437
V03R01084,WIDTH_CANDIDATE,CANDIDATE,9F,FBBC,0,1,0,native PLP status unknown,V03C010437
V03R01085,WIDTH_CANDIDATE,CANDIDATE,9F,FBBC,0,1,1,native PLP status unknown,V03C010437
V03R01086,RETURN_CONTINUATION_CANDIDATE,CANDIDATE,9F,F75A,0,0,0,call fallthrough requires return proof,V03C010441
V03R01087,RETURN_CONTINUATION_CANDIDATE,CANDIDATE,80,8136,0,1,1,call fallthrough requires return proof,V03C010445
V03R01088,RETURN_CONTINUATION_CANDIDATE,CANDIDATE,80,9587,0,0,0,call fallthrough requires return proof,V03C010503
V03R01089,RETURN_CONTINUATION_CANDIDATE,CANDIDATE,80,DE71,0,0,0,call fallthrough requires return proof,V03C010514
V03R01090,RETURN_CONTINUATION_CANDIDATE,CANDIDATE,80,9929,0,1,1,call fallthrough requires return proof,V03C010544
V03R01091,RETURN_CONTINUATION_CANDIDATE,CANDIDATE,80,BA8C,0,1,1,call fallthrough requires return proof,V03C010545
V03R01092,RETURN_CONTINUATION_CANDIDATE,CANDIDATE,81,F9C8,0,1,1,call fallthrough requires return proof,V03C010551
V03R01093,RETURN_CONTINUATION_CANDIDATE,CANDIDATE,9F,FB16,0,0,0,call fallthrough requires return proof,V03C010558
V03R01094,WIDTH_CANDIDATE,CANDIDATE,9F,FBFD,0,0,0,native PLP status unknown,V03C010563
V03R01095,WIDTH_CANDIDATE,CANDIDATE,9F,FBFD,0,0,1,native PLP status unknown,V03C010563
V03R01096,WIDTH_CANDIDATE,CANDIDATE,9F,FBFD,0,1,0,native PLP status unknown,V03C010563
V03R01097,WIDTH_CANDIDATE,CANDIDATE,9F,FBFD,0,1,1,native PLP status unknown,V03C010563
V03R01098,RETURN_CONTINUATION_CANDIDATE,CANDIDATE,9F,F6E2,0,1,1,call fallthrough requires return proof,V03C010568
V03R01099,RETURN_CONTINUATION_CANDIDATE,CANDIDATE,81,BFC9,0,0,0,call fallthrough requires return proof,V03C010586
V03R01100,RETURN_CONTINUATION_CANDIDATE,CANDIDATE,81,C065,0,0,0,call fallthrough requires return proof,V03C010593
V03R01101,RETURN_CONTINUATION_CANDIDATE,CANDIDATE,81,B23E,0,0,0,call fallthrough requires return proof,V03C010596
V03R01102,RETURN_CONTINUATION_CANDIDATE,CANDIDATE,80,950C,0,0,0,call fallthrough requires return proof,V03C010630
V03R01103,RETURN_CONTINUATION_CANDIDATE,CANDIDATE,80,CF06,0,1,1,call fallthrough requires return proof,V03C010644
V03R01104,RETURN_CONTINUATION_CANDIDATE,CANDIDATE,80,B383,0,1,1,call fallthrough requires return proof,V03C010657
V03R01105,RETURN_CONTINUATION_CANDIDATE,CANDIDATE,80,99DC,0,1,1,call fallthrough requires return proof,V03C010666
V03R01106,RETURN_CONTINUATION_CANDIDATE,CANDIDATE,81,F9A3,0,1,1,call fallthrough requires return proof,V03C010678
V03R01107,RETURN_CONTINUATION_CANDIDATE,CANDIDATE,92,F10E,0,1,1,call fallthrough requires return proof,V03C010699
V03R01108,RETURN_CONTINUATION_CANDIDATE,CANDIDATE,92,F0D6,0,0,0,call fallthrough requires return proof,V03C010700
V03R01109,RETURN_CONTINUATION_CANDIDATE,CANDIDATE,81,C1B1,0,0,0,call fallthrough requires return proof,V03C010719
V03R01110,RETURN_CONTINUATION_CANDIDATE,CANDIDATE,92,8B56,0,0,0,call fallthrough requires return proof,V03C010729
V03R01111,RETURN_CONTINUATION_CANDIDATE,CANDIDATE,80,9416,0,1,1,call fallthrough requires return proof,V03C010760
V03R01112,RETURN_CONTINUATION_CANDIDATE,CANDIDATE,80,9B49,0,1,1,call fallthrough requires return proof,V03C010762
V03R01113,RETURN_CONTINUATION_CANDIDATE,CANDIDATE,80,CF09,0,1,1,call fallthrough requires return proof,V03C010771
V03R01114,RETURN_CONTINUATION_CANDIDATE,CANDIDATE,80,992E,0,1,1,call fallthrough requires return proof,V03C010797
V03R01115,RETURN_CONTINUATION_CANDIDATE,CANDIDATE,80,BA91,0,0,0,call fallthrough requires return proof,V03C010799
V03R01116,RETURN_CONTINUATION_CANDIDATE,CANDIDATE,81,F9DB,0,1,1,call fallthrough requires return proof,V03C010805
V03R01117,RETURN_CONTINUATION_CANDIDATE,CANDIDATE,9F,F764,0,0,0,call fallthrough requires return proof,V03C010819
V03R01118,RETURN_CONTINUATION_CANDIDATE,CANDIDATE,81,DD87,0,0,0,call fallthrough requires return proof,V03C010850
V03R01119,RETURN_CONTINUATION_CANDIDATE,CANDIDATE,80,948A,0,0,0,call fallthrough requires return proof,V03C010882
V03R01120,RETURN_CONTINUATION_CANDIDATE,CANDIDATE,80,958E,0,1,1,call fallthrough requires return proof,V03C010883
V03R01121,RETURN_CONTINUATION_CANDIDATE,CANDIDATE,80,CF0C,0,1,1,call fallthrough requires return proof,V03C010900
V03R01122,RETURN_CONTINUATION_CANDIDATE,CANDIDATE,80,B52A,0,1,1,call fallthrough requires return proof,V03C010913
V03R01123,RETURN_CONTINUATION_CANDIDATE,CANDIDATE,80,99E1,0,1,1,call fallthrough requires return proof,V03C010925
V03R01124,RETURN_CONTINUATION_CANDIDATE,CANDIDATE,80,BA94,0,0,0,call fallthrough requires return proof,V03C010932
V03R01125,RETURN_CONTINUATION_CANDIDATE,CANDIDATE,9F,F93A,0,1,1,call fallthrough requires return proof,V03C010952
V03R01126,RETURN_CONTINUATION_CANDIDATE,CANDIDATE,92,F115,0,1,1,call fallthrough requires return proof,V03C010959
V03R01127,RETURN_CONTINUATION_CANDIDATE,CANDIDATE,81,C1B7,0,0,0,call fallthrough requires return proof,V03C010977
V03R01128,RETURN_CONTINUATION_CANDIDATE,CANDIDATE,81,C109,0,0,0,call fallthrough requires return proof,V03C010979
V03R01129,RETURN_CONTINUATION_CANDIDATE,CANDIDATE,81,DD0D,0,0,0,call fallthrough requires return proof,V03C010985
V03R01130,RETURN_CONTINUATION_CANDIDATE,CANDIDATE,80,948D,0,0,0,call fallthrough requires return proof,V03C011010
V03R01131,RETURN_CONTINUATION_CANDIDATE,CANDIDATE,80,9513,0,1,1,call fallthrough requires return proof,V03C011012
V03R01132,RETURN_CONTINUATION_CANDIDATE,CANDIDATE,80,CF0F,0,1,1,call fallthrough requires return proof,V03C011031
V03R01133,RETURN_CONTINUATION_CANDIDATE,CANDIDATE,92,FBF5,0,1,1,call fallthrough requires return proof,V03C011040
V03R01134,RETURN_CONTINUATION_CANDIDATE,CANDIDATE,80,B38A,0,1,1,call fallthrough requires return proof,V03C011048
V03R01135,RETURN_CONTINUATION_CANDIDATE,CANDIDATE,80,9933,0,1,1,call fallthrough requires return proof,V03C011060
V03R01136,RETURN_CONTINUATION_CANDIDATE,CANDIDATE,80,BA97,0,0,0,call fallthrough requires return proof,V03C011065
V03R01137,RETURN_CONTINUATION_CANDIDATE,CANDIDATE,9F,F93E,0,1,1,call fallthrough requires return proof,V03C011083
V03R01138,RETURN_CONTINUATION_CANDIDATE,CANDIDATE,81,8D61,0,0,0,call fallthrough requires return proof,V03C011096
V03R01139,RETURN_CONTINUATION_CANDIDATE,CANDIDATE,81,B24A,0,0,0,call fallthrough requires return proof,V03C011111
V03R01140,RETURN_CONTINUATION_CANDIDATE,CANDIDATE,80,BA9A,0,0,0,call fallthrough requires return proof,V03C011193
V03R01141,RETURN_CONTINUATION_CANDIDATE,CANDIDATE,9F,F942,0,1,1,call fallthrough requires return proof,V03C011208
V03R01142,RETURN_CONTINUATION_CANDIDATE,CANDIDATE,80,B967,0,1,1,call fallthrough requires return proof,V03C011213
V03R01143,RETURN_CONTINUATION_CANDIDATE,CANDIDATE,80,DE80,0,0,0,call fallthrough requires return proof,V03C011276
V03R01144,RETURN_CONTINUATION_CANDIDATE,CANDIDATE,81,8B9E,0,0,0,call fallthrough requires return proof,V03C011297;V03C012933
V03R01145,RETURN_CONTINUATION_CANDIDATE,CANDIDATE,81,8B83,0,0,0,call fallthrough requires return proof,V03C011298;V03C012934
V03R01146,RETURN_CONTINUATION_CANDIDATE,CANDIDATE,80,BA9E,0,0,0,call fallthrough requires return proof,V03C011314
V03R01147,RETURN_CONTINUATION_CANDIDATE,CANDIDATE,81,F9F0,0,1,1,call fallthrough requires return proof,V03C011321
V03R01148,RETURN_CONTINUATION_CANDIDATE,CANDIDATE,9F,F946,0,1,1,call fallthrough requires return proof,V03C011329
V03R01149,RETURN_CONTINUATION_CANDIDATE,CANDIDATE,81,BFD8,0,0,0,call fallthrough requires return proof,V03C011343
V03R01150,RETURN_CONTINUATION_CANDIDATE,CANDIDATE,81,BC83,0,1,1,call fallthrough requires return proof,V03C011345
V03R01151,RETURN_CONTINUATION_CANDIDATE,CANDIDATE,81,BC7E,0,1,1,call fallthrough requires return proof,V03C011346
V03R01152,RETURN_CONTINUATION_CANDIDATE,CANDIDATE,81,BC9D,0,1,1,call fallthrough requires return proof,V03C011347
V03R01153,RETURN_CONTINUATION_CANDIDATE,CANDIDATE,81,BC98,0,1,1,call fallthrough requires return proof,V03C011348
V03R01154,RETURN_CONTINUATION_CANDIDATE,CANDIDATE,81,C1BF,0,0,0,call fallthrough requires return proof,V03C011354
V03R01155,RETURN_CONTINUATION_CANDIDATE,CANDIDATE,80,DE83,0,0,0,call fallthrough requires return proof,V03C011395
V03R01156,RETURN_CONTINUATION_CANDIDATE,CANDIDATE,80,E735,0,0,0,call fallthrough requires return proof,V03C011404
V03R01157,RETURN_CONTINUATION_CANDIDATE,CANDIDATE,80,B391,0,1,1,call fallthrough requires return proof,V03C011415
V03R01158,RETURN_CONTINUATION_CANDIDATE,CANDIDATE,80,BB24,0,0,0,call fallthrough requires return proof,V03C011421
V03R01159,RETURN_CONTINUATION_CANDIDATE,CANDIDATE,9F,F949,0,1,1,call fallthrough requires return proof,V03C011450
V03R01160,RETURN_CONTINUATION_CANDIDATE,CANDIDATE,80,FB4B,0,1,1,call fallthrough requires return proof,V03C011468
V03R01161,RETURN_CONTINUATION_CANDIDATE,CANDIDATE,81,DD95,0,0,0,call fallthrough requires return proof,V03C011480
V03R01162,RETURN_CONTINUATION_CANDIDATE,CANDIDATE,80,E738,0,0,0,call fallthrough requires return proof,V03C011529
V03R01163,RETURN_CONTINUATION_CANDIDATE,CANDIDATE,80,F18F,0,0,0,call fallthrough requires return proof,V03C011530
V03R01164,RETURN_CONTINUATION_CANDIDATE,CANDIDATE,81,8BB0,0,0,0,call fallthrough requires return proof,V03C011541;V03C011901
V03R01165,RETURN_CONTINUATION_CANDIDATE,CANDIDATE,80,9A41,0,1,1,call fallthrough requires return proof,V03C011548
V03R01166,RETURN_CONTINUATION_CANDIDATE,CANDIDATE,80,9A24,0,1,1,call fallthrough requires return proof,V03C011550
V03R01167,RETURN_CONTINUATION_CANDIDATE,CANDIDATE,80,BAA3,0,1,1,call fallthrough requires return proof,V03C011563
V03R01168,RETURN_CONTINUATION_CANDIDATE,CANDIDATE,81,8D6B,0,0,0,call fallthrough requires return proof,V03C011588
V03R01169,RETURN_CONTINUATION_CANDIDATE,CANDIDATE,81,BC8A,0,1,1,call fallthrough requires return proof,V03C011592
V03R01170,RETURN_CONTINUATION_CANDIDATE,CANDIDATE,81,BCA4,0,1,1,call fallthrough requires return proof,V03C011596
V03R01171,RETURN_CONTINUATION_CANDIDATE,CANDIDATE,81,BC44,0,1,1,call fallthrough requires return proof,V03C011597
V03R01172,RETURN_CONTINUATION_CANDIDATE,CANDIDATE,81,B256,0,0,0,call fallthrough requires return proof,V03C011606
V03R01173,RETURN_CONTINUATION_CANDIDATE,CANDIDATE,81,DD25,0,0,0,call fallthrough requires return proof,V03C011607
V03R01174,RETURN_CONTINUATION_CANDIDATE,CANDIDATE,80,942C,0,1,1,call fallthrough requires return proof,V03C011629
V03R01175,RETURN_CONTINUATION_CANDIDATE,CANDIDATE,80,F192,0,0,0,call fallthrough requires return proof,V03C011652
V03R01176,RETURN_CONTINUATION_CANDIDATE,CANDIDATE,92,FD3F,0,1,1,call fallthrough requires return proof,V03C011658
V03R01177,RETURN_CONTINUATION_CANDIDATE,CANDIDATE,81,8BA7,0,0,0,call fallthrough requires return proof,V03C011664
V03R01178,RETURN_CONTINUATION_CANDIDATE,CANDIDATE,81,8B8C,0,0,0,call fallthrough requires return proof,V03C011665
V03R01179,RETURN_CONTINUATION_CANDIDATE,CANDIDATE,80,BAA6,0,1,1,call fallthrough requires return proof,V03C011687
V03R01180,RETURN_CONTINUATION_CANDIDATE,CANDIDATE,9F,F94F,0,1,1,call fallthrough requires return proof,V03C011700
V03R01181,RETURN_CONTINUATION_CANDIDATE,CANDIDATE,81,BFE0,0,0,0,call fallthrough requires return proof,V03C011714
V03R01182,RETURN_CONTINUATION_CANDIDATE,CANDIDATE,80,FB51,0,1,1,call fallthrough requires return proof,V03C011717
V03R01183,RETURN_CONTINUATION_CANDIDATE,CANDIDATE,81,BC47,0,1,1,call fallthrough requires return proof,V03C011720
V03R01184,RETURN_CONTINUATION_CANDIDATE,CANDIDATE,81,C1C7,0,0,0,call fallthrough requires return proof,V03C011724
V03R01185,RETURN_CONTINUATION_CANDIDATE,CANDIDATE,80,95A4,0,1,1,call fallthrough requires return proof,V03C011746
V03R01186,RETURN_CONTINUATION_CANDIDATE,CANDIDATE,80,942F,0,1,1,call fallthrough requires return proof,V03C011749
V03R01187,RETURN_CONTINUATION_CANDIDATE,CANDIDATE,80,D101,0,1,1,call fallthrough requires return proof,V03C011764
V03R01188,RETURN_CONTINUATION_CANDIDATE,CANDIDATE,80,D0B2,0,1,1,call fallthrough requires return proof,V03C011765
V03R01189,RETURN_CONTINUATION_CANDIDATE,CANDIDATE,80,B398,0,1,1,call fallthrough requires return proof,V03C011781
V03R01190,RETURN_CONTINUATION_CANDIDATE,CANDIDATE,80,9958,0,1,1,call fallthrough requires return proof,V03C011797
V03R01191,RETURN_CONTINUATION_CANDIDATE,CANDIDATE,81,FA1C,0,1,1,call fallthrough requires return proof,V03C011811
V03R01192,RETURN_CONTINUATION_CANDIDATE,CANDIDATE,80,F94B,0,1,1,call fallthrough requires return proof,V03C011819
V03R01193,RETURN_CONTINUATION_CANDIDATE,CANDIDATE,81,BC4F,0,1,1,call fallthrough requires return proof,V03C011838
V03R01194,RETURN_CONTINUATION_CANDIDATE,CANDIDATE,81,BC32,0,1,1,call fallthrough requires return proof,V03C011839
V03R01195,RETURN_CONTINUATION_CANDIDATE,CANDIDATE,80,9529,0,1,1,call fallthrough requires return proof,V03C011862
V03R01196,RETURN_CONTINUATION_CANDIDATE,CANDIDATE,92,FC3A,0,1,1,call fallthrough requires return proof,V03C011893
V03R01197,RETURN_CONTINUATION_CANDIDATE,CANDIDATE,9F,F955,0,1,1,call fallthrough requires return proof,V03C011942
V03R01198,RETURN_CONTINUATION_CANDIDATE,CANDIDATE,9F,F7F7,0,1,1,call fallthrough requires return proof,V03C011948
V03R01199,RETURN_CONTINUATION_CANDIDATE,CANDIDATE,81,BC35,0,1,1,call fallthrough requires return proof,V03C011961
V03R01200,RETURN_CONTINUATION_CANDIDATE,CANDIDATE,80,952C,0,1,1,call fallthrough requires return proof,V03C011981
V03R01201,RETURN_CONTINUATION_CANDIDATE,CANDIDATE,80,E5D5,0,0,0,call fallthrough requires return proof,V03C012042
V03R01202,RETURN_CONTINUATION_CANDIDATE,CANDIDATE,80,E5D0,0,0,0,call fallthrough requires return proof,V03C012043
V03R01203,RETURN_CONTINUATION_CANDIDATE,CANDIDATE,80,BAAF,0,1,1,call fallthrough requires return proof,V03C012048
V03R01204,RETURN_CONTINUATION_CANDIDATE,CANDIDATE,80,F95A,0,1,1,call fallthrough requires return proof,V03C012065
V03R01205,RETURN_CONTINUATION_CANDIDATE,CANDIDATE,9F,F7FB,0,1,1,call fallthrough requires return proof,V03C012071
V03R01206,RETURN_CONTINUATION_CANDIDATE,CANDIDATE,81,8D75,0,0,0,call fallthrough requires return proof,V03C012077
V03R01207,RETURN_CONTINUATION_CANDIDATE,CANDIDATE,81,BFE8,0,0,0,call fallthrough requires return proof,V03C012078
V03R01208,RETURN_CONTINUATION_CANDIDATE,CANDIDATE,81,BC6B,0,1,1,call fallthrough requires return proof,V03C012082
V03R01209,RETURN_CONTINUATION_CANDIDATE,CANDIDATE,81,C1CF,0,0,0,call fallthrough requires return proof,V03C012087
V03R01210,RETURN_CONTINUATION_CANDIDATE,CANDIDATE,81,B262,0,0,0,call fallthrough requires return proof,V03C012090
V03R01211,RETURN_CONTINUATION_CANDIDATE,CANDIDATE,80,95F2,0,1,1,call fallthrough requires return proof,V03C012107
V03R01212,RETURN_CONTINUATION_CANDIDATE,CANDIDATE,80,D108,0,1,1,call fallthrough requires return proof,V03C012126
V03R01213,RETURN_CONTINUATION_CANDIDATE,CANDIDATE,80,D0B8,0,1,1,call fallthrough requires return proof,V03C012127
V03R01214,RETURN_CONTINUATION_CANDIDATE,CANDIDATE,92,FC3F,0,1,1,call fallthrough requires return proof,V03C012138
V03R01215,RETURN_CONTINUATION_CANDIDATE,CANDIDATE,92,FB98,0,1,1,call fallthrough requires return proof,V03C012140
V03R01216,RETURN_CONTINUATION_CANDIDATE,CANDIDATE,80,B39F,0,1,1,call fallthrough requires return proof,V03C012143
V03R01217,RETURN_CONTINUATION_CANDIDATE,CANDIDATE,80,C69C,0,1,1,call fallthrough requires return proof,V03C012148
V03R01218,RETURN_CONTINUATION_CANDIDATE,CANDIDATE,80,9954,0,1,1,call fallthrough requires return proof,V03C012159
V03R01219,RETURN_CONTINUATION_CANDIDATE,CANDIDATE,80,F02F,0,0,0,call fallthrough requires return proof,V03C012168
V03R01220,RETURN_CONTINUATION_CANDIDATE,CANDIDATE,80,F02A,0,0,0,call fallthrough requires return proof,V03C012169
V03R01221,RETURN_CONTINUATION_CANDIDATE,CANDIDATE,80,BAB2,0,1,1,call fallthrough requires return proof,V03C012173
V03R01222,RETURN_CONTINUATION_CANDIDATE,CANDIDATE,9F,F95B,0,1,1,call fallthrough requires return proof,V03C012188
V03R01223,RETURN_CONTINUATION_CANDIDATE,CANDIDATE,9F,F7FF,0,1,1,call fallthrough requires return proof,V03C012193
V03R01224,RETURN_CONTINUATION_CANDIDATE,CANDIDATE,81,BCDF,0,0,0,call fallthrough requires return proof,V03C012202
V03R01225,RETURN_CONTINUATION_CANDIDATE,CANDIDATE,81,BCD4,0,0,0,call fallthrough requires return proof,V03C012203
V03R01226,RETURN_CONTINUATION_CANDIDATE,CANDIDATE,81,BC3B,0,1,1,call fallthrough requires return proof,V03C012209
V03R01227,RETURN_CONTINUATION_CANDIDATE,CANDIDATE,81,BE0A,0,0,0,call fallthrough requires return proof,V03C012210
V03R01228,RETURN_CONTINUATION_CANDIDATE,CANDIDATE,80,94A9,0,1,1,call fallthrough requires return proof,V03C012229
V03R01229,RETURN_CONTINUATION_CANDIDATE,CANDIDATE,80,DE93,0,0,0,call fallthrough requires return proof,V03C012243
V03R01230,RETURN_CONTINUATION_CANDIDATE,CANDIDATE,80,9F4E,0,1,1,call fallthrough requires return proof,V03C012279
V03R01231,RETURN_CONTINUATION_CANDIDATE,CANDIDATE,80,EC2D,0,0,0,call fallthrough requires return proof,V03C012298
V03R01232,RETURN_CONTINUATION_CANDIDATE,CANDIDATE,80,EC28,0,0,0,call fallthrough requires return proof,V03C012299
V03R01233,RETURN_CONTINUATION_CANDIDATE,CANDIDATE,80,BAB5,0,1,1,call fallthrough requires return proof,V03C012303
V03R01234,WIDTH_CANDIDATE,CANDIDATE,9F,FBD9,0,0,0,native PLP status unknown,V03C012312;V03C012314
V03R01235,WIDTH_CANDIDATE,CANDIDATE,9F,FBD9,0,0,1,native PLP status unknown,V03C012312;V03C012314
V03R01236,WIDTH_CANDIDATE,CANDIDATE,9F,FBD9,0,1,0,native PLP status unknown,V03C012312;V03C012314
V03R01237,WIDTH_CANDIDATE,CANDIDATE,9F,FBD9,0,1,1,native PLP status unknown,V03C012312;V03C012314
V03R01238,RETURN_CONTINUATION_CANDIDATE,CANDIDATE,9F,F95F,0,1,1,call fallthrough requires return proof,V03C012320
V03R01239,RETURN_CONTINUATION_CANDIDATE,CANDIDATE,9F,F803,0,1,1,call fallthrough requires return proof,V03C012325
V03R01240,RETURN_CONTINUATION_CANDIDATE,CANDIDATE,80,B334,0,1,1,call fallthrough requires return proof,V03C012354
V03R01241,RETURN_CONTINUATION_CANDIDATE,CANDIDATE,80,DE96,0,0,0,call fallthrough requires return proof,V03C012375
V03R01242,RETURN_CONTINUATION_CANDIDATE,CANDIDATE,80,D10C,0,1,1,call fallthrough requires return proof,V03C012384
V03R01243,RETURN_CONTINUATION_CANDIDATE,CANDIDATE,80,D0BC,0,1,1,call fallthrough requires return proof,V03C012385
V03R01244,RETURN_CONTINUATION_CANDIDATE,CANDIDATE,80,E741,0,0,0,call fallthrough requires return proof,V03C012388
V03R01245,RETURN_CONTINUATION_CANDIDATE,CANDIDATE,92,FC44,0,1,1,call fallthrough requires return proof,V03C012395
V03R01246,RETURN_CONTINUATION_CANDIDATE,CANDIDATE,80,BB36,0,1,1,call fallthrough requires return proof,V03C012404
V03R01247,RETURN_CONTINUATION_CANDIDATE,CANDIDATE,80,BD1B,0,1,1,call fallthrough requires return proof,V03C012416
V03R01248,RETURN_CONTINUATION_CANDIDATE,CANDIDATE,80,F456,0,0,0,call fallthrough requires return proof,V03C012428
V03R01249,RETURN_CONTINUATION_CANDIDATE,CANDIDATE,80,F451,0,0,0,call fallthrough requires return proof,V03C012429
V03R01250,RETURN_CONTINUATION_CANDIDATE,CANDIDATE,80,BAB8,0,1,1,call fallthrough requires return proof,V03C012431
V03R01251,WIDTH_CANDIDATE,CANDIDATE,9F,FC1A,0,0,0,native PLP status unknown,V03C012444;V03C012446
V03R01252,WIDTH_CANDIDATE,CANDIDATE,9F,FC1A,0,0,1,native PLP status unknown,V03C012444;V03C012446
V03R01253,WIDTH_CANDIDATE,CANDIDATE,9F,FC1A,0,1,0,native PLP status unknown,V03C012444;V03C012446
V03R01254,WIDTH_CANDIDATE,CANDIDATE,9F,FC1A,0,1,1,native PLP status unknown,V03C012444;V03C012446
V03R01255,RETURN_CONTINUATION_CANDIDATE,CANDIDATE,80,F955,0,1,1,call fallthrough requires return proof,V03C012448
V03R01256,RETURN_CONTINUATION_CANDIDATE,CANDIDATE,9F,F963,0,1,1,call fallthrough requires return proof,V03C012450
V03R01257,RETURN_CONTINUATION_CANDIDATE,CANDIDATE,9F,F806,0,1,1,call fallthrough requires return proof,V03C012455
V03R01258,RETURN_CONTINUATION_CANDIDATE,CANDIDATE,81,BFF0,0,0,0,call fallthrough requires return proof,V03C012462
V03R01259,RETURN_CONTINUATION_CANDIDATE,CANDIDATE,81,BCE4,0,1,1,call fallthrough requires return proof,V03C012463
V03R01260,RETURN_CONTINUATION_CANDIDATE,CANDIDATE,81,BCD9,0,1,1,call fallthrough requires return proof,V03C012464
V03R01261,RETURN_CONTINUATION_CANDIDATE,CANDIDATE,81,BDE6,0,0,0,call fallthrough requires return proof,V03C012465
V03R01262,RETURN_CONTINUATION_CANDIDATE,CANDIDATE,81,BDDB,0,0,0,call fallthrough requires return proof,V03C012466
V03R01263,RETURN_CONTINUATION_CANDIDATE,CANDIDATE,81,C1D7,0,0,0,call fallthrough requires return proof,V03C012471
V03R01264,RETURN_CONTINUATION_CANDIDATE,CANDIDATE,80,E769,0,0,0,call fallthrough requires return proof,V03C012516
V03R01265,RETURN_CONTINUATION_CANDIDATE,CANDIDATE,80,E744,0,0,0,call fallthrough requires return proof,V03C012519
V03R01266,RETURN_CONTINUATION_CANDIDATE,CANDIDATE,80,F19B,0,0,0,call fallthrough requires return proof,V03C012522
V03R01267,RETURN_CONTINUATION_CANDIDATE,CANDIDATE,80,B3A6,0,1,1,call fallthrough requires return proof,V03C012530
V03R01268,RETURN_CONTINUATION_CANDIDATE,CANDIDATE,80,BB39,0,1,1,call fallthrough requires return proof,V03C012534
V03R01269,RETURN_CONTINUATION_CANDIDATE,CANDIDATE,80,BABB,0,1,1,call fallthrough requires return proof,V03C012561
V03R01270,WIDTH_CANDIDATE,CANDIDATE,80,F956,0,0,0,native PLP status unknown,V03C012578
V03R01271,WIDTH_CANDIDATE,CANDIDATE,80,F956,0,0,1,native PLP status unknown,V03C012578
V03R01272,WIDTH_CANDIDATE,CANDIDATE,80,F956,0,1,0,native PLP status unknown,V03C012578
V03R01273,WIDTH_CANDIDATE,CANDIDATE,80,F956,0,1,1,native PLP status unknown,V03C012578
V03R01274,RETURN_CONTINUATION_CANDIDATE,CANDIDATE,81,8D81,0,0,0,call fallthrough requires return proof,V03C012590
V03R01275,RETURN_CONTINUATION_CANDIDATE,CANDIDATE,81,BC5F,0,0,0,call fallthrough requires return proof,V03C012596
V03R01276,RETURN_CONTINUATION_CANDIDATE,CANDIDATE,80,9443,0,1,1,call fallthrough requires return proof,V03C012623
V03R01277,RETURN_CONTINUATION_CANDIDATE,CANDIDATE,80,F1C3,0,0,0,call fallthrough requires return proof,V03C012650
V03R01278,RETURN_CONTINUATION_CANDIDATE,CANDIDATE,80,F19E,0,0,0,call fallthrough requires return proof,V03C012653
V03R01279,RETURN_CONTINUATION_CANDIDATE,CANDIDATE,92,FC49,0,1,1,call fallthrough requires return proof,V03C012657
V03R01280,RETURN_CONTINUATION_CANDIDATE,CANDIDATE,81,8BC7,0,1,1,call fallthrough requires return proof,V03C012663
V03R01281,RETURN_CONTINUATION_CANDIDATE,CANDIDATE,80,BB48,0,1,1,call fallthrough requires return proof,V03C012666
V03R01282,RETURN_CONTINUATION_CANDIDATE,CANDIDATE,80,F964,0,1,1,call fallthrough requires return proof,V03C012713
V03R01283,RETURN_CONTINUATION_CANDIDATE,CANDIDATE,9F,F80C,0,1,1,call fallthrough requires return proof,V03C012719
V03R01284,RETURN_CONTINUATION_CANDIDATE,CANDIDATE,81,BE12,0,0,0,call fallthrough requires return proof,V03C012731
V03R01285,RETURN_CONTINUATION_CANDIDATE,CANDIDATE,80,8A5C,0,1,1,call fallthrough requires return proof,V03C012740
V03R01286,RETURN_CONTINUATION_CANDIDATE,CANDIDATE,80,D112,0,1,1,call fallthrough requires return proof,V03C012775
V03R01287,RETURN_CONTINUATION_CANDIDATE,CANDIDATE,80,D0C3,0,1,1,call fallthrough requires return proof,V03C012776
V03R01288,RETURN_CONTINUATION_CANDIDATE,CANDIDATE,80,BAC1,0,1,1,call fallthrough requires return proof,V03C012830
V03R01289,WIDTH_CANDIDATE,CANDIDATE,80,F965,0,0,0,native PLP status unknown,V03C012845
V03R01290,WIDTH_CANDIDATE,CANDIDATE,80,F965,0,0,1,native PLP status unknown,V03C012845
V03R01291,WIDTH_CANDIDATE,CANDIDATE,80,F965,0,1,0,native PLP status unknown,V03C012845
V03R01292,WIDTH_CANDIDATE,CANDIDATE,80,F965,0,1,1,native PLP status unknown,V03C012845
V03R01293,RETURN_CONTINUATION_CANDIDATE,CANDIDATE,9F,F96B,0,0,0,call fallthrough requires return proof,V03C012846
V03R01294,RETURN_CONTINUATION_CANDIDATE,CANDIDATE,81,BC65,0,1,1,call fallthrough requires return proof,V03C012859
V03R01295,RETURN_CONTINUATION_CANDIDATE,CANDIDATE,81,BCC9,0,1,1,call fallthrough requires return proof,V03C012860
V03R01296,RETURN_CONTINUATION_CANDIDATE,CANDIDATE,81,BCC2,0,1,1,call fallthrough requires return proof,V03C012861
V03R01297,RETURN_CONTINUATION_CANDIDATE,CANDIDATE,81,C1DF,0,0,0,call fallthrough requires return proof,V03C012864
V03R01298,RETURN_CONTINUATION_CANDIDATE,CANDIDATE,81,B273,0,0,0,call fallthrough requires return proof,V03C012868
V03R01299,RETURN_CONTINUATION_CANDIDATE,CANDIDATE,80,9540,0,1,1,call fallthrough requires return proof,V03C012883
V03R01300,RETURN_CONTINUATION_CANDIDATE,CANDIDATE,80,B549,0,1,1,call fallthrough requires return proof,V03C012927
V03R01301,RETURN_CONTINUATION_CANDIDATE,CANDIDATE,80,B3AD,0,1,1,call fallthrough requires return proof,V03C012930
V03R01302,RETURN_CONTINUATION_CANDIDATE,CANDIDATE,80,BAC4,0,1,1,call fallthrough requires return proof,V03C012965
V03R01303,RETURN_CONTINUATION_CANDIDATE,CANDIDATE,81,FA2F,0,0,0,call fallthrough requires return proof,V03C012968
V03R01304,RETURN_CONTINUATION_CANDIDATE,CANDIDATE,9F,F812,0,1,1,call fallthrough requires return proof,V03C012988
V03R01305,RETURN_CONTINUATION_CANDIDATE,CANDIDATE,80,8A63,0,1,1,call fallthrough requires return proof,V03C013008
V03R01306,RETURN_CONTINUATION_CANDIDATE,CANDIDATE,80,8D6D,0,1,1,call fallthrough requires return proof,V03C013013
V03R01307,RETURN_CONTINUATION_CANDIDATE,CANDIDATE,80,E5F0,0,0,0,call fallthrough requires return proof,V03C013079
V03R01308,RETURN_CONTINUATION_CANDIDATE,CANDIDATE,80,E5EB,0,0,0,call fallthrough requires return proof,V03C013080
V03R01309,RETURN_CONTINUATION_CANDIDATE,CANDIDATE,80,BAC8,0,1,1,call fallthrough requires return proof,V03C013097
V03R01310,RETURN_CONTINUATION_CANDIDATE,CANDIDATE,80,8A67,0,1,1,call fallthrough requires return proof,V03C013131
V03R01311,RETURN_CONTINUATION_CANDIDATE,CANDIDATE,80,94BF,0,1,1,call fallthrough requires return proof,V03C013138
V03R01312,RETURN_CONTINUATION_CANDIDATE,CANDIDATE,80,D118,0,1,1,call fallthrough requires return proof,V03C013159
V03R01313,RETURN_CONTINUATION_CANDIDATE,CANDIDATE,80,D0C9,0,1,1,call fallthrough requires return proof,V03C013160
V03R01314,RETURN_CONTINUATION_CANDIDATE,CANDIDATE,92,FCB8,0,1,1,call fallthrough requires return proof,V03C013174
V03R01315,RETURN_CONTINUATION_CANDIDATE,CANDIDATE,80,B54E,0,1,1,call fallthrough requires return proof,V03C013177
V03R01316,RETURN_CONTINUATION_CANDIDATE,CANDIDATE,80,C7E5,0,1,1,call fallthrough requires return proof,V03C013180
V03R01317,RETURN_CONTINUATION_CANDIDATE,CANDIDATE,80,F04A,0,0,0,call fallthrough requires return proof,V03C013200
V03R01318,RETURN_CONTINUATION_CANDIDATE,CANDIDATE,80,F045,0,0,0,call fallthrough requires return proof,V03C013201
V03R01319,RETURN_CONTINUATION_CANDIDATE,CANDIDATE,80,BACC,0,1,1,call fallthrough requires return proof,V03C013217
V03R01320,RETURN_CONTINUATION_CANDIDATE,CANDIDATE,9F,F974,0,0,0,call fallthrough requires return proof,V03C013227
V03R01321,RETURN_CONTINUATION_CANDIDATE,CANDIDATE,9F,F818,0,1,1,call fallthrough requires return proof,V03C013231
V03R01322,RETURN_CONTINUATION_CANDIDATE,CANDIDATE,81,C1E7,0,0,0,call fallthrough requires return proof,V03C013240
V03R01323,RETURN_CONTINUATION_CANDIDATE,CANDIDATE,80,DFC4,0,1,1,call fallthrough requires return proof,V03C013269
V03R01324,RETURN_CONTINUATION_CANDIDATE,CANDIDATE,80,B3B4,0,1,1,call fallthrough requires return proof,V03C013297
V03R01325,RETURN_CONTINUATION_CANDIDATE,CANDIDATE,80,9A62,0,1,1,call fallthrough requires return proof,V03C013309
V03R01326,RETURN_CONTINUATION_CANDIDATE,CANDIDATE,80,BD2B,0,1,1,call fallthrough requires return proof,V03C013313
V03R01327,RETURN_CONTINUATION_CANDIDATE,CANDIDATE,80,EC4A,0,0,0,call fallthrough requires return proof,V03C013323
V03R01328,RETURN_CONTINUATION_CANDIDATE,CANDIDATE,80,EC45,0,0,0,call fallthrough requires return proof,V03C013324
V03R01329,RETURN_CONTINUATION_CANDIDATE,CANDIDATE,80,BAD0,0,1,1,call fallthrough requires return proof,V03C013338
V03R01330,RETURN_CONTINUATION_CANDIDATE,CANDIDATE,9F,F81C,0,1,1,call fallthrough requires return proof,V03C013349
V03R01331,RETURN_CONTINUATION_CANDIDATE,CANDIDATE,81,BFFC,0,0,0,call fallthrough requires return proof,V03C013353
V03R01332,RETURN_CONTINUATION_CANDIDATE,CANDIDATE,81,BE69,0,0,0,call fallthrough requires return proof,V03C013355
V03R01333,RETURN_CONTINUATION_CANDIDATE,CANDIDATE,81,B27F,0,0,0,call fallthrough requires return proof,V03C013360
V03R01334,RETURN_CONTINUATION_CANDIDATE,CANDIDATE,80,9222,0,1,1,call fallthrough requires return proof,V03C013379
V03R01335,RETURN_CONTINUATION_CANDIDATE,CANDIDATE,80,DEA9,0,0,0,call fallthrough requires return proof,V03C013389
V03R01336,RETURN_CONTINUATION_CANDIDATE,CANDIDATE,92,FCDF,0,1,1,call fallthrough requires return proof,V03C013411
V03R01337,RETURN_CONTINUATION_CANDIDATE,CANDIDATE,92,FAF6,0,0,0,call fallthrough requires return proof,V03C013412
V03R01338,RETURN_CONTINUATION_CANDIDATE,CANDIDATE,80,F473,0,0,0,call fallthrough requires return proof,V03C013445
V03R01339,RETURN_CONTINUATION_CANDIDATE,CANDIDATE,80,F46E,0,0,0,call fallthrough requires return proof,V03C013446
V03R01340,RETURN_CONTINUATION_CANDIDATE,CANDIDATE,80,BC29,0,1,1,call fallthrough requires return proof,V03C013452
V03R01341,RETURN_CONTINUATION_CANDIDATE,CANDIDATE,80,BBFE,0,1,1,call fallthrough requires return proof,V03C013453
V03R01342,RETURN_CONTINUATION_CANDIDATE,CANDIDATE,80,BAD3,0,1,1,call fallthrough requires return proof,V03C013457
V03R01343,RETURN_CONTINUATION_CANDIDATE,CANDIDATE,80,C42E,0,1,1,call fallthrough requires return proof,V03C013459;V03C015034
V03R01344,RETURN_CONTINUATION_CANDIDATE,CANDIDATE,9F,F820,0,1,1,call fallthrough requires return proof,V03C013468
V03R01345,RETURN_CONTINUATION_CANDIDATE,CANDIDATE,81,8D94,0,0,0,call fallthrough requires return proof,V03C013471
V03R01346,RETURN_CONTINUATION_CANDIDATE,CANDIDATE,80,D11F,0,1,1,call fallthrough requires return proof,V03C013512
V03R01347,RETURN_CONTINUATION_CANDIDATE,CANDIDATE,80,D0CF,0,1,1,call fallthrough requires return proof,V03C013513
V03R01348,RETURN_CONTINUATION_CANDIDATE,CANDIDATE,80,ED51,0,0,0,call fallthrough requires return proof,V03C013518
V03R01349,RETURN_CONTINUATION_CANDIDATE,CANDIDATE,80,9F66,0,1,1,call fallthrough requires return proof,V03C013543
V03R01350,RETURN_CONTINUATION_CANDIDATE,CANDIDATE,80,9A67,0,1,1,call fallthrough requires return proof,V03C013545
V03R01351,RETURN_CONTINUATION_CANDIDATE,CANDIDATE,80,BAD6,0,1,1,call fallthrough requires return proof,V03C013577
V03R01352,RETURN_CONTINUATION_CANDIDATE,CANDIDATE,81,8D97,0,0,0,call fallthrough requires return proof,V03C013590
V03R01353,RETURN_CONTINUATION_CANDIDATE,CANDIDATE,81,BE6E,0,0,0,call fallthrough requires return proof,V03C013593
V03R01354,RETURN_CONTINUATION_CANDIDATE,CANDIDATE,81,C1EF,0,0,0,call fallthrough requires return proof,V03C013595
V03R01355,RETURN_CONTINUATION_CANDIDATE,CANDIDATE,80,F57A,0,0,0,call fallthrough requires return proof,V03C013645
V03R01356,RETURN_CONTINUATION_CANDIDATE,CANDIDATE,80,BAD9,0,1,1,call fallthrough requires return proof,V03C013698
V03R01357,RETURN_CONTINUATION_CANDIDATE,CANDIDATE,81,C004,0,0,0,call fallthrough requires return proof,V03C013714
V03R01358,RETURN_CONTINUATION_CANDIDATE,CANDIDATE,80,DF7A,0,1,1,call fallthrough requires return proof,V03C013746
V03R01359,RETURN_CONTINUATION_CANDIDATE,CANDIDATE,80,E015,0,1,1,call fallthrough requires return proof,V03C013750
V03R01360,RETURN_CONTINUATION_CANDIDATE,CANDIDATE,80,9F6C,0,1,1,call fallthrough requires return proof,V03C013787
V03R01361,RETURN_CONTINUATION_CANDIDATE,CANDIDATE,80,9A6C,0,1,1,call fallthrough requires return proof,V03C013789
V03R01362,RETURN_CONTINUATION_CANDIDATE,CANDIDATE,80,D21D,0,1,1,call fallthrough requires return proof,V03C013821
V03R01363,RETURN_CONTINUATION_CANDIDATE,CANDIDATE,9F,F828,0,0,0,call fallthrough requires return proof,V03C013831
V03R01364,RETURN_CONTINUATION_CANDIDATE,CANDIDATE,80,DF7E,0,1,1,call fallthrough requires return proof,V03C013870
V03R01365,RETURN_CONTINUATION_CANDIDATE,CANDIDATE,80,FD4B,0,0,0,call fallthrough requires return proof,V03C013909
V03R01366,RETURN_CONTINUATION_CANDIDATE,CANDIDATE,80,BADF,0,0,0,call fallthrough requires return proof,V03C013950
V03R01367,RETURN_CONTINUATION_CANDIDATE,CANDIDATE,9F,F987,0,0,0,call fallthrough requires return proof,V03C013956
V03R01368,RETURN_CONTINUATION_CANDIDATE,CANDIDATE,92,8B8C,0,0,0,call fallthrough requires return proof,V03C013971
V03R01369,RETURN_CONTINUATION_CANDIDATE,CANDIDATE,80,D129,0,1,1,call fallthrough requires return proof,V03C014013
V03R01370,RETURN_CONTINUATION_CANDIDATE,CANDIDATE,80,D0DA,0,1,1,call fallthrough requires return proof,V03C014014
V03R01371,RETURN_CONTINUATION_CANDIDATE,CANDIDATE,92,FC7B,0,1,1,call fallthrough requires return proof,V03C014026
V03R01372,RETURN_CONTINUATION_CANDIDATE,CANDIDATE,80,9F72,0,1,1,call fallthrough requires return proof,V03C014046
V03R01373,RETURN_CONTINUATION_CANDIDATE,CANDIDATE,80,8D25,0,1,1,call fallthrough requires return proof,V03C014114
V03R01374,RETURN_CONTINUATION_CANDIDATE,CANDIDATE,80,9232,0,1,1,call fallthrough requires return proof,V03C014124
V03R01375,RETURN_CONTINUATION_CANDIDATE,CANDIDATE,80,E0CF,0,0,0,call fallthrough requires return proof,V03C014130
V03R01376,WIDTH_CANDIDATE,CANDIDATE,80,F979,0,0,0,native PLP status unknown,V03C014133
V03R01377,WIDTH_CANDIDATE,CANDIDATE,80,F979,0,0,1,native PLP status unknown,V03C014133
V03R01378,WIDTH_CANDIDATE,CANDIDATE,80,F979,0,1,0,native PLP status unknown,V03C014133
V03R01379,WIDTH_CANDIDATE,CANDIDATE,80,F979,0,1,1,native PLP status unknown,V03C014133
V03R01380,RETURN_CONTINUATION_CANDIDATE,CANDIDATE,80,F978,0,1,1,call fallthrough requires return proof,V03C014134
V03R01381,RETURN_CONTINUATION_CANDIDATE,CANDIDATE,80,DFFE,0,0,0,call fallthrough requires return proof,V03C014135
V03R01382,RETURN_CONTINUATION_CANDIDATE,CANDIDATE,80,E7C2,0,0,0,call fallthrough requires return proof,V03C014148
V03R01383,RETURN_CONTINUATION_CANDIDATE,CANDIDATE,92,FCCC,0,1,1,call fallthrough requires return proof,V03C014162
V03R01384,RETURN_CONTINUATION_CANDIDATE,CANDIDATE,92,FB38,0,1,1,call fallthrough requires return proof,V03C014172
V03R01385,RETURN_CONTINUATION_CANDIDATE,CANDIDATE,80,F9BF,0,1,1,call fallthrough requires return proof,V03C014183
V03R01386,RETURN_CONTINUATION_CANDIDATE,CANDIDATE,80,E6B4,0,0,0,call fallthrough requires return proof,V03C014193
V03R01387,RETURN_CONTINUATION_CANDIDATE,CANDIDATE,80,D303,0,1,1,call fallthrough requires return proof,V03C014218
V03R01388,RETURN_CONTINUATION_CANDIDATE,CANDIDATE,80,D224,0,1,1,call fallthrough requires return proof,V03C014219
V03R01389,RETURN_CONTINUATION_CANDIDATE,CANDIDATE,80,BAE4,0,1,1,call fallthrough requires return proof,V03C014220
V03R01390,RETURN_CONTINUATION_CANDIDATE,CANDIDATE,9F,F98D,0,0,0,call fallthrough requires return proof,V03C014228
V03R01391,RETURN_CONTINUATION_CANDIDATE,CANDIDATE,81,C1FB,0,0,0,call fallthrough requires return proof,V03C014238
V03R01392,RETURN_CONTINUATION_CANDIDATE,CANDIDATE,80,9B98,0,1,1,call fallthrough requires return proof,V03C014259
V03R01393,RETURN_CONTINUATION_CANDIDATE,CANDIDATE,80,E07C,0,1,1,call fallthrough requires return proof,V03C014279
V03R01394,RETURN_CONTINUATION_CANDIDATE,CANDIDATE,80,DEB9,0,0,0,call fallthrough requires return proof,V03C014280
V03R01395,RETURN_CONTINUATION_CANDIDATE,CANDIDATE,92,FCA7,0,1,1,call fallthrough requires return proof,V03C014300
V03R01396,RETURN_CONTINUATION_CANDIDATE,CANDIDATE,80,E665,0,0,0,call fallthrough requires return proof,V03C014328
V03R01397,RETURN_CONTINUATION_CANDIDATE,CANDIDATE,80,F10E,0,0,0,call fallthrough requires return proof,V03C014339
V03R01398,RETURN_CONTINUATION_CANDIDATE,CANDIDATE,80,BC3B,0,1,1,call fallthrough requires return proof,V03C014352
V03R01399,RETURN_CONTINUATION_CANDIDATE,CANDIDATE,80,C451,0,1,1,call fallthrough requires return proof,V03C014363;V03C015733
V03R01400,RETURN_CONTINUATION_CANDIDATE,CANDIDATE,9F,F991,0,0,0,call fallthrough requires return proof,V03C014370
V03R01401,RETURN_CONTINUATION_CANDIDATE,CANDIDATE,81,8DA8,0,1,1,call fallthrough requires return proof,V03C014375
V03R01402,RETURN_CONTINUATION_CANDIDATE,CANDIDATE,80,E0E1,0,0,0,call fallthrough requires return proof,V03C014410
V03R01403,RETURN_CONTINUATION_CANDIDATE,CANDIDATE,80,D130,0,1,1,call fallthrough requires return proof,V03C014428
V03R01404,RETURN_CONTINUATION_CANDIDATE,CANDIDATE,80,D0E0,0,1,1,call fallthrough requires return proof,V03C014429
V03R01405,RETURN_CONTINUATION_CANDIDATE,CANDIDATE,92,FCF3,0,1,1,call fallthrough requires return proof,V03C014444
V03R01406,RETURN_CONTINUATION_CANDIDATE,CANDIDATE,80,E635,0,0,0,call fallthrough requires return proof,V03C014462
V03R01407,RETURN_CONTINUATION_CANDIDATE,CANDIDATE,80,F0BF,0,0,0,call fallthrough requires return proof,V03C014473
V03R01408,RETURN_CONTINUATION_CANDIDATE,CANDIDATE,80,ED18,0,0,0,call fallthrough requires return proof,V03C014484
V03R01409,RETURN_CONTINUATION_CANDIDATE,CANDIDATE,80,BC3E,0,1,1,call fallthrough requires return proof,V03C014491
V03R01410,RETURN_CONTINUATION_CANDIDATE,CANDIDATE,81,C5B3,0,1,1,call fallthrough requires return proof,V03C014492;V03C015497
V03R01411,RETURN_CONTINUATION_CANDIDATE,CANDIDATE,9F,F994,0,0,0,call fallthrough requires return proof,V03C014507
V03R01412,RETURN_CONTINUATION_CANDIDATE,CANDIDATE,80,9B9E,0,1,1,call fallthrough requires return proof,V03C014539
V03R01413,RETURN_CONTINUATION_CANDIDATE,CANDIDATE,80,9FAB,0,0,0,call fallthrough requires return proof,V03C014588
V03R01414,RETURN_CONTINUATION_CANDIDATE,CANDIDATE,80,E6D0,0,0,0,call fallthrough requires return proof,V03C014596
V03R01415,RETURN_CONTINUATION_CANDIDATE,CANDIDATE,80,F08F,0,0,0,call fallthrough requires return proof,V03C014600
V03R01416,RETURN_CONTINUATION_CANDIDATE,CANDIDATE,80,ECC4,0,0,0,call fallthrough requires return proof,V03C014611
V03R01417,RETURN_CONTINUATION_CANDIDATE,CANDIDATE,80,F541,0,0,0,call fallthrough requires return proof,V03C014622
V03R01418,RETURN_CONTINUATION_CANDIDATE,CANDIDATE,81,8A17,0,1,1,call fallthrough requires return proof,V03C014627;V03C015694
V03R01419,RETURN_CONTINUATION_CANDIDATE,CANDIDATE,80,D22B,0,1,1,call fallthrough requires return proof,V03C014632
V03R01420,RETURN_CONTINUATION_CANDIDATE,CANDIDATE,92,EDF6,0,0,0,call fallthrough requires return proof,V03C014644
V03R01421,RETURN_CONTINUATION_CANDIDATE,CANDIDATE,81,C010,0,0,0,call fallthrough requires return proof,V03C014647
V03R01422,RETURN_CONTINUATION_CANDIDATE,CANDIDATE,81,C203,0,0,0,call fallthrough requires return proof,V03C014649
V03R01423,RETURN_CONTINUATION_CANDIDATE,CANDIDATE,80,DF26,0,1,1,call fallthrough requires return proof,V03C014680
V03R01424,RETURN_CONTINUATION_CANDIDATE,CANDIDATE,80,E137,0,0,0,call fallthrough requires return proof,V03C014682
V03R01425,RETURN_CONTINUATION_CANDIDATE,CANDIDATE,81,896A,0,0,0,call fallthrough requires return proof,V03C014685
V03R01426,RETURN_CONTINUATION_CANDIDATE,CANDIDATE,80,D134,0,1,1,call fallthrough requires return proof,V03C014696
V03R01427,RETURN_CONTINUATION_CANDIDATE,CANDIDATE,80,D0E4,0,1,1,call fallthrough requires return proof,V03C014697
V03R01428,RETURN_CONTINUATION_CANDIDATE,CANDIDATE,80,FD59,0,0,0,call fallthrough requires return proof,V03C014720
V03R01429,RETURN_CONTINUATION_CANDIDATE,CANDIDATE,80,E612,0,0,0,call fallthrough requires return proof,V03C014726
V03R01430,RETURN_CONTINUATION_CANDIDATE,CANDIDATE,80,F12A,0,0,0,call fallthrough requires return proof,V03C014738
V03R01431,RETURN_CONTINUATION_CANDIDATE,CANDIDATE,80,EC91,0,0,0,call fallthrough requires return proof,V03C014742
V03R01432,RETURN_CONTINUATION_CANDIDATE,CANDIDATE,80,F4ED,0,0,0,call fallthrough requires return proof,V03C014753
V03R01433,RETURN_CONTINUATION_CANDIDATE,CANDIDATE,80,F06C,0,0,0,call fallthrough requires return proof,V03C014864
V03R01434,RETURN_CONTINUATION_CANDIDATE,CANDIDATE,80,ED36,0,0,0,call fallthrough requires return proof,V03C014876
V03R01435,RETURN_CONTINUATION_CANDIDATE,CANDIDATE,80,F4BA,0,0,0,call fallthrough requires return proof,V03C014879
V03R01436,RETURN_CONTINUATION_CANDIDATE,CANDIDATE,81,8083,0,0,0,call fallthrough requires return proof,V03C014892;V03C015791
V03R01437,RETURN_CONTINUATION_CANDIDATE,CANDIDATE,9F,F847,0,0,0,call fallthrough requires return proof,V03C014904
V03R01438,RETURN_CONTINUATION_CANDIDATE,CANDIDATE,9F,F83D,0,0,0,call fallthrough requires return proof,V03C014905
V03R01439,RETURN_CONTINUATION_CANDIDATE,CANDIDATE,80,E149,0,0,0,call fallthrough requires return proof,V03C014938
V03R01440,RETURN_CONTINUATION_CANDIDATE,CANDIDATE,80,E686,0,0,0,call fallthrough requires return proof,V03C014977
V03R01441,RETURN_CONTINUATION_CANDIDATE,CANDIDATE,80,EC6D,0,0,0,call fallthrough requires return proof,V03C014984
V03R01442,RETURN_CONTINUATION_CANDIDATE,CANDIDATE,80,F55F,0,0,0,call fallthrough requires return proof,V03C014995
V03R01443,RETURN_CONTINUATION_CANDIDATE,CANDIDATE,80,D232,0,1,1,call fallthrough requires return proof,V03C015008
V03R01444,RETURN_CONTINUATION_CANDIDATE,CANDIDATE,80,C470,0,1,1,call fallthrough requires return proof,V03C015010;V03C016188
V03R01445,RETURN_CONTINUATION_CANDIDATE,CANDIDATE,81,8DB5,0,1,1,call fallthrough requires return proof,V03C015021
V03R01446,RETURN_CONTINUATION_CANDIDATE,CANDIDATE,81,C018,0,0,0,call fallthrough requires return proof,V03C015022
V03R01447,RETURN_CONTINUATION_CANDIDATE,CANDIDATE,81,C20B,0,0,0,call fallthrough requires return proof,V03C015024
V03R01448,RETURN_CONTINUATION_CANDIDATE,CANDIDATE,80,A46B,0,1,1,call fallthrough requires return proof,V03C015045
V03R01449,RETURN_CONTINUATION_CANDIDATE,CANDIDATE,80,E274,0,0,0,call fallthrough requires return proof,V03C015058
V03R01450,RETURN_CONTINUATION_CANDIDATE,CANDIDATE,80,D13A,0,1,1,call fallthrough requires return proof,V03C015063
V03R01451,RETURN_CONTINUATION_CANDIDATE,CANDIDATE,80,D0EB,0,1,1,call fallthrough requires return proof,V03C015064
V03R01452,RETURN_CONTINUATION_CANDIDATE,CANDIDATE,80,F0E0,0,0,0,call fallthrough requires return proof,V03C015090
V03R01453,RETURN_CONTINUATION_CANDIDATE,CANDIDATE,80,F496,0,0,0,call fallthrough requires return proof,V03C015096
V03R01454,RETURN_CONTINUATION_CANDIDATE,CANDIDATE,81,D03B,0,1,1,call fallthrough requires return proof,V03C015118
V03R01455,RETURN_CONTINUATION_CANDIDATE,CANDIDATE,9F,F9A1,0,0,0,call fallthrough requires return proof,V03C015121
V03R01456,RETURN_CONTINUATION_CANDIDATE,CANDIDATE,81,8DB8,0,1,1,call fallthrough requires return proof,V03C015128
V03R01457,RETURN_CONTINUATION_CANDIDATE,CANDIDATE,81,C01B,0,0,0,call fallthrough requires return proof,V03C015129
V03R01458,RETURN_CONTINUATION_CANDIDATE,CANDIDATE,80,8D93,0,1,1,call fallthrough requires return proof,V03C015142
V03R01459,RETURN_CONTINUATION_CANDIDATE,CANDIDATE,80,9BAB,0,1,1,call fallthrough requires return proof,V03C015148
V03R01460,RETURN_CONTINUATION_CANDIDATE,CANDIDATE,80,A4B8,0,1,1,call fallthrough requires return proof,V03C015150
V03R01461,RETURN_CONTINUATION_CANDIDATE,CANDIDATE,80,E0F0,0,0,0,call fallthrough requires return proof,V03C015160
V03R01462,RETURN_CONTINUATION_CANDIDATE,CANDIDATE,80,ECE7,0,0,0,call fallthrough requires return proof,V03C015200
V03R01463,RETURN_CONTINUATION_CANDIDATE,CANDIDATE,81,8DBB,0,1,1,call fallthrough requires return proof,V03C015233
V03R01464,RETURN_CONTINUATION_CANDIDATE,CANDIDATE,80,E8F4,0,0,0,call fallthrough requires return proof,V03C015294
V03R01465,RETURN_CONTINUATION_CANDIDATE,CANDIDATE,80,F510,0,0,0,call fallthrough requires return proof,V03C015300
V03R01466,RETURN_CONTINUATION_CANDIDATE,CANDIDATE,81,C021,0,0,0,call fallthrough requires return proof,V03C015333
V03R01467,RETURN_CONTINUATION_CANDIDATE,CANDIDATE,81,C213,0,0,0,call fallthrough requires return proof,V03C015335
V03R01468,RETURN_CONTINUATION_CANDIDATE,CANDIDATE,80,9BB1,0,1,1,call fallthrough requires return proof,V03C015352
V03R01469,RETURN_CONTINUATION_CANDIDATE,CANDIDATE,80,E113,0,1,1,call fallthrough requires return proof,V03C015361
V03R01470,RETURN_CONTINUATION_CANDIDATE,CANDIDATE,80,DFAD,0,0,0,call fallthrough requires return proof,V03C015364
V03R01471,RETURN_CONTINUATION_CANDIDATE,CANDIDATE,80,DFA2,0,1,1,call fallthrough requires return proof,V03C015365
V03R01472,RETURN_CONTINUATION_CANDIDATE,CANDIDATE,80,D140,0,1,1,call fallthrough requires return proof,V03C015370
V03R01473,RETURN_CONTINUATION_CANDIDATE,CANDIDATE,80,D0F1,0,1,1,call fallthrough requires return proof,V03C015371
V03R01474,RETURN_CONTINUATION_CANDIDATE,CANDIDATE,80,F21E,0,0,0,call fallthrough requires return proof,V03C015393
V03R01475,RETURN_CONTINUATION_CANDIDATE,CANDIDATE,80,BC52,0,1,1,call fallthrough requires return proof,V03C015398
V03R01476,RETURN_CONTINUATION_CANDIDATE,CANDIDATE,81,C5CA,0,1,1,call fallthrough requires return proof,V03C015399;V03C016240
V03R01477,RETURN_CONTINUATION_CANDIDATE,CANDIDATE,81,C5C5,0,1,1,call fallthrough requires return proof,V03C015400;V03C016241
V03R01478,RETURN_CONTINUATION_CANDIDATE,CANDIDATE,9F,F850,0,0,0,call fallthrough requires return proof,V03C015421
V03R01479,RETURN_CONTINUATION_CANDIDATE,CANDIDATE,80,8AC7,0,1,1,call fallthrough requires return proof,V03C015434
V03R01480,RETURN_CONTINUATION_CANDIDATE,CANDIDATE,80,EDAC,0,0,0,call fallthrough requires return proof,V03C015489
V03R01481,RETURN_CONTINUATION_CANDIDATE,CANDIDATE,80,BC55,0,1,1,call fallthrough requires return proof,V03C015492
V03R01482,RETURN_CONTINUATION_CANDIDATE,CANDIDATE,80,D31B,0,1,1,call fallthrough requires return proof,V03C015507
V03R01483,WIDTH_CANDIDATE,CANDIDATE,9F,FB37,0,0,0,native PLP status unknown,V03C015513
V03R01484,WIDTH_CANDIDATE,CANDIDATE,9F,FB37,0,0,1,native PLP status unknown,V03C015513
V03R01485,WIDTH_CANDIDATE,CANDIDATE,9F,FB37,0,1,0,native PLP status unknown,V03C015513
V03R01486,WIDTH_CANDIDATE,CANDIDATE,9F,FB37,0,1,1,native PLP status unknown,V03C015513
V03R01487,RETURN_CONTINUATION_CANDIDATE,CANDIDATE,81,8DC4,0,1,1,call fallthrough requires return proof,V03C015525
V03R01488,RETURN_CONTINUATION_CANDIDATE,CANDIDATE,80,8ACA,0,1,1,call fallthrough requires return proof,V03C015533
V03R01489,RETURN_CONTINUATION_CANDIDATE,CANDIDATE,80,E158,0,0,0,call fallthrough requires return proof,V03C015552
V03R01490,RETURN_CONTINUATION_CANDIDATE,CANDIDATE,80,E097,0,0,0,call fallthrough requires return proof,V03C015562
V03R01491,RETURN_CONTINUATION_CANDIDATE,CANDIDATE,80,F5D5,0,0,0,call fallthrough requires return proof,V03C015588
V03R01492,RETURN_CONTINUATION_CANDIDATE,CANDIDATE,80,BC9D,0,1,1,call fallthrough requires return proof,V03C015589
V03R01493,RETURN_CONTINUATION_CANDIDATE,CANDIDATE,81,8DC7,0,1,1,call fallthrough requires return proof,V03C015625
V03R01494,RETURN_CONTINUATION_CANDIDATE,CANDIDATE,81,C21B,0,0,0,call fallthrough requires return proof,V03C015627
V03R01495,RETURN_CONTINUATION_CANDIDATE,CANDIDATE,80,8D42,0,1,1,call fallthrough requires return proof,V03C015642
V03R01496,RETURN_CONTINUATION_CANDIDATE,CANDIDATE,81,897F,0,1,1,call fallthrough requires return proof,V03C015656
V03R01497,RETURN_CONTINUATION_CANDIDATE,CANDIDATE,80,E0A0,0,0,0,call fallthrough requires return proof,V03C015661
V03R01498,RETURN_CONTINUATION_CANDIDATE,CANDIDATE,80,FD70,0,1,1,call fallthrough requires return proof,V03C015680
V03R01499,RETURN_CONTINUATION_CANDIDATE,CANDIDATE,81,9F5B,0,1,1,call fallthrough requires return proof,V03C015687
V03R01500,RETURN_CONTINUATION_CANDIDATE,CANDIDATE,80,D243,0,1,1,call fallthrough requires return proof,V03C015700
V03R01501,RETURN_CONTINUATION_CANDIDATE,CANDIDATE,81,8DCB,0,1,1,call fallthrough requires return proof,V03C015719
V03R01502,RETURN_CONTINUATION_CANDIDATE,CANDIDATE,80,E17B,0,1,1,call fallthrough requires return proof,V03C015746
V03R01503,RETURN_CONTINUATION_CANDIDATE,CANDIDATE,80,E0FF,0,0,0,call fallthrough requires return proof,V03C015749
V03R01504,RETURN_CONTINUATION_CANDIDATE,CANDIDATE,80,DFF3,0,0,0,call fallthrough requires return proof,V03C015753
V03R01505,RETURN_CONTINUATION_CANDIDATE,CANDIDATE,80,9FC8,0,0,0,call fallthrough requires return proof,V03C015776
V03R01506,RETURN_CONTINUATION_CANDIDATE,CANDIDATE,80,BC83,0,1,1,call fallthrough requires return proof,V03C015784
V03R01507,RETURN_CONTINUATION_CANDIDATE,CANDIDATE,9F,F9B5,0,0,0,call fallthrough requires return proof,V03C015805
V03R01508,RETURN_CONTINUATION_CANDIDATE,CANDIDATE,81,8DCE,0,1,1,call fallthrough requires return proof,V03C015813
V03R01509,RETURN_CONTINUATION_CANDIDATE,CANDIDATE,92,E611,0,1,1,call fallthrough requires return proof,V03C015819
V03R01510,RETURN_CONTINUATION_CANDIDATE,CANDIDATE,80,9BBD,0,1,1,call fallthrough requires return proof,V03C015830
V03R01511,RETURN_CONTINUATION_CANDIDATE,CANDIDATE,9F,F86B,0,0,0,call fallthrough requires return proof,V03C015895
V03R01512,RETURN_CONTINUATION_CANDIDATE,CANDIDATE,81,8DD1,0,1,1,call fallthrough requires return proof,V03C015902
V03R01513,RETURN_CONTINUATION_CANDIDATE,CANDIDATE,81,C223,0,0,0,call fallthrough requires return proof,V03C015904
V03R01514,RETURN_CONTINUATION_CANDIDATE,CANDIDATE,92,E614,0,1,1,call fallthrough requires return proof,V03C015909
V03R01515,RETURN_CONTINUATION_CANDIDATE,CANDIDATE,80,A557,0,1,1,call fallthrough requires return proof,V03C015922
V03R01516,RETURN_CONTINUATION_CANDIDATE,CANDIDATE,80,BCA8,0,1,0,call fallthrough requires return proof,V03C015964
V03R01517,RETURN_CONTINUATION_CANDIDATE,CANDIDATE,80,BC88,0,1,1,call fallthrough requires return proof,V03C015965
V03R01518,RETURN_CONTINUATION_CANDIDATE,CANDIDATE,80,D24A,0,1,1,call fallthrough requires return proof,V03C015975
V03R01519,RETURN_CONTINUATION_CANDIDATE,CANDIDATE,9F,F86F,0,0,0,call fallthrough requires return proof,V03C015985
V03R01520,RETURN_CONTINUATION_CANDIDATE,CANDIDATE,81,8DD5,0,1,1,call fallthrough requires return proof,V03C015992
V03R01521,RETURN_CONTINUATION_CANDIDATE,CANDIDATE,80,9BC2,0,1,1,call fallthrough requires return proof,V03C016012
V03R01522,RETURN_CONTINUATION_CANDIDATE,CANDIDATE,80,BCAB,0,1,0,call fallthrough requires return proof,V03C016057
V03R01523,RETURN_CONTINUATION_CANDIDATE,CANDIDATE,9F,F872,0,0,0,call fallthrough requires return proof,V03C016075
V03R01524,RETURN_CONTINUATION_CANDIDATE,CANDIDATE,81,8DD8,0,1,1,call fallthrough requires return proof,V03C016084
V03R01525,RETURN_CONTINUATION_CANDIDATE,CANDIDATE,81,BE5F,0,1,1,call fallthrough requires return proof,V03C016085
V03R01526,RETURN_CONTINUATION_CANDIDATE,CANDIDATE,80,A55F,0,1,1,call fallthrough requires return proof,V03C016105
V03R01527,RETURN_CONTINUATION_CANDIDATE,CANDIDATE,80,E167,0,0,0,call fallthrough requires return proof,V03C016112
V03R01528,RETURN_CONTINUATION_CANDIDATE,CANDIDATE,80,E293,0,0,0,call fallthrough requires return proof,V03C016115
V03R01529,RETURN_CONTINUATION_CANDIDATE,CANDIDATE,80,C488,0,1,1,call fallthrough requires return proof,V03C016160
V03R01530,RETURN_CONTINUATION_CANDIDATE,CANDIDATE,81,8DDB,0,1,1,call fallthrough requires return proof,V03C016175
V03R01531,RETURN_CONTINUATION_CANDIDATE,CANDIDATE,81,C22B,0,0,0,call fallthrough requires return proof,V03C016177
V03R01532,RETURN_CONTINUATION_CANDIDATE,CANDIDATE,92,8BB2,0,0,0,call fallthrough requires return proof,V03C016180
V03R01533,RETURN_CONTINUATION_CANDIDATE,CANDIDATE,80,FD7F,0,1,1,call fallthrough requires return proof,V03C016224
V03R01534,RETURN_CONTINUATION_CANDIDATE,CANDIDATE,80,BC90,0,1,1,call fallthrough requires return proof,V03C016236
V03R01535,RETURN_CONTINUATION_CANDIDATE,CANDIDATE,80,D251,0,1,1,call fallthrough requires return proof,V03C016249
V03R01536,RETURN_CONTINUATION_CANDIDATE,CANDIDATE,9F,F9D4,0,0,0,call fallthrough requires return proof,V03C016255
V03R01537,RETURN_CONTINUATION_CANDIDATE,CANDIDATE,81,8DDE,0,1,1,call fallthrough requires return proof,V03C016266
V03R01538,RETURN_CONTINUATION_CANDIDATE,CANDIDATE,92,8BB5,0,0,0,call fallthrough requires return proof,V03C016270
V03R01539,RETURN_CONTINUATION_CANDIDATE,CANDIDATE,92,E649,0,1,1,call fallthrough requires return proof,V03C016272
V03R01540,RETURN_CONTINUATION_CANDIDATE,CANDIDATE,80,A567,0,1,1,call fallthrough requires return proof,V03C016283
V03R01541,RETURN_CONTINUATION_CANDIDATE,CANDIDATE,9F,F9D8,0,0,0,call fallthrough requires return proof,V03C016353
V03R01542,RETURN_CONTINUATION_CANDIDATE,CANDIDATE,81,9123,0,0,0,call fallthrough requires return proof,V03C016359
V03R01543,RETURN_CONTINUATION_CANDIDATE,CANDIDATE,81,8DE1,0,1,1,call fallthrough requires return proof,V03C016362
V03R01544,RETURN_CONTINUATION_CANDIDATE,CANDIDATE,80,FDB4,0,1,1,call fallthrough requires return proof,V03C016414
V03R01545,RETURN_CONTINUATION_CANDIDATE,CANDIDATE,80,9FD9,0,0,0,call fallthrough requires return proof,V03C016415
V03R01546,RETURN_CONTINUATION_CANDIDATE,CANDIDATE,9F,F9DB,0,0,0,call fallthrough requires return proof,V03C016449
V03R01547,RETURN_CONTINUATION_CANDIDATE,CANDIDATE,81,C233,0,0,0,call fallthrough requires return proof,V03C016460
V03R01548,RETURN_CONTINUATION_CANDIDATE,CANDIDATE,80,9272,0,1,1,call fallthrough requires return proof,V03C016489
V03R01549,RETURN_CONTINUATION_CANDIDATE,CANDIDATE,80,E97C,0,0,0,call fallthrough requires return proof,V03C016514
V03R01550,RETURN_CONTINUATION_CANDIDATE,CANDIDATE,80,BC98,0,1,1,call fallthrough requires return proof,V03C016524
V03R01551,RETURN_CONTINUATION_CANDIDATE,CANDIDATE,80,D258,0,1,1,call fallthrough requires return proof,V03C016540
V03R01552,RETURN_CONTINUATION_CANDIDATE,CANDIDATE,81,8F55,0,0,0,call fallthrough requires return proof,V03C016557
V03R01553,RETURN_CONTINUATION_CANDIDATE,CANDIDATE,9F,F9CE,0,0,0,call fallthrough requires return proof,V03C016642
V03R01554,RETURN_CONTINUATION_CANDIDATE,CANDIDATE,92,E6CC,0,1,1,call fallthrough requires return proof,V03C016659
V03R01555,RETURN_CONTINUATION_CANDIDATE,CANDIDATE,80,C7C1,0,0,0,call fallthrough requires return proof,V03C016669
V03R01556,RETURN_CONTINUATION_CANDIDATE,CANDIDATE,80,E2A2,0,0,0,call fallthrough requires return proof,V03C016679
V03R01557,RETURN_CONTINUATION_CANDIDATE,CANDIDATE,80,C4C8,0,1,1,call fallthrough requires return proof,V03C016723;V03C017563
V03R01558,RETURN_CONTINUATION_CANDIDATE,CANDIDATE,81,8F81,0,0,0,call fallthrough requires return proof,V03C016736
V03R01559,RETURN_CONTINUATION_CANDIDATE,CANDIDATE,92,E658,0,1,1,call fallthrough requires return proof,V03C016747
V03R01560,RETURN_CONTINUATION_CANDIDATE,CANDIDATE,80,BCC1,0,1,0,call fallthrough requires return proof,V03C016793
V03R01561,RETURN_CONTINUATION_CANDIDATE,CANDIDATE,92,8BC1,0,0,0,call fallthrough requires return proof,V03C016823
V03R01562,WIDTH_CANDIDATE,CANDIDATE,9F,FB54,0,0,0,native PLP status unknown,V03C016884;V03C016886
V03R01563,WIDTH_CANDIDATE,CANDIDATE,9F,FB54,0,0,1,native PLP status unknown,V03C016884;V03C016886
V03R01564,WIDTH_CANDIDATE,CANDIDATE,9F,FB54,0,1,0,native PLP status unknown,V03C016884;V03C016886
V03R01565,WIDTH_CANDIDATE,CANDIDATE,9F,FB54,0,1,1,native PLP status unknown,V03C016884;V03C016886
V03R01566,RETURN_CONTINUATION_CANDIDATE,CANDIDATE,9F,F9E8,0,0,0,call fallthrough requires return proof,V03C016888
V03R01567,RETURN_CONTINUATION_CANDIDATE,CANDIDATE,9F,F892,0,0,0,call fallthrough requires return proof,V03C016889
V03R01568,RETURN_CONTINUATION_CANDIDATE,CANDIDATE,80,BCD7,0,1,0,call fallthrough requires return proof,V03C016946
V03R01569,RETURN_CONTINUATION_CANDIDATE,CANDIDATE,80,FB5B,0,1,0,call fallthrough requires return proof,V03C016947
V03R01570,RETURN_CONTINUATION_CANDIDATE,CANDIDATE,92,A7E4,0,0,0,call fallthrough requires return proof,V03C016972
V03R01571,RETURN_CONTINUATION_CANDIDATE,CANDIDATE,92,A21A,0,0,0,call fallthrough requires return proof,V03C016973
V03R01572,RETURN_CONTINUATION_CANDIDATE,CANDIDATE,92,E6D7,0,1,1,call fallthrough requires return proof,V03C016978
V03R01573,RETURN_CONTINUATION_CANDIDATE,CANDIDATE,80,8DDA,0,1,1,call fallthrough requires return proof,V03C017054
V03R01574,RETURN_CONTINUATION_CANDIDATE,CANDIDATE,80,D269,0,1,1,call fallthrough requires return proof,V03C017097
V03R01575,RETURN_CONTINUATION_CANDIDATE,CANDIDATE,81,8F68,0,0,0,call fallthrough requires return proof,V03C017111
V03R01576,RETURN_CONTINUATION_CANDIDATE,CANDIDATE,92,E667,0,1,1,call fallthrough requires return proof,V03C017122
V03R01577,RETURN_CONTINUATION_CANDIDATE,CANDIDATE,92,E6E7,0,1,1,call fallthrough requires return proof,V03C017185
V03R01578,RETURN_CONTINUATION_CANDIDATE,CANDIDATE,80,C4EB,0,1,1,call fallthrough requires return proof,V03C017233;V03C017951
V03R01579,RETURN_CONTINUATION_CANDIDATE,CANDIDATE,81,D07C,0,1,1,call fallthrough requires return proof,V03C017235
V03R01580,RETURN_CONTINUATION_CANDIDATE,CANDIDATE,9F,F9F5,0,0,0,call fallthrough requires return proof,V03C017237
V03R01581,RETURN_CONTINUATION_CANDIDATE,CANDIDATE,9F,F8A4,0,0,0,call fallthrough requires return proof,V03C017238
V03R01582,RETURN_CONTINUATION_CANDIDATE,CANDIDATE,80,C7D2,0,1,1,call fallthrough requires return proof,V03C017259
V03R01583,RETURN_CONTINUATION_CANDIDATE,CANDIDATE,80,E065,0,0,0,call fallthrough requires return proof,V03C017265
V03R01584,RETURN_CONTINUATION_CANDIDATE,CANDIDATE,80,D270,0,1,1,call fallthrough requires return proof,V03C017292
V03R01585,RETURN_CONTINUATION_CANDIDATE,CANDIDATE,81,D07F,0,1,1,call fallthrough requires return proof,V03C017297
V03R01586,WIDTH_CANDIDATE,CANDIDATE,92,8BCA,0,0,0,native PLP status unknown,V03C017311
V03R01587,WIDTH_CANDIDATE,CANDIDATE,92,8BCA,0,0,1,native PLP status unknown,V03C017311
V03R01588,WIDTH_CANDIDATE,CANDIDATE,92,8BCA,0,1,0,native PLP status unknown,V03C017311
V03R01589,WIDTH_CANDIDATE,CANDIDATE,92,8BCA,0,1,1,native PLP status unknown,V03C017311
V03R01590,RETURN_CONTINUATION_CANDIDATE,CANDIDATE,81,D082,0,1,1,call fallthrough requires return proof,V03C017357
V03R01591,RETURN_CONTINUATION_CANDIDATE,CANDIDATE,81,8E67,0,1,1,call fallthrough requires return proof,V03C017365
V03R01592,RETURN_CONTINUATION_CANDIDATE,CANDIDATE,81,8E44,0,1,1,call fallthrough requires return proof,V03C017366
V03R01593,RETURN_CONTINUATION_CANDIDATE,CANDIDATE,81,8E05,0,1,1,call fallthrough requires return proof,V03C017367
V03R01594,RETURN_CONTINUATION_CANDIDATE,CANDIDATE,81,8E00,0,1,1,call fallthrough requires return proof,V03C017368
V03R01595,RETURN_CONTINUATION_CANDIDATE,CANDIDATE,92,E676,0,1,1,call fallthrough requires return proof,V03C017441
V03R01596,RETURN_CONTINUATION_CANDIDATE,CANDIDATE,80,C7D9,0,1,1,call fallthrough requires return proof,V03C017446
V03R01597,RETURN_CONTINUATION_CANDIDATE,CANDIDATE,80,B4F7,0,1,1,call fallthrough requires return proof,V03C017457
V03R01598,RETURN_CONTINUATION_CANDIDATE,CANDIDATE,80,D277,0,1,1,call fallthrough requires return proof,V03C017476
V03R01599,RETURN_CONTINUATION_CANDIDATE,CANDIDATE,81,D088,0,1,1,call fallthrough requires return proof,V03C017482
V03R01600,RETURN_CONTINUATION_CANDIDATE,CANDIDATE,9F,F9FB,0,0,0,call fallthrough requires return proof,V03C017484
V03R01601,RETURN_CONTINUATION_CANDIDATE,CANDIDATE,81,8E6D,0,1,1,call fallthrough requires return proof,V03C017492
V03R01602,RETURN_CONTINUATION_CANDIDATE,CANDIDATE,80,B4E8,0,1,1,call fallthrough requires return proof,V03C017517
V03R01603,RETURN_CONTINUATION_CANDIDATE,CANDIDATE,80,C50A,0,1,1,call fallthrough requires return proof,V03C017539;V03C018200
V03R01604,RETURN_CONTINUATION_CANDIDATE,CANDIDATE,81,D08C,0,1,1,call fallthrough requires return proof,V03C017543
V03R01605,RETURN_CONTINUATION_CANDIDATE,CANDIDATE,9F,F8B7,0,0,0,call fallthrough requires return proof,V03C017546
V03R01606,RETURN_CONTINUATION_CANDIDATE,CANDIDATE,81,8E71,0,1,1,call fallthrough requires return proof,V03C017552
V03R01607,RETURN_CONTINUATION_CANDIDATE,CANDIDATE,80,B4C1,0,1,1,call fallthrough requires return proof,V03C017578
V03R01608,RETURN_CONTINUATION_CANDIDATE,CANDIDATE,80,A002,0,1,1,call fallthrough requires return proof,V03C017582
V03R01609,RETURN_CONTINUATION_CANDIDATE,CANDIDATE,80,F93D,0,1,0,call fallthrough requires return proof,V03C017591
V03R01610,RETURN_CONTINUATION_CANDIDATE,CANDIDATE,81,D090,0,1,1,call fallthrough requires return proof,V03C017600
V03R01611,RETURN_CONTINUATION_CANDIDATE,CANDIDATE,81,8E75,0,1,1,call fallthrough requires return proof,V03C017610
V03R01612,RETURN_CONTINUATION_CANDIDATE,CANDIDATE,80,D27E,0,1,1,call fallthrough requires return proof,V03C017650
V03R01613,RETURN_CONTINUATION_CANDIDATE,CANDIDATE,81,8E52,0,0,0,call fallthrough requires return proof,V03C017672
V03R01614,RETURN_CONTINUATION_CANDIDATE,CANDIDATE,80,FDE2,0,1,1,call fallthrough requires return proof,V03C017700
V03R01615,RETURN_CONTINUATION_CANDIDATE,CANDIDATE,81,9016,0,1,1,call fallthrough requires return proof,V03C017734
V03R01616,RETURN_CONTINUATION_CANDIDATE,CANDIDATE,92,E685,0,1,1,call fallthrough requires return proof,V03C017740
V03R01617,RETURN_CONTINUATION_CANDIDATE,CANDIDATE,9F,F8CB,0,0,0,call fallthrough requires return proof,V03C017778
V03R01618,RETURN_CONTINUATION_CANDIDATE,CANDIDATE,9F,FA03,0,0,0,call fallthrough requires return proof,V03C017831
V03R01619,RETURN_CONTINUATION_CANDIDATE,CANDIDATE,9F,F8CF,0,0,0,call fallthrough requires return proof,V03C017832
V03R01620,RETURN_CONTINUATION_CANDIDATE,CANDIDATE,9F,F8C5,0,0,0,call fallthrough requires return proof,V03C017833
V03R01621,RETURN_CONTINUATION_CANDIDATE,CANDIDATE,81,8E35,0,1,1,call fallthrough requires return proof,V03C017840
V03R01622,RETURN_CONTINUATION_CANDIDATE,CANDIDATE,9F,F8D2,0,0,0,call fallthrough requires return proof,V03C017884
V03R01623,RETURN_CONTINUATION_CANDIDATE,CANDIDATE,81,8E5E,0,0,0,call fallthrough requires return proof,V03C017892
V03R01624,RETURN_CONTINUATION_CANDIDATE,CANDIDATE,81,8E39,0,1,1,call fallthrough requires return proof,V03C017937
V03R01625,RETURN_CONTINUATION_CANDIDATE,CANDIDATE,81,D0A3,0,1,1,call fallthrough requires return proof,V03C017980
V03R01626,RETURN_CONTINUATION_CANDIDATE,CANDIDATE,81,8FA6,0,1,1,call fallthrough requires return proof,V03C017991
V03R01627,RETURN_CONTINUATION_CANDIDATE,CANDIDATE,81,8EBB,0,1,1,call fallthrough requires return proof,V03C017992
V03R01628,RETURN_CONTINUATION_CANDIDATE,CANDIDATE,92,E694,0,1,1,call fallthrough requires return proof,V03C017999
V03R01629,RETURN_CONTINUATION_CANDIDATE,CANDIDATE,80,D28F,0,1,1,call fallthrough requires return proof,V03C018022
V03R01630,RETURN_CONTINUATION_CANDIDATE,CANDIDATE,9F,FA14,0,0,0,call fallthrough requires return proof,V03C018030
V03R01631,RETURN_CONTINUATION_CANDIDATE,CANDIDATE,80,8E00,0,1,1,call fallthrough requires return proof,V03C018049
V03R01632,RETURN_CONTINUATION_CANDIDATE,CANDIDATE,80,92BD,0,1,1,call fallthrough requires return proof,V03C018051
V03R01633,RETURN_CONTINUATION_CANDIDATE,CANDIDATE,80,FDF6,0,1,1,call fallthrough requires return proof,V03C018061
V03R01634,RETURN_CONTINUATION_CANDIDATE,CANDIDATE,81,D0A9,0,1,1,call fallthrough requires return proof,V03C018077
V03R01635,RETURN_CONTINUATION_CANDIDATE,CANDIDATE,9F,FA17,0,0,0,call fallthrough requires return proof,V03C018078
V03R01636,RETURN_CONTINUATION_CANDIDATE,CANDIDATE,80,D296,0,1,1,call fallthrough requires return proof,V03C018174
V03R01637,RETURN_CONTINUATION_CANDIDATE,CANDIDATE,80,C522,0,1,1,call fallthrough requires return proof,V03C018178
V03R01638,RETURN_CONTINUATION_CANDIDATE,CANDIDATE,81,D0AF,0,1,1,call fallthrough requires return proof,V03C018181
V03R01639,RETURN_CONTINUATION_CANDIDATE,CANDIDATE,9F,F8E1,0,1,1,call fallthrough requires return proof,V03C018183
V03R01640,RETURN_CONTINUATION_CANDIDATE,CANDIDATE,92,EEA0,0,0,0,call fallthrough requires return proof,V03C018184
V03R01641,RETURN_CONTINUATION_CANDIDATE,CANDIDATE,92,A646,0,0,0,call fallthrough requires return proof,V03C018195
V03R01642,RETURN_CONTINUATION_CANDIDATE,CANDIDATE,80,FDFF,0,1,1,call fallthrough requires return proof,V03C018218
V03R01643,RETURN_CONTINUATION_CANDIDATE,CANDIDATE,81,D0B3,0,1,1,call fallthrough requires return proof,V03C018234
V03R01644,RETURN_CONTINUATION_CANDIDATE,CANDIDATE,9F,F8E5,0,1,1,call fallthrough requires return proof,V03C018236
V03R01645,RETURN_CONTINUATION_CANDIDATE,CANDIDATE,81,8FB4,0,0,0,call fallthrough requires return proof,V03C018241
V03R01646,RETURN_CONTINUATION_CANDIDATE,CANDIDATE,81,8EB4,0,1,1,call fallthrough requires return proof,V03C018243
V03R01647,RETURN_CONTINUATION_CANDIDATE,CANDIDATE,92,E6A0,0,1,1,call fallthrough requires return proof,V03C018248
V03R01648,RETURN_CONTINUATION_CANDIDATE,CANDIDATE,80,FE97,0,1,1,call fallthrough requires return proof,V03C018264
V03R01649,RETURN_CONTINUATION_CANDIDATE,CANDIDATE,81,D0B7,0,1,1,call fallthrough requires return proof,V03C018282
V03R01650,RETURN_CONTINUATION_CANDIDATE,CANDIDATE,9F,F8E9,0,1,1,call fallthrough requires return proof,V03C018284
V03R01651,RETURN_CONTINUATION_CANDIDATE,CANDIDATE,80,D29D,0,1,1,call fallthrough requires return proof,V03C018325
V03R01652,RETURN_CONTINUATION_CANDIDATE,CANDIDATE,81,D0BA,0,1,1,call fallthrough requires return proof,V03C018332
V03R01653,RETURN_CONTINUATION_CANDIDATE,CANDIDATE,81,8FDB,0,0,0,call fallthrough requires return proof,V03C018338
V03R01654,RETURN_CONTINUATION_CANDIDATE,CANDIDATE,81,8ECE,0,1,1,call fallthrough requires return proof,V03C018340
V03R01655,RETURN_CONTINUATION_CANDIDATE,CANDIDATE,80,FE08,0,1,1,call fallthrough requires return proof,V03C018361
V03R01656,RETURN_CONTINUATION_CANDIDATE,CANDIDATE,81,8FC0,0,0,0,call fallthrough requires return proof,V03C018433
V03R01657,RETURN_CONTINUATION_CANDIDATE,CANDIDATE,80,B5F5,0,1,1,call fallthrough requires return proof,V03C018445
V03R01658,RETURN_CONTINUATION_CANDIDATE,CANDIDATE,80,D2A4,0,1,1,call fallthrough requires return proof,V03C018463
V03R01659,RETURN_CONTINUATION_CANDIDATE,CANDIDATE,81,8FE3,0,1,1,call fallthrough requires return proof,V03C018477
V03R01660,RETURN_CONTINUATION_CANDIDATE,CANDIDATE,81,8ED6,0,1,1,call fallthrough requires return proof,V03C018480
V03R01661,RETURN_CONTINUATION_CANDIDATE,CANDIDATE,80,B5F8,0,1,1,call fallthrough requires return proof,V03C018490
V03R01662,RETURN_CONTINUATION_CANDIDATE,CANDIDATE,80,FE11,0,1,1,call fallthrough requires return proof,V03C018500
V03R01663,RETURN_CONTINUATION_CANDIDATE,CANDIDATE,81,D0C5,0,1,1,call fallthrough requires return proof,V03C018510
V03R01664,RETURN_CONTINUATION_CANDIDATE,CANDIDATE,80,CD85,0,1,1,call fallthrough requires return proof,V03C018524
V03R01665,RETURN_CONTINUATION_CANDIDATE,CANDIDATE,80,B5FB,0,1,1,call fallthrough requires return proof,V03C018535
V03R01666,RETURN_CONTINUATION_CANDIDATE,CANDIDATE,80,FEA5,0,1,1,call fallthrough requires return proof,V03C018544
V03R01667,RETURN_CONTINUATION_CANDIDATE,CANDIDATE,81,D0C8,0,1,1,call fallthrough requires return proof,V03C018555
V03R01668,RETURN_CONTINUATION_CANDIDATE,CANDIDATE,81,D0CB,0,1,1,call fallthrough requires return proof,V03C018597
V03R01669,RETURN_CONTINUATION_CANDIDATE,CANDIDATE,81,900B,0,0,0,call fallthrough requires return proof,V03C018603
V03R01670,RETURN_CONTINUATION_CANDIDATE,CANDIDATE,81,8EDE,0,1,1,call fallthrough requires return proof,V03C018606
V03R01671,RETURN_CONTINUATION_CANDIDATE,CANDIDATE,81,D859,0,0,0,call fallthrough requires return proof,V03C018676
V03R01672,RETURN_CONTINUATION_CANDIDATE,CANDIDATE,81,8FF1,0,0,0,call fallthrough requires return proof,V03C018682
V03R01673,RETURN_CONTINUATION_CANDIDATE,CANDIDATE,80,FEAF,0,1,1,call fallthrough requires return proof,V03C018706
V03R01674,RETURN_CONTINUATION_CANDIDATE,CANDIDATE,9F,FA39,0,0,0,call fallthrough requires return proof,V03C018719
V03R01675,RETURN_CONTINUATION_CANDIDATE,CANDIDATE,92,EEC5,0,0,0,call fallthrough requires return proof,V03C018720
V03R01676,RETURN_CONTINUATION_CANDIDATE,CANDIDATE,80,D2B5,0,1,1,call fallthrough requires return proof,V03C018752
V03R01677,RETURN_CONTINUATION_CANDIDATE,CANDIDATE,81,D860,0,0,0,call fallthrough requires return proof,V03C018757
V03R01678,RETURN_CONTINUATION_CANDIDATE,CANDIDATE,81,9F5B,0,0,0,call fallthrough requires return proof,V03C018760
V03R01679,RETURN_CONTINUATION_CANDIDATE,CANDIDATE,80,FE25,0,1,1,call fallthrough requires return proof,V03C018792
V03R01680,RETURN_CONTINUATION_CANDIDATE,CANDIDATE,9F,F006,0,0,0,call fallthrough requires return proof,V03C018845
V03R01681,RETURN_CONTINUATION_CANDIDATE,CANDIDATE,81,D0E5,0,1,1,call fallthrough requires return proof,V03C018848
V03R01682,RETURN_CONTINUATION_CANDIDATE,CANDIDATE,81,8FFD,0,0,0,call fallthrough requires return proof,V03C018854
V03R01683,RETURN_CONTINUATION_CANDIDATE,CANDIDATE,80,D2BC,0,1,1,call fallthrough requires return proof,V03C018887
V03R01684,RETURN_CONTINUATION_CANDIDATE,CANDIDATE,81,D0E9,0,1,1,call fallthrough requires return proof,V03C018894
V03R01685,RETURN_CONTINUATION_CANDIDATE,CANDIDATE,80,FEBC,0,1,1,call fallthrough requires return proof,V03C018929
V03R01686,RETURN_CONTINUATION_CANDIDATE,CANDIDATE,80,D2C3,0,1,1,call fallthrough requires return proof,V03C019021
V03R01687,RETURN_CONTINUATION_CANDIDATE,CANDIDATE,81,D0F2,0,1,1,call fallthrough requires return proof,V03C019028
V03R01688,RETURN_CONTINUATION_CANDIDATE,CANDIDATE,9F,FA4E,0,0,0,call fallthrough requires return proof,V03C019029
V03R01689,RETURN_CONTINUATION_CANDIDATE,CANDIDATE,80,B79D,0,1,1,call fallthrough requires return proof,V03C019087
V03R01690,RETURN_CONTINUATION_CANDIDATE,CANDIDATE,80,8E52,0,1,1,call fallthrough requires return proof,V03C019114
V03R01691,RETURN_CONTINUATION_CANDIDATE,CANDIDATE,80,B631,0,1,1,call fallthrough requires return proof,V03C019128
V03R01692,RETURN_CONTINUATION_CANDIDATE,CANDIDATE,80,D2CA,0,1,1,call fallthrough requires return proof,V03C019137
V03R01693,RETURN_CONTINUATION_CANDIDATE,CANDIDATE,80,8E4A,0,1,1,call fallthrough requires return proof,V03C019150
V03R01694,RETURN_CONTINUATION_CANDIDATE,CANDIDATE,9F,FA54,0,0,0,call fallthrough requires return proof,V03C019181
V03R01695,RETURN_CONTINUATION_CANDIDATE,CANDIDATE,80,B6EB,0,0,0,call fallthrough requires return proof,V03C019197
V03R01696,RETURN_CONTINUATION_CANDIDATE,CANDIDATE,80,B7AF,0,1,1,call fallthrough requires return proof,V03C019235
V03R01697,RETURN_CONTINUATION_CANDIDATE,CANDIDATE,80,8F32,0,1,1,call fallthrough requires return proof,V03C019292
V03R01698,RETURN_CONTINUATION_CANDIDATE,CANDIDATE,9F,FA66,0,0,0,call fallthrough requires return proof,V03C019340
V03R01699,RETURN_CONTINUATION_CANDIDATE,CANDIDATE,80,B641,0,1,1,call fallthrough requires return proof,V03C019356
V03R01700,RETURN_CONTINUATION_CANDIDATE,CANDIDATE,80,D2DB,0,1,1,call fallthrough requires return proof,V03C019361
V03R01701,RETURN_CONTINUATION_CANDIDATE,CANDIDATE,80,8F3B,0,1,1,call fallthrough requires return proof,V03C019375
V03R01702,RETURN_CONTINUATION_CANDIDATE,CANDIDATE,9F,FA6C,0,0,0,call fallthrough requires return proof,V03C019389
V03R01703,RETURN_CONTINUATION_CANDIDATE,CANDIDATE,9F,FA70,0,0,0,call fallthrough requires return proof,V03C019409
V03R01704,RETURN_CONTINUATION_CANDIDATE,CANDIDATE,80,D2E2,0,1,1,call fallthrough requires return proof,V03C019423
V03R01705,RETURN_CONTINUATION_CANDIDATE,CANDIDATE,9F,FA73,0,0,0,call fallthrough requires return proof,V03C019427
V03R01706,RETURN_CONTINUATION_CANDIDATE,CANDIDATE,80,B64B,0,0,0,call fallthrough requires return proof,V03C019436
V03R01707,RETURN_CONTINUATION_CANDIDATE,CANDIDATE,80,FE56,0,1,1,call fallthrough requires return proof,V03C019476
V03R01708,RETURN_CONTINUATION_CANDIDATE,CANDIDATE,80,D2E9,0,1,1,call fallthrough requires return proof,V03C019477
V03R01709,RETURN_CONTINUATION_CANDIDATE,CANDIDATE,80,D2F0,0,1,1,call fallthrough requires return proof,V03C019523
V03R01710,RETURN_CONTINUATION_CANDIDATE,CANDIDATE,9F,FA82,0,1,1,call fallthrough requires return proof,V03C019525
V03R01711,RETURN_CONTINUATION_CANDIDATE,CANDIDATE,9F,FA86,0,1,1,call fallthrough requires return proof,V03C019536
V03R01712,RETURN_CONTINUATION_CANDIDATE,CANDIDATE,9F,FA8A,0,1,1,call fallthrough requires return proof,V03C019547
V03R01713,RETURN_CONTINUATION_CANDIDATE,CANDIDATE,80,8F5A,0,1,1,call fallthrough requires return proof,V03C019576
V03R01714,RETURN_CONTINUATION_CANDIDATE,CANDIDATE,80,9D1C,0,1,1,call fallthrough requires return proof,V03C019596
V03R01715,RETURN_CONTINUATION_CANDIDATE,CANDIDATE,80,9D1F,0,1,1,call fallthrough requires return proof,V03C019603
V03R01716,RETURN_CONTINUATION_CANDIDATE,CANDIDATE,80,9D41,0,1,1,call fallthrough requires return proof,V03C019608
V03R01717,RETURN_CONTINUATION_CANDIDATE,CANDIDATE,80,9D44,0,1,1,call fallthrough requires return proof,V03C019614
V03R01718,RETURN_CONTINUATION_CANDIDATE,CANDIDATE,80,9D27,0,1,1,call fallthrough requires return proof,V03C019621
V03R01719,RETURN_CONTINUATION_CANDIDATE,CANDIDATE,80,9D2A,0,1,1,call fallthrough requires return proof,V03C019628
V03R01720,RETURN_CONTINUATION_CANDIDATE,CANDIDATE,80,9D34,0,1,1,call fallthrough requires return proof,V03C019653
V03R01721,RETURN_CONTINUATION_CANDIDATE,CANDIDATE,80,8F7D,0,1,1,call fallthrough requires return proof,V03C019656
V03R01722,RETURN_CONTINUATION_CANDIDATE,CANDIDATE,9F,F0C6,0,0,0,call fallthrough requires return proof,V03C019687
V03R01723,RETURN_CONTINUATION_CANDIDATE,CANDIDATE,80,8FB0,0,1,1,call fallthrough requires return proof,V03C019734
V03R01724,RETURN_CONTINUATION_CANDIDATE,CANDIDATE,80,8FD6,0,1,1,call fallthrough requires return proof,V03C019756
