V03_Frontier_ID,V03_Level,V03_Class,V03_Context,Physical,Disposition,V04_Proof_or_Boundary,Reason,Failure_Rule
V03F00001,PROVED,INTERRUPT_REENTRY,80:81BF:E1M1X1:C?:DBR??:P,0001BF,FAIL_CLOSED_UNSUPPORTED,,source-proved entry exists but required dynamic/re-entry producer remains unproved; static continuation is rejected,candidate never promoted; unsupported source edge stops immediately
V03F00002,PROVED,INTERRUPT_REENTRY,80:81BF:E0M0X0:C?:DBR??:P,0001BF,FAIL_CLOSED_UNSUPPORTED,,source-proved entry exists but required dynamic/re-entry producer remains unproved; static continuation is rejected,candidate never promoted; unsupported source edge stops immediately
V03F00003,PROVED,INTERRUPT_REENTRY,80:81BF:E0M0X1:C?:DBR??:P,0001BF,FAIL_CLOSED_UNSUPPORTED,,source-proved entry exists but required dynamic/re-entry producer remains unproved; static continuation is rejected,candidate never promoted; unsupported source edge stops immediately
V03F00004,PROVED,INTERRUPT_REENTRY,80:81BF:E0M1X0:C?:DBR??:P,0001BF,FAIL_CLOSED_UNSUPPORTED,,source-proved entry exists but required dynamic/re-entry producer remains unproved; static continuation is rejected,candidate never promoted; unsupported source edge stops immediately
V03F00005,PROVED,INTERRUPT_REENTRY,80:81BF:E0M1X1:C?:DBR??:P,0001BF,FAIL_CLOSED_UNSUPPORTED,,source-proved entry exists but required dynamic/re-entry producer remains unproved; static continuation is rejected,candidate never promoted; unsupported source edge stops immediately
V03F00006,PROVED,DYNAMIC_TARGET,80:8181:E1M1X1:C?:DBR80:P,000181,FAIL_CLOSED_UNSUPPORTED,,source-proved entry exists but required dynamic/re-entry producer remains unproved; static continuation is rejected,candidate never promoted; unsupported source edge stops immediately
V03F00007,PROVED,DYNAMIC_TARGET,80:8181:E0M1X1:C?:DBR80:P,000181,FAIL_CLOSED_UNSUPPORTED,,source-proved entry exists but required dynamic/re-entry producer remains unproved; static continuation is rejected,candidate never promoted; unsupported source edge stops immediately
V03F00008,PROVED,DYNAMIC_TARGET,80:821A:E1M1X1:C?:DBR80:P,00021A,FAIL_CLOSED_UNSUPPORTED,,source-proved entry exists but required dynamic/re-entry producer remains unproved; static continuation is rejected,candidate never promoted; unsupported source edge stops immediately
V03F00009,PROVED,DYNAMIC_TARGET,80:821A:E0M1X1:C?:DBR80:P,00021A,FAIL_CLOSED_UNSUPPORTED,,source-proved entry exists but required dynamic/re-entry producer remains unproved; static continuation is rejected,candidate never promoted; unsupported source edge stops immediately
V03F00010,PROVED,INTERRUPT_REENTRY,80:8196:E1M1X1:C?:DBR??:P,000196,FAIL_CLOSED_UNSUPPORTED,,source-proved entry exists but required dynamic/re-entry producer remains unproved; static continuation is rejected,candidate never promoted; unsupported source edge stops immediately
V03F00011,PROVED,INTERRUPT_REENTRY,80:8196:E0M0X0:C?:DBR??:P,000196,FAIL_CLOSED_UNSUPPORTED,,source-proved entry exists but required dynamic/re-entry producer remains unproved; static continuation is rejected,candidate never promoted; unsupported source edge stops immediately
V03F00012,PROVED,STATUS_WIDTH,80:8226:E0M0X0:C?:DBR??:P,000226,CLOSED_SOURCE_PROVED,,stack/status producer proves continuation width,candidate never promoted; unsupported source edge stops immediately
V03F00013,PROVED,INTERRUPT_REENTRY,80:8227:E1M1X1:C?:DBR??:P,000227,FAIL_CLOSED_UNSUPPORTED,,source-proved entry exists but required dynamic/re-entry producer remains unproved; static continuation is rejected,candidate never promoted; unsupported source edge stops immediately
V03F00014,CANDIDATE,INTERRUPT_REENTRY,80:8227:E0M0X0:C?:DBR??:C,000227,SUPERSEDED_BY_SOURCE_PROVED_CONTEXT,,Same PBR:PC:E:M:X is independently reached by V04 source proof; V03 speculative path itself remains rejected.,candidate never promoted; unsupported source edge stops immediately
V03F00015,CANDIDATE,INTERRUPT_REENTRY,80:8227:E0M0X1:C?:DBR??:C,000227,SUPERSEDED_BY_SOURCE_PROVED_CONTEXT,,Same PBR:PC:E:M:X is independently reached by V04 source proof; V03 speculative path itself remains rejected.,candidate never promoted; unsupported source edge stops immediately
V03F00016,CANDIDATE,INTERRUPT_REENTRY,80:8227:E0M1X0:C?:DBR??:C,000227,SUPERSEDED_BY_SOURCE_PROVED_CONTEXT,,Same PBR:PC:E:M:X is independently reached by V04 source proof; V03 speculative path itself remains rejected.,candidate never promoted; unsupported source edge stops immediately
V03F00017,CANDIDATE,INTERRUPT_REENTRY,80:8227:E0M1X1:C?:DBR??:C,000227,SUPERSEDED_BY_SOURCE_PROVED_CONTEXT,,Same PBR:PC:E:M:X is independently reached by V04 source proof; V03 speculative path itself remains rejected.,candidate never promoted; unsupported source edge stops immediately
V03F00018,CANDIDATE,DYNAMIC_TARGET,80:FC24:E1M1X1:C?:DBR??:C,007C24,REJECTED_V03_CANDIDATE,,V03 candidate path is not an admitted V04 source-proof root/edge.,candidate never promoted; unsupported source edge stops immediately
V03F00019,CANDIDATE,DYNAMIC_TARGET,80:FC24:E0M1X1:C?:DBR??:C,007C24,REJECTED_V03_CANDIDATE,,V03 candidate path is not an admitted V04 source-proof root/edge.,candidate never promoted; unsupported source edge stops immediately
V03F00020,CANDIDATE,STATUS_WIDTH,80:8226:E0M0X0:C?:DBR??:C,000226,SUPERSEDED_BY_SOURCE_PROVED_CONTEXT,,Same PBR:PC:E:M:X is independently reached by V04 source proof; V03 speculative path itself remains rejected.,candidate never promoted; unsupported source edge stops immediately
V03F00021,CANDIDATE,INTERRUPT_REENTRY,80:8196:E1M1X1:C?:DBR??:C,000196,SUPERSEDED_BY_SOURCE_PROVED_CONTEXT,,Same PBR:PC:E:M:X is independently reached by V04 source proof; V03 speculative path itself remains rejected.,candidate never promoted; unsupported source edge stops immediately
V03F00022,CANDIDATE,INTERRUPT_REENTRY,80:8227:E1M1X1:C?:DBR??:C,000227,SUPERSEDED_BY_SOURCE_PROVED_CONTEXT,,Same PBR:PC:E:M:X is independently reached by V04 source proof; V03 speculative path itself remains rejected.,candidate never promoted; unsupported source edge stops immediately
V03F00023,CANDIDATE,STATUS_WIDTH,80:DCBD:E0M0X0:C?:DBR??:C,005CBD,REJECTED_V03_CANDIDATE,,V03 candidate path is not an admitted V04 source-proof root/edge.,candidate never promoted; unsupported source edge stops immediately
V03F00024,CANDIDATE,STATUS_WIDTH,80:FC27:E0M1X1:C?:DBR??:C,007C27,REJECTED_V03_CANDIDATE,,V03 candidate path is not an admitted V04 source-proof root/edge.,candidate never promoted; unsupported source edge stops immediately
V03F00025,CANDIDATE,INTERRUPT_REENTRY,80:8196:E0M0X0:C?:DBR??:C,000196,SUPERSEDED_BY_SOURCE_PROVED_CONTEXT,,Same PBR:PC:E:M:X is independently reached by V04 source proof; V03 speculative path itself remains rejected.,candidate never promoted; unsupported source edge stops immediately
V03F00026,CANDIDATE,RETURN,80:FC28:E1M1X1:C?:DBR??:C,007C28,REJECTED_V03_CANDIDATE,,V03 candidate path is not an admitted V04 source-proof root/edge.,candidate never promoted; unsupported source edge stops immediately
V03F00027,CANDIDATE,RETURN,80:DCBE:E0M0X0:C?:DBR??:C,005CBE,REJECTED_V03_CANDIDATE,,V03 candidate path is not an admitted V04 source-proof root/edge.,candidate never promoted; unsupported source edge stops immediately
V03F00028,CANDIDATE,RETURN,80:DCBE:E0M0X1:C?:DBR??:C,005CBE,REJECTED_V03_CANDIDATE,,V03 candidate path is not an admitted V04 source-proof root/edge.,candidate never promoted; unsupported source edge stops immediately
V03F00029,CANDIDATE,RETURN,80:DCBE:E0M1X0:C?:DBR??:C,005CBE,REJECTED_V03_CANDIDATE,,V03 candidate path is not an admitted V04 source-proof root/edge.,candidate never promoted; unsupported source edge stops immediately
V03F00030,CANDIDATE,RETURN,80:DCBE:E0M1X1:C?:DBR??:C,005CBE,REJECTED_V03_CANDIDATE,,V03 candidate path is not an admitted V04 source-proof root/edge.,candidate never promoted; unsupported source edge stops immediately
V03F00031,CANDIDATE,RETURN,80:FC28:E0M0X0:C?:DBR??:C,007C28,REJECTED_V03_CANDIDATE,,V03 candidate path is not an admitted V04 source-proof root/edge.,candidate never promoted; unsupported source edge stops immediately
V03F00032,CANDIDATE,RETURN,80:FC28:E0M0X1:C?:DBR??:C,007C28,REJECTED_V03_CANDIDATE,,V03 candidate path is not an admitted V04 source-proof root/edge.,candidate never promoted; unsupported source edge stops immediately
V03F00033,CANDIDATE,RETURN,80:FC28:E0M1X0:C?:DBR??:C,007C28,REJECTED_V03_CANDIDATE,,V03 candidate path is not an admitted V04 source-proof root/edge.,candidate never promoted; unsupported source edge stops immediately
V03F00034,CANDIDATE,RETURN,80:FC28:E0M1X1:C?:DBR??:C,007C28,REJECTED_V03_CANDIDATE,,V03 candidate path is not an admitted V04 source-proof root/edge.,candidate never promoted; unsupported source edge stops immediately
V03F00035,CANDIDATE,RETURN,80:F981:E0M1X1:C?:DBR??:C,007981,SUPERSEDED_BY_SOURCE_PROVED_CONTEXT,,Same PBR:PC:E:M:X is independently reached by V04 source proof; V03 speculative path itself remains rejected.,candidate never promoted; unsupported source edge stops immediately
V03F00036,CANDIDATE,STATUS_WIDTH,80:FB3C:E0M0X1:C?:DBR??:C,007B3C,SUPERSEDED_BY_SOURCE_PROVED_CONTEXT,,Same PBR:PC:E:M:X is independently reached by V04 source proof; V03 speculative path itself remains rejected.,candidate never promoted; unsupported source edge stops immediately
V03F00037,CANDIDATE,DYNAMIC_TARGET,80:821A:E1M1X1:C?:DBR80:C,00021A,SUPERSEDED_BY_SOURCE_PROVED_CONTEXT,,Same PBR:PC:E:M:X is independently reached by V04 source proof; V03 speculative path itself remains rejected.,candidate never promoted; unsupported source edge stops immediately
V03F00038,CANDIDATE,RETURN,80:FB3D:E0M0X0:C?:DBR??:C,007B3D,REJECTED_V03_CANDIDATE,,V03 candidate path is not an admitted V04 source-proof root/edge.,candidate never promoted; unsupported source edge stops immediately
V03F00039,CANDIDATE,RETURN,80:FB3D:E0M0X1:C?:DBR??:C,007B3D,REJECTED_V03_CANDIDATE,,V03 candidate path is not an admitted V04 source-proof root/edge.,candidate never promoted; unsupported source edge stops immediately
V03F00040,CANDIDATE,RETURN,80:FB3D:E0M1X0:C?:DBR??:C,007B3D,REJECTED_V03_CANDIDATE,,V03 candidate path is not an admitted V04 source-proof root/edge.,candidate never promoted; unsupported source edge stops immediately
V03F00041,CANDIDATE,RETURN,80:FB3D:E0M1X1:C?:DBR??:C,007B3D,SUPERSEDED_BY_SOURCE_PROVED_CONTEXT,,Same PBR:PC:E:M:X is independently reached by V04 source proof; V03 speculative path itself remains rejected.,candidate never promoted; unsupported source edge stops immediately
V03F00042,CANDIDATE,RETURN,81:AC47:E0M1X1:C?:DBR??:C,00AC47,REJECTED_V03_CANDIDATE,,V03 candidate path is not an admitted V04 source-proof root/edge.,candidate never promoted; unsupported source edge stops immediately
V03F00043,CANDIDATE,RETURN,92:F083:E0M1X1:C?:DBR??:C,097083,SUPERSEDED_BY_SOURCE_PROVED_CONTEXT,,Same PBR:PC:E:M:X is independently reached by V04 source proof; V03 speculative path itself remains rejected.,candidate never promoted; unsupported source edge stops immediately
V03F00044,CANDIDATE,RETURN,80:812F:E0M1X1:C?:DBR??:C,00012F,SUPERSEDED_BY_SOURCE_PROVED_CONTEXT,,Same PBR:PC:E:M:X is independently reached by V04 source proof; V03 speculative path itself remains rejected.,candidate never promoted; unsupported source edge stops immediately
V03F00045,CANDIDATE,RETURN,80:F918:E0M1X1:C?:DBR??:C,007918,SUPERSEDED_BY_SOURCE_PROVED_CONTEXT,,Same PBR:PC:E:M:X is independently reached by V04 source proof; V03 speculative path itself remains rejected.,candidate never promoted; unsupported source edge stops immediately
V03F00046,CANDIDATE,RETURN,80:F8FF:E0M1X1:C?:DBR??:C,0078FF,SUPERSEDED_BY_SOURCE_PROVED_CONTEXT,,Same PBR:PC:E:M:X is independently reached by V04 source proof; V03 speculative path itself remains rejected.,candidate never promoted; unsupported source edge stops immediately
V03F00047,CANDIDATE,STATUS_WIDTH,80:F996:E0M0X1:C?:DBR??:C,007996,SUPERSEDED_BY_SOURCE_PROVED_CONTEXT,,Same PBR:PC:E:M:X is independently reached by V04 source proof; V03 speculative path itself remains rejected.,candidate never promoted; unsupported source edge stops immediately
V03F00048,CANDIDATE,RETURN,80:8165:E0M1X1:C?:DBR??:C,000165,SUPERSEDED_BY_SOURCE_PROVED_CONTEXT,,Same PBR:PC:E:M:X is independently reached by V04 source proof; V03 speculative path itself remains rejected.,candidate never promoted; unsupported source edge stops immediately
V03F00049,CANDIDATE,RETURN,80:F997:E0M0X0:C?:DBR??:C,007997,REJECTED_V03_CANDIDATE,,V03 candidate path is not an admitted V04 source-proof root/edge.,candidate never promoted; unsupported source edge stops immediately
V03F00050,CANDIDATE,RETURN,80:F997:E0M0X1:C?:DBR??:C,007997,REJECTED_V03_CANDIDATE,,V03 candidate path is not an admitted V04 source-proof root/edge.,candidate never promoted; unsupported source edge stops immediately
V03F00051,CANDIDATE,RETURN,80:F997:E0M1X0:C?:DBR??:C,007997,REJECTED_V03_CANDIDATE,,V03 candidate path is not an admitted V04 source-proof root/edge.,candidate never promoted; unsupported source edge stops immediately
V03F00052,CANDIDATE,RETURN,80:F997:E0M1X1:C?:DBR??:C,007997,SUPERSEDED_BY_SOURCE_PROVED_CONTEXT,,Same PBR:PC:E:M:X is independently reached by V04 source proof; V03 speculative path itself remains rejected.,candidate never promoted; unsupported source edge stops immediately
V03F00053,CANDIDATE,RETURN,80:DC7C:E0M1X1:C?:DBR??:C,005C7C,REJECTED_V03_CANDIDATE,,V03 candidate path is not an admitted V04 source-proof root/edge.,candidate never promoted; unsupported source edge stops immediately
V03F00054,CANDIDATE,STATUS_WIDTH,80:F9F0:E0M0X0:C?:DBR??:C,0079F0,SUPERSEDED_BY_SOURCE_PROVED_CONTEXT,,Same PBR:PC:E:M:X is independently reached by V04 source proof; V03 speculative path itself remains rejected.,candidate never promoted; unsupported source edge stops immediately
V03F00055,CANDIDATE,STATUS_WIDTH,80:FB2D:E0M0X0:C?:DBR??:C,007B2D,SUPERSEDED_BY_SOURCE_PROVED_CONTEXT,,Same PBR:PC:E:M:X is independently reached by V04 source proof; V03 speculative path itself remains rejected.,candidate never promoted; unsupported source edge stops immediately
V03F00056,CANDIDATE,RETURN,80:F9F1:E0M0X0:C?:DBR??:C,0079F1,REJECTED_V03_CANDIDATE,,V03 candidate path is not an admitted V04 source-proof root/edge.,candidate never promoted; unsupported source edge stops immediately
V03F00057,CANDIDATE,RETURN,80:F9F1:E0M0X1:C?:DBR??:C,0079F1,REJECTED_V03_CANDIDATE,,V03 candidate path is not an admitted V04 source-proof root/edge.,candidate never promoted; unsupported source edge stops immediately
V03F00058,CANDIDATE,RETURN,80:F9F1:E0M1X0:C?:DBR??:C,0079F1,REJECTED_V03_CANDIDATE,,V03 candidate path is not an admitted V04 source-proof root/edge.,candidate never promoted; unsupported source edge stops immediately
V03F00059,CANDIDATE,RETURN,80:F9F1:E0M1X1:C?:DBR??:C,0079F1,SUPERSEDED_BY_SOURCE_PROVED_CONTEXT,,Same PBR:PC:E:M:X is independently reached by V04 source proof; V03 speculative path itself remains rejected.,candidate never promoted; unsupported source edge stops immediately
V03F00060,CANDIDATE,STATUS_WIDTH,80:FB1B:E0M0X0:C?:DBR??:C,007B1B,SUPERSEDED_BY_SOURCE_PROVED_CONTEXT,,Same PBR:PC:E:M:X is independently reached by V04 source proof; V03 speculative path itself remains rejected.,candidate never promoted; unsupported source edge stops immediately
V03F00061,CANDIDATE,RETURN,80:FB2E:E0M0X0:C?:DBR??:C,007B2E,SUPERSEDED_BY_SOURCE_PROVED_CONTEXT,,Same PBR:PC:E:M:X is independently reached by V04 source proof; V03 speculative path itself remains rejected.,candidate never promoted; unsupported source edge stops immediately
V03F00062,CANDIDATE,RETURN,80:FB2E:E0M0X1:C?:DBR??:C,007B2E,REJECTED_V03_CANDIDATE,,V03 candidate path is not an admitted V04 source-proof root/edge.,candidate never promoted; unsupported source edge stops immediately
V03F00063,CANDIDATE,RETURN,80:FB2E:E0M1X0:C?:DBR??:C,007B2E,SUPERSEDED_BY_SOURCE_PROVED_CONTEXT,,Same PBR:PC:E:M:X is independently reached by V04 source proof; V03 speculative path itself remains rejected.,candidate never promoted; unsupported source edge stops immediately
V03F00064,CANDIDATE,RETURN,80:FB2E:E0M1X1:C?:DBR??:C,007B2E,REJECTED_V03_CANDIDATE,,V03 candidate path is not an admitted V04 source-proof root/edge.,candidate never promoted; unsupported source edge stops immediately
V03F00065,CANDIDATE,RETURN,81:AE75:E0M1X1:C?:DBR??:C,00AE75,SUPERSEDED_BY_SOURCE_PROVED_CONTEXT,,Same PBR:PC:E:M:X is independently reached by V04 source proof; V03 speculative path itself remains rejected.,candidate never promoted; unsupported source edge stops immediately
V03F00066,CANDIDATE,RETURN,80:FB1C:E0M0X0:C?:DBR??:C,007B1C,REJECTED_V03_CANDIDATE,,V03 candidate path is not an admitted V04 source-proof root/edge.,candidate never promoted; unsupported source edge stops immediately
V03F00067,CANDIDATE,RETURN,80:FB1C:E0M0X1:C?:DBR??:C,007B1C,REJECTED_V03_CANDIDATE,,V03 candidate path is not an admitted V04 source-proof root/edge.,candidate never promoted; unsupported source edge stops immediately
V03F00068,CANDIDATE,RETURN,80:FB1C:E0M1X0:C?:DBR??:C,007B1C,SUPERSEDED_BY_SOURCE_PROVED_CONTEXT,,Same PBR:PC:E:M:X is independently reached by V04 source proof; V03 speculative path itself remains rejected.,candidate never promoted; unsupported source edge stops immediately
V03F00069,CANDIDATE,RETURN,80:FB1C:E0M1X1:C?:DBR??:C,007B1C,REJECTED_V03_CANDIDATE,,V03 candidate path is not an admitted V04 source-proof root/edge.,candidate never promoted; unsupported source edge stops immediately
V03F00070,CANDIDATE,RETURN,81:AD74:E0M0X0:C?:DBR??:C,00AD74,SUPERSEDED_BY_SOURCE_PROVED_CONTEXT,,Same PBR:PC:E:M:X is independently reached by V04 source proof; V03 speculative path itself remains rejected.,candidate never promoted; unsupported source edge stops immediately
V03F00071,CANDIDATE,RETURN,92:F04C:E0M1X1:C?:DBR??:C,09704C,SUPERSEDED_BY_SOURCE_PROVED_CONTEXT,,Same PBR:PC:E:M:X is independently reached by V04 source proof; V03 speculative path itself remains rejected.,candidate never promoted; unsupported source edge stops immediately
V03F00072,CANDIDATE,RETURN,81:9D69:E0M1X1:C?:DBR??:C,009D69,SUPERSEDED_BY_SOURCE_PROVED_CONTEXT,,Same PBR:PC:E:M:X is independently reached by V04 source proof; V03 speculative path itself remains rejected.,candidate never promoted; unsupported source edge stops immediately
V03F00073,CANDIDATE,RETURN,81:AF3F:E0M1X1:C?:DBR??:C,00AF3F,SUPERSEDED_BY_SOURCE_PROVED_CONTEXT,,Same PBR:PC:E:M:X is independently reached by V04 source proof; V03 speculative path itself remains rejected.,candidate never promoted; unsupported source edge stops immediately
V03F00074,CANDIDATE,STATUS_WIDTH,80:FB2D:E0M1X0:C?:DBR??:C,007B2D,SUPERSEDED_BY_SOURCE_PROVED_CONTEXT,,Same PBR:PC:E:M:X is independently reached by V04 source proof; V03 speculative path itself remains rejected.,candidate never promoted; unsupported source edge stops immediately
V03F00075,CANDIDATE,STATUS_WIDTH,80:FA35:E0M0X0:C?:DBR??:C,007A35,SUPERSEDED_BY_SOURCE_PROVED_CONTEXT,,Same PBR:PC:E:M:X is independently reached by V04 source proof; V03 speculative path itself remains rejected.,candidate never promoted; unsupported source edge stops immediately
V03F00076,CANDIDATE,RETURN,80:83A2:E0M0X0:C?:DBR??:C,0003A2,SUPERSEDED_BY_SOURCE_PROVED_CONTEXT,,Same PBR:PC:E:M:X is independently reached by V04 source proof; V03 speculative path itself remains rejected.,candidate never promoted; unsupported source edge stops immediately
V03F00077,CANDIDATE,STATUS_WIDTH,81:9DA6:E0M1X1:C?:DBR??:C,009DA6,SUPERSEDED_BY_SOURCE_PROVED_CONTEXT,,Same PBR:PC:E:M:X is independently reached by V04 source proof; V03 speculative path itself remains rejected.,candidate never promoted; unsupported source edge stops immediately
V03F00078,CANDIDATE,STATUS_WIDTH,81:9DA3:E0M1X1:C?:DBR??:C,009DA3,SUPERSEDED_BY_SOURCE_PROVED_CONTEXT,,Same PBR:PC:E:M:X is independently reached by V04 source proof; V03 speculative path itself remains rejected.,candidate never promoted; unsupported source edge stops immediately
V03F00079,CANDIDATE,STATUS_WIDTH,80:F9E9:E0M0X0:C?:DBR??:C,0079E9,SUPERSEDED_BY_SOURCE_PROVED_CONTEXT,,Same PBR:PC:E:M:X is independently reached by V04 source proof; V03 speculative path itself remains rejected.,candidate never promoted; unsupported source edge stops immediately
V03F00080,CANDIDATE,RETURN,80:F9EA:E0M0X0:C?:DBR??:C,0079EA,REJECTED_V03_CANDIDATE,,V03 candidate path is not an admitted V04 source-proof root/edge.,candidate never promoted; unsupported source edge stops immediately
V03F00081,CANDIDATE,RETURN,80:F9EA:E0M0X1:C?:DBR??:C,0079EA,REJECTED_V03_CANDIDATE,,V03 candidate path is not an admitted V04 source-proof root/edge.,candidate never promoted; unsupported source edge stops immediately
V03F00082,CANDIDATE,RETURN,80:F9EA:E0M1X0:C?:DBR??:C,0079EA,REJECTED_V03_CANDIDATE,,V03 candidate path is not an admitted V04 source-proof root/edge.,candidate never promoted; unsupported source edge stops immediately
V03F00083,CANDIDATE,RETURN,80:F9EA:E0M1X1:C?:DBR??:C,0079EA,SUPERSEDED_BY_SOURCE_PROVED_CONTEXT,,Same PBR:PC:E:M:X is independently reached by V04 source proof; V03 speculative path itself remains rejected.,candidate never promoted; unsupported source edge stops immediately
V03F00084,CANDIDATE,RETURN,80:FA37:E0M0X0:C1:DBR??:C,007A37,REJECTED_V03_CANDIDATE,,V03 candidate path is not an admitted V04 source-proof root/edge.,candidate never promoted; unsupported source edge stops immediately
V03F00085,CANDIDATE,RETURN,80:FA37:E0M0X1:C1:DBR??:C,007A37,SUPERSEDED_BY_SOURCE_PROVED_CONTEXT,,Same PBR:PC:E:M:X is independently reached by V04 source proof; V03 speculative path itself remains rejected.,candidate never promoted; unsupported source edge stops immediately
V03F00086,CANDIDATE,RETURN,80:FA37:E0M1X0:C1:DBR??:C,007A37,REJECTED_V03_CANDIDATE,,V03 candidate path is not an admitted V04 source-proof root/edge.,candidate never promoted; unsupported source edge stops immediately
V03F00087,CANDIDATE,RETURN,80:FA37:E0M1X1:C1:DBR??:C,007A37,REJECTED_V03_CANDIDATE,,V03 candidate path is not an admitted V04 source-proof root/edge.,candidate never promoted; unsupported source edge stops immediately
V03F00088,CANDIDATE,RETURN,81:9DA8:E0M0X0:C1:DBR??:C,009DA8,REJECTED_V03_CANDIDATE,,V03 candidate path is not an admitted V04 source-proof root/edge.,candidate never promoted; unsupported source edge stops immediately
V03F00089,CANDIDATE,RETURN,81:9DA8:E0M0X1:C1:DBR??:C,009DA8,REJECTED_V03_CANDIDATE,,V03 candidate path is not an admitted V04 source-proof root/edge.,candidate never promoted; unsupported source edge stops immediately
V03F00090,CANDIDATE,RETURN,81:9DA8:E0M1X0:C1:DBR??:C,009DA8,REJECTED_V03_CANDIDATE,,V03 candidate path is not an admitted V04 source-proof root/edge.,candidate never promoted; unsupported source edge stops immediately
V03F00091,CANDIDATE,RETURN,81:9DA8:E0M1X1:C1:DBR??:C,009DA8,SUPERSEDED_BY_SOURCE_PROVED_CONTEXT,,Same PBR:PC:E:M:X is independently reached by V04 source proof; V03 speculative path itself remains rejected.,candidate never promoted; unsupported source edge stops immediately
V03F00092,CANDIDATE,RETURN,81:9DA5:E0M0X0:C0:DBR??:C,009DA5,REJECTED_V03_CANDIDATE,,V03 candidate path is not an admitted V04 source-proof root/edge.,candidate never promoted; unsupported source edge stops immediately
V03F00093,CANDIDATE,RETURN,81:9DA5:E0M0X1:C0:DBR??:C,009DA5,REJECTED_V03_CANDIDATE,,V03 candidate path is not an admitted V04 source-proof root/edge.,candidate never promoted; unsupported source edge stops immediately
V03F00094,CANDIDATE,RETURN,81:9DA5:E0M1X0:C0:DBR??:C,009DA5,REJECTED_V03_CANDIDATE,,V03 candidate path is not an admitted V04 source-proof root/edge.,candidate never promoted; unsupported source edge stops immediately
V03F00095,CANDIDATE,RETURN,81:9DA5:E0M1X1:C0:DBR??:C,009DA5,SUPERSEDED_BY_SOURCE_PROVED_CONTEXT,,Same PBR:PC:E:M:X is independently reached by V04 source proof; V03 speculative path itself remains rejected.,candidate never promoted; unsupported source edge stops immediately
V03F00096,CANDIDATE,RETURN,81:B6D9:E0M1X1:C?:DBR??:C,00B6D9,REJECTED_V03_CANDIDATE,,V03 candidate path is not an admitted V04 source-proof root/edge.,candidate never promoted; unsupported source edge stops immediately
V03F00097,CANDIDATE,RETURN,80:8113:E0M1X1:C?:DBR??:C,000113,REJECTED_V03_CANDIDATE,,V03 candidate path is not an admitted V04 source-proof root/edge.,candidate never promoted; unsupported source edge stops immediately
V03F00098,CANDIDATE,RETURN,80:A41C:E0M1X1:C?:DBR??:C,00241C,SUPERSEDED_BY_SOURCE_PROVED_CONTEXT,,Same PBR:PC:E:M:X is independently reached by V04 source proof; V03 speculative path itself remains rejected.,candidate never promoted; unsupported source edge stops immediately
V03F00099,CANDIDATE,RETURN,81:AD20:E0M1X1:C?:DBR??:C,00AD20,SUPERSEDED_BY_SOURCE_PROVED_CONTEXT,,Same PBR:PC:E:M:X is independently reached by V04 source proof; V03 speculative path itself remains rejected.,candidate never promoted; unsupported source edge stops immediately
V03F00100,CANDIDATE,RETURN,81:F8AE:E0M1X1:C?:DBR??:C,00F8AE,REJECTED_V03_CANDIDATE,,V03 candidate path is not an admitted V04 source-proof root/edge.,candidate never promoted; unsupported source edge stops immediately
V03F00101,CANDIDATE,RETURN,80:F925:E0M1X1:C?:DBR??:C,007925,REJECTED_V03_CANDIDATE,,V03 candidate path is not an admitted V04 source-proof root/edge.,candidate never promoted; unsupported source edge stops immediately
V03F00102,CANDIDATE,RETURN,80:82FE:E0M0X0:C?:DBR??:C,0002FE,SUPERSEDED_BY_SOURCE_PROVED_CONTEXT,,Same PBR:PC:E:M:X is independently reached by V04 source proof; V03 speculative path itself remains rejected.,candidate never promoted; unsupported source edge stops immediately
V03F00103,CANDIDATE,RETURN,81:DF98:E0M0X0:C?:DBR??:C,00DF98,REJECTED_V03_CANDIDATE,,V03 candidate path is not an admitted V04 source-proof root/edge.,candidate never promoted; unsupported source edge stops immediately
V03F00104,CANDIDATE,RETURN,80:80D8:E0M1X1:C?:DBR??:C,0000D8,REJECTED_V03_CANDIDATE,,V03 candidate path is not an admitted V04 source-proof root/edge.,candidate never promoted; unsupported source edge stops immediately
V03F00105,CANDIDATE,RETURN,80:80D3:E0M1X1:C?:DBR??:C,0000D3,REJECTED_V03_CANDIDATE,,V03 candidate path is not an admitted V04 source-proof root/edge.,candidate never promoted; unsupported source edge stops immediately
V03F00106,CANDIDATE,RETURN,81:B67C:E0M1X1:C?:DBR??:C,00B67C,SUPERSEDED_BY_SOURCE_PROVED_CONTEXT,,Same PBR:PC:E:M:X is independently reached by V04 source proof; V03 speculative path itself remains rejected.,candidate never promoted; unsupported source edge stops immediately
V03F00107,CANDIDATE,RETURN,81:BE80:E0M1X1:C?:DBR??:C,00BE80,REJECTED_V03_CANDIDATE,,V03 candidate path is not an admitted V04 source-proof root/edge.,candidate never promoted; unsupported source edge stops immediately
V03F00108,CANDIDATE,RETURN,81:9D98:E0M0X0:C?:DBR??:C,009D98,SUPERSEDED_BY_SOURCE_PROVED_CONTEXT,,Same PBR:PC:E:M:X is independently reached by V04 source proof; V03 speculative path itself remains rejected.,candidate never promoted; unsupported source edge stops immediately
V03F00109,CANDIDATE,RETURN,80:8362:E0M0X0:C?:DBR??:C,000362,SUPERSEDED_BY_SOURCE_PROVED_CONTEXT,,Same PBR:PC:E:M:X is independently reached by V04 source proof; V03 speculative path itself remains rejected.,candidate never promoted; unsupported source edge stops immediately
V03F00110,CANDIDATE,RETURN,81:AF0B:E0M1X1:C?:DBR??:C,00AF0B,SUPERSEDED_BY_SOURCE_PROVED_CONTEXT,,Same PBR:PC:E:M:X is independently reached by V04 source proof; V03 speculative path itself remains rejected.,candidate never promoted; unsupported source edge stops immediately
V03F00111,CANDIDATE,RETURN,80:A3A7:E0M1X1:C?:DBR??:C,0023A7,SUPERSEDED_BY_SOURCE_PROVED_CONTEXT,,Same PBR:PC:E:M:X is independently reached by V04 source proof; V03 speculative path itself remains rejected.,candidate never promoted; unsupported source edge stops immediately
V03F00112,CANDIDATE,RETURN,81:DF08:E0M0X0:C0:DBR??:C,00DF08,REJECTED_V03_CANDIDATE,,V03 candidate path is not an admitted V04 source-proof root/edge.,candidate never promoted; unsupported source edge stops immediately
V03F00113,CANDIDATE,RETURN,80:831F:E0M0X0:C?:DBR??:C,00031F,REJECTED_V03_CANDIDATE,,V03 candidate path is not an admitted V04 source-proof root/edge.,candidate never promoted; unsupported source edge stops immediately
V03F00114,CANDIDATE,RETURN,80:C1F1:E0M1X1:C?:DBR??:C,0041F1,REJECTED_V03_CANDIDATE,,V03 candidate path is not an admitted V04 source-proof root/edge.,candidate never promoted; unsupported source edge stops immediately
V03F00115,CANDIDATE,RETURN,81:C870:E0M1X1:C?:DBR??:C,00C870,REJECTED_V03_CANDIDATE,,V03 candidate path is not an admitted V04 source-proof root/edge.,candidate never promoted; unsupported source edge stops immediately
V03F00116,CANDIDATE,RETURN,80:833B:E0M0X0:C?:DBR80:C,00033B,SUPERSEDED_BY_SOURCE_PROVED_CONTEXT,,Same PBR:PC:E:M:X is independently reached by V04 source proof; V03 speculative path itself remains rejected.,candidate never promoted; unsupported source edge stops immediately
V03F00117,CANDIDATE,RETURN,80:C2FB:E0M1X1:C?:DBR??:C,0042FB,SUPERSEDED_BY_SOURCE_PROVED_CONTEXT,,Same PBR:PC:E:M:X is independently reached by V04 source proof; V03 speculative path itself remains rejected.,candidate never promoted; unsupported source edge stops immediately
V03F00118,CANDIDATE,RETURN,80:A3F1:E0M1X1:C?:DBR??:C,0023F1,SUPERSEDED_BY_SOURCE_PROVED_CONTEXT,,Same PBR:PC:E:M:X is independently reached by V04 source proof; V03 speculative path itself remains rejected.,candidate never promoted; unsupported source edge stops immediately
V03F00119,CANDIDATE,RETURN,81:FD22:E0M1X1:C?:DBR??:C,00FD22,REJECTED_V03_CANDIDATE,,V03 candidate path is not an admitted V04 source-proof root/edge.,candidate never promoted; unsupported source edge stops immediately
V03F00120,CANDIDATE,RETURN,81:C876:E0M1X1:C?:DBR81:C,00C876,REJECTED_V03_CANDIDATE,,V03 candidate path is not an admitted V04 source-proof root/edge.,candidate never promoted; unsupported source edge stops immediately
V03F00121,CANDIDATE,RETURN,81:9E11:E0M1X1:C?:DBR??:C,009E11,SUPERSEDED_BY_SOURCE_PROVED_CONTEXT,,Same PBR:PC:E:M:X is independently reached by V04 source proof; V03 speculative path itself remains rejected.,candidate never promoted; unsupported source edge stops immediately
V03F00122,CANDIDATE,RETURN,80:C06D:E0M1X1:C?:DBR??:C,00406D,SUPERSEDED_BY_SOURCE_PROVED_CONTEXT,,Same PBR:PC:E:M:X is independently reached by V04 source proof; V03 speculative path itself remains rejected.,candidate never promoted; unsupported source edge stops immediately
V03F00123,CANDIDATE,STATUS_WIDTH,80:FA2E:E0M0X0:C?:DBR??:C,007A2E,SUPERSEDED_BY_SOURCE_PROVED_CONTEXT,,Same PBR:PC:E:M:X is independently reached by V04 source proof; V03 speculative path itself remains rejected.,candidate never promoted; unsupported source edge stops immediately
V03F00124,CANDIDATE,RETURN,81:A061:E0M1X1:C?:DBR??:C,00A061,SUPERSEDED_BY_SOURCE_PROVED_CONTEXT,,Same PBR:PC:E:M:X is independently reached by V04 source proof; V03 speculative path itself remains rejected.,candidate never promoted; unsupported source edge stops immediately
V03F00125,CANDIDATE,RETURN,80:C076:E0M1X1:C?:DBR80:C,004076,SUPERSEDED_BY_SOURCE_PROVED_CONTEXT,,Same PBR:PC:E:M:X is independently reached by V04 source proof; V03 speculative path itself remains rejected.,candidate never promoted; unsupported source edge stops immediately
V03F00126,CANDIDATE,RETURN,80:A44B:E0M1X1:C?:DBR80:C,00244B,SUPERSEDED_BY_SOURCE_PROVED_CONTEXT,,Same PBR:PC:E:M:X is independently reached by V04 source proof; V03 speculative path itself remains rejected.,candidate never promoted; unsupported source edge stops immediately
V03F00127,CANDIDATE,RETURN,81:B700:E0M1X1:C?:DBR??:C,00B700,REJECTED_V03_CANDIDATE,,V03 candidate path is not an admitted V04 source-proof root/edge.,candidate never promoted; unsupported source edge stops immediately
V03F00128,CANDIDATE,STATUS_WIDTH,80:C70A:E0M1X1:C?:DBR??:C,00470A,REJECTED_V03_CANDIDATE,,V03 candidate path is not an admitted V04 source-proof root/edge.,candidate never promoted; unsupported source edge stops immediately
V03F00129,CANDIDATE,RETURN,81:FD36:E0M1X1:C0:DBR??:C,00FD36,REJECTED_V03_CANDIDATE,,V03 candidate path is not an admitted V04 source-proof root/edge.,candidate never promoted; unsupported source edge stops immediately
V03F00130,CANDIDATE,RETURN,81:ADA5:E0M1X1:C?:DBR??:C,00ADA5,REJECTED_V03_CANDIDATE,,V03 candidate path is not an admitted V04 source-proof root/edge.,candidate never promoted; unsupported source edge stops immediately
V03F00131,CANDIDATE,RETURN,81:9C7F:E0M1X1:C?:DBR??:C,009C7F,SUPERSEDED_BY_SOURCE_PROVED_CONTEXT,,Same PBR:PC:E:M:X is independently reached by V04 source proof; V03 speculative path itself remains rejected.,candidate never promoted; unsupported source edge stops immediately
V03F00132,CANDIDATE,RETURN,80:C70B:E0M0X0:C?:DBR??:C,00470B,REJECTED_V03_CANDIDATE,,V03 candidate path is not an admitted V04 source-proof root/edge.,candidate never promoted; unsupported source edge stops immediately
V03F00133,CANDIDATE,RETURN,80:C70B:E0M0X1:C?:DBR??:C,00470B,REJECTED_V03_CANDIDATE,,V03 candidate path is not an admitted V04 source-proof root/edge.,candidate never promoted; unsupported source edge stops immediately
V03F00134,CANDIDATE,RETURN,80:C70B:E0M1X0:C?:DBR??:C,00470B,REJECTED_V03_CANDIDATE,,V03 candidate path is not an admitted V04 source-proof root/edge.,candidate never promoted; unsupported source edge stops immediately
V03F00135,CANDIDATE,RETURN,80:C70B:E0M1X1:C?:DBR??:C,00470B,REJECTED_V03_CANDIDATE,,V03 candidate path is not an admitted V04 source-proof root/edge.,candidate never promoted; unsupported source edge stops immediately
V03F00136,CANDIDATE,RETURN,80:CC78:E0M0X0:C?:DBR??:C,004C78,REJECTED_V03_CANDIDATE,,V03 candidate path is not an admitted V04 source-proof root/edge.,candidate never promoted; unsupported source edge stops immediately
V03F00137,CANDIDATE,RETURN,80:CD67:E0M1X1:C?:DBR??:C,004D67,REJECTED_V03_CANDIDATE,,V03 candidate path is not an admitted V04 source-proof root/edge.,candidate never promoted; unsupported source edge stops immediately
V03F00138,CANDIDATE,RETURN,81:FD38:E0M1X1:C1:DBR??:C,00FD38,REJECTED_V03_CANDIDATE,,V03 candidate path is not an admitted V04 source-proof root/edge.,candidate never promoted; unsupported source edge stops immediately
V03F00139,CANDIDATE,RETURN,80:FA30:E0M0X0:C0:DBR??:C,007A30,REJECTED_V03_CANDIDATE,,V03 candidate path is not an admitted V04 source-proof root/edge.,candidate never promoted; unsupported source edge stops immediately
V03F00140,CANDIDATE,RETURN,80:FA30:E0M0X1:C0:DBR??:C,007A30,SUPERSEDED_BY_SOURCE_PROVED_CONTEXT,,Same PBR:PC:E:M:X is independently reached by V04 source proof; V03 speculative path itself remains rejected.,candidate never promoted; unsupported source edge stops immediately
V03F00141,CANDIDATE,RETURN,80:FA30:E0M1X0:C0:DBR??:C,007A30,REJECTED_V03_CANDIDATE,,V03 candidate path is not an admitted V04 source-proof root/edge.,candidate never promoted; unsupported source edge stops immediately
V03F00142,CANDIDATE,RETURN,80:FA30:E0M1X1:C0:DBR??:C,007A30,REJECTED_V03_CANDIDATE,,V03 candidate path is not an admitted V04 source-proof root/edge.,candidate never promoted; unsupported source edge stops immediately
V03F00143,CANDIDATE,RETURN,80:83CD:E0M0X0:C?:DBR??:C,0003CD,SUPERSEDED_BY_SOURCE_PROVED_CONTEXT,,Same PBR:PC:E:M:X is independently reached by V04 source proof; V03 speculative path itself remains rejected.,candidate never promoted; unsupported source edge stops immediately
V03F00144,CANDIDATE,RETURN,80:8317:E0M0X0:C?:DBR??:C,000317,SUPERSEDED_BY_SOURCE_PROVED_CONTEXT,,Same PBR:PC:E:M:X is independently reached by V04 source proof; V03 speculative path itself remains rejected.,candidate never promoted; unsupported source edge stops immediately
V03F00145,CANDIDATE,RETURN,81:A78A:E0M0X0:C?:DBR??:C,00A78A,REJECTED_V03_CANDIDATE,,V03 candidate path is not an admitted V04 source-proof root/edge.,candidate never promoted; unsupported source edge stops immediately
V03F00146,PROVED,RETURN,92:EFF0:E0M1X1:C?:DBR??:P,096FF0,CLOSED_SOURCE_PROVED,,paired logical call frame proves exact return,candidate never promoted; unsupported source edge stops immediately
V03F00147,CANDIDATE,RETURN,80:A1F9:E0M1X1:C?:DBR??:C,0021F9,SUPERSEDED_BY_SOURCE_PROVED_CONTEXT,,Same PBR:PC:E:M:X is independently reached by V04 source proof; V03 speculative path itself remains rejected.,candidate never promoted; unsupported source edge stops immediately
V03F00148,CANDIDATE,RETURN,80:A443:E0M1X1:C?:DBR80:C,002443,SUPERSEDED_BY_SOURCE_PROVED_CONTEXT,,Same PBR:PC:E:M:X is independently reached by V04 source proof; V03 speculative path itself remains rejected.,candidate never promoted; unsupported source edge stops immediately
V03F00149,CANDIDATE,RETURN,80:DCFD:E0M1X1:C?:DBR??:C,005CFD,REJECTED_V03_CANDIDATE,,V03 candidate path is not an admitted V04 source-proof root/edge.,candidate never promoted; unsupported source edge stops immediately
V03F00150,CANDIDATE,RETURN,81:FD54:E0M1X1:C?:DBR??:C,00FD54,REJECTED_V03_CANDIDATE,,V03 candidate path is not an admitted V04 source-proof root/edge.,candidate never promoted; unsupported source edge stops immediately
V03F00151,CANDIDATE,RETURN,80:CD7E:E0M1X1:C?:DBR??:C,004D7E,REJECTED_V03_CANDIDATE,,V03 candidate path is not an admitted V04 source-proof root/edge.,candidate never promoted; unsupported source edge stops immediately
V03F00152,CANDIDATE,RETURN,81:DEB1:E0M0X0:C?:DBR??:C,00DEB1,REJECTED_V03_CANDIDATE,,V03 candidate path is not an admitted V04 source-proof root/edge.,candidate never promoted; unsupported source edge stops immediately
V03F00153,CANDIDATE,RETURN,81:BDCD:E0M0X0:C?:DBR??:C,00BDCD,SUPERSEDED_BY_SOURCE_PROVED_CONTEXT,,Same PBR:PC:E:M:X is independently reached by V04 source proof; V03 speculative path itself remains rejected.,candidate never promoted; unsupported source edge stops immediately
V03F00154,CANDIDATE,RETURN,81:BDC6:E0M0X0:C?:DBR??:C,00BDC6,SUPERSEDED_BY_SOURCE_PROVED_CONTEXT,,Same PBR:PC:E:M:X is independently reached by V04 source proof; V03 speculative path itself remains rejected.,candidate never promoted; unsupported source edge stops immediately
V03F00155,CANDIDATE,RETURN,80:FB41:E0M1X1:C?:DBR??:C,007B41,SUPERSEDED_BY_SOURCE_PROVED_CONTEXT,,Same PBR:PC:E:M:X is independently reached by V04 source proof; V03 speculative path itself remains rejected.,candidate never promoted; unsupported source edge stops immediately
V03F00156,CANDIDATE,RETURN,80:C319:E0M1X1:C?:DBR80:C,004319,SUPERSEDED_BY_SOURCE_PROVED_CONTEXT,,Same PBR:PC:E:M:X is independently reached by V04 source proof; V03 speculative path itself remains rejected.,candidate never promoted; unsupported source edge stops immediately
V03F00157,CANDIDATE,RETURN,80:F985:E0M1X1:C?:DBR??:C,007985,SUPERSEDED_BY_SOURCE_PROVED_CONTEXT,,Same PBR:PC:E:M:X is independently reached by V04 source proof; V03 speculative path itself remains rejected.,candidate never promoted; unsupported source edge stops immediately
V03F00158,CANDIDATE,RETURN,80:8379:E0M0X0:C?:DBR??:C,000379,SUPERSEDED_BY_SOURCE_PROVED_CONTEXT,,Same PBR:PC:E:M:X is independently reached by V04 source proof; V03 speculative path itself remains rejected.,candidate never promoted; unsupported source edge stops immediately
V03F00159,CANDIDATE,RETURN,80:852B:E0M0X0:C?:DBR??:C,00052B,REJECTED_V03_CANDIDATE,,V03 candidate path is not an admitted V04 source-proof root/edge.,candidate never promoted; unsupported source edge stops immediately
V03F00160,CANDIDATE,RETURN,80:FB47:E0M1X1:C?:DBR??:C,007B47,SUPERSEDED_BY_SOURCE_PROVED_CONTEXT,,Same PBR:PC:E:M:X is independently reached by V04 source proof; V03 speculative path itself remains rejected.,candidate never promoted; unsupported source edge stops immediately
V03F00161,CANDIDATE,RETURN,80:CB33:E0M0X0:C?:DBR??:C,004B33,REJECTED_V03_CANDIDATE,,V03 candidate path is not an admitted V04 source-proof root/edge.,candidate never promoted; unsupported source edge stops immediately
V03F00162,CANDIDATE,RETURN,80:A3C7:E0M1X1:C?:DBR??:C,0023C7,SUPERSEDED_BY_SOURCE_PROVED_CONTEXT,,Same PBR:PC:E:M:X is independently reached by V04 source proof; V03 speculative path itself remains rejected.,candidate never promoted; unsupported source edge stops immediately
V03F00163,CANDIDATE,RETURN,81:AEF2:E0M1X1:C?:DBR??:C,00AEF2,SUPERSEDED_BY_SOURCE_PROVED_CONTEXT,,Same PBR:PC:E:M:X is independently reached by V04 source proof; V03 speculative path itself remains rejected.,candidate never promoted; unsupported source edge stops immediately
V03F00164,CANDIDATE,RETURN,80:A414:E0M1X1:C?:DBR??:C,002414,SUPERSEDED_BY_SOURCE_PROVED_CONTEXT,,Same PBR:PC:E:M:X is independently reached by V04 source proof; V03 speculative path itself remains rejected.,candidate never promoted; unsupported source edge stops immediately
V03F00165,CANDIDATE,RETURN,81:9E7A:E0M0X0:C?:DBR??:C,009E7A,SUPERSEDED_BY_SOURCE_PROVED_CONTEXT,,Same PBR:PC:E:M:X is independently reached by V04 source proof; V03 speculative path itself remains rejected.,candidate never promoted; unsupported source edge stops immediately
V03F00166,CANDIDATE,RETURN,81:8053:E0M1X1:C?:DBR??:C,008053,REJECTED_V03_CANDIDATE,,V03 candidate path is not an admitted V04 source-proof root/edge.,candidate never promoted; unsupported source edge stops immediately
V03F00167,CANDIDATE,RETURN,81:DEDC:E0M0X0:C?:DBR??:C,00DEDC,REJECTED_V03_CANDIDATE,,V03 candidate path is not an admitted V04 source-proof root/edge.,candidate never promoted; unsupported source edge stops immediately
V03F00168,CANDIDATE,RETURN,81:FD0E:E0M1X1:C?:DBR??:C,00FD0E,REJECTED_V03_CANDIDATE,,V03 candidate path is not an admitted V04 source-proof root/edge.,candidate never promoted; unsupported source edge stops immediately
V03F00169,CANDIDATE,STATUS_WIDTH,80:F93D:E0M1X1:C?:DBR??:C,00793D,SUPERSEDED_BY_SOURCE_PROVED_CONTEXT,,Same PBR:PC:E:M:X is independently reached by V04 source proof; V03 speculative path itself remains rejected.,candidate never promoted; unsupported source edge stops immediately
V03F00170,CANDIDATE,RETURN,80:A44B:E0M1X1:C?:DBR??:C,00244B,SUPERSEDED_BY_SOURCE_PROVED_CONTEXT,,Same PBR:PC:E:M:X is independently reached by V04 source proof; V03 speculative path itself remains rejected.,candidate never promoted; unsupported source edge stops immediately
V03F00171,CANDIDATE,RETURN,81:DFB5:E0M0X0:C?:DBR??:C,00DFB5,REJECTED_V03_CANDIDATE,,V03 candidate path is not an admitted V04 source-proof root/edge.,candidate never promoted; unsupported source edge stops immediately
V03F00172,CANDIDATE,RETURN,81:B690:E0M1X1:C?:DBR??:C,00B690,SUPERSEDED_BY_SOURCE_PROVED_CONTEXT,,Same PBR:PC:E:M:X is independently reached by V04 source proof; V03 speculative path itself remains rejected.,candidate never promoted; unsupported source edge stops immediately
V03F00173,CANDIDATE,RETURN,81:9C7F:E0M1X1:C?:DBR81:C,009C7F,SUPERSEDED_BY_SOURCE_PROVED_CONTEXT,,Same PBR:PC:E:M:X is independently reached by V04 source proof; V03 speculative path itself remains rejected.,candidate never promoted; unsupported source edge stops immediately
V03F00174,CANDIDATE,RETURN,80:A219:E0M1X1:C?:DBR80:C,002219,SUPERSEDED_BY_SOURCE_PROVED_CONTEXT,,Same PBR:PC:E:M:X is independently reached by V04 source proof; V03 speculative path itself remains rejected.,candidate never promoted; unsupported source edge stops immediately
V03F00175,CANDIDATE,RETURN,81:DF5F:E0M0X0:C1:DBR??:C,00DF5F,REJECTED_V03_CANDIDATE,,V03 candidate path is not an admitted V04 source-proof root/edge.,candidate never promoted; unsupported source edge stops immediately
V03F00176,CANDIDATE,RETURN,80:F93F:E0M0X0:C?:DBR??:C,00793F,REJECTED_V03_CANDIDATE,,V03 candidate path is not an admitted V04 source-proof root/edge.,candidate never promoted; unsupported source edge stops immediately
V03F00177,CANDIDATE,RETURN,80:F93F:E0M0X1:C?:DBR??:C,00793F,REJECTED_V03_CANDIDATE,,V03 candidate path is not an admitted V04 source-proof root/edge.,candidate never promoted; unsupported source edge stops immediately
V03F00178,CANDIDATE,RETURN,80:F93F:E0M1X0:C?:DBR??:C,00793F,REJECTED_V03_CANDIDATE,,V03 candidate path is not an admitted V04 source-proof root/edge.,candidate never promoted; unsupported source edge stops immediately
V03F00179,CANDIDATE,RETURN,80:F93F:E0M1X1:C?:DBR??:C,00793F,SUPERSEDED_BY_SOURCE_PROVED_CONTEXT,,Same PBR:PC:E:M:X is independently reached by V04 source proof; V03 speculative path itself remains rejected.,candidate never promoted; unsupported source edge stops immediately
V03F00180,CANDIDATE,RETURN,80:833B:E0M0X0:C?:DBR??:C,00033B,SUPERSEDED_BY_SOURCE_PROVED_CONTEXT,,Same PBR:PC:E:M:X is independently reached by V04 source proof; V03 speculative path itself remains rejected.,candidate never promoted; unsupported source edge stops immediately
V03F00181,CANDIDATE,RETURN,80:CB52:E0M0X0:C?:DBR??:C,004B52,REJECTED_V03_CANDIDATE,,V03 candidate path is not an admitted V04 source-proof root/edge.,candidate never promoted; unsupported source edge stops immediately
V03F00182,CANDIDATE,RETURN,80:CB45:E0M0X0:C?:DBR??:C,004B45,REJECTED_V03_CANDIDATE,,V03 candidate path is not an admitted V04 source-proof root/edge.,candidate never promoted; unsupported source edge stops immediately
V03F00183,CANDIDATE,RETURN,92:F2A6:E0M1X1:C?:DBR??:C,0972A6,REJECTED_V03_CANDIDATE,,V03 candidate path is not an admitted V04 source-proof root/edge.,candidate never promoted; unsupported source edge stops immediately
V03F00184,CANDIDATE,RETURN,81:9CF1:E0M1X1:C?:DBR??:C,009CF1,SUPERSEDED_BY_SOURCE_PROVED_CONTEXT,,Same PBR:PC:E:M:X is independently reached by V04 source proof; V03 speculative path itself remains rejected.,candidate never promoted; unsupported source edge stops immediately
V03F00185,CANDIDATE,RETURN,81:DDFF:E0M0X0:C?:DBR??:C,00DDFF,REJECTED_V03_CANDIDATE,,V03 candidate path is not an admitted V04 source-proof root/edge.,candidate never promoted; unsupported source edge stops immediately
V03F00186,CANDIDATE,RETURN,81:A7A9:E0M1X1:C?:DBR??:C,00A7A9,REJECTED_V03_CANDIDATE,,V03 candidate path is not an admitted V04 source-proof root/edge.,candidate never promoted; unsupported source edge stops immediately
V03F00187,CANDIDATE,RETURN,81:B629:E0M1X1:C?:DBR??:C,00B629,REJECTED_V03_CANDIDATE,,V03 candidate path is not an admitted V04 source-proof root/edge.,candidate never promoted; unsupported source edge stops immediately
V03F00188,CANDIDATE,RETURN,80:C065:E0M1X1:C?:DBR??:C,004065,REJECTED_V03_CANDIDATE,,V03 candidate path is not an admitted V04 source-proof root/edge.,candidate never promoted; unsupported source edge stops immediately
V03F00189,CANDIDATE,RETURN,80:CAE3:E0M0X0:C?:DBR??:C,004AE3,REJECTED_V03_CANDIDATE,,V03 candidate path is not an admitted V04 source-proof root/edge.,candidate never promoted; unsupported source edge stops immediately
V03F00190,CANDIDATE,RETURN,80:CA91:E0M0X0:C?:DBR??:C,004A91,REJECTED_V03_CANDIDATE,,V03 candidate path is not an admitted V04 source-proof root/edge.,candidate never promoted; unsupported source edge stops immediately
V03F00191,CANDIDATE,RETURN,81:9F9C:E0M1X1:C?:DBR??:C,009F9C,SUPERSEDED_BY_SOURCE_PROVED_CONTEXT,,Same PBR:PC:E:M:X is independently reached by V04 source proof; V03 speculative path itself remains rejected.,candidate never promoted; unsupported source edge stops immediately
V03F00192,CANDIDATE,RETURN,81:DEF8:E0M0X0:C?:DBR??:C,00DEF8,REJECTED_V03_CANDIDATE,,V03 candidate path is not an admitted V04 source-proof root/edge.,candidate never promoted; unsupported source edge stops immediately
V03F00193,CANDIDATE,RETURN,92:FB1A:E0M1X1:C?:DBR??:C,097B1A,REJECTED_V03_CANDIDATE,,V03 candidate path is not an admitted V04 source-proof root/edge.,candidate never promoted; unsupported source edge stops immediately
V03F00194,CANDIDATE,RETURN,80:B06E:E0M1X1:C?:DBR??:C,00306E,REJECTED_V03_CANDIDATE,,V03 candidate path is not an admitted V04 source-proof root/edge.,candidate never promoted; unsupported source edge stops immediately
V03F00195,CANDIDATE,RETURN,81:B5C8:E0M1X1:C?:DBR??:C,00B5C8,REJECTED_V03_CANDIDATE,,V03 candidate path is not an admitted V04 source-proof root/edge.,candidate never promoted; unsupported source edge stops immediately
V03F00196,CANDIDATE,RETURN,80:C989:E0M0X0:C?:DBR??:C,004989,REJECTED_V03_CANDIDATE,,V03 candidate path is not an admitted V04 source-proof root/edge.,candidate never promoted; unsupported source edge stops immediately
V03F00197,CANDIDATE,RETURN,81:806C:E0M1X1:C?:DBR??:C,00806C,REJECTED_V03_CANDIDATE,,V03 candidate path is not an admitted V04 source-proof root/edge.,candidate never promoted; unsupported source edge stops immediately
V03F00198,CANDIDATE,RETURN,80:CD8E:E0M1X1:C?:DBR??:C,004D8E,REJECTED_V03_CANDIDATE,,V03 candidate path is not an admitted V04 source-proof root/edge.,candidate never promoted; unsupported source edge stops immediately
V03F00199,CANDIDATE,RETURN,81:B29A:E0M1X1:C?:DBR??:C,00B29A,REJECTED_V03_CANDIDATE,,V03 candidate path is not an admitted V04 source-proof root/edge.,candidate never promoted; unsupported source edge stops immediately
V03F00200,CANDIDATE,RETURN,80:A39F:E0M1X1:C?:DBR??:C,00239F,REJECTED_V03_CANDIDATE,,V03 candidate path is not an admitted V04 source-proof root/edge.,candidate never promoted; unsupported source edge stops immediately
V03F00201,CANDIDATE,RETURN,80:C74E:E0M1X1:C?:DBR??:C,00474E,REJECTED_V03_CANDIDATE,,V03 candidate path is not an admitted V04 source-proof root/edge.,candidate never promoted; unsupported source edge stops immediately
V03F00202,CANDIDATE,RETURN,80:C9BF:E0M0X0:C?:DBR??:C,0049BF,REJECTED_V03_CANDIDATE,,V03 candidate path is not an admitted V04 source-proof root/edge.,candidate never promoted; unsupported source edge stops immediately
V03F00203,CANDIDATE,RETURN,80:D78C:E0M0X0:C?:DBR??:C,00578C,REJECTED_V03_CANDIDATE,,V03 candidate path is not an admitted V04 source-proof root/edge.,candidate never promoted; unsupported source edge stops immediately
V03F00204,CANDIDATE,RETURN,81:AE20:E0M1X1:C?:DBR??:C,00AE20,SUPERSEDED_BY_SOURCE_PROVED_CONTEXT,,Same PBR:PC:E:M:X is independently reached by V04 source proof; V03 speculative path itself remains rejected.,candidate never promoted; unsupported source edge stops immediately
V03F00205,CANDIDATE,RETURN,81:B3D1:E0M1X1:C?:DBR??:C,00B3D1,REJECTED_V03_CANDIDATE,,V03 candidate path is not an admitted V04 source-proof root/edge.,candidate never promoted; unsupported source edge stops immediately
V03F00206,CANDIDATE,RETURN,80:DD5E:E0M0X0:C?:DBR??:C,005D5E,REJECTED_V03_CANDIDATE,,V03 candidate path is not an admitted V04 source-proof root/edge.,candidate never promoted; unsupported source edge stops immediately
V03F00207,CANDIDATE,RETURN,80:D5C5:E0M1X1:C?:DBR??:C,0055C5,REJECTED_V03_CANDIDATE,,V03 candidate path is not an admitted V04 source-proof root/edge.,candidate never promoted; unsupported source edge stops immediately
V03F00208,CANDIDATE,RETURN,80:C363:E0M1X1:C?:DBR??:C,004363,REJECTED_V03_CANDIDATE,,V03 candidate path is not an admitted V04 source-proof root/edge.,candidate never promoted; unsupported source edge stops immediately
V03F00209,CANDIDATE,STATUS_WIDTH,80:FAE8:E0M0X0:C?:DBR??:C,007AE8,SUPERSEDED_BY_SOURCE_PROVED_CONTEXT,,Same PBR:PC:E:M:X is independently reached by V04 source proof; V03 speculative path itself remains rejected.,candidate never promoted; unsupported source edge stops immediately
V03F00210,CANDIDATE,RETURN,81:A84C:E0M1X1:C?:DBR??:C,00A84C,REJECTED_V03_CANDIDATE,,V03 candidate path is not an admitted V04 source-proof root/edge.,candidate never promoted; unsupported source edge stops immediately
V03F00211,CANDIDATE,RETURN,80:CB96:E0M1X1:C?:DBR??:C,004B96,REJECTED_V03_CANDIDATE,,V03 candidate path is not an admitted V04 source-proof root/edge.,candidate never promoted; unsupported source edge stops immediately
V03F00212,CANDIDATE,RETURN,80:CAAD:E0M0X0:C?:DBR??:C,004AAD,REJECTED_V03_CANDIDATE,,V03 candidate path is not an admitted V04 source-proof root/edge.,candidate never promoted; unsupported source edge stops immediately
V03F00213,CANDIDATE,DYNAMIC_TARGET,81:FB31:E0M1X1:C?:DBR??:C,00FB31,REJECTED_V03_CANDIDATE,,V03 candidate path is not an admitted V04 source-proof root/edge.,candidate never promoted; unsupported source edge stops immediately
V03F00214,CANDIDATE,RETURN,80:FAE9:E0M0X0:C?:DBR??:C,007AE9,REJECTED_V03_CANDIDATE,,V03 candidate path is not an admitted V04 source-proof root/edge.,candidate never promoted; unsupported source edge stops immediately
V03F00215,CANDIDATE,RETURN,80:FAE9:E0M0X1:C?:DBR??:C,007AE9,REJECTED_V03_CANDIDATE,,V03 candidate path is not an admitted V04 source-proof root/edge.,candidate never promoted; unsupported source edge stops immediately
V03F00216,CANDIDATE,RETURN,80:FAE9:E0M1X0:C?:DBR??:C,007AE9,REJECTED_V03_CANDIDATE,,V03 candidate path is not an admitted V04 source-proof root/edge.,candidate never promoted; unsupported source edge stops immediately
V03F00217,CANDIDATE,RETURN,80:FAE9:E0M1X1:C?:DBR??:C,007AE9,SUPERSEDED_BY_SOURCE_PROVED_CONTEXT,,Same PBR:PC:E:M:X is independently reached by V04 source proof; V03 speculative path itself remains rejected.,candidate never promoted; unsupported source edge stops immediately
V03F00218,CANDIDATE,RETURN,81:F807:E0M1X1:C?:DBR??:C,00F807,SUPERSEDED_BY_SOURCE_PROVED_CONTEXT,,Same PBR:PC:E:M:X is independently reached by V04 source proof; V03 speculative path itself remains rejected.,candidate never promoted; unsupported source edge stops immediately
V03F00219,CANDIDATE,RETURN,81:F6AB:E0M1X1:C?:DBR??:C,00F6AB,SUPERSEDED_BY_SOURCE_PROVED_CONTEXT,,Same PBR:PC:E:M:X is independently reached by V04 source proof; V03 speculative path itself remains rejected.,candidate never promoted; unsupported source edge stops immediately
V03F00220,CANDIDATE,RETURN,80:CD15:E0M0X0:C?:DBR??:C,004D15,REJECTED_V03_CANDIDATE,,V03 candidate path is not an admitted V04 source-proof root/edge.,candidate never promoted; unsupported source edge stops immediately
V03F00221,CANDIDATE,RETURN,80:D469:E0M0X0:C?:DBR??:C,005469,REJECTED_V03_CANDIDATE,,V03 candidate path is not an admitted V04 source-proof root/edge.,candidate never promoted; unsupported source edge stops immediately
V03F00222,CANDIDATE,RETURN,80:B11D:E0M1X1:C?:DBR??:C,00311D,REJECTED_V03_CANDIDATE,,V03 candidate path is not an admitted V04 source-proof root/edge.,candidate never promoted; unsupported source edge stops immediately
V03F00223,CANDIDATE,RETURN,81:9E4F:E0M0X0:C?:DBR??:C,009E4F,SUPERSEDED_BY_SOURCE_PROVED_CONTEXT,,Same PBR:PC:E:M:X is independently reached by V04 source proof; V03 speculative path itself remains rejected.,candidate never promoted; unsupported source edge stops immediately
V03F00224,CANDIDATE,STATUS_WIDTH,80:DC31:E0M0X0:C?:DBR??:C,005C31,REJECTED_V03_CANDIDATE,,V03 candidate path is not an admitted V04 source-proof root/edge.,candidate never promoted; unsupported source edge stops immediately
V03F00225,CANDIDATE,RETURN,81:C93F:E0M1X1:C?:DBR??:C,00C93F,REJECTED_V03_CANDIDATE,,V03 candidate path is not an admitted V04 source-proof root/edge.,candidate never promoted; unsupported source edge stops immediately
V03F00226,CANDIDATE,RETURN,81:A86C:E0M1X1:C?:DBR??:C,00A86C,REJECTED_V03_CANDIDATE,,V03 candidate path is not an admitted V04 source-proof root/edge.,candidate never promoted; unsupported source edge stops immediately
V03F00227,CANDIDATE,RETURN,81:B0CF:E0M1X1:C?:DBR??:C,00B0CF,REJECTED_V03_CANDIDATE,,V03 candidate path is not an admitted V04 source-proof root/edge.,candidate never promoted; unsupported source edge stops immediately
V03F00228,CANDIDATE,RETURN,80:CA3A:E0M1X1:C?:DBR??:C,004A3A,REJECTED_V03_CANDIDATE,,V03 candidate path is not an admitted V04 source-proof root/edge.,candidate never promoted; unsupported source edge stops immediately
V03F00229,CANDIDATE,RETURN,80:DC32:E0M0X0:C?:DBR??:C,005C32,REJECTED_V03_CANDIDATE,,V03 candidate path is not an admitted V04 source-proof root/edge.,candidate never promoted; unsupported source edge stops immediately
V03F00230,CANDIDATE,RETURN,80:DC32:E0M0X1:C?:DBR??:C,005C32,REJECTED_V03_CANDIDATE,,V03 candidate path is not an admitted V04 source-proof root/edge.,candidate never promoted; unsupported source edge stops immediately
V03F00231,CANDIDATE,RETURN,80:DC32:E0M1X0:C?:DBR??:C,005C32,REJECTED_V03_CANDIDATE,,V03 candidate path is not an admitted V04 source-proof root/edge.,candidate never promoted; unsupported source edge stops immediately
V03F00232,CANDIDATE,RETURN,80:DC32:E0M1X1:C?:DBR??:C,005C32,REJECTED_V03_CANDIDATE,,V03 candidate path is not an admitted V04 source-proof root/edge.,candidate never promoted; unsupported source edge stops immediately
V03F00233,CANDIDATE,RETURN,80:9143:E0M1X1:C?:DBR??:C,001143,REJECTED_V03_CANDIDATE,,V03 candidate path is not an admitted V04 source-proof root/edge.,candidate never promoted; unsupported source edge stops immediately
V03F00234,CANDIDATE,RETURN,80:E3E7:E0M1X1:C?:DBR??:C,0063E7,REJECTED_V03_CANDIDATE,,V03 candidate path is not an admitted V04 source-proof root/edge.,candidate never promoted; unsupported source edge stops immediately
V03F00235,CANDIDATE,RETURN,80:E3F2:E0M1X1:C?:DBR??:C,0063F2,REJECTED_V03_CANDIDATE,,V03 candidate path is not an admitted V04 source-proof root/edge.,candidate never promoted; unsupported source edge stops immediately
V03F00236,CANDIDATE,RETURN,80:8BEE:E0M1X1:C?:DBR??:C,000BEE,REJECTED_V03_CANDIDATE,,V03 candidate path is not an admitted V04 source-proof root/edge.,candidate never promoted; unsupported source edge stops immediately
V03F00237,CANDIDATE,RETURN,81:9CAD:E0M1X1:C?:DBR??:C,009CAD,SUPERSEDED_BY_SOURCE_PROVED_CONTEXT,,Same PBR:PC:E:M:X is independently reached by V04 source proof; V03 speculative path itself remains rejected.,candidate never promoted; unsupported source edge stops immediately
V03F00238,CANDIDATE,RETURN,81:B173:E0M0X0:C?:DBR??:C,00B173,REJECTED_V03_CANDIDATE,,V03 candidate path is not an admitted V04 source-proof root/edge.,candidate never promoted; unsupported source edge stops immediately
V03F00239,CANDIDATE,RETURN,80:D4A4:E0M0X0:C?:DBR??:C,0054A4,REJECTED_V03_CANDIDATE,,V03 candidate path is not an admitted V04 source-proof root/edge.,candidate never promoted; unsupported source edge stops immediately
V03F00240,CANDIDATE,RETURN,80:A219:E0M1X1:C?:DBR??:C,002219,SUPERSEDED_BY_SOURCE_PROVED_CONTEXT,,Same PBR:PC:E:M:X is independently reached by V04 source proof; V03 speculative path itself remains rejected.,candidate never promoted; unsupported source edge stops immediately
V03F00241,CANDIDATE,RETURN,80:E4D3:E0M1X1:C?:DBR??:C,0064D3,REJECTED_V03_CANDIDATE,,V03 candidate path is not an admitted V04 source-proof root/edge.,candidate never promoted; unsupported source edge stops immediately
V03F00242,CANDIDATE,RETURN,80:839A:E0M0X0:C?:DBR??:C,00039A,REJECTED_V03_CANDIDATE,,V03 candidate path is not an admitted V04 source-proof root/edge.,candidate never promoted; unsupported source edge stops immediately
V03F00243,CANDIDATE,RETURN,80:D5AC:E0M1X1:C?:DBR??:C,0055AC,REJECTED_V03_CANDIDATE,,V03 candidate path is not an admitted V04 source-proof root/edge.,candidate never promoted; unsupported source edge stops immediately
V03F00244,CANDIDATE,RETURN,80:CC41:E0M1X1:C?:DBR??:C,004C41,REJECTED_V03_CANDIDATE,,V03 candidate path is not an admitted V04 source-proof root/edge.,candidate never promoted; unsupported source edge stops immediately
V03F00245,CANDIDATE,RETURN,80:DD64:E0M1X1:C?:DBR??:C,005D64,REJECTED_V03_CANDIDATE,,V03 candidate path is not an admitted V04 source-proof root/edge.,candidate never promoted; unsupported source edge stops immediately
V03F00246,CANDIDATE,RETURN,81:F71B:E0M1X1:C0:DBR??:C,00F71B,SUPERSEDED_BY_SOURCE_PROVED_CONTEXT,,Same PBR:PC:E:M:X is independently reached by V04 source proof; V03 speculative path itself remains rejected.,candidate never promoted; unsupported source edge stops immediately
V03F00247,CANDIDATE,RETURN,80:A289:E0M0X0:C?:DBR??:C,002289,REJECTED_V03_CANDIDATE,,V03 candidate path is not an admitted V04 source-proof root/edge.,candidate never promoted; unsupported source edge stops immediately
V03F00248,CANDIDATE,RETURN,80:B028:E0M1X1:C?:DBR??:C,003028,REJECTED_V03_CANDIDATE,,V03 candidate path is not an admitted V04 source-proof root/edge.,candidate never promoted; unsupported source edge stops immediately
V03F00249,CANDIDATE,RETURN,80:C076:E0M1X1:C?:DBR??:C,004076,SUPERSEDED_BY_SOURCE_PROVED_CONTEXT,,Same PBR:PC:E:M:X is independently reached by V04 source proof; V03 speculative path itself remains rejected.,candidate never promoted; unsupported source edge stops immediately
V03F00250,CANDIDATE,RETURN,81:CB53:E0M1X1:C?:DBR??:C,00CB53,REJECTED_V03_CANDIDATE,,V03 candidate path is not an admitted V04 source-proof root/edge.,candidate never promoted; unsupported source edge stops immediately
V03F00251,CANDIDATE,RETURN,81:F700:E0M1X1:C0:DBR??:C,00F700,SUPERSEDED_BY_SOURCE_PROVED_CONTEXT,,Same PBR:PC:E:M:X is independently reached by V04 source proof; V03 speculative path itself remains rejected.,candidate never promoted; unsupported source edge stops immediately
V03F00252,CANDIDATE,RETURN,80:A343:E0M0X0:C?:DBR??:C,002343,SUPERSEDED_BY_SOURCE_PROVED_CONTEXT,,Same PBR:PC:E:M:X is independently reached by V04 source proof; V03 speculative path itself remains rejected.,candidate never promoted; unsupported source edge stops immediately
V03F00253,CANDIDATE,RETURN,81:9137:E0M1X1:C?:DBR??:C,009137,REJECTED_V03_CANDIDATE,,V03 candidate path is not an admitted V04 source-proof root/edge.,candidate never promoted; unsupported source edge stops immediately
V03F00254,CANDIDATE,RETURN,80:C08A:E0M0X0:C?:DBR??:C,00408A,REJECTED_V03_CANDIDATE,,V03 candidate path is not an admitted V04 source-proof root/edge.,candidate never promoted; unsupported source edge stops immediately
V03F00255,CANDIDATE,RETURN,81:C9C5:E0M1X1:C1:DBR??:C,00C9C5,REJECTED_V03_CANDIDATE,,V03 candidate path is not an admitted V04 source-proof root/edge.,candidate never promoted; unsupported source edge stops immediately
V03F00256,CANDIDATE,RETURN,81:F6F6:E0M1X1:C0:DBR??:C,00F6F6,SUPERSEDED_BY_SOURCE_PROVED_CONTEXT,,Same PBR:PC:E:M:X is independently reached by V04 source proof; V03 speculative path itself remains rejected.,candidate never promoted; unsupported source edge stops immediately
V03F00257,CANDIDATE,RETURN,81:AA10:E0M1X1:C?:DBR??:C,00AA10,REJECTED_V03_CANDIDATE,,V03 candidate path is not an admitted V04 source-proof root/edge.,candidate never promoted; unsupported source edge stops immediately
V03F00258,CANDIDATE,RETURN,81:A669:E0M1X1:C?:DBR??:C,00A669,REJECTED_V03_CANDIDATE,,V03 candidate path is not an admitted V04 source-proof root/edge.,candidate never promoted; unsupported source edge stops immediately
V03F00259,CANDIDATE,RETURN,80:A443:E0M1X1:C?:DBR??:C,002443,SUPERSEDED_BY_SOURCE_PROVED_CONTEXT,,Same PBR:PC:E:M:X is independently reached by V04 source proof; V03 speculative path itself remains rejected.,candidate never promoted; unsupported source edge stops immediately
V03F00260,CANDIDATE,RETURN,80:AFAC:E0M1X1:C?:DBR??:C,002FAC,REJECTED_V03_CANDIDATE,,V03 candidate path is not an admitted V04 source-proof root/edge.,candidate never promoted; unsupported source edge stops immediately
V03F00261,CANDIDATE,RETURN,80:C142:E0M0X0:C?:DBR??:C,004142,REJECTED_V03_CANDIDATE,,V03 candidate path is not an admitted V04 source-proof root/edge.,candidate never promoted; unsupported source edge stops immediately
V03F00262,CANDIDATE,RETURN,80:F929:E0M1X1:C?:DBR??:C,007929,SUPERSEDED_BY_SOURCE_PROVED_CONTEXT,,Same PBR:PC:E:M:X is independently reached by V04 source proof; V03 speculative path itself remains rejected.,candidate never promoted; unsupported source edge stops immediately
V03F00263,CANDIDATE,RETURN,81:F713:E0M1X1:C?:DBR??:C,00F713,SUPERSEDED_BY_SOURCE_PROVED_CONTEXT,,Same PBR:PC:E:M:X is independently reached by V04 source proof; V03 speculative path itself remains rejected.,candidate never promoted; unsupported source edge stops immediately
V03F00264,CANDIDATE,RETURN,81:F626:E0M1X1:C0:DBR??:C,00F626,SUPERSEDED_BY_SOURCE_PROVED_CONTEXT,,Same PBR:PC:E:M:X is independently reached by V04 source proof; V03 speculative path itself remains rejected.,candidate never promoted; unsupported source edge stops immediately
V03F00265,CANDIDATE,RETURN,81:F55E:E0M1X1:C?:DBR??:C,00F55E,SUPERSEDED_BY_SOURCE_PROVED_CONTEXT,,Same PBR:PC:E:M:X is independently reached by V04 source proof; V03 speculative path itself remains rejected.,candidate never promoted; unsupported source edge stops immediately
V03F00266,CANDIDATE,RETURN,80:A2E6:E0M0X0:C?:DBR??:C,0022E6,SUPERSEDED_BY_SOURCE_PROVED_CONTEXT,,Same PBR:PC:E:M:X is independently reached by V04 source proof; V03 speculative path itself remains rejected.,candidate never promoted; unsupported source edge stops immediately
V03F00267,CANDIDATE,RETURN,80:A225:E0M0X0:C?:DBR??:C,002225,SUPERSEDED_BY_SOURCE_PROVED_CONTEXT,,Same PBR:PC:E:M:X is independently reached by V04 source proof; V03 speculative path itself remains rejected.,candidate never promoted; unsupported source edge stops immediately
V03F00268,CANDIDATE,RETURN,81:A7D0:E0M1X1:C?:DBR??:C,00A7D0,REJECTED_V03_CANDIDATE,,V03 candidate path is not an admitted V04 source-proof root/edge.,candidate never promoted; unsupported source edge stops immediately
V03F00269,CANDIDATE,RETURN,81:B0F1:E0M1X1:C?:DBR??:C,00B0F1,REJECTED_V03_CANDIDATE,,V03 candidate path is not an admitted V04 source-proof root/edge.,candidate never promoted; unsupported source edge stops immediately
V03F00270,CANDIDATE,RETURN,80:CA66:E0M0X0:C?:DBR??:C,004A66,REJECTED_V03_CANDIDATE,,V03 candidate path is not an admitted V04 source-proof root/edge.,candidate never promoted; unsupported source edge stops immediately
V03F00271,CANDIDATE,RETURN,80:FB6F:E0M1X1:C?:DBR??:C,007B6F,REJECTED_V03_CANDIDATE,,V03 candidate path is not an admitted V04 source-proof root/edge.,candidate never promoted; unsupported source edge stops immediately
V03F00272,CANDIDATE,STATUS_WIDTH,80:F9A3:E0M1X1:C?:DBR??:C,0079A3,REJECTED_V03_CANDIDATE,,V03 candidate path is not an admitted V04 source-proof root/edge.,candidate never promoted; unsupported source edge stops immediately
V03F00273,CANDIDATE,RETURN,80:8C15:E0M1X1:C?:DBR??:C,000C15,REJECTED_V03_CANDIDATE,,V03 candidate path is not an admitted V04 source-proof root/edge.,candidate never promoted; unsupported source edge stops immediately
V03F00274,CANDIDATE,RETURN,80:F9A4:E0M0X0:C?:DBR??:C,0079A4,REJECTED_V03_CANDIDATE,,V03 candidate path is not an admitted V04 source-proof root/edge.,candidate never promoted; unsupported source edge stops immediately
V03F00275,CANDIDATE,RETURN,80:F9A4:E0M0X1:C?:DBR??:C,0079A4,REJECTED_V03_CANDIDATE,,V03 candidate path is not an admitted V04 source-proof root/edge.,candidate never promoted; unsupported source edge stops immediately
V03F00276,CANDIDATE,RETURN,80:F9A4:E0M1X0:C?:DBR??:C,0079A4,REJECTED_V03_CANDIDATE,,V03 candidate path is not an admitted V04 source-proof root/edge.,candidate never promoted; unsupported source edge stops immediately
V03F00277,CANDIDATE,RETURN,80:F9A4:E0M1X1:C?:DBR??:C,0079A4,REJECTED_V03_CANDIDATE,,V03 candidate path is not an admitted V04 source-proof root/edge.,candidate never promoted; unsupported source edge stops immediately
V03F00278,CANDIDATE,RETURN,81:9FAD:E0M1X1:C?:DBR??:C,009FAD,SUPERSEDED_BY_SOURCE_PROVED_CONTEXT,,Same PBR:PC:E:M:X is independently reached by V04 source proof; V03 speculative path itself remains rejected.,candidate never promoted; unsupported source edge stops immediately
V03F00279,CANDIDATE,RETURN,81:B5B2:E0M1X1:C?:DBR??:C,00B5B2,REJECTED_V03_CANDIDATE,,V03 candidate path is not an admitted V04 source-proof root/edge.,candidate never promoted; unsupported source edge stops immediately
V03F00280,CANDIDATE,RETURN,81:B539:E0M1X1:C?:DBR??:C,00B539,REJECTED_V03_CANDIDATE,,V03 candidate path is not an admitted V04 source-proof root/edge.,candidate never promoted; unsupported source edge stops immediately
V03F00281,CANDIDATE,RETURN,80:B0B0:E0M1X1:C?:DBR??:C,0030B0,REJECTED_V03_CANDIDATE,,V03 candidate path is not an admitted V04 source-proof root/edge.,candidate never promoted; unsupported source edge stops immediately
V03F00282,CANDIDATE,RETURN,80:B059:E0M1X1:C?:DBR??:C,003059,REJECTED_V03_CANDIDATE,,V03 candidate path is not an admitted V04 source-proof root/edge.,candidate never promoted; unsupported source edge stops immediately
V03F00283,CANDIDATE,RETURN,80:DDD4:E0M1X1:C?:DBR??:C,005DD4,REJECTED_V03_CANDIDATE,,V03 candidate path is not an admitted V04 source-proof root/edge.,candidate never promoted; unsupported source edge stops immediately
V03F00284,CANDIDATE,RETURN,81:C73A:E0M1X1:C?:DBR??:C,00C73A,REJECTED_V03_CANDIDATE,,V03 candidate path is not an admitted V04 source-proof root/edge.,candidate never promoted; unsupported source edge stops immediately
V03F00285,CANDIDATE,RETURN,81:CF69:E0M1X1:C?:DBR??:C,00CF69,REJECTED_V03_CANDIDATE,,V03 candidate path is not an admitted V04 source-proof root/edge.,candidate never promoted; unsupported source edge stops immediately
V03F00286,CANDIDATE,RETURN,81:B55D:E0M1X1:C?:DBR??:C,00B55D,REJECTED_V03_CANDIDATE,,V03 candidate path is not an admitted V04 source-proof root/edge.,candidate never promoted; unsupported source edge stops immediately
V03F00287,CANDIDATE,RETURN,80:CCF1:E0M0X0:C?:DBR??:C,004CF1,REJECTED_V03_CANDIDATE,,V03 candidate path is not an admitted V04 source-proof root/edge.,candidate never promoted; unsupported source edge stops immediately
V03F00288,CANDIDATE,RETURN,80:AFC8:E0M1X1:C?:DBR??:C,002FC8,REJECTED_V03_CANDIDATE,,V03 candidate path is not an admitted V04 source-proof root/edge.,candidate never promoted; unsupported source edge stops immediately
V03F00289,CANDIDATE,RETURN,80:AF90:E0M1X1:C?:DBR??:C,002F90,REJECTED_V03_CANDIDATE,,V03 candidate path is not an admitted V04 source-proof root/edge.,candidate never promoted; unsupported source edge stops immediately
V03F00290,CANDIDATE,RETURN,80:B114:E0M1X1:C?:DBR??:C,003114,REJECTED_V03_CANDIDATE,,V03 candidate path is not an admitted V04 source-proof root/edge.,candidate never promoted; unsupported source edge stops immediately
V03F00291,CANDIDATE,RETURN,80:90A4:E0M1X1:C?:DBR??:C,0010A4,REJECTED_V03_CANDIDATE,,V03 candidate path is not an admitted V04 source-proof root/edge.,candidate never promoted; unsupported source edge stops immediately
V03F00292,CANDIDATE,RETURN,80:936F:E0M1X1:C?:DBR??:C,00136F,REJECTED_V03_CANDIDATE,,V03 candidate path is not an admitted V04 source-proof root/edge.,candidate never promoted; unsupported source edge stops immediately
V03F00293,CANDIDATE,RETURN,80:DE14:E0M1X1:C?:DBR??:C,005E14,REJECTED_V03_CANDIDATE,,V03 candidate path is not an admitted V04 source-proof root/edge.,candidate never promoted; unsupported source edge stops immediately
V03F00294,CANDIDATE,RETURN,80:C319:E0M1X1:C?:DBR??:C,004319,SUPERSEDED_BY_SOURCE_PROVED_CONTEXT,,Same PBR:PC:E:M:X is independently reached by V04 source proof; V03 speculative path itself remains rejected.,candidate never promoted; unsupported source edge stops immediately
V03F00295,CANDIDATE,RETURN,80:C196:E0M0X0:C?:DBR??:C,004196,REJECTED_V03_CANDIDATE,,V03 candidate path is not an admitted V04 source-proof root/edge.,candidate never promoted; unsupported source edge stops immediately
V03F00296,CANDIDATE,RETURN,81:A81C:E0M1X1:C?:DBR??:C,00A81C,REJECTED_V03_CANDIDATE,,V03 candidate path is not an admitted V04 source-proof root/edge.,candidate never promoted; unsupported source edge stops immediately
V03F00297,CANDIDATE,RETURN,80:FB55:E0M1X1:C?:DBR??:C,007B55,SUPERSEDED_BY_SOURCE_PROVED_CONTEXT,,Same PBR:PC:E:M:X is independently reached by V04 source proof; V03 speculative path itself remains rejected.,candidate never promoted; unsupported source edge stops immediately
V03F00298,CANDIDATE,RETURN,81:9D30:E0M1X1:C0:DBR??:C,009D30,REJECTED_V03_CANDIDATE,,V03 candidate path is not an admitted V04 source-proof root/edge.,candidate never promoted; unsupported source edge stops immediately
V03F00299,CANDIDATE,RETURN,80:C8D1:E0M1X1:C?:DBR??:C,0048D1,REJECTED_V03_CANDIDATE,,V03 candidate path is not an admitted V04 source-proof root/edge.,candidate never promoted; unsupported source edge stops immediately
V03F00300,CANDIDATE,RETURN,80:FBA4:E0M1X1:C?:DBR80:C,007BA4,REJECTED_V03_CANDIDATE,,V03 candidate path is not an admitted V04 source-proof root/edge.,candidate never promoted; unsupported source edge stops immediately
V03F00301,CANDIDATE,RETURN,81:FB1E:E0M0X0:C?:DBR??:C,00FB1E,REJECTED_V03_CANDIDATE,,V03 candidate path is not an admitted V04 source-proof root/edge.,candidate never promoted; unsupported source edge stops immediately
V03F00302,CANDIDATE,RETURN,81:C6D7:E0M1X1:C?:DBR??:C,00C6D7,REJECTED_V03_CANDIDATE,,V03 candidate path is not an admitted V04 source-proof root/edge.,candidate never promoted; unsupported source edge stops immediately
V03F00303,CANDIDATE,RETURN,81:F675:E0M1X1:C?:DBR??:C,00F675,SUPERSEDED_BY_SOURCE_PROVED_CONTEXT,,Same PBR:PC:E:M:X is independently reached by V04 source proof; V03 speculative path itself remains rejected.,candidate never promoted; unsupported source edge stops immediately
V03F00304,CANDIDATE,RETURN,81:B608:E0M1X1:C?:DBR??:C,00B608,REJECTED_V03_CANDIDATE,,V03 candidate path is not an admitted V04 source-proof root/edge.,candidate never promoted; unsupported source edge stops immediately
V03F00305,CANDIDATE,RETURN,80:A337:E0M0X0:C?:DBR??:C,002337,SUPERSEDED_BY_SOURCE_PROVED_CONTEXT,,Same PBR:PC:E:M:X is independently reached by V04 source proof; V03 speculative path itself remains rejected.,candidate never promoted; unsupported source edge stops immediately
V03F00306,CANDIDATE,RETURN,80:E38E:E0M0X0:C1:DBR??:C,00638E,REJECTED_V03_CANDIDATE,,V03 candidate path is not an admitted V04 source-proof root/edge.,candidate never promoted; unsupported source edge stops immediately
V03F00307,CANDIDATE,STATUS_WIDTH,80:FC1A:E0M1X1:C?:DBR??:C,007C1A,REJECTED_V03_CANDIDATE,,V03 candidate path is not an admitted V04 source-proof root/edge.,candidate never promoted; unsupported source edge stops immediately
V03F00308,CANDIDATE,RETURN,81:C9C3:E0M1X1:C0:DBR??:C,00C9C3,REJECTED_V03_CANDIDATE,,V03 candidate path is not an admitted V04 source-proof root/edge.,candidate never promoted; unsupported source edge stops immediately
V03F00309,CANDIDATE,RETURN,81:F624:E0M1X1:C1:DBR??:C,00F624,SUPERSEDED_BY_SOURCE_PROVED_CONTEXT,,Same PBR:PC:E:M:X is independently reached by V04 source proof; V03 speculative path itself remains rejected.,candidate never promoted; unsupported source edge stops immediately
V03F00310,CANDIDATE,STATUS_WIDTH,92:EEC6:E0M0X0:C?:DBR??:C,096EC6,REJECTED_V03_CANDIDATE,,V03 candidate path is not an admitted V04 source-proof root/edge.,candidate never promoted; unsupported source edge stops immediately
V03F00311,CANDIDATE,RETURN,80:FB5B:E0M1X1:C?:DBR??:C,007B5B,SUPERSEDED_BY_SOURCE_PROVED_CONTEXT,,Same PBR:PC:E:M:X is independently reached by V04 source proof; V03 speculative path itself remains rejected.,candidate never promoted; unsupported source edge stops immediately
V03F00312,CANDIDATE,RETURN,80:FC1B:E0M0X0:C?:DBR??:C,007C1B,REJECTED_V03_CANDIDATE,,V03 candidate path is not an admitted V04 source-proof root/edge.,candidate never promoted; unsupported source edge stops immediately
V03F00313,CANDIDATE,RETURN,80:FC1B:E0M0X1:C?:DBR??:C,007C1B,REJECTED_V03_CANDIDATE,,V03 candidate path is not an admitted V04 source-proof root/edge.,candidate never promoted; unsupported source edge stops immediately
V03F00314,CANDIDATE,RETURN,80:FC1B:E0M1X0:C?:DBR??:C,007C1B,REJECTED_V03_CANDIDATE,,V03 candidate path is not an admitted V04 source-proof root/edge.,candidate never promoted; unsupported source edge stops immediately
V03F00315,CANDIDATE,RETURN,80:FC1B:E0M1X1:C?:DBR??:C,007C1B,REJECTED_V03_CANDIDATE,,V03 candidate path is not an admitted V04 source-proof root/edge.,candidate never promoted; unsupported source edge stops immediately
V03F00316,CANDIDATE,RETURN,81:F82F:E0M1X1:C?:DBR??:C,00F82F,SUPERSEDED_BY_SOURCE_PROVED_CONTEXT,,Same PBR:PC:E:M:X is independently reached by V04 source proof; V03 speculative path itself remains rejected.,candidate never promoted; unsupported source edge stops immediately
V03F00317,CANDIDATE,RETURN,81:F537:E0M1X1:C?:DBR??:C,00F537,SUPERSEDED_BY_SOURCE_PROVED_CONTEXT,,Same PBR:PC:E:M:X is independently reached by V04 source proof; V03 speculative path itself remains rejected.,candidate never promoted; unsupported source edge stops immediately
V03F00318,CANDIDATE,RETURN,92:EEC7:E0M0X0:C?:DBR??:C,096EC7,REJECTED_V03_CANDIDATE,,V03 candidate path is not an admitted V04 source-proof root/edge.,candidate never promoted; unsupported source edge stops immediately
V03F00319,CANDIDATE,RETURN,92:EEC7:E0M0X1:C?:DBR??:C,096EC7,REJECTED_V03_CANDIDATE,,V03 candidate path is not an admitted V04 source-proof root/edge.,candidate never promoted; unsupported source edge stops immediately
V03F00320,CANDIDATE,RETURN,92:EEC7:E0M1X0:C?:DBR??:C,096EC7,REJECTED_V03_CANDIDATE,,V03 candidate path is not an admitted V04 source-proof root/edge.,candidate never promoted; unsupported source edge stops immediately
V03F00321,CANDIDATE,RETURN,92:EEC7:E0M1X1:C?:DBR??:C,096EC7,REJECTED_V03_CANDIDATE,,V03 candidate path is not an admitted V04 source-proof root/edge.,candidate never promoted; unsupported source edge stops immediately
V03F00322,CANDIDATE,RETURN,81:BEEE:E0M0X0:C?:DBR??:C,00BEEE,REJECTED_V03_CANDIDATE,,V03 candidate path is not an admitted V04 source-proof root/edge.,candidate never promoted; unsupported source edge stops immediately
V03F00323,CANDIDATE,RETURN,81:B52B:E0M1X1:C?:DBR??:C,00B52B,REJECTED_V03_CANDIDATE,,V03 candidate path is not an admitted V04 source-proof root/edge.,candidate never promoted; unsupported source edge stops immediately
V03F00324,CANDIDATE,RETURN,81:C594:E0M1X1:C?:DBR??:C,00C594,REJECTED_V03_CANDIDATE,,V03 candidate path is not an admitted V04 source-proof root/edge.,candidate never promoted; unsupported source edge stops immediately
V03F00325,CANDIDATE,STATUS_WIDTH,80:DC5C:E0M0X0:C?:DBR??:C,005C5C,REJECTED_V03_CANDIDATE,,V03 candidate path is not an admitted V04 source-proof root/edge.,candidate never promoted; unsupported source edge stops immediately
V03F00326,CANDIDATE,RETURN,80:C0CE:E0M0X0:C?:DBR??:C,0040CE,REJECTED_V03_CANDIDATE,,V03 candidate path is not an admitted V04 source-proof root/edge.,candidate never promoted; unsupported source edge stops immediately
V03F00327,CANDIDATE,RETURN,81:D8A3:E0M1X1:C?:DBR??:C,00D8A3,REJECTED_V03_CANDIDATE,,V03 candidate path is not an admitted V04 source-proof root/edge.,candidate never promoted; unsupported source edge stops immediately
V03F00328,CANDIDATE,RETURN,81:A000:E0M1X1:C?:DBR??:C,00A000,SUPERSEDED_BY_SOURCE_PROVED_CONTEXT,,Same PBR:PC:E:M:X is independently reached by V04 source proof; V03 speculative path itself remains rejected.,candidate never promoted; unsupported source edge stops immediately
V03F00329,CANDIDATE,RETURN,81:BF5C:E0M0X0:C?:DBR??:C,00BF5C,REJECTED_V03_CANDIDATE,,V03 candidate path is not an admitted V04 source-proof root/edge.,candidate never promoted; unsupported source edge stops immediately
V03F00330,CANDIDATE,RETURN,80:DC5D:E0M0X0:C?:DBR??:C,005C5D,REJECTED_V03_CANDIDATE,,V03 candidate path is not an admitted V04 source-proof root/edge.,candidate never promoted; unsupported source edge stops immediately
V03F00331,CANDIDATE,RETURN,80:DC5D:E0M0X1:C?:DBR??:C,005C5D,REJECTED_V03_CANDIDATE,,V03 candidate path is not an admitted V04 source-proof root/edge.,candidate never promoted; unsupported source edge stops immediately
V03F00332,CANDIDATE,RETURN,80:DC5D:E0M1X0:C?:DBR??:C,005C5D,REJECTED_V03_CANDIDATE,,V03 candidate path is not an admitted V04 source-proof root/edge.,candidate never promoted; unsupported source edge stops immediately
V03F00333,CANDIDATE,RETURN,80:DC5D:E0M1X1:C?:DBR??:C,005C5D,REJECTED_V03_CANDIDATE,,V03 candidate path is not an admitted V04 source-proof root/edge.,candidate never promoted; unsupported source edge stops immediately
V03F00334,CANDIDATE,RETURN,81:F585:E0M1X1:C?:DBR??:C,00F585,SUPERSEDED_BY_SOURCE_PROVED_CONTEXT,,Same PBR:PC:E:M:X is independently reached by V04 source proof; V03 speculative path itself remains rejected.,candidate never promoted; unsupported source edge stops immediately
V03F00335,CANDIDATE,RETURN,81:C71D:E0M1X1:C?:DBR??:C,00C71D,REJECTED_V03_CANDIDATE,,V03 candidate path is not an admitted V04 source-proof root/edge.,candidate never promoted; unsupported source edge stops immediately
V03F00336,CANDIDATE,RETURN,81:9FEE:E0M1X1:C?:DBR??:C,009FEE,SUPERSEDED_BY_SOURCE_PROVED_CONTEXT,,Same PBR:PC:E:M:X is independently reached by V04 source proof; V03 speculative path itself remains rejected.,candidate never promoted; unsupported source edge stops immediately
V03F00337,CANDIDATE,RETURN,81:B420:E0M0X0:C?:DBR??:C,00B420,REJECTED_V03_CANDIDATE,,V03 candidate path is not an admitted V04 source-proof root/edge.,candidate never promoted; unsupported source edge stops immediately
V03F00338,CANDIDATE,RETURN,80:F804:E0M0X0:C0:DBR??:C,007804,REJECTED_V03_CANDIDATE,,V03 candidate path is not an admitted V04 source-proof root/edge.,candidate never promoted; unsupported source edge stops immediately
V03F00339,CANDIDATE,RETURN,80:E56C:E0M1X1:C?:DBR??:C,00656C,REJECTED_V03_CANDIDATE,,V03 candidate path is not an admitted V04 source-proof root/edge.,candidate never promoted; unsupported source edge stops immediately
V03F00340,CANDIDATE,RETURN,80:C167:E0M0X0:C?:DBR??:C,004167,REJECTED_V03_CANDIDATE,,V03 candidate path is not an admitted V04 source-proof root/edge.,candidate never promoted; unsupported source edge stops immediately
V03F00341,CANDIDATE,RETURN,80:C903:E0M0X0:C?:DBR??:C,004903,REJECTED_V03_CANDIDATE,,V03 candidate path is not an admitted V04 source-proof root/edge.,candidate never promoted; unsupported source edge stops immediately
V03F00342,CANDIDATE,RETURN,81:C868:E0M1X1:C?:DBR??:C,00C868,REJECTED_V03_CANDIDATE,,V03 candidate path is not an admitted V04 source-proof root/edge.,candidate never promoted; unsupported source edge stops immediately
V03F00343,CANDIDATE,DYNAMIC_TARGET,81:CB46:E0M1X1:C?:DBR??:C,00CB46,REJECTED_V03_CANDIDATE,,V03 candidate path is not an admitted V04 source-proof root/edge.,candidate never promoted; unsupported source edge stops immediately
V03F00344,CANDIDATE,RETURN,80:85B5:E0M0X0:C?:DBR??:C,0005B5,SUPERSEDED_BY_SOURCE_PROVED_CONTEXT,,Same PBR:PC:E:M:X is independently reached by V04 source proof; V03 speculative path itself remains rejected.,candidate never promoted; unsupported source edge stops immediately
V03F00345,CANDIDATE,RETURN,81:A74F:E0M1X1:C?:DBR??:C,00A74F,REJECTED_V03_CANDIDATE,,V03 candidate path is not an admitted V04 source-proof root/edge.,candidate never promoted; unsupported source edge stops immediately
V03F00346,CANDIDATE,RETURN,81:BD43:E0M1X1:C?:DBR??:C,00BD43,REJECTED_V03_CANDIDATE,,V03 candidate path is not an admitted V04 source-proof root/edge.,candidate never promoted; unsupported source edge stops immediately
V03F00347,CANDIDATE,RETURN,80:8458:E0M0X0:C?:DBR??:C,000458,SUPERSEDED_BY_SOURCE_PROVED_CONTEXT,,Same PBR:PC:E:M:X is independently reached by V04 source proof; V03 speculative path itself remains rejected.,candidate never promoted; unsupported source edge stops immediately
V03F00348,CANDIDATE,RETURN,81:9D0B:E0M1X1:C1:DBR??:C,009D0B,REJECTED_V03_CANDIDATE,,V03 candidate path is not an admitted V04 source-proof root/edge.,candidate never promoted; unsupported source edge stops immediately
V03F00349,CANDIDATE,RETURN,81:B556:E0M1X1:C?:DBR??:C,00B556,REJECTED_V03_CANDIDATE,,V03 candidate path is not an admitted V04 source-proof root/edge.,candidate never promoted; unsupported source edge stops immediately
V03F00350,CANDIDATE,RETURN,80:90B2:E0M1X1:C?:DBR??:C,0010B2,REJECTED_V03_CANDIDATE,,V03 candidate path is not an admitted V04 source-proof root/edge.,candidate never promoted; unsupported source edge stops immediately
V03F00351,CANDIDATE,RETURN,80:DD95:E0M1X1:C?:DBR??:C,005D95,REJECTED_V03_CANDIDATE,,V03 candidate path is not an admitted V04 source-proof root/edge.,candidate never promoted; unsupported source edge stops immediately
V03F00352,CANDIDATE,RETURN,81:C70E:E0M1X1:C?:DBR??:C,00C70E,REJECTED_V03_CANDIDATE,,V03 candidate path is not an admitted V04 source-proof root/edge.,candidate never promoted; unsupported source edge stops immediately
V03F00353,CANDIDATE,RETURN,81:9D2A:E0M1X1:C1:DBR??:C,009D2A,REJECTED_V03_CANDIDATE,,V03 candidate path is not an admitted V04 source-proof root/edge.,candidate never promoted; unsupported source edge stops immediately
V03F00354,CANDIDATE,RETURN,80:B0BD:E0M1X1:C?:DBR??:C,0030BD,REJECTED_V03_CANDIDATE,,V03 candidate path is not an admitted V04 source-proof root/edge.,candidate never promoted; unsupported source edge stops immediately
V03F00355,CANDIDATE,RETURN,81:C3F7:E0M1X1:C?:DBR??:C,00C3F7,REJECTED_V03_CANDIDATE,,V03 candidate path is not an admitted V04 source-proof root/edge.,candidate never promoted; unsupported source edge stops immediately
V03F00356,CANDIDATE,RETURN,80:C87C:E0M1X1:C?:DBR??:C,00487C,REJECTED_V03_CANDIDATE,,V03 candidate path is not an admitted V04 source-proof root/edge.,candidate never promoted; unsupported source edge stops immediately
V03F00357,CANDIDATE,STATUS_WIDTH,81:9DA6:E0M1X0:C?:DBR??:C,009DA6,REJECTED_V03_CANDIDATE,,V03 candidate path is not an admitted V04 source-proof root/edge.,candidate never promoted; unsupported source edge stops immediately
V03F00358,CANDIDATE,STATUS_WIDTH,81:9DA3:E0M1X0:C?:DBR??:C,009DA3,REJECTED_V03_CANDIDATE,,V03 candidate path is not an admitted V04 source-proof root/edge.,candidate never promoted; unsupported source edge stops immediately
V03F00359,CANDIDATE,RETURN,81:A00C:E0M1X1:C?:DBR??:C,00A00C,SUPERSEDED_BY_SOURCE_PROVED_CONTEXT,,Same PBR:PC:E:M:X is independently reached by V04 source proof; V03 speculative path itself remains rejected.,candidate never promoted; unsupported source edge stops immediately
V03F00360,CANDIDATE,RETURN,81:F6A3:E0M1X1:C?:DBR??:C,00F6A3,SUPERSEDED_BY_SOURCE_PROVED_CONTEXT,,Same PBR:PC:E:M:X is independently reached by V04 source proof; V03 speculative path itself remains rejected.,candidate never promoted; unsupported source edge stops immediately
V03F00361,CANDIDATE,RETURN,81:BD51:E0M1X1:C?:DBR??:C,00BD51,REJECTED_V03_CANDIDATE,,V03 candidate path is not an admitted V04 source-proof root/edge.,candidate never promoted; unsupported source edge stops immediately
V03F00362,CANDIDATE,RETURN,80:8C99:E0M1X1:C?:DBR??:C,000C99,REJECTED_V03_CANDIDATE,,V03 candidate path is not an admitted V04 source-proof root/edge.,candidate never promoted; unsupported source edge stops immediately
V03F00363,CANDIDATE,RETURN,81:CBDA:E0M1X1:C?:DBR??:C,00CBDA,REJECTED_V03_CANDIDATE,,V03 candidate path is not an admitted V04 source-proof root/edge.,candidate never promoted; unsupported source edge stops immediately
V03F00364,CANDIDATE,RETURN,81:F835:E0M1X1:C?:DBR??:C,00F835,SUPERSEDED_BY_SOURCE_PROVED_CONTEXT,,Same PBR:PC:E:M:X is independently reached by V04 source proof; V03 speculative path itself remains rejected.,candidate never promoted; unsupported source edge stops immediately
V03F00365,CANDIDATE,RETURN,81:F5EC:E0M1X1:C?:DBR??:C,00F5EC,SUPERSEDED_BY_SOURCE_PROVED_CONTEXT,,Same PBR:PC:E:M:X is independently reached by V04 source proof; V03 speculative path itself remains rejected.,candidate never promoted; unsupported source edge stops immediately
V03F00366,CANDIDATE,RETURN,81:9D23:E0M1X1:C1:DBR??:C,009D23,REJECTED_V03_CANDIDATE,,V03 candidate path is not an admitted V04 source-proof root/edge.,candidate never promoted; unsupported source edge stops immediately
V03F00367,CANDIDATE,RETURN,81:C584:E0M1X1:C?:DBR??:C,00C584,REJECTED_V03_CANDIDATE,,V03 candidate path is not an admitted V04 source-proof root/edge.,candidate never promoted; unsupported source edge stops immediately
V03F00368,CANDIDATE,RETURN,80:D75A:E0M0X0:C?:DBR??:C,00575A,REJECTED_V03_CANDIDATE,,V03 candidate path is not an admitted V04 source-proof root/edge.,candidate never promoted; unsupported source edge stops immediately
V03F00369,CANDIDATE,RETURN,81:FA95:E0M1X1:C?:DBR??:C,00FA95,REJECTED_V03_CANDIDATE,,V03 candidate path is not an admitted V04 source-proof root/edge.,candidate never promoted; unsupported source edge stops immediately
V03F00370,CANDIDATE,RETURN,80:84EC:E0M1X0:C?:DBR??:C,0004EC,SUPERSEDED_BY_SOURCE_PROVED_CONTEXT,,Same PBR:PC:E:M:X is independently reached by V04 source proof; V03 speculative path itself remains rejected.,candidate never promoted; unsupported source edge stops immediately
V03F00371,CANDIDATE,RETURN,81:A017:E0M1X1:C?:DBR??:C,00A017,SUPERSEDED_BY_SOURCE_PROVED_CONTEXT,,Same PBR:PC:E:M:X is independently reached by V04 source proof; V03 speculative path itself remains rejected.,candidate never promoted; unsupported source edge stops immediately
V03F00372,CANDIDATE,RETURN,81:C276:E0M0X0:C?:DBR??:C,00C276,REJECTED_V03_CANDIDATE,,V03 candidate path is not an admitted V04 source-proof root/edge.,candidate never promoted; unsupported source edge stops immediately
V03F00373,CANDIDATE,RETURN,81:B32E:E0M0X0:C?:DBR??:C,00B32E,REJECTED_V03_CANDIDATE,,V03 candidate path is not an admitted V04 source-proof root/edge.,candidate never promoted; unsupported source edge stops immediately
V03F00374,CANDIDATE,RETURN,80:85B5:E0M0X0:C?:DBR80:C,0005B5,SUPERSEDED_BY_SOURCE_PROVED_CONTEXT,,Same PBR:PC:E:M:X is independently reached by V04 source proof; V03 speculative path itself remains rejected.,candidate never promoted; unsupported source edge stops immediately
V03F00375,CANDIDATE,RETURN,81:9FDC:E0M1X1:C?:DBR??:C,009FDC,SUPERSEDED_BY_SOURCE_PROVED_CONTEXT,,Same PBR:PC:E:M:X is independently reached by V04 source proof; V03 speculative path itself remains rejected.,candidate never promoted; unsupported source edge stops immediately
V03F00376,CANDIDATE,RETURN,81:F6EE:E0M1X1:C0:DBR??:C,00F6EE,SUPERSEDED_BY_SOURCE_PROVED_CONTEXT,,Same PBR:PC:E:M:X is independently reached by V04 source proof; V03 speculative path itself remains rejected.,candidate never promoted; unsupported source edge stops immediately
V03F00377,CANDIDATE,RETURN,81:90FF:E0M0X0:C?:DBR??:C,0090FF,REJECTED_V03_CANDIDATE,,V03 candidate path is not an admitted V04 source-proof root/edge.,candidate never promoted; unsupported source edge stops immediately
V03F00378,CANDIDATE,RETURN,81:BD5F:E0M1X1:C?:DBR??:C,00BD5F,REJECTED_V03_CANDIDATE,,V03 candidate path is not an admitted V04 source-proof root/edge.,candidate never promoted; unsupported source edge stops immediately
V03F00379,CANDIDATE,RETURN,80:CE7E:E0M1X1:C?:DBR??:C,004E7E,REJECTED_V03_CANDIDATE,,V03 candidate path is not an admitted V04 source-proof root/edge.,candidate never promoted; unsupported source edge stops immediately
V03F00380,CANDIDATE,RETURN,80:B34D:E0M1X1:C?:DBR??:C,00334D,REJECTED_V03_CANDIDATE,,V03 candidate path is not an admitted V04 source-proof root/edge.,candidate never promoted; unsupported source edge stops immediately
V03F00381,CANDIDATE,RETURN,80:B34A:E0M1X1:C?:DBR??:C,00334A,REJECTED_V03_CANDIDATE,,V03 candidate path is not an admitted V04 source-proof root/edge.,candidate never promoted; unsupported source edge stops immediately
V03F00382,CANDIDATE,RETURN,81:DE77:E0M0X0:C?:DBR??:C,00DE77,REJECTED_V03_CANDIDATE,,V03 candidate path is not an admitted V04 source-proof root/edge.,candidate never promoted; unsupported source edge stops immediately
V03F00383,CANDIDATE,RETURN,80:84F6:E0M1X0:C?:DBR??:C,0004F6,SUPERSEDED_BY_SOURCE_PROVED_CONTEXT,,Same PBR:PC:E:M:X is independently reached by V04 source proof; V03 speculative path itself remains rejected.,candidate never promoted; unsupported source edge stops immediately
V03F00384,CANDIDATE,RETURN,81:9FC5:E0M1X1:C?:DBR??:C,009FC5,SUPERSEDED_BY_SOURCE_PROVED_CONTEXT,,Same PBR:PC:E:M:X is independently reached by V04 source proof; V03 speculative path itself remains rejected.,candidate never promoted; unsupported source edge stops immediately
V03F00385,CANDIDATE,RETURN,81:A024:E0M1X1:C?:DBR??:C,00A024,SUPERSEDED_BY_SOURCE_PROVED_CONTEXT,,Same PBR:PC:E:M:X is independently reached by V04 source proof; V03 speculative path itself remains rejected.,candidate never promoted; unsupported source edge stops immediately
V03F00386,CANDIDATE,RETURN,81:F77C:E0M1X1:C1:DBR??:C,00F77C,SUPERSEDED_BY_SOURCE_PROVED_CONTEXT,,Same PBR:PC:E:M:X is independently reached by V04 source proof; V03 speculative path itself remains rejected.,candidate never promoted; unsupported source edge stops immediately
V03F00387,CANDIDATE,RETURN,81:F7ED:E0M1X1:C1:DBR??:C,00F7ED,SUPERSEDED_BY_SOURCE_PROVED_CONTEXT,,Same PBR:PC:E:M:X is independently reached by V04 source proof; V03 speculative path itself remains rejected.,candidate never promoted; unsupported source edge stops immediately
V03F00388,CANDIDATE,RETURN,80:F9F5:E0M1X1:C?:DBR??:C,0079F5,REJECTED_V03_CANDIDATE,,V03 candidate path is not an admitted V04 source-proof root/edge.,candidate never promoted; unsupported source edge stops immediately
V03F00389,CANDIDATE,RETURN,81:B3A5:E0M0X0:C?:DBR??:C,00B3A5,REJECTED_V03_CANDIDATE,,V03 candidate path is not an admitted V04 source-proof root/edge.,candidate never promoted; unsupported source edge stops immediately
V03F00390,CANDIDATE,RETURN,80:F903:E0M1X1:C?:DBR??:C,007903,REJECTED_V03_CANDIDATE,,V03 candidate path is not an admitted V04 source-proof root/edge.,candidate never promoted; unsupported source edge stops immediately
V03F00391,CANDIDATE,RETURN,81:9038:E0M1X1:C?:DBR??:C,009038,REJECTED_V03_CANDIDATE,,V03 candidate path is not an admitted V04 source-proof root/edge.,candidate never promoted; unsupported source edge stops immediately
V03F00392,CANDIDATE,RETURN,80:FBA4:E0M1X1:C?:DBR??:C,007BA4,REJECTED_V03_CANDIDATE,,V03 candidate path is not an admitted V04 source-proof root/edge.,candidate never promoted; unsupported source edge stops immediately
V03F00393,CANDIDATE,RETURN,80:B0CA:E0M1X1:C?:DBR??:C,0030CA,REJECTED_V03_CANDIDATE,,V03 candidate path is not an admitted V04 source-proof root/edge.,candidate never promoted; unsupported source edge stops immediately
V03F00394,CANDIDATE,RETURN,80:C141:E0M0X0:C?:DBR??:C,004141,REJECTED_V03_CANDIDATE,,V03 candidate path is not an admitted V04 source-proof root/edge.,candidate never promoted; unsupported source edge stops immediately
V03F00395,CANDIDATE,RETURN,80:BD54:E0M1X1:C?:DBR??:C,003D54,REJECTED_V03_CANDIDATE,,V03 candidate path is not an admitted V04 source-proof root/edge.,candidate never promoted; unsupported source edge stops immediately
V03F00396,CANDIDATE,DYNAMIC_TARGET,81:FD5A:E0M1X1:C?:DBR??:C,00FD5A,REJECTED_V03_CANDIDATE,,V03 candidate path is not an admitted V04 source-proof root/edge.,candidate never promoted; unsupported source edge stops immediately
V03F00397,CANDIDATE,RETURN,81:F9B5:E0M1X1:C?:DBR??:C,00F9B5,REJECTED_V03_CANDIDATE,,V03 candidate path is not an admitted V04 source-proof root/edge.,candidate never promoted; unsupported source edge stops immediately
V03F00398,CANDIDATE,RETURN,81:F5BC:E0M1X1:C?:DBR??:C,00F5BC,SUPERSEDED_BY_SOURCE_PROVED_CONTEXT,,Same PBR:PC:E:M:X is independently reached by V04 source proof; V03 speculative path itself remains rejected.,candidate never promoted; unsupported source edge stops immediately
V03F00399,CANDIDATE,RETURN,81:A7F3:E0M1X1:C?:DBR??:C,00A7F3,REJECTED_V03_CANDIDATE,,V03 candidate path is not an admitted V04 source-proof root/edge.,candidate never promoted; unsupported source edge stops immediately
V03F00400,CANDIDATE,RETURN,81:C28A:E0M0X0:C?:DBR??:C,00C28A,REJECTED_V03_CANDIDATE,,V03 candidate path is not an admitted V04 source-proof root/edge.,candidate never promoted; unsupported source edge stops immediately
V03F00401,CANDIDATE,RETURN,81:B082:E0M1X1:C?:DBR??:C,00B082,REJECTED_V03_CANDIDATE,,V03 candidate path is not an admitted V04 source-proof root/edge.,candidate never promoted; unsupported source edge stops immediately
V03F00402,CANDIDATE,RETURN,81:DD32:E0M0X0:C?:DBR??:C,00DD32,REJECTED_V03_CANDIDATE,,V03 candidate path is not an admitted V04 source-proof root/edge.,candidate never promoted; unsupported source edge stops immediately
V03F00403,CANDIDATE,RETURN,9F:FCB2:E0M1X1:C?:DBR??:C,0FFCB2,REJECTED_V03_CANDIDATE,,V03 candidate path is not an admitted V04 source-proof root/edge.,candidate never promoted; unsupported source edge stops immediately
V03F00404,CANDIDATE,RETURN,81:F860:E0M1X1:C?:DBR??:C,00F860,SUPERSEDED_BY_SOURCE_PROVED_CONTEXT,,Same PBR:PC:E:M:X is independently reached by V04 source proof; V03 speculative path itself remains rejected.,candidate never promoted; unsupported source edge stops immediately
V03F00405,CANDIDATE,RETURN,81:C255:E0M0X0:C?:DBR??:C,00C255,REJECTED_V03_CANDIDATE,,V03 candidate path is not an admitted V04 source-proof root/edge.,candidate never promoted; unsupported source edge stops immediately
V03F00406,CANDIDATE,RETURN,81:DD61:E0M0X0:C?:DBR??:C,00DD61,REJECTED_V03_CANDIDATE,,V03 candidate path is not an admitted V04 source-proof root/edge.,candidate never promoted; unsupported source edge stops immediately
V03F00407,CANDIDATE,STATUS_WIDTH,80:FB66:E0M1X0:C?:DBR80:C,007B66,REJECTED_V03_CANDIDATE,,V03 candidate path is not an admitted V04 source-proof root/edge.,candidate never promoted; unsupported source edge stops immediately
V03F00408,CANDIDATE,RETURN,80:B0DA:E0M1X1:C?:DBR??:C,0030DA,REJECTED_V03_CANDIDATE,,V03 candidate path is not an admitted V04 source-proof root/edge.,candidate never promoted; unsupported source edge stops immediately
V03F00409,CANDIDATE,RETURN,80:9445:E0M1X1:C?:DBR??:C,001445,REJECTED_V03_CANDIDATE,,V03 candidate path is not an admitted V04 source-proof root/edge.,candidate never promoted; unsupported source edge stops immediately
V03F00410,CANDIDATE,RETURN,80:CAD8:E0M0X0:C?:DBR??:C,004AD8,REJECTED_V03_CANDIDATE,,V03 candidate path is not an admitted V04 source-proof root/edge.,candidate never promoted; unsupported source edge stops immediately
V03F00411,CANDIDATE,RETURN,80:FB67:E0M0X0:C?:DBR80:C,007B67,REJECTED_V03_CANDIDATE,,V03 candidate path is not an admitted V04 source-proof root/edge.,candidate never promoted; unsupported source edge stops immediately
V03F00412,CANDIDATE,RETURN,80:FB67:E0M0X1:C?:DBR80:C,007B67,REJECTED_V03_CANDIDATE,,V03 candidate path is not an admitted V04 source-proof root/edge.,candidate never promoted; unsupported source edge stops immediately
V03F00413,CANDIDATE,RETURN,80:FB67:E0M1X0:C?:DBR80:C,007B67,REJECTED_V03_CANDIDATE,,V03 candidate path is not an admitted V04 source-proof root/edge.,candidate never promoted; unsupported source edge stops immediately
V03F00414,CANDIDATE,RETURN,80:FB67:E0M1X1:C?:DBR80:C,007B67,REJECTED_V03_CANDIDATE,,V03 candidate path is not an admitted V04 source-proof root/edge.,candidate never promoted; unsupported source edge stops immediately
V03F00415,CANDIDATE,RETURN,80:A2DA:E0M0X0:C?:DBR??:C,0022DA,REJECTED_V03_CANDIDATE,,V03 candidate path is not an admitted V04 source-proof root/edge.,candidate never promoted; unsupported source edge stops immediately
V03F00416,CANDIDATE,RETURN,80:B0EC:E0M1X1:C?:DBR??:C,0030EC,REJECTED_V03_CANDIDATE,,V03 candidate path is not an admitted V04 source-proof root/edge.,candidate never promoted; unsupported source edge stops immediately
V03F00417,CANDIDATE,RETURN,81:9D3F:E0M1X1:C?:DBR??:C,009D3F,REJECTED_V03_CANDIDATE,,V03 candidate path is not an admitted V04 source-proof root/edge.,candidate never promoted; unsupported source edge stops immediately
V03F00418,CANDIDATE,RETURN,81:F77A:E0M1X1:C0:DBR??:C,00F77A,SUPERSEDED_BY_SOURCE_PROVED_CONTEXT,,Same PBR:PC:E:M:X is independently reached by V04 source proof; V03 speculative path itself remains rejected.,candidate never promoted; unsupported source edge stops immediately
V03F00419,CANDIDATE,STATUS_WIDTH,92:EEF8:E0M1X1:C?:DBR92:C,096EF8,REJECTED_V03_CANDIDATE,,V03 candidate path is not an admitted V04 source-proof root/edge.,candidate never promoted; unsupported source edge stops immediately
V03F00420,CANDIDATE,RETURN,80:93C4:E0M1X1:C?:DBR??:C,0013C4,REJECTED_V03_CANDIDATE,,V03 candidate path is not an admitted V04 source-proof root/edge.,candidate never promoted; unsupported source edge stops immediately
V03F00421,CANDIDATE,RETURN,80:9542:E0M1X1:C?:DBR??:C,001542,REJECTED_V03_CANDIDATE,,V03 candidate path is not an admitted V04 source-proof root/edge.,candidate never promoted; unsupported source edge stops immediately
V03F00422,CANDIDATE,RETURN,81:DD45:E0M0X0:C?:DBR??:C,00DD45,REJECTED_V03_CANDIDATE,,V03 candidate path is not an admitted V04 source-proof root/edge.,candidate never promoted; unsupported source edge stops immediately
V03F00423,CANDIDATE,RETURN,9F:FCF0:E0M1X1:C?:DBR9F:C,0FFCF0,REJECTED_V03_CANDIDATE,,V03 candidate path is not an admitted V04 source-proof root/edge.,candidate never promoted; unsupported source edge stops immediately
V03F00424,CANDIDATE,RETURN,81:9CB5:E0M1X1:C?:DBR??:C,009CB5,REJECTED_V03_CANDIDATE,,V03 candidate path is not an admitted V04 source-proof root/edge.,candidate never promoted; unsupported source edge stops immediately
V03F00425,CANDIDATE,RETURN,9F:FB1D:E0M0X0:C?:DBR??:C,0FFB1D,REJECTED_V03_CANDIDATE,,V03 candidate path is not an admitted V04 source-proof root/edge.,candidate never promoted; unsupported source edge stops immediately
V03F00426,CANDIDATE,RETURN,9F:FD27:E0M0X0:C?:DBR??:C,0FFD27,REJECTED_V03_CANDIDATE,,V03 candidate path is not an admitted V04 source-proof root/edge.,candidate never promoted; unsupported source edge stops immediately
V03F00427,CANDIDATE,RETURN,92:EEF9:E0M0X0:C?:DBR92:C,096EF9,REJECTED_V03_CANDIDATE,,V03 candidate path is not an admitted V04 source-proof root/edge.,candidate never promoted; unsupported source edge stops immediately
V03F00428,CANDIDATE,RETURN,92:EEF9:E0M0X1:C?:DBR92:C,096EF9,REJECTED_V03_CANDIDATE,,V03 candidate path is not an admitted V04 source-proof root/edge.,candidate never promoted; unsupported source edge stops immediately
V03F00429,CANDIDATE,RETURN,92:EEF9:E0M1X0:C?:DBR92:C,096EF9,REJECTED_V03_CANDIDATE,,V03 candidate path is not an admitted V04 source-proof root/edge.,candidate never promoted; unsupported source edge stops immediately
V03F00430,CANDIDATE,RETURN,92:EEF9:E0M1X1:C?:DBR92:C,096EF9,REJECTED_V03_CANDIDATE,,V03 candidate path is not an admitted V04 source-proof root/edge.,candidate never promoted; unsupported source edge stops immediately
V03F00431,CANDIDATE,RETURN,81:BDA8:E0M1X1:C?:DBR??:C,00BDA8,REJECTED_V03_CANDIDATE,,V03 candidate path is not an admitted V04 source-proof root/edge.,candidate never promoted; unsupported source edge stops immediately
V03F00432,CANDIDATE,RETURN,80:D53A:E0M0X0:C?:DBR??:C,00553A,REJECTED_V03_CANDIDATE,,V03 candidate path is not an admitted V04 source-proof root/edge.,candidate never promoted; unsupported source edge stops immediately
V03F00433,CANDIDATE,DYNAMIC_TARGET,81:B04A:E0M1X1:C?:DBR??:C,00B04A,REJECTED_V03_CANDIDATE,,V03 candidate path is not an admitted V04 source-proof root/edge.,candidate never promoted; unsupported source edge stops immediately
V03F00434,CANDIDATE,DYNAMIC_TARGET,81:B03F:E0M1X1:C?:DBR??:C,00B03F,REJECTED_V03_CANDIDATE,,V03 candidate path is not an admitted V04 source-proof root/edge.,candidate never promoted; unsupported source edge stops immediately
V03F00435,CANDIDATE,RETURN,80:D182:E0M1X1:C?:DBR??:C,005182,REJECTED_V03_CANDIDATE,,V03 candidate path is not an admitted V04 source-proof root/edge.,candidate never promoted; unsupported source edge stops immediately
V03F00436,CANDIDATE,RETURN,80:D1C6:E0M0X0:C?:DBR??:C,0051C6,REJECTED_V03_CANDIDATE,,V03 candidate path is not an admitted V04 source-proof root/edge.,candidate never promoted; unsupported source edge stops immediately
V03F00437,CANDIDATE,RETURN,9F:FCF0:E0M1X1:C?:DBR??:C,0FFCF0,REJECTED_V03_CANDIDATE,,V03 candidate path is not an admitted V04 source-proof root/edge.,candidate never promoted; unsupported source edge stops immediately
V03F00438,CANDIDATE,STATUS_WIDTH,81:9C8A:E0M1X1:C?:DBR??:C,009C8A,REJECTED_V03_CANDIDATE,,V03 candidate path is not an admitted V04 source-proof root/edge.,candidate never promoted; unsupported source edge stops immediately
V03F00439,CANDIDATE,RETURN,81:9CF1:E0M1X1:C?:DBR81:C,009CF1,SUPERSEDED_BY_SOURCE_PROVED_CONTEXT,,Same PBR:PC:E:M:X is independently reached by V04 source proof; V03 speculative path itself remains rejected.,candidate never promoted; unsupported source edge stops immediately
V03F00440,CANDIDATE,RETURN,92:F091:E0M0X0:C?:DBR??:C,097091,REJECTED_V03_CANDIDATE,,V03 candidate path is not an admitted V04 source-proof root/edge.,candidate never promoted; unsupported source edge stops immediately
V03F00441,CANDIDATE,RETURN,80:95A6:E0M1X1:C?:DBR??:C,0015A6,REJECTED_V03_CANDIDATE,,V03 candidate path is not an admitted V04 source-proof root/edge.,candidate never promoted; unsupported source edge stops immediately
V03F00442,CANDIDATE,RETURN,81:9C8B:E0M0X0:C?:DBR??:C,009C8B,REJECTED_V03_CANDIDATE,,V03 candidate path is not an admitted V04 source-proof root/edge.,candidate never promoted; unsupported source edge stops immediately
V03F00443,CANDIDATE,RETURN,81:9C8B:E0M0X1:C?:DBR??:C,009C8B,REJECTED_V03_CANDIDATE,,V03 candidate path is not an admitted V04 source-proof root/edge.,candidate never promoted; unsupported source edge stops immediately
V03F00444,CANDIDATE,RETURN,81:9C8B:E0M1X0:C?:DBR??:C,009C8B,REJECTED_V03_CANDIDATE,,V03 candidate path is not an admitted V04 source-proof root/edge.,candidate never promoted; unsupported source edge stops immediately
V03F00445,CANDIDATE,RETURN,81:9C8B:E0M1X1:C?:DBR??:C,009C8B,REJECTED_V03_CANDIDATE,,V03 candidate path is not an admitted V04 source-proof root/edge.,candidate never promoted; unsupported source edge stops immediately
V03F00446,CANDIDATE,RETURN,81:F7EB:E0M1X1:C0:DBR??:C,00F7EB,SUPERSEDED_BY_SOURCE_PROVED_CONTEXT,,Same PBR:PC:E:M:X is independently reached by V04 source proof; V03 speculative path itself remains rejected.,candidate never promoted; unsupported source edge stops immediately
V03F00447,CANDIDATE,RETURN,81:BB88:E0M1X1:C?:DBR??:C,00BB88,REJECTED_V03_CANDIDATE,,V03 candidate path is not an admitted V04 source-proof root/edge.,candidate never promoted; unsupported source edge stops immediately
V03F00448,CANDIDATE,RETURN,80:B2EA:E0M1X1:C?:DBR??:C,0032EA,REJECTED_V03_CANDIDATE,,V03 candidate path is not an admitted V04 source-proof root/edge.,candidate never promoted; unsupported source edge stops immediately
V03F00449,CANDIDATE,RETURN,80:9923:E0M1X1:C?:DBR??:C,001923,REJECTED_V03_CANDIDATE,,V03 candidate path is not an admitted V04 source-proof root/edge.,candidate never promoted; unsupported source edge stops immediately
V03F00450,CANDIDATE,RETURN,80:B559:E0M1X1:C?:DBR??:C,003559,REJECTED_V03_CANDIDATE,,V03 candidate path is not an admitted V04 source-proof root/edge.,candidate never promoted; unsupported source edge stops immediately
V03F00451,CANDIDATE,RETURN,9F:FCEB:E0M1X1:C?:DBR??:C,0FFCEB,REJECTED_V03_CANDIDATE,,V03 candidate path is not an admitted V04 source-proof root/edge.,candidate never promoted; unsupported source edge stops immediately
V03F00452,CANDIDATE,RETURN,81:CF63:E0M1X1:C?:DBR??:C,00CF63,REJECTED_V03_CANDIDATE,,V03 candidate path is not an admitted V04 source-proof root/edge.,candidate never promoted; unsupported source edge stops immediately
V03F00453,CANDIDATE,RETURN,80:A01D:E0M1X1:C?:DBR??:C,00201D,REJECTED_V03_CANDIDATE,,V03 candidate path is not an admitted V04 source-proof root/edge.,candidate never promoted; unsupported source edge stops immediately
V03F00454,CANDIDATE,RETURN,80:94C1:E0M1X1:C?:DBR??:C,0014C1,REJECTED_V03_CANDIDATE,,V03 candidate path is not an admitted V04 source-proof root/edge.,candidate never promoted; unsupported source edge stops immediately
V03F00455,CANDIDATE,RETURN,80:C94D:E0M1X1:C?:DBR??:C,00494D,REJECTED_V03_CANDIDATE,,V03 candidate path is not an admitted V04 source-proof root/edge.,candidate never promoted; unsupported source edge stops immediately
V03F00456,CANDIDATE,RETURN,80:D1D0:E0M0X0:C0:DBR80:C,0051D0,REJECTED_V03_CANDIDATE,,V03 candidate path is not an admitted V04 source-proof root/edge.,candidate never promoted; unsupported source edge stops immediately
V03F00457,CANDIDATE,RETURN,80:FBAC:E0M1X1:C?:DBR??:C,007BAC,REJECTED_V03_CANDIDATE,,V03 candidate path is not an admitted V04 source-proof root/edge.,candidate never promoted; unsupported source edge stops immediately
V03F00458,CANDIDATE,RETURN,81:9C45:E0M1X1:C?:DBR??:C,009C45,REJECTED_V03_CANDIDATE,,V03 candidate path is not an admitted V04 source-proof root/edge.,candidate never promoted; unsupported source edge stops immediately
V03F00459,CANDIDATE,RETURN,81:A02C:E0M1X1:C?:DBR??:C,00A02C,REJECTED_V03_CANDIDATE,,V03 candidate path is not an admitted V04 source-proof root/edge.,candidate never promoted; unsupported source edge stops immediately
V03F00460,CANDIDATE,RETURN,92:F09F:E0M0X0:C?:DBR??:C,09709F,REJECTED_V03_CANDIDATE,,V03 candidate path is not an admitted V04 source-proof root/edge.,candidate never promoted; unsupported source edge stops immediately
V03F00461,CANDIDATE,RETURN,81:DE7F:E0M0X0:C?:DBR??:C,00DE7F,REJECTED_V03_CANDIDATE,,V03 candidate path is not an admitted V04 source-proof root/edge.,candidate never promoted; unsupported source edge stops immediately
V03F00462,CANDIDATE,RETURN,81:9F57:E0M1X1:C?:DBR??:C,009F57,REJECTED_V03_CANDIDATE,,V03 candidate path is not an admitted V04 source-proof root/edge.,candidate never promoted; unsupported source edge stops immediately
V03F00463,CANDIDATE,RETURN,80:8C9F:E0M1X1:C?:DBR??:C,000C9F,REJECTED_V03_CANDIDATE,,V03 candidate path is not an admitted V04 source-proof root/edge.,candidate never promoted; unsupported source edge stops immediately
V03F00464,CANDIDATE,STATUS_WIDTH,80:FCEC:E0M1X1:C?:DBR??:C,007CEC,REJECTED_V03_CANDIDATE,,V03 candidate path is not an admitted V04 source-proof root/edge.,candidate never promoted; unsupported source edge stops immediately
V03F00465,CANDIDATE,RETURN,9F:F60F:E0M0X0:C?:DBR??:C,0FF60F,REJECTED_V03_CANDIDATE,,V03 candidate path is not an admitted V04 source-proof root/edge.,candidate never promoted; unsupported source edge stops immediately
V03F00466,CANDIDATE,RETURN,9F:F63B:E0M0X0:C?:DBR??:C,0FF63B,REJECTED_V03_CANDIDATE,,V03 candidate path is not an admitted V04 source-proof root/edge.,candidate never promoted; unsupported source edge stops immediately
V03F00467,CANDIDATE,RETURN,80:C2AE:E0M1X1:C?:DBR??:C,0042AE,REJECTED_V03_CANDIDATE,,V03 candidate path is not an admitted V04 source-proof root/edge.,candidate never promoted; unsupported source edge stops immediately
V03F00468,CANDIDATE,RETURN,80:E3B8:E0M0X0:C?:DBR??:C,0063B8,REJECTED_V03_CANDIDATE,,V03 candidate path is not an admitted V04 source-proof root/edge.,candidate never promoted; unsupported source edge stops immediately
V03F00469,CANDIDATE,RETURN,81:DE5C:E0M0X0:C?:DBR??:C,00DE5C,REJECTED_V03_CANDIDATE,,V03 candidate path is not an admitted V04 source-proof root/edge.,candidate never promoted; unsupported source edge stops immediately
V03F00470,CANDIDATE,RETURN,80:C7AF:E0M1X1:C?:DBR??:C,0047AF,REJECTED_V03_CANDIDATE,,V03 candidate path is not an admitted V04 source-proof root/edge.,candidate never promoted; unsupported source edge stops immediately
V03F00471,CANDIDATE,RETURN,80:FCED:E0M0X0:C?:DBR??:C,007CED,REJECTED_V03_CANDIDATE,,V03 candidate path is not an admitted V04 source-proof root/edge.,candidate never promoted; unsupported source edge stops immediately
V03F00472,CANDIDATE,RETURN,80:FCED:E0M0X1:C?:DBR??:C,007CED,REJECTED_V03_CANDIDATE,,V03 candidate path is not an admitted V04 source-proof root/edge.,candidate never promoted; unsupported source edge stops immediately
V03F00473,CANDIDATE,RETURN,80:FCED:E0M1X0:C?:DBR??:C,007CED,REJECTED_V03_CANDIDATE,,V03 candidate path is not an admitted V04 source-proof root/edge.,candidate never promoted; unsupported source edge stops immediately
V03F00474,CANDIDATE,RETURN,80:FCED:E0M1X1:C?:DBR??:C,007CED,REJECTED_V03_CANDIDATE,,V03 candidate path is not an admitted V04 source-proof root/edge.,candidate never promoted; unsupported source edge stops immediately
V03F00475,CANDIDATE,RETURN,81:9DB0:E0M1X1:C?:DBR??:C,009DB0,REJECTED_V03_CANDIDATE,,V03 candidate path is not an admitted V04 source-proof root/edge.,candidate never promoted; unsupported source edge stops immediately
V03F00476,CANDIDATE,RETURN,80:8CA5:E0M1X1:C?:DBR??:C,000CA5,REJECTED_V03_CANDIDATE,,V03 candidate path is not an admitted V04 source-proof root/edge.,candidate never promoted; unsupported source edge stops immediately
V03F00477,CANDIDATE,RETURN,80:D1D0:E0M0X0:C0:DBR??:C,0051D0,REJECTED_V03_CANDIDATE,,V03 candidate path is not an admitted V04 source-proof root/edge.,candidate never promoted; unsupported source edge stops immediately
V03F00478,CANDIDATE,RETURN,80:D1DE:E0M0X0:C1:DBR80:C,0051DE,REJECTED_V03_CANDIDATE,,V03 candidate path is not an admitted V04 source-proof root/edge.,candidate never promoted; unsupported source edge stops immediately
V03F00479,CANDIDATE,RETURN,92:FBFB:E0M1X1:C?:DBR??:C,097BFB,REJECTED_V03_CANDIDATE,,V03 candidate path is not an admitted V04 source-proof root/edge.,candidate never promoted; unsupported source edge stops immediately
V03F00480,CANDIDATE,STATUS_WIDTH,80:FC1A:E0M1X1:C?:DBR80:C,007C1A,REJECTED_V03_CANDIDATE,,V03 candidate path is not an admitted V04 source-proof root/edge.,candidate never promoted; unsupported source edge stops immediately
V03F00481,CANDIDATE,RETURN,92:F0AD:E0M0X0:C?:DBR??:C,0970AD,REJECTED_V03_CANDIDATE,,V03 candidate path is not an admitted V04 source-proof root/edge.,candidate never promoted; unsupported source edge stops immediately
V03F00482,CANDIDATE,RETURN,9F:F713:E0M0X0:C?:DBR??:C,0FF713,REJECTED_V03_CANDIDATE,,V03 candidate path is not an admitted V04 source-proof root/edge.,candidate never promoted; unsupported source edge stops immediately
V03F00483,CANDIDATE,RETURN,80:A2DA:E0M0X0:C?:DBR80:C,0022DA,REJECTED_V03_CANDIDATE,,V03 candidate path is not an admitted V04 source-proof root/edge.,candidate never promoted; unsupported source edge stops immediately
V03F00484,CANDIDATE,RETURN,92:FB59:E0M1X1:C?:DBR??:C,097B59,REJECTED_V03_CANDIDATE,,V03 candidate path is not an admitted V04 source-proof root/edge.,candidate never promoted; unsupported source edge stops immediately
V03F00485,CANDIDATE,STATUS_WIDTH,80:FCEC:E0M0X0:C?:DBR??:C,007CEC,REJECTED_V03_CANDIDATE,,V03 candidate path is not an admitted V04 source-proof root/edge.,candidate never promoted; unsupported source edge stops immediately
V03F00486,CANDIDATE,RETURN,80:FC1B:E0M0X0:C?:DBR80:C,007C1B,REJECTED_V03_CANDIDATE,,V03 candidate path is not an admitted V04 source-proof root/edge.,candidate never promoted; unsupported source edge stops immediately
V03F00487,CANDIDATE,RETURN,80:FC1B:E0M0X1:C?:DBR80:C,007C1B,REJECTED_V03_CANDIDATE,,V03 candidate path is not an admitted V04 source-proof root/edge.,candidate never promoted; unsupported source edge stops immediately
V03F00488,CANDIDATE,RETURN,80:FC1B:E0M1X0:C?:DBR80:C,007C1B,REJECTED_V03_CANDIDATE,,V03 candidate path is not an admitted V04 source-proof root/edge.,candidate never promoted; unsupported source edge stops immediately
V03F00489,CANDIDATE,RETURN,80:FC1B:E0M1X1:C?:DBR80:C,007C1B,REJECTED_V03_CANDIDATE,,V03 candidate path is not an admitted V04 source-proof root/edge.,candidate never promoted; unsupported source edge stops immediately
V03F00490,CANDIDATE,RETURN,80:A394:E0M0X0:C?:DBR80:C,002394,SUPERSEDED_BY_SOURCE_PROVED_CONTEXT,,Same PBR:PC:E:M:X is independently reached by V04 source proof; V03 speculative path itself remains rejected.,candidate never promoted; unsupported source edge stops immediately
V03F00491,CANDIDATE,RETURN,81:BB6B:E0M1X1:C?:DBR??:C,00BB6B,REJECTED_V03_CANDIDATE,,V03 candidate path is not an admitted V04 source-proof root/edge.,candidate never promoted; unsupported source edge stops immediately
V03F00492,CANDIDATE,RETURN,80:E38C:E0M0X0:C0:DBR??:C,00638C,REJECTED_V03_CANDIDATE,,V03 candidate path is not an admitted V04 source-proof root/edge.,candidate never promoted; unsupported source edge stops immediately
V03F00493,CANDIDATE,RETURN,80:B2E4:E0M1X1:C?:DBR??:C,0032E4,REJECTED_V03_CANDIDATE,,V03 candidate path is not an admitted V04 source-proof root/edge.,candidate never promoted; unsupported source edge stops immediately
V03F00494,CANDIDATE,RETURN,80:D1DE:E0M0X0:C1:DBR??:C,0051DE,REJECTED_V03_CANDIDATE,,V03 candidate path is not an admitted V04 source-proof root/edge.,candidate never promoted; unsupported source edge stops immediately
V03F00495,CANDIDATE,RETURN,81:DE30:E0M0X0:C?:DBR??:C,00DE30,REJECTED_V03_CANDIDATE,,V03 candidate path is not an admitted V04 source-proof root/edge.,candidate never promoted; unsupported source edge stops immediately
V03F00496,CANDIDATE,RETURN,9F:FC2D:E0M0X0:C?:DBR??:C,0FFC2D,REJECTED_V03_CANDIDATE,,V03 candidate path is not an admitted V04 source-proof root/edge.,candidate never promoted; unsupported source edge stops immediately
V03F00497,CANDIDATE,RETURN,92:F0BB:E0M0X0:C?:DBR??:C,0970BB,REJECTED_V03_CANDIDATE,,V03 candidate path is not an admitted V04 source-proof root/edge.,candidate never promoted; unsupported source edge stops immediately
V03F00498,CANDIDATE,RETURN,9F:F5F8:E0M0X0:C?:DBR??:C,0FF5F8,REJECTED_V03_CANDIDATE,,V03 candidate path is not an admitted V04 source-proof root/edge.,candidate never promoted; unsupported source edge stops immediately
V03F00499,CANDIDATE,RETURN,80:A337:E0M0X0:C?:DBR80:C,002337,SUPERSEDED_BY_SOURCE_PROVED_CONTEXT,,Same PBR:PC:E:M:X is independently reached by V04 source proof; V03 speculative path itself remains rejected.,candidate never promoted; unsupported source edge stops immediately
V03F00500,CANDIDATE,RETURN,80:BD12:E0M1X1:C?:DBR??:C,003D12,REJECTED_V03_CANDIDATE,,V03 candidate path is not an admitted V04 source-proof root/edge.,candidate never promoted; unsupported source edge stops immediately
V03F00501,CANDIDATE,RETURN,81:A042:E0M1X1:C?:DBR81:C,00A042,REJECTED_V03_CANDIDATE,,V03 candidate path is not an admitted V04 source-proof root/edge.,candidate never promoted; unsupported source edge stops immediately
V03F00502,CANDIDATE,RETURN,80:B569:E0M1X1:C1:DBR??:C,003569,REJECTED_V03_CANDIDATE,,V03 candidate path is not an admitted V04 source-proof root/edge.,candidate never promoted; unsupported source edge stops immediately
V03F00503,CANDIDATE,RETURN,80:B3CC:E0M1X1:C?:DBR??:C,0033CC,REJECTED_V03_CANDIDATE,,V03 candidate path is not an admitted V04 source-proof root/edge.,candidate never promoted; unsupported source edge stops immediately
V03F00504,CANDIDATE,RETURN,81:CB1A:E0M1X1:C1:DBR??:C,00CB1A,REJECTED_V03_CANDIDATE,,V03 candidate path is not an admitted V04 source-proof root/edge.,candidate never promoted; unsupported source edge stops immediately
V03F00505,CANDIDATE,RETURN,81:CB1A:E0M1X1:C0:DBR??:C,00CB1A,REJECTED_V03_CANDIDATE,,V03 candidate path is not an admitted V04 source-proof root/edge.,candidate never promoted; unsupported source edge stops immediately
V03F00506,CANDIDATE,RETURN,81:8B6E:E0M1X1:C?:DBR??:C,008B6E,REJECTED_V03_CANDIDATE,,V03 candidate path is not an admitted V04 source-proof root/edge.,candidate never promoted; unsupported source edge stops immediately
V03F00507,CANDIDATE,RETURN,81:9D71:E0M0X0:C?:DBR??:C,009D71,REJECTED_V03_CANDIDATE,,V03 candidate path is not an admitted V04 source-proof root/edge.,candidate never promoted; unsupported source edge stops immediately
V03F00508,CANDIDATE,RETURN,92:F0C9:E0M0X0:C?:DBR??:C,0970C9,REJECTED_V03_CANDIDATE,,V03 candidate path is not an admitted V04 source-proof root/edge.,candidate never promoted; unsupported source edge stops immediately
V03F00509,CANDIDATE,RETURN,80:A27D:E0M0X0:C?:DBR80:C,00227D,SUPERSEDED_BY_SOURCE_PROVED_CONTEXT,,Same PBR:PC:E:M:X is independently reached by V04 source proof; V03 speculative path itself remains rejected.,candidate never promoted; unsupported source edge stops immediately
V03F00510,CANDIDATE,RETURN,81:BD2B:E0M0X0:C?:DBR??:C,00BD2B,REJECTED_V03_CANDIDATE,,V03 candidate path is not an admitted V04 source-proof root/edge.,candidate never promoted; unsupported source edge stops immediately
V03F00511,CANDIDATE,RETURN,81:B30A:E0M1X1:C?:DBR??:C,00B30A,REJECTED_V03_CANDIDATE,,V03 candidate path is not an admitted V04 source-proof root/edge.,candidate never promoted; unsupported source edge stops immediately
V03F00512,CANDIDATE,RETURN,80:B1FB:E0M1X1:C?:DBR??:C,0031FB,REJECTED_V03_CANDIDATE,,V03 candidate path is not an admitted V04 source-proof root/edge.,candidate never promoted; unsupported source edge stops immediately
V03F00513,CANDIDATE,RETURN,92:FD45:E0M1X1:C?:DBR??:C,097D45,REJECTED_V03_CANDIDATE,,V03 candidate path is not an admitted V04 source-proof root/edge.,candidate never promoted; unsupported source edge stops immediately
V03F00514,CANDIDATE,RETURN,80:B567:E0M1X1:C0:DBR??:C,003567,REJECTED_V03_CANDIDATE,,V03 candidate path is not an admitted V04 source-proof root/edge.,candidate never promoted; unsupported source edge stops immediately
V03F00515,CANDIDATE,RETURN,81:DDC7:E0M0X0:C?:DBR??:C,00DDC7,REJECTED_V03_CANDIDATE,,V03 candidate path is not an admitted V04 source-proof root/edge.,candidate never promoted; unsupported source edge stops immediately
V03F00516,CANDIDATE,RETURN,9F:FCDF:E0M1X1:C?:DBR??:C,0FFCDF,REJECTED_V03_CANDIDATE,,V03 candidate path is not an admitted V04 source-proof root/edge.,candidate never promoted; unsupported source edge stops immediately
V03F00517,CANDIDATE,RETURN,9F:FAC2:E0M0X0:C?:DBR??:C,0FFAC2,REJECTED_V03_CANDIDATE,,V03 candidate path is not an admitted V04 source-proof root/edge.,candidate never promoted; unsupported source edge stops immediately
V03F00518,CANDIDATE,RETURN,81:BB4E:E0M1X1:C?:DBR??:C,00BB4E,REJECTED_V03_CANDIDATE,,V03 candidate path is not an admitted V04 source-proof root/edge.,candidate never promoted; unsupported source edge stops immediately
V03F00519,CANDIDATE,RETURN,80:CE0B:E0M1X1:C?:DBR80:C,004E0B,REJECTED_V03_CANDIDATE,,V03 candidate path is not an admitted V04 source-proof root/edge.,candidate never promoted; unsupported source edge stops immediately
V03F00520,CANDIDATE,RETURN,80:B2D6:E0M1X1:C?:DBR??:C,0032D6,REJECTED_V03_CANDIDATE,,V03 candidate path is not an admitted V04 source-proof root/edge.,candidate never promoted; unsupported source edge stops immediately
V03F00521,CANDIDATE,RETURN,80:B2C9:E0M1X1:C?:DBR??:C,0032C9,REJECTED_V03_CANDIDATE,,V03 candidate path is not an admitted V04 source-proof root/edge.,candidate never promoted; unsupported source edge stops immediately
V03F00522,CANDIDATE,RETURN,81:8AB7:E0M1X1:C?:DBR??:C,008AB7,REJECTED_V03_CANDIDATE,,V03 candidate path is not an admitted V04 source-proof root/edge.,candidate never promoted; unsupported source edge stops immediately
V03F00523,CANDIDATE,STATUS_WIDTH,80:FC1A:E0M0X1:C?:DBR80:C,007C1A,REJECTED_V03_CANDIDATE,,V03 candidate path is not an admitted V04 source-proof root/edge.,candidate never promoted; unsupported source edge stops immediately
V03F00524,CANDIDATE,RETURN,80:BB43:E0M1X1:C?:DBR??:C,003B43,REJECTED_V03_CANDIDATE,,V03 candidate path is not an admitted V04 source-proof root/edge.,candidate never promoted; unsupported source edge stops immediately
V03F00525,CANDIDATE,RETURN,81:9CAD:E0M1X1:C?:DBR81:C,009CAD,SUPERSEDED_BY_SOURCE_PROVED_CONTEXT,,Same PBR:PC:E:M:X is independently reached by V04 source proof; V03 speculative path itself remains rejected.,candidate never promoted; unsupported source edge stops immediately
V03F00526,CANDIDATE,RETURN,81:C058:E0M1X1:C?:DBR??:C,00C058,REJECTED_V03_CANDIDATE,,V03 candidate path is not an admitted V04 source-proof root/edge.,candidate never promoted; unsupported source edge stops immediately
V03F00527,CANDIDATE,RETURN,81:C4F5:E0M1X1:C0:DBR81:C,00C4F5,REJECTED_V03_CANDIDATE,,V03 candidate path is not an admitted V04 source-proof root/edge.,candidate never promoted; unsupported source edge stops immediately
V03F00528,CANDIDATE,DYNAMIC_TARGET,81:C3F3:E0M1X1:C?:DBR??:C,00C3F3,REJECTED_V03_CANDIDATE,,V03 candidate path is not an admitted V04 source-proof root/edge.,candidate never promoted; unsupported source edge stops immediately
V03F00529,CANDIDATE,RETURN,92:FB9E:E0M1X1:C?:DBR??:C,097B9E,REJECTED_V03_CANDIDATE,,V03 candidate path is not an admitted V04 source-proof root/edge.,candidate never promoted; unsupported source edge stops immediately
V03F00530,CANDIDATE,STATUS_WIDTH,9F:FBBB:E0M0X0:C?:DBR??:C,0FFBBB,REJECTED_V03_CANDIDATE,,V03 candidate path is not an admitted V04 source-proof root/edge.,candidate never promoted; unsupported source edge stops immediately
V03F00531,CANDIDATE,RETURN,80:8BCE:E0M1X1:C?:DBR??:C,000BCE,REJECTED_V03_CANDIDATE,,V03 candidate path is not an admitted V04 source-proof root/edge.,candidate never promoted; unsupported source edge stops immediately
V03F00532,CANDIDATE,RETURN,81:FE74:E0M1X1:C?:DBR??:C,00FE74,REJECTED_V03_CANDIDATE,,V03 candidate path is not an admitted V04 source-proof root/edge.,candidate never promoted; unsupported source edge stops immediately
V03F00533,CANDIDATE,RETURN,81:F9A3:E0M1X1:C?:DBR??:C,00F9A3,REJECTED_V03_CANDIDATE,,V03 candidate path is not an admitted V04 source-proof root/edge.,candidate never promoted; unsupported source edge stops immediately
V03F00534,CANDIDATE,STATUS_WIDTH,9F:FBFC:E0M0X0:C?:DBR??:C,0FFBFC,REJECTED_V03_CANDIDATE,,V03 candidate path is not an admitted V04 source-proof root/edge.,candidate never promoted; unsupported source edge stops immediately
V03F00535,CANDIDATE,RETURN,80:D1BE:E0M1X1:C?:DBR??:C,0051BE,REJECTED_V03_CANDIDATE,,V03 candidate path is not an admitted V04 source-proof root/edge.,candidate never promoted; unsupported source edge stops immediately
V03F00536,CANDIDATE,RETURN,80:95E4:E0M0X0:C?:DBR??:C,0015E4,REJECTED_V03_CANDIDATE,,V03 candidate path is not an admitted V04 source-proof root/edge.,candidate never promoted; unsupported source edge stops immediately
V03F00537,CANDIDATE,RETURN,80:E477:E0M1X1:C?:DBR??:C,006477,REJECTED_V03_CANDIDATE,,V03 candidate path is not an admitted V04 source-proof root/edge.,candidate never promoted; unsupported source edge stops immediately
V03F00538,CANDIDATE,RETURN,9F:FB16:E0M0X0:C?:DBR??:C,0FFB16,REJECTED_V03_CANDIDATE,,V03 candidate path is not an admitted V04 source-proof root/edge.,candidate never promoted; unsupported source edge stops immediately
V03F00539,CANDIDATE,RETURN,80:8137:E0M1X1:C?:DBR??:C,000137,REJECTED_V03_CANDIDATE,,V03 candidate path is not an admitted V04 source-proof root/edge.,candidate never promoted; unsupported source edge stops immediately
V03F00540,CANDIDATE,RETURN,80:F848:E0M0X0:C1:DBR??:C,007848,REJECTED_V03_CANDIDATE,,V03 candidate path is not an admitted V04 source-proof root/edge.,candidate never promoted; unsupported source edge stops immediately
V03F00541,CANDIDATE,RETURN,80:912B:E0M1X1:C?:DBR??:C,00112B,REJECTED_V03_CANDIDATE,,V03 candidate path is not an admitted V04 source-proof root/edge.,candidate never promoted; unsupported source edge stops immediately
V03F00542,CANDIDATE,RETURN,80:DDF1:E0M0X0:C?:DBR??:C,005DF1,REJECTED_V03_CANDIDATE,,V03 candidate path is not an admitted V04 source-proof root/edge.,candidate never promoted; unsupported source edge stops immediately
V03F00543,CANDIDATE,RETURN,9F:F6E4:E0M0X0:C?:DBR??:C,0FF6E4,REJECTED_V03_CANDIDATE,,V03 candidate path is not an admitted V04 source-proof root/edge.,candidate never promoted; unsupported source edge stops immediately
V03F00544,CANDIDATE,RETURN,80:F853:E0M0X0:C0:DBR??:C,007853,REJECTED_V03_CANDIDATE,,V03 candidate path is not an admitted V04 source-proof root/edge.,candidate never promoted; unsupported source edge stops immediately
V03F00545,CANDIDATE,RETURN,80:994E:E0M1X1:C?:DBR??:C,00194E,REJECTED_V03_CANDIDATE,,V03 candidate path is not an admitted V04 source-proof root/edge.,candidate never promoted; unsupported source edge stops immediately
V03F00546,CANDIDATE,RETURN,92:F0D7:E0M0X0:C?:DBR??:C,0970D7,REJECTED_V03_CANDIDATE,,V03 candidate path is not an admitted V04 source-proof root/edge.,candidate never promoted; unsupported source edge stops immediately
V03F00547,CANDIDATE,RETURN,81:DD29:E0M0X0:C?:DBR??:C,00DD29,REJECTED_V03_CANDIDATE,,V03 candidate path is not an admitted V04 source-proof root/edge.,candidate never promoted; unsupported source edge stops immediately
V03F00548,CANDIDATE,RETURN,92:F217:E0M1X1:C?:DBR??:C,097217,REJECTED_V03_CANDIDATE,,V03 candidate path is not an admitted V04 source-proof root/edge.,candidate never promoted; unsupported source edge stops immediately
V03F00549,CANDIDATE,RETURN,80:9A6C:E0M1X1:C?:DBR??:C,001A6C,REJECTED_V03_CANDIDATE,,V03 candidate path is not an admitted V04 source-proof root/edge.,candidate never promoted; unsupported source edge stops immediately
V03F00550,CANDIDATE,RETURN,81:F9F8:E0M1X1:C?:DBR??:C,00F9F8,REJECTED_V03_CANDIDATE,,V03 candidate path is not an admitted V04 source-proof root/edge.,candidate never promoted; unsupported source edge stops immediately
V03F00551,CANDIDATE,RETURN,80:D6C6:E0M1X1:C?:DBR??:C,0056C6,REJECTED_V03_CANDIDATE,,V03 candidate path is not an admitted V04 source-proof root/edge.,candidate never promoted; unsupported source edge stops immediately
V03F00552,CANDIDATE,RETURN,80:9654:E0M0X0:C?:DBR??:C,001654,REJECTED_V03_CANDIDATE,,V03 candidate path is not an admitted V04 source-proof root/edge.,candidate never promoted; unsupported source edge stops immediately
V03F00553,CANDIDATE,RETURN,92:FBF5:E0M1X1:C?:DBR??:C,097BF5,REJECTED_V03_CANDIDATE,,V03 candidate path is not an admitted V04 source-proof root/edge.,candidate never promoted; unsupported source edge stops immediately
V03F00554,CANDIDATE,RETURN,92:F117:E0M0X0:C?:DBR??:C,097117,REJECTED_V03_CANDIDATE,,V03 candidate path is not an admitted V04 source-proof root/edge.,candidate never promoted; unsupported source edge stops immediately
V03F00555,CANDIDATE,RETURN,80:F86C:E0M0X0:C0:DBR??:C,00786C,REJECTED_V03_CANDIDATE,,V03 candidate path is not an admitted V04 source-proof root/edge.,candidate never promoted; unsupported source edge stops immediately
V03F00556,CANDIDATE,RETURN,80:D6BB:E0M1X1:C?:DBR??:C,0056BB,REJECTED_V03_CANDIDATE,,V03 candidate path is not an admitted V04 source-proof root/edge.,candidate never promoted; unsupported source edge stops immediately
V03F00557,CANDIDATE,RETURN,80:D6B2:E0M1X1:C?:DBR??:C,0056B2,REJECTED_V03_CANDIDATE,,V03 candidate path is not an admitted V04 source-proof root/edge.,candidate never promoted; unsupported source edge stops immediately
V03F00558,CANDIDATE,RETURN,81:C4F3:E0M1X1:C1:DBR81:C,00C4F3,REJECTED_V03_CANDIDATE,,V03 candidate path is not an admitted V04 source-proof root/edge.,candidate never promoted; unsupported source edge stops immediately
V03F00559,CANDIDATE,RETURN,80:B968:E0M1X1:C?:DBR??:C,003968,REJECTED_V03_CANDIDATE,,V03 candidate path is not an admitted V04 source-proof root/edge.,candidate never promoted; unsupported source edge stops immediately
V03F00560,CANDIDATE,RETURN,80:D5A1:E0M0X0:C?:DBR80:C,0055A1,REJECTED_V03_CANDIDATE,,V03 candidate path is not an admitted V04 source-proof root/edge.,candidate never promoted; unsupported source edge stops immediately
V03F00561,CANDIDATE,STATUS_WIDTH,80:FC1A:E0M1X0:C?:DBR??:C,007C1A,REJECTED_V03_CANDIDATE,,V03 candidate path is not an admitted V04 source-proof root/edge.,candidate never promoted; unsupported source edge stops immediately
V03F00562,CANDIDATE,RETURN,80:9B06:E0M1X1:C?:DBR??:C,001B06,REJECTED_V03_CANDIDATE,,V03 candidate path is not an admitted V04 source-proof root/edge.,candidate never promoted; unsupported source edge stops immediately
V03F00563,CANDIDATE,RETURN,81:BCAD:E0M1X1:C?:DBR??:C,00BCAD,REJECTED_V03_CANDIDATE,,V03 candidate path is not an admitted V04 source-proof root/edge.,candidate never promoted; unsupported source edge stops immediately
V03F00564,CANDIDATE,RETURN,80:FB4B:E0M1X1:C?:DBR??:C,007B4B,REJECTED_V03_CANDIDATE,,V03 candidate path is not an admitted V04 source-proof root/edge.,candidate never promoted; unsupported source edge stops immediately
V03F00565,CANDIDATE,RETURN,81:DD95:E0M0X0:C?:DBR??:C,00DD95,REJECTED_V03_CANDIDATE,,V03 candidate path is not an admitted V04 source-proof root/edge.,candidate never promoted; unsupported source edge stops immediately
V03F00566,CANDIDATE,RETURN,80:CE0B:E0M1X1:C?:DBR??:C,004E0B,REJECTED_V03_CANDIDATE,,V03 candidate path is not an admitted V04 source-proof root/edge.,candidate never promoted; unsupported source edge stops immediately
V03F00567,CANDIDATE,RETURN,80:966A:E0M0X0:C?:DBR??:C,00166A,REJECTED_V03_CANDIDATE,,V03 candidate path is not an admitted V04 source-proof root/edge.,candidate never promoted; unsupported source edge stops immediately
V03F00568,CANDIDATE,RETURN,80:DDED:E0M0X0:C0:DBR??:C,005DED,REJECTED_V03_CANDIDATE,,V03 candidate path is not an admitted V04 source-proof root/edge.,candidate never promoted; unsupported source edge stops immediately
V03F00569,CANDIDATE,RETURN,80:CF14:E0M1X1:C?:DBR??:C,004F14,REJECTED_V03_CANDIDATE,,V03 candidate path is not an admitted V04 source-proof root/edge.,candidate never promoted; unsupported source edge stops immediately
V03F00570,CANDIDATE,RETURN,80:C942:E0M1X1:C?:DBR??:C,004942,REJECTED_V03_CANDIDATE,,V03 candidate path is not an admitted V04 source-proof root/edge.,candidate never promoted; unsupported source edge stops immediately
V03F00571,CANDIDATE,RETURN,80:9ADC:E0M1X1:C?:DBR??:C,001ADC,REJECTED_V03_CANDIDATE,,V03 candidate path is not an admitted V04 source-proof root/edge.,candidate never promoted; unsupported source edge stops immediately
V03F00572,CANDIDATE,RETURN,81:BCEA:E0M1X1:C?:DBR??:C,00BCEA,REJECTED_V03_CANDIDATE,,V03 candidate path is not an admitted V04 source-proof root/edge.,candidate never promoted; unsupported source edge stops immediately
V03F00573,CANDIDATE,RETURN,81:BCF0:E0M1X1:C?:DBR??:C,00BCF0,REJECTED_V03_CANDIDATE,,V03 candidate path is not an admitted V04 source-proof root/edge.,candidate never promoted; unsupported source edge stops immediately
V03F00574,CANDIDATE,RETURN,92:FD3F:E0M1X1:C?:DBR??:C,097D3F,REJECTED_V03_CANDIDATE,,V03 candidate path is not an admitted V04 source-proof root/edge.,candidate never promoted; unsupported source edge stops immediately
V03F00575,CANDIDATE,RETURN,80:FB51:E0M1X1:C?:DBR??:C,007B51,REJECTED_V03_CANDIDATE,,V03 candidate path is not an admitted V04 source-proof root/edge.,candidate never promoted; unsupported source edge stops immediately
V03F00576,CANDIDATE,RETURN,80:E305:E0M0X0:C?:DBR??:C,006305,REJECTED_V03_CANDIDATE,,V03 candidate path is not an admitted V04 source-proof root/edge.,candidate never promoted; unsupported source edge stops immediately
V03F00577,CANDIDATE,RETURN,80:DED7:E0M1X1:C?:DBR??:C,005ED7,REJECTED_V03_CANDIDATE,,V03 candidate path is not an admitted V04 source-proof root/edge.,candidate never promoted; unsupported source edge stops immediately
V03F00578,CANDIDATE,RETURN,81:8C5A:E0M0X0:C?:DBR??:C,008C5A,REJECTED_V03_CANDIDATE,,V03 candidate path is not an admitted V04 source-proof root/edge.,candidate never promoted; unsupported source edge stops immediately
V03F00579,CANDIDATE,RETURN,81:8BA9:E0M1X1:C?:DBR??:C,008BA9,REJECTED_V03_CANDIDATE,,V03 candidate path is not an admitted V04 source-proof root/edge.,candidate never promoted; unsupported source edge stops immediately
V03F00580,CANDIDATE,RETURN,81:8B8E:E0M1X1:C?:DBR??:C,008B8E,REJECTED_V03_CANDIDATE,,V03 candidate path is not an admitted V04 source-proof root/edge.,candidate never promoted; unsupported source edge stops immediately
V03F00581,CANDIDATE,STATUS_WIDTH,80:FB1B:E0M0X0:C?:DBR80:C,007B1B,SUPERSEDED_BY_SOURCE_PROVED_CONTEXT,,Same PBR:PC:E:M:X is independently reached by V04 source proof; V03 speculative path itself remains rejected.,candidate never promoted; unsupported source edge stops immediately
V03F00582,CANDIDATE,RETURN,80:F94B:E0M1X1:C?:DBR??:C,00794B,REJECTED_V03_CANDIDATE,,V03 candidate path is not an admitted V04 source-proof root/edge.,candidate never promoted; unsupported source edge stops immediately
V03F00583,CANDIDATE,RETURN,92:F150:E0M1X1:C?:DBR??:C,097150,REJECTED_V03_CANDIDATE,,V03 candidate path is not an admitted V04 source-proof root/edge.,candidate never promoted; unsupported source edge stops immediately
V03F00584,CANDIDATE,RETURN,80:DDF1:E0M0X0:C1:DBR??:C,005DF1,REJECTED_V03_CANDIDATE,,V03 candidate path is not an admitted V04 source-proof root/edge.,candidate never promoted; unsupported source edge stops immediately
V03F00585,CANDIDATE,RETURN,80:FB1C:E0M0X0:C?:DBR80:C,007B1C,REJECTED_V03_CANDIDATE,,V03 candidate path is not an admitted V04 source-proof root/edge.,candidate never promoted; unsupported source edge stops immediately
V03F00586,CANDIDATE,RETURN,80:FB1C:E0M0X1:C?:DBR80:C,007B1C,REJECTED_V03_CANDIDATE,,V03 candidate path is not an admitted V04 source-proof root/edge.,candidate never promoted; unsupported source edge stops immediately
V03F00587,CANDIDATE,RETURN,80:FB1C:E0M1X0:C?:DBR80:C,007B1C,SUPERSEDED_BY_SOURCE_PROVED_CONTEXT,,Same PBR:PC:E:M:X is independently reached by V04 source proof; V03 speculative path itself remains rejected.,candidate never promoted; unsupported source edge stops immediately
V03F00588,CANDIDATE,RETURN,80:FB1C:E0M1X1:C?:DBR80:C,007B1C,REJECTED_V03_CANDIDATE,,V03 candidate path is not an admitted V04 source-proof root/edge.,candidate never promoted; unsupported source edge stops immediately
V03F00589,CANDIDATE,RETURN,81:8A79:E0M0X0:C?:DBR??:C,008A79,REJECTED_V03_CANDIDATE,,V03 candidate path is not an admitted V04 source-proof root/edge.,candidate never promoted; unsupported source edge stops immediately
V03F00590,CANDIDATE,RETURN,92:FC50:E0M1X1:C?:DBR??:C,097C50,REJECTED_V03_CANDIDATE,,V03 candidate path is not an admitted V04 source-proof root/edge.,candidate never promoted; unsupported source edge stops immediately
V03F00591,CANDIDATE,RETURN,80:8AD4:E0M1X1:C?:DBR??:C,000AD4,REJECTED_V03_CANDIDATE,,V03 candidate path is not an admitted V04 source-proof root/edge.,candidate never promoted; unsupported source edge stops immediately
V03F00592,CANDIDATE,RETURN,80:F95A:E0M1X1:C?:DBR??:C,00795A,REJECTED_V03_CANDIDATE,,V03 candidate path is not an admitted V04 source-proof root/edge.,candidate never promoted; unsupported source edge stops immediately
V03F00593,CANDIDATE,RETURN,80:9F4A:E0M1X1:C?:DBR??:C,001F4A,REJECTED_V03_CANDIDATE,,V03 candidate path is not an admitted V04 source-proof root/edge.,candidate never promoted; unsupported source edge stops immediately
V03F00594,CANDIDATE,RETURN,80:9954:E0M1X1:C?:DBR??:C,001954,REJECTED_V03_CANDIDATE,,V03 candidate path is not an admitted V04 source-proof root/edge.,candidate never promoted; unsupported source edge stops immediately
V03F00595,CANDIDATE,STATUS_WIDTH,9F:FBD8:E0M0X0:C?:DBR??:C,0FFBD8,REJECTED_V03_CANDIDATE,,V03 candidate path is not an admitted V04 source-proof root/edge.,candidate never promoted; unsupported source edge stops immediately
V03F00596,CANDIDATE,STATUS_WIDTH,9F:FBD8:E0M0X1:C?:DBR??:C,0FFBD8,REJECTED_V03_CANDIDATE,,V03 candidate path is not an admitted V04 source-proof root/edge.,candidate never promoted; unsupported source edge stops immediately
V03F00597,CANDIDATE,RETURN,80:8966:E0M1X1:C?:DBR??:C,000966,REJECTED_V03_CANDIDATE,,V03 candidate path is not an admitted V04 source-proof root/edge.,candidate never promoted; unsupported source edge stops immediately
V03F00598,CANDIDATE,RETURN,92:FCCF:E0M1X1:C0:DBR??:C,097CCF,REJECTED_V03_CANDIDATE,,V03 candidate path is not an admitted V04 source-proof root/edge.,candidate never promoted; unsupported source edge stops immediately
V03F00599,CANDIDATE,RETURN,92:FAF9:E0M1X1:C?:DBR??:C,097AF9,REJECTED_V03_CANDIDATE,,V03 candidate path is not an admitted V04 source-proof root/edge.,candidate never promoted; unsupported source edge stops immediately
V03F00600,CANDIDATE,STATUS_WIDTH,9F:FC19:E0M0X0:C?:DBR??:C,0FFC19,REJECTED_V03_CANDIDATE,,V03 candidate path is not an admitted V04 source-proof root/edge.,candidate never promoted; unsupported source edge stops immediately
V03F00601,CANDIDATE,STATUS_WIDTH,9F:FC19:E0M0X1:C?:DBR??:C,0FFC19,REJECTED_V03_CANDIDATE,,V03 candidate path is not an admitted V04 source-proof root/edge.,candidate never promoted; unsupported source edge stops immediately
V03F00602,CANDIDATE,RETURN,80:BC22:E0M1X1:C?:DBR??:C,003C22,REJECTED_V03_CANDIDATE,,V03 candidate path is not an admitted V04 source-proof root/edge.,candidate never promoted; unsupported source edge stops immediately
V03F00603,CANDIDATE,RETURN,81:FA12:E0M1X1:C?:DBR??:C,00FA12,REJECTED_V03_CANDIDATE,,V03 candidate path is not an admitted V04 source-proof root/edge.,candidate never promoted; unsupported source edge stops immediately
V03F00604,CANDIDATE,STATUS_WIDTH,80:F955:E0M1X1:C?:DBR??:C,007955,REJECTED_V03_CANDIDATE,,V03 candidate path is not an admitted V04 source-proof root/edge.,candidate never promoted; unsupported source edge stops immediately
V03F00605,CANDIDATE,RETURN,81:BCE4:E0M1X1:C?:DBR??:C,00BCE4,REJECTED_V03_CANDIDATE,,V03 candidate path is not an admitted V04 source-proof root/edge.,candidate never promoted; unsupported source edge stops immediately
V03F00606,CANDIDATE,RETURN,81:BCD9:E0M1X1:C?:DBR??:C,00BCD9,REJECTED_V03_CANDIDATE,,V03 candidate path is not an admitted V04 source-proof root/edge.,candidate never promoted; unsupported source edge stops immediately
V03F00607,CANDIDATE,RETURN,81:CA56:E0M1X1:C?:DBR??:C,00CA56,REJECTED_V03_CANDIDATE,,V03 candidate path is not an admitted V04 source-proof root/edge.,candidate never promoted; unsupported source edge stops immediately
V03F00608,CANDIDATE,RETURN,80:F956:E0M0X0:C?:DBR??:C,007956,REJECTED_V03_CANDIDATE,,V03 candidate path is not an admitted V04 source-proof root/edge.,candidate never promoted; unsupported source edge stops immediately
V03F00609,CANDIDATE,RETURN,80:F956:E0M0X1:C?:DBR??:C,007956,REJECTED_V03_CANDIDATE,,V03 candidate path is not an admitted V04 source-proof root/edge.,candidate never promoted; unsupported source edge stops immediately
V03F00610,CANDIDATE,RETURN,80:F956:E0M1X0:C?:DBR??:C,007956,REJECTED_V03_CANDIDATE,,V03 candidate path is not an admitted V04 source-proof root/edge.,candidate never promoted; unsupported source edge stops immediately
V03F00611,CANDIDATE,RETURN,80:F956:E0M1X1:C?:DBR??:C,007956,REJECTED_V03_CANDIDATE,,V03 candidate path is not an admitted V04 source-proof root/edge.,candidate never promoted; unsupported source edge stops immediately
V03F00612,CANDIDATE,RETURN,81:BDE8:E0M1X1:C?:DBR??:C,00BDE8,REJECTED_V03_CANDIDATE,,V03 candidate path is not an admitted V04 source-proof root/edge.,candidate never promoted; unsupported source edge stops immediately
V03F00613,CANDIDATE,RETURN,81:BDDD:E0M1X1:C?:DBR??:C,00BDDD,REJECTED_V03_CANDIDATE,,V03 candidate path is not an admitted V04 source-proof root/edge.,candidate never promoted; unsupported source edge stops immediately
V03F00614,CANDIDATE,STATUS_WIDTH,80:F964:E0M1X1:C?:DBR??:C,007964,REJECTED_V03_CANDIDATE,,V03 candidate path is not an admitted V04 source-proof root/edge.,candidate never promoted; unsupported source edge stops immediately
V03F00615,CANDIDATE,RETURN,80:D5A1:E0M0X0:C?:DBR??:C,0055A1,REJECTED_V03_CANDIDATE,,V03 candidate path is not an admitted V04 source-proof root/edge.,candidate never promoted; unsupported source edge stops immediately
V03F00616,CANDIDATE,RETURN,80:9D7F:E0M1X1:C?:DBR??:C,001D7F,REJECTED_V03_CANDIDATE,,V03 candidate path is not an admitted V04 source-proof root/edge.,candidate never promoted; unsupported source edge stops immediately
V03F00617,CANDIDATE,RETURN,80:E5F0:E0M0X0:C?:DBR??:C,0065F0,REJECTED_V03_CANDIDATE,,V03 candidate path is not an admitted V04 source-proof root/edge.,candidate never promoted; unsupported source edge stops immediately
V03F00618,CANDIDATE,RETURN,80:F965:E0M0X0:C?:DBR??:C,007965,REJECTED_V03_CANDIDATE,,V03 candidate path is not an admitted V04 source-proof root/edge.,candidate never promoted; unsupported source edge stops immediately
V03F00619,CANDIDATE,RETURN,80:F965:E0M0X1:C?:DBR??:C,007965,REJECTED_V03_CANDIDATE,,V03 candidate path is not an admitted V04 source-proof root/edge.,candidate never promoted; unsupported source edge stops immediately
V03F00620,CANDIDATE,RETURN,80:F965:E0M1X0:C?:DBR??:C,007965,REJECTED_V03_CANDIDATE,,V03 candidate path is not an admitted V04 source-proof root/edge.,candidate never promoted; unsupported source edge stops immediately
V03F00621,CANDIDATE,RETURN,80:F965:E0M1X1:C?:DBR??:C,007965,REJECTED_V03_CANDIDATE,,V03 candidate path is not an admitted V04 source-proof root/edge.,candidate never promoted; unsupported source edge stops immediately
V03F00622,CANDIDATE,RETURN,80:8165:E0M1X1:C?:DBR80:C,000165,SUPERSEDED_BY_SOURCE_PROVED_CONTEXT,,Same PBR:PC:E:M:X is independently reached by V04 source proof; V03 speculative path itself remains rejected.,candidate never promoted; unsupported source edge stops immediately
V03F00623,CANDIDATE,RETURN,81:DEF8:E0M0X0:C?:DBR81:C,00DEF8,REJECTED_V03_CANDIDATE,,V03 candidate path is not an admitted V04 source-proof root/edge.,candidate never promoted; unsupported source edge stops immediately
V03F00624,CANDIDATE,RETURN,81:BCC9:E0M1X1:C?:DBR??:C,00BCC9,REJECTED_V03_CANDIDATE,,V03 candidate path is not an admitted V04 source-proof root/edge.,candidate never promoted; unsupported source edge stops immediately
V03F00625,CANDIDATE,RETURN,81:BCC2:E0M1X1:C?:DBR??:C,00BCC2,REJECTED_V03_CANDIDATE,,V03 candidate path is not an admitted V04 source-proof root/edge.,candidate never promoted; unsupported source edge stops immediately
V03F00626,CANDIDATE,RETURN,80:E263:E0M0X0:C?:DBR??:C,006263,REJECTED_V03_CANDIDATE,,V03 candidate path is not an admitted V04 source-proof root/edge.,candidate never promoted; unsupported source edge stops immediately
V03F00627,CANDIDATE,RETURN,80:969C:E0M1X1:C?:DBR??:C,00169C,REJECTED_V03_CANDIDATE,,V03 candidate path is not an admitted V04 source-proof root/edge.,candidate never promoted; unsupported source edge stops immediately
V03F00628,CANDIDATE,RETURN,92:FB39:E0M1X1:C?:DBR??:C,097B39,REJECTED_V03_CANDIDATE,,V03 candidate path is not an admitted V04 source-proof root/edge.,candidate never promoted; unsupported source edge stops immediately
V03F00629,CANDIDATE,RETURN,80:C6EB:E0M1X1:C?:DBR??:C,0046EB,REJECTED_V03_CANDIDATE,,V03 candidate path is not an admitted V04 source-proof root/edge.,candidate never promoted; unsupported source edge stops immediately
V03F00630,CANDIDATE,STATUS_WIDTH,80:DC31:E0M0X1:C?:DBR??:C,005C31,REJECTED_V03_CANDIDATE,,V03 candidate path is not an admitted V04 source-proof root/edge.,candidate never promoted; unsupported source edge stops immediately
V03F00631,CANDIDATE,RETURN,80:F04A:E0M0X0:C?:DBR??:C,00704A,REJECTED_V03_CANDIDATE,,V03 candidate path is not an admitted V04 source-proof root/edge.,candidate never promoted; unsupported source edge stops immediately
V03F00632,CANDIDATE,RETURN,9F:FBE3:E0M0X0:C?:DBR??:C,0FFBE3,REJECTED_V03_CANDIDATE,,V03 candidate path is not an admitted V04 source-proof root/edge.,candidate never promoted; unsupported source edge stops immediately
V03F00633,CANDIDATE,RETURN,9F:FBE3:E0M0X1:C?:DBR??:C,0FFBE3,REJECTED_V03_CANDIDATE,,V03 candidate path is not an admitted V04 source-proof root/edge.,candidate never promoted; unsupported source edge stops immediately
V03F00634,CANDIDATE,RETURN,9F:FBE3:E0M1X0:C?:DBR??:C,0FFBE3,REJECTED_V03_CANDIDATE,,V03 candidate path is not an admitted V04 source-proof root/edge.,candidate never promoted; unsupported source edge stops immediately
V03F00635,CANDIDATE,RETURN,9F:FBE3:E0M1X1:C?:DBR??:C,0FFBE3,REJECTED_V03_CANDIDATE,,V03 candidate path is not an admitted V04 source-proof root/edge.,candidate never promoted; unsupported source edge stops immediately
V03F00636,CANDIDATE,RETURN,9F:F78F:E0M1X1:C?:DBR??:C,0FF78F,REJECTED_V03_CANDIDATE,,V03 candidate path is not an admitted V04 source-proof root/edge.,candidate never promoted; unsupported source edge stops immediately
V03F00637,CANDIDATE,RETURN,80:95CB:E0M1X1:C?:DBR??:C,0015CB,REJECTED_V03_CANDIDATE,,V03 candidate path is not an admitted V04 source-proof root/edge.,candidate never promoted; unsupported source edge stops immediately
V03F00638,CANDIDATE,RETURN,80:EC4A:E0M0X0:C?:DBR??:C,006C4A,REJECTED_V03_CANDIDATE,,V03 candidate path is not an admitted V04 source-proof root/edge.,candidate never promoted; unsupported source edge stops immediately
V03F00639,CANDIDATE,RETURN,9F:FC24:E0M0X0:C?:DBR??:C,0FFC24,REJECTED_V03_CANDIDATE,,V03 candidate path is not an admitted V04 source-proof root/edge.,candidate never promoted; unsupported source edge stops immediately
V03F00640,CANDIDATE,RETURN,9F:FC24:E0M0X1:C?:DBR??:C,0FFC24,REJECTED_V03_CANDIDATE,,V03 candidate path is not an admitted V04 source-proof root/edge.,candidate never promoted; unsupported source edge stops immediately
V03F00641,CANDIDATE,RETURN,9F:FC24:E0M1X0:C?:DBR??:C,0FFC24,REJECTED_V03_CANDIDATE,,V03 candidate path is not an admitted V04 source-proof root/edge.,candidate never promoted; unsupported source edge stops immediately
V03F00642,CANDIDATE,RETURN,9F:FC24:E0M1X1:C?:DBR??:C,0FFC24,REJECTED_V03_CANDIDATE,,V03 candidate path is not an admitted V04 source-proof root/edge.,candidate never promoted; unsupported source edge stops immediately
V03F00643,CANDIDATE,RETURN,92:EEED:E0M0X0:C?:DBR??:C,096EED,REJECTED_V03_CANDIDATE,,V03 candidate path is not an admitted V04 source-proof root/edge.,candidate never promoted; unsupported source edge stops immediately
V03F00644,CANDIDATE,RETURN,80:8A67:E0M1X1:C?:DBR??:C,000A67,REJECTED_V03_CANDIDATE,,V03 candidate path is not an admitted V04 source-proof root/edge.,candidate never promoted; unsupported source edge stops immediately
V03F00645,CANDIDATE,RETURN,80:FD9C:E0M1X1:C?:DBR??:C,007D9C,REJECTED_V03_CANDIDATE,,V03 candidate path is not an admitted V04 source-proof root/edge.,candidate never promoted; unsupported source edge stops immediately
V03F00646,CANDIDATE,RETURN,80:F473:E0M0X0:C?:DBR??:C,007473,REJECTED_V03_CANDIDATE,,V03 candidate path is not an admitted V04 source-proof root/edge.,candidate never promoted; unsupported source edge stops immediately
V03F00647,CANDIDATE,RETURN,92:907D:E0M0X0:C?:DBR92:C,09107D,REJECTED_V03_CANDIDATE,,V03 candidate path is not an admitted V04 source-proof root/edge.,candidate never promoted; unsupported source edge stops immediately
V03F00648,CANDIDATE,RETURN,80:C7E6:E0M1X1:C?:DBR??:C,0047E6,REJECTED_V03_CANDIDATE,,V03 candidate path is not an admitted V04 source-proof root/edge.,candidate never promoted; unsupported source edge stops immediately
V03F00649,CANDIDATE,RETURN,81:A061:E0M1X1:C?:DBR81:C,00A061,SUPERSEDED_BY_SOURCE_PROVED_CONTEXT,,Same PBR:PC:E:M:X is independently reached by V04 source proof; V03 speculative path itself remains rejected.,candidate never promoted; unsupported source edge stops immediately
V03F00650,CANDIDATE,STATUS_WIDTH,80:C70A:E0M1X1:C?:DBR80:C,00470A,REJECTED_V03_CANDIDATE,,V03 candidate path is not an admitted V04 source-proof root/edge.,candidate never promoted; unsupported source edge stops immediately
V03F00651,CANDIDATE,RETURN,80:DF3F:E0M1X1:C?:DBR??:C,005F3F,REJECTED_V03_CANDIDATE,,V03 candidate path is not an admitted V04 source-proof root/edge.,candidate never promoted; unsupported source edge stops immediately
V03F00652,CANDIDATE,RETURN,80:C70B:E0M0X0:C?:DBR80:C,00470B,REJECTED_V03_CANDIDATE,,V03 candidate path is not an admitted V04 source-proof root/edge.,candidate never promoted; unsupported source edge stops immediately
V03F00653,CANDIDATE,RETURN,80:C70B:E0M0X1:C?:DBR80:C,00470B,REJECTED_V03_CANDIDATE,,V03 candidate path is not an admitted V04 source-proof root/edge.,candidate never promoted; unsupported source edge stops immediately
V03F00654,CANDIDATE,RETURN,80:C70B:E0M1X0:C?:DBR80:C,00470B,REJECTED_V03_CANDIDATE,,V03 candidate path is not an admitted V04 source-proof root/edge.,candidate never promoted; unsupported source edge stops immediately
V03F00655,CANDIDATE,RETURN,80:C70B:E0M1X1:C?:DBR80:C,00470B,REJECTED_V03_CANDIDATE,,V03 candidate path is not an admitted V04 source-proof root/edge.,candidate never promoted; unsupported source edge stops immediately
V03F00656,CANDIDATE,RETURN,80:9F35:E0M1X1:C?:DBR??:C,001F35,REJECTED_V03_CANDIDATE,,V03 candidate path is not an admitted V04 source-proof root/edge.,candidate never promoted; unsupported source edge stops immediately
V03F00657,CANDIDATE,RETURN,80:BD35:E0M1X1:C?:DBR??:C,003D35,REJECTED_V03_CANDIDATE,,V03 candidate path is not an admitted V04 source-proof root/edge.,candidate never promoted; unsupported source edge stops immediately
V03F00658,CANDIDATE,DYNAMIC_TARGET,92:8B89:E0M0X0:C?:DBR??:C,090B89,REJECTED_V03_CANDIDATE,,V03 candidate path is not an admitted V04 source-proof root/edge.,candidate never promoted; unsupported source edge stops immediately
V03F00659,CANDIDATE,RETURN,80:F8B6:E0M1X1:C?:DBR??:C,0078B6,REJECTED_V03_CANDIDATE,,V03 candidate path is not an admitted V04 source-proof root/edge.,candidate never promoted; unsupported source edge stops immediately
V03F00660,CANDIDATE,STATUS_WIDTH,80:FB66:E0M1X0:C?:DBR??:C,007B66,REJECTED_V03_CANDIDATE,,V03 candidate path is not an admitted V04 source-proof root/edge.,candidate never promoted; unsupported source edge stops immediately
V03F00661,CANDIDATE,RETURN,81:C5B7:E0M1X1:C?:DBR??:C,00C5B7,REJECTED_V03_CANDIDATE,,V03 candidate path is not an admitted V04 source-proof root/edge.,candidate never promoted; unsupported source edge stops immediately
V03F00662,CANDIDATE,RETURN,81:BE75:E0M0X0:C0:DBR??:C,00BE75,REJECTED_V03_CANDIDATE,,V03 candidate path is not an admitted V04 source-proof root/edge.,candidate never promoted; unsupported source edge stops immediately
V03F00663,CANDIDATE,RETURN,81:BE73:E0M0X0:C1:DBR??:C,00BE73,REJECTED_V03_CANDIDATE,,V03 candidate path is not an admitted V04 source-proof root/edge.,candidate never promoted; unsupported source edge stops immediately
V03F00664,CANDIDATE,RETURN,80:F8D1:E0M1X1:C?:DBR??:C,0078D1,REJECTED_V03_CANDIDATE,,V03 candidate path is not an admitted V04 source-proof root/edge.,candidate never promoted; unsupported source edge stops immediately
V03F00665,CANDIDATE,STATUS_WIDTH,80:F978:E0M1X1:C?:DBR??:C,007978,REJECTED_V03_CANDIDATE,,V03 candidate path is not an admitted V04 source-proof root/edge.,candidate never promoted; unsupported source edge stops immediately
V03F00666,CANDIDATE,RETURN,80:D040:E0M1X1:C?:DBR??:C,005040,REJECTED_V03_CANDIDATE,,V03 candidate path is not an admitted V04 source-proof root/edge.,candidate never promoted; unsupported source edge stops immediately
V03F00667,CANDIDATE,RETURN,80:FB67:E0M0X0:C?:DBR??:C,007B67,REJECTED_V03_CANDIDATE,,V03 candidate path is not an admitted V04 source-proof root/edge.,candidate never promoted; unsupported source edge stops immediately
V03F00668,CANDIDATE,RETURN,80:FB67:E0M0X1:C?:DBR??:C,007B67,REJECTED_V03_CANDIDATE,,V03 candidate path is not an admitted V04 source-proof root/edge.,candidate never promoted; unsupported source edge stops immediately
V03F00669,CANDIDATE,RETURN,80:FB67:E0M1X0:C?:DBR??:C,007B67,REJECTED_V03_CANDIDATE,,V03 candidate path is not an admitted V04 source-proof root/edge.,candidate never promoted; unsupported source edge stops immediately
V03F00670,CANDIDATE,RETURN,80:FB67:E0M1X1:C?:DBR??:C,007B67,REJECTED_V03_CANDIDATE,,V03 candidate path is not an admitted V04 source-proof root/edge.,candidate never promoted; unsupported source edge stops immediately
V03F00671,CANDIDATE,RETURN,80:E68C:E0M0X0:C?:DBR??:C,00668C,REJECTED_V03_CANDIDATE,,V03 candidate path is not an admitted V04 source-proof root/edge.,candidate never promoted; unsupported source edge stops immediately
V03F00672,CANDIDATE,RETURN,80:E6D6:E0M0X0:C?:DBR??:C,0066D6,REJECTED_V03_CANDIDATE,,V03 candidate path is not an admitted V04 source-proof root/edge.,candidate never promoted; unsupported source edge stops immediately
V03F00673,CANDIDATE,RETURN,80:E185:E0M1X1:C?:DBR??:C,006185,REJECTED_V03_CANDIDATE,,V03 candidate path is not an admitted V04 source-proof root/edge.,candidate never promoted; unsupported source edge stops immediately
V03F00674,CANDIDATE,RETURN,80:E754:E0M0X0:C?:DBR??:C,006754,REJECTED_V03_CANDIDATE,,V03 candidate path is not an admitted V04 source-proof root/edge.,candidate never promoted; unsupported source edge stops immediately
V03F00675,CANDIDATE,RETURN,92:FC7C:E0M1X1:C1:DBR??:C,097C7C,REJECTED_V03_CANDIDATE,,V03 candidate path is not an admitted V04 source-proof root/edge.,candidate never promoted; unsupported source edge stops immediately
V03F00676,CANDIDATE,RETURN,80:FDAE:E0M0X0:C?:DBR??:C,007DAE,REJECTED_V03_CANDIDATE,,V03 candidate path is not an admitted V04 source-proof root/edge.,candidate never promoted; unsupported source edge stops immediately
V03F00677,CANDIDATE,RETURN,80:F0E6:E0M0X0:C?:DBR??:C,0070E6,REJECTED_V03_CANDIDATE,,V03 candidate path is not an admitted V04 source-proof root/edge.,candidate never promoted; unsupported source edge stops immediately
V03F00678,CANDIDATE,RETURN,80:F130:E0M0X0:C?:DBR??:C,007130,REJECTED_V03_CANDIDATE,,V03 candidate path is not an admitted V04 source-proof root/edge.,candidate never promoted; unsupported source edge stops immediately
V03F00679,CANDIDATE,RETURN,80:C5F9:E0M1X1:C?:DBR??:C,0045F9,REJECTED_V03_CANDIDATE,,V03 candidate path is not an admitted V04 source-proof root/edge.,candidate never promoted; unsupported source edge stops immediately
V03F00680,CANDIDATE,RETURN,81:B6BD:E0M0X0:C?:DBR??:C,00B6BD,REJECTED_V03_CANDIDATE,,V03 candidate path is not an admitted V04 source-proof root/edge.,candidate never promoted; unsupported source edge stops immediately
V03F00681,CANDIDATE,RETURN,81:C048:E0M0X0:C?:DBR??:C,00C048,REJECTED_V03_CANDIDATE,,V03 candidate path is not an admitted V04 source-proof root/edge.,candidate never promoted; unsupported source edge stops immediately
V03F00682,CANDIDATE,RETURN,81:C265:E0M0X0:C?:DBR??:C,00C265,REJECTED_V03_CANDIDATE,,V03 candidate path is not an admitted V04 source-proof root/edge.,candidate never promoted; unsupported source edge stops immediately
V03F00683,CANDIDATE,RETURN,80:F97A:E0M0X0:C?:DBR??:C,00797A,REJECTED_V03_CANDIDATE,,V03 candidate path is not an admitted V04 source-proof root/edge.,candidate never promoted; unsupported source edge stops immediately
V03F00684,CANDIDATE,RETURN,80:F97A:E0M0X1:C?:DBR??:C,00797A,REJECTED_V03_CANDIDATE,,V03 candidate path is not an admitted V04 source-proof root/edge.,candidate never promoted; unsupported source edge stops immediately
V03F00685,CANDIDATE,RETURN,80:F97A:E0M1X0:C?:DBR??:C,00797A,REJECTED_V03_CANDIDATE,,V03 candidate path is not an admitted V04 source-proof root/edge.,candidate never promoted; unsupported source edge stops immediately
V03F00686,CANDIDATE,RETURN,80:F97A:E0M1X1:C?:DBR??:C,00797A,REJECTED_V03_CANDIDATE,,V03 candidate path is not an admitted V04 source-proof root/edge.,candidate never promoted; unsupported source edge stops immediately
V03F00687,CANDIDATE,RETURN,80:E000:E0M1X1:C?:DBR??:C,006000,REJECTED_V03_CANDIDATE,,V03 candidate path is not an admitted V04 source-proof root/edge.,candidate never promoted; unsupported source edge stops immediately
V03F00688,CANDIDATE,RETURN,80:F1AE:E0M0X0:C?:DBR??:C,0071AE,REJECTED_V03_CANDIDATE,,V03 candidate path is not an admitted V04 source-proof root/edge.,candidate never promoted; unsupported source edge stops immediately
V03F00689,CANDIDATE,RETURN,92:FCCD:E0M1X1:C1:DBR??:C,097CCD,REJECTED_V03_CANDIDATE,,V03 candidate path is not an admitted V04 source-proof root/edge.,candidate never promoted; unsupported source edge stops immediately
V03F00690,CANDIDATE,RETURN,80:F9C1:E0M1X1:C?:DBR??:C,0079C1,REJECTED_V03_CANDIDATE,,V03 candidate path is not an admitted V04 source-proof root/edge.,candidate never promoted; unsupported source edge stops immediately
V03F00691,CANDIDATE,RETURN,80:ECED:E0M0X0:C?:DBR??:C,006CED,REJECTED_V03_CANDIDATE,,V03 candidate path is not an admitted V04 source-proof root/edge.,candidate never promoted; unsupported source edge stops immediately
V03F00692,CANDIDATE,RETURN,80:ED3C:E0M0X0:C?:DBR??:C,006D3C,REJECTED_V03_CANDIDATE,,V03 candidate path is not an admitted V04 source-proof root/edge.,candidate never promoted; unsupported source edge stops immediately
V03F00693,CANDIDATE,RETURN,92:F310:E0M1X1:C?:DBR??:C,097310,REJECTED_V03_CANDIDATE,,V03 candidate path is not an admitted V04 source-proof root/edge.,candidate never promoted; unsupported source edge stops immediately
V03F00694,CANDIDATE,RETURN,80:9DF3:E0M1X1:C?:DBR??:C,001DF3,REJECTED_V03_CANDIDATE,,V03 candidate path is not an admitted V04 source-proof root/edge.,candidate never promoted; unsupported source edge stops immediately
V03F00695,CANDIDATE,RETURN,80:A4B4:E0M1X1:C?:DBR??:C,0024B4,REJECTED_V03_CANDIDATE,,V03 candidate path is not an admitted V04 source-proof root/edge.,candidate never promoted; unsupported source edge stops immediately
V03F00696,CANDIDATE,RETURN,92:FCA8:E0M1X1:C1:DBR??:C,097CA8,REJECTED_V03_CANDIDATE,,V03 candidate path is not an admitted V04 source-proof root/edge.,candidate never promoted; unsupported source edge stops immediately
V03F00697,CANDIDATE,RETURN,92:FD0B:E0M1X1:C1:DBR??:C,097D0B,REJECTED_V03_CANDIDATE,,V03 candidate path is not an admitted V04 source-proof root/edge.,candidate never promoted; unsupported source edge stops immediately
V03F00698,CANDIDATE,RETURN,80:F516:E0M0X0:C?:DBR??:C,007516,REJECTED_V03_CANDIDATE,,V03 candidate path is not an admitted V04 source-proof root/edge.,candidate never promoted; unsupported source edge stops immediately
V03F00699,CANDIDATE,RETURN,80:F565:E0M0X0:C?:DBR??:C,007565,REJECTED_V03_CANDIDATE,,V03 candidate path is not an admitted V04 source-proof root/edge.,candidate never promoted; unsupported source edge stops immediately
V03F00700,CANDIDATE,RETURN,92:FCF4:E0M1X1:C1:DBR??:C,097CF4,REJECTED_V03_CANDIDATE,,V03 candidate path is not an admitted V04 source-proof root/edge.,candidate never promoted; unsupported source edge stops immediately
V03F00701,CANDIDATE,RETURN,80:9DF5:E0M1X1:C?:DBR??:C,001DF5,REJECTED_V03_CANDIDATE,,V03 candidate path is not an admitted V04 source-proof root/edge.,candidate never promoted; unsupported source edge stops immediately
V03F00702,CANDIDATE,RETURN,80:9D52:E0M1X1:C?:DBR??:C,001D52,REJECTED_V03_CANDIDATE,,V03 candidate path is not an admitted V04 source-proof root/edge.,candidate never promoted; unsupported source edge stops immediately
V03F00703,CANDIDATE,RETURN,80:CFBF:E0M1X1:C?:DBR??:C,004FBF,REJECTED_V03_CANDIDATE,,V03 candidate path is not an admitted V04 source-proof root/edge.,candidate never promoted; unsupported source edge stops immediately
V03F00704,CANDIDATE,RETURN,80:CF6C:E0M1X1:C?:DBR??:C,004F6C,REJECTED_V03_CANDIDATE,,V03 candidate path is not an admitted V04 source-proof root/edge.,candidate never promoted; unsupported source edge stops immediately
V03F00705,CANDIDATE,STATUS_WIDTH,80:DC5C:E0M0X1:C?:DBR??:C,005C5C,REJECTED_V03_CANDIDATE,,V03 candidate path is not an admitted V04 source-proof root/edge.,candidate never promoted; unsupported source edge stops immediately
V03F00706,CANDIDATE,RETURN,80:A008:E0M1X1:C?:DBR??:C,002008,REJECTED_V03_CANDIDATE,,V03 candidate path is not an admitted V04 source-proof root/edge.,candidate never promoted; unsupported source edge stops immediately
V03F00707,CANDIDATE,RETURN,80:E573:E0M0X0:C?:DBR??:C,006573,REJECTED_V03_CANDIDATE,,V03 candidate path is not an admitted V04 source-proof root/edge.,candidate never promoted; unsupported source edge stops immediately
V03F00708,CANDIDATE,RETURN,80:EFCD:E0M0X0:C?:DBR??:C,006FCD,REJECTED_V03_CANDIDATE,,V03 candidate path is not an admitted V04 source-proof root/edge.,candidate never promoted; unsupported source edge stops immediately
V03F00709,CANDIDATE,RETURN,80:9DC7:E0M1X1:C?:DBR??:C,001DC7,REJECTED_V03_CANDIDATE,,V03 candidate path is not an admitted V04 source-proof root/edge.,candidate never promoted; unsupported source edge stops immediately
V03F00710,CANDIDATE,RETURN,80:9CA4:E0M1X1:C?:DBR??:C,001CA4,REJECTED_V03_CANDIDATE,,V03 candidate path is not an admitted V04 source-proof root/edge.,candidate never promoted; unsupported source edge stops immediately
V03F00711,CANDIDATE,RETURN,80:99C8:E0M1X1:C?:DBR??:C,0019C8,REJECTED_V03_CANDIDATE,,V03 candidate path is not an admitted V04 source-proof root/edge.,candidate never promoted; unsupported source edge stops immediately
V03F00712,CANDIDATE,RETURN,81:89DE:E0M1X1:C?:DBR??:C,0089DE,REJECTED_V03_CANDIDATE,,V03 candidate path is not an admitted V04 source-proof root/edge.,candidate never promoted; unsupported source edge stops immediately
V03F00713,CANDIDATE,RETURN,80:E7CF:E0M0X0:C?:DBR??:C,0067CF,REJECTED_V03_CANDIDATE,,V03 candidate path is not an admitted V04 source-proof root/edge.,candidate never promoted; unsupported source edge stops immediately
V03F00714,CANDIDATE,RETURN,81:808A:E0M1X1:C?:DBR??:C,00808A,REJECTED_V03_CANDIDATE,,V03 candidate path is not an admitted V04 source-proof root/edge.,candidate never promoted; unsupported source edge stops immediately
V03F00715,CANDIDATE,RETURN,80:D0A1:E0M1X1:C?:DBR??:C,0050A1,REJECTED_V03_CANDIDATE,,V03 candidate path is not an admitted V04 source-proof root/edge.,candidate never promoted; unsupported source edge stops immediately
V03F00716,CANDIDATE,RETURN,80:D355:E0M1X1:C?:DBR??:C,005355,REJECTED_V03_CANDIDATE,,V03 candidate path is not an admitted V04 source-proof root/edge.,candidate never promoted; unsupported source edge stops immediately
V03F00717,CANDIDATE,RETURN,81:9128:E0M1X1:C?:DBR??:C,009128,REJECTED_V03_CANDIDATE,,V03 candidate path is not an admitted V04 source-proof root/edge.,candidate never promoted; unsupported source edge stops immediately
V03F00718,CANDIDATE,RETURN,80:962D:E0M1X1:C?:DBR??:C,00162D,REJECTED_V03_CANDIDATE,,V03 candidate path is not an admitted V04 source-proof root/edge.,candidate never promoted; unsupported source edge stops immediately
V03F00719,CANDIDATE,RETURN,80:B463:E0M1X1:C?:DBR??:C,003463,REJECTED_V03_CANDIDATE,,V03 candidate path is not an admitted V04 source-proof root/edge.,candidate never promoted; unsupported source edge stops immediately
V03F00720,CANDIDATE,STATUS_WIDTH,9F:FB36:E0M0X0:C?:DBR??:C,0FFB36,REJECTED_V03_CANDIDATE,,V03 candidate path is not an admitted V04 source-proof root/edge.,candidate never promoted; unsupported source edge stops immediately
V03F00721,CANDIDATE,RETURN,80:DFAF:E0M1X1:C?:DBR??:C,005FAF,REJECTED_V03_CANDIDATE,,V03 candidate path is not an admitted V04 source-proof root/edge.,candidate never promoted; unsupported source edge stops immediately
V03F00722,CANDIDATE,RETURN,81:C5CB:E0M1X1:C?:DBR??:C,00C5CB,REJECTED_V03_CANDIDATE,,V03 candidate path is not an admitted V04 source-proof root/edge.,candidate never promoted; unsupported source edge stops immediately
V03F00723,CANDIDATE,RETURN,81:C5C6:E0M1X1:C?:DBR??:C,00C5C6,REJECTED_V03_CANDIDATE,,V03 candidate path is not an admitted V04 source-proof root/edge.,candidate never promoted; unsupported source edge stops immediately
V03F00724,CANDIDATE,RETURN,81:8A26:E0M1X1:C?:DBR??:C,008A26,REJECTED_V03_CANDIDATE,,V03 candidate path is not an admitted V04 source-proof root/edge.,candidate never promoted; unsupported source edge stops immediately
V03F00725,CANDIDATE,RETURN,81:8A00:E0M1X1:C?:DBR81:C,008A00,REJECTED_V03_CANDIDATE,,V03 candidate path is not an admitted V04 source-proof root/edge.,candidate never promoted; unsupported source edge stops immediately
V03F00726,CANDIDATE,RETURN,80:8ACD:E0M1X1:C?:DBR??:C,000ACD,REJECTED_V03_CANDIDATE,,V03 candidate path is not an admitted V04 source-proof root/edge.,candidate never promoted; unsupported source edge stops immediately
V03F00727,CANDIDATE,RETURN,80:C5F9:E0M1X1:C?:DBR80:C,0045F9,REJECTED_V03_CANDIDATE,,V03 candidate path is not an admitted V04 source-proof root/edge.,candidate never promoted; unsupported source edge stops immediately
V03F00728,CANDIDATE,RETURN,81:9F5B:E0M1X1:C?:DBR??:C,009F5B,REJECTED_V03_CANDIDATE,,V03 candidate path is not an admitted V04 source-proof root/edge.,candidate never promoted; unsupported source edge stops immediately
V03F00729,CANDIDATE,RETURN,81:809B:E0M0X0:C?:DBR81:C,00809B,REJECTED_V03_CANDIDATE,,V03 candidate path is not an admitted V04 source-proof root/edge.,candidate never promoted; unsupported source edge stops immediately
V03F00730,CANDIDATE,RETURN,81:ABEC:E0M1X1:C?:DBR??:C,00ABEC,REJECTED_V03_CANDIDATE,,V03 candidate path is not an admitted V04 source-proof root/edge.,candidate never promoted; unsupported source edge stops immediately
V03F00731,CANDIDATE,RETURN,80:E0A2:E0M1X1:C?:DBR??:C,0060A2,REJECTED_V03_CANDIDATE,,V03 candidate path is not an admitted V04 source-proof root/edge.,candidate never promoted; unsupported source edge stops immediately
V03F00732,CANDIDATE,RETURN,80:ABD0:E0M1X1:C?:DBR??:C,002BD0,REJECTED_V03_CANDIDATE,,V03 candidate path is not an admitted V04 source-proof root/edge.,candidate never promoted; unsupported source edge stops immediately
V03F00733,CANDIDATE,RETURN,80:FDA4:E0M1X1:C?:DBR??:C,007DA4,REJECTED_V03_CANDIDATE,,V03 candidate path is not an admitted V04 source-proof root/edge.,candidate never promoted; unsupported source edge stops immediately
V03F00734,CANDIDATE,RETURN,81:A042:E0M1X1:C?:DBR??:C,00A042,REJECTED_V03_CANDIDATE,,V03 candidate path is not an admitted V04 source-proof root/edge.,candidate never promoted; unsupported source edge stops immediately
V03F00735,CANDIDATE,RETURN,9F:FBA2:E0M0X0:C?:DBR??:C,0FFBA2,REJECTED_V03_CANDIDATE,,V03 candidate path is not an admitted V04 source-proof root/edge.,candidate never promoted; unsupported source edge stops immediately
V03F00736,CANDIDATE,RETURN,80:A483:E0M1X1:C?:DBR??:C,002483,REJECTED_V03_CANDIDATE,,V03 candidate path is not an admitted V04 source-proof root/edge.,candidate never promoted; unsupported source edge stops immediately
V03F00737,CANDIDATE,RETURN,80:E7AF:E0M0X0:C?:DBR??:C,0067AF,REJECTED_V03_CANDIDATE,,V03 candidate path is not an admitted V04 source-proof root/edge.,candidate never promoted; unsupported source edge stops immediately
V03F00738,CANDIDATE,RETURN,92:E615:E0M1X1:C?:DBR??:C,096615,REJECTED_V03_CANDIDATE,,V03 candidate path is not an admitted V04 source-proof root/edge.,candidate never promoted; unsupported source edge stops immediately
V03F00739,CANDIDATE,RETURN,80:C865:E0M1X1:C?:DBR??:C,004865,REJECTED_V03_CANDIDATE,,V03 candidate path is not an admitted V04 source-proof root/edge.,candidate never promoted; unsupported source edge stops immediately
V03F00740,CANDIDATE,DYNAMIC_TARGET,80:A489:E0M1X1:C?:DBR??:C,002489,REJECTED_V03_CANDIDATE,,V03 candidate path is not an admitted V04 source-proof root/edge.,candidate never promoted; unsupported source edge stops immediately
V03F00741,CANDIDATE,RETURN,80:F209:E0M0X0:C?:DBR??:C,007209,REJECTED_V03_CANDIDATE,,V03 candidate path is not an admitted V04 source-proof root/edge.,candidate never promoted; unsupported source edge stops immediately
V03F00742,CANDIDATE,DYNAMIC_TARGET,92:8BAF:E0M0X0:C?:DBR??:C,090BAF,REJECTED_V03_CANDIDATE,,V03 candidate path is not an admitted V04 source-proof root/edge.,candidate never promoted; unsupported source edge stops immediately
V03F00743,CANDIDATE,RETURN,81:8F83:E0M1X1:C?:DBR??:C,008F83,REJECTED_V03_CANDIDATE,,V03 candidate path is not an admitted V04 source-proof root/edge.,candidate never promoted; unsupported source edge stops immediately
V03F00744,CANDIDATE,RETURN,80:8DC0:E0M1X1:C?:DBR??:C,000DC0,REJECTED_V03_CANDIDATE,,V03 candidate path is not an admitted V04 source-proof root/edge.,candidate never promoted; unsupported source edge stops immediately
V03F00745,CANDIDATE,RETURN,80:A5C5:E0M1X1:C?:DBR??:C,0025C5,REJECTED_V03_CANDIDATE,,V03 candidate path is not an admitted V04 source-proof root/edge.,candidate never promoted; unsupported source edge stops immediately
V03F00746,CANDIDATE,RETURN,80:A5BB:E0M1X1:C?:DBR??:C,0025BB,REJECTED_V03_CANDIDATE,,V03 candidate path is not an admitted V04 source-proof root/edge.,candidate never promoted; unsupported source edge stops immediately
V03F00747,CANDIDATE,RETURN,80:A53F:E0M1X1:C?:DBR??:C,00253F,REJECTED_V03_CANDIDATE,,V03 candidate path is not an admitted V04 source-proof root/edge.,candidate never promoted; unsupported source edge stops immediately
V03F00748,CANDIDATE,RETURN,80:BC98:E0M1X1:C?:DBR??:C,003C98,REJECTED_V03_CANDIDATE,,V03 candidate path is not an admitted V04 source-proof root/edge.,candidate never promoted; unsupported source edge stops immediately
V03F00749,CANDIDATE,RETURN,81:C5EF:E0M1X1:C?:DBR81:C,00C5EF,REJECTED_V03_CANDIDATE,,V03 candidate path is not an admitted V04 source-proof root/edge.,candidate never promoted; unsupported source edge stops immediately
V03F00750,CANDIDATE,RETURN,81:8A00:E0M1X1:C?:DBR??:C,008A00,REJECTED_V03_CANDIDATE,,V03 candidate path is not an admitted V04 source-proof root/edge.,candidate never promoted; unsupported source edge stops immediately
V03F00751,CANDIDATE,RETURN,81:809B:E0M0X0:C?:DBR??:C,00809B,REJECTED_V03_CANDIDATE,,V03 candidate path is not an admitted V04 source-proof root/edge.,candidate never promoted; unsupported source edge stops immediately
V03F00752,CANDIDATE,RETURN,81:C235:E0M0X0:C?:DBR??:C,00C235,REJECTED_V03_CANDIDATE,,V03 candidate path is not an admitted V04 source-proof root/edge.,candidate never promoted; unsupported source edge stops immediately
V03F00753,CANDIDATE,RETURN,92:A7E4:E0M0X0:C?:DBR??:C,0927E4,REJECTED_V03_CANDIDATE,,V03 candidate path is not an admitted V04 source-proof root/edge.,candidate never promoted; unsupported source edge stops immediately
V03F00754,CANDIDATE,RETURN,80:A573:E0M1X1:C?:DBR??:C,002573,REJECTED_V03_CANDIDATE,,V03 candidate path is not an admitted V04 source-proof root/edge.,candidate never promoted; unsupported source edge stops immediately
V03F00755,CANDIDATE,RETURN,80:BD05:E0M1X0:C?:DBR??:C,003D05,REJECTED_V03_CANDIDATE,,V03 candidate path is not an admitted V04 source-proof root/edge.,candidate never promoted; unsupported source edge stops immediately
V03F00756,CANDIDATE,RETURN,80:C7DE:E0M1X1:C?:DBR??:C,0047DE,REJECTED_V03_CANDIDATE,,V03 candidate path is not an admitted V04 source-proof root/edge.,candidate never promoted; unsupported source edge stops immediately
V03F00757,CANDIDATE,RETURN,80:A5CF:E0M1X1:C?:DBR??:C,0025CF,REJECTED_V03_CANDIDATE,,V03 candidate path is not an admitted V04 source-proof root/edge.,candidate never promoted; unsupported source edge stops immediately
V03F00758,CANDIDATE,RETURN,80:ED97:E0M0X0:C?:DBR??:C,006D97,REJECTED_V03_CANDIDATE,,V03 candidate path is not an admitted V04 source-proof root/edge.,candidate never promoted; unsupported source edge stops immediately
V03F00759,CANDIDATE,RETURN,80:C865:E0M1X1:C?:DBR80:C,004865,REJECTED_V03_CANDIDATE,,V03 candidate path is not an admitted V04 source-proof root/edge.,candidate never promoted; unsupported source edge stops immediately
V03F00760,CANDIDATE,RETURN,81:C617:E0M1X1:C?:DBR81:C,00C617,REJECTED_V03_CANDIDATE,,V03 candidate path is not an admitted V04 source-proof root/edge.,candidate never promoted; unsupported source edge stops immediately
V03F00761,CANDIDATE,RETURN,80:F5C0:E0M0X0:C?:DBR??:C,0075C0,REJECTED_V03_CANDIDATE,,V03 candidate path is not an admitted V04 source-proof root/edge.,candidate never promoted; unsupported source edge stops immediately
V03F00762,CANDIDATE,RETURN,80:D3BA:E0M1X1:C?:DBR??:C,0053BA,REJECTED_V03_CANDIDATE,,V03 candidate path is not an admitted V04 source-proof root/edge.,candidate never promoted; unsupported source edge stops immediately
V03F00763,CANDIDATE,STATUS_WIDTH,9F:FB53:E0M0X0:C?:DBR??:C,0FFB53,REJECTED_V03_CANDIDATE,,V03 candidate path is not an admitted V04 source-proof root/edge.,candidate never promoted; unsupported source edge stops immediately
V03F00764,CANDIDATE,STATUS_WIDTH,9F:FB53:E0M0X1:C?:DBR??:C,0FFB53,REJECTED_V03_CANDIDATE,,V03 candidate path is not an admitted V04 source-proof root/edge.,candidate never promoted; unsupported source edge stops immediately
V03F00765,CANDIDATE,DYNAMIC_TARGET,92:A7E1:E0M0X0:C?:DBR??:C,0927E1,REJECTED_V03_CANDIDATE,,V03 candidate path is not an admitted V04 source-proof root/edge.,candidate never promoted; unsupported source edge stops immediately
V03F00766,CANDIDATE,RETURN,80:FF26:E0M1X1:C?:DBR??:C,007F26,REJECTED_V03_CANDIDATE,,V03 candidate path is not an admitted V04 source-proof root/edge.,candidate never promoted; unsupported source edge stops immediately
V03F00767,CANDIDATE,RETURN,80:FB5B:E0M1X0:C?:DBR??:C,007B5B,REJECTED_V03_CANDIDATE,,V03 candidate path is not an admitted V04 source-proof root/edge.,candidate never promoted; unsupported source edge stops immediately
V03F00768,CANDIDATE,RETURN,80:D342:E0M1X1:C?:DBR??:C,005342,REJECTED_V03_CANDIDATE,,V03 candidate path is not an admitted V04 source-proof root/edge.,candidate never promoted; unsupported source edge stops immediately
V03F00769,CANDIDATE,RETURN,80:BCE9:E0M1X1:C?:DBR??:C,003CE9,REJECTED_V03_CANDIDATE,,V03 candidate path is not an admitted V04 source-proof root/edge.,candidate never promoted; unsupported source edge stops immediately
V03F00770,CANDIDATE,RETURN,92:E63C:E0M1X1:C?:DBR92:C,09663C,REJECTED_V03_CANDIDATE,,V03 candidate path is not an admitted V04 source-proof root/edge.,candidate never promoted; unsupported source edge stops immediately
V03F00771,CANDIDATE,RETURN,92:E6F7:E0M1X1:C?:DBR??:C,0966F7,REJECTED_V03_CANDIDATE,,V03 candidate path is not an admitted V04 source-proof root/edge.,candidate never promoted; unsupported source edge stops immediately
V03F00772,CANDIDATE,RETURN,80:E989:E0M0X0:C?:DBR??:C,006989,REJECTED_V03_CANDIDATE,,V03 candidate path is not an admitted V04 source-proof root/edge.,candidate never promoted; unsupported source edge stops immediately
V03F00773,CANDIDATE,RETURN,80:A53B:E0M1X1:C?:DBR??:C,00253B,REJECTED_V03_CANDIDATE,,V03 candidate path is not an admitted V04 source-proof root/edge.,candidate never promoted; unsupported source edge stops immediately
V03F00774,CANDIDATE,RETURN,80:E872:E0M0X0:C?:DBR??:C,006872,REJECTED_V03_CANDIDATE,,V03 candidate path is not an admitted V04 source-proof root/edge.,candidate never promoted; unsupported source edge stops immediately
V03F00775,CANDIDATE,RETURN,81:8F6A:E0M1X1:C?:DBR??:C,008F6A,REJECTED_V03_CANDIDATE,,V03 candidate path is not an admitted V04 source-proof root/edge.,candidate never promoted; unsupported source edge stops immediately
V03F00776,CANDIDATE,RETURN,81:C5EF:E0M1X1:C?:DBR??:C,00C5EF,REJECTED_V03_CANDIDATE,,V03 candidate path is not an admitted V04 source-proof root/edge.,candidate never promoted; unsupported source edge stops immediately
V03F00777,CANDIDATE,STATUS_WIDTH,92:8BC9:E0M0X0:C?:DBR??:C,090BC9,REJECTED_V03_CANDIDATE,,V03 candidate path is not an admitted V04 source-proof root/edge.,candidate never promoted; unsupported source edge stops immediately
V03F00778,CANDIDATE,RETURN,80:A537:E0M1X1:C?:DBR??:C,002537,REJECTED_V03_CANDIDATE,,V03 candidate path is not an admitted V04 source-proof root/edge.,candidate never promoted; unsupported source edge stops immediately
V03F00779,CANDIDATE,STATUS_WIDTH,80:F93D:E0M1X0:C?:DBR??:C,00793D,REJECTED_V03_CANDIDATE,,V03 candidate path is not an admitted V04 source-proof root/edge.,candidate never promoted; unsupported source edge stops immediately
V03F00780,CANDIDATE,RETURN,92:A666:E0M0X0:C?:DBR??:C,092666,REJECTED_V03_CANDIDATE,,V03 candidate path is not an admitted V04 source-proof root/edge.,candidate never promoted; unsupported source edge stops immediately
V03F00781,CANDIDATE,RETURN,92:8BCA:E0M0X0:C?:DBR??:C,090BCA,REJECTED_V03_CANDIDATE,,V03 candidate path is not an admitted V04 source-proof root/edge.,candidate never promoted; unsupported source edge stops immediately
V03F00782,CANDIDATE,RETURN,92:8BCA:E0M0X1:C?:DBR??:C,090BCA,REJECTED_V03_CANDIDATE,,V03 candidate path is not an admitted V04 source-proof root/edge.,candidate never promoted; unsupported source edge stops immediately
V03F00783,CANDIDATE,RETURN,92:8BCA:E0M1X0:C?:DBR??:C,090BCA,REJECTED_V03_CANDIDATE,,V03 candidate path is not an admitted V04 source-proof root/edge.,candidate never promoted; unsupported source edge stops immediately
V03F00784,CANDIDATE,RETURN,92:8BCA:E0M1X1:C?:DBR??:C,090BCA,REJECTED_V03_CANDIDATE,,V03 candidate path is not an admitted V04 source-proof root/edge.,candidate never promoted; unsupported source edge stops immediately
V03F00785,CANDIDATE,RETURN,80:E067:E0M1X1:C?:DBR??:C,006067,REJECTED_V03_CANDIDATE,,V03 candidate path is not an admitted V04 source-proof root/edge.,candidate never promoted; unsupported source edge stops immediately
V03F00786,CANDIDATE,RETURN,81:C617:E0M1X1:C?:DBR??:C,00C617,REJECTED_V03_CANDIDATE,,V03 candidate path is not an admitted V04 source-proof root/edge.,candidate never promoted; unsupported source edge stops immediately
V03F00787,CANDIDATE,RETURN,92:A22D:E0M0X0:C?:DBR??:C,09222D,REJECTED_V03_CANDIDATE,,V03 candidate path is not an admitted V04 source-proof root/edge.,candidate never promoted; unsupported source edge stops immediately
V03F00788,CANDIDATE,RETURN,92:E6EC:E0M1X1:C?:DBR??:C,0966EC,REJECTED_V03_CANDIDATE,,V03 candidate path is not an admitted V04 source-proof root/edge.,candidate never promoted; unsupported source edge stops immediately
V03F00789,CANDIDATE,RETURN,80:B4CC:E0M1X1:C?:DBR??:C,0034CC,REJECTED_V03_CANDIDATE,,V03 candidate path is not an admitted V04 source-proof root/edge.,candidate never promoted; unsupported source edge stops immediately
V03F00790,CANDIDATE,RETURN,80:D41F:E0M1X1:C?:DBR??:C,00541F,REJECTED_V03_CANDIDATE,,V03 candidate path is not an admitted V04 source-proof root/edge.,candidate never promoted; unsupported source edge stops immediately
V03F00791,CANDIDATE,DYNAMIC_TARGET,92:A22A:E0M0X0:C?:DBR??:C,09222A,REJECTED_V03_CANDIDATE,,V03 candidate path is not an admitted V04 source-proof root/edge.,candidate never promoted; unsupported source edge stops immediately
V03F00792,CANDIDATE,RETURN,81:D805:E0M1X1:C?:DBR??:C,00D805,REJECTED_V03_CANDIDATE,,V03 candidate path is not an admitted V04 source-proof root/edge.,candidate never promoted; unsupported source edge stops immediately
V03F00793,CANDIDATE,RETURN,92:E60A:E0M1X1:C?:DBR??:C,09660A,REJECTED_V03_CANDIDATE,,V03 candidate path is not an admitted V04 source-proof root/edge.,candidate never promoted; unsupported source edge stops immediately
V03F00794,CANDIDATE,RETURN,80:B4FD:E0M1X1:C?:DBR??:C,0034FD,REJECTED_V03_CANDIDATE,,V03 candidate path is not an admitted V04 source-proof root/edge.,candidate never promoted; unsupported source edge stops immediately
V03F00795,CANDIDATE,RETURN,9F:FB77:E0M0X0:C?:DBR??:C,0FFB77,REJECTED_V03_CANDIDATE,,V03 candidate path is not an admitted V04 source-proof root/edge.,candidate never promoted; unsupported source edge stops immediately
V03F00796,CANDIDATE,RETURN,81:9016:E0M1X1:C?:DBR??:C,009016,REJECTED_V03_CANDIDATE,,V03 candidate path is not an admitted V04 source-proof root/edge.,candidate never promoted; unsupported source edge stops immediately
V03F00797,CANDIDATE,RETURN,80:EB56:E0M0X0:C?:DBR??:C,006B56,REJECTED_V03_CANDIDATE,,V03 candidate path is not an admitted V04 source-proof root/edge.,candidate never promoted; unsupported source edge stops immediately
V03F00798,CANDIDATE,RETURN,80:F37F:E0M0X0:C?:DBR??:C,00737F,REJECTED_V03_CANDIDATE,,V03 candidate path is not an admitted V04 source-proof root/edge.,candidate never promoted; unsupported source edge stops immediately
V03F00799,CANDIDATE,RETURN,92:E444:E0M1X1:C?:DBR??:C,096444,REJECTED_V03_CANDIDATE,,V03 candidate path is not an admitted V04 source-proof root/edge.,candidate never promoted; unsupported source edge stops immediately
V03F00800,CANDIDATE,RETURN,92:EFF0:E0M1X1:C?:DBR??:C,096FF0,SUPERSEDED_BY_SOURCE_PROVED_CONTEXT,,Same PBR:PC:E:M:X is independently reached by V04 source proof; V03 speculative path itself remains rejected.,candidate never promoted; unsupported source edge stops immediately
V03F00801,CANDIDATE,DYNAMIC_TARGET,92:A643:E0M0X0:C?:DBR??:C,092643,REJECTED_V03_CANDIDATE,,V03 candidate path is not an admitted V04 source-proof root/edge.,candidate never promoted; unsupported source edge stops immediately
V03F00802,CANDIDATE,RETURN,80:B65C:E0M1X1:C?:DBR??:C,00365C,REJECTED_V03_CANDIDATE,,V03 candidate path is not an admitted V04 source-proof root/edge.,candidate never promoted; unsupported source edge stops immediately
V03F00803,CANDIDATE,RETURN,80:EF0D:E0M0X0:C?:DBR??:C,006F0D,REJECTED_V03_CANDIDATE,,V03 candidate path is not an admitted V04 source-proof root/edge.,candidate never promoted; unsupported source edge stops immediately
V03F00804,CANDIDATE,DYNAMIC_TARGET,80:FDFC:E0M1X1:C?:DBR??:C,007DFC,REJECTED_V03_CANDIDATE,,V03 candidate path is not an admitted V04 source-proof root/edge.,candidate never promoted; unsupported source edge stops immediately
V03F00805,CANDIDATE,RETURN,80:F736:E0M0X0:C?:DBR??:C,007736,REJECTED_V03_CANDIDATE,,V03 candidate path is not an admitted V04 source-proof root/edge.,candidate never promoted; unsupported source edge stops immediately
V03F00806,CANDIDATE,RETURN,81:8EB4:E0M1X1:C?:DBR??:C,008EB4,REJECTED_V03_CANDIDATE,,V03 candidate path is not an admitted V04 source-proof root/edge.,candidate never promoted; unsupported source edge stops immediately
V03F00807,CANDIDATE,RETURN,80:E969:E0M0X0:C?:DBR??:C,006969,REJECTED_V03_CANDIDATE,,V03 candidate path is not an admitted V04 source-proof root/edge.,candidate never promoted; unsupported source edge stops immediately
V03F00808,CANDIDATE,RETURN,80:F293:E0M0X0:C?:DBR??:C,007293,REJECTED_V03_CANDIDATE,,V03 candidate path is not an admitted V04 source-proof root/edge.,candidate never promoted; unsupported source edge stops immediately
V03F00809,CANDIDATE,RETURN,9F:F8EB:E0M0X0:C?:DBR??:C,0FF8EB,REJECTED_V03_CANDIDATE,,V03 candidate path is not an admitted V04 source-proof root/edge.,candidate never promoted; unsupported source edge stops immediately
V03F00810,CANDIDATE,RETURN,80:E8DF:E0M0X0:C?:DBR??:C,0068DF,REJECTED_V03_CANDIDATE,,V03 candidate path is not an admitted V04 source-proof root/edge.,candidate never promoted; unsupported source edge stops immediately
V03F00811,CANDIDATE,RETURN,80:E962:E0M0X0:C?:DBR??:C,006962,REJECTED_V03_CANDIDATE,,V03 candidate path is not an admitted V04 source-proof root/edge.,candidate never promoted; unsupported source edge stops immediately
V03F00812,CANDIDATE,RETURN,80:EE21:E0M0X0:C?:DBR??:C,006E21,REJECTED_V03_CANDIDATE,,V03 candidate path is not an admitted V04 source-proof root/edge.,candidate never promoted; unsupported source edge stops immediately
V03F00813,CANDIDATE,RETURN,81:8F3E:E0M1X1:C?:DBR??:C,008F3E,REJECTED_V03_CANDIDATE,,V03 candidate path is not an admitted V04 source-proof root/edge.,candidate never promoted; unsupported source edge stops immediately
V03F00814,CANDIDATE,RETURN,80:EA09:E0M0X0:C?:DBR??:C,006A09,REJECTED_V03_CANDIDATE,,V03 candidate path is not an admitted V04 source-proof root/edge.,candidate never promoted; unsupported source edge stops immediately
V03F00815,CANDIDATE,RETURN,80:F28C:E0M0X0:C?:DBR??:C,00728C,REJECTED_V03_CANDIDATE,,V03 candidate path is not an admitted V04 source-proof root/edge.,candidate never promoted; unsupported source edge stops immediately
V03F00816,CANDIDATE,RETURN,80:F64A:E0M0X0:C?:DBR??:C,00764A,REJECTED_V03_CANDIDATE,,V03 candidate path is not an admitted V04 source-proof root/edge.,candidate never promoted; unsupported source edge stops immediately
V03F00817,CANDIDATE,STATUS_WIDTH,92:EEF8:E0M1X0:C?:DBR??:C,096EF8,REJECTED_V03_CANDIDATE,,V03 candidate path is not an admitted V04 source-proof root/edge.,candidate never promoted; unsupported source edge stops immediately
V03F00818,CANDIDATE,DYNAMIC_TARGET,80:FE0E:E0M1X1:C?:DBR??:C,007E0E,REJECTED_V03_CANDIDATE,,V03 candidate path is not an admitted V04 source-proof root/edge.,candidate never promoted; unsupported source edge stops immediately
V03F00819,CANDIDATE,RETURN,80:EE1A:E0M0X0:C?:DBR??:C,006E1A,REJECTED_V03_CANDIDATE,,V03 candidate path is not an admitted V04 source-proof root/edge.,candidate never promoted; unsupported source edge stops immediately
V03F00820,CANDIDATE,DYNAMIC_TARGET,81:D0C2:E0M1X1:C?:DBR??:C,00D0C2,REJECTED_V03_CANDIDATE,,V03 candidate path is not an admitted V04 source-proof root/edge.,candidate never promoted; unsupported source edge stops immediately
V03F00821,CANDIDATE,RETURN,92:EEF9:E0M0X0:C?:DBR??:C,096EF9,REJECTED_V03_CANDIDATE,,V03 candidate path is not an admitted V04 source-proof root/edge.,candidate never promoted; unsupported source edge stops immediately
V03F00822,CANDIDATE,RETURN,92:EEF9:E0M0X1:C?:DBR??:C,096EF9,REJECTED_V03_CANDIDATE,,V03 candidate path is not an admitted V04 source-proof root/edge.,candidate never promoted; unsupported source edge stops immediately
V03F00823,CANDIDATE,RETURN,92:EEF9:E0M1X0:C?:DBR??:C,096EF9,REJECTED_V03_CANDIDATE,,V03 candidate path is not an admitted V04 source-proof root/edge.,candidate never promoted; unsupported source edge stops immediately
V03F00824,CANDIDATE,RETURN,92:EEF9:E0M1X1:C?:DBR??:C,096EF9,REJECTED_V03_CANDIDATE,,V03 candidate path is not an admitted V04 source-proof root/edge.,candidate never promoted; unsupported source edge stops immediately
V03F00825,CANDIDATE,RETURN,81:B6D1:E0M0X0:C1:DBR??:C,00B6D1,REJECTED_V03_CANDIDATE,,V03 candidate path is not an admitted V04 source-proof root/edge.,candidate never promoted; unsupported source edge stops immediately
V03F00826,CANDIDATE,RETURN,81:8FC2:E0M1X1:C?:DBR??:C,008FC2,REJECTED_V03_CANDIDATE,,V03 candidate path is not an admitted V04 source-proof root/edge.,candidate never promoted; unsupported source edge stops immediately
V03F00827,CANDIDATE,RETURN,80:BBE4:E0M1X1:C?:DBR??:C,003BE4,REJECTED_V03_CANDIDATE,,V03 candidate path is not an admitted V04 source-proof root/edge.,candidate never promoted; unsupported source edge stops immediately
V03F00828,CANDIDATE,RETURN,80:F643:E0M0X0:C?:DBR??:C,007643,REJECTED_V03_CANDIDATE,,V03 candidate path is not an admitted V04 source-proof root/edge.,candidate never promoted; unsupported source edge stops immediately
V03F00829,CANDIDATE,RETURN,80:B70B:E0M1X1:C?:DBR??:C,00370B,REJECTED_V03_CANDIDATE,,V03 candidate path is not an admitted V04 source-proof root/edge.,candidate never promoted; unsupported source edge stops immediately
V03F00830,CANDIDATE,RETURN,81:B6CF:E0M0X0:C0:DBR??:C,00B6CF,REJECTED_V03_CANDIDATE,,V03 candidate path is not an admitted V04 source-proof root/edge.,candidate never promoted; unsupported source edge stops immediately
V03F00831,CANDIDATE,RETURN,80:CD86:E0M1X1:C?:DBR??:C,004D86,REJECTED_V03_CANDIDATE,,V03 candidate path is not an admitted V04 source-proof root/edge.,candidate never promoted; unsupported source edge stops immediately
V03F00832,CANDIDATE,RETURN,81:C0FC:E0M0X0:C?:DBR??:C,00C0FC,REJECTED_V03_CANDIDATE,,V03 candidate path is not an admitted V04 source-proof root/edge.,candidate never promoted; unsupported source edge stops immediately
V03F00833,CANDIDATE,RETURN,81:8EDE:E0M1X1:C?:DBR??:C,008EDE,REJECTED_V03_CANDIDATE,,V03 candidate path is not an admitted V04 source-proof root/edge.,candidate never promoted; unsupported source edge stops immediately
V03F00834,CANDIDATE,RETURN,92:E6BB:E0M1X1:C?:DBR??:C,0966BB,REJECTED_V03_CANDIDATE,,V03 candidate path is not an admitted V04 source-proof root/edge.,candidate never promoted; unsupported source edge stops immediately
V03F00835,CANDIDATE,RETURN,80:B79D:E0M1X1:C?:DBR??:C,00379D,REJECTED_V03_CANDIDATE,,V03 candidate path is not an admitted V04 source-proof root/edge.,candidate never promoted; unsupported source edge stops immediately
V03F00836,CANDIDATE,RETURN,80:C5E7:E0M1X1:C?:DBR??:C,0045E7,REJECTED_V03_CANDIDATE,,V03 candidate path is not an admitted V04 source-proof root/edge.,candidate never promoted; unsupported source edge stops immediately
V03F00837,CANDIDATE,RETURN,80:B766:E0M1X1:C?:DBR??:C,003766,REJECTED_V03_CANDIDATE,,V03 candidate path is not an admitted V04 source-proof root/edge.,candidate never promoted; unsupported source edge stops immediately
V03F00838,CANDIDATE,RETURN,81:9F5B:E0M0X0:C?:DBR??:C,009F5B,REJECTED_V03_CANDIDATE,,V03 candidate path is not an admitted V04 source-proof root/edge.,candidate never promoted; unsupported source edge stops immediately
V03F00839,CANDIDATE,RETURN,80:9E60:E0M1X1:C?:DBR??:C,001E60,REJECTED_V03_CANDIDATE,,V03 candidate path is not an admitted V04 source-proof root/edge.,candidate never promoted; unsupported source edge stops immediately
V03F00840,CANDIDATE,RETURN,80:FEF2:E0M1X1:C?:DBR??:C,007EF2,REJECTED_V03_CANDIDATE,,V03 candidate path is not an admitted V04 source-proof root/edge.,candidate never promoted; unsupported source edge stops immediately
V03F00841,CANDIDATE,RETURN,81:D862:E0M1X1:C?:DBR??:C,00D862,REJECTED_V03_CANDIDATE,,V03 candidate path is not an admitted V04 source-proof root/edge.,candidate never promoted; unsupported source edge stops immediately
V03F00842,CANDIDATE,RETURN,81:C1AD:E0M0X0:C?:DBR??:C,00C1AD,REJECTED_V03_CANDIDATE,,V03 candidate path is not an admitted V04 source-proof root/edge.,candidate never promoted; unsupported source edge stops immediately
V03F00843,CANDIDATE,RETURN,80:B77A:E0M1X1:C?:DBR??:C,00377A,REJECTED_V03_CANDIDATE,,V03 candidate path is not an admitted V04 source-proof root/edge.,candidate never promoted; unsupported source edge stops immediately
V03F00844,CANDIDATE,RETURN,80:FF16:E0M1X1:C?:DBR??:C,007F16,REJECTED_V03_CANDIDATE,,V03 candidate path is not an admitted V04 source-proof root/edge.,candidate never promoted; unsupported source edge stops immediately
V03F00845,CANDIDATE,RETURN,9F:F007:E0M0X0:C?:DBR??:C,0FF007,REJECTED_V03_CANDIDATE,,V03 candidate path is not an admitted V04 source-proof root/edge.,candidate never promoted; unsupported source edge stops immediately
V03F00846,CANDIDATE,RETURN,81:8FFF:E0M1X1:C?:DBR??:C,008FFF,REJECTED_V03_CANDIDATE,,V03 candidate path is not an admitted V04 source-proof root/edge.,candidate never promoted; unsupported source edge stops immediately
V03F00847,CANDIDATE,RETURN,80:FF0F:E0M1X1:C?:DBR??:C,007F0F,REJECTED_V03_CANDIDATE,,V03 candidate path is not an admitted V04 source-proof root/edge.,candidate never promoted; unsupported source edge stops immediately
V03F00848,CANDIDATE,RETURN,9F:F011:E0M0X0:C?:DBR9F:C,0FF011,REJECTED_V03_CANDIDATE,,V03 candidate path is not an admitted V04 source-proof root/edge.,candidate never promoted; unsupported source edge stops immediately
V03F00849,CANDIDATE,RETURN,80:FEC1:E0M1X1:C?:DBR??:C,007EC1,REJECTED_V03_CANDIDATE,,V03 candidate path is not an admitted V04 source-proof root/edge.,candidate never promoted; unsupported source edge stops immediately
V03F00850,CANDIDATE,RETURN,80:FEFF:E0M1X1:C?:DBR??:C,007EFF,REJECTED_V03_CANDIDATE,,V03 candidate path is not an admitted V04 source-proof root/edge.,candidate never promoted; unsupported source edge stops immediately
V03F00851,CANDIDATE,DYNAMIC_TARGET,9F:F01B:E0M0X0:C?:DBR9F:C,0FF01B,REJECTED_V03_CANDIDATE,,V03 candidate path is not an admitted V04 source-proof root/edge.,candidate never promoted; unsupported source edge stops immediately
V03F00852,CANDIDATE,RETURN,81:B6AA:E0M0X0:C?:DBR??:C,00B6AA,REJECTED_V03_CANDIDATE,,V03 candidate path is not an admitted V04 source-proof root/edge.,candidate never promoted; unsupported source edge stops immediately
V03F00853,CANDIDATE,RETURN,80:C5E7:E0M1X1:C?:DBR80:C,0045E7,REJECTED_V03_CANDIDATE,,V03 candidate path is not an admitted V04 source-proof root/edge.,candidate never promoted; unsupported source edge stops immediately
V03F00854,CANDIDATE,RETURN,80:8ECA:E0M1X1:C?:DBR??:C,000ECA,REJECTED_V03_CANDIDATE,,V03 candidate path is not an admitted V04 source-proof root/edge.,candidate never promoted; unsupported source edge stops immediately
V03F00855,CANDIDATE,RETURN,80:EA6A:E0M0X0:C?:DBR??:C,006A6A,REJECTED_V03_CANDIDATE,,V03 candidate path is not an admitted V04 source-proof root/edge.,candidate never promoted; unsupported source edge stops immediately
V03F00856,CANDIDATE,RETURN,80:B7AF:E0M1X1:C?:DBR??:C,0037AF,REJECTED_V03_CANDIDATE,,V03 candidate path is not an admitted V04 source-proof root/edge.,candidate never promoted; unsupported source edge stops immediately
V03F00857,CANDIDATE,RETURN,80:9E4F:E0M1X1:C?:DBR??:C,001E4F,REJECTED_V03_CANDIDATE,,V03 candidate path is not an admitted V04 source-proof root/edge.,candidate never promoted; unsupported source edge stops immediately
V03F00858,CANDIDATE,RETURN,80:B7AA:E0M1X1:C?:DBR??:C,0037AA,REJECTED_V03_CANDIDATE,,V03 candidate path is not an admitted V04 source-proof root/edge.,candidate never promoted; unsupported source edge stops immediately
V03F00859,CANDIDATE,RETURN,80:B683:E0M1X1:C?:DBR??:C,003683,REJECTED_V03_CANDIDATE,,V03 candidate path is not an admitted V04 source-proof root/edge.,candidate never promoted; unsupported source edge stops immediately
V03F00860,CANDIDATE,RETURN,81:D106:E0M1X1:C?:DBR??:C,00D106,REJECTED_V03_CANDIDATE,,V03 candidate path is not an admitted V04 source-proof root/edge.,candidate never promoted; unsupported source edge stops immediately
V03F00861,CANDIDATE,RETURN,80:9072:E0M1X1:C?:DBR??:C,001072,REJECTED_V03_CANDIDATE,,V03 candidate path is not an admitted V04 source-proof root/edge.,candidate never promoted; unsupported source edge stops immediately
V03F00862,CANDIDATE,RETURN,80:B694:E0M1X1:C?:DBR??:C,003694,REJECTED_V03_CANDIDATE,,V03 candidate path is not an admitted V04 source-proof root/edge.,candidate never promoted; unsupported source edge stops immediately
V03F00863,CANDIDATE,RETURN,81:D6CA:E0M1X1:C?:DBR??:C,00D6CA,REJECTED_V03_CANDIDATE,,V03 candidate path is not an admitted V04 source-proof root/edge.,candidate never promoted; unsupported source edge stops immediately
V03F00864,CANDIDATE,RETURN,80:906E:E0M1X1:C?:DBR??:C,00106E,REJECTED_V03_CANDIDATE,,V03 candidate path is not an admitted V04 source-proof root/edge.,candidate never promoted; unsupported source edge stops immediately
V03F00865,CANDIDATE,RETURN,81:9F9C:E0M1X0:C?:DBR??:C,009F9C,REJECTED_V03_CANDIDATE,,V03 candidate path is not an admitted V04 source-proof root/edge.,candidate never promoted; unsupported source edge stops immediately
V03F00866,CANDIDATE,RETURN,9F:FA8C:E0M0X0:C?:DBR??:C,0FFA8C,REJECTED_V03_CANDIDATE,,V03 candidate path is not an admitted V04 source-proof root/edge.,candidate never promoted; unsupported source edge stops immediately
V03F00867,CANDIDATE,RETURN,80:D2FA:E0M1X1:C?:DBR??:C,0052FA,REJECTED_V03_CANDIDATE,,V03 candidate path is not an admitted V04 source-proof root/edge.,candidate never promoted; unsupported source edge stops immediately
V03F00868,CANDIDATE,RETURN,80:9364:E0M1X1:C?:DBR??:C,001364,REJECTED_V03_CANDIDATE,,V03 candidate path is not an admitted V04 source-proof root/edge.,candidate never promoted; unsupported source edge stops immediately
V03F00869,CANDIDATE,RETURN,80:9F06:E0M1X1:C?:DBR??:C,001F06,REJECTED_V03_CANDIDATE,,V03 candidate path is not an admitted V04 source-proof root/edge.,candidate never promoted; unsupported source edge stops immediately
V03F00870,CANDIDATE,RETURN,80:9D37:E0M1X1:C?:DBR??:C,001D37,REJECTED_V03_CANDIDATE,,V03 candidate path is not an admitted V04 source-proof root/edge.,candidate never promoted; unsupported source edge stops immediately
V03F00871,CANDIDATE,RETURN,80:9DE8:E0M1X1:C?:DBR??:C,001DE8,REJECTED_V03_CANDIDATE,,V03 candidate path is not an admitted V04 source-proof root/edge.,candidate never promoted; unsupported source edge stops immediately
V03F00872,CANDIDATE,RETURN,9F:F107:E0M0X0:C?:DBR9F:C,0FF107,REJECTED_V03_CANDIDATE,,V03 candidate path is not an admitted V04 source-proof root/edge.,candidate never promoted; unsupported source edge stops immediately
V03F00873,CANDIDATE,RETURN,9F:F0E6:E0M0X0:C?:DBR??:C,0FF0E6,REJECTED_V03_CANDIDATE,,V03 candidate path is not an admitted V04 source-proof root/edge.,candidate never promoted; unsupported source edge stops immediately
V03F00874,CANDIDATE,RETURN,80:8FED:E0M1X1:C?:DBR??:C,000FED,REJECTED_V03_CANDIDATE,,V03 candidate path is not an admitted V04 source-proof root/edge.,candidate never promoted; unsupported source edge stops immediately
