V03_Root_ID,Root_Type,V03_Level,Context,Disposition,Reason
V03R00001,VECTOR_SOURCE_PROVED,PROVED,00:8000:E1M1X1,PRESERVED_SOURCE_ROOT,V04 admits only exact source-root/direct-flow paths; speculative V03 roots do not create authority.
V03R00002,VECTOR_SOURCE_PROVED,PROVED,00:81BB:E1M1X1,PRESERVED_SOURCE_ROOT,V04 admits only exact source-root/direct-flow paths; speculative V03 roots do not create authority.
V03R00003,VECTOR_SOURCE_PROVED,PROVED,00:8166:E1M1X1,PRESERVED_SOURCE_ROOT,V04 admits only exact source-root/direct-flow paths; speculative V03 roots do not create authority.
V03R00004,VECTOR_SOURCE_PROVED,PROVED,00:81FD:E1M1X1,PRESERVED_SOURCE_ROOT,V04 admits only exact source-root/direct-flow paths; speculative V03 roots do not create authority.
V03R00005,VECTOR_SOURCE_PROVED,PROVED,00:81BB:E0M0X0,PRESERVED_SOURCE_ROOT,V04 admits only exact source-root/direct-flow paths; speculative V03 roots do not create authority.
V03R00006,VECTOR_SOURCE_PROVED,PROVED,00:81BB:E0M0X1,PRESERVED_SOURCE_ROOT,V04 admits only exact source-root/direct-flow paths; speculative V03 roots do not create authority.
V03R00007,VECTOR_SOURCE_PROVED,PROVED,00:81BB:E0M1X0,PRESERVED_SOURCE_ROOT,V04 admits only exact source-root/direct-flow paths; speculative V03 roots do not create authority.
V03R00008,VECTOR_SOURCE_PROVED,PROVED,00:81BB:E0M1X1,PRESERVED_SOURCE_ROOT,V04 admits only exact source-root/direct-flow paths; speculative V03 roots do not create authority.
V03R00009,VECTOR_SOURCE_PROVED,PROVED,00:8166:E0M0X0,PRESERVED_SOURCE_ROOT,V04 admits only exact source-root/direct-flow paths; speculative V03 roots do not create authority.
V03R00010,VECTOR_SOURCE_PROVED,PROVED,00:8166:E0M0X1,PRESERVED_SOURCE_ROOT,V04 admits only exact source-root/direct-flow paths; speculative V03 roots do not create authority.
V03R00011,VECTOR_SOURCE_PROVED,PROVED,00:8166:E0M1X0,PRESERVED_SOURCE_ROOT,V04 admits only exact source-root/direct-flow paths; speculative V03 roots do not create authority.
V03R00012,VECTOR_SOURCE_PROVED,PROVED,00:8166:E0M1X1,PRESERVED_SOURCE_ROOT,V04 admits only exact source-root/direct-flow paths; speculative V03 roots do not create authority.
V03R00013,VECTOR_SOURCE_PROVED,PROVED,00:81FD:E0M0X0,PRESERVED_SOURCE_ROOT,V04 admits only exact source-root/direct-flow paths; speculative V03 roots do not create authority.
V03R00014,VECTOR_SOURCE_PROVED,PROVED,00:81FD:E0M0X1,PRESERVED_SOURCE_ROOT,V04 admits only exact source-root/direct-flow paths; speculative V03 roots do not create authority.
V03R00015,VECTOR_SOURCE_PROVED,PROVED,00:81FD:E0M1X0,PRESERVED_SOURCE_ROOT,V04 admits only exact source-root/direct-flow paths; speculative V03 roots do not create authority.
V03R00016,VECTOR_SOURCE_PROVED,PROVED,00:81FD:E0M1X1,PRESERVED_SOURCE_ROOT,V04 admits only exact source-root/direct-flow paths; speculative V03 roots do not create authority.
V03R00017,RETURN_CONTINUATION_CANDIDATE,CANDIDATE,80:8184:E1M1X1,REJECTED_CANDIDATE_ROOT,V04 admits only exact source-root/direct-flow paths; speculative V03 roots do not create authority.
V03R00018,RETURN_CONTINUATION_CANDIDATE,CANDIDATE,80:8184:E0M1X1,REJECTED_CANDIDATE_ROOT,V04 admits only exact source-root/direct-flow paths; speculative V03 roots do not create authority.
V03R00019,RETURN_CONTINUATION_CANDIDATE,CANDIDATE,80:8187:E1M1X1,REJECTED_CANDIDATE_ROOT,V04 admits only exact source-root/direct-flow paths; speculative V03 roots do not create authority.
V03R00020,RETURN_CONTINUATION_CANDIDATE,CANDIDATE,80:8187:E0M1X1,REJECTED_CANDIDATE_ROOT,V04 admits only exact source-root/direct-flow paths; speculative V03 roots do not create authority.
V03R00021,RETURN_CONTINUATION_CANDIDATE,CANDIDATE,80:818A:E1M1X1,SUPERSEDED_BY_SOURCE_PROOF,V04 admits only exact source-root/direct-flow paths; speculative V03 roots do not create authority.
V03R00022,RETURN_CONTINUATION_CANDIDATE,CANDIDATE,80:821D:E1M1X1,SUPERSEDED_BY_SOURCE_PROOF,V04 admits only exact source-root/direct-flow paths; speculative V03 roots do not create authority.
V03R00023,RETURN_CONTINUATION_CANDIDATE,CANDIDATE,80:818A:E0M1X1,SUPERSEDED_BY_SOURCE_PROOF,V04 admits only exact source-root/direct-flow paths; speculative V03 roots do not create authority.
V03R00024,RETURN_CONTINUATION_CANDIDATE,CANDIDATE,80:821D:E0M1X1,SUPERSEDED_BY_SOURCE_PROOF,V04 admits only exact source-root/direct-flow paths; speculative V03 roots do not create authority.
V03R00025,WIDTH_CANDIDATE,CANDIDATE,80:8227:E0M0X0,SUPERSEDED_BY_SOURCE_PROOF,V04 admits only exact source-root/direct-flow paths; speculative V03 roots do not create authority.
V03R00026,WIDTH_CANDIDATE,CANDIDATE,80:8227:E0M0X1,SUPERSEDED_BY_SOURCE_PROOF,V04 admits only exact source-root/direct-flow paths; speculative V03 roots do not create authority.
V03R00027,WIDTH_CANDIDATE,CANDIDATE,80:8227:E0M1X0,SUPERSEDED_BY_SOURCE_PROOF,V04 admits only exact source-root/direct-flow paths; speculative V03 roots do not create authority.
V03R00028,WIDTH_CANDIDATE,CANDIDATE,80:8227:E0M1X1,SUPERSEDED_BY_SOURCE_PROOF,V04 admits only exact source-root/direct-flow paths; speculative V03 roots do not create authority.
V03R00029,RETURN_CONTINUATION_CANDIDATE,CANDIDATE,80:FC27:E1M1X1,REJECTED_CANDIDATE_ROOT,V04 admits only exact source-root/direct-flow paths; speculative V03 roots do not create authority.
V03R00030,RETURN_CONTINUATION_CANDIDATE,CANDIDATE,80:FC27:E0M1X1,REJECTED_CANDIDATE_ROOT,V04 admits only exact source-root/direct-flow paths; speculative V03 roots do not create authority.
V03R00031,WIDTH_CANDIDATE,CANDIDATE,80:DCBE:E0M0X0,REJECTED_CANDIDATE_ROOT,V04 admits only exact source-root/direct-flow paths; speculative V03 roots do not create authority.
V03R00032,WIDTH_CANDIDATE,CANDIDATE,80:DCBE:E0M0X1,REJECTED_CANDIDATE_ROOT,V04 admits only exact source-root/direct-flow paths; speculative V03 roots do not create authority.
V03R00033,WIDTH_CANDIDATE,CANDIDATE,80:DCBE:E0M1X0,REJECTED_CANDIDATE_ROOT,V04 admits only exact source-root/direct-flow paths; speculative V03 roots do not create authority.
V03R00034,WIDTH_CANDIDATE,CANDIDATE,80:DCBE:E0M1X1,REJECTED_CANDIDATE_ROOT,V04 admits only exact source-root/direct-flow paths; speculative V03 roots do not create authority.
V03R00035,WIDTH_CANDIDATE,CANDIDATE,80:FC28:E0M0X0,REJECTED_CANDIDATE_ROOT,V04 admits only exact source-root/direct-flow paths; speculative V03 roots do not create authority.
V03R00036,WIDTH_CANDIDATE,CANDIDATE,80:FC28:E0M0X1,REJECTED_CANDIDATE_ROOT,V04 admits only exact source-root/direct-flow paths; speculative V03 roots do not create authority.
V03R00037,WIDTH_CANDIDATE,CANDIDATE,80:FC28:E0M1X0,REJECTED_CANDIDATE_ROOT,V04 admits only exact source-root/direct-flow paths; speculative V03 roots do not create authority.
V03R00038,WIDTH_CANDIDATE,CANDIDATE,80:FC28:E0M1X1,REJECTED_CANDIDATE_ROOT,V04 admits only exact source-root/direct-flow paths; speculative V03 roots do not create authority.
V03R00039,RETURN_CONTINUATION_CANDIDATE,CANDIDATE,80:803C:E0M1X1,SUPERSEDED_BY_SOURCE_PROOF,V04 admits only exact source-root/direct-flow paths; speculative V03 roots do not create authority.
V03R00040,RETURN_CONTINUATION_CANDIDATE,CANDIDATE,80:8040:E0M1X1,SUPERSEDED_BY_SOURCE_PROOF,V04 admits only exact source-root/direct-flow paths; speculative V03 roots do not create authority.
V03R00041,RETURN_CONTINUATION_CANDIDATE,CANDIDATE,80:8043:E0M1X1,SUPERSEDED_BY_SOURCE_PROOF,V04 admits only exact source-root/direct-flow paths; speculative V03 roots do not create authority.
V03R00042,RETURN_CONTINUATION_CANDIDATE,CANDIDATE,80:8047:E0M1X1,SUPERSEDED_BY_SOURCE_PROOF,V04 admits only exact source-root/direct-flow paths; speculative V03 roots do not create authority.
V03R00043,RETURN_CONTINUATION_CANDIDATE,CANDIDATE,80:804A:E0M1X1,SUPERSEDED_BY_SOURCE_PROOF,V04 admits only exact source-root/direct-flow paths; speculative V03 roots do not create authority.
V03R00044,RETURN_CONTINUATION_CANDIDATE,CANDIDATE,80:F8DE:E0M1X1,SUPERSEDED_BY_SOURCE_PROOF,V04 admits only exact source-root/direct-flow paths; speculative V03 roots do not create authority.
V03R00045,RETURN_CONTINUATION_CANDIDATE,CANDIDATE,80:804D:E0M1X1,SUPERSEDED_BY_SOURCE_PROOF,V04 admits only exact source-root/direct-flow paths; speculative V03 roots do not create authority.
V03R00046,RETURN_CONTINUATION_CANDIDATE,CANDIDATE,80:F8E3:E0M1X1,SUPERSEDED_BY_SOURCE_PROOF,V04 admits only exact source-root/direct-flow paths; speculative V03 roots do not create authority.
V03R00047,RETURN_CONTINUATION_CANDIDATE,CANDIDATE,80:8119:E0M1X1,SUPERSEDED_BY_SOURCE_PROOF,V04 admits only exact source-root/direct-flow paths; speculative V03 roots do not create authority.
V03R00048,RETURN_CONTINUATION_CANDIDATE,CANDIDATE,80:F8E8:E0M1X1,SUPERSEDED_BY_SOURCE_PROOF,V04 admits only exact source-root/direct-flow paths; speculative V03 roots do not create authority.
V03R00049,RETURN_CONTINUATION_CANDIDATE,CANDIDATE,80:8058:E0M1X1,REJECTED_CANDIDATE_ROOT,V04 admits only exact source-root/direct-flow paths; speculative V03 roots do not create authority.
V03R00050,RETURN_CONTINUATION_CANDIDATE,CANDIDATE,80:F981:E0M1X1,SUPERSEDED_BY_SOURCE_PROOF,V04 admits only exact source-root/direct-flow paths; speculative V03 roots do not create authority.
V03R00051,RETURN_CONTINUATION_CANDIDATE,CANDIDATE,80:F8ED:E0M1X1,SUPERSEDED_BY_SOURCE_PROOF,V04 admits only exact source-root/direct-flow paths; speculative V03 roots do not create authority.
V03R00052,WIDTH_CANDIDATE,CANDIDATE,80:FB3D:E0M0X0,REJECTED_CANDIDATE_ROOT,V04 admits only exact source-root/direct-flow paths; speculative V03 roots do not create authority.
V03R00053,WIDTH_CANDIDATE,CANDIDATE,80:FB3D:E0M0X1,REJECTED_CANDIDATE_ROOT,V04 admits only exact source-root/direct-flow paths; speculative V03 roots do not create authority.
V03R00054,WIDTH_CANDIDATE,CANDIDATE,80:FB3D:E0M1X0,REJECTED_CANDIDATE_ROOT,V04 admits only exact source-root/direct-flow paths; speculative V03 roots do not create authority.
V03R00055,WIDTH_CANDIDATE,CANDIDATE,80:FB3D:E0M1X1,SUPERSEDED_BY_SOURCE_PROOF,V04 admits only exact source-root/direct-flow paths; speculative V03 roots do not create authority.
V03R00056,RETURN_CONTINUATION_CANDIDATE,CANDIDATE,80:F8F2:E0M1X1,SUPERSEDED_BY_SOURCE_PROOF,V04 admits only exact source-root/direct-flow paths; speculative V03 roots do not create authority.
V03R00057,RETURN_CONTINUATION_CANDIDATE,CANDIDATE,81:AC46:E0M1X1,REJECTED_CANDIDATE_ROOT,V04 admits only exact source-root/direct-flow paths; speculative V03 roots do not create authority.
V03R00058,RETURN_CONTINUATION_CANDIDATE,CANDIDATE,80:8074:E0M1X1,REJECTED_CANDIDATE_ROOT,V04 admits only exact source-root/direct-flow paths; speculative V03 roots do not create authority.
V03R00059,RETURN_CONTINUATION_CANDIDATE,CANDIDATE,80:8063:E0M1X1,REJECTED_CANDIDATE_ROOT,V04 admits only exact source-root/direct-flow paths; speculative V03 roots do not create authority.
V03R00060,RETURN_CONTINUATION_CANDIDATE,CANDIDATE,80:812C:E0M1X1,SUPERSEDED_BY_SOURCE_PROOF,V04 admits only exact source-root/direct-flow paths; speculative V03 roots do not create authority.
V03R00061,RETURN_CONTINUATION_CANDIDATE,CANDIDATE,80:8066:E0M1X1,REJECTED_CANDIDATE_ROOT,V04 admits only exact source-root/direct-flow paths; speculative V03 roots do not create authority.
V03R00062,RETURN_CONTINUATION_CANDIDATE,CANDIDATE,80:812F:E0M1X1,SUPERSEDED_BY_SOURCE_PROOF,V04 admits only exact source-root/direct-flow paths; speculative V03 roots do not create authority.
V03R00063,RETURN_CONTINUATION_CANDIDATE,CANDIDATE,81:AC4C:E0M1X1,SUPERSEDED_BY_SOURCE_PROOF,V04 admits only exact source-root/direct-flow paths; speculative V03 roots do not create authority.
V03R00064,RETURN_CONTINUATION_CANDIDATE,CANDIDATE,80:807A:E0M1X1,REJECTED_CANDIDATE_ROOT,V04 admits only exact source-root/direct-flow paths; speculative V03 roots do not create authority.
V03R00065,RETURN_CONTINUATION_CANDIDATE,CANDIDATE,80:8069:E0M1X1,REJECTED_CANDIDATE_ROOT,V04 admits only exact source-root/direct-flow paths; speculative V03 roots do not create authority.
V03R00066,RETURN_CONTINUATION_CANDIDATE,CANDIDATE,80:FA48:E0M1X0,SUPERSEDED_BY_SOURCE_PROOF,V04 admits only exact source-root/direct-flow paths; speculative V03 roots do not create authority.
V03R00067,RETURN_CONTINUATION_CANDIDATE,CANDIDATE,81:AC4F:E0M1X1,SUPERSEDED_BY_SOURCE_PROOF,V04 admits only exact source-root/direct-flow paths; speculative V03 roots do not create authority.
V03R00068,RETURN_CONTINUATION_CANDIDATE,CANDIDATE,80:806C:E0M1X1,REJECTED_CANDIDATE_ROOT,V04 admits only exact source-root/direct-flow paths; speculative V03 roots do not create authority.
V03R00069,RETURN_CONTINUATION_CANDIDATE,CANDIDATE,80:8080:E0M1X1,REJECTED_CANDIDATE_ROOT,V04 admits only exact source-root/direct-flow paths; speculative V03 roots do not create authority.
V03R00070,RETURN_CONTINUATION_CANDIDATE,CANDIDATE,80:8083:E0M1X1,REJECTED_CANDIDATE_ROOT,V04 admits only exact source-root/direct-flow paths; speculative V03 roots do not create authority.
V03R00071,RETURN_CONTINUATION_CANDIDATE,CANDIDATE,80:80E0:E0M1X1,REJECTED_CANDIDATE_ROOT,V04 admits only exact source-root/direct-flow paths; speculative V03 roots do not create authority.
V03R00072,RETURN_CONTINUATION_CANDIDATE,CANDIDATE,80:F910:E0M1X1,SUPERSEDED_BY_SOURCE_PROOF,V04 admits only exact source-root/direct-flow paths; speculative V03 roots do not create authority.
V03R00073,RETURN_CONTINUATION_CANDIDATE,CANDIDATE,80:8086:E0M1X1,REJECTED_CANDIDATE_ROOT,V04 admits only exact source-root/direct-flow paths; speculative V03 roots do not create authority.
V03R00074,WIDTH_CANDIDATE,CANDIDATE,80:F997:E0M0X0,REJECTED_CANDIDATE_ROOT,V04 admits only exact source-root/direct-flow paths; speculative V03 roots do not create authority.
V03R00075,WIDTH_CANDIDATE,CANDIDATE,80:F997:E0M0X1,REJECTED_CANDIDATE_ROOT,V04 admits only exact source-root/direct-flow paths; speculative V03 roots do not create authority.
V03R00076,WIDTH_CANDIDATE,CANDIDATE,80:F997:E0M1X0,REJECTED_CANDIDATE_ROOT,V04 admits only exact source-root/direct-flow paths; speculative V03 roots do not create authority.
V03R00077,WIDTH_CANDIDATE,CANDIDATE,80:F997:E0M1X1,SUPERSEDED_BY_SOURCE_PROOF,V04 admits only exact source-root/direct-flow paths; speculative V03 roots do not create authority.
V03R00078,RETURN_CONTINUATION_CANDIDATE,CANDIDATE,80:F994:E0M0X1,SUPERSEDED_BY_SOURCE_PROOF,V04 admits only exact source-root/direct-flow paths; speculative V03 roots do not create authority.
V03R00079,RETURN_CONTINUATION_CANDIDATE,CANDIDATE,80:F918:E0M1X1,SUPERSEDED_BY_SOURCE_PROOF,V04 admits only exact source-root/direct-flow paths; speculative V03 roots do not create authority.
V03R00080,RETURN_CONTINUATION_CANDIDATE,CANDIDATE,80:808F:E0M1X1,REJECTED_CANDIDATE_ROOT,V04 admits only exact source-root/direct-flow paths; speculative V03 roots do not create authority.
V03R00081,RETURN_CONTINUATION_CANDIDATE,CANDIDATE,80:FA58:E0M0X0,SUPERSEDED_BY_SOURCE_PROOF,V04 admits only exact source-root/direct-flow paths; speculative V03 roots do not create authority.
V03R00082,RETURN_CONTINUATION_CANDIDATE,CANDIDATE,81:ACE9:E0M1X1,SUPERSEDED_BY_SOURCE_PROOF,V04 admits only exact source-root/direct-flow paths; speculative V03 roots do not create authority.
V03R00083,RETURN_CONTINUATION_CANDIDATE,CANDIDATE,80:FA5B:E0M0X0,SUPERSEDED_BY_SOURCE_PROOF,V04 admits only exact source-root/direct-flow paths; speculative V03 roots do not create authority.
V03R00084,RETURN_CONTINUATION_CANDIDATE,CANDIDATE,81:ACEC:E0M1X1,SUPERSEDED_BY_SOURCE_PROOF,V04 admits only exact source-root/direct-flow paths; speculative V03 roots do not create authority.
V03R00085,RETURN_CONTINUATION_CANDIDATE,CANDIDATE,81:AC77:E0M0X0,SUPERSEDED_BY_SOURCE_PROOF,V04 admits only exact source-root/direct-flow paths; speculative V03 roots do not create authority.
V03R00086,RETURN_CONTINUATION_CANDIDATE,CANDIDATE,81:AC6B:E0M0X0,SUPERSEDED_BY_SOURCE_PROOF,V04 admits only exact source-root/direct-flow paths; speculative V03 roots do not create authority.
V03R00087,RETURN_CONTINUATION_CANDIDATE,CANDIDATE,81:AC9F:E0M1X1,REJECTED_CANDIDATE_ROOT,V04 admits only exact source-root/direct-flow paths; speculative V03 roots do not create authority.
V03R00088,RETURN_CONTINUATION_CANDIDATE,CANDIDATE,81:ACF1:E0M1X1,SUPERSEDED_BY_SOURCE_PROOF,V04 admits only exact source-root/direct-flow paths; speculative V03 roots do not create authority.
V03R00089,WIDTH_CANDIDATE,CANDIDATE,80:F9F1:E0M0X0,REJECTED_CANDIDATE_ROOT,V04 admits only exact source-root/direct-flow paths; speculative V03 roots do not create authority.
V03R00090,WIDTH_CANDIDATE,CANDIDATE,80:F9F1:E0M0X1,REJECTED_CANDIDATE_ROOT,V04 admits only exact source-root/direct-flow paths; speculative V03 roots do not create authority.
V03R00091,WIDTH_CANDIDATE,CANDIDATE,80:F9F1:E0M1X0,REJECTED_CANDIDATE_ROOT,V04 admits only exact source-root/direct-flow paths; speculative V03 roots do not create authority.
V03R00092,WIDTH_CANDIDATE,CANDIDATE,80:F9F1:E0M1X1,SUPERSEDED_BY_SOURCE_PROOF,V04 admits only exact source-root/direct-flow paths; speculative V03 roots do not create authority.
V03R00093,RETURN_CONTINUATION_CANDIDATE,CANDIDATE,81:9D61:E0M0X0,SUPERSEDED_BY_SOURCE_PROOF,V04 admits only exact source-root/direct-flow paths; speculative V03 roots do not create authority.
V03R00094,RETURN_CONTINUATION_CANDIDATE,CANDIDATE,81:A55A:E0M1X1,SUPERSEDED_BY_SOURCE_PROOF,V04 admits only exact source-root/direct-flow paths; speculative V03 roots do not create authority.
V03R00095,RETURN_CONTINUATION_CANDIDATE,CANDIDATE,81:ACF4:E0M1X1,SUPERSEDED_BY_SOURCE_PROOF,V04 admits only exact source-root/direct-flow paths; speculative V03 roots do not create authority.
V03R00096,WIDTH_CANDIDATE,CANDIDATE,80:FB2E:E0M0X0,SUPERSEDED_BY_SOURCE_PROOF,V04 admits only exact source-root/direct-flow paths; speculative V03 roots do not create authority.
V03R00097,WIDTH_CANDIDATE,CANDIDATE,80:FB2E:E0M0X1,REJECTED_CANDIDATE_ROOT,V04 admits only exact source-root/direct-flow paths; speculative V03 roots do not create authority.
V03R00098,WIDTH_CANDIDATE,CANDIDATE,80:FB2E:E0M1X0,SUPERSEDED_BY_SOURCE_PROOF,V04 admits only exact source-root/direct-flow paths; speculative V03 roots do not create authority.
V03R00099,WIDTH_CANDIDATE,CANDIDATE,80:FB2E:E0M1X1,REJECTED_CANDIDATE_ROOT,V04 admits only exact source-root/direct-flow paths; speculative V03 roots do not create authority.
V03R00100,RETURN_CONTINUATION_CANDIDATE,CANDIDATE,81:A55D:E0M1X1,SUPERSEDED_BY_SOURCE_PROOF,V04 admits only exact source-root/direct-flow paths; speculative V03 roots do not create authority.
V03R00101,WIDTH_CANDIDATE,CANDIDATE,80:FB1C:E0M0X0,REJECTED_CANDIDATE_ROOT,V04 admits only exact source-root/direct-flow paths; speculative V03 roots do not create authority.
V03R00102,WIDTH_CANDIDATE,CANDIDATE,80:FB1C:E0M0X1,REJECTED_CANDIDATE_ROOT,V04 admits only exact source-root/direct-flow paths; speculative V03 roots do not create authority.
V03R00103,WIDTH_CANDIDATE,CANDIDATE,80:FB1C:E0M1X0,SUPERSEDED_BY_SOURCE_PROOF,V04 admits only exact source-root/direct-flow paths; speculative V03 roots do not create authority.
V03R00104,WIDTH_CANDIDATE,CANDIDATE,80:FB1C:E0M1X1,REJECTED_CANDIDATE_ROOT,V04 admits only exact source-root/direct-flow paths; speculative V03 roots do not create authority.
V03R00105,RETURN_CONTINUATION_CANDIDATE,CANDIDATE,80:FA67:E0M1X0,SUPERSEDED_BY_SOURCE_PROOF,V04 admits only exact source-root/direct-flow paths; speculative V03 roots do not create authority.
V03R00106,RETURN_CONTINUATION_CANDIDATE,CANDIDATE,81:AC83:E0M0X0,SUPERSEDED_BY_SOURCE_PROOF,V04 admits only exact source-root/direct-flow paths; speculative V03 roots do not create authority.
V03R00107,RETURN_CONTINUATION_CANDIDATE,CANDIDATE,81:AF43:E0M1X1,SUPERSEDED_BY_SOURCE_PROOF,V04 admits only exact source-root/direct-flow paths; speculative V03 roots do not create authority.
V03R00108,RETURN_CONTINUATION_CANDIDATE,CANDIDATE,81:AD08:E0M1X1,SUPERSEDED_BY_SOURCE_PROOF,V04 admits only exact source-root/direct-flow paths; speculative V03 roots do not create authority.
V03R00109,RETURN_CONTINUATION_CANDIDATE,CANDIDATE,81:ACFB:E0M1X1,SUPERSEDED_BY_SOURCE_PROOF,V04 admits only exact source-root/direct-flow paths; speculative V03 roots do not create authority.
V03R00110,RETURN_CONTINUATION_CANDIDATE,CANDIDATE,80:83A1:E0M0X0,SUPERSEDED_BY_SOURCE_PROOF,V04 admits only exact source-root/direct-flow paths; speculative V03 roots do not create authority.
V03R00111,RETURN_CONTINUATION_CANDIDATE,CANDIDATE,81:AD38:E0M0X0,REJECTED_CANDIDATE_ROOT,V04 admits only exact source-root/direct-flow paths; speculative V03 roots do not create authority.
V03R00112,RETURN_CONTINUATION_CANDIDATE,CANDIDATE,81:AC88:E0M1X1,SUPERSEDED_BY_SOURCE_PROOF,V04 admits only exact source-root/direct-flow paths; speculative V03 roots do not create authority.
V03R00113,RETURN_CONTINUATION_CANDIDATE,CANDIDATE,81:ACAE:E0M1X1,REJECTED_CANDIDATE_ROOT,V04 admits only exact source-root/direct-flow paths; speculative V03 roots do not create authority.
V03R00114,RETURN_CONTINUATION_CANDIDATE,CANDIDATE,81:ACFE:E0M1X1,SUPERSEDED_BY_SOURCE_PROOF,V04 admits only exact source-root/direct-flow paths; speculative V03 roots do not create authority.
V03R00115,RETURN_CONTINUATION_CANDIDATE,CANDIDATE,80:FA6F:E0M1X0,SUPERSEDED_BY_SOURCE_PROOF,V04 admits only exact source-root/direct-flow paths; speculative V03 roots do not create authority.
V03R00116,RETURN_CONTINUATION_CANDIDATE,CANDIDATE,81:A569:E0M0X0,SUPERSEDED_BY_SOURCE_PROOF,V04 admits only exact source-root/direct-flow paths; speculative V03 roots do not create authority.
V03R00117,RETURN_CONTINUATION_CANDIDATE,CANDIDATE,80:80B7:E0M1X1,REJECTED_CANDIDATE_ROOT,V04 admits only exact source-root/direct-flow paths; speculative V03 roots do not create authority.
V03R00118,WIDTH_CANDIDATE,CANDIDATE,80:FA36:E0M0X0,REJECTED_CANDIDATE_ROOT,V04 admits only exact source-root/direct-flow paths; speculative V03 roots do not create authority.
V03R00119,WIDTH_CANDIDATE,CANDIDATE,80:FA36:E0M0X1,SUPERSEDED_BY_SOURCE_PROOF,V04 admits only exact source-root/direct-flow paths; speculative V03 roots do not create authority.
V03R00120,WIDTH_CANDIDATE,CANDIDATE,80:FA36:E0M1X0,REJECTED_CANDIDATE_ROOT,V04 admits only exact source-root/direct-flow paths; speculative V03 roots do not create authority.
V03R00121,WIDTH_CANDIDATE,CANDIDATE,80:FA36:E0M1X1,REJECTED_CANDIDATE_ROOT,V04 admits only exact source-root/direct-flow paths; speculative V03 roots do not create authority.
V03R00122,RETURN_CONTINUATION_CANDIDATE,CANDIDATE,80:83A7:E0M0X0,SUPERSEDED_BY_SOURCE_PROOF,V04 admits only exact source-root/direct-flow paths; speculative V03 roots do not create authority.
V03R00123,RETURN_CONTINUATION_CANDIDATE,CANDIDATE,81:F458:E0M1X1,SUPERSEDED_BY_SOURCE_PROOF,V04 admits only exact source-root/direct-flow paths; speculative V03 roots do not create authority.
V03R00124,WIDTH_CANDIDATE,CANDIDATE,81:9DA7:E0M0X0,REJECTED_CANDIDATE_ROOT,V04 admits only exact source-root/direct-flow paths; speculative V03 roots do not create authority.
V03R00125,WIDTH_CANDIDATE,CANDIDATE,81:9DA7:E0M0X1,REJECTED_CANDIDATE_ROOT,V04 admits only exact source-root/direct-flow paths; speculative V03 roots do not create authority.
V03R00126,WIDTH_CANDIDATE,CANDIDATE,81:9DA7:E0M1X0,REJECTED_CANDIDATE_ROOT,V04 admits only exact source-root/direct-flow paths; speculative V03 roots do not create authority.
V03R00127,WIDTH_CANDIDATE,CANDIDATE,81:9DA7:E0M1X1,SUPERSEDED_BY_SOURCE_PROOF,V04 admits only exact source-root/direct-flow paths; speculative V03 roots do not create authority.
V03R00128,WIDTH_CANDIDATE,CANDIDATE,81:9DA4:E0M0X0,REJECTED_CANDIDATE_ROOT,V04 admits only exact source-root/direct-flow paths; speculative V03 roots do not create authority.
V03R00129,WIDTH_CANDIDATE,CANDIDATE,81:9DA4:E0M0X1,REJECTED_CANDIDATE_ROOT,V04 admits only exact source-root/direct-flow paths; speculative V03 roots do not create authority.
V03R00130,WIDTH_CANDIDATE,CANDIDATE,81:9DA4:E0M1X0,REJECTED_CANDIDATE_ROOT,V04 admits only exact source-root/direct-flow paths; speculative V03 roots do not create authority.
V03R00131,WIDTH_CANDIDATE,CANDIDATE,81:9DA4:E0M1X1,SUPERSEDED_BY_SOURCE_PROOF,V04 admits only exact source-root/direct-flow paths; speculative V03 roots do not create authority.
V03R00132,RETURN_CONTINUATION_CANDIDATE,CANDIDATE,81:AD03:E0M1X1,SUPERSEDED_BY_SOURCE_PROOF,V04 admits only exact source-root/direct-flow paths; speculative V03 roots do not create authority.
V03R00133,RETURN_CONTINUATION_CANDIDATE,CANDIDATE,80:80BA:E0M1X1,REJECTED_CANDIDATE_ROOT,V04 admits only exact source-root/direct-flow paths; speculative V03 roots do not create authority.
V03R00134,WIDTH_CANDIDATE,CANDIDATE,80:F9EA:E0M0X0,REJECTED_CANDIDATE_ROOT,V04 admits only exact source-root/direct-flow paths; speculative V03 roots do not create authority.
V03R00135,WIDTH_CANDIDATE,CANDIDATE,80:F9EA:E0M0X1,REJECTED_CANDIDATE_ROOT,V04 admits only exact source-root/direct-flow paths; speculative V03 roots do not create authority.
V03R00136,WIDTH_CANDIDATE,CANDIDATE,80:F9EA:E0M1X0,REJECTED_CANDIDATE_ROOT,V04 admits only exact source-root/direct-flow paths; speculative V03 roots do not create authority.
V03R00137,WIDTH_CANDIDATE,CANDIDATE,80:F9EA:E0M1X1,SUPERSEDED_BY_SOURCE_PROOF,V04 admits only exact source-root/direct-flow paths; speculative V03 roots do not create authority.
V03R00138,RETURN_CONTINUATION_CANDIDATE,CANDIDATE,81:9D78:E0M0X0,SUPERSEDED_BY_SOURCE_PROOF,V04 admits only exact source-root/direct-flow paths; speculative V03 roots do not create authority.
V03R00139,RETURN_CONTINUATION_CANDIDATE,CANDIDATE,81:F45B:E0M1X1,SUPERSEDED_BY_SOURCE_PROOF,V04 admits only exact source-root/direct-flow paths; speculative V03 roots do not create authority.
V03R00140,RETURN_CONTINUATION_CANDIDATE,CANDIDATE,81:ACB6:E0M1X1,REJECTED_CANDIDATE_ROOT,V04 admits only exact source-root/direct-flow paths; speculative V03 roots do not create authority.
V03R00141,RETURN_CONTINUATION_CANDIDATE,CANDIDATE,80:80BE:E0M1X1,REJECTED_CANDIDATE_ROOT,V04 admits only exact source-root/direct-flow paths; speculative V03 roots do not create authority.
V03R00142,RETURN_CONTINUATION_CANDIDATE,CANDIDATE,80:810A:E0M1X1,REJECTED_CANDIDATE_ROOT,V04 admits only exact source-root/direct-flow paths; speculative V03 roots do not create authority.
V03R00143,RETURN_CONTINUATION_CANDIDATE,CANDIDATE,81:A573:E0M0X0,SUPERSEDED_BY_SOURCE_PROOF,V04 admits only exact source-root/direct-flow paths; speculative V03 roots do not create authority.
V03R00144,RETURN_CONTINUATION_CANDIDATE,CANDIDATE,81:ACCA:E0M1X1,REJECTED_CANDIDATE_ROOT,V04 admits only exact source-root/direct-flow paths; speculative V03 roots do not create authority.
V03R00145,RETURN_CONTINUATION_CANDIDATE,CANDIDATE,80:80C1:E0M1X1,REJECTED_CANDIDATE_ROOT,V04 admits only exact source-root/direct-flow paths; speculative V03 roots do not create authority.
V03R00146,RETURN_CONTINUATION_CANDIDATE,CANDIDATE,80:810D:E0M1X1,REJECTED_CANDIDATE_ROOT,V04 admits only exact source-root/direct-flow paths; speculative V03 roots do not create authority.
V03R00147,RETURN_CONTINUATION_CANDIDATE,CANDIDATE,81:9D7D:E0M0X0,SUPERSEDED_BY_SOURCE_PROOF,V04 admits only exact source-root/direct-flow paths; speculative V03 roots do not create authority.
V03R00148,RETURN_CONTINUATION_CANDIDATE,CANDIDATE,81:F460:E0M1X1,SUPERSEDED_BY_SOURCE_PROOF,V04 admits only exact source-root/direct-flow paths; speculative V03 roots do not create authority.
V03R00149,RETURN_CONTINUATION_CANDIDATE,CANDIDATE,81:BA3B:E0M1X1,SUPERSEDED_BY_SOURCE_PROOF,V04 admits only exact source-root/direct-flow paths; speculative V03 roots do not create authority.
V03R00150,RETURN_CONTINUATION_CANDIDATE,CANDIDATE,81:AEA0:E0M1X1,SUPERSEDED_BY_SOURCE_PROOF,V04 admits only exact source-root/direct-flow paths; speculative V03 roots do not create authority.
V03R00151,RETURN_CONTINUATION_CANDIDATE,CANDIDATE,81:B6D8:E0M1X1,REJECTED_CANDIDATE_ROOT,V04 admits only exact source-root/direct-flow paths; speculative V03 roots do not create authority.
V03R00152,RETURN_CONTINUATION_CANDIDATE,CANDIDATE,80:80C4:E0M1X1,REJECTED_CANDIDATE_ROOT,V04 admits only exact source-root/direct-flow paths; speculative V03 roots do not create authority.
V03R00153,RETURN_CONTINUATION_CANDIDATE,CANDIDATE,80:8110:E0M1X1,REJECTED_CANDIDATE_ROOT,V04 admits only exact source-root/direct-flow paths; speculative V03 roots do not create authority.
V03R00154,RETURN_CONTINUATION_CANDIDATE,CANDIDATE,80:FA79:E0M1X0,SUPERSEDED_BY_SOURCE_PROOF,V04 admits only exact source-root/direct-flow paths; speculative V03 roots do not create authority.
V03R00155,RETURN_CONTINUATION_CANDIDATE,CANDIDATE,81:AD49:E0M0X0,REJECTED_CANDIDATE_ROOT,V04 admits only exact source-root/direct-flow paths; speculative V03 roots do not create authority.
V03R00156,RETURN_CONTINUATION_CANDIDATE,CANDIDATE,80:A41B:E0M1X1,SUPERSEDED_BY_SOURCE_PROOF,V04 admits only exact source-root/direct-flow paths; speculative V03 roots do not create authority.
V03R00157,RETURN_CONTINUATION_CANDIDATE,CANDIDATE,81:ACCF:E0M1X1,REJECTED_CANDIDATE_ROOT,V04 admits only exact source-root/direct-flow paths; speculative V03 roots do not create authority.
V03R00158,RETURN_CONTINUATION_CANDIDATE,CANDIDATE,81:AEA3:E0M1X1,SUPERSEDED_BY_SOURCE_PROOF,V04 admits only exact source-root/direct-flow paths; speculative V03 roots do not create authority.
V03R00159,RETURN_CONTINUATION_CANDIDATE,CANDIDATE,81:AF57:E0M1X1,SUPERSEDED_BY_SOURCE_PROOF,V04 admits only exact source-root/direct-flow paths; speculative V03 roots do not create authority.
V03R00160,RETURN_CONTINUATION_CANDIDATE,CANDIDATE,80:8113:E0M1X1,REJECTED_CANDIDATE_ROOT,V04 admits only exact source-root/direct-flow paths; speculative V03 roots do not create authority.
V03R00161,RETURN_CONTINUATION_CANDIDATE,CANDIDATE,81:AD4C:E0M0X0,REJECTED_CANDIDATE_ROOT,V04 admits only exact source-root/direct-flow paths; speculative V03 roots do not create authority.
V03R00162,RETURN_CONTINUATION_CANDIDATE,CANDIDATE,81:ACD2:E0M1X1,REJECTED_CANDIDATE_ROOT,V04 admits only exact source-root/direct-flow paths; speculative V03 roots do not create authority.
V03R00163,RETURN_CONTINUATION_CANDIDATE,CANDIDATE,81:F8AD:E0M1X1,REJECTED_CANDIDATE_ROOT,V04 admits only exact source-root/direct-flow paths; speculative V03 roots do not create authority.
V03R00164,RETURN_CONTINUATION_CANDIDATE,CANDIDATE,81:9D85:E0M0X0,SUPERSEDED_BY_SOURCE_PROOF,V04 admits only exact source-root/direct-flow paths; speculative V03 roots do not create authority.
V03R00165,RETURN_CONTINUATION_CANDIDATE,CANDIDATE,80:82FD:E0M0X0,SUPERSEDED_BY_SOURCE_PROOF,V04 admits only exact source-root/direct-flow paths; speculative V03 roots do not create authority.
V03R00166,RETURN_CONTINUATION_CANDIDATE,CANDIDATE,81:8C70:E0M1X1,REJECTED_CANDIDATE_ROOT,V04 admits only exact source-root/direct-flow paths; speculative V03 roots do not create authority.
V03R00167,RETURN_CONTINUATION_CANDIDATE,CANDIDATE,81:F8B2:E0M1X1,REJECTED_CANDIDATE_ROOT,V04 admits only exact source-root/direct-flow paths; speculative V03 roots do not create authority.
V03R00168,RETURN_CONTINUATION_CANDIDATE,CANDIDATE,80:F925:E0M1X1,REJECTED_CANDIDATE_ROOT,V04 admits only exact source-root/direct-flow paths; speculative V03 roots do not create authority.
V03R00169,RETURN_CONTINUATION_CANDIDATE,CANDIDATE,81:A584:E0M0X0,REJECTED_CANDIDATE_ROOT,V04 admits only exact source-root/direct-flow paths; speculative V03 roots do not create authority.
V03R00170,RETURN_CONTINUATION_CANDIDATE,CANDIDATE,81:AD66:E0M1X1,REJECTED_CANDIDATE_ROOT,V04 admits only exact source-root/direct-flow paths; speculative V03 roots do not create authority.
V03R00171,RETURN_CONTINUATION_CANDIDATE,CANDIDATE,80:8304:E0M0X0,SUPERSEDED_BY_SOURCE_PROOF,V04 admits only exact source-root/direct-flow paths; speculative V03 roots do not create authority.
V03R00172,RETURN_CONTINUATION_CANDIDATE,CANDIDATE,81:A587:E0M0X0,REJECTED_CANDIDATE_ROOT,V04 admits only exact source-root/direct-flow paths; speculative V03 roots do not create authority.
V03R00173,RETURN_CONTINUATION_CANDIDATE,CANDIDATE,81:F8B7:E0M1X1,REJECTED_CANDIDATE_ROOT,V04 admits only exact source-root/direct-flow paths; speculative V03 roots do not create authority.
V03R00174,RETURN_CONTINUATION_CANDIDATE,CANDIDATE,81:AD69:E0M1X1,REJECTED_CANDIDATE_ROOT,V04 admits only exact source-root/direct-flow paths; speculative V03 roots do not create authority.
V03R00175,RETURN_CONTINUATION_CANDIDATE,CANDIDATE,81:DF96:E0M0X0,REJECTED_CANDIDATE_ROOT,V04 admits only exact source-root/direct-flow paths; speculative V03 roots do not create authority.
V03R00176,RETURN_CONTINUATION_CANDIDATE,CANDIDATE,81:BE7B:E0M0X0,REJECTED_CANDIDATE_ROOT,V04 admits only exact source-root/direct-flow paths; speculative V03 roots do not create authority.
V03R00177,RETURN_CONTINUATION_CANDIDATE,CANDIDATE,81:ACDC:E0M1X1,REJECTED_CANDIDATE_ROOT,V04 admits only exact source-root/direct-flow paths; speculative V03 roots do not create authority.
V03R00178,RETURN_CONTINUATION_CANDIDATE,CANDIDATE,81:B6E8:E0M0X0,REJECTED_CANDIDATE_ROOT,V04 admits only exact source-root/direct-flow paths; speculative V03 roots do not create authority.
V03R00179,RETURN_CONTINUATION_CANDIDATE,CANDIDATE,80:B97E:E0M1X1,REJECTED_CANDIDATE_ROOT,V04 admits only exact source-root/direct-flow paths; speculative V03 roots do not create authority.
V03R00180,RETURN_CONTINUATION_CANDIDATE,CANDIDATE,81:F8BA:E0M1X1,REJECTED_CANDIDATE_ROOT,V04 admits only exact source-root/direct-flow paths; speculative V03 roots do not create authority.
V03R00181,RETURN_CONTINUATION_CANDIDATE,CANDIDATE,80:80D8:E0M1X1,REJECTED_CANDIDATE_ROOT,V04 admits only exact source-root/direct-flow paths; speculative V03 roots do not create authority.
V03R00182,RETURN_CONTINUATION_CANDIDATE,CANDIDATE,81:9D92:E0M1X1,SUPERSEDED_BY_SOURCE_PROOF,V04 admits only exact source-root/direct-flow paths; speculative V03 roots do not create authority.
V03R00183,RETURN_CONTINUATION_CANDIDATE,CANDIDATE,81:AD6D:E0M1X1,REJECTED_CANDIDATE_ROOT,V04 admits only exact source-root/direct-flow paths; speculative V03 roots do not create authority.
V03R00184,RETURN_CONTINUATION_CANDIDATE,CANDIDATE,81:A76B:E0M0X0,REJECTED_CANDIDATE_ROOT,V04 admits only exact source-root/direct-flow paths; speculative V03 roots do not create authority.
V03R00185,RETURN_CONTINUATION_CANDIDATE,CANDIDATE,81:BE7E:E0M0X0,REJECTED_CANDIDATE_ROOT,V04 admits only exact source-root/direct-flow paths; speculative V03 roots do not create authority.
V03R00186,RETURN_CONTINUATION_CANDIDATE,CANDIDATE,81:B6EC:E0M0X0,REJECTED_CANDIDATE_ROOT,V04 admits only exact source-root/direct-flow paths; speculative V03 roots do not create authority.
V03R00187,RETURN_CONTINUATION_CANDIDATE,CANDIDATE,80:B981:E0M1X1,REJECTED_CANDIDATE_ROOT,V04 admits only exact source-root/direct-flow paths; speculative V03 roots do not create authority.
V03R00188,RETURN_CONTINUATION_CANDIDATE,CANDIDATE,81:F8BD:E0M1X1,REJECTED_CANDIDATE_ROOT,V04 admits only exact source-root/direct-flow paths; speculative V03 roots do not create authority.
V03R00189,RETURN_CONTINUATION_CANDIDATE,CANDIDATE,80:FA8B:E0M1X0,SUPERSEDED_BY_SOURCE_PROOF,V04 admits only exact source-root/direct-flow paths; speculative V03 roots do not create authority.
V03R00190,RETURN_CONTINUATION_CANDIDATE,CANDIDATE,81:9D96:E0M1X1,SUPERSEDED_BY_SOURCE_PROOF,V04 admits only exact source-root/direct-flow paths; speculative V03 roots do not create authority.
V03R00191,RETURN_CONTINUATION_CANDIDATE,CANDIDATE,80:8361:E0M0X0,SUPERSEDED_BY_SOURCE_PROOF,V04 admits only exact source-root/direct-flow paths; speculative V03 roots do not create authority.
V03R00192,RETURN_CONTINUATION_CANDIDATE,CANDIDATE,81:ACE1:E0M1X1,REJECTED_CANDIDATE_ROOT,V04 admits only exact source-root/direct-flow paths; speculative V03 roots do not create authority.
V03R00193,RETURN_CONTINUATION_CANDIDATE,CANDIDATE,81:BA4F:E0M1X1,SUPERSEDED_BY_SOURCE_PROOF,V04 admits only exact source-root/direct-flow paths; speculative V03 roots do not create authority.
V03R00194,RETURN_CONTINUATION_CANDIDATE,CANDIDATE,81:AF7A:E0M0X0,SUPERSEDED_BY_SOURCE_PROOF,V04 admits only exact source-root/direct-flow paths; speculative V03 roots do not create authority.
V03R00195,RETURN_CONTINUATION_CANDIDATE,CANDIDATE,80:B984:E0M1X1,REJECTED_CANDIDATE_ROOT,V04 admits only exact source-root/direct-flow paths; speculative V03 roots do not create authority.
V03R00196,RETURN_CONTINUATION_CANDIDATE,CANDIDATE,81:FD14:E0M1X1,REJECTED_CANDIDATE_ROOT,V04 admits only exact source-root/direct-flow paths; speculative V03 roots do not create authority.
V03R00197,RETURN_CONTINUATION_CANDIDATE,CANDIDATE,80:A3A6:E0M1X1,SUPERSEDED_BY_SOURCE_PROOF,V04 admits only exact source-root/direct-flow paths; speculative V03 roots do not create authority.
V03R00198,RETURN_CONTINUATION_CANDIDATE,CANDIDATE,81:A771:E0M0X0,REJECTED_CANDIDATE_ROOT,V04 admits only exact source-root/direct-flow paths; speculative V03 roots do not create authority.
V03R00199,RETURN_CONTINUATION_CANDIDATE,CANDIDATE,81:A593:E0M0X0,REJECTED_CANDIDATE_ROOT,V04 admits only exact source-root/direct-flow paths; speculative V03 roots do not create authority.
V03R00200,RETURN_CONTINUATION_CANDIDATE,CANDIDATE,81:8C7F:E0M1X1,REJECTED_CANDIDATE_ROOT,V04 admits only exact source-root/direct-flow paths; speculative V03 roots do not create authority.
V03R00201,RETURN_CONTINUATION_CANDIDATE,CANDIDATE,80:B987:E0M1X1,REJECTED_CANDIDATE_ROOT,V04 admits only exact source-root/direct-flow paths; speculative V03 roots do not create authority.
V03R00202,RETURN_CONTINUATION_CANDIDATE,CANDIDATE,81:9E06:E0M1X1,SUPERSEDED_BY_SOURCE_PROOF,V04 admits only exact source-root/direct-flow paths; speculative V03 roots do not create authority.
V03R00203,RETURN_CONTINUATION_CANDIDATE,CANDIDATE,80:8367:E0M0X0,SUPERSEDED_BY_SOURCE_PROOF,V04 admits only exact source-root/direct-flow paths; speculative V03 roots do not create authority.
V03R00204,RETURN_CONTINUATION_CANDIDATE,CANDIDATE,81:BA54:E0M0X0,SUPERSEDED_BY_SOURCE_PROOF,V04 admits only exact source-root/direct-flow paths; speculative V03 roots do not create authority.
V03R00205,RETURN_CONTINUATION_CANDIDATE,CANDIDATE,80:831E:E0M0X0,REJECTED_CANDIDATE_ROOT,V04 admits only exact source-root/direct-flow paths; speculative V03 roots do not create authority.
V03R00206,RETURN_CONTINUATION_CANDIDATE,CANDIDATE,80:B98A:E0M1X1,REJECTED_CANDIDATE_ROOT,V04 admits only exact source-root/direct-flow paths; speculative V03 roots do not create authority.
V03R00207,RETURN_CONTINUATION_CANDIDATE,CANDIDATE,81:FD19:E0M1X1,REJECTED_CANDIDATE_ROOT,V04 admits only exact source-root/direct-flow paths; speculative V03 roots do not create authority.
V03R00208,RETURN_CONTINUATION_CANDIDATE,CANDIDATE,81:C86F:E0M1X1,REJECTED_CANDIDATE_ROOT,V04 admits only exact source-root/direct-flow paths; speculative V03 roots do not create authority.
V03R00209,RETURN_CONTINUATION_CANDIDATE,CANDIDATE,80:83C5:E0M0X0,SUPERSEDED_BY_SOURCE_PROOF,V04 admits only exact source-root/direct-flow paths; speculative V03 roots do not create authority.
V03R00210,RETURN_CONTINUATION_CANDIDATE,CANDIDATE,80:83C0:E0M0X0,SUPERSEDED_BY_SOURCE_PROOF,V04 admits only exact source-root/direct-flow paths; speculative V03 roots do not create authority.
V03R00211,RETURN_CONTINUATION_CANDIDATE,CANDIDATE,81:9E09:E0M1X1,SUPERSEDED_BY_SOURCE_PROOF,V04 admits only exact source-root/direct-flow paths; speculative V03 roots do not create authority.
V03R00212,RETURN_CONTINUATION_CANDIDATE,CANDIDATE,80:C2FA:E0M1X1,SUPERSEDED_BY_SOURCE_PROOF,V04 admits only exact source-root/direct-flow paths; speculative V03 roots do not create authority.
V03R00213,RETURN_CONTINUATION_CANDIDATE,CANDIDATE,80:A3F0:E0M1X1,SUPERSEDED_BY_SOURCE_PROOF,V04 admits only exact source-root/direct-flow paths; speculative V03 roots do not create authority.
V03R00214,RETURN_CONTINUATION_CANDIDATE,CANDIDATE,81:AF84:E0M0X0,SUPERSEDED_BY_SOURCE_PROOF,V04 admits only exact source-root/direct-flow paths; speculative V03 roots do not create authority.
V03R00215,RETURN_CONTINUATION_CANDIDATE,CANDIDATE,80:B98D:E0M1X1,REJECTED_CANDIDATE_ROOT,V04 admits only exact source-root/direct-flow paths; speculative V03 roots do not create authority.
V03R00216,RETURN_CONTINUATION_CANDIDATE,CANDIDATE,81:9E0D:E0M1X1,SUPERSEDED_BY_SOURCE_PROOF,V04 admits only exact source-root/direct-flow paths; speculative V03 roots do not create authority.
V03R00217,RETURN_CONTINUATION_CANDIDATE,CANDIDATE,80:C06C:E0M1X1,SUPERSEDED_BY_SOURCE_PROOF,V04 admits only exact source-root/direct-flow paths; speculative V03 roots do not create authority.
V03R00218,RETURN_CONTINUATION_CANDIDATE,CANDIDATE,80:A3AE:E0M1X1,SUPERSEDED_BY_SOURCE_PROOF,V04 admits only exact source-root/direct-flow paths; speculative V03 roots do not create authority.
V03R00219,RETURN_CONTINUATION_CANDIDATE,CANDIDATE,80:8312:E0M0X0,SUPERSEDED_BY_SOURCE_PROOF,V04 admits only exact source-root/direct-flow paths; speculative V03 roots do not create authority.
V03R00220,RETURN_CONTINUATION_CANDIDATE,CANDIDATE,80:CD6B:E0M1X1,REJECTED_CANDIDATE_ROOT,V04 admits only exact source-root/direct-flow paths; speculative V03 roots do not create authority.
V03R00221,RETURN_CONTINUATION_CANDIDATE,CANDIDATE,80:B990:E0M1X1,REJECTED_CANDIDATE_ROOT,V04 admits only exact source-root/direct-flow paths; speculative V03 roots do not create authority.
V03R00222,RETURN_CONTINUATION_CANDIDATE,CANDIDATE,81:9E11:E0M1X1,SUPERSEDED_BY_SOURCE_PROOF,V04 admits only exact source-root/direct-flow paths; speculative V03 roots do not create authority.
V03R00223,RETURN_CONTINUATION_CANDIDATE,CANDIDATE,80:CB5B:E0M0X0,REJECTED_CANDIDATE_ROOT,V04 admits only exact source-root/direct-flow paths; speculative V03 roots do not create authority.
V03R00224,RETURN_CONTINUATION_CANDIDATE,CANDIDATE,80:B993:E0M1X1,REJECTED_CANDIDATE_ROOT,V04 admits only exact source-root/direct-flow paths; speculative V03 roots do not create authority.
V03R00225,RETURN_CONTINUATION_CANDIDATE,CANDIDATE,80:A3FA:E0M1X1,SUPERSEDED_BY_SOURCE_PROOF,V04 admits only exact source-root/direct-flow paths; speculative V03 roots do not create authority.
V03R00226,RETURN_CONTINUATION_CANDIDATE,CANDIDATE,81:DE9B:E0M0X0,REJECTED_CANDIDATE_ROOT,V04 admits only exact source-root/direct-flow paths; speculative V03 roots do not create authority.
V03R00227,RETURN_CONTINUATION_CANDIDATE,CANDIDATE,81:BA60:E0M0X0,REJECTED_CANDIDATE_ROOT,V04 admits only exact source-root/direct-flow paths; speculative V03 roots do not create authority.
V03R00228,RETURN_CONTINUATION_CANDIDATE,CANDIDATE,80:CD70:E0M0X0,REJECTED_CANDIDATE_ROOT,V04 admits only exact source-root/direct-flow paths; speculative V03 roots do not create authority.
V03R00229,RETURN_CONTINUATION_CANDIDATE,CANDIDATE,80:B996:E0M1X1,REJECTED_CANDIDATE_ROOT,V04 admits only exact source-root/direct-flow paths; speculative V03 roots do not create authority.
V03R00230,RETURN_CONTINUATION_CANDIDATE,CANDIDATE,81:C87C:E0M1X1,REJECTED_CANDIDATE_ROOT,V04 admits only exact source-root/direct-flow paths; speculative V03 roots do not create authority.
V03R00231,RETURN_CONTINUATION_CANDIDATE,CANDIDATE,81:A5A3:E0M0X0,REJECTED_CANDIDATE_ROOT,V04 admits only exact source-root/direct-flow paths; speculative V03 roots do not create authority.
V03R00232,RETURN_CONTINUATION_CANDIDATE,CANDIDATE,81:B700:E0M1X1,REJECTED_CANDIDATE_ROOT,V04 admits only exact source-root/direct-flow paths; speculative V03 roots do not create authority.
V03R00233,RETURN_CONTINUATION_CANDIDATE,CANDIDATE,80:CD73:E0M0X0,REJECTED_CANDIDATE_ROOT,V04 admits only exact source-root/direct-flow paths; speculative V03 roots do not create authority.
V03R00234,RETURN_CONTINUATION_CANDIDATE,CANDIDATE,80:CD65:E0M0X0,REJECTED_CANDIDATE_ROOT,V04 admits only exact source-root/direct-flow paths; speculative V03 roots do not create authority.
V03R00235,RETURN_CONTINUATION_CANDIDATE,CANDIDATE,80:B999:E0M1X1,REJECTED_CANDIDATE_ROOT,V04 admits only exact source-root/direct-flow paths; speculative V03 roots do not create authority.
V03R00236,WIDTH_CANDIDATE,CANDIDATE,80:FA2F:E0M0X0,REJECTED_CANDIDATE_ROOT,V04 admits only exact source-root/direct-flow paths; speculative V03 roots do not create authority.
V03R00237,WIDTH_CANDIDATE,CANDIDATE,80:FA2F:E0M0X1,SUPERSEDED_BY_SOURCE_PROOF,V04 admits only exact source-root/direct-flow paths; speculative V03 roots do not create authority.
V03R00238,WIDTH_CANDIDATE,CANDIDATE,80:FA2F:E0M1X0,REJECTED_CANDIDATE_ROOT,V04 admits only exact source-root/direct-flow paths; speculative V03 roots do not create authority.
V03R00239,WIDTH_CANDIDATE,CANDIDATE,80:FA2F:E0M1X1,REJECTED_CANDIDATE_ROOT,V04 admits only exact source-root/direct-flow paths; speculative V03 roots do not create authority.
V03R00240,RETURN_CONTINUATION_CANDIDATE,CANDIDATE,81:DF1C:E0M0X0,REJECTED_CANDIDATE_ROOT,V04 admits only exact source-root/direct-flow paths; speculative V03 roots do not create authority.
V03R00241,RETURN_CONTINUATION_CANDIDATE,CANDIDATE,81:F49B:E0M0X0,SUPERSEDED_BY_SOURCE_PROOF,V04 admits only exact source-root/direct-flow paths; speculative V03 roots do not create authority.
V03R00242,RETURN_CONTINUATION_CANDIDATE,CANDIDATE,81:BA66:E0M0X0,REJECTED_CANDIDATE_ROOT,V04 admits only exact source-root/direct-flow paths; speculative V03 roots do not create authority.
V03R00243,RETURN_CONTINUATION_CANDIDATE,CANDIDATE,81:AF95:E0M0X0,REJECTED_CANDIDATE_ROOT,V04 admits only exact source-root/direct-flow paths; speculative V03 roots do not create authority.
V03R00244,RETURN_CONTINUATION_CANDIDATE,CANDIDATE,80:8525:E0M0X0,REJECTED_CANDIDATE_ROOT,V04 admits only exact source-root/direct-flow paths; speculative V03 roots do not create authority.
V03R00245,WIDTH_CANDIDATE,CANDIDATE,80:C70B:E0M0X0,REJECTED_CANDIDATE_ROOT,V04 admits only exact source-root/direct-flow paths; speculative V03 roots do not create authority.
V03R00246,WIDTH_CANDIDATE,CANDIDATE,80:C70B:E0M0X1,REJECTED_CANDIDATE_ROOT,V04 admits only exact source-root/direct-flow paths; speculative V03 roots do not create authority.
V03R00247,WIDTH_CANDIDATE,CANDIDATE,80:C70B:E0M1X0,REJECTED_CANDIDATE_ROOT,V04 admits only exact source-root/direct-flow paths; speculative V03 roots do not create authority.
V03R00248,WIDTH_CANDIDATE,CANDIDATE,80:C70B:E0M1X1,REJECTED_CANDIDATE_ROOT,V04 admits only exact source-root/direct-flow paths; speculative V03 roots do not create authority.
V03R00249,RETURN_CONTINUATION_CANDIDATE,CANDIDATE,80:CB64:E0M0X0,REJECTED_CANDIDATE_ROOT,V04 admits only exact source-root/direct-flow paths; speculative V03 roots do not create authority.
V03R00250,RETURN_CONTINUATION_CANDIDATE,CANDIDATE,80:CD76:E0M0X0,REJECTED_CANDIDATE_ROOT,V04 admits only exact source-root/direct-flow paths; speculative V03 roots do not create authority.
V03R00251,RETURN_CONTINUATION_CANDIDATE,CANDIDATE,80:B99C:E0M1X1,REJECTED_CANDIDATE_ROOT,V04 admits only exact source-root/direct-flow paths; speculative V03 roots do not create authority.
V03R00252,RETURN_CONTINUATION_CANDIDATE,CANDIDATE,80:A1F8:E0M1X1,SUPERSEDED_BY_SOURCE_PROOF,V04 admits only exact source-root/direct-flow paths; speculative V03 roots do not create authority.
V03R00253,RETURN_CONTINUATION_CANDIDATE,CANDIDATE,80:8374:E0M0X0,SUPERSEDED_BY_SOURCE_PROOF,V04 admits only exact source-root/direct-flow paths; speculative V03 roots do not create authority.
V03R00254,RETURN_CONTINUATION_CANDIDATE,CANDIDATE,81:A78A:E0M0X0,REJECTED_CANDIDATE_ROOT,V04 admits only exact source-root/direct-flow paths; speculative V03 roots do not create authority.
V03R00255,RETURN_CONTINUATION_CANDIDATE,CANDIDATE,81:AF98:E0M0X0,REJECTED_CANDIDATE_ROOT,V04 admits only exact source-root/direct-flow paths; speculative V03 roots do not create authority.
V03R00256,RETURN_CONTINUATION_CANDIDATE,CANDIDATE,80:CD79:E0M0X0,REJECTED_CANDIDATE_ROOT,V04 admits only exact source-root/direct-flow paths; speculative V03 roots do not create authority.
V03R00257,RETURN_CONTINUATION_CANDIDATE,CANDIDATE,80:CD48:E0M0X0,REJECTED_CANDIDATE_ROOT,V04 admits only exact source-root/direct-flow paths; speculative V03 roots do not create authority.
V03R00258,RETURN_CONTINUATION_CANDIDATE,CANDIDATE,81:C74D:E0M1X1,REJECTED_CANDIDATE_ROOT,V04 admits only exact source-root/direct-flow paths; speculative V03 roots do not create authority.
V03R00259,RETURN_CONTINUATION_CANDIDATE,CANDIDATE,81:DEA5:E0M0X0,REJECTED_CANDIDATE_ROOT,V04 admits only exact source-root/direct-flow paths; speculative V03 roots do not create authority.
V03R00260,RETURN_CONTINUATION_CANDIDATE,CANDIDATE,81:F4A1:E0M0X0,SUPERSEDED_BY_SOURCE_PROOF,V04 admits only exact source-root/direct-flow paths; speculative V03 roots do not create authority.
V03R00261,RETURN_CONTINUATION_CANDIDATE,CANDIDATE,81:F491:E0M0X0,REJECTED_CANDIDATE_ROOT,V04 admits only exact source-root/direct-flow paths; speculative V03 roots do not create authority.
V03R00262,RETURN_CONTINUATION_CANDIDATE,CANDIDATE,81:BA6C:E0M0X0,REJECTED_CANDIDATE_ROOT,V04 admits only exact source-root/direct-flow paths; speculative V03 roots do not create authority.
V03R00263,RETURN_CONTINUATION_CANDIDATE,CANDIDATE,80:CD7C:E0M0X0,REJECTED_CANDIDATE_ROOT,V04 admits only exact source-root/direct-flow paths; speculative V03 roots do not create authority.
V03R00264,RETURN_CONTINUATION_CANDIDATE,CANDIDATE,80:C9C8:E0M0X0,REJECTED_CANDIDATE_ROOT,V04 admits only exact source-root/direct-flow paths; speculative V03 roots do not create authority.
V03R00265,RETURN_CONTINUATION_CANDIDATE,CANDIDATE,80:B9A2:E0M1X1,REJECTED_CANDIDATE_ROOT,V04 admits only exact source-root/direct-flow paths; speculative V03 roots do not create authority.
V03R00266,RETURN_CONTINUATION_CANDIDATE,CANDIDATE,81:C750:E0M1X1,REJECTED_CANDIDATE_ROOT,V04 admits only exact source-root/direct-flow paths; speculative V03 roots do not create authority.
V03R00267,RETURN_CONTINUATION_CANDIDATE,CANDIDATE,81:C888:E0M1X1,REJECTED_CANDIDATE_ROOT,V04 admits only exact source-root/direct-flow paths; speculative V03 roots do not create authority.
V03R00268,RETURN_CONTINUATION_CANDIDATE,CANDIDATE,81:DEAF:E0M0X0,REJECTED_CANDIDATE_ROOT,V04 admits only exact source-root/direct-flow paths; speculative V03 roots do not create authority.
V03R00269,RETURN_CONTINUATION_CANDIDATE,CANDIDATE,81:A5D5:E0M1X1,REJECTED_CANDIDATE_ROOT,V04 admits only exact source-root/direct-flow paths; speculative V03 roots do not create authority.
V03R00270,RETURN_CONTINUATION_CANDIDATE,CANDIDATE,81:AF9E:E0M0X0,REJECTED_CANDIDATE_ROOT,V04 admits only exact source-root/direct-flow paths; speculative V03 roots do not create authority.
V03R00271,RETURN_CONTINUATION_CANDIDATE,CANDIDATE,81:AE75:E0M1X1,SUPERSEDED_BY_SOURCE_PROOF,V04 admits only exact source-root/direct-flow paths; speculative V03 roots do not create authority.
V03R00272,RETURN_CONTINUATION_CANDIDATE,CANDIDATE,80:CC50:E0M0X0,REJECTED_CANDIDATE_ROOT,V04 admits only exact source-root/direct-flow paths; speculative V03 roots do not create authority.
V03R00273,RETURN_CONTINUATION_CANDIDATE,CANDIDATE,80:C95E:E0M0X0,REJECTED_CANDIDATE_ROOT,V04 admits only exact source-root/direct-flow paths; speculative V03 roots do not create authority.
V03R00274,RETURN_CONTINUATION_CANDIDATE,CANDIDATE,80:CD4E:E0M0X0,REJECTED_CANDIDATE_ROOT,V04 admits only exact source-root/direct-flow paths; speculative V03 roots do not create authority.
V03R00275,RETURN_CONTINUATION_CANDIDATE,CANDIDATE,81:C88B:E0M1X1,REJECTED_CANDIDATE_ROOT,V04 admits only exact source-root/direct-flow paths; speculative V03 roots do not create authority.
V03R00276,RETURN_CONTINUATION_CANDIDATE,CANDIDATE,81:AD97:E0M1X1,REJECTED_CANDIDATE_ROOT,V04 admits only exact source-root/direct-flow paths; speculative V03 roots do not create authority.
V03R00277,RETURN_CONTINUATION_CANDIDATE,CANDIDATE,81:8C9C:E0M0X0,REJECTED_CANDIDATE_ROOT,V04 admits only exact source-root/direct-flow paths; speculative V03 roots do not create authority.
V03R00278,RETURN_CONTINUATION_CANDIDATE,CANDIDATE,80:CAED:E0M0X0,REJECTED_CANDIDATE_ROOT,V04 admits only exact source-root/direct-flow paths; speculative V03 roots do not create authority.
V03R00279,RETURN_CONTINUATION_CANDIDATE,CANDIDATE,81:F8E0:E0M0X0,REJECTED_CANDIDATE_ROOT,V04 admits only exact source-root/direct-flow paths; speculative V03 roots do not create authority.
V03R00280,RETURN_CONTINUATION_CANDIDATE,CANDIDATE,80:FB41:E0M1X1,SUPERSEDED_BY_SOURCE_PROOF,V04 admits only exact source-root/direct-flow paths; speculative V03 roots do not create authority.
V03R00281,RETURN_CONTINUATION_CANDIDATE,CANDIDATE,81:AD9B:E0M1X1,REJECTED_CANDIDATE_ROOT,V04 admits only exact source-root/direct-flow paths; speculative V03 roots do not create authority.
V03R00282,RETURN_CONTINUATION_CANDIDATE,CANDIDATE,81:DF69:E0M0X0,REJECTED_CANDIDATE_ROOT,V04 admits only exact source-root/direct-flow paths; speculative V03 roots do not create authority.
V03R00283,RETURN_CONTINUATION_CANDIDATE,CANDIDATE,81:A5DB:E0M1X1,REJECTED_CANDIDATE_ROOT,V04 admits only exact source-root/direct-flow paths; speculative V03 roots do not create authority.
V03R00284,RETURN_CONTINUATION_CANDIDATE,CANDIDATE,81:AFA4:E0M0X0,REJECTED_CANDIDATE_ROOT,V04 admits only exact source-root/direct-flow paths; speculative V03 roots do not create authority.
V03R00285,RETURN_CONTINUATION_CANDIDATE,CANDIDATE,80:F985:E0M1X1,SUPERSEDED_BY_SOURCE_PROOF,V04 admits only exact source-root/direct-flow paths; speculative V03 roots do not create authority.
V03R00286,RETURN_CONTINUATION_CANDIDATE,CANDIDATE,81:BA78:E0M0X0,REJECTED_CANDIDATE_ROOT,V04 admits only exact source-root/direct-flow paths; speculative V03 roots do not create authority.
V03R00287,RETURN_CONTINUATION_CANDIDATE,CANDIDATE,81:AFA7:E0M0X0,REJECTED_CANDIDATE_ROOT,V04 admits only exact source-root/direct-flow paths; speculative V03 roots do not create authority.
V03R00288,RETURN_CONTINUATION_CANDIDATE,CANDIDATE,80:CD57:E0M0X0,REJECTED_CANDIDATE_ROOT,V04 admits only exact source-root/direct-flow paths; speculative V03 roots do not create authority.
V03R00289,RETURN_CONTINUATION_CANDIDATE,CANDIDATE,81:F8E6:E0M0X0,REJECTED_CANDIDATE_ROOT,V04 admits only exact source-root/direct-flow paths; speculative V03 roots do not create authority.
V03R00290,RETURN_CONTINUATION_CANDIDATE,CANDIDATE,80:FB47:E0M1X1,SUPERSEDED_BY_SOURCE_PROOF,V04 admits only exact source-root/direct-flow paths; speculative V03 roots do not create authority.
V03R00291,RETURN_CONTINUATION_CANDIDATE,CANDIDATE,81:8CA6:E0M0X0,REJECTED_CANDIDATE_ROOT,V04 admits only exact source-root/direct-flow paths; speculative V03 roots do not create authority.
V03R00292,RETURN_CONTINUATION_CANDIDATE,CANDIDATE,81:AFAA:E0M0X0,REJECTED_CANDIDATE_ROOT,V04 admits only exact source-root/direct-flow paths; speculative V03 roots do not create authority.
V03R00293,RETURN_CONTINUATION_CANDIDATE,CANDIDATE,80:CCA4:E0M0X0,REJECTED_CANDIDATE_ROOT,V04 admits only exact source-root/direct-flow paths; speculative V03 roots do not create authority.
V03R00294,RETURN_CONTINUATION_CANDIDATE,CANDIDATE,80:CC5B:E0M0X0,REJECTED_CANDIDATE_ROOT,V04 admits only exact source-root/direct-flow paths; speculative V03 roots do not create authority.
V03R00295,RETURN_CONTINUATION_CANDIDATE,CANDIDATE,80:C96A:E0M0X0,REJECTED_CANDIDATE_ROOT,V04 admits only exact source-root/direct-flow paths; speculative V03 roots do not create authority.
V03R00296,RETURN_CONTINUATION_CANDIDATE,CANDIDATE,80:8895:E0M1X1,REJECTED_CANDIDATE_ROOT,V04 admits only exact source-root/direct-flow paths; speculative V03 roots do not create authority.
V03R00297,RETURN_CONTINUATION_CANDIDATE,CANDIDATE,80:B9C5:E0M1X1,REJECTED_CANDIDATE_ROOT,V04 admits only exact source-root/direct-flow paths; speculative V03 roots do not create authority.
V03R00298,RETURN_CONTINUATION_CANDIDATE,CANDIDATE,81:9E8B:E0M0X0,SUPERSEDED_BY_SOURCE_PROOF,V04 admits only exact source-root/direct-flow paths; speculative V03 roots do not create authority.
V03R00299,RETURN_CONTINUATION_CANDIDATE,CANDIDATE,81:B180:E0M0X0,REJECTED_CANDIDATE_ROOT,V04 admits only exact source-root/direct-flow paths; speculative V03 roots do not create authority.
V03R00300,RETURN_CONTINUATION_CANDIDATE,CANDIDATE,81:B125:E0M0X0,REJECTED_CANDIDATE_ROOT,V04 admits only exact source-root/direct-flow paths; speculative V03 roots do not create authority.
V03R00301,RETURN_CONTINUATION_CANDIDATE,CANDIDATE,81:AFAD:E0M0X0,REJECTED_CANDIDATE_ROOT,V04 admits only exact source-root/direct-flow paths; speculative V03 roots do not create authority.
V03R00302,RETURN_CONTINUATION_CANDIDATE,CANDIDATE,80:CAFE:E0M0X0,REJECTED_CANDIDATE_ROOT,V04 admits only exact source-root/direct-flow paths; speculative V03 roots do not create authority.
V03R00303,RETURN_CONTINUATION_CANDIDATE,CANDIDATE,80:C20F:E0M0X0,REJECTED_CANDIDATE_ROOT,V04 admits only exact source-root/direct-flow paths; speculative V03 roots do not create authority.
V03R00304,RETURN_CONTINUATION_CANDIDATE,CANDIDATE,80:B9C9:E0M1X1,REJECTED_CANDIDATE_ROOT,V04 admits only exact source-root/direct-flow paths; speculative V03 roots do not create authority.
V03R00305,RETURN_CONTINUATION_CANDIDATE,CANDIDATE,80:B9BF:E0M1X1,REJECTED_CANDIDATE_ROOT,V04 admits only exact source-root/direct-flow paths; speculative V03 roots do not create authority.
V03R00306,RETURN_CONTINUATION_CANDIDATE,CANDIDATE,81:F8EC:E0M0X0,REJECTED_CANDIDATE_ROOT,V04 admits only exact source-root/direct-flow paths; speculative V03 roots do not create authority.
V03R00307,RETURN_CONTINUATION_CANDIDATE,CANDIDATE,81:C75F:E0M1X1,REJECTED_CANDIDATE_ROOT,V04 admits only exact source-root/direct-flow paths; speculative V03 roots do not create authority.
V03R00308,RETURN_CONTINUATION_CANDIDATE,CANDIDATE,81:C899:E0M0X0,REJECTED_CANDIDATE_ROOT,V04 admits only exact source-root/direct-flow paths; speculative V03 roots do not create authority.
V03R00309,RETURN_CONTINUATION_CANDIDATE,CANDIDATE,81:9E78:E0M1X1,SUPERSEDED_BY_SOURCE_PROOF,V04 admits only exact source-root/direct-flow paths; speculative V03 roots do not create authority.
V03R00310,RETURN_CONTINUATION_CANDIDATE,CANDIDATE,81:DDF4:E0M0X0,REJECTED_CANDIDATE_ROOT,V04 admits only exact source-root/direct-flow paths; speculative V03 roots do not create authority.
V03R00311,RETURN_CONTINUATION_CANDIDATE,CANDIDATE,80:8899:E0M1X1,REJECTED_CANDIDATE_ROOT,V04 admits only exact source-root/direct-flow paths; speculative V03 roots do not create authority.
V03R00312,RETURN_CONTINUATION_CANDIDATE,CANDIDATE,81:803D:E0M1X1,REJECTED_CANDIDATE_ROOT,V04 admits only exact source-root/direct-flow paths; speculative V03 roots do not create authority.
V03R00313,RETURN_CONTINUATION_CANDIDATE,CANDIDATE,80:B9CC:E0M1X1,REJECTED_CANDIDATE_ROOT,V04 admits only exact source-root/direct-flow paths; speculative V03 roots do not create authority.
V03R00314,RETURN_CONTINUATION_CANDIDATE,CANDIDATE,81:BA84:E0M0X0,REJECTED_CANDIDATE_ROOT,V04 admits only exact source-root/direct-flow paths; speculative V03 roots do not create authority.
V03R00315,RETURN_CONTINUATION_CANDIDATE,CANDIDATE,81:AFB2:E0M1X1,REJECTED_CANDIDATE_ROOT,V04 admits only exact source-root/direct-flow paths; speculative V03 roots do not create authority.
V03R00316,RETURN_CONTINUATION_CANDIDATE,CANDIDATE,80:CB04:E0M0X0,REJECTED_CANDIDATE_ROOT,V04 admits only exact source-root/direct-flow paths; speculative V03 roots do not create authority.
V03R00317,RETURN_CONTINUATION_CANDIDATE,CANDIDATE,80:CA7C:E0M0X0,REJECTED_CANDIDATE_ROOT,V04 admits only exact source-root/direct-flow paths; speculative V03 roots do not create authority.
V03R00318,RETURN_CONTINUATION_CANDIDATE,CANDIDATE,80:837E:E0M0X0,REJECTED_CANDIDATE_ROOT,V04 admits only exact source-root/direct-flow paths; speculative V03 roots do not create authority.
V03R00319,RETURN_CONTINUATION_CANDIDATE,CANDIDATE,80:B9CF:E0M1X1,REJECTED_CANDIDATE_ROOT,V04 admits only exact source-root/direct-flow paths; speculative V03 roots do not create authority.
V03R00320,RETURN_CONTINUATION_CANDIDATE,CANDIDATE,81:AFB5:E0M1X1,REJECTED_CANDIDATE_ROOT,V04 admits only exact source-root/direct-flow paths; speculative V03 roots do not create authority.
V03R00321,RETURN_CONTINUATION_CANDIDATE,CANDIDATE,80:CCAF:E0M0X0,REJECTED_CANDIDATE_ROOT,V04 admits only exact source-root/direct-flow paths; speculative V03 roots do not create authority.
V03R00322,RETURN_CONTINUATION_CANDIDATE,CANDIDATE,80:889D:E0M1X1,REJECTED_CANDIDATE_ROOT,V04 admits only exact source-root/direct-flow paths; speculative V03 roots do not create authority.
V03R00323,RETURN_CONTINUATION_CANDIDATE,CANDIDATE,80:C9E0:E0M0X0,REJECTED_CANDIDATE_ROOT,V04 admits only exact source-root/direct-flow paths; speculative V03 roots do not create authority.
V03R00324,RETURN_CONTINUATION_CANDIDATE,CANDIDATE,81:8043:E0M1X1,REJECTED_CANDIDATE_ROOT,V04 admits only exact source-root/direct-flow paths; speculative V03 roots do not create authority.
V03R00325,RETURN_CONTINUATION_CANDIDATE,CANDIDATE,80:B9D2:E0M1X1,REJECTED_CANDIDATE_ROOT,V04 admits only exact source-root/direct-flow paths; speculative V03 roots do not create authority.
V03R00326,RETURN_CONTINUATION_CANDIDATE,CANDIDATE,81:F4BB:E0M1X1,SUPERSEDED_BY_SOURCE_PROOF,V04 admits only exact source-root/direct-flow paths; speculative V03 roots do not create authority.
V03R00327,RETURN_CONTINUATION_CANDIDATE,CANDIDATE,81:DDF9:E0M0X0,REJECTED_CANDIDATE_ROOT,V04 admits only exact source-root/direct-flow paths; speculative V03 roots do not create authority.
V03R00328,RETURN_CONTINUATION_CANDIDATE,CANDIDATE,81:A5F5:E0M1X1,REJECTED_CANDIDATE_ROOT,V04 admits only exact source-root/direct-flow paths; speculative V03 roots do not create authority.
V03R00329,RETURN_CONTINUATION_CANDIDATE,CANDIDATE,81:8CB7:E0M0X0,REJECTED_CANDIDATE_ROOT,V04 admits only exact source-root/direct-flow paths; speculative V03 roots do not create authority.
V03R00330,RETURN_CONTINUATION_CANDIDATE,CANDIDATE,81:AFB8:E0M1X1,REJECTED_CANDIDATE_ROOT,V04 admits only exact source-root/direct-flow paths; speculative V03 roots do not create authority.
V03R00331,RETURN_CONTINUATION_CANDIDATE,CANDIDATE,80:D425:E0M1X1,REJECTED_CANDIDATE_ROOT,V04 admits only exact source-root/direct-flow paths; speculative V03 roots do not create authority.
V03R00332,RETURN_CONTINUATION_CANDIDATE,CANDIDATE,80:B9D5:E0M1X1,REJECTED_CANDIDATE_ROOT,V04 admits only exact source-root/direct-flow paths; speculative V03 roots do not create authority.
V03R00333,RETURN_CONTINUATION_CANDIDATE,CANDIDATE,81:C8A5:E0M0X0,REJECTED_CANDIDATE_ROOT,V04 admits only exact source-root/direct-flow paths; speculative V03 roots do not create authority.
V03R00334,WIDTH_CANDIDATE,CANDIDATE,80:F93E:E0M0X0,REJECTED_CANDIDATE_ROOT,V04 admits only exact source-root/direct-flow paths; speculative V03 roots do not create authority.
V03R00335,WIDTH_CANDIDATE,CANDIDATE,80:F93E:E0M0X1,REJECTED_CANDIDATE_ROOT,V04 admits only exact source-root/direct-flow paths; speculative V03 roots do not create authority.
V03R00336,WIDTH_CANDIDATE,CANDIDATE,80:F93E:E0M1X0,REJECTED_CANDIDATE_ROOT,V04 admits only exact source-root/direct-flow paths; speculative V03 roots do not create authority.
V03R00337,WIDTH_CANDIDATE,CANDIDATE,80:F93E:E0M1X1,SUPERSEDED_BY_SOURCE_PROOF,V04 admits only exact source-root/direct-flow paths; speculative V03 roots do not create authority.
V03R00338,RETURN_CONTINUATION_CANDIDATE,CANDIDATE,81:F4BE:E0M1X1,SUPERSEDED_BY_SOURCE_PROOF,V04 admits only exact source-root/direct-flow paths; speculative V03 roots do not create authority.
V03R00339,RETURN_CONTINUATION_CANDIDATE,CANDIDATE,81:A5F8:E0M1X1,REJECTED_CANDIDATE_ROOT,V04 admits only exact source-root/direct-flow paths; speculative V03 roots do not create authority.
V03R00340,RETURN_CONTINUATION_CANDIDATE,CANDIDATE,81:AFBB:E0M1X1,REJECTED_CANDIDATE_ROOT,V04 admits only exact source-root/direct-flow paths; speculative V03 roots do not create authority.
V03R00341,RETURN_CONTINUATION_CANDIDATE,CANDIDATE,80:88A1:E0M1X1,REJECTED_CANDIDATE_ROOT,V04 admits only exact source-root/direct-flow paths; speculative V03 roots do not create authority.
V03R00342,RETURN_CONTINUATION_CANDIDATE,CANDIDATE,80:B9D8:E0M1X1,REJECTED_CANDIDATE_ROOT,V04 admits only exact source-root/direct-flow paths; speculative V03 roots do not create authority.
V03R00343,RETURN_CONTINUATION_CANDIDATE,CANDIDATE,81:F4C2:E0M1X1,SUPERSEDED_BY_SOURCE_PROOF,V04 admits only exact source-root/direct-flow paths; speculative V03 roots do not create authority.
V03R00344,RETURN_CONTINUATION_CANDIDATE,CANDIDATE,81:DDFD:E0M0X0,REJECTED_CANDIDATE_ROOT,V04 admits only exact source-root/direct-flow paths; speculative V03 roots do not create authority.
V03R00345,RETURN_CONTINUATION_CANDIDATE,CANDIDATE,81:A5FB:E0M1X1,REJECTED_CANDIDATE_ROOT,V04 admits only exact source-root/direct-flow paths; speculative V03 roots do not create authority.
V03R00346,RETURN_CONTINUATION_CANDIDATE,CANDIDATE,81:8CBD:E0M0X0,REJECTED_CANDIDATE_ROOT,V04 admits only exact source-root/direct-flow paths; speculative V03 roots do not create authority.
V03R00347,RETURN_CONTINUATION_CANDIDATE,CANDIDATE,81:BA90:E0M0X0,REJECTED_CANDIDATE_ROOT,V04 admits only exact source-root/direct-flow paths; speculative V03 roots do not create authority.
V03R00348,RETURN_CONTINUATION_CANDIDATE,CANDIDATE,81:B340:E0M1X1,REJECTED_CANDIDATE_ROOT,V04 admits only exact source-root/direct-flow paths; speculative V03 roots do not create authority.
V03R00349,RETURN_CONTINUATION_CANDIDATE,CANDIDATE,80:C2EE:E0M1X1,REJECTED_CANDIDATE_ROOT,V04 admits only exact source-root/direct-flow paths; speculative V03 roots do not create authority.
V03R00350,RETURN_CONTINUATION_CANDIDATE,CANDIDATE,80:CA86:E0M0X0,REJECTED_CANDIDATE_ROOT,V04 admits only exact source-root/direct-flow paths; speculative V03 roots do not create authority.
V03R00351,RETURN_CONTINUATION_CANDIDATE,CANDIDATE,80:D42A:E0M1X1,REJECTED_CANDIDATE_ROOT,V04 admits only exact source-root/direct-flow paths; speculative V03 roots do not create authority.
V03R00352,RETURN_CONTINUATION_CANDIDATE,CANDIDATE,80:B9DB:E0M1X1,REJECTED_CANDIDATE_ROOT,V04 admits only exact source-root/direct-flow paths; speculative V03 roots do not create authority.
V03R00353,RETURN_CONTINUATION_CANDIDATE,CANDIDATE,81:C8AA:E0M1X1,REJECTED_CANDIDATE_ROOT,V04 admits only exact source-root/direct-flow paths; speculative V03 roots do not create authority.
V03R00354,RETURN_CONTINUATION_CANDIDATE,CANDIDATE,81:F4C5:E0M1X1,SUPERSEDED_BY_SOURCE_PROOF,V04 admits only exact source-root/direct-flow paths; speculative V03 roots do not create authority.
V03R00355,RETURN_CONTINUATION_CANDIDATE,CANDIDATE,81:B193:E0M0X0,REJECTED_CANDIDATE_ROOT,V04 admits only exact source-root/direct-flow paths; speculative V03 roots do not create authority.
V03R00356,RETURN_CONTINUATION_CANDIDATE,CANDIDATE,81:B138:E0M0X0,REJECTED_CANDIDATE_ROOT,V04 admits only exact source-root/direct-flow paths; speculative V03 roots do not create authority.
V03R00357,RETURN_CONTINUATION_CANDIDATE,CANDIDATE,81:AFC1:E0M1X1,REJECTED_CANDIDATE_ROOT,V04 admits only exact source-root/direct-flow paths; speculative V03 roots do not create authority.
V03R00358,RETURN_CONTINUATION_CANDIDATE,CANDIDATE,80:C2F1:E0M1X1,REJECTED_CANDIDATE_ROOT,V04 admits only exact source-root/direct-flow paths; speculative V03 roots do not create authority.
V03R00359,RETURN_CONTINUATION_CANDIDATE,CANDIDATE,80:CCBA:E0M0X0,REJECTED_CANDIDATE_ROOT,V04 admits only exact source-root/direct-flow paths; speculative V03 roots do not create authority.
V03R00360,RETURN_CONTINUATION_CANDIDATE,CANDIDATE,80:DCF4:E0M0X0,REJECTED_CANDIDATE_ROOT,V04 admits only exact source-root/direct-flow paths; speculative V03 roots do not create authority.
V03R00361,RETURN_CONTINUATION_CANDIDATE,CANDIDATE,81:804C:E0M1X1,REJECTED_CANDIDATE_ROOT,V04 admits only exact source-root/direct-flow paths; speculative V03 roots do not create authority.
V03R00362,RETURN_CONTINUATION_CANDIDATE,CANDIDATE,80:B9DE:E0M1X1,REJECTED_CANDIDATE_ROOT,V04 admits only exact source-root/direct-flow paths; speculative V03 roots do not create authority.
V03R00363,RETURN_CONTINUATION_CANDIDATE,CANDIDATE,81:F901:E0M1X1,REJECTED_CANDIDATE_ROOT,V04 admits only exact source-root/direct-flow paths; speculative V03 roots do not create authority.
V03R00364,RETURN_CONTINUATION_CANDIDATE,CANDIDATE,81:9E9D:E0M0X0,SUPERSEDED_BY_SOURCE_PROOF,V04 admits only exact source-root/direct-flow paths; speculative V03 roots do not create authority.
V03R00365,RETURN_CONTINUATION_CANDIDATE,CANDIDATE,81:8CC3:E0M0X0,REJECTED_CANDIDATE_ROOT,V04 admits only exact source-root/direct-flow paths; speculative V03 roots do not create authority.
V03R00366,RETURN_CONTINUATION_CANDIDATE,CANDIDATE,80:C221:E0M0X0,REJECTED_CANDIDATE_ROOT,V04 admits only exact source-root/direct-flow paths; speculative V03 roots do not create authority.
V03R00367,RETURN_CONTINUATION_CANDIDATE,CANDIDATE,81:8050:E0M1X1,REJECTED_CANDIDATE_ROOT,V04 admits only exact source-root/direct-flow paths; speculative V03 roots do not create authority.
V03R00368,RETURN_CONTINUATION_CANDIDATE,CANDIDATE,80:D42F:E0M1X1,REJECTED_CANDIDATE_ROOT,V04 admits only exact source-root/direct-flow paths; speculative V03 roots do not create authority.
V03R00369,RETURN_CONTINUATION_CANDIDATE,CANDIDATE,80:AF4F:E0M1X1,REJECTED_CANDIDATE_ROOT,V04 admits only exact source-root/direct-flow paths; speculative V03 roots do not create authority.
V03R00370,RETURN_CONTINUATION_CANDIDATE,CANDIDATE,80:B9E1:E0M1X1,REJECTED_CANDIDATE_ROOT,V04 admits only exact source-root/direct-flow paths; speculative V03 roots do not create authority.
V03R00371,RETURN_CONTINUATION_CANDIDATE,CANDIDATE,81:F904:E0M1X1,REJECTED_CANDIDATE_ROOT,V04 admits only exact source-root/direct-flow paths; speculative V03 roots do not create authority.
V03R00372,RETURN_CONTINUATION_CANDIDATE,CANDIDATE,80:F93D:E0M1X1,SUPERSEDED_BY_SOURCE_PROOF,V04 admits only exact source-root/direct-flow paths; speculative V03 roots do not create authority.
V03R00373,RETURN_CONTINUATION_CANDIDATE,CANDIDATE,81:F4EC:E0M1X1,SUPERSEDED_BY_SOURCE_PROOF,V04 admits only exact source-root/direct-flow paths; speculative V03 roots do not create authority.
V03R00374,RETURN_CONTINUATION_CANDIDATE,CANDIDATE,81:F4CA:E0M1X1,SUPERSEDED_BY_SOURCE_PROOF,V04 admits only exact source-root/direct-flow paths; speculative V03 roots do not create authority.
V03R00375,RETURN_CONTINUATION_CANDIDATE,CANDIDATE,81:A603:E0M1X1,REJECTED_CANDIDATE_ROOT,V04 admits only exact source-root/direct-flow paths; speculative V03 roots do not create authority.
V03R00376,RETURN_CONTINUATION_CANDIDATE,CANDIDATE,81:AFC7:E0M1X1,REJECTED_CANDIDATE_ROOT,V04 admits only exact source-root/direct-flow paths; speculative V03 roots do not create authority.
V03R00377,RETURN_CONTINUATION_CANDIDATE,CANDIDATE,80:CB11:E0M0X0,REJECTED_CANDIDATE_ROOT,V04 admits only exact source-root/direct-flow paths; speculative V03 roots do not create authority.
V03R00378,RETURN_CONTINUATION_CANDIDATE,CANDIDATE,92:F169:E0M1X1,REJECTED_CANDIDATE_ROOT,V04 admits only exact source-root/direct-flow paths; speculative V03 roots do not create authority.
V03R00379,RETURN_CONTINUATION_CANDIDATE,CANDIDATE,80:C047:E0M0X0,REJECTED_CANDIDATE_ROOT,V04 admits only exact source-root/direct-flow paths; speculative V03 roots do not create authority.
V03R00380,RETURN_CONTINUATION_CANDIDATE,CANDIDATE,80:B9E4:E0M1X1,REJECTED_CANDIDATE_ROOT,V04 admits only exact source-root/direct-flow paths; speculative V03 roots do not create authority.
V03R00381,RETURN_CONTINUATION_CANDIDATE,CANDIDATE,81:F4EF:E0M1X1,SUPERSEDED_BY_SOURCE_PROOF,V04 admits only exact source-root/direct-flow paths; speculative V03 roots do not create authority.
V03R00382,RETURN_CONTINUATION_CANDIDATE,CANDIDATE,81:F4CD:E0M1X1,SUPERSEDED_BY_SOURCE_PROOF,V04 admits only exact source-root/direct-flow paths; speculative V03 roots do not create authority.
V03R00383,RETURN_CONTINUATION_CANDIDATE,CANDIDATE,81:A606:E0M1X1,REJECTED_CANDIDATE_ROOT,V04 admits only exact source-root/direct-flow paths; speculative V03 roots do not create authority.
V03R00384,RETURN_CONTINUATION_CANDIDATE,CANDIDATE,81:AFCA:E0M1X1,REJECTED_CANDIDATE_ROOT,V04 admits only exact source-root/direct-flow paths; speculative V03 roots do not create authority.
V03R00385,RETURN_CONTINUATION_CANDIDATE,CANDIDATE,80:CA91:E0M0X0,REJECTED_CANDIDATE_ROOT,V04 admits only exact source-root/direct-flow paths; speculative V03 roots do not create authority.
V03R00386,RETURN_CONTINUATION_CANDIDATE,CANDIDATE,80:C9F3:E0M0X0,REJECTED_CANDIDATE_ROOT,V04 admits only exact source-root/direct-flow paths; speculative V03 roots do not create authority.
V03R00387,RETURN_CONTINUATION_CANDIDATE,CANDIDATE,80:D454:E0M0X0,REJECTED_CANDIDATE_ROOT,V04 admits only exact source-root/direct-flow paths; speculative V03 roots do not create authority.
V03R00388,RETURN_CONTINUATION_CANDIDATE,CANDIDATE,80:D434:E0M1X1,REJECTED_CANDIDATE_ROOT,V04 admits only exact source-root/direct-flow paths; speculative V03 roots do not create authority.
V03R00389,RETURN_CONTINUATION_CANDIDATE,CANDIDATE,80:AF54:E0M1X1,REJECTED_CANDIDATE_ROOT,V04 admits only exact source-root/direct-flow paths; speculative V03 roots do not create authority.
V03R00390,RETURN_CONTINUATION_CANDIDATE,CANDIDATE,80:B9E7:E0M1X1,REJECTED_CANDIDATE_ROOT,V04 admits only exact source-root/direct-flow paths; speculative V03 roots do not create authority.
V03R00391,RETURN_CONTINUATION_CANDIDATE,CANDIDATE,81:F909:E0M1X1,REJECTED_CANDIDATE_ROOT,V04 admits only exact source-root/direct-flow paths; speculative V03 roots do not create authority.
V03R00392,RETURN_CONTINUATION_CANDIDATE,CANDIDATE,81:F4F2:E0M1X1,SUPERSEDED_BY_SOURCE_PROOF,V04 admits only exact source-root/direct-flow paths; speculative V03 roots do not create authority.
V03R00393,RETURN_CONTINUATION_CANDIDATE,CANDIDATE,81:A609:E0M1X1,REJECTED_CANDIDATE_ROOT,V04 admits only exact source-root/direct-flow paths; speculative V03 roots do not create authority.
V03R00394,RETURN_CONTINUATION_CANDIDATE,CANDIDATE,81:8CCD:E0M0X0,REJECTED_CANDIDATE_ROOT,V04 admits only exact source-root/direct-flow paths; speculative V03 roots do not create authority.
V03R00395,RETURN_CONTINUATION_CANDIDATE,CANDIDATE,81:B144:E0M0X0,REJECTED_CANDIDATE_ROOT,V04 admits only exact source-root/direct-flow paths; speculative V03 roots do not create authority.
V03R00396,RETURN_CONTINUATION_CANDIDATE,CANDIDATE,80:CD8D:E0M1X1,REJECTED_CANDIDATE_ROOT,V04 admits only exact source-root/direct-flow paths; speculative V03 roots do not create authority.
V03R00397,RETURN_CONTINUATION_CANDIDATE,CANDIDATE,81:AFCE:E0M1X1,REJECTED_CANDIDATE_ROOT,V04 admits only exact source-root/direct-flow paths; speculative V03 roots do not create authority.
V03R00398,RETURN_CONTINUATION_CANDIDATE,CANDIDATE,80:A39D:E0M0X0,REJECTED_CANDIDATE_ROOT,V04 admits only exact source-root/direct-flow paths; speculative V03 roots do not create authority.
V03R00399,RETURN_CONTINUATION_CANDIDATE,CANDIDATE,80:CCC5:E0M0X0,REJECTED_CANDIDATE_ROOT,V04 admits only exact source-root/direct-flow paths; speculative V03 roots do not create authority.
V03R00400,RETURN_CONTINUATION_CANDIDATE,CANDIDATE,80:9131:E0M1X1,REJECTED_CANDIDATE_ROOT,V04 admits only exact source-root/direct-flow paths; speculative V03 roots do not create authority.
V03R00401,RETURN_CONTINUATION_CANDIDATE,CANDIDATE,80:B9EA:E0M1X1,REJECTED_CANDIDATE_ROOT,V04 admits only exact source-root/direct-flow paths; speculative V03 roots do not create authority.
V03R00402,RETURN_CONTINUATION_CANDIDATE,CANDIDATE,81:F4F6:E0M1X1,SUPERSEDED_BY_SOURCE_PROOF,V04 admits only exact source-root/direct-flow paths; speculative V03 roots do not create authority.
V03R00403,RETURN_CONTINUATION_CANDIDATE,CANDIDATE,81:A85E:E0M0X0,REJECTED_CANDIDATE_ROOT,V04 admits only exact source-root/direct-flow paths; speculative V03 roots do not create authority.
V03R00404,RETURN_CONTINUATION_CANDIDATE,CANDIDATE,81:A60D:E0M1X1,REJECTED_CANDIDATE_ROOT,V04 admits only exact source-root/direct-flow paths; speculative V03 roots do not create authority.
V03R00405,RETURN_CONTINUATION_CANDIDATE,CANDIDATE,81:BAB9:E0M0X0,REJECTED_CANDIDATE_ROOT,V04 admits only exact source-root/direct-flow paths; speculative V03 roots do not create authority.
V03R00406,RETURN_CONTINUATION_CANDIDATE,CANDIDATE,81:BAA1:E0M0X0,REJECTED_CANDIDATE_ROOT,V04 admits only exact source-root/direct-flow paths; speculative V03 roots do not create authority.
V03R00407,RETURN_CONTINUATION_CANDIDATE,CANDIDATE,81:B61D:E0M0X0,REJECTED_CANDIDATE_ROOT,V04 admits only exact source-root/direct-flow paths; speculative V03 roots do not create authority.
V03R00408,RETURN_CONTINUATION_CANDIDATE,CANDIDATE,81:AFD2:E0M1X1,REJECTED_CANDIDATE_ROOT,V04 admits only exact source-root/direct-flow paths; speculative V03 roots do not create authority.
V03R00409,RETURN_CONTINUATION_CANDIDATE,CANDIDATE,80:CB1A:E0M0X0,REJECTED_CANDIDATE_ROOT,V04 admits only exact source-root/direct-flow paths; speculative V03 roots do not create authority.
V03R00410,RETURN_CONTINUATION_CANDIDATE,CANDIDATE,80:DD3D:E0M0X0,REJECTED_CANDIDATE_ROOT,V04 admits only exact source-root/direct-flow paths; speculative V03 roots do not create authority.
V03R00411,RETURN_CONTINUATION_CANDIDATE,CANDIDATE,80:B064:E0M1X1,REJECTED_CANDIDATE_ROOT,V04 admits only exact source-root/direct-flow paths; speculative V03 roots do not create authority.
V03R00412,RETURN_CONTINUATION_CANDIDATE,CANDIDATE,80:AF59:E0M1X1,REJECTED_CANDIDATE_ROOT,V04 admits only exact source-root/direct-flow paths; speculative V03 roots do not create authority.
V03R00413,RETURN_CONTINUATION_CANDIDATE,CANDIDATE,80:8B03:E0M1X1,REJECTED_CANDIDATE_ROOT,V04 admits only exact source-root/direct-flow paths; speculative V03 roots do not create authority.
V03R00414,RETURN_CONTINUATION_CANDIDATE,CANDIDATE,80:B9ED:E0M1X1,REJECTED_CANDIDATE_ROOT,V04 admits only exact source-root/direct-flow paths; speculative V03 roots do not create authority.
V03R00415,RETURN_CONTINUATION_CANDIDATE,CANDIDATE,81:F90E:E0M1X1,REJECTED_CANDIDATE_ROOT,V04 admits only exact source-root/direct-flow paths; speculative V03 roots do not create authority.
V03R00416,RETURN_CONTINUATION_CANDIDATE,CANDIDATE,81:F802:E0M1X1,SUPERSEDED_BY_SOURCE_PROOF,V04 admits only exact source-root/direct-flow paths; speculative V03 roots do not create authority.
V03R00417,RETURN_CONTINUATION_CANDIDATE,CANDIDATE,81:F4F9:E0M1X1,SUPERSEDED_BY_SOURCE_PROOF,V04 admits only exact source-root/direct-flow paths; speculative V03 roots do not create authority.
V03R00418,RETURN_CONTINUATION_CANDIDATE,CANDIDATE,81:F4D5:E0M1X1,SUPERSEDED_BY_SOURCE_PROOF,V04 admits only exact source-root/direct-flow paths; speculative V03 roots do not create authority.
V03R00419,RETURN_CONTINUATION_CANDIDATE,CANDIDATE,81:9EC9:E0M0X0,SUPERSEDED_BY_SOURCE_PROOF,V04 admits only exact source-root/direct-flow paths; speculative V03 roots do not create authority.
V03R00420,RETURN_CONTINUATION_CANDIDATE,CANDIDATE,81:A611:E0M1X1,REJECTED_CANDIDATE_ROOT,V04 admits only exact source-root/direct-flow paths; speculative V03 roots do not create authority.
V03R00421,RETURN_CONTINUATION_CANDIDATE,CANDIDATE,81:B353:E0M0X0,REJECTED_CANDIDATE_ROOT,V04 admits only exact source-root/direct-flow paths; speculative V03 roots do not create authority.
V03R00422,RETURN_CONTINUATION_CANDIDATE,CANDIDATE,81:AFD5:E0M1X1,REJECTED_CANDIDATE_ROOT,V04 admits only exact source-root/direct-flow paths; speculative V03 roots do not create authority.
V03R00423,RETURN_CONTINUATION_CANDIDATE,CANDIDATE,80:C362:E0M1X1,REJECTED_CANDIDATE_ROOT,V04 admits only exact source-root/direct-flow paths; speculative V03 roots do not create authority.
V03R00424,RETURN_CONTINUATION_CANDIDATE,CANDIDATE,80:D43C:E0M1X1,REJECTED_CANDIDATE_ROOT,V04 admits only exact source-root/direct-flow paths; speculative V03 roots do not create authority.
V03R00425,RETURN_CONTINUATION_CANDIDATE,CANDIDATE,80:9136:E0M1X1,REJECTED_CANDIDATE_ROOT,V04 admits only exact source-root/direct-flow paths; speculative V03 roots do not create authority.
V03R00426,RETURN_CONTINUATION_CANDIDATE,CANDIDATE,80:8BD4:E0M1X1,REJECTED_CANDIDATE_ROOT,V04 admits only exact source-root/direct-flow paths; speculative V03 roots do not create authority.
V03R00427,RETURN_CONTINUATION_CANDIDATE,CANDIDATE,80:B9F0:E0M1X1,REJECTED_CANDIDATE_ROOT,V04 admits only exact source-root/direct-flow paths; speculative V03 roots do not create authority.
V03R00428,RETURN_CONTINUATION_CANDIDATE,CANDIDATE,81:FA45:E0M0X0,REJECTED_CANDIDATE_ROOT,V04 admits only exact source-root/direct-flow paths; speculative V03 roots do not create authority.
V03R00429,RETURN_CONTINUATION_CANDIDATE,CANDIDATE,81:A84A:E0M0X0,REJECTED_CANDIDATE_ROOT,V04 admits only exact source-root/direct-flow paths; speculative V03 roots do not create authority.
V03R00430,RETURN_CONTINUATION_CANDIDATE,CANDIDATE,81:A615:E0M1X1,REJECTED_CANDIDATE_ROOT,V04 admits only exact source-root/direct-flow paths; speculative V03 roots do not create authority.
V03R00431,RETURN_CONTINUATION_CANDIDATE,CANDIDATE,81:B1A6:E0M0X0,REJECTED_CANDIDATE_ROOT,V04 admits only exact source-root/direct-flow paths; speculative V03 roots do not create authority.
V03R00432,RETURN_CONTINUATION_CANDIDATE,CANDIDATE,81:B356:E0M0X0,REJECTED_CANDIDATE_ROOT,V04 admits only exact source-root/direct-flow paths; speculative V03 roots do not create authority.
V03R00433,RETURN_CONTINUATION_CANDIDATE,CANDIDATE,81:B5E4:E0M0X0,REJECTED_CANDIDATE_ROOT,V04 admits only exact source-root/direct-flow paths; speculative V03 roots do not create authority.
V03R00434,RETURN_CONTINUATION_CANDIDATE,CANDIDATE,81:AFD8:E0M1X1,REJECTED_CANDIDATE_ROOT,V04 admits only exact source-root/direct-flow paths; speculative V03 roots do not create authority.
V03R00435,RETURN_CONTINUATION_CANDIDATE,CANDIDATE,80:8392:E0M0X0,REJECTED_CANDIDATE_ROOT,V04 admits only exact source-root/direct-flow paths; speculative V03 roots do not create authority.
V03R00436,RETURN_CONTINUATION_CANDIDATE,CANDIDATE,80:B069:E0M1X1,REJECTED_CANDIDATE_ROOT,V04 admits only exact source-root/direct-flow paths; speculative V03 roots do not create authority.
V03R00437,RETURN_CONTINUATION_CANDIDATE,CANDIDATE,80:B118:E0M1X1,REJECTED_CANDIDATE_ROOT,V04 admits only exact source-root/direct-flow paths; speculative V03 roots do not create authority.
V03R00438,RETURN_CONTINUATION_CANDIDATE,CANDIDATE,80:AF5E:E0M1X1,REJECTED_CANDIDATE_ROOT,V04 admits only exact source-root/direct-flow paths; speculative V03 roots do not create authority.
V03R00439,RETURN_CONTINUATION_CANDIDATE,CANDIDATE,80:8B08:E0M1X1,REJECTED_CANDIDATE_ROOT,V04 admits only exact source-root/direct-flow paths; speculative V03 roots do not create authority.
V03R00440,RETURN_CONTINUATION_CANDIDATE,CANDIDATE,80:E3C3:E0M1X1,REJECTED_CANDIDATE_ROOT,V04 admits only exact source-root/direct-flow paths; speculative V03 roots do not create authority.
V03R00441,RETURN_CONTINUATION_CANDIDATE,CANDIDATE,80:B9F3:E0M1X1,REJECTED_CANDIDATE_ROOT,V04 admits only exact source-root/direct-flow paths; speculative V03 roots do not create authority.
V03R00442,RETURN_CONTINUATION_CANDIDATE,CANDIDATE,81:F913:E0M1X1,REJECTED_CANDIDATE_ROOT,V04 admits only exact source-root/direct-flow paths; speculative V03 roots do not create authority.
V03R00443,RETURN_CONTINUATION_CANDIDATE,CANDIDATE,81:C8EC:E0M1X1,REJECTED_CANDIDATE_ROOT,V04 admits only exact source-root/direct-flow paths; speculative V03 roots do not create authority.
V03R00444,RETURN_CONTINUATION_CANDIDATE,CANDIDATE,81:C8BF:E0M1X1,REJECTED_CANDIDATE_ROOT,V04 admits only exact source-root/direct-flow paths; speculative V03 roots do not create authority.
V03R00445,RETURN_CONTINUATION_CANDIDATE,CANDIDATE,81:F6A9:E0M1X1,SUPERSEDED_BY_SOURCE_PROOF,V04 admits only exact source-root/direct-flow paths; speculative V03 roots do not create authority.
V03R00446,RETURN_CONTINUATION_CANDIDATE,CANDIDATE,81:F4FE:E0M1X1,SUPERSEDED_BY_SOURCE_PROOF,V04 admits only exact source-root/direct-flow paths; speculative V03 roots do not create authority.
V03R00447,RETURN_CONTINUATION_CANDIDATE,CANDIDATE,81:F4DA:E0M1X1,SUPERSEDED_BY_SOURCE_PROOF,V04 admits only exact source-root/direct-flow paths; speculative V03 roots do not create authority.
V03R00448,RETURN_CONTINUATION_CANDIDATE,CANDIDATE,81:9ED3:E0M0X0,SUPERSEDED_BY_SOURCE_PROOF,V04 admits only exact source-root/direct-flow paths; speculative V03 roots do not create authority.
V03R00449,RETURN_CONTINUATION_CANDIDATE,CANDIDATE,81:9EBF:E0M0X0,SUPERSEDED_BY_SOURCE_PROOF,V04 admits only exact source-root/direct-flow paths; speculative V03 roots do not create authority.
V03R00450,RETURN_CONTINUATION_CANDIDATE,CANDIDATE,81:A618:E0M1X1,REJECTED_CANDIDATE_ROOT,V04 admits only exact source-root/direct-flow paths; speculative V03 roots do not create authority.
V03R00451,RETURN_CONTINUATION_CANDIDATE,CANDIDATE,81:B150:E0M0X0,REJECTED_CANDIDATE_ROOT,V04 admits only exact source-root/direct-flow paths; speculative V03 roots do not create authority.
V03R00452,RETURN_CONTINUATION_CANDIDATE,CANDIDATE,81:B627:E0M0X0,REJECTED_CANDIDATE_ROOT,V04 admits only exact source-root/direct-flow paths; speculative V03 roots do not create authority.
V03R00453,RETURN_CONTINUATION_CANDIDATE,CANDIDATE,81:AFDB:E0M1X1,REJECTED_CANDIDATE_ROOT,V04 admits only exact source-root/direct-flow paths; speculative V03 roots do not create authority.
V03R00454,RETURN_CONTINUATION_CANDIDATE,CANDIDATE,80:CCD0:E0M0X0,REJECTED_CANDIDATE_ROOT,V04 admits only exact source-root/direct-flow paths; speculative V03 roots do not create authority.
V03R00455,RETURN_CONTINUATION_CANDIDATE,CANDIDATE,80:CA02:E0M0X0,REJECTED_CANDIDATE_ROOT,V04 admits only exact source-root/direct-flow paths; speculative V03 roots do not create authority.
V03R00456,RETURN_CONTINUATION_CANDIDATE,CANDIDATE,80:AF94:E0M1X1,REJECTED_CANDIDATE_ROOT,V04 admits only exact source-root/direct-flow paths; speculative V03 roots do not create authority.
V03R00457,RETURN_CONTINUATION_CANDIDATE,CANDIDATE,80:913B:E0M1X1,REJECTED_CANDIDATE_ROOT,V04 admits only exact source-root/direct-flow paths; speculative V03 roots do not create authority.
V03R00458,RETURN_CONTINUATION_CANDIDATE,CANDIDATE,80:E3C6:E0M1X1,REJECTED_CANDIDATE_ROOT,V04 admits only exact source-root/direct-flow paths; speculative V03 roots do not create authority.
V03R00459,RETURN_CONTINUATION_CANDIDATE,CANDIDATE,80:8BD9:E0M1X1,REJECTED_CANDIDATE_ROOT,V04 admits only exact source-root/direct-flow paths; speculative V03 roots do not create authority.
V03R00460,RETURN_CONTINUATION_CANDIDATE,CANDIDATE,80:B9F6:E0M1X1,REJECTED_CANDIDATE_ROOT,V04 admits only exact source-root/direct-flow paths; speculative V03 roots do not create authority.
V03R00461,RETURN_CONTINUATION_CANDIDATE,CANDIDATE,81:C8C2:E0M1X1,REJECTED_CANDIDATE_ROOT,V04 admits only exact source-root/direct-flow paths; speculative V03 roots do not create authority.
V03R00462,WIDTH_CANDIDATE,CANDIDATE,80:FAE9:E0M0X0,REJECTED_CANDIDATE_ROOT,V04 admits only exact source-root/direct-flow paths; speculative V03 roots do not create authority.
V03R00463,WIDTH_CANDIDATE,CANDIDATE,80:FAE9:E0M0X1,REJECTED_CANDIDATE_ROOT,V04 admits only exact source-root/direct-flow paths; speculative V03 roots do not create authority.
V03R00464,WIDTH_CANDIDATE,CANDIDATE,80:FAE9:E0M1X0,REJECTED_CANDIDATE_ROOT,V04 admits only exact source-root/direct-flow paths; speculative V03 roots do not create authority.
V03R00465,WIDTH_CANDIDATE,CANDIDATE,80:FAE9:E0M1X1,SUPERSEDED_BY_SOURCE_PROOF,V04 admits only exact source-root/direct-flow paths; speculative V03 roots do not create authority.
V03R00466,RETURN_CONTINUATION_CANDIDATE,CANDIDATE,81:BAAD:E0M0X0,REJECTED_CANDIDATE_ROOT,V04 admits only exact source-root/direct-flow paths; speculative V03 roots do not create authority.
V03R00467,RETURN_CONTINUATION_CANDIDATE,CANDIDATE,92:F17E:E0M1X1,REJECTED_CANDIDATE_ROOT,V04 admits only exact source-root/direct-flow paths; speculative V03 roots do not create authority.
V03R00468,RETURN_CONTINUATION_CANDIDATE,CANDIDATE,80:B06E:E0M1X1,REJECTED_CANDIDATE_ROOT,V04 admits only exact source-root/direct-flow paths; speculative V03 roots do not create authority.
V03R00469,RETURN_CONTINUATION_CANDIDATE,CANDIDATE,80:8B0D:E0M1X1,REJECTED_CANDIDATE_ROOT,V04 admits only exact source-root/direct-flow paths; speculative V03 roots do not create authority.
V03R00470,RETURN_CONTINUATION_CANDIDATE,CANDIDATE,80:E3D0:E0M1X1,REJECTED_CANDIDATE_ROOT,V04 admits only exact source-root/direct-flow paths; speculative V03 roots do not create authority.
V03R00471,RETURN_CONTINUATION_CANDIDATE,CANDIDATE,80:B9F9:E0M1X1,REJECTED_CANDIDATE_ROOT,V04 admits only exact source-root/direct-flow paths; speculative V03 roots do not create authority.
V03R00472,RETURN_CONTINUATION_CANDIDATE,CANDIDATE,81:F918:E0M0X0,REJECTED_CANDIDATE_ROOT,V04 admits only exact source-root/direct-flow paths; speculative V03 roots do not create authority.
V03R00473,RETURN_CONTINUATION_CANDIDATE,CANDIDATE,81:F503:E0M1X1,SUPERSEDED_BY_SOURCE_PROOF,V04 admits only exact source-root/direct-flow paths; speculative V03 roots do not create authority.
V03R00474,RETURN_CONTINUATION_CANDIDATE,CANDIDATE,81:A86A:E0M0X0,REJECTED_CANDIDATE_ROOT,V04 admits only exact source-root/direct-flow paths; speculative V03 roots do not create authority.
V03R00475,RETURN_CONTINUATION_CANDIDATE,CANDIDATE,81:8CE5:E0M1X1,REJECTED_CANDIDATE_ROOT,V04 admits only exact source-root/direct-flow paths; speculative V03 roots do not create authority.
V03R00476,RETURN_CONTINUATION_CANDIDATE,CANDIDATE,80:C236:E0M0X0,REJECTED_CANDIDATE_ROOT,V04 admits only exact source-root/direct-flow paths; speculative V03 roots do not create authority.
V03R00477,RETURN_CONTINUATION_CANDIDATE,CANDIDATE,80:DD49:E0M0X0,REJECTED_CANDIDATE_ROOT,V04 admits only exact source-root/direct-flow paths; speculative V03 roots do not create authority.
V03R00478,RETURN_CONTINUATION_CANDIDATE,CANDIDATE,80:9140:E0M1X1,REJECTED_CANDIDATE_ROOT,V04 admits only exact source-root/direct-flow paths; speculative V03 roots do not create authority.
V03R00479,RETURN_CONTINUATION_CANDIDATE,CANDIDATE,80:E3D3:E0M1X1,REJECTED_CANDIDATE_ROOT,V04 admits only exact source-root/direct-flow paths; speculative V03 roots do not create authority.
V03R00480,RETURN_CONTINUATION_CANDIDATE,CANDIDATE,80:E3F6:E0M1X1,REJECTED_CANDIDATE_ROOT,V04 admits only exact source-root/direct-flow paths; speculative V03 roots do not create authority.
V03R00481,RETURN_CONTINUATION_CANDIDATE,CANDIDATE,80:8BDE:E0M1X1,REJECTED_CANDIDATE_ROOT,V04 admits only exact source-root/direct-flow paths; speculative V03 roots do not create authority.
V03R00482,RETURN_CONTINUATION_CANDIDATE,CANDIDATE,80:B9FC:E0M1X1,REJECTED_CANDIDATE_ROOT,V04 admits only exact source-root/direct-flow paths; speculative V03 roots do not create authority.
V03R00483,RETURN_CONTINUATION_CANDIDATE,CANDIDATE,81:FA51:E0M0X0,REJECTED_CANDIDATE_ROOT,V04 admits only exact source-root/direct-flow paths; speculative V03 roots do not create authority.
V03R00484,RETURN_CONTINUATION_CANDIDATE,CANDIDATE,81:B1B2:E0M0X0,REJECTED_CANDIDATE_ROOT,V04 admits only exact source-root/direct-flow paths; speculative V03 roots do not create authority.
V03R00485,RETURN_CONTINUATION_CANDIDATE,CANDIDATE,80:D4A3:E0M0X0,REJECTED_CANDIDATE_ROOT,V04 admits only exact source-root/direct-flow paths; speculative V03 roots do not create authority.
V03R00486,RETURN_CONTINUATION_CANDIDATE,CANDIDATE,80:A286:E0M0X0,REJECTED_CANDIDATE_ROOT,V04 admits only exact source-root/direct-flow paths; speculative V03 roots do not create authority.
V03R00487,RETURN_CONTINUATION_CANDIDATE,CANDIDATE,81:AFE4:E0M1X1,REJECTED_CANDIDATE_ROOT,V04 admits only exact source-root/direct-flow paths; speculative V03 roots do not create authority.
V03R00488,WIDTH_CANDIDATE,CANDIDATE,80:DC32:E0M0X0,REJECTED_CANDIDATE_ROOT,V04 admits only exact source-root/direct-flow paths; speculative V03 roots do not create authority.
V03R00489,WIDTH_CANDIDATE,CANDIDATE,80:DC32:E0M0X1,REJECTED_CANDIDATE_ROOT,V04 admits only exact source-root/direct-flow paths; speculative V03 roots do not create authority.
V03R00490,WIDTH_CANDIDATE,CANDIDATE,80:DC32:E0M1X0,REJECTED_CANDIDATE_ROOT,V04 admits only exact source-root/direct-flow paths; speculative V03 roots do not create authority.
V03R00491,WIDTH_CANDIDATE,CANDIDATE,80:DC32:E0M1X1,REJECTED_CANDIDATE_ROOT,V04 admits only exact source-root/direct-flow paths; speculative V03 roots do not create authority.
V03R00492,RETURN_CONTINUATION_CANDIDATE,CANDIDATE,80:C05B:E0M0X0,REJECTED_CANDIDATE_ROOT,V04 admits only exact source-root/direct-flow paths; speculative V03 roots do not create authority.
V03R00493,RETURN_CONTINUATION_CANDIDATE,CANDIDATE,80:AF9D:E0M1X1,REJECTED_CANDIDATE_ROOT,V04 admits only exact source-root/direct-flow paths; speculative V03 roots do not create authority.
V03R00494,RETURN_CONTINUATION_CANDIDATE,CANDIDATE,80:9143:E0M1X1,REJECTED_CANDIDATE_ROOT,V04 admits only exact source-root/direct-flow paths; speculative V03 roots do not create authority.
V03R00495,RETURN_CONTINUATION_CANDIDATE,CANDIDATE,80:E3DD:E0M1X1,REJECTED_CANDIDATE_ROOT,V04 admits only exact source-root/direct-flow paths; speculative V03 roots do not create authority.
V03R00496,RETURN_CONTINUATION_CANDIDATE,CANDIDATE,80:B9FF:E0M1X1,REJECTED_CANDIDATE_ROOT,V04 admits only exact source-root/direct-flow paths; speculative V03 roots do not create authority.
V03R00497,RETURN_CONTINUATION_CANDIDATE,CANDIDATE,81:F551:E0M1X1,SUPERSEDED_BY_SOURCE_PROOF,V04 admits only exact source-root/direct-flow paths; speculative V03 roots do not create authority.
V03R00498,RETURN_CONTINUATION_CANDIDATE,CANDIDATE,80:A340:E0M0X0,SUPERSEDED_BY_SOURCE_PROOF,V04 admits only exact source-root/direct-flow paths; speculative V03 roots do not create authority.
V03R00499,RETURN_CONTINUATION_CANDIDATE,CANDIDATE,81:A626:E0M1X1,REJECTED_CANDIDATE_ROOT,V04 admits only exact source-root/direct-flow paths; speculative V03 roots do not create authority.
V03R00500,RETURN_CONTINUATION_CANDIDATE,CANDIDATE,81:BECC:E0M0X0,REJECTED_CANDIDATE_ROOT,V04 admits only exact source-root/direct-flow paths; speculative V03 roots do not create authority.
V03R00501,RETURN_CONTINUATION_CANDIDATE,CANDIDATE,81:AFE7:E0M1X1,REJECTED_CANDIDATE_ROOT,V04 admits only exact source-root/direct-flow paths; speculative V03 roots do not create authority.
V03R00502,RETURN_CONTINUATION_CANDIDATE,CANDIDATE,80:CCDB:E0M0X0,REJECTED_CANDIDATE_ROOT,V04 admits only exact source-root/direct-flow paths; speculative V03 roots do not create authority.
V03R00503,RETURN_CONTINUATION_CANDIDATE,CANDIDATE,80:CB27:E0M0X0,REJECTED_CANDIDATE_ROOT,V04 admits only exact source-root/direct-flow paths; speculative V03 roots do not create authority.
V03R00504,RETURN_CONTINUATION_CANDIDATE,CANDIDATE,92:FB1A:E0M1X1,REJECTED_CANDIDATE_ROOT,V04 admits only exact source-root/direct-flow paths; speculative V03 roots do not create authority.
V03R00505,RETURN_CONTINUATION_CANDIDATE,CANDIDATE,80:AFB0:E0M1X1,REJECTED_CANDIDATE_ROOT,V04 admits only exact source-root/direct-flow paths; speculative V03 roots do not create authority.
V03R00506,RETURN_CONTINUATION_CANDIDATE,CANDIDATE,80:AF78:E0M1X1,REJECTED_CANDIDATE_ROOT,V04 admits only exact source-root/direct-flow paths; speculative V03 roots do not create authority.
V03R00507,RETURN_CONTINUATION_CANDIDATE,CANDIDATE,81:C8F9:E0M1X1,REJECTED_CANDIDATE_ROOT,V04 admits only exact source-root/direct-flow paths; speculative V03 roots do not create authority.
V03R00508,RETURN_CONTINUATION_CANDIDATE,CANDIDATE,81:C8E4:E0M1X1,REJECTED_CANDIDATE_ROOT,V04 admits only exact source-root/direct-flow paths; speculative V03 roots do not create authority.
V03R00509,RETURN_CONTINUATION_CANDIDATE,CANDIDATE,81:C8FF:E0M1X1,REJECTED_CANDIDATE_ROOT,V04 admits only exact source-root/direct-flow paths; speculative V03 roots do not create authority.
V03R00510,RETURN_CONTINUATION_CANDIDATE,CANDIDATE,81:F51B:E0M1X1,SUPERSEDED_BY_SOURCE_PROOF,V04 admits only exact source-root/direct-flow paths; speculative V03 roots do not create authority.
V03R00511,RETURN_CONTINUATION_CANDIDATE,CANDIDATE,81:F562:E0M1X1,SUPERSEDED_BY_SOURCE_PROOF,V04 admits only exact source-root/direct-flow paths; speculative V03 roots do not create authority.
V03R00512,RETURN_CONTINUATION_CANDIDATE,CANDIDATE,81:A629:E0M1X1,REJECTED_CANDIDATE_ROOT,V04 admits only exact source-root/direct-flow paths; speculative V03 roots do not create authority.
V03R00513,RETURN_CONTINUATION_CANDIDATE,CANDIDATE,81:BF3A:E0M0X0,REJECTED_CANDIDATE_ROOT,V04 admits only exact source-root/direct-flow paths; speculative V03 roots do not create authority.
V03R00514,RETURN_CONTINUATION_CANDIDATE,CANDIDATE,81:BAD1:E0M0X0,REJECTED_CANDIDATE_ROOT,V04 admits only exact source-root/direct-flow paths; speculative V03 roots do not create authority.
V03R00515,RETURN_CONTINUATION_CANDIDATE,CANDIDATE,81:B365:E0M0X0,REJECTED_CANDIDATE_ROOT,V04 admits only exact source-root/direct-flow paths; speculative V03 roots do not create authority.
V03R00516,RETURN_CONTINUATION_CANDIDATE,CANDIDATE,80:8AF1:E0M1X1,REJECTED_CANDIDATE_ROOT,V04 admits only exact source-root/direct-flow paths; speculative V03 roots do not create authority.
V03R00517,RETURN_CONTINUATION_CANDIDATE,CANDIDATE,80:E3E7:E0M1X1,REJECTED_CANDIDATE_ROOT,V04 admits only exact source-root/direct-flow paths; speculative V03 roots do not create authority.
V03R00518,RETURN_CONTINUATION_CANDIDATE,CANDIDATE,80:BA04:E0M0X0,REJECTED_CANDIDATE_ROOT,V04 admits only exact source-root/direct-flow paths; speculative V03 roots do not create authority.
V03R00519,RETURN_CONTINUATION_CANDIDATE,CANDIDATE,81:C919:E0M1X1,REJECTED_CANDIDATE_ROOT,V04 admits only exact source-root/direct-flow paths; speculative V03 roots do not create authority.
V03R00520,RETURN_CONTINUATION_CANDIDATE,CANDIDATE,81:C8FC:E0M1X1,REJECTED_CANDIDATE_ROOT,V04 admits only exact source-root/direct-flow paths; speculative V03 roots do not create authority.
V03R00521,RETURN_CONTINUATION_CANDIDATE,CANDIDATE,81:C8E7:E0M1X1,REJECTED_CANDIDATE_ROOT,V04 admits only exact source-root/direct-flow paths; speculative V03 roots do not create authority.
V03R00522,RETURN_CONTINUATION_CANDIDATE,CANDIDATE,81:C902:E0M1X1,REJECTED_CANDIDATE_ROOT,V04 admits only exact source-root/direct-flow paths; speculative V03 roots do not create authority.
V03R00523,RETURN_CONTINUATION_CANDIDATE,CANDIDATE,81:F70C:E0M1X1,SUPERSEDED_BY_SOURCE_PROOF,V04 admits only exact source-root/direct-flow paths; speculative V03 roots do not create authority.
V03R00524,RETURN_CONTINUATION_CANDIDATE,CANDIDATE,81:F565:E0M1X1,SUPERSEDED_BY_SOURCE_PROOF,V04 admits only exact source-root/direct-flow paths; speculative V03 roots do not create authority.
V03R00525,RETURN_CONTINUATION_CANDIDATE,CANDIDATE,80:A2E3:E0M0X0,SUPERSEDED_BY_SOURCE_PROOF,V04 admits only exact source-root/direct-flow paths; speculative V03 roots do not create authority.
V03R00526,RETURN_CONTINUATION_CANDIDATE,CANDIDATE,80:A222:E0M0X0,SUPERSEDED_BY_SOURCE_PROOF,V04 admits only exact source-root/direct-flow paths; speculative V03 roots do not create authority.
V03R00527,RETURN_CONTINUATION_CANDIDATE,CANDIDATE,81:A62C:E0M1X1,REJECTED_CANDIDATE_ROOT,V04 admits only exact source-root/direct-flow paths; speculative V03 roots do not create authority.
V03R00528,RETURN_CONTINUATION_CANDIDATE,CANDIDATE,80:AFA6:E0M1X1,REJECTED_CANDIDATE_ROOT,V04 admits only exact source-root/direct-flow paths; speculative V03 roots do not create authority.
V03R00529,RETURN_CONTINUATION_CANDIDATE,CANDIDATE,80:BA07:E0M0X0,REJECTED_CANDIDATE_ROOT,V04 admits only exact source-root/direct-flow paths; speculative V03 roots do not create authority.
V03R00530,RETURN_CONTINUATION_CANDIDATE,CANDIDATE,81:FA5D:E0M0X0,REJECTED_CANDIDATE_ROOT,V04 admits only exact source-root/direct-flow paths; speculative V03 roots do not create authority.
V03R00531,RETURN_CONTINUATION_CANDIDATE,CANDIDATE,81:C796:E0M0X0,REJECTED_CANDIDATE_ROOT,V04 admits only exact source-root/direct-flow paths; speculative V03 roots do not create authority.
V03R00532,RETURN_CONTINUATION_CANDIDATE,CANDIDATE,81:C91C:E0M1X1,REJECTED_CANDIDATE_ROOT,V04 admits only exact source-root/direct-flow paths; speculative V03 roots do not create authority.
V03R00533,RETURN_CONTINUATION_CANDIDATE,CANDIDATE,81:C72C:E0M0X0,REJECTED_CANDIDATE_ROOT,V04 admits only exact source-root/direct-flow paths; speculative V03 roots do not create authority.
V03R00534,RETURN_CONTINUATION_CANDIDATE,CANDIDATE,81:F568:E0M1X1,SUPERSEDED_BY_SOURCE_PROOF,V04 admits only exact source-root/direct-flow paths; speculative V03 roots do not create authority.
V03R00535,RETURN_CONTINUATION_CANDIDATE,CANDIDATE,81:F663:E0M1X1,SUPERSEDED_BY_SOURCE_PROOF,V04 admits only exact source-root/direct-flow paths; speculative V03 roots do not create authority.
V03R00536,RETURN_CONTINUATION_CANDIDATE,CANDIDATE,81:A62F:E0M1X1,REJECTED_CANDIDATE_ROOT,V04 admits only exact source-root/direct-flow paths; speculative V03 roots do not create authority.
V03R00537,RETURN_CONTINUATION_CANDIDATE,CANDIDATE,80:D4AF:E0M0X0,REJECTED_CANDIDATE_ROOT,V04 admits only exact source-root/direct-flow paths; speculative V03 roots do not create authority.
V03R00538,RETURN_CONTINUATION_CANDIDATE,CANDIDATE,81:AFF3:E0M1X1,REJECTED_CANDIDATE_ROOT,V04 admits only exact source-root/direct-flow paths; speculative V03 roots do not create authority.
V03R00539,RETURN_CONTINUATION_CANDIDATE,CANDIDATE,81:AFEF:E0M1X1,REJECTED_CANDIDATE_ROOT,V04 admits only exact source-root/direct-flow paths; speculative V03 roots do not create authority.
V03R00540,RETURN_CONTINUATION_CANDIDATE,CANDIDATE,80:CB30:E0M0X0,REJECTED_CANDIDATE_ROOT,V04 admits only exact source-root/direct-flow paths; speculative V03 roots do not create authority.
V03R00541,RETURN_CONTINUATION_CANDIDATE,CANDIDATE,80:CA16:E0M0X0,REJECTED_CANDIDATE_ROOT,V04 admits only exact source-root/direct-flow paths; speculative V03 roots do not create authority.
V03R00542,RETURN_CONTINUATION_CANDIDATE,CANDIDATE,80:CE4E:E0M1X1,REJECTED_CANDIDATE_ROOT,V04 admits only exact source-root/direct-flow paths; speculative V03 roots do not create authority.
V03R00543,RETURN_CONTINUATION_CANDIDATE,CANDIDATE,80:AFB9:E0M1X1,REJECTED_CANDIDATE_ROOT,V04 admits only exact source-root/direct-flow paths; speculative V03 roots do not create authority.
V03R00544,RETURN_CONTINUATION_CANDIDATE,CANDIDATE,80:AF81:E0M1X1,REJECTED_CANDIDATE_ROOT,V04 admits only exact source-root/direct-flow paths; speculative V03 roots do not create authority.
V03R00545,RETURN_CONTINUATION_CANDIDATE,CANDIDATE,80:DD6A:E0M1X1,REJECTED_CANDIDATE_ROOT,V04 admits only exact source-root/direct-flow paths; speculative V03 roots do not create authority.
V03R00546,RETURN_CONTINUATION_CANDIDATE,CANDIDATE,80:BA0A:E0M0X0,REJECTED_CANDIDATE_ROOT,V04 admits only exact source-root/direct-flow paths; speculative V03 roots do not create authority.
V03R00547,RETURN_CONTINUATION_CANDIDATE,CANDIDATE,81:FA60:E0M0X0,REJECTED_CANDIDATE_ROOT,V04 admits only exact source-root/direct-flow paths; speculative V03 roots do not create authority.
V03R00548,RETURN_CONTINUATION_CANDIDATE,CANDIDATE,81:F92A:E0M1X1,REJECTED_CANDIDATE_ROOT,V04 admits only exact source-root/direct-flow paths; speculative V03 roots do not create authority.
V03R00549,RETURN_CONTINUATION_CANDIDATE,CANDIDATE,81:C845:E0M1X1,REJECTED_CANDIDATE_ROOT,V04 admits only exact source-root/direct-flow paths; speculative V03 roots do not create authority.
V03R00550,RETURN_CONTINUATION_CANDIDATE,CANDIDATE,81:C6EC:E0M0X0,REJECTED_CANDIDATE_ROOT,V04 admits only exact source-root/direct-flow paths; speculative V03 roots do not create authority.
V03R00551,RETURN_CONTINUATION_CANDIDATE,CANDIDATE,81:C907:E0M1X1,REJECTED_CANDIDATE_ROOT,V04 admits only exact source-root/direct-flow paths; speculative V03 roots do not create authority.
V03R00552,RETURN_CONTINUATION_CANDIDATE,CANDIDATE,81:F711:E0M1X1,SUPERSEDED_BY_SOURCE_PROOF,V04 admits only exact source-root/direct-flow paths; speculative V03 roots do not create authority.
V03R00553,RETURN_CONTINUATION_CANDIDATE,CANDIDATE,81:B167:E0M0X0,REJECTED_CANDIDATE_ROOT,V04 admits only exact source-root/direct-flow paths; speculative V03 roots do not create authority.
V03R00554,RETURN_CONTINUATION_CANDIDATE,CANDIDATE,81:B36F:E0M0X0,REJECTED_CANDIDATE_ROOT,V04 admits only exact source-root/direct-flow paths; speculative V03 roots do not create authority.
V03R00555,RETURN_CONTINUATION_CANDIDATE,CANDIDATE,81:AFF6:E0M1X1,REJECTED_CANDIDATE_ROOT,V04 admits only exact source-root/direct-flow paths; speculative V03 roots do not create authority.
V03R00556,RETURN_CONTINUATION_CANDIDATE,CANDIDATE,80:CCE6:E0M0X0,REJECTED_CANDIDATE_ROOT,V04 admits only exact source-root/direct-flow paths; speculative V03 roots do not create authority.
V03R00557,RETURN_CONTINUATION_CANDIDATE,CANDIDATE,80:DD58:E0M0X0,REJECTED_CANDIDATE_ROOT,V04 admits only exact source-root/direct-flow paths; speculative V03 roots do not create authority.
V03R00558,RETURN_CONTINUATION_CANDIDATE,CANDIDATE,80:FB6E:E0M1X1,REJECTED_CANDIDATE_ROOT,V04 admits only exact source-root/direct-flow paths; speculative V03 roots do not create authority.
V03R00559,RETURN_CONTINUATION_CANDIDATE,CANDIDATE,92:F193:E0M1X1,REJECTED_CANDIDATE_ROOT,V04 admits only exact source-root/direct-flow paths; speculative V03 roots do not create authority.
V03R00560,RETURN_CONTINUATION_CANDIDATE,CANDIDATE,80:DD6D:E0M1X1,REJECTED_CANDIDATE_ROOT,V04 admits only exact source-root/direct-flow paths; speculative V03 roots do not create authority.
V03R00561,RETURN_CONTINUATION_CANDIDATE,CANDIDATE,80:BA0D:E0M0X0,REJECTED_CANDIDATE_ROOT,V04 admits only exact source-root/direct-flow paths; speculative V03 roots do not create authority.
V03R00562,RETURN_CONTINUATION_CANDIDATE,CANDIDATE,81:FA99:E0M0X0,REJECTED_CANDIDATE_ROOT,V04 admits only exact source-root/direct-flow paths; speculative V03 roots do not create authority.
V03R00563,RETURN_CONTINUATION_CANDIDATE,CANDIDATE,81:FA63:E0M0X0,REJECTED_CANDIDATE_ROOT,V04 admits only exact source-root/direct-flow paths; speculative V03 roots do not create authority.
V03R00564,RETURN_CONTINUATION_CANDIDATE,CANDIDATE,81:F92D:E0M1X1,REJECTED_CANDIDATE_ROOT,V04 admits only exact source-root/direct-flow paths; speculative V03 roots do not create authority.
V03R00565,RETURN_CONTINUATION_CANDIDATE,CANDIDATE,81:C79C:E0M0X0,REJECTED_CANDIDATE_ROOT,V04 admits only exact source-root/direct-flow paths; speculative V03 roots do not create authority.
V03R00566,RETURN_CONTINUATION_CANDIDATE,CANDIDATE,80:F929:E0M1X1,SUPERSEDED_BY_SOURCE_PROOF,V04 admits only exact source-root/direct-flow paths; speculative V03 roots do not create authority.
V03R00567,RETURN_CONTINUATION_CANDIDATE,CANDIDATE,81:F55E:E0M1X1,SUPERSEDED_BY_SOURCE_PROOF,V04 admits only exact source-root/direct-flow paths; speculative V03 roots do not create authority.
V03R00568,RETURN_CONTINUATION_CANDIDATE,CANDIDATE,81:A650:E0M1X1,REJECTED_CANDIDATE_ROOT,V04 admits only exact source-root/direct-flow paths; speculative V03 roots do not create authority.
V03R00569,RETURN_CONTINUATION_CANDIDATE,CANDIDATE,81:BADD:E0M0X0,REJECTED_CANDIDATE_ROOT,V04 admits only exact source-root/direct-flow paths; speculative V03 roots do not create authority.
V03R00570,RETURN_CONTINUATION_CANDIDATE,CANDIDATE,81:AFF9:E0M1X1,REJECTED_CANDIDATE_ROOT,V04 admits only exact source-root/direct-flow paths; speculative V03 roots do not create authority.
V03R00571,RETURN_CONTINUATION_CANDIDATE,CANDIDATE,80:C248:E0M0X0,REJECTED_CANDIDATE_ROOT,V04 admits only exact source-root/direct-flow paths; speculative V03 roots do not create authority.
V03R00572,RETURN_CONTINUATION_CANDIDATE,CANDIDATE,80:CE53:E0M1X1,REJECTED_CANDIDATE_ROOT,V04 admits only exact source-root/direct-flow paths; speculative V03 roots do not create authority.
V03R00573,RETURN_CONTINUATION_CANDIDATE,CANDIDATE,80:8B5B:E0M1X1,REJECTED_CANDIDATE_ROOT,V04 admits only exact source-root/direct-flow paths; speculative V03 roots do not create authority.
V03R00574,RETURN_CONTINUATION_CANDIDATE,CANDIDATE,80:DD71:E0M1X1,REJECTED_CANDIDATE_ROOT,V04 admits only exact source-root/direct-flow paths; speculative V03 roots do not create authority.
V03R00575,RETURN_CONTINUATION_CANDIDATE,CANDIDATE,80:BA10:E0M0X0,REJECTED_CANDIDATE_ROOT,V04 admits only exact source-root/direct-flow paths; speculative V03 roots do not create authority.
V03R00576,RETURN_CONTINUATION_CANDIDATE,CANDIDATE,81:FAB4:E0M0X0,REJECTED_CANDIDATE_ROOT,V04 admits only exact source-root/direct-flow paths; speculative V03 roots do not create authority.
V03R00577,RETURN_CONTINUATION_CANDIDATE,CANDIDATE,81:FA66:E0M0X0,REJECTED_CANDIDATE_ROOT,V04 admits only exact source-root/direct-flow paths; speculative V03 roots do not create authority.
V03R00578,RETURN_CONTINUATION_CANDIDATE,CANDIDATE,81:F930:E0M1X1,REJECTED_CANDIDATE_ROOT,V04 admits only exact source-root/direct-flow paths; speculative V03 roots do not create authority.
V03R00579,RETURN_CONTINUATION_CANDIDATE,CANDIDATE,81:C9BA:E0M0X0,REJECTED_CANDIDATE_ROOT,V04 admits only exact source-root/direct-flow paths; speculative V03 roots do not create authority.
V03R00580,RETURN_CONTINUATION_CANDIDATE,CANDIDATE,81:C84B:E0M1X1,REJECTED_CANDIDATE_ROOT,V04 admits only exact source-root/direct-flow paths; speculative V03 roots do not create authority.
V03R00581,RETURN_CONTINUATION_CANDIDATE,CANDIDATE,81:C6C8:E0M1X1,REJECTED_CANDIDATE_ROOT,V04 admits only exact source-root/direct-flow paths; speculative V03 roots do not create authority.
V03R00582,RETURN_CONTINUATION_CANDIDATE,CANDIDATE,81:F589:E0M1X1,SUPERSEDED_BY_SOURCE_PROOF,V04 admits only exact source-root/direct-flow paths; speculative V03 roots do not create authority.
V03R00583,RETURN_CONTINUATION_CANDIDATE,CANDIDATE,81:90D9:E0M0X0,REJECTED_CANDIDATE_ROOT,V04 admits only exact source-root/direct-flow paths; speculative V03 roots do not create authority.
V03R00584,RETURN_CONTINUATION_CANDIDATE,CANDIDATE,81:B1C5:E0M0X0,REJECTED_CANDIDATE_ROOT,V04 admits only exact source-root/direct-flow paths; speculative V03 roots do not create authority.
V03R00585,RETURN_CONTINUATION_CANDIDATE,CANDIDATE,81:B51C:E0M1X1,REJECTED_CANDIDATE_ROOT,V04 admits only exact source-root/direct-flow paths; speculative V03 roots do not create authority.
V03R00586,RETURN_CONTINUATION_CANDIDATE,CANDIDATE,81:AFFC:E0M1X1,REJECTED_CANDIDATE_ROOT,V04 admits only exact source-root/direct-flow paths; speculative V03 roots do not create authority.
V03R00587,RETURN_CONTINUATION_CANDIDATE,CANDIDATE,80:89B2:E0M1X1,REJECTED_CANDIDATE_ROOT,V04 admits only exact source-root/direct-flow paths; speculative V03 roots do not create authority.
V03R00588,RETURN_CONTINUATION_CANDIDATE,CANDIDATE,80:AFC2:E0M1X1,REJECTED_CANDIDATE_ROOT,V04 admits only exact source-root/direct-flow paths; speculative V03 roots do not create authority.
V03R00589,RETURN_CONTINUATION_CANDIDATE,CANDIDATE,80:AF8A:E0M1X1,REJECTED_CANDIDATE_ROOT,V04 admits only exact source-root/direct-flow paths; speculative V03 roots do not create authority.
V03R00590,WIDTH_CANDIDATE,CANDIDATE,80:F9A4:E0M0X0,REJECTED_CANDIDATE_ROOT,V04 admits only exact source-root/direct-flow paths; speculative V03 roots do not create authority.
V03R00591,WIDTH_CANDIDATE,CANDIDATE,80:F9A4:E0M0X1,REJECTED_CANDIDATE_ROOT,V04 admits only exact source-root/direct-flow paths; speculative V03 roots do not create authority.
V03R00592,WIDTH_CANDIDATE,CANDIDATE,80:F9A4:E0M1X0,REJECTED_CANDIDATE_ROOT,V04 admits only exact source-root/direct-flow paths; speculative V03 roots do not create authority.
V03R00593,WIDTH_CANDIDATE,CANDIDATE,80:F9A4:E0M1X1,REJECTED_CANDIDATE_ROOT,V04 admits only exact source-root/direct-flow paths; speculative V03 roots do not create authority.
V03R00594,RETURN_CONTINUATION_CANDIDATE,CANDIDATE,80:F9A3:E0M1X1,REJECTED_CANDIDATE_ROOT,V04 admits only exact source-root/direct-flow paths; speculative V03 roots do not create authority.
V03R00595,RETURN_CONTINUATION_CANDIDATE,CANDIDATE,80:916E:E0M1X1,REJECTED_CANDIDATE_ROOT,V04 admits only exact source-root/direct-flow paths; speculative V03 roots do not create authority.
V03R00596,RETURN_CONTINUATION_CANDIDATE,CANDIDATE,80:C085:E0M0X0,REJECTED_CANDIDATE_ROOT,V04 admits only exact source-root/direct-flow paths; speculative V03 roots do not create authority.
V03R00597,RETURN_CONTINUATION_CANDIDATE,CANDIDATE,80:BA13:E0M0X0,REJECTED_CANDIDATE_ROOT,V04 admits only exact source-root/direct-flow paths; speculative V03 roots do not create authority.
V03R00598,RETURN_CONTINUATION_CANDIDATE,CANDIDATE,81:C7A2:E0M0X0,REJECTED_CANDIDATE_ROOT,V04 admits only exact source-root/direct-flow paths; speculative V03 roots do not create authority.
V03R00599,RETURN_CONTINUATION_CANDIDATE,CANDIDATE,81:C738:E0M0X0,REJECTED_CANDIDATE_ROOT,V04 admits only exact source-root/direct-flow paths; speculative V03 roots do not create authority.
V03R00600,RETURN_CONTINUATION_CANDIDATE,CANDIDATE,81:C6CB:E0M1X1,REJECTED_CANDIDATE_ROOT,V04 admits only exact source-root/direct-flow paths; speculative V03 roots do not create authority.
V03R00601,RETURN_CONTINUATION_CANDIDATE,CANDIDATE,81:F58C:E0M1X1,SUPERSEDED_BY_SOURCE_PROOF,V04 admits only exact source-root/direct-flow paths; speculative V03 roots do not create authority.
V03R00602,RETURN_CONTINUATION_CANDIDATE,CANDIDATE,81:BAE2:E0M1X1,REJECTED_CANDIDATE_ROOT,V04 admits only exact source-root/direct-flow paths; speculative V03 roots do not create authority.
V03R00603,RETURN_CONTINUATION_CANDIDATE,CANDIDATE,81:B601:E0M0X0,REJECTED_CANDIDATE_ROOT,V04 admits only exact source-root/direct-flow paths; speculative V03 roots do not create authority.
V03R00604,RETURN_CONTINUATION_CANDIDATE,CANDIDATE,80:CE58:E0M1X1,REJECTED_CANDIDATE_ROOT,V04 admits only exact source-root/direct-flow paths; speculative V03 roots do not create authority.
V03R00605,RETURN_CONTINUATION_CANDIDATE,CANDIDATE,80:CBCA:E0M1X1,REJECTED_CANDIDATE_ROOT,V04 admits only exact source-root/direct-flow paths; speculative V03 roots do not create authority.
V03R00606,RETURN_CONTINUATION_CANDIDATE,CANDIDATE,80:DD76:E0M1X1,REJECTED_CANDIDATE_ROOT,V04 admits only exact source-root/direct-flow paths; speculative V03 roots do not create authority.
V03R00607,RETURN_CONTINUATION_CANDIDATE,CANDIDATE,80:BA16:E0M0X0,REJECTED_CANDIDATE_ROOT,V04 admits only exact source-root/direct-flow paths; speculative V03 roots do not create authority.
V03R00608,RETURN_CONTINUATION_CANDIDATE,CANDIDATE,81:C851:E0M1X1,REJECTED_CANDIDATE_ROOT,V04 admits only exact source-root/direct-flow paths; speculative V03 roots do not create authority.
V03R00609,RETURN_CONTINUATION_CANDIDATE,CANDIDATE,81:C6CE:E0M1X1,REJECTED_CANDIDATE_ROOT,V04 admits only exact source-root/direct-flow paths; speculative V03 roots do not create authority.
V03R00610,RETURN_CONTINUATION_CANDIDATE,CANDIDATE,81:F58F:E0M1X1,SUPERSEDED_BY_SOURCE_PROOF,V04 admits only exact source-root/direct-flow paths; speculative V03 roots do not create authority.
V03R00611,RETURN_CONTINUATION_CANDIDATE,CANDIDATE,81:9FA6:E0M1X1,SUPERSEDED_BY_SOURCE_PROOF,V04 admits only exact source-root/direct-flow paths; speculative V03 roots do not create authority.
V03R00612,RETURN_CONTINUATION_CANDIDATE,CANDIDATE,81:A63D:E0M1X1,REJECTED_CANDIDATE_ROOT,V04 admits only exact source-root/direct-flow paths; speculative V03 roots do not create authority.
V03R00613,RETURN_CONTINUATION_CANDIDATE,CANDIDATE,81:BAE5:E0M1X1,REJECTED_CANDIDATE_ROOT,V04 admits only exact source-root/direct-flow paths; speculative V03 roots do not create authority.
V03R00614,RETURN_CONTINUATION_CANDIDATE,CANDIDATE,81:B173:E0M0X0,REJECTED_CANDIDATE_ROOT,V04 admits only exact source-root/direct-flow paths; speculative V03 roots do not create authority.
V03R00615,RETURN_CONTINUATION_CANDIDATE,CANDIDATE,80:CCF1:E0M0X0,REJECTED_CANDIDATE_ROOT,V04 admits only exact source-root/direct-flow paths; speculative V03 roots do not create authority.
V03R00616,RETURN_CONTINUATION_CANDIDATE,CANDIDATE,80:E334:E0M0X0,REJECTED_CANDIDATE_ROOT,V04 admits only exact source-root/direct-flow paths; speculative V03 roots do not create authority.
V03R00617,RETURN_CONTINUATION_CANDIDATE,CANDIDATE,80:DD79:E0M1X1,REJECTED_CANDIDATE_ROOT,V04 admits only exact source-root/direct-flow paths; speculative V03 roots do not create authority.
V03R00618,RETURN_CONTINUATION_CANDIDATE,CANDIDATE,80:BA19:E0M0X0,REJECTED_CANDIDATE_ROOT,V04 admits only exact source-root/direct-flow paths; speculative V03 roots do not create authority.
V03R00619,RETURN_CONTINUATION_CANDIDATE,CANDIDATE,81:C9C0:E0M1X1,REJECTED_CANDIDATE_ROOT,V04 admits only exact source-root/direct-flow paths; speculative V03 roots do not create authority.
V03R00620,RETURN_CONTINUATION_CANDIDATE,CANDIDATE,81:C855:E0M1X1,REJECTED_CANDIDATE_ROOT,V04 admits only exact source-root/direct-flow paths; speculative V03 roots do not create authority.
V03R00621,RETURN_CONTINUATION_CANDIDATE,CANDIDATE,81:CF6D:E0M1X1,REJECTED_CANDIDATE_ROOT,V04 admits only exact source-root/direct-flow paths; speculative V03 roots do not create authority.
V03R00622,RETURN_CONTINUATION_CANDIDATE,CANDIDATE,81:F61F:E0M1X1,SUPERSEDED_BY_SOURCE_PROOF,V04 admits only exact source-root/direct-flow paths; speculative V03 roots do not create authority.
V03R00623,RETURN_CONTINUATION_CANDIDATE,CANDIDATE,81:F562:E0M0X0,REJECTED_CANDIDATE_ROOT,V04 admits only exact source-root/direct-flow paths; speculative V03 roots do not create authority.
V03R00624,RETURN_CONTINUATION_CANDIDATE,CANDIDATE,80:FB55:E0M1X1,SUPERSEDED_BY_SOURCE_PROOF,V04 admits only exact source-root/direct-flow paths; speculative V03 roots do not create authority.
V03R00625,RETURN_CONTINUATION_CANDIDATE,CANDIDATE,81:9FAA:E0M1X1,SUPERSEDED_BY_SOURCE_PROOF,V04 admits only exact source-root/direct-flow paths; speculative V03 roots do not create authority.
V03R00626,RETURN_CONTINUATION_CANDIDATE,CANDIDATE,81:A641:E0M1X1,REJECTED_CANDIDATE_ROOT,V04 admits only exact source-root/direct-flow paths; speculative V03 roots do not create authority.
V03R00627,RETURN_CONTINUATION_CANDIDATE,CANDIDATE,81:90E1:E0M0X0,REJECTED_CANDIDATE_ROOT,V04 admits only exact source-root/direct-flow paths; speculative V03 roots do not create authority.
V03R00628,RETURN_CONTINUATION_CANDIDATE,CANDIDATE,81:BAE8:E0M1X1,REJECTED_CANDIDATE_ROOT,V04 admits only exact source-root/direct-flow paths; speculative V03 roots do not create authority.
V03R00629,RETURN_CONTINUATION_CANDIDATE,CANDIDATE,81:B40E:E0M0X0,REJECTED_CANDIDATE_ROOT,V04 admits only exact source-root/direct-flow paths; speculative V03 roots do not create authority.
V03R00630,RETURN_CONTINUATION_CANDIDATE,CANDIDATE,81:B37B:E0M0X0,REJECTED_CANDIDATE_ROOT,V04 admits only exact source-root/direct-flow paths; speculative V03 roots do not create authority.
V03R00631,RETURN_CONTINUATION_CANDIDATE,CANDIDATE,81:B00E:E0M1X1,REJECTED_CANDIDATE_ROOT,V04 admits only exact source-root/direct-flow paths; speculative V03 roots do not create authority.
V03R00632,RETURN_CONTINUATION_CANDIDATE,CANDIDATE,81:B004:E0M1X1,REJECTED_CANDIDATE_ROOT,V04 admits only exact source-root/direct-flow paths; speculative V03 roots do not create authority.
V03R00633,RETURN_CONTINUATION_CANDIDATE,CANDIDATE,80:C252:E0M0X0,REJECTED_CANDIDATE_ROOT,V04 admits only exact source-root/direct-flow paths; speculative V03 roots do not create authority.
V03R00634,RETURN_CONTINUATION_CANDIDATE,CANDIDATE,80:CE5D:E0M1X1,REJECTED_CANDIDATE_ROOT,V04 admits only exact source-root/direct-flow paths; speculative V03 roots do not create authority.
V03R00635,RETURN_CONTINUATION_CANDIDATE,CANDIDATE,80:DD7D:E0M1X1,REJECTED_CANDIDATE_ROOT,V04 admits only exact source-root/direct-flow paths; speculative V03 roots do not create authority.
V03R00636,RETURN_CONTINUATION_CANDIDATE,CANDIDATE,81:FA70:E0M1X1,REJECTED_CANDIDATE_ROOT,V04 admits only exact source-root/direct-flow paths; speculative V03 roots do not create authority.
V03R00637,RETURN_CONTINUATION_CANDIDATE,CANDIDATE,81:CF70:E0M1X1,REJECTED_CANDIDATE_ROOT,V04 admits only exact source-root/direct-flow paths; speculative V03 roots do not create authority.
V03R00638,RETURN_CONTINUATION_CANDIDATE,CANDIDATE,81:F623:E0M1X1,SUPERSEDED_BY_SOURCE_PROOF,V04 admits only exact source-root/direct-flow paths; speculative V03 roots do not create authority.
V03R00639,RETURN_CONTINUATION_CANDIDATE,CANDIDATE,81:F565:E0M0X0,REJECTED_CANDIDATE_ROOT,V04 admits only exact source-root/direct-flow paths; speculative V03 roots do not create authority.
V03R00640,RETURN_CONTINUATION_CANDIDATE,CANDIDATE,81:A65E:E0M1X1,REJECTED_CANDIDATE_ROOT,V04 admits only exact source-root/direct-flow paths; speculative V03 roots do not create authority.
V03R00641,RETURN_CONTINUATION_CANDIDATE,CANDIDATE,81:A645:E0M1X1,REJECTED_CANDIDATE_ROOT,V04 admits only exact source-root/direct-flow paths; speculative V03 roots do not create authority.
V03R00642,RETURN_CONTINUATION_CANDIDATE,CANDIDATE,81:BAEC:E0M1X1,REJECTED_CANDIDATE_ROOT,V04 admits only exact source-root/direct-flow paths; speculative V03 roots do not create authority.
V03R00643,RETURN_CONTINUATION_CANDIDATE,CANDIDATE,81:B1D1:E0M0X0,REJECTED_CANDIDATE_ROOT,V04 admits only exact source-root/direct-flow paths; speculative V03 roots do not create authority.
V03R00644,RETURN_CONTINUATION_CANDIDATE,CANDIDATE,81:B37E:E0M0X0,REJECTED_CANDIDATE_ROOT,V04 admits only exact source-root/direct-flow paths; speculative V03 roots do not create authority.
V03R00645,RETURN_CONTINUATION_CANDIDATE,CANDIDATE,80:CA29:E0M0X0,REJECTED_CANDIDATE_ROOT,V04 admits only exact source-root/direct-flow paths; speculative V03 roots do not create authority.
V03R00646,RETURN_CONTINUATION_CANDIDATE,CANDIDATE,80:BA1E:E0M1X1,REJECTED_CANDIDATE_ROOT,V04 admits only exact source-root/direct-flow paths; speculative V03 roots do not create authority.
V03R00647,RETURN_CONTINUATION_CANDIDATE,CANDIDATE,81:F741:E0M1X1,SUPERSEDED_BY_SOURCE_PROOF,V04 admits only exact source-root/direct-flow paths; speculative V03 roots do not create authority.
V03R00648,RETURN_CONTINUATION_CANDIDATE,CANDIDATE,81:F7AB:E0M1X1,SUPERSEDED_BY_SOURCE_PROOF,V04 admits only exact source-root/direct-flow paths; speculative V03 roots do not create authority.
V03R00649,RETURN_CONTINUATION_CANDIDATE,CANDIDATE,81:F568:E0M0X0,REJECTED_CANDIDATE_ROOT,V04 admits only exact source-root/direct-flow paths; speculative V03 roots do not create authority.
V03R00650,RETURN_CONTINUATION_CANDIDATE,CANDIDATE,80:FB5B:E0M1X1,SUPERSEDED_BY_SOURCE_PROOF,V04 admits only exact source-root/direct-flow paths; speculative V03 roots do not create authority.
V03R00651,RETURN_CONTINUATION_CANDIDATE,CANDIDATE,81:A661:E0M1X1,REJECTED_CANDIDATE_ROOT,V04 admits only exact source-root/direct-flow paths; speculative V03 roots do not create authority.
V03R00652,RETURN_CONTINUATION_CANDIDATE,CANDIDATE,81:BAF0:E0M1X1,REJECTED_CANDIDATE_ROOT,V04 admits only exact source-root/direct-flow paths; speculative V03 roots do not create authority.
V03R00653,RETURN_CONTINUATION_CANDIDATE,CANDIDATE,81:B009:E0M0X0,REJECTED_CANDIDATE_ROOT,V04 admits only exact source-root/direct-flow paths; speculative V03 roots do not create authority.
V03R00654,RETURN_CONTINUATION_CANDIDATE,CANDIDATE,80:C258:E0M1X1,REJECTED_CANDIDATE_ROOT,V04 admits only exact source-root/direct-flow paths; speculative V03 roots do not create authority.
V03R00655,RETURN_CONTINUATION_CANDIDATE,CANDIDATE,92:F1A8:E0M1X1,REJECTED_CANDIDATE_ROOT,V04 admits only exact source-root/direct-flow paths; speculative V03 roots do not create authority.
V03R00656,RETURN_CONTINUATION_CANDIDATE,CANDIDATE,80:B042:E0M1X1,REJECTED_CANDIDATE_ROOT,V04 admits only exact source-root/direct-flow paths; speculative V03 roots do not create authority.
V03R00657,RETURN_CONTINUATION_CANDIDATE,CANDIDATE,80:8B3E:E0M1X1,REJECTED_CANDIDATE_ROOT,V04 admits only exact source-root/direct-flow paths; speculative V03 roots do not create authority.
V03R00658,WIDTH_CANDIDATE,CANDIDATE,80:FC1B:E0M0X0,REJECTED_CANDIDATE_ROOT,V04 admits only exact source-root/direct-flow paths; speculative V03 roots do not create authority.
V03R00659,WIDTH_CANDIDATE,CANDIDATE,80:FC1B:E0M0X1,REJECTED_CANDIDATE_ROOT,V04 admits only exact source-root/direct-flow paths; speculative V03 roots do not create authority.
V03R00660,WIDTH_CANDIDATE,CANDIDATE,80:FC1B:E0M1X0,REJECTED_CANDIDATE_ROOT,V04 admits only exact source-root/direct-flow paths; speculative V03 roots do not create authority.
V03R00661,WIDTH_CANDIDATE,CANDIDATE,80:FC1B:E0M1X1,REJECTED_CANDIDATE_ROOT,V04 admits only exact source-root/direct-flow paths; speculative V03 roots do not create authority.
V03R00662,RETURN_CONTINUATION_CANDIDATE,CANDIDATE,80:DD82:E0M1X1,REJECTED_CANDIDATE_ROOT,V04 admits only exact source-root/direct-flow paths; speculative V03 roots do not create authority.
V03R00663,RETURN_CONTINUATION_CANDIDATE,CANDIDATE,80:C869:E0M1X1,REJECTED_CANDIDATE_ROOT,V04 admits only exact source-root/direct-flow paths; speculative V03 roots do not create authority.
V03R00664,RETURN_CONTINUATION_CANDIDATE,CANDIDATE,80:BA21:E0M1X1,REJECTED_CANDIDATE_ROOT,V04 admits only exact source-root/direct-flow paths; speculative V03 roots do not create authority.
V03R00665,RETURN_CONTINUATION_CANDIDATE,CANDIDATE,81:C85E:E0M1X1,REJECTED_CANDIDATE_ROOT,V04 admits only exact source-root/direct-flow paths; speculative V03 roots do not create authority.
V03R00666,WIDTH_CANDIDATE,CANDIDATE,92:EEC7:E0M0X0,REJECTED_CANDIDATE_ROOT,V04 admits only exact source-root/direct-flow paths; speculative V03 roots do not create authority.
V03R00667,WIDTH_CANDIDATE,CANDIDATE,92:EEC7:E0M0X1,REJECTED_CANDIDATE_ROOT,V04 admits only exact source-root/direct-flow paths; speculative V03 roots do not create authority.
V03R00668,WIDTH_CANDIDATE,CANDIDATE,92:EEC7:E0M1X0,REJECTED_CANDIDATE_ROOT,V04 admits only exact source-root/direct-flow paths; speculative V03 roots do not create authority.
V03R00669,WIDTH_CANDIDATE,CANDIDATE,92:EEC7:E0M1X1,REJECTED_CANDIDATE_ROOT,V04 admits only exact source-root/direct-flow paths; speculative V03 roots do not create authority.
V03R00670,RETURN_CONTINUATION_CANDIDATE,CANDIDATE,81:A664:E0M1X1,REJECTED_CANDIDATE_ROOT,V04 admits only exact source-root/direct-flow paths; speculative V03 roots do not create authority.
V03R00671,RETURN_CONTINUATION_CANDIDATE,CANDIDATE,81:BEEE:E0M0X0,REJECTED_CANDIDATE_ROOT,V04 admits only exact source-root/direct-flow paths; speculative V03 roots do not create authority.
V03R00672,RETURN_CONTINUATION_CANDIDATE,CANDIDATE,81:90E9:E0M0X0,REJECTED_CANDIDATE_ROOT,V04 admits only exact source-root/direct-flow paths; speculative V03 roots do not create authority.
V03R00673,RETURN_CONTINUATION_CANDIDATE,CANDIDATE,81:BAF3:E0M1X1,REJECTED_CANDIDATE_ROOT,V04 admits only exact source-root/direct-flow paths; speculative V03 roots do not create authority.
V03R00674,RETURN_CONTINUATION_CANDIDATE,CANDIDATE,81:B418:E0M0X0,REJECTED_CANDIDATE_ROOT,V04 admits only exact source-root/direct-flow paths; speculative V03 roots do not create authority.
V03R00675,RETURN_CONTINUATION_CANDIDATE,CANDIDATE,80:DD85:E0M1X1,REJECTED_CANDIDATE_ROOT,V04 admits only exact source-root/direct-flow paths; speculative V03 roots do not create authority.
V03R00676,RETURN_CONTINUATION_CANDIDATE,CANDIDATE,80:BA24:E0M1X1,REJECTED_CANDIDATE_ROOT,V04 admits only exact source-root/direct-flow paths; speculative V03 roots do not create authority.
V03R00677,RETURN_CONTINUATION_CANDIDATE,CANDIDATE,81:FAE8:E0M0X0,REJECTED_CANDIDATE_ROOT,V04 admits only exact source-root/direct-flow paths; speculative V03 roots do not create authority.
V03R00678,RETURN_CONTINUATION_CANDIDATE,CANDIDATE,81:FA78:E0M1X1,REJECTED_CANDIDATE_ROOT,V04 admits only exact source-root/direct-flow paths; speculative V03 roots do not create authority.
V03R00679,RETURN_CONTINUATION_CANDIDATE,CANDIDATE,81:C7BD:E0M0X0,REJECTED_CANDIDATE_ROOT,V04 admits only exact source-root/direct-flow paths; speculative V03 roots do not create authority.
V03R00680,RETURN_CONTINUATION_CANDIDATE,CANDIDATE,81:C7B1:E0M0X0,REJECTED_CANDIDATE_ROOT,V04 admits only exact source-root/direct-flow paths; speculative V03 roots do not create authority.
V03R00681,RETURN_CONTINUATION_CANDIDATE,CANDIDATE,81:CA61:E0M1X1,REJECTED_CANDIDATE_ROOT,V04 admits only exact source-root/direct-flow paths; speculative V03 roots do not create authority.
V03R00682,RETURN_CONTINUATION_CANDIDATE,CANDIDATE,81:F746:E0M1X1,SUPERSEDED_BY_SOURCE_PROOF,V04 admits only exact source-root/direct-flow paths; speculative V03 roots do not create authority.
V03R00683,RETURN_CONTINUATION_CANDIDATE,CANDIDATE,81:F7B0:E0M1X1,SUPERSEDED_BY_SOURCE_PROOF,V04 admits only exact source-root/direct-flow paths; speculative V03 roots do not create authority.
V03R00684,RETURN_CONTINUATION_CANDIDATE,CANDIDATE,81:F581:E0M1X1,SUPERSEDED_BY_SOURCE_PROOF,V04 admits only exact source-root/direct-flow paths; speculative V03 roots do not create authority.
V03R00685,RETURN_CONTINUATION_CANDIDATE,CANDIDATE,81:BF5C:E0M0X0,REJECTED_CANDIDATE_ROOT,V04 admits only exact source-root/direct-flow paths; speculative V03 roots do not create authority.
V03R00686,RETURN_CONTINUATION_CANDIDATE,CANDIDATE,81:BAF6:E0M1X1,REJECTED_CANDIDATE_ROOT,V04 admits only exact source-root/direct-flow paths; speculative V03 roots do not create authority.
V03R00687,RETURN_CONTINUATION_CANDIDATE,CANDIDATE,81:B1DA:E0M0X0,REJECTED_CANDIDATE_ROOT,V04 admits only exact source-root/direct-flow paths; speculative V03 roots do not create authority.
V03R00688,RETURN_CONTINUATION_CANDIDATE,CANDIDATE,81:B388:E0M0X0,REJECTED_CANDIDATE_ROOT,V04 admits only exact source-root/direct-flow paths; speculative V03 roots do not create authority.
V03R00689,RETURN_CONTINUATION_CANDIDATE,CANDIDATE,81:B5AF:E0M1X1,REJECTED_CANDIDATE_ROOT,V04 admits only exact source-root/direct-flow paths; speculative V03 roots do not create authority.
V03R00690,WIDTH_CANDIDATE,CANDIDATE,80:DC5D:E0M0X0,REJECTED_CANDIDATE_ROOT,V04 admits only exact source-root/direct-flow paths; speculative V03 roots do not create authority.
V03R00691,WIDTH_CANDIDATE,CANDIDATE,80:DC5D:E0M0X1,REJECTED_CANDIDATE_ROOT,V04 admits only exact source-root/direct-flow paths; speculative V03 roots do not create authority.
V03R00692,WIDTH_CANDIDATE,CANDIDATE,80:DC5D:E0M1X0,REJECTED_CANDIDATE_ROOT,V04 admits only exact source-root/direct-flow paths; speculative V03 roots do not create authority.
V03R00693,WIDTH_CANDIDATE,CANDIDATE,80:DC5D:E0M1X1,REJECTED_CANDIDATE_ROOT,V04 admits only exact source-root/direct-flow paths; speculative V03 roots do not create authority.
V03R00694,RETURN_CONTINUATION_CANDIDATE,CANDIDATE,80:DD89:E0M1X1,REJECTED_CANDIDATE_ROOT,V04 admits only exact source-root/direct-flow paths; speculative V03 roots do not create authority.
V03R00695,RETURN_CONTINUATION_CANDIDATE,CANDIDATE,80:C86E:E0M0X0,REJECTED_CANDIDATE_ROOT,V04 admits only exact source-root/direct-flow paths; speculative V03 roots do not create authority.
V03R00696,RETURN_CONTINUATION_CANDIDATE,CANDIDATE,81:C7C0:E0M0X0,REJECTED_CANDIDATE_ROOT,V04 admits only exact source-root/direct-flow paths; speculative V03 roots do not create authority.
V03R00697,RETURN_CONTINUATION_CANDIDATE,CANDIDATE,81:C71B:E0M0X0,REJECTED_CANDIDATE_ROOT,V04 admits only exact source-root/direct-flow paths; speculative V03 roots do not create authority.
V03R00698,RETURN_CONTINUATION_CANDIDATE,CANDIDATE,80:8452:E0M1X0,SUPERSEDED_BY_SOURCE_PROOF,V04 admits only exact source-root/direct-flow paths; speculative V03 roots do not create authority.
V03R00699,RETURN_CONTINUATION_CANDIDATE,CANDIDATE,81:F749:E0M1X1,SUPERSEDED_BY_SOURCE_PROOF,V04 admits only exact source-root/direct-flow paths; speculative V03 roots do not create authority.
V03R00700,RETURN_CONTINUATION_CANDIDATE,CANDIDATE,81:F7B3:E0M1X1,SUPERSEDED_BY_SOURCE_PROOF,V04 admits only exact source-root/direct-flow paths; speculative V03 roots do not create authority.
V03R00701,RETURN_CONTINUATION_CANDIDATE,CANDIDATE,81:F802:E0M0X0,REJECTED_CANDIDATE_ROOT,V04 admits only exact source-root/direct-flow paths; speculative V03 roots do not create authority.
V03R00702,RETURN_CONTINUATION_CANDIDATE,CANDIDATE,81:F585:E0M1X1,SUPERSEDED_BY_SOURCE_PROOF,V04 admits only exact source-root/direct-flow paths; speculative V03 roots do not create authority.
V03R00703,RETURN_CONTINUATION_CANDIDATE,CANDIDATE,81:F589:E0M0X0,REJECTED_CANDIDATE_ROOT,V04 admits only exact source-root/direct-flow paths; speculative V03 roots do not create authority.
V03R00704,RETURN_CONTINUATION_CANDIDATE,CANDIDATE,81:BF7D:E0M0X0,REJECTED_CANDIDATE_ROOT,V04 admits only exact source-root/direct-flow paths; speculative V03 roots do not create authority.
V03R00705,RETURN_CONTINUATION_CANDIDATE,CANDIDATE,81:BD3B:E0M1X1,REJECTED_CANDIDATE_ROOT,V04 admits only exact source-root/direct-flow paths; speculative V03 roots do not create authority.
V03R00706,RETURN_CONTINUATION_CANDIDATE,CANDIDATE,81:B5B2:E0M1X1,REJECTED_CANDIDATE_ROOT,V04 admits only exact source-root/direct-flow paths; speculative V03 roots do not create authority.
V03R00707,RETURN_CONTINUATION_CANDIDATE,CANDIDATE,80:E342:E0M0X0,REJECTED_CANDIDATE_ROOT,V04 admits only exact source-root/direct-flow paths; speculative V03 roots do not create authority.
V03R00708,RETURN_CONTINUATION_CANDIDATE,CANDIDATE,80:D5FB:E0M1X1,REJECTED_CANDIDATE_ROOT,V04 admits only exact source-root/direct-flow paths; speculative V03 roots do not create authority.
V03R00709,RETURN_CONTINUATION_CANDIDATE,CANDIDATE,80:C871:E0M0X0,REJECTED_CANDIDATE_ROOT,V04 admits only exact source-root/direct-flow paths; speculative V03 roots do not create authority.
V03R00710,RETURN_CONTINUATION_CANDIDATE,CANDIDATE,81:FA8A:E0M0X0,REJECTED_CANDIDATE_ROOT,V04 admits only exact source-root/direct-flow paths; speculative V03 roots do not create authority.
V03R00711,RETURN_CONTINUATION_CANDIDATE,CANDIDATE,81:C952:E0M1X1,REJECTED_CANDIDATE_ROOT,V04 admits only exact source-root/direct-flow paths; speculative V03 roots do not create authority.
V03R00712,RETURN_CONTINUATION_CANDIDATE,CANDIDATE,81:F58C:E0M0X0,REJECTED_CANDIDATE_ROOT,V04 admits only exact source-root/direct-flow paths; speculative V03 roots do not create authority.
V03R00713,RETURN_CONTINUATION_CANDIDATE,CANDIDATE,81:A7DA:E0M1X1,REJECTED_CANDIDATE_ROOT,V04 admits only exact source-root/direct-flow paths; speculative V03 roots do not create authority.
V03R00714,RETURN_CONTINUATION_CANDIDATE,CANDIDATE,81:BAFB:E0M0X0,REJECTED_CANDIDATE_ROOT,V04 admits only exact source-root/direct-flow paths; speculative V03 roots do not create authority.
V03R00715,RETURN_CONTINUATION_CANDIDATE,CANDIDATE,81:B420:E0M0X0,REJECTED_CANDIDATE_ROOT,V04 admits only exact source-root/direct-flow paths; speculative V03 roots do not create authority.
V03R00716,RETURN_CONTINUATION_CANDIDATE,CANDIDATE,81:B01F:E0M1X1,REJECTED_CANDIDATE_ROOT,V04 admits only exact source-root/direct-flow paths; speculative V03 roots do not create authority.
V03R00717,RETURN_CONTINUATION_CANDIDATE,CANDIDATE,80:CA38:E0M0X0,REJECTED_CANDIDATE_ROOT,V04 admits only exact source-root/direct-flow paths; speculative V03 roots do not create authority.
V03R00718,RETURN_CONTINUATION_CANDIDATE,CANDIDATE,80:DD8E:E0M1X1,REJECTED_CANDIDATE_ROOT,V04 admits only exact source-root/direct-flow paths; speculative V03 roots do not create authority.
V03R00719,RETURN_CONTINUATION_CANDIDATE,CANDIDATE,80:C874:E0M0X0,REJECTED_CANDIDATE_ROOT,V04 admits only exact source-root/direct-flow paths; speculative V03 roots do not create authority.
V03R00720,RETURN_CONTINUATION_CANDIDATE,CANDIDATE,80:BA2F:E0M1X1,REJECTED_CANDIDATE_ROOT,V04 admits only exact source-root/direct-flow paths; speculative V03 roots do not create authority.
V03R00721,RETURN_CONTINUATION_CANDIDATE,CANDIDATE,81:CF7F:E0M1X1,REJECTED_CANDIDATE_ROOT,V04 admits only exact source-root/direct-flow paths; speculative V03 roots do not create authority.
V03R00722,RETURN_CONTINUATION_CANDIDATE,CANDIDATE,81:F75B:E0M1X1,SUPERSEDED_BY_SOURCE_PROOF,V04 admits only exact source-root/direct-flow paths; speculative V03 roots do not create authority.
V03R00723,RETURN_CONTINUATION_CANDIDATE,CANDIDATE,81:F7C5:E0M1X1,SUPERSEDED_BY_SOURCE_PROOF,V04 admits only exact source-root/direct-flow paths; speculative V03 roots do not create authority.
V03R00724,RETURN_CONTINUATION_CANDIDATE,CANDIDATE,81:F58F:E0M0X0,REJECTED_CANDIDATE_ROOT,V04 admits only exact source-root/direct-flow paths; speculative V03 roots do not create authority.
V03R00725,RETURN_CONTINUATION_CANDIDATE,CANDIDATE,81:B392:E0M0X0,REJECTED_CANDIDATE_ROOT,V04 admits only exact source-root/direct-flow paths; speculative V03 roots do not create authority.
V03R00726,RETURN_CONTINUATION_CANDIDATE,CANDIDATE,81:B023:E0M1X1,REJECTED_CANDIDATE_ROOT,V04 admits only exact source-root/direct-flow paths; speculative V03 roots do not create authority.
V03R00727,RETURN_CONTINUATION_CANDIDATE,CANDIDATE,81:B0EF:E0M0X0,REJECTED_CANDIDATE_ROOT,V04 admits only exact source-root/direct-flow paths; speculative V03 roots do not create authority.
V03R00728,RETURN_CONTINUATION_CANDIDATE,CANDIDATE,80:B0BB:E0M1X1,REJECTED_CANDIDATE_ROOT,V04 admits only exact source-root/direct-flow paths; speculative V03 roots do not create authority.
V03R00729,RETURN_CONTINUATION_CANDIDATE,CANDIDATE,80:B14F:E0M1X1,REJECTED_CANDIDATE_ROOT,V04 admits only exact source-root/direct-flow paths; speculative V03 roots do not create authority.
V03R00730,RETURN_CONTINUATION_CANDIDATE,CANDIDATE,80:DD91:E0M1X1,REJECTED_CANDIDATE_ROOT,V04 admits only exact source-root/direct-flow paths; speculative V03 roots do not create authority.
V03R00731,RETURN_CONTINUATION_CANDIDATE,CANDIDATE,80:C877:E0M0X0,REJECTED_CANDIDATE_ROOT,V04 admits only exact source-root/direct-flow paths; speculative V03 roots do not create authority.
V03R00732,RETURN_CONTINUATION_CANDIDATE,CANDIDATE,81:F94C:E0M1X1,REJECTED_CANDIDATE_ROOT,V04 admits only exact source-root/direct-flow paths; speculative V03 roots do not create authority.
V03R00733,RETURN_CONTINUATION_CANDIDATE,CANDIDATE,81:C70C:E0M0X0,REJECTED_CANDIDATE_ROOT,V04 admits only exact source-root/direct-flow paths; speculative V03 roots do not create authority.
V03R00734,RETURN_CONTINUATION_CANDIDATE,CANDIDATE,81:CB49:E0M1X1,REJECTED_CANDIDATE_ROOT,V04 admits only exact source-root/direct-flow paths; speculative V03 roots do not create authority.
V03R00735,RETURN_CONTINUATION_CANDIDATE,CANDIDATE,81:C243:E0M0X0,REJECTED_CANDIDATE_ROOT,V04 admits only exact source-root/direct-flow paths; speculative V03 roots do not create authority.
V03R00736,RETURN_CONTINUATION_CANDIDATE,CANDIDATE,81:BD43:E0M1X1,REJECTED_CANDIDATE_ROOT,V04 admits only exact source-root/direct-flow paths; speculative V03 roots do not create authority.
V03R00737,RETURN_CONTINUATION_CANDIDATE,CANDIDATE,81:B1E6:E0M0X0,REJECTED_CANDIDATE_ROOT,V04 admits only exact source-root/direct-flow paths; speculative V03 roots do not create authority.
V03R00738,RETURN_CONTINUATION_CANDIDATE,CANDIDATE,80:B059:E0M1X1,REJECTED_CANDIDATE_ROOT,V04 admits only exact source-root/direct-flow paths; speculative V03 roots do not create authority.
V03R00739,RETURN_CONTINUATION_CANDIDATE,CANDIDATE,80:B051:E0M1X1,REJECTED_CANDIDATE_ROOT,V04 admits only exact source-root/direct-flow paths; speculative V03 roots do not create authority.
V03R00740,RETURN_CONTINUATION_CANDIDATE,CANDIDATE,80:DD95:E0M1X1,REJECTED_CANDIDATE_ROOT,V04 admits only exact source-root/direct-flow paths; speculative V03 roots do not create authority.
V03R00741,RETURN_CONTINUATION_CANDIDATE,CANDIDATE,80:D6CD:E0M0X0,REJECTED_CANDIDATE_ROOT,V04 admits only exact source-root/direct-flow paths; speculative V03 roots do not create authority.
V03R00742,RETURN_CONTINUATION_CANDIDATE,CANDIDATE,80:C87A:E0M0X0,REJECTED_CANDIDATE_ROOT,V04 admits only exact source-root/direct-flow paths; speculative V03 roots do not create authority.
V03R00743,RETURN_CONTINUATION_CANDIDATE,CANDIDATE,80:BA35:E0M1X1,REJECTED_CANDIDATE_ROOT,V04 admits only exact source-root/direct-flow paths; speculative V03 roots do not create authority.
V03R00744,RETURN_CONTINUATION_CANDIDATE,CANDIDATE,81:F94F:E0M1X1,REJECTED_CANDIDATE_ROOT,V04 admits only exact source-root/direct-flow paths; speculative V03 roots do not create authority.
V03R00745,RETURN_CONTINUATION_CANDIDATE,CANDIDATE,81:CB4C:E0M1X1,REJECTED_CANDIDATE_ROOT,V04 admits only exact source-root/direct-flow paths; speculative V03 roots do not create authority.
V03R00746,RETURN_CONTINUATION_CANDIDATE,CANDIDATE,81:F751:E0M1X1,SUPERSEDED_BY_SOURCE_PROOF,V04 admits only exact source-root/direct-flow paths; speculative V03 roots do not create authority.
V03R00747,RETURN_CONTINUATION_CANDIDATE,CANDIDATE,81:F7BB:E0M1X1,SUPERSEDED_BY_SOURCE_PROOF,V04 admits only exact source-root/direct-flow paths; speculative V03 roots do not create authority.
V03R00748,RETURN_CONTINUATION_CANDIDATE,CANDIDATE,81:90F6:E0M0X0,REJECTED_CANDIDATE_ROOT,V04 admits only exact source-root/direct-flow paths; speculative V03 roots do not create authority.
V03R00749,RETURN_CONTINUATION_CANDIDATE,CANDIDATE,81:BD4F:E0M0X0,REJECTED_CANDIDATE_ROOT,V04 admits only exact source-root/direct-flow paths; speculative V03 roots do not create authority.
V03R00750,RETURN_CONTINUATION_CANDIDATE,CANDIDATE,80:B005:E0M1X1,REJECTED_CANDIDATE_ROOT,V04 admits only exact source-root/direct-flow paths; speculative V03 roots do not create authority.
V03R00751,RETURN_CONTINUATION_CANDIDATE,CANDIDATE,80:DDC0:E0M0X0,REJECTED_CANDIDATE_ROOT,V04 admits only exact source-root/direct-flow paths; speculative V03 roots do not create authority.
V03R00752,RETURN_CONTINUATION_CANDIDATE,CANDIDATE,81:C7CE:E0M0X0,REJECTED_CANDIDATE_ROOT,V04 admits only exact source-root/direct-flow paths; speculative V03 roots do not create authority.
V03R00753,RETURN_CONTINUATION_CANDIDATE,CANDIDATE,9F:F59B:E0M0X0,REJECTED_CANDIDATE_ROOT,V04 admits only exact source-root/direct-flow paths; speculative V03 roots do not create authority.
V03R00754,RETURN_CONTINUATION_CANDIDATE,CANDIDATE,81:F758:E0M1X1,SUPERSEDED_BY_SOURCE_PROOF,V04 admits only exact source-root/direct-flow paths; speculative V03 roots do not create authority.
V03R00755,RETURN_CONTINUATION_CANDIDATE,CANDIDATE,81:F7C2:E0M1X1,SUPERSEDED_BY_SOURCE_PROOF,V04 admits only exact source-root/direct-flow paths; speculative V03 roots do not create authority.
V03R00756,RETURN_CONTINUATION_CANDIDATE,CANDIDATE,81:F5AA:E0M1X1,SUPERSEDED_BY_SOURCE_PROOF,V04 admits only exact source-root/direct-flow paths; speculative V03 roots do not create authority.
V03R00757,RETURN_CONTINUATION_CANDIDATE,CANDIDATE,81:BB06:E0M1X1,REJECTED_CANDIDATE_ROOT,V04 admits only exact source-root/direct-flow paths; speculative V03 roots do not create authority.
V03R00758,RETURN_CONTINUATION_CANDIDATE,CANDIDATE,80:FBCB:E0M0X0,REJECTED_CANDIDATE_ROOT,V04 admits only exact source-root/direct-flow paths; speculative V03 roots do not create authority.
V03R00759,RETURN_CONTINUATION_CANDIDATE,CANDIDATE,80:D6D3:E0M0X0,REJECTED_CANDIDATE_ROOT,V04 admits only exact source-root/direct-flow paths; speculative V03 roots do not create authority.
V03R00760,RETURN_CONTINUATION_CANDIDATE,CANDIDATE,80:BA3B:E0M1X1,REJECTED_CANDIDATE_ROOT,V04 admits only exact source-root/direct-flow paths; speculative V03 roots do not create authority.
V03R00761,RETURN_CONTINUATION_CANDIDATE,CANDIDATE,81:FA93:E0M0X0,REJECTED_CANDIDATE_ROOT,V04 admits only exact source-root/direct-flow paths; speculative V03 roots do not create authority.
V03R00762,RETURN_CONTINUATION_CANDIDATE,CANDIDATE,81:C7DD:E0M0X0,REJECTED_CANDIDATE_ROOT,V04 admits only exact source-root/direct-flow paths; speculative V03 roots do not create authority.
V03R00763,RETURN_CONTINUATION_CANDIDATE,CANDIDATE,9F:F59E:E0M0X0,REJECTED_CANDIDATE_ROOT,V04 admits only exact source-root/direct-flow paths; speculative V03 roots do not create authority.
V03R00764,RETURN_CONTINUATION_CANDIDATE,CANDIDATE,9F:F613:E0M0X0,REJECTED_CANDIDATE_ROOT,V04 admits only exact source-root/direct-flow paths; speculative V03 roots do not create authority.
V03R00765,RETURN_CONTINUATION_CANDIDATE,CANDIDATE,81:F5AD:E0M1X1,SUPERSEDED_BY_SOURCE_PROOF,V04 admits only exact source-root/direct-flow paths; speculative V03 roots do not create authority.
V03R00766,RETURN_CONTINUATION_CANDIDATE,CANDIDATE,81:BB09:E0M1X1,REJECTED_CANDIDATE_ROOT,V04 admits only exact source-root/direct-flow paths; speculative V03 roots do not create authority.
V03R00767,RETURN_CONTINUATION_CANDIDATE,CANDIDATE,81:DCD1:E0M0X0,REJECTED_CANDIDATE_ROOT,V04 admits only exact source-root/direct-flow paths; speculative V03 roots do not create authority.
V03R00768,RETURN_CONTINUATION_CANDIDATE,CANDIDATE,81:B39D:E0M1X1,REJECTED_CANDIDATE_ROOT,V04 admits only exact source-root/direct-flow paths; speculative V03 roots do not create authority.
V03R00769,RETURN_CONTINUATION_CANDIDATE,CANDIDATE,80:DDD4:E0M1X1,REJECTED_CANDIDATE_ROOT,V04 admits only exact source-root/direct-flow paths; speculative V03 roots do not create authority.
V03R00770,RETURN_CONTINUATION_CANDIDATE,CANDIDATE,81:F959:E0M1X1,REJECTED_CANDIDATE_ROOT,V04 admits only exact source-root/direct-flow paths; speculative V03 roots do not create authority.
V03R00771,RETURN_CONTINUATION_CANDIDATE,CANDIDATE,81:CA77:E0M0X0,REJECTED_CANDIDATE_ROOT,V04 admits only exact source-root/direct-flow paths; speculative V03 roots do not create authority.
V03R00772,RETURN_CONTINUATION_CANDIDATE,CANDIDATE,81:C98B:E0M1X1,REJECTED_CANDIDATE_ROOT,V04 admits only exact source-root/direct-flow paths; speculative V03 roots do not create authority.
V03R00773,RETURN_CONTINUATION_CANDIDATE,CANDIDATE,9F:F8F2:E0M0X0,REJECTED_CANDIDATE_ROOT,V04 admits only exact source-root/direct-flow paths; speculative V03 roots do not create authority.
V03R00774,RETURN_CONTINUATION_CANDIDATE,CANDIDATE,9F:F5A1:E0M0X0,REJECTED_CANDIDATE_ROOT,V04 admits only exact source-root/direct-flow paths; speculative V03 roots do not create authority.
V03R00775,RETURN_CONTINUATION_CANDIDATE,CANDIDATE,81:90FD:E0M1X1,REJECTED_CANDIDATE_ROOT,V04 admits only exact source-root/direct-flow paths; speculative V03 roots do not create authority.
V03R00776,RETURN_CONTINUATION_CANDIDATE,CANDIDATE,81:BD5D:E0M0X0,REJECTED_CANDIDATE_ROOT,V04 admits only exact source-root/direct-flow paths; speculative V03 roots do not create authority.
V03R00777,RETURN_CONTINUATION_CANDIDATE,CANDIDATE,81:BB0D:E0M1X1,REJECTED_CANDIDATE_ROOT,V04 admits only exact source-root/direct-flow paths; speculative V03 roots do not create authority.
V03R00778,RETURN_CONTINUATION_CANDIDATE,CANDIDATE,80:9398:E0M1X1,REJECTED_CANDIDATE_ROOT,V04 admits only exact source-root/direct-flow paths; speculative V03 roots do not create authority.
V03R00779,RETURN_CONTINUATION_CANDIDATE,CANDIDATE,80:D6D9:E0M0X0,REJECTED_CANDIDATE_ROOT,V04 admits only exact source-root/direct-flow paths; speculative V03 roots do not create authority.
V03R00780,RETURN_CONTINUATION_CANDIDATE,CANDIDATE,81:F95C:E0M1X1,REJECTED_CANDIDATE_ROOT,V04 admits only exact source-root/direct-flow paths; speculative V03 roots do not create authority.
V03R00781,RETURN_CONTINUATION_CANDIDATE,CANDIDATE,9F:F67B:E0M1X1,REJECTED_CANDIDATE_ROOT,V04 admits only exact source-root/direct-flow paths; speculative V03 roots do not create authority.
V03R00782,RETURN_CONTINUATION_CANDIDATE,CANDIDATE,9F:F5A4:E0M0X0,REJECTED_CANDIDATE_ROOT,V04 admits only exact source-root/direct-flow paths; speculative V03 roots do not create authority.
V03R00783,RETURN_CONTINUATION_CANDIDATE,CANDIDATE,9F:F6EA:E0M1X1,REJECTED_CANDIDATE_ROOT,V04 admits only exact source-root/direct-flow paths; speculative V03 roots do not create authority.
V03R00784,RETURN_CONTINUATION_CANDIDATE,CANDIDATE,81:8D2B:E0M1X1,REJECTED_CANDIDATE_ROOT,V04 admits only exact source-root/direct-flow paths; speculative V03 roots do not create authority.
V03R00785,RETURN_CONTINUATION_CANDIDATE,CANDIDATE,81:BF8D:E0M0X0,REJECTED_CANDIDATE_ROOT,V04 admits only exact source-root/direct-flow paths; speculative V03 roots do not create authority.
V03R00786,RETURN_CONTINUATION_CANDIDATE,CANDIDATE,81:BB11:E0M1X1,REJECTED_CANDIDATE_ROOT,V04 admits only exact source-root/direct-flow paths; speculative V03 roots do not create authority.
V03R00787,RETURN_CONTINUATION_CANDIDATE,CANDIDATE,81:B1F5:E0M0X0,REJECTED_CANDIDATE_ROOT,V04 admits only exact source-root/direct-flow paths; speculative V03 roots do not create authority.
V03R00788,RETURN_CONTINUATION_CANDIDATE,CANDIDATE,81:B3A3:E0M1X1,REJECTED_CANDIDATE_ROOT,V04 admits only exact source-root/direct-flow paths; speculative V03 roots do not create authority.
V03R00789,RETURN_CONTINUATION_CANDIDATE,CANDIDATE,80:E355:E0M0X0,REJECTED_CANDIDATE_ROOT,V04 admits only exact source-root/direct-flow paths; speculative V03 roots do not create authority.
V03R00790,RETURN_CONTINUATION_CANDIDATE,CANDIDATE,80:FBA1:E0M0X0,REJECTED_CANDIDATE_ROOT,V04 admits only exact source-root/direct-flow paths; speculative V03 roots do not create authority.
V03R00791,RETURN_CONTINUATION_CANDIDATE,CANDIDATE,80:B0C8:E0M1X1,REJECTED_CANDIDATE_ROOT,V04 admits only exact source-root/direct-flow paths; speculative V03 roots do not create authority.
V03R00792,RETURN_CONTINUATION_CANDIDATE,CANDIDATE,81:DCBC:E0M0X0,REJECTED_CANDIDATE_ROOT,V04 admits only exact source-root/direct-flow paths; speculative V03 roots do not create authority.
V03R00793,RETURN_CONTINUATION_CANDIDATE,CANDIDATE,81:F95F:E0M1X1,REJECTED_CANDIDATE_ROOT,V04 admits only exact source-root/direct-flow paths; speculative V03 roots do not create authority.
V03R00794,RETURN_CONTINUATION_CANDIDATE,CANDIDATE,81:D895:E0M1X1,REJECTED_CANDIDATE_ROOT,V04 admits only exact source-root/direct-flow paths; speculative V03 roots do not create authority.
V03R00795,RETURN_CONTINUATION_CANDIDATE,CANDIDATE,81:C991:E0M1X1,REJECTED_CANDIDATE_ROOT,V04 admits only exact source-root/direct-flow paths; speculative V03 roots do not create authority.
V03R00796,RETURN_CONTINUATION_CANDIDATE,CANDIDATE,9F:FAC7:E0M0X0,REJECTED_CANDIDATE_ROOT,V04 admits only exact source-root/direct-flow paths; speculative V03 roots do not create authority.
V03R00797,RETURN_CONTINUATION_CANDIDATE,CANDIDATE,9F:F67F:E0M1X1,REJECTED_CANDIDATE_ROOT,V04 admits only exact source-root/direct-flow paths; speculative V03 roots do not create authority.
V03R00798,RETURN_CONTINUATION_CANDIDATE,CANDIDATE,9F:F5BB:E0M0X0,REJECTED_CANDIDATE_ROOT,V04 admits only exact source-root/direct-flow paths; speculative V03 roots do not create authority.
V03R00799,RETURN_CONTINUATION_CANDIDATE,CANDIDATE,9F:F5A7:E0M0X0,REJECTED_CANDIDATE_ROOT,V04 admits only exact source-root/direct-flow paths; speculative V03 roots do not create authority.
V03R00800,RETURN_CONTINUATION_CANDIDATE,CANDIDATE,81:F76C:E0M1X1,SUPERSEDED_BY_SOURCE_PROOF,V04 admits only exact source-root/direct-flow paths; speculative V03 roots do not create authority.
V03R00801,RETURN_CONTINUATION_CANDIDATE,CANDIDATE,81:F7D6:E0M1X1,SUPERSEDED_BY_SOURCE_PROOF,V04 admits only exact source-root/direct-flow paths; speculative V03 roots do not create authority.
V03R00802,RETURN_CONTINUATION_CANDIDATE,CANDIDATE,92:ED6F:E0M1X1,REJECTED_CANDIDATE_ROOT,V04 admits only exact source-root/direct-flow paths; speculative V03 roots do not create authority.
V03R00803,RETURN_CONTINUATION_CANDIDATE,CANDIDATE,80:F9F5:E0M1X1,REJECTED_CANDIDATE_ROOT,V04 admits only exact source-root/direct-flow paths; speculative V03 roots do not create authority.
V03R00804,RETURN_CONTINUATION_CANDIDATE,CANDIDATE,81:BB14:E0M1X1,REJECTED_CANDIDATE_ROOT,V04 admits only exact source-root/direct-flow paths; speculative V03 roots do not create authority.
V03R00805,RETURN_CONTINUATION_CANDIDATE,CANDIDATE,81:DCD8:E0M0X0,REJECTED_CANDIDATE_ROOT,V04 admits only exact source-root/direct-flow paths; speculative V03 roots do not create authority.
V03R00806,RETURN_CONTINUATION_CANDIDATE,CANDIDATE,81:B07D:E0M1X1,REJECTED_CANDIDATE_ROOT,V04 admits only exact source-root/direct-flow paths; speculative V03 roots do not create authority.
V03R00807,RETURN_CONTINUATION_CANDIDATE,CANDIDATE,81:B035:E0M1X1,REJECTED_CANDIDATE_ROOT,V04 admits only exact source-root/direct-flow paths; speculative V03 roots do not create authority.
V03R00808,RETURN_CONTINUATION_CANDIDATE,CANDIDATE,80:E367:E0M0X0,REJECTED_CANDIDATE_ROOT,V04 admits only exact source-root/direct-flow paths; speculative V03 roots do not create authority.
V03R00809,RETURN_CONTINUATION_CANDIDATE,CANDIDATE,80:93A3:E0M1X1,REJECTED_CANDIDATE_ROOT,V04 admits only exact source-root/direct-flow paths; speculative V03 roots do not create authority.
V03R00810,RETURN_CONTINUATION_CANDIDATE,CANDIDATE,81:F962:E0M1X1,REJECTED_CANDIDATE_ROOT,V04 admits only exact source-root/direct-flow paths; speculative V03 roots do not create authority.
V03R00811,RETURN_CONTINUATION_CANDIDATE,CANDIDATE,80:F903:E0M1X1,REJECTED_CANDIDATE_ROOT,V04 admits only exact source-root/direct-flow paths; speculative V03 roots do not create authority.
V03R00812,RETURN_CONTINUATION_CANDIDATE,CANDIDATE,81:D899:E0M1X1,REJECTED_CANDIDATE_ROOT,V04 admits only exact source-root/direct-flow paths; speculative V03 roots do not create authority.
V03R00813,RETURN_CONTINUATION_CANDIDATE,CANDIDATE,9F:F719:E0M0X0,REJECTED_CANDIDATE_ROOT,V04 admits only exact source-root/direct-flow paths; speculative V03 roots do not create authority.
V03R00814,RETURN_CONTINUATION_CANDIDATE,CANDIDATE,9F:F683:E0M1X1,REJECTED_CANDIDATE_ROOT,V04 admits only exact source-root/direct-flow paths; speculative V03 roots do not create authority.
V03R00815,RETURN_CONTINUATION_CANDIDATE,CANDIDATE,81:F5B8:E0M1X1,SUPERSEDED_BY_SOURCE_PROOF,V04 admits only exact source-root/direct-flow paths; speculative V03 roots do not create authority.
V03R00816,RETURN_CONTINUATION_CANDIDATE,CANDIDATE,81:BD01:E0M0X0,REJECTED_CANDIDATE_ROOT,V04 admits only exact source-root/direct-flow paths; speculative V03 roots do not create authority.
V03R00817,RETURN_CONTINUATION_CANDIDATE,CANDIDATE,81:BB17:E0M1X1,REJECTED_CANDIDATE_ROOT,V04 admits only exact source-root/direct-flow paths; speculative V03 roots do not create authority.
V03R00818,RETURN_CONTINUATION_CANDIDATE,CANDIDATE,80:CBE6:E0M1X1,REJECTED_CANDIDATE_ROOT,V04 admits only exact source-root/direct-flow paths; speculative V03 roots do not create authority.
V03R00819,RETURN_CONTINUATION_CANDIDATE,CANDIDATE,80:B0D8:E0M1X1,REJECTED_CANDIDATE_ROOT,V04 admits only exact source-root/direct-flow paths; speculative V03 roots do not create authority.
V03R00820,RETURN_CONTINUATION_CANDIDATE,CANDIDATE,80:8B92:E0M1X1,REJECTED_CANDIDATE_ROOT,V04 admits only exact source-root/direct-flow paths; speculative V03 roots do not create authority.
V03R00821,RETURN_CONTINUATION_CANDIDATE,CANDIDATE,80:C8E9:E0M1X1,REJECTED_CANDIDATE_ROOT,V04 admits only exact source-root/direct-flow paths; speculative V03 roots do not create authority.
V03R00822,RETURN_CONTINUATION_CANDIDATE,CANDIDATE,80:CAC0:E0M0X0,REJECTED_CANDIDATE_ROOT,V04 admits only exact source-root/direct-flow paths; speculative V03 roots do not create authority.
V03R00823,RETURN_CONTINUATION_CANDIDATE,CANDIDATE,81:8A87:E0M0X0,REJECTED_CANDIDATE_ROOT,V04 admits only exact source-root/direct-flow paths; speculative V03 roots do not create authority.
V03R00824,RETURN_CONTINUATION_CANDIDATE,CANDIDATE,80:BA49:E0M1X1,REJECTED_CANDIDATE_ROOT,V04 admits only exact source-root/direct-flow paths; speculative V03 roots do not create authority.
V03R00825,RETURN_CONTINUATION_CANDIDATE,CANDIDATE,81:DD30:E0M0X0,REJECTED_CANDIDATE_ROOT,V04 admits only exact source-root/direct-flow paths; speculative V03 roots do not create authority.
V03R00826,RETURN_CONTINUATION_CANDIDATE,CANDIDATE,81:F966:E0M1X1,REJECTED_CANDIDATE_ROOT,V04 admits only exact source-root/direct-flow paths; speculative V03 roots do not create authority.
V03R00827,RETURN_CONTINUATION_CANDIDATE,CANDIDATE,81:CA83:E0M0X0,REJECTED_CANDIDATE_ROOT,V04 admits only exact source-root/direct-flow paths; speculative V03 roots do not create authority.
V03R00828,RETURN_CONTINUATION_CANDIDATE,CANDIDATE,81:D89D:E0M1X1,REJECTED_CANDIDATE_ROOT,V04 admits only exact source-root/direct-flow paths; speculative V03 roots do not create authority.
V03R00829,RETURN_CONTINUATION_CANDIDATE,CANDIDATE,9F:F687:E0M1X1,REJECTED_CANDIDATE_ROOT,V04 admits only exact source-root/direct-flow paths; speculative V03 roots do not create authority.
V03R00830,RETURN_CONTINUATION_CANDIDATE,CANDIDATE,9F:F5C1:E0M0X0,REJECTED_CANDIDATE_ROOT,V04 admits only exact source-root/direct-flow paths; speculative V03 roots do not create authority.
V03R00831,RETURN_CONTINUATION_CANDIDATE,CANDIDATE,9F:F7A4:E0M0X0,REJECTED_CANDIDATE_ROOT,V04 admits only exact source-root/direct-flow paths; speculative V03 roots do not create authority.
V03R00832,RETURN_CONTINUATION_CANDIDATE,CANDIDATE,9F:F642:E0M0X0,REJECTED_CANDIDATE_ROOT,V04 admits only exact source-root/direct-flow paths; speculative V03 roots do not create authority.
V03R00833,RETURN_CONTINUATION_CANDIDATE,CANDIDATE,9F:F621:E0M0X0,REJECTED_CANDIDATE_ROOT,V04 admits only exact source-root/direct-flow paths; speculative V03 roots do not create authority.
V03R00834,RETURN_CONTINUATION_CANDIDATE,CANDIDATE,81:F5BC:E0M1X1,SUPERSEDED_BY_SOURCE_PROOF,V04 admits only exact source-root/direct-flow paths; speculative V03 roots do not create authority.
V03R00835,RETURN_CONTINUATION_CANDIDATE,CANDIDATE,80:93AE:E0M1X1,REJECTED_CANDIDATE_ROOT,V04 admits only exact source-root/direct-flow paths; speculative V03 roots do not create authority.
V03R00836,RETURN_CONTINUATION_CANDIDATE,CANDIDATE,80:BA4D:E0M1X1,REJECTED_CANDIDATE_ROOT,V04 admits only exact source-root/direct-flow paths; speculative V03 roots do not create authority.
V03R00837,RETURN_CONTINUATION_CANDIDATE,CANDIDATE,81:DCC3:E0M0X0,REJECTED_CANDIDATE_ROOT,V04 admits only exact source-root/direct-flow paths; speculative V03 roots do not create authority.
V03R00838,RETURN_CONTINUATION_CANDIDATE,CANDIDATE,81:F969:E0M1X1,REJECTED_CANDIDATE_ROOT,V04 admits only exact source-root/direct-flow paths; speculative V03 roots do not create authority.
V03R00839,RETURN_CONTINUATION_CANDIDATE,CANDIDATE,81:C7EE:E0M0X0,REJECTED_CANDIDATE_ROOT,V04 admits only exact source-root/direct-flow paths; speculative V03 roots do not create authority.
V03R00840,RETURN_CONTINUATION_CANDIDATE,CANDIDATE,9F:FCB2:E0M1X1,REJECTED_CANDIDATE_ROOT,V04 admits only exact source-root/direct-flow paths; speculative V03 roots do not create authority.
V03R00841,RETURN_CONTINUATION_CANDIDATE,CANDIDATE,9F:F68B:E0M1X1,REJECTED_CANDIDATE_ROOT,V04 admits only exact source-root/direct-flow paths; speculative V03 roots do not create authority.
V03R00842,RETURN_CONTINUATION_CANDIDATE,CANDIDATE,9F:F5C5:E0M0X0,REJECTED_CANDIDATE_ROOT,V04 admits only exact source-root/direct-flow paths; speculative V03 roots do not create authority.
V03R00843,RETURN_CONTINUATION_CANDIDATE,CANDIDATE,9F:FD20:E0M0X0,REJECTED_CANDIDATE_ROOT,V04 admits only exact source-root/direct-flow paths; speculative V03 roots do not create authority.
V03R00844,RETURN_CONTINUATION_CANDIDATE,CANDIDATE,81:F775:E0M1X1,SUPERSEDED_BY_SOURCE_PROOF,V04 admits only exact source-root/direct-flow paths; speculative V03 roots do not create authority.
V03R00845,RETURN_CONTINUATION_CANDIDATE,CANDIDATE,81:F7DF:E0M1X1,SUPERSEDED_BY_SOURCE_PROOF,V04 admits only exact source-root/direct-flow paths; speculative V03 roots do not create authority.
V03R00846,RETURN_CONTINUATION_CANDIDATE,CANDIDATE,81:B201:E0M0X0,REJECTED_CANDIDATE_ROOT,V04 admits only exact source-root/direct-flow paths; speculative V03 roots do not create authority.
V03R00847,RETURN_CONTINUATION_CANDIDATE,CANDIDATE,80:E361:E0M0X0,REJECTED_CANDIDATE_ROOT,V04 admits only exact source-root/direct-flow paths; speculative V03 roots do not create authority.
V03R00848,RETURN_CONTINUATION_CANDIDATE,CANDIDATE,80:93D3:E0M0X0,REJECTED_CANDIDATE_ROOT,V04 admits only exact source-root/direct-flow paths; speculative V03 roots do not create authority.
V03R00849,RETURN_CONTINUATION_CANDIDATE,CANDIDATE,80:BA50:E0M1X1,REJECTED_CANDIDATE_ROOT,V04 admits only exact source-root/direct-flow paths; speculative V03 roots do not create authority.
V03R00850,RETURN_CONTINUATION_CANDIDATE,CANDIDATE,81:DCC6:E0M0X0,REJECTED_CANDIDATE_ROOT,V04 admits only exact source-root/direct-flow paths; speculative V03 roots do not create authority.
V03R00851,RETURN_CONTINUATION_CANDIDATE,CANDIDATE,81:F96C:E0M1X1,REJECTED_CANDIDATE_ROOT,V04 admits only exact source-root/direct-flow paths; speculative V03 roots do not create authority.
V03R00852,RETURN_CONTINUATION_CANDIDATE,CANDIDATE,81:C806:E0M0X0,REJECTED_CANDIDATE_ROOT,V04 admits only exact source-root/direct-flow paths; speculative V03 roots do not create authority.
V03R00853,RETURN_CONTINUATION_CANDIDATE,CANDIDATE,9F:FA98:E0M1X1,REJECTED_CANDIDATE_ROOT,V04 admits only exact source-root/direct-flow paths; speculative V03 roots do not create authority.
V03R00854,RETURN_CONTINUATION_CANDIDATE,CANDIDATE,9F:F68E:E0M1X1,REJECTED_CANDIDATE_ROOT,V04 admits only exact source-root/direct-flow paths; speculative V03 roots do not create authority.
V03R00855,RETURN_CONTINUATION_CANDIDATE,CANDIDATE,9F:F5FD:E0M0X0,REJECTED_CANDIDATE_ROOT,V04 admits only exact source-root/direct-flow paths; speculative V03 roots do not create authority.
V03R00856,RETURN_CONTINUATION_CANDIDATE,CANDIDATE,9F:F5B2:E0M1X1,REJECTED_CANDIDATE_ROOT,V04 admits only exact source-root/direct-flow paths; speculative V03 roots do not create authority.
V03R00857,RETURN_CONTINUATION_CANDIDATE,CANDIDATE,9F:F648:E0M0X0,REJECTED_CANDIDATE_ROOT,V04 admits only exact source-root/direct-flow paths; speculative V03 roots do not create authority.
V03R00858,RETURN_CONTINUATION_CANDIDATE,CANDIDATE,9F:F627:E0M0X0,REJECTED_CANDIDATE_ROOT,V04 admits only exact source-root/direct-flow paths; speculative V03 roots do not create authority.
V03R00859,RETURN_CONTINUATION_CANDIDATE,CANDIDATE,81:F779:E0M1X1,SUPERSEDED_BY_SOURCE_PROOF,V04 admits only exact source-root/direct-flow paths; speculative V03 roots do not create authority.
V03R00860,RETURN_CONTINUATION_CANDIDATE,CANDIDATE,81:F7E3:E0M1X1,SUPERSEDED_BY_SOURCE_PROOF,V04 admits only exact source-root/direct-flow paths; speculative V03 roots do not create authority.
V03R00861,RETURN_CONTINUATION_CANDIDATE,CANDIDATE,81:9024:E0M0X0,REJECTED_CANDIDATE_ROOT,V04 admits only exact source-root/direct-flow paths; speculative V03 roots do not create authority.
V03R00862,RETURN_CONTINUATION_CANDIDATE,CANDIDATE,81:BB1F:E0M1X1,REJECTED_CANDIDATE_ROOT,V04 admits only exact source-root/direct-flow paths; speculative V03 roots do not create authority.
V03R00863,RETURN_CONTINUATION_CANDIDATE,CANDIDATE,80:E373:E0M0X0,REJECTED_CANDIDATE_ROOT,V04 admits only exact source-root/direct-flow paths; speculative V03 roots do not create authority.
V03R00864,WIDTH_CANDIDATE,CANDIDATE,80:FB67:E0M0X0,REJECTED_CANDIDATE_ROOT,V04 admits only exact source-root/direct-flow paths; speculative V03 roots do not create authority.
V03R00865,WIDTH_CANDIDATE,CANDIDATE,80:FB67:E0M0X1,REJECTED_CANDIDATE_ROOT,V04 admits only exact source-root/direct-flow paths; speculative V03 roots do not create authority.
V03R00866,WIDTH_CANDIDATE,CANDIDATE,80:FB67:E0M1X0,REJECTED_CANDIDATE_ROOT,V04 admits only exact source-root/direct-flow paths; speculative V03 roots do not create authority.
V03R00867,WIDTH_CANDIDATE,CANDIDATE,80:FB67:E0M1X1,REJECTED_CANDIDATE_ROOT,V04 admits only exact source-root/direct-flow paths; speculative V03 roots do not create authority.
V03R00868,RETURN_CONTINUATION_CANDIDATE,CANDIDATE,80:93B9:E0M1X1,REJECTED_CANDIDATE_ROOT,V04 admits only exact source-root/direct-flow paths; speculative V03 roots do not create authority.
V03R00869,RETURN_CONTINUATION_CANDIDATE,CANDIDATE,80:BA53:E0M1X1,REJECTED_CANDIDATE_ROOT,V04 admits only exact source-root/direct-flow paths; speculative V03 roots do not create authority.
V03R00870,RETURN_CONTINUATION_CANDIDATE,CANDIDATE,81:F9B2:E0M1X1,REJECTED_CANDIDATE_ROOT,V04 admits only exact source-root/direct-flow paths; speculative V03 roots do not create authority.
V03R00871,RETURN_CONTINUATION_CANDIDATE,CANDIDATE,81:C809:E0M0X0,REJECTED_CANDIDATE_ROOT,V04 admits only exact source-root/direct-flow paths; speculative V03 roots do not create authority.
V03R00872,RETURN_CONTINUATION_CANDIDATE,CANDIDATE,9F:FA9C:E0M1X1,REJECTED_CANDIDATE_ROOT,V04 admits only exact source-root/direct-flow paths; speculative V03 roots do not create authority.
V03R00873,RETURN_CONTINUATION_CANDIDATE,CANDIDATE,9F:FADA:E0M1X1,REJECTED_CANDIDATE_ROOT,V04 admits only exact source-root/direct-flow paths; speculative V03 roots do not create authority.
V03R00874,RETURN_CONTINUATION_CANDIDATE,CANDIDATE,9F:FAD2:E0M1X1,REJECTED_CANDIDATE_ROOT,V04 admits only exact source-root/direct-flow paths; speculative V03 roots do not create authority.
V03R00875,RETURN_CONTINUATION_CANDIDATE,CANDIDATE,81:9CB4:E0M1X1,REJECTED_CANDIDATE_ROOT,V04 admits only exact source-root/direct-flow paths; speculative V03 roots do not create authority.
V03R00876,RETURN_CONTINUATION_CANDIDATE,CANDIDATE,9F:F692:E0M1X1,REJECTED_CANDIDATE_ROOT,V04 admits only exact source-root/direct-flow paths; speculative V03 roots do not create authority.
V03R00877,RETURN_CONTINUATION_CANDIDATE,CANDIDATE,9F:F5CB:E0M0X0,REJECTED_CANDIDATE_ROOT,V04 admits only exact source-root/direct-flow paths; speculative V03 roots do not create authority.
V03R00878,RETURN_CONTINUATION_CANDIDATE,CANDIDATE,9F:FD32:E0M0X0,REJECTED_CANDIDATE_ROOT,V04 admits only exact source-root/direct-flow paths; speculative V03 roots do not create authority.
V03R00879,RETURN_CONTINUATION_CANDIDATE,CANDIDATE,81:9027:E0M0X0,REJECTED_CANDIDATE_ROOT,V04 admits only exact source-root/direct-flow paths; speculative V03 roots do not create authority.
V03R00880,RETURN_CONTINUATION_CANDIDATE,CANDIDATE,81:DD5F:E0M0X0,REJECTED_CANDIDATE_ROOT,V04 admits only exact source-root/direct-flow paths; speculative V03 roots do not create authority.
V03R00881,RETURN_CONTINUATION_CANDIDATE,CANDIDATE,80:94D0:E0M0X0,REJECTED_CANDIDATE_ROOT,V04 admits only exact source-root/direct-flow paths; speculative V03 roots do not create authority.
V03R00882,RETURN_CONTINUATION_CANDIDATE,CANDIDATE,80:C8F1:E0M1X1,REJECTED_CANDIDATE_ROOT,V04 admits only exact source-root/direct-flow paths; speculative V03 roots do not create authority.
V03R00883,RETURN_CONTINUATION_CANDIDATE,CANDIDATE,80:CAD4:E0M0X0,REJECTED_CANDIDATE_ROOT,V04 admits only exact source-root/direct-flow paths; speculative V03 roots do not create authority.
V03R00884,RETURN_CONTINUATION_CANDIDATE,CANDIDATE,80:D1C5:E0M0X0,REJECTED_CANDIDATE_ROOT,V04 admits only exact source-root/direct-flow paths; speculative V03 roots do not create authority.
V03R00885,RETURN_CONTINUATION_CANDIDATE,CANDIDATE,80:BA56:E0M1X1,REJECTED_CANDIDATE_ROOT,V04 admits only exact source-root/direct-flow paths; speculative V03 roots do not create authority.
V03R00886,RETURN_CONTINUATION_CANDIDATE,CANDIDATE,81:9D3A:E0M1X1,REJECTED_CANDIDATE_ROOT,V04 admits only exact source-root/direct-flow paths; speculative V03 roots do not create authority.
V03R00887,RETURN_CONTINUATION_CANDIDATE,CANDIDATE,81:9C89:E0M1X1,REJECTED_CANDIDATE_ROOT,V04 admits only exact source-root/direct-flow paths; speculative V03 roots do not create authority.
V03R00888,RETURN_CONTINUATION_CANDIDATE,CANDIDATE,92:F090:E0M0X0,REJECTED_CANDIDATE_ROOT,V04 admits only exact source-root/direct-flow paths; speculative V03 roots do not create authority.
V03R00889,RETURN_CONTINUATION_CANDIDATE,CANDIDATE,9F:F603:E0M0X0,REJECTED_CANDIDATE_ROOT,V04 admits only exact source-root/direct-flow paths; speculative V03 roots do not create authority.
V03R00890,RETURN_CONTINUATION_CANDIDATE,CANDIDATE,9F:F5CF:E0M0X0,REJECTED_CANDIDATE_ROOT,V04 admits only exact source-root/direct-flow paths; speculative V03 roots do not create authority.
V03R00891,RETURN_CONTINUATION_CANDIDATE,CANDIDATE,9F:F64E:E0M0X0,REJECTED_CANDIDATE_ROOT,V04 admits only exact source-root/direct-flow paths; speculative V03 roots do not create authority.
V03R00892,RETURN_CONTINUATION_CANDIDATE,CANDIDATE,9F:F62D:E0M0X0,REJECTED_CANDIDATE_ROOT,V04 admits only exact source-root/direct-flow paths; speculative V03 roots do not create authority.
V03R00893,WIDTH_CANDIDATE,CANDIDATE,92:EEF9:E0M0X0,REJECTED_CANDIDATE_ROOT,V04 admits only exact source-root/direct-flow paths; speculative V03 roots do not create authority.
V03R00894,WIDTH_CANDIDATE,CANDIDATE,92:EEF9:E0M0X1,REJECTED_CANDIDATE_ROOT,V04 admits only exact source-root/direct-flow paths; speculative V03 roots do not create authority.
V03R00895,WIDTH_CANDIDATE,CANDIDATE,92:EEF9:E0M1X0,REJECTED_CANDIDATE_ROOT,V04 admits only exact source-root/direct-flow paths; speculative V03 roots do not create authority.
V03R00896,WIDTH_CANDIDATE,CANDIDATE,92:EEF9:E0M1X1,REJECTED_CANDIDATE_ROOT,V04 admits only exact source-root/direct-flow paths; speculative V03 roots do not create authority.
V03R00897,RETURN_CONTINUATION_CANDIDATE,CANDIDATE,81:902A:E0M0X0,REJECTED_CANDIDATE_ROOT,V04 admits only exact source-root/direct-flow paths; speculative V03 roots do not create authority.
V03R00898,RETURN_CONTINUATION_CANDIDATE,CANDIDATE,80:93C4:E0M1X1,REJECTED_CANDIDATE_ROOT,V04 admits only exact source-root/direct-flow paths; speculative V03 roots do not create authority.
V03R00899,RETURN_CONTINUATION_CANDIDATE,CANDIDATE,80:B35B:E0M1X1,REJECTED_CANDIDATE_ROOT,V04 admits only exact source-root/direct-flow paths; speculative V03 roots do not create authority.
V03R00900,RETURN_CONTINUATION_CANDIDATE,CANDIDATE,80:BA59:E0M1X1,REJECTED_CANDIDATE_ROOT,V04 admits only exact source-root/direct-flow paths; speculative V03 roots do not create authority.
V03R00901,RETURN_CONTINUATION_CANDIDATE,CANDIDATE,81:C837:E0M0X0,REJECTED_CANDIDATE_ROOT,V04 admits only exact source-root/direct-flow paths; speculative V03 roots do not create authority.
V03R00902,RETURN_CONTINUATION_CANDIDATE,CANDIDATE,81:C7FA:E0M0X0,REJECTED_CANDIDATE_ROOT,V04 admits only exact source-root/direct-flow paths; speculative V03 roots do not create authority.
V03R00903,RETURN_CONTINUATION_CANDIDATE,CANDIDATE,9F:FAA2:E0M1X1,REJECTED_CANDIDATE_ROOT,V04 admits only exact source-root/direct-flow paths; speculative V03 roots do not create authority.
V03R00904,RETURN_CONTINUATION_CANDIDATE,CANDIDATE,9F:FAE0:E0M1X1,REJECTED_CANDIDATE_ROOT,V04 admits only exact source-root/direct-flow paths; speculative V03 roots do not create authority.
V03R00905,RETURN_CONTINUATION_CANDIDATE,CANDIDATE,9F:F6FE:E0M1X1,REJECTED_CANDIDATE_ROOT,V04 admits only exact source-root/direct-flow paths; speculative V03 roots do not create authority.
V03R00906,RETURN_CONTINUATION_CANDIDATE,CANDIDATE,9F:FD38:E0M0X0,REJECTED_CANDIDATE_ROOT,V04 admits only exact source-root/direct-flow paths; speculative V03 roots do not create authority.
V03R00907,RETURN_CONTINUATION_CANDIDATE,CANDIDATE,81:DCE3:E0M0X0,REJECTED_CANDIDATE_ROOT,V04 admits only exact source-root/direct-flow paths; speculative V03 roots do not create authority.
V03R00908,RETURN_CONTINUATION_CANDIDATE,CANDIDATE,81:B04D:E0M1X1,REJECTED_CANDIDATE_ROOT,V04 admits only exact source-root/direct-flow paths; speculative V03 roots do not create authority.
V03R00909,RETURN_CONTINUATION_CANDIDATE,CANDIDATE,81:B042:E0M1X1,REJECTED_CANDIDATE_ROOT,V04 admits only exact source-root/direct-flow paths; speculative V03 roots do not create authority.
V03R00910,RETURN_CONTINUATION_CANDIDATE,CANDIDATE,80:9551:E0M0X0,REJECTED_CANDIDATE_ROOT,V04 admits only exact source-root/direct-flow paths; speculative V03 roots do not create authority.
V03R00911,RETURN_CONTINUATION_CANDIDATE,CANDIDATE,80:BA5D:E0M1X1,REJECTED_CANDIDATE_ROOT,V04 admits only exact source-root/direct-flow paths; speculative V03 roots do not create authority.
V03R00912,RETURN_CONTINUATION_CANDIDATE,CANDIDATE,81:CFA7:E0M0X0,REJECTED_CANDIDATE_ROOT,V04 admits only exact source-root/direct-flow paths; speculative V03 roots do not create authority.
V03R00913,WIDTH_CANDIDATE,CANDIDATE,81:9C8B:E0M0X0,REJECTED_CANDIDATE_ROOT,V04 admits only exact source-root/direct-flow paths; speculative V03 roots do not create authority.
V03R00914,WIDTH_CANDIDATE,CANDIDATE,81:9C8B:E0M0X1,REJECTED_CANDIDATE_ROOT,V04 admits only exact source-root/direct-flow paths; speculative V03 roots do not create authority.
V03R00915,WIDTH_CANDIDATE,CANDIDATE,81:9C8B:E0M1X0,REJECTED_CANDIDATE_ROOT,V04 admits only exact source-root/direct-flow paths; speculative V03 roots do not create authority.
V03R00916,WIDTH_CANDIDATE,CANDIDATE,81:9C8B:E0M1X1,REJECTED_CANDIDATE_ROOT,V04 admits only exact source-root/direct-flow paths; speculative V03 roots do not create authority.
V03R00917,RETURN_CONTINUATION_CANDIDATE,CANDIDATE,9F:F69A:E0M0X0,REJECTED_CANDIDATE_ROOT,V04 admits only exact source-root/direct-flow paths; speculative V03 roots do not create authority.
V03R00918,RETURN_CONTINUATION_CANDIDATE,CANDIDATE,9F:F607:E0M0X0,REJECTED_CANDIDATE_ROOT,V04 admits only exact source-root/direct-flow paths; speculative V03 roots do not create authority.
V03R00919,RETURN_CONTINUATION_CANDIDATE,CANDIDATE,9F:F5D5:E0M0X0,REJECTED_CANDIDATE_ROOT,V04 admits only exact source-root/direct-flow paths; speculative V03 roots do not create authority.
V03R00920,RETURN_CONTINUATION_CANDIDATE,CANDIDATE,81:CF62:E0M1X1,REJECTED_CANDIDATE_ROOT,V04 admits only exact source-root/direct-flow paths; speculative V03 roots do not create authority.
V03R00921,RETURN_CONTINUATION_CANDIDATE,CANDIDATE,9F:F702:E0M1X1,REJECTED_CANDIDATE_ROOT,V04 admits only exact source-root/direct-flow paths; speculative V03 roots do not create authority.
V03R00922,RETURN_CONTINUATION_CANDIDATE,CANDIDATE,9F:F654:E0M0X0,REJECTED_CANDIDATE_ROOT,V04 admits only exact source-root/direct-flow paths; speculative V03 roots do not create authority.
V03R00923,RETURN_CONTINUATION_CANDIDATE,CANDIDATE,9F:F633:E0M0X0,REJECTED_CANDIDATE_ROOT,V04 admits only exact source-root/direct-flow paths; speculative V03 roots do not create authority.
V03R00924,RETURN_CONTINUATION_CANDIDATE,CANDIDATE,81:DCE6:E0M0X0,REJECTED_CANDIDATE_ROOT,V04 admits only exact source-root/direct-flow paths; speculative V03 roots do not create authority.
V03R00925,RETURN_CONTINUATION_CANDIDATE,CANDIDATE,80:8BA7:E0M1X1,REJECTED_CANDIDATE_ROOT,V04 admits only exact source-root/direct-flow paths; speculative V03 roots do not create authority.
V03R00926,RETURN_CONTINUATION_CANDIDATE,CANDIDATE,80:955F:E0M0X0,REJECTED_CANDIDATE_ROOT,V04 admits only exact source-root/direct-flow paths; speculative V03 roots do not create authority.
V03R00927,RETURN_CONTINUATION_CANDIDATE,CANDIDATE,80:93EA:E0M0X0,REJECTED_CANDIDATE_ROOT,V04 admits only exact source-root/direct-flow paths; speculative V03 roots do not create authority.
V03R00928,RETURN_CONTINUATION_CANDIDATE,CANDIDATE,80:B35F:E0M1X1,REJECTED_CANDIDATE_ROOT,V04 admits only exact source-root/direct-flow paths; speculative V03 roots do not create authority.
V03R00929,RETURN_CONTINUATION_CANDIDATE,CANDIDATE,80:BA60:E0M1X1,REJECTED_CANDIDATE_ROOT,V04 admits only exact source-root/direct-flow paths; speculative V03 roots do not create authority.
V03R00930,RETURN_CONTINUATION_CANDIDATE,CANDIDATE,80:FBAB:E0M1X1,REJECTED_CANDIDATE_ROOT,V04 admits only exact source-root/direct-flow paths; speculative V03 roots do not create authority.
V03R00931,RETURN_CONTINUATION_CANDIDATE,CANDIDATE,81:F97A:E0M1X1,REJECTED_CANDIDATE_ROOT,V04 admits only exact source-root/direct-flow paths; speculative V03 roots do not create authority.
V03R00932,RETURN_CONTINUATION_CANDIDATE,CANDIDATE,81:C83C:E0M1X1,REJECTED_CANDIDATE_ROOT,V04 admits only exact source-root/direct-flow paths; speculative V03 roots do not create authority.
V03R00933,RETURN_CONTINUATION_CANDIDATE,CANDIDATE,81:9C44:E0M1X1,REJECTED_CANDIDATE_ROOT,V04 admits only exact source-root/direct-flow paths; speculative V03 roots do not create authority.
V03R00934,RETURN_CONTINUATION_CANDIDATE,CANDIDATE,81:A02B:E0M1X1,REJECTED_CANDIDATE_ROOT,V04 admits only exact source-root/direct-flow paths; speculative V03 roots do not create authority.
V03R00935,RETURN_CONTINUATION_CANDIDATE,CANDIDATE,9F:FAE6:E0M1X1,REJECTED_CANDIDATE_ROOT,V04 admits only exact source-root/direct-flow paths; speculative V03 roots do not create authority.
V03R00936,RETURN_CONTINUATION_CANDIDATE,CANDIDATE,92:F09E:E0M0X0,REJECTED_CANDIDATE_ROOT,V04 admits only exact source-root/direct-flow paths; speculative V03 roots do not create authority.
V03R00937,RETURN_CONTINUATION_CANDIDATE,CANDIDATE,9F:F5D9:E0M0X0,REJECTED_CANDIDATE_ROOT,V04 admits only exact source-root/direct-flow paths; speculative V03 roots do not create authority.
V03R00938,RETURN_CONTINUATION_CANDIDATE,CANDIDATE,9F:F706:E0M1X1,REJECTED_CANDIDATE_ROOT,V04 admits only exact source-root/direct-flow paths; speculative V03 roots do not create authority.
V03R00939,RETURN_CONTINUATION_CANDIDATE,CANDIDATE,81:DE7E:E0M0X0,REJECTED_CANDIDATE_ROOT,V04 admits only exact source-root/direct-flow paths; speculative V03 roots do not create authority.
V03R00940,RETURN_CONTINUATION_CANDIDATE,CANDIDATE,81:9068:E0M0X0,REJECTED_CANDIDATE_ROOT,V04 admits only exact source-root/direct-flow paths; speculative V03 roots do not create authority.
V03R00941,RETURN_CONTINUATION_CANDIDATE,CANDIDATE,81:BFA1:E0M0X0,REJECTED_CANDIDATE_ROOT,V04 admits only exact source-root/direct-flow paths; speculative V03 roots do not create authority.
V03R00942,RETURN_CONTINUATION_CANDIDATE,CANDIDATE,80:D641:E0M1X1,REJECTED_CANDIDATE_ROOT,V04 admits only exact source-root/direct-flow paths; speculative V03 roots do not create authority.
V03R00943,RETURN_CONTINUATION_CANDIDATE,CANDIDATE,80:9454:E0M0X0,REJECTED_CANDIDATE_ROOT,V04 admits only exact source-root/direct-flow paths; speculative V03 roots do not create authority.
V03R00944,RETURN_CONTINUATION_CANDIDATE,CANDIDATE,81:DE71:E0M0X0,REJECTED_CANDIDATE_ROOT,V04 admits only exact source-root/direct-flow paths; speculative V03 roots do not create authority.
V03R00945,RETURN_CONTINUATION_CANDIDATE,CANDIDATE,81:DE56:E0M0X0,REJECTED_CANDIDATE_ROOT,V04 admits only exact source-root/direct-flow paths; speculative V03 roots do not create authority.
V03R00946,RETURN_CONTINUATION_CANDIDATE,CANDIDATE,80:C8F9:E0M1X1,REJECTED_CANDIDATE_ROOT,V04 admits only exact source-root/direct-flow paths; speculative V03 roots do not create authority.
V03R00947,RETURN_CONTINUATION_CANDIDATE,CANDIDATE,80:BA63:E0M1X1,REJECTED_CANDIDATE_ROOT,V04 admits only exact source-root/direct-flow paths; speculative V03 roots do not create authority.
V03R00948,RETURN_CONTINUATION_CANDIDATE,CANDIDATE,81:F97E:E0M1X1,REJECTED_CANDIDATE_ROOT,V04 admits only exact source-root/direct-flow paths; speculative V03 roots do not create authority.
V03R00949,RETURN_CONTINUATION_CANDIDATE,CANDIDATE,9F:F90E:E0M0X0,REJECTED_CANDIDATE_ROOT,V04 admits only exact source-root/direct-flow paths; speculative V03 roots do not create authority.
V03R00950,RETURN_CONTINUATION_CANDIDATE,CANDIDATE,92:F0E3:E0M1X1,REJECTED_CANDIDATE_ROOT,V04 admits only exact source-root/direct-flow paths; speculative V03 roots do not create authority.
V03R00951,RETURN_CONTINUATION_CANDIDATE,CANDIDATE,9F:F60D:E0M1X1,REJECTED_CANDIDATE_ROOT,V04 admits only exact source-root/direct-flow paths; speculative V03 roots do not create authority.
V03R00952,RETURN_CONTINUATION_CANDIDATE,CANDIDATE,9F:F70A:E0M1X1,REJECTED_CANDIDATE_ROOT,V04 admits only exact source-root/direct-flow paths; speculative V03 roots do not create authority.
V03R00953,RETURN_CONTINUATION_CANDIDATE,CANDIDATE,9F:F65A:E0M0X0,REJECTED_CANDIDATE_ROOT,V04 admits only exact source-root/direct-flow paths; speculative V03 roots do not create authority.
V03R00954,RETURN_CONTINUATION_CANDIDATE,CANDIDATE,9F:F639:E0M1X1,REJECTED_CANDIDATE_ROOT,V04 admits only exact source-root/direct-flow paths; speculative V03 roots do not create authority.
V03R00955,RETURN_CONTINUATION_CANDIDATE,CANDIDATE,81:9036:E0M0X0,REJECTED_CANDIDATE_ROOT,V04 admits only exact source-root/direct-flow paths; speculative V03 roots do not create authority.
V03R00956,RETURN_CONTINUATION_CANDIDATE,CANDIDATE,80:E384:E0M0X0,REJECTED_CANDIDATE_ROOT,V04 admits only exact source-root/direct-flow paths; speculative V03 roots do not create authority.
V03R00957,RETURN_CONTINUATION_CANDIDATE,CANDIDATE,80:94E7:E0M0X0,REJECTED_CANDIDATE_ROOT,V04 admits only exact source-root/direct-flow paths; speculative V03 roots do not create authority.
V03R00958,RETURN_CONTINUATION_CANDIDATE,CANDIDATE,92:FB50:E0M1X1,REJECTED_CANDIDATE_ROOT,V04 admits only exact source-root/direct-flow paths; speculative V03 roots do not create authority.
V03R00959,RETURN_CONTINUATION_CANDIDATE,CANDIDATE,80:B363:E0M1X1,REJECTED_CANDIDATE_ROOT,V04 admits only exact source-root/direct-flow paths; speculative V03 roots do not create authority.
V03R00960,RETURN_CONTINUATION_CANDIDATE,CANDIDATE,81:DD43:E0M0X0,REJECTED_CANDIDATE_ROOT,V04 admits only exact source-root/direct-flow paths; speculative V03 roots do not create authority.
V03R00961,RETURN_CONTINUATION_CANDIDATE,CANDIDATE,81:CFB1:E0M0X0,REJECTED_CANDIDATE_ROOT,V04 admits only exact source-root/direct-flow paths; speculative V03 roots do not create authority.
V03R00962,RETURN_CONTINUATION_CANDIDATE,CANDIDATE,81:9DAF:E0M1X1,REJECTED_CANDIDATE_ROOT,V04 admits only exact source-root/direct-flow paths; speculative V03 roots do not create authority.
V03R00963,RETURN_CONTINUATION_CANDIDATE,CANDIDATE,9F:F911:E0M0X0,REJECTED_CANDIDATE_ROOT,V04 admits only exact source-root/direct-flow paths; speculative V03 roots do not create authority.
V03R00964,RETURN_CONTINUATION_CANDIDATE,CANDIDATE,9F:F5DF:E0M0X0,REJECTED_CANDIDATE_ROOT,V04 admits only exact source-root/direct-flow paths; speculative V03 roots do not create authority.
V03R00965,RETURN_CONTINUATION_CANDIDATE,CANDIDATE,9F:F70D:E0M1X1,REJECTED_CANDIDATE_ROOT,V04 admits only exact source-root/direct-flow paths; speculative V03 roots do not create authority.
V03R00966,RETURN_CONTINUATION_CANDIDATE,CANDIDATE,9F:FD45:E0M0X0,REJECTED_CANDIDATE_ROOT,V04 admits only exact source-root/direct-flow paths; speculative V03 roots do not create authority.
V03R00967,RETURN_CONTINUATION_CANDIDATE,CANDIDATE,81:904D:E0M0X0,REJECTED_CANDIDATE_ROOT,V04 admits only exact source-root/direct-flow paths; speculative V03 roots do not create authority.
V03R00968,RETURN_CONTINUATION_CANDIDATE,CANDIDATE,81:BB62:E0M1X1,REJECTED_CANDIDATE_ROOT,V04 admits only exact source-root/direct-flow paths; speculative V03 roots do not create authority.
V03R00969,RETURN_CONTINUATION_CANDIDATE,CANDIDATE,81:B217:E0M0X0,REJECTED_CANDIDATE_ROOT,V04 admits only exact source-root/direct-flow paths; speculative V03 roots do not create authority.
V03R00970,RETURN_CONTINUATION_CANDIDATE,CANDIDATE,81:DCED:E0M0X0,REJECTED_CANDIDATE_ROOT,V04 admits only exact source-root/direct-flow paths; speculative V03 roots do not create authority.
V03R00971,RETURN_CONTINUATION_CANDIDATE,CANDIDATE,80:CEDE:E0M1X1,REJECTED_CANDIDATE_ROOT,V04 admits only exact source-root/direct-flow paths; speculative V03 roots do not create authority.
V03R00972,RETURN_CONTINUATION_CANDIDATE,CANDIDATE,92:FB53:E0M1X1,REJECTED_CANDIDATE_ROOT,V04 admits only exact source-root/direct-flow paths; speculative V03 roots do not create authority.
V03R00973,WIDTH_CANDIDATE,CANDIDATE,80:FCED:E0M0X0,REJECTED_CANDIDATE_ROOT,V04 admits only exact source-root/direct-flow paths; speculative V03 roots do not create authority.
V03R00974,WIDTH_CANDIDATE,CANDIDATE,80:FCED:E0M0X1,REJECTED_CANDIDATE_ROOT,V04 admits only exact source-root/direct-flow paths; speculative V03 roots do not create authority.
V03R00975,WIDTH_CANDIDATE,CANDIDATE,80:FCED:E0M1X0,REJECTED_CANDIDATE_ROOT,V04 admits only exact source-root/direct-flow paths; speculative V03 roots do not create authority.
V03R00976,WIDTH_CANDIDATE,CANDIDATE,80:FCED:E0M1X1,REJECTED_CANDIDATE_ROOT,V04 admits only exact source-root/direct-flow paths; speculative V03 roots do not create authority.
V03R00977,RETURN_CONTINUATION_CANDIDATE,CANDIDATE,80:BA69:E0M0X0,REJECTED_CANDIDATE_ROOT,V04 admits only exact source-root/direct-flow paths; speculative V03 roots do not create authority.
V03R00978,RETURN_CONTINUATION_CANDIDATE,CANDIDATE,81:C81C:E0M0X0,REJECTED_CANDIDATE_ROOT,V04 admits only exact source-root/direct-flow paths; speculative V03 roots do not create authority.
V03R00979,RETURN_CONTINUATION_CANDIDATE,CANDIDATE,9F:F736:E0M0X0,REJECTED_CANDIDATE_ROOT,V04 admits only exact source-root/direct-flow paths; speculative V03 roots do not create authority.
V03R00980,RETURN_CONTINUATION_CANDIDATE,CANDIDATE,9F:F6C0:E0M0X0,REJECTED_CANDIDATE_ROOT,V04 admits only exact source-root/direct-flow paths; speculative V03 roots do not create authority.
V03R00981,RETURN_CONTINUATION_CANDIDATE,CANDIDATE,92:F0E9:E0M1X1,REJECTED_CANDIDATE_ROOT,V04 admits only exact source-root/direct-flow paths; speculative V03 roots do not create authority.
V03R00982,RETURN_CONTINUATION_CANDIDATE,CANDIDATE,92:F0AC:E0M0X0,REJECTED_CANDIDATE_ROOT,V04 admits only exact source-root/direct-flow paths; speculative V03 roots do not create authority.
V03R00983,RETURN_CONTINUATION_CANDIDATE,CANDIDATE,9F:F5E3:E0M0X0,REJECTED_CANDIDATE_ROOT,V04 admits only exact source-root/direct-flow paths; speculative V03 roots do not create authority.
V03R00984,RETURN_CONTINUATION_CANDIDATE,CANDIDATE,9F:F711:E0M1X1,REJECTED_CANDIDATE_ROOT,V04 admits only exact source-root/direct-flow paths; speculative V03 roots do not create authority.
V03R00985,RETURN_CONTINUATION_CANDIDATE,CANDIDATE,9F:F660:E0M0X0,REJECTED_CANDIDATE_ROOT,V04 admits only exact source-root/direct-flow paths; speculative V03 roots do not create authority.
V03R00986,RETURN_CONTINUATION_CANDIDATE,CANDIDATE,81:BFA9:E0M0X0,REJECTED_CANDIDATE_ROOT,V04 admits only exact source-root/direct-flow paths; speculative V03 roots do not create authority.
V03R00987,RETURN_CONTINUATION_CANDIDATE,CANDIDATE,80:B1EA:E0M1X1,REJECTED_CANDIDATE_ROOT,V04 admits only exact source-root/direct-flow paths; speculative V03 roots do not create authority.
V03R00988,RETURN_CONTINUATION_CANDIDATE,CANDIDATE,80:9917:E0M1X1,REJECTED_CANDIDATE_ROOT,V04 admits only exact source-root/direct-flow paths; speculative V03 roots do not create authority.
V03R00989,RETURN_CONTINUATION_CANDIDATE,CANDIDATE,92:FB56:E0M1X1,REJECTED_CANDIDATE_ROOT,V04 admits only exact source-root/direct-flow paths; speculative V03 roots do not create authority.
V03R00990,RETURN_CONTINUATION_CANDIDATE,CANDIDATE,80:B367:E0M1X1,REJECTED_CANDIDATE_ROOT,V04 admits only exact source-root/direct-flow paths; speculative V03 roots do not create authority.
V03R00991,RETURN_CONTINUATION_CANDIDATE,CANDIDATE,81:F987:E0M1X1,REJECTED_CANDIDATE_ROOT,V04 admits only exact source-root/direct-flow paths; speculative V03 roots do not create authority.
V03R00992,RETURN_CONTINUATION_CANDIDATE,CANDIDATE,81:C834:E0M0X0,REJECTED_CANDIDATE_ROOT,V04 admits only exact source-root/direct-flow paths; speculative V03 roots do not create authority.
V03R00993,RETURN_CONTINUATION_CANDIDATE,CANDIDATE,81:CFB8:E0M0X0,REJECTED_CANDIDATE_ROOT,V04 admits only exact source-root/direct-flow paths; speculative V03 roots do not create authority.
V03R00994,RETURN_CONTINUATION_CANDIDATE,CANDIDATE,9F:F6C3:E0M0X0,REJECTED_CANDIDATE_ROOT,V04 admits only exact source-root/direct-flow paths; speculative V03 roots do not create authority.
V03R00995,RETURN_CONTINUATION_CANDIDATE,CANDIDATE,80:84BA:E0M1X0,SUPERSEDED_BY_SOURCE_PROOF,V04 admits only exact source-root/direct-flow paths; speculative V03 roots do not create authority.
V03R00996,RETURN_CONTINUATION_CANDIDATE,CANDIDATE,81:9096:E0M0X0,REJECTED_CANDIDATE_ROOT,V04 admits only exact source-root/direct-flow paths; speculative V03 roots do not create authority.
V03R00997,RETURN_CONTINUATION_CANDIDATE,CANDIDATE,81:BD1F:E0M0X0,REJECTED_CANDIDATE_ROOT,V04 admits only exact source-root/direct-flow paths; speculative V03 roots do not create authority.
V03R00998,RETURN_CONTINUATION_CANDIDATE,CANDIDATE,81:BB7F:E0M1X1,REJECTED_CANDIDATE_ROOT,V04 admits only exact source-root/direct-flow paths; speculative V03 roots do not create authority.
V03R00999,RETURN_CONTINUATION_CANDIDATE,CANDIDATE,80:E38B:E0M0X0,REJECTED_CANDIDATE_ROOT,V04 admits only exact source-root/direct-flow paths; speculative V03 roots do not create authority.
V03R01000,RETURN_CONTINUATION_CANDIDATE,CANDIDATE,80:990E:E0M0X0,REJECTED_CANDIDATE_ROOT,V04 admits only exact source-root/direct-flow paths; speculative V03 roots do not create authority.
V03R01001,RETURN_CONTINUATION_CANDIDATE,CANDIDATE,80:CEE3:E0M1X1,REJECTED_CANDIDATE_ROOT,V04 admits only exact source-root/direct-flow paths; speculative V03 roots do not create authority.
V03R01002,RETURN_CONTINUATION_CANDIDATE,CANDIDATE,80:C901:E0M1X1,REJECTED_CANDIDATE_ROOT,V04 admits only exact source-root/direct-flow paths; speculative V03 roots do not create authority.
V03R01003,RETURN_CONTINUATION_CANDIDATE,CANDIDATE,92:FB59:E0M1X1,REJECTED_CANDIDATE_ROOT,V04 admits only exact source-root/direct-flow paths; speculative V03 roots do not create authority.
V03R01004,RETURN_CONTINUATION_CANDIDATE,CANDIDATE,80:BA6E:E0M1X1,REJECTED_CANDIDATE_ROOT,V04 admits only exact source-root/direct-flow paths; speculative V03 roots do not create authority.
V03R01005,RETURN_CONTINUATION_CANDIDATE,CANDIDATE,9F:FAF5:E0M0X0,REJECTED_CANDIDATE_ROOT,V04 admits only exact source-root/direct-flow paths; speculative V03 roots do not create authority.
V03R01006,RETURN_CONTINUATION_CANDIDATE,CANDIDATE,80:946B:E0M0X0,REJECTED_CANDIDATE_ROOT,V04 admits only exact source-root/direct-flow paths; speculative V03 roots do not create authority.
V03R01007,RETURN_CONTINUATION_CANDIDATE,CANDIDATE,80:91C7:E0M1X1,REJECTED_CANDIDATE_ROOT,V04 admits only exact source-root/direct-flow paths; speculative V03 roots do not create authority.
V03R01008,RETURN_CONTINUATION_CANDIDATE,CANDIDATE,80:B513:E0M1X1,REJECTED_CANDIDATE_ROOT,V04 admits only exact source-root/direct-flow paths; speculative V03 roots do not create authority.
V03R01009,RETURN_CONTINUATION_CANDIDATE,CANDIDATE,81:DDBC:E0M0X0,REJECTED_CANDIDATE_ROOT,V04 admits only exact source-root/direct-flow paths; speculative V03 roots do not create authority.
V03R01010,RETURN_CONTINUATION_CANDIDATE,CANDIDATE,81:CFBE:E0M0X0,REJECTED_CANDIDATE_ROOT,V04 admits only exact source-root/direct-flow paths; speculative V03 roots do not create authority.
V03R01011,RETURN_CONTINUATION_CANDIDATE,CANDIDATE,92:F0BA:E0M0X0,REJECTED_CANDIDATE_ROOT,V04 admits only exact source-root/direct-flow paths; speculative V03 roots do not create authority.
V03R01012,RETURN_CONTINUATION_CANDIDATE,CANDIDATE,81:BFB1:E0M0X0,REJECTED_CANDIDATE_ROOT,V04 admits only exact source-root/direct-flow paths; speculative V03 roots do not create authority.
V03R01013,RETURN_CONTINUATION_CANDIDATE,CANDIDATE,81:B223:E0M0X0,REJECTED_CANDIDATE_ROOT,V04 admits only exact source-root/direct-flow paths; speculative V03 roots do not create authority.
V03R01014,RETURN_CONTINUATION_CANDIDATE,CANDIDATE,80:93FA:E0M0X0,REJECTED_CANDIDATE_ROOT,V04 admits only exact source-root/direct-flow paths; speculative V03 roots do not create authority.
V03R01015,RETURN_CONTINUATION_CANDIDATE,CANDIDATE,80:CEE8:E0M1X1,REJECTED_CANDIDATE_ROOT,V04 admits only exact source-root/direct-flow paths; speculative V03 roots do not create authority.
V03R01016,RETURN_CONTINUATION_CANDIDATE,CANDIDATE,80:B36E:E0M1X1,REJECTED_CANDIDATE_ROOT,V04 admits only exact source-root/direct-flow paths; speculative V03 roots do not create authority.
V03R01017,RETURN_CONTINUATION_CANDIDATE,CANDIDATE,81:C828:E0M0X0,REJECTED_CANDIDATE_ROOT,V04 admits only exact source-root/direct-flow paths; speculative V03 roots do not create authority.
V03R01018,RETURN_CONTINUATION_CANDIDATE,CANDIDATE,81:CAD0:E0M0X0,REJECTED_CANDIDATE_ROOT,V04 admits only exact source-root/direct-flow paths; speculative V03 roots do not create authority.
V03R01019,RETURN_CONTINUATION_CANDIDATE,CANDIDATE,81:CAB6:E0M0X0,REJECTED_CANDIDATE_ROOT,V04 admits only exact source-root/direct-flow paths; speculative V03 roots do not create authority.
V03R01020,RETURN_CONTINUATION_CANDIDATE,CANDIDATE,9F:F743:E0M0X0,REJECTED_CANDIDATE_ROOT,V04 admits only exact source-root/direct-flow paths; speculative V03 roots do not create authority.
V03R01021,RETURN_CONTINUATION_CANDIDATE,CANDIDATE,9F:F7C6:E0M0X0,REJECTED_CANDIDATE_ROOT,V04 admits only exact source-root/direct-flow paths; speculative V03 roots do not create authority.
V03R01022,RETURN_CONTINUATION_CANDIDATE,CANDIDATE,81:BB41:E0M1X1,REJECTED_CANDIDATE_ROOT,V04 admits only exact source-root/direct-flow paths; speculative V03 roots do not create authority.
V03R01023,RETURN_CONTINUATION_CANDIDATE,CANDIDATE,80:93FD:E0M0X0,REJECTED_CANDIDATE_ROOT,V04 admits only exact source-root/direct-flow paths; speculative V03 roots do not create authority.
V03R01024,RETURN_CONTINUATION_CANDIDATE,CANDIDATE,81:C3EB:E0M1X1,REJECTED_CANDIDATE_ROOT,V04 admits only exact source-root/direct-flow paths; speculative V03 roots do not create authority.
V03R01025,RETURN_CONTINUATION_CANDIDATE,CANDIDATE,80:FCE5:E0M0X0,REJECTED_CANDIDATE_ROOT,V04 admits only exact source-root/direct-flow paths; speculative V03 roots do not create authority.
V03R01026,RETURN_CONTINUATION_CANDIDATE,CANDIDATE,80:BA77:E0M1X1,REJECTED_CANDIDATE_ROOT,V04 admits only exact source-root/direct-flow paths; speculative V03 roots do not create authority.
V03R01027,RETURN_CONTINUATION_CANDIDATE,CANDIDATE,81:CAEF:E0M0X0,REJECTED_CANDIDATE_ROOT,V04 admits only exact source-root/direct-flow paths; speculative V03 roots do not create authority.
V03R01028,RETURN_CONTINUATION_CANDIDATE,CANDIDATE,81:CFC4:E0M0X0,REJECTED_CANDIDATE_ROOT,V04 admits only exact source-root/direct-flow paths; speculative V03 roots do not create authority.
V03R01029,RETURN_CONTINUATION_CANDIDATE,CANDIDATE,9F:F7C9:E0M0X0,REJECTED_CANDIDATE_ROOT,V04 admits only exact source-root/direct-flow paths; speculative V03 roots do not create authority.
V03R01030,RETURN_CONTINUATION_CANDIDATE,CANDIDATE,9F:F66E:E0M1X1,REJECTED_CANDIDATE_ROOT,V04 admits only exact source-root/direct-flow paths; speculative V03 roots do not create authority.
V03R01031,RETURN_CONTINUATION_CANDIDATE,CANDIDATE,81:BB45:E0M1X1,REJECTED_CANDIDATE_ROOT,V04 admits only exact source-root/direct-flow paths; speculative V03 roots do not create authority.
V03R01032,RETURN_CONTINUATION_CANDIDATE,CANDIDATE,80:E312:E0M0X0,REJECTED_CANDIDATE_ROOT,V04 admits only exact source-root/direct-flow paths; speculative V03 roots do not create authority.
V03R01033,RETURN_CONTINUATION_CANDIDATE,CANDIDATE,80:94F7:E0M0X0,REJECTED_CANDIDATE_ROOT,V04 admits only exact source-root/direct-flow paths; speculative V03 roots do not create authority.
V03R01034,RETURN_CONTINUATION_CANDIDATE,CANDIDATE,80:9AE6:E0M1X1,REJECTED_CANDIDATE_ROOT,V04 admits only exact source-root/direct-flow paths; speculative V03 roots do not create authority.
V03R01035,RETURN_CONTINUATION_CANDIDATE,CANDIDATE,80:BD10:E0M1X1,REJECTED_CANDIDATE_ROOT,V04 admits only exact source-root/direct-flow paths; speculative V03 roots do not create authority.
V03R01036,RETURN_CONTINUATION_CANDIDATE,CANDIDATE,80:BA7A:E0M1X1,REJECTED_CANDIDATE_ROOT,V04 admits only exact source-root/direct-flow paths; speculative V03 roots do not create authority.
V03R01037,RETURN_CONTINUATION_CANDIDATE,CANDIDATE,81:9D70:E0M0X0,REJECTED_CANDIDATE_ROOT,V04 admits only exact source-root/direct-flow paths; speculative V03 roots do not create authority.
V03R01038,RETURN_CONTINUATION_CANDIDATE,CANDIDATE,9F:FB02:E0M0X0,REJECTED_CANDIDATE_ROOT,V04 admits only exact source-root/direct-flow paths; speculative V03 roots do not create authority.
V03R01039,RETURN_CONTINUATION_CANDIDATE,CANDIDATE,9F:F6D0:E0M0X0,REJECTED_CANDIDATE_ROOT,V04 admits only exact source-root/direct-flow paths; speculative V03 roots do not create authority.
V03R01040,RETURN_CONTINUATION_CANDIDATE,CANDIDATE,92:F0C8:E0M0X0,REJECTED_CANDIDATE_ROOT,V04 admits only exact source-root/direct-flow paths; speculative V03 roots do not create authority.
V03R01041,RETURN_CONTINUATION_CANDIDATE,CANDIDATE,9F:F5F4:E0M0X0,REJECTED_CANDIDATE_ROOT,V04 admits only exact source-root/direct-flow paths; speculative V03 roots do not create authority.
V03R01042,RETURN_CONTINUATION_CANDIDATE,CANDIDATE,81:BFB9:E0M0X0,REJECTED_CANDIDATE_ROOT,V04 admits only exact source-root/direct-flow paths; speculative V03 roots do not create authority.
V03R01043,RETURN_CONTINUATION_CANDIDATE,CANDIDATE,81:C04E:E0M0X0,REJECTED_CANDIDATE_ROOT,V04 admits only exact source-root/direct-flow paths; speculative V03 roots do not create authority.
V03R01044,RETURN_CONTINUATION_CANDIDATE,CANDIDATE,81:DCF8:E0M0X0,REJECTED_CANDIDATE_ROOT,V04 admits only exact source-root/direct-flow paths; speculative V03 roots do not create authority.
V03R01045,RETURN_CONTINUATION_CANDIDATE,CANDIDATE,80:94FA:E0M0X0,REJECTED_CANDIDATE_ROOT,V04 admits only exact source-root/direct-flow paths; speculative V03 roots do not create authority.
V03R01046,RETURN_CONTINUATION_CANDIDATE,CANDIDATE,81:C3DF:E0M1X1,REJECTED_CANDIDATE_ROOT,V04 admits only exact source-root/direct-flow paths; speculative V03 roots do not create authority.
V03R01047,RETURN_CONTINUATION_CANDIDATE,CANDIDATE,81:8AB4:E0M0X0,REJECTED_CANDIDATE_ROOT,V04 admits only exact source-root/direct-flow paths; speculative V03 roots do not create authority.
V03R01048,RETURN_CONTINUATION_CANDIDATE,CANDIDATE,80:B375:E0M1X1,REJECTED_CANDIDATE_ROOT,V04 admits only exact source-root/direct-flow paths; speculative V03 roots do not create authority.
V03R01049,RETURN_CONTINUATION_CANDIDATE,CANDIDATE,80:BA7D:E0M1X1,REJECTED_CANDIDATE_ROOT,V04 admits only exact source-root/direct-flow paths; speculative V03 roots do not create authority.
V03R01050,RETURN_CONTINUATION_CANDIDATE,CANDIDATE,92:F12D:E0M1X1,REJECTED_CANDIDATE_ROOT,V04 admits only exact source-root/direct-flow paths; speculative V03 roots do not create authority.
V03R01051,RETURN_CONTINUATION_CANDIDATE,CANDIDATE,92:F0FC:E0M0X0,REJECTED_CANDIDATE_ROOT,V04 admits only exact source-root/direct-flow paths; speculative V03 roots do not create authority.
V03R01052,RETURN_CONTINUATION_CANDIDATE,CANDIDATE,9F:F5F8:E0M0X0,REJECTED_CANDIDATE_ROOT,V04 admits only exact source-root/direct-flow paths; speculative V03 roots do not create authority.
V03R01053,RETURN_CONTINUATION_CANDIDATE,CANDIDATE,81:B22F:E0M0X0,REJECTED_CANDIDATE_ROOT,V04 admits only exact source-root/direct-flow paths; speculative V03 roots do not create authority.
V03R01054,RETURN_CONTINUATION_CANDIDATE,CANDIDATE,80:BA80:E0M1X1,REJECTED_CANDIDATE_ROOT,V04 admits only exact source-root/direct-flow paths; speculative V03 roots do not create authority.
V03R01055,RETURN_CONTINUATION_CANDIDATE,CANDIDATE,81:F997:E0M1X1,REJECTED_CANDIDATE_ROOT,V04 admits only exact source-root/direct-flow paths; speculative V03 roots do not create authority.
V03R01056,RETURN_CONTINUATION_CANDIDATE,CANDIDATE,81:DDC7:E0M0X0,REJECTED_CANDIDATE_ROOT,V04 admits only exact source-root/direct-flow paths; speculative V03 roots do not create authority.
V03R01057,RETURN_CONTINUATION_CANDIDATE,CANDIDATE,81:CADC:E0M0X0,REJECTED_CANDIDATE_ROOT,V04 admits only exact source-root/direct-flow paths; speculative V03 roots do not create authority.
V03R01058,RETURN_CONTINUATION_CANDIDATE,CANDIDATE,81:CAC2:E0M0X0,REJECTED_CANDIDATE_ROOT,V04 admits only exact source-root/direct-flow paths; speculative V03 roots do not create authority.
V03R01059,RETURN_CONTINUATION_CANDIDATE,CANDIDATE,9F:F750:E0M0X0,REJECTED_CANDIDATE_ROOT,V04 admits only exact source-root/direct-flow paths; speculative V03 roots do not create authority.
V03R01060,RETURN_CONTINUATION_CANDIDATE,CANDIDATE,9F:F6D6:E0M0X0,REJECTED_CANDIDATE_ROOT,V04 admits only exact source-root/direct-flow paths; speculative V03 roots do not create authority.
V03R01061,RETURN_CONTINUATION_CANDIDATE,CANDIDATE,81:BB4E:E0M1X1,REJECTED_CANDIDATE_ROOT,V04 admits only exact source-root/direct-flow paths; speculative V03 roots do not create authority.
V03R01062,RETURN_CONTINUATION_CANDIDATE,CANDIDATE,81:DE18:E0M0X0,REJECTED_CANDIDATE_ROOT,V04 admits only exact source-root/direct-flow paths; speculative V03 roots do not create authority.
V03R01063,RETURN_CONTINUATION_CANDIDATE,CANDIDATE,80:BA83:E0M1X1,REJECTED_CANDIDATE_ROOT,V04 admits only exact source-root/direct-flow paths; speculative V03 roots do not create authority.
V03R01064,RETURN_CONTINUATION_CANDIDATE,CANDIDATE,81:CAFB:E0M0X0,REJECTED_CANDIDATE_ROOT,V04 admits only exact source-root/direct-flow paths; speculative V03 roots do not create authority.
V03R01065,RETURN_CONTINUATION_CANDIDATE,CANDIDATE,9F:FB0C:E0M0X0,REJECTED_CANDIDATE_ROOT,V04 admits only exact source-root/direct-flow paths; speculative V03 roots do not create authority.
V03R01066,RETURN_CONTINUATION_CANDIDATE,CANDIDATE,81:BFC1:E0M0X0,REJECTED_CANDIDATE_ROOT,V04 admits only exact source-root/direct-flow paths; speculative V03 roots do not create authority.
V03R01067,RETURN_CONTINUATION_CANDIDATE,CANDIDATE,81:C056:E0M0X0,REJECTED_CANDIDATE_ROOT,V04 admits only exact source-root/direct-flow paths; speculative V03 roots do not create authority.
V03R01068,RETURN_CONTINUATION_CANDIDATE,CANDIDATE,81:DCFF:E0M0X0,REJECTED_CANDIDATE_ROOT,V04 admits only exact source-root/direct-flow paths; speculative V03 roots do not create authority.
V03R01069,RETURN_CONTINUATION_CANDIDATE,CANDIDATE,80:B37C:E0M1X1,REJECTED_CANDIDATE_ROOT,V04 admits only exact source-root/direct-flow paths; speculative V03 roots do not create authority.
V03R01070,RETURN_CONTINUATION_CANDIDATE,CANDIDATE,81:8B67:E0M1X1,REJECTED_CANDIDATE_ROOT,V04 admits only exact source-root/direct-flow paths; speculative V03 roots do not create authority.
V03R01071,RETURN_CONTINUATION_CANDIDATE,CANDIDATE,80:BA86:E0M1X1,REJECTED_CANDIDATE_ROOT,V04 admits only exact source-root/direct-flow paths; speculative V03 roots do not create authority.
V03R01072,RETURN_CONTINUATION_CANDIDATE,CANDIDATE,9F:F6DC:E0M0X0,REJECTED_CANDIDATE_ROOT,V04 admits only exact source-root/direct-flow paths; speculative V03 roots do not create authority.
V03R01073,RETURN_CONTINUATION_CANDIDATE,CANDIDATE,92:F105:E0M1X1,REJECTED_CANDIDATE_ROOT,V04 admits only exact source-root/direct-flow paths; speculative V03 roots do not create authority.
V03R01074,RETURN_CONTINUATION_CANDIDATE,CANDIDATE,92:EDA1:E0M0X0,REJECTED_CANDIDATE_ROOT,V04 admits only exact source-root/direct-flow paths; speculative V03 roots do not create authority.
V03R01075,RETURN_CONTINUATION_CANDIDATE,CANDIDATE,80:940F:E0M0X0,REJECTED_CANDIDATE_ROOT,V04 admits only exact source-root/direct-flow paths; speculative V03 roots do not create authority.
V03R01076,RETURN_CONTINUATION_CANDIDATE,CANDIDATE,80:DE6E:E0M0X0,REJECTED_CANDIDATE_ROOT,V04 admits only exact source-root/direct-flow paths; speculative V03 roots do not create authority.
V03R01077,RETURN_CONTINUATION_CANDIDATE,CANDIDATE,81:C3F6:E0M1X1,REJECTED_CANDIDATE_ROOT,V04 admits only exact source-root/direct-flow paths; speculative V03 roots do not create authority.
V03R01078,RETURN_CONTINUATION_CANDIDATE,CANDIDATE,92:FB71:E0M1X1,REJECTED_CANDIDATE_ROOT,V04 admits only exact source-root/direct-flow paths; speculative V03 roots do not create authority.
V03R01079,RETURN_CONTINUATION_CANDIDATE,CANDIDATE,81:DE30:E0M0X0,REJECTED_CANDIDATE_ROOT,V04 admits only exact source-root/direct-flow paths; speculative V03 roots do not create authority.
V03R01080,RETURN_CONTINUATION_CANDIDATE,CANDIDATE,80:99D7:E0M1X1,REJECTED_CANDIDATE_ROOT,V04 admits only exact source-root/direct-flow paths; speculative V03 roots do not create authority.
V03R01081,RETURN_CONTINUATION_CANDIDATE,CANDIDATE,80:BA89:E0M1X1,REJECTED_CANDIDATE_ROOT,V04 admits only exact source-root/direct-flow paths; speculative V03 roots do not create authority.
V03R01082,WIDTH_CANDIDATE,CANDIDATE,9F:FBBC:E0M0X0,REJECTED_CANDIDATE_ROOT,V04 admits only exact source-root/direct-flow paths; speculative V03 roots do not create authority.
V03R01083,WIDTH_CANDIDATE,CANDIDATE,9F:FBBC:E0M0X1,REJECTED_CANDIDATE_ROOT,V04 admits only exact source-root/direct-flow paths; speculative V03 roots do not create authority.
V03R01084,WIDTH_CANDIDATE,CANDIDATE,9F:FBBC:E0M1X0,REJECTED_CANDIDATE_ROOT,V04 admits only exact source-root/direct-flow paths; speculative V03 roots do not create authority.
V03R01085,WIDTH_CANDIDATE,CANDIDATE,9F:FBBC:E0M1X1,REJECTED_CANDIDATE_ROOT,V04 admits only exact source-root/direct-flow paths; speculative V03 roots do not create authority.
V03R01086,RETURN_CONTINUATION_CANDIDATE,CANDIDATE,9F:F75A:E0M0X0,REJECTED_CANDIDATE_ROOT,V04 admits only exact source-root/direct-flow paths; speculative V03 roots do not create authority.
V03R01087,RETURN_CONTINUATION_CANDIDATE,CANDIDATE,80:8136:E0M1X1,REJECTED_CANDIDATE_ROOT,V04 admits only exact source-root/direct-flow paths; speculative V03 roots do not create authority.
V03R01088,RETURN_CONTINUATION_CANDIDATE,CANDIDATE,80:9587:E0M0X0,REJECTED_CANDIDATE_ROOT,V04 admits only exact source-root/direct-flow paths; speculative V03 roots do not create authority.
V03R01089,RETURN_CONTINUATION_CANDIDATE,CANDIDATE,80:DE71:E0M0X0,REJECTED_CANDIDATE_ROOT,V04 admits only exact source-root/direct-flow paths; speculative V03 roots do not create authority.
V03R01090,RETURN_CONTINUATION_CANDIDATE,CANDIDATE,80:9929:E0M1X1,REJECTED_CANDIDATE_ROOT,V04 admits only exact source-root/direct-flow paths; speculative V03 roots do not create authority.
V03R01091,RETURN_CONTINUATION_CANDIDATE,CANDIDATE,80:BA8C:E0M1X1,REJECTED_CANDIDATE_ROOT,V04 admits only exact source-root/direct-flow paths; speculative V03 roots do not create authority.
V03R01092,RETURN_CONTINUATION_CANDIDATE,CANDIDATE,81:F9C8:E0M1X1,REJECTED_CANDIDATE_ROOT,V04 admits only exact source-root/direct-flow paths; speculative V03 roots do not create authority.
V03R01093,RETURN_CONTINUATION_CANDIDATE,CANDIDATE,9F:FB16:E0M0X0,REJECTED_CANDIDATE_ROOT,V04 admits only exact source-root/direct-flow paths; speculative V03 roots do not create authority.
V03R01094,WIDTH_CANDIDATE,CANDIDATE,9F:FBFD:E0M0X0,REJECTED_CANDIDATE_ROOT,V04 admits only exact source-root/direct-flow paths; speculative V03 roots do not create authority.
V03R01095,WIDTH_CANDIDATE,CANDIDATE,9F:FBFD:E0M0X1,REJECTED_CANDIDATE_ROOT,V04 admits only exact source-root/direct-flow paths; speculative V03 roots do not create authority.
V03R01096,WIDTH_CANDIDATE,CANDIDATE,9F:FBFD:E0M1X0,REJECTED_CANDIDATE_ROOT,V04 admits only exact source-root/direct-flow paths; speculative V03 roots do not create authority.
V03R01097,WIDTH_CANDIDATE,CANDIDATE,9F:FBFD:E0M1X1,REJECTED_CANDIDATE_ROOT,V04 admits only exact source-root/direct-flow paths; speculative V03 roots do not create authority.
V03R01098,RETURN_CONTINUATION_CANDIDATE,CANDIDATE,9F:F6E2:E0M1X1,REJECTED_CANDIDATE_ROOT,V04 admits only exact source-root/direct-flow paths; speculative V03 roots do not create authority.
V03R01099,RETURN_CONTINUATION_CANDIDATE,CANDIDATE,81:BFC9:E0M0X0,REJECTED_CANDIDATE_ROOT,V04 admits only exact source-root/direct-flow paths; speculative V03 roots do not create authority.
V03R01100,RETURN_CONTINUATION_CANDIDATE,CANDIDATE,81:C065:E0M0X0,REJECTED_CANDIDATE_ROOT,V04 admits only exact source-root/direct-flow paths; speculative V03 roots do not create authority.
V03R01101,RETURN_CONTINUATION_CANDIDATE,CANDIDATE,81:B23E:E0M0X0,REJECTED_CANDIDATE_ROOT,V04 admits only exact source-root/direct-flow paths; speculative V03 roots do not create authority.
V03R01102,RETURN_CONTINUATION_CANDIDATE,CANDIDATE,80:950C:E0M0X0,REJECTED_CANDIDATE_ROOT,V04 admits only exact source-root/direct-flow paths; speculative V03 roots do not create authority.
V03R01103,RETURN_CONTINUATION_CANDIDATE,CANDIDATE,80:CF06:E0M1X1,REJECTED_CANDIDATE_ROOT,V04 admits only exact source-root/direct-flow paths; speculative V03 roots do not create authority.
V03R01104,RETURN_CONTINUATION_CANDIDATE,CANDIDATE,80:B383:E0M1X1,REJECTED_CANDIDATE_ROOT,V04 admits only exact source-root/direct-flow paths; speculative V03 roots do not create authority.
V03R01105,RETURN_CONTINUATION_CANDIDATE,CANDIDATE,80:99DC:E0M1X1,REJECTED_CANDIDATE_ROOT,V04 admits only exact source-root/direct-flow paths; speculative V03 roots do not create authority.
V03R01106,RETURN_CONTINUATION_CANDIDATE,CANDIDATE,81:F9A3:E0M1X1,REJECTED_CANDIDATE_ROOT,V04 admits only exact source-root/direct-flow paths; speculative V03 roots do not create authority.
V03R01107,RETURN_CONTINUATION_CANDIDATE,CANDIDATE,92:F10E:E0M1X1,REJECTED_CANDIDATE_ROOT,V04 admits only exact source-root/direct-flow paths; speculative V03 roots do not create authority.
V03R01108,RETURN_CONTINUATION_CANDIDATE,CANDIDATE,92:F0D6:E0M0X0,REJECTED_CANDIDATE_ROOT,V04 admits only exact source-root/direct-flow paths; speculative V03 roots do not create authority.
V03R01109,RETURN_CONTINUATION_CANDIDATE,CANDIDATE,81:C1B1:E0M0X0,REJECTED_CANDIDATE_ROOT,V04 admits only exact source-root/direct-flow paths; speculative V03 roots do not create authority.
V03R01110,RETURN_CONTINUATION_CANDIDATE,CANDIDATE,92:8B56:E0M0X0,REJECTED_CANDIDATE_ROOT,V04 admits only exact source-root/direct-flow paths; speculative V03 roots do not create authority.
V03R01111,RETURN_CONTINUATION_CANDIDATE,CANDIDATE,80:9416:E0M1X1,REJECTED_CANDIDATE_ROOT,V04 admits only exact source-root/direct-flow paths; speculative V03 roots do not create authority.
V03R01112,RETURN_CONTINUATION_CANDIDATE,CANDIDATE,80:9B49:E0M1X1,REJECTED_CANDIDATE_ROOT,V04 admits only exact source-root/direct-flow paths; speculative V03 roots do not create authority.
V03R01113,RETURN_CONTINUATION_CANDIDATE,CANDIDATE,80:CF09:E0M1X1,REJECTED_CANDIDATE_ROOT,V04 admits only exact source-root/direct-flow paths; speculative V03 roots do not create authority.
V03R01114,RETURN_CONTINUATION_CANDIDATE,CANDIDATE,80:992E:E0M1X1,REJECTED_CANDIDATE_ROOT,V04 admits only exact source-root/direct-flow paths; speculative V03 roots do not create authority.
V03R01115,RETURN_CONTINUATION_CANDIDATE,CANDIDATE,80:BA91:E0M0X0,REJECTED_CANDIDATE_ROOT,V04 admits only exact source-root/direct-flow paths; speculative V03 roots do not create authority.
V03R01116,RETURN_CONTINUATION_CANDIDATE,CANDIDATE,81:F9DB:E0M1X1,REJECTED_CANDIDATE_ROOT,V04 admits only exact source-root/direct-flow paths; speculative V03 roots do not create authority.
V03R01117,RETURN_CONTINUATION_CANDIDATE,CANDIDATE,9F:F764:E0M0X0,REJECTED_CANDIDATE_ROOT,V04 admits only exact source-root/direct-flow paths; speculative V03 roots do not create authority.
V03R01118,RETURN_CONTINUATION_CANDIDATE,CANDIDATE,81:DD87:E0M0X0,REJECTED_CANDIDATE_ROOT,V04 admits only exact source-root/direct-flow paths; speculative V03 roots do not create authority.
V03R01119,RETURN_CONTINUATION_CANDIDATE,CANDIDATE,80:948A:E0M0X0,REJECTED_CANDIDATE_ROOT,V04 admits only exact source-root/direct-flow paths; speculative V03 roots do not create authority.
V03R01120,RETURN_CONTINUATION_CANDIDATE,CANDIDATE,80:958E:E0M1X1,REJECTED_CANDIDATE_ROOT,V04 admits only exact source-root/direct-flow paths; speculative V03 roots do not create authority.
V03R01121,RETURN_CONTINUATION_CANDIDATE,CANDIDATE,80:CF0C:E0M1X1,REJECTED_CANDIDATE_ROOT,V04 admits only exact source-root/direct-flow paths; speculative V03 roots do not create authority.
V03R01122,RETURN_CONTINUATION_CANDIDATE,CANDIDATE,80:B52A:E0M1X1,REJECTED_CANDIDATE_ROOT,V04 admits only exact source-root/direct-flow paths; speculative V03 roots do not create authority.
V03R01123,RETURN_CONTINUATION_CANDIDATE,CANDIDATE,80:99E1:E0M1X1,REJECTED_CANDIDATE_ROOT,V04 admits only exact source-root/direct-flow paths; speculative V03 roots do not create authority.
V03R01124,RETURN_CONTINUATION_CANDIDATE,CANDIDATE,80:BA94:E0M0X0,REJECTED_CANDIDATE_ROOT,V04 admits only exact source-root/direct-flow paths; speculative V03 roots do not create authority.
V03R01125,RETURN_CONTINUATION_CANDIDATE,CANDIDATE,9F:F93A:E0M1X1,REJECTED_CANDIDATE_ROOT,V04 admits only exact source-root/direct-flow paths; speculative V03 roots do not create authority.
V03R01126,RETURN_CONTINUATION_CANDIDATE,CANDIDATE,92:F115:E0M1X1,REJECTED_CANDIDATE_ROOT,V04 admits only exact source-root/direct-flow paths; speculative V03 roots do not create authority.
V03R01127,RETURN_CONTINUATION_CANDIDATE,CANDIDATE,81:C1B7:E0M0X0,REJECTED_CANDIDATE_ROOT,V04 admits only exact source-root/direct-flow paths; speculative V03 roots do not create authority.
V03R01128,RETURN_CONTINUATION_CANDIDATE,CANDIDATE,81:C109:E0M0X0,REJECTED_CANDIDATE_ROOT,V04 admits only exact source-root/direct-flow paths; speculative V03 roots do not create authority.
V03R01129,RETURN_CONTINUATION_CANDIDATE,CANDIDATE,81:DD0D:E0M0X0,REJECTED_CANDIDATE_ROOT,V04 admits only exact source-root/direct-flow paths; speculative V03 roots do not create authority.
V03R01130,RETURN_CONTINUATION_CANDIDATE,CANDIDATE,80:948D:E0M0X0,REJECTED_CANDIDATE_ROOT,V04 admits only exact source-root/direct-flow paths; speculative V03 roots do not create authority.
V03R01131,RETURN_CONTINUATION_CANDIDATE,CANDIDATE,80:9513:E0M1X1,REJECTED_CANDIDATE_ROOT,V04 admits only exact source-root/direct-flow paths; speculative V03 roots do not create authority.
V03R01132,RETURN_CONTINUATION_CANDIDATE,CANDIDATE,80:CF0F:E0M1X1,REJECTED_CANDIDATE_ROOT,V04 admits only exact source-root/direct-flow paths; speculative V03 roots do not create authority.
V03R01133,RETURN_CONTINUATION_CANDIDATE,CANDIDATE,92:FBF5:E0M1X1,REJECTED_CANDIDATE_ROOT,V04 admits only exact source-root/direct-flow paths; speculative V03 roots do not create authority.
V03R01134,RETURN_CONTINUATION_CANDIDATE,CANDIDATE,80:B38A:E0M1X1,REJECTED_CANDIDATE_ROOT,V04 admits only exact source-root/direct-flow paths; speculative V03 roots do not create authority.
V03R01135,RETURN_CONTINUATION_CANDIDATE,CANDIDATE,80:9933:E0M1X1,REJECTED_CANDIDATE_ROOT,V04 admits only exact source-root/direct-flow paths; speculative V03 roots do not create authority.
V03R01136,RETURN_CONTINUATION_CANDIDATE,CANDIDATE,80:BA97:E0M0X0,REJECTED_CANDIDATE_ROOT,V04 admits only exact source-root/direct-flow paths; speculative V03 roots do not create authority.
V03R01137,RETURN_CONTINUATION_CANDIDATE,CANDIDATE,9F:F93E:E0M1X1,REJECTED_CANDIDATE_ROOT,V04 admits only exact source-root/direct-flow paths; speculative V03 roots do not create authority.
V03R01138,RETURN_CONTINUATION_CANDIDATE,CANDIDATE,81:8D61:E0M0X0,REJECTED_CANDIDATE_ROOT,V04 admits only exact source-root/direct-flow paths; speculative V03 roots do not create authority.
V03R01139,RETURN_CONTINUATION_CANDIDATE,CANDIDATE,81:B24A:E0M0X0,REJECTED_CANDIDATE_ROOT,V04 admits only exact source-root/direct-flow paths; speculative V03 roots do not create authority.
V03R01140,RETURN_CONTINUATION_CANDIDATE,CANDIDATE,80:BA9A:E0M0X0,REJECTED_CANDIDATE_ROOT,V04 admits only exact source-root/direct-flow paths; speculative V03 roots do not create authority.
V03R01141,RETURN_CONTINUATION_CANDIDATE,CANDIDATE,9F:F942:E0M1X1,REJECTED_CANDIDATE_ROOT,V04 admits only exact source-root/direct-flow paths; speculative V03 roots do not create authority.
V03R01142,RETURN_CONTINUATION_CANDIDATE,CANDIDATE,80:B967:E0M1X1,REJECTED_CANDIDATE_ROOT,V04 admits only exact source-root/direct-flow paths; speculative V03 roots do not create authority.
V03R01143,RETURN_CONTINUATION_CANDIDATE,CANDIDATE,80:DE80:E0M0X0,REJECTED_CANDIDATE_ROOT,V04 admits only exact source-root/direct-flow paths; speculative V03 roots do not create authority.
V03R01144,RETURN_CONTINUATION_CANDIDATE,CANDIDATE,81:8B9E:E0M0X0,REJECTED_CANDIDATE_ROOT,V04 admits only exact source-root/direct-flow paths; speculative V03 roots do not create authority.
V03R01145,RETURN_CONTINUATION_CANDIDATE,CANDIDATE,81:8B83:E0M0X0,REJECTED_CANDIDATE_ROOT,V04 admits only exact source-root/direct-flow paths; speculative V03 roots do not create authority.
V03R01146,RETURN_CONTINUATION_CANDIDATE,CANDIDATE,80:BA9E:E0M0X0,REJECTED_CANDIDATE_ROOT,V04 admits only exact source-root/direct-flow paths; speculative V03 roots do not create authority.
V03R01147,RETURN_CONTINUATION_CANDIDATE,CANDIDATE,81:F9F0:E0M1X1,REJECTED_CANDIDATE_ROOT,V04 admits only exact source-root/direct-flow paths; speculative V03 roots do not create authority.
V03R01148,RETURN_CONTINUATION_CANDIDATE,CANDIDATE,9F:F946:E0M1X1,REJECTED_CANDIDATE_ROOT,V04 admits only exact source-root/direct-flow paths; speculative V03 roots do not create authority.
V03R01149,RETURN_CONTINUATION_CANDIDATE,CANDIDATE,81:BFD8:E0M0X0,REJECTED_CANDIDATE_ROOT,V04 admits only exact source-root/direct-flow paths; speculative V03 roots do not create authority.
V03R01150,RETURN_CONTINUATION_CANDIDATE,CANDIDATE,81:BC83:E0M1X1,REJECTED_CANDIDATE_ROOT,V04 admits only exact source-root/direct-flow paths; speculative V03 roots do not create authority.
V03R01151,RETURN_CONTINUATION_CANDIDATE,CANDIDATE,81:BC7E:E0M1X1,REJECTED_CANDIDATE_ROOT,V04 admits only exact source-root/direct-flow paths; speculative V03 roots do not create authority.
V03R01152,RETURN_CONTINUATION_CANDIDATE,CANDIDATE,81:BC9D:E0M1X1,REJECTED_CANDIDATE_ROOT,V04 admits only exact source-root/direct-flow paths; speculative V03 roots do not create authority.
V03R01153,RETURN_CONTINUATION_CANDIDATE,CANDIDATE,81:BC98:E0M1X1,REJECTED_CANDIDATE_ROOT,V04 admits only exact source-root/direct-flow paths; speculative V03 roots do not create authority.
V03R01154,RETURN_CONTINUATION_CANDIDATE,CANDIDATE,81:C1BF:E0M0X0,REJECTED_CANDIDATE_ROOT,V04 admits only exact source-root/direct-flow paths; speculative V03 roots do not create authority.
V03R01155,RETURN_CONTINUATION_CANDIDATE,CANDIDATE,80:DE83:E0M0X0,REJECTED_CANDIDATE_ROOT,V04 admits only exact source-root/direct-flow paths; speculative V03 roots do not create authority.
V03R01156,RETURN_CONTINUATION_CANDIDATE,CANDIDATE,80:E735:E0M0X0,REJECTED_CANDIDATE_ROOT,V04 admits only exact source-root/direct-flow paths; speculative V03 roots do not create authority.
V03R01157,RETURN_CONTINUATION_CANDIDATE,CANDIDATE,80:B391:E0M1X1,REJECTED_CANDIDATE_ROOT,V04 admits only exact source-root/direct-flow paths; speculative V03 roots do not create authority.
V03R01158,RETURN_CONTINUATION_CANDIDATE,CANDIDATE,80:BB24:E0M0X0,REJECTED_CANDIDATE_ROOT,V04 admits only exact source-root/direct-flow paths; speculative V03 roots do not create authority.
V03R01159,RETURN_CONTINUATION_CANDIDATE,CANDIDATE,9F:F949:E0M1X1,REJECTED_CANDIDATE_ROOT,V04 admits only exact source-root/direct-flow paths; speculative V03 roots do not create authority.
V03R01160,RETURN_CONTINUATION_CANDIDATE,CANDIDATE,80:FB4B:E0M1X1,REJECTED_CANDIDATE_ROOT,V04 admits only exact source-root/direct-flow paths; speculative V03 roots do not create authority.
V03R01161,RETURN_CONTINUATION_CANDIDATE,CANDIDATE,81:DD95:E0M0X0,REJECTED_CANDIDATE_ROOT,V04 admits only exact source-root/direct-flow paths; speculative V03 roots do not create authority.
V03R01162,RETURN_CONTINUATION_CANDIDATE,CANDIDATE,80:E738:E0M0X0,REJECTED_CANDIDATE_ROOT,V04 admits only exact source-root/direct-flow paths; speculative V03 roots do not create authority.
V03R01163,RETURN_CONTINUATION_CANDIDATE,CANDIDATE,80:F18F:E0M0X0,REJECTED_CANDIDATE_ROOT,V04 admits only exact source-root/direct-flow paths; speculative V03 roots do not create authority.
V03R01164,RETURN_CONTINUATION_CANDIDATE,CANDIDATE,81:8BB0:E0M0X0,REJECTED_CANDIDATE_ROOT,V04 admits only exact source-root/direct-flow paths; speculative V03 roots do not create authority.
V03R01165,RETURN_CONTINUATION_CANDIDATE,CANDIDATE,80:9A41:E0M1X1,REJECTED_CANDIDATE_ROOT,V04 admits only exact source-root/direct-flow paths; speculative V03 roots do not create authority.
V03R01166,RETURN_CONTINUATION_CANDIDATE,CANDIDATE,80:9A24:E0M1X1,REJECTED_CANDIDATE_ROOT,V04 admits only exact source-root/direct-flow paths; speculative V03 roots do not create authority.
V03R01167,RETURN_CONTINUATION_CANDIDATE,CANDIDATE,80:BAA3:E0M1X1,REJECTED_CANDIDATE_ROOT,V04 admits only exact source-root/direct-flow paths; speculative V03 roots do not create authority.
V03R01168,RETURN_CONTINUATION_CANDIDATE,CANDIDATE,81:8D6B:E0M0X0,REJECTED_CANDIDATE_ROOT,V04 admits only exact source-root/direct-flow paths; speculative V03 roots do not create authority.
V03R01169,RETURN_CONTINUATION_CANDIDATE,CANDIDATE,81:BC8A:E0M1X1,REJECTED_CANDIDATE_ROOT,V04 admits only exact source-root/direct-flow paths; speculative V03 roots do not create authority.
V03R01170,RETURN_CONTINUATION_CANDIDATE,CANDIDATE,81:BCA4:E0M1X1,REJECTED_CANDIDATE_ROOT,V04 admits only exact source-root/direct-flow paths; speculative V03 roots do not create authority.
V03R01171,RETURN_CONTINUATION_CANDIDATE,CANDIDATE,81:BC44:E0M1X1,REJECTED_CANDIDATE_ROOT,V04 admits only exact source-root/direct-flow paths; speculative V03 roots do not create authority.
V03R01172,RETURN_CONTINUATION_CANDIDATE,CANDIDATE,81:B256:E0M0X0,REJECTED_CANDIDATE_ROOT,V04 admits only exact source-root/direct-flow paths; speculative V03 roots do not create authority.
V03R01173,RETURN_CONTINUATION_CANDIDATE,CANDIDATE,81:DD25:E0M0X0,REJECTED_CANDIDATE_ROOT,V04 admits only exact source-root/direct-flow paths; speculative V03 roots do not create authority.
V03R01174,RETURN_CONTINUATION_CANDIDATE,CANDIDATE,80:942C:E0M1X1,REJECTED_CANDIDATE_ROOT,V04 admits only exact source-root/direct-flow paths; speculative V03 roots do not create authority.
V03R01175,RETURN_CONTINUATION_CANDIDATE,CANDIDATE,80:F192:E0M0X0,REJECTED_CANDIDATE_ROOT,V04 admits only exact source-root/direct-flow paths; speculative V03 roots do not create authority.
V03R01176,RETURN_CONTINUATION_CANDIDATE,CANDIDATE,92:FD3F:E0M1X1,REJECTED_CANDIDATE_ROOT,V04 admits only exact source-root/direct-flow paths; speculative V03 roots do not create authority.
V03R01177,RETURN_CONTINUATION_CANDIDATE,CANDIDATE,81:8BA7:E0M0X0,REJECTED_CANDIDATE_ROOT,V04 admits only exact source-root/direct-flow paths; speculative V03 roots do not create authority.
V03R01178,RETURN_CONTINUATION_CANDIDATE,CANDIDATE,81:8B8C:E0M0X0,REJECTED_CANDIDATE_ROOT,V04 admits only exact source-root/direct-flow paths; speculative V03 roots do not create authority.
V03R01179,RETURN_CONTINUATION_CANDIDATE,CANDIDATE,80:BAA6:E0M1X1,REJECTED_CANDIDATE_ROOT,V04 admits only exact source-root/direct-flow paths; speculative V03 roots do not create authority.
V03R01180,RETURN_CONTINUATION_CANDIDATE,CANDIDATE,9F:F94F:E0M1X1,REJECTED_CANDIDATE_ROOT,V04 admits only exact source-root/direct-flow paths; speculative V03 roots do not create authority.
V03R01181,RETURN_CONTINUATION_CANDIDATE,CANDIDATE,81:BFE0:E0M0X0,REJECTED_CANDIDATE_ROOT,V04 admits only exact source-root/direct-flow paths; speculative V03 roots do not create authority.
V03R01182,RETURN_CONTINUATION_CANDIDATE,CANDIDATE,80:FB51:E0M1X1,REJECTED_CANDIDATE_ROOT,V04 admits only exact source-root/direct-flow paths; speculative V03 roots do not create authority.
V03R01183,RETURN_CONTINUATION_CANDIDATE,CANDIDATE,81:BC47:E0M1X1,REJECTED_CANDIDATE_ROOT,V04 admits only exact source-root/direct-flow paths; speculative V03 roots do not create authority.
V03R01184,RETURN_CONTINUATION_CANDIDATE,CANDIDATE,81:C1C7:E0M0X0,REJECTED_CANDIDATE_ROOT,V04 admits only exact source-root/direct-flow paths; speculative V03 roots do not create authority.
V03R01185,RETURN_CONTINUATION_CANDIDATE,CANDIDATE,80:95A4:E0M1X1,REJECTED_CANDIDATE_ROOT,V04 admits only exact source-root/direct-flow paths; speculative V03 roots do not create authority.
V03R01186,RETURN_CONTINUATION_CANDIDATE,CANDIDATE,80:942F:E0M1X1,REJECTED_CANDIDATE_ROOT,V04 admits only exact source-root/direct-flow paths; speculative V03 roots do not create authority.
V03R01187,RETURN_CONTINUATION_CANDIDATE,CANDIDATE,80:D101:E0M1X1,REJECTED_CANDIDATE_ROOT,V04 admits only exact source-root/direct-flow paths; speculative V03 roots do not create authority.
V03R01188,RETURN_CONTINUATION_CANDIDATE,CANDIDATE,80:D0B2:E0M1X1,REJECTED_CANDIDATE_ROOT,V04 admits only exact source-root/direct-flow paths; speculative V03 roots do not create authority.
V03R01189,RETURN_CONTINUATION_CANDIDATE,CANDIDATE,80:B398:E0M1X1,REJECTED_CANDIDATE_ROOT,V04 admits only exact source-root/direct-flow paths; speculative V03 roots do not create authority.
V03R01190,RETURN_CONTINUATION_CANDIDATE,CANDIDATE,80:9958:E0M1X1,REJECTED_CANDIDATE_ROOT,V04 admits only exact source-root/direct-flow paths; speculative V03 roots do not create authority.
V03R01191,RETURN_CONTINUATION_CANDIDATE,CANDIDATE,81:FA1C:E0M1X1,REJECTED_CANDIDATE_ROOT,V04 admits only exact source-root/direct-flow paths; speculative V03 roots do not create authority.
V03R01192,RETURN_CONTINUATION_CANDIDATE,CANDIDATE,80:F94B:E0M1X1,REJECTED_CANDIDATE_ROOT,V04 admits only exact source-root/direct-flow paths; speculative V03 roots do not create authority.
V03R01193,RETURN_CONTINUATION_CANDIDATE,CANDIDATE,81:BC4F:E0M1X1,REJECTED_CANDIDATE_ROOT,V04 admits only exact source-root/direct-flow paths; speculative V03 roots do not create authority.
V03R01194,RETURN_CONTINUATION_CANDIDATE,CANDIDATE,81:BC32:E0M1X1,REJECTED_CANDIDATE_ROOT,V04 admits only exact source-root/direct-flow paths; speculative V03 roots do not create authority.
V03R01195,RETURN_CONTINUATION_CANDIDATE,CANDIDATE,80:9529:E0M1X1,REJECTED_CANDIDATE_ROOT,V04 admits only exact source-root/direct-flow paths; speculative V03 roots do not create authority.
V03R01196,RETURN_CONTINUATION_CANDIDATE,CANDIDATE,92:FC3A:E0M1X1,REJECTED_CANDIDATE_ROOT,V04 admits only exact source-root/direct-flow paths; speculative V03 roots do not create authority.
V03R01197,RETURN_CONTINUATION_CANDIDATE,CANDIDATE,9F:F955:E0M1X1,REJECTED_CANDIDATE_ROOT,V04 admits only exact source-root/direct-flow paths; speculative V03 roots do not create authority.
V03R01198,RETURN_CONTINUATION_CANDIDATE,CANDIDATE,9F:F7F7:E0M1X1,REJECTED_CANDIDATE_ROOT,V04 admits only exact source-root/direct-flow paths; speculative V03 roots do not create authority.
V03R01199,RETURN_CONTINUATION_CANDIDATE,CANDIDATE,81:BC35:E0M1X1,REJECTED_CANDIDATE_ROOT,V04 admits only exact source-root/direct-flow paths; speculative V03 roots do not create authority.
V03R01200,RETURN_CONTINUATION_CANDIDATE,CANDIDATE,80:952C:E0M1X1,REJECTED_CANDIDATE_ROOT,V04 admits only exact source-root/direct-flow paths; speculative V03 roots do not create authority.
V03R01201,RETURN_CONTINUATION_CANDIDATE,CANDIDATE,80:E5D5:E0M0X0,REJECTED_CANDIDATE_ROOT,V04 admits only exact source-root/direct-flow paths; speculative V03 roots do not create authority.
V03R01202,RETURN_CONTINUATION_CANDIDATE,CANDIDATE,80:E5D0:E0M0X0,REJECTED_CANDIDATE_ROOT,V04 admits only exact source-root/direct-flow paths; speculative V03 roots do not create authority.
V03R01203,RETURN_CONTINUATION_CANDIDATE,CANDIDATE,80:BAAF:E0M1X1,REJECTED_CANDIDATE_ROOT,V04 admits only exact source-root/direct-flow paths; speculative V03 roots do not create authority.
V03R01204,RETURN_CONTINUATION_CANDIDATE,CANDIDATE,80:F95A:E0M1X1,REJECTED_CANDIDATE_ROOT,V04 admits only exact source-root/direct-flow paths; speculative V03 roots do not create authority.
V03R01205,RETURN_CONTINUATION_CANDIDATE,CANDIDATE,9F:F7FB:E0M1X1,REJECTED_CANDIDATE_ROOT,V04 admits only exact source-root/direct-flow paths; speculative V03 roots do not create authority.
V03R01206,RETURN_CONTINUATION_CANDIDATE,CANDIDATE,81:8D75:E0M0X0,REJECTED_CANDIDATE_ROOT,V04 admits only exact source-root/direct-flow paths; speculative V03 roots do not create authority.
V03R01207,RETURN_CONTINUATION_CANDIDATE,CANDIDATE,81:BFE8:E0M0X0,REJECTED_CANDIDATE_ROOT,V04 admits only exact source-root/direct-flow paths; speculative V03 roots do not create authority.
V03R01208,RETURN_CONTINUATION_CANDIDATE,CANDIDATE,81:BC6B:E0M1X1,REJECTED_CANDIDATE_ROOT,V04 admits only exact source-root/direct-flow paths; speculative V03 roots do not create authority.
V03R01209,RETURN_CONTINUATION_CANDIDATE,CANDIDATE,81:C1CF:E0M0X0,REJECTED_CANDIDATE_ROOT,V04 admits only exact source-root/direct-flow paths; speculative V03 roots do not create authority.
V03R01210,RETURN_CONTINUATION_CANDIDATE,CANDIDATE,81:B262:E0M0X0,REJECTED_CANDIDATE_ROOT,V04 admits only exact source-root/direct-flow paths; speculative V03 roots do not create authority.
V03R01211,RETURN_CONTINUATION_CANDIDATE,CANDIDATE,80:95F2:E0M1X1,REJECTED_CANDIDATE_ROOT,V04 admits only exact source-root/direct-flow paths; speculative V03 roots do not create authority.
V03R01212,RETURN_CONTINUATION_CANDIDATE,CANDIDATE,80:D108:E0M1X1,REJECTED_CANDIDATE_ROOT,V04 admits only exact source-root/direct-flow paths; speculative V03 roots do not create authority.
V03R01213,RETURN_CONTINUATION_CANDIDATE,CANDIDATE,80:D0B8:E0M1X1,REJECTED_CANDIDATE_ROOT,V04 admits only exact source-root/direct-flow paths; speculative V03 roots do not create authority.
V03R01214,RETURN_CONTINUATION_CANDIDATE,CANDIDATE,92:FC3F:E0M1X1,REJECTED_CANDIDATE_ROOT,V04 admits only exact source-root/direct-flow paths; speculative V03 roots do not create authority.
V03R01215,RETURN_CONTINUATION_CANDIDATE,CANDIDATE,92:FB98:E0M1X1,REJECTED_CANDIDATE_ROOT,V04 admits only exact source-root/direct-flow paths; speculative V03 roots do not create authority.
V03R01216,RETURN_CONTINUATION_CANDIDATE,CANDIDATE,80:B39F:E0M1X1,REJECTED_CANDIDATE_ROOT,V04 admits only exact source-root/direct-flow paths; speculative V03 roots do not create authority.
V03R01217,RETURN_CONTINUATION_CANDIDATE,CANDIDATE,80:C69C:E0M1X1,REJECTED_CANDIDATE_ROOT,V04 admits only exact source-root/direct-flow paths; speculative V03 roots do not create authority.
V03R01218,RETURN_CONTINUATION_CANDIDATE,CANDIDATE,80:9954:E0M1X1,REJECTED_CANDIDATE_ROOT,V04 admits only exact source-root/direct-flow paths; speculative V03 roots do not create authority.
V03R01219,RETURN_CONTINUATION_CANDIDATE,CANDIDATE,80:F02F:E0M0X0,REJECTED_CANDIDATE_ROOT,V04 admits only exact source-root/direct-flow paths; speculative V03 roots do not create authority.
V03R01220,RETURN_CONTINUATION_CANDIDATE,CANDIDATE,80:F02A:E0M0X0,REJECTED_CANDIDATE_ROOT,V04 admits only exact source-root/direct-flow paths; speculative V03 roots do not create authority.
V03R01221,RETURN_CONTINUATION_CANDIDATE,CANDIDATE,80:BAB2:E0M1X1,REJECTED_CANDIDATE_ROOT,V04 admits only exact source-root/direct-flow paths; speculative V03 roots do not create authority.
V03R01222,RETURN_CONTINUATION_CANDIDATE,CANDIDATE,9F:F95B:E0M1X1,REJECTED_CANDIDATE_ROOT,V04 admits only exact source-root/direct-flow paths; speculative V03 roots do not create authority.
V03R01223,RETURN_CONTINUATION_CANDIDATE,CANDIDATE,9F:F7FF:E0M1X1,REJECTED_CANDIDATE_ROOT,V04 admits only exact source-root/direct-flow paths; speculative V03 roots do not create authority.
V03R01224,RETURN_CONTINUATION_CANDIDATE,CANDIDATE,81:BCDF:E0M0X0,REJECTED_CANDIDATE_ROOT,V04 admits only exact source-root/direct-flow paths; speculative V03 roots do not create authority.
V03R01225,RETURN_CONTINUATION_CANDIDATE,CANDIDATE,81:BCD4:E0M0X0,REJECTED_CANDIDATE_ROOT,V04 admits only exact source-root/direct-flow paths; speculative V03 roots do not create authority.
V03R01226,RETURN_CONTINUATION_CANDIDATE,CANDIDATE,81:BC3B:E0M1X1,REJECTED_CANDIDATE_ROOT,V04 admits only exact source-root/direct-flow paths; speculative V03 roots do not create authority.
V03R01227,RETURN_CONTINUATION_CANDIDATE,CANDIDATE,81:BE0A:E0M0X0,REJECTED_CANDIDATE_ROOT,V04 admits only exact source-root/direct-flow paths; speculative V03 roots do not create authority.
V03R01228,RETURN_CONTINUATION_CANDIDATE,CANDIDATE,80:94A9:E0M1X1,REJECTED_CANDIDATE_ROOT,V04 admits only exact source-root/direct-flow paths; speculative V03 roots do not create authority.
V03R01229,RETURN_CONTINUATION_CANDIDATE,CANDIDATE,80:DE93:E0M0X0,REJECTED_CANDIDATE_ROOT,V04 admits only exact source-root/direct-flow paths; speculative V03 roots do not create authority.
V03R01230,RETURN_CONTINUATION_CANDIDATE,CANDIDATE,80:9F4E:E0M1X1,REJECTED_CANDIDATE_ROOT,V04 admits only exact source-root/direct-flow paths; speculative V03 roots do not create authority.
V03R01231,RETURN_CONTINUATION_CANDIDATE,CANDIDATE,80:EC2D:E0M0X0,REJECTED_CANDIDATE_ROOT,V04 admits only exact source-root/direct-flow paths; speculative V03 roots do not create authority.
V03R01232,RETURN_CONTINUATION_CANDIDATE,CANDIDATE,80:EC28:E0M0X0,REJECTED_CANDIDATE_ROOT,V04 admits only exact source-root/direct-flow paths; speculative V03 roots do not create authority.
V03R01233,RETURN_CONTINUATION_CANDIDATE,CANDIDATE,80:BAB5:E0M1X1,REJECTED_CANDIDATE_ROOT,V04 admits only exact source-root/direct-flow paths; speculative V03 roots do not create authority.
V03R01234,WIDTH_CANDIDATE,CANDIDATE,9F:FBD9:E0M0X0,REJECTED_CANDIDATE_ROOT,V04 admits only exact source-root/direct-flow paths; speculative V03 roots do not create authority.
V03R01235,WIDTH_CANDIDATE,CANDIDATE,9F:FBD9:E0M0X1,REJECTED_CANDIDATE_ROOT,V04 admits only exact source-root/direct-flow paths; speculative V03 roots do not create authority.
V03R01236,WIDTH_CANDIDATE,CANDIDATE,9F:FBD9:E0M1X0,REJECTED_CANDIDATE_ROOT,V04 admits only exact source-root/direct-flow paths; speculative V03 roots do not create authority.
V03R01237,WIDTH_CANDIDATE,CANDIDATE,9F:FBD9:E0M1X1,REJECTED_CANDIDATE_ROOT,V04 admits only exact source-root/direct-flow paths; speculative V03 roots do not create authority.
V03R01238,RETURN_CONTINUATION_CANDIDATE,CANDIDATE,9F:F95F:E0M1X1,REJECTED_CANDIDATE_ROOT,V04 admits only exact source-root/direct-flow paths; speculative V03 roots do not create authority.
V03R01239,RETURN_CONTINUATION_CANDIDATE,CANDIDATE,9F:F803:E0M1X1,REJECTED_CANDIDATE_ROOT,V04 admits only exact source-root/direct-flow paths; speculative V03 roots do not create authority.
V03R01240,RETURN_CONTINUATION_CANDIDATE,CANDIDATE,80:B334:E0M1X1,REJECTED_CANDIDATE_ROOT,V04 admits only exact source-root/direct-flow paths; speculative V03 roots do not create authority.
V03R01241,RETURN_CONTINUATION_CANDIDATE,CANDIDATE,80:DE96:E0M0X0,REJECTED_CANDIDATE_ROOT,V04 admits only exact source-root/direct-flow paths; speculative V03 roots do not create authority.
V03R01242,RETURN_CONTINUATION_CANDIDATE,CANDIDATE,80:D10C:E0M1X1,REJECTED_CANDIDATE_ROOT,V04 admits only exact source-root/direct-flow paths; speculative V03 roots do not create authority.
V03R01243,RETURN_CONTINUATION_CANDIDATE,CANDIDATE,80:D0BC:E0M1X1,REJECTED_CANDIDATE_ROOT,V04 admits only exact source-root/direct-flow paths; speculative V03 roots do not create authority.
V03R01244,RETURN_CONTINUATION_CANDIDATE,CANDIDATE,80:E741:E0M0X0,REJECTED_CANDIDATE_ROOT,V04 admits only exact source-root/direct-flow paths; speculative V03 roots do not create authority.
V03R01245,RETURN_CONTINUATION_CANDIDATE,CANDIDATE,92:FC44:E0M1X1,REJECTED_CANDIDATE_ROOT,V04 admits only exact source-root/direct-flow paths; speculative V03 roots do not create authority.
V03R01246,RETURN_CONTINUATION_CANDIDATE,CANDIDATE,80:BB36:E0M1X1,REJECTED_CANDIDATE_ROOT,V04 admits only exact source-root/direct-flow paths; speculative V03 roots do not create authority.
V03R01247,RETURN_CONTINUATION_CANDIDATE,CANDIDATE,80:BD1B:E0M1X1,REJECTED_CANDIDATE_ROOT,V04 admits only exact source-root/direct-flow paths; speculative V03 roots do not create authority.
V03R01248,RETURN_CONTINUATION_CANDIDATE,CANDIDATE,80:F456:E0M0X0,REJECTED_CANDIDATE_ROOT,V04 admits only exact source-root/direct-flow paths; speculative V03 roots do not create authority.
V03R01249,RETURN_CONTINUATION_CANDIDATE,CANDIDATE,80:F451:E0M0X0,REJECTED_CANDIDATE_ROOT,V04 admits only exact source-root/direct-flow paths; speculative V03 roots do not create authority.
V03R01250,RETURN_CONTINUATION_CANDIDATE,CANDIDATE,80:BAB8:E0M1X1,REJECTED_CANDIDATE_ROOT,V04 admits only exact source-root/direct-flow paths; speculative V03 roots do not create authority.
V03R01251,WIDTH_CANDIDATE,CANDIDATE,9F:FC1A:E0M0X0,REJECTED_CANDIDATE_ROOT,V04 admits only exact source-root/direct-flow paths; speculative V03 roots do not create authority.
V03R01252,WIDTH_CANDIDATE,CANDIDATE,9F:FC1A:E0M0X1,REJECTED_CANDIDATE_ROOT,V04 admits only exact source-root/direct-flow paths; speculative V03 roots do not create authority.
V03R01253,WIDTH_CANDIDATE,CANDIDATE,9F:FC1A:E0M1X0,REJECTED_CANDIDATE_ROOT,V04 admits only exact source-root/direct-flow paths; speculative V03 roots do not create authority.
V03R01254,WIDTH_CANDIDATE,CANDIDATE,9F:FC1A:E0M1X1,REJECTED_CANDIDATE_ROOT,V04 admits only exact source-root/direct-flow paths; speculative V03 roots do not create authority.
V03R01255,RETURN_CONTINUATION_CANDIDATE,CANDIDATE,80:F955:E0M1X1,REJECTED_CANDIDATE_ROOT,V04 admits only exact source-root/direct-flow paths; speculative V03 roots do not create authority.
V03R01256,RETURN_CONTINUATION_CANDIDATE,CANDIDATE,9F:F963:E0M1X1,REJECTED_CANDIDATE_ROOT,V04 admits only exact source-root/direct-flow paths; speculative V03 roots do not create authority.
V03R01257,RETURN_CONTINUATION_CANDIDATE,CANDIDATE,9F:F806:E0M1X1,REJECTED_CANDIDATE_ROOT,V04 admits only exact source-root/direct-flow paths; speculative V03 roots do not create authority.
V03R01258,RETURN_CONTINUATION_CANDIDATE,CANDIDATE,81:BFF0:E0M0X0,REJECTED_CANDIDATE_ROOT,V04 admits only exact source-root/direct-flow paths; speculative V03 roots do not create authority.
V03R01259,RETURN_CONTINUATION_CANDIDATE,CANDIDATE,81:BCE4:E0M1X1,REJECTED_CANDIDATE_ROOT,V04 admits only exact source-root/direct-flow paths; speculative V03 roots do not create authority.
V03R01260,RETURN_CONTINUATION_CANDIDATE,CANDIDATE,81:BCD9:E0M1X1,REJECTED_CANDIDATE_ROOT,V04 admits only exact source-root/direct-flow paths; speculative V03 roots do not create authority.
V03R01261,RETURN_CONTINUATION_CANDIDATE,CANDIDATE,81:BDE6:E0M0X0,REJECTED_CANDIDATE_ROOT,V04 admits only exact source-root/direct-flow paths; speculative V03 roots do not create authority.
V03R01262,RETURN_CONTINUATION_CANDIDATE,CANDIDATE,81:BDDB:E0M0X0,REJECTED_CANDIDATE_ROOT,V04 admits only exact source-root/direct-flow paths; speculative V03 roots do not create authority.
V03R01263,RETURN_CONTINUATION_CANDIDATE,CANDIDATE,81:C1D7:E0M0X0,REJECTED_CANDIDATE_ROOT,V04 admits only exact source-root/direct-flow paths; speculative V03 roots do not create authority.
V03R01264,RETURN_CONTINUATION_CANDIDATE,CANDIDATE,80:E769:E0M0X0,REJECTED_CANDIDATE_ROOT,V04 admits only exact source-root/direct-flow paths; speculative V03 roots do not create authority.
V03R01265,RETURN_CONTINUATION_CANDIDATE,CANDIDATE,80:E744:E0M0X0,REJECTED_CANDIDATE_ROOT,V04 admits only exact source-root/direct-flow paths; speculative V03 roots do not create authority.
V03R01266,RETURN_CONTINUATION_CANDIDATE,CANDIDATE,80:F19B:E0M0X0,REJECTED_CANDIDATE_ROOT,V04 admits only exact source-root/direct-flow paths; speculative V03 roots do not create authority.
V03R01267,RETURN_CONTINUATION_CANDIDATE,CANDIDATE,80:B3A6:E0M1X1,REJECTED_CANDIDATE_ROOT,V04 admits only exact source-root/direct-flow paths; speculative V03 roots do not create authority.
V03R01268,RETURN_CONTINUATION_CANDIDATE,CANDIDATE,80:BB39:E0M1X1,REJECTED_CANDIDATE_ROOT,V04 admits only exact source-root/direct-flow paths; speculative V03 roots do not create authority.
V03R01269,RETURN_CONTINUATION_CANDIDATE,CANDIDATE,80:BABB:E0M1X1,REJECTED_CANDIDATE_ROOT,V04 admits only exact source-root/direct-flow paths; speculative V03 roots do not create authority.
V03R01270,WIDTH_CANDIDATE,CANDIDATE,80:F956:E0M0X0,REJECTED_CANDIDATE_ROOT,V04 admits only exact source-root/direct-flow paths; speculative V03 roots do not create authority.
V03R01271,WIDTH_CANDIDATE,CANDIDATE,80:F956:E0M0X1,REJECTED_CANDIDATE_ROOT,V04 admits only exact source-root/direct-flow paths; speculative V03 roots do not create authority.
V03R01272,WIDTH_CANDIDATE,CANDIDATE,80:F956:E0M1X0,REJECTED_CANDIDATE_ROOT,V04 admits only exact source-root/direct-flow paths; speculative V03 roots do not create authority.
V03R01273,WIDTH_CANDIDATE,CANDIDATE,80:F956:E0M1X1,REJECTED_CANDIDATE_ROOT,V04 admits only exact source-root/direct-flow paths; speculative V03 roots do not create authority.
V03R01274,RETURN_CONTINUATION_CANDIDATE,CANDIDATE,81:8D81:E0M0X0,REJECTED_CANDIDATE_ROOT,V04 admits only exact source-root/direct-flow paths; speculative V03 roots do not create authority.
V03R01275,RETURN_CONTINUATION_CANDIDATE,CANDIDATE,81:BC5F:E0M0X0,REJECTED_CANDIDATE_ROOT,V04 admits only exact source-root/direct-flow paths; speculative V03 roots do not create authority.
V03R01276,RETURN_CONTINUATION_CANDIDATE,CANDIDATE,80:9443:E0M1X1,REJECTED_CANDIDATE_ROOT,V04 admits only exact source-root/direct-flow paths; speculative V03 roots do not create authority.
V03R01277,RETURN_CONTINUATION_CANDIDATE,CANDIDATE,80:F1C3:E0M0X0,REJECTED_CANDIDATE_ROOT,V04 admits only exact source-root/direct-flow paths; speculative V03 roots do not create authority.
V03R01278,RETURN_CONTINUATION_CANDIDATE,CANDIDATE,80:F19E:E0M0X0,REJECTED_CANDIDATE_ROOT,V04 admits only exact source-root/direct-flow paths; speculative V03 roots do not create authority.
V03R01279,RETURN_CONTINUATION_CANDIDATE,CANDIDATE,92:FC49:E0M1X1,REJECTED_CANDIDATE_ROOT,V04 admits only exact source-root/direct-flow paths; speculative V03 roots do not create authority.
V03R01280,RETURN_CONTINUATION_CANDIDATE,CANDIDATE,81:8BC7:E0M1X1,REJECTED_CANDIDATE_ROOT,V04 admits only exact source-root/direct-flow paths; speculative V03 roots do not create authority.
V03R01281,RETURN_CONTINUATION_CANDIDATE,CANDIDATE,80:BB48:E0M1X1,REJECTED_CANDIDATE_ROOT,V04 admits only exact source-root/direct-flow paths; speculative V03 roots do not create authority.
V03R01282,RETURN_CONTINUATION_CANDIDATE,CANDIDATE,80:F964:E0M1X1,REJECTED_CANDIDATE_ROOT,V04 admits only exact source-root/direct-flow paths; speculative V03 roots do not create authority.
V03R01283,RETURN_CONTINUATION_CANDIDATE,CANDIDATE,9F:F80C:E0M1X1,REJECTED_CANDIDATE_ROOT,V04 admits only exact source-root/direct-flow paths; speculative V03 roots do not create authority.
V03R01284,RETURN_CONTINUATION_CANDIDATE,CANDIDATE,81:BE12:E0M0X0,REJECTED_CANDIDATE_ROOT,V04 admits only exact source-root/direct-flow paths; speculative V03 roots do not create authority.
V03R01285,RETURN_CONTINUATION_CANDIDATE,CANDIDATE,80:8A5C:E0M1X1,REJECTED_CANDIDATE_ROOT,V04 admits only exact source-root/direct-flow paths; speculative V03 roots do not create authority.
V03R01286,RETURN_CONTINUATION_CANDIDATE,CANDIDATE,80:D112:E0M1X1,REJECTED_CANDIDATE_ROOT,V04 admits only exact source-root/direct-flow paths; speculative V03 roots do not create authority.
V03R01287,RETURN_CONTINUATION_CANDIDATE,CANDIDATE,80:D0C3:E0M1X1,REJECTED_CANDIDATE_ROOT,V04 admits only exact source-root/direct-flow paths; speculative V03 roots do not create authority.
V03R01288,RETURN_CONTINUATION_CANDIDATE,CANDIDATE,80:BAC1:E0M1X1,REJECTED_CANDIDATE_ROOT,V04 admits only exact source-root/direct-flow paths; speculative V03 roots do not create authority.
V03R01289,WIDTH_CANDIDATE,CANDIDATE,80:F965:E0M0X0,REJECTED_CANDIDATE_ROOT,V04 admits only exact source-root/direct-flow paths; speculative V03 roots do not create authority.
V03R01290,WIDTH_CANDIDATE,CANDIDATE,80:F965:E0M0X1,REJECTED_CANDIDATE_ROOT,V04 admits only exact source-root/direct-flow paths; speculative V03 roots do not create authority.
V03R01291,WIDTH_CANDIDATE,CANDIDATE,80:F965:E0M1X0,REJECTED_CANDIDATE_ROOT,V04 admits only exact source-root/direct-flow paths; speculative V03 roots do not create authority.
V03R01292,WIDTH_CANDIDATE,CANDIDATE,80:F965:E0M1X1,REJECTED_CANDIDATE_ROOT,V04 admits only exact source-root/direct-flow paths; speculative V03 roots do not create authority.
V03R01293,RETURN_CONTINUATION_CANDIDATE,CANDIDATE,9F:F96B:E0M0X0,REJECTED_CANDIDATE_ROOT,V04 admits only exact source-root/direct-flow paths; speculative V03 roots do not create authority.
V03R01294,RETURN_CONTINUATION_CANDIDATE,CANDIDATE,81:BC65:E0M1X1,REJECTED_CANDIDATE_ROOT,V04 admits only exact source-root/direct-flow paths; speculative V03 roots do not create authority.
V03R01295,RETURN_CONTINUATION_CANDIDATE,CANDIDATE,81:BCC9:E0M1X1,REJECTED_CANDIDATE_ROOT,V04 admits only exact source-root/direct-flow paths; speculative V03 roots do not create authority.
V03R01296,RETURN_CONTINUATION_CANDIDATE,CANDIDATE,81:BCC2:E0M1X1,REJECTED_CANDIDATE_ROOT,V04 admits only exact source-root/direct-flow paths; speculative V03 roots do not create authority.
V03R01297,RETURN_CONTINUATION_CANDIDATE,CANDIDATE,81:C1DF:E0M0X0,REJECTED_CANDIDATE_ROOT,V04 admits only exact source-root/direct-flow paths; speculative V03 roots do not create authority.
V03R01298,RETURN_CONTINUATION_CANDIDATE,CANDIDATE,81:B273:E0M0X0,REJECTED_CANDIDATE_ROOT,V04 admits only exact source-root/direct-flow paths; speculative V03 roots do not create authority.
V03R01299,RETURN_CONTINUATION_CANDIDATE,CANDIDATE,80:9540:E0M1X1,REJECTED_CANDIDATE_ROOT,V04 admits only exact source-root/direct-flow paths; speculative V03 roots do not create authority.
V03R01300,RETURN_CONTINUATION_CANDIDATE,CANDIDATE,80:B549:E0M1X1,REJECTED_CANDIDATE_ROOT,V04 admits only exact source-root/direct-flow paths; speculative V03 roots do not create authority.
V03R01301,RETURN_CONTINUATION_CANDIDATE,CANDIDATE,80:B3AD:E0M1X1,REJECTED_CANDIDATE_ROOT,V04 admits only exact source-root/direct-flow paths; speculative V03 roots do not create authority.
V03R01302,RETURN_CONTINUATION_CANDIDATE,CANDIDATE,80:BAC4:E0M1X1,REJECTED_CANDIDATE_ROOT,V04 admits only exact source-root/direct-flow paths; speculative V03 roots do not create authority.
V03R01303,RETURN_CONTINUATION_CANDIDATE,CANDIDATE,81:FA2F:E0M0X0,REJECTED_CANDIDATE_ROOT,V04 admits only exact source-root/direct-flow paths; speculative V03 roots do not create authority.
V03R01304,RETURN_CONTINUATION_CANDIDATE,CANDIDATE,9F:F812:E0M1X1,REJECTED_CANDIDATE_ROOT,V04 admits only exact source-root/direct-flow paths; speculative V03 roots do not create authority.
V03R01305,RETURN_CONTINUATION_CANDIDATE,CANDIDATE,80:8A63:E0M1X1,REJECTED_CANDIDATE_ROOT,V04 admits only exact source-root/direct-flow paths; speculative V03 roots do not create authority.
V03R01306,RETURN_CONTINUATION_CANDIDATE,CANDIDATE,80:8D6D:E0M1X1,REJECTED_CANDIDATE_ROOT,V04 admits only exact source-root/direct-flow paths; speculative V03 roots do not create authority.
V03R01307,RETURN_CONTINUATION_CANDIDATE,CANDIDATE,80:E5F0:E0M0X0,REJECTED_CANDIDATE_ROOT,V04 admits only exact source-root/direct-flow paths; speculative V03 roots do not create authority.
V03R01308,RETURN_CONTINUATION_CANDIDATE,CANDIDATE,80:E5EB:E0M0X0,REJECTED_CANDIDATE_ROOT,V04 admits only exact source-root/direct-flow paths; speculative V03 roots do not create authority.
V03R01309,RETURN_CONTINUATION_CANDIDATE,CANDIDATE,80:BAC8:E0M1X1,REJECTED_CANDIDATE_ROOT,V04 admits only exact source-root/direct-flow paths; speculative V03 roots do not create authority.
V03R01310,RETURN_CONTINUATION_CANDIDATE,CANDIDATE,80:8A67:E0M1X1,REJECTED_CANDIDATE_ROOT,V04 admits only exact source-root/direct-flow paths; speculative V03 roots do not create authority.
V03R01311,RETURN_CONTINUATION_CANDIDATE,CANDIDATE,80:94BF:E0M1X1,REJECTED_CANDIDATE_ROOT,V04 admits only exact source-root/direct-flow paths; speculative V03 roots do not create authority.
V03R01312,RETURN_CONTINUATION_CANDIDATE,CANDIDATE,80:D118:E0M1X1,REJECTED_CANDIDATE_ROOT,V04 admits only exact source-root/direct-flow paths; speculative V03 roots do not create authority.
V03R01313,RETURN_CONTINUATION_CANDIDATE,CANDIDATE,80:D0C9:E0M1X1,REJECTED_CANDIDATE_ROOT,V04 admits only exact source-root/direct-flow paths; speculative V03 roots do not create authority.
V03R01314,RETURN_CONTINUATION_CANDIDATE,CANDIDATE,92:FCB8:E0M1X1,REJECTED_CANDIDATE_ROOT,V04 admits only exact source-root/direct-flow paths; speculative V03 roots do not create authority.
V03R01315,RETURN_CONTINUATION_CANDIDATE,CANDIDATE,80:B54E:E0M1X1,REJECTED_CANDIDATE_ROOT,V04 admits only exact source-root/direct-flow paths; speculative V03 roots do not create authority.
V03R01316,RETURN_CONTINUATION_CANDIDATE,CANDIDATE,80:C7E5:E0M1X1,REJECTED_CANDIDATE_ROOT,V04 admits only exact source-root/direct-flow paths; speculative V03 roots do not create authority.
V03R01317,RETURN_CONTINUATION_CANDIDATE,CANDIDATE,80:F04A:E0M0X0,REJECTED_CANDIDATE_ROOT,V04 admits only exact source-root/direct-flow paths; speculative V03 roots do not create authority.
V03R01318,RETURN_CONTINUATION_CANDIDATE,CANDIDATE,80:F045:E0M0X0,REJECTED_CANDIDATE_ROOT,V04 admits only exact source-root/direct-flow paths; speculative V03 roots do not create authority.
V03R01319,RETURN_CONTINUATION_CANDIDATE,CANDIDATE,80:BACC:E0M1X1,REJECTED_CANDIDATE_ROOT,V04 admits only exact source-root/direct-flow paths; speculative V03 roots do not create authority.
V03R01320,RETURN_CONTINUATION_CANDIDATE,CANDIDATE,9F:F974:E0M0X0,REJECTED_CANDIDATE_ROOT,V04 admits only exact source-root/direct-flow paths; speculative V03 roots do not create authority.
V03R01321,RETURN_CONTINUATION_CANDIDATE,CANDIDATE,9F:F818:E0M1X1,REJECTED_CANDIDATE_ROOT,V04 admits only exact source-root/direct-flow paths; speculative V03 roots do not create authority.
V03R01322,RETURN_CONTINUATION_CANDIDATE,CANDIDATE,81:C1E7:E0M0X0,REJECTED_CANDIDATE_ROOT,V04 admits only exact source-root/direct-flow paths; speculative V03 roots do not create authority.
V03R01323,RETURN_CONTINUATION_CANDIDATE,CANDIDATE,80:DFC4:E0M1X1,REJECTED_CANDIDATE_ROOT,V04 admits only exact source-root/direct-flow paths; speculative V03 roots do not create authority.
V03R01324,RETURN_CONTINUATION_CANDIDATE,CANDIDATE,80:B3B4:E0M1X1,REJECTED_CANDIDATE_ROOT,V04 admits only exact source-root/direct-flow paths; speculative V03 roots do not create authority.
V03R01325,RETURN_CONTINUATION_CANDIDATE,CANDIDATE,80:9A62:E0M1X1,REJECTED_CANDIDATE_ROOT,V04 admits only exact source-root/direct-flow paths; speculative V03 roots do not create authority.
V03R01326,RETURN_CONTINUATION_CANDIDATE,CANDIDATE,80:BD2B:E0M1X1,REJECTED_CANDIDATE_ROOT,V04 admits only exact source-root/direct-flow paths; speculative V03 roots do not create authority.
V03R01327,RETURN_CONTINUATION_CANDIDATE,CANDIDATE,80:EC4A:E0M0X0,REJECTED_CANDIDATE_ROOT,V04 admits only exact source-root/direct-flow paths; speculative V03 roots do not create authority.
V03R01328,RETURN_CONTINUATION_CANDIDATE,CANDIDATE,80:EC45:E0M0X0,REJECTED_CANDIDATE_ROOT,V04 admits only exact source-root/direct-flow paths; speculative V03 roots do not create authority.
V03R01329,RETURN_CONTINUATION_CANDIDATE,CANDIDATE,80:BAD0:E0M1X1,REJECTED_CANDIDATE_ROOT,V04 admits only exact source-root/direct-flow paths; speculative V03 roots do not create authority.
V03R01330,RETURN_CONTINUATION_CANDIDATE,CANDIDATE,9F:F81C:E0M1X1,REJECTED_CANDIDATE_ROOT,V04 admits only exact source-root/direct-flow paths; speculative V03 roots do not create authority.
V03R01331,RETURN_CONTINUATION_CANDIDATE,CANDIDATE,81:BFFC:E0M0X0,REJECTED_CANDIDATE_ROOT,V04 admits only exact source-root/direct-flow paths; speculative V03 roots do not create authority.
V03R01332,RETURN_CONTINUATION_CANDIDATE,CANDIDATE,81:BE69:E0M0X0,REJECTED_CANDIDATE_ROOT,V04 admits only exact source-root/direct-flow paths; speculative V03 roots do not create authority.
V03R01333,RETURN_CONTINUATION_CANDIDATE,CANDIDATE,81:B27F:E0M0X0,REJECTED_CANDIDATE_ROOT,V04 admits only exact source-root/direct-flow paths; speculative V03 roots do not create authority.
V03R01334,RETURN_CONTINUATION_CANDIDATE,CANDIDATE,80:9222:E0M1X1,REJECTED_CANDIDATE_ROOT,V04 admits only exact source-root/direct-flow paths; speculative V03 roots do not create authority.
V03R01335,RETURN_CONTINUATION_CANDIDATE,CANDIDATE,80:DEA9:E0M0X0,REJECTED_CANDIDATE_ROOT,V04 admits only exact source-root/direct-flow paths; speculative V03 roots do not create authority.
V03R01336,RETURN_CONTINUATION_CANDIDATE,CANDIDATE,92:FCDF:E0M1X1,REJECTED_CANDIDATE_ROOT,V04 admits only exact source-root/direct-flow paths; speculative V03 roots do not create authority.
V03R01337,RETURN_CONTINUATION_CANDIDATE,CANDIDATE,92:FAF6:E0M0X0,REJECTED_CANDIDATE_ROOT,V04 admits only exact source-root/direct-flow paths; speculative V03 roots do not create authority.
V03R01338,RETURN_CONTINUATION_CANDIDATE,CANDIDATE,80:F473:E0M0X0,REJECTED_CANDIDATE_ROOT,V04 admits only exact source-root/direct-flow paths; speculative V03 roots do not create authority.
V03R01339,RETURN_CONTINUATION_CANDIDATE,CANDIDATE,80:F46E:E0M0X0,REJECTED_CANDIDATE_ROOT,V04 admits only exact source-root/direct-flow paths; speculative V03 roots do not create authority.
V03R01340,RETURN_CONTINUATION_CANDIDATE,CANDIDATE,80:BC29:E0M1X1,REJECTED_CANDIDATE_ROOT,V04 admits only exact source-root/direct-flow paths; speculative V03 roots do not create authority.
V03R01341,RETURN_CONTINUATION_CANDIDATE,CANDIDATE,80:BBFE:E0M1X1,REJECTED_CANDIDATE_ROOT,V04 admits only exact source-root/direct-flow paths; speculative V03 roots do not create authority.
V03R01342,RETURN_CONTINUATION_CANDIDATE,CANDIDATE,80:BAD3:E0M1X1,REJECTED_CANDIDATE_ROOT,V04 admits only exact source-root/direct-flow paths; speculative V03 roots do not create authority.
V03R01343,RETURN_CONTINUATION_CANDIDATE,CANDIDATE,80:C42E:E0M1X1,REJECTED_CANDIDATE_ROOT,V04 admits only exact source-root/direct-flow paths; speculative V03 roots do not create authority.
V03R01344,RETURN_CONTINUATION_CANDIDATE,CANDIDATE,9F:F820:E0M1X1,REJECTED_CANDIDATE_ROOT,V04 admits only exact source-root/direct-flow paths; speculative V03 roots do not create authority.
V03R01345,RETURN_CONTINUATION_CANDIDATE,CANDIDATE,81:8D94:E0M0X0,REJECTED_CANDIDATE_ROOT,V04 admits only exact source-root/direct-flow paths; speculative V03 roots do not create authority.
V03R01346,RETURN_CONTINUATION_CANDIDATE,CANDIDATE,80:D11F:E0M1X1,REJECTED_CANDIDATE_ROOT,V04 admits only exact source-root/direct-flow paths; speculative V03 roots do not create authority.
V03R01347,RETURN_CONTINUATION_CANDIDATE,CANDIDATE,80:D0CF:E0M1X1,REJECTED_CANDIDATE_ROOT,V04 admits only exact source-root/direct-flow paths; speculative V03 roots do not create authority.
V03R01348,RETURN_CONTINUATION_CANDIDATE,CANDIDATE,80:ED51:E0M0X0,REJECTED_CANDIDATE_ROOT,V04 admits only exact source-root/direct-flow paths; speculative V03 roots do not create authority.
V03R01349,RETURN_CONTINUATION_CANDIDATE,CANDIDATE,80:9F66:E0M1X1,REJECTED_CANDIDATE_ROOT,V04 admits only exact source-root/direct-flow paths; speculative V03 roots do not create authority.
V03R01350,RETURN_CONTINUATION_CANDIDATE,CANDIDATE,80:9A67:E0M1X1,REJECTED_CANDIDATE_ROOT,V04 admits only exact source-root/direct-flow paths; speculative V03 roots do not create authority.
V03R01351,RETURN_CONTINUATION_CANDIDATE,CANDIDATE,80:BAD6:E0M1X1,REJECTED_CANDIDATE_ROOT,V04 admits only exact source-root/direct-flow paths; speculative V03 roots do not create authority.
V03R01352,RETURN_CONTINUATION_CANDIDATE,CANDIDATE,81:8D97:E0M0X0,REJECTED_CANDIDATE_ROOT,V04 admits only exact source-root/direct-flow paths; speculative V03 roots do not create authority.
V03R01353,RETURN_CONTINUATION_CANDIDATE,CANDIDATE,81:BE6E:E0M0X0,REJECTED_CANDIDATE_ROOT,V04 admits only exact source-root/direct-flow paths; speculative V03 roots do not create authority.
V03R01354,RETURN_CONTINUATION_CANDIDATE,CANDIDATE,81:C1EF:E0M0X0,REJECTED_CANDIDATE_ROOT,V04 admits only exact source-root/direct-flow paths; speculative V03 roots do not create authority.
V03R01355,RETURN_CONTINUATION_CANDIDATE,CANDIDATE,80:F57A:E0M0X0,REJECTED_CANDIDATE_ROOT,V04 admits only exact source-root/direct-flow paths; speculative V03 roots do not create authority.
V03R01356,RETURN_CONTINUATION_CANDIDATE,CANDIDATE,80:BAD9:E0M1X1,REJECTED_CANDIDATE_ROOT,V04 admits only exact source-root/direct-flow paths; speculative V03 roots do not create authority.
V03R01357,RETURN_CONTINUATION_CANDIDATE,CANDIDATE,81:C004:E0M0X0,REJECTED_CANDIDATE_ROOT,V04 admits only exact source-root/direct-flow paths; speculative V03 roots do not create authority.
V03R01358,RETURN_CONTINUATION_CANDIDATE,CANDIDATE,80:DF7A:E0M1X1,REJECTED_CANDIDATE_ROOT,V04 admits only exact source-root/direct-flow paths; speculative V03 roots do not create authority.
V03R01359,RETURN_CONTINUATION_CANDIDATE,CANDIDATE,80:E015:E0M1X1,REJECTED_CANDIDATE_ROOT,V04 admits only exact source-root/direct-flow paths; speculative V03 roots do not create authority.
V03R01360,RETURN_CONTINUATION_CANDIDATE,CANDIDATE,80:9F6C:E0M1X1,REJECTED_CANDIDATE_ROOT,V04 admits only exact source-root/direct-flow paths; speculative V03 roots do not create authority.
V03R01361,RETURN_CONTINUATION_CANDIDATE,CANDIDATE,80:9A6C:E0M1X1,REJECTED_CANDIDATE_ROOT,V04 admits only exact source-root/direct-flow paths; speculative V03 roots do not create authority.
V03R01362,RETURN_CONTINUATION_CANDIDATE,CANDIDATE,80:D21D:E0M1X1,REJECTED_CANDIDATE_ROOT,V04 admits only exact source-root/direct-flow paths; speculative V03 roots do not create authority.
V03R01363,RETURN_CONTINUATION_CANDIDATE,CANDIDATE,9F:F828:E0M0X0,REJECTED_CANDIDATE_ROOT,V04 admits only exact source-root/direct-flow paths; speculative V03 roots do not create authority.
V03R01364,RETURN_CONTINUATION_CANDIDATE,CANDIDATE,80:DF7E:E0M1X1,REJECTED_CANDIDATE_ROOT,V04 admits only exact source-root/direct-flow paths; speculative V03 roots do not create authority.
V03R01365,RETURN_CONTINUATION_CANDIDATE,CANDIDATE,80:FD4B:E0M0X0,REJECTED_CANDIDATE_ROOT,V04 admits only exact source-root/direct-flow paths; speculative V03 roots do not create authority.
V03R01366,RETURN_CONTINUATION_CANDIDATE,CANDIDATE,80:BADF:E0M0X0,REJECTED_CANDIDATE_ROOT,V04 admits only exact source-root/direct-flow paths; speculative V03 roots do not create authority.
V03R01367,RETURN_CONTINUATION_CANDIDATE,CANDIDATE,9F:F987:E0M0X0,REJECTED_CANDIDATE_ROOT,V04 admits only exact source-root/direct-flow paths; speculative V03 roots do not create authority.
V03R01368,RETURN_CONTINUATION_CANDIDATE,CANDIDATE,92:8B8C:E0M0X0,REJECTED_CANDIDATE_ROOT,V04 admits only exact source-root/direct-flow paths; speculative V03 roots do not create authority.
V03R01369,RETURN_CONTINUATION_CANDIDATE,CANDIDATE,80:D129:E0M1X1,REJECTED_CANDIDATE_ROOT,V04 admits only exact source-root/direct-flow paths; speculative V03 roots do not create authority.
V03R01370,RETURN_CONTINUATION_CANDIDATE,CANDIDATE,80:D0DA:E0M1X1,REJECTED_CANDIDATE_ROOT,V04 admits only exact source-root/direct-flow paths; speculative V03 roots do not create authority.
V03R01371,RETURN_CONTINUATION_CANDIDATE,CANDIDATE,92:FC7B:E0M1X1,REJECTED_CANDIDATE_ROOT,V04 admits only exact source-root/direct-flow paths; speculative V03 roots do not create authority.
V03R01372,RETURN_CONTINUATION_CANDIDATE,CANDIDATE,80:9F72:E0M1X1,REJECTED_CANDIDATE_ROOT,V04 admits only exact source-root/direct-flow paths; speculative V03 roots do not create authority.
V03R01373,RETURN_CONTINUATION_CANDIDATE,CANDIDATE,80:8D25:E0M1X1,REJECTED_CANDIDATE_ROOT,V04 admits only exact source-root/direct-flow paths; speculative V03 roots do not create authority.
V03R01374,RETURN_CONTINUATION_CANDIDATE,CANDIDATE,80:9232:E0M1X1,REJECTED_CANDIDATE_ROOT,V04 admits only exact source-root/direct-flow paths; speculative V03 roots do not create authority.
V03R01375,RETURN_CONTINUATION_CANDIDATE,CANDIDATE,80:E0CF:E0M0X0,REJECTED_CANDIDATE_ROOT,V04 admits only exact source-root/direct-flow paths; speculative V03 roots do not create authority.
V03R01376,WIDTH_CANDIDATE,CANDIDATE,80:F979:E0M0X0,REJECTED_CANDIDATE_ROOT,V04 admits only exact source-root/direct-flow paths; speculative V03 roots do not create authority.
V03R01377,WIDTH_CANDIDATE,CANDIDATE,80:F979:E0M0X1,REJECTED_CANDIDATE_ROOT,V04 admits only exact source-root/direct-flow paths; speculative V03 roots do not create authority.
V03R01378,WIDTH_CANDIDATE,CANDIDATE,80:F979:E0M1X0,REJECTED_CANDIDATE_ROOT,V04 admits only exact source-root/direct-flow paths; speculative V03 roots do not create authority.
V03R01379,WIDTH_CANDIDATE,CANDIDATE,80:F979:E0M1X1,REJECTED_CANDIDATE_ROOT,V04 admits only exact source-root/direct-flow paths; speculative V03 roots do not create authority.
V03R01380,RETURN_CONTINUATION_CANDIDATE,CANDIDATE,80:F978:E0M1X1,REJECTED_CANDIDATE_ROOT,V04 admits only exact source-root/direct-flow paths; speculative V03 roots do not create authority.
V03R01381,RETURN_CONTINUATION_CANDIDATE,CANDIDATE,80:DFFE:E0M0X0,REJECTED_CANDIDATE_ROOT,V04 admits only exact source-root/direct-flow paths; speculative V03 roots do not create authority.
V03R01382,RETURN_CONTINUATION_CANDIDATE,CANDIDATE,80:E7C2:E0M0X0,REJECTED_CANDIDATE_ROOT,V04 admits only exact source-root/direct-flow paths; speculative V03 roots do not create authority.
V03R01383,RETURN_CONTINUATION_CANDIDATE,CANDIDATE,92:FCCC:E0M1X1,REJECTED_CANDIDATE_ROOT,V04 admits only exact source-root/direct-flow paths; speculative V03 roots do not create authority.
V03R01384,RETURN_CONTINUATION_CANDIDATE,CANDIDATE,92:FB38:E0M1X1,REJECTED_CANDIDATE_ROOT,V04 admits only exact source-root/direct-flow paths; speculative V03 roots do not create authority.
V03R01385,RETURN_CONTINUATION_CANDIDATE,CANDIDATE,80:F9BF:E0M1X1,REJECTED_CANDIDATE_ROOT,V04 admits only exact source-root/direct-flow paths; speculative V03 roots do not create authority.
V03R01386,RETURN_CONTINUATION_CANDIDATE,CANDIDATE,80:E6B4:E0M0X0,REJECTED_CANDIDATE_ROOT,V04 admits only exact source-root/direct-flow paths; speculative V03 roots do not create authority.
V03R01387,RETURN_CONTINUATION_CANDIDATE,CANDIDATE,80:D303:E0M1X1,REJECTED_CANDIDATE_ROOT,V04 admits only exact source-root/direct-flow paths; speculative V03 roots do not create authority.
V03R01388,RETURN_CONTINUATION_CANDIDATE,CANDIDATE,80:D224:E0M1X1,REJECTED_CANDIDATE_ROOT,V04 admits only exact source-root/direct-flow paths; speculative V03 roots do not create authority.
V03R01389,RETURN_CONTINUATION_CANDIDATE,CANDIDATE,80:BAE4:E0M1X1,REJECTED_CANDIDATE_ROOT,V04 admits only exact source-root/direct-flow paths; speculative V03 roots do not create authority.
V03R01390,RETURN_CONTINUATION_CANDIDATE,CANDIDATE,9F:F98D:E0M0X0,REJECTED_CANDIDATE_ROOT,V04 admits only exact source-root/direct-flow paths; speculative V03 roots do not create authority.
V03R01391,RETURN_CONTINUATION_CANDIDATE,CANDIDATE,81:C1FB:E0M0X0,REJECTED_CANDIDATE_ROOT,V04 admits only exact source-root/direct-flow paths; speculative V03 roots do not create authority.
V03R01392,RETURN_CONTINUATION_CANDIDATE,CANDIDATE,80:9B98:E0M1X1,REJECTED_CANDIDATE_ROOT,V04 admits only exact source-root/direct-flow paths; speculative V03 roots do not create authority.
V03R01393,RETURN_CONTINUATION_CANDIDATE,CANDIDATE,80:E07C:E0M1X1,REJECTED_CANDIDATE_ROOT,V04 admits only exact source-root/direct-flow paths; speculative V03 roots do not create authority.
V03R01394,RETURN_CONTINUATION_CANDIDATE,CANDIDATE,80:DEB9:E0M0X0,REJECTED_CANDIDATE_ROOT,V04 admits only exact source-root/direct-flow paths; speculative V03 roots do not create authority.
V03R01395,RETURN_CONTINUATION_CANDIDATE,CANDIDATE,92:FCA7:E0M1X1,REJECTED_CANDIDATE_ROOT,V04 admits only exact source-root/direct-flow paths; speculative V03 roots do not create authority.
V03R01396,RETURN_CONTINUATION_CANDIDATE,CANDIDATE,80:E665:E0M0X0,REJECTED_CANDIDATE_ROOT,V04 admits only exact source-root/direct-flow paths; speculative V03 roots do not create authority.
V03R01397,RETURN_CONTINUATION_CANDIDATE,CANDIDATE,80:F10E:E0M0X0,REJECTED_CANDIDATE_ROOT,V04 admits only exact source-root/direct-flow paths; speculative V03 roots do not create authority.
V03R01398,RETURN_CONTINUATION_CANDIDATE,CANDIDATE,80:BC3B:E0M1X1,REJECTED_CANDIDATE_ROOT,V04 admits only exact source-root/direct-flow paths; speculative V03 roots do not create authority.
V03R01399,RETURN_CONTINUATION_CANDIDATE,CANDIDATE,80:C451:E0M1X1,REJECTED_CANDIDATE_ROOT,V04 admits only exact source-root/direct-flow paths; speculative V03 roots do not create authority.
V03R01400,RETURN_CONTINUATION_CANDIDATE,CANDIDATE,9F:F991:E0M0X0,REJECTED_CANDIDATE_ROOT,V04 admits only exact source-root/direct-flow paths; speculative V03 roots do not create authority.
V03R01401,RETURN_CONTINUATION_CANDIDATE,CANDIDATE,81:8DA8:E0M1X1,REJECTED_CANDIDATE_ROOT,V04 admits only exact source-root/direct-flow paths; speculative V03 roots do not create authority.
V03R01402,RETURN_CONTINUATION_CANDIDATE,CANDIDATE,80:E0E1:E0M0X0,REJECTED_CANDIDATE_ROOT,V04 admits only exact source-root/direct-flow paths; speculative V03 roots do not create authority.
V03R01403,RETURN_CONTINUATION_CANDIDATE,CANDIDATE,80:D130:E0M1X1,REJECTED_CANDIDATE_ROOT,V04 admits only exact source-root/direct-flow paths; speculative V03 roots do not create authority.
V03R01404,RETURN_CONTINUATION_CANDIDATE,CANDIDATE,80:D0E0:E0M1X1,REJECTED_CANDIDATE_ROOT,V04 admits only exact source-root/direct-flow paths; speculative V03 roots do not create authority.
V03R01405,RETURN_CONTINUATION_CANDIDATE,CANDIDATE,92:FCF3:E0M1X1,REJECTED_CANDIDATE_ROOT,V04 admits only exact source-root/direct-flow paths; speculative V03 roots do not create authority.
V03R01406,RETURN_CONTINUATION_CANDIDATE,CANDIDATE,80:E635:E0M0X0,REJECTED_CANDIDATE_ROOT,V04 admits only exact source-root/direct-flow paths; speculative V03 roots do not create authority.
V03R01407,RETURN_CONTINUATION_CANDIDATE,CANDIDATE,80:F0BF:E0M0X0,REJECTED_CANDIDATE_ROOT,V04 admits only exact source-root/direct-flow paths; speculative V03 roots do not create authority.
V03R01408,RETURN_CONTINUATION_CANDIDATE,CANDIDATE,80:ED18:E0M0X0,REJECTED_CANDIDATE_ROOT,V04 admits only exact source-root/direct-flow paths; speculative V03 roots do not create authority.
V03R01409,RETURN_CONTINUATION_CANDIDATE,CANDIDATE,80:BC3E:E0M1X1,REJECTED_CANDIDATE_ROOT,V04 admits only exact source-root/direct-flow paths; speculative V03 roots do not create authority.
V03R01410,RETURN_CONTINUATION_CANDIDATE,CANDIDATE,81:C5B3:E0M1X1,REJECTED_CANDIDATE_ROOT,V04 admits only exact source-root/direct-flow paths; speculative V03 roots do not create authority.
V03R01411,RETURN_CONTINUATION_CANDIDATE,CANDIDATE,9F:F994:E0M0X0,REJECTED_CANDIDATE_ROOT,V04 admits only exact source-root/direct-flow paths; speculative V03 roots do not create authority.
V03R01412,RETURN_CONTINUATION_CANDIDATE,CANDIDATE,80:9B9E:E0M1X1,REJECTED_CANDIDATE_ROOT,V04 admits only exact source-root/direct-flow paths; speculative V03 roots do not create authority.
V03R01413,RETURN_CONTINUATION_CANDIDATE,CANDIDATE,80:9FAB:E0M0X0,REJECTED_CANDIDATE_ROOT,V04 admits only exact source-root/direct-flow paths; speculative V03 roots do not create authority.
V03R01414,RETURN_CONTINUATION_CANDIDATE,CANDIDATE,80:E6D0:E0M0X0,REJECTED_CANDIDATE_ROOT,V04 admits only exact source-root/direct-flow paths; speculative V03 roots do not create authority.
V03R01415,RETURN_CONTINUATION_CANDIDATE,CANDIDATE,80:F08F:E0M0X0,REJECTED_CANDIDATE_ROOT,V04 admits only exact source-root/direct-flow paths; speculative V03 roots do not create authority.
V03R01416,RETURN_CONTINUATION_CANDIDATE,CANDIDATE,80:ECC4:E0M0X0,REJECTED_CANDIDATE_ROOT,V04 admits only exact source-root/direct-flow paths; speculative V03 roots do not create authority.
V03R01417,RETURN_CONTINUATION_CANDIDATE,CANDIDATE,80:F541:E0M0X0,REJECTED_CANDIDATE_ROOT,V04 admits only exact source-root/direct-flow paths; speculative V03 roots do not create authority.
V03R01418,RETURN_CONTINUATION_CANDIDATE,CANDIDATE,81:8A17:E0M1X1,REJECTED_CANDIDATE_ROOT,V04 admits only exact source-root/direct-flow paths; speculative V03 roots do not create authority.
V03R01419,RETURN_CONTINUATION_CANDIDATE,CANDIDATE,80:D22B:E0M1X1,REJECTED_CANDIDATE_ROOT,V04 admits only exact source-root/direct-flow paths; speculative V03 roots do not create authority.
V03R01420,RETURN_CONTINUATION_CANDIDATE,CANDIDATE,92:EDF6:E0M0X0,REJECTED_CANDIDATE_ROOT,V04 admits only exact source-root/direct-flow paths; speculative V03 roots do not create authority.
V03R01421,RETURN_CONTINUATION_CANDIDATE,CANDIDATE,81:C010:E0M0X0,REJECTED_CANDIDATE_ROOT,V04 admits only exact source-root/direct-flow paths; speculative V03 roots do not create authority.
V03R01422,RETURN_CONTINUATION_CANDIDATE,CANDIDATE,81:C203:E0M0X0,REJECTED_CANDIDATE_ROOT,V04 admits only exact source-root/direct-flow paths; speculative V03 roots do not create authority.
V03R01423,RETURN_CONTINUATION_CANDIDATE,CANDIDATE,80:DF26:E0M1X1,REJECTED_CANDIDATE_ROOT,V04 admits only exact source-root/direct-flow paths; speculative V03 roots do not create authority.
V03R01424,RETURN_CONTINUATION_CANDIDATE,CANDIDATE,80:E137:E0M0X0,REJECTED_CANDIDATE_ROOT,V04 admits only exact source-root/direct-flow paths; speculative V03 roots do not create authority.
V03R01425,RETURN_CONTINUATION_CANDIDATE,CANDIDATE,81:896A:E0M0X0,REJECTED_CANDIDATE_ROOT,V04 admits only exact source-root/direct-flow paths; speculative V03 roots do not create authority.
V03R01426,RETURN_CONTINUATION_CANDIDATE,CANDIDATE,80:D134:E0M1X1,REJECTED_CANDIDATE_ROOT,V04 admits only exact source-root/direct-flow paths; speculative V03 roots do not create authority.
V03R01427,RETURN_CONTINUATION_CANDIDATE,CANDIDATE,80:D0E4:E0M1X1,REJECTED_CANDIDATE_ROOT,V04 admits only exact source-root/direct-flow paths; speculative V03 roots do not create authority.
V03R01428,RETURN_CONTINUATION_CANDIDATE,CANDIDATE,80:FD59:E0M0X0,REJECTED_CANDIDATE_ROOT,V04 admits only exact source-root/direct-flow paths; speculative V03 roots do not create authority.
V03R01429,RETURN_CONTINUATION_CANDIDATE,CANDIDATE,80:E612:E0M0X0,REJECTED_CANDIDATE_ROOT,V04 admits only exact source-root/direct-flow paths; speculative V03 roots do not create authority.
V03R01430,RETURN_CONTINUATION_CANDIDATE,CANDIDATE,80:F12A:E0M0X0,REJECTED_CANDIDATE_ROOT,V04 admits only exact source-root/direct-flow paths; speculative V03 roots do not create authority.
V03R01431,RETURN_CONTINUATION_CANDIDATE,CANDIDATE,80:EC91:E0M0X0,REJECTED_CANDIDATE_ROOT,V04 admits only exact source-root/direct-flow paths; speculative V03 roots do not create authority.
V03R01432,RETURN_CONTINUATION_CANDIDATE,CANDIDATE,80:F4ED:E0M0X0,REJECTED_CANDIDATE_ROOT,V04 admits only exact source-root/direct-flow paths; speculative V03 roots do not create authority.
V03R01433,RETURN_CONTINUATION_CANDIDATE,CANDIDATE,80:F06C:E0M0X0,REJECTED_CANDIDATE_ROOT,V04 admits only exact source-root/direct-flow paths; speculative V03 roots do not create authority.
V03R01434,RETURN_CONTINUATION_CANDIDATE,CANDIDATE,80:ED36:E0M0X0,REJECTED_CANDIDATE_ROOT,V04 admits only exact source-root/direct-flow paths; speculative V03 roots do not create authority.
V03R01435,RETURN_CONTINUATION_CANDIDATE,CANDIDATE,80:F4BA:E0M0X0,REJECTED_CANDIDATE_ROOT,V04 admits only exact source-root/direct-flow paths; speculative V03 roots do not create authority.
V03R01436,RETURN_CONTINUATION_CANDIDATE,CANDIDATE,81:8083:E0M0X0,REJECTED_CANDIDATE_ROOT,V04 admits only exact source-root/direct-flow paths; speculative V03 roots do not create authority.
V03R01437,RETURN_CONTINUATION_CANDIDATE,CANDIDATE,9F:F847:E0M0X0,REJECTED_CANDIDATE_ROOT,V04 admits only exact source-root/direct-flow paths; speculative V03 roots do not create authority.
V03R01438,RETURN_CONTINUATION_CANDIDATE,CANDIDATE,9F:F83D:E0M0X0,REJECTED_CANDIDATE_ROOT,V04 admits only exact source-root/direct-flow paths; speculative V03 roots do not create authority.
V03R01439,RETURN_CONTINUATION_CANDIDATE,CANDIDATE,80:E149:E0M0X0,REJECTED_CANDIDATE_ROOT,V04 admits only exact source-root/direct-flow paths; speculative V03 roots do not create authority.
V03R01440,RETURN_CONTINUATION_CANDIDATE,CANDIDATE,80:E686:E0M0X0,REJECTED_CANDIDATE_ROOT,V04 admits only exact source-root/direct-flow paths; speculative V03 roots do not create authority.
V03R01441,RETURN_CONTINUATION_CANDIDATE,CANDIDATE,80:EC6D:E0M0X0,REJECTED_CANDIDATE_ROOT,V04 admits only exact source-root/direct-flow paths; speculative V03 roots do not create authority.
V03R01442,RETURN_CONTINUATION_CANDIDATE,CANDIDATE,80:F55F:E0M0X0,REJECTED_CANDIDATE_ROOT,V04 admits only exact source-root/direct-flow paths; speculative V03 roots do not create authority.
V03R01443,RETURN_CONTINUATION_CANDIDATE,CANDIDATE,80:D232:E0M1X1,REJECTED_CANDIDATE_ROOT,V04 admits only exact source-root/direct-flow paths; speculative V03 roots do not create authority.
V03R01444,RETURN_CONTINUATION_CANDIDATE,CANDIDATE,80:C470:E0M1X1,REJECTED_CANDIDATE_ROOT,V04 admits only exact source-root/direct-flow paths; speculative V03 roots do not create authority.
V03R01445,RETURN_CONTINUATION_CANDIDATE,CANDIDATE,81:8DB5:E0M1X1,REJECTED_CANDIDATE_ROOT,V04 admits only exact source-root/direct-flow paths; speculative V03 roots do not create authority.
V03R01446,RETURN_CONTINUATION_CANDIDATE,CANDIDATE,81:C018:E0M0X0,REJECTED_CANDIDATE_ROOT,V04 admits only exact source-root/direct-flow paths; speculative V03 roots do not create authority.
V03R01447,RETURN_CONTINUATION_CANDIDATE,CANDIDATE,81:C20B:E0M0X0,REJECTED_CANDIDATE_ROOT,V04 admits only exact source-root/direct-flow paths; speculative V03 roots do not create authority.
V03R01448,RETURN_CONTINUATION_CANDIDATE,CANDIDATE,80:A46B:E0M1X1,REJECTED_CANDIDATE_ROOT,V04 admits only exact source-root/direct-flow paths; speculative V03 roots do not create authority.
V03R01449,RETURN_CONTINUATION_CANDIDATE,CANDIDATE,80:E274:E0M0X0,REJECTED_CANDIDATE_ROOT,V04 admits only exact source-root/direct-flow paths; speculative V03 roots do not create authority.
V03R01450,RETURN_CONTINUATION_CANDIDATE,CANDIDATE,80:D13A:E0M1X1,REJECTED_CANDIDATE_ROOT,V04 admits only exact source-root/direct-flow paths; speculative V03 roots do not create authority.
V03R01451,RETURN_CONTINUATION_CANDIDATE,CANDIDATE,80:D0EB:E0M1X1,REJECTED_CANDIDATE_ROOT,V04 admits only exact source-root/direct-flow paths; speculative V03 roots do not create authority.
V03R01452,RETURN_CONTINUATION_CANDIDATE,CANDIDATE,80:F0E0:E0M0X0,REJECTED_CANDIDATE_ROOT,V04 admits only exact source-root/direct-flow paths; speculative V03 roots do not create authority.
V03R01453,RETURN_CONTINUATION_CANDIDATE,CANDIDATE,80:F496:E0M0X0,REJECTED_CANDIDATE_ROOT,V04 admits only exact source-root/direct-flow paths; speculative V03 roots do not create authority.
V03R01454,RETURN_CONTINUATION_CANDIDATE,CANDIDATE,81:D03B:E0M1X1,REJECTED_CANDIDATE_ROOT,V04 admits only exact source-root/direct-flow paths; speculative V03 roots do not create authority.
V03R01455,RETURN_CONTINUATION_CANDIDATE,CANDIDATE,9F:F9A1:E0M0X0,REJECTED_CANDIDATE_ROOT,V04 admits only exact source-root/direct-flow paths; speculative V03 roots do not create authority.
V03R01456,RETURN_CONTINUATION_CANDIDATE,CANDIDATE,81:8DB8:E0M1X1,REJECTED_CANDIDATE_ROOT,V04 admits only exact source-root/direct-flow paths; speculative V03 roots do not create authority.
V03R01457,RETURN_CONTINUATION_CANDIDATE,CANDIDATE,81:C01B:E0M0X0,REJECTED_CANDIDATE_ROOT,V04 admits only exact source-root/direct-flow paths; speculative V03 roots do not create authority.
V03R01458,RETURN_CONTINUATION_CANDIDATE,CANDIDATE,80:8D93:E0M1X1,REJECTED_CANDIDATE_ROOT,V04 admits only exact source-root/direct-flow paths; speculative V03 roots do not create authority.
V03R01459,RETURN_CONTINUATION_CANDIDATE,CANDIDATE,80:9BAB:E0M1X1,REJECTED_CANDIDATE_ROOT,V04 admits only exact source-root/direct-flow paths; speculative V03 roots do not create authority.
V03R01460,RETURN_CONTINUATION_CANDIDATE,CANDIDATE,80:A4B8:E0M1X1,REJECTED_CANDIDATE_ROOT,V04 admits only exact source-root/direct-flow paths; speculative V03 roots do not create authority.
V03R01461,RETURN_CONTINUATION_CANDIDATE,CANDIDATE,80:E0F0:E0M0X0,REJECTED_CANDIDATE_ROOT,V04 admits only exact source-root/direct-flow paths; speculative V03 roots do not create authority.
V03R01462,RETURN_CONTINUATION_CANDIDATE,CANDIDATE,80:ECE7:E0M0X0,REJECTED_CANDIDATE_ROOT,V04 admits only exact source-root/direct-flow paths; speculative V03 roots do not create authority.
V03R01463,RETURN_CONTINUATION_CANDIDATE,CANDIDATE,81:8DBB:E0M1X1,REJECTED_CANDIDATE_ROOT,V04 admits only exact source-root/direct-flow paths; speculative V03 roots do not create authority.
V03R01464,RETURN_CONTINUATION_CANDIDATE,CANDIDATE,80:E8F4:E0M0X0,REJECTED_CANDIDATE_ROOT,V04 admits only exact source-root/direct-flow paths; speculative V03 roots do not create authority.
V03R01465,RETURN_CONTINUATION_CANDIDATE,CANDIDATE,80:F510:E0M0X0,REJECTED_CANDIDATE_ROOT,V04 admits only exact source-root/direct-flow paths; speculative V03 roots do not create authority.
V03R01466,RETURN_CONTINUATION_CANDIDATE,CANDIDATE,81:C021:E0M0X0,REJECTED_CANDIDATE_ROOT,V04 admits only exact source-root/direct-flow paths; speculative V03 roots do not create authority.
V03R01467,RETURN_CONTINUATION_CANDIDATE,CANDIDATE,81:C213:E0M0X0,REJECTED_CANDIDATE_ROOT,V04 admits only exact source-root/direct-flow paths; speculative V03 roots do not create authority.
V03R01468,RETURN_CONTINUATION_CANDIDATE,CANDIDATE,80:9BB1:E0M1X1,REJECTED_CANDIDATE_ROOT,V04 admits only exact source-root/direct-flow paths; speculative V03 roots do not create authority.
V03R01469,RETURN_CONTINUATION_CANDIDATE,CANDIDATE,80:E113:E0M1X1,REJECTED_CANDIDATE_ROOT,V04 admits only exact source-root/direct-flow paths; speculative V03 roots do not create authority.
V03R01470,RETURN_CONTINUATION_CANDIDATE,CANDIDATE,80:DFAD:E0M0X0,REJECTED_CANDIDATE_ROOT,V04 admits only exact source-root/direct-flow paths; speculative V03 roots do not create authority.
V03R01471,RETURN_CONTINUATION_CANDIDATE,CANDIDATE,80:DFA2:E0M1X1,REJECTED_CANDIDATE_ROOT,V04 admits only exact source-root/direct-flow paths; speculative V03 roots do not create authority.
V03R01472,RETURN_CONTINUATION_CANDIDATE,CANDIDATE,80:D140:E0M1X1,REJECTED_CANDIDATE_ROOT,V04 admits only exact source-root/direct-flow paths; speculative V03 roots do not create authority.
V03R01473,RETURN_CONTINUATION_CANDIDATE,CANDIDATE,80:D0F1:E0M1X1,REJECTED_CANDIDATE_ROOT,V04 admits only exact source-root/direct-flow paths; speculative V03 roots do not create authority.
V03R01474,RETURN_CONTINUATION_CANDIDATE,CANDIDATE,80:F21E:E0M0X0,REJECTED_CANDIDATE_ROOT,V04 admits only exact source-root/direct-flow paths; speculative V03 roots do not create authority.
V03R01475,RETURN_CONTINUATION_CANDIDATE,CANDIDATE,80:BC52:E0M1X1,REJECTED_CANDIDATE_ROOT,V04 admits only exact source-root/direct-flow paths; speculative V03 roots do not create authority.
V03R01476,RETURN_CONTINUATION_CANDIDATE,CANDIDATE,81:C5CA:E0M1X1,REJECTED_CANDIDATE_ROOT,V04 admits only exact source-root/direct-flow paths; speculative V03 roots do not create authority.
V03R01477,RETURN_CONTINUATION_CANDIDATE,CANDIDATE,81:C5C5:E0M1X1,REJECTED_CANDIDATE_ROOT,V04 admits only exact source-root/direct-flow paths; speculative V03 roots do not create authority.
V03R01478,RETURN_CONTINUATION_CANDIDATE,CANDIDATE,9F:F850:E0M0X0,REJECTED_CANDIDATE_ROOT,V04 admits only exact source-root/direct-flow paths; speculative V03 roots do not create authority.
V03R01479,RETURN_CONTINUATION_CANDIDATE,CANDIDATE,80:8AC7:E0M1X1,REJECTED_CANDIDATE_ROOT,V04 admits only exact source-root/direct-flow paths; speculative V03 roots do not create authority.
V03R01480,RETURN_CONTINUATION_CANDIDATE,CANDIDATE,80:EDAC:E0M0X0,REJECTED_CANDIDATE_ROOT,V04 admits only exact source-root/direct-flow paths; speculative V03 roots do not create authority.
V03R01481,RETURN_CONTINUATION_CANDIDATE,CANDIDATE,80:BC55:E0M1X1,REJECTED_CANDIDATE_ROOT,V04 admits only exact source-root/direct-flow paths; speculative V03 roots do not create authority.
V03R01482,RETURN_CONTINUATION_CANDIDATE,CANDIDATE,80:D31B:E0M1X1,REJECTED_CANDIDATE_ROOT,V04 admits only exact source-root/direct-flow paths; speculative V03 roots do not create authority.
V03R01483,WIDTH_CANDIDATE,CANDIDATE,9F:FB37:E0M0X0,REJECTED_CANDIDATE_ROOT,V04 admits only exact source-root/direct-flow paths; speculative V03 roots do not create authority.
V03R01484,WIDTH_CANDIDATE,CANDIDATE,9F:FB37:E0M0X1,REJECTED_CANDIDATE_ROOT,V04 admits only exact source-root/direct-flow paths; speculative V03 roots do not create authority.
V03R01485,WIDTH_CANDIDATE,CANDIDATE,9F:FB37:E0M1X0,REJECTED_CANDIDATE_ROOT,V04 admits only exact source-root/direct-flow paths; speculative V03 roots do not create authority.
V03R01486,WIDTH_CANDIDATE,CANDIDATE,9F:FB37:E0M1X1,REJECTED_CANDIDATE_ROOT,V04 admits only exact source-root/direct-flow paths; speculative V03 roots do not create authority.
V03R01487,RETURN_CONTINUATION_CANDIDATE,CANDIDATE,81:8DC4:E0M1X1,REJECTED_CANDIDATE_ROOT,V04 admits only exact source-root/direct-flow paths; speculative V03 roots do not create authority.
V03R01488,RETURN_CONTINUATION_CANDIDATE,CANDIDATE,80:8ACA:E0M1X1,REJECTED_CANDIDATE_ROOT,V04 admits only exact source-root/direct-flow paths; speculative V03 roots do not create authority.
V03R01489,RETURN_CONTINUATION_CANDIDATE,CANDIDATE,80:E158:E0M0X0,REJECTED_CANDIDATE_ROOT,V04 admits only exact source-root/direct-flow paths; speculative V03 roots do not create authority.
V03R01490,RETURN_CONTINUATION_CANDIDATE,CANDIDATE,80:E097:E0M0X0,REJECTED_CANDIDATE_ROOT,V04 admits only exact source-root/direct-flow paths; speculative V03 roots do not create authority.
V03R01491,RETURN_CONTINUATION_CANDIDATE,CANDIDATE,80:F5D5:E0M0X0,REJECTED_CANDIDATE_ROOT,V04 admits only exact source-root/direct-flow paths; speculative V03 roots do not create authority.
V03R01492,RETURN_CONTINUATION_CANDIDATE,CANDIDATE,80:BC9D:E0M1X1,REJECTED_CANDIDATE_ROOT,V04 admits only exact source-root/direct-flow paths; speculative V03 roots do not create authority.
V03R01493,RETURN_CONTINUATION_CANDIDATE,CANDIDATE,81:8DC7:E0M1X1,REJECTED_CANDIDATE_ROOT,V04 admits only exact source-root/direct-flow paths; speculative V03 roots do not create authority.
V03R01494,RETURN_CONTINUATION_CANDIDATE,CANDIDATE,81:C21B:E0M0X0,REJECTED_CANDIDATE_ROOT,V04 admits only exact source-root/direct-flow paths; speculative V03 roots do not create authority.
V03R01495,RETURN_CONTINUATION_CANDIDATE,CANDIDATE,80:8D42:E0M1X1,REJECTED_CANDIDATE_ROOT,V04 admits only exact source-root/direct-flow paths; speculative V03 roots do not create authority.
V03R01496,RETURN_CONTINUATION_CANDIDATE,CANDIDATE,81:897F:E0M1X1,REJECTED_CANDIDATE_ROOT,V04 admits only exact source-root/direct-flow paths; speculative V03 roots do not create authority.
V03R01497,RETURN_CONTINUATION_CANDIDATE,CANDIDATE,80:E0A0:E0M0X0,REJECTED_CANDIDATE_ROOT,V04 admits only exact source-root/direct-flow paths; speculative V03 roots do not create authority.
V03R01498,RETURN_CONTINUATION_CANDIDATE,CANDIDATE,80:FD70:E0M1X1,REJECTED_CANDIDATE_ROOT,V04 admits only exact source-root/direct-flow paths; speculative V03 roots do not create authority.
V03R01499,RETURN_CONTINUATION_CANDIDATE,CANDIDATE,81:9F5B:E0M1X1,REJECTED_CANDIDATE_ROOT,V04 admits only exact source-root/direct-flow paths; speculative V03 roots do not create authority.
V03R01500,RETURN_CONTINUATION_CANDIDATE,CANDIDATE,80:D243:E0M1X1,REJECTED_CANDIDATE_ROOT,V04 admits only exact source-root/direct-flow paths; speculative V03 roots do not create authority.
V03R01501,RETURN_CONTINUATION_CANDIDATE,CANDIDATE,81:8DCB:E0M1X1,REJECTED_CANDIDATE_ROOT,V04 admits only exact source-root/direct-flow paths; speculative V03 roots do not create authority.
V03R01502,RETURN_CONTINUATION_CANDIDATE,CANDIDATE,80:E17B:E0M1X1,REJECTED_CANDIDATE_ROOT,V04 admits only exact source-root/direct-flow paths; speculative V03 roots do not create authority.
V03R01503,RETURN_CONTINUATION_CANDIDATE,CANDIDATE,80:E0FF:E0M0X0,REJECTED_CANDIDATE_ROOT,V04 admits only exact source-root/direct-flow paths; speculative V03 roots do not create authority.
V03R01504,RETURN_CONTINUATION_CANDIDATE,CANDIDATE,80:DFF3:E0M0X0,REJECTED_CANDIDATE_ROOT,V04 admits only exact source-root/direct-flow paths; speculative V03 roots do not create authority.
V03R01505,RETURN_CONTINUATION_CANDIDATE,CANDIDATE,80:9FC8:E0M0X0,REJECTED_CANDIDATE_ROOT,V04 admits only exact source-root/direct-flow paths; speculative V03 roots do not create authority.
V03R01506,RETURN_CONTINUATION_CANDIDATE,CANDIDATE,80:BC83:E0M1X1,REJECTED_CANDIDATE_ROOT,V04 admits only exact source-root/direct-flow paths; speculative V03 roots do not create authority.
V03R01507,RETURN_CONTINUATION_CANDIDATE,CANDIDATE,9F:F9B5:E0M0X0,REJECTED_CANDIDATE_ROOT,V04 admits only exact source-root/direct-flow paths; speculative V03 roots do not create authority.
V03R01508,RETURN_CONTINUATION_CANDIDATE,CANDIDATE,81:8DCE:E0M1X1,REJECTED_CANDIDATE_ROOT,V04 admits only exact source-root/direct-flow paths; speculative V03 roots do not create authority.
V03R01509,RETURN_CONTINUATION_CANDIDATE,CANDIDATE,92:E611:E0M1X1,REJECTED_CANDIDATE_ROOT,V04 admits only exact source-root/direct-flow paths; speculative V03 roots do not create authority.
V03R01510,RETURN_CONTINUATION_CANDIDATE,CANDIDATE,80:9BBD:E0M1X1,REJECTED_CANDIDATE_ROOT,V04 admits only exact source-root/direct-flow paths; speculative V03 roots do not create authority.
V03R01511,RETURN_CONTINUATION_CANDIDATE,CANDIDATE,9F:F86B:E0M0X0,REJECTED_CANDIDATE_ROOT,V04 admits only exact source-root/direct-flow paths; speculative V03 roots do not create authority.
V03R01512,RETURN_CONTINUATION_CANDIDATE,CANDIDATE,81:8DD1:E0M1X1,REJECTED_CANDIDATE_ROOT,V04 admits only exact source-root/direct-flow paths; speculative V03 roots do not create authority.
V03R01513,RETURN_CONTINUATION_CANDIDATE,CANDIDATE,81:C223:E0M0X0,REJECTED_CANDIDATE_ROOT,V04 admits only exact source-root/direct-flow paths; speculative V03 roots do not create authority.
V03R01514,RETURN_CONTINUATION_CANDIDATE,CANDIDATE,92:E614:E0M1X1,REJECTED_CANDIDATE_ROOT,V04 admits only exact source-root/direct-flow paths; speculative V03 roots do not create authority.
V03R01515,RETURN_CONTINUATION_CANDIDATE,CANDIDATE,80:A557:E0M1X1,REJECTED_CANDIDATE_ROOT,V04 admits only exact source-root/direct-flow paths; speculative V03 roots do not create authority.
V03R01516,RETURN_CONTINUATION_CANDIDATE,CANDIDATE,80:BCA8:E0M1X0,REJECTED_CANDIDATE_ROOT,V04 admits only exact source-root/direct-flow paths; speculative V03 roots do not create authority.
V03R01517,RETURN_CONTINUATION_CANDIDATE,CANDIDATE,80:BC88:E0M1X1,REJECTED_CANDIDATE_ROOT,V04 admits only exact source-root/direct-flow paths; speculative V03 roots do not create authority.
V03R01518,RETURN_CONTINUATION_CANDIDATE,CANDIDATE,80:D24A:E0M1X1,REJECTED_CANDIDATE_ROOT,V04 admits only exact source-root/direct-flow paths; speculative V03 roots do not create authority.
V03R01519,RETURN_CONTINUATION_CANDIDATE,CANDIDATE,9F:F86F:E0M0X0,REJECTED_CANDIDATE_ROOT,V04 admits only exact source-root/direct-flow paths; speculative V03 roots do not create authority.
V03R01520,RETURN_CONTINUATION_CANDIDATE,CANDIDATE,81:8DD5:E0M1X1,REJECTED_CANDIDATE_ROOT,V04 admits only exact source-root/direct-flow paths; speculative V03 roots do not create authority.
V03R01521,RETURN_CONTINUATION_CANDIDATE,CANDIDATE,80:9BC2:E0M1X1,REJECTED_CANDIDATE_ROOT,V04 admits only exact source-root/direct-flow paths; speculative V03 roots do not create authority.
V03R01522,RETURN_CONTINUATION_CANDIDATE,CANDIDATE,80:BCAB:E0M1X0,REJECTED_CANDIDATE_ROOT,V04 admits only exact source-root/direct-flow paths; speculative V03 roots do not create authority.
V03R01523,RETURN_CONTINUATION_CANDIDATE,CANDIDATE,9F:F872:E0M0X0,REJECTED_CANDIDATE_ROOT,V04 admits only exact source-root/direct-flow paths; speculative V03 roots do not create authority.
V03R01524,RETURN_CONTINUATION_CANDIDATE,CANDIDATE,81:8DD8:E0M1X1,REJECTED_CANDIDATE_ROOT,V04 admits only exact source-root/direct-flow paths; speculative V03 roots do not create authority.
V03R01525,RETURN_CONTINUATION_CANDIDATE,CANDIDATE,81:BE5F:E0M1X1,REJECTED_CANDIDATE_ROOT,V04 admits only exact source-root/direct-flow paths; speculative V03 roots do not create authority.
V03R01526,RETURN_CONTINUATION_CANDIDATE,CANDIDATE,80:A55F:E0M1X1,REJECTED_CANDIDATE_ROOT,V04 admits only exact source-root/direct-flow paths; speculative V03 roots do not create authority.
V03R01527,RETURN_CONTINUATION_CANDIDATE,CANDIDATE,80:E167:E0M0X0,REJECTED_CANDIDATE_ROOT,V04 admits only exact source-root/direct-flow paths; speculative V03 roots do not create authority.
V03R01528,RETURN_CONTINUATION_CANDIDATE,CANDIDATE,80:E293:E0M0X0,REJECTED_CANDIDATE_ROOT,V04 admits only exact source-root/direct-flow paths; speculative V03 roots do not create authority.
V03R01529,RETURN_CONTINUATION_CANDIDATE,CANDIDATE,80:C488:E0M1X1,REJECTED_CANDIDATE_ROOT,V04 admits only exact source-root/direct-flow paths; speculative V03 roots do not create authority.
V03R01530,RETURN_CONTINUATION_CANDIDATE,CANDIDATE,81:8DDB:E0M1X1,REJECTED_CANDIDATE_ROOT,V04 admits only exact source-root/direct-flow paths; speculative V03 roots do not create authority.
V03R01531,RETURN_CONTINUATION_CANDIDATE,CANDIDATE,81:C22B:E0M0X0,REJECTED_CANDIDATE_ROOT,V04 admits only exact source-root/direct-flow paths; speculative V03 roots do not create authority.
V03R01532,RETURN_CONTINUATION_CANDIDATE,CANDIDATE,92:8BB2:E0M0X0,REJECTED_CANDIDATE_ROOT,V04 admits only exact source-root/direct-flow paths; speculative V03 roots do not create authority.
V03R01533,RETURN_CONTINUATION_CANDIDATE,CANDIDATE,80:FD7F:E0M1X1,REJECTED_CANDIDATE_ROOT,V04 admits only exact source-root/direct-flow paths; speculative V03 roots do not create authority.
V03R01534,RETURN_CONTINUATION_CANDIDATE,CANDIDATE,80:BC90:E0M1X1,REJECTED_CANDIDATE_ROOT,V04 admits only exact source-root/direct-flow paths; speculative V03 roots do not create authority.
V03R01535,RETURN_CONTINUATION_CANDIDATE,CANDIDATE,80:D251:E0M1X1,REJECTED_CANDIDATE_ROOT,V04 admits only exact source-root/direct-flow paths; speculative V03 roots do not create authority.
V03R01536,RETURN_CONTINUATION_CANDIDATE,CANDIDATE,9F:F9D4:E0M0X0,REJECTED_CANDIDATE_ROOT,V04 admits only exact source-root/direct-flow paths; speculative V03 roots do not create authority.
V03R01537,RETURN_CONTINUATION_CANDIDATE,CANDIDATE,81:8DDE:E0M1X1,REJECTED_CANDIDATE_ROOT,V04 admits only exact source-root/direct-flow paths; speculative V03 roots do not create authority.
V03R01538,RETURN_CONTINUATION_CANDIDATE,CANDIDATE,92:8BB5:E0M0X0,REJECTED_CANDIDATE_ROOT,V04 admits only exact source-root/direct-flow paths; speculative V03 roots do not create authority.
V03R01539,RETURN_CONTINUATION_CANDIDATE,CANDIDATE,92:E649:E0M1X1,REJECTED_CANDIDATE_ROOT,V04 admits only exact source-root/direct-flow paths; speculative V03 roots do not create authority.
V03R01540,RETURN_CONTINUATION_CANDIDATE,CANDIDATE,80:A567:E0M1X1,REJECTED_CANDIDATE_ROOT,V04 admits only exact source-root/direct-flow paths; speculative V03 roots do not create authority.
V03R01541,RETURN_CONTINUATION_CANDIDATE,CANDIDATE,9F:F9D8:E0M0X0,REJECTED_CANDIDATE_ROOT,V04 admits only exact source-root/direct-flow paths; speculative V03 roots do not create authority.
V03R01542,RETURN_CONTINUATION_CANDIDATE,CANDIDATE,81:9123:E0M0X0,REJECTED_CANDIDATE_ROOT,V04 admits only exact source-root/direct-flow paths; speculative V03 roots do not create authority.
V03R01543,RETURN_CONTINUATION_CANDIDATE,CANDIDATE,81:8DE1:E0M1X1,REJECTED_CANDIDATE_ROOT,V04 admits only exact source-root/direct-flow paths; speculative V03 roots do not create authority.
V03R01544,RETURN_CONTINUATION_CANDIDATE,CANDIDATE,80:FDB4:E0M1X1,REJECTED_CANDIDATE_ROOT,V04 admits only exact source-root/direct-flow paths; speculative V03 roots do not create authority.
V03R01545,RETURN_CONTINUATION_CANDIDATE,CANDIDATE,80:9FD9:E0M0X0,REJECTED_CANDIDATE_ROOT,V04 admits only exact source-root/direct-flow paths; speculative V03 roots do not create authority.
V03R01546,RETURN_CONTINUATION_CANDIDATE,CANDIDATE,9F:F9DB:E0M0X0,REJECTED_CANDIDATE_ROOT,V04 admits only exact source-root/direct-flow paths; speculative V03 roots do not create authority.
V03R01547,RETURN_CONTINUATION_CANDIDATE,CANDIDATE,81:C233:E0M0X0,REJECTED_CANDIDATE_ROOT,V04 admits only exact source-root/direct-flow paths; speculative V03 roots do not create authority.
V03R01548,RETURN_CONTINUATION_CANDIDATE,CANDIDATE,80:9272:E0M1X1,REJECTED_CANDIDATE_ROOT,V04 admits only exact source-root/direct-flow paths; speculative V03 roots do not create authority.
V03R01549,RETURN_CONTINUATION_CANDIDATE,CANDIDATE,80:E97C:E0M0X0,REJECTED_CANDIDATE_ROOT,V04 admits only exact source-root/direct-flow paths; speculative V03 roots do not create authority.
V03R01550,RETURN_CONTINUATION_CANDIDATE,CANDIDATE,80:BC98:E0M1X1,REJECTED_CANDIDATE_ROOT,V04 admits only exact source-root/direct-flow paths; speculative V03 roots do not create authority.
V03R01551,RETURN_CONTINUATION_CANDIDATE,CANDIDATE,80:D258:E0M1X1,REJECTED_CANDIDATE_ROOT,V04 admits only exact source-root/direct-flow paths; speculative V03 roots do not create authority.
V03R01552,RETURN_CONTINUATION_CANDIDATE,CANDIDATE,81:8F55:E0M0X0,REJECTED_CANDIDATE_ROOT,V04 admits only exact source-root/direct-flow paths; speculative V03 roots do not create authority.
V03R01553,RETURN_CONTINUATION_CANDIDATE,CANDIDATE,9F:F9CE:E0M0X0,REJECTED_CANDIDATE_ROOT,V04 admits only exact source-root/direct-flow paths; speculative V03 roots do not create authority.
V03R01554,RETURN_CONTINUATION_CANDIDATE,CANDIDATE,92:E6CC:E0M1X1,REJECTED_CANDIDATE_ROOT,V04 admits only exact source-root/direct-flow paths; speculative V03 roots do not create authority.
V03R01555,RETURN_CONTINUATION_CANDIDATE,CANDIDATE,80:C7C1:E0M0X0,REJECTED_CANDIDATE_ROOT,V04 admits only exact source-root/direct-flow paths; speculative V03 roots do not create authority.
V03R01556,RETURN_CONTINUATION_CANDIDATE,CANDIDATE,80:E2A2:E0M0X0,REJECTED_CANDIDATE_ROOT,V04 admits only exact source-root/direct-flow paths; speculative V03 roots do not create authority.
V03R01557,RETURN_CONTINUATION_CANDIDATE,CANDIDATE,80:C4C8:E0M1X1,REJECTED_CANDIDATE_ROOT,V04 admits only exact source-root/direct-flow paths; speculative V03 roots do not create authority.
V03R01558,RETURN_CONTINUATION_CANDIDATE,CANDIDATE,81:8F81:E0M0X0,REJECTED_CANDIDATE_ROOT,V04 admits only exact source-root/direct-flow paths; speculative V03 roots do not create authority.
V03R01559,RETURN_CONTINUATION_CANDIDATE,CANDIDATE,92:E658:E0M1X1,REJECTED_CANDIDATE_ROOT,V04 admits only exact source-root/direct-flow paths; speculative V03 roots do not create authority.
V03R01560,RETURN_CONTINUATION_CANDIDATE,CANDIDATE,80:BCC1:E0M1X0,REJECTED_CANDIDATE_ROOT,V04 admits only exact source-root/direct-flow paths; speculative V03 roots do not create authority.
V03R01561,RETURN_CONTINUATION_CANDIDATE,CANDIDATE,92:8BC1:E0M0X0,REJECTED_CANDIDATE_ROOT,V04 admits only exact source-root/direct-flow paths; speculative V03 roots do not create authority.
V03R01562,WIDTH_CANDIDATE,CANDIDATE,9F:FB54:E0M0X0,REJECTED_CANDIDATE_ROOT,V04 admits only exact source-root/direct-flow paths; speculative V03 roots do not create authority.
V03R01563,WIDTH_CANDIDATE,CANDIDATE,9F:FB54:E0M0X1,REJECTED_CANDIDATE_ROOT,V04 admits only exact source-root/direct-flow paths; speculative V03 roots do not create authority.
V03R01564,WIDTH_CANDIDATE,CANDIDATE,9F:FB54:E0M1X0,REJECTED_CANDIDATE_ROOT,V04 admits only exact source-root/direct-flow paths; speculative V03 roots do not create authority.
V03R01565,WIDTH_CANDIDATE,CANDIDATE,9F:FB54:E0M1X1,REJECTED_CANDIDATE_ROOT,V04 admits only exact source-root/direct-flow paths; speculative V03 roots do not create authority.
V03R01566,RETURN_CONTINUATION_CANDIDATE,CANDIDATE,9F:F9E8:E0M0X0,REJECTED_CANDIDATE_ROOT,V04 admits only exact source-root/direct-flow paths; speculative V03 roots do not create authority.
V03R01567,RETURN_CONTINUATION_CANDIDATE,CANDIDATE,9F:F892:E0M0X0,REJECTED_CANDIDATE_ROOT,V04 admits only exact source-root/direct-flow paths; speculative V03 roots do not create authority.
V03R01568,RETURN_CONTINUATION_CANDIDATE,CANDIDATE,80:BCD7:E0M1X0,REJECTED_CANDIDATE_ROOT,V04 admits only exact source-root/direct-flow paths; speculative V03 roots do not create authority.
V03R01569,RETURN_CONTINUATION_CANDIDATE,CANDIDATE,80:FB5B:E0M1X0,REJECTED_CANDIDATE_ROOT,V04 admits only exact source-root/direct-flow paths; speculative V03 roots do not create authority.
V03R01570,RETURN_CONTINUATION_CANDIDATE,CANDIDATE,92:A7E4:E0M0X0,REJECTED_CANDIDATE_ROOT,V04 admits only exact source-root/direct-flow paths; speculative V03 roots do not create authority.
V03R01571,RETURN_CONTINUATION_CANDIDATE,CANDIDATE,92:A21A:E0M0X0,REJECTED_CANDIDATE_ROOT,V04 admits only exact source-root/direct-flow paths; speculative V03 roots do not create authority.
V03R01572,RETURN_CONTINUATION_CANDIDATE,CANDIDATE,92:E6D7:E0M1X1,REJECTED_CANDIDATE_ROOT,V04 admits only exact source-root/direct-flow paths; speculative V03 roots do not create authority.
V03R01573,RETURN_CONTINUATION_CANDIDATE,CANDIDATE,80:8DDA:E0M1X1,REJECTED_CANDIDATE_ROOT,V04 admits only exact source-root/direct-flow paths; speculative V03 roots do not create authority.
V03R01574,RETURN_CONTINUATION_CANDIDATE,CANDIDATE,80:D269:E0M1X1,REJECTED_CANDIDATE_ROOT,V04 admits only exact source-root/direct-flow paths; speculative V03 roots do not create authority.
V03R01575,RETURN_CONTINUATION_CANDIDATE,CANDIDATE,81:8F68:E0M0X0,REJECTED_CANDIDATE_ROOT,V04 admits only exact source-root/direct-flow paths; speculative V03 roots do not create authority.
V03R01576,RETURN_CONTINUATION_CANDIDATE,CANDIDATE,92:E667:E0M1X1,REJECTED_CANDIDATE_ROOT,V04 admits only exact source-root/direct-flow paths; speculative V03 roots do not create authority.
V03R01577,RETURN_CONTINUATION_CANDIDATE,CANDIDATE,92:E6E7:E0M1X1,REJECTED_CANDIDATE_ROOT,V04 admits only exact source-root/direct-flow paths; speculative V03 roots do not create authority.
V03R01578,RETURN_CONTINUATION_CANDIDATE,CANDIDATE,80:C4EB:E0M1X1,REJECTED_CANDIDATE_ROOT,V04 admits only exact source-root/direct-flow paths; speculative V03 roots do not create authority.
V03R01579,RETURN_CONTINUATION_CANDIDATE,CANDIDATE,81:D07C:E0M1X1,REJECTED_CANDIDATE_ROOT,V04 admits only exact source-root/direct-flow paths; speculative V03 roots do not create authority.
V03R01580,RETURN_CONTINUATION_CANDIDATE,CANDIDATE,9F:F9F5:E0M0X0,REJECTED_CANDIDATE_ROOT,V04 admits only exact source-root/direct-flow paths; speculative V03 roots do not create authority.
V03R01581,RETURN_CONTINUATION_CANDIDATE,CANDIDATE,9F:F8A4:E0M0X0,REJECTED_CANDIDATE_ROOT,V04 admits only exact source-root/direct-flow paths; speculative V03 roots do not create authority.
V03R01582,RETURN_CONTINUATION_CANDIDATE,CANDIDATE,80:C7D2:E0M1X1,REJECTED_CANDIDATE_ROOT,V04 admits only exact source-root/direct-flow paths; speculative V03 roots do not create authority.
V03R01583,RETURN_CONTINUATION_CANDIDATE,CANDIDATE,80:E065:E0M0X0,REJECTED_CANDIDATE_ROOT,V04 admits only exact source-root/direct-flow paths; speculative V03 roots do not create authority.
V03R01584,RETURN_CONTINUATION_CANDIDATE,CANDIDATE,80:D270:E0M1X1,REJECTED_CANDIDATE_ROOT,V04 admits only exact source-root/direct-flow paths; speculative V03 roots do not create authority.
V03R01585,RETURN_CONTINUATION_CANDIDATE,CANDIDATE,81:D07F:E0M1X1,REJECTED_CANDIDATE_ROOT,V04 admits only exact source-root/direct-flow paths; speculative V03 roots do not create authority.
V03R01586,WIDTH_CANDIDATE,CANDIDATE,92:8BCA:E0M0X0,REJECTED_CANDIDATE_ROOT,V04 admits only exact source-root/direct-flow paths; speculative V03 roots do not create authority.
V03R01587,WIDTH_CANDIDATE,CANDIDATE,92:8BCA:E0M0X1,REJECTED_CANDIDATE_ROOT,V04 admits only exact source-root/direct-flow paths; speculative V03 roots do not create authority.
V03R01588,WIDTH_CANDIDATE,CANDIDATE,92:8BCA:E0M1X0,REJECTED_CANDIDATE_ROOT,V04 admits only exact source-root/direct-flow paths; speculative V03 roots do not create authority.
V03R01589,WIDTH_CANDIDATE,CANDIDATE,92:8BCA:E0M1X1,REJECTED_CANDIDATE_ROOT,V04 admits only exact source-root/direct-flow paths; speculative V03 roots do not create authority.
V03R01590,RETURN_CONTINUATION_CANDIDATE,CANDIDATE,81:D082:E0M1X1,REJECTED_CANDIDATE_ROOT,V04 admits only exact source-root/direct-flow paths; speculative V03 roots do not create authority.
V03R01591,RETURN_CONTINUATION_CANDIDATE,CANDIDATE,81:8E67:E0M1X1,REJECTED_CANDIDATE_ROOT,V04 admits only exact source-root/direct-flow paths; speculative V03 roots do not create authority.
V03R01592,RETURN_CONTINUATION_CANDIDATE,CANDIDATE,81:8E44:E0M1X1,REJECTED_CANDIDATE_ROOT,V04 admits only exact source-root/direct-flow paths; speculative V03 roots do not create authority.
V03R01593,RETURN_CONTINUATION_CANDIDATE,CANDIDATE,81:8E05:E0M1X1,REJECTED_CANDIDATE_ROOT,V04 admits only exact source-root/direct-flow paths; speculative V03 roots do not create authority.
V03R01594,RETURN_CONTINUATION_CANDIDATE,CANDIDATE,81:8E00:E0M1X1,REJECTED_CANDIDATE_ROOT,V04 admits only exact source-root/direct-flow paths; speculative V03 roots do not create authority.
V03R01595,RETURN_CONTINUATION_CANDIDATE,CANDIDATE,92:E676:E0M1X1,REJECTED_CANDIDATE_ROOT,V04 admits only exact source-root/direct-flow paths; speculative V03 roots do not create authority.
V03R01596,RETURN_CONTINUATION_CANDIDATE,CANDIDATE,80:C7D9:E0M1X1,REJECTED_CANDIDATE_ROOT,V04 admits only exact source-root/direct-flow paths; speculative V03 roots do not create authority.
V03R01597,RETURN_CONTINUATION_CANDIDATE,CANDIDATE,80:B4F7:E0M1X1,REJECTED_CANDIDATE_ROOT,V04 admits only exact source-root/direct-flow paths; speculative V03 roots do not create authority.
V03R01598,RETURN_CONTINUATION_CANDIDATE,CANDIDATE,80:D277:E0M1X1,REJECTED_CANDIDATE_ROOT,V04 admits only exact source-root/direct-flow paths; speculative V03 roots do not create authority.
V03R01599,RETURN_CONTINUATION_CANDIDATE,CANDIDATE,81:D088:E0M1X1,REJECTED_CANDIDATE_ROOT,V04 admits only exact source-root/direct-flow paths; speculative V03 roots do not create authority.
V03R01600,RETURN_CONTINUATION_CANDIDATE,CANDIDATE,9F:F9FB:E0M0X0,REJECTED_CANDIDATE_ROOT,V04 admits only exact source-root/direct-flow paths; speculative V03 roots do not create authority.
V03R01601,RETURN_CONTINUATION_CANDIDATE,CANDIDATE,81:8E6D:E0M1X1,REJECTED_CANDIDATE_ROOT,V04 admits only exact source-root/direct-flow paths; speculative V03 roots do not create authority.
V03R01602,RETURN_CONTINUATION_CANDIDATE,CANDIDATE,80:B4E8:E0M1X1,REJECTED_CANDIDATE_ROOT,V04 admits only exact source-root/direct-flow paths; speculative V03 roots do not create authority.
V03R01603,RETURN_CONTINUATION_CANDIDATE,CANDIDATE,80:C50A:E0M1X1,REJECTED_CANDIDATE_ROOT,V04 admits only exact source-root/direct-flow paths; speculative V03 roots do not create authority.
V03R01604,RETURN_CONTINUATION_CANDIDATE,CANDIDATE,81:D08C:E0M1X1,REJECTED_CANDIDATE_ROOT,V04 admits only exact source-root/direct-flow paths; speculative V03 roots do not create authority.
V03R01605,RETURN_CONTINUATION_CANDIDATE,CANDIDATE,9F:F8B7:E0M0X0,REJECTED_CANDIDATE_ROOT,V04 admits only exact source-root/direct-flow paths; speculative V03 roots do not create authority.
V03R01606,RETURN_CONTINUATION_CANDIDATE,CANDIDATE,81:8E71:E0M1X1,REJECTED_CANDIDATE_ROOT,V04 admits only exact source-root/direct-flow paths; speculative V03 roots do not create authority.
V03R01607,RETURN_CONTINUATION_CANDIDATE,CANDIDATE,80:B4C1:E0M1X1,REJECTED_CANDIDATE_ROOT,V04 admits only exact source-root/direct-flow paths; speculative V03 roots do not create authority.
V03R01608,RETURN_CONTINUATION_CANDIDATE,CANDIDATE,80:A002:E0M1X1,REJECTED_CANDIDATE_ROOT,V04 admits only exact source-root/direct-flow paths; speculative V03 roots do not create authority.
V03R01609,RETURN_CONTINUATION_CANDIDATE,CANDIDATE,80:F93D:E0M1X0,REJECTED_CANDIDATE_ROOT,V04 admits only exact source-root/direct-flow paths; speculative V03 roots do not create authority.
V03R01610,RETURN_CONTINUATION_CANDIDATE,CANDIDATE,81:D090:E0M1X1,REJECTED_CANDIDATE_ROOT,V04 admits only exact source-root/direct-flow paths; speculative V03 roots do not create authority.
V03R01611,RETURN_CONTINUATION_CANDIDATE,CANDIDATE,81:8E75:E0M1X1,REJECTED_CANDIDATE_ROOT,V04 admits only exact source-root/direct-flow paths; speculative V03 roots do not create authority.
V03R01612,RETURN_CONTINUATION_CANDIDATE,CANDIDATE,80:D27E:E0M1X1,REJECTED_CANDIDATE_ROOT,V04 admits only exact source-root/direct-flow paths; speculative V03 roots do not create authority.
V03R01613,RETURN_CONTINUATION_CANDIDATE,CANDIDATE,81:8E52:E0M0X0,REJECTED_CANDIDATE_ROOT,V04 admits only exact source-root/direct-flow paths; speculative V03 roots do not create authority.
V03R01614,RETURN_CONTINUATION_CANDIDATE,CANDIDATE,80:FDE2:E0M1X1,REJECTED_CANDIDATE_ROOT,V04 admits only exact source-root/direct-flow paths; speculative V03 roots do not create authority.
V03R01615,RETURN_CONTINUATION_CANDIDATE,CANDIDATE,81:9016:E0M1X1,REJECTED_CANDIDATE_ROOT,V04 admits only exact source-root/direct-flow paths; speculative V03 roots do not create authority.
V03R01616,RETURN_CONTINUATION_CANDIDATE,CANDIDATE,92:E685:E0M1X1,REJECTED_CANDIDATE_ROOT,V04 admits only exact source-root/direct-flow paths; speculative V03 roots do not create authority.
V03R01617,RETURN_CONTINUATION_CANDIDATE,CANDIDATE,9F:F8CB:E0M0X0,REJECTED_CANDIDATE_ROOT,V04 admits only exact source-root/direct-flow paths; speculative V03 roots do not create authority.
V03R01618,RETURN_CONTINUATION_CANDIDATE,CANDIDATE,9F:FA03:E0M0X0,REJECTED_CANDIDATE_ROOT,V04 admits only exact source-root/direct-flow paths; speculative V03 roots do not create authority.
V03R01619,RETURN_CONTINUATION_CANDIDATE,CANDIDATE,9F:F8CF:E0M0X0,REJECTED_CANDIDATE_ROOT,V04 admits only exact source-root/direct-flow paths; speculative V03 roots do not create authority.
V03R01620,RETURN_CONTINUATION_CANDIDATE,CANDIDATE,9F:F8C5:E0M0X0,REJECTED_CANDIDATE_ROOT,V04 admits only exact source-root/direct-flow paths; speculative V03 roots do not create authority.
V03R01621,RETURN_CONTINUATION_CANDIDATE,CANDIDATE,81:8E35:E0M1X1,REJECTED_CANDIDATE_ROOT,V04 admits only exact source-root/direct-flow paths; speculative V03 roots do not create authority.
V03R01622,RETURN_CONTINUATION_CANDIDATE,CANDIDATE,9F:F8D2:E0M0X0,REJECTED_CANDIDATE_ROOT,V04 admits only exact source-root/direct-flow paths; speculative V03 roots do not create authority.
V03R01623,RETURN_CONTINUATION_CANDIDATE,CANDIDATE,81:8E5E:E0M0X0,REJECTED_CANDIDATE_ROOT,V04 admits only exact source-root/direct-flow paths; speculative V03 roots do not create authority.
V03R01624,RETURN_CONTINUATION_CANDIDATE,CANDIDATE,81:8E39:E0M1X1,REJECTED_CANDIDATE_ROOT,V04 admits only exact source-root/direct-flow paths; speculative V03 roots do not create authority.
V03R01625,RETURN_CONTINUATION_CANDIDATE,CANDIDATE,81:D0A3:E0M1X1,REJECTED_CANDIDATE_ROOT,V04 admits only exact source-root/direct-flow paths; speculative V03 roots do not create authority.
V03R01626,RETURN_CONTINUATION_CANDIDATE,CANDIDATE,81:8FA6:E0M1X1,REJECTED_CANDIDATE_ROOT,V04 admits only exact source-root/direct-flow paths; speculative V03 roots do not create authority.
V03R01627,RETURN_CONTINUATION_CANDIDATE,CANDIDATE,81:8EBB:E0M1X1,REJECTED_CANDIDATE_ROOT,V04 admits only exact source-root/direct-flow paths; speculative V03 roots do not create authority.
V03R01628,RETURN_CONTINUATION_CANDIDATE,CANDIDATE,92:E694:E0M1X1,REJECTED_CANDIDATE_ROOT,V04 admits only exact source-root/direct-flow paths; speculative V03 roots do not create authority.
V03R01629,RETURN_CONTINUATION_CANDIDATE,CANDIDATE,80:D28F:E0M1X1,REJECTED_CANDIDATE_ROOT,V04 admits only exact source-root/direct-flow paths; speculative V03 roots do not create authority.
V03R01630,RETURN_CONTINUATION_CANDIDATE,CANDIDATE,9F:FA14:E0M0X0,REJECTED_CANDIDATE_ROOT,V04 admits only exact source-root/direct-flow paths; speculative V03 roots do not create authority.
V03R01631,RETURN_CONTINUATION_CANDIDATE,CANDIDATE,80:8E00:E0M1X1,REJECTED_CANDIDATE_ROOT,V04 admits only exact source-root/direct-flow paths; speculative V03 roots do not create authority.
V03R01632,RETURN_CONTINUATION_CANDIDATE,CANDIDATE,80:92BD:E0M1X1,REJECTED_CANDIDATE_ROOT,V04 admits only exact source-root/direct-flow paths; speculative V03 roots do not create authority.
V03R01633,RETURN_CONTINUATION_CANDIDATE,CANDIDATE,80:FDF6:E0M1X1,REJECTED_CANDIDATE_ROOT,V04 admits only exact source-root/direct-flow paths; speculative V03 roots do not create authority.
V03R01634,RETURN_CONTINUATION_CANDIDATE,CANDIDATE,81:D0A9:E0M1X1,REJECTED_CANDIDATE_ROOT,V04 admits only exact source-root/direct-flow paths; speculative V03 roots do not create authority.
V03R01635,RETURN_CONTINUATION_CANDIDATE,CANDIDATE,9F:FA17:E0M0X0,REJECTED_CANDIDATE_ROOT,V04 admits only exact source-root/direct-flow paths; speculative V03 roots do not create authority.
V03R01636,RETURN_CONTINUATION_CANDIDATE,CANDIDATE,80:D296:E0M1X1,REJECTED_CANDIDATE_ROOT,V04 admits only exact source-root/direct-flow paths; speculative V03 roots do not create authority.
V03R01637,RETURN_CONTINUATION_CANDIDATE,CANDIDATE,80:C522:E0M1X1,REJECTED_CANDIDATE_ROOT,V04 admits only exact source-root/direct-flow paths; speculative V03 roots do not create authority.
V03R01638,RETURN_CONTINUATION_CANDIDATE,CANDIDATE,81:D0AF:E0M1X1,REJECTED_CANDIDATE_ROOT,V04 admits only exact source-root/direct-flow paths; speculative V03 roots do not create authority.
V03R01639,RETURN_CONTINUATION_CANDIDATE,CANDIDATE,9F:F8E1:E0M1X1,REJECTED_CANDIDATE_ROOT,V04 admits only exact source-root/direct-flow paths; speculative V03 roots do not create authority.
V03R01640,RETURN_CONTINUATION_CANDIDATE,CANDIDATE,92:EEA0:E0M0X0,REJECTED_CANDIDATE_ROOT,V04 admits only exact source-root/direct-flow paths; speculative V03 roots do not create authority.
V03R01641,RETURN_CONTINUATION_CANDIDATE,CANDIDATE,92:A646:E0M0X0,REJECTED_CANDIDATE_ROOT,V04 admits only exact source-root/direct-flow paths; speculative V03 roots do not create authority.
V03R01642,RETURN_CONTINUATION_CANDIDATE,CANDIDATE,80:FDFF:E0M1X1,REJECTED_CANDIDATE_ROOT,V04 admits only exact source-root/direct-flow paths; speculative V03 roots do not create authority.
V03R01643,RETURN_CONTINUATION_CANDIDATE,CANDIDATE,81:D0B3:E0M1X1,REJECTED_CANDIDATE_ROOT,V04 admits only exact source-root/direct-flow paths; speculative V03 roots do not create authority.
V03R01644,RETURN_CONTINUATION_CANDIDATE,CANDIDATE,9F:F8E5:E0M1X1,REJECTED_CANDIDATE_ROOT,V04 admits only exact source-root/direct-flow paths; speculative V03 roots do not create authority.
V03R01645,RETURN_CONTINUATION_CANDIDATE,CANDIDATE,81:8FB4:E0M0X0,REJECTED_CANDIDATE_ROOT,V04 admits only exact source-root/direct-flow paths; speculative V03 roots do not create authority.
V03R01646,RETURN_CONTINUATION_CANDIDATE,CANDIDATE,81:8EB4:E0M1X1,REJECTED_CANDIDATE_ROOT,V04 admits only exact source-root/direct-flow paths; speculative V03 roots do not create authority.
V03R01647,RETURN_CONTINUATION_CANDIDATE,CANDIDATE,92:E6A0:E0M1X1,REJECTED_CANDIDATE_ROOT,V04 admits only exact source-root/direct-flow paths; speculative V03 roots do not create authority.
V03R01648,RETURN_CONTINUATION_CANDIDATE,CANDIDATE,80:FE97:E0M1X1,REJECTED_CANDIDATE_ROOT,V04 admits only exact source-root/direct-flow paths; speculative V03 roots do not create authority.
V03R01649,RETURN_CONTINUATION_CANDIDATE,CANDIDATE,81:D0B7:E0M1X1,REJECTED_CANDIDATE_ROOT,V04 admits only exact source-root/direct-flow paths; speculative V03 roots do not create authority.
V03R01650,RETURN_CONTINUATION_CANDIDATE,CANDIDATE,9F:F8E9:E0M1X1,REJECTED_CANDIDATE_ROOT,V04 admits only exact source-root/direct-flow paths; speculative V03 roots do not create authority.
V03R01651,RETURN_CONTINUATION_CANDIDATE,CANDIDATE,80:D29D:E0M1X1,REJECTED_CANDIDATE_ROOT,V04 admits only exact source-root/direct-flow paths; speculative V03 roots do not create authority.
V03R01652,RETURN_CONTINUATION_CANDIDATE,CANDIDATE,81:D0BA:E0M1X1,REJECTED_CANDIDATE_ROOT,V04 admits only exact source-root/direct-flow paths; speculative V03 roots do not create authority.
V03R01653,RETURN_CONTINUATION_CANDIDATE,CANDIDATE,81:8FDB:E0M0X0,REJECTED_CANDIDATE_ROOT,V04 admits only exact source-root/direct-flow paths; speculative V03 roots do not create authority.
V03R01654,RETURN_CONTINUATION_CANDIDATE,CANDIDATE,81:8ECE:E0M1X1,REJECTED_CANDIDATE_ROOT,V04 admits only exact source-root/direct-flow paths; speculative V03 roots do not create authority.
V03R01655,RETURN_CONTINUATION_CANDIDATE,CANDIDATE,80:FE08:E0M1X1,REJECTED_CANDIDATE_ROOT,V04 admits only exact source-root/direct-flow paths; speculative V03 roots do not create authority.
V03R01656,RETURN_CONTINUATION_CANDIDATE,CANDIDATE,81:8FC0:E0M0X0,REJECTED_CANDIDATE_ROOT,V04 admits only exact source-root/direct-flow paths; speculative V03 roots do not create authority.
V03R01657,RETURN_CONTINUATION_CANDIDATE,CANDIDATE,80:B5F5:E0M1X1,REJECTED_CANDIDATE_ROOT,V04 admits only exact source-root/direct-flow paths; speculative V03 roots do not create authority.
V03R01658,RETURN_CONTINUATION_CANDIDATE,CANDIDATE,80:D2A4:E0M1X1,REJECTED_CANDIDATE_ROOT,V04 admits only exact source-root/direct-flow paths; speculative V03 roots do not create authority.
V03R01659,RETURN_CONTINUATION_CANDIDATE,CANDIDATE,81:8FE3:E0M1X1,REJECTED_CANDIDATE_ROOT,V04 admits only exact source-root/direct-flow paths; speculative V03 roots do not create authority.
V03R01660,RETURN_CONTINUATION_CANDIDATE,CANDIDATE,81:8ED6:E0M1X1,REJECTED_CANDIDATE_ROOT,V04 admits only exact source-root/direct-flow paths; speculative V03 roots do not create authority.
V03R01661,RETURN_CONTINUATION_CANDIDATE,CANDIDATE,80:B5F8:E0M1X1,REJECTED_CANDIDATE_ROOT,V04 admits only exact source-root/direct-flow paths; speculative V03 roots do not create authority.
V03R01662,RETURN_CONTINUATION_CANDIDATE,CANDIDATE,80:FE11:E0M1X1,REJECTED_CANDIDATE_ROOT,V04 admits only exact source-root/direct-flow paths; speculative V03 roots do not create authority.
V03R01663,RETURN_CONTINUATION_CANDIDATE,CANDIDATE,81:D0C5:E0M1X1,REJECTED_CANDIDATE_ROOT,V04 admits only exact source-root/direct-flow paths; speculative V03 roots do not create authority.
V03R01664,RETURN_CONTINUATION_CANDIDATE,CANDIDATE,80:CD85:E0M1X1,REJECTED_CANDIDATE_ROOT,V04 admits only exact source-root/direct-flow paths; speculative V03 roots do not create authority.
V03R01665,RETURN_CONTINUATION_CANDIDATE,CANDIDATE,80:B5FB:E0M1X1,REJECTED_CANDIDATE_ROOT,V04 admits only exact source-root/direct-flow paths; speculative V03 roots do not create authority.
V03R01666,RETURN_CONTINUATION_CANDIDATE,CANDIDATE,80:FEA5:E0M1X1,REJECTED_CANDIDATE_ROOT,V04 admits only exact source-root/direct-flow paths; speculative V03 roots do not create authority.
V03R01667,RETURN_CONTINUATION_CANDIDATE,CANDIDATE,81:D0C8:E0M1X1,REJECTED_CANDIDATE_ROOT,V04 admits only exact source-root/direct-flow paths; speculative V03 roots do not create authority.
V03R01668,RETURN_CONTINUATION_CANDIDATE,CANDIDATE,81:D0CB:E0M1X1,REJECTED_CANDIDATE_ROOT,V04 admits only exact source-root/direct-flow paths; speculative V03 roots do not create authority.
V03R01669,RETURN_CONTINUATION_CANDIDATE,CANDIDATE,81:900B:E0M0X0,REJECTED_CANDIDATE_ROOT,V04 admits only exact source-root/direct-flow paths; speculative V03 roots do not create authority.
V03R01670,RETURN_CONTINUATION_CANDIDATE,CANDIDATE,81:8EDE:E0M1X1,REJECTED_CANDIDATE_ROOT,V04 admits only exact source-root/direct-flow paths; speculative V03 roots do not create authority.
V03R01671,RETURN_CONTINUATION_CANDIDATE,CANDIDATE,81:D859:E0M0X0,REJECTED_CANDIDATE_ROOT,V04 admits only exact source-root/direct-flow paths; speculative V03 roots do not create authority.
V03R01672,RETURN_CONTINUATION_CANDIDATE,CANDIDATE,81:8FF1:E0M0X0,REJECTED_CANDIDATE_ROOT,V04 admits only exact source-root/direct-flow paths; speculative V03 roots do not create authority.
V03R01673,RETURN_CONTINUATION_CANDIDATE,CANDIDATE,80:FEAF:E0M1X1,REJECTED_CANDIDATE_ROOT,V04 admits only exact source-root/direct-flow paths; speculative V03 roots do not create authority.
V03R01674,RETURN_CONTINUATION_CANDIDATE,CANDIDATE,9F:FA39:E0M0X0,REJECTED_CANDIDATE_ROOT,V04 admits only exact source-root/direct-flow paths; speculative V03 roots do not create authority.
V03R01675,RETURN_CONTINUATION_CANDIDATE,CANDIDATE,92:EEC5:E0M0X0,REJECTED_CANDIDATE_ROOT,V04 admits only exact source-root/direct-flow paths; speculative V03 roots do not create authority.
V03R01676,RETURN_CONTINUATION_CANDIDATE,CANDIDATE,80:D2B5:E0M1X1,REJECTED_CANDIDATE_ROOT,V04 admits only exact source-root/direct-flow paths; speculative V03 roots do not create authority.
V03R01677,RETURN_CONTINUATION_CANDIDATE,CANDIDATE,81:D860:E0M0X0,REJECTED_CANDIDATE_ROOT,V04 admits only exact source-root/direct-flow paths; speculative V03 roots do not create authority.
V03R01678,RETURN_CONTINUATION_CANDIDATE,CANDIDATE,81:9F5B:E0M0X0,REJECTED_CANDIDATE_ROOT,V04 admits only exact source-root/direct-flow paths; speculative V03 roots do not create authority.
V03R01679,RETURN_CONTINUATION_CANDIDATE,CANDIDATE,80:FE25:E0M1X1,REJECTED_CANDIDATE_ROOT,V04 admits only exact source-root/direct-flow paths; speculative V03 roots do not create authority.
V03R01680,RETURN_CONTINUATION_CANDIDATE,CANDIDATE,9F:F006:E0M0X0,REJECTED_CANDIDATE_ROOT,V04 admits only exact source-root/direct-flow paths; speculative V03 roots do not create authority.
V03R01681,RETURN_CONTINUATION_CANDIDATE,CANDIDATE,81:D0E5:E0M1X1,REJECTED_CANDIDATE_ROOT,V04 admits only exact source-root/direct-flow paths; speculative V03 roots do not create authority.
V03R01682,RETURN_CONTINUATION_CANDIDATE,CANDIDATE,81:8FFD:E0M0X0,REJECTED_CANDIDATE_ROOT,V04 admits only exact source-root/direct-flow paths; speculative V03 roots do not create authority.
V03R01683,RETURN_CONTINUATION_CANDIDATE,CANDIDATE,80:D2BC:E0M1X1,REJECTED_CANDIDATE_ROOT,V04 admits only exact source-root/direct-flow paths; speculative V03 roots do not create authority.
V03R01684,RETURN_CONTINUATION_CANDIDATE,CANDIDATE,81:D0E9:E0M1X1,REJECTED_CANDIDATE_ROOT,V04 admits only exact source-root/direct-flow paths; speculative V03 roots do not create authority.
V03R01685,RETURN_CONTINUATION_CANDIDATE,CANDIDATE,80:FEBC:E0M1X1,REJECTED_CANDIDATE_ROOT,V04 admits only exact source-root/direct-flow paths; speculative V03 roots do not create authority.
V03R01686,RETURN_CONTINUATION_CANDIDATE,CANDIDATE,80:D2C3:E0M1X1,REJECTED_CANDIDATE_ROOT,V04 admits only exact source-root/direct-flow paths; speculative V03 roots do not create authority.
V03R01687,RETURN_CONTINUATION_CANDIDATE,CANDIDATE,81:D0F2:E0M1X1,REJECTED_CANDIDATE_ROOT,V04 admits only exact source-root/direct-flow paths; speculative V03 roots do not create authority.
V03R01688,RETURN_CONTINUATION_CANDIDATE,CANDIDATE,9F:FA4E:E0M0X0,REJECTED_CANDIDATE_ROOT,V04 admits only exact source-root/direct-flow paths; speculative V03 roots do not create authority.
V03R01689,RETURN_CONTINUATION_CANDIDATE,CANDIDATE,80:B79D:E0M1X1,REJECTED_CANDIDATE_ROOT,V04 admits only exact source-root/direct-flow paths; speculative V03 roots do not create authority.
V03R01690,RETURN_CONTINUATION_CANDIDATE,CANDIDATE,80:8E52:E0M1X1,REJECTED_CANDIDATE_ROOT,V04 admits only exact source-root/direct-flow paths; speculative V03 roots do not create authority.
V03R01691,RETURN_CONTINUATION_CANDIDATE,CANDIDATE,80:B631:E0M1X1,REJECTED_CANDIDATE_ROOT,V04 admits only exact source-root/direct-flow paths; speculative V03 roots do not create authority.
V03R01692,RETURN_CONTINUATION_CANDIDATE,CANDIDATE,80:D2CA:E0M1X1,REJECTED_CANDIDATE_ROOT,V04 admits only exact source-root/direct-flow paths; speculative V03 roots do not create authority.
V03R01693,RETURN_CONTINUATION_CANDIDATE,CANDIDATE,80:8E4A:E0M1X1,REJECTED_CANDIDATE_ROOT,V04 admits only exact source-root/direct-flow paths; speculative V03 roots do not create authority.
V03R01694,RETURN_CONTINUATION_CANDIDATE,CANDIDATE,9F:FA54:E0M0X0,REJECTED_CANDIDATE_ROOT,V04 admits only exact source-root/direct-flow paths; speculative V03 roots do not create authority.
V03R01695,RETURN_CONTINUATION_CANDIDATE,CANDIDATE,80:B6EB:E0M0X0,REJECTED_CANDIDATE_ROOT,V04 admits only exact source-root/direct-flow paths; speculative V03 roots do not create authority.
V03R01696,RETURN_CONTINUATION_CANDIDATE,CANDIDATE,80:B7AF:E0M1X1,REJECTED_CANDIDATE_ROOT,V04 admits only exact source-root/direct-flow paths; speculative V03 roots do not create authority.
V03R01697,RETURN_CONTINUATION_CANDIDATE,CANDIDATE,80:8F32:E0M1X1,REJECTED_CANDIDATE_ROOT,V04 admits only exact source-root/direct-flow paths; speculative V03 roots do not create authority.
V03R01698,RETURN_CONTINUATION_CANDIDATE,CANDIDATE,9F:FA66:E0M0X0,REJECTED_CANDIDATE_ROOT,V04 admits only exact source-root/direct-flow paths; speculative V03 roots do not create authority.
V03R01699,RETURN_CONTINUATION_CANDIDATE,CANDIDATE,80:B641:E0M1X1,REJECTED_CANDIDATE_ROOT,V04 admits only exact source-root/direct-flow paths; speculative V03 roots do not create authority.
V03R01700,RETURN_CONTINUATION_CANDIDATE,CANDIDATE,80:D2DB:E0M1X1,REJECTED_CANDIDATE_ROOT,V04 admits only exact source-root/direct-flow paths; speculative V03 roots do not create authority.
V03R01701,RETURN_CONTINUATION_CANDIDATE,CANDIDATE,80:8F3B:E0M1X1,REJECTED_CANDIDATE_ROOT,V04 admits only exact source-root/direct-flow paths; speculative V03 roots do not create authority.
V03R01702,RETURN_CONTINUATION_CANDIDATE,CANDIDATE,9F:FA6C:E0M0X0,REJECTED_CANDIDATE_ROOT,V04 admits only exact source-root/direct-flow paths; speculative V03 roots do not create authority.
V03R01703,RETURN_CONTINUATION_CANDIDATE,CANDIDATE,9F:FA70:E0M0X0,REJECTED_CANDIDATE_ROOT,V04 admits only exact source-root/direct-flow paths; speculative V03 roots do not create authority.
V03R01704,RETURN_CONTINUATION_CANDIDATE,CANDIDATE,80:D2E2:E0M1X1,REJECTED_CANDIDATE_ROOT,V04 admits only exact source-root/direct-flow paths; speculative V03 roots do not create authority.
V03R01705,RETURN_CONTINUATION_CANDIDATE,CANDIDATE,9F:FA73:E0M0X0,REJECTED_CANDIDATE_ROOT,V04 admits only exact source-root/direct-flow paths; speculative V03 roots do not create authority.
V03R01706,RETURN_CONTINUATION_CANDIDATE,CANDIDATE,80:B64B:E0M0X0,REJECTED_CANDIDATE_ROOT,V04 admits only exact source-root/direct-flow paths; speculative V03 roots do not create authority.
V03R01707,RETURN_CONTINUATION_CANDIDATE,CANDIDATE,80:FE56:E0M1X1,REJECTED_CANDIDATE_ROOT,V04 admits only exact source-root/direct-flow paths; speculative V03 roots do not create authority.
V03R01708,RETURN_CONTINUATION_CANDIDATE,CANDIDATE,80:D2E9:E0M1X1,REJECTED_CANDIDATE_ROOT,V04 admits only exact source-root/direct-flow paths; speculative V03 roots do not create authority.
V03R01709,RETURN_CONTINUATION_CANDIDATE,CANDIDATE,80:D2F0:E0M1X1,REJECTED_CANDIDATE_ROOT,V04 admits only exact source-root/direct-flow paths; speculative V03 roots do not create authority.
V03R01710,RETURN_CONTINUATION_CANDIDATE,CANDIDATE,9F:FA82:E0M1X1,REJECTED_CANDIDATE_ROOT,V04 admits only exact source-root/direct-flow paths; speculative V03 roots do not create authority.
V03R01711,RETURN_CONTINUATION_CANDIDATE,CANDIDATE,9F:FA86:E0M1X1,REJECTED_CANDIDATE_ROOT,V04 admits only exact source-root/direct-flow paths; speculative V03 roots do not create authority.
V03R01712,RETURN_CONTINUATION_CANDIDATE,CANDIDATE,9F:FA8A:E0M1X1,REJECTED_CANDIDATE_ROOT,V04 admits only exact source-root/direct-flow paths; speculative V03 roots do not create authority.
V03R01713,RETURN_CONTINUATION_CANDIDATE,CANDIDATE,80:8F5A:E0M1X1,REJECTED_CANDIDATE_ROOT,V04 admits only exact source-root/direct-flow paths; speculative V03 roots do not create authority.
V03R01714,RETURN_CONTINUATION_CANDIDATE,CANDIDATE,80:9D1C:E0M1X1,REJECTED_CANDIDATE_ROOT,V04 admits only exact source-root/direct-flow paths; speculative V03 roots do not create authority.
V03R01715,RETURN_CONTINUATION_CANDIDATE,CANDIDATE,80:9D1F:E0M1X1,REJECTED_CANDIDATE_ROOT,V04 admits only exact source-root/direct-flow paths; speculative V03 roots do not create authority.
V03R01716,RETURN_CONTINUATION_CANDIDATE,CANDIDATE,80:9D41:E0M1X1,REJECTED_CANDIDATE_ROOT,V04 admits only exact source-root/direct-flow paths; speculative V03 roots do not create authority.
V03R01717,RETURN_CONTINUATION_CANDIDATE,CANDIDATE,80:9D44:E0M1X1,REJECTED_CANDIDATE_ROOT,V04 admits only exact source-root/direct-flow paths; speculative V03 roots do not create authority.
V03R01718,RETURN_CONTINUATION_CANDIDATE,CANDIDATE,80:9D27:E0M1X1,REJECTED_CANDIDATE_ROOT,V04 admits only exact source-root/direct-flow paths; speculative V03 roots do not create authority.
V03R01719,RETURN_CONTINUATION_CANDIDATE,CANDIDATE,80:9D2A:E0M1X1,REJECTED_CANDIDATE_ROOT,V04 admits only exact source-root/direct-flow paths; speculative V03 roots do not create authority.
V03R01720,RETURN_CONTINUATION_CANDIDATE,CANDIDATE,80:9D34:E0M1X1,REJECTED_CANDIDATE_ROOT,V04 admits only exact source-root/direct-flow paths; speculative V03 roots do not create authority.
V03R01721,RETURN_CONTINUATION_CANDIDATE,CANDIDATE,80:8F7D:E0M1X1,REJECTED_CANDIDATE_ROOT,V04 admits only exact source-root/direct-flow paths; speculative V03 roots do not create authority.
V03R01722,RETURN_CONTINUATION_CANDIDATE,CANDIDATE,9F:F0C6:E0M0X0,REJECTED_CANDIDATE_ROOT,V04 admits only exact source-root/direct-flow paths; speculative V03 roots do not create authority.
V03R01723,RETURN_CONTINUATION_CANDIDATE,CANDIDATE,80:8FB0:E0M1X1,REJECTED_CANDIDATE_ROOT,V04 admits only exact source-root/direct-flow paths; speculative V03 roots do not create authority.
V03R01724,RETURN_CONTINUATION_CANDIDATE,CANDIDATE,80:8FD6:E0M1X1,REJECTED_CANDIDATE_ROOT,V04 admits only exact source-root/direct-flow paths; speculative V03 roots do not create authority.
