Proof_ID,Class,Consumer,Producer,Width,Bank,Phase,Index_Domain,Table_Bytes,Admitted_Targets,Rejected_Values,Failure_Rule,Evidence
V04P00001,DIRECT_TARGET,00:8000,encoded 24-bit target,16/24-bit target,00,V04C source graph,N/A,encoded instruction bytes,80:800C,unproved/misaligned/non-ROM values fail closed,no target outside exact finite set,V04C000001
V04P00002,DIRECT_TARGET,00:81BB,encoded 24-bit target,16/24-bit target,00,V04C source graph,N/A,encoded instruction bytes,80:81BF,unproved/misaligned/non-ROM values fail closed,no target outside exact finite set,V04C000002
V04P00003,DIRECT_TARGET,00:81BB,encoded 24-bit target,16/24-bit target,00,V04C source graph,N/A,encoded instruction bytes,80:81BF,unproved/misaligned/non-ROM values fail closed,no target outside exact finite set,V04C000003
V04P00004,DIRECT_TARGET,00:8166,encoded 24-bit target,16/24-bit target,00,V04C source graph,N/A,encoded instruction bytes,80:816A,unproved/misaligned/non-ROM values fail closed,no target outside exact finite set,V04C000004
V04P00005,DIRECT_TARGET,00:81FD,encoded 24-bit target,16/24-bit target,00,V04C source graph,N/A,encoded instruction bytes,80:8201,unproved/misaligned/non-ROM values fail closed,no target outside exact finite set,V04C000005
V04P00006,DIRECT_TARGET,00:81BB,encoded 24-bit target,16/24-bit target,00,V04C source graph,N/A,encoded instruction bytes,80:81BF,unproved/misaligned/non-ROM values fail closed,no target outside exact finite set,V04C000006
V04P00007,DIRECT_TARGET,00:81BB,encoded 24-bit target,16/24-bit target,00,V04C source graph,N/A,encoded instruction bytes,80:81BF,unproved/misaligned/non-ROM values fail closed,no target outside exact finite set,V04C000007
V04P00008,DIRECT_TARGET,00:81BB,encoded 24-bit target,16/24-bit target,00,V04C source graph,N/A,encoded instruction bytes,80:81BF,unproved/misaligned/non-ROM values fail closed,no target outside exact finite set,V04C000008
V04P00009,DIRECT_TARGET,00:81BB,encoded 24-bit target,16/24-bit target,00,V04C source graph,N/A,encoded instruction bytes,80:81BF,unproved/misaligned/non-ROM values fail closed,no target outside exact finite set,V04C000009
V04P00010,DIRECT_TARGET,00:81BB,encoded 24-bit target,16/24-bit target,00,V04C source graph,N/A,encoded instruction bytes,80:81BF,unproved/misaligned/non-ROM values fail closed,no target outside exact finite set,V04C000010
V04P00011,DIRECT_TARGET,00:81BB,encoded 24-bit target,16/24-bit target,00,V04C source graph,N/A,encoded instruction bytes,80:81BF,unproved/misaligned/non-ROM values fail closed,no target outside exact finite set,V04C000011
V04P00012,DIRECT_TARGET,00:81BB,encoded 24-bit target,16/24-bit target,00,V04C source graph,N/A,encoded instruction bytes,80:81BF,unproved/misaligned/non-ROM values fail closed,no target outside exact finite set,V04C000012
V04P00013,DIRECT_TARGET,00:81BB,encoded 24-bit target,16/24-bit target,00,V04C source graph,N/A,encoded instruction bytes,80:81BF,unproved/misaligned/non-ROM values fail closed,no target outside exact finite set,V04C000013
V04P00014,DIRECT_TARGET,00:81BB,encoded 24-bit target,16/24-bit target,00,V04C source graph,N/A,encoded instruction bytes,80:81BF,unproved/misaligned/non-ROM values fail closed,no target outside exact finite set,V04C000014
V04P00015,DIRECT_TARGET,00:81BB,encoded 24-bit target,16/24-bit target,00,V04C source graph,N/A,encoded instruction bytes,80:81BF,unproved/misaligned/non-ROM values fail closed,no target outside exact finite set,V04C000015
V04P00016,DIRECT_TARGET,00:81BB,encoded 24-bit target,16/24-bit target,00,V04C source graph,N/A,encoded instruction bytes,80:81BF,unproved/misaligned/non-ROM values fail closed,no target outside exact finite set,V04C000016
V04P00017,DIRECT_TARGET,00:81BB,encoded 24-bit target,16/24-bit target,00,V04C source graph,N/A,encoded instruction bytes,80:81BF,unproved/misaligned/non-ROM values fail closed,no target outside exact finite set,V04C000017
V04P00018,DIRECT_TARGET,00:8166,encoded 24-bit target,16/24-bit target,00,V04C source graph,N/A,encoded instruction bytes,80:816A,unproved/misaligned/non-ROM values fail closed,no target outside exact finite set,V04C000018
V04P00019,DIRECT_TARGET,00:8166,encoded 24-bit target,16/24-bit target,00,V04C source graph,N/A,encoded instruction bytes,80:816A,unproved/misaligned/non-ROM values fail closed,no target outside exact finite set,V04C000019
V04P00020,DIRECT_TARGET,00:8166,encoded 24-bit target,16/24-bit target,00,V04C source graph,N/A,encoded instruction bytes,80:816A,unproved/misaligned/non-ROM values fail closed,no target outside exact finite set,V04C000020
V04P00021,DIRECT_TARGET,00:8166,encoded 24-bit target,16/24-bit target,00,V04C source graph,N/A,encoded instruction bytes,80:816A,unproved/misaligned/non-ROM values fail closed,no target outside exact finite set,V04C000021
V04P00022,DIRECT_TARGET,00:81FD,encoded 24-bit target,16/24-bit target,00,V04C source graph,N/A,encoded instruction bytes,80:8201,unproved/misaligned/non-ROM values fail closed,no target outside exact finite set,V04C000022
V04P00023,DIRECT_TARGET,00:81FD,encoded 24-bit target,16/24-bit target,00,V04C source graph,N/A,encoded instruction bytes,80:8201,unproved/misaligned/non-ROM values fail closed,no target outside exact finite set,V04C000023
V04P00024,DIRECT_TARGET,00:81FD,encoded 24-bit target,16/24-bit target,00,V04C source graph,N/A,encoded instruction bytes,80:8201,unproved/misaligned/non-ROM values fail closed,no target outside exact finite set,V04C000024
V04P00025,DIRECT_TARGET,00:81FD,encoded 24-bit target,16/24-bit target,00,V04C source graph,N/A,encoded instruction bytes,80:8201,unproved/misaligned/non-ROM values fail closed,no target outside exact finite set,V04C000025
V04P00026,DIRECT_CALL,80:8038,encoded long call,24-bit,80,V04C source graph,N/A,encoded instruction bytes,92:EF72,all values outside exact producer domain,fail closed if table/index proof changes,V04C000288
V04P00027,RETURN,92:EFF0,logical direct call frame,24-bit return,80,V04C source graph,N/A,N/A,80:803C,any stack value not produced by paired call frame,fail closed when exact return frame absent,V04C000455
V04P00028,DIRECT_CALL,80:803C,encoded long call,24-bit,80,V04C source graph,N/A,encoded instruction bytes,92:EFF1,all values outside exact producer domain,fail closed if table/index proof changes,V04C000456
V04P00029,RETURN,92:F04C,logical direct call frame,24-bit return,80,V04C source graph,N/A,N/A,80:8040,any stack value not produced by paired call frame,fail closed when exact return frame absent,V04C000494
V04P00030,DIRECT_CALL,80:8040,encoded absolute call,16-bit,80,V04C source graph,N/A,encoded instruction bytes,80:8138,all values outside exact producer domain,fail closed if table/index proof changes,V04C000496
V04P00031,RETURN,92:F04C,logical direct call frame,24-bit return,80,V04C source graph,N/A,N/A,80:8040,any stack value not produced by paired call frame,fail closed when exact return frame absent,V04C000501
V04P00032,DIRECT_CALL,80:8040,encoded absolute call,16-bit,80,V04C source graph,N/A,encoded instruction bytes,80:8138,all values outside exact producer domain,fail closed if table/index proof changes,V04C000503
V04P00033,RETURN,80:8165,logical direct call frame,16-bit return,80,V04C source graph,N/A,N/A,80:8043,any stack value not produced by paired call frame,fail closed when exact return frame absent,V04C000536
V04P00034,DIRECT_CALL,80:8043,encoded long call,24-bit,80,V04C source graph,N/A,encoded instruction bytes,92:F04D,all values outside exact producer domain,fail closed if table/index proof changes,V04C000538
V04P00035,RETURN,80:8165,logical direct call frame,16-bit return,80,V04C source graph,N/A,N/A,80:8043,any stack value not produced by paired call frame,fail closed when exact return frame absent,V04C000543
V04P00036,DIRECT_CALL,80:8043,encoded long call,24-bit,80,V04C source graph,N/A,encoded instruction bytes,92:F04D,all values outside exact producer domain,fail closed if table/index proof changes,V04C000545
V04P00037,RETURN,92:F083,logical direct call frame,24-bit return,80,V04C source graph,N/A,N/A,80:8047,any stack value not produced by paired call frame,fail closed when exact return frame absent,V04C000563
V04P00038,DIRECT_CALL,80:8047,encoded absolute call,16-bit,80,V04C source graph,N/A,encoded instruction bytes,80:F8DB,all values outside exact producer domain,fail closed if table/index proof changes,V04C000565
V04P00039,DIRECT_CALL,80:F8DB,encoded absolute call,16-bit,80,V04C source graph,N/A,encoded instruction bytes,80:FB2F,all values outside exact producer domain,fail closed if table/index proof changes,V04C000566
V04P00040,RETURN,80:FB3D,logical direct call frame,16-bit return,80,V04C source graph,N/A,N/A,80:F8DE,any stack value not produced by paired call frame,fail closed when exact return frame absent,V04C000574
V04P00041,DIRECT_CALL,80:F8E0,encoded absolute call,16-bit,80,V04C source graph,N/A,encoded instruction bytes,80:FA38,all values outside exact producer domain,fail closed if table/index proof changes,V04C000576
V04P00042,DIRECT_CALL,80:FA45,encoded absolute call,16-bit,80,V04C source graph,N/A,encoded instruction bytes,80:FAEA,all values outside exact producer domain,fail closed if table/index proof changes,V04C000585
V04P00043,RETURN,80:FB1C,logical direct call frame,16-bit return,80,V04C source graph,N/A,N/A,80:FA48,any stack value not produced by paired call frame,fail closed when exact return frame absent,V04C000599
V04P00044,DIRECT_CALL,80:FA55,encoded absolute call,16-bit,80,V04C source graph,N/A,encoded instruction bytes,80:FB1D,all values outside exact producer domain,fail closed if table/index proof changes,V04C000607
V04P00045,RETURN,80:FB2E,logical direct call frame,16-bit return,80,V04C source graph,N/A,N/A,80:FA58,any stack value not produced by paired call frame,fail closed when exact return frame absent,V04C000614
V04P00046,DIRECT_CALL,80:FA58,encoded absolute call,16-bit,80,V04C source graph,N/A,encoded instruction bytes,80:FB1D,all values outside exact producer domain,fail closed if table/index proof changes,V04C000616
V04P00047,RETURN,80:FB2E,logical direct call frame,16-bit return,80,V04C source graph,N/A,N/A,80:FA58,any stack value not produced by paired call frame,fail closed when exact return frame absent,V04C000623
V04P00048,DIRECT_CALL,80:FA58,encoded absolute call,16-bit,80,V04C source graph,N/A,encoded instruction bytes,80:FB1D,all values outside exact producer domain,fail closed if table/index proof changes,V04C000625
V04P00049,RETURN,80:FB2E,logical direct call frame,16-bit return,80,V04C source graph,N/A,N/A,80:FA5B,any stack value not produced by paired call frame,fail closed when exact return frame absent,V04C000629
V04P00050,RETURN,80:FB2E,logical direct call frame,16-bit return,80,V04C source graph,N/A,N/A,80:FA5B,any stack value not produced by paired call frame,fail closed when exact return frame absent,V04C000643
V04P00051,DIRECT_CALL,80:FA64,encoded absolute call,16-bit,80,V04C source graph,N/A,encoded instruction bytes,80:FB1D,all values outside exact producer domain,fail closed if table/index proof changes,V04C000644
V04P00052,RETURN,80:FB2E,logical direct call frame,16-bit return,80,V04C source graph,N/A,N/A,80:FA67,any stack value not produced by paired call frame,fail closed when exact return frame absent,V04C000654
V04P00053,DIRECT_CALL,80:FA6C,encoded absolute call,16-bit,80,V04C source graph,N/A,encoded instruction bytes,80:FB1D,all values outside exact producer domain,fail closed if table/index proof changes,V04C000660
V04P00054,RETURN,80:FB2E,logical direct call frame,16-bit return,80,V04C source graph,N/A,N/A,80:FA67,any stack value not produced by paired call frame,fail closed when exact return frame absent,V04C000663
V04P00055,RETURN,80:FB2E,logical direct call frame,16-bit return,80,V04C source graph,N/A,N/A,80:FA6F,any stack value not produced by paired call frame,fail closed when exact return frame absent,V04C000670
V04P00056,RETURN,80:FB2E,logical direct call frame,16-bit return,80,V04C source graph,N/A,N/A,80:FA6F,any stack value not produced by paired call frame,fail closed when exact return frame absent,V04C000679
V04P00057,DIRECT_CALL,80:FA76,encoded absolute call,16-bit,80,V04C source graph,N/A,encoded instruction bytes,80:FB1D,all values outside exact producer domain,fail closed if table/index proof changes,V04C000680
V04P00058,RETURN,80:FB2E,logical direct call frame,16-bit return,80,V04C source graph,N/A,N/A,80:FA79,any stack value not produced by paired call frame,fail closed when exact return frame absent,V04C000689
V04P00059,RETURN,80:FB2E,logical direct call frame,16-bit return,80,V04C source graph,N/A,N/A,80:FA79,any stack value not produced by paired call frame,fail closed when exact return frame absent,V04C000698
V04P00060,DIRECT_CALL,80:FA88,encoded absolute call,16-bit,80,V04C source graph,N/A,encoded instruction bytes,80:FB1D,all values outside exact producer domain,fail closed if table/index proof changes,V04C000704
V04P00061,DIRECT_CALL,80:FA88,encoded absolute call,16-bit,80,V04C source graph,N/A,encoded instruction bytes,80:FB1D,all values outside exact producer domain,fail closed if table/index proof changes,V04C000714
V04P00062,RETURN,80:FB2E,logical direct call frame,16-bit return,80,V04C source graph,N/A,N/A,80:FA8B,any stack value not produced by paired call frame,fail closed when exact return frame absent,V04C000718
V04P00063,RETURN,80:FB2E,logical direct call frame,16-bit return,80,V04C source graph,N/A,N/A,80:FA8B,any stack value not produced by paired call frame,fail closed when exact return frame absent,V04C000732
V04P00064,RETURN,80:FB2E,logical direct call frame,16-bit return,80,V04C source graph,N/A,N/A,80:FA8B,any stack value not produced by paired call frame,fail closed when exact return frame absent,V04C000733
V04P00065,DIRECT_CALL,80:FA88,encoded absolute call,16-bit,80,V04C source graph,N/A,encoded instruction bytes,80:FB1D,all values outside exact producer domain,fail closed if table/index proof changes,V04C000741
V04P00066,RETURN,80:FB2E,logical direct call frame,16-bit return,80,V04C source graph,N/A,N/A,80:FA8B,any stack value not produced by paired call frame,fail closed when exact return frame absent,V04C000757
V04P00067,RETURN,80:FAE9,logical direct call frame,16-bit return,80,V04C source graph,N/A,N/A,80:F8E3,any stack value not produced by paired call frame,fail closed when exact return frame absent,V04C000802
V04P00068,DIRECT_CALL,80:F8E5,encoded absolute call,16-bit,80,V04C source graph,N/A,encoded instruction bytes,80:FA38,all values outside exact producer domain,fail closed if table/index proof changes,V04C000806
V04P00069,DIRECT_CALL,80:FA45,encoded absolute call,16-bit,80,V04C source graph,N/A,encoded instruction bytes,80:FAEA,all values outside exact producer domain,fail closed if table/index proof changes,V04C000820
V04P00070,RETURN,80:FB1C,logical direct call frame,16-bit return,80,V04C source graph,N/A,N/A,80:FA48,any stack value not produced by paired call frame,fail closed when exact return frame absent,V04C000850
V04P00071,DIRECT_CALL,80:FA55,encoded absolute call,16-bit,80,V04C source graph,N/A,encoded instruction bytes,80:FB1D,all values outside exact producer domain,fail closed if table/index proof changes,V04C000858
V04P00072,RETURN,80:FB2E,logical direct call frame,16-bit return,80,V04C source graph,N/A,N/A,80:FA58,any stack value not produced by paired call frame,fail closed when exact return frame absent,V04C000865
V04P00073,DIRECT_CALL,80:FA58,encoded absolute call,16-bit,80,V04C source graph,N/A,encoded instruction bytes,80:FB1D,all values outside exact producer domain,fail closed if table/index proof changes,V04C000867
V04P00074,RETURN,80:FB2E,logical direct call frame,16-bit return,80,V04C source graph,N/A,N/A,80:FA58,any stack value not produced by paired call frame,fail closed when exact return frame absent,V04C000874
V04P00075,DIRECT_CALL,80:FA58,encoded absolute call,16-bit,80,V04C source graph,N/A,encoded instruction bytes,80:FB1D,all values outside exact producer domain,fail closed if table/index proof changes,V04C000876
V04P00076,RETURN,80:FB2E,logical direct call frame,16-bit return,80,V04C source graph,N/A,N/A,80:FA5B,any stack value not produced by paired call frame,fail closed when exact return frame absent,V04C000880
V04P00077,RETURN,80:FB2E,logical direct call frame,16-bit return,80,V04C source graph,N/A,N/A,80:FA5B,any stack value not produced by paired call frame,fail closed when exact return frame absent,V04C000894
V04P00078,DIRECT_CALL,80:FA64,encoded absolute call,16-bit,80,V04C source graph,N/A,encoded instruction bytes,80:FB1D,all values outside exact producer domain,fail closed if table/index proof changes,V04C000895
V04P00079,RETURN,80:FB2E,logical direct call frame,16-bit return,80,V04C source graph,N/A,N/A,80:FA67,any stack value not produced by paired call frame,fail closed when exact return frame absent,V04C000905
V04P00080,DIRECT_CALL,80:FA6C,encoded absolute call,16-bit,80,V04C source graph,N/A,encoded instruction bytes,80:FB1D,all values outside exact producer domain,fail closed if table/index proof changes,V04C000911
V04P00081,RETURN,80:FB2E,logical direct call frame,16-bit return,80,V04C source graph,N/A,N/A,80:FA67,any stack value not produced by paired call frame,fail closed when exact return frame absent,V04C000914
V04P00082,RETURN,80:FB2E,logical direct call frame,16-bit return,80,V04C source graph,N/A,N/A,80:FA6F,any stack value not produced by paired call frame,fail closed when exact return frame absent,V04C000921
V04P00083,RETURN,80:FB2E,logical direct call frame,16-bit return,80,V04C source graph,N/A,N/A,80:FA6F,any stack value not produced by paired call frame,fail closed when exact return frame absent,V04C000930
V04P00084,DIRECT_CALL,80:FA76,encoded absolute call,16-bit,80,V04C source graph,N/A,encoded instruction bytes,80:FB1D,all values outside exact producer domain,fail closed if table/index proof changes,V04C000931
V04P00085,RETURN,80:FB2E,logical direct call frame,16-bit return,80,V04C source graph,N/A,N/A,80:FA79,any stack value not produced by paired call frame,fail closed when exact return frame absent,V04C000940
V04P00086,RETURN,80:FB2E,logical direct call frame,16-bit return,80,V04C source graph,N/A,N/A,80:FA79,any stack value not produced by paired call frame,fail closed when exact return frame absent,V04C000949
V04P00087,DIRECT_CALL,80:FA88,encoded absolute call,16-bit,80,V04C source graph,N/A,encoded instruction bytes,80:FB1D,all values outside exact producer domain,fail closed if table/index proof changes,V04C000955
V04P00088,DIRECT_CALL,80:FA88,encoded absolute call,16-bit,80,V04C source graph,N/A,encoded instruction bytes,80:FB1D,all values outside exact producer domain,fail closed if table/index proof changes,V04C000965
V04P00089,RETURN,80:FB2E,logical direct call frame,16-bit return,80,V04C source graph,N/A,N/A,80:FA8B,any stack value not produced by paired call frame,fail closed when exact return frame absent,V04C000969
V04P00090,RETURN,80:FB2E,logical direct call frame,16-bit return,80,V04C source graph,N/A,N/A,80:FA8B,any stack value not produced by paired call frame,fail closed when exact return frame absent,V04C000983
V04P00091,RETURN,80:FB2E,logical direct call frame,16-bit return,80,V04C source graph,N/A,N/A,80:FA8B,any stack value not produced by paired call frame,fail closed when exact return frame absent,V04C000984
V04P00092,DIRECT_CALL,80:FA88,encoded absolute call,16-bit,80,V04C source graph,N/A,encoded instruction bytes,80:FB1D,all values outside exact producer domain,fail closed if table/index proof changes,V04C000992
V04P00093,RETURN,80:FB2E,logical direct call frame,16-bit return,80,V04C source graph,N/A,N/A,80:FA8B,any stack value not produced by paired call frame,fail closed when exact return frame absent,V04C001008
V04P00094,RETURN,80:FAE9,logical direct call frame,16-bit return,80,V04C source graph,N/A,N/A,80:F8E8,any stack value not produced by paired call frame,fail closed when exact return frame absent,V04C001053
V04P00095,DIRECT_CALL,80:F8EA,encoded absolute call,16-bit,80,V04C source graph,N/A,encoded instruction bytes,80:FA38,all values outside exact producer domain,fail closed if table/index proof changes,V04C001057
V04P00096,DIRECT_CALL,80:FA45,encoded absolute call,16-bit,80,V04C source graph,N/A,encoded instruction bytes,80:FAEA,all values outside exact producer domain,fail closed if table/index proof changes,V04C001071
V04P00097,RETURN,80:FB1C,logical direct call frame,16-bit return,80,V04C source graph,N/A,N/A,80:FA48,any stack value not produced by paired call frame,fail closed when exact return frame absent,V04C001117
V04P00098,DIRECT_CALL,80:FA55,encoded absolute call,16-bit,80,V04C source graph,N/A,encoded instruction bytes,80:FB1D,all values outside exact producer domain,fail closed if table/index proof changes,V04C001125
V04P00099,RETURN,80:FB2E,logical direct call frame,16-bit return,80,V04C source graph,N/A,N/A,80:FA58,any stack value not produced by paired call frame,fail closed when exact return frame absent,V04C001132
V04P00100,DIRECT_CALL,80:FA58,encoded absolute call,16-bit,80,V04C source graph,N/A,encoded instruction bytes,80:FB1D,all values outside exact producer domain,fail closed if table/index proof changes,V04C001134
V04P00101,RETURN,80:FB2E,logical direct call frame,16-bit return,80,V04C source graph,N/A,N/A,80:FA58,any stack value not produced by paired call frame,fail closed when exact return frame absent,V04C001141
V04P00102,DIRECT_CALL,80:FA58,encoded absolute call,16-bit,80,V04C source graph,N/A,encoded instruction bytes,80:FB1D,all values outside exact producer domain,fail closed if table/index proof changes,V04C001143
V04P00103,RETURN,80:FB2E,logical direct call frame,16-bit return,80,V04C source graph,N/A,N/A,80:FA5B,any stack value not produced by paired call frame,fail closed when exact return frame absent,V04C001147
V04P00104,RETURN,80:FB2E,logical direct call frame,16-bit return,80,V04C source graph,N/A,N/A,80:FA5B,any stack value not produced by paired call frame,fail closed when exact return frame absent,V04C001161
V04P00105,DIRECT_CALL,80:FA64,encoded absolute call,16-bit,80,V04C source graph,N/A,encoded instruction bytes,80:FB1D,all values outside exact producer domain,fail closed if table/index proof changes,V04C001162
V04P00106,RETURN,80:FB2E,logical direct call frame,16-bit return,80,V04C source graph,N/A,N/A,80:FA67,any stack value not produced by paired call frame,fail closed when exact return frame absent,V04C001172
V04P00107,DIRECT_CALL,80:FA6C,encoded absolute call,16-bit,80,V04C source graph,N/A,encoded instruction bytes,80:FB1D,all values outside exact producer domain,fail closed if table/index proof changes,V04C001178
V04P00108,RETURN,80:FB2E,logical direct call frame,16-bit return,80,V04C source graph,N/A,N/A,80:FA67,any stack value not produced by paired call frame,fail closed when exact return frame absent,V04C001181
V04P00109,RETURN,80:FB2E,logical direct call frame,16-bit return,80,V04C source graph,N/A,N/A,80:FA6F,any stack value not produced by paired call frame,fail closed when exact return frame absent,V04C001188
V04P00110,RETURN,80:FB2E,logical direct call frame,16-bit return,80,V04C source graph,N/A,N/A,80:FA6F,any stack value not produced by paired call frame,fail closed when exact return frame absent,V04C001197
V04P00111,DIRECT_CALL,80:FA76,encoded absolute call,16-bit,80,V04C source graph,N/A,encoded instruction bytes,80:FB1D,all values outside exact producer domain,fail closed if table/index proof changes,V04C001198
V04P00112,RETURN,80:FB2E,logical direct call frame,16-bit return,80,V04C source graph,N/A,N/A,80:FA79,any stack value not produced by paired call frame,fail closed when exact return frame absent,V04C001207
V04P00113,RETURN,80:FB2E,logical direct call frame,16-bit return,80,V04C source graph,N/A,N/A,80:FA79,any stack value not produced by paired call frame,fail closed when exact return frame absent,V04C001216
V04P00114,DIRECT_CALL,80:FA88,encoded absolute call,16-bit,80,V04C source graph,N/A,encoded instruction bytes,80:FB1D,all values outside exact producer domain,fail closed if table/index proof changes,V04C001222
V04P00115,DIRECT_CALL,80:FA88,encoded absolute call,16-bit,80,V04C source graph,N/A,encoded instruction bytes,80:FB1D,all values outside exact producer domain,fail closed if table/index proof changes,V04C001232
V04P00116,RETURN,80:FB2E,logical direct call frame,16-bit return,80,V04C source graph,N/A,N/A,80:FA8B,any stack value not produced by paired call frame,fail closed when exact return frame absent,V04C001236
V04P00117,RETURN,80:FB2E,logical direct call frame,16-bit return,80,V04C source graph,N/A,N/A,80:FA8B,any stack value not produced by paired call frame,fail closed when exact return frame absent,V04C001250
V04P00118,RETURN,80:FB2E,logical direct call frame,16-bit return,80,V04C source graph,N/A,N/A,80:FA8B,any stack value not produced by paired call frame,fail closed when exact return frame absent,V04C001251
V04P00119,DIRECT_CALL,80:FA88,encoded absolute call,16-bit,80,V04C source graph,N/A,encoded instruction bytes,80:FB1D,all values outside exact producer domain,fail closed if table/index proof changes,V04C001259
V04P00120,RETURN,80:FB2E,logical direct call frame,16-bit return,80,V04C source graph,N/A,N/A,80:FA8B,any stack value not produced by paired call frame,fail closed when exact return frame absent,V04C001275
V04P00121,RETURN,80:FAE9,logical direct call frame,16-bit return,80,V04C source graph,N/A,N/A,80:F8ED,any stack value not produced by paired call frame,fail closed when exact return frame absent,V04C001320
V04P00122,DIRECT_CALL,80:F8EF,encoded absolute call,16-bit,80,V04C source graph,N/A,encoded instruction bytes,80:FA38,all values outside exact producer domain,fail closed if table/index proof changes,V04C001324
V04P00123,DIRECT_CALL,80:FA45,encoded absolute call,16-bit,80,V04C source graph,N/A,encoded instruction bytes,80:FAEA,all values outside exact producer domain,fail closed if table/index proof changes,V04C001338
V04P00124,RETURN,80:FB1C,logical direct call frame,16-bit return,80,V04C source graph,N/A,N/A,80:FA48,any stack value not produced by paired call frame,fail closed when exact return frame absent,V04C001400
V04P00125,DIRECT_CALL,80:FA55,encoded absolute call,16-bit,80,V04C source graph,N/A,encoded instruction bytes,80:FB1D,all values outside exact producer domain,fail closed if table/index proof changes,V04C001408
V04P00126,RETURN,80:FB2E,logical direct call frame,16-bit return,80,V04C source graph,N/A,N/A,80:FA58,any stack value not produced by paired call frame,fail closed when exact return frame absent,V04C001415
V04P00127,DIRECT_CALL,80:FA58,encoded absolute call,16-bit,80,V04C source graph,N/A,encoded instruction bytes,80:FB1D,all values outside exact producer domain,fail closed if table/index proof changes,V04C001417
V04P00128,RETURN,80:FB2E,logical direct call frame,16-bit return,80,V04C source graph,N/A,N/A,80:FA58,any stack value not produced by paired call frame,fail closed when exact return frame absent,V04C001424
V04P00129,DIRECT_CALL,80:FA58,encoded absolute call,16-bit,80,V04C source graph,N/A,encoded instruction bytes,80:FB1D,all values outside exact producer domain,fail closed if table/index proof changes,V04C001426
V04P00130,RETURN,80:FB2E,logical direct call frame,16-bit return,80,V04C source graph,N/A,N/A,80:FA5B,any stack value not produced by paired call frame,fail closed when exact return frame absent,V04C001430
V04P00131,RETURN,80:FB2E,logical direct call frame,16-bit return,80,V04C source graph,N/A,N/A,80:FA5B,any stack value not produced by paired call frame,fail closed when exact return frame absent,V04C001444
V04P00132,DIRECT_CALL,80:FA64,encoded absolute call,16-bit,80,V04C source graph,N/A,encoded instruction bytes,80:FB1D,all values outside exact producer domain,fail closed if table/index proof changes,V04C001445
V04P00133,RETURN,80:FB2E,logical direct call frame,16-bit return,80,V04C source graph,N/A,N/A,80:FA67,any stack value not produced by paired call frame,fail closed when exact return frame absent,V04C001455
V04P00134,DIRECT_CALL,80:FA6C,encoded absolute call,16-bit,80,V04C source graph,N/A,encoded instruction bytes,80:FB1D,all values outside exact producer domain,fail closed if table/index proof changes,V04C001461
V04P00135,RETURN,80:FB2E,logical direct call frame,16-bit return,80,V04C source graph,N/A,N/A,80:FA67,any stack value not produced by paired call frame,fail closed when exact return frame absent,V04C001464
V04P00136,RETURN,80:FB2E,logical direct call frame,16-bit return,80,V04C source graph,N/A,N/A,80:FA6F,any stack value not produced by paired call frame,fail closed when exact return frame absent,V04C001471
V04P00137,RETURN,80:FB2E,logical direct call frame,16-bit return,80,V04C source graph,N/A,N/A,80:FA6F,any stack value not produced by paired call frame,fail closed when exact return frame absent,V04C001480
V04P00138,DIRECT_CALL,80:FA76,encoded absolute call,16-bit,80,V04C source graph,N/A,encoded instruction bytes,80:FB1D,all values outside exact producer domain,fail closed if table/index proof changes,V04C001481
V04P00139,RETURN,80:FB2E,logical direct call frame,16-bit return,80,V04C source graph,N/A,N/A,80:FA79,any stack value not produced by paired call frame,fail closed when exact return frame absent,V04C001490
V04P00140,RETURN,80:FB2E,logical direct call frame,16-bit return,80,V04C source graph,N/A,N/A,80:FA79,any stack value not produced by paired call frame,fail closed when exact return frame absent,V04C001499
V04P00141,DIRECT_CALL,80:FA88,encoded absolute call,16-bit,80,V04C source graph,N/A,encoded instruction bytes,80:FB1D,all values outside exact producer domain,fail closed if table/index proof changes,V04C001505
V04P00142,DIRECT_CALL,80:FA88,encoded absolute call,16-bit,80,V04C source graph,N/A,encoded instruction bytes,80:FB1D,all values outside exact producer domain,fail closed if table/index proof changes,V04C001515
V04P00143,RETURN,80:FB2E,logical direct call frame,16-bit return,80,V04C source graph,N/A,N/A,80:FA8B,any stack value not produced by paired call frame,fail closed when exact return frame absent,V04C001519
V04P00144,RETURN,80:FB2E,logical direct call frame,16-bit return,80,V04C source graph,N/A,N/A,80:FA8B,any stack value not produced by paired call frame,fail closed when exact return frame absent,V04C001533
V04P00145,RETURN,80:FB2E,logical direct call frame,16-bit return,80,V04C source graph,N/A,N/A,80:FA8B,any stack value not produced by paired call frame,fail closed when exact return frame absent,V04C001534
V04P00146,DIRECT_CALL,80:FA88,encoded absolute call,16-bit,80,V04C source graph,N/A,encoded instruction bytes,80:FB1D,all values outside exact producer domain,fail closed if table/index proof changes,V04C001542
V04P00147,RETURN,80:FB2E,logical direct call frame,16-bit return,80,V04C source graph,N/A,N/A,80:FA8B,any stack value not produced by paired call frame,fail closed when exact return frame absent,V04C001558
V04P00148,RETURN,80:FAE9,logical direct call frame,16-bit return,80,V04C source graph,N/A,N/A,80:F8F2,any stack value not produced by paired call frame,fail closed when exact return frame absent,V04C001603
V04P00149,RETURN,80:F8FF,logical direct call frame,16-bit return,80,V04C source graph,N/A,N/A,80:804A,any stack value not produced by paired call frame,fail closed when exact return frame absent,V04C001615
V04P00150,DIRECT_CALL,80:804A,encoded absolute call,16-bit,80,V04C source graph,N/A,encoded instruction bytes,80:8114,all values outside exact producer domain,fail closed if table/index proof changes,V04C001617
V04P00151,DIRECT_CALL,80:8116,encoded absolute call,16-bit,80,V04C source graph,N/A,encoded instruction bytes,80:F97B,all values outside exact producer domain,fail closed if table/index proof changes,V04C001619
V04P00152,DIRECT_CALL,80:F97E,encoded absolute call,16-bit,80,V04C source graph,N/A,encoded instruction bytes,80:F9C2,all values outside exact producer domain,fail closed if table/index proof changes,V04C001622
V04P00153,RETURN,80:F9F1,logical direct call frame,16-bit return,80,V04C source graph,N/A,N/A,80:F981,any stack value not produced by paired call frame,fail closed when exact return frame absent,V04C001645
V04P00154,RETURN,80:F981,logical direct call frame,16-bit return,80,V04C source graph,N/A,N/A,80:8119,any stack value not produced by paired call frame,fail closed when exact return frame absent,V04C001647
V04P00155,RETURN,80:F9EA,logical direct call frame,16-bit return,80,V04C source graph,N/A,N/A,80:F981,any stack value not produced by paired call frame,fail closed when exact return frame absent,V04C001662
V04P00156,DIRECT_CALL,80:8129,encoded absolute call,16-bit,80,V04C source graph,N/A,encoded instruction bytes,80:F904,all values outside exact producer domain,fail closed if table/index proof changes,V04C001663
V04P00157,DIRECT_CALL,80:8129,encoded absolute call,16-bit,80,V04C source graph,N/A,encoded instruction bytes,80:F904,all values outside exact producer domain,fail closed if table/index proof changes,V04C001666
V04P00158,RETURN,80:F918,logical direct call frame,16-bit return,80,V04C source graph,N/A,N/A,80:812C,any stack value not produced by paired call frame,fail closed when exact return frame absent,V04C001669
V04P00159,DIRECT_CALL,80:812C,encoded absolute call,16-bit,80,V04C source graph,N/A,encoded instruction bytes,80:F986,all values outside exact producer domain,fail closed if table/index proof changes,V04C001672
V04P00160,RETURN,80:F918,logical direct call frame,16-bit return,80,V04C source graph,N/A,N/A,80:812C,any stack value not produced by paired call frame,fail closed when exact return frame absent,V04C001674
V04P00161,DIRECT_CALL,80:F90D,encoded absolute call,16-bit,80,V04C source graph,N/A,encoded instruction bytes,80:FA38,all values outside exact producer domain,fail closed if table/index proof changes,V04C001678
V04P00162,DIRECT_CALL,80:812C,encoded absolute call,16-bit,80,V04C source graph,N/A,encoded instruction bytes,80:F986,all values outside exact producer domain,fail closed if table/index proof changes,V04C001679
V04P00163,DIRECT_CALL,80:F90D,encoded absolute call,16-bit,80,V04C source graph,N/A,encoded instruction bytes,80:FA38,all values outside exact producer domain,fail closed if table/index proof changes,V04C001685
V04P00164,DIRECT_CALL,80:F915,encoded absolute call,16-bit,80,V04C source graph,N/A,encoded instruction bytes,80:F9C2,all values outside exact producer domain,fail closed if table/index proof changes,V04C001692
V04P00165,DIRECT_CALL,80:F991,encoded absolute call,16-bit,80,V04C source graph,N/A,encoded instruction bytes,80:F9F6,all values outside exact producer domain,fail closed if table/index proof changes,V04C001702
V04P00166,RETURN,80:F997,logical direct call frame,16-bit return,80,V04C source graph,N/A,N/A,80:812F,any stack value not produced by paired call frame,fail closed when exact return frame absent,V04C001707
V04P00167,DIRECT_CALL,80:F991,encoded absolute call,16-bit,80,V04C source graph,N/A,encoded instruction bytes,80:F9F6,all values outside exact producer domain,fail closed if table/index proof changes,V04C001712
V04P00168,RETURN,80:812F,logical direct call frame,16-bit return,80,V04C source graph,N/A,N/A,80:804D,any stack value not produced by paired call frame,fail closed when exact return frame absent,V04C001714
V04P00169,RETURN,80:F997,logical direct call frame,16-bit return,80,V04C source graph,N/A,N/A,80:812F,any stack value not produced by paired call frame,fail closed when exact return frame absent,V04C001718
V04P00170,RETURN,80:812F,logical direct call frame,16-bit return,80,V04C source graph,N/A,N/A,80:804D,any stack value not produced by paired call frame,fail closed when exact return frame absent,V04C001725
V04P00171,DIRECT_CALL,80:FA45,encoded absolute call,16-bit,80,V04C source graph,N/A,encoded instruction bytes,80:FAEA,all values outside exact producer domain,fail closed if table/index proof changes,V04C001731
V04P00172,DIRECT_CALL,80:FA45,encoded absolute call,16-bit,80,V04C source graph,N/A,encoded instruction bytes,80:FAEA,all values outside exact producer domain,fail closed if table/index proof changes,V04C001741
V04P00173,DIRECT_CALL,80:8054,encoded long call,24-bit,80,V04C source graph,N/A,encoded instruction bytes,81:AC40,all values outside exact producer domain,fail closed if table/index proof changes,V04C001742
V04P00174,DIRECT_CALL,80:8054,encoded long call,24-bit,80,V04C source graph,N/A,encoded instruction bytes,81:AC40,all values outside exact producer domain,fail closed if table/index proof changes,V04C001753
V04P00175,DIRECT_CALL,81:AC43,encoded absolute call,16-bit,81,V04C source graph,N/A,encoded instruction bytes,81:AC48,all values outside exact producer domain,fail closed if table/index proof changes,V04C001771
V04P00176,DIRECT_CALL,81:AC43,encoded absolute call,16-bit,81,V04C source graph,N/A,encoded instruction bytes,81:AC48,all values outside exact producer domain,fail closed if table/index proof changes,V04C001786
V04P00177,DIRECT_CALL,81:AC49,encoded absolute call,16-bit,81,V04C source graph,N/A,encoded instruction bytes,81:9D40,all values outside exact producer domain,fail closed if table/index proof changes,V04C001790
V04P00178,DIRECT_CALL,81:AC49,encoded absolute call,16-bit,81,V04C source graph,N/A,encoded instruction bytes,81:9D40,all values outside exact producer domain,fail closed if table/index proof changes,V04C001806
V04P00179,RETURN,80:FA37,logical direct call frame,16-bit return,80,V04C source graph,N/A,N/A,80:F994,any stack value not produced by paired call frame,fail closed when exact return frame absent,V04C001811
V04P00180,RETURN,80:FA37,logical direct call frame,16-bit return,80,V04C source graph,N/A,N/A,80:F994,any stack value not produced by paired call frame,fail closed when exact return frame absent,V04C001827
V04P00181,RETURN,80:F9F1,logical direct call frame,16-bit return,80,V04C source graph,N/A,N/A,80:F918,any stack value not produced by paired call frame,fail closed when exact return frame absent,V04C001833
V04P00182,RETURN,80:F918,logical direct call frame,16-bit return,80,V04C source graph,N/A,N/A,80:812C,any stack value not produced by paired call frame,fail closed when exact return frame absent,V04C001843
V04P00183,DIRECT_CALL,80:812C,encoded absolute call,16-bit,80,V04C source graph,N/A,encoded instruction bytes,80:F986,all values outside exact producer domain,fail closed if table/index proof changes,V04C001853
V04P00184,RETURN,80:FB1C,logical direct call frame,16-bit return,80,V04C source graph,N/A,N/A,80:FA48,any stack value not produced by paired call frame,fail closed when exact return frame absent,V04C001855
V04P00185,RETURN,80:F9EA,logical direct call frame,16-bit return,80,V04C source graph,N/A,N/A,80:F918,any stack value not produced by paired call frame,fail closed when exact return frame absent,V04C001905
V04P00186,DIRECT_CALL,81:9D5D,encoded long call,24-bit,81,V04C source graph,N/A,encoded instruction bytes,80:839B,all values outside exact producer domain,fail closed if table/index proof changes,V04C001914
V04P00187,DIRECT_CALL,80:F991,encoded absolute call,16-bit,80,V04C source graph,N/A,encoded instruction bytes,80:F9F6,all values outside exact producer domain,fail closed if table/index proof changes,V04C001917
V04P00188,RETURN,80:F997,logical direct call frame,16-bit return,80,V04C source graph,N/A,N/A,80:812F,any stack value not produced by paired call frame,fail closed when exact return frame absent,V04C001927
V04P00189,DIRECT_CALL,80:FA55,encoded absolute call,16-bit,80,V04C source graph,N/A,encoded instruction bytes,80:FB1D,all values outside exact producer domain,fail closed if table/index proof changes,V04C001929
V04P00190,DIRECT_CALL,81:9D5D,encoded long call,24-bit,81,V04C source graph,N/A,encoded instruction bytes,80:839B,all values outside exact producer domain,fail closed if table/index proof changes,V04C001932
V04P00191,RETURN,80:812F,logical direct call frame,16-bit return,80,V04C source graph,N/A,N/A,80:804D,any stack value not produced by paired call frame,fail closed when exact return frame absent,V04C001938
V04P00192,DIRECT_CALL,80:839E,encoded absolute call,16-bit,80,V04C source graph,N/A,encoded instruction bytes,80:83A3,all values outside exact producer domain,fail closed if table/index proof changes,V04C001956
V04P00193,RETURN,80:FB1C,logical direct call frame,16-bit return,80,V04C source graph,N/A,N/A,80:FA48,any stack value not produced by paired call frame,fail closed when exact return frame absent,V04C001960
V04P00194,DIRECT_CALL,80:839E,encoded absolute call,16-bit,80,V04C source graph,N/A,encoded instruction bytes,80:83A3,all values outside exact producer domain,fail closed if table/index proof changes,V04C001970
V04P00195,DIRECT_CALL,80:83A4,encoded absolute call,16-bit,80,V04C source graph,N/A,encoded instruction bytes,80:8320,all values outside exact producer domain,fail closed if table/index proof changes,V04C001973
V04P00196,RETURN,80:FB2E,logical direct call frame,16-bit return,80,V04C source graph,N/A,N/A,80:FA58,any stack value not produced by paired call frame,fail closed when exact return frame absent,V04C001985
V04P00197,DIRECT_CALL,80:83A4,encoded absolute call,16-bit,80,V04C source graph,N/A,encoded instruction bytes,80:8320,all values outside exact producer domain,fail closed if table/index proof changes,V04C001987
V04P00198,DIRECT_CALL,80:FA58,encoded absolute call,16-bit,80,V04C source graph,N/A,encoded instruction bytes,80:FB1D,all values outside exact producer domain,fail closed if table/index proof changes,V04C001994
V04P00199,RETURN,80:FA30,logical direct call frame,16-bit return,80,V04C source graph,N/A,N/A,80:F994,any stack value not produced by paired call frame,fail closed when exact return frame absent,V04C002001
V04P00200,RETURN,80:FA30,logical direct call frame,16-bit return,80,V04C source graph,N/A,N/A,80:F994,any stack value not produced by paired call frame,fail closed when exact return frame absent,V04C002017
V04P00201,RETURN,80:FB2E,logical direct call frame,16-bit return,80,V04C source graph,N/A,N/A,80:FA58,any stack value not produced by paired call frame,fail closed when exact return frame absent,V04C002025
V04P00202,DIRECT_CALL,80:FA58,encoded absolute call,16-bit,80,V04C source graph,N/A,encoded instruction bytes,80:FB1D,all values outside exact producer domain,fail closed if table/index proof changes,V04C002034
V04P00203,RETURN,80:FA37,logical direct call frame,16-bit return,80,V04C source graph,N/A,N/A,80:F994,any stack value not produced by paired call frame,fail closed when exact return frame absent,V04C002047
V04P00204,RETURN,80:FB2E,logical direct call frame,16-bit return,80,V04C source graph,N/A,N/A,80:FA5B,any stack value not produced by paired call frame,fail closed when exact return frame absent,V04C002049
V04P00205,RETURN,80:FB2E,logical direct call frame,16-bit return,80,V04C source graph,N/A,N/A,80:FA5B,any stack value not produced by paired call frame,fail closed when exact return frame absent,V04C002079
V04P00206,DIRECT_CALL,80:FA64,encoded absolute call,16-bit,80,V04C source graph,N/A,encoded instruction bytes,80:FB1D,all values outside exact producer domain,fail closed if table/index proof changes,V04C002084
V04P00207,RETURN,80:833B,logical direct call frame,16-bit return,80,V04C source graph,N/A,N/A,80:83A7,any stack value not produced by paired call frame,fail closed when exact return frame absent,V04C002100
V04P00208,RETURN,80:FB2E,logical direct call frame,16-bit return,80,V04C source graph,N/A,N/A,80:FA67,any stack value not produced by paired call frame,fail closed when exact return frame absent,V04C002116
V04P00209,RETURN,80:FB1C,logical direct call frame,16-bit return,80,V04C source graph,N/A,N/A,80:FA48,any stack value not produced by paired call frame,fail closed when exact return frame absent,V04C002118
V04P00210,DIRECT_CALL,80:FA6C,encoded absolute call,16-bit,80,V04C source graph,N/A,encoded instruction bytes,80:FB1D,all values outside exact producer domain,fail closed if table/index proof changes,V04C002131
V04P00211,RETURN,80:FB2E,logical direct call frame,16-bit return,80,V04C source graph,N/A,N/A,80:FA67,any stack value not produced by paired call frame,fail closed when exact return frame absent,V04C002137
V04P00212,DIRECT_CALL,80:FA55,encoded absolute call,16-bit,80,V04C source graph,N/A,encoded instruction bytes,80:FB1D,all values outside exact producer domain,fail closed if table/index proof changes,V04C002152
V04P00213,RETURN,80:FA30,logical direct call frame,16-bit return,80,V04C source graph,N/A,N/A,80:F994,any stack value not produced by paired call frame,fail closed when exact return frame absent,V04C002154
V04P00214,RETURN,80:FB2E,logical direct call frame,16-bit return,80,V04C source graph,N/A,N/A,80:FA6F,any stack value not produced by paired call frame,fail closed when exact return frame absent,V04C002160
V04P00215,DIRECT_CALL,80:83C2,encoded absolute call,16-bit,80,V04C source graph,N/A,encoded instruction bytes,80:83CE,all values outside exact producer domain,fail closed if table/index proof changes,V04C002168
V04P00216,DIRECT_CALL,80:83BD,encoded absolute call,16-bit,80,V04C source graph,N/A,encoded instruction bytes,80:852C,all values outside exact producer domain,fail closed if table/index proof changes,V04C002169
V04P00217,RETURN,80:FB2E,logical direct call frame,16-bit return,80,V04C source graph,N/A,N/A,80:FA6F,any stack value not produced by paired call frame,fail closed when exact return frame absent,V04C002183
V04P00218,RETURN,80:FB2E,logical direct call frame,16-bit return,80,V04C source graph,N/A,N/A,80:FA58,any stack value not produced by paired call frame,fail closed when exact return frame absent,V04C002184
V04P00219,DIRECT_CALL,80:FA76,encoded absolute call,16-bit,80,V04C source graph,N/A,encoded instruction bytes,80:FB1D,all values outside exact producer domain,fail closed if table/index proof changes,V04C002188
V04P00220,DIRECT_CALL,80:FA58,encoded absolute call,16-bit,80,V04C source graph,N/A,encoded instruction bytes,80:FB1D,all values outside exact producer domain,fail closed if table/index proof changes,V04C002190
V04P00221,RETURN,80:FB2E,logical direct call frame,16-bit return,80,V04C source graph,N/A,N/A,80:FA58,any stack value not produced by paired call frame,fail closed when exact return frame absent,V04C002207
V04P00222,DIRECT_CALL,80:FA58,encoded absolute call,16-bit,80,V04C source graph,N/A,encoded instruction bytes,80:FB1D,all values outside exact producer domain,fail closed if table/index proof changes,V04C002212
V04P00223,RETURN,80:FB2E,logical direct call frame,16-bit return,80,V04C source graph,N/A,N/A,80:FA79,any stack value not produced by paired call frame,fail closed when exact return frame absent,V04C002222
V04P00224,RETURN,80:FB2E,logical direct call frame,16-bit return,80,V04C source graph,N/A,N/A,80:FA5B,any stack value not produced by paired call frame,fail closed when exact return frame absent,V04C002224
V04P00225,RETURN,80:FB2E,logical direct call frame,16-bit return,80,V04C source graph,N/A,N/A,80:FA79,any stack value not produced by paired call frame,fail closed when exact return frame absent,V04C002252
V04P00226,RETURN,80:FB2E,logical direct call frame,16-bit return,80,V04C source graph,N/A,N/A,80:FA5B,any stack value not produced by paired call frame,fail closed when exact return frame absent,V04C002254
V04P00227,DIRECT_CALL,80:FA64,encoded absolute call,16-bit,80,V04C source graph,N/A,encoded instruction bytes,80:FB1D,all values outside exact producer domain,fail closed if table/index proof changes,V04C002259
V04P00228,DIRECT_CALL,80:FA88,encoded absolute call,16-bit,80,V04C source graph,N/A,encoded instruction bytes,80:FB1D,all values outside exact producer domain,fail closed if table/index proof changes,V04C002270
V04P00229,DIRECT_CALL,80:FA88,encoded absolute call,16-bit,80,V04C source graph,N/A,encoded instruction bytes,80:FB1D,all values outside exact producer domain,fail closed if table/index proof changes,V04C002299
V04P00230,RETURN,80:FB2E,logical direct call frame,16-bit return,80,V04C source graph,N/A,N/A,80:FA67,any stack value not produced by paired call frame,fail closed when exact return frame absent,V04C002300
V04P00231,RETURN,80:FB2E,logical direct call frame,16-bit return,80,V04C source graph,N/A,N/A,80:FA8B,any stack value not produced by paired call frame,fail closed when exact return frame absent,V04C002316
V04P00232,DIRECT_CALL,80:FA6C,encoded absolute call,16-bit,80,V04C source graph,N/A,encoded instruction bytes,80:FB1D,all values outside exact producer domain,fail closed if table/index proof changes,V04C002329
V04P00233,RETURN,80:FB2E,logical direct call frame,16-bit return,80,V04C source graph,N/A,N/A,80:FA67,any stack value not produced by paired call frame,fail closed when exact return frame absent,V04C002340
V04P00234,RETURN,80:FB2E,logical direct call frame,16-bit return,80,V04C source graph,N/A,N/A,80:FA8B,any stack value not produced by paired call frame,fail closed when exact return frame absent,V04C002359
V04P00235,RETURN,80:FB2E,logical direct call frame,16-bit return,80,V04C source graph,N/A,N/A,80:FA8B,any stack value not produced by paired call frame,fail closed when exact return frame absent,V04C002360
V04P00236,RETURN,80:FB2E,logical direct call frame,16-bit return,80,V04C source graph,N/A,N/A,80:FA6F,any stack value not produced by paired call frame,fail closed when exact return frame absent,V04C002385
V04P00237,DIRECT_CALL,80:FA88,encoded absolute call,16-bit,80,V04C source graph,N/A,encoded instruction bytes,80:FB1D,all values outside exact producer domain,fail closed if table/index proof changes,V04C002404
V04P00238,RETURN,80:FB2E,logical direct call frame,16-bit return,80,V04C source graph,N/A,N/A,80:FA6F,any stack value not produced by paired call frame,fail closed when exact return frame absent,V04C002413
V04P00239,DIRECT_CALL,80:FA76,encoded absolute call,16-bit,80,V04C source graph,N/A,encoded instruction bytes,80:FB1D,all values outside exact producer domain,fail closed if table/index proof changes,V04C002418
V04P00240,RETURN,80:FB2E,logical direct call frame,16-bit return,80,V04C source graph,N/A,N/A,80:FA8B,any stack value not produced by paired call frame,fail closed when exact return frame absent,V04C002442
V04P00241,RETURN,80:FB2E,logical direct call frame,16-bit return,80,V04C source graph,N/A,N/A,80:FA79,any stack value not produced by paired call frame,fail closed when exact return frame absent,V04C002457
V04P00242,RETURN,80:FB2E,logical direct call frame,16-bit return,80,V04C source graph,N/A,N/A,80:FA79,any stack value not produced by paired call frame,fail closed when exact return frame absent,V04C002482
V04P00243,DIRECT_CALL,80:FA88,encoded absolute call,16-bit,80,V04C source graph,N/A,encoded instruction bytes,80:FB1D,all values outside exact producer domain,fail closed if table/index proof changes,V04C002501
V04P00244,DIRECT_CALL,80:FA88,encoded absolute call,16-bit,80,V04C source graph,N/A,encoded instruction bytes,80:FB1D,all values outside exact producer domain,fail closed if table/index proof changes,V04C002533
V04P00245,RETURN,80:FB2E,logical direct call frame,16-bit return,80,V04C source graph,N/A,N/A,80:FA8B,any stack value not produced by paired call frame,fail closed when exact return frame absent,V04C002547
V04P00246,RETURN,80:FAE9,logical direct call frame,16-bit return,80,V04C source graph,N/A,N/A,80:F910,any stack value not produced by paired call frame,fail closed when exact return frame absent,V04C002559
V04P00247,RETURN,80:FB2E,logical direct call frame,16-bit return,80,V04C source graph,N/A,N/A,80:FA8B,any stack value not produced by paired call frame,fail closed when exact return frame absent,V04C002575
V04P00248,RETURN,80:FB2E,logical direct call frame,16-bit return,80,V04C source graph,N/A,N/A,80:FA8B,any stack value not produced by paired call frame,fail closed when exact return frame absent,V04C002576
V04P00249,DIRECT_CALL,80:FA88,encoded absolute call,16-bit,80,V04C source graph,N/A,encoded instruction bytes,80:FB1D,all values outside exact producer domain,fail closed if table/index proof changes,V04C002600
V04P00250,RETURN,80:FB2E,logical direct call frame,16-bit return,80,V04C source graph,N/A,N/A,80:FA8B,any stack value not produced by paired call frame,fail closed when exact return frame absent,V04C002628
V04P00251,DIRECT_CALL,80:844F,encoded absolute call,16-bit,80,V04C source graph,N/A,encoded instruction bytes,80:84E0,all values outside exact producer domain,fail closed if table/index proof changes,V04C002697
V04P00252,RETURN,80:85B5,logical direct call frame,16-bit return,80,V04C source graph,N/A,N/A,80:83C0,any stack value not produced by paired call frame,fail closed when exact return frame absent,V04C002742
V04P00253,RETURN,80:85B5,logical direct call frame,16-bit return,80,V04C source graph,N/A,N/A,80:83C0,any stack value not produced by paired call frame,fail closed when exact return frame absent,V04C002790
V04P00254,RETURN,80:84EC,logical direct call frame,16-bit return,80,V04C source graph,N/A,N/A,80:8452,any stack value not produced by paired call frame,fail closed when exact return frame absent,V04C002812
V04P00255,RETURN,80:FAE9,logical direct call frame,16-bit return,80,V04C source graph,N/A,N/A,80:F910,any stack value not produced by paired call frame,fail closed when exact return frame absent,V04C002822
V04P00256,RETURN,80:84F6,logical direct call frame,16-bit return,80,V04C source graph,N/A,N/A,80:8452,any stack value not produced by paired call frame,fail closed when exact return frame absent,V04C002840
V04P00257,DIRECT_CALL,80:844F,encoded absolute call,16-bit,80,V04C source graph,N/A,encoded instruction bytes,80:84E0,all values outside exact producer domain,fail closed if table/index proof changes,V04C002843
V04P00258,RETURN,80:83CD,logical direct call frame,16-bit return,80,V04C source graph,N/A,N/A,80:83A1,any stack value not produced by paired call frame,fail closed when exact return frame absent,V04C002858
V04P00259,RETURN,80:8458,logical direct call frame,16-bit return,80,V04C source graph,N/A,N/A,80:83C5,any stack value not produced by paired call frame,fail closed when exact return frame absent,V04C002865
V04P00260,DIRECT_CALL,80:F915,encoded absolute call,16-bit,80,V04C source graph,N/A,encoded instruction bytes,80:F9C2,all values outside exact producer domain,fail closed if table/index proof changes,V04C002873
V04P00261,RETURN,80:83A2,logical direct call frame,24-bit return,81,V04C source graph,N/A,N/A,81:9D61,any stack value not produced by paired call frame,fail closed when exact return frame absent,V04C002882
V04P00262,RETURN,80:83CD,logical direct call frame,16-bit return,80,V04C source graph,N/A,N/A,80:83A1,any stack value not produced by paired call frame,fail closed when exact return frame absent,V04C002898
V04P00263,RETURN,80:83A2,logical direct call frame,24-bit return,81,V04C source graph,N/A,N/A,81:9D61,any stack value not produced by paired call frame,fail closed when exact return frame absent,V04C002926
V04P00264,RETURN,81:9D69,logical direct call frame,16-bit return,81,V04C source graph,N/A,N/A,81:AC4C,any stack value not produced by paired call frame,fail closed when exact return frame absent,V04C002939
V04P00265,DIRECT_CALL,81:AC4C,encoded absolute call,16-bit,81,V04C source graph,N/A,encoded instruction bytes,81:9DB1,all values outside exact producer domain,fail closed if table/index proof changes,V04C002955
V04P00266,RETURN,80:83CD,logical direct call frame,16-bit return,80,V04C source graph,N/A,N/A,80:83A1,any stack value not produced by paired call frame,fail closed when exact return frame absent,V04C002963
V04P00267,RETURN,81:9D69,logical direct call frame,16-bit return,81,V04C source graph,N/A,N/A,81:AC4C,any stack value not produced by paired call frame,fail closed when exact return frame absent,V04C002993
V04P00268,DIRECT_CALL,81:AC4C,encoded absolute call,16-bit,81,V04C source graph,N/A,encoded instruction bytes,81:9DB1,all values outside exact producer domain,fail closed if table/index proof changes,V04C003008
V04P00269,DIRECT_CALL,80:84B7,encoded absolute call,16-bit,80,V04C source graph,N/A,encoded instruction bytes,80:84E0,all values outside exact producer domain,fail closed if table/index proof changes,V04C003010
V04P00270,RETURN,80:85B5,logical direct call frame,16-bit return,80,V04C source graph,N/A,N/A,80:83C0,any stack value not produced by paired call frame,fail closed when exact return frame absent,V04C003063
V04P00271,DIRECT_CALL,80:844F,encoded absolute call,16-bit,80,V04C source graph,N/A,encoded instruction bytes,80:84E0,all values outside exact producer domain,fail closed if table/index proof changes,V04C003088
V04P00272,RETURN,80:85B5,logical direct call frame,16-bit return,80,V04C source graph,N/A,N/A,80:83C0,any stack value not produced by paired call frame,fail closed when exact return frame absent,V04C003115
V04P00273,RETURN,80:84EC,logical direct call frame,16-bit return,80,V04C source graph,N/A,N/A,80:84BA,any stack value not produced by paired call frame,fail closed when exact return frame absent,V04C003139
V04P00274,RETURN,80:F9F1,logical direct call frame,16-bit return,80,V04C source graph,N/A,N/A,80:F918,any stack value not produced by paired call frame,fail closed when exact return frame absent,V04C003154
V04P00275,RETURN,80:F918,logical direct call frame,16-bit return,80,V04C source graph,N/A,N/A,80:812C,any stack value not produced by paired call frame,fail closed when exact return frame absent,V04C003170
V04P00276,RETURN,80:84F6,logical direct call frame,16-bit return,80,V04C source graph,N/A,N/A,80:84BA,any stack value not produced by paired call frame,fail closed when exact return frame absent,V04C003172
V04P00277,DIRECT_CALL,80:84B7,encoded absolute call,16-bit,80,V04C source graph,N/A,encoded instruction bytes,80:84E0,all values outside exact producer domain,fail closed if table/index proof changes,V04C003177
V04P00278,DIRECT_CALL,80:812C,encoded absolute call,16-bit,80,V04C source graph,N/A,encoded instruction bytes,80:F986,all values outside exact producer domain,fail closed if table/index proof changes,V04C003186
V04P00279,RETURN,80:84EC,logical direct call frame,16-bit return,80,V04C source graph,N/A,N/A,80:8452,any stack value not produced by paired call frame,fail closed when exact return frame absent,V04C003220
V04P00280,RETURN,80:84F6,logical direct call frame,16-bit return,80,V04C source graph,N/A,N/A,80:8452,any stack value not produced by paired call frame,fail closed when exact return frame absent,V04C003252
V04P00281,RETURN,80:F9EA,logical direct call frame,16-bit return,80,V04C source graph,N/A,N/A,80:F918,any stack value not produced by paired call frame,fail closed when exact return frame absent,V04C003264
V04P00282,DIRECT_CALL,80:F991,encoded absolute call,16-bit,80,V04C source graph,N/A,encoded instruction bytes,80:F9F6,all values outside exact producer domain,fail closed if table/index proof changes,V04C003278
V04P00283,RETURN,80:8458,logical direct call frame,16-bit return,80,V04C source graph,N/A,N/A,80:83C5,any stack value not produced by paired call frame,fail closed when exact return frame absent,V04C003283
V04P00284,RETURN,80:F997,logical direct call frame,16-bit return,80,V04C source graph,N/A,N/A,80:812F,any stack value not produced by paired call frame,fail closed when exact return frame absent,V04C003295
V04P00285,RETURN,80:812F,logical direct call frame,16-bit return,80,V04C source graph,N/A,N/A,80:804D,any stack value not produced by paired call frame,fail closed when exact return frame absent,V04C003313
V04P00286,RETURN,80:85B5,logical direct call frame,16-bit return,80,V04C source graph,N/A,N/A,80:83C0,any stack value not produced by paired call frame,fail closed when exact return frame absent,V04C003341
V04P00287,DIRECT_TARGET,80:84DD,encoded 16-bit target,16/24-bit target,80,V04C source graph,N/A,encoded instruction bytes,80:8429,unproved/misaligned/non-ROM values fail closed,no target outside exact finite set,V04C003357
V04P00288,DIRECT_TARGET,80:84DD,encoded 16-bit target,16/24-bit target,80,V04C source graph,N/A,encoded instruction bytes,80:8429,unproved/misaligned/non-ROM values fail closed,no target outside exact finite set,V04C003382
V04P00289,DIRECT_CALL,80:8054,encoded long call,24-bit,80,V04C source graph,N/A,encoded instruction bytes,81:AC40,all values outside exact producer domain,fail closed if table/index proof changes,V04C003402
V04P00290,DIRECT_CALL,80:84B7,encoded absolute call,16-bit,80,V04C source graph,N/A,encoded instruction bytes,80:84E0,all values outside exact producer domain,fail closed if table/index proof changes,V04C003428
V04P00291,DIRECT_CALL,80:84B7,encoded absolute call,16-bit,80,V04C source graph,N/A,encoded instruction bytes,80:84E0,all values outside exact producer domain,fail closed if table/index proof changes,V04C003451
V04P00292,RETURN,80:85B5,logical direct call frame,16-bit return,80,V04C source graph,N/A,N/A,80:83C0,any stack value not produced by paired call frame,fail closed when exact return frame absent,V04C003461
V04P00293,DIRECT_CALL,81:9E03,encoded absolute call,16-bit,81,V04C source graph,N/A,encoded instruction bytes,81:A057,all values outside exact producer domain,fail closed if table/index proof changes,V04C003487
V04P00294,DIRECT_CALL,81:AC43,encoded absolute call,16-bit,81,V04C source graph,N/A,encoded instruction bytes,81:AC48,all values outside exact producer domain,fail closed if table/index proof changes,V04C003489
V04P00295,RETURN,80:83CD,logical direct call frame,16-bit return,80,V04C source graph,N/A,N/A,80:83A1,any stack value not produced by paired call frame,fail closed when exact return frame absent,V04C003524
V04P00296,RETURN,80:85B5,logical direct call frame,16-bit return,80,V04C source graph,N/A,N/A,80:83C0,any stack value not produced by paired call frame,fail closed when exact return frame absent,V04C003531
V04P00297,DIRECT_CALL,81:AC49,encoded absolute call,16-bit,81,V04C source graph,N/A,encoded instruction bytes,81:9D40,all values outside exact producer domain,fail closed if table/index proof changes,V04C003536
V04P00298,DIRECT_CALL,81:9E03,encoded absolute call,16-bit,81,V04C source graph,N/A,encoded instruction bytes,81:A057,all values outside exact producer domain,fail closed if table/index proof changes,V04C003560
V04P00299,RETURN,80:83A2,logical direct call frame,24-bit return,81,V04C source graph,N/A,N/A,81:9D61,any stack value not produced by paired call frame,fail closed when exact return frame absent,V04C003578
V04P00300,RETURN,80:FA37,logical direct call frame,16-bit return,80,V04C source graph,N/A,N/A,80:F994,any stack value not produced by paired call frame,fail closed when exact return frame absent,V04C003590
V04P00301,RETURN,80:84EC,logical direct call frame,16-bit return,80,V04C source graph,N/A,N/A,80:84BA,any stack value not produced by paired call frame,fail closed when exact return frame absent,V04C003622
V04P00302,DIRECT_CALL,80:844F,encoded absolute call,16-bit,80,V04C source graph,N/A,encoded instruction bytes,80:84E0,all values outside exact producer domain,fail closed if table/index proof changes,V04C003626
V04P00303,DIRECT_CALL,80:844F,encoded absolute call,16-bit,80,V04C source graph,N/A,encoded instruction bytes,80:84E0,all values outside exact producer domain,fail closed if table/index proof changes,V04C003629
V04P00304,RETURN,80:84EC,logical direct call frame,16-bit return,80,V04C source graph,N/A,N/A,80:84BA,any stack value not produced by paired call frame,fail closed when exact return frame absent,V04C003647
V04P00305,RETURN,80:84F6,logical direct call frame,16-bit return,80,V04C source graph,N/A,N/A,80:84BA,any stack value not produced by paired call frame,fail closed when exact return frame absent,V04C003668
V04P00306,RETURN,80:84F6,logical direct call frame,16-bit return,80,V04C source graph,N/A,N/A,80:84BA,any stack value not produced by paired call frame,fail closed when exact return frame absent,V04C003692
V04P00307,RETURN,80:8458,logical direct call frame,16-bit return,80,V04C source graph,N/A,N/A,80:83C5,any stack value not produced by paired call frame,fail closed when exact return frame absent,V04C003729
V04P00308,RETURN,80:84EC,logical direct call frame,16-bit return,80,V04C source graph,N/A,N/A,80:8452,any stack value not produced by paired call frame,fail closed when exact return frame absent,V04C003794
V04P00309,RETURN,80:84EC,logical direct call frame,16-bit return,80,V04C source graph,N/A,N/A,80:8452,any stack value not produced by paired call frame,fail closed when exact return frame absent,V04C003798
V04P00310,DIRECT_CALL,81:9D5D,encoded long call,24-bit,81,V04C source graph,N/A,encoded instruction bytes,80:839B,all values outside exact producer domain,fail closed if table/index proof changes,V04C003807
V04P00311,RETURN,80:84F6,logical direct call frame,16-bit return,80,V04C source graph,N/A,N/A,80:8452,any stack value not produced by paired call frame,fail closed when exact return frame absent,V04C003835
V04P00312,RETURN,80:84F6,logical direct call frame,16-bit return,80,V04C source graph,N/A,N/A,80:8452,any stack value not produced by paired call frame,fail closed when exact return frame absent,V04C003839
V04P00313,RETURN,80:83CD,logical direct call frame,16-bit return,80,V04C source graph,N/A,N/A,80:83A1,any stack value not produced by paired call frame,fail closed when exact return frame absent,V04C003865
V04P00314,RETURN,80:8458,logical direct call frame,16-bit return,80,V04C source graph,N/A,N/A,80:83C5,any stack value not produced by paired call frame,fail closed when exact return frame absent,V04C003870
V04P00315,RETURN,81:A061,logical direct call frame,16-bit return,81,V04C source graph,N/A,N/A,81:9E06,any stack value not produced by paired call frame,fail closed when exact return frame absent,V04C003875
V04P00316,DIRECT_CALL,80:839E,encoded absolute call,16-bit,80,V04C source graph,N/A,encoded instruction bytes,80:83A3,all values outside exact producer domain,fail closed if table/index proof changes,V04C003876
V04P00317,DIRECT_TARGET,80:84DD,encoded 16-bit target,16/24-bit target,80,V04C source graph,N/A,encoded instruction bytes,80:8429,unproved/misaligned/non-ROM values fail closed,no target outside exact finite set,V04C003879
V04P00318,DIRECT_CALL,81:9E06,encoded absolute call,16-bit,81,V04C source graph,N/A,encoded instruction bytes,81:9F5C,all values outside exact producer domain,fail closed if table/index proof changes,V04C003892
V04P00319,DIRECT_TARGET,80:84DD,encoded 16-bit target,16/24-bit target,80,V04C source graph,N/A,encoded instruction bytes,80:8429,unproved/misaligned/non-ROM values fail closed,no target outside exact finite set,V04C003898
V04P00320,DIRECT_TARGET,80:84DD,encoded 16-bit target,16/24-bit target,80,V04C source graph,N/A,encoded instruction bytes,80:8429,unproved/misaligned/non-ROM values fail closed,no target outside exact finite set,V04C003901
V04P00321,DIRECT_CALL,80:83A4,encoded absolute call,16-bit,80,V04C source graph,N/A,encoded instruction bytes,80:8320,all values outside exact producer domain,fail closed if table/index proof changes,V04C003912
V04P00322,DIRECT_CALL,80:84B7,encoded absolute call,16-bit,80,V04C source graph,N/A,encoded instruction bytes,80:84E0,all values outside exact producer domain,fail closed if table/index proof changes,V04C003932
V04P00323,DIRECT_CALL,80:84B7,encoded absolute call,16-bit,80,V04C source graph,N/A,encoded instruction bytes,80:84E0,all values outside exact producer domain,fail closed if table/index proof changes,V04C003952
V04P00324,DIRECT_CALL,80:84B7,encoded absolute call,16-bit,80,V04C source graph,N/A,encoded instruction bytes,80:84E0,all values outside exact producer domain,fail closed if table/index proof changes,V04C003954
V04P00325,RETURN,80:FA30,logical direct call frame,16-bit return,80,V04C source graph,N/A,N/A,80:F994,any stack value not produced by paired call frame,fail closed when exact return frame absent,V04C003966
V04P00326,RETURN,80:84EC,logical direct call frame,16-bit return,80,V04C source graph,N/A,N/A,80:84BA,any stack value not produced by paired call frame,fail closed when exact return frame absent,V04C004046
V04P00327,DIRECT_CALL,80:844F,encoded absolute call,16-bit,80,V04C source graph,N/A,encoded instruction bytes,80:84E0,all values outside exact producer domain,fail closed if table/index proof changes,V04C004050
V04P00328,DIRECT_CALL,80:844F,encoded absolute call,16-bit,80,V04C source graph,N/A,encoded instruction bytes,80:84E0,all values outside exact producer domain,fail closed if table/index proof changes,V04C004055
V04P00329,RETURN,80:84EC,logical direct call frame,16-bit return,80,V04C source graph,N/A,N/A,80:84BA,any stack value not produced by paired call frame,fail closed when exact return frame absent,V04C004064
V04P00330,RETURN,80:84EC,logical direct call frame,16-bit return,80,V04C source graph,N/A,N/A,80:84BA,any stack value not produced by paired call frame,fail closed when exact return frame absent,V04C004070
V04P00331,RETURN,80:84F6,logical direct call frame,16-bit return,80,V04C source graph,N/A,N/A,80:84BA,any stack value not produced by paired call frame,fail closed when exact return frame absent,V04C004080
V04P00332,RETURN,80:84F6,logical direct call frame,16-bit return,80,V04C source graph,N/A,N/A,80:84BA,any stack value not produced by paired call frame,fail closed when exact return frame absent,V04C004100
V04P00333,RETURN,80:84F6,logical direct call frame,16-bit return,80,V04C source graph,N/A,N/A,80:84BA,any stack value not produced by paired call frame,fail closed when exact return frame absent,V04C004105
V04P00334,DIRECT_CALL,80:844F,encoded absolute call,16-bit,80,V04C source graph,N/A,encoded instruction bytes,80:84E0,all values outside exact producer domain,fail closed if table/index proof changes,V04C004111
V04P00335,RETURN,80:8458,logical direct call frame,16-bit return,80,V04C source graph,N/A,N/A,80:83C5,any stack value not produced by paired call frame,fail closed when exact return frame absent,V04C004127
V04P00336,RETURN,80:84EC,logical direct call frame,16-bit return,80,V04C source graph,N/A,N/A,80:8452,any stack value not produced by paired call frame,fail closed when exact return frame absent,V04C004175
V04P00337,RETURN,80:84EC,logical direct call frame,16-bit return,80,V04C source graph,N/A,N/A,80:8452,any stack value not produced by paired call frame,fail closed when exact return frame absent,V04C004179
V04P00338,RETURN,80:84F6,logical direct call frame,16-bit return,80,V04C source graph,N/A,N/A,80:8452,any stack value not produced by paired call frame,fail closed when exact return frame absent,V04C004202
V04P00339,RETURN,80:84F6,logical direct call frame,16-bit return,80,V04C source graph,N/A,N/A,80:8452,any stack value not produced by paired call frame,fail closed when exact return frame absent,V04C004204
V04P00340,RETURN,80:84EC,logical direct call frame,16-bit return,80,V04C source graph,N/A,N/A,80:8452,any stack value not produced by paired call frame,fail closed when exact return frame absent,V04C004215
V04P00341,RETURN,81:9F9C,logical direct call frame,16-bit return,81,V04C source graph,N/A,N/A,81:9E09,any stack value not produced by paired call frame,fail closed when exact return frame absent,V04C004225
V04P00342,DIRECT_TARGET,80:84DD,encoded 16-bit target,16/24-bit target,80,V04C source graph,N/A,encoded instruction bytes,80:8429,unproved/misaligned/non-ROM values fail closed,no target outside exact finite set,V04C004227
V04P00343,RETURN,80:84F6,logical direct call frame,16-bit return,80,V04C source graph,N/A,N/A,80:8452,any stack value not produced by paired call frame,fail closed when exact return frame absent,V04C004233
V04P00344,DIRECT_CALL,81:9E09,encoded long call,24-bit,81,V04C source graph,N/A,encoded instruction bytes,80:A415,all values outside exact producer domain,fail closed if table/index proof changes,V04C004234
V04P00345,DIRECT_TARGET,80:84DD,encoded 16-bit target,16/24-bit target,80,V04C source graph,N/A,encoded instruction bytes,80:8429,unproved/misaligned/non-ROM values fail closed,no target outside exact finite set,V04C004237
V04P00346,DIRECT_TARGET,80:84DD,encoded 16-bit target,16/24-bit target,80,V04C source graph,N/A,encoded instruction bytes,80:8429,unproved/misaligned/non-ROM values fail closed,no target outside exact finite set,V04C004238
V04P00347,DIRECT_CALL,80:84B7,encoded absolute call,16-bit,80,V04C source graph,N/A,encoded instruction bytes,80:84E0,all values outside exact producer domain,fail closed if table/index proof changes,V04C004250
V04P00348,DIRECT_CALL,80:84B7,encoded absolute call,16-bit,80,V04C source graph,N/A,encoded instruction bytes,80:84E0,all values outside exact producer domain,fail closed if table/index proof changes,V04C004258
V04P00349,DIRECT_CALL,80:A418,encoded absolute call,16-bit,80,V04C source graph,N/A,encoded instruction bytes,80:A41D,all values outside exact producer domain,fail closed if table/index proof changes,V04C004262
V04P00350,RETURN,80:84EC,logical direct call frame,16-bit return,80,V04C source graph,N/A,N/A,80:84BA,any stack value not produced by paired call frame,fail closed when exact return frame absent,V04C004295
V04P00351,RETURN,80:84EC,logical direct call frame,16-bit return,80,V04C source graph,N/A,N/A,80:84BA,any stack value not produced by paired call frame,fail closed when exact return frame absent,V04C004301
V04P00352,RETURN,80:84F6,logical direct call frame,16-bit return,80,V04C source graph,N/A,N/A,80:84BA,any stack value not produced by paired call frame,fail closed when exact return frame absent,V04C004303
V04P00353,RETURN,80:84F6,logical direct call frame,16-bit return,80,V04C source graph,N/A,N/A,80:84BA,any stack value not produced by paired call frame,fail closed when exact return frame absent,V04C004306
V04P00354,RETURN,80:A443,logical direct call frame,16-bit return,80,V04C source graph,N/A,N/A,80:A41B,any stack value not produced by paired call frame,fail closed when exact return frame absent,V04C004403
V04P00355,RETURN,80:A41C,logical direct call frame,24-bit return,81,V04C source graph,N/A,N/A,81:9E0D,any stack value not produced by paired call frame,fail closed when exact return frame absent,V04C004405
V04P00356,DIRECT_CALL,81:9E0D,encoded long call,24-bit,81,V04C source graph,N/A,encoded instruction bytes,80:A1F2,all values outside exact producer domain,fail closed if table/index proof changes,V04C004406
V04P00357,DIRECT_CALL,80:A1F5,encoded absolute call,16-bit,80,V04C source graph,N/A,encoded instruction bytes,80:A1FA,all values outside exact producer domain,fail closed if table/index proof changes,V04C004410
V04P00358,RETURN,80:A219,logical direct call frame,16-bit return,80,V04C source graph,N/A,N/A,80:A1F8,any stack value not produced by paired call frame,fail closed when exact return frame absent,V04C004447
V04P00359,RETURN,80:A1F9,logical direct call frame,24-bit return,81,V04C source graph,N/A,N/A,81:9E11,any stack value not produced by paired call frame,fail closed when exact return frame absent,V04C004449
V04P00360,RETURN,81:9E11,logical direct call frame,16-bit return,81,V04C source graph,N/A,N/A,81:AC4F,any stack value not produced by paired call frame,fail closed when exact return frame absent,V04C004450
V04P00361,DIRECT_CALL,81:ACE6,encoded absolute call,16-bit,81,V04C source graph,N/A,encoded instruction bytes,81:AE76,all values outside exact producer domain,fail closed if table/index proof changes,V04C004467
V04P00362,DIRECT_TARGET,81:AC93,encoded 16-bit target,16/24-bit target,81,V04C source graph,N/A,encoded instruction bytes,81:BA19,unproved/misaligned/non-ROM values fail closed,no target outside exact finite set,V04C004471
V04P00363,DIRECT_CALL,81:AC74,encoded absolute call,16-bit,81,V04C source graph,N/A,encoded instruction bytes,81:AD29,all values outside exact producer domain,fail closed if table/index proof changes,V04C004473
V04P00364,DIRECT_CALL,81:AC68,encoded absolute call,16-bit,81,V04C source graph,N/A,encoded instruction bytes,81:AD29,all values outside exact producer domain,fail closed if table/index proof changes,V04C004474
V04P00365,DIRECT_CALL,81:AC9C,encoded absolute call,16-bit,81,V04C source graph,N/A,encoded instruction bytes,81:A557,all values outside exact producer domain,fail closed if table/index proof changes,V04C004480
V04P00366,DIRECT_CALL,81:A557,encoded absolute call,16-bit,81,V04C source graph,N/A,encoded instruction bytes,81:9C46,all values outside exact producer domain,fail closed if table/index proof changes,V04C004485
V04P00367,RETURN,81:AD74,logical direct call frame,16-bit return,81,V04C source graph,N/A,N/A,81:AC77,any stack value not produced by paired call frame,fail closed when exact return frame absent,V04C004498
V04P00368,RETURN,81:AD74,logical direct call frame,16-bit return,81,V04C source graph,N/A,N/A,81:AC6B,any stack value not produced by paired call frame,fail closed when exact return frame absent,V04C004500
V04P00369,DIRECT_CALL,81:AD35,encoded absolute call,16-bit,81,V04C source graph,N/A,encoded instruction bytes,81:9D72,all values outside exact producer domain,fail closed if table/index proof changes,V04C004506
V04P00370,DIRECT_CALL,81:AD35,encoded absolute call,16-bit,81,V04C source graph,N/A,encoded instruction bytes,81:9D72,all values outside exact producer domain,fail closed if table/index proof changes,V04C004508
V04P00371,DIRECT_CALL,81:AC80,encoded absolute call,16-bit,81,V04C source graph,N/A,encoded instruction bytes,81:AD29,all values outside exact producer domain,fail closed if table/index proof changes,V04C004526
V04P00372,DIRECT_CALL,81:9D74,encoded long call,24-bit,81,V04C source graph,N/A,encoded instruction bytes,80:839B,all values outside exact producer domain,fail closed if table/index proof changes,V04C004527
V04P00373,DIRECT_CALL,81:9D74,encoded long call,24-bit,81,V04C source graph,N/A,encoded instruction bytes,80:839B,all values outside exact producer domain,fail closed if table/index proof changes,V04C004528
V04P00374,DIRECT_CALL,81:BA38,encoded absolute call,16-bit,81,V04C source graph,N/A,encoded instruction bytes,81:9C46,all values outside exact producer domain,fail closed if table/index proof changes,V04C004544
V04P00375,DIRECT_CALL,81:AE9D,encoded absolute call,16-bit,81,V04C source graph,N/A,encoded instruction bytes,81:AEA7,all values outside exact producer domain,fail closed if table/index proof changes,V04C004545
V04P00376,DIRECT_CALL,80:839E,encoded absolute call,16-bit,80,V04C source graph,N/A,encoded instruction bytes,80:83A3,all values outside exact producer domain,fail closed if table/index proof changes,V04C004553
V04P00377,DIRECT_CALL,80:839E,encoded absolute call,16-bit,80,V04C source graph,N/A,encoded instruction bytes,80:83A3,all values outside exact producer domain,fail closed if table/index proof changes,V04C004554
V04P00378,RETURN,81:AD74,logical direct call frame,16-bit return,81,V04C source graph,N/A,N/A,81:AC83,any stack value not produced by paired call frame,fail closed when exact return frame absent,V04C004558
V04P00379,DIRECT_CALL,81:AD35,encoded absolute call,16-bit,81,V04C source graph,N/A,encoded instruction bytes,81:9D72,all values outside exact producer domain,fail closed if table/index proof changes,V04C004566
V04P00380,DIRECT_CALL,80:83A4,encoded absolute call,16-bit,80,V04C source graph,N/A,encoded instruction bytes,80:8320,all values outside exact producer domain,fail closed if table/index proof changes,V04C004567
V04P00381,DIRECT_CALL,80:83A4,encoded absolute call,16-bit,80,V04C source graph,N/A,encoded instruction bytes,80:8320,all values outside exact producer domain,fail closed if table/index proof changes,V04C004568
V04P00382,DIRECT_CALL,81:AC85,encoded absolute call,16-bit,81,V04C source graph,N/A,encoded instruction bytes,81:ADA6,all values outside exact producer domain,fail closed if table/index proof changes,V04C004572
V04P00383,DIRECT_CALL,81:9D74,encoded long call,24-bit,81,V04C source graph,N/A,encoded instruction bytes,80:839B,all values outside exact producer domain,fail closed if table/index proof changes,V04C004587
V04P00384,DIRECT_CALL,80:839E,encoded absolute call,16-bit,80,V04C source graph,N/A,encoded instruction bytes,80:83A3,all values outside exact producer domain,fail closed if table/index proof changes,V04C004615
V04P00385,DIRECT_CALL,80:83A4,encoded absolute call,16-bit,80,V04C source graph,N/A,encoded instruction bytes,80:8320,all values outside exact producer domain,fail closed if table/index proof changes,V04C004629
V04P00386,RETURN,80:833B,logical direct call frame,16-bit return,80,V04C source graph,N/A,N/A,80:83A7,any stack value not produced by paired call frame,fail closed when exact return frame absent,V04C004679
V04P00387,RETURN,80:833B,logical direct call frame,16-bit return,80,V04C source graph,N/A,N/A,80:83A7,any stack value not produced by paired call frame,fail closed when exact return frame absent,V04C004680
V04P00388,RETURN,81:AEF2,logical direct call frame,16-bit return,81,V04C source graph,N/A,N/A,81:AEA0,any stack value not produced by paired call frame,fail closed when exact return frame absent,V04C004725
V04P00389,DIRECT_CALL,81:AEA0,encoded absolute call,16-bit,81,V04C source graph,N/A,encoded instruction bytes,81:AEF3,all values outside exact producer domain,fail closed if table/index proof changes,V04C004732
V04P00390,RETURN,80:833B,logical direct call frame,16-bit return,80,V04C source graph,N/A,N/A,80:83A7,any stack value not produced by paired call frame,fail closed when exact return frame absent,V04C004741
V04P00391,DIRECT_CALL,80:83C2,encoded absolute call,16-bit,80,V04C source graph,N/A,encoded instruction bytes,80:83CE,all values outside exact producer domain,fail closed if table/index proof changes,V04C004777
V04P00392,DIRECT_CALL,80:83BD,encoded absolute call,16-bit,80,V04C source graph,N/A,encoded instruction bytes,80:852C,all values outside exact producer domain,fail closed if table/index proof changes,V04C004778
V04P00393,DIRECT_CALL,80:83C2,encoded absolute call,16-bit,80,V04C source graph,N/A,encoded instruction bytes,80:83CE,all values outside exact producer domain,fail closed if table/index proof changes,V04C004779
V04P00394,DIRECT_CALL,80:83BD,encoded absolute call,16-bit,80,V04C source graph,N/A,encoded instruction bytes,80:852C,all values outside exact producer domain,fail closed if table/index proof changes,V04C004780
V04P00395,RETURN,81:AF0B,logical direct call frame,16-bit return,81,V04C source graph,N/A,N/A,81:AEA3,any stack value not produced by paired call frame,fail closed when exact return frame absent,V04C004801
V04P00396,DIRECT_TARGET,81:AEA4,encoded 16-bit target,16/24-bit target,81,V04C source graph,N/A,encoded instruction bytes,81:B669,unproved/misaligned/non-ROM values fail closed,no target outside exact finite set,V04C004819
V04P00397,DIRECT_CALL,80:83C2,encoded absolute call,16-bit,80,V04C source graph,N/A,encoded instruction bytes,80:83CE,all values outside exact producer domain,fail closed if table/index proof changes,V04C004857
V04P00398,DIRECT_CALL,80:83BD,encoded absolute call,16-bit,80,V04C source graph,N/A,encoded instruction bytes,80:852C,all values outside exact producer domain,fail closed if table/index proof changes,V04C004858
V04P00399,RETURN,81:AE20,logical direct call frame,16-bit return,81,V04C source graph,N/A,N/A,81:AC88,any stack value not produced by paired call frame,fail closed when exact return frame absent,V04C004898
V04P00400,RETURN,81:B67C,logical direct call frame,16-bit return,81,V04C source graph,N/A,N/A,81:ACE9,any stack value not produced by paired call frame,fail closed when exact return frame absent,V04C004905
V04P00401,DIRECT_TARGET,81:AC88,encoded 16-bit target,16/24-bit target,81,V04C source graph,N/A,encoded instruction bytes,81:F454,unproved/misaligned/non-ROM values fail closed,no target outside exact finite set,V04C004906
V04P00402,DIRECT_CALL,81:ACE9,encoded absolute call,16-bit,81,V04C source graph,N/A,encoded instruction bytes,81:AF2F,all values outside exact producer domain,fail closed if table/index proof changes,V04C004913
V04P00403,DIRECT_CALL,81:F454,encoded long call,24-bit,81,V04C source graph,N/A,encoded instruction bytes,80:A415,all values outside exact producer domain,fail closed if table/index proof changes,V04C004914
V04P00404,DIRECT_CALL,80:A418,encoded absolute call,16-bit,80,V04C source graph,N/A,encoded instruction bytes,80:A41D,all values outside exact producer domain,fail closed if table/index proof changes,V04C004952
V04P00405,DIRECT_CALL,81:AF40,encoded absolute call,16-bit,81,V04C source graph,N/A,encoded instruction bytes,81:9C46,all values outside exact producer domain,fail closed if table/index proof changes,V04C004963
V04P00406,RETURN,81:AF3F,logical direct call frame,16-bit return,81,V04C source graph,N/A,N/A,81:ACEC,any stack value not produced by paired call frame,fail closed when exact return frame absent,V04C004992
V04P00407,DIRECT_CALL,81:ACEE,encoded absolute call,16-bit,81,V04C source graph,N/A,encoded instruction bytes,81:AE21,all values outside exact producer domain,fail closed if table/index proof changes,V04C005022
V04P00408,RETURN,81:AE75,logical direct call frame,16-bit return,81,V04C source graph,N/A,N/A,81:ACF1,any stack value not produced by paired call frame,fail closed when exact return frame absent,V04C005069
V04P00409,DIRECT_CALL,81:ACF1,encoded absolute call,16-bit,81,V04C source graph,N/A,encoded instruction bytes,81:9D99,all values outside exact producer domain,fail closed if table/index proof changes,V04C005087
V04P00410,RETURN,81:9DA8,logical direct call frame,16-bit return,81,V04C source graph,N/A,N/A,81:ACF4,any stack value not produced by paired call frame,fail closed when exact return frame absent,V04C005183
V04P00411,RETURN,81:9DA5,logical direct call frame,16-bit return,81,V04C source graph,N/A,N/A,81:ACF4,any stack value not produced by paired call frame,fail closed when exact return frame absent,V04C005184
V04P00412,DIRECT_CALL,81:ACF8,encoded absolute call,16-bit,81,V04C source graph,N/A,encoded instruction bytes,81:AE76,all values outside exact producer domain,fail closed if table/index proof changes,V04C005216
V04P00413,DIRECT_CALL,81:AD05,encoded absolute call,16-bit,81,V04C source graph,N/A,encoded instruction bytes,81:9DB1,all values outside exact producer domain,fail closed if table/index proof changes,V04C005217
V04P00414,DIRECT_CALL,81:AE9D,encoded absolute call,16-bit,81,V04C source graph,N/A,encoded instruction bytes,81:AEA7,all values outside exact producer domain,fail closed if table/index proof changes,V04C005345
V04P00415,DIRECT_CALL,81:AE72,encoded absolute call,16-bit,81,V04C source graph,N/A,encoded instruction bytes,81:B67D,all values outside exact producer domain,fail closed if table/index proof changes,V04C005356
V04P00416,DIRECT_CALL,80:844F,encoded absolute call,16-bit,80,V04C source graph,N/A,encoded instruction bytes,80:84E0,all values outside exact producer domain,fail closed if table/index proof changes,V04C005463
V04P00417,RETURN,81:B690,logical direct call frame,16-bit return,81,V04C source graph,N/A,N/A,81:AE75,any stack value not produced by paired call frame,fail closed when exact return frame absent,V04C005492
V04P00418,RETURN,81:AE75,logical direct call frame,16-bit return,81,V04C source graph,N/A,N/A,81:ACF1,any stack value not produced by paired call frame,fail closed when exact return frame absent,V04C005509
V04P00419,RETURN,80:85B5,logical direct call frame,16-bit return,80,V04C source graph,N/A,N/A,80:83C0,any stack value not produced by paired call frame,fail closed when exact return frame absent,V04C005518
V04P00420,DIRECT_CALL,81:ACF1,encoded absolute call,16-bit,81,V04C source graph,N/A,encoded instruction bytes,81:9D99,all values outside exact producer domain,fail closed if table/index proof changes,V04C005527
V04P00421,RETURN,80:85B5,logical direct call frame,16-bit return,80,V04C source graph,N/A,N/A,80:83C0,any stack value not produced by paired call frame,fail closed when exact return frame absent,V04C005572
V04P00422,DIRECT_CALL,81:9E03,encoded absolute call,16-bit,81,V04C source graph,N/A,encoded instruction bytes,81:A057,all values outside exact producer domain,fail closed if table/index proof changes,V04C005595
V04P00423,DIRECT_CALL,80:844F,encoded absolute call,16-bit,80,V04C source graph,N/A,encoded instruction bytes,80:84E0,all values outside exact producer domain,fail closed if table/index proof changes,V04C005637
V04P00424,RETURN,80:83CD,logical direct call frame,16-bit return,80,V04C source graph,N/A,N/A,80:83A1,any stack value not produced by paired call frame,fail closed when exact return frame absent,V04C005657
V04P00425,RETURN,81:9DA8,logical direct call frame,16-bit return,81,V04C source graph,N/A,N/A,81:ACF4,any stack value not produced by paired call frame,fail closed when exact return frame absent,V04C005665
V04P00426,RETURN,81:9DA5,logical direct call frame,16-bit return,81,V04C source graph,N/A,N/A,81:ACF4,any stack value not produced by paired call frame,fail closed when exact return frame absent,V04C005666
V04P00427,RETURN,80:83A2,logical direct call frame,24-bit return,81,V04C source graph,N/A,N/A,81:9D78,any stack value not produced by paired call frame,fail closed when exact return frame absent,V04C005689
V04P00428,RETURN,80:83CD,logical direct call frame,16-bit return,80,V04C source graph,N/A,N/A,80:83A1,any stack value not produced by paired call frame,fail closed when exact return frame absent,V04C005708
V04P00429,DIRECT_CALL,81:AD05,encoded absolute call,16-bit,81,V04C source graph,N/A,encoded instruction bytes,81:9DB1,all values outside exact producer domain,fail closed if table/index proof changes,V04C005714
V04P00430,DIRECT_CALL,81:9D79,encoded long call,24-bit,81,V04C source graph,N/A,encoded instruction bytes,80:839B,all values outside exact producer domain,fail closed if table/index proof changes,V04C005722
V04P00431,RETURN,80:83A2,logical direct call frame,24-bit return,81,V04C source graph,N/A,N/A,81:9D78,any stack value not produced by paired call frame,fail closed when exact return frame absent,V04C005740
V04P00432,RETURN,81:AEF2,logical direct call frame,16-bit return,81,V04C source graph,N/A,N/A,81:AEA0,any stack value not produced by paired call frame,fail closed when exact return frame absent,V04C005744
V04P00433,DIRECT_CALL,81:AEA0,encoded absolute call,16-bit,81,V04C source graph,N/A,encoded instruction bytes,81:AEF3,all values outside exact producer domain,fail closed if table/index proof changes,V04C005763
V04P00434,DIRECT_CALL,81:9D79,encoded long call,24-bit,81,V04C source graph,N/A,encoded instruction bytes,80:839B,all values outside exact producer domain,fail closed if table/index proof changes,V04C005778
V04P00435,DIRECT_CALL,80:839E,encoded absolute call,16-bit,80,V04C source graph,N/A,encoded instruction bytes,80:83A3,all values outside exact producer domain,fail closed if table/index proof changes,V04C005795
V04P00436,RETURN,81:9C7F,logical direct call frame,16-bit return,81,V04C source graph,N/A,N/A,81:A55A,any stack value not produced by paired call frame,fail closed when exact return frame absent,V04C005821
V04P00437,DIRECT_CALL,80:83A4,encoded absolute call,16-bit,80,V04C source graph,N/A,encoded instruction bytes,80:8320,all values outside exact producer domain,fail closed if table/index proof changes,V04C005836
V04P00438,DIRECT_CALL,81:A55A,encoded absolute call,16-bit,81,V04C source graph,N/A,encoded instruction bytes,81:A750,all values outside exact producer domain,fail closed if table/index proof changes,V04C005840
V04P00439,DIRECT_CALL,80:84B7,encoded absolute call,16-bit,80,V04C source graph,N/A,encoded instruction bytes,80:84E0,all values outside exact producer domain,fail closed if table/index proof changes,V04C005847
V04P00440,DIRECT_CALL,80:839E,encoded absolute call,16-bit,80,V04C source graph,N/A,encoded instruction bytes,80:83A3,all values outside exact producer domain,fail closed if table/index proof changes,V04C005857
V04P00441,DIRECT_CALL,80:83A4,encoded absolute call,16-bit,80,V04C source graph,N/A,encoded instruction bytes,80:8320,all values outside exact producer domain,fail closed if table/index proof changes,V04C005890
V04P00442,RETURN,80:85B5,logical direct call frame,16-bit return,80,V04C source graph,N/A,N/A,80:83C0,any stack value not produced by paired call frame,fail closed when exact return frame absent,V04C005905
V04P00443,RETURN,81:AF0B,logical direct call frame,16-bit return,81,V04C source graph,N/A,N/A,81:AEA3,any stack value not produced by paired call frame,fail closed when exact return frame absent,V04C005929
V04P00444,RETURN,80:85B5,logical direct call frame,16-bit return,80,V04C source graph,N/A,N/A,80:83C0,any stack value not produced by paired call frame,fail closed when exact return frame absent,V04C005957
V04P00445,DIRECT_TARGET,81:AEA4,encoded 16-bit target,16/24-bit target,81,V04C source graph,N/A,encoded instruction bytes,81:B669,unproved/misaligned/non-ROM values fail closed,no target outside exact finite set,V04C005962
V04P00446,DIRECT_TARGET,81:A762,encoded 16-bit target,16/24-bit target,81,V04C source graph,N/A,encoded instruction bytes,81:9DB1,unproved/misaligned/non-ROM values fail closed,no target outside exact finite set,V04C005975
V04P00447,RETURN,81:9C7F,logical direct call frame,16-bit return,81,V04C source graph,N/A,N/A,81:BA3B,any stack value not produced by paired call frame,fail closed when exact return frame absent,V04C005976
V04P00448,DIRECT_CALL,80:84B7,encoded absolute call,16-bit,80,V04C source graph,N/A,encoded instruction bytes,80:84E0,all values outside exact producer domain,fail closed if table/index proof changes,V04C006014
V04P00449,RETURN,80:833B,logical direct call frame,16-bit return,80,V04C source graph,N/A,N/A,80:83A7,any stack value not produced by paired call frame,fail closed when exact return frame absent,V04C006093
V04P00450,DIRECT_CALL,81:BA4C,encoded absolute call,16-bit,81,V04C source graph,N/A,encoded instruction bytes,81:9DB1,all values outside exact producer domain,fail closed if table/index proof changes,V04C006095
V04P00451,RETURN,81:A061,logical direct call frame,16-bit return,81,V04C source graph,N/A,N/A,81:9E06,any stack value not produced by paired call frame,fail closed when exact return frame absent,V04C006098
V04P00452,RETURN,81:B67C,logical direct call frame,16-bit return,81,V04C source graph,N/A,N/A,81:ACFB,any stack value not produced by paired call frame,fail closed when exact return frame absent,V04C006112
V04P00453,DIRECT_CALL,81:9E06,encoded absolute call,16-bit,81,V04C source graph,N/A,encoded instruction bytes,81:9F5C,all values outside exact producer domain,fail closed if table/index proof changes,V04C006113
V04P00454,DIRECT_CALL,81:ACFB,encoded absolute call,16-bit,81,V04C source graph,N/A,encoded instruction bytes,81:AF2F,all values outside exact producer domain,fail closed if table/index proof changes,V04C006129
V04P00455,RETURN,80:85B5,logical direct call frame,16-bit return,80,V04C source graph,N/A,N/A,80:83C0,any stack value not produced by paired call frame,fail closed when exact return frame absent,V04C006170
V04P00456,DIRECT_CALL,81:AF40,encoded absolute call,16-bit,81,V04C source graph,N/A,encoded instruction bytes,81:9C46,all values outside exact producer domain,fail closed if table/index proof changes,V04C006227
V04P00457,DIRECT_CALL,81:9E03,encoded absolute call,16-bit,81,V04C source graph,N/A,encoded instruction bytes,81:A057,all values outside exact producer domain,fail closed if table/index proof changes,V04C006230
V04P00458,RETURN,81:AF3F,logical direct call frame,16-bit return,81,V04C source graph,N/A,N/A,81:ACFE,any stack value not produced by paired call frame,fail closed when exact return frame absent,V04C006273
V04P00459,RETURN,80:85B5,logical direct call frame,16-bit return,80,V04C source graph,N/A,N/A,80:83C0,any stack value not produced by paired call frame,fail closed when exact return frame absent,V04C006283
V04P00460,DIRECT_CALL,81:AD00,encoded absolute call,16-bit,81,V04C source graph,N/A,encoded instruction bytes,81:AE21,all values outside exact producer domain,fail closed if table/index proof changes,V04C006313
V04P00461,RETURN,80:83CD,logical direct call frame,16-bit return,80,V04C source graph,N/A,N/A,80:83A1,any stack value not produced by paired call frame,fail closed when exact return frame absent,V04C006339
V04P00462,RETURN,80:85B5,logical direct call frame,16-bit return,80,V04C source graph,N/A,N/A,80:83C0,any stack value not produced by paired call frame,fail closed when exact return frame absent,V04C006346
V04P00463,DIRECT_CALL,80:83C2,encoded absolute call,16-bit,80,V04C source graph,N/A,encoded instruction bytes,80:83CE,all values outside exact producer domain,fail closed if table/index proof changes,V04C006369
V04P00464,DIRECT_CALL,80:83BD,encoded absolute call,16-bit,80,V04C source graph,N/A,encoded instruction bytes,80:852C,all values outside exact producer domain,fail closed if table/index proof changes,V04C006370
V04P00465,RETURN,81:AE75,logical direct call frame,16-bit return,81,V04C source graph,N/A,N/A,81:AD03,any stack value not produced by paired call frame,fail closed when exact return frame absent,V04C006375
V04P00466,RETURN,80:83A2,logical direct call frame,24-bit return,81,V04C source graph,N/A,N/A,81:9D78,any stack value not produced by paired call frame,fail closed when exact return frame absent,V04C006382
V04P00467,DIRECT_CALL,81:AD05,encoded absolute call,16-bit,81,V04C source graph,N/A,encoded instruction bytes,81:9DB1,all values outside exact producer domain,fail closed if table/index proof changes,V04C006419
V04P00468,DIRECT_CALL,81:9D79,encoded long call,24-bit,81,V04C source graph,N/A,encoded instruction bytes,80:839B,all values outside exact producer domain,fail closed if table/index proof changes,V04C006425
V04P00469,DIRECT_CALL,80:839E,encoded absolute call,16-bit,80,V04C source graph,N/A,encoded instruction bytes,80:83A3,all values outside exact producer domain,fail closed if table/index proof changes,V04C006496
V04P00470,DIRECT_CALL,81:9E03,encoded absolute call,16-bit,81,V04C source graph,N/A,encoded instruction bytes,81:A057,all values outside exact producer domain,fail closed if table/index proof changes,V04C006520
V04P00471,DIRECT_CALL,80:83A4,encoded absolute call,16-bit,80,V04C source graph,N/A,encoded instruction bytes,80:8320,all values outside exact producer domain,fail closed if table/index proof changes,V04C006530
V04P00472,RETURN,81:9F9C,logical direct call frame,16-bit return,81,V04C source graph,N/A,N/A,81:9E09,any stack value not produced by paired call frame,fail closed when exact return frame absent,V04C006559
V04P00473,DIRECT_CALL,81:9E09,encoded long call,24-bit,81,V04C source graph,N/A,encoded instruction bytes,80:A415,all values outside exact producer domain,fail closed if table/index proof changes,V04C006576
V04P00474,RETURN,80:A443,logical direct call frame,16-bit return,80,V04C source graph,N/A,N/A,80:A41B,any stack value not produced by paired call frame,fail closed when exact return frame absent,V04C006593
V04P00475,RETURN,80:A41C,logical direct call frame,24-bit return,81,V04C source graph,N/A,N/A,81:F458,any stack value not produced by paired call frame,fail closed when exact return frame absent,V04C006620
V04P00476,DIRECT_CALL,80:A418,encoded absolute call,16-bit,80,V04C source graph,N/A,encoded instruction bytes,80:A41D,all values outside exact producer domain,fail closed if table/index proof changes,V04C006633
V04P00477,DIRECT_CALL,81:F458,encoded absolute call,16-bit,81,V04C source graph,N/A,encoded instruction bytes,81:9C46,all values outside exact producer domain,fail closed if table/index proof changes,V04C006634
V04P00478,DIRECT_CALL,81:9E03,encoded absolute call,16-bit,81,V04C source graph,N/A,encoded instruction bytes,81:A057,all values outside exact producer domain,fail closed if table/index proof changes,V04C006643
V04P00479,DIRECT_CALL,81:AE72,encoded absolute call,16-bit,81,V04C source graph,N/A,encoded instruction bytes,81:B67D,all values outside exact producer domain,fail closed if table/index proof changes,V04C006789
V04P00480,RETURN,81:9C7F,logical direct call frame,16-bit return,81,V04C source graph,N/A,N/A,81:AF43,any stack value not produced by paired call frame,fail closed when exact return frame absent,V04C006860
V04P00481,DIRECT_CALL,81:9E03,encoded absolute call,16-bit,81,V04C source graph,N/A,encoded instruction bytes,81:A057,all values outside exact producer domain,fail closed if table/index proof changes,V04C006862
V04P00482,RETURN,81:B690,logical direct call frame,16-bit return,81,V04C source graph,N/A,N/A,81:AE75,any stack value not produced by paired call frame,fail closed when exact return frame absent,V04C006901
V04P00483,RETURN,81:AE75,logical direct call frame,16-bit return,81,V04C source graph,N/A,N/A,81:AD03,any stack value not produced by paired call frame,fail closed when exact return frame absent,V04C006910
V04P00484,RETURN,81:A061,logical direct call frame,16-bit return,81,V04C source graph,N/A,N/A,81:9E06,any stack value not produced by paired call frame,fail closed when exact return frame absent,V04C006915
V04P00485,DIRECT_CALL,81:9E06,encoded absolute call,16-bit,81,V04C source graph,N/A,encoded instruction bytes,81:9F5C,all values outside exact producer domain,fail closed if table/index proof changes,V04C006924
V04P00486,DIRECT_CALL,81:AD05,encoded absolute call,16-bit,81,V04C source graph,N/A,encoded instruction bytes,81:9DB1,all values outside exact producer domain,fail closed if table/index proof changes,V04C006928
V04P00487,DIRECT_CALL,81:AF54,encoded absolute call,16-bit,81,V04C source graph,N/A,encoded instruction bytes,81:9DB1,all values outside exact producer domain,fail closed if table/index proof changes,V04C006935
V04P00488,RETURN,81:A061,logical direct call frame,16-bit return,81,V04C source graph,N/A,N/A,81:9E06,any stack value not produced by paired call frame,fail closed when exact return frame absent,V04C006988
V04P00489,DIRECT_CALL,81:9E06,encoded absolute call,16-bit,81,V04C source graph,N/A,encoded instruction bytes,81:9F5C,all values outside exact producer domain,fail closed if table/index proof changes,V04C006997
V04P00490,RETURN,81:9F9C,logical direct call frame,16-bit return,81,V04C source graph,N/A,N/A,81:9E09,any stack value not produced by paired call frame,fail closed when exact return frame absent,V04C007131
V04P00491,DIRECT_CALL,81:9E09,encoded long call,24-bit,81,V04C source graph,N/A,encoded instruction bytes,80:A415,all values outside exact producer domain,fail closed if table/index proof changes,V04C007140
V04P00492,DIRECT_CALL,80:A418,encoded absolute call,16-bit,80,V04C source graph,N/A,encoded instruction bytes,80:A41D,all values outside exact producer domain,fail closed if table/index proof changes,V04C007176
V04P00493,DIRECT_CALL,81:9E03,encoded absolute call,16-bit,81,V04C source graph,N/A,encoded instruction bytes,81:A057,all values outside exact producer domain,fail closed if table/index proof changes,V04C007198
V04P00494,RETURN,81:9F9C,logical direct call frame,16-bit return,81,V04C source graph,N/A,N/A,81:9E09,any stack value not produced by paired call frame,fail closed when exact return frame absent,V04C007205
V04P00495,DIRECT_CALL,81:9E03,encoded absolute call,16-bit,81,V04C source graph,N/A,encoded instruction bytes,81:A057,all values outside exact producer domain,fail closed if table/index proof changes,V04C007206
V04P00496,DIRECT_CALL,81:9E09,encoded long call,24-bit,81,V04C source graph,N/A,encoded instruction bytes,80:A415,all values outside exact producer domain,fail closed if table/index proof changes,V04C007215
V04P00497,DIRECT_CALL,80:A418,encoded absolute call,16-bit,80,V04C source graph,N/A,encoded instruction bytes,80:A41D,all values outside exact producer domain,fail closed if table/index proof changes,V04C007263
V04P00498,DIRECT_CALL,80:844F,encoded absolute call,16-bit,80,V04C source graph,N/A,encoded instruction bytes,80:84E0,all values outside exact producer domain,fail closed if table/index proof changes,V04C007299
V04P00499,RETURN,80:85B5,logical direct call frame,16-bit return,80,V04C source graph,N/A,N/A,80:83C0,any stack value not produced by paired call frame,fail closed when exact return frame absent,V04C007350
V04P00500,RETURN,80:85B5,logical direct call frame,16-bit return,80,V04C source graph,N/A,N/A,80:83C0,any stack value not produced by paired call frame,fail closed when exact return frame absent,V04C007398
V04P00501,RETURN,80:83CD,logical direct call frame,16-bit return,80,V04C source graph,N/A,N/A,80:83A1,any stack value not produced by paired call frame,fail closed when exact return frame absent,V04C007466
V04P00502,RETURN,80:83A2,logical direct call frame,24-bit return,81,V04C source graph,N/A,N/A,81:9D7D,any stack value not produced by paired call frame,fail closed when exact return frame absent,V04C007490
V04P00503,RETURN,80:83CD,logical direct call frame,16-bit return,80,V04C source graph,N/A,N/A,80:83A1,any stack value not produced by paired call frame,fail closed when exact return frame absent,V04C007505
V04P00504,DIRECT_CALL,81:9D81,encoded long call,24-bit,81,V04C source graph,N/A,encoded instruction bytes,80:82F7,all values outside exact producer domain,fail closed if table/index proof changes,V04C007530
V04P00505,RETURN,80:83A2,logical direct call frame,24-bit return,81,V04C source graph,N/A,N/A,81:9D7D,any stack value not produced by paired call frame,fail closed when exact return frame absent,V04C007532
V04P00506,DIRECT_CALL,81:9D81,encoded long call,24-bit,81,V04C source graph,N/A,encoded instruction bytes,80:82F7,all values outside exact producer domain,fail closed if table/index proof changes,V04C007582
V04P00507,DIRECT_CALL,80:82FA,encoded absolute call,16-bit,80,V04C source graph,N/A,encoded instruction bytes,80:82FF,all values outside exact producer domain,fail closed if table/index proof changes,V04C007596
V04P00508,DIRECT_CALL,80:84B7,encoded absolute call,16-bit,80,V04C source graph,N/A,encoded instruction bytes,80:84E0,all values outside exact producer domain,fail closed if table/index proof changes,V04C007624
V04P00509,DIRECT_CALL,80:8301,encoded absolute call,16-bit,80,V04C source graph,N/A,encoded instruction bytes,80:8320,all values outside exact producer domain,fail closed if table/index proof changes,V04C007630
V04P00510,RETURN,81:A061,logical direct call frame,16-bit return,81,V04C source graph,N/A,N/A,81:9E06,any stack value not produced by paired call frame,fail closed when exact return frame absent,V04C007636
V04P00511,DIRECT_CALL,80:82FA,encoded absolute call,16-bit,80,V04C source graph,N/A,encoded instruction bytes,80:82FF,all values outside exact producer domain,fail closed if table/index proof changes,V04C007648
V04P00512,DIRECT_CALL,81:9E06,encoded absolute call,16-bit,81,V04C source graph,N/A,encoded instruction bytes,81:9F5C,all values outside exact producer domain,fail closed if table/index proof changes,V04C007651
V04P00513,RETURN,80:85B5,logical direct call frame,16-bit return,80,V04C source graph,N/A,N/A,80:83C0,any stack value not produced by paired call frame,fail closed when exact return frame absent,V04C007675
V04P00514,DIRECT_CALL,80:8301,encoded absolute call,16-bit,80,V04C source graph,N/A,encoded instruction bytes,80:8320,all values outside exact producer domain,fail closed if table/index proof changes,V04C007678
V04P00515,RETURN,80:85B5,logical direct call frame,16-bit return,80,V04C source graph,N/A,N/A,80:83C0,any stack value not produced by paired call frame,fail closed when exact return frame absent,V04C007721
V04P00516,RETURN,80:833B,logical direct call frame,16-bit return,80,V04C source graph,N/A,N/A,80:8304,any stack value not produced by paired call frame,fail closed when exact return frame absent,V04C007859
V04P00517,RETURN,81:9C7F,logical direct call frame,16-bit return,81,V04C source graph,N/A,N/A,81:AF43,any stack value not produced by paired call frame,fail closed when exact return frame absent,V04C007895
V04P00518,RETURN,80:85B5,logical direct call frame,16-bit return,80,V04C source graph,N/A,N/A,80:83C0,any stack value not produced by paired call frame,fail closed when exact return frame absent,V04C007917
V04P00519,RETURN,80:A443,logical direct call frame,16-bit return,80,V04C source graph,N/A,N/A,80:A41B,any stack value not produced by paired call frame,fail closed when exact return frame absent,V04C007952
V04P00520,DIRECT_CALL,80:830F,encoded absolute call,16-bit,80,V04C source graph,N/A,encoded instruction bytes,80:852C,all values outside exact producer domain,fail closed if table/index proof changes,V04C007989
V04P00521,RETURN,80:A41C,logical direct call frame,24-bit return,81,V04C source graph,N/A,N/A,81:9E0D,any stack value not produced by paired call frame,fail closed when exact return frame absent,V04C007994
V04P00522,RETURN,81:9F9C,logical direct call frame,16-bit return,81,V04C source graph,N/A,N/A,81:9E09,any stack value not produced by paired call frame,fail closed when exact return frame absent,V04C008012
V04P00523,DIRECT_CALL,81:9E0D,encoded long call,24-bit,81,V04C source graph,N/A,encoded instruction bytes,80:A1F2,all values outside exact producer domain,fail closed if table/index proof changes,V04C008014
V04P00524,RETURN,80:85B5,logical direct call frame,16-bit return,80,V04C source graph,N/A,N/A,80:83C0,any stack value not produced by paired call frame,fail closed when exact return frame absent,V04C008023
V04P00525,DIRECT_CALL,81:9E09,encoded long call,24-bit,81,V04C source graph,N/A,encoded instruction bytes,80:A415,all values outside exact producer domain,fail closed if table/index proof changes,V04C008030
V04P00526,DIRECT_CALL,81:AF54,encoded absolute call,16-bit,81,V04C source graph,N/A,encoded instruction bytes,81:9DB1,all values outside exact producer domain,fail closed if table/index proof changes,V04C008051
V04P00527,RETURN,80:83CD,logical direct call frame,16-bit return,80,V04C source graph,N/A,N/A,80:83A1,any stack value not produced by paired call frame,fail closed when exact return frame absent,V04C008076
V04P00528,RETURN,80:85B5,logical direct call frame,16-bit return,80,V04C source graph,N/A,N/A,80:83C0,any stack value not produced by paired call frame,fail closed when exact return frame absent,V04C008083
V04P00529,DIRECT_CALL,80:A1F5,encoded absolute call,16-bit,80,V04C source graph,N/A,encoded instruction bytes,80:A1FA,all values outside exact producer domain,fail closed if table/index proof changes,V04C008091
V04P00530,DIRECT_CALL,80:A418,encoded absolute call,16-bit,80,V04C source graph,N/A,encoded instruction bytes,80:A41D,all values outside exact producer domain,fail closed if table/index proof changes,V04C008108
V04P00531,RETURN,80:83A2,logical direct call frame,24-bit return,81,V04C source graph,N/A,N/A,81:9D7D,any stack value not produced by paired call frame,fail closed when exact return frame absent,V04C008115
V04P00532,DIRECT_CALL,81:9D81,encoded long call,24-bit,81,V04C source graph,N/A,encoded instruction bytes,80:82F7,all values outside exact producer domain,fail closed if table/index proof changes,V04C008167
V04P00533,DIRECT_CALL,80:82FA,encoded absolute call,16-bit,80,V04C source graph,N/A,encoded instruction bytes,80:82FF,all values outside exact producer domain,fail closed if table/index proof changes,V04C008225
V04P00534,DIRECT_CALL,80:8301,encoded absolute call,16-bit,80,V04C source graph,N/A,encoded instruction bytes,80:8320,all values outside exact producer domain,fail closed if table/index proof changes,V04C008253
V04P00535,RETURN,81:9C7F,logical direct call frame,16-bit return,81,V04C source graph,N/A,N/A,81:F45B,any stack value not produced by paired call frame,fail closed when exact return frame absent,V04C008277
V04P00536,DIRECT_CALL,81:F45D,encoded absolute call,16-bit,81,V04C source graph,N/A,encoded instruction bytes,81:9DB1,all values outside exact producer domain,fail closed if table/index proof changes,V04C008304
V04P00537,DIRECT_CALL,81:9E03,encoded absolute call,16-bit,81,V04C source graph,N/A,encoded instruction bytes,81:A057,all values outside exact producer domain,fail closed if table/index proof changes,V04C008444
V04P00538,RETURN,80:A219,logical direct call frame,16-bit return,80,V04C source graph,N/A,N/A,80:A1F8,any stack value not produced by paired call frame,fail closed when exact return frame absent,V04C008508
V04P00539,RETURN,80:A1F9,logical direct call frame,24-bit return,81,V04C source graph,N/A,N/A,81:9E11,any stack value not produced by paired call frame,fail closed when exact return frame absent,V04C008522
V04P00540,RETURN,81:9E11,logical direct call frame,16-bit return,81,V04C source graph,N/A,N/A,81:AD08,any stack value not produced by paired call frame,fail closed when exact return frame absent,V04C008529
V04P00541,DIRECT_CALL,81:9E03,encoded absolute call,16-bit,81,V04C source graph,N/A,encoded instruction bytes,81:A057,all values outside exact producer domain,fail closed if table/index proof changes,V04C008558
V04P00542,RETURN,80:A443,logical direct call frame,16-bit return,80,V04C source graph,N/A,N/A,80:A41B,any stack value not produced by paired call frame,fail closed when exact return frame absent,V04C008560
V04P00543,RETURN,80:A41C,logical direct call frame,24-bit return,81,V04C source graph,N/A,N/A,81:9E0D,any stack value not produced by paired call frame,fail closed when exact return frame absent,V04C008574
V04P00544,DIRECT_CALL,81:9E0D,encoded long call,24-bit,81,V04C source graph,N/A,encoded instruction bytes,80:A1F2,all values outside exact producer domain,fail closed if table/index proof changes,V04C008581
V04P00545,DIRECT_CALL,80:A1F5,encoded absolute call,16-bit,80,V04C source graph,N/A,encoded instruction bytes,80:A1FA,all values outside exact producer domain,fail closed if table/index proof changes,V04C008607
V04P00546,RETURN,80:A443,logical direct call frame,16-bit return,80,V04C source graph,N/A,N/A,80:A41B,any stack value not produced by paired call frame,fail closed when exact return frame absent,V04C008614
V04P00547,RETURN,80:A41C,logical direct call frame,24-bit return,81,V04C source graph,N/A,N/A,81:9E0D,any stack value not produced by paired call frame,fail closed when exact return frame absent,V04C008626
V04P00548,DIRECT_CALL,81:9E0D,encoded long call,24-bit,81,V04C source graph,N/A,encoded instruction bytes,80:A1F2,all values outside exact producer domain,fail closed if table/index proof changes,V04C008632
V04P00549,RETURN,81:A061,logical direct call frame,16-bit return,81,V04C source graph,N/A,N/A,81:9E06,any stack value not produced by paired call frame,fail closed when exact return frame absent,V04C008646
V04P00550,DIRECT_CALL,81:9E06,encoded absolute call,16-bit,81,V04C source graph,N/A,encoded instruction bytes,81:9F5C,all values outside exact producer domain,fail closed if table/index proof changes,V04C008652
V04P00551,DIRECT_CALL,80:A1F5,encoded absolute call,16-bit,80,V04C source graph,N/A,encoded instruction bytes,80:A1FA,all values outside exact producer domain,fail closed if table/index proof changes,V04C008656
V04P00552,RETURN,81:A061,logical direct call frame,16-bit return,81,V04C source graph,N/A,N/A,81:9E06,any stack value not produced by paired call frame,fail closed when exact return frame absent,V04C008774
V04P00553,DIRECT_CALL,81:9E06,encoded absolute call,16-bit,81,V04C source graph,N/A,encoded instruction bytes,81:9F5C,all values outside exact producer domain,fail closed if table/index proof changes,V04C008786
V04P00554,RETURN,80:85B5,logical direct call frame,16-bit return,80,V04C source graph,N/A,N/A,80:8312,any stack value not produced by paired call frame,fail closed when exact return frame absent,V04C008791
V04P00555,RETURN,80:85B5,logical direct call frame,16-bit return,80,V04C source graph,N/A,N/A,80:8312,any stack value not produced by paired call frame,fail closed when exact return frame absent,V04C008831
V04P00556,RETURN,80:8317,logical direct call frame,16-bit return,80,V04C source graph,N/A,N/A,80:82FD,any stack value not produced by paired call frame,fail closed when exact return frame absent,V04C008864
V04P00557,RETURN,81:9F9C,logical direct call frame,16-bit return,81,V04C source graph,N/A,N/A,81:9E09,any stack value not produced by paired call frame,fail closed when exact return frame absent,V04C008870
V04P00558,DIRECT_CALL,81:9E09,encoded long call,24-bit,81,V04C source graph,N/A,encoded instruction bytes,80:A415,all values outside exact producer domain,fail closed if table/index proof changes,V04C008881
V04P00559,RETURN,80:82FE,logical direct call frame,24-bit return,81,V04C source graph,N/A,N/A,81:9D85,any stack value not produced by paired call frame,fail closed when exact return frame absent,V04C008885
V04P00560,RETURN,80:8317,logical direct call frame,16-bit return,80,V04C source graph,N/A,N/A,80:82FD,any stack value not produced by paired call frame,fail closed when exact return frame absent,V04C008897
V04P00561,RETURN,80:82FE,logical direct call frame,24-bit return,81,V04C source graph,N/A,N/A,81:9D85,any stack value not produced by paired call frame,fail closed when exact return frame absent,V04C008918
V04P00562,DIRECT_CALL,80:A418,encoded absolute call,16-bit,80,V04C source graph,N/A,encoded instruction bytes,80:A41D,all values outside exact producer domain,fail closed if table/index proof changes,V04C008922
V04P00563,DIRECT_CALL,81:9D8E,encoded long call,24-bit,81,V04C source graph,N/A,encoded instruction bytes,80:C2F4,all values outside exact producer domain,fail closed if table/index proof changes,V04C008927
V04P00564,RETURN,80:A219,logical direct call frame,16-bit return,80,V04C source graph,N/A,N/A,80:A1F8,any stack value not produced by paired call frame,fail closed when exact return frame absent,V04C008942
V04P00565,DIRECT_CALL,81:9D8E,encoded long call,24-bit,81,V04C source graph,N/A,encoded instruction bytes,80:C2F4,all values outside exact producer domain,fail closed if table/index proof changes,V04C008969
V04P00566,RETURN,80:A1F9,logical direct call frame,24-bit return,81,V04C source graph,N/A,N/A,81:9E11,any stack value not produced by paired call frame,fail closed when exact return frame absent,V04C008970
V04P00567,DIRECT_CALL,80:C2F7,encoded absolute call,16-bit,80,V04C source graph,N/A,encoded instruction bytes,80:C2FC,all values outside exact producer domain,fail closed if table/index proof changes,V04C008981
V04P00568,RETURN,81:9E11,logical direct call frame,16-bit return,81,V04C source graph,N/A,N/A,81:A55D,any stack value not produced by paired call frame,fail closed when exact return frame absent,V04C008986
V04P00569,DIRECT_CALL,80:C2F7,encoded absolute call,16-bit,80,V04C source graph,N/A,encoded instruction bytes,80:C2FC,all values outside exact producer domain,fail closed if table/index proof changes,V04C009030
V04P00570,DIRECT_CALL,81:A565,encoded long call,24-bit,81,V04C source graph,N/A,encoded instruction bytes,80:839B,all values outside exact producer domain,fail closed if table/index proof changes,V04C009044
V04P00571,RETURN,80:A219,logical direct call frame,16-bit return,80,V04C source graph,N/A,N/A,80:A1F8,any stack value not produced by paired call frame,fail closed when exact return frame absent,V04C009058
V04P00572,RETURN,80:85B5,logical direct call frame,16-bit return,80,V04C source graph,N/A,N/A,80:8312,any stack value not produced by paired call frame,fail closed when exact return frame absent,V04C009068
V04P00573,RETURN,81:9F9C,logical direct call frame,16-bit return,81,V04C source graph,N/A,N/A,81:9E09,any stack value not produced by paired call frame,fail closed when exact return frame absent,V04C009076
V04P00574,RETURN,80:A1F9,logical direct call frame,24-bit return,81,V04C source graph,N/A,N/A,81:9E11,any stack value not produced by paired call frame,fail closed when exact return frame absent,V04C009087
V04P00575,DIRECT_CALL,81:9E09,encoded long call,24-bit,81,V04C source graph,N/A,encoded instruction bytes,80:A415,all values outside exact producer domain,fail closed if table/index proof changes,V04C009090
V04P00576,DIRECT_CALL,80:839E,encoded absolute call,16-bit,80,V04C source graph,N/A,encoded instruction bytes,80:83A3,all values outside exact producer domain,fail closed if table/index proof changes,V04C009101
V04P00577,RETURN,81:9E11,logical direct call frame,16-bit return,81,V04C source graph,N/A,N/A,81:BA4F,any stack value not produced by paired call frame,fail closed when exact return frame absent,V04C009102
V04P00578,RETURN,80:85B5,logical direct call frame,16-bit return,80,V04C source graph,N/A,N/A,80:8312,any stack value not produced by paired call frame,fail closed when exact return frame absent,V04C009112
V04P00579,DIRECT_CALL,80:83A4,encoded absolute call,16-bit,80,V04C source graph,N/A,encoded instruction bytes,80:8320,all values outside exact producer domain,fail closed if table/index proof changes,V04C009130
V04P00580,DIRECT_CALL,81:BA51,encoded absolute call,16-bit,81,V04C source graph,N/A,encoded instruction bytes,81:BDA9,all values outside exact producer domain,fail closed if table/index proof changes,V04C009131
V04P00581,DIRECT_CALL,80:A418,encoded absolute call,16-bit,80,V04C source graph,N/A,encoded instruction bytes,80:A41D,all values outside exact producer domain,fail closed if table/index proof changes,V04C009150
V04P00582,RETURN,80:8317,logical direct call frame,16-bit return,80,V04C source graph,N/A,N/A,80:82FD,any stack value not produced by paired call frame,fail closed when exact return frame absent,V04C009156
V04P00583,RETURN,80:C319,logical direct call frame,16-bit return,80,V04C source graph,N/A,N/A,80:C2FA,any stack value not produced by paired call frame,fail closed when exact return frame absent,V04C009159
V04P00584,RETURN,80:82FE,logical direct call frame,24-bit return,81,V04C source graph,N/A,N/A,81:9D85,any stack value not produced by paired call frame,fail closed when exact return frame absent,V04C009185
V04P00585,RETURN,80:C2FB,logical direct call frame,24-bit return,81,V04C source graph,N/A,N/A,81:9D92,any stack value not produced by paired call frame,fail closed when exact return frame absent,V04C009188
V04P00586,RETURN,80:8317,logical direct call frame,16-bit return,80,V04C source graph,N/A,N/A,80:82FD,any stack value not produced by paired call frame,fail closed when exact return frame absent,V04C009202
V04P00587,DIRECT_CALL,81:9D92,encoded long call,24-bit,81,V04C source graph,N/A,encoded instruction bytes,80:C066,all values outside exact producer domain,fail closed if table/index proof changes,V04C009203
V04P00588,RETURN,80:C319,logical direct call frame,16-bit return,80,V04C source graph,N/A,N/A,80:C2FA,any stack value not produced by paired call frame,fail closed when exact return frame absent,V04C009204
V04P00589,RETURN,80:A443,logical direct call frame,16-bit return,80,V04C source graph,N/A,N/A,80:A41B,any stack value not produced by paired call frame,fail closed when exact return frame absent,V04C009207
V04P00590,RETURN,80:82FE,logical direct call frame,24-bit return,81,V04C source graph,N/A,N/A,81:9D85,any stack value not produced by paired call frame,fail closed when exact return frame absent,V04C009234
V04P00591,RETURN,80:C2FB,logical direct call frame,24-bit return,81,V04C source graph,N/A,N/A,81:9D92,any stack value not produced by paired call frame,fail closed when exact return frame absent,V04C009236
V04P00592,RETURN,80:A41C,logical direct call frame,24-bit return,81,V04C source graph,N/A,N/A,81:9E0D,any stack value not produced by paired call frame,fail closed when exact return frame absent,V04C009239
V04P00593,DIRECT_CALL,81:9D8E,encoded long call,24-bit,81,V04C source graph,N/A,encoded instruction bytes,80:C2F4,all values outside exact producer domain,fail closed if table/index proof changes,V04C009248
V04P00594,DIRECT_CALL,81:9D92,encoded long call,24-bit,81,V04C source graph,N/A,encoded instruction bytes,80:C066,all values outside exact producer domain,fail closed if table/index proof changes,V04C009252
V04P00595,DIRECT_CALL,81:9E0D,encoded long call,24-bit,81,V04C source graph,N/A,encoded instruction bytes,80:A1F2,all values outside exact producer domain,fail closed if table/index proof changes,V04C009255
V04P00596,DIRECT_CALL,80:C069,encoded absolute call,16-bit,80,V04C source graph,N/A,encoded instruction bytes,80:C06E,all values outside exact producer domain,fail closed if table/index proof changes,V04C009267
V04P00597,DIRECT_CALL,81:9D8E,encoded long call,24-bit,81,V04C source graph,N/A,encoded instruction bytes,80:C2F4,all values outside exact producer domain,fail closed if table/index proof changes,V04C009304
V04P00598,RETURN,81:BDCD,logical direct call frame,16-bit return,81,V04C source graph,N/A,N/A,81:BA54,any stack value not produced by paired call frame,fail closed when exact return frame absent,V04C009308
V04P00599,RETURN,81:BDC6,logical direct call frame,16-bit return,81,V04C source graph,N/A,N/A,81:BA54,any stack value not produced by paired call frame,fail closed when exact return frame absent,V04C009309
V04P00600,DIRECT_CALL,80:C2F7,encoded absolute call,16-bit,80,V04C source graph,N/A,encoded instruction bytes,80:C2FC,all values outside exact producer domain,fail closed if table/index proof changes,V04C009321
V04P00601,DIRECT_CALL,80:C069,encoded absolute call,16-bit,80,V04C source graph,N/A,encoded instruction bytes,80:C06E,all values outside exact producer domain,fail closed if table/index proof changes,V04C009327
V04P00602,DIRECT_CALL,80:A1F5,encoded absolute call,16-bit,80,V04C source graph,N/A,encoded instruction bytes,80:A1FA,all values outside exact producer domain,fail closed if table/index proof changes,V04C009330
V04P00603,RETURN,80:85B5,logical direct call frame,16-bit return,80,V04C source graph,N/A,N/A,80:8312,any stack value not produced by paired call frame,fail closed when exact return frame absent,V04C009334
V04P00604,RETURN,80:C076,logical direct call frame,16-bit return,80,V04C source graph,N/A,N/A,80:C06C,any stack value not produced by paired call frame,fail closed when exact return frame absent,V04C009347
V04P00605,DIRECT_CALL,80:C2F7,encoded absolute call,16-bit,80,V04C source graph,N/A,encoded instruction bytes,80:C2FC,all values outside exact producer domain,fail closed if table/index proof changes,V04C009390
V04P00606,RETURN,80:C06D,logical direct call frame,24-bit return,81,V04C source graph,N/A,N/A,81:9D96,any stack value not produced by paired call frame,fail closed when exact return frame absent,V04C009391
V04P00607,DIRECT_CALL,81:BA5D,encoded absolute call,16-bit,81,V04C source graph,N/A,encoded instruction bytes,81:9D72,all values outside exact producer domain,fail closed if table/index proof changes,V04C009394
V04P00608,RETURN,80:C076,logical direct call frame,16-bit return,80,V04C source graph,N/A,N/A,80:C06C,any stack value not produced by paired call frame,fail closed when exact return frame absent,V04C009415
V04P00609,RETURN,80:833B,logical direct call frame,16-bit return,80,V04C source graph,N/A,N/A,80:83A7,any stack value not produced by paired call frame,fail closed when exact return frame absent,V04C009416
V04P00610,RETURN,80:85B5,logical direct call frame,16-bit return,80,V04C source graph,N/A,N/A,80:8312,any stack value not produced by paired call frame,fail closed when exact return frame absent,V04C009450
V04P00611,RETURN,80:C06D,logical direct call frame,24-bit return,81,V04C source graph,N/A,N/A,81:9D96,any stack value not produced by paired call frame,fail closed when exact return frame absent,V04C009456
V04P00612,DIRECT_CALL,81:9D74,encoded long call,24-bit,81,V04C source graph,N/A,encoded instruction bytes,80:839B,all values outside exact producer domain,fail closed if table/index proof changes,V04C009458
V04P00613,RETURN,80:8317,logical direct call frame,16-bit return,80,V04C source graph,N/A,N/A,80:82FD,any stack value not produced by paired call frame,fail closed when exact return frame absent,V04C009464
V04P00614,RETURN,80:82FE,logical direct call frame,24-bit return,81,V04C source graph,N/A,N/A,81:9D85,any stack value not produced by paired call frame,fail closed when exact return frame absent,V04C009506
V04P00615,RETURN,80:85B5,logical direct call frame,16-bit return,80,V04C source graph,N/A,N/A,80:8312,any stack value not produced by paired call frame,fail closed when exact return frame absent,V04C009514
V04P00616,DIRECT_CALL,80:839E,encoded absolute call,16-bit,80,V04C source graph,N/A,encoded instruction bytes,80:83A3,all values outside exact producer domain,fail closed if table/index proof changes,V04C009540
V04P00617,RETURN,80:8317,logical direct call frame,16-bit return,80,V04C source graph,N/A,N/A,80:82FD,any stack value not produced by paired call frame,fail closed when exact return frame absent,V04C009576
V04P00618,RETURN,80:C319,logical direct call frame,16-bit return,80,V04C source graph,N/A,N/A,80:C2FA,any stack value not produced by paired call frame,fail closed when exact return frame absent,V04C009578
V04P00619,DIRECT_CALL,80:83A4,encoded absolute call,16-bit,80,V04C source graph,N/A,encoded instruction bytes,80:8320,all values outside exact producer domain,fail closed if table/index proof changes,V04C009581
V04P00620,RETURN,80:82FE,logical direct call frame,24-bit return,81,V04C source graph,N/A,N/A,81:9D85,any stack value not produced by paired call frame,fail closed when exact return frame absent,V04C009608
V04P00621,RETURN,80:C2FB,logical direct call frame,24-bit return,81,V04C source graph,N/A,N/A,81:9D92,any stack value not produced by paired call frame,fail closed when exact return frame absent,V04C009610
V04P00622,RETURN,80:8317,logical direct call frame,16-bit return,80,V04C source graph,N/A,N/A,80:82FD,any stack value not produced by paired call frame,fail closed when exact return frame absent,V04C009625
V04P00623,DIRECT_CALL,81:9D92,encoded long call,24-bit,81,V04C source graph,N/A,encoded instruction bytes,80:C066,all values outside exact producer domain,fail closed if table/index proof changes,V04C009626
V04P00624,RETURN,80:C319,logical direct call frame,16-bit return,80,V04C source graph,N/A,N/A,80:C2FA,any stack value not produced by paired call frame,fail closed when exact return frame absent,V04C009627
V04P00625,RETURN,80:82FE,logical direct call frame,24-bit return,81,V04C source graph,N/A,N/A,81:9D85,any stack value not produced by paired call frame,fail closed when exact return frame absent,V04C009655
V04P00626,RETURN,80:C2FB,logical direct call frame,24-bit return,81,V04C source graph,N/A,N/A,81:9D92,any stack value not produced by paired call frame,fail closed when exact return frame absent,V04C009657
V04P00627,DIRECT_CALL,81:9D8E,encoded long call,24-bit,81,V04C source graph,N/A,encoded instruction bytes,80:C2F4,all values outside exact producer domain,fail closed if table/index proof changes,V04C009669
V04P00628,DIRECT_CALL,81:9D92,encoded long call,24-bit,81,V04C source graph,N/A,encoded instruction bytes,80:C066,all values outside exact producer domain,fail closed if table/index proof changes,V04C009672
V04P00629,DIRECT_CALL,80:83C2,encoded absolute call,16-bit,80,V04C source graph,N/A,encoded instruction bytes,80:83CE,all values outside exact producer domain,fail closed if table/index proof changes,V04C009673
V04P00630,DIRECT_CALL,80:83BD,encoded absolute call,16-bit,80,V04C source graph,N/A,encoded instruction bytes,80:852C,all values outside exact producer domain,fail closed if table/index proof changes,V04C009674
V04P00631,DIRECT_CALL,80:C069,encoded absolute call,16-bit,80,V04C source graph,N/A,encoded instruction bytes,80:C06E,all values outside exact producer domain,fail closed if table/index proof changes,V04C009686
V04P00632,DIRECT_CALL,81:9D8E,encoded long call,24-bit,81,V04C source graph,N/A,encoded instruction bytes,80:C2F4,all values outside exact producer domain,fail closed if table/index proof changes,V04C009717
V04P00633,DIRECT_CALL,80:C2F7,encoded absolute call,16-bit,80,V04C source graph,N/A,encoded instruction bytes,80:C2FC,all values outside exact producer domain,fail closed if table/index proof changes,V04C009731
V04P00634,DIRECT_CALL,80:C069,encoded absolute call,16-bit,80,V04C source graph,N/A,encoded instruction bytes,80:C06E,all values outside exact producer domain,fail closed if table/index proof changes,V04C009734
V04P00635,RETURN,80:C076,logical direct call frame,16-bit return,80,V04C source graph,N/A,N/A,80:C06C,any stack value not produced by paired call frame,fail closed when exact return frame absent,V04C009747
V04P00636,DIRECT_CALL,80:C2F7,encoded absolute call,16-bit,80,V04C source graph,N/A,encoded instruction bytes,80:C2FC,all values outside exact producer domain,fail closed if table/index proof changes,V04C009773
V04P00637,RETURN,80:C06D,logical direct call frame,24-bit return,81,V04C source graph,N/A,N/A,81:9D96,any stack value not produced by paired call frame,fail closed when exact return frame absent,V04C009774
V04P00638,RETURN,80:C076,logical direct call frame,16-bit return,80,V04C source graph,N/A,N/A,80:C06C,any stack value not produced by paired call frame,fail closed when exact return frame absent,V04C009790
V04P00639,RETURN,80:C06D,logical direct call frame,24-bit return,81,V04C source graph,N/A,N/A,81:9D96,any stack value not produced by paired call frame,fail closed when exact return frame absent,V04C009818
V04P00640,RETURN,80:833B,logical direct call frame,16-bit return,80,V04C source graph,N/A,N/A,80:83A7,any stack value not produced by paired call frame,fail closed when exact return frame absent,V04C009821
V04P00641,RETURN,80:C319,logical direct call frame,16-bit return,80,V04C source graph,N/A,N/A,80:C2FA,any stack value not produced by paired call frame,fail closed when exact return frame absent,V04C009877
V04P00642,RETURN,80:C2FB,logical direct call frame,24-bit return,81,V04C source graph,N/A,N/A,81:9D92,any stack value not produced by paired call frame,fail closed when exact return frame absent,V04C009893
V04P00643,DIRECT_CALL,81:9D92,encoded long call,24-bit,81,V04C source graph,N/A,encoded instruction bytes,80:C066,all values outside exact producer domain,fail closed if table/index proof changes,V04C009902
V04P00644,RETURN,80:C319,logical direct call frame,16-bit return,80,V04C source graph,N/A,N/A,80:C2FA,any stack value not produced by paired call frame,fail closed when exact return frame absent,V04C009903
V04P00645,RETURN,80:A219,logical direct call frame,16-bit return,80,V04C source graph,N/A,N/A,80:A1F8,any stack value not produced by paired call frame,fail closed when exact return frame absent,V04C009909
V04P00646,RETURN,80:C2FB,logical direct call frame,24-bit return,81,V04C source graph,N/A,N/A,81:9D92,any stack value not produced by paired call frame,fail closed when exact return frame absent,V04C009923
V04P00647,RETURN,80:A1F9,logical direct call frame,24-bit return,81,V04C source graph,N/A,N/A,81:9E11,any stack value not produced by paired call frame,fail closed when exact return frame absent,V04C009929
V04P00648,DIRECT_CALL,81:9D92,encoded long call,24-bit,81,V04C source graph,N/A,encoded instruction bytes,80:C066,all values outside exact producer domain,fail closed if table/index proof changes,V04C009933
V04P00649,RETURN,81:9E11,logical direct call frame,16-bit return,81,V04C source graph,N/A,N/A,81:AF57,any stack value not produced by paired call frame,fail closed when exact return frame absent,V04C009940
V04P00650,DIRECT_CALL,80:C069,encoded absolute call,16-bit,80,V04C source graph,N/A,encoded instruction bytes,80:C06E,all values outside exact producer domain,fail closed if table/index proof changes,V04C009943
V04P00651,DIRECT_CALL,80:83C2,encoded absolute call,16-bit,80,V04C source graph,N/A,encoded instruction bytes,80:83CE,all values outside exact producer domain,fail closed if table/index proof changes,V04C009961
V04P00652,DIRECT_CALL,80:83BD,encoded absolute call,16-bit,80,V04C source graph,N/A,encoded instruction bytes,80:852C,all values outside exact producer domain,fail closed if table/index proof changes,V04C009962
V04P00653,DIRECT_CALL,80:C069,encoded absolute call,16-bit,80,V04C source graph,N/A,encoded instruction bytes,80:C06E,all values outside exact producer domain,fail closed if table/index proof changes,V04C009980
V04P00654,RETURN,80:C076,logical direct call frame,16-bit return,80,V04C source graph,N/A,N/A,80:C06C,any stack value not produced by paired call frame,fail closed when exact return frame absent,V04C009991
V04P00655,RETURN,80:C06D,logical direct call frame,24-bit return,81,V04C source graph,N/A,N/A,81:9D96,any stack value not produced by paired call frame,fail closed when exact return frame absent,V04C010018
V04P00656,DIRECT_CALL,81:AF76,encoded long call,24-bit,81,V04C source graph,N/A,encoded instruction bytes,80:839B,all values outside exact producer domain,fail closed if table/index proof changes,V04C010026
V04P00657,RETURN,80:C076,logical direct call frame,16-bit return,80,V04C source graph,N/A,N/A,80:C06C,any stack value not produced by paired call frame,fail closed when exact return frame absent,V04C010031
V04P00658,RETURN,80:C06D,logical direct call frame,24-bit return,81,V04C source graph,N/A,N/A,81:9D96,any stack value not produced by paired call frame,fail closed when exact return frame absent,V04C010054
V04P00659,DIRECT_CALL,80:839E,encoded absolute call,16-bit,80,V04C source graph,N/A,encoded instruction bytes,80:83A3,all values outside exact producer domain,fail closed if table/index proof changes,V04C010069
V04P00660,DIRECT_CALL,80:83A4,encoded absolute call,16-bit,80,V04C source graph,N/A,encoded instruction bytes,80:8320,all values outside exact producer domain,fail closed if table/index proof changes,V04C010084
V04P00661,RETURN,80:833B,logical direct call frame,16-bit return,80,V04C source graph,N/A,N/A,80:83A7,any stack value not produced by paired call frame,fail closed when exact return frame absent,V04C010224
V04P00662,RETURN,80:A443,logical direct call frame,16-bit return,80,V04C source graph,N/A,N/A,80:A41B,any stack value not produced by paired call frame,fail closed when exact return frame absent,V04C010284
V04P00663,RETURN,80:A41C,logical direct call frame,24-bit return,81,V04C source graph,N/A,N/A,81:9E0D,any stack value not produced by paired call frame,fail closed when exact return frame absent,V04C010294
V04P00664,DIRECT_CALL,81:9E0D,encoded long call,24-bit,81,V04C source graph,N/A,encoded instruction bytes,80:A1F2,all values outside exact producer domain,fail closed if table/index proof changes,V04C010299
V04P00665,DIRECT_CALL,80:83C2,encoded absolute call,16-bit,80,V04C source graph,N/A,encoded instruction bytes,80:83CE,all values outside exact producer domain,fail closed if table/index proof changes,V04C010303
V04P00666,DIRECT_CALL,80:83BD,encoded absolute call,16-bit,80,V04C source graph,N/A,encoded instruction bytes,80:852C,all values outside exact producer domain,fail closed if table/index proof changes,V04C010304
V04P00667,DIRECT_CALL,80:A1F5,encoded absolute call,16-bit,80,V04C source graph,N/A,encoded instruction bytes,80:A1FA,all values outside exact producer domain,fail closed if table/index proof changes,V04C010323
V04P00668,RETURN,80:A443,logical direct call frame,16-bit return,80,V04C source graph,N/A,N/A,80:A41B,any stack value not produced by paired call frame,fail closed when exact return frame absent,V04C010410
V04P00669,DIRECT_CALL,80:844F,encoded absolute call,16-bit,80,V04C source graph,N/A,encoded instruction bytes,80:84E0,all values outside exact producer domain,fail closed if table/index proof changes,V04C010412
V04P00670,RETURN,80:A41C,logical direct call frame,24-bit return,81,V04C source graph,N/A,N/A,81:9E0D,any stack value not produced by paired call frame,fail closed when exact return frame absent,V04C010436
V04P00671,DIRECT_CALL,81:9E0D,encoded long call,24-bit,81,V04C source graph,N/A,encoded instruction bytes,80:A1F2,all values outside exact producer domain,fail closed if table/index proof changes,V04C010450
V04P00672,RETURN,80:85B5,logical direct call frame,16-bit return,80,V04C source graph,N/A,N/A,80:83C0,any stack value not produced by paired call frame,fail closed when exact return frame absent,V04C010458
V04P00673,RETURN,80:85B5,logical direct call frame,16-bit return,80,V04C source graph,N/A,N/A,80:83C0,any stack value not produced by paired call frame,fail closed when exact return frame absent,V04C010504
V04P00674,DIRECT_CALL,80:A1F5,encoded absolute call,16-bit,80,V04C source graph,N/A,encoded instruction bytes,80:A1FA,all values outside exact producer domain,fail closed if table/index proof changes,V04C010510
V04P00675,DIRECT_CALL,80:844F,encoded absolute call,16-bit,80,V04C source graph,N/A,encoded instruction bytes,80:84E0,all values outside exact producer domain,fail closed if table/index proof changes,V04C010565
V04P00676,RETURN,80:83CD,logical direct call frame,16-bit return,80,V04C source graph,N/A,N/A,80:83A1,any stack value not produced by paired call frame,fail closed when exact return frame absent,V04C010584
V04P00677,RETURN,80:83A2,logical direct call frame,24-bit return,81,V04C source graph,N/A,N/A,81:A569,any stack value not produced by paired call frame,fail closed when exact return frame absent,V04C010615
V04P00678,RETURN,80:83CD,logical direct call frame,16-bit return,80,V04C source graph,N/A,N/A,80:83A1,any stack value not produced by paired call frame,fail closed when exact return frame absent,V04C010633
V04P00679,DIRECT_CALL,81:A56F,encoded long call,24-bit,81,V04C source graph,N/A,encoded instruction bytes,80:82F7,all values outside exact producer domain,fail closed if table/index proof changes,V04C010664
V04P00680,RETURN,80:83A2,logical direct call frame,24-bit return,81,V04C source graph,N/A,N/A,81:A569,any stack value not produced by paired call frame,fail closed when exact return frame absent,V04C010666
V04P00681,DIRECT_CALL,81:A56F,encoded long call,24-bit,81,V04C source graph,N/A,encoded instruction bytes,80:82F7,all values outside exact producer domain,fail closed if table/index proof changes,V04C010722
V04P00682,DIRECT_CALL,80:82FA,encoded absolute call,16-bit,80,V04C source graph,N/A,encoded instruction bytes,80:82FF,all values outside exact producer domain,fail closed if table/index proof changes,V04C010737
V04P00683,DIRECT_CALL,80:84B7,encoded absolute call,16-bit,80,V04C source graph,N/A,encoded instruction bytes,80:84E0,all values outside exact producer domain,fail closed if table/index proof changes,V04C010762
V04P00684,DIRECT_CALL,80:8301,encoded absolute call,16-bit,80,V04C source graph,N/A,encoded instruction bytes,80:8320,all values outside exact producer domain,fail closed if table/index proof changes,V04C010769
V04P00685,DIRECT_CALL,80:82FA,encoded absolute call,16-bit,80,V04C source graph,N/A,encoded instruction bytes,80:82FF,all values outside exact producer domain,fail closed if table/index proof changes,V04C010786
V04P00686,RETURN,80:85B5,logical direct call frame,16-bit return,80,V04C source graph,N/A,N/A,80:83C0,any stack value not produced by paired call frame,fail closed when exact return frame absent,V04C010811
V04P00687,DIRECT_CALL,80:8301,encoded absolute call,16-bit,80,V04C source graph,N/A,encoded instruction bytes,80:8320,all values outside exact producer domain,fail closed if table/index proof changes,V04C010814
V04P00688,RETURN,80:A219,logical direct call frame,16-bit return,80,V04C source graph,N/A,N/A,80:A1F8,any stack value not produced by paired call frame,fail closed when exact return frame absent,V04C010846
V04P00689,RETURN,80:85B5,logical direct call frame,16-bit return,80,V04C source graph,N/A,N/A,80:83C0,any stack value not produced by paired call frame,fail closed when exact return frame absent,V04C010854
V04P00690,RETURN,80:A1F9,logical direct call frame,24-bit return,81,V04C source graph,N/A,N/A,81:9E11,any stack value not produced by paired call frame,fail closed when exact return frame absent,V04C010872
V04P00691,RETURN,81:9E11,logical direct call frame,16-bit return,81,V04C source graph,N/A,N/A,81:AF57,any stack value not produced by paired call frame,fail closed when exact return frame absent,V04C010886
V04P00692,DIRECT_CALL,80:84B7,encoded absolute call,16-bit,80,V04C source graph,N/A,encoded instruction bytes,80:84E0,all values outside exact producer domain,fail closed if table/index proof changes,V04C010900
V04P00693,DIRECT_CALL,81:AF76,encoded long call,24-bit,81,V04C source graph,N/A,encoded instruction bytes,80:839B,all values outside exact producer domain,fail closed if table/index proof changes,V04C010969
V04P00694,RETURN,80:833B,logical direct call frame,16-bit return,80,V04C source graph,N/A,N/A,80:8304,any stack value not produced by paired call frame,fail closed when exact return frame absent,V04C010979
V04P00695,DIRECT_CALL,80:839E,encoded absolute call,16-bit,80,V04C source graph,N/A,encoded instruction bytes,80:83A3,all values outside exact producer domain,fail closed if table/index proof changes,V04C011029
V04P00696,RETURN,80:85B5,logical direct call frame,16-bit return,80,V04C source graph,N/A,N/A,80:83C0,any stack value not produced by paired call frame,fail closed when exact return frame absent,V04C011032
V04P00697,DIRECT_CALL,80:83A4,encoded absolute call,16-bit,80,V04C source graph,N/A,encoded instruction bytes,80:8320,all values outside exact producer domain,fail closed if table/index proof changes,V04C011063
V04P00698,RETURN,80:A219,logical direct call frame,16-bit return,80,V04C source graph,N/A,N/A,80:A1F8,any stack value not produced by paired call frame,fail closed when exact return frame absent,V04C011064
V04P00699,DIRECT_CALL,80:830F,encoded absolute call,16-bit,80,V04C source graph,N/A,encoded instruction bytes,80:852C,all values outside exact producer domain,fail closed if table/index proof changes,V04C011098
V04P00700,RETURN,80:A1F9,logical direct call frame,24-bit return,81,V04C source graph,N/A,N/A,81:9E11,any stack value not produced by paired call frame,fail closed when exact return frame absent,V04C011102
V04P00701,RETURN,81:9E11,logical direct call frame,16-bit return,81,V04C source graph,N/A,N/A,81:F460,any stack value not produced by paired call frame,fail closed when exact return frame absent,V04C011120
V04P00702,RETURN,80:85B5,logical direct call frame,16-bit return,80,V04C source graph,N/A,N/A,80:83C0,any stack value not produced by paired call frame,fail closed when exact return frame absent,V04C011128
V04P00703,RETURN,80:83CD,logical direct call frame,16-bit return,80,V04C source graph,N/A,N/A,80:83A1,any stack value not produced by paired call frame,fail closed when exact return frame absent,V04C011175
V04P00704,RETURN,80:85B5,logical direct call frame,16-bit return,80,V04C source graph,N/A,N/A,80:83C0,any stack value not produced by paired call frame,fail closed when exact return frame absent,V04C011182
V04P00705,RETURN,80:83A2,logical direct call frame,24-bit return,81,V04C source graph,N/A,N/A,81:A569,any stack value not produced by paired call frame,fail closed when exact return frame absent,V04C011210
V04P00706,DIRECT_CALL,81:A56F,encoded long call,24-bit,81,V04C source graph,N/A,encoded instruction bytes,80:82F7,all values outside exact producer domain,fail closed if table/index proof changes,V04C011256
V04P00707,DIRECT_CALL,80:82FA,encoded absolute call,16-bit,80,V04C source graph,N/A,encoded instruction bytes,80:82FF,all values outside exact producer domain,fail closed if table/index proof changes,V04C011308
V04P00708,RETURN,80:833B,logical direct call frame,16-bit return,80,V04C source graph,N/A,N/A,80:83A7,any stack value not produced by paired call frame,fail closed when exact return frame absent,V04C011318
V04P00709,DIRECT_CALL,80:8301,encoded absolute call,16-bit,80,V04C source graph,N/A,encoded instruction bytes,80:8320,all values outside exact producer domain,fail closed if table/index proof changes,V04C011339
V04P00710,DIRECT_CALL,81:F498,encoded absolute call,16-bit,81,V04C source graph,N/A,encoded instruction bytes,81:9E50,all values outside exact producer domain,fail closed if table/index proof changes,V04C011370
V04P00711,DIRECT_CALL,81:F48E,encoded absolute call,16-bit,81,V04C source graph,N/A,encoded instruction bytes,81:9D72,all values outside exact producer domain,fail closed if table/index proof changes,V04C011410
V04P00712,DIRECT_CALL,80:844F,encoded absolute call,16-bit,80,V04C source graph,N/A,encoded instruction bytes,80:84E0,all values outside exact producer domain,fail closed if table/index proof changes,V04C011417
V04P00713,DIRECT_CALL,81:9D74,encoded long call,24-bit,81,V04C source graph,N/A,encoded instruction bytes,80:839B,all values outside exact producer domain,fail closed if table/index proof changes,V04C011466
V04P00714,RETURN,80:85B5,logical direct call frame,16-bit return,80,V04C source graph,N/A,N/A,80:83C0,any stack value not produced by paired call frame,fail closed when exact return frame absent,V04C011481
V04P00715,RETURN,80:85B5,logical direct call frame,16-bit return,80,V04C source graph,N/A,N/A,80:83C0,any stack value not produced by paired call frame,fail closed when exact return frame absent,V04C011545
V04P00716,DIRECT_CALL,80:839E,encoded absolute call,16-bit,80,V04C source graph,N/A,encoded instruction bytes,80:83A3,all values outside exact producer domain,fail closed if table/index proof changes,V04C011548
V04P00717,DIRECT_CALL,80:83C2,encoded absolute call,16-bit,80,V04C source graph,N/A,encoded instruction bytes,80:83CE,all values outside exact producer domain,fail closed if table/index proof changes,V04C011579
V04P00718,DIRECT_CALL,80:83BD,encoded absolute call,16-bit,80,V04C source graph,N/A,encoded instruction bytes,80:852C,all values outside exact producer domain,fail closed if table/index proof changes,V04C011580
V04P00719,DIRECT_CALL,80:83A4,encoded absolute call,16-bit,80,V04C source graph,N/A,encoded instruction bytes,80:8320,all values outside exact producer domain,fail closed if table/index proof changes,V04C011583
V04P00720,DIRECT_CALL,80:844F,encoded absolute call,16-bit,80,V04C source graph,N/A,encoded instruction bytes,80:84E0,all values outside exact producer domain,fail closed if table/index proof changes,V04C011604
V04P00721,RETURN,80:83CD,logical direct call frame,16-bit return,80,V04C source graph,N/A,N/A,80:83A1,any stack value not produced by paired call frame,fail closed when exact return frame absent,V04C011623
V04P00722,RETURN,80:83A2,logical direct call frame,24-bit return,81,V04C source graph,N/A,N/A,81:AF7A,any stack value not produced by paired call frame,fail closed when exact return frame absent,V04C011654
V04P00723,RETURN,80:83CD,logical direct call frame,16-bit return,80,V04C source graph,N/A,N/A,80:83A1,any stack value not produced by paired call frame,fail closed when exact return frame absent,V04C011673
V04P00724,DIRECT_CALL,81:9E87,encoded long call,24-bit,81,V04C source graph,N/A,encoded instruction bytes,80:839B,all values outside exact producer domain,fail closed if table/index proof changes,V04C011677
V04P00725,DIRECT_CALL,81:9E74,encoded long call,24-bit,81,V04C source graph,N/A,encoded instruction bytes,80:C066,all values outside exact producer domain,fail closed if table/index proof changes,V04C011698
V04P00726,DIRECT_CALL,81:AF80,encoded long call,24-bit,81,V04C source graph,N/A,encoded instruction bytes,80:82F7,all values outside exact producer domain,fail closed if table/index proof changes,V04C011707
V04P00727,RETURN,80:83A2,logical direct call frame,24-bit return,81,V04C source graph,N/A,N/A,81:AF7A,any stack value not produced by paired call frame,fail closed when exact return frame absent,V04C011709
V04P00728,DIRECT_CALL,80:839E,encoded absolute call,16-bit,80,V04C source graph,N/A,encoded instruction bytes,80:83A3,all values outside exact producer domain,fail closed if table/index proof changes,V04C011756
V04P00729,DIRECT_CALL,81:AF80,encoded long call,24-bit,81,V04C source graph,N/A,encoded instruction bytes,80:82F7,all values outside exact producer domain,fail closed if table/index proof changes,V04C011775
V04P00730,DIRECT_CALL,80:C069,encoded absolute call,16-bit,80,V04C source graph,N/A,encoded instruction bytes,80:C06E,all values outside exact producer domain,fail closed if table/index proof changes,V04C011783
V04P00731,DIRECT_CALL,80:82FA,encoded absolute call,16-bit,80,V04C source graph,N/A,encoded instruction bytes,80:82FF,all values outside exact producer domain,fail closed if table/index proof changes,V04C011795
V04P00732,DIRECT_CALL,80:83A4,encoded absolute call,16-bit,80,V04C source graph,N/A,encoded instruction bytes,80:8320,all values outside exact producer domain,fail closed if table/index proof changes,V04C011805
V04P00733,DIRECT_CALL,80:84B7,encoded absolute call,16-bit,80,V04C source graph,N/A,encoded instruction bytes,80:84E0,all values outside exact producer domain,fail closed if table/index proof changes,V04C011834
V04P00734,DIRECT_CALL,80:8301,encoded absolute call,16-bit,80,V04C source graph,N/A,encoded instruction bytes,80:8320,all values outside exact producer domain,fail closed if table/index proof changes,V04C011841
V04P00735,DIRECT_CALL,81:9E99,encoded long call,24-bit,81,V04C source graph,N/A,encoded instruction bytes,80:82F7,all values outside exact producer domain,fail closed if table/index proof changes,V04C011853
V04P00736,DIRECT_CALL,80:82FA,encoded absolute call,16-bit,80,V04C source graph,N/A,encoded instruction bytes,80:82FF,all values outside exact producer domain,fail closed if table/index proof changes,V04C011866
V04P00737,RETURN,80:C076,logical direct call frame,16-bit return,80,V04C source graph,N/A,N/A,80:C06C,any stack value not produced by paired call frame,fail closed when exact return frame absent,V04C011876
V04P00738,DIRECT_CALL,81:9E87,encoded long call,24-bit,81,V04C source graph,N/A,encoded instruction bytes,80:839B,all values outside exact producer domain,fail closed if table/index proof changes,V04C011891
V04P00739,RETURN,80:833B,logical direct call frame,16-bit return,80,V04C source graph,N/A,N/A,80:83A7,any stack value not produced by paired call frame,fail closed when exact return frame absent,V04C011899
V04P00740,RETURN,80:85B5,logical direct call frame,16-bit return,80,V04C source graph,N/A,N/A,80:83C0,any stack value not produced by paired call frame,fail closed when exact return frame absent,V04C011908
V04P00741,DIRECT_CALL,80:8301,encoded absolute call,16-bit,80,V04C source graph,N/A,encoded instruction bytes,80:8320,all values outside exact producer domain,fail closed if table/index proof changes,V04C011911
V04P00742,DIRECT_CALL,81:9E74,encoded long call,24-bit,81,V04C source graph,N/A,encoded instruction bytes,80:C066,all values outside exact producer domain,fail closed if table/index proof changes,V04C011918
V04P00743,RETURN,80:C06D,logical direct call frame,24-bit return,81,V04C source graph,N/A,N/A,81:9E78,any stack value not produced by paired call frame,fail closed when exact return frame absent,V04C011923
V04P00744,DIRECT_CALL,80:82FA,encoded absolute call,16-bit,80,V04C source graph,N/A,encoded instruction bytes,80:82FF,all values outside exact producer domain,fail closed if table/index proof changes,V04C011947
V04P00745,DIRECT_CALL,81:9EC5,encoded long call,24-bit,81,V04C source graph,N/A,encoded instruction bytes,80:A338,all values outside exact producer domain,fail closed if table/index proof changes,V04C011972
V04P00746,RETURN,81:9E7A,logical direct call frame,16-bit return,81,V04C source graph,N/A,N/A,81:F49B,any stack value not produced by paired call frame,fail closed when exact return frame absent,V04C011976
V04P00747,RETURN,80:85B5,logical direct call frame,16-bit return,80,V04C source graph,N/A,N/A,80:83C0,any stack value not produced by paired call frame,fail closed when exact return frame absent,V04C011985
V04P00748,DIRECT_CALL,80:839E,encoded absolute call,16-bit,80,V04C source graph,N/A,encoded instruction bytes,80:83A3,all values outside exact producer domain,fail closed if table/index proof changes,V04C011994
V04P00749,DIRECT_CALL,80:8301,encoded absolute call,16-bit,80,V04C source graph,N/A,encoded instruction bytes,80:8320,all values outside exact producer domain,fail closed if table/index proof changes,V04C012002
V04P00750,DIRECT_CALL,80:C069,encoded absolute call,16-bit,80,V04C source graph,N/A,encoded instruction bytes,80:C06E,all values outside exact producer domain,fail closed if table/index proof changes,V04C012024
V04P00751,DIRECT_CALL,81:9ECF,encoded long call,24-bit,81,V04C source graph,N/A,encoded instruction bytes,80:A2DB,all values outside exact producer domain,fail closed if table/index proof changes,V04C012027
V04P00752,DIRECT_CALL,81:9EBB,encoded long call,24-bit,81,V04C source graph,N/A,encoded instruction bytes,80:A21A,all values outside exact producer domain,fail closed if table/index proof changes,V04C012028
V04P00753,DIRECT_CALL,81:F49E,encoded absolute call,16-bit,81,V04C source graph,N/A,encoded instruction bytes,81:9E12,all values outside exact producer domain,fail closed if table/index proof changes,V04C012030
V04P00754,DIRECT_CALL,80:83A4,encoded absolute call,16-bit,80,V04C source graph,N/A,encoded instruction bytes,80:8320,all values outside exact producer domain,fail closed if table/index proof changes,V04C012051
V04P00755,DIRECT_CALL,80:84B7,encoded absolute call,16-bit,80,V04C source graph,N/A,encoded instruction bytes,80:84E0,all values outside exact producer domain,fail closed if table/index proof changes,V04C012091
V04P00756,DIRECT_CALL,81:9E99,encoded long call,24-bit,81,V04C source graph,N/A,encoded instruction bytes,80:82F7,all values outside exact producer domain,fail closed if table/index proof changes,V04C012110
V04P00757,RETURN,80:C076,logical direct call frame,16-bit return,80,V04C source graph,N/A,N/A,80:C06C,any stack value not produced by paired call frame,fail closed when exact return frame absent,V04C012139
V04P00758,DIRECT_CALL,80:A33D,encoded absolute call,16-bit,80,V04C source graph,N/A,encoded instruction bytes,80:A344,all values outside exact producer domain,fail closed if table/index proof changes,V04C012141
V04P00759,DIRECT_CALL,81:9E87,encoded long call,24-bit,81,V04C source graph,N/A,encoded instruction bytes,80:839B,all values outside exact producer domain,fail closed if table/index proof changes,V04C012161
V04P00760,DIRECT_CALL,81:9E74,encoded long call,24-bit,81,V04C source graph,N/A,encoded instruction bytes,80:C066,all values outside exact producer domain,fail closed if table/index proof changes,V04C012194
V04P00761,RETURN,80:C06D,logical direct call frame,24-bit return,81,V04C source graph,N/A,N/A,81:9E78,any stack value not produced by paired call frame,fail closed when exact return frame absent,V04C012199
V04P00762,DIRECT_CALL,80:A2E0,encoded absolute call,16-bit,80,V04C source graph,N/A,encoded instruction bytes,80:A2E7,all values outside exact producer domain,fail closed if table/index proof changes,V04C012202
V04P00763,DIRECT_CALL,80:A21F,encoded absolute call,16-bit,80,V04C source graph,N/A,encoded instruction bytes,80:A226,all values outside exact producer domain,fail closed if table/index proof changes,V04C012203
V04P00764,DIRECT_CALL,80:82FA,encoded absolute call,16-bit,80,V04C source graph,N/A,encoded instruction bytes,80:82FF,all values outside exact producer domain,fail closed if table/index proof changes,V04C012230
V04P00765,RETURN,80:833B,logical direct call frame,16-bit return,80,V04C source graph,N/A,N/A,80:83A7,any stack value not produced by paired call frame,fail closed when exact return frame absent,V04C012232
V04P00766,DIRECT_CALL,81:9EC5,encoded long call,24-bit,81,V04C source graph,N/A,encoded instruction bytes,80:A338,all values outside exact producer domain,fail closed if table/index proof changes,V04C012258
V04P00767,RETURN,81:9E7A,logical direct call frame,16-bit return,81,V04C source graph,N/A,N/A,81:F49B,any stack value not produced by paired call frame,fail closed when exact return frame absent,V04C012262
V04P00768,RETURN,80:833B,logical direct call frame,16-bit return,80,V04C source graph,N/A,N/A,80:8304,any stack value not produced by paired call frame,fail closed when exact return frame absent,V04C012278
V04P00769,DIRECT_CALL,80:839E,encoded absolute call,16-bit,80,V04C source graph,N/A,encoded instruction bytes,80:83A3,all values outside exact producer domain,fail closed if table/index proof changes,V04C012285
V04P00770,DIRECT_CALL,80:8301,encoded absolute call,16-bit,80,V04C source graph,N/A,encoded instruction bytes,80:8320,all values outside exact producer domain,fail closed if table/index proof changes,V04C012293
V04P00771,DIRECT_CALL,80:83C2,encoded absolute call,16-bit,80,V04C source graph,N/A,encoded instruction bytes,80:83CE,all values outside exact producer domain,fail closed if table/index proof changes,V04C012301
V04P00772,DIRECT_CALL,80:83BD,encoded absolute call,16-bit,80,V04C source graph,N/A,encoded instruction bytes,80:852C,all values outside exact producer domain,fail closed if table/index proof changes,V04C012302
V04P00773,DIRECT_CALL,80:C069,encoded absolute call,16-bit,80,V04C source graph,N/A,encoded instruction bytes,80:C06E,all values outside exact producer domain,fail closed if table/index proof changes,V04C012323
V04P00774,DIRECT_CALL,81:9ECF,encoded long call,24-bit,81,V04C source graph,N/A,encoded instruction bytes,80:A2DB,all values outside exact producer domain,fail closed if table/index proof changes,V04C012326
V04P00775,DIRECT_CALL,81:9EBB,encoded long call,24-bit,81,V04C source graph,N/A,encoded instruction bytes,80:A21A,all values outside exact producer domain,fail closed if table/index proof changes,V04C012327
V04P00776,DIRECT_CALL,81:F49E,encoded absolute call,16-bit,81,V04C source graph,N/A,encoded instruction bytes,81:9E12,all values outside exact producer domain,fail closed if table/index proof changes,V04C012329
V04P00777,DIRECT_CALL,80:83A4,encoded absolute call,16-bit,80,V04C source graph,N/A,encoded instruction bytes,80:8320,all values outside exact producer domain,fail closed if table/index proof changes,V04C012355
V04P00778,RETURN,80:85B5,logical direct call frame,16-bit return,80,V04C source graph,N/A,N/A,80:83C0,any stack value not produced by paired call frame,fail closed when exact return frame absent,V04C012411
V04P00779,DIRECT_CALL,81:9E99,encoded long call,24-bit,81,V04C source graph,N/A,encoded instruction bytes,80:82F7,all values outside exact producer domain,fail closed if table/index proof changes,V04C012431
V04P00780,RETURN,80:C076,logical direct call frame,16-bit return,80,V04C source graph,N/A,N/A,80:C06C,any stack value not produced by paired call frame,fail closed when exact return frame absent,V04C012470
V04P00781,DIRECT_CALL,80:A33D,encoded absolute call,16-bit,80,V04C source graph,N/A,encoded instruction bytes,80:A344,all values outside exact producer domain,fail closed if table/index proof changes,V04C012472
V04P00782,DIRECT_CALL,81:9E87,encoded long call,24-bit,81,V04C source graph,N/A,encoded instruction bytes,80:839B,all values outside exact producer domain,fail closed if table/index proof changes,V04C012504
V04P00783,RETURN,80:833B,logical direct call frame,16-bit return,80,V04C source graph,N/A,N/A,80:8304,any stack value not produced by paired call frame,fail closed when exact return frame absent,V04C012522
V04P00784,DIRECT_CALL,80:830F,encoded absolute call,16-bit,80,V04C source graph,N/A,encoded instruction bytes,80:852C,all values outside exact producer domain,fail closed if table/index proof changes,V04C012541
V04P00785,DIRECT_CALL,81:9E74,encoded long call,24-bit,81,V04C source graph,N/A,encoded instruction bytes,80:C066,all values outside exact producer domain,fail closed if table/index proof changes,V04C012548
V04P00786,RETURN,80:C06D,logical direct call frame,24-bit return,81,V04C source graph,N/A,N/A,81:9E78,any stack value not produced by paired call frame,fail closed when exact return frame absent,V04C012553
V04P00787,DIRECT_CALL,80:A2E0,encoded absolute call,16-bit,80,V04C source graph,N/A,encoded instruction bytes,80:A2E7,all values outside exact producer domain,fail closed if table/index proof changes,V04C012556
V04P00788,DIRECT_CALL,80:A21F,encoded absolute call,16-bit,80,V04C source graph,N/A,encoded instruction bytes,80:A226,all values outside exact producer domain,fail closed if table/index proof changes,V04C012557
V04P00789,DIRECT_CALL,80:82FA,encoded absolute call,16-bit,80,V04C source graph,N/A,encoded instruction bytes,80:82FF,all values outside exact producer domain,fail closed if table/index proof changes,V04C012592
V04P00790,RETURN,80:833B,logical direct call frame,16-bit return,80,V04C source graph,N/A,N/A,80:83A7,any stack value not produced by paired call frame,fail closed when exact return frame absent,V04C012594
V04P00791,RETURN,80:85B5,logical direct call frame,16-bit return,80,V04C source graph,N/A,N/A,80:83C0,any stack value not produced by paired call frame,fail closed when exact return frame absent,V04C012616
V04P00792,DIRECT_CALL,81:9EC5,encoded long call,24-bit,81,V04C source graph,N/A,encoded instruction bytes,80:A338,all values outside exact producer domain,fail closed if table/index proof changes,V04C012629
V04P00793,RETURN,81:9E7A,logical direct call frame,16-bit return,81,V04C source graph,N/A,N/A,81:F49B,any stack value not produced by paired call frame,fail closed when exact return frame absent,V04C012633
V04P00794,DIRECT_CALL,80:839E,encoded absolute call,16-bit,80,V04C source graph,N/A,encoded instruction bytes,80:83A3,all values outside exact producer domain,fail closed if table/index proof changes,V04C012667
V04P00795,DIRECT_CALL,80:8301,encoded absolute call,16-bit,80,V04C source graph,N/A,encoded instruction bytes,80:8320,all values outside exact producer domain,fail closed if table/index proof changes,V04C012675
V04P00796,DIRECT_CALL,80:C069,encoded absolute call,16-bit,80,V04C source graph,N/A,encoded instruction bytes,80:C06E,all values outside exact producer domain,fail closed if table/index proof changes,V04C012713
V04P00797,DIRECT_CALL,81:9ECF,encoded long call,24-bit,81,V04C source graph,N/A,encoded instruction bytes,80:A2DB,all values outside exact producer domain,fail closed if table/index proof changes,V04C012716
V04P00798,DIRECT_CALL,81:9EBB,encoded long call,24-bit,81,V04C source graph,N/A,encoded instruction bytes,80:A21A,all values outside exact producer domain,fail closed if table/index proof changes,V04C012717
V04P00799,DIRECT_CALL,81:F49E,encoded absolute call,16-bit,81,V04C source graph,N/A,encoded instruction bytes,81:9E12,all values outside exact producer domain,fail closed if table/index proof changes,V04C012719
V04P00800,RETURN,80:83CD,logical direct call frame,16-bit return,80,V04C source graph,N/A,N/A,80:83A1,any stack value not produced by paired call frame,fail closed when exact return frame absent,V04C012738
V04P00801,RETURN,80:85B5,logical direct call frame,16-bit return,80,V04C source graph,N/A,N/A,80:83C0,any stack value not produced by paired call frame,fail closed when exact return frame absent,V04C012745
V04P00802,DIRECT_CALL,80:83A4,encoded absolute call,16-bit,80,V04C source graph,N/A,encoded instruction bytes,80:8320,all values outside exact producer domain,fail closed if table/index proof changes,V04C012754
V04P00803,DIRECT_CALL,80:83C2,encoded absolute call,16-bit,80,V04C source graph,N/A,encoded instruction bytes,80:83CE,all values outside exact producer domain,fail closed if table/index proof changes,V04C012769
V04P00804,DIRECT_CALL,80:83BD,encoded absolute call,16-bit,80,V04C source graph,N/A,encoded instruction bytes,80:852C,all values outside exact producer domain,fail closed if table/index proof changes,V04C012770
V04P00805,DIRECT_CALL,80:830F,encoded absolute call,16-bit,80,V04C source graph,N/A,encoded instruction bytes,80:852C,all values outside exact producer domain,fail closed if table/index proof changes,V04C012819
V04P00806,RETURN,80:83A2,logical direct call frame,24-bit return,81,V04C source graph,N/A,N/A,81:AF7A,any stack value not produced by paired call frame,fail closed when exact return frame absent,V04C012830
V04P00807,DIRECT_CALL,81:9E99,encoded long call,24-bit,81,V04C source graph,N/A,encoded instruction bytes,80:82F7,all values outside exact producer domain,fail closed if table/index proof changes,V04C012848
V04P00808,RETURN,80:C076,logical direct call frame,16-bit return,80,V04C source graph,N/A,N/A,80:C06C,any stack value not produced by paired call frame,fail closed when exact return frame absent,V04C012898
V04P00809,DIRECT_CALL,80:A33D,encoded absolute call,16-bit,80,V04C source graph,N/A,encoded instruction bytes,80:A344,all values outside exact producer domain,fail closed if table/index proof changes,V04C012900
V04P00810,DIRECT_CALL,81:9E87,encoded long call,24-bit,81,V04C source graph,N/A,encoded instruction bytes,80:839B,all values outside exact producer domain,fail closed if table/index proof changes,V04C012937
V04P00811,RETURN,80:833B,logical direct call frame,16-bit return,80,V04C source graph,N/A,N/A,80:8304,any stack value not produced by paired call frame,fail closed when exact return frame absent,V04C012955
V04P00812,DIRECT_CALL,81:AF80,encoded long call,24-bit,81,V04C source graph,N/A,encoded instruction bytes,80:82F7,all values outside exact producer domain,fail closed if table/index proof changes,V04C012974
V04P00813,DIRECT_CALL,81:9E74,encoded long call,24-bit,81,V04C source graph,N/A,encoded instruction bytes,80:C066,all values outside exact producer domain,fail closed if table/index proof changes,V04C012987
V04P00814,RETURN,80:C06D,logical direct call frame,24-bit return,81,V04C source graph,N/A,N/A,81:9E78,any stack value not produced by paired call frame,fail closed when exact return frame absent,V04C012992
V04P00815,DIRECT_CALL,80:A2E0,encoded absolute call,16-bit,80,V04C source graph,N/A,encoded instruction bytes,80:A2E7,all values outside exact producer domain,fail closed if table/index proof changes,V04C012995
V04P00816,DIRECT_CALL,80:A21F,encoded absolute call,16-bit,80,V04C source graph,N/A,encoded instruction bytes,80:A226,all values outside exact producer domain,fail closed if table/index proof changes,V04C012996
V04P00817,DIRECT_CALL,80:82FA,encoded absolute call,16-bit,80,V04C source graph,N/A,encoded instruction bytes,80:82FF,all values outside exact producer domain,fail closed if table/index proof changes,V04C013038
V04P00818,RETURN,80:833B,logical direct call frame,16-bit return,80,V04C source graph,N/A,N/A,80:83A7,any stack value not produced by paired call frame,fail closed when exact return frame absent,V04C013040
V04P00819,DIRECT_CALL,81:9EC5,encoded long call,24-bit,81,V04C source graph,N/A,encoded instruction bytes,80:A338,all values outside exact producer domain,fail closed if table/index proof changes,V04C013083
V04P00820,RETURN,81:9E7A,logical direct call frame,16-bit return,81,V04C source graph,N/A,N/A,81:F49B,any stack value not produced by paired call frame,fail closed when exact return frame absent,V04C013087
V04P00821,DIRECT_CALL,80:839E,encoded absolute call,16-bit,80,V04C source graph,N/A,encoded instruction bytes,80:83A3,all values outside exact producer domain,fail closed if table/index proof changes,V04C013127
V04P00822,DIRECT_CALL,80:8301,encoded absolute call,16-bit,80,V04C source graph,N/A,encoded instruction bytes,80:8320,all values outside exact producer domain,fail closed if table/index proof changes,V04C013135
V04P00823,DIRECT_CALL,80:82FA,encoded absolute call,16-bit,80,V04C source graph,N/A,encoded instruction bytes,80:82FF,all values outside exact producer domain,fail closed if table/index proof changes,V04C013168
V04P00824,DIRECT_CALL,80:C069,encoded absolute call,16-bit,80,V04C source graph,N/A,encoded instruction bytes,80:C06E,all values outside exact producer domain,fail closed if table/index proof changes,V04C013181
V04P00825,DIRECT_CALL,81:9ECF,encoded long call,24-bit,81,V04C source graph,N/A,encoded instruction bytes,80:A2DB,all values outside exact producer domain,fail closed if table/index proof changes,V04C013184
V04P00826,DIRECT_CALL,81:9EBB,encoded long call,24-bit,81,V04C source graph,N/A,encoded instruction bytes,80:A21A,all values outside exact producer domain,fail closed if table/index proof changes,V04C013185
V04P00827,DIRECT_CALL,81:F49E,encoded absolute call,16-bit,81,V04C source graph,N/A,encoded instruction bytes,81:9E12,all values outside exact producer domain,fail closed if table/index proof changes,V04C013187
V04P00828,DIRECT_CALL,80:83A4,encoded absolute call,16-bit,80,V04C source graph,N/A,encoded instruction bytes,80:8320,all values outside exact producer domain,fail closed if table/index proof changes,V04C013230
V04P00829,DIRECT_CALL,80:83C2,encoded absolute call,16-bit,80,V04C source graph,N/A,encoded instruction bytes,80:83CE,all values outside exact producer domain,fail closed if table/index proof changes,V04C013245
V04P00830,DIRECT_CALL,80:83BD,encoded absolute call,16-bit,80,V04C source graph,N/A,encoded instruction bytes,80:852C,all values outside exact producer domain,fail closed if table/index proof changes,V04C013246
V04P00831,RETURN,80:85B5,logical direct call frame,16-bit return,80,V04C source graph,N/A,N/A,80:8312,any stack value not produced by paired call frame,fail closed when exact return frame absent,V04C013268
V04P00832,DIRECT_CALL,80:8301,encoded absolute call,16-bit,80,V04C source graph,N/A,encoded instruction bytes,80:8320,all values outside exact producer domain,fail closed if table/index proof changes,V04C013275
V04P00833,DIRECT_CALL,80:830F,encoded absolute call,16-bit,80,V04C source graph,N/A,encoded instruction bytes,80:852C,all values outside exact producer domain,fail closed if table/index proof changes,V04C013305
V04P00834,DIRECT_CALL,81:9E99,encoded long call,24-bit,81,V04C source graph,N/A,encoded instruction bytes,80:82F7,all values outside exact producer domain,fail closed if table/index proof changes,V04C013344
V04P00835,RETURN,81:9E4F,logical direct call frame,16-bit return,81,V04C source graph,N/A,N/A,81:F4A1,any stack value not produced by paired call frame,fail closed when exact return frame absent,V04C013372
V04P00836,RETURN,80:C076,logical direct call frame,16-bit return,80,V04C source graph,N/A,N/A,80:C06C,any stack value not produced by paired call frame,fail closed when exact return frame absent,V04C013402
V04P00837,DIRECT_CALL,80:A33D,encoded absolute call,16-bit,80,V04C source graph,N/A,encoded instruction bytes,80:A344,all values outside exact producer domain,fail closed if table/index proof changes,V04C013404
V04P00838,RETURN,80:85B5,logical direct call frame,16-bit return,80,V04C source graph,N/A,N/A,80:8312,any stack value not produced by paired call frame,fail closed when exact return frame absent,V04C013437
V04P00839,DIRECT_CALL,81:9E87,encoded long call,24-bit,81,V04C source graph,N/A,encoded instruction bytes,80:839B,all values outside exact producer domain,fail closed if table/index proof changes,V04C013448
V04P00840,RETURN,80:833B,logical direct call frame,16-bit return,80,V04C source graph,N/A,N/A,80:8304,any stack value not produced by paired call frame,fail closed when exact return frame absent,V04C013466
V04P00841,DIRECT_CALL,81:9E74,encoded long call,24-bit,81,V04C source graph,N/A,encoded instruction bytes,80:C066,all values outside exact producer domain,fail closed if table/index proof changes,V04C013503
V04P00842,RETURN,80:C06D,logical direct call frame,24-bit return,81,V04C source graph,N/A,N/A,81:9E78,any stack value not produced by paired call frame,fail closed when exact return frame absent,V04C013508
V04P00843,DIRECT_CALL,80:A2E0,encoded absolute call,16-bit,80,V04C source graph,N/A,encoded instruction bytes,80:A2E7,all values outside exact producer domain,fail closed if table/index proof changes,V04C013511
V04P00844,DIRECT_CALL,80:A21F,encoded absolute call,16-bit,80,V04C source graph,N/A,encoded instruction bytes,80:A226,all values outside exact producer domain,fail closed if table/index proof changes,V04C013512
V04P00845,DIRECT_CALL,80:82FA,encoded absolute call,16-bit,80,V04C source graph,N/A,encoded instruction bytes,80:82FF,all values outside exact producer domain,fail closed if table/index proof changes,V04C013560
V04P00846,RETURN,80:833B,logical direct call frame,16-bit return,80,V04C source graph,N/A,N/A,80:83A7,any stack value not produced by paired call frame,fail closed when exact return frame absent,V04C013562
V04P00847,RETURN,80:8317,logical direct call frame,16-bit return,80,V04C source graph,N/A,N/A,80:82FD,any stack value not produced by paired call frame,fail closed when exact return frame absent,V04C013593
V04P00848,DIRECT_CALL,81:9EC5,encoded long call,24-bit,81,V04C source graph,N/A,encoded instruction bytes,80:A338,all values outside exact producer domain,fail closed if table/index proof changes,V04C013612
V04P00849,RETURN,81:9E7A,logical direct call frame,16-bit return,81,V04C source graph,N/A,N/A,81:F49B,any stack value not produced by paired call frame,fail closed when exact return frame absent,V04C013616
V04P00850,RETURN,81:9E4F,logical direct call frame,16-bit return,81,V04C source graph,N/A,N/A,81:F4A1,any stack value not produced by paired call frame,fail closed when exact return frame absent,V04C013642
V04P00851,DIRECT_CALL,80:839E,encoded absolute call,16-bit,80,V04C source graph,N/A,encoded instruction bytes,80:83A3,all values outside exact producer domain,fail closed if table/index proof changes,V04C013662
V04P00852,DIRECT_CALL,80:8301,encoded absolute call,16-bit,80,V04C source graph,N/A,encoded instruction bytes,80:8320,all values outside exact producer domain,fail closed if table/index proof changes,V04C013670
V04P00853,RETURN,80:82FE,logical direct call frame,24-bit return,81,V04C source graph,N/A,N/A,81:A573,any stack value not produced by paired call frame,fail closed when exact return frame absent,V04C013703
V04P00854,DIRECT_CALL,80:C069,encoded absolute call,16-bit,80,V04C source graph,N/A,encoded instruction bytes,80:C06E,all values outside exact producer domain,fail closed if table/index proof changes,V04C013721
V04P00855,DIRECT_CALL,81:9ECF,encoded long call,24-bit,81,V04C source graph,N/A,encoded instruction bytes,80:A2DB,all values outside exact producer domain,fail closed if table/index proof changes,V04C013724
V04P00856,DIRECT_CALL,81:9EBB,encoded long call,24-bit,81,V04C source graph,N/A,encoded instruction bytes,80:A21A,all values outside exact producer domain,fail closed if table/index proof changes,V04C013725
V04P00857,DIRECT_CALL,81:F49E,encoded absolute call,16-bit,81,V04C source graph,N/A,encoded instruction bytes,81:9E12,all values outside exact producer domain,fail closed if table/index proof changes,V04C013727
V04P00858,RETURN,80:8317,logical direct call frame,16-bit return,80,V04C source graph,N/A,N/A,80:82FD,any stack value not produced by paired call frame,fail closed when exact return frame absent,V04C013761
V04P00859,DIRECT_CALL,80:83A4,encoded absolute call,16-bit,80,V04C source graph,N/A,encoded instruction bytes,80:8320,all values outside exact producer domain,fail closed if table/index proof changes,V04C013775
V04P00860,DIRECT_CALL,80:83C2,encoded absolute call,16-bit,80,V04C source graph,N/A,encoded instruction bytes,80:83CE,all values outside exact producer domain,fail closed if table/index proof changes,V04C013790
V04P00861,DIRECT_CALL,80:83BD,encoded absolute call,16-bit,80,V04C source graph,N/A,encoded instruction bytes,80:852C,all values outside exact producer domain,fail closed if table/index proof changes,V04C013791
V04P00862,DIRECT_CALL,80:830F,encoded absolute call,16-bit,80,V04C source graph,N/A,encoded instruction bytes,80:852C,all values outside exact producer domain,fail closed if table/index proof changes,V04C013852
V04P00863,RETURN,80:82FE,logical direct call frame,24-bit return,81,V04C source graph,N/A,N/A,81:A573,any stack value not produced by paired call frame,fail closed when exact return frame absent,V04C013879
V04P00864,DIRECT_CALL,81:9E99,encoded long call,24-bit,81,V04C source graph,N/A,encoded instruction bytes,80:82F7,all values outside exact producer domain,fail closed if table/index proof changes,V04C013891
V04P00865,RETURN,81:9E4F,logical direct call frame,16-bit return,81,V04C source graph,N/A,N/A,81:F4A1,any stack value not produced by paired call frame,fail closed when exact return frame absent,V04C013929
V04P00866,DIRECT_CALL,81:F4B8,encoded absolute call,16-bit,81,V04C source graph,N/A,encoded instruction bytes,81:9C8C,all values outside exact producer domain,fail closed if table/index proof changes,V04C013932
V04P00867,RETURN,80:C076,logical direct call frame,16-bit return,80,V04C source graph,N/A,N/A,80:C06C,any stack value not produced by paired call frame,fail closed when exact return frame absent,V04C013950
V04P00868,DIRECT_CALL,80:A33D,encoded absolute call,16-bit,80,V04C source graph,N/A,encoded instruction bytes,80:A344,all values outside exact producer domain,fail closed if table/index proof changes,V04C013952
V04P00869,DIRECT_CALL,81:A580,encoded long call,24-bit,81,V04C source graph,N/A,encoded instruction bytes,80:835B,all values outside exact producer domain,fail closed if table/index proof changes,V04C013996
V04P00870,DIRECT_CALL,81:9E87,encoded long call,24-bit,81,V04C source graph,N/A,encoded instruction bytes,80:839B,all values outside exact producer domain,fail closed if table/index proof changes,V04C014003
V04P00871,RETURN,80:833B,logical direct call frame,16-bit return,80,V04C source graph,N/A,N/A,80:8304,any stack value not produced by paired call frame,fail closed when exact return frame absent,V04C014021
V04P00872,DIRECT_CALL,81:9E74,encoded long call,24-bit,81,V04C source graph,N/A,encoded instruction bytes,80:C066,all values outside exact producer domain,fail closed if table/index proof changes,V04C014068
V04P00873,RETURN,80:C06D,logical direct call frame,24-bit return,81,V04C source graph,N/A,N/A,81:9E78,any stack value not produced by paired call frame,fail closed when exact return frame absent,V04C014073
V04P00874,DIRECT_CALL,80:A2E0,encoded absolute call,16-bit,80,V04C source graph,N/A,encoded instruction bytes,80:A2E7,all values outside exact producer domain,fail closed if table/index proof changes,V04C014076
V04P00875,DIRECT_CALL,80:A21F,encoded absolute call,16-bit,80,V04C source graph,N/A,encoded instruction bytes,80:A226,all values outside exact producer domain,fail closed if table/index proof changes,V04C014077
V04P00876,DIRECT_CALL,80:82FA,encoded absolute call,16-bit,80,V04C source graph,N/A,encoded instruction bytes,80:82FF,all values outside exact producer domain,fail closed if table/index proof changes,V04C014133
V04P00877,RETURN,80:833B,logical direct call frame,16-bit return,80,V04C source graph,N/A,N/A,80:83A7,any stack value not produced by paired call frame,fail closed when exact return frame absent,V04C014135
V04P00878,DIRECT_CALL,81:9EC5,encoded long call,24-bit,81,V04C source graph,N/A,encoded instruction bytes,80:A338,all values outside exact producer domain,fail closed if table/index proof changes,V04C014195
V04P00879,RETURN,81:9E7A,logical direct call frame,16-bit return,81,V04C source graph,N/A,N/A,81:F49B,any stack value not produced by paired call frame,fail closed when exact return frame absent,V04C014199
V04P00880,RETURN,81:9E4F,logical direct call frame,16-bit return,81,V04C source graph,N/A,N/A,81:F4A1,any stack value not produced by paired call frame,fail closed when exact return frame absent,V04C014235
V04P00881,DIRECT_CALL,81:F4B8,encoded absolute call,16-bit,81,V04C source graph,N/A,encoded instruction bytes,81:9C8C,all values outside exact producer domain,fail closed if table/index proof changes,V04C014238
V04P00882,DIRECT_CALL,81:F4E9,encoded absolute call,16-bit,81,V04C source graph,N/A,encoded instruction bytes,81:F7F7,all values outside exact producer domain,fail closed if table/index proof changes,V04C014239
V04P00883,DIRECT_CALL,80:835E,encoded absolute call,16-bit,80,V04C source graph,N/A,encoded instruction bytes,80:8363,all values outside exact producer domain,fail closed if table/index proof changes,V04C014247
V04P00884,DIRECT_CALL,80:839E,encoded absolute call,16-bit,80,V04C source graph,N/A,encoded instruction bytes,80:83A3,all values outside exact producer domain,fail closed if table/index proof changes,V04C014257
V04P00885,DIRECT_CALL,80:8301,encoded absolute call,16-bit,80,V04C source graph,N/A,encoded instruction bytes,80:8320,all values outside exact producer domain,fail closed if table/index proof changes,V04C014265
V04P00886,DIRECT_CALL,80:C069,encoded absolute call,16-bit,80,V04C source graph,N/A,encoded instruction bytes,80:C06E,all values outside exact producer domain,fail closed if table/index proof changes,V04C014328
V04P00887,DIRECT_CALL,81:9ECF,encoded long call,24-bit,81,V04C source graph,N/A,encoded instruction bytes,80:A2DB,all values outside exact producer domain,fail closed if table/index proof changes,V04C014331
V04P00888,DIRECT_CALL,81:9EBB,encoded long call,24-bit,81,V04C source graph,N/A,encoded instruction bytes,80:A21A,all values outside exact producer domain,fail closed if table/index proof changes,V04C014332
V04P00889,DIRECT_CALL,81:F49E,encoded absolute call,16-bit,81,V04C source graph,N/A,encoded instruction bytes,81:9E12,all values outside exact producer domain,fail closed if table/index proof changes,V04C014334
V04P00890,DIRECT_CALL,80:8364,encoded absolute call,16-bit,80,V04C source graph,N/A,encoded instruction bytes,80:8320,all values outside exact producer domain,fail closed if table/index proof changes,V04C014383
V04P00891,DIRECT_CALL,80:83A4,encoded absolute call,16-bit,80,V04C source graph,N/A,encoded instruction bytes,80:8320,all values outside exact producer domain,fail closed if table/index proof changes,V04C014394
V04P00892,DIRECT_CALL,80:83C2,encoded absolute call,16-bit,80,V04C source graph,N/A,encoded instruction bytes,80:83CE,all values outside exact producer domain,fail closed if table/index proof changes,V04C014409
V04P00893,DIRECT_CALL,80:83BD,encoded absolute call,16-bit,80,V04C source graph,N/A,encoded instruction bytes,80:852C,all values outside exact producer domain,fail closed if table/index proof changes,V04C014410
V04P00894,DIRECT_CALL,80:830F,encoded absolute call,16-bit,80,V04C source graph,N/A,encoded instruction bytes,80:852C,all values outside exact producer domain,fail closed if table/index proof changes,V04C014483
V04P00895,DIRECT_CALL,81:F7FF,encoded absolute call,16-bit,81,V04C source graph,N/A,encoded instruction bytes,81:F808,all values outside exact producer domain,fail closed if table/index proof changes,V04C014513
V04P00896,DIRECT_CALL,81:9E99,encoded long call,24-bit,81,V04C source graph,N/A,encoded instruction bytes,80:82F7,all values outside exact producer domain,fail closed if table/index proof changes,V04C014535
V04P00897,RETURN,81:9E4F,logical direct call frame,16-bit return,81,V04C source graph,N/A,N/A,81:F4A1,any stack value not produced by paired call frame,fail closed when exact return frame absent,V04C014580
V04P00898,DIRECT_CALL,81:F4B8,encoded absolute call,16-bit,81,V04C source graph,N/A,encoded instruction bytes,81:9C8C,all values outside exact producer domain,fail closed if table/index proof changes,V04C014583
V04P00899,DIRECT_CALL,81:F4E9,encoded absolute call,16-bit,81,V04C source graph,N/A,encoded instruction bytes,81:F7F7,all values outside exact producer domain,fail closed if table/index proof changes,V04C014584
V04P00900,RETURN,80:85B5,logical direct call frame,16-bit return,80,V04C source graph,N/A,N/A,80:8312,any stack value not produced by paired call frame,fail closed when exact return frame absent,V04C014593
V04P00901,RETURN,80:C076,logical direct call frame,16-bit return,80,V04C source graph,N/A,N/A,80:C06C,any stack value not produced by paired call frame,fail closed when exact return frame absent,V04C014612
V04P00902,DIRECT_CALL,80:A33D,encoded absolute call,16-bit,80,V04C source graph,N/A,encoded instruction bytes,80:A344,all values outside exact producer domain,fail closed if table/index proof changes,V04C014614
V04P00903,DIRECT_CALL,81:9E87,encoded long call,24-bit,81,V04C source graph,N/A,encoded instruction bytes,80:839B,all values outside exact producer domain,fail closed if table/index proof changes,V04C014682
V04P00904,RETURN,80:833B,logical direct call frame,16-bit return,80,V04C source graph,N/A,N/A,80:8304,any stack value not produced by paired call frame,fail closed when exact return frame absent,V04C014700
V04P00905,DIRECT_CALL,81:9E74,encoded long call,24-bit,81,V04C source graph,N/A,encoded instruction bytes,80:C066,all values outside exact producer domain,fail closed if table/index proof changes,V04C014761
V04P00906,RETURN,80:C06D,logical direct call frame,24-bit return,81,V04C source graph,N/A,N/A,81:9E78,any stack value not produced by paired call frame,fail closed when exact return frame absent,V04C014766
V04P00907,DIRECT_CALL,80:A2E0,encoded absolute call,16-bit,80,V04C source graph,N/A,encoded instruction bytes,80:A2E7,all values outside exact producer domain,fail closed if table/index proof changes,V04C014769
V04P00908,DIRECT_CALL,80:A21F,encoded absolute call,16-bit,80,V04C source graph,N/A,encoded instruction bytes,80:A226,all values outside exact producer domain,fail closed if table/index proof changes,V04C014770
V04P00909,RETURN,80:85B5,logical direct call frame,16-bit return,80,V04C source graph,N/A,N/A,80:8312,any stack value not produced by paired call frame,fail closed when exact return frame absent,V04C014821
V04P00910,DIRECT_CALL,80:844F,encoded absolute call,16-bit,80,V04C source graph,N/A,encoded instruction bytes,80:84E0,all values outside exact producer domain,fail closed if table/index proof changes,V04C014825
V04P00911,DIRECT_CALL,80:82FA,encoded absolute call,16-bit,80,V04C source graph,N/A,encoded instruction bytes,80:82FF,all values outside exact producer domain,fail closed if table/index proof changes,V04C014839
V04P00912,RETURN,80:833B,logical direct call frame,16-bit return,80,V04C source graph,N/A,N/A,80:83A7,any stack value not produced by paired call frame,fail closed when exact return frame absent,V04C014841
V04P00913,DIRECT_CALL,81:9EC5,encoded long call,24-bit,81,V04C source graph,N/A,encoded instruction bytes,80:A338,all values outside exact producer domain,fail closed if table/index proof changes,V04C014913
V04P00914,RETURN,81:9E7A,logical direct call frame,16-bit return,81,V04C source graph,N/A,N/A,81:F49B,any stack value not produced by paired call frame,fail closed when exact return frame absent,V04C014917
V04P00915,RETURN,81:9E4F,logical direct call frame,16-bit return,81,V04C source graph,N/A,N/A,81:F4A1,any stack value not produced by paired call frame,fail closed when exact return frame absent,V04C014958
V04P00916,DIRECT_CALL,81:F4B8,encoded absolute call,16-bit,81,V04C source graph,N/A,encoded instruction bytes,81:9C8C,all values outside exact producer domain,fail closed if table/index proof changes,V04C014961
V04P00917,DIRECT_CALL,81:F4E9,encoded absolute call,16-bit,81,V04C source graph,N/A,encoded instruction bytes,81:F7F7,all values outside exact producer domain,fail closed if table/index proof changes,V04C014962
V04P00918,DIRECT_CALL,80:839E,encoded absolute call,16-bit,80,V04C source graph,N/A,encoded instruction bytes,80:83A3,all values outside exact producer domain,fail closed if table/index proof changes,V04C014987
V04P00919,DIRECT_CALL,80:8301,encoded absolute call,16-bit,80,V04C source graph,N/A,encoded instruction bytes,80:8320,all values outside exact producer domain,fail closed if table/index proof changes,V04C014995
V04P00920,RETURN,80:A394,logical direct call frame,16-bit return,80,V04C source graph,N/A,N/A,80:A340,any stack value not produced by paired call frame,fail closed when exact return frame absent,V04C015033
V04P00921,RETURN,80:8317,logical direct call frame,16-bit return,80,V04C source graph,N/A,N/A,80:82FD,any stack value not produced by paired call frame,fail closed when exact return frame absent,V04C015052
V04P00922,RETURN,80:85B5,logical direct call frame,16-bit return,80,V04C source graph,N/A,N/A,80:83C0,any stack value not produced by paired call frame,fail closed when exact return frame absent,V04C015063
V04P00923,DIRECT_CALL,80:C069,encoded absolute call,16-bit,80,V04C source graph,N/A,encoded instruction bytes,80:C06E,all values outside exact producer domain,fail closed if table/index proof changes,V04C015072
V04P00924,DIRECT_CALL,81:9ECF,encoded long call,24-bit,81,V04C source graph,N/A,encoded instruction bytes,80:A2DB,all values outside exact producer domain,fail closed if table/index proof changes,V04C015075
V04P00925,DIRECT_CALL,81:9EBB,encoded long call,24-bit,81,V04C source graph,N/A,encoded instruction bytes,80:A21A,all values outside exact producer domain,fail closed if table/index proof changes,V04C015076
V04P00926,DIRECT_CALL,81:F49E,encoded absolute call,16-bit,81,V04C source graph,N/A,encoded instruction bytes,81:9E12,all values outside exact producer domain,fail closed if table/index proof changes,V04C015078
V04P00927,DIRECT_CALL,80:83A4,encoded absolute call,16-bit,80,V04C source graph,N/A,encoded instruction bytes,80:8320,all values outside exact producer domain,fail closed if table/index proof changes,V04C015152
V04P00928,DIRECT_CALL,80:83C2,encoded absolute call,16-bit,80,V04C source graph,N/A,encoded instruction bytes,80:83CE,all values outside exact producer domain,fail closed if table/index proof changes,V04C015167
V04P00929,DIRECT_CALL,80:83BD,encoded absolute call,16-bit,80,V04C source graph,N/A,encoded instruction bytes,80:852C,all values outside exact producer domain,fail closed if table/index proof changes,V04C015168
V04P00930,RETURN,80:82FE,logical direct call frame,24-bit return,81,V04C source graph,N/A,N/A,81:A573,any stack value not produced by paired call frame,fail closed when exact return frame absent,V04C015215
V04P00931,DIRECT_CALL,80:830F,encoded absolute call,16-bit,80,V04C source graph,N/A,encoded instruction bytes,80:852C,all values outside exact producer domain,fail closed if table/index proof changes,V04C015253
V04P00932,RETURN,80:8317,logical direct call frame,16-bit return,80,V04C source graph,N/A,N/A,80:82FD,any stack value not produced by paired call frame,fail closed when exact return frame absent,V04C015300
V04P00933,RETURN,80:85B5,logical direct call frame,16-bit return,80,V04C source graph,N/A,N/A,80:83C0,any stack value not produced by paired call frame,fail closed when exact return frame absent,V04C015309
V04P00934,DIRECT_CALL,81:9E99,encoded long call,24-bit,81,V04C source graph,N/A,encoded instruction bytes,80:82F7,all values outside exact producer domain,fail closed if table/index proof changes,V04C015316
V04P00935,RETURN,80:A343,logical direct call frame,24-bit return,81,V04C source graph,N/A,N/A,81:9EC9,any stack value not produced by paired call frame,fail closed when exact return frame absent,V04C015360
V04P00936,RETURN,81:9E4F,logical direct call frame,16-bit return,81,V04C source graph,N/A,N/A,81:F4A1,any stack value not produced by paired call frame,fail closed when exact return frame absent,V04C015367
V04P00937,DIRECT_CALL,81:F4B8,encoded absolute call,16-bit,81,V04C source graph,N/A,encoded instruction bytes,81:9C8C,all values outside exact producer domain,fail closed if table/index proof changes,V04C015370
V04P00938,DIRECT_CALL,81:F4E9,encoded absolute call,16-bit,81,V04C source graph,N/A,encoded instruction bytes,81:F7F7,all values outside exact producer domain,fail closed if table/index proof changes,V04C015371
V04P00939,RETURN,80:C076,logical direct call frame,16-bit return,80,V04C source graph,N/A,N/A,80:C06C,any stack value not produced by paired call frame,fail closed when exact return frame absent,V04C015401
V04P00940,DIRECT_CALL,80:A33D,encoded absolute call,16-bit,80,V04C source graph,N/A,encoded instruction bytes,80:A344,all values outside exact producer domain,fail closed if table/index proof changes,V04C015403
V04P00941,RETURN,80:82FE,logical direct call frame,24-bit return,81,V04C source graph,N/A,N/A,81:A573,any stack value not produced by paired call frame,fail closed when exact return frame absent,V04C015466
V04P00942,DIRECT_CALL,81:9E87,encoded long call,24-bit,81,V04C source graph,N/A,encoded instruction bytes,80:839B,all values outside exact producer domain,fail closed if table/index proof changes,V04C015478
V04P00943,RETURN,80:833B,logical direct call frame,16-bit return,80,V04C source graph,N/A,N/A,80:8304,any stack value not produced by paired call frame,fail closed when exact return frame absent,V04C015496
V04P00944,DIRECT_CALL,81:9E74,encoded long call,24-bit,81,V04C source graph,N/A,encoded instruction bytes,80:C066,all values outside exact producer domain,fail closed if table/index proof changes,V04C015563
V04P00945,RETURN,80:C06D,logical direct call frame,24-bit return,81,V04C source graph,N/A,N/A,81:9E78,any stack value not produced by paired call frame,fail closed when exact return frame absent,V04C015568
V04P00946,DIRECT_CALL,80:A2E0,encoded absolute call,16-bit,80,V04C source graph,N/A,encoded instruction bytes,80:A2E7,all values outside exact producer domain,fail closed if table/index proof changes,V04C015571
V04P00947,DIRECT_CALL,80:A21F,encoded absolute call,16-bit,80,V04C source graph,N/A,encoded instruction bytes,80:A226,all values outside exact producer domain,fail closed if table/index proof changes,V04C015572
V04P00948,DIRECT_CALL,81:A580,encoded long call,24-bit,81,V04C source graph,N/A,encoded instruction bytes,80:835B,all values outside exact producer domain,fail closed if table/index proof changes,V04C015629
V04P00949,RETURN,80:833B,logical direct call frame,16-bit return,80,V04C source graph,N/A,N/A,80:8367,any stack value not produced by paired call frame,fail closed when exact return frame absent,V04C015632
V04P00950,DIRECT_CALL,80:82FA,encoded absolute call,16-bit,80,V04C source graph,N/A,encoded instruction bytes,80:82FF,all values outside exact producer domain,fail closed if table/index proof changes,V04C015649
V04P00951,RETURN,80:833B,logical direct call frame,16-bit return,80,V04C source graph,N/A,N/A,80:83A7,any stack value not produced by paired call frame,fail closed when exact return frame absent,V04C015651
V04P00952,RETURN,80:83CD,logical direct call frame,16-bit return,80,V04C source graph,N/A,N/A,80:83A1,any stack value not produced by paired call frame,fail closed when exact return frame absent,V04C015722
V04P00953,DIRECT_CALL,81:9EC5,encoded long call,24-bit,81,V04C source graph,N/A,encoded instruction bytes,80:A338,all values outside exact producer domain,fail closed if table/index proof changes,V04C015730
V04P00954,RETURN,81:9E7A,logical direct call frame,16-bit return,81,V04C source graph,N/A,N/A,81:F49B,any stack value not produced by paired call frame,fail closed when exact return frame absent,V04C015734
V04P00955,RETURN,81:9E4F,logical direct call frame,16-bit return,81,V04C source graph,N/A,N/A,81:F4A1,any stack value not produced by paired call frame,fail closed when exact return frame absent,V04C015781
V04P00956,DIRECT_CALL,81:F4B8,encoded absolute call,16-bit,81,V04C source graph,N/A,encoded instruction bytes,81:9C8C,all values outside exact producer domain,fail closed if table/index proof changes,V04C015784
V04P00957,DIRECT_CALL,81:F4E9,encoded absolute call,16-bit,81,V04C source graph,N/A,encoded instruction bytes,81:F7F7,all values outside exact producer domain,fail closed if table/index proof changes,V04C015785
V04P00958,DIRECT_CALL,80:839E,encoded absolute call,16-bit,80,V04C source graph,N/A,encoded instruction bytes,80:83A3,all values outside exact producer domain,fail closed if table/index proof changes,V04C015807
V04P00959,DIRECT_CALL,80:8301,encoded absolute call,16-bit,80,V04C source graph,N/A,encoded instruction bytes,80:8320,all values outside exact producer domain,fail closed if table/index proof changes,V04C015815
V04P00960,RETURN,80:A394,logical direct call frame,16-bit return,80,V04C source graph,N/A,N/A,80:A340,any stack value not produced by paired call frame,fail closed when exact return frame absent,V04C015853
V04P00961,RETURN,80:83A2,logical direct call frame,24-bit return,81,V04C source graph,N/A,N/A,81:AF7A,any stack value not produced by paired call frame,fail closed when exact return frame absent,V04C015887
V04P00962,DIRECT_CALL,80:C069,encoded absolute call,16-bit,80,V04C source graph,N/A,encoded instruction bytes,80:C06E,all values outside exact producer domain,fail closed if table/index proof changes,V04C015893
V04P00963,DIRECT_CALL,81:9ECF,encoded long call,24-bit,81,V04C source graph,N/A,encoded instruction bytes,80:A2DB,all values outside exact producer domain,fail closed if table/index proof changes,V04C015896
V04P00964,DIRECT_CALL,81:9EBB,encoded long call,24-bit,81,V04C source graph,N/A,encoded instruction bytes,80:A21A,all values outside exact producer domain,fail closed if table/index proof changes,V04C015897
V04P00965,DIRECT_CALL,81:F49E,encoded absolute call,16-bit,81,V04C source graph,N/A,encoded instruction bytes,81:9E12,all values outside exact producer domain,fail closed if table/index proof changes,V04C015899
V04P00966,RETURN,80:85B5,logical direct call frame,16-bit return,80,V04C source graph,N/A,N/A,80:8312,any stack value not produced by paired call frame,fail closed when exact return frame absent,V04C015953
V04P00967,DIRECT_CALL,80:835E,encoded absolute call,16-bit,80,V04C source graph,N/A,encoded instruction bytes,80:8363,all values outside exact producer domain,fail closed if table/index proof changes,V04C015961
V04P00968,RETURN,80:83CD,logical direct call frame,16-bit return,80,V04C source graph,N/A,N/A,80:83A1,any stack value not produced by paired call frame,fail closed when exact return frame absent,V04C015973
V04P00969,DIRECT_CALL,80:83A4,encoded absolute call,16-bit,80,V04C source graph,N/A,encoded instruction bytes,80:8320,all values outside exact producer domain,fail closed if table/index proof changes,V04C015974
V04P00970,DIRECT_CALL,80:83C2,encoded absolute call,16-bit,80,V04C source graph,N/A,encoded instruction bytes,80:83CE,all values outside exact producer domain,fail closed if table/index proof changes,V04C015989
V04P00971,DIRECT_CALL,80:83BD,encoded absolute call,16-bit,80,V04C source graph,N/A,encoded instruction bytes,80:852C,all values outside exact producer domain,fail closed if table/index proof changes,V04C015990
V04P00972,RETURN,81:F82F,logical direct call frame,16-bit return,81,V04C source graph,N/A,N/A,81:F802,any stack value not produced by paired call frame,fail closed when exact return frame absent,V04C016028
V04P00973,DIRECT_CALL,80:830F,encoded absolute call,16-bit,80,V04C source graph,N/A,encoded instruction bytes,80:852C,all values outside exact producer domain,fail closed if table/index proof changes,V04C016073
V04P00974,DIRECT_CALL,80:8364,encoded absolute call,16-bit,80,V04C source graph,N/A,encoded instruction bytes,80:8320,all values outside exact producer domain,fail closed if table/index proof changes,V04C016116
V04P00975,DIRECT_CALL,81:AF80,encoded long call,24-bit,81,V04C source graph,N/A,encoded instruction bytes,80:82F7,all values outside exact producer domain,fail closed if table/index proof changes,V04C016128
V04P00976,RETURN,80:83A2,logical direct call frame,24-bit return,81,V04C source graph,N/A,N/A,81:AF7A,any stack value not produced by paired call frame,fail closed when exact return frame absent,V04C016130
V04P00977,DIRECT_CALL,81:9E99,encoded long call,24-bit,81,V04C source graph,N/A,encoded instruction bytes,80:82F7,all values outside exact producer domain,fail closed if table/index proof changes,V04C016133
V04P00978,RETURN,80:A343,logical direct call frame,24-bit return,81,V04C source graph,N/A,N/A,81:9EC9,any stack value not produced by paired call frame,fail closed when exact return frame absent,V04C016174
V04P00979,RETURN,81:9E4F,logical direct call frame,16-bit return,81,V04C source graph,N/A,N/A,81:F4A1,any stack value not produced by paired call frame,fail closed when exact return frame absent,V04C016178
V04P00980,DIRECT_CALL,81:F4B8,encoded absolute call,16-bit,81,V04C source graph,N/A,encoded instruction bytes,81:9C8C,all values outside exact producer domain,fail closed if table/index proof changes,V04C016181
V04P00981,DIRECT_CALL,81:F4E9,encoded absolute call,16-bit,81,V04C source graph,N/A,encoded instruction bytes,81:F7F7,all values outside exact producer domain,fail closed if table/index proof changes,V04C016182
V04P00982,DIRECT_CALL,80:8371,encoded absolute call,16-bit,80,V04C source graph,N/A,encoded instruction bytes,80:83CE,all values outside exact producer domain,fail closed if table/index proof changes,V04C016200
V04P00983,RETURN,80:C076,logical direct call frame,16-bit return,80,V04C source graph,N/A,N/A,80:C06C,any stack value not produced by paired call frame,fail closed when exact return frame absent,V04C016215
V04P00984,DIRECT_CALL,80:A33D,encoded absolute call,16-bit,80,V04C source graph,N/A,encoded instruction bytes,80:A344,all values outside exact producer domain,fail closed if table/index proof changes,V04C016217
V04P00985,RETURN,80:833B,logical direct call frame,16-bit return,80,V04C source graph,N/A,N/A,80:8304,any stack value not produced by paired call frame,fail closed when exact return frame absent,V04C016304
V04P00986,RETURN,80:85B5,logical direct call frame,16-bit return,80,V04C source graph,N/A,N/A,80:8312,any stack value not produced by paired call frame,fail closed when exact return frame absent,V04C016346
V04P00987,DIRECT_CALL,81:AF80,encoded long call,24-bit,81,V04C source graph,N/A,encoded instruction bytes,80:82F7,all values outside exact producer domain,fail closed if table/index proof changes,V04C016364
V04P00988,RETURN,80:C06D,logical direct call frame,24-bit return,81,V04C source graph,N/A,N/A,81:9E78,any stack value not produced by paired call frame,fail closed when exact return frame absent,V04C016369
V04P00989,DIRECT_CALL,80:A2E0,encoded absolute call,16-bit,80,V04C source graph,N/A,encoded instruction bytes,80:A2E7,all values outside exact producer domain,fail closed if table/index proof changes,V04C016372
V04P00990,DIRECT_CALL,80:A21F,encoded absolute call,16-bit,80,V04C source graph,N/A,encoded instruction bytes,80:A226,all values outside exact producer domain,fail closed if table/index proof changes,V04C016373
V04P00991,RETURN,80:8317,logical direct call frame,16-bit return,80,V04C source graph,N/A,N/A,80:82FD,any stack value not produced by paired call frame,fail closed when exact return frame absent,V04C016412
V04P00992,DIRECT_CALL,80:82FA,encoded absolute call,16-bit,80,V04C source graph,N/A,encoded instruction bytes,80:82FF,all values outside exact producer domain,fail closed if table/index proof changes,V04C016433
V04P00993,DIRECT_CALL,80:82FA,encoded absolute call,16-bit,80,V04C source graph,N/A,encoded instruction bytes,80:82FF,all values outside exact producer domain,fail closed if table/index proof changes,V04C016441
V04P00994,RETURN,80:833B,logical direct call frame,16-bit return,80,V04C source graph,N/A,N/A,80:83A7,any stack value not produced by paired call frame,fail closed when exact return frame absent,V04C016443
V04P00995,DIRECT_CALL,81:F7FF,encoded absolute call,16-bit,81,V04C source graph,N/A,encoded instruction bytes,81:F808,all values outside exact producer domain,fail closed if table/index proof changes,V04C016478
V04P00996,DIRECT_CALL,81:9EC5,encoded long call,24-bit,81,V04C source graph,N/A,encoded instruction bytes,80:A338,all values outside exact producer domain,fail closed if table/index proof changes,V04C016508
V04P00997,RETURN,81:9E7A,logical direct call frame,16-bit return,81,V04C source graph,N/A,N/A,81:F49B,any stack value not produced by paired call frame,fail closed when exact return frame absent,V04C016512
V04P00998,DIRECT_CALL,81:F4B8,encoded absolute call,16-bit,81,V04C source graph,N/A,encoded instruction bytes,81:9C8C,all values outside exact producer domain,fail closed if table/index proof changes,V04C016545
V04P00999,DIRECT_CALL,81:F4E9,encoded absolute call,16-bit,81,V04C source graph,N/A,encoded instruction bytes,81:F7F7,all values outside exact producer domain,fail closed if table/index proof changes,V04C016546
V04P01000,RETURN,80:82FE,logical direct call frame,24-bit return,81,V04C source graph,N/A,N/A,81:A573,any stack value not produced by paired call frame,fail closed when exact return frame absent,V04C016551
V04P01001,RETURN,80:85B5,logical direct call frame,16-bit return,80,V04C source graph,N/A,N/A,80:8312,any stack value not produced by paired call frame,fail closed when exact return frame absent,V04C016559
V04P01002,DIRECT_CALL,80:84B7,encoded absolute call,16-bit,80,V04C source graph,N/A,encoded instruction bytes,80:84E0,all values outside exact producer domain,fail closed if table/index proof changes,V04C016565
V04P01003,DIRECT_CALL,80:8301,encoded absolute call,16-bit,80,V04C source graph,N/A,encoded instruction bytes,80:8320,all values outside exact producer domain,fail closed if table/index proof changes,V04C016571
V04P01004,DIRECT_CALL,80:8301,encoded absolute call,16-bit,80,V04C source graph,N/A,encoded instruction bytes,80:8320,all values outside exact producer domain,fail closed if table/index proof changes,V04C016579
V04P01005,RETURN,80:A394,logical direct call frame,16-bit return,80,V04C source graph,N/A,N/A,80:A340,any stack value not produced by paired call frame,fail closed when exact return frame absent,V04C016607
V04P01006,DIRECT_CALL,80:82FA,encoded absolute call,16-bit,80,V04C source graph,N/A,encoded instruction bytes,80:82FF,all values outside exact producer domain,fail closed if table/index proof changes,V04C016641
V04P01007,DIRECT_CALL,81:9ECF,encoded long call,24-bit,81,V04C source graph,N/A,encoded instruction bytes,80:A2DB,all values outside exact producer domain,fail closed if table/index proof changes,V04C016644
V04P01008,DIRECT_CALL,81:9EBB,encoded long call,24-bit,81,V04C source graph,N/A,encoded instruction bytes,80:A21A,all values outside exact producer domain,fail closed if table/index proof changes,V04C016645
V04P01009,DIRECT_CALL,81:F49E,encoded absolute call,16-bit,81,V04C source graph,N/A,encoded instruction bytes,81:9E12,all values outside exact producer domain,fail closed if table/index proof changes,V04C016647
V04P01010,DIRECT_CALL,80:83C2,encoded absolute call,16-bit,80,V04C source graph,N/A,encoded instruction bytes,80:83CE,all values outside exact producer domain,fail closed if table/index proof changes,V04C016722
V04P01011,DIRECT_CALL,80:83BD,encoded absolute call,16-bit,80,V04C source graph,N/A,encoded instruction bytes,80:852C,all values outside exact producer domain,fail closed if table/index proof changes,V04C016723
V04P01012,RETURN,80:8317,logical direct call frame,16-bit return,80,V04C source graph,N/A,N/A,80:82FD,any stack value not produced by paired call frame,fail closed when exact return frame absent,V04C016766
V04P01013,RETURN,80:85B5,logical direct call frame,16-bit return,80,V04C source graph,N/A,N/A,80:83C0,any stack value not produced by paired call frame,fail closed when exact return frame absent,V04C016777
V04P01014,DIRECT_CALL,80:8301,encoded absolute call,16-bit,80,V04C source graph,N/A,encoded instruction bytes,80:8320,all values outside exact producer domain,fail closed if table/index proof changes,V04C016780
V04P01015,DIRECT_CALL,80:830F,encoded absolute call,16-bit,80,V04C source graph,N/A,encoded instruction bytes,80:852C,all values outside exact producer domain,fail closed if table/index proof changes,V04C016796
V04P01016,RETURN,80:A343,logical direct call frame,24-bit return,81,V04C source graph,N/A,N/A,81:9EC9,any stack value not produced by paired call frame,fail closed when exact return frame absent,V04C016877
V04P01017,DIRECT_CALL,81:F4B8,encoded absolute call,16-bit,81,V04C source graph,N/A,encoded instruction bytes,81:9C8C,all values outside exact producer domain,fail closed if table/index proof changes,V04C016884
V04P01018,DIRECT_CALL,81:F4E9,encoded absolute call,16-bit,81,V04C source graph,N/A,encoded instruction bytes,81:F7F7,all values outside exact producer domain,fail closed if table/index proof changes,V04C016885
V04P01019,RETURN,80:82FE,logical direct call frame,24-bit return,81,V04C source graph,N/A,N/A,81:A573,any stack value not produced by paired call frame,fail closed when exact return frame absent,V04C016895
V04P01020,DIRECT_CALL,80:A33D,encoded absolute call,16-bit,80,V04C source graph,N/A,encoded instruction bytes,80:A344,all values outside exact producer domain,fail closed if table/index proof changes,V04C016911
V04P01021,RETURN,80:A337,logical direct call frame,16-bit return,80,V04C source graph,N/A,N/A,80:A2E3,any stack value not produced by paired call frame,fail closed when exact return frame absent,V04C016932
V04P01022,RETURN,80:8317,logical direct call frame,16-bit return,80,V04C source graph,N/A,N/A,80:82FD,any stack value not produced by paired call frame,fail closed when exact return frame absent,V04C016963
V04P01023,RETURN,80:85B5,logical direct call frame,16-bit return,80,V04C source graph,N/A,N/A,80:83C0,any stack value not produced by paired call frame,fail closed when exact return frame absent,V04C016971
V04P01024,RETURN,80:833B,logical direct call frame,16-bit return,80,V04C source graph,N/A,N/A,80:8304,any stack value not produced by paired call frame,fail closed when exact return frame absent,V04C016984
V04P01025,DIRECT_CALL,80:A2E0,encoded absolute call,16-bit,80,V04C source graph,N/A,encoded instruction bytes,80:A2E7,all values outside exact producer domain,fail closed if table/index proof changes,V04C017042
V04P01026,DIRECT_CALL,80:A21F,encoded absolute call,16-bit,80,V04C source graph,N/A,encoded instruction bytes,80:A226,all values outside exact producer domain,fail closed if table/index proof changes,V04C017043
V04P01027,RETURN,80:82FE,logical direct call frame,24-bit return,81,V04C source graph,N/A,N/A,81:A573,any stack value not produced by paired call frame,fail closed when exact return frame absent,V04C017090
V04P01028,RETURN,80:833B,logical direct call frame,16-bit return,80,V04C source graph,N/A,N/A,80:83A7,any stack value not produced by paired call frame,fail closed when exact return frame absent,V04C017103
V04P01029,DIRECT_CALL,80:844F,encoded absolute call,16-bit,80,V04C source graph,N/A,encoded instruction bytes,80:84E0,all values outside exact producer domain,fail closed if table/index proof changes,V04C017125
V04P01030,DIRECT_CALL,81:F7FF,encoded absolute call,16-bit,81,V04C source graph,N/A,encoded instruction bytes,81:F808,all values outside exact producer domain,fail closed if table/index proof changes,V04C017139
V04P01031,RETURN,80:A2E6,logical direct call frame,24-bit return,81,V04C source graph,N/A,N/A,81:9ED3,any stack value not produced by paired call frame,fail closed when exact return frame absent,V04C017181
V04P01032,DIRECT_CALL,81:F4E9,encoded absolute call,16-bit,81,V04C source graph,N/A,encoded instruction bytes,81:F7F7,all values outside exact producer domain,fail closed if table/index proof changes,V04C017199
V04P01033,DIRECT_CALL,81:A580,encoded long call,24-bit,81,V04C source graph,N/A,encoded instruction bytes,80:835B,all values outside exact producer domain,fail closed if table/index proof changes,V04C017209
V04P01034,RETURN,80:A394,logical direct call frame,16-bit return,80,V04C source graph,N/A,N/A,80:A340,any stack value not produced by paired call frame,fail closed when exact return frame absent,V04C017242
V04P01035,RETURN,80:85B5,logical direct call frame,16-bit return,80,V04C source graph,N/A,N/A,80:83C0,any stack value not produced by paired call frame,fail closed when exact return frame absent,V04C017311
V04P01036,DIRECT_CALL,80:83C2,encoded absolute call,16-bit,80,V04C source graph,N/A,encoded instruction bytes,80:83CE,all values outside exact producer domain,fail closed if table/index proof changes,V04C017353
V04P01037,DIRECT_CALL,80:83BD,encoded absolute call,16-bit,80,V04C source graph,N/A,encoded instruction bytes,80:852C,all values outside exact producer domain,fail closed if table/index proof changes,V04C017354
V04P01038,RETURN,80:85B5,logical direct call frame,16-bit return,80,V04C source graph,N/A,N/A,80:8312,any stack value not produced by paired call frame,fail closed when exact return frame absent,V04C017381
V04P01039,DIRECT_CALL,81:A580,encoded long call,24-bit,81,V04C source graph,N/A,encoded instruction bytes,80:835B,all values outside exact producer domain,fail closed if table/index proof changes,V04C017395
V04P01040,DIRECT_CALL,80:830F,encoded absolute call,16-bit,80,V04C source graph,N/A,encoded instruction bytes,80:852C,all values outside exact producer domain,fail closed if table/index proof changes,V04C017419
V04P01041,DIRECT_CALL,80:835E,encoded absolute call,16-bit,80,V04C source graph,N/A,encoded instruction bytes,80:8363,all values outside exact producer domain,fail closed if table/index proof changes,V04C017454
V04P01042,RETURN,80:A343,logical direct call frame,24-bit return,81,V04C source graph,N/A,N/A,81:9EC9,any stack value not produced by paired call frame,fail closed when exact return frame absent,V04C017485
V04P01043,RETURN,80:85B5,logical direct call frame,16-bit return,80,V04C source graph,N/A,N/A,80:83C0,any stack value not produced by paired call frame,fail closed when exact return frame absent,V04C017493
V04P01044,RETURN,80:85B5,logical direct call frame,16-bit return,80,V04C source graph,N/A,N/A,80:8312,any stack value not produced by paired call frame,fail closed when exact return frame absent,V04C017557
V04P01045,DIRECT_CALL,80:8364,encoded absolute call,16-bit,80,V04C source graph,N/A,encoded instruction bytes,80:8320,all values outside exact producer domain,fail closed if table/index proof changes,V04C017566
V04P01046,RETURN,80:833B,logical direct call frame,16-bit return,80,V04C source graph,N/A,N/A,80:8304,any stack value not produced by paired call frame,fail closed when exact return frame absent,V04C017583
V04P01047,RETURN,80:833B,logical direct call frame,16-bit return,80,V04C source graph,N/A,N/A,80:8304,any stack value not produced by paired call frame,fail closed when exact return frame absent,V04C017588
V04P01048,DIRECT_CALL,80:835E,encoded absolute call,16-bit,80,V04C source graph,N/A,encoded instruction bytes,80:8363,all values outside exact producer domain,fail closed if table/index proof changes,V04C017627
V04P01049,RETURN,81:F82F,logical direct call frame,16-bit return,81,V04C source graph,N/A,N/A,81:F802,any stack value not produced by paired call frame,fail closed when exact return frame absent,V04C017679
V04P01050,RETURN,80:85B5,logical direct call frame,16-bit return,80,V04C source graph,N/A,N/A,80:8312,any stack value not produced by paired call frame,fail closed when exact return frame absent,V04C017694
V04P01051,RETURN,80:A27D,logical direct call frame,16-bit return,80,V04C source graph,N/A,N/A,80:A222,any stack value not produced by paired call frame,fail closed when exact return frame absent,V04C017719
V04P01052,DIRECT_CALL,80:844F,encoded absolute call,16-bit,80,V04C source graph,N/A,encoded instruction bytes,80:84E0,all values outside exact producer domain,fail closed if table/index proof changes,V04C017723
V04P01053,RETURN,80:8317,logical direct call frame,16-bit return,80,V04C source graph,N/A,N/A,80:82FD,any stack value not produced by paired call frame,fail closed when exact return frame absent,V04C017733
V04P01054,DIRECT_CALL,80:8364,encoded absolute call,16-bit,80,V04C source graph,N/A,encoded instruction bytes,80:8320,all values outside exact producer domain,fail closed if table/index proof changes,V04C017746
V04P01055,RETURN,80:83CD,logical direct call frame,16-bit return,80,V04C source graph,N/A,N/A,80:83A1,any stack value not produced by paired call frame,fail closed when exact return frame absent,V04C017786
V04P01056,RETURN,80:85B5,logical direct call frame,16-bit return,80,V04C source graph,N/A,N/A,80:83C0,any stack value not produced by paired call frame,fail closed when exact return frame absent,V04C017817
V04P01057,RETURN,80:82FE,logical direct call frame,24-bit return,81,V04C source graph,N/A,N/A,81:9E9D,any stack value not produced by paired call frame,fail closed when exact return frame absent,V04C017851
V04P01058,RETURN,80:85B5,logical direct call frame,16-bit return,80,V04C source graph,N/A,N/A,80:8312,any stack value not produced by paired call frame,fail closed when exact return frame absent,V04C017871
V04P01059,RETURN,80:83A2,logical direct call frame,24-bit return,81,V04C source graph,N/A,N/A,81:9E8B,any stack value not produced by paired call frame,fail closed when exact return frame absent,V04C017902
V04P01060,RETURN,80:8317,logical direct call frame,16-bit return,80,V04C source graph,N/A,N/A,80:82FD,any stack value not produced by paired call frame,fail closed when exact return frame absent,V04C017909
V04P01061,DIRECT_CALL,80:83C2,encoded absolute call,16-bit,80,V04C source graph,N/A,encoded instruction bytes,80:83CE,all values outside exact producer domain,fail closed if table/index proof changes,V04C017940
V04P01062,DIRECT_CALL,80:83BD,encoded absolute call,16-bit,80,V04C source graph,N/A,encoded instruction bytes,80:852C,all values outside exact producer domain,fail closed if table/index proof changes,V04C017941
V04P01063,RETURN,80:A225,logical direct call frame,24-bit return,81,V04C source graph,N/A,N/A,81:9EBF,any stack value not produced by paired call frame,fail closed when exact return frame absent,V04C017951
V04P01064,RETURN,80:83CD,logical direct call frame,16-bit return,80,V04C source graph,N/A,N/A,80:83A1,any stack value not produced by paired call frame,fail closed when exact return frame absent,V04C017960
V04P01065,DIRECT_CALL,80:830F,encoded absolute call,16-bit,80,V04C source graph,N/A,encoded instruction bytes,80:852C,all values outside exact producer domain,fail closed if table/index proof changes,V04C017995
V04P01066,DIRECT_CALL,80:830F,encoded absolute call,16-bit,80,V04C source graph,N/A,encoded instruction bytes,80:852C,all values outside exact producer domain,fail closed if table/index proof changes,V04C018000
V04P01067,RETURN,80:82FE,logical direct call frame,24-bit return,81,V04C source graph,N/A,N/A,81:9E9D,any stack value not produced by paired call frame,fail closed when exact return frame absent,V04C018021
V04P01068,RETURN,80:8317,logical direct call frame,16-bit return,80,V04C source graph,N/A,N/A,80:82FD,any stack value not produced by paired call frame,fail closed when exact return frame absent,V04C018032
V04P01069,RETURN,80:83A2,logical direct call frame,24-bit return,81,V04C source graph,N/A,N/A,81:9E8B,any stack value not produced by paired call frame,fail closed when exact return frame absent,V04C018066
V04P01070,RETURN,80:85B5,logical direct call frame,16-bit return,80,V04C source graph,N/A,N/A,80:83C0,any stack value not produced by paired call frame,fail closed when exact return frame absent,V04C018093
V04P01071,RETURN,80:82FE,logical direct call frame,24-bit return,81,V04C source graph,N/A,N/A,81:AF84,any stack value not produced by paired call frame,fail closed when exact return frame absent,V04C018133
V04P01072,RETURN,80:8317,logical direct call frame,16-bit return,80,V04C source graph,N/A,N/A,80:82FD,any stack value not produced by paired call frame,fail closed when exact return frame absent,V04C018186
V04P01073,RETURN,81:F82F,logical direct call frame,16-bit return,81,V04C source graph,N/A,N/A,81:F802,any stack value not produced by paired call frame,fail closed when exact return frame absent,V04C018229
V04P01074,RETURN,80:83CD,logical direct call frame,16-bit return,80,V04C source graph,N/A,N/A,80:83A1,any stack value not produced by paired call frame,fail closed when exact return frame absent,V04C018240
V04P01075,RETURN,80:85B5,logical direct call frame,16-bit return,80,V04C source graph,N/A,N/A,80:83C0,any stack value not produced by paired call frame,fail closed when exact return frame absent,V04C018247
V04P01076,RETURN,80:82FE,logical direct call frame,24-bit return,81,V04C source graph,N/A,N/A,81:AF84,any stack value not produced by paired call frame,fail closed when exact return frame absent,V04C018290
V04P01077,RETURN,80:83A2,logical direct call frame,24-bit return,81,V04C source graph,N/A,N/A,81:AF7A,any stack value not produced by paired call frame,fail closed when exact return frame absent,V04C018346
V04P01078,DIRECT_CALL,80:84B7,encoded absolute call,16-bit,80,V04C source graph,N/A,encoded instruction bytes,80:84E0,all values outside exact producer domain,fail closed if table/index proof changes,V04C018362
V04P01079,DIRECT_CALL,81:AF91,encoded long call,24-bit,81,V04C source graph,N/A,encoded instruction bytes,80:835B,all values outside exact producer domain,fail closed if table/index proof changes,V04C018391
V04P01080,RETURN,81:F807,logical direct call frame,16-bit return,81,V04C source graph,N/A,N/A,81:F4EC,any stack value not produced by paired call frame,fail closed when exact return frame absent,V04C018434
V04P01081,DIRECT_CALL,81:F4EC,encoded absolute call,16-bit,81,V04C source graph,N/A,encoded instruction bytes,81:9C8C,all values outside exact producer domain,fail closed if table/index proof changes,V04C018481
V04P01082,DIRECT_CALL,81:AF80,encoded long call,24-bit,81,V04C source graph,N/A,encoded instruction bytes,80:82F7,all values outside exact producer domain,fail closed if table/index proof changes,V04C018494
V04P01083,RETURN,80:85B5,logical direct call frame,16-bit return,80,V04C source graph,N/A,N/A,80:83C0,any stack value not produced by paired call frame,fail closed when exact return frame absent,V04C018513
V04P01084,RETURN,80:85B5,logical direct call frame,16-bit return,80,V04C source graph,N/A,N/A,80:8312,any stack value not produced by paired call frame,fail closed when exact return frame absent,V04C018570
V04P01085,DIRECT_CALL,81:9E87,encoded long call,24-bit,81,V04C source graph,N/A,encoded instruction bytes,80:839B,all values outside exact producer domain,fail closed if table/index proof changes,V04C018572
V04P01086,DIRECT_CALL,80:835E,encoded absolute call,16-bit,80,V04C source graph,N/A,encoded instruction bytes,80:8363,all values outside exact producer domain,fail closed if table/index proof changes,V04C018585
V04P01087,DIRECT_CALL,81:9E87,encoded long call,24-bit,81,V04C source graph,N/A,encoded instruction bytes,80:839B,all values outside exact producer domain,fail closed if table/index proof changes,V04C018609
V04P01088,DIRECT_CALL,81:9E74,encoded long call,24-bit,81,V04C source graph,N/A,encoded instruction bytes,80:C066,all values outside exact producer domain,fail closed if table/index proof changes,V04C018623
V04P01089,RETURN,81:9CAD,logical direct call frame,16-bit return,81,V04C source graph,N/A,N/A,81:F4BB,any stack value not produced by paired call frame,fail closed when exact return frame absent,V04C018625
V04P01090,RETURN,80:85B5,logical direct call frame,16-bit return,80,V04C source graph,N/A,N/A,80:83C0,any stack value not produced by paired call frame,fail closed when exact return frame absent,V04C018653
V04P01091,DIRECT_CALL,81:9E74,encoded long call,24-bit,81,V04C source graph,N/A,encoded instruction bytes,80:C066,all values outside exact producer domain,fail closed if table/index proof changes,V04C018657
V04P01092,DIRECT_CALL,81:F4BB,encoded absolute call,16-bit,81,V04C source graph,N/A,encoded instruction bytes,81:9CB6,all values outside exact producer domain,fail closed if table/index proof changes,V04C018671
V04P01093,DIRECT_CALL,80:8364,encoded absolute call,16-bit,80,V04C source graph,N/A,encoded instruction bytes,80:8320,all values outside exact producer domain,fail closed if table/index proof changes,V04C018678
V04P01094,DIRECT_CALL,80:82FA,encoded absolute call,16-bit,80,V04C source graph,N/A,encoded instruction bytes,80:82FF,all values outside exact producer domain,fail closed if table/index proof changes,V04C018683
V04P01095,RETURN,80:85B5,logical direct call frame,16-bit return,80,V04C source graph,N/A,N/A,80:8312,any stack value not produced by paired call frame,fail closed when exact return frame absent,V04C018710
V04P01096,DIRECT_CALL,80:839E,encoded absolute call,16-bit,80,V04C source graph,N/A,encoded instruction bytes,80:83A3,all values outside exact producer domain,fail closed if table/index proof changes,V04C018756
V04P01097,DIRECT_CALL,80:8301,encoded absolute call,16-bit,80,V04C source graph,N/A,encoded instruction bytes,80:8320,all values outside exact producer domain,fail closed if table/index proof changes,V04C018773
V04P01098,DIRECT_CALL,80:839E,encoded absolute call,16-bit,80,V04C source graph,N/A,encoded instruction bytes,80:83A3,all values outside exact producer domain,fail closed if table/index proof changes,V04C018788
V04P01099,DIRECT_CALL,80:C069,encoded absolute call,16-bit,80,V04C source graph,N/A,encoded instruction bytes,80:C06E,all values outside exact producer domain,fail closed if table/index proof changes,V04C018803
V04P01100,RETURN,81:9CF1,logical direct call frame,16-bit return,81,V04C source graph,N/A,N/A,81:F4BE,any stack value not produced by paired call frame,fail closed when exact return frame absent,V04C018805
V04P01101,RETURN,80:85B5,logical direct call frame,16-bit return,80,V04C source graph,N/A,N/A,80:8312,any stack value not produced by paired call frame,fail closed when exact return frame absent,V04C018814
V04P01102,DIRECT_CALL,80:84B7,encoded absolute call,16-bit,80,V04C source graph,N/A,encoded instruction bytes,80:84E0,all values outside exact producer domain,fail closed if table/index proof changes,V04C018828
V04P01103,DIRECT_CALL,80:C069,encoded absolute call,16-bit,80,V04C source graph,N/A,encoded instruction bytes,80:C06E,all values outside exact producer domain,fail closed if table/index proof changes,V04C018837
V04P01104,RETURN,80:8317,logical direct call frame,16-bit return,80,V04C source graph,N/A,N/A,80:82FD,any stack value not produced by paired call frame,fail closed when exact return frame absent,V04C018843
V04P01105,DIRECT_CALL,80:83A4,encoded absolute call,16-bit,80,V04C source graph,N/A,encoded instruction bytes,80:8320,all values outside exact producer domain,fail closed if table/index proof changes,V04C018846
V04P01106,DIRECT_CALL,81:F4BE,encoded long call,24-bit,81,V04C source graph,N/A,encoded instruction bytes,80:A3A0,all values outside exact producer domain,fail closed if table/index proof changes,V04C018851
V04P01107,DIRECT_CALL,80:83A4,encoded absolute call,16-bit,80,V04C source graph,N/A,encoded instruction bytes,80:8320,all values outside exact producer domain,fail closed if table/index proof changes,V04C018878
V04P01108,RETURN,80:82FE,logical direct call frame,24-bit return,81,V04C source graph,N/A,N/A,81:9E9D,any stack value not produced by paired call frame,fail closed when exact return frame absent,V04C018927
V04P01109,DIRECT_CALL,81:9E99,encoded long call,24-bit,81,V04C source graph,N/A,encoded instruction bytes,80:82F7,all values outside exact producer domain,fail closed if table/index proof changes,V04C018932
V04P01110,RETURN,80:85B5,logical direct call frame,16-bit return,80,V04C source graph,N/A,N/A,80:8312,any stack value not produced by paired call frame,fail closed when exact return frame absent,V04C018944
V04P01111,RETURN,80:8317,logical direct call frame,16-bit return,80,V04C source graph,N/A,N/A,80:82FD,any stack value not produced by paired call frame,fail closed when exact return frame absent,V04C018969
V04P01112,RETURN,80:C076,logical direct call frame,16-bit return,80,V04C source graph,N/A,N/A,80:C06C,any stack value not produced by paired call frame,fail closed when exact return frame absent,V04C018973
V04P01113,RETURN,80:C076,logical direct call frame,16-bit return,80,V04C source graph,N/A,N/A,80:C06C,any stack value not produced by paired call frame,fail closed when exact return frame absent,V04C019001
V04P01114,DIRECT_CALL,80:A3A3,encoded absolute call,16-bit,80,V04C source graph,N/A,encoded instruction bytes,80:A3A8,all values outside exact producer domain,fail closed if table/index proof changes,V04C019016
V04P01115,RETURN,80:82FE,logical direct call frame,24-bit return,81,V04C source graph,N/A,N/A,81:9E9D,any stack value not produced by paired call frame,fail closed when exact return frame absent,V04C019054
V04P01116,RETURN,80:C06D,logical direct call frame,24-bit return,81,V04C source graph,N/A,N/A,81:9E78,any stack value not produced by paired call frame,fail closed when exact return frame absent,V04C019059
V04P01117,RETURN,80:8317,logical direct call frame,16-bit return,80,V04C source graph,N/A,N/A,80:82FD,any stack value not produced by paired call frame,fail closed when exact return frame absent,V04C019069
V04P01118,RETURN,80:C06D,logical direct call frame,24-bit return,81,V04C source graph,N/A,N/A,81:9E78,any stack value not produced by paired call frame,fail closed when exact return frame absent,V04C019088
V04P01119,DIRECT_CALL,80:82FA,encoded absolute call,16-bit,80,V04C source graph,N/A,encoded instruction bytes,80:82FF,all values outside exact producer domain,fail closed if table/index proof changes,V04C019101
V04P01120,DIRECT_CALL,81:9EC5,encoded long call,24-bit,81,V04C source graph,N/A,encoded instruction bytes,80:A338,all values outside exact producer domain,fail closed if table/index proof changes,V04C019144
V04P01121,DIRECT_CALL,80:A3AB,encoded absolute call,16-bit,80,V04C source graph,N/A,encoded instruction bytes,80:A444,all values outside exact producer domain,fail closed if table/index proof changes,V04C019150
V04P01122,RETURN,80:82FE,logical direct call frame,24-bit return,81,V04C source graph,N/A,N/A,81:AF84,any stack value not produced by paired call frame,fail closed when exact return frame absent,V04C019157
V04P01123,DIRECT_CALL,80:8301,encoded absolute call,16-bit,80,V04C source graph,N/A,encoded instruction bytes,80:8320,all values outside exact producer domain,fail closed if table/index proof changes,V04C019194
V04P01124,RETURN,80:8317,logical direct call frame,16-bit return,80,V04C source graph,N/A,N/A,80:82FD,any stack value not produced by paired call frame,fail closed when exact return frame absent,V04C019206
V04P01125,DIRECT_CALL,81:9ECF,encoded long call,24-bit,81,V04C source graph,N/A,encoded instruction bytes,80:A2DB,all values outside exact producer domain,fail closed if table/index proof changes,V04C019238
V04P01126,DIRECT_CALL,81:9EBB,encoded long call,24-bit,81,V04C source graph,N/A,encoded instruction bytes,80:A21A,all values outside exact producer domain,fail closed if table/index proof changes,V04C019239
V04P01127,RETURN,80:85B5,logical direct call frame,16-bit return,80,V04C source graph,N/A,N/A,80:83C0,any stack value not produced by paired call frame,fail closed when exact return frame absent,V04C019259
V04P01128,RETURN,80:82FE,logical direct call frame,24-bit return,81,V04C source graph,N/A,N/A,81:AF84,any stack value not produced by paired call frame,fail closed when exact return frame absent,V04C019301
V04P01129,RETURN,80:85B5,logical direct call frame,16-bit return,80,V04C source graph,N/A,N/A,80:8312,any stack value not produced by paired call frame,fail closed when exact return frame absent,V04C019319
V04P01130,RETURN,80:A44B,logical direct call frame,16-bit return,80,V04C source graph,N/A,N/A,80:A3AE,any stack value not produced by paired call frame,fail closed when exact return frame absent,V04C019339
V04P01131,DIRECT_CALL,81:AF91,encoded long call,24-bit,81,V04C source graph,N/A,encoded instruction bytes,80:835B,all values outside exact producer domain,fail closed if table/index proof changes,V04C019398
V04P01132,RETURN,80:833B,logical direct call frame,16-bit return,80,V04C source graph,N/A,N/A,80:8367,any stack value not produced by paired call frame,fail closed when exact return frame absent,V04C019401
V04P01133,DIRECT_CALL,80:A33D,encoded absolute call,16-bit,80,V04C source graph,N/A,encoded instruction bytes,80:A344,all values outside exact producer domain,fail closed if table/index proof changes,V04C019435
V04P01134,RETURN,80:85B5,logical direct call frame,16-bit return,80,V04C source graph,N/A,N/A,80:83C0,any stack value not produced by paired call frame,fail closed when exact return frame absent,V04C019515
V04P01135,DIRECT_CALL,80:A2E0,encoded absolute call,16-bit,80,V04C source graph,N/A,encoded instruction bytes,80:A2E7,all values outside exact producer domain,fail closed if table/index proof changes,V04C019537
V04P01136,DIRECT_CALL,80:A21F,encoded absolute call,16-bit,80,V04C source graph,N/A,encoded instruction bytes,80:A226,all values outside exact producer domain,fail closed if table/index proof changes,V04C019538
V04P01137,RETURN,80:85B5,logical direct call frame,16-bit return,80,V04C source graph,N/A,N/A,80:8312,any stack value not produced by paired call frame,fail closed when exact return frame absent,V04C019578
V04P01138,DIRECT_CALL,81:9E87,encoded long call,24-bit,81,V04C source graph,N/A,encoded instruction bytes,80:839B,all values outside exact producer domain,fail closed if table/index proof changes,V04C019580
V04P01139,RETURN,80:833B,logical direct call frame,16-bit return,80,V04C source graph,N/A,N/A,80:83A7,any stack value not produced by paired call frame,fail closed when exact return frame absent,V04C019586
V04P01140,RETURN,80:85B5,logical direct call frame,16-bit return,80,V04C source graph,N/A,N/A,80:8312,any stack value not produced by paired call frame,fail closed when exact return frame absent,V04C019596
V04P01141,DIRECT_CALL,80:835E,encoded absolute call,16-bit,80,V04C source graph,N/A,encoded instruction bytes,80:8363,all values outside exact producer domain,fail closed if table/index proof changes,V04C019604
V04P01142,RETURN,80:8317,logical direct call frame,16-bit return,80,V04C source graph,N/A,N/A,80:82FD,any stack value not produced by paired call frame,fail closed when exact return frame absent,V04C019625
V04P01143,DIRECT_CALL,81:9E74,encoded long call,24-bit,81,V04C source graph,N/A,encoded instruction bytes,80:C066,all values outside exact producer domain,fail closed if table/index proof changes,V04C019637
V04P01144,RETURN,80:83CD,logical direct call frame,16-bit return,80,V04C source graph,N/A,N/A,80:83A1,any stack value not produced by paired call frame,fail closed when exact return frame absent,V04C019666
V04P01145,RETURN,80:85B5,logical direct call frame,16-bit return,80,V04C source graph,N/A,N/A,80:83C0,any stack value not produced by paired call frame,fail closed when exact return frame absent,V04C019673
V04P01146,DIRECT_CALL,80:8364,encoded absolute call,16-bit,80,V04C source graph,N/A,encoded instruction bytes,80:8320,all values outside exact producer domain,fail closed if table/index proof changes,V04C019712
V04P01147,RETURN,80:82FE,logical direct call frame,24-bit return,81,V04C source graph,N/A,N/A,81:9E9D,any stack value not produced by paired call frame,fail closed when exact return frame absent,V04C019733
V04P01148,RETURN,80:85B5,logical direct call frame,16-bit return,80,V04C source graph,N/A,N/A,80:8312,any stack value not produced by paired call frame,fail closed when exact return frame absent,V04C019741
V04P01149,RETURN,81:9CF1,logical direct call frame,16-bit return,81,V04C source graph,N/A,N/A,81:F4BE,any stack value not produced by paired call frame,fail closed when exact return frame absent,V04C019755
V04P01150,DIRECT_CALL,80:8371,encoded absolute call,16-bit,80,V04C source graph,N/A,encoded instruction bytes,80:83CE,all values outside exact producer domain,fail closed if table/index proof changes,V04C019772
V04P01151,RETURN,80:83A2,logical direct call frame,24-bit return,81,V04C source graph,N/A,N/A,81:9E8B,any stack value not produced by paired call frame,fail closed when exact return frame absent,V04C019777
V04P01152,DIRECT_CALL,80:839E,encoded absolute call,16-bit,80,V04C source graph,N/A,encoded instruction bytes,80:83A3,all values outside exact producer domain,fail closed if table/index proof changes,V04C019798
V04P01153,DIRECT_CALL,81:F4BE,encoded long call,24-bit,81,V04C source graph,N/A,encoded instruction bytes,80:A3A0,all values outside exact producer domain,fail closed if table/index proof changes,V04C019809
V04P01154,DIRECT_CALL,80:C069,encoded absolute call,16-bit,80,V04C source graph,N/A,encoded instruction bytes,80:C06E,all values outside exact producer domain,fail closed if table/index proof changes,V04C019852
V04P01155,RETURN,80:85B5,logical direct call frame,16-bit return,80,V04C source graph,N/A,N/A,80:8312,any stack value not produced by paired call frame,fail closed when exact return frame absent,V04C019870
V04P01156,RETURN,80:8317,logical direct call frame,16-bit return,80,V04C source graph,N/A,N/A,80:82FD,any stack value not produced by paired call frame,fail closed when exact return frame absent,V04C019895
V04P01157,DIRECT_CALL,80:83A4,encoded absolute call,16-bit,80,V04C source graph,N/A,encoded instruction bytes,80:8320,all values outside exact producer domain,fail closed if table/index proof changes,V04C019897
V04P01158,RETURN,80:8317,logical direct call frame,16-bit return,80,V04C source graph,N/A,N/A,80:82FD,any stack value not produced by paired call frame,fail closed when exact return frame absent,V04C019910
V04P01159,RETURN,80:82FE,logical direct call frame,24-bit return,81,V04C source graph,N/A,N/A,81:9E9D,any stack value not produced by paired call frame,fail closed when exact return frame absent,V04C019981
V04P01160,RETURN,80:833B,logical direct call frame,16-bit return,80,V04C source graph,N/A,N/A,80:8304,any stack value not produced by paired call frame,fail closed when exact return frame absent,V04C019989
V04P01161,DIRECT_CALL,80:A3A3,encoded absolute call,16-bit,80,V04C source graph,N/A,encoded instruction bytes,80:A3A8,all values outside exact producer domain,fail closed if table/index proof changes,V04C019992
V04P01162,RETURN,80:82FE,logical direct call frame,24-bit return,81,V04C source graph,N/A,N/A,81:AF84,any stack value not produced by paired call frame,fail closed when exact return frame absent,V04C019996
V04P01163,RETURN,80:85B5,logical direct call frame,16-bit return,80,V04C source graph,N/A,N/A,80:8312,any stack value not produced by paired call frame,fail closed when exact return frame absent,V04C020004
V04P01164,RETURN,80:8317,logical direct call frame,16-bit return,80,V04C source graph,N/A,N/A,80:82FD,any stack value not produced by paired call frame,fail closed when exact return frame absent,V04C020024
V04P01165,RETURN,80:C076,logical direct call frame,16-bit return,80,V04C source graph,N/A,N/A,80:C06C,any stack value not produced by paired call frame,fail closed when exact return frame absent,V04C020026
V04P01166,RETURN,80:82FE,logical direct call frame,24-bit return,81,V04C source graph,N/A,N/A,81:9E9D,any stack value not produced by paired call frame,fail closed when exact return frame absent,V04C020106
V04P01167,RETURN,80:C06D,logical direct call frame,24-bit return,81,V04C source graph,N/A,N/A,81:9E78,any stack value not produced by paired call frame,fail closed when exact return frame absent,V04C020108
V04P01168,DIRECT_CALL,80:A3AB,encoded absolute call,16-bit,80,V04C source graph,N/A,encoded instruction bytes,80:A444,all values outside exact producer domain,fail closed if table/index proof changes,V04C020116
V04P01169,RETURN,80:8317,logical direct call frame,16-bit return,80,V04C source graph,N/A,N/A,80:82FD,any stack value not produced by paired call frame,fail closed when exact return frame absent,V04C020131
V04P01170,RETURN,80:82FE,logical direct call frame,24-bit return,81,V04C source graph,N/A,N/A,81:AF84,any stack value not produced by paired call frame,fail closed when exact return frame absent,V04C020205
V04P01171,DIRECT_CALL,80:83C2,encoded absolute call,16-bit,80,V04C source graph,N/A,encoded instruction bytes,80:83CE,all values outside exact producer domain,fail closed if table/index proof changes,V04C020224
V04P01172,DIRECT_CALL,80:83BD,encoded absolute call,16-bit,80,V04C source graph,N/A,encoded instruction bytes,80:852C,all values outside exact producer domain,fail closed if table/index proof changes,V04C020225
V04P01173,RETURN,80:8317,logical direct call frame,16-bit return,80,V04C source graph,N/A,N/A,80:82FD,any stack value not produced by paired call frame,fail closed when exact return frame absent,V04C020244
V04P01174,DIRECT_CALL,80:830F,encoded absolute call,16-bit,80,V04C source graph,N/A,encoded instruction bytes,80:852C,all values outside exact producer domain,fail closed if table/index proof changes,V04C020263
V04P01175,DIRECT_CALL,80:844F,encoded absolute call,16-bit,80,V04C source graph,N/A,encoded instruction bytes,80:84E0,all values outside exact producer domain,fail closed if table/index proof changes,V04C020298
V04P01176,RETURN,80:82FE,logical direct call frame,24-bit return,81,V04C source graph,N/A,N/A,81:AF84,any stack value not produced by paired call frame,fail closed when exact return frame absent,V04C020307
V04P01177,DIRECT_CALL,81:AF91,encoded long call,24-bit,81,V04C source graph,N/A,encoded instruction bytes,80:835B,all values outside exact producer domain,fail closed if table/index proof changes,V04C020363
V04P01178,DIRECT_CALL,81:AF91,encoded long call,24-bit,81,V04C source graph,N/A,encoded instruction bytes,80:835B,all values outside exact producer domain,fail closed if table/index proof changes,V04C020457
V04P01179,DIRECT_CALL,81:9E87,encoded long call,24-bit,81,V04C source graph,N/A,encoded instruction bytes,80:839B,all values outside exact producer domain,fail closed if table/index proof changes,V04C020470
V04P01180,DIRECT_CALL,80:835E,encoded absolute call,16-bit,80,V04C source graph,N/A,encoded instruction bytes,80:8363,all values outside exact producer domain,fail closed if table/index proof changes,V04C020487
V04P01181,DIRECT_CALL,81:9E74,encoded long call,24-bit,81,V04C source graph,N/A,encoded instruction bytes,80:C066,all values outside exact producer domain,fail closed if table/index proof changes,V04C020504
V04P01182,RETURN,80:84EC,logical direct call frame,16-bit return,80,V04C source graph,N/A,N/A,80:8452,any stack value not produced by paired call frame,fail closed when exact return frame absent,V04C020541
V04P01183,DIRECT_CALL,80:8364,encoded absolute call,16-bit,80,V04C source graph,N/A,encoded instruction bytes,80:8320,all values outside exact producer domain,fail closed if table/index proof changes,V04C020548
V04P01184,RETURN,80:A3C7,logical direct call frame,16-bit return,80,V04C source graph,N/A,N/A,80:A3A6,any stack value not produced by paired call frame,fail closed when exact return frame absent,V04C020563
V04P01185,DIRECT_CALL,80:835E,encoded absolute call,16-bit,80,V04C source graph,N/A,encoded instruction bytes,80:8363,all values outside exact producer domain,fail closed if table/index proof changes,V04C020576
V04P01186,DIRECT_CALL,80:839E,encoded absolute call,16-bit,80,V04C source graph,N/A,encoded instruction bytes,80:83A3,all values outside exact producer domain,fail closed if table/index proof changes,V04C020580
V04P01187,DIRECT_CALL,80:A3AB,encoded absolute call,16-bit,80,V04C source graph,N/A,encoded instruction bytes,80:A444,all values outside exact producer domain,fail closed if table/index proof changes,V04C020587
V04P01188,RETURN,80:84F6,logical direct call frame,16-bit return,80,V04C source graph,N/A,N/A,80:8452,any stack value not produced by paired call frame,fail closed when exact return frame absent,V04C020591
V04P01189,DIRECT_CALL,80:844F,encoded absolute call,16-bit,80,V04C source graph,N/A,encoded instruction bytes,80:84E0,all values outside exact producer domain,fail closed if table/index proof changes,V04C020594
V04P01190,DIRECT_CALL,80:C069,encoded absolute call,16-bit,80,V04C source graph,N/A,encoded instruction bytes,80:C06E,all values outside exact producer domain,fail closed if table/index proof changes,V04C020606
V04P01191,RETURN,80:A3A7,logical direct call frame,24-bit return,81,V04C source graph,N/A,N/A,81:F4C2,any stack value not produced by paired call frame,fail closed when exact return frame absent,V04C020612
V04P01192,DIRECT_CALL,80:8364,encoded absolute call,16-bit,80,V04C source graph,N/A,encoded instruction bytes,80:8320,all values outside exact producer domain,fail closed if table/index proof changes,V04C020623
V04P01193,DIRECT_CALL,80:83A4,encoded absolute call,16-bit,80,V04C source graph,N/A,encoded instruction bytes,80:8320,all values outside exact producer domain,fail closed if table/index proof changes,V04C020627
V04P01194,DIRECT_CALL,81:F4C2,encoded absolute call,16-bit,81,V04C source graph,N/A,encoded instruction bytes,81:9F5C,all values outside exact producer domain,fail closed if table/index proof changes,V04C020634
V04P01195,RETURN,80:8458,logical direct call frame,16-bit return,80,V04C source graph,N/A,N/A,80:8374,any stack value not produced by paired call frame,fail closed when exact return frame absent,V04C020637
V04P01196,RETURN,80:A44B,logical direct call frame,16-bit return,80,V04C source graph,N/A,N/A,80:A3AE,any stack value not produced by paired call frame,fail closed when exact return frame absent,V04C020680
V04P01197,RETURN,80:C076,logical direct call frame,16-bit return,80,V04C source graph,N/A,N/A,80:C06C,any stack value not produced by paired call frame,fail closed when exact return frame absent,V04C020696
V04P01198,RETURN,80:C06D,logical direct call frame,24-bit return,81,V04C source graph,N/A,N/A,81:9E78,any stack value not produced by paired call frame,fail closed when exact return frame absent,V04C020737
V04P01199,RETURN,80:8379,logical direct call frame,16-bit return,80,V04C source graph,N/A,N/A,80:8361,any stack value not produced by paired call frame,fail closed when exact return frame absent,V04C020767
V04P01200,DIRECT_CALL,80:84B7,encoded absolute call,16-bit,80,V04C source graph,N/A,encoded instruction bytes,80:84E0,all values outside exact producer domain,fail closed if table/index proof changes,V04C020829
V04P01201,DIRECT_CALL,80:844F,encoded absolute call,16-bit,80,V04C source graph,N/A,encoded instruction bytes,80:84E0,all values outside exact producer domain,fail closed if table/index proof changes,V04C020909
V04P01202,RETURN,80:84EC,logical direct call frame,16-bit return,80,V04C source graph,N/A,N/A,80:84BA,any stack value not produced by paired call frame,fail closed when exact return frame absent,V04C020961
V04P01203,RETURN,80:85B5,logical direct call frame,16-bit return,80,V04C source graph,N/A,N/A,80:8312,any stack value not produced by paired call frame,fail closed when exact return frame absent,V04C020990
V04P01204,RETURN,80:84F6,logical direct call frame,16-bit return,80,V04C source graph,N/A,N/A,80:84BA,any stack value not produced by paired call frame,fail closed when exact return frame absent,V04C020999
V04P01205,DIRECT_CALL,80:84B7,encoded absolute call,16-bit,80,V04C source graph,N/A,encoded instruction bytes,80:84E0,all values outside exact producer domain,fail closed if table/index proof changes,V04C021004
V04P01206,RETURN,80:85B5,logical direct call frame,16-bit return,80,V04C source graph,N/A,N/A,80:8312,any stack value not produced by paired call frame,fail closed when exact return frame absent,V04C021048
V04P01207,RETURN,81:9F9C,logical direct call frame,16-bit return,81,V04C source graph,N/A,N/A,81:F4C5,any stack value not produced by paired call frame,fail closed when exact return frame absent,V04C021053
V04P01208,RETURN,80:84EC,logical direct call frame,16-bit return,80,V04C source graph,N/A,N/A,80:8452,any stack value not produced by paired call frame,fail closed when exact return frame absent,V04C021058
V04P01209,RETURN,80:A394,logical direct call frame,16-bit return,80,V04C source graph,N/A,N/A,80:A340,any stack value not produced by paired call frame,fail closed when exact return frame absent,V04C021067
V04P01210,DIRECT_CALL,81:F4C7,encoded absolute call,16-bit,81,V04C source graph,N/A,encoded instruction bytes,81:F5ED,all values outside exact producer domain,fail closed if table/index proof changes,V04C021090
V04P01211,RETURN,80:84F6,logical direct call frame,16-bit return,80,V04C source graph,N/A,N/A,80:8452,any stack value not produced by paired call frame,fail closed when exact return frame absent,V04C021094
V04P01212,RETURN,80:8317,logical direct call frame,16-bit return,80,V04C source graph,N/A,N/A,80:82FD,any stack value not produced by paired call frame,fail closed when exact return frame absent,V04C021100
V04P01213,RETURN,80:8458,logical direct call frame,16-bit return,80,V04C source graph,N/A,N/A,80:8374,any stack value not produced by paired call frame,fail closed when exact return frame absent,V04C021127
V04P01214,RETURN,80:82FE,logical direct call frame,24-bit return,81,V04C source graph,N/A,N/A,81:AF84,any stack value not produced by paired call frame,fail closed when exact return frame absent,V04C021131
V04P01215,RETURN,80:A343,logical direct call frame,24-bit return,81,V04C source graph,N/A,N/A,81:9EC9,any stack value not produced by paired call frame,fail closed when exact return frame absent,V04C021134
V04P01216,RETURN,80:8317,logical direct call frame,16-bit return,80,V04C source graph,N/A,N/A,80:82FD,any stack value not produced by paired call frame,fail closed when exact return frame absent,V04C021149
V04P01217,RETURN,80:82FE,logical direct call frame,24-bit return,81,V04C source graph,N/A,N/A,81:AF84,any stack value not produced by paired call frame,fail closed when exact return frame absent,V04C021184
V04P01218,DIRECT_TARGET,80:84DD,encoded 16-bit target,16/24-bit target,80,V04C source graph,N/A,encoded instruction bytes,80:8429,unproved/misaligned/non-ROM values fail closed,no target outside exact finite set,V04C021190
V04P01219,DIRECT_TARGET,80:84DD,encoded 16-bit target,16/24-bit target,80,V04C source graph,N/A,encoded instruction bytes,80:8429,unproved/misaligned/non-ROM values fail closed,no target outside exact finite set,V04C021211
V04P01220,DIRECT_CALL,81:AF91,encoded long call,24-bit,81,V04C source graph,N/A,encoded instruction bytes,80:835B,all values outside exact producer domain,fail closed if table/index proof changes,V04C021221
V04P01221,RETURN,80:8379,logical direct call frame,16-bit return,80,V04C source graph,N/A,N/A,80:8361,any stack value not produced by paired call frame,fail closed when exact return frame absent,V04C021234
V04P01222,DIRECT_CALL,80:84B7,encoded absolute call,16-bit,80,V04C source graph,N/A,encoded instruction bytes,80:84E0,all values outside exact producer domain,fail closed if table/index proof changes,V04C021249
V04P01223,DIRECT_CALL,80:84B7,encoded absolute call,16-bit,80,V04C source graph,N/A,encoded instruction bytes,80:84E0,all values outside exact producer domain,fail closed if table/index proof changes,V04C021269
V04P01224,DIRECT_CALL,80:835E,encoded absolute call,16-bit,80,V04C source graph,N/A,encoded instruction bytes,80:8363,all values outside exact producer domain,fail closed if table/index proof changes,V04C021299
V04P01225,DIRECT_CALL,80:8364,encoded absolute call,16-bit,80,V04C source graph,N/A,encoded instruction bytes,80:8320,all values outside exact producer domain,fail closed if table/index proof changes,V04C021339
V04P01226,RETURN,81:9CAD,logical direct call frame,16-bit return,81,V04C source graph,N/A,N/A,81:F4EF,any stack value not produced by paired call frame,fail closed when exact return frame absent,V04C021344
V04P01227,DIRECT_CALL,81:F4EF,encoded absolute call,16-bit,81,V04C source graph,N/A,encoded instruction bytes,81:9CB6,all values outside exact producer domain,fail closed if table/index proof changes,V04C021364
V04P01228,RETURN,81:F626,logical direct call frame,16-bit return,81,V04C source graph,N/A,N/A,81:F4CA,any stack value not produced by paired call frame,fail closed when exact return frame absent,V04C021389
V04P01229,RETURN,80:85B5,logical direct call frame,16-bit return,80,V04C source graph,N/A,N/A,80:8312,any stack value not produced by paired call frame,fail closed when exact return frame absent,V04C021410
V04P01230,DIRECT_CALL,81:F4CA,encoded absolute call,16-bit,81,V04C source graph,N/A,encoded instruction bytes,81:F538,all values outside exact producer domain,fail closed if table/index proof changes,V04C021416
V04P01231,RETURN,80:84EC,logical direct call frame,16-bit return,80,V04C source graph,N/A,N/A,80:84BA,any stack value not produced by paired call frame,fail closed when exact return frame absent,V04C021420
V04P01232,DIRECT_CALL,80:844F,encoded absolute call,16-bit,80,V04C source graph,N/A,encoded instruction bytes,80:84E0,all values outside exact producer domain,fail closed if table/index proof changes,V04C021424
V04P01233,DIRECT_CALL,80:844F,encoded absolute call,16-bit,80,V04C source graph,N/A,encoded instruction bytes,80:84E0,all values outside exact producer domain,fail closed if table/index proof changes,V04C021427
V04P01234,RETURN,81:9CF1,logical direct call frame,16-bit return,81,V04C source graph,N/A,N/A,81:F4F2,any stack value not produced by paired call frame,fail closed when exact return frame absent,V04C021440
V04P01235,RETURN,80:84EC,logical direct call frame,16-bit return,80,V04C source graph,N/A,N/A,80:84BA,any stack value not produced by paired call frame,fail closed when exact return frame absent,V04C021448
V04P01236,DIRECT_CALL,81:F4F2,encoded long call,24-bit,81,V04C source graph,N/A,encoded instruction bytes,80:A3A0,all values outside exact producer domain,fail closed if table/index proof changes,V04C021469
V04P01237,DIRECT_CALL,81:F61B,encoded long call,24-bit,81,V04C source graph,N/A,encoded instruction bytes,80:FB3E,all values outside exact producer domain,fail closed if table/index proof changes,V04C021473
V04P01238,RETURN,80:84F6,logical direct call frame,16-bit return,80,V04C source graph,N/A,N/A,80:84BA,any stack value not produced by paired call frame,fail closed when exact return frame absent,V04C021474
V04P01239,RETURN,80:85B5,logical direct call frame,16-bit return,80,V04C source graph,N/A,N/A,80:8312,any stack value not produced by paired call frame,fail closed when exact return frame absent,V04C021493
V04P01240,DIRECT_CALL,80:FB3E,encoded absolute call,16-bit,80,V04C source graph,N/A,encoded instruction bytes,80:FB42,all values outside exact producer domain,fail closed if table/index proof changes,V04C021501
V04P01241,RETURN,80:84F6,logical direct call frame,16-bit return,80,V04C source graph,N/A,N/A,80:84BA,any stack value not produced by paired call frame,fail closed when exact return frame absent,V04C021503
V04P01242,DIRECT_CALL,80:FB44,encoded absolute call,16-bit,80,V04C source graph,N/A,encoded instruction bytes,80:F92A,all values outside exact producer domain,fail closed if table/index proof changes,V04C021552
V04P01243,RETURN,80:8458,logical direct call frame,16-bit return,80,V04C source graph,N/A,N/A,80:8374,any stack value not produced by paired call frame,fail closed when exact return frame absent,V04C021554
V04P01244,RETURN,80:8317,logical direct call frame,16-bit return,80,V04C source graph,N/A,N/A,80:82FD,any stack value not produced by paired call frame,fail closed when exact return frame absent,V04C021568
V04P01245,DIRECT_CALL,80:A3A3,encoded absolute call,16-bit,80,V04C source graph,N/A,encoded instruction bytes,80:A3A8,all values outside exact producer domain,fail closed if table/index proof changes,V04C021574
V04P01246,RETURN,80:82FE,logical direct call frame,24-bit return,81,V04C source graph,N/A,N/A,81:AF84,any stack value not produced by paired call frame,fail closed when exact return frame absent,V04C021623
V04P01247,RETURN,80:84EC,logical direct call frame,16-bit return,80,V04C source graph,N/A,N/A,80:8452,any stack value not produced by paired call frame,fail closed when exact return frame absent,V04C021639
V04P01248,RETURN,80:84EC,logical direct call frame,16-bit return,80,V04C source graph,N/A,N/A,80:8452,any stack value not produced by paired call frame,fail closed when exact return frame absent,V04C021643
V04P01249,RETURN,80:8317,logical direct call frame,16-bit return,80,V04C source graph,N/A,N/A,80:82FD,any stack value not produced by paired call frame,fail closed when exact return frame absent,V04C021654
V04P01250,DIRECT_CALL,80:A3AB,encoded absolute call,16-bit,80,V04C source graph,N/A,encoded instruction bytes,80:A444,all values outside exact producer domain,fail closed if table/index proof changes,V04C021658
V04P01251,DIRECT_CALL,81:F54E,encoded absolute call,16-bit,81,V04C source graph,N/A,encoded instruction bytes,81:F55F,all values outside exact producer domain,fail closed if table/index proof changes,V04C021660
V04P01252,DIRECT_CALL,81:F55F,encoded absolute call,16-bit,81,V04C source graph,N/A,encoded instruction bytes,81:F5BD,all values outside exact producer domain,fail closed if table/index proof changes,V04C021692
V04P01253,RETURN,80:84F6,logical direct call frame,16-bit return,80,V04C source graph,N/A,N/A,80:8452,any stack value not produced by paired call frame,fail closed when exact return frame absent,V04C021699
V04P01254,RETURN,80:84F6,logical direct call frame,16-bit return,80,V04C source graph,N/A,N/A,80:8452,any stack value not produced by paired call frame,fail closed when exact return frame absent,V04C021703
V04P01255,RETURN,80:82FE,logical direct call frame,24-bit return,81,V04C source graph,N/A,N/A,81:AF84,any stack value not produced by paired call frame,fail closed when exact return frame absent,V04C021717
V04P01256,RETURN,80:8379,logical direct call frame,16-bit return,80,V04C source graph,N/A,N/A,80:8361,any stack value not produced by paired call frame,fail closed when exact return frame absent,V04C021728
V04P01257,DIRECT_CALL,80:844F,encoded absolute call,16-bit,80,V04C source graph,N/A,encoded instruction bytes,80:84E0,all values outside exact producer domain,fail closed if table/index proof changes,V04C021734
V04P01258,RETURN,80:8458,logical direct call frame,16-bit return,80,V04C source graph,N/A,N/A,80:8374,any stack value not produced by paired call frame,fail closed when exact return frame absent,V04C021760
V04P01259,DIRECT_CALL,81:AF91,encoded long call,24-bit,81,V04C source graph,N/A,encoded instruction bytes,80:835B,all values outside exact producer domain,fail closed if table/index proof changes,V04C021771
V04P01260,RETURN,80:833B,logical direct call frame,16-bit return,80,V04C source graph,N/A,N/A,80:8367,any stack value not produced by paired call frame,fail closed when exact return frame absent,V04C021774
V04P01261,RETURN,80:A44B,logical direct call frame,16-bit return,80,V04C source graph,N/A,N/A,80:A3AE,any stack value not produced by paired call frame,fail closed when exact return frame absent,V04C021778
V04P01262,RETURN,80:F93F,logical direct call frame,16-bit return,80,V04C source graph,N/A,N/A,80:FB47,any stack value not produced by paired call frame,fail closed when exact return frame absent,V04C021781
V04P01263,DIRECT_TARGET,80:84DD,encoded 16-bit target,16/24-bit target,80,V04C source graph,N/A,encoded instruction bytes,80:8429,unproved/misaligned/non-ROM values fail closed,no target outside exact finite set,V04C021784
V04P01264,RETURN,80:FB47,logical direct call frame,16-bit return,80,V04C source graph,N/A,N/A,80:FB41,any stack value not produced by paired call frame,fail closed when exact return frame absent,V04C021812
V04P01265,DIRECT_TARGET,80:84DD,encoded 16-bit target,16/24-bit target,80,V04C source graph,N/A,encoded instruction bytes,80:8429,unproved/misaligned/non-ROM values fail closed,no target outside exact finite set,V04C021817
V04P01266,DIRECT_TARGET,80:84DD,encoded 16-bit target,16/24-bit target,80,V04C source graph,N/A,encoded instruction bytes,80:8429,unproved/misaligned/non-ROM values fail closed,no target outside exact finite set,V04C021819
V04P01267,RETURN,80:FB41,logical direct call frame,24-bit return,81,V04C source graph,N/A,N/A,81:F61F,any stack value not produced by paired call frame,fail closed when exact return frame absent,V04C021845
V04P01268,DIRECT_CALL,80:F93A,encoded absolute call,16-bit,80,V04C source graph,N/A,encoded instruction bytes,80:F9C2,all values outside exact producer domain,fail closed if table/index proof changes,V04C021846
V04P01269,DIRECT_CALL,81:F61F,encoded long call,24-bit,81,V04C source graph,N/A,encoded instruction bytes,80:F982,all values outside exact producer domain,fail closed if table/index proof changes,V04C021879
V04P01270,DIRECT_CALL,80:84B7,encoded absolute call,16-bit,80,V04C source graph,N/A,encoded instruction bytes,80:84E0,all values outside exact producer domain,fail closed if table/index proof changes,V04C021881
V04P01271,RETURN,80:85B5,logical direct call frame,16-bit return,80,V04C source graph,N/A,N/A,80:8312,any stack value not produced by paired call frame,fail closed when exact return frame absent,V04C021898
V04P01272,DIRECT_CALL,80:835E,encoded absolute call,16-bit,80,V04C source graph,N/A,encoded instruction bytes,80:8363,all values outside exact producer domain,fail closed if table/index proof changes,V04C021906
V04P01273,DIRECT_CALL,80:F982,encoded absolute call,16-bit,80,V04C source graph,N/A,encoded instruction bytes,80:F986,all values outside exact producer domain,fail closed if table/index proof changes,V04C021916
V04P01274,DIRECT_CALL,80:84B7,encoded absolute call,16-bit,80,V04C source graph,N/A,encoded instruction bytes,80:84E0,all values outside exact producer domain,fail closed if table/index proof changes,V04C021919
V04P01275,DIRECT_CALL,80:84B7,encoded absolute call,16-bit,80,V04C source graph,N/A,encoded instruction bytes,80:84E0,all values outside exact producer domain,fail closed if table/index proof changes,V04C021921
V04P01276,RETURN,80:A337,logical direct call frame,16-bit return,80,V04C source graph,N/A,N/A,80:A2E3,any stack value not produced by paired call frame,fail closed when exact return frame absent,V04C021945
V04P01277,RETURN,80:8379,logical direct call frame,16-bit return,80,V04C source graph,N/A,N/A,80:8361,any stack value not produced by paired call frame,fail closed when exact return frame absent,V04C021962
V04P01278,DIRECT_CALL,80:8364,encoded absolute call,16-bit,80,V04C source graph,N/A,encoded instruction bytes,80:8320,all values outside exact producer domain,fail closed if table/index proof changes,V04C021977
V04P01279,DIRECT_CALL,80:8371,encoded absolute call,16-bit,80,V04C source graph,N/A,encoded instruction bytes,80:83CE,all values outside exact producer domain,fail closed if table/index proof changes,V04C022020
V04P01280,RETURN,81:9CF1,logical direct call frame,16-bit return,81,V04C source graph,N/A,N/A,81:F4F2,any stack value not produced by paired call frame,fail closed when exact return frame absent,V04C022059
V04P01281,DIRECT_CALL,80:844F,encoded absolute call,16-bit,80,V04C source graph,N/A,encoded instruction bytes,80:84E0,all values outside exact producer domain,fail closed if table/index proof changes,V04C022076
V04P01282,RETURN,80:85B5,logical direct call frame,16-bit return,80,V04C source graph,N/A,N/A,80:8312,any stack value not produced by paired call frame,fail closed when exact return frame absent,V04C022084
V04P01283,RETURN,80:A2E6,logical direct call frame,24-bit return,81,V04C source graph,N/A,N/A,81:9ED3,any stack value not produced by paired call frame,fail closed when exact return frame absent,V04C022090
V04P01284,DIRECT_CALL,81:F4F2,encoded long call,24-bit,81,V04C source graph,N/A,encoded instruction bytes,80:A3A0,all values outside exact producer domain,fail closed if table/index proof changes,V04C022093
V04P01285,RETURN,80:8317,logical direct call frame,16-bit return,80,V04C source graph,N/A,N/A,80:82FD,any stack value not produced by paired call frame,fail closed when exact return frame absent,V04C022116
V04P01286,DIRECT_CALL,80:F991,encoded absolute call,16-bit,80,V04C source graph,N/A,encoded instruction bytes,80:F9F6,all values outside exact producer domain,fail closed if table/index proof changes,V04C022135
V04P01287,RETURN,80:F997,logical direct call frame,16-bit return,80,V04C source graph,N/A,N/A,80:F985,any stack value not produced by paired call frame,fail closed when exact return frame absent,V04C022176
V04P01288,RETURN,80:84EC,logical direct call frame,16-bit return,80,V04C source graph,N/A,N/A,80:84BA,any stack value not produced by paired call frame,fail closed when exact return frame absent,V04C022180
V04P01289,DIRECT_CALL,80:844F,encoded absolute call,16-bit,80,V04C source graph,N/A,encoded instruction bytes,80:84E0,all values outside exact producer domain,fail closed if table/index proof changes,V04C022184
V04P01290,DIRECT_CALL,80:844F,encoded absolute call,16-bit,80,V04C source graph,N/A,encoded instruction bytes,80:84E0,all values outside exact producer domain,fail closed if table/index proof changes,V04C022189
V04P01291,RETURN,80:82FE,logical direct call frame,24-bit return,81,V04C source graph,N/A,N/A,81:AF84,any stack value not produced by paired call frame,fail closed when exact return frame absent,V04C022199
V04P01292,RETURN,80:85B5,logical direct call frame,16-bit return,80,V04C source graph,N/A,N/A,80:8312,any stack value not produced by paired call frame,fail closed when exact return frame absent,V04C022207
V04P01293,RETURN,80:F985,logical direct call frame,24-bit return,81,V04C source graph,N/A,N/A,81:F623,any stack value not produced by paired call frame,fail closed when exact return frame absent,V04C022216
V04P01294,RETURN,80:84EC,logical direct call frame,16-bit return,80,V04C source graph,N/A,N/A,80:84BA,any stack value not produced by paired call frame,fail closed when exact return frame absent,V04C022222
V04P01295,RETURN,80:84EC,logical direct call frame,16-bit return,80,V04C source graph,N/A,N/A,80:84BA,any stack value not produced by paired call frame,fail closed when exact return frame absent,V04C022228
V04P01296,DIRECT_CALL,80:A3A3,encoded absolute call,16-bit,80,V04C source graph,N/A,encoded instruction bytes,80:A3A8,all values outside exact producer domain,fail closed if table/index proof changes,V04C022257
V04P01297,RETURN,80:84F6,logical direct call frame,16-bit return,80,V04C source graph,N/A,N/A,80:84BA,any stack value not produced by paired call frame,fail closed when exact return frame absent,V04C022262
V04P01298,RETURN,81:F624,logical direct call frame,16-bit return,81,V04C source graph,N/A,N/A,81:F4CA,any stack value not produced by paired call frame,fail closed when exact return frame absent,V04C022302
V04P01299,RETURN,80:84F6,logical direct call frame,16-bit return,80,V04C source graph,N/A,N/A,80:84BA,any stack value not produced by paired call frame,fail closed when exact return frame absent,V04C022306
V04P01300,RETURN,80:84F6,logical direct call frame,16-bit return,80,V04C source graph,N/A,N/A,80:84BA,any stack value not produced by paired call frame,fail closed when exact return frame absent,V04C022311
V04P01301,DIRECT_CALL,80:844F,encoded absolute call,16-bit,80,V04C source graph,N/A,encoded instruction bytes,80:84E0,all values outside exact producer domain,fail closed if table/index proof changes,V04C022317
V04P01302,RETURN,80:8317,logical direct call frame,16-bit return,80,V04C source graph,N/A,N/A,80:82FD,any stack value not produced by paired call frame,fail closed when exact return frame absent,V04C022333
V04P01303,DIRECT_CALL,81:F4CA,encoded absolute call,16-bit,81,V04C source graph,N/A,encoded instruction bytes,81:F538,all values outside exact producer domain,fail closed if table/index proof changes,V04C022341
V04P01304,DIRECT_CALL,80:A3AB,encoded absolute call,16-bit,80,V04C source graph,N/A,encoded instruction bytes,80:A444,all values outside exact producer domain,fail closed if table/index proof changes,V04C022372
V04P01305,RETURN,80:8458,logical direct call frame,16-bit return,80,V04C source graph,N/A,N/A,80:8374,any stack value not produced by paired call frame,fail closed when exact return frame absent,V04C022379
V04P01306,RETURN,80:82FE,logical direct call frame,24-bit return,81,V04C source graph,N/A,N/A,81:AF84,any stack value not produced by paired call frame,fail closed when exact return frame absent,V04C022400
V04P01307,RETURN,81:F5EC,logical direct call frame,16-bit return,81,V04C source graph,N/A,N/A,81:F562,any stack value not produced by paired call frame,fail closed when exact return frame absent,V04C022407
V04P01308,RETURN,80:8317,logical direct call frame,16-bit return,80,V04C source graph,N/A,N/A,80:82FD,any stack value not produced by paired call frame,fail closed when exact return frame absent,V04C022437
V04P01309,DIRECT_CALL,81:F562,encoded absolute call,16-bit,81,V04C source graph,N/A,encoded instruction bytes,81:F7F7,all values outside exact producer domain,fail closed if table/index proof changes,V04C022441
V04P01310,RETURN,80:84EC,logical direct call frame,16-bit return,80,V04C source graph,N/A,N/A,80:8452,any stack value not produced by paired call frame,fail closed when exact return frame absent,V04C022488
V04P01311,RETURN,80:84EC,logical direct call frame,16-bit return,80,V04C source graph,N/A,N/A,80:8452,any stack value not produced by paired call frame,fail closed when exact return frame absent,V04C022492
V04P01312,RETURN,80:82FE,logical direct call frame,24-bit return,81,V04C source graph,N/A,N/A,81:AF84,any stack value not produced by paired call frame,fail closed when exact return frame absent,V04C022503
V04P01313,RETURN,80:F9F1,logical direct call frame,16-bit return,80,V04C source graph,N/A,N/A,80:F93D,any stack value not produced by paired call frame,fail closed when exact return frame absent,V04C022511
V04P01314,DIRECT_CALL,80:84B7,encoded absolute call,16-bit,80,V04C source graph,N/A,encoded instruction bytes,80:84E0,all values outside exact producer domain,fail closed if table/index proof changes,V04C022527
V04P01315,RETURN,80:84F6,logical direct call frame,16-bit return,80,V04C source graph,N/A,N/A,80:8452,any stack value not produced by paired call frame,fail closed when exact return frame absent,V04C022553
V04P01316,RETURN,80:84F6,logical direct call frame,16-bit return,80,V04C source graph,N/A,N/A,80:8452,any stack value not produced by paired call frame,fail closed when exact return frame absent,V04C022555
V04P01317,DIRECT_CALL,81:AF91,encoded long call,24-bit,81,V04C source graph,N/A,encoded instruction bytes,80:835B,all values outside exact producer domain,fail closed if table/index proof changes,V04C022565
V04P01318,DIRECT_CALL,81:F7FF,encoded absolute call,16-bit,81,V04C source graph,N/A,encoded instruction bytes,81:F808,all values outside exact producer domain,fail closed if table/index proof changes,V04C022570
V04P01319,RETURN,80:8379,logical direct call frame,16-bit return,80,V04C source graph,N/A,N/A,80:8361,any stack value not produced by paired call frame,fail closed when exact return frame absent,V04C022578
V04P01320,RETURN,80:84EC,logical direct call frame,16-bit return,80,V04C source graph,N/A,N/A,80:8452,any stack value not produced by paired call frame,fail closed when exact return frame absent,V04C022584
V04P01321,RETURN,80:F93F,logical direct call frame,16-bit return,80,V04C source graph,N/A,N/A,80:FB47,any stack value not produced by paired call frame,fail closed when exact return frame absent,V04C022601
V04P01322,DIRECT_CALL,81:F54E,encoded absolute call,16-bit,81,V04C source graph,N/A,encoded instruction bytes,81:F55F,all values outside exact producer domain,fail closed if table/index proof changes,V04C022625
V04P01323,RETURN,80:FA37,logical direct call frame,16-bit return,80,V04C source graph,N/A,N/A,80:F994,any stack value not produced by paired call frame,fail closed when exact return frame absent,V04C022626
V04P01324,RETURN,80:FB47,logical direct call frame,16-bit return,80,V04C source graph,N/A,N/A,80:FB41,any stack value not produced by paired call frame,fail closed when exact return frame absent,V04C022628
V04P01325,DIRECT_TARGET,80:84DD,encoded 16-bit target,16/24-bit target,80,V04C source graph,N/A,encoded instruction bytes,80:8429,unproved/misaligned/non-ROM values fail closed,no target outside exact finite set,V04C022631
V04P01326,RETURN,80:84F6,logical direct call frame,16-bit return,80,V04C source graph,N/A,N/A,80:8452,any stack value not produced by paired call frame,fail closed when exact return frame absent,V04C022638
V04P01327,DIRECT_CALL,81:AF91,encoded long call,24-bit,81,V04C source graph,N/A,encoded instruction bytes,80:835B,all values outside exact producer domain,fail closed if table/index proof changes,V04C022646
V04P01328,DIRECT_CALL,81:F55F,encoded absolute call,16-bit,81,V04C source graph,N/A,encoded instruction bytes,81:F5BD,all values outside exact producer domain,fail closed if table/index proof changes,V04C022651
V04P01329,RETURN,80:FB41,logical direct call frame,24-bit return,81,V04C source graph,N/A,N/A,81:F61F,any stack value not produced by paired call frame,fail closed when exact return frame absent,V04C022654
V04P01330,DIRECT_TARGET,80:84DD,encoded 16-bit target,16/24-bit target,80,V04C source graph,N/A,encoded instruction bytes,80:8429,unproved/misaligned/non-ROM values fail closed,no target outside exact finite set,V04C022658
V04P01331,DIRECT_TARGET,80:84DD,encoded 16-bit target,16/24-bit target,80,V04C source graph,N/A,encoded instruction bytes,80:8429,unproved/misaligned/non-ROM values fail closed,no target outside exact finite set,V04C022659
V04P01332,DIRECT_CALL,80:835E,encoded absolute call,16-bit,80,V04C source graph,N/A,encoded instruction bytes,80:8363,all values outside exact producer domain,fail closed if table/index proof changes,V04C022669
V04P01333,DIRECT_CALL,81:F61F,encoded long call,24-bit,81,V04C source graph,N/A,encoded instruction bytes,80:F982,all values outside exact producer domain,fail closed if table/index proof changes,V04C022679
V04P01334,DIRECT_CALL,80:F982,encoded absolute call,16-bit,80,V04C source graph,N/A,encoded instruction bytes,80:F986,all values outside exact producer domain,fail closed if table/index proof changes,V04C022700
V04P01335,RETURN,80:F9EA,logical direct call frame,16-bit return,80,V04C source graph,N/A,N/A,80:F93D,any stack value not produced by paired call frame,fail closed when exact return frame absent,V04C022701
V04P01336,DIRECT_CALL,80:84B7,encoded absolute call,16-bit,80,V04C source graph,N/A,encoded instruction bytes,80:84E0,all values outside exact producer domain,fail closed if table/index proof changes,V04C022702
V04P01337,DIRECT_CALL,80:8364,encoded absolute call,16-bit,80,V04C source graph,N/A,encoded instruction bytes,80:8320,all values outside exact producer domain,fail closed if table/index proof changes,V04C022713
V04P01338,DIRECT_CALL,80:84B7,encoded absolute call,16-bit,80,V04C source graph,N/A,encoded instruction bytes,80:84E0,all values outside exact producer domain,fail closed if table/index proof changes,V04C022724
V04P01339,DIRECT_CALL,80:835E,encoded absolute call,16-bit,80,V04C source graph,N/A,encoded instruction bytes,80:8363,all values outside exact producer domain,fail closed if table/index proof changes,V04C022735
V04P01340,RETURN,80:A3C7,logical direct call frame,16-bit return,80,V04C source graph,N/A,N/A,80:A3A6,any stack value not produced by paired call frame,fail closed when exact return frame absent,V04C022759
V04P01341,DIRECT_CALL,80:84B7,encoded absolute call,16-bit,80,V04C source graph,N/A,encoded instruction bytes,80:84E0,all values outside exact producer domain,fail closed if table/index proof changes,V04C022769
V04P01342,DIRECT_CALL,80:8364,encoded absolute call,16-bit,80,V04C source graph,N/A,encoded instruction bytes,80:8320,all values outside exact producer domain,fail closed if table/index proof changes,V04C022776
V04P01343,DIRECT_CALL,80:A3AB,encoded absolute call,16-bit,80,V04C source graph,N/A,encoded instruction bytes,80:A444,all values outside exact producer domain,fail closed if table/index proof changes,V04C022780
V04P01344,RETURN,80:A3A7,logical direct call frame,24-bit return,81,V04C source graph,N/A,N/A,81:F4F6,any stack value not produced by paired call frame,fail closed when exact return frame absent,V04C022801
V04P01345,DIRECT_CALL,81:F4F6,encoded absolute call,16-bit,81,V04C source graph,N/A,encoded instruction bytes,81:F6A4,all values outside exact producer domain,fail closed if table/index proof changes,V04C022820
V04P01346,RETURN,80:A44B,logical direct call frame,16-bit return,80,V04C source graph,N/A,N/A,80:A3AE,any stack value not produced by paired call frame,fail closed when exact return frame absent,V04C022850
V04P01347,DIRECT_CALL,81:F6A6,encoded absolute call,16-bit,81,V04C source graph,N/A,encoded instruction bytes,81:F71C,all values outside exact producer domain,fail closed if table/index proof changes,V04C022851
V04P01348,RETURN,80:84EC,logical direct call frame,16-bit return,80,V04C source graph,N/A,N/A,80:84BA,any stack value not produced by paired call frame,fail closed when exact return frame absent,V04C022856
V04P01349,RETURN,80:84EC,logical direct call frame,16-bit return,80,V04C source graph,N/A,N/A,80:84BA,any stack value not produced by paired call frame,fail closed when exact return frame absent,V04C022872
V04P01350,RETURN,80:84F6,logical direct call frame,16-bit return,80,V04C source graph,N/A,N/A,80:84BA,any stack value not produced by paired call frame,fail closed when exact return frame absent,V04C022884
V04P01351,RETURN,80:84F6,logical direct call frame,16-bit return,80,V04C source graph,N/A,N/A,80:84BA,any stack value not produced by paired call frame,fail closed when exact return frame absent,V04C022897
V04P01352,RETURN,81:F82F,logical direct call frame,16-bit return,81,V04C source graph,N/A,N/A,81:F802,any stack value not produced by paired call frame,fail closed when exact return frame absent,V04C022920
V04P01353,RETURN,80:FA30,logical direct call frame,16-bit return,80,V04C source graph,N/A,N/A,80:F994,any stack value not produced by paired call frame,fail closed when exact return frame absent,V04C022933
V04P01354,DIRECT_CALL,81:F7FF,encoded absolute call,16-bit,81,V04C source graph,N/A,encoded instruction bytes,81:F808,all values outside exact producer domain,fail closed if table/index proof changes,V04C022952
V04P01355,RETURN,81:F82F,logical direct call frame,16-bit return,81,V04C source graph,N/A,N/A,81:F802,any stack value not produced by paired call frame,fail closed when exact return frame absent,V04C023039
V04P01356,DIRECT_CALL,81:F7FF,encoded absolute call,16-bit,81,V04C source graph,N/A,encoded instruction bytes,81:F808,all values outside exact producer domain,fail closed if table/index proof changes,V04C023064
V04P01357,DIRECT_CALL,80:844F,encoded absolute call,16-bit,80,V04C source graph,N/A,encoded instruction bytes,80:84E0,all values outside exact producer domain,fail closed if table/index proof changes,V04C023128
V04P01358,DIRECT_CALL,81:F73E,encoded absolute call,16-bit,81,V04C source graph,N/A,encoded instruction bytes,81:9FF8,all values outside exact producer domain,fail closed if table/index proof changes,V04C023160
V04P01359,RETURN,81:F82F,logical direct call frame,16-bit return,81,V04C source graph,N/A,N/A,81:F802,any stack value not produced by paired call frame,fail closed when exact return frame absent,V04C023166
V04P01360,RETURN,81:A000,logical direct call frame,16-bit return,81,V04C source graph,N/A,N/A,81:F741,any stack value not produced by paired call frame,fail closed when exact return frame absent,V04C023177
V04P01361,DIRECT_TARGET,81:9FFD,encoded 16-bit target,16/24-bit target,81,V04C source graph,N/A,encoded instruction bytes,81:9FC6,unproved/misaligned/non-ROM values fail closed,no target outside exact finite set,V04C023178
V04P01362,RETURN,81:F82F,logical direct call frame,16-bit return,81,V04C source graph,N/A,N/A,81:F802,any stack value not produced by paired call frame,fail closed when exact return frame absent,V04C023187
V04P01363,DIRECT_CALL,81:F743,encoded absolute call,16-bit,81,V04C source graph,N/A,encoded instruction bytes,81:9FE6,all values outside exact producer domain,fail closed if table/index proof changes,V04C023191
V04P01364,DIRECT_CALL,81:F7FF,encoded absolute call,16-bit,81,V04C source graph,N/A,encoded instruction bytes,81:F808,all values outside exact producer domain,fail closed if table/index proof changes,V04C023206
V04P01365,RETURN,81:9FEE,logical direct call frame,16-bit return,81,V04C source graph,N/A,N/A,81:F746,any stack value not produced by paired call frame,fail closed when exact return frame absent,V04C023210
V04P01366,DIRECT_TARGET,81:9FEB,encoded 16-bit target,16/24-bit target,81,V04C source graph,N/A,encoded instruction bytes,81:9FAE,unproved/misaligned/non-ROM values fail closed,no target outside exact finite set,V04C023211
V04P01367,RETURN,81:F807,logical direct call frame,16-bit return,81,V04C source graph,N/A,N/A,81:F565,any stack value not produced by paired call frame,fail closed when exact return frame absent,V04C023216
V04P01368,DIRECT_CALL,81:F746,encoded absolute call,16-bit,81,V04C source graph,N/A,encoded instruction bytes,81:A001,all values outside exact producer domain,fail closed if table/index proof changes,V04C023219
V04P01369,DIRECT_CALL,81:F565,encoded absolute call,16-bit,81,V04C source graph,N/A,encoded instruction bytes,81:9C8C,all values outside exact producer domain,fail closed if table/index proof changes,V04C023225
V04P01370,DIRECT_CALL,81:F7FF,encoded absolute call,16-bit,81,V04C source graph,N/A,encoded instruction bytes,81:F808,all values outside exact producer domain,fail closed if table/index proof changes,V04C023233
V04P01371,RETURN,81:9FDC,logical direct call frame,16-bit return,81,V04C source graph,N/A,N/A,81:F741,any stack value not produced by paired call frame,fail closed when exact return frame absent,V04C023250
V04P01372,RETURN,81:9FDC,logical direct call frame,16-bit return,81,V04C source graph,N/A,N/A,81:F741,any stack value not produced by paired call frame,fail closed when exact return frame absent,V04C023260
V04P01373,RETURN,81:A00C,logical direct call frame,16-bit return,81,V04C source graph,N/A,N/A,81:F749,any stack value not produced by paired call frame,fail closed when exact return frame absent,V04C023278
V04P01374,DIRECT_CALL,81:F743,encoded absolute call,16-bit,81,V04C source graph,N/A,encoded instruction bytes,81:9FE6,all values outside exact producer domain,fail closed if table/index proof changes,V04C023280
V04P01375,RETURN,81:9FC5,logical direct call frame,16-bit return,81,V04C source graph,N/A,N/A,81:F746,any stack value not produced by paired call frame,fail closed when exact return frame absent,V04C023289
V04P01376,DIRECT_CALL,80:84B7,encoded absolute call,16-bit,80,V04C source graph,N/A,encoded instruction bytes,80:84E0,all values outside exact producer domain,fail closed if table/index proof changes,V04C023294
V04P01377,RETURN,81:A017,logical direct call frame,16-bit return,81,V04C source graph,N/A,N/A,81:F749,any stack value not produced by paired call frame,fail closed when exact return frame absent,V04C023298
V04P01378,RETURN,81:A024,logical direct call frame,16-bit return,81,V04C source graph,N/A,N/A,81:F749,any stack value not produced by paired call frame,fail closed when exact return frame absent,V04C023311
V04P01379,DIRECT_CALL,81:F755,encoded absolute call,16-bit,81,V04C source graph,N/A,encoded instruction bytes,81:F836,all values outside exact producer domain,fail closed if table/index proof changes,V04C023320
V04P01380,DIRECT_CALL,81:F758,encoded absolute call,16-bit,81,V04C source graph,N/A,encoded instruction bytes,81:9C8C,all values outside exact producer domain,fail closed if table/index proof changes,V04C023324
V04P01381,DIRECT_CALL,81:F74E,encoded absolute call,16-bit,81,V04C source graph,N/A,encoded instruction bytes,81:F830,all values outside exact producer domain,fail closed if table/index proof changes,V04C023325
V04P01382,RETURN,81:F835,logical direct call frame,16-bit return,81,V04C source graph,N/A,N/A,81:F751,any stack value not produced by paired call frame,fail closed when exact return frame absent,V04C023340
V04P01383,DIRECT_CALL,81:F758,encoded absolute call,16-bit,81,V04C source graph,N/A,encoded instruction bytes,81:9C8C,all values outside exact producer domain,fail closed if table/index proof changes,V04C023350
V04P01384,RETURN,81:F860,logical direct call frame,16-bit return,81,V04C source graph,N/A,N/A,81:F758,any stack value not produced by paired call frame,fail closed when exact return frame absent,V04C023361
V04P01385,DIRECT_CALL,81:F758,encoded absolute call,16-bit,81,V04C source graph,N/A,encoded instruction bytes,81:9C8C,all values outside exact producer domain,fail closed if table/index proof changes,V04C023366
V04P01386,RETURN,80:A27D,logical direct call frame,16-bit return,80,V04C source graph,N/A,N/A,80:A222,any stack value not produced by paired call frame,fail closed when exact return frame absent,V04C023416
V04P01387,RETURN,80:A225,logical direct call frame,24-bit return,81,V04C source graph,N/A,N/A,81:9EBF,any stack value not produced by paired call frame,fail closed when exact return frame absent,V04C023432
V04P01388,RETURN,81:9CAD,logical direct call frame,16-bit return,81,V04C source graph,N/A,N/A,81:F75B,any stack value not produced by paired call frame,fail closed when exact return frame absent,V04C023528
V04P01389,DIRECT_CALL,81:F769,encoded absolute call,16-bit,81,V04C source graph,N/A,encoded instruction bytes,81:9F9D,all values outside exact producer domain,fail closed if table/index proof changes,V04C023543
V04P01390,RETURN,81:F77C,logical direct call frame,16-bit return,81,V04C source graph,N/A,N/A,81:F6A9,any stack value not produced by paired call frame,fail closed when exact return frame absent,V04C023545
V04P01391,RETURN,81:9CAD,logical direct call frame,16-bit return,81,V04C source graph,N/A,N/A,81:F568,any stack value not produced by paired call frame,fail closed when exact return frame absent,V04C023547
V04P01392,RETURN,81:F6AB,logical direct call frame,16-bit return,81,V04C source graph,N/A,N/A,81:F4F9,any stack value not produced by paired call frame,fail closed when exact return frame absent,V04C023551
V04P01393,RETURN,81:9FAD,logical direct call frame,16-bit return,81,V04C source graph,N/A,N/A,81:F76C,any stack value not produced by paired call frame,fail closed when exact return frame absent,V04C023552
V04P01394,DIRECT_CALL,81:9FA2,encoded long call,24-bit,81,V04C source graph,N/A,encoded instruction bytes,80:FB52,all values outside exact producer domain,fail closed if table/index proof changes,V04C023553
V04P01395,DIRECT_CALL,80:FB52,encoded absolute call,16-bit,80,V04C source graph,N/A,encoded instruction bytes,80:FB56,all values outside exact producer domain,fail closed if table/index proof changes,V04C023557
V04P01396,DIRECT_CALL,81:F771,encoded long call,24-bit,81,V04C source graph,N/A,encoded instruction bytes,80:FB3E,all values outside exact producer domain,fail closed if table/index proof changes,V04C023565
V04P01397,DIRECT_CALL,80:FB58,encoded absolute call,16-bit,80,V04C source graph,N/A,encoded instruction bytes,80:F92A,all values outside exact producer domain,fail closed if table/index proof changes,V04C023566
V04P01398,DIRECT_CALL,81:F73E,encoded absolute call,16-bit,81,V04C source graph,N/A,encoded instruction bytes,81:9FF8,all values outside exact producer domain,fail closed if table/index proof changes,V04C023569
V04P01399,DIRECT_CALL,80:FB3E,encoded absolute call,16-bit,80,V04C source graph,N/A,encoded instruction bytes,80:FB42,all values outside exact producer domain,fail closed if table/index proof changes,V04C023570
V04P01400,DIRECT_CALL,81:F55F,encoded absolute call,16-bit,81,V04C source graph,N/A,encoded instruction bytes,81:F5BD,all values outside exact producer domain,fail closed if table/index proof changes,V04C023572
V04P01401,DIRECT_CALL,80:FB44,encoded absolute call,16-bit,80,V04C source graph,N/A,encoded instruction bytes,80:F92A,all values outside exact producer domain,fail closed if table/index proof changes,V04C023582
V04P01402,DIRECT_CALL,81:F517,encoded long call,24-bit,81,V04C source graph,N/A,encoded instruction bytes,80:A3EA,all values outside exact producer domain,fail closed if table/index proof changes,V04C023586
V04P01403,RETURN,81:A000,logical direct call frame,16-bit return,81,V04C source graph,N/A,N/A,81:F741,any stack value not produced by paired call frame,fail closed when exact return frame absent,V04C023587
V04P01404,DIRECT_TARGET,81:9FFD,encoded 16-bit target,16/24-bit target,81,V04C source graph,N/A,encoded instruction bytes,81:9FC6,unproved/misaligned/non-ROM values fail closed,no target outside exact finite set,V04C023588
V04P01405,DIRECT_CALL,81:F57D,encoded long call,24-bit,81,V04C source graph,N/A,encoded instruction bytes,80:F926,all values outside exact producer domain,fail closed if table/index proof changes,V04C023599
V04P01406,DIRECT_CALL,81:F743,encoded absolute call,16-bit,81,V04C source graph,N/A,encoded instruction bytes,81:9FE6,all values outside exact producer domain,fail closed if table/index proof changes,V04C023601
V04P01407,DIRECT_CALL,80:F926,encoded absolute call,16-bit,80,V04C source graph,N/A,encoded instruction bytes,80:F92A,all values outside exact producer domain,fail closed if table/index proof changes,V04C023607
V04P01408,DIRECT_CALL,80:A3ED,encoded absolute call,16-bit,80,V04C source graph,N/A,encoded instruction bytes,80:A3F2,all values outside exact producer domain,fail closed if table/index proof changes,V04C023616
V04P01409,RETURN,80:F93F,logical direct call frame,16-bit return,80,V04C source graph,N/A,N/A,80:FB5B,any stack value not produced by paired call frame,fail closed when exact return frame absent,V04C023621
V04P01410,RETURN,81:9FEE,logical direct call frame,16-bit return,81,V04C source graph,N/A,N/A,81:F746,any stack value not produced by paired call frame,fail closed when exact return frame absent,V04C023626
V04P01411,DIRECT_TARGET,81:9FEB,encoded 16-bit target,16/24-bit target,81,V04C source graph,N/A,encoded instruction bytes,81:9FAE,unproved/misaligned/non-ROM values fail closed,no target outside exact finite set,V04C023627
V04P01412,RETURN,80:FB5B,logical direct call frame,16-bit return,80,V04C source graph,N/A,N/A,80:FB55,any stack value not produced by paired call frame,fail closed when exact return frame absent,V04C023632
V04P01413,DIRECT_CALL,81:F746,encoded absolute call,16-bit,81,V04C source graph,N/A,encoded instruction bytes,81:A001,all values outside exact producer domain,fail closed if table/index proof changes,V04C023637
V04P01414,RETURN,80:FB55,logical direct call frame,24-bit return,81,V04C source graph,N/A,N/A,81:9FA6,any stack value not produced by paired call frame,fail closed when exact return frame absent,V04C023643
V04P01415,DIRECT_CALL,80:F93A,encoded absolute call,16-bit,80,V04C source graph,N/A,encoded instruction bytes,80:F9C2,all values outside exact producer domain,fail closed if table/index proof changes,V04C023644
V04P01416,DIRECT_CALL,80:A3F7,encoded absolute call,16-bit,80,V04C source graph,N/A,encoded instruction bytes,80:A444,all values outside exact producer domain,fail closed if table/index proof changes,V04C023647
V04P01417,RETURN,80:F93F,logical direct call frame,16-bit return,80,V04C source graph,N/A,N/A,80:FB47,any stack value not produced by paired call frame,fail closed when exact return frame absent,V04C023652
V04P01418,DIRECT_CALL,81:9FA6,encoded long call,24-bit,81,V04C source graph,N/A,encoded instruction bytes,80:F982,all values outside exact producer domain,fail closed if table/index proof changes,V04C023654
V04P01419,RETURN,80:FB47,logical direct call frame,16-bit return,80,V04C source graph,N/A,N/A,80:FB41,any stack value not produced by paired call frame,fail closed when exact return frame absent,V04C023663
V04P01420,DIRECT_CALL,80:F982,encoded absolute call,16-bit,80,V04C source graph,N/A,encoded instruction bytes,80:F986,all values outside exact producer domain,fail closed if table/index proof changes,V04C023665
V04P01421,RETURN,81:9FDC,logical direct call frame,16-bit return,81,V04C source graph,N/A,N/A,81:F741,any stack value not produced by paired call frame,fail closed when exact return frame absent,V04C023675
V04P01422,RETURN,80:FB41,logical direct call frame,24-bit return,81,V04C source graph,N/A,N/A,81:F775,any stack value not produced by paired call frame,fail closed when exact return frame absent,V04C023677
V04P01423,DIRECT_CALL,80:F93A,encoded absolute call,16-bit,80,V04C source graph,N/A,encoded instruction bytes,80:F9C2,all values outside exact producer domain,fail closed if table/index proof changes,V04C023678
V04P01424,RETURN,81:9FDC,logical direct call frame,16-bit return,81,V04C source graph,N/A,N/A,81:F741,any stack value not produced by paired call frame,fail closed when exact return frame absent,V04C023688
V04P01425,DIRECT_CALL,81:F775,encoded long call,24-bit,81,V04C source graph,N/A,encoded instruction bytes,80:F982,all values outside exact producer domain,fail closed if table/index proof changes,V04C023689
V04P01426,RETURN,80:F93F,logical direct call frame,16-bit return,80,V04C source graph,N/A,N/A,80:F929,any stack value not produced by paired call frame,fail closed when exact return frame absent,V04C023694
V04P01427,RETURN,80:A44B,logical direct call frame,16-bit return,80,V04C source graph,N/A,N/A,80:A3FA,any stack value not produced by paired call frame,fail closed when exact return frame absent,V04C023697
V04P01428,DIRECT_CALL,80:F982,encoded absolute call,16-bit,80,V04C source graph,N/A,encoded instruction bytes,80:F986,all values outside exact producer domain,fail closed if table/index proof changes,V04C023703
V04P01429,RETURN,80:F929,logical direct call frame,24-bit return,81,V04C source graph,N/A,N/A,81:F581,any stack value not produced by paired call frame,fail closed when exact return frame absent,V04C023708
V04P01430,RETURN,81:A00C,logical direct call frame,16-bit return,81,V04C source graph,N/A,N/A,81:F749,any stack value not produced by paired call frame,fail closed when exact return frame absent,V04C023713
V04P01431,DIRECT_CALL,81:F743,encoded absolute call,16-bit,81,V04C source graph,N/A,encoded instruction bytes,81:9FE6,all values outside exact producer domain,fail closed if table/index proof changes,V04C023715
V04P01432,DIRECT_CALL,81:F581,encoded long call,24-bit,81,V04C source graph,N/A,encoded instruction bytes,80:F982,all values outside exact producer domain,fail closed if table/index proof changes,V04C023721
V04P01433,DIRECT_CALL,80:F93A,encoded absolute call,16-bit,80,V04C source graph,N/A,encoded instruction bytes,80:F9C2,all values outside exact producer domain,fail closed if table/index proof changes,V04C023722
V04P01434,RETURN,81:9FC5,logical direct call frame,16-bit return,81,V04C source graph,N/A,N/A,81:F746,any stack value not produced by paired call frame,fail closed when exact return frame absent,V04C023727
V04P01435,DIRECT_CALL,80:F982,encoded absolute call,16-bit,80,V04C source graph,N/A,encoded instruction bytes,80:F986,all values outside exact producer domain,fail closed if table/index proof changes,V04C023734
V04P01436,RETURN,81:A017,logical direct call frame,16-bit return,81,V04C source graph,N/A,N/A,81:F749,any stack value not produced by paired call frame,fail closed when exact return frame absent,V04C023739
V04P01437,DIRECT_CALL,80:F991,encoded absolute call,16-bit,80,V04C source graph,N/A,encoded instruction bytes,80:F9F6,all values outside exact producer domain,fail closed if table/index proof changes,V04C023744
V04P01438,RETURN,80:F997,logical direct call frame,16-bit return,80,V04C source graph,N/A,N/A,80:F985,any stack value not produced by paired call frame,fail closed when exact return frame absent,V04C023756
V04P01439,RETURN,81:A024,logical direct call frame,16-bit return,81,V04C source graph,N/A,N/A,81:F749,any stack value not produced by paired call frame,fail closed when exact return frame absent,V04C023763
V04P01440,RETURN,80:F985,logical direct call frame,24-bit return,81,V04C source graph,N/A,N/A,81:9FAA,any stack value not produced by paired call frame,fail closed when exact return frame absent,V04C023769
V04P01441,DIRECT_CALL,81:F755,encoded absolute call,16-bit,81,V04C source graph,N/A,encoded instruction bytes,81:F836,all values outside exact producer domain,fail closed if table/index proof changes,V04C023778
V04P01442,DIRECT_CALL,80:F991,encoded absolute call,16-bit,80,V04C source graph,N/A,encoded instruction bytes,80:F9F6,all values outside exact producer domain,fail closed if table/index proof changes,V04C023780
V04P01443,RETURN,81:F5EC,logical direct call frame,16-bit return,81,V04C source graph,N/A,N/A,81:F562,any stack value not produced by paired call frame,fail closed when exact return frame absent,V04C023785
V04P01444,DIRECT_CALL,81:F758,encoded absolute call,16-bit,81,V04C source graph,N/A,encoded instruction bytes,81:9C8C,all values outside exact producer domain,fail closed if table/index proof changes,V04C023789
V04P01445,DIRECT_CALL,81:F74E,encoded absolute call,16-bit,81,V04C source graph,N/A,encoded instruction bytes,81:F830,all values outside exact producer domain,fail closed if table/index proof changes,V04C023790
V04P01446,RETURN,80:F997,logical direct call frame,16-bit return,80,V04C source graph,N/A,N/A,80:F985,any stack value not produced by paired call frame,fail closed when exact return frame absent,V04C023792
V04P01447,DIRECT_CALL,81:F562,encoded absolute call,16-bit,81,V04C source graph,N/A,encoded instruction bytes,81:F7F7,all values outside exact producer domain,fail closed if table/index proof changes,V04C023797
V04P01448,RETURN,80:F985,logical direct call frame,24-bit return,81,V04C source graph,N/A,N/A,81:F779,any stack value not produced by paired call frame,fail closed when exact return frame absent,V04C023804
V04P01449,DIRECT_CALL,80:F991,encoded absolute call,16-bit,80,V04C source graph,N/A,encoded instruction bytes,80:F9F6,all values outside exact producer domain,fail closed if table/index proof changes,V04C023812
V04P01450,RETURN,80:F997,logical direct call frame,16-bit return,80,V04C source graph,N/A,N/A,80:F985,any stack value not produced by paired call frame,fail closed when exact return frame absent,V04C023824
V04P01451,RETURN,81:F835,logical direct call frame,16-bit return,81,V04C source graph,N/A,N/A,81:F751,any stack value not produced by paired call frame,fail closed when exact return frame absent,V04C023828
V04P01452,RETURN,81:F77A,logical direct call frame,16-bit return,81,V04C source graph,N/A,N/A,81:F6A9,any stack value not produced by paired call frame,fail closed when exact return frame absent,V04C023829
V04P01453,RETURN,80:F985,logical direct call frame,24-bit return,81,V04C source graph,N/A,N/A,81:F585,any stack value not produced by paired call frame,fail closed when exact return frame absent,V04C023835
V04P01454,RETURN,81:F585,logical direct call frame,16-bit return,81,V04C source graph,N/A,N/A,81:F551,any stack value not produced by paired call frame,fail closed when exact return frame absent,V04C023847
V04P01455,DIRECT_CALL,81:F758,encoded absolute call,16-bit,81,V04C source graph,N/A,encoded instruction bytes,81:9C8C,all values outside exact producer domain,fail closed if table/index proof changes,V04C023851
V04P01456,RETURN,80:F9F1,logical direct call frame,16-bit return,80,V04C source graph,N/A,N/A,80:F93D,any stack value not produced by paired call frame,fail closed when exact return frame absent,V04C023871
V04P01457,RETURN,80:F9F1,logical direct call frame,16-bit return,80,V04C source graph,N/A,N/A,80:F93D,any stack value not produced by paired call frame,fail closed when exact return frame absent,V04C023912
V04P01458,RETURN,80:F93F,logical direct call frame,16-bit return,80,V04C source graph,N/A,N/A,80:FB5B,any stack value not produced by paired call frame,fail closed when exact return frame absent,V04C023916
V04P01459,DIRECT_CALL,81:F55B,encoded absolute call,16-bit,81,V04C source graph,N/A,encoded instruction bytes,81:F586,all values outside exact producer domain,fail closed if table/index proof changes,V04C023918
V04P01460,RETURN,80:FA37,logical direct call frame,16-bit return,80,V04C source graph,N/A,N/A,80:F994,any stack value not produced by paired call frame,fail closed when exact return frame absent,V04C023930
V04P01461,RETURN,80:FB5B,logical direct call frame,16-bit return,80,V04C source graph,N/A,N/A,80:FB55,any stack value not produced by paired call frame,fail closed when exact return frame absent,V04C023932
V04P01462,DIRECT_CALL,81:F586,encoded absolute call,16-bit,81,V04C source graph,N/A,encoded instruction bytes,81:F5BD,all values outside exact producer domain,fail closed if table/index proof changes,V04C023934
V04P01463,RETURN,81:F700,logical direct call frame,16-bit return,81,V04C source graph,N/A,N/A,81:F4F9,any stack value not produced by paired call frame,fail closed when exact return frame absent,V04C023940
V04P01464,RETURN,80:FB55,logical direct call frame,24-bit return,81,V04C source graph,N/A,N/A,81:9FA6,any stack value not produced by paired call frame,fail closed when exact return frame absent,V04C023949
V04P01465,RETURN,81:F6F6,logical direct call frame,16-bit return,81,V04C source graph,N/A,N/A,81:F4F9,any stack value not produced by paired call frame,fail closed when exact return frame absent,V04C023958
V04P01466,RETURN,80:F93F,logical direct call frame,16-bit return,80,V04C source graph,N/A,N/A,80:FB47,any stack value not produced by paired call frame,fail closed when exact return frame absent,V04C023962
V04P01467,DIRECT_CALL,81:9FA6,encoded long call,24-bit,81,V04C source graph,N/A,encoded instruction bytes,80:F982,all values outside exact producer domain,fail closed if table/index proof changes,V04C023966
V04P01468,RETURN,80:F9F1,logical direct call frame,16-bit return,80,V04C source graph,N/A,N/A,80:F93D,any stack value not produced by paired call frame,fail closed when exact return frame absent,V04C023971
V04P01469,DIRECT_CALL,81:F4FB,encoded absolute call,16-bit,81,V04C source graph,N/A,encoded instruction bytes,81:F786,all values outside exact producer domain,fail closed if table/index proof changes,V04C023974
V04P01470,RETURN,80:FA37,logical direct call frame,16-bit return,80,V04C source graph,N/A,N/A,80:F994,any stack value not produced by paired call frame,fail closed when exact return frame absent,V04C023977
V04P01471,RETURN,80:FB47,logical direct call frame,16-bit return,80,V04C source graph,N/A,N/A,80:FB41,any stack value not produced by paired call frame,fail closed when exact return frame absent,V04C023979
V04P01472,DIRECT_CALL,80:F982,encoded absolute call,16-bit,80,V04C source graph,N/A,encoded instruction bytes,80:F986,all values outside exact producer domain,fail closed if table/index proof changes,V04C023983
V04P01473,RETURN,80:F9EA,logical direct call frame,16-bit return,80,V04C source graph,N/A,N/A,80:F93D,any stack value not produced by paired call frame,fail closed when exact return frame absent,V04C023984
V04P01474,DIRECT_CALL,81:F4FB,encoded absolute call,16-bit,81,V04C source graph,N/A,encoded instruction bytes,81:F786,all values outside exact producer domain,fail closed if table/index proof changes,V04C023992
V04P01475,RETURN,80:FB41,logical direct call frame,24-bit return,81,V04C source graph,N/A,N/A,81:F775,any stack value not produced by paired call frame,fail closed when exact return frame absent,V04C023996
V04P01476,DIRECT_CALL,81:F775,encoded long call,24-bit,81,V04C source graph,N/A,encoded instruction bytes,80:F982,all values outside exact producer domain,fail closed if table/index proof changes,V04C024011
V04P01477,RETURN,80:FA37,logical direct call frame,16-bit return,80,V04C source graph,N/A,N/A,80:F994,any stack value not produced by paired call frame,fail closed when exact return frame absent,V04C024016
V04P01478,RETURN,80:F93F,logical direct call frame,16-bit return,80,V04C source graph,N/A,N/A,80:F929,any stack value not produced by paired call frame,fail closed when exact return frame absent,V04C024018
V04P01479,DIRECT_CALL,80:F982,encoded absolute call,16-bit,80,V04C source graph,N/A,encoded instruction bytes,80:F986,all values outside exact producer domain,fail closed if table/index proof changes,V04C024026
V04P01480,RETURN,80:F9EA,logical direct call frame,16-bit return,80,V04C source graph,N/A,N/A,80:F93D,any stack value not produced by paired call frame,fail closed when exact return frame absent,V04C024027
V04P01481,RETURN,80:F929,logical direct call frame,24-bit return,81,V04C source graph,N/A,N/A,81:F581,any stack value not produced by paired call frame,fail closed when exact return frame absent,V04C024033
V04P01482,DIRECT_CALL,81:F581,encoded long call,24-bit,81,V04C source graph,N/A,encoded instruction bytes,80:F982,all values outside exact producer domain,fail closed if table/index proof changes,V04C024045
V04P01483,DIRECT_CALL,80:F982,encoded absolute call,16-bit,80,V04C source graph,N/A,encoded instruction bytes,80:F986,all values outside exact producer domain,fail closed if table/index proof changes,V04C024057
V04P01484,DIRECT_CALL,80:F991,encoded absolute call,16-bit,80,V04C source graph,N/A,encoded instruction bytes,80:F9F6,all values outside exact producer domain,fail closed if table/index proof changes,V04C024066
V04P01485,RETURN,80:F9EA,logical direct call frame,16-bit return,80,V04C source graph,N/A,N/A,80:F93D,any stack value not produced by paired call frame,fail closed when exact return frame absent,V04C024070
V04P01486,DIRECT_CALL,80:A3F7,encoded absolute call,16-bit,80,V04C source graph,N/A,encoded instruction bytes,80:A444,all values outside exact producer domain,fail closed if table/index proof changes,V04C024071
V04P01487,RETURN,80:F997,logical direct call frame,16-bit return,80,V04C source graph,N/A,N/A,80:F985,any stack value not produced by paired call frame,fail closed when exact return frame absent,V04C024078
V04P01488,RETURN,80:F985,logical direct call frame,24-bit return,81,V04C source graph,N/A,N/A,81:9FAA,any stack value not produced by paired call frame,fail closed when exact return frame absent,V04C024090
V04P01489,RETURN,80:A414,logical direct call frame,16-bit return,80,V04C source graph,N/A,N/A,80:A3F0,any stack value not produced by paired call frame,fail closed when exact return frame absent,V04C024096
V04P01490,DIRECT_CALL,80:F991,encoded absolute call,16-bit,80,V04C source graph,N/A,encoded instruction bytes,80:F9F6,all values outside exact producer domain,fail closed if table/index proof changes,V04C024101
V04P01491,RETURN,80:F997,logical direct call frame,16-bit return,80,V04C source graph,N/A,N/A,80:F985,any stack value not produced by paired call frame,fail closed when exact return frame absent,V04C024112
V04P01492,RETURN,81:9FAD,logical direct call frame,16-bit return,81,V04C source graph,N/A,N/A,81:F76C,any stack value not produced by paired call frame,fail closed when exact return frame absent,V04C024115
V04P01493,RETURN,80:A44B,logical direct call frame,16-bit return,80,V04C source graph,N/A,N/A,80:A3FA,any stack value not produced by paired call frame,fail closed when exact return frame absent,V04C024119
V04P01494,RETURN,80:A3F1,logical direct call frame,24-bit return,81,V04C source graph,N/A,N/A,81:F51B,any stack value not produced by paired call frame,fail closed when exact return frame absent,V04C024120
V04P01495,RETURN,80:F985,logical direct call frame,24-bit return,81,V04C source graph,N/A,N/A,81:F779,any stack value not produced by paired call frame,fail closed when exact return frame absent,V04C024124
V04P01496,RETURN,81:F77A,logical direct call frame,16-bit return,81,V04C source graph,N/A,N/A,81:F6A9,any stack value not produced by paired call frame,fail closed when exact return frame absent,V04C024148
V04P01497,DIRECT_CALL,81:F771,encoded long call,24-bit,81,V04C source graph,N/A,encoded instruction bytes,80:FB3E,all values outside exact producer domain,fail closed if table/index proof changes,V04C024152
V04P01498,DIRECT_CALL,81:F73E,encoded absolute call,16-bit,81,V04C source graph,N/A,encoded instruction bytes,81:9FF8,all values outside exact producer domain,fail closed if table/index proof changes,V04C024164
V04P01499,DIRECT_CALL,80:FB3E,encoded absolute call,16-bit,80,V04C source graph,N/A,encoded instruction bytes,80:FB42,all values outside exact producer domain,fail closed if table/index proof changes,V04C024165
V04P01500,RETURN,80:FA30,logical direct call frame,16-bit return,80,V04C source graph,N/A,N/A,80:F994,any stack value not produced by paired call frame,fail closed when exact return frame absent,V04C024189
V04P01501,DIRECT_CALL,80:FB44,encoded absolute call,16-bit,80,V04C source graph,N/A,encoded instruction bytes,80:F92A,all values outside exact producer domain,fail closed if table/index proof changes,V04C024191
V04P01502,RETURN,81:F6EE,logical direct call frame,16-bit return,81,V04C source graph,N/A,N/A,81:F4F9,any stack value not produced by paired call frame,fail closed when exact return frame absent,V04C024198
V04P01503,RETURN,81:A000,logical direct call frame,16-bit return,81,V04C source graph,N/A,N/A,81:F741,any stack value not produced by paired call frame,fail closed when exact return frame absent,V04C024204
V04P01504,DIRECT_TARGET,81:9FFD,encoded 16-bit target,16/24-bit target,81,V04C source graph,N/A,encoded instruction bytes,81:9FC6,unproved/misaligned/non-ROM values fail closed,no target outside exact finite set,V04C024205
V04P01505,RETURN,81:F5EC,logical direct call frame,16-bit return,81,V04C source graph,N/A,N/A,81:F589,any stack value not produced by paired call frame,fail closed when exact return frame absent,V04C024209
V04P01506,DIRECT_CALL,81:F589,encoded absolute call,16-bit,81,V04C source graph,N/A,encoded instruction bytes,81:F7F7,all values outside exact producer domain,fail closed if table/index proof changes,V04C024225
V04P01507,DIRECT_CALL,81:F4FB,encoded absolute call,16-bit,81,V04C source graph,N/A,encoded instruction bytes,81:F786,all values outside exact producer domain,fail closed if table/index proof changes,V04C024229
V04P01508,RETURN,80:FA30,logical direct call frame,16-bit return,80,V04C source graph,N/A,N/A,80:F994,any stack value not produced by paired call frame,fail closed when exact return frame absent,V04C024230
V04P01509,DIRECT_CALL,81:F743,encoded absolute call,16-bit,81,V04C source graph,N/A,encoded instruction bytes,81:9FE6,all values outside exact producer domain,fail closed if table/index proof changes,V04C024237
V04P01510,RETURN,80:FA37,logical direct call frame,16-bit return,80,V04C source graph,N/A,N/A,80:F994,any stack value not produced by paired call frame,fail closed when exact return frame absent,V04C024257
V04P01511,DIRECT_CALL,80:F991,encoded absolute call,16-bit,80,V04C source graph,N/A,encoded instruction bytes,80:F9F6,all values outside exact producer domain,fail closed if table/index proof changes,V04C024271
V04P01512,RETURN,80:FA30,logical direct call frame,16-bit return,80,V04C source graph,N/A,N/A,80:F994,any stack value not produced by paired call frame,fail closed when exact return frame absent,V04C024279
V04P01513,RETURN,80:F997,logical direct call frame,16-bit return,80,V04C source graph,N/A,N/A,80:F985,any stack value not produced by paired call frame,fail closed when exact return frame absent,V04C024288
V04P01514,RETURN,81:9FEE,logical direct call frame,16-bit return,81,V04C source graph,N/A,N/A,81:F746,any stack value not produced by paired call frame,fail closed when exact return frame absent,V04C024290
V04P01515,DIRECT_TARGET,81:9FEB,encoded 16-bit target,16/24-bit target,81,V04C source graph,N/A,encoded instruction bytes,81:9FAE,unproved/misaligned/non-ROM values fail closed,no target outside exact finite set,V04C024291
V04P01516,DIRECT_CALL,81:F7FF,encoded absolute call,16-bit,81,V04C source graph,N/A,encoded instruction bytes,81:F808,all values outside exact producer domain,fail closed if table/index proof changes,V04C024298
V04P01517,RETURN,80:FA37,logical direct call frame,16-bit return,80,V04C source graph,N/A,N/A,80:F994,any stack value not produced by paired call frame,fail closed when exact return frame absent,V04C024304
V04P01518,RETURN,80:F985,logical direct call frame,24-bit return,81,V04C source graph,N/A,N/A,81:9FAA,any stack value not produced by paired call frame,fail closed when exact return frame absent,V04C024306
V04P01519,DIRECT_CALL,81:F746,encoded absolute call,16-bit,81,V04C source graph,N/A,encoded instruction bytes,81:A001,all values outside exact producer domain,fail closed if table/index proof changes,V04C024308
V04P01520,RETURN,80:F93F,logical direct call frame,16-bit return,80,V04C source graph,N/A,N/A,80:FB47,any stack value not produced by paired call frame,fail closed when exact return frame absent,V04C024329
V04P01521,RETURN,81:9FAD,logical direct call frame,16-bit return,81,V04C source graph,N/A,N/A,81:F76C,any stack value not produced by paired call frame,fail closed when exact return frame absent,V04C024339
V04P01522,RETURN,80:FB47,logical direct call frame,16-bit return,80,V04C source graph,N/A,N/A,80:FB41,any stack value not produced by paired call frame,fail closed when exact return frame absent,V04C024345
V04P01523,RETURN,81:9FDC,logical direct call frame,16-bit return,81,V04C source graph,N/A,N/A,81:F741,any stack value not produced by paired call frame,fail closed when exact return frame absent,V04C024360
V04P01524,RETURN,80:FB41,logical direct call frame,24-bit return,81,V04C source graph,N/A,N/A,81:F775,any stack value not produced by paired call frame,fail closed when exact return frame absent,V04C024362
V04P01525,DIRECT_CALL,80:F93A,encoded absolute call,16-bit,80,V04C source graph,N/A,encoded instruction bytes,80:F9C2,all values outside exact producer domain,fail closed if table/index proof changes,V04C024363
V04P01526,RETURN,81:9FDC,logical direct call frame,16-bit return,81,V04C source graph,N/A,N/A,81:F741,any stack value not produced by paired call frame,fail closed when exact return frame absent,V04C024375
V04P01527,DIRECT_CALL,81:F775,encoded long call,24-bit,81,V04C source graph,N/A,encoded instruction bytes,80:F982,all values outside exact producer domain,fail closed if table/index proof changes,V04C024376
V04P01528,DIRECT_CALL,81:F771,encoded long call,24-bit,81,V04C source graph,N/A,encoded instruction bytes,80:FB3E,all values outside exact producer domain,fail closed if table/index proof changes,V04C024385
V04P01529,DIRECT_CALL,80:F982,encoded absolute call,16-bit,80,V04C source graph,N/A,encoded instruction bytes,80:F986,all values outside exact producer domain,fail closed if table/index proof changes,V04C024392
V04P01530,DIRECT_CALL,81:F73E,encoded absolute call,16-bit,81,V04C source graph,N/A,encoded instruction bytes,81:9FF8,all values outside exact producer domain,fail closed if table/index proof changes,V04C024400
V04P01531,DIRECT_CALL,80:FB3E,encoded absolute call,16-bit,80,V04C source graph,N/A,encoded instruction bytes,80:FB42,all values outside exact producer domain,fail closed if table/index proof changes,V04C024401
V04P01532,RETURN,81:A00C,logical direct call frame,16-bit return,81,V04C source graph,N/A,N/A,81:F749,any stack value not produced by paired call frame,fail closed when exact return frame absent,V04C024405
V04P01533,DIRECT_CALL,81:F743,encoded absolute call,16-bit,81,V04C source graph,N/A,encoded instruction bytes,81:9FE6,all values outside exact producer domain,fail closed if table/index proof changes,V04C024407
V04P01534,RETURN,81:9FC5,logical direct call frame,16-bit return,81,V04C source graph,N/A,N/A,81:F746,any stack value not produced by paired call frame,fail closed when exact return frame absent,V04C024423
V04P01535,DIRECT_CALL,80:FB44,encoded absolute call,16-bit,80,V04C source graph,N/A,encoded instruction bytes,80:F92A,all values outside exact producer domain,fail closed if table/index proof changes,V04C024434
V04P01536,RETURN,81:A017,logical direct call frame,16-bit return,81,V04C source graph,N/A,N/A,81:F749,any stack value not produced by paired call frame,fail closed when exact return frame absent,V04C024439
V04P01537,RETURN,81:A000,logical direct call frame,16-bit return,81,V04C source graph,N/A,N/A,81:F741,any stack value not produced by paired call frame,fail closed when exact return frame absent,V04C024449
V04P01538,DIRECT_TARGET,81:9FFD,encoded 16-bit target,16/24-bit target,81,V04C source graph,N/A,encoded instruction bytes,81:9FC6,unproved/misaligned/non-ROM values fail closed,no target outside exact finite set,V04C024450
V04P01539,RETURN,81:A024,logical direct call frame,16-bit return,81,V04C source graph,N/A,N/A,81:F749,any stack value not produced by paired call frame,fail closed when exact return frame absent,V04C024471
V04P01540,DIRECT_CALL,81:F743,encoded absolute call,16-bit,81,V04C source graph,N/A,encoded instruction bytes,81:9FE6,all values outside exact producer domain,fail closed if table/index proof changes,V04C024483
V04P01541,DIRECT_CALL,81:F755,encoded absolute call,16-bit,81,V04C source graph,N/A,encoded instruction bytes,81:F836,all values outside exact producer domain,fail closed if table/index proof changes,V04C024490
V04P01542,DIRECT_CALL,80:F991,encoded absolute call,16-bit,80,V04C source graph,N/A,encoded instruction bytes,80:F9F6,all values outside exact producer domain,fail closed if table/index proof changes,V04C024492
V04P01543,RETURN,80:FA37,logical direct call frame,16-bit return,80,V04C source graph,N/A,N/A,80:F994,any stack value not produced by paired call frame,fail closed when exact return frame absent,V04C024503
V04P01544,DIRECT_CALL,81:F758,encoded absolute call,16-bit,81,V04C source graph,N/A,encoded instruction bytes,81:9C8C,all values outside exact producer domain,fail closed if table/index proof changes,V04C024505
V04P01545,DIRECT_CALL,81:F74E,encoded absolute call,16-bit,81,V04C source graph,N/A,encoded instruction bytes,81:F830,all values outside exact producer domain,fail closed if table/index proof changes,V04C024506
V04P01546,RETURN,80:F997,logical direct call frame,16-bit return,80,V04C source graph,N/A,N/A,80:F985,any stack value not produced by paired call frame,fail closed when exact return frame absent,V04C024508
V04P01547,RETURN,80:F985,logical direct call frame,24-bit return,81,V04C source graph,N/A,N/A,81:F779,any stack value not produced by paired call frame,fail closed when exact return frame absent,V04C024526
V04P01548,RETURN,81:9FEE,logical direct call frame,16-bit return,81,V04C source graph,N/A,N/A,81:F746,any stack value not produced by paired call frame,fail closed when exact return frame absent,V04C024535
V04P01549,DIRECT_TARGET,81:9FEB,encoded 16-bit target,16/24-bit target,81,V04C source graph,N/A,encoded instruction bytes,81:9FAE,unproved/misaligned/non-ROM values fail closed,no target outside exact finite set,V04C024536
V04P01550,DIRECT_CALL,81:F746,encoded absolute call,16-bit,81,V04C source graph,N/A,encoded instruction bytes,81:A001,all values outside exact producer domain,fail closed if table/index proof changes,V04C024555
V04P01551,RETURN,81:F835,logical direct call frame,16-bit return,81,V04C source graph,N/A,N/A,81:F751,any stack value not produced by paired call frame,fail closed when exact return frame absent,V04C024564
V04P01552,RETURN,80:F93F,logical direct call frame,16-bit return,80,V04C source graph,N/A,N/A,80:FB47,any stack value not produced by paired call frame,fail closed when exact return frame absent,V04C024579
V04P01553,RETURN,80:FA30,logical direct call frame,16-bit return,80,V04C source graph,N/A,N/A,80:F994,any stack value not produced by paired call frame,fail closed when exact return frame absent,V04C024588
V04P01554,DIRECT_CALL,81:F7A8,encoded absolute call,16-bit,81,V04C source graph,N/A,encoded instruction bytes,81:9FF8,all values outside exact producer domain,fail closed if table/index proof changes,V04C024591
V04P01555,RETURN,80:FB47,logical direct call frame,16-bit return,80,V04C source graph,N/A,N/A,80:FB41,any stack value not produced by paired call frame,fail closed when exact return frame absent,V04C024598
V04P01556,DIRECT_CALL,81:F758,encoded absolute call,16-bit,81,V04C source graph,N/A,encoded instruction bytes,81:9C8C,all values outside exact producer domain,fail closed if table/index proof changes,V04C024602
V04P01557,RETURN,81:9FDC,logical direct call frame,16-bit return,81,V04C source graph,N/A,N/A,81:F741,any stack value not produced by paired call frame,fail closed when exact return frame absent,V04C024616
V04P01558,RETURN,80:FB41,logical direct call frame,24-bit return,81,V04C source graph,N/A,N/A,81:F775,any stack value not produced by paired call frame,fail closed when exact return frame absent,V04C024618
V04P01559,DIRECT_CALL,80:F93A,encoded absolute call,16-bit,80,V04C source graph,N/A,encoded instruction bytes,80:F9C2,all values outside exact producer domain,fail closed if table/index proof changes,V04C024619
V04P01560,RETURN,81:F82F,logical direct call frame,16-bit return,81,V04C source graph,N/A,N/A,81:F802,any stack value not produced by paired call frame,fail closed when exact return frame absent,V04C024628
V04P01561,RETURN,80:FA30,logical direct call frame,16-bit return,80,V04C source graph,N/A,N/A,80:F994,any stack value not produced by paired call frame,fail closed when exact return frame absent,V04C024631
V04P01562,RETURN,81:9FDC,logical direct call frame,16-bit return,81,V04C source graph,N/A,N/A,81:F741,any stack value not produced by paired call frame,fail closed when exact return frame absent,V04C024635
V04P01563,DIRECT_CALL,81:F775,encoded long call,24-bit,81,V04C source graph,N/A,encoded instruction bytes,80:F982,all values outside exact producer domain,fail closed if table/index proof changes,V04C024636
V04P01564,RETURN,81:F860,logical direct call frame,16-bit return,81,V04C source graph,N/A,N/A,81:F758,any stack value not produced by paired call frame,fail closed when exact return frame absent,V04C024640
V04P01565,RETURN,81:A000,logical direct call frame,16-bit return,81,V04C source graph,N/A,N/A,81:F7AB,any stack value not produced by paired call frame,fail closed when exact return frame absent,V04C024646
V04P01566,DIRECT_TARGET,81:9FFD,encoded 16-bit target,16/24-bit target,81,V04C source graph,N/A,encoded instruction bytes,81:9FC6,unproved/misaligned/non-ROM values fail closed,no target outside exact finite set,V04C024647
V04P01567,DIRECT_CALL,80:F982,encoded absolute call,16-bit,80,V04C source graph,N/A,encoded instruction bytes,80:F986,all values outside exact producer domain,fail closed if table/index proof changes,V04C024654
V04P01568,DIRECT_CALL,81:F758,encoded absolute call,16-bit,81,V04C source graph,N/A,encoded instruction bytes,81:9C8C,all values outside exact producer domain,fail closed if table/index proof changes,V04C024658
V04P01569,RETURN,81:A00C,logical direct call frame,16-bit return,81,V04C source graph,N/A,N/A,81:F749,any stack value not produced by paired call frame,fail closed when exact return frame absent,V04C024669
V04P01570,DIRECT_CALL,81:F743,encoded absolute call,16-bit,81,V04C source graph,N/A,encoded instruction bytes,81:9FE6,all values outside exact producer domain,fail closed if table/index proof changes,V04C024671
V04P01571,RETURN,80:F9F1,logical direct call frame,16-bit return,80,V04C source graph,N/A,N/A,80:F93D,any stack value not produced by paired call frame,fail closed when exact return frame absent,V04C024678
V04P01572,DIRECT_CALL,81:F7AD,encoded absolute call,16-bit,81,V04C source graph,N/A,encoded instruction bytes,81:9FE6,all values outside exact producer domain,fail closed if table/index proof changes,V04C024681
V04P01573,RETURN,81:9FC5,logical direct call frame,16-bit return,81,V04C source graph,N/A,N/A,81:F746,any stack value not produced by paired call frame,fail closed when exact return frame absent,V04C024687
V04P01574,RETURN,81:A017,logical direct call frame,16-bit return,81,V04C source graph,N/A,N/A,81:F749,any stack value not produced by paired call frame,fail closed when exact return frame absent,V04C024702
V04P01575,RETURN,80:F93F,logical direct call frame,16-bit return,80,V04C source graph,N/A,N/A,80:FB47,any stack value not produced by paired call frame,fail closed when exact return frame absent,V04C024724
V04P01576,DIRECT_CALL,81:F7FF,encoded absolute call,16-bit,81,V04C source graph,N/A,encoded instruction bytes,81:F808,all values outside exact producer domain,fail closed if table/index proof changes,V04C024726
V04P01577,RETURN,81:9FEE,logical direct call frame,16-bit return,81,V04C source graph,N/A,N/A,81:F7B0,any stack value not produced by paired call frame,fail closed when exact return frame absent,V04C024727
V04P01578,DIRECT_TARGET,81:9FEB,encoded 16-bit target,16/24-bit target,81,V04C source graph,N/A,encoded instruction bytes,81:9FAE,unproved/misaligned/non-ROM values fail closed,no target outside exact finite set,V04C024728
V04P01579,RETURN,81:A024,logical direct call frame,16-bit return,81,V04C source graph,N/A,N/A,81:F749,any stack value not produced by paired call frame,fail closed when exact return frame absent,V04C024731
V04P01580,RETURN,80:FA37,logical direct call frame,16-bit return,80,V04C source graph,N/A,N/A,80:F994,any stack value not produced by paired call frame,fail closed when exact return frame absent,V04C024737
V04P01581,RETURN,80:FB47,logical direct call frame,16-bit return,80,V04C source graph,N/A,N/A,80:FB41,any stack value not produced by paired call frame,fail closed when exact return frame absent,V04C024739
V04P01582,DIRECT_CALL,81:F7B0,encoded absolute call,16-bit,81,V04C source graph,N/A,encoded instruction bytes,81:A001,all values outside exact producer domain,fail closed if table/index proof changes,V04C024742
V04P01583,DIRECT_CALL,81:F755,encoded absolute call,16-bit,81,V04C source graph,N/A,encoded instruction bytes,81:F836,all values outside exact producer domain,fail closed if table/index proof changes,V04C024748
V04P01584,RETURN,80:FB41,logical direct call frame,24-bit return,81,V04C source graph,N/A,N/A,81:F775,any stack value not produced by paired call frame,fail closed when exact return frame absent,V04C024753
V04P01585,DIRECT_CALL,81:F758,encoded absolute call,16-bit,81,V04C source graph,N/A,encoded instruction bytes,81:9C8C,all values outside exact producer domain,fail closed if table/index proof changes,V04C024760
V04P01586,DIRECT_CALL,81:F74E,encoded absolute call,16-bit,81,V04C source graph,N/A,encoded instruction bytes,81:F830,all values outside exact producer domain,fail closed if table/index proof changes,V04C024761
V04P01587,DIRECT_CALL,81:F775,encoded long call,24-bit,81,V04C source graph,N/A,encoded instruction bytes,80:F982,all values outside exact producer domain,fail closed if table/index proof changes,V04C024767
V04P01588,DIRECT_CALL,80:F982,encoded absolute call,16-bit,80,V04C source graph,N/A,encoded instruction bytes,80:F986,all values outside exact producer domain,fail closed if table/index proof changes,V04C024781
V04P01589,RETURN,80:F9EA,logical direct call frame,16-bit return,80,V04C source graph,N/A,N/A,80:F93D,any stack value not produced by paired call frame,fail closed when exact return frame absent,V04C024782
V04P01590,RETURN,81:9FDC,logical direct call frame,16-bit return,81,V04C source graph,N/A,N/A,81:F7AB,any stack value not produced by paired call frame,fail closed when exact return frame absent,V04C024788
V04P01591,RETURN,81:9FDC,logical direct call frame,16-bit return,81,V04C source graph,N/A,N/A,81:F7AB,any stack value not produced by paired call frame,fail closed when exact return frame absent,V04C024801
V04P01592,RETURN,81:F835,logical direct call frame,16-bit return,81,V04C source graph,N/A,N/A,81:F751,any stack value not produced by paired call frame,fail closed when exact return frame absent,V04C024803
V04P01593,RETURN,81:A00C,logical direct call frame,16-bit return,81,V04C source graph,N/A,N/A,81:F7B3,any stack value not produced by paired call frame,fail closed when exact return frame absent,V04C024825
V04P01594,DIRECT_CALL,81:F7AD,encoded absolute call,16-bit,81,V04C source graph,N/A,encoded instruction bytes,81:9FE6,all values outside exact producer domain,fail closed if table/index proof changes,V04C024827
V04P01595,DIRECT_CALL,81:F758,encoded absolute call,16-bit,81,V04C source graph,N/A,encoded instruction bytes,81:9C8C,all values outside exact producer domain,fail closed if table/index proof changes,V04C024829
V04P01596,RETURN,81:9FC5,logical direct call frame,16-bit return,81,V04C source graph,N/A,N/A,81:F7B0,any stack value not produced by paired call frame,fail closed when exact return frame absent,V04C024839
V04P01597,RETURN,81:A017,logical direct call frame,16-bit return,81,V04C source graph,N/A,N/A,81:F7B3,any stack value not produced by paired call frame,fail closed when exact return frame absent,V04C024851
V04P01598,RETURN,81:F860,logical direct call frame,16-bit return,81,V04C source graph,N/A,N/A,81:F758,any stack value not produced by paired call frame,fail closed when exact return frame absent,V04C024855
V04P01599,DIRECT_CALL,81:F758,encoded absolute call,16-bit,81,V04C source graph,N/A,encoded instruction bytes,81:9C8C,all values outside exact producer domain,fail closed if table/index proof changes,V04C024867
V04P01600,RETURN,81:A024,logical direct call frame,16-bit return,81,V04C source graph,N/A,N/A,81:F7B3,any stack value not produced by paired call frame,fail closed when exact return frame absent,V04C024873
V04P01601,DIRECT_CALL,81:F7BF,encoded absolute call,16-bit,81,V04C source graph,N/A,encoded instruction bytes,81:F836,all values outside exact producer domain,fail closed if table/index proof changes,V04C024886
V04P01602,DIRECT_CALL,81:F7C2,encoded absolute call,16-bit,81,V04C source graph,N/A,encoded instruction bytes,81:9C8C,all values outside exact producer domain,fail closed if table/index proof changes,V04C024894
V04P01603,DIRECT_CALL,81:F7B8,encoded absolute call,16-bit,81,V04C source graph,N/A,encoded instruction bytes,81:F830,all values outside exact producer domain,fail closed if table/index proof changes,V04C024895
V04P01604,RETURN,81:F835,logical direct call frame,16-bit return,81,V04C source graph,N/A,N/A,81:F7BB,any stack value not produced by paired call frame,fail closed when exact return frame absent,V04C024922
V04P01605,DIRECT_CALL,81:F7C2,encoded absolute call,16-bit,81,V04C source graph,N/A,encoded instruction bytes,81:9C8C,all values outside exact producer domain,fail closed if table/index proof changes,V04C024940
V04P01606,RETURN,81:F82F,logical direct call frame,16-bit return,81,V04C source graph,N/A,N/A,81:F802,any stack value not produced by paired call frame,fail closed when exact return frame absent,V04C024946
V04P01607,RETURN,80:FA30,logical direct call frame,16-bit return,80,V04C source graph,N/A,N/A,80:F994,any stack value not produced by paired call frame,fail closed when exact return frame absent,V04C024954
V04P01608,RETURN,81:F860,logical direct call frame,16-bit return,81,V04C source graph,N/A,N/A,81:F7C2,any stack value not produced by paired call frame,fail closed when exact return frame absent,V04C024980
V04P01609,DIRECT_CALL,81:F7C2,encoded absolute call,16-bit,81,V04C source graph,N/A,encoded instruction bytes,81:9C8C,all values outside exact producer domain,fail closed if table/index proof changes,V04C024986
V04P01610,DIRECT_CALL,81:F7FF,encoded absolute call,16-bit,81,V04C source graph,N/A,encoded instruction bytes,81:F808,all values outside exact producer domain,fail closed if table/index proof changes,V04C024990
V04P01611,RETURN,81:F82F,logical direct call frame,16-bit return,81,V04C source graph,N/A,N/A,81:F802,any stack value not produced by paired call frame,fail closed when exact return frame absent,V04C025096
V04P01612,RETURN,81:F82F,logical direct call frame,16-bit return,81,V04C source graph,N/A,N/A,81:F802,any stack value not produced by paired call frame,fail closed when exact return frame absent,V04C025112
V04P01613,DIRECT_CALL,81:F7FF,encoded absolute call,16-bit,81,V04C source graph,N/A,encoded instruction bytes,81:F808,all values outside exact producer domain,fail closed if table/index proof changes,V04C025126
V04P01614,RETURN,81:F807,logical direct call frame,16-bit return,81,V04C source graph,N/A,N/A,81:F58C,any stack value not produced by paired call frame,fail closed when exact return frame absent,V04C025133
V04P01615,DIRECT_CALL,81:F58C,encoded absolute call,16-bit,81,V04C source graph,N/A,encoded instruction bytes,81:9C8C,all values outside exact producer domain,fail closed if table/index proof changes,V04C025139
V04P01616,DIRECT_CALL,81:F7FF,encoded absolute call,16-bit,81,V04C source graph,N/A,encoded instruction bytes,81:F808,all values outside exact producer domain,fail closed if table/index proof changes,V04C025144
V04P01617,RETURN,81:9CAD,logical direct call frame,16-bit return,81,V04C source graph,N/A,N/A,81:F75B,any stack value not produced by paired call frame,fail closed when exact return frame absent,V04C025178
V04P01618,DIRECT_CALL,81:F769,encoded absolute call,16-bit,81,V04C source graph,N/A,encoded instruction bytes,81:9F9D,all values outside exact producer domain,fail closed if table/index proof changes,V04C025214
V04P01619,DIRECT_CALL,81:9FA2,encoded long call,24-bit,81,V04C source graph,N/A,encoded instruction bytes,80:FB52,all values outside exact producer domain,fail closed if table/index proof changes,V04C025227
V04P01620,DIRECT_CALL,80:FB52,encoded absolute call,16-bit,80,V04C source graph,N/A,encoded instruction bytes,80:FB56,all values outside exact producer domain,fail closed if table/index proof changes,V04C025231
V04P01621,DIRECT_CALL,80:FB58,encoded absolute call,16-bit,80,V04C source graph,N/A,encoded instruction bytes,80:F92A,all values outside exact producer domain,fail closed if table/index proof changes,V04C025239
V04P01622,RETURN,81:9CAD,logical direct call frame,16-bit return,81,V04C source graph,N/A,N/A,81:F75B,any stack value not produced by paired call frame,fail closed when exact return frame absent,V04C025246
V04P01623,RETURN,80:F93F,logical direct call frame,16-bit return,80,V04C source graph,N/A,N/A,80:FB5B,any stack value not produced by paired call frame,fail closed when exact return frame absent,V04C025273
V04P01624,DIRECT_CALL,81:F769,encoded absolute call,16-bit,81,V04C source graph,N/A,encoded instruction bytes,81:9F9D,all values outside exact producer domain,fail closed if table/index proof changes,V04C025278
V04P01625,RETURN,80:FB5B,logical direct call frame,16-bit return,80,V04C source graph,N/A,N/A,80:FB55,any stack value not produced by paired call frame,fail closed when exact return frame absent,V04C025279
V04P01626,RETURN,81:F77C,logical direct call frame,16-bit return,81,V04C source graph,N/A,N/A,81:F6A9,any stack value not produced by paired call frame,fail closed when exact return frame absent,V04C025283
V04P01627,RETURN,80:FB55,logical direct call frame,24-bit return,81,V04C source graph,N/A,N/A,81:9FA6,any stack value not produced by paired call frame,fail closed when exact return frame absent,V04C025285
V04P01628,DIRECT_CALL,80:F93A,encoded absolute call,16-bit,80,V04C source graph,N/A,encoded instruction bytes,80:F9C2,all values outside exact producer domain,fail closed if table/index proof changes,V04C025286
V04P01629,DIRECT_CALL,81:9FA6,encoded long call,24-bit,81,V04C source graph,N/A,encoded instruction bytes,80:F982,all values outside exact producer domain,fail closed if table/index proof changes,V04C025291
V04P01630,DIRECT_CALL,81:9FA2,encoded long call,24-bit,81,V04C source graph,N/A,encoded instruction bytes,80:FB52,all values outside exact producer domain,fail closed if table/index proof changes,V04C025296
V04P01631,DIRECT_CALL,80:F982,encoded absolute call,16-bit,80,V04C source graph,N/A,encoded instruction bytes,80:F986,all values outside exact producer domain,fail closed if table/index proof changes,V04C025297
V04P01632,DIRECT_CALL,80:FB52,encoded absolute call,16-bit,80,V04C source graph,N/A,encoded instruction bytes,80:FB56,all values outside exact producer domain,fail closed if table/index proof changes,V04C025301
V04P01633,RETURN,81:9CAD,logical direct call frame,16-bit return,81,V04C source graph,N/A,N/A,81:F7C5,any stack value not produced by paired call frame,fail closed when exact return frame absent,V04C025305
V04P01634,DIRECT_CALL,80:FB58,encoded absolute call,16-bit,80,V04C source graph,N/A,encoded instruction bytes,80:F92A,all values outside exact producer domain,fail closed if table/index proof changes,V04C025311
V04P01635,DIRECT_CALL,81:F7D3,encoded absolute call,16-bit,81,V04C source graph,N/A,encoded instruction bytes,81:9F9D,all values outside exact producer domain,fail closed if table/index proof changes,V04C025331
V04P01636,RETURN,81:F7ED,logical direct call frame,16-bit return,81,V04C source graph,N/A,N/A,81:F4FE,any stack value not produced by paired call frame,fail closed when exact return frame absent,V04C025335
V04P01637,RETURN,80:F93F,logical direct call frame,16-bit return,80,V04C source graph,N/A,N/A,80:FB5B,any stack value not produced by paired call frame,fail closed when exact return frame absent,V04C025342
V04P01638,RETURN,81:9FAD,logical direct call frame,16-bit return,81,V04C source graph,N/A,N/A,81:F7D6,any stack value not produced by paired call frame,fail closed when exact return frame absent,V04C025345
V04P01639,DIRECT_CALL,81:9FA2,encoded long call,24-bit,81,V04C source graph,N/A,encoded instruction bytes,80:FB52,all values outside exact producer domain,fail closed if table/index proof changes,V04C025346
V04P01640,RETURN,80:FB5B,logical direct call frame,16-bit return,80,V04C source graph,N/A,N/A,80:FB55,any stack value not produced by paired call frame,fail closed when exact return frame absent,V04C025347
V04P01641,DIRECT_CALL,80:FB52,encoded absolute call,16-bit,80,V04C source graph,N/A,encoded instruction bytes,80:FB56,all values outside exact producer domain,fail closed if table/index proof changes,V04C025351
V04P01642,RETURN,80:FB55,logical direct call frame,24-bit return,81,V04C source graph,N/A,N/A,81:9FA6,any stack value not produced by paired call frame,fail closed when exact return frame absent,V04C025352
V04P01643,DIRECT_CALL,80:F93A,encoded absolute call,16-bit,80,V04C source graph,N/A,encoded instruction bytes,80:F9C2,all values outside exact producer domain,fail closed if table/index proof changes,V04C025353
V04P01644,DIRECT_CALL,81:9FA6,encoded long call,24-bit,81,V04C source graph,N/A,encoded instruction bytes,80:F982,all values outside exact producer domain,fail closed if table/index proof changes,V04C025357
V04P01645,DIRECT_CALL,81:F7DB,encoded long call,24-bit,81,V04C source graph,N/A,encoded instruction bytes,80:FB3E,all values outside exact producer domain,fail closed if table/index proof changes,V04C025361
V04P01646,DIRECT_CALL,80:FB58,encoded absolute call,16-bit,80,V04C source graph,N/A,encoded instruction bytes,80:F92A,all values outside exact producer domain,fail closed if table/index proof changes,V04C025362
V04P01647,DIRECT_CALL,80:F982,encoded absolute call,16-bit,80,V04C source graph,N/A,encoded instruction bytes,80:F986,all values outside exact producer domain,fail closed if table/index proof changes,V04C025363
V04P01648,DIRECT_CALL,81:F7A8,encoded absolute call,16-bit,81,V04C source graph,N/A,encoded instruction bytes,81:9FF8,all values outside exact producer domain,fail closed if table/index proof changes,V04C025366
V04P01649,DIRECT_CALL,80:FB3E,encoded absolute call,16-bit,80,V04C source graph,N/A,encoded instruction bytes,80:FB42,all values outside exact producer domain,fail closed if table/index proof changes,V04C025367
V04P01650,DIRECT_CALL,80:FB44,encoded absolute call,16-bit,80,V04C source graph,N/A,encoded instruction bytes,80:F92A,all values outside exact producer domain,fail closed if table/index proof changes,V04C025379
V04P01651,RETURN,81:A000,logical direct call frame,16-bit return,81,V04C source graph,N/A,N/A,81:F7AB,any stack value not produced by paired call frame,fail closed when exact return frame absent,V04C025383
V04P01652,DIRECT_TARGET,81:9FFD,encoded 16-bit target,16/24-bit target,81,V04C source graph,N/A,encoded instruction bytes,81:9FC6,unproved/misaligned/non-ROM values fail closed,no target outside exact finite set,V04C025384
V04P01653,DIRECT_CALL,81:F7AD,encoded absolute call,16-bit,81,V04C source graph,N/A,encoded instruction bytes,81:9FE6,all values outside exact producer domain,fail closed if table/index proof changes,V04C025394
V04P01654,RETURN,80:F93F,logical direct call frame,16-bit return,80,V04C source graph,N/A,N/A,80:FB5B,any stack value not produced by paired call frame,fail closed when exact return frame absent,V04C025410
V04P01655,RETURN,81:9FEE,logical direct call frame,16-bit return,81,V04C source graph,N/A,N/A,81:F7B0,any stack value not produced by paired call frame,fail closed when exact return frame absent,V04C025413
V04P01656,DIRECT_TARGET,81:9FEB,encoded 16-bit target,16/24-bit target,81,V04C source graph,N/A,encoded instruction bytes,81:9FAE,unproved/misaligned/non-ROM values fail closed,no target outside exact finite set,V04C025414
V04P01657,RETURN,80:FB5B,logical direct call frame,16-bit return,80,V04C source graph,N/A,N/A,80:FB55,any stack value not produced by paired call frame,fail closed when exact return frame absent,V04C025419
V04P01658,DIRECT_CALL,81:F7B0,encoded absolute call,16-bit,81,V04C source graph,N/A,encoded instruction bytes,81:A001,all values outside exact producer domain,fail closed if table/index proof changes,V04C025422
V04P01659,RETURN,80:FB55,logical direct call frame,24-bit return,81,V04C source graph,N/A,N/A,81:9FA6,any stack value not produced by paired call frame,fail closed when exact return frame absent,V04C025428
V04P01660,DIRECT_CALL,80:F93A,encoded absolute call,16-bit,80,V04C source graph,N/A,encoded instruction bytes,80:F9C2,all values outside exact producer domain,fail closed if table/index proof changes,V04C025429
V04P01661,RETURN,80:F93F,logical direct call frame,16-bit return,80,V04C source graph,N/A,N/A,80:FB47,any stack value not produced by paired call frame,fail closed when exact return frame absent,V04C025435
V04P01662,DIRECT_CALL,81:9FA6,encoded long call,24-bit,81,V04C source graph,N/A,encoded instruction bytes,80:F982,all values outside exact producer domain,fail closed if table/index proof changes,V04C025437
V04P01663,RETURN,80:FB47,logical direct call frame,16-bit return,80,V04C source graph,N/A,N/A,80:FB41,any stack value not produced by paired call frame,fail closed when exact return frame absent,V04C025444
V04P01664,DIRECT_CALL,80:F982,encoded absolute call,16-bit,80,V04C source graph,N/A,encoded instruction bytes,80:F986,all values outside exact producer domain,fail closed if table/index proof changes,V04C025446
V04P01665,RETURN,81:9FDC,logical direct call frame,16-bit return,81,V04C source graph,N/A,N/A,81:F7AB,any stack value not produced by paired call frame,fail closed when exact return frame absent,V04C025453
V04P01666,RETURN,80:FB41,logical direct call frame,24-bit return,81,V04C source graph,N/A,N/A,81:F7DF,any stack value not produced by paired call frame,fail closed when exact return frame absent,V04C025455
V04P01667,DIRECT_CALL,80:F93A,encoded absolute call,16-bit,80,V04C source graph,N/A,encoded instruction bytes,80:F9C2,all values outside exact producer domain,fail closed if table/index proof changes,V04C025456
V04P01668,RETURN,81:9FDC,logical direct call frame,16-bit return,81,V04C source graph,N/A,N/A,81:F7AB,any stack value not produced by paired call frame,fail closed when exact return frame absent,V04C025463
V04P01669,DIRECT_CALL,81:F7DF,encoded long call,24-bit,81,V04C source graph,N/A,encoded instruction bytes,80:F982,all values outside exact producer domain,fail closed if table/index proof changes,V04C025464
V04P01670,DIRECT_CALL,80:F982,encoded absolute call,16-bit,80,V04C source graph,N/A,encoded instruction bytes,80:F986,all values outside exact producer domain,fail closed if table/index proof changes,V04C025474
V04P01671,RETURN,81:A00C,logical direct call frame,16-bit return,81,V04C source graph,N/A,N/A,81:F7B3,any stack value not produced by paired call frame,fail closed when exact return frame absent,V04C025481
V04P01672,DIRECT_CALL,81:F7AD,encoded absolute call,16-bit,81,V04C source graph,N/A,encoded instruction bytes,81:9FE6,all values outside exact producer domain,fail closed if table/index proof changes,V04C025483
V04P01673,RETURN,81:9FC5,logical direct call frame,16-bit return,81,V04C source graph,N/A,N/A,81:F7B0,any stack value not produced by paired call frame,fail closed when exact return frame absent,V04C025492
V04P01674,RETURN,81:A017,logical direct call frame,16-bit return,81,V04C source graph,N/A,N/A,81:F7B3,any stack value not produced by paired call frame,fail closed when exact return frame absent,V04C025501
V04P01675,DIRECT_CALL,80:F991,encoded absolute call,16-bit,80,V04C source graph,N/A,encoded instruction bytes,80:F9F6,all values outside exact producer domain,fail closed if table/index proof changes,V04C025506
V04P01676,RETURN,80:F997,logical direct call frame,16-bit return,80,V04C source graph,N/A,N/A,80:F985,any stack value not produced by paired call frame,fail closed when exact return frame absent,V04C025515
V04P01677,RETURN,81:A024,logical direct call frame,16-bit return,81,V04C source graph,N/A,N/A,81:F7B3,any stack value not produced by paired call frame,fail closed when exact return frame absent,V04C025519
V04P01678,RETURN,80:F985,logical direct call frame,24-bit return,81,V04C source graph,N/A,N/A,81:9FAA,any stack value not produced by paired call frame,fail closed when exact return frame absent,V04C025525
V04P01679,DIRECT_CALL,81:F7BF,encoded absolute call,16-bit,81,V04C source graph,N/A,encoded instruction bytes,81:F836,all values outside exact producer domain,fail closed if table/index proof changes,V04C025531
V04P01680,DIRECT_CALL,80:F991,encoded absolute call,16-bit,80,V04C source graph,N/A,encoded instruction bytes,80:F9F6,all values outside exact producer domain,fail closed if table/index proof changes,V04C025533
V04P01681,DIRECT_CALL,81:F7C2,encoded absolute call,16-bit,81,V04C source graph,N/A,encoded instruction bytes,81:9C8C,all values outside exact producer domain,fail closed if table/index proof changes,V04C025539
V04P01682,DIRECT_CALL,81:F7B8,encoded absolute call,16-bit,81,V04C source graph,N/A,encoded instruction bytes,81:F830,all values outside exact producer domain,fail closed if table/index proof changes,V04C025540
V04P01683,RETURN,80:F997,logical direct call frame,16-bit return,80,V04C source graph,N/A,N/A,80:F985,any stack value not produced by paired call frame,fail closed when exact return frame absent,V04C025542
V04P01684,RETURN,80:F985,logical direct call frame,24-bit return,81,V04C source graph,N/A,N/A,81:F7E3,any stack value not produced by paired call frame,fail closed when exact return frame absent,V04C025551
V04P01685,RETURN,81:F835,logical direct call frame,16-bit return,81,V04C source graph,N/A,N/A,81:F7BB,any stack value not produced by paired call frame,fail closed when exact return frame absent,V04C025568
V04P01686,DIRECT_CALL,81:F7C2,encoded absolute call,16-bit,81,V04C source graph,N/A,encoded instruction bytes,81:9C8C,all values outside exact producer domain,fail closed if table/index proof changes,V04C025587
V04P01687,RETURN,81:F7EB,logical direct call frame,16-bit return,81,V04C source graph,N/A,N/A,81:F4FE,any stack value not produced by paired call frame,fail closed when exact return frame absent,V04C025598
V04P01688,RETURN,80:F9F1,logical direct call frame,16-bit return,80,V04C source graph,N/A,N/A,80:F93D,any stack value not produced by paired call frame,fail closed when exact return frame absent,V04C025604
V04P01689,DIRECT_CALL,81:F500,encoded absolute call,16-bit,81,V04C source graph,N/A,encoded instruction bytes,81:F701,all values outside exact producer domain,fail closed if table/index proof changes,V04C025617
V04P01690,RETURN,80:F9F1,logical direct call frame,16-bit return,80,V04C source graph,N/A,N/A,80:F93D,any stack value not produced by paired call frame,fail closed when exact return frame absent,V04C025630
V04P01691,RETURN,80:F93F,logical direct call frame,16-bit return,80,V04C source graph,N/A,N/A,80:FB5B,any stack value not produced by paired call frame,fail closed when exact return frame absent,V04C025634
V04P01692,RETURN,80:FA37,logical direct call frame,16-bit return,80,V04C source graph,N/A,N/A,80:F994,any stack value not produced by paired call frame,fail closed when exact return frame absent,V04C025642
V04P01693,RETURN,80:FB5B,logical direct call frame,16-bit return,80,V04C source graph,N/A,N/A,80:FB55,any stack value not produced by paired call frame,fail closed when exact return frame absent,V04C025644
V04P01694,RETURN,80:FB55,logical direct call frame,24-bit return,81,V04C source graph,N/A,N/A,81:9FA6,any stack value not produced by paired call frame,fail closed when exact return frame absent,V04C025654
V04P01695,DIRECT_CALL,81:F709,encoded absolute call,16-bit,81,V04C source graph,N/A,encoded instruction bytes,81:F676,all values outside exact producer domain,fail closed if table/index proof changes,V04C025658
V04P01696,RETURN,80:F93F,logical direct call frame,16-bit return,80,V04C source graph,N/A,N/A,80:FB47,any stack value not produced by paired call frame,fail closed when exact return frame absent,V04C025661
V04P01697,DIRECT_CALL,81:9FA6,encoded long call,24-bit,81,V04C source graph,N/A,encoded instruction bytes,80:F982,all values outside exact producer domain,fail closed if table/index proof changes,V04C025665
V04P01698,RETURN,81:F71B,logical direct call frame,16-bit return,81,V04C source graph,N/A,N/A,81:F503,any stack value not produced by paired call frame,fail closed when exact return frame absent,V04C025668
V04P01699,RETURN,80:FA37,logical direct call frame,16-bit return,80,V04C source graph,N/A,N/A,80:F994,any stack value not produced by paired call frame,fail closed when exact return frame absent,V04C025670
V04P01700,RETURN,80:FB47,logical direct call frame,16-bit return,80,V04C source graph,N/A,N/A,80:FB41,any stack value not produced by paired call frame,fail closed when exact return frame absent,V04C025672
V04P01701,DIRECT_CALL,80:F982,encoded absolute call,16-bit,80,V04C source graph,N/A,encoded instruction bytes,80:F986,all values outside exact producer domain,fail closed if table/index proof changes,V04C025676
V04P01702,RETURN,80:F9EA,logical direct call frame,16-bit return,80,V04C source graph,N/A,N/A,80:F93D,any stack value not produced by paired call frame,fail closed when exact return frame absent,V04C025677
V04P01703,RETURN,80:FB41,logical direct call frame,24-bit return,81,V04C source graph,N/A,N/A,81:F7DF,any stack value not produced by paired call frame,fail closed when exact return frame absent,V04C025683
V04P01704,DIRECT_CALL,81:F7DF,encoded long call,24-bit,81,V04C source graph,N/A,encoded instruction bytes,80:F982,all values outside exact producer domain,fail closed if table/index proof changes,V04C025692
V04P01705,DIRECT_CALL,80:F982,encoded absolute call,16-bit,80,V04C source graph,N/A,encoded instruction bytes,80:F986,all values outside exact producer domain,fail closed if table/index proof changes,V04C025701
V04P01706,RETURN,80:F9EA,logical direct call frame,16-bit return,80,V04C source graph,N/A,N/A,80:F93D,any stack value not produced by paired call frame,fail closed when exact return frame absent,V04C025702
V04P01707,DIRECT_CALL,81:F517,encoded long call,24-bit,81,V04C source graph,N/A,encoded instruction bytes,80:A3EA,all values outside exact producer domain,fail closed if table/index proof changes,V04C025720
V04P01708,DIRECT_CALL,80:F991,encoded absolute call,16-bit,80,V04C source graph,N/A,encoded instruction bytes,80:F9F6,all values outside exact producer domain,fail closed if table/index proof changes,V04C025726
V04P01709,RETURN,80:F997,logical direct call frame,16-bit return,80,V04C source graph,N/A,N/A,80:F985,any stack value not produced by paired call frame,fail closed when exact return frame absent,V04C025732
V04P01710,RETURN,80:F985,logical direct call frame,24-bit return,81,V04C source graph,N/A,N/A,81:9FAA,any stack value not produced by paired call frame,fail closed when exact return frame absent,V04C025739
V04P01711,RETURN,81:9CAD,logical direct call frame,16-bit return,81,V04C source graph,N/A,N/A,81:F58F,any stack value not produced by paired call frame,fail closed when exact return frame absent,V04C025748
V04P01712,DIRECT_CALL,80:A3ED,encoded absolute call,16-bit,80,V04C source graph,N/A,encoded instruction bytes,80:A3F2,all values outside exact producer domain,fail closed if table/index proof changes,V04C025749
V04P01713,RETURN,81:9FAD,logical direct call frame,16-bit return,81,V04C source graph,N/A,N/A,81:F7D6,any stack value not produced by paired call frame,fail closed when exact return frame absent,V04C025753
V04P01714,DIRECT_CALL,80:A3F7,encoded absolute call,16-bit,80,V04C source graph,N/A,encoded instruction bytes,80:A444,all values outside exact producer domain,fail closed if table/index proof changes,V04C025770
V04P01715,DIRECT_CALL,81:F7DB,encoded long call,24-bit,81,V04C source graph,N/A,encoded instruction bytes,80:FB3E,all values outside exact producer domain,fail closed if table/index proof changes,V04C025775
V04P01716,DIRECT_CALL,81:F7A8,encoded absolute call,16-bit,81,V04C source graph,N/A,encoded instruction bytes,81:9FF8,all values outside exact producer domain,fail closed if table/index proof changes,V04C025782
V04P01717,DIRECT_CALL,80:FB3E,encoded absolute call,16-bit,80,V04C source graph,N/A,encoded instruction bytes,80:FB42,all values outside exact producer domain,fail closed if table/index proof changes,V04C025783
V04P01718,DIRECT_CALL,81:F586,encoded absolute call,16-bit,81,V04C source graph,N/A,encoded instruction bytes,81:F5BD,all values outside exact producer domain,fail closed if table/index proof changes,V04C025794
V04P01719,RETURN,80:FA30,logical direct call frame,16-bit return,80,V04C source graph,N/A,N/A,80:F994,any stack value not produced by paired call frame,fail closed when exact return frame absent,V04C025799
V04P01720,DIRECT_CALL,80:FB44,encoded absolute call,16-bit,80,V04C source graph,N/A,encoded instruction bytes,80:F92A,all values outside exact producer domain,fail closed if table/index proof changes,V04C025801
V04P01721,RETURN,80:A44B,logical direct call frame,16-bit return,80,V04C source graph,N/A,N/A,80:A3FA,any stack value not produced by paired call frame,fail closed when exact return frame absent,V04C025807
V04P01722,RETURN,81:F6A3,logical direct call frame,16-bit return,81,V04C source graph,N/A,N/A,81:F70C,any stack value not produced by paired call frame,fail closed when exact return frame absent,V04C025809
V04P01723,RETURN,81:A000,logical direct call frame,16-bit return,81,V04C source graph,N/A,N/A,81:F7AB,any stack value not produced by paired call frame,fail closed when exact return frame absent,V04C025812
V04P01724,DIRECT_TARGET,81:9FFD,encoded 16-bit target,16/24-bit target,81,V04C source graph,N/A,encoded instruction bytes,81:9FC6,unproved/misaligned/non-ROM values fail closed,no target outside exact finite set,V04C025813
V04P01725,DIRECT_CALL,81:F70E,encoded absolute call,16-bit,81,V04C source graph,N/A,encoded instruction bytes,81:F71C,all values outside exact producer domain,fail closed if table/index proof changes,V04C025830
V04P01726,RETURN,80:FA30,logical direct call frame,16-bit return,80,V04C source graph,N/A,N/A,80:F994,any stack value not produced by paired call frame,fail closed when exact return frame absent,V04C025831
V04P01727,DIRECT_CALL,81:F7AD,encoded absolute call,16-bit,81,V04C source graph,N/A,encoded instruction bytes,81:9FE6,all values outside exact producer domain,fail closed if table/index proof changes,V04C025833
V04P01728,RETURN,80:FA37,logical direct call frame,16-bit return,80,V04C source graph,N/A,N/A,80:F994,any stack value not produced by paired call frame,fail closed when exact return frame absent,V04C025845
V04P01729,DIRECT_CALL,81:F5A7,encoded absolute call,16-bit,81,V04C source graph,N/A,encoded instruction bytes,81:F7F7,all values outside exact producer domain,fail closed if table/index proof changes,V04C025847
V04P01730,RETURN,81:9FEE,logical direct call frame,16-bit return,81,V04C source graph,N/A,N/A,81:F7B0,any stack value not produced by paired call frame,fail closed when exact return frame absent,V04C025860
V04P01731,DIRECT_TARGET,81:9FEB,encoded 16-bit target,16/24-bit target,81,V04C source graph,N/A,encoded instruction bytes,81:9FAE,unproved/misaligned/non-ROM values fail closed,no target outside exact finite set,V04C025861
V04P01732,DIRECT_CALL,81:F7B0,encoded absolute call,16-bit,81,V04C source graph,N/A,encoded instruction bytes,81:A001,all values outside exact producer domain,fail closed if table/index proof changes,V04C025870
V04P01733,RETURN,80:F93F,logical direct call frame,16-bit return,80,V04C source graph,N/A,N/A,80:FB47,any stack value not produced by paired call frame,fail closed when exact return frame absent,V04C025884
V04P01734,DIRECT_CALL,81:F7FF,encoded absolute call,16-bit,81,V04C source graph,N/A,encoded instruction bytes,81:F808,all values outside exact producer domain,fail closed if table/index proof changes,V04C025887
V04P01735,RETURN,80:FB47,logical direct call frame,16-bit return,80,V04C source graph,N/A,N/A,80:FB41,any stack value not produced by paired call frame,fail closed when exact return frame absent,V04C025893
V04P01736,RETURN,81:9FDC,logical direct call frame,16-bit return,81,V04C source graph,N/A,N/A,81:F7AB,any stack value not produced by paired call frame,fail closed when exact return frame absent,V04C025902
V04P01737,RETURN,80:FB41,logical direct call frame,24-bit return,81,V04C source graph,N/A,N/A,81:F7DF,any stack value not produced by paired call frame,fail closed when exact return frame absent,V04C025904
V04P01738,DIRECT_CALL,80:F93A,encoded absolute call,16-bit,80,V04C source graph,N/A,encoded instruction bytes,80:F9C2,all values outside exact producer domain,fail closed if table/index proof changes,V04C025905
V04P01739,RETURN,81:9FDC,logical direct call frame,16-bit return,81,V04C source graph,N/A,N/A,81:F7AB,any stack value not produced by paired call frame,fail closed when exact return frame absent,V04C025912
V04P01740,DIRECT_CALL,81:F7DF,encoded long call,24-bit,81,V04C source graph,N/A,encoded instruction bytes,80:F982,all values outside exact producer domain,fail closed if table/index proof changes,V04C025913
V04P01741,DIRECT_CALL,80:F982,encoded absolute call,16-bit,80,V04C source graph,N/A,encoded instruction bytes,80:F986,all values outside exact producer domain,fail closed if table/index proof changes,V04C025923
V04P01742,RETURN,81:A00C,logical direct call frame,16-bit return,81,V04C source graph,N/A,N/A,81:F7B3,any stack value not produced by paired call frame,fail closed when exact return frame absent,V04C025930
V04P01743,DIRECT_CALL,81:F7AD,encoded absolute call,16-bit,81,V04C source graph,N/A,encoded instruction bytes,81:9FE6,all values outside exact producer domain,fail closed if table/index proof changes,V04C025932
V04P01744,RETURN,81:9FC5,logical direct call frame,16-bit return,81,V04C source graph,N/A,N/A,81:F7B0,any stack value not produced by paired call frame,fail closed when exact return frame absent,V04C025941
V04P01745,RETURN,81:A017,logical direct call frame,16-bit return,81,V04C source graph,N/A,N/A,81:F7B3,any stack value not produced by paired call frame,fail closed when exact return frame absent,V04C025950
V04P01746,RETURN,81:A024,logical direct call frame,16-bit return,81,V04C source graph,N/A,N/A,81:F7B3,any stack value not produced by paired call frame,fail closed when exact return frame absent,V04C025967
V04P01747,DIRECT_CALL,81:F7BF,encoded absolute call,16-bit,81,V04C source graph,N/A,encoded instruction bytes,81:F836,all values outside exact producer domain,fail closed if table/index proof changes,V04C025979
V04P01748,DIRECT_CALL,80:F991,encoded absolute call,16-bit,80,V04C source graph,N/A,encoded instruction bytes,80:F9F6,all values outside exact producer domain,fail closed if table/index proof changes,V04C025981
V04P01749,DIRECT_CALL,81:F7C2,encoded absolute call,16-bit,81,V04C source graph,N/A,encoded instruction bytes,81:9C8C,all values outside exact producer domain,fail closed if table/index proof changes,V04C025987
V04P01750,DIRECT_CALL,81:F7B8,encoded absolute call,16-bit,81,V04C source graph,N/A,encoded instruction bytes,81:F830,all values outside exact producer domain,fail closed if table/index proof changes,V04C025988
V04P01751,RETURN,80:F997,logical direct call frame,16-bit return,80,V04C source graph,N/A,N/A,80:F985,any stack value not produced by paired call frame,fail closed when exact return frame absent,V04C025990
V04P01752,RETURN,80:F985,logical direct call frame,24-bit return,81,V04C source graph,N/A,N/A,81:F7E3,any stack value not produced by paired call frame,fail closed when exact return frame absent,V04C026000
V04P01753,RETURN,81:F835,logical direct call frame,16-bit return,81,V04C source graph,N/A,N/A,81:F7BB,any stack value not produced by paired call frame,fail closed when exact return frame absent,V04C026018
V04P01754,RETURN,80:FA30,logical direct call frame,16-bit return,80,V04C source graph,N/A,N/A,80:F994,any stack value not produced by paired call frame,fail closed when exact return frame absent,V04C026034
V04P01755,DIRECT_CALL,81:F7C2,encoded absolute call,16-bit,81,V04C source graph,N/A,encoded instruction bytes,81:9C8C,all values outside exact producer domain,fail closed if table/index proof changes,V04C026039
V04P01756,RETURN,81:F82F,logical direct call frame,16-bit return,81,V04C source graph,N/A,N/A,81:F802,any stack value not produced by paired call frame,fail closed when exact return frame absent,V04C026077
V04P01757,RETURN,80:F9F1,logical direct call frame,16-bit return,80,V04C source graph,N/A,N/A,80:F93D,any stack value not produced by paired call frame,fail closed when exact return frame absent,V04C026084
V04P01758,RETURN,81:F860,logical direct call frame,16-bit return,81,V04C source graph,N/A,N/A,81:F7C2,any stack value not produced by paired call frame,fail closed when exact return frame absent,V04C026089
V04P01759,DIRECT_CALL,81:F7C2,encoded absolute call,16-bit,81,V04C source graph,N/A,encoded instruction bytes,81:9C8C,all values outside exact producer domain,fail closed if table/index proof changes,V04C026097
V04P01760,RETURN,80:F93F,logical direct call frame,16-bit return,80,V04C source graph,N/A,N/A,80:FB47,any stack value not produced by paired call frame,fail closed when exact return frame absent,V04C026108
V04P01761,RETURN,80:FA37,logical direct call frame,16-bit return,80,V04C source graph,N/A,N/A,80:F994,any stack value not produced by paired call frame,fail closed when exact return frame absent,V04C026114
V04P01762,RETURN,80:FB47,logical direct call frame,16-bit return,80,V04C source graph,N/A,N/A,80:FB41,any stack value not produced by paired call frame,fail closed when exact return frame absent,V04C026116
V04P01763,RETURN,80:FB41,logical direct call frame,24-bit return,81,V04C source graph,N/A,N/A,81:F7DF,any stack value not produced by paired call frame,fail closed when exact return frame absent,V04C026124
V04P01764,DIRECT_CALL,81:F7FF,encoded absolute call,16-bit,81,V04C source graph,N/A,encoded instruction bytes,81:F808,all values outside exact producer domain,fail closed if table/index proof changes,V04C026126
V04P01765,DIRECT_CALL,81:F7DF,encoded long call,24-bit,81,V04C source graph,N/A,encoded instruction bytes,80:F982,all values outside exact producer domain,fail closed if table/index proof changes,V04C026132
V04P01766,DIRECT_CALL,80:F982,encoded absolute call,16-bit,80,V04C source graph,N/A,encoded instruction bytes,80:F986,all values outside exact producer domain,fail closed if table/index proof changes,V04C026140
V04P01767,RETURN,80:F9EA,logical direct call frame,16-bit return,80,V04C source graph,N/A,N/A,80:F93D,any stack value not produced by paired call frame,fail closed when exact return frame absent,V04C026141
V04P01768,RETURN,80:FA30,logical direct call frame,16-bit return,80,V04C source graph,N/A,N/A,80:F994,any stack value not produced by paired call frame,fail closed when exact return frame absent,V04C026229
V04P01769,RETURN,81:F82F,logical direct call frame,16-bit return,81,V04C source graph,N/A,N/A,81:F802,any stack value not produced by paired call frame,fail closed when exact return frame absent,V04C026235
V04P01770,DIRECT_CALL,81:F73E,encoded absolute call,16-bit,81,V04C source graph,N/A,encoded instruction bytes,81:9FF8,all values outside exact producer domain,fail closed if table/index proof changes,V04C026254
V04P01771,DIRECT_CALL,81:F7FF,encoded absolute call,16-bit,81,V04C source graph,N/A,encoded instruction bytes,81:F808,all values outside exact producer domain,fail closed if table/index proof changes,V04C026256
V04P01772,RETURN,81:A000,logical direct call frame,16-bit return,81,V04C source graph,N/A,N/A,81:F741,any stack value not produced by paired call frame,fail closed when exact return frame absent,V04C026263
V04P01773,DIRECT_TARGET,81:9FFD,encoded 16-bit target,16/24-bit target,81,V04C source graph,N/A,encoded instruction bytes,81:9FC6,unproved/misaligned/non-ROM values fail closed,no target outside exact finite set,V04C026264
V04P01774,DIRECT_CALL,81:F743,encoded absolute call,16-bit,81,V04C source graph,N/A,encoded instruction bytes,81:9FE6,all values outside exact producer domain,fail closed if table/index proof changes,V04C026271
V04P01775,RETURN,81:9FEE,logical direct call frame,16-bit return,81,V04C source graph,N/A,N/A,81:F746,any stack value not produced by paired call frame,fail closed when exact return frame absent,V04C026284
V04P01776,DIRECT_TARGET,81:9FEB,encoded 16-bit target,16/24-bit target,81,V04C source graph,N/A,encoded instruction bytes,81:9FAE,unproved/misaligned/non-ROM values fail closed,no target outside exact finite set,V04C026285
V04P01777,DIRECT_CALL,81:F746,encoded absolute call,16-bit,81,V04C source graph,N/A,encoded instruction bytes,81:A001,all values outside exact producer domain,fail closed if table/index proof changes,V04C026291
V04P01778,RETURN,81:9FDC,logical direct call frame,16-bit return,81,V04C source graph,N/A,N/A,81:F741,any stack value not produced by paired call frame,fail closed when exact return frame absent,V04C026316
V04P01779,RETURN,81:9FDC,logical direct call frame,16-bit return,81,V04C source graph,N/A,N/A,81:F741,any stack value not produced by paired call frame,fail closed when exact return frame absent,V04C026324
V04P01780,RETURN,81:A00C,logical direct call frame,16-bit return,81,V04C source graph,N/A,N/A,81:F749,any stack value not produced by paired call frame,fail closed when exact return frame absent,V04C026338
V04P01781,DIRECT_CALL,81:F743,encoded absolute call,16-bit,81,V04C source graph,N/A,encoded instruction bytes,81:9FE6,all values outside exact producer domain,fail closed if table/index proof changes,V04C026340
V04P01782,RETURN,81:9FC5,logical direct call frame,16-bit return,81,V04C source graph,N/A,N/A,81:F746,any stack value not produced by paired call frame,fail closed when exact return frame absent,V04C026347
V04P01783,RETURN,81:A017,logical direct call frame,16-bit return,81,V04C source graph,N/A,N/A,81:F749,any stack value not produced by paired call frame,fail closed when exact return frame absent,V04C026354
V04P01784,RETURN,81:A024,logical direct call frame,16-bit return,81,V04C source graph,N/A,N/A,81:F749,any stack value not produced by paired call frame,fail closed when exact return frame absent,V04C026366
V04P01785,RETURN,81:F82F,logical direct call frame,16-bit return,81,V04C source graph,N/A,N/A,81:F802,any stack value not produced by paired call frame,fail closed when exact return frame absent,V04C026371
V04P01786,DIRECT_CALL,81:F755,encoded absolute call,16-bit,81,V04C source graph,N/A,encoded instruction bytes,81:F836,all values outside exact producer domain,fail closed if table/index proof changes,V04C026375
V04P01787,DIRECT_CALL,81:F758,encoded absolute call,16-bit,81,V04C source graph,N/A,encoded instruction bytes,81:9C8C,all values outside exact producer domain,fail closed if table/index proof changes,V04C026379
V04P01788,DIRECT_CALL,81:F74E,encoded absolute call,16-bit,81,V04C source graph,N/A,encoded instruction bytes,81:F830,all values outside exact producer domain,fail closed if table/index proof changes,V04C026380
V04P01789,RETURN,81:F82F,logical direct call frame,16-bit return,81,V04C source graph,N/A,N/A,81:F802,any stack value not produced by paired call frame,fail closed when exact return frame absent,V04C026390
V04P01790,RETURN,81:F835,logical direct call frame,16-bit return,81,V04C source graph,N/A,N/A,81:F751,any stack value not produced by paired call frame,fail closed when exact return frame absent,V04C026398
V04P01791,DIRECT_CALL,81:F7FF,encoded absolute call,16-bit,81,V04C source graph,N/A,encoded instruction bytes,81:F808,all values outside exact producer domain,fail closed if table/index proof changes,V04C026407
V04P01792,DIRECT_CALL,81:F758,encoded absolute call,16-bit,81,V04C source graph,N/A,encoded instruction bytes,81:9C8C,all values outside exact producer domain,fail closed if table/index proof changes,V04C026410
V04P01793,RETURN,81:F807,logical direct call frame,16-bit return,81,V04C source graph,N/A,N/A,81:F5AA,any stack value not produced by paired call frame,fail closed when exact return frame absent,V04C026415
V04P01794,DIRECT_CALL,81:F5AA,encoded absolute call,16-bit,81,V04C source graph,N/A,encoded instruction bytes,81:9C8C,all values outside exact producer domain,fail closed if table/index proof changes,V04C026422
V04P01795,RETURN,81:F860,logical direct call frame,16-bit return,81,V04C source graph,N/A,N/A,81:F758,any stack value not produced by paired call frame,fail closed when exact return frame absent,V04C026425
V04P01796,DIRECT_CALL,81:F7FF,encoded absolute call,16-bit,81,V04C source graph,N/A,encoded instruction bytes,81:F808,all values outside exact producer domain,fail closed if table/index proof changes,V04C026428
V04P01797,DIRECT_CALL,81:F758,encoded absolute call,16-bit,81,V04C source graph,N/A,encoded instruction bytes,81:9C8C,all values outside exact producer domain,fail closed if table/index proof changes,V04C026432
V04P01798,RETURN,81:9CAD,logical direct call frame,16-bit return,81,V04C source graph,N/A,N/A,81:F7C5,any stack value not produced by paired call frame,fail closed when exact return frame absent,V04C026457
V04P01799,DIRECT_CALL,81:F7D3,encoded absolute call,16-bit,81,V04C source graph,N/A,encoded instruction bytes,81:9F9D,all values outside exact producer domain,fail closed if table/index proof changes,V04C026495
V04P01800,DIRECT_CALL,81:9FA2,encoded long call,24-bit,81,V04C source graph,N/A,encoded instruction bytes,80:FB52,all values outside exact producer domain,fail closed if table/index proof changes,V04C026508
V04P01801,DIRECT_CALL,80:FB52,encoded absolute call,16-bit,80,V04C source graph,N/A,encoded instruction bytes,80:FB56,all values outside exact producer domain,fail closed if table/index proof changes,V04C026512
V04P01802,DIRECT_CALL,80:FB58,encoded absolute call,16-bit,80,V04C source graph,N/A,encoded instruction bytes,80:F92A,all values outside exact producer domain,fail closed if table/index proof changes,V04C026520
V04P01803,RETURN,80:F93F,logical direct call frame,16-bit return,80,V04C source graph,N/A,N/A,80:FB5B,any stack value not produced by paired call frame,fail closed when exact return frame absent,V04C026546
V04P01804,RETURN,80:FB5B,logical direct call frame,16-bit return,80,V04C source graph,N/A,N/A,80:FB55,any stack value not produced by paired call frame,fail closed when exact return frame absent,V04C026550
V04P01805,RETURN,80:FB55,logical direct call frame,24-bit return,81,V04C source graph,N/A,N/A,81:9FA6,any stack value not produced by paired call frame,fail closed when exact return frame absent,V04C026554
V04P01806,DIRECT_CALL,80:F93A,encoded absolute call,16-bit,80,V04C source graph,N/A,encoded instruction bytes,80:F9C2,all values outside exact producer domain,fail closed if table/index proof changes,V04C026555
V04P01807,DIRECT_CALL,81:9FA6,encoded long call,24-bit,81,V04C source graph,N/A,encoded instruction bytes,80:F982,all values outside exact producer domain,fail closed if table/index proof changes,V04C026558
V04P01808,DIRECT_CALL,80:F982,encoded absolute call,16-bit,80,V04C source graph,N/A,encoded instruction bytes,80:F986,all values outside exact producer domain,fail closed if table/index proof changes,V04C026562
V04P01809,RETURN,81:9CAD,logical direct call frame,16-bit return,81,V04C source graph,N/A,N/A,81:F75B,any stack value not produced by paired call frame,fail closed when exact return frame absent,V04C026637
V04P01810,DIRECT_CALL,81:F769,encoded absolute call,16-bit,81,V04C source graph,N/A,encoded instruction bytes,81:9F9D,all values outside exact producer domain,fail closed if table/index proof changes,V04C026652
V04P01811,RETURN,81:F77C,logical direct call frame,16-bit return,81,V04C source graph,N/A,N/A,81:F711,any stack value not produced by paired call frame,fail closed when exact return frame absent,V04C026654
V04P01812,RETURN,81:F713,logical direct call frame,16-bit return,81,V04C source graph,N/A,N/A,81:F503,any stack value not produced by paired call frame,fail closed when exact return frame absent,V04C026660
V04P01813,RETURN,81:9FAD,logical direct call frame,16-bit return,81,V04C source graph,N/A,N/A,81:F76C,any stack value not produced by paired call frame,fail closed when exact return frame absent,V04C026661
V04P01814,DIRECT_CALL,81:9FA2,encoded long call,24-bit,81,V04C source graph,N/A,encoded instruction bytes,80:FB52,all values outside exact producer domain,fail closed if table/index proof changes,V04C026662
V04P01815,DIRECT_CALL,80:FB52,encoded absolute call,16-bit,80,V04C source graph,N/A,encoded instruction bytes,80:FB56,all values outside exact producer domain,fail closed if table/index proof changes,V04C026666
V04P01816,DIRECT_CALL,81:F771,encoded long call,24-bit,81,V04C source graph,N/A,encoded instruction bytes,80:FB3E,all values outside exact producer domain,fail closed if table/index proof changes,V04C026672
V04P01817,DIRECT_CALL,80:FB58,encoded absolute call,16-bit,80,V04C source graph,N/A,encoded instruction bytes,80:F92A,all values outside exact producer domain,fail closed if table/index proof changes,V04C026673
V04P01818,DIRECT_CALL,81:F73E,encoded absolute call,16-bit,81,V04C source graph,N/A,encoded instruction bytes,81:9FF8,all values outside exact producer domain,fail closed if table/index proof changes,V04C026675
V04P01819,DIRECT_CALL,80:FB3E,encoded absolute call,16-bit,80,V04C source graph,N/A,encoded instruction bytes,80:FB42,all values outside exact producer domain,fail closed if table/index proof changes,V04C026676
V04P01820,DIRECT_CALL,80:FB44,encoded absolute call,16-bit,80,V04C source graph,N/A,encoded instruction bytes,80:F92A,all values outside exact producer domain,fail closed if table/index proof changes,V04C026684
V04P01821,RETURN,81:A000,logical direct call frame,16-bit return,81,V04C source graph,N/A,N/A,81:F741,any stack value not produced by paired call frame,fail closed when exact return frame absent,V04C026687
V04P01822,DIRECT_TARGET,81:9FFD,encoded 16-bit target,16/24-bit target,81,V04C source graph,N/A,encoded instruction bytes,81:9FC6,unproved/misaligned/non-ROM values fail closed,no target outside exact finite set,V04C026688
V04P01823,DIRECT_CALL,81:F743,encoded absolute call,16-bit,81,V04C source graph,N/A,encoded instruction bytes,81:9FE6,all values outside exact producer domain,fail closed if table/index proof changes,V04C026697
V04P01824,RETURN,80:F93F,logical direct call frame,16-bit return,80,V04C source graph,N/A,N/A,80:FB5B,any stack value not produced by paired call frame,fail closed when exact return frame absent,V04C026713
V04P01825,RETURN,81:9FEE,logical direct call frame,16-bit return,81,V04C source graph,N/A,N/A,81:F746,any stack value not produced by paired call frame,fail closed when exact return frame absent,V04C026716
V04P01826,DIRECT_TARGET,81:9FEB,encoded 16-bit target,16/24-bit target,81,V04C source graph,N/A,encoded instruction bytes,81:9FAE,unproved/misaligned/non-ROM values fail closed,no target outside exact finite set,V04C026717
V04P01827,RETURN,80:FB5B,logical direct call frame,16-bit return,80,V04C source graph,N/A,N/A,80:FB55,any stack value not produced by paired call frame,fail closed when exact return frame absent,V04C026722
V04P01828,DIRECT_CALL,81:F746,encoded absolute call,16-bit,81,V04C source graph,N/A,encoded instruction bytes,81:A001,all values outside exact producer domain,fail closed if table/index proof changes,V04C026725
V04P01829,RETURN,80:FB55,logical direct call frame,24-bit return,81,V04C source graph,N/A,N/A,81:9FA6,any stack value not produced by paired call frame,fail closed when exact return frame absent,V04C026731
V04P01830,DIRECT_CALL,80:F93A,encoded absolute call,16-bit,80,V04C source graph,N/A,encoded instruction bytes,80:F9C2,all values outside exact producer domain,fail closed if table/index proof changes,V04C026732
V04P01831,RETURN,80:F93F,logical direct call frame,16-bit return,80,V04C source graph,N/A,N/A,80:FB47,any stack value not produced by paired call frame,fail closed when exact return frame absent,V04C026738
V04P01832,DIRECT_CALL,81:9FA6,encoded long call,24-bit,81,V04C source graph,N/A,encoded instruction bytes,80:F982,all values outside exact producer domain,fail closed if table/index proof changes,V04C026740
V04P01833,RETURN,80:FB47,logical direct call frame,16-bit return,80,V04C source graph,N/A,N/A,80:FB41,any stack value not produced by paired call frame,fail closed when exact return frame absent,V04C026747
V04P01834,DIRECT_CALL,80:F982,encoded absolute call,16-bit,80,V04C source graph,N/A,encoded instruction bytes,80:F986,all values outside exact producer domain,fail closed if table/index proof changes,V04C026749
V04P01835,RETURN,81:9FDC,logical direct call frame,16-bit return,81,V04C source graph,N/A,N/A,81:F741,any stack value not produced by paired call frame,fail closed when exact return frame absent,V04C026756
V04P01836,RETURN,80:FB41,logical direct call frame,24-bit return,81,V04C source graph,N/A,N/A,81:F775,any stack value not produced by paired call frame,fail closed when exact return frame absent,V04C026758
V04P01837,DIRECT_CALL,80:F93A,encoded absolute call,16-bit,80,V04C source graph,N/A,encoded instruction bytes,80:F9C2,all values outside exact producer domain,fail closed if table/index proof changes,V04C026759
V04P01838,RETURN,81:9CAD,logical direct call frame,16-bit return,81,V04C source graph,N/A,N/A,81:F5AD,any stack value not produced by paired call frame,fail closed when exact return frame absent,V04C026762
V04P01839,RETURN,81:9FDC,logical direct call frame,16-bit return,81,V04C source graph,N/A,N/A,81:F741,any stack value not produced by paired call frame,fail closed when exact return frame absent,V04C026766
V04P01840,DIRECT_CALL,81:F775,encoded long call,24-bit,81,V04C source graph,N/A,encoded instruction bytes,80:F982,all values outside exact producer domain,fail closed if table/index proof changes,V04C026767
V04P01841,DIRECT_CALL,80:F982,encoded absolute call,16-bit,80,V04C source graph,N/A,encoded instruction bytes,80:F986,all values outside exact producer domain,fail closed if table/index proof changes,V04C026777
V04P01842,RETURN,81:A00C,logical direct call frame,16-bit return,81,V04C source graph,N/A,N/A,81:F749,any stack value not produced by paired call frame,fail closed when exact return frame absent,V04C026784
V04P01843,DIRECT_CALL,81:F743,encoded absolute call,16-bit,81,V04C source graph,N/A,encoded instruction bytes,81:9FE6,all values outside exact producer domain,fail closed if table/index proof changes,V04C026786
V04P01844,RETURN,81:9FC5,logical direct call frame,16-bit return,81,V04C source graph,N/A,N/A,81:F746,any stack value not produced by paired call frame,fail closed when exact return frame absent,V04C026794
V04P01845,DIRECT_CALL,81:F5B4,encoded long call,24-bit,81,V04C source graph,N/A,encoded instruction bytes,80:F926,all values outside exact producer domain,fail closed if table/index proof changes,V04C026799
V04P01846,RETURN,81:A017,logical direct call frame,16-bit return,81,V04C source graph,N/A,N/A,81:F749,any stack value not produced by paired call frame,fail closed when exact return frame absent,V04C026802
V04P01847,DIRECT_CALL,80:F991,encoded absolute call,16-bit,80,V04C source graph,N/A,encoded instruction bytes,80:F9F6,all values outside exact producer domain,fail closed if table/index proof changes,V04C026807
V04P01848,DIRECT_CALL,80:F926,encoded absolute call,16-bit,80,V04C source graph,N/A,encoded instruction bytes,80:F92A,all values outside exact producer domain,fail closed if table/index proof changes,V04C026808
V04P01849,RETURN,80:F997,logical direct call frame,16-bit return,80,V04C source graph,N/A,N/A,80:F985,any stack value not produced by paired call frame,fail closed when exact return frame absent,V04C026815
V04P01850,RETURN,81:A024,logical direct call frame,16-bit return,81,V04C source graph,N/A,N/A,81:F749,any stack value not produced by paired call frame,fail closed when exact return frame absent,V04C026818
V04P01851,RETURN,80:F985,logical direct call frame,24-bit return,81,V04C source graph,N/A,N/A,81:9FAA,any stack value not produced by paired call frame,fail closed when exact return frame absent,V04C026824
V04P01852,DIRECT_CALL,81:F755,encoded absolute call,16-bit,81,V04C source graph,N/A,encoded instruction bytes,81:F836,all values outside exact producer domain,fail closed if table/index proof changes,V04C026829
V04P01853,DIRECT_CALL,80:F991,encoded absolute call,16-bit,80,V04C source graph,N/A,encoded instruction bytes,80:F9F6,all values outside exact producer domain,fail closed if table/index proof changes,V04C026831
V04P01854,DIRECT_CALL,81:F758,encoded absolute call,16-bit,81,V04C source graph,N/A,encoded instruction bytes,81:9C8C,all values outside exact producer domain,fail closed if table/index proof changes,V04C026836
V04P01855,DIRECT_CALL,81:F74E,encoded absolute call,16-bit,81,V04C source graph,N/A,encoded instruction bytes,81:F830,all values outside exact producer domain,fail closed if table/index proof changes,V04C026837
V04P01856,RETURN,80:F997,logical direct call frame,16-bit return,80,V04C source graph,N/A,N/A,80:F985,any stack value not produced by paired call frame,fail closed when exact return frame absent,V04C026839
V04P01857,RETURN,80:F985,logical direct call frame,24-bit return,81,V04C source graph,N/A,N/A,81:F779,any stack value not produced by paired call frame,fail closed when exact return frame absent,V04C026847
V04P01858,RETURN,81:F835,logical direct call frame,16-bit return,81,V04C source graph,N/A,N/A,81:F751,any stack value not produced by paired call frame,fail closed when exact return frame absent,V04C026861
V04P01859,RETURN,81:F77A,logical direct call frame,16-bit return,81,V04C source graph,N/A,N/A,81:F711,any stack value not produced by paired call frame,fail closed when exact return frame absent,V04C026862
V04P01860,RETURN,80:F93F,logical direct call frame,16-bit return,80,V04C source graph,N/A,N/A,80:F929,any stack value not produced by paired call frame,fail closed when exact return frame absent,V04C026874
V04P01861,DIRECT_CALL,81:F758,encoded absolute call,16-bit,81,V04C source graph,N/A,encoded instruction bytes,81:9C8C,all values outside exact producer domain,fail closed if table/index proof changes,V04C026876
V04P01862,RETURN,80:F929,logical direct call frame,24-bit return,81,V04C source graph,N/A,N/A,81:F5B8,any stack value not produced by paired call frame,fail closed when exact return frame absent,V04C026883
V04P01863,DIRECT_CALL,81:F5B8,encoded long call,24-bit,81,V04C source graph,N/A,encoded instruction bytes,80:F982,all values outside exact producer domain,fail closed if table/index proof changes,V04C026892
V04P01864,DIRECT_CALL,80:F93A,encoded absolute call,16-bit,80,V04C source graph,N/A,encoded instruction bytes,80:F9C2,all values outside exact producer domain,fail closed if table/index proof changes,V04C026893
V04P01865,DIRECT_CALL,80:F982,encoded absolute call,16-bit,80,V04C source graph,N/A,encoded instruction bytes,80:F986,all values outside exact producer domain,fail closed if table/index proof changes,V04C026900
V04P01866,RETURN,80:F9F1,logical direct call frame,16-bit return,80,V04C source graph,N/A,N/A,80:F93D,any stack value not produced by paired call frame,fail closed when exact return frame absent,V04C026912
V04P01867,RETURN,80:FA37,logical direct call frame,16-bit return,80,V04C source graph,N/A,N/A,80:F994,any stack value not produced by paired call frame,fail closed when exact return frame absent,V04C026922
V04P01868,RETURN,80:F93F,logical direct call frame,16-bit return,80,V04C source graph,N/A,N/A,80:FB47,any stack value not produced by paired call frame,fail closed when exact return frame absent,V04C026936
V04P01869,RETURN,80:FA37,logical direct call frame,16-bit return,80,V04C source graph,N/A,N/A,80:F994,any stack value not produced by paired call frame,fail closed when exact return frame absent,V04C026942
V04P01870,RETURN,80:FB47,logical direct call frame,16-bit return,80,V04C source graph,N/A,N/A,80:FB41,any stack value not produced by paired call frame,fail closed when exact return frame absent,V04C026944
V04P01871,DIRECT_CALL,80:F991,encoded absolute call,16-bit,80,V04C source graph,N/A,encoded instruction bytes,80:F9F6,all values outside exact producer domain,fail closed if table/index proof changes,V04C026949
V04P01872,RETURN,80:FB41,logical direct call frame,24-bit return,81,V04C source graph,N/A,N/A,81:F775,any stack value not produced by paired call frame,fail closed when exact return frame absent,V04C026953
V04P01873,RETURN,80:F997,logical direct call frame,16-bit return,80,V04C source graph,N/A,N/A,80:F985,any stack value not produced by paired call frame,fail closed when exact return frame absent,V04C026956
V04P01874,DIRECT_CALL,81:F775,encoded long call,24-bit,81,V04C source graph,N/A,encoded instruction bytes,80:F982,all values outside exact producer domain,fail closed if table/index proof changes,V04C026961
V04P01875,RETURN,80:F985,logical direct call frame,24-bit return,81,V04C source graph,N/A,N/A,81:F5BC,any stack value not produced by paired call frame,fail closed when exact return frame absent,V04C026964
V04P01876,DIRECT_CALL,80:F982,encoded absolute call,16-bit,80,V04C source graph,N/A,encoded instruction bytes,80:F986,all values outside exact producer domain,fail closed if table/index proof changes,V04C026969
V04P01877,RETURN,80:F9EA,logical direct call frame,16-bit return,80,V04C source graph,N/A,N/A,80:F93D,any stack value not produced by paired call frame,fail closed when exact return frame absent,V04C026970
V04P01878,RETURN,81:F5BC,logical direct call frame,16-bit return,81,V04C source graph,N/A,N/A,81:F55E,any stack value not produced by paired call frame,fail closed when exact return frame absent,V04C026972
V04P01879,RETURN,81:F55E,logical direct call frame,16-bit return,81,V04C source graph,N/A,N/A,81:F4CD,any stack value not produced by paired call frame,fail closed when exact return frame absent,V04C026978
V04P01880,DIRECT_CALL,81:F4D2,encoded absolute call,16-bit,81,V04C source graph,N/A,encoded instruction bytes,81:F5ED,all values outside exact producer domain,fail closed if table/index proof changes,V04C026997
V04P01881,DIRECT_CALL,80:F991,encoded absolute call,16-bit,80,V04C source graph,N/A,encoded instruction bytes,80:F9F6,all values outside exact producer domain,fail closed if table/index proof changes,V04C027010
V04P01882,RETURN,80:F997,logical direct call frame,16-bit return,80,V04C source graph,N/A,N/A,80:F985,any stack value not produced by paired call frame,fail closed when exact return frame absent,V04C027018
V04P01883,RETURN,80:F985,logical direct call frame,24-bit return,81,V04C source graph,N/A,N/A,81:F779,any stack value not produced by paired call frame,fail closed when exact return frame absent,V04C027027
V04P01884,RETURN,80:F9F1,logical direct call frame,16-bit return,80,V04C source graph,N/A,N/A,80:F93D,any stack value not produced by paired call frame,fail closed when exact return frame absent,V04C027033
V04P01885,RETURN,81:F77A,logical direct call frame,16-bit return,81,V04C source graph,N/A,N/A,81:F711,any stack value not produced by paired call frame,fail closed when exact return frame absent,V04C027045
V04P01886,RETURN,80:FA37,logical direct call frame,16-bit return,80,V04C source graph,N/A,N/A,80:F994,any stack value not produced by paired call frame,fail closed when exact return frame absent,V04C027058
V04P01887,RETURN,80:F93F,logical direct call frame,16-bit return,80,V04C source graph,N/A,N/A,80:F929,any stack value not produced by paired call frame,fail closed when exact return frame absent,V04C027060
V04P01888,RETURN,80:F929,logical direct call frame,24-bit return,81,V04C source graph,N/A,N/A,81:F5B8,any stack value not produced by paired call frame,fail closed when exact return frame absent,V04C027069
V04P01889,RETURN,80:FA30,logical direct call frame,16-bit return,80,V04C source graph,N/A,N/A,80:F994,any stack value not produced by paired call frame,fail closed when exact return frame absent,V04C027074
V04P01890,DIRECT_CALL,81:F5B8,encoded long call,24-bit,81,V04C source graph,N/A,encoded instruction bytes,80:F982,all values outside exact producer domain,fail closed if table/index proof changes,V04C027078
V04P01891,DIRECT_CALL,80:F982,encoded absolute call,16-bit,80,V04C source graph,N/A,encoded instruction bytes,80:F986,all values outside exact producer domain,fail closed if table/index proof changes,V04C027087
V04P01892,RETURN,80:F9EA,logical direct call frame,16-bit return,80,V04C source graph,N/A,N/A,80:F93D,any stack value not produced by paired call frame,fail closed when exact return frame absent,V04C027097
V04P01893,RETURN,80:FA30,logical direct call frame,16-bit return,80,V04C source graph,N/A,N/A,80:F994,any stack value not produced by paired call frame,fail closed when exact return frame absent,V04C027098
V04P01894,DIRECT_CALL,80:F991,encoded absolute call,16-bit,80,V04C source graph,N/A,encoded instruction bytes,80:F9F6,all values outside exact producer domain,fail closed if table/index proof changes,V04C027116
V04P01895,RETURN,80:F997,logical direct call frame,16-bit return,80,V04C source graph,N/A,N/A,80:F985,any stack value not produced by paired call frame,fail closed when exact return frame absent,V04C027122
V04P01896,RETURN,80:FA37,logical direct call frame,16-bit return,80,V04C source graph,N/A,N/A,80:F994,any stack value not produced by paired call frame,fail closed when exact return frame absent,V04C027127
V04P01897,RETURN,80:F985,logical direct call frame,24-bit return,81,V04C source graph,N/A,N/A,81:9FAA,any stack value not produced by paired call frame,fail closed when exact return frame absent,V04C027129
V04P01898,RETURN,81:F626,logical direct call frame,16-bit return,81,V04C source graph,N/A,N/A,81:F4D5,any stack value not produced by paired call frame,fail closed when exact return frame absent,V04C027131
V04P01899,RETURN,81:9FAD,logical direct call frame,16-bit return,81,V04C source graph,N/A,N/A,81:F76C,any stack value not produced by paired call frame,fail closed when exact return frame absent,V04C027144
V04P01900,DIRECT_CALL,81:F61B,encoded long call,24-bit,81,V04C source graph,N/A,encoded instruction bytes,80:FB3E,all values outside exact producer domain,fail closed if table/index proof changes,V04C027156
V04P01901,DIRECT_CALL,80:FB3E,encoded absolute call,16-bit,80,V04C source graph,N/A,encoded instruction bytes,80:FB42,all values outside exact producer domain,fail closed if table/index proof changes,V04C027163
V04P01902,DIRECT_CALL,81:F771,encoded long call,24-bit,81,V04C source graph,N/A,encoded instruction bytes,80:FB3E,all values outside exact producer domain,fail closed if table/index proof changes,V04C027167
V04P01903,DIRECT_CALL,81:F73E,encoded absolute call,16-bit,81,V04C source graph,N/A,encoded instruction bytes,81:9FF8,all values outside exact producer domain,fail closed if table/index proof changes,V04C027173
V04P01904,DIRECT_CALL,80:FB3E,encoded absolute call,16-bit,80,V04C source graph,N/A,encoded instruction bytes,80:FB42,all values outside exact producer domain,fail closed if table/index proof changes,V04C027174
V04P01905,DIRECT_CALL,80:FB44,encoded absolute call,16-bit,80,V04C source graph,N/A,encoded instruction bytes,80:F92A,all values outside exact producer domain,fail closed if table/index proof changes,V04C027176
V04P01906,DIRECT_CALL,80:FB44,encoded absolute call,16-bit,80,V04C source graph,N/A,encoded instruction bytes,80:F92A,all values outside exact producer domain,fail closed if table/index proof changes,V04C027187
V04P01907,RETURN,81:A000,logical direct call frame,16-bit return,81,V04C source graph,N/A,N/A,81:F741,any stack value not produced by paired call frame,fail closed when exact return frame absent,V04C027193
V04P01908,DIRECT_TARGET,81:9FFD,encoded 16-bit target,16/24-bit target,81,V04C source graph,N/A,encoded instruction bytes,81:9FC6,unproved/misaligned/non-ROM values fail closed,no target outside exact finite set,V04C027194
V04P01909,RETURN,80:FA30,logical direct call frame,16-bit return,80,V04C source graph,N/A,N/A,80:F994,any stack value not produced by paired call frame,fail closed when exact return frame absent,V04C027207
V04P01910,DIRECT_CALL,81:F743,encoded absolute call,16-bit,81,V04C source graph,N/A,encoded instruction bytes,81:9FE6,all values outside exact producer domain,fail closed if table/index proof changes,V04C027209
V04P01911,RETURN,80:FA37,logical direct call frame,16-bit return,80,V04C source graph,N/A,N/A,80:F994,any stack value not produced by paired call frame,fail closed when exact return frame absent,V04C027220
V04P01912,RETURN,81:9FEE,logical direct call frame,16-bit return,81,V04C source graph,N/A,N/A,81:F746,any stack value not produced by paired call frame,fail closed when exact return frame absent,V04C027236
V04P01913,DIRECT_TARGET,81:9FEB,encoded 16-bit target,16/24-bit target,81,V04C source graph,N/A,encoded instruction bytes,81:9FAE,unproved/misaligned/non-ROM values fail closed,no target outside exact finite set,V04C027237
V04P01914,RETURN,80:F93F,logical direct call frame,16-bit return,80,V04C source graph,N/A,N/A,80:FB47,any stack value not produced by paired call frame,fail closed when exact return frame absent,V04C027244
V04P01915,DIRECT_CALL,81:F746,encoded absolute call,16-bit,81,V04C source graph,N/A,encoded instruction bytes,81:A001,all values outside exact producer domain,fail closed if table/index proof changes,V04C027247
V04P01916,RETURN,80:FB47,logical direct call frame,16-bit return,80,V04C source graph,N/A,N/A,80:FB41,any stack value not produced by paired call frame,fail closed when exact return frame absent,V04C027255
V04P01917,RETURN,80:F93F,logical direct call frame,16-bit return,80,V04C source graph,N/A,N/A,80:FB47,any stack value not produced by paired call frame,fail closed when exact return frame absent,V04C027262
V04P01918,RETURN,80:FB41,logical direct call frame,24-bit return,81,V04C source graph,N/A,N/A,81:F61F,any stack value not produced by paired call frame,fail closed when exact return frame absent,V04C027265
V04P01919,DIRECT_CALL,80:F93A,encoded absolute call,16-bit,80,V04C source graph,N/A,encoded instruction bytes,80:F9C2,all values outside exact producer domain,fail closed if table/index proof changes,V04C027266
V04P01920,RETURN,80:FB47,logical direct call frame,16-bit return,80,V04C source graph,N/A,N/A,80:FB41,any stack value not produced by paired call frame,fail closed when exact return frame absent,V04C027272
V04P01921,DIRECT_CALL,81:F61F,encoded long call,24-bit,81,V04C source graph,N/A,encoded instruction bytes,80:F982,all values outside exact producer domain,fail closed if table/index proof changes,V04C027275
V04P01922,RETURN,81:9FDC,logical direct call frame,16-bit return,81,V04C source graph,N/A,N/A,81:F741,any stack value not produced by paired call frame,fail closed when exact return frame absent,V04C027282
V04P01923,RETURN,80:FB41,logical direct call frame,24-bit return,81,V04C source graph,N/A,N/A,81:F775,any stack value not produced by paired call frame,fail closed when exact return frame absent,V04C027284
V04P01924,DIRECT_CALL,80:F93A,encoded absolute call,16-bit,80,V04C source graph,N/A,encoded instruction bytes,80:F9C2,all values outside exact producer domain,fail closed if table/index proof changes,V04C027285
V04P01925,DIRECT_CALL,80:F982,encoded absolute call,16-bit,80,V04C source graph,N/A,encoded instruction bytes,80:F986,all values outside exact producer domain,fail closed if table/index proof changes,V04C027287
V04P01926,RETURN,80:FA30,logical direct call frame,16-bit return,80,V04C source graph,N/A,N/A,80:F994,any stack value not produced by paired call frame,fail closed when exact return frame absent,V04C027289
V04P01927,RETURN,81:9FDC,logical direct call frame,16-bit return,81,V04C source graph,N/A,N/A,81:F741,any stack value not produced by paired call frame,fail closed when exact return frame absent,V04C027293
V04P01928,DIRECT_CALL,81:F775,encoded long call,24-bit,81,V04C source graph,N/A,encoded instruction bytes,80:F982,all values outside exact producer domain,fail closed if table/index proof changes,V04C027294
V04P01929,DIRECT_CALL,80:F982,encoded absolute call,16-bit,80,V04C source graph,N/A,encoded instruction bytes,80:F986,all values outside exact producer domain,fail closed if table/index proof changes,V04C027304
V04P01930,RETURN,81:A00C,logical direct call frame,16-bit return,81,V04C source graph,N/A,N/A,81:F749,any stack value not produced by paired call frame,fail closed when exact return frame absent,V04C027311
V04P01931,DIRECT_CALL,81:F743,encoded absolute call,16-bit,81,V04C source graph,N/A,encoded instruction bytes,81:9FE6,all values outside exact producer domain,fail closed if table/index proof changes,V04C027313
V04P01932,RETURN,81:9FC5,logical direct call frame,16-bit return,81,V04C source graph,N/A,N/A,81:F746,any stack value not produced by paired call frame,fail closed when exact return frame absent,V04C027322
V04P01933,RETURN,81:A017,logical direct call frame,16-bit return,81,V04C source graph,N/A,N/A,81:F749,any stack value not produced by paired call frame,fail closed when exact return frame absent,V04C027330
V04P01934,DIRECT_CALL,80:F991,encoded absolute call,16-bit,80,V04C source graph,N/A,encoded instruction bytes,80:F9F6,all values outside exact producer domain,fail closed if table/index proof changes,V04C027341
V04P01935,RETURN,81:A024,logical direct call frame,16-bit return,81,V04C source graph,N/A,N/A,81:F749,any stack value not produced by paired call frame,fail closed when exact return frame absent,V04C027343
V04P01936,RETURN,80:F997,logical direct call frame,16-bit return,80,V04C source graph,N/A,N/A,80:F985,any stack value not produced by paired call frame,fail closed when exact return frame absent,V04C027347
V04P01937,DIRECT_CALL,81:F755,encoded absolute call,16-bit,81,V04C source graph,N/A,encoded instruction bytes,81:F836,all values outside exact producer domain,fail closed if table/index proof changes,V04C027352
V04P01938,RETURN,80:F985,logical direct call frame,24-bit return,81,V04C source graph,N/A,N/A,81:F623,any stack value not produced by paired call frame,fail closed when exact return frame absent,V04C027353
V04P01939,DIRECT_CALL,81:F758,encoded absolute call,16-bit,81,V04C source graph,N/A,encoded instruction bytes,81:9C8C,all values outside exact producer domain,fail closed if table/index proof changes,V04C027356
V04P01940,DIRECT_CALL,81:F74E,encoded absolute call,16-bit,81,V04C source graph,N/A,encoded instruction bytes,81:F830,all values outside exact producer domain,fail closed if table/index proof changes,V04C027357
V04P01941,RETURN,81:F624,logical direct call frame,16-bit return,81,V04C source graph,N/A,N/A,81:F4D5,any stack value not produced by paired call frame,fail closed when exact return frame absent,V04C027365
V04P01942,RETURN,81:F835,logical direct call frame,16-bit return,81,V04C source graph,N/A,N/A,81:F751,any stack value not produced by paired call frame,fail closed when exact return frame absent,V04C027376
V04P01943,DIRECT_CALL,81:F4D7,encoded absolute call,16-bit,81,V04C source graph,N/A,encoded instruction bytes,81:F650,all values outside exact producer domain,fail closed if table/index proof changes,V04C027378
V04P01944,DIRECT_CALL,81:F758,encoded absolute call,16-bit,81,V04C source graph,N/A,encoded instruction bytes,81:9C8C,all values outside exact producer domain,fail closed if table/index proof changes,V04C027390
V04P01945,RETURN,81:F860,logical direct call frame,16-bit return,81,V04C source graph,N/A,N/A,81:F758,any stack value not produced by paired call frame,fail closed when exact return frame absent,V04C027406
V04P01946,RETURN,80:F9F1,logical direct call frame,16-bit return,80,V04C source graph,N/A,N/A,80:F93D,any stack value not produced by paired call frame,fail closed when exact return frame absent,V04C027410
V04P01947,DIRECT_CALL,81:F758,encoded absolute call,16-bit,81,V04C source graph,N/A,encoded instruction bytes,81:9C8C,all values outside exact producer domain,fail closed if table/index proof changes,V04C027414
V04P01948,DIRECT_CALL,81:F660,encoded absolute call,16-bit,81,V04C source graph,N/A,encoded instruction bytes,81:9C8C,all values outside exact producer domain,fail closed if table/index proof changes,V04C027429
V04P01949,RETURN,80:F93F,logical direct call frame,16-bit return,80,V04C source graph,N/A,N/A,80:FB47,any stack value not produced by paired call frame,fail closed when exact return frame absent,V04C027432
V04P01950,RETURN,80:FA37,logical direct call frame,16-bit return,80,V04C source graph,N/A,N/A,80:F994,any stack value not produced by paired call frame,fail closed when exact return frame absent,V04C027437
V04P01951,RETURN,80:FB47,logical direct call frame,16-bit return,80,V04C source graph,N/A,N/A,80:FB41,any stack value not produced by paired call frame,fail closed when exact return frame absent,V04C027439
V04P01952,RETURN,80:FB41,logical direct call frame,24-bit return,81,V04C source graph,N/A,N/A,81:F61F,any stack value not produced by paired call frame,fail closed when exact return frame absent,V04C027446
V04P01953,DIRECT_CALL,81:F61F,encoded long call,24-bit,81,V04C source graph,N/A,encoded instruction bytes,80:F982,all values outside exact producer domain,fail closed if table/index proof changes,V04C027453
V04P01954,DIRECT_CALL,80:F982,encoded absolute call,16-bit,80,V04C source graph,N/A,encoded instruction bytes,80:F986,all values outside exact producer domain,fail closed if table/index proof changes,V04C027460
V04P01955,RETURN,80:F9EA,logical direct call frame,16-bit return,80,V04C source graph,N/A,N/A,80:F93D,any stack value not produced by paired call frame,fail closed when exact return frame absent,V04C027461
V04P01956,RETURN,80:FA30,logical direct call frame,16-bit return,80,V04C source graph,N/A,N/A,80:F994,any stack value not produced by paired call frame,fail closed when exact return frame absent,V04C027523
V04P01957,RETURN,81:9CAD,logical direct call frame,16-bit return,81,V04C source graph,N/A,N/A,81:F75B,any stack value not produced by paired call frame,fail closed when exact return frame absent,V04C027607
V04P01958,DIRECT_CALL,81:F769,encoded absolute call,16-bit,81,V04C source graph,N/A,encoded instruction bytes,81:9F9D,all values outside exact producer domain,fail closed if table/index proof changes,V04C027622
V04P01959,RETURN,81:F77C,logical direct call frame,16-bit return,81,V04C source graph,N/A,N/A,81:F711,any stack value not produced by paired call frame,fail closed when exact return frame absent,V04C027624
V04P01960,DIRECT_CALL,81:9FA2,encoded long call,24-bit,81,V04C source graph,N/A,encoded instruction bytes,80:FB52,all values outside exact producer domain,fail closed if table/index proof changes,V04C027631
V04P01961,DIRECT_CALL,80:FB52,encoded absolute call,16-bit,80,V04C source graph,N/A,encoded instruction bytes,80:FB56,all values outside exact producer domain,fail closed if table/index proof changes,V04C027633
V04P01962,DIRECT_CALL,80:FB58,encoded absolute call,16-bit,80,V04C source graph,N/A,encoded instruction bytes,80:F92A,all values outside exact producer domain,fail closed if table/index proof changes,V04C027637
V04P01963,RETURN,80:F93F,logical direct call frame,16-bit return,80,V04C source graph,N/A,N/A,80:FB5B,any stack value not produced by paired call frame,fail closed when exact return frame absent,V04C027655
V04P01964,RETURN,80:FB5B,logical direct call frame,16-bit return,80,V04C source graph,N/A,N/A,80:FB55,any stack value not produced by paired call frame,fail closed when exact return frame absent,V04C027658
V04P01965,RETURN,80:FB55,logical direct call frame,24-bit return,81,V04C source graph,N/A,N/A,81:9FA6,any stack value not produced by paired call frame,fail closed when exact return frame absent,V04C027661
V04P01966,DIRECT_CALL,80:F93A,encoded absolute call,16-bit,80,V04C source graph,N/A,encoded instruction bytes,80:F9C2,all values outside exact producer domain,fail closed if table/index proof changes,V04C027662
V04P01967,DIRECT_CALL,81:9FA6,encoded long call,24-bit,81,V04C source graph,N/A,encoded instruction bytes,80:F982,all values outside exact producer domain,fail closed if table/index proof changes,V04C027664
V04P01968,DIRECT_CALL,80:F982,encoded absolute call,16-bit,80,V04C source graph,N/A,encoded instruction bytes,80:F986,all values outside exact producer domain,fail closed if table/index proof changes,V04C027667
V04P01969,RETURN,81:9CAD,logical direct call frame,16-bit return,81,V04C source graph,N/A,N/A,81:F663,any stack value not produced by paired call frame,fail closed when exact return frame absent,V04C027680
V04P01970,DIRECT_CALL,81:F660,encoded absolute call,16-bit,81,V04C source graph,N/A,encoded instruction bytes,81:9C8C,all values outside exact producer domain,fail closed if table/index proof changes,V04C027688
V04P01971,RETURN,81:F675,logical direct call frame,16-bit return,81,V04C source graph,N/A,N/A,81:F4DA,any stack value not produced by paired call frame,fail closed when exact return frame absent,V04C027689
V04P01972,DIRECT_CALL,81:F4F6,encoded absolute call,16-bit,81,V04C source graph,N/A,encoded instruction bytes,81:F6A4,all values outside exact producer domain,fail closed if table/index proof changes,V04C027693
V04P01973,DIRECT_CALL,81:F6A6,encoded absolute call,16-bit,81,V04C source graph,N/A,encoded instruction bytes,81:F71C,all values outside exact producer domain,fail closed if table/index proof changes,V04C027695
