From_Key,From_Key_Hex,To_Key,To_Key_Hex
00:8000:E1M1X1,00040007,80:800C:E1M1X1,04040067
00:8166:E0M0X0,00040B30,80:816A:E0M0X0,04040B50
00:8166:E0M0X1,00040B31,80:816A:E0M0X1,04040B51
00:8166:E0M1X0,00040B32,80:816A:E0M1X0,04040B52
00:8166:E0M1X1,00040B33,80:816A:E0M1X1,04040B53
00:8166:E1M1X1,00040B37,80:816A:E1M1X1,04040B57
00:81BB:E0M0X0,00040DD8,80:81BF:E0M0X0,04040DF8
00:81BB:E0M0X1,00040DD9,80:81BF:E0M0X1,04040DF9
00:81BB:E0M1X0,00040DDA,80:81BF:E0M1X0,04040DFA
00:81BB:E0M1X1,00040DDB,80:81BF:E0M1X1,04040DFB
00:81BB:E1M1X1,00040DDF,80:81BF:E1M1X1,04040DFF
00:81FD:E0M0X0,00040FE8,80:8201:E0M0X0,04041008
00:81FD:E0M0X1,00040FE9,80:8201:E0M0X1,04041009
00:81FD:E0M1X0,00040FEA,80:8201:E0M1X0,0404100A
00:81FD:E0M1X1,00040FEB,80:8201:E0M1X1,0404100B
00:81FD:E1M1X1,00040FEF,80:8201:E1M1X1,0404100F
80:800C:E1M1X1,04040067,80:800D:E1M1X1,0404006F
80:800D:E1M1X1,0404006F,80:800E:E0M1X1,04040073
80:800E:E0M1X1,04040073,80:800F:E0M1X1,0404007B
80:800F:E0M1X1,0404007B,80:8010:E0M1X1,04040083
80:8010:E0M1X1,04040083,80:8012:E0M1X0,04040092
80:8012:E0M1X0,04040092,80:8014:E0M1X0,040400A2
80:8014:E0M1X0,040400A2,80:8017:E0M1X0,040400BA
80:8017:E0M1X0,040400BA,80:801A:E0M1X0,040400D2
80:801A:E0M1X0,040400D2,80:801B:E0M1X0,040400DA
80:801B:E0M1X0,040400DA,80:801E:E0M1X0,040400F2
80:801E:E0M1X0,040400F2,80:8017:E0M1X0,040400BA
80:801E:E0M1X0,040400F2,80:8020:E0M1X0,04040102
80:8020:E0M1X0,04040102,80:8023:E0M1X0,0404011A
80:8023:E0M1X0,0404011A,80:8026:E0M1X0,04040132
80:8026:E0M1X0,04040132,80:8027:E0M1X0,0404013A
80:8027:E0M1X0,0404013A,80:802A:E0M1X0,04040152
80:802A:E0M1X0,04040152,80:8023:E0M1X0,0404011A
80:802A:E0M1X0,04040152,80:802C:E0M1X0,04040162
80:802C:E0M1X0,04040162,80:802E:E0M0X0,04040170
80:802E:E0M0X0,04040170,80:8031:E0M0X0,04040188
80:8031:E0M0X0,04040188,80:8032:E0M0X0,04040190
80:8032:E0M0X0,04040190,80:8035:E0M0X0,040401A8
80:8035:E0M0X0,040401A8,80:8036:E0M0X0,040401B0
80:8036:E0M0X0,040401B0,80:8038:E0M1X1,040401C3
80:8038:E0M1X1,040401C3,92:EF72:E0M1X1,04977B93
80:803C:E0M1X1,040401E3,92:EFF1:E0M1X1,04977F8B
80:8040:E0M1X1,04040203,80:8138:E0M1X1,040409C3
80:8043:E0M1X1,0404021B,92:F04D:E0M1X1,0497826B
80:8047:E0M1X1,0404023B,80:F8DB:E0M1X1,0407C6DB
80:804A:E0M1X1,04040253,80:8114:E0M1X1,040408A3
80:804D:E0M1X1,0404026B,80:804F:E0M1X1,0404027B
80:804F:E0M1X1,0404027B,80:8052:E0M1X1,04040293
80:8052:E0M1X1,04040293,80:8054:E0M1X1,040402A3
80:8054:E0M1X1,040402A3,81:AC40:E0M1X1,040D6203
80:8114:E0M1X1,040408A3,80:8116:E0M1X1,040408B3
80:8116:E0M1X1,040408B3,80:F97B:E0M1X1,0407CBDB
80:8119:E0M1X1,040408CB,80:811C:E0M1X1,040408E3
80:811C:E0M1X1,040408E3,80:811D:E0M1X1,040408EB
80:811D:E0M1X1,040408EB,80:811F:E0M1X1,040408FB
80:811F:E0M1X1,040408FB,80:8121:E0M1X1,0404090B
80:811F:E0M1X1,040408FB,80:8123:E0M1X1,0404091B
80:8121:E0M1X1,0404090B,80:8123:E0M1X1,0404091B
80:8123:E0M1X1,0404091B,80:8126:E0M1X1,04040933
80:8126:E0M1X1,04040933,80:8129:E0M1X1,0404094B
80:8129:E0M1X1,0404094B,80:F904:E0M1X1,0407C823
80:812C:E0M1X1,04040963,80:F986:E0M1X1,0407CC33
80:812F:E0M1X1,0404097B,80:804D:E0M1X1,0404026B
80:8138:E0M1X1,040409C3,80:8139:E0M1X1,040409CB
80:8139:E0M1X1,040409CB,80:813B:E0M1X1,040409DB
80:813B:E0M1X1,040409DB,80:813E:E0M1X1,040409F3
80:813E:E0M1X1,040409F3,80:8140:E0M1X1,04040A03
80:8140:E0M1X1,04040A03,80:8143:E0M1X1,04040A1B
80:8143:E0M1X1,04040A1B,80:8145:E0M1X1,04040A2B
80:8145:E0M1X1,04040A2B,80:8148:E0M1X1,04040A43
80:8148:E0M1X1,04040A43,80:814A:E0M1X1,04040A53
80:814A:E0M1X1,04040A53,80:814D:E0M1X1,04040A6B
80:814D:E0M1X1,04040A6B,80:814F:E0M1X1,04040A7B
80:814F:E0M1X1,04040A7B,80:8152:E0M1X1,04040A93
80:8152:E0M1X1,04040A93,80:8154:E0M1X1,04040AA3
80:8154:E0M1X1,04040AA3,80:8157:E0M1X1,04040ABB
80:8157:E0M1X1,04040ABB,80:8159:E0M1X1,04040ACB
80:8159:E0M1X1,04040ACB,80:815C:E0M1X1,04040AE3
80:815C:E0M1X1,04040AE3,80:815E:E0M1X1,04040AF3
80:815E:E0M1X1,04040AF3,80:8161:E0M1X1,04040B0B
80:8161:E0M1X1,04040B0B,80:8164:E0M1X1,04040B23
80:8164:E0M1X1,04040B23,80:8165:E0M1X1,04040B2B
80:8165:E0M1X1,04040B2B,80:8043:E0M1X1,0404021B
80:816A:E0M0X0,04040B50,80:816B:E0M0X0,04040B58
80:816A:E0M0X1,04040B51,80:816B:E0M0X1,04040B59
80:816A:E0M1X0,04040B52,80:816B:E0M1X0,04040B5A
80:816A:E0M1X1,04040B53,80:816B:E0M1X1,04040B5B
80:816A:E1M1X1,04040B57,80:816B:E1M1X1,04040B5F
80:816B:E0M0X0,04040B58,80:816C:E0M0X0,04040B60
80:816B:E0M0X1,04040B59,80:816C:E0M0X1,04040B61
80:816B:E0M1X0,04040B5A,80:816C:E0M1X0,04040B62
80:816B:E0M1X1,04040B5B,80:816C:E0M1X1,04040B63
80:816B:E1M1X1,04040B5F,80:816C:E1M1X1,04040B67
80:816C:E0M0X0,04040B60,80:816D:E0M0X0,04040B68
80:816C:E0M0X1,04040B61,80:816D:E0M0X1,04040B69
80:816C:E0M1X0,04040B62,80:816D:E0M1X0,04040B6A
80:816C:E0M1X1,04040B63,80:816D:E0M1X1,04040B6B
80:816C:E1M1X1,04040B67,80:816D:E1M1X1,04040B6F
80:816D:E0M0X0,04040B68,80:816F:E0M0X0,04040B78
80:816D:E0M0X1,04040B69,80:816F:E0M0X0,04040B78
80:816D:E0M1X0,04040B6A,80:816F:E0M0X0,04040B78
80:816D:E0M1X1,04040B6B,80:816F:E0M0X0,04040B78
80:816D:E1M1X1,04040B6F,80:816F:E1M1X1,04040B7F
80:816F:E0M0X0,04040B78,80:8171:E0M0X0,04040B88
80:816F:E1M1X1,04040B7F,80:8171:E1M1X1,04040B8F
80:8171:E0M0X0,04040B88,80:8173:E0M0X0,04040B98
80:8171:E1M1X1,04040B8F,80:8173:E1M1X1,04040B9F
80:8173:E0M0X0,04040B98,80:8175:E0M0X0,04040BA8
80:8173:E1M1X1,04040B9F,80:8175:E1M1X1,04040BAF
80:8175:E0M0X0,04040BA8,80:8177:E0M1X1,04040BBB
80:8175:E1M1X1,04040BAF,80:8177:E1M1X1,04040BBF
80:8177:E0M1X1,04040BBB,80:817A:E0M1X1,04040BD3
80:8177:E1M1X1,04040BBF,80:817A:E1M1X1,04040BD7
80:817A:E0M1X1,04040BD3,80:817C:E0M1X1,04040BE3
80:817A:E1M1X1,04040BD7,80:817C:E1M1X1,04040BE7
80:817C:E0M1X1,04040BE3,80:817E:E0M1X1,04040BF3
80:817C:E0M1X1,04040BE3,80:818A:E0M1X1,04040C53
80:817C:E1M1X1,04040BE7,80:817E:E1M1X1,04040BF7
80:817C:E1M1X1,04040BE7,80:818A:E1M1X1,04040C57
80:817E:E0M1X1,04040BF3,80:8181:E0M1X1,04040C0B
80:817E:E1M1X1,04040BF7,80:8181:E1M1X1,04040C0F
80:818A:E0M1X1,04040C53,80:818C:E0M0X0,04040C60
80:818A:E1M1X1,04040C57,80:818C:E1M1X1,04040C67
80:818C:E0M0X0,04040C60,80:818F:E0M0X0,04040C78
80:818C:E1M1X1,04040C67,80:818F:E1M1X1,04040C7F
80:818F:E0M0X0,04040C78,80:8191:E0M0X0,04040C88
80:818F:E1M1X1,04040C7F,80:8191:E1M1X1,04040C8F
80:8191:E0M0X0,04040C88,80:8193:E0M0X0,04040C98
80:8191:E1M1X1,04040C8F,80:8193:E1M1X1,04040C9F
80:8193:E0M0X0,04040C98,80:8195:E0M0X0,04040CA8
80:8193:E1M1X1,04040C9F,80:8195:E1M1X1,04040CAF
80:8195:E0M0X0,04040CA8,80:8196:E0M0X0,04040CB0
80:8195:E1M1X1,04040CAF,80:8196:E1M1X1,04040CB7
80:8201:E0M0X0,04041008,80:8202:E0M0X0,04041010
80:8201:E0M0X1,04041009,80:8202:E0M0X1,04041011
80:8201:E0M1X0,0404100A,80:8202:E0M1X0,04041012
80:8201:E0M1X1,0404100B,80:8202:E0M1X1,04041013
80:8201:E1M1X1,0404100F,80:8202:E1M1X1,04041017
80:8202:E0M0X0,04041010,80:8203:E0M0X0,04041018
80:8202:E0M0X1,04041011,80:8203:E0M0X1,04041019
80:8202:E0M1X0,04041012,80:8203:E0M1X0,0404101A
80:8202:E0M1X1,04041013,80:8203:E0M1X1,0404101B
80:8202:E1M1X1,04041017,80:8203:E1M1X1,0404101F
80:8203:E0M0X0,04041018,80:8204:E0M0X0,04041020
80:8203:E0M0X1,04041019,80:8204:E0M0X1,04041021
80:8203:E0M1X0,0404101A,80:8204:E0M1X0,04041022
80:8203:E0M1X1,0404101B,80:8204:E0M1X1,04041023
80:8203:E1M1X1,0404101F,80:8204:E1M1X1,04041027
80:8204:E0M0X0,04041020,80:8205:E0M0X0,04041028
80:8204:E0M0X1,04041021,80:8205:E0M0X1,04041029
80:8204:E0M1X0,04041022,80:8205:E0M1X0,0404102A
80:8204:E0M1X1,04041023,80:8205:E0M1X1,0404102B
80:8204:E1M1X1,04041027,80:8205:E1M1X1,0404102F
80:8205:E0M0X0,04041028,80:8206:E0M0X0,04041030
80:8205:E0M0X1,04041029,80:8206:E0M0X1,04041031
80:8205:E0M1X0,0404102A,80:8206:E0M1X0,04041032
80:8205:E0M1X1,0404102B,80:8206:E0M1X1,04041033
80:8205:E1M1X1,0404102F,80:8206:E1M1X1,04041037
80:8206:E0M0X0,04041030,80:8208:E0M0X0,04041040
80:8206:E0M0X1,04041031,80:8208:E0M0X0,04041040
80:8206:E0M1X0,04041032,80:8208:E0M0X0,04041040
80:8206:E0M1X1,04041033,80:8208:E0M0X0,04041040
80:8206:E1M1X1,04041037,80:8208:E1M1X1,04041047
80:8208:E0M0X0,04041040,80:820A:E0M0X0,04041050
80:8208:E1M1X1,04041047,80:820A:E1M1X1,04041057
80:820A:E0M0X0,04041050,80:820C:E0M0X0,04041060
80:820A:E1M1X1,04041057,80:820C:E1M1X1,04041067
80:820C:E0M0X0,04041060,80:820E:E0M0X0,04041070
80:820C:E1M1X1,04041067,80:820E:E1M1X1,04041077
80:820E:E0M0X0,04041070,80:8210:E0M1X1,04041083
80:820E:E1M1X1,04041077,80:8210:E1M1X1,04041087
80:8210:E0M1X1,04041083,80:8213:E0M1X1,0404109B
80:8210:E1M1X1,04041087,80:8213:E1M1X1,0404109F
80:8213:E0M1X1,0404109B,80:8215:E0M1X1,040410AB
80:8213:E1M1X1,0404109F,80:8215:E1M1X1,040410AF
80:8215:E0M1X1,040410AB,80:8217:E0M1X1,040410BB
80:8215:E0M1X1,040410AB,80:821D:E0M1X1,040410EB
80:8215:E1M1X1,040410AF,80:8217:E1M1X1,040410BF
80:8215:E1M1X1,040410AF,80:821D:E1M1X1,040410EF
80:8217:E0M1X1,040410BB,80:821A:E0M1X1,040410D3
80:8217:E1M1X1,040410BF,80:821A:E1M1X1,040410D7
80:821D:E0M1X1,040410EB,80:821F:E0M0X0,040410F8
80:821D:E1M1X1,040410EF,80:821F:E1M1X1,040410FF
80:821F:E0M0X0,040410F8,80:8221:E0M0X0,04041108
80:821F:E1M1X1,040410FF,80:8221:E1M1X1,0404110F
80:8221:E0M0X0,04041108,80:8223:E0M0X0,04041118
80:8221:E1M1X1,0404110F,80:8223:E1M1X1,0404111F
80:8223:E0M0X0,04041118,80:8225:E0M0X0,04041128
80:8223:E1M1X1,0404111F,80:8225:E1M1X1,0404112F
80:8225:E0M0X0,04041128,80:8226:E0M0X0,04041130
80:8225:E1M1X1,0404112F,80:8226:E1M1X1,04041137
80:8226:E0M0X0,04041130,80:8227:E0M0X0,04041138
80:8226:E0M0X0,04041130,80:8227:E0M0X1,04041139
80:8226:E0M0X0,04041130,80:8227:E0M1X0,0404113A
80:8226:E0M0X0,04041130,80:8227:E0M1X1,0404113B
80:8226:E1M1X1,04041137,80:8227:E1M1X1,0404113F
80:82F7:E0M0X0,040417B8,80:82F8:E0M0X0,040417C0
80:82F8:E0M0X0,040417C0,80:82F9:E0M0X0,040417C8
80:82F9:E0M0X0,040417C8,80:82FA:E0M0X0,040417D0
80:82FA:E0M0X0,040417D0,80:82FF:E0M0X0,040417F8
80:82FD:E0M0X0,040417E8,80:82FE:E0M0X0,040417F0
80:82FE:E0M0X0,040417F0,81:9D85:E0M0X0,040CEC28
80:82FE:E0M0X0,040417F0,81:9E9D:E0M0X0,040CF4E8
80:82FE:E0M0X0,040417F0,81:A573:E0M0X0,040D2B98
80:82FE:E0M0X0,040417F0,81:AF84:E0M0X0,040D7C20
80:82FF:E0M0X0,040417F8,80:8301:E0M0X0,04041808
80:8301:E0M0X0,04041808,80:8320:E0M0X0,04041900
80:8304:E0M0X0,04041820,80:8305:E0M0X0,04041828
80:8305:E0M0X0,04041828,80:8306:E0M0X0,04041830
80:8306:E0M0X0,04041830,80:8308:E0M0X0,04041840
80:8308:E0M0X0,04041840,80:8309:E0M0X0,04041848
80:8309:E0M0X0,04041848,80:830C:E0M0X0,04041860
80:830C:E0M0X0,04041860,80:830F:E0M0X0,04041878
80:830F:E0M0X0,04041878,80:852C:E0M0X0,04042960
80:8312:E0M0X0,04041890,80:8313:E0M0X0,04041898
80:8313:E0M0X0,04041898,80:8314:E0M0X0,040418A0
80:8314:E0M0X0,040418A0,80:8315:E0M0X0,040418A8
80:8315:E0M0X0,040418A8,80:8316:E0M0X0,040418B0
80:8316:E0M0X0,040418B0,80:8317:E0M0X0,040418B8
80:8317:E0M0X0,040418B8,80:82FD:E0M0X0,040417E8
80:8320:E0M0X0,04041900,80:8321:E0M0X0,04041908
80:8321:E0M0X0,04041908,80:8322:E0M0X0,04041910
80:8322:E0M0X0,04041910,80:8323:E0M0X0,04041918
80:8323:E0M0X0,04041918,80:8326:E0M0X0,04041930
80:8326:E0M0X0,04041930,80:8328:E0M0X0,04041940
80:8328:E0M0X0,04041940,80:832B:E0M0X0,04041958
80:832B:E0M0X0,04041958,80:832D:E0M0X0,04041968
80:832D:E0M0X0,04041968,80:832F:E0M0X0,04041978
80:832F:E0M0X0,04041978,80:8330:E0M0X0,04041980
80:8330:E0M0X0,04041980,80:8333:E0M0X0,04041998
80:8333:E0M0X0,04041998,80:8334:E0M0X0,040419A0
80:8334:E0M0X0,040419A0,80:8335:E0M0X0,040419A8
80:8335:E0M0X0,040419A8,80:8336:E0M0X0,040419B0
80:8336:E0M0X0,040419B0,80:8338:E0M0X0,040419C0
80:8338:E0M0X0,040419C0,80:833B:E0M0X0,040419D8
80:833B:E0M0X0,040419D8,80:8304:E0M0X0,04041820
80:833B:E0M0X0,040419D8,80:8367:E0M0X0,04041B38
80:833B:E0M0X0,040419D8,80:83A7:E0M0X0,04041D38
80:835B:E0M0X0,04041AD8,80:835C:E0M0X0,04041AE0
80:835C:E0M0X0,04041AE0,80:835D:E0M0X0,04041AE8
80:835D:E0M0X0,04041AE8,80:835E:E0M0X0,04041AF0
80:835E:E0M0X0,04041AF0,80:8363:E0M0X0,04041B18
80:8361:E0M0X0,04041B08,80:8362:E0M0X0,04041B10
80:8363:E0M0X0,04041B18,80:8364:E0M0X0,04041B20
80:8364:E0M0X0,04041B20,80:8320:E0M0X0,04041900
80:8367:E0M0X0,04041B38,80:8368:E0M0X0,04041B40
80:8368:E0M0X0,04041B40,80:8369:E0M0X0,04041B48
80:8369:E0M0X0,04041B48,80:836A:E0M0X0,04041B50
80:836A:E0M0X0,04041B50,80:836B:E0M0X0,04041B58
80:836B:E0M0X0,04041B58,80:836E:E0M0X0,04041B70
80:836E:E0M0X0,04041B70,80:8371:E0M0X0,04041B88
80:8371:E0M0X0,04041B88,80:83CE:E0M0X0,04041E70
80:8374:E0M0X0,04041BA0,80:8375:E0M0X0,04041BA8
80:8375:E0M0X0,04041BA8,80:8376:E0M0X0,04041BB0
80:8376:E0M0X0,04041BB0,80:8377:E0M0X0,04041BB8
80:8377:E0M0X0,04041BB8,80:8378:E0M0X0,04041BC0
80:8378:E0M0X0,04041BC0,80:8379:E0M0X0,04041BC8
80:8379:E0M0X0,04041BC8,80:8361:E0M0X0,04041B08
80:839B:E0M0X0,04041CD8,80:839C:E0M0X0,04041CE0
80:839C:E0M0X0,04041CE0,80:839D:E0M0X0,04041CE8
80:839D:E0M0X0,04041CE8,80:839E:E0M0X0,04041CF0
80:839E:E0M0X0,04041CF0,80:83A3:E0M0X0,04041D18
80:83A1:E0M0X0,04041D08,80:83A2:E0M0X0,04041D10
80:83A2:E0M0X0,04041D10,81:9D61:E0M0X0,040CEB08
80:83A2:E0M0X0,04041D10,81:9D78:E0M0X0,040CEBC0
80:83A2:E0M0X0,04041D10,81:9D7D:E0M0X0,040CEBE8
80:83A2:E0M0X0,04041D10,81:9E8B:E0M0X0,040CF458
80:83A2:E0M0X0,04041D10,81:A569:E0M0X0,040D2B48
80:83A2:E0M0X0,04041D10,81:AF7A:E0M0X0,040D7BD0
80:83A3:E0M0X0,04041D18,80:83A4:E0M0X0,04041D20
80:83A4:E0M0X0,04041D20,80:8320:E0M0X0,04041900
80:83A7:E0M0X0,04041D38,80:83A8:E0M0X0,04041D40
80:83A8:E0M0X0,04041D40,80:83A9:E0M0X0,04041D48
80:83A9:E0M0X0,04041D48,80:83AA:E0M0X0,04041D50
80:83AA:E0M0X0,04041D50,80:83AB:E0M0X0,04041D58
80:83AB:E0M0X0,04041D58,80:83AC:E0M0X0,04041D60
80:83AC:E0M0X0,04041D60,80:83AD:E0M0X0,04041D68
80:83AD:E0M0X0,04041D68,80:83AE:E0M0X0,04041D70
80:83AE:E0M0X0,04041D70,80:83B1:E0M0X0,04041D88
80:83B1:E0M0X0,04041D88,80:83B2:E0M0X0,04041D90
80:83B2:E0M0X0,04041D90,80:83B5:E0M0X0,04041DA8
80:83B5:E0M0X0,04041DA8,80:83B8:E0M0X0,04041DC0
80:83B8:E0M0X0,04041DC0,80:83BB:E0M0X0,04041DD8
80:83BB:E0M0X0,04041DD8,80:83BD:E0M0X0,04041DE8
80:83BB:E0M0X0,04041DD8,80:83C2:E0M0X0,04041E10
80:83BD:E0M0X0,04041DE8,80:852C:E0M0X0,04042960
80:83C0:E0M0X0,04041E00,80:83C5:E0M0X0,04041E28
80:83C2:E0M0X0,04041E10,80:83CE:E0M0X0,04041E70
80:83C5:E0M0X0,04041E28,80:83C6:E0M0X0,04041E30
80:83C6:E0M0X0,04041E30,80:83C7:E0M0X0,04041E38
80:83C7:E0M0X0,04041E38,80:83C8:E0M0X0,04041E40
80:83C8:E0M0X0,04041E40,80:83CB:E0M0X0,04041E58
80:83CB:E0M0X0,04041E58,80:83CC:E0M0X0,04041E60
80:83CC:E0M0X0,04041E60,80:83CD:E0M0X0,04041E68
80:83CD:E0M0X0,04041E68,80:83A1:E0M0X0,04041D08
80:83CE:E0M0X0,04041E70,80:83D1:E0M0X0,04041E88
80:83D1:E0M0X0,04041E88,80:83D4:E0M0X0,04041EA0
80:83D4:E0M0X0,04041EA0,80:83D6:E0M0X0,04041EB0
80:83D6:E0M0X0,04041EB0,80:83D9:E0M0X0,04041EC8
80:83D9:E0M0X0,04041EC8,80:83DB:E0M0X0,04041ED8
80:83DB:E0M0X0,04041ED8,80:83DD:E0M0X0,04041EE8
80:83DD:E0M0X0,04041EE8,80:83DF:E0M0X0,04041EF8
80:83DF:E0M0X0,04041EF8,80:83E1:E0M0X0,04041F08
80:83E1:E0M0X0,04041F08,80:83E3:E0M0X0,04041F18
80:83E3:E0M0X0,04041F18,80:83E5:E0M0X0,04041F28
80:83E5:E0M0X0,04041F28,80:83E7:E0M0X0,04041F38
80:83E7:E0M0X0,04041F38,80:83EA:E0M0X0,04041F50
80:83EA:E0M0X0,04041F50,80:83EC:E0M0X0,04041F60
80:83EC:E0M0X0,04041F60,80:83EE:E0M0X0,04041F70
80:83EE:E0M0X0,04041F70,80:83F0:E0M0X0,04041F80
80:83F0:E0M0X0,04041F80,80:83F2:E0M0X0,04041F90
80:83F2:E0M0X0,04041F90,80:83F4:E0M0X0,04041FA0
80:83F4:E0M0X0,04041FA0,80:83F6:E0M0X0,04041FB0
80:83F4:E0M0X0,04041FA0,80:83FD:E0M0X0,04041FE8
80:83F6:E0M0X0,04041FB0,80:83F9:E0M0X0,04041FC8
80:83F9:E0M0X0,04041FC8,80:83FB:E0M0X0,04041FD8
80:83FB:E0M0X0,04041FD8,80:83FD:E0M0X0,04041FE8
80:83FD:E0M0X0,04041FE8,80:83FF:E0M1X0,04041FFA
80:83FF:E0M1X0,04041FFA,80:8401:E0M1X0,0404200A
80:8401:E0M1X0,0404200A,80:8403:E0M1X0,0404201A
80:8403:E0M1X0,0404201A,80:8405:E0M0X0,04042028
80:8405:E0M0X0,04042028,80:8407:E0M0X0,04042038
80:8407:E0M0X0,04042038,80:8409:E0M0X0,04042048
80:8407:E0M0X0,04042038,80:8410:E0M0X0,04042080
80:8409:E0M0X0,04042048,80:840C:E0M0X0,04042060
80:840C:E0M0X0,04042060,80:840E:E0M0X0,04042070
80:840E:E0M0X0,04042070,80:8410:E0M0X0,04042080
80:8410:E0M0X0,04042080,80:8413:E0M0X0,04042098
80:8413:E0M0X0,04042098,80:8414:E0M0X0,040420A0
80:8414:E0M0X0,040420A0,80:8416:E0M0X0,040420B0
80:8416:E0M0X0,040420B0,80:8418:E0M0X0,040420C0
80:8418:E0M0X0,040420C0,80:841B:E0M0X0,040420D8
80:841B:E0M0X0,040420D8,80:841E:E0M0X0,040420F0
80:841E:E0M0X0,040420F0,80:8420:E0M0X0,04042100
80:8420:E0M0X0,04042100,80:8421:E0M0X0,04042108
80:8421:E0M0X0,04042108,80:8422:E0M0X0,04042110
80:8422:E0M0X0,04042110,80:841E:E0M0X0,040420F0
80:8422:E0M0X0,04042110,80:8424:E0M0X0,04042120
80:8424:E0M0X0,04042120,80:8427:E0M0X0,04042138
80:8427:E0M0X0,04042138,80:8429:E0M0X0,04042148
80:8429:E0M0X0,04042148,80:842B:E0M0X0,04042158
80:842B:E0M0X0,04042158,80:842D:E0M0X0,04042168
80:842D:E0M0X0,04042168,80:8430:E0M0X0,04042180
80:8430:E0M0X0,04042180,80:8432:E0M0X0,04042190
80:8430:E0M0X0,04042180,80:8446:E0M0X0,04042230
80:8432:E0M0X0,04042190,80:8434:E0M0X0,040421A0
80:8434:E0M0X0,040421A0,80:8436:E0M0X0,040421B0
80:8436:E0M0X0,040421B0,80:8438:E0M0X0,040421C0
80:8436:E0M0X0,040421B0,80:8441:E0M0X0,04042208
80:8438:E0M0X0,040421C0,80:8439:E0M0X0,040421C8
80:8439:E0M0X0,040421C8,80:843C:E0M0X0,040421E0
80:843C:E0M0X0,040421E0,80:843E:E0M0X0,040421F0
80:843E:E0M0X0,040421F0,80:843F:E0M0X0,040421F8
80:843F:E0M0X0,040421F8,80:8441:E0M0X0,04042208
80:8441:E0M0X0,04042208,80:8444:E0M0X0,04042220
80:8444:E0M0X0,04042220,80:8446:E0M0X0,04042230
80:8446:E0M0X0,04042230,80:8447:E0M0X0,04042238
80:8447:E0M0X0,04042238,80:8449:E0M0X0,04042248
80:8447:E0M0X0,04042238,80:847A:E0M0X0,040423D0
80:8449:E0M0X0,04042248,80:844B:E0M1X0,0404225A
80:844B:E0M1X0,0404225A,80:844D:E0M1X0,0404226A
80:844D:E0M1X0,0404226A,80:844F:E0M1X0,0404227A
80:844F:E0M1X0,0404227A,80:84E0:E0M1X0,04042702
80:8452:E0M1X0,04042292,80:8454:E0M0X0,040422A0
80:8454:E0M0X0,040422A0,80:8456:E0M0X0,040422B0
80:8456:E0M0X0,040422B0,80:8458:E0M0X0,040422C0
80:8456:E0M0X0,040422B0,80:8459:E0M0X0,040422C8
80:8458:E0M0X0,040422C0,80:8374:E0M0X0,04041BA0
80:8458:E0M0X0,040422C0,80:83C5:E0M0X0,04041E28
80:8459:E0M0X0,040422C8,80:845B:E0M0X0,040422D8
80:845B:E0M0X0,040422D8,80:845D:E0M0X0,040422E8
80:845B:E0M0X0,040422D8,80:8468:E0M0X0,04042340
80:845D:E0M0X0,040422E8,80:845E:E0M0X0,040422F0
80:845E:E0M0X0,040422F0,80:8460:E0M0X0,04042300
80:8460:E0M0X0,04042300,80:8463:E0M0X0,04042318
80:8463:E0M0X0,04042318,80:8465:E0M0X0,04042328
80:8465:E0M0X0,04042328,80:8466:E0M0X0,04042330
80:8466:E0M0X0,04042330,80:8468:E0M0X0,04042340
80:8468:E0M0X0,04042340,80:846A:E0M0X0,04042350
80:846A:E0M0X0,04042350,80:846C:E0M0X0,04042360
80:846A:E0M0X0,04042350,80:846E:E0M0X0,04042370
80:846C:E0M0X0,04042360,80:846E:E0M0X0,04042370
80:846E:E0M0X0,04042370,80:846F:E0M0X0,04042378
80:846F:E0M0X0,04042378,80:8429:E0M0X0,04042148
80:846F:E0M0X0,04042378,80:8471:E0M0X0,04042388
80:8471:E0M0X0,04042388,80:8474:E0M0X0,040423A0
80:8474:E0M0X0,040423A0,80:8476:E0M0X0,040423B0
80:8476:E0M0X0,040423B0,80:8478:E0M0X0,040423C0
80:8478:E0M0X0,040423C0,80:8429:E0M0X0,04042148
80:847A:E0M0X0,040423D0,80:847C:E0M0X0,040423E0
80:847C:E0M0X0,040423E0,80:847E:E0M0X0,040423F0
80:847E:E0M0X0,040423F0,80:8480:E0M0X0,04042400
80:8480:E0M0X0,04042400,80:8482:E0M0X0,04042410
80:8480:E0M0X0,04042400,80:8489:E0M0X0,04042448
80:8482:E0M0X0,04042410,80:8485:E0M0X0,04042428
80:8485:E0M0X0,04042428,80:8487:E0M0X0,04042438
80:8487:E0M0X0,04042438,80:8489:E0M0X0,04042448
80:8489:E0M0X0,04042448,80:848B:E0M1X0,0404245A
80:848B:E0M1X0,0404245A,80:848D:E0M1X0,0404246A
80:848D:E0M1X0,0404246A,80:848F:E0M1X0,0404247A
80:848F:E0M1X0,0404247A,80:8491:E0M0X0,04042488
80:8491:E0M0X0,04042488,80:8493:E0M0X0,04042498
80:8493:E0M0X0,04042498,80:8495:E0M0X0,040424A8
80:8493:E0M0X0,04042498,80:849C:E0M0X0,040424E0
80:8495:E0M0X0,040424A8,80:8498:E0M0X0,040424C0
80:8498:E0M0X0,040424C0,80:849A:E0M0X0,040424D0
80:849A:E0M0X0,040424D0,80:849C:E0M0X0,040424E0
80:849C:E0M0X0,040424E0,80:849E:E0M0X0,040424F0
80:849E:E0M0X0,040424F0,80:84A1:E0M0X0,04042508
80:84A1:E0M0X0,04042508,80:84A2:E0M0X0,04042510
80:84A2:E0M0X0,04042510,80:84A4:E0M0X0,04042520
80:84A4:E0M0X0,04042520,80:84A7:E0M0X0,04042538
80:84A7:E0M0X0,04042538,80:84A8:E0M0X0,04042540
80:84A8:E0M0X0,04042540,80:84A9:E0M0X0,04042548
80:84A9:E0M0X0,04042548,80:84AA:E0M0X0,04042550
80:84AA:E0M0X0,04042550,80:84AB:E0M0X0,04042558
80:84AB:E0M0X0,04042558,80:84AC:E0M0X0,04042560
80:84AC:E0M0X0,04042560,80:84AF:E0M0X0,04042578
80:84AF:E0M0X0,04042578,80:84B1:E0M0X0,04042588
80:84B1:E0M0X0,04042588,80:84B3:E0M1X0,0404259A
80:84B3:E0M1X0,0404259A,80:84B5:E0M1X0,040425AA
80:84B5:E0M1X0,040425AA,80:84B7:E0M1X0,040425BA
80:84B7:E0M1X0,040425BA,80:84E0:E0M1X0,04042702
80:84BA:E0M1X0,040425D2,80:84BC:E0M0X0,040425E0
80:84BC:E0M0X0,040425E0,80:84BE:E0M0X0,040425F0
80:84BE:E0M0X0,040425F0,80:8458:E0M0X0,040422C0
80:84BE:E0M0X0,040425F0,80:84C0:E0M0X0,04042600
80:84C0:E0M0X0,04042600,80:84C2:E0M0X0,04042610
80:84C2:E0M0X0,04042610,80:84C4:E0M0X0,04042620
80:84C2:E0M0X0,04042610,80:84C6:E0M0X0,04042630
80:84C4:E0M0X0,04042620,80:84C6:E0M0X0,04042630
80:84C6:E0M0X0,04042630,80:84C7:E0M0X0,04042638
80:84C7:E0M0X0,04042638,80:84CA:E0M0X0,04042650
80:84CA:E0M0X0,04042650,80:84CC:E0M0X0,04042660
80:84CA:E0M0X0,04042650,80:84CF:E0M0X0,04042678
80:84CC:E0M0X0,04042660,80:84CF:E0M0X0,04042678
80:84CF:E0M0X0,04042678,80:84D0:E0M0X0,04042680
80:84D0:E0M0X0,04042680,80:84D2:E0M0X0,04042690
80:84D0:E0M0X0,04042680,80:84D9:E0M0X0,040426C8
80:84D2:E0M0X0,04042690,80:84D5:E0M0X0,040426A8
80:84D5:E0M0X0,040426A8,80:84D7:E0M0X0,040426B8
80:84D7:E0M0X0,040426B8,80:84D9:E0M0X0,040426C8
80:84D9:E0M0X0,040426C8,80:84DB:E0M0X0,040426D8
80:84DB:E0M0X0,040426D8,80:84B1:E0M0X0,04042588
80:84DB:E0M0X0,040426D8,80:84DD:E0M0X0,040426E8
80:84DD:E0M0X0,040426E8,80:8429:E0M0X0,04042148
80:84E0:E0M1X0,04042702,80:84E1:E0M1X0,0404270A
80:84E1:E0M1X0,0404270A,80:84E3:E0M1X0,0404271A
80:84E3:E0M1X0,0404271A,80:84E5:E0M1X0,0404272A
80:84E5:E0M1X0,0404272A,80:84E7:E0M1X0,0404273A
80:84E7:E0M1X0,0404273A,80:84E9:E0M1X0,0404274A
80:84E7:E0M1X0,0404273A,80:84ED:E0M1X0,0404276A
80:84E9:E0M1X0,0404274A,80:84EA:E0M1X0,04042752
80:84EA:E0M1X0,04042752,80:84EC:E0M1X0,04042762
80:84EC:E0M1X0,04042762,80:8452:E0M1X0,04042292
80:84EC:E0M1X0,04042762,80:84BA:E0M1X0,040425D2
80:84ED:E0M1X0,0404276A,80:84EF:E0M1X0,0404277A
80:84EF:E0M1X0,0404277A,80:84F2:E0M1X0,04042792
80:84F2:E0M1X0,04042792,80:84F3:E0M1X0,0404279A
80:84F3:E0M1X0,0404279A,80:84F6:E0M1X0,040427B2
80:84F6:E0M1X0,040427B2,80:8452:E0M1X0,04042292
80:84F6:E0M1X0,040427B2,80:84BA:E0M1X0,040425D2
80:852C:E0M0X0,04042960,80:852F:E0M0X0,04042978
80:852F:E0M0X0,04042978,80:8531:E0M0X0,04042988
80:8531:E0M0X0,04042988,80:8533:E0M0X0,04042998
80:8533:E0M0X0,04042998,80:8535:E0M0X0,040429A8
80:8535:E0M0X0,040429A8,80:8537:E0M0X0,040429B8
80:8537:E0M0X0,040429B8,80:8539:E0M0X0,040429C8
80:8539:E0M0X0,040429C8,80:853B:E0M0X0,040429D8
80:853B:E0M0X0,040429D8,80:853D:E0M0X0,040429E8
80:853D:E0M0X0,040429E8,80:853F:E0M0X0,040429F8
80:853F:E0M0X0,040429F8,80:8541:E0M0X0,04042A08
80:8541:E0M0X0,04042A08,80:8543:E0M0X0,04042A18
80:8543:E0M0X0,04042A18,80:8546:E0M0X0,04042A30
80:8546:E0M0X0,04042A30,80:8548:E0M0X0,04042A40
80:8548:E0M0X0,04042A40,80:854A:E0M0X0,04042A50
80:854A:E0M0X0,04042A50,80:854C:E0M0X0,04042A60
80:854C:E0M0X0,04042A60,80:854E:E0M0X0,04042A70
80:854E:E0M0X0,04042A70,80:8550:E0M0X0,04042A80
80:854E:E0M0X0,04042A70,80:8557:E0M0X0,04042AB8
80:8550:E0M0X0,04042A80,80:8553:E0M0X0,04042A98
80:8553:E0M0X0,04042A98,80:8555:E0M0X0,04042AA8
80:8555:E0M0X0,04042AA8,80:8557:E0M0X0,04042AB8
80:8557:E0M0X0,04042AB8,80:8559:E0M0X0,04042AC8
80:8559:E0M0X0,04042AC8,80:855B:E0M0X0,04042AD8
80:855B:E0M0X0,04042AD8,80:855D:E0M0X0,04042AE8
80:855D:E0M0X0,04042AE8,80:855F:E0M0X0,04042AF8
80:855D:E0M0X0,04042AE8,80:8566:E0M0X0,04042B30
80:855F:E0M0X0,04042AF8,80:8562:E0M0X0,04042B10
80:8562:E0M0X0,04042B10,80:8564:E0M0X0,04042B20
80:8564:E0M0X0,04042B20,80:8566:E0M0X0,04042B30
80:8566:E0M0X0,04042B30,80:8568:E0M1X0,04042B42
80:8568:E0M1X0,04042B42,80:856A:E0M1X0,04042B52
80:856A:E0M1X0,04042B52,80:856C:E0M0X0,04042B60
80:856C:E0M0X0,04042B60,80:856F:E0M0X0,04042B78
80:856F:E0M0X0,04042B78,80:8572:E0M0X0,04042B90
80:8572:E0M0X0,04042B90,80:8574:E0M0X0,04042BA0
80:8574:E0M0X0,04042BA0,80:8575:E0M0X0,04042BA8
80:8575:E0M0X0,04042BA8,80:8576:E0M0X0,04042BB0
80:8576:E0M0X0,04042BB0,80:8572:E0M0X0,04042B90
80:8576:E0M0X0,04042BB0,80:8578:E0M0X0,04042BC0
80:8578:E0M0X0,04042BC0,80:857B:E0M0X0,04042BD8
80:857B:E0M0X0,04042BD8,80:857D:E0M0X0,04042BE8
80:857D:E0M0X0,04042BE8,80:857F:E0M0X0,04042BF8
80:857F:E0M0X0,04042BF8,80:8580:E0M0X0,04042C00
80:8580:E0M0X0,04042C00,80:8582:E0M0X0,04042C10
80:8582:E0M0X0,04042C10,80:8585:E0M0X0,04042C28
80:8585:E0M0X0,04042C28,80:8587:E0M0X0,04042C38
80:8585:E0M0X0,04042C28,80:8599:E0M0X0,04042CC8
80:8587:E0M0X0,04042C38,80:8589:E0M0X0,04042C48
80:8589:E0M0X0,04042C48,80:858B:E0M0X0,04042C58
80:858B:E0M0X0,04042C58,80:858D:E0M0X0,04042C68
80:858B:E0M0X0,04042C58,80:8594:E0M0X0,04042CA0
80:858D:E0M0X0,04042C68,80:8590:E0M0X0,04042C80
80:8590:E0M0X0,04042C80,80:8592:E0M0X0,04042C90
80:8592:E0M0X0,04042C90,80:8594:E0M0X0,04042CA0
80:8594:E0M0X0,04042CA0,80:8597:E0M0X0,04042CB8
80:8597:E0M0X0,04042CB8,80:8599:E0M0X0,04042CC8
80:8599:E0M0X0,04042CC8,80:859A:E0M0X0,04042CD0
80:859A:E0M0X0,04042CD0,80:859C:E0M0X0,04042CE0
80:859A:E0M0X0,04042CD0,80:85CE:E0M0X0,04042E70
80:859C:E0M0X0,04042CE0,80:859E:E0M0X0,04042CF0
80:859E:E0M0X0,04042CF0,80:85A0:E0M0X0,04042D00
80:85A0:E0M0X0,04042D00,80:85A2:E0M0X0,04042D10
80:85A0:E0M0X0,04042D00,80:85A9:E0M0X0,04042D48
80:85A2:E0M0X0,04042D10,80:85A5:E0M0X0,04042D28
80:85A5:E0M0X0,04042D28,80:85A7:E0M0X0,04042D38
80:85A7:E0M0X0,04042D38,80:85A9:E0M0X0,04042D48
80:85A9:E0M0X0,04042D48,80:85AB:E0M1X0,04042D5A
80:85AB:E0M1X0,04042D5A,80:85AD:E0M1X0,04042D6A
80:85AD:E0M1X0,04042D6A,80:85AF:E0M1X0,04042D7A
80:85AF:E0M1X0,04042D7A,80:85B1:E0M0X0,04042D88
80:85B1:E0M0X0,04042D88,80:85B3:E0M0X0,04042D98
80:85B3:E0M0X0,04042D98,80:85B5:E0M0X0,04042DA8
80:85B3:E0M0X0,04042D98,80:85B6:E0M0X0,04042DB0
80:85B5:E0M0X0,04042DA8,80:8312:E0M0X0,04041890
80:85B5:E0M0X0,04042DA8,80:83C0:E0M0X0,04041E00
80:85B6:E0M0X0,04042DB0,80:85B8:E0M0X0,04042DC0
80:85B8:E0M0X0,04042DC0,80:85BA:E0M0X0,04042DD0
80:85B8:E0M0X0,04042DC0,80:85BC:E0M0X0,04042DE0
80:85BA:E0M0X0,04042DD0,80:85BC:E0M0X0,04042DE0
80:85BC:E0M0X0,04042DE0,80:85BE:E0M0X0,04042DF0
80:85BE:E0M0X0,04042DF0,80:85C0:E0M0X0,04042E00
80:85BE:E0M0X0,04042DF0,80:85C2:E0M0X0,04042E10
80:85C0:E0M0X0,04042E00,80:85C2:E0M0X0,04042E10
80:85C2:E0M0X0,04042E10,80:85C3:E0M0X0,04042E18
80:85C3:E0M0X0,04042E18,80:857D:E0M0X0,04042BE8
80:85C3:E0M0X0,04042E18,80:85C5:E0M0X0,04042E28
80:85C5:E0M0X0,04042E28,80:85C8:E0M0X0,04042E40
80:85C8:E0M0X0,04042E40,80:85CA:E0M0X0,04042E50
80:85CA:E0M0X0,04042E50,80:85CC:E0M0X0,04042E60
80:85CC:E0M0X0,04042E60,80:857D:E0M0X0,04042BE8
80:85CE:E0M0X0,04042E70,80:85D0:E0M0X0,04042E80
80:85D0:E0M0X0,04042E80,80:85D2:E0M0X0,04042E90
80:85D2:E0M0X0,04042E90,80:85D4:E0M0X0,04042EA0
80:85D2:E0M0X0,04042E90,80:85DB:E0M0X0,04042ED8
80:85D4:E0M0X0,04042EA0,80:85D7:E0M0X0,04042EB8
80:85D7:E0M0X0,04042EB8,80:85D9:E0M0X0,04042EC8
80:85D9:E0M0X0,04042EC8,80:85DB:E0M0X0,04042ED8
80:85DB:E0M0X0,04042ED8,80:85DD:E0M0X0,04042EE8
80:85DD:E0M0X0,04042EE8,80:85DF:E0M0X0,04042EF8
80:85DF:E0M0X0,04042EF8,80:85E1:E0M0X0,04042F08
80:85E1:E0M0X0,04042F08,80:85E3:E0M0X0,04042F18
80:85E1:E0M0X0,04042F08,80:85EA:E0M0X0,04042F50
80:85E3:E0M0X0,04042F18,80:85E6:E0M0X0,04042F30
80:85E6:E0M0X0,04042F30,80:85E8:E0M0X0,04042F40
80:85E8:E0M0X0,04042F40,80:85EA:E0M0X0,04042F50
80:85EA:E0M0X0,04042F50,80:85EC:E0M1X0,04042F62
80:85EC:E0M1X0,04042F62,80:85EE:E0M1X0,04042F72
80:85EE:E0M1X0,04042F72,80:85F0:E0M0X0,04042F80
80:85F0:E0M0X0,04042F80,80:85F2:E0M0X0,04042F90
80:85F2:E0M0X0,04042F90,80:85F5:E0M0X0,04042FA8
80:85F5:E0M0X0,04042FA8,80:85F6:E0M0X0,04042FB0
80:85F6:E0M0X0,04042FB0,80:85F8:E0M0X0,04042FC0
80:85F8:E0M0X0,04042FC0,80:85FB:E0M0X0,04042FD8
80:85FB:E0M0X0,04042FD8,80:85FC:E0M0X0,04042FE0
80:85FC:E0M0X0,04042FE0,80:85FD:E0M0X0,04042FE8
80:85FD:E0M0X0,04042FE8,80:85FE:E0M0X0,04042FF0
80:85FE:E0M0X0,04042FF0,80:85FF:E0M0X0,04042FF8
80:85FF:E0M0X0,04042FF8,80:8600:E0M0X0,04043000
80:8600:E0M0X0,04043000,80:8603:E0M0X0,04043018
80:8603:E0M0X0,04043018,80:8605:E0M0X0,04043028
80:8605:E0M0X0,04043028,80:8607:E0M1X0,0404303A
80:8607:E0M1X0,0404303A,80:8609:E0M1X0,0404304A
80:8609:E0M1X0,0404304A,80:860B:E0M1X0,0404305A
80:860B:E0M1X0,0404305A,80:860D:E0M1X0,0404306A
80:860D:E0M1X0,0404306A,80:860F:E0M0X0,04043078
80:860F:E0M0X0,04043078,80:8611:E0M0X0,04043088
80:8611:E0M0X0,04043088,80:85B5:E0M0X0,04042DA8
80:8611:E0M0X0,04043088,80:8613:E0M0X0,04043098
80:8613:E0M0X0,04043098,80:8615:E0M0X0,040430A8
80:8615:E0M0X0,040430A8,80:8617:E0M0X0,040430B8
80:8615:E0M0X0,040430A8,80:8619:E0M0X0,040430C8
80:8617:E0M0X0,040430B8,80:8619:E0M0X0,040430C8
80:8619:E0M0X0,040430C8,80:861B:E0M0X0,040430D8
80:861B:E0M0X0,040430D8,80:861D:E0M0X0,040430E8
80:861B:E0M0X0,040430D8,80:861F:E0M0X0,040430F8
80:861D:E0M0X0,040430E8,80:861F:E0M0X0,040430F8
80:861F:E0M0X0,040430F8,80:8620:E0M0X0,04043100
80:8620:E0M0X0,04043100,80:8623:E0M0X0,04043118
80:8623:E0M0X0,04043118,80:8625:E0M0X0,04043128
80:8623:E0M0X0,04043118,80:8628:E0M0X0,04043140
80:8625:E0M0X0,04043128,80:8628:E0M0X0,04043140
80:8628:E0M0X0,04043140,80:8629:E0M0X0,04043148
80:8629:E0M0X0,04043148,80:862B:E0M0X0,04043158
80:8629:E0M0X0,04043148,80:8632:E0M0X0,04043190
80:862B:E0M0X0,04043158,80:862E:E0M0X0,04043170
80:862E:E0M0X0,04043170,80:8630:E0M0X0,04043180
80:8630:E0M0X0,04043180,80:8632:E0M0X0,04043190
80:8632:E0M0X0,04043190,80:8634:E0M0X0,040431A0
80:8634:E0M0X0,040431A0,80:8605:E0M0X0,04043028
80:8634:E0M0X0,040431A0,80:8636:E0M0X0,040431B0
80:8636:E0M0X0,040431B0,80:857D:E0M0X0,04042BE8
80:A1F2:E0M1X1,04050F93,80:A1F3:E0M1X1,04050F9B
80:A1F3:E0M1X1,04050F9B,80:A1F4:E0M1X1,04050FA3
80:A1F4:E0M1X1,04050FA3,80:A1F5:E0M1X1,04050FAB
80:A1F5:E0M1X1,04050FAB,80:A1FA:E0M1X1,04050FD3
80:A1F8:E0M1X1,04050FC3,80:A1F9:E0M1X1,04050FCB
80:A1F9:E0M1X1,04050FCB,81:9E11:E0M1X1,040CF08B
80:A1FA:E0M1X1,04050FD3,80:A1FC:E0M0X0,04050FE0
80:A1FC:E0M0X0,04050FE0,80:A1FF:E0M0X0,04050FF8
80:A1FF:E0M0X0,04050FF8,80:A202:E0M0X0,04051010
80:A202:E0M0X0,04051010,80:A205:E0M0X0,04051028
80:A205:E0M0X0,04051028,80:A208:E0M0X0,04051040
80:A208:E0M0X0,04051040,80:A20B:E0M0X0,04051058
80:A20B:E0M0X0,04051058,80:A20E:E0M0X0,04051070
80:A20E:E0M0X0,04051070,80:A211:E0M0X0,04051088
80:A211:E0M0X0,04051088,80:A214:E0M0X0,040510A0
80:A214:E0M0X0,040510A0,80:A215:E0M0X0,040510A8
80:A215:E0M0X0,040510A8,80:A211:E0M0X0,04051088
80:A215:E0M0X0,040510A8,80:A217:E0M0X0,040510B8
80:A217:E0M0X0,040510B8,80:A219:E0M1X1,040510CB
80:A219:E0M1X1,040510CB,80:A1F8:E0M1X1,04050FC3
80:A21A:E0M0X0,040510D0,80:A21B:E0M0X0,040510D8
80:A21B:E0M0X0,040510D8,80:A21C:E0M0X0,040510E0
80:A21C:E0M0X0,040510E0,80:A21D:E0M0X0,040510E8
80:A21D:E0M0X0,040510E8,80:A21E:E0M0X0,040510F0
80:A21E:E0M0X0,040510F0,80:A21F:E0M0X0,040510F8
80:A21F:E0M0X0,040510F8,80:A226:E0M0X0,04051130
80:A222:E0M0X0,04051110,80:A223:E0M0X0,04051118
80:A223:E0M0X0,04051118,80:A224:E0M0X0,04051120
80:A224:E0M0X0,04051120,80:A225:E0M0X0,04051128
80:A225:E0M0X0,04051128,81:9EBF:E0M0X0,040CF5F8
80:A226:E0M0X0,04051130,80:A229:E0M0X0,04051148
80:A229:E0M0X0,04051148,80:A22C:E0M0X0,04051160
80:A22C:E0M0X0,04051160,80:A22E:E0M0X0,04051170
80:A22E:E0M0X0,04051170,80:A22F:E0M0X0,04051178
80:A22F:E0M0X0,04051178,80:A230:E0M0X0,04051180
80:A230:E0M0X0,04051180,80:A231:E0M0X0,04051188
80:A231:E0M0X0,04051188,80:A232:E0M0X0,04051190
80:A232:E0M0X0,04051190,80:A233:E0M0X0,04051198
80:A233:E0M0X0,04051198,80:A236:E0M0X0,040511B0
80:A236:E0M0X0,040511B0,80:A238:E0M0X0,040511C0
80:A238:E0M0X0,040511C0,80:A23A:E0M0X0,040511D0
80:A23A:E0M0X0,040511D0,80:A23C:E0M0X0,040511E0
80:A23C:E0M0X0,040511E0,80:A23E:E0M1X1,040511F3
80:A23E:E0M1X1,040511F3,80:A240:E0M1X1,04051203
80:A240:E0M1X1,04051203,80:A242:E0M1X1,04051213
80:A242:E0M1X1,04051213,80:A245:E0M1X1,0405122B
80:A245:E0M1X1,0405122B,80:A247:E0M1X1,0405123B
80:A247:E0M1X1,0405123B,80:A24A:E0M1X1,04051253
80:A24A:E0M1X1,04051253,80:A24C:E0M1X1,04051263
80:A24C:E0M1X1,04051263,80:A24F:E0M1X1,0405127B
80:A24F:E0M1X1,0405127B,80:A251:E0M1X1,0405128B
80:A251:E0M1X1,0405128B,80:A254:E0M1X1,040512A3
80:A254:E0M1X1,040512A3,80:A256:E0M1X1,040512B3
80:A256:E0M1X1,040512B3,80:A259:E0M1X1,040512CB
80:A259:E0M1X1,040512CB,80:A25B:E0M1X1,040512DB
80:A25B:E0M1X1,040512DB,80:A25E:E0M1X1,040512F3
80:A25E:E0M1X1,040512F3,80:A260:E0M1X1,04051303
80:A260:E0M1X1,04051303,80:A263:E0M1X1,0405131B
80:A263:E0M1X1,0405131B,80:A265:E0M1X1,0405132B
80:A265:E0M1X1,0405132B,80:A268:E0M1X1,04051343
80:A268:E0M1X1,04051343,80:A26A:E0M1X1,04051353
80:A26A:E0M1X1,04051353,80:A26D:E0M1X1,0405136B
80:A26D:E0M1X1,0405136B,80:A26F:E0M1X1,0405137B
80:A26F:E0M1X1,0405137B,80:A272:E0M1X1,04051393
80:A272:E0M1X1,04051393,80:A274:E0M1X1,040513A3
80:A274:E0M1X1,040513A3,80:A276:E0M1X1,040513B3
80:A276:E0M1X1,040513B3,80:A277:E0M1X1,040513BB
80:A277:E0M1X1,040513BB,80:A279:E0M1X1,040513CB
80:A279:E0M1X1,040513CB,80:A240:E0M1X1,04051203
80:A279:E0M1X1,040513CB,80:A27B:E0M1X1,040513DB
80:A27B:E0M1X1,040513DB,80:A27D:E0M0X0,040513E8
80:A27D:E0M0X0,040513E8,80:A222:E0M0X0,04051110
80:A2DB:E0M0X0,040516D8,80:A2DC:E0M0X0,040516E0
80:A2DC:E0M0X0,040516E0,80:A2DD:E0M0X0,040516E8
80:A2DD:E0M0X0,040516E8,80:A2DE:E0M0X0,040516F0
80:A2DE:E0M0X0,040516F0,80:A2DF:E0M0X0,040516F8
80:A2DF:E0M0X0,040516F8,80:A2E0:E0M0X0,04051700
80:A2E0:E0M0X0,04051700,80:A2E7:E0M0X0,04051738
80:A2E3:E0M0X0,04051718,80:A2E4:E0M0X0,04051720
80:A2E4:E0M0X0,04051720,80:A2E5:E0M0X0,04051728
80:A2E5:E0M0X0,04051728,80:A2E6:E0M0X0,04051730
80:A2E6:E0M0X0,04051730,81:9ED3:E0M0X0,040CF698
80:A2E7:E0M0X0,04051738,80:A2E9:E0M0X0,04051748
80:A2E9:E0M0X0,04051748,80:A2EA:E0M0X0,04051750
80:A2EA:E0M0X0,04051750,80:A2EB:E0M0X0,04051758
80:A2EB:E0M0X0,04051758,80:A2EC:E0M0X0,04051760
80:A2EC:E0M0X0,04051760,80:A2ED:E0M0X0,04051768
80:A2ED:E0M0X0,04051768,80:A2F0:E0M0X0,04051780
80:A2F0:E0M0X0,04051780,80:A2F2:E0M0X0,04051790
80:A2F2:E0M0X0,04051790,80:A2F4:E0M0X0,040517A0
80:A2F4:E0M0X0,040517A0,80:A2F6:E0M0X0,040517B0
80:A2F6:E0M0X0,040517B0,80:A2F8:E0M1X1,040517C3
80:A2F8:E0M1X1,040517C3,80:A2FA:E0M1X1,040517D3
80:A2FA:E0M1X1,040517D3,80:A2FD:E0M1X1,040517EB
80:A2FD:E0M1X1,040517EB,80:A2FF:E0M1X1,040517FB
80:A2FF:E0M1X1,040517FB,80:A302:E0M1X1,04051813
80:A302:E0M1X1,04051813,80:A304:E0M1X1,04051823
80:A304:E0M1X1,04051823,80:A307:E0M1X1,0405183B
80:A307:E0M1X1,0405183B,80:A309:E0M1X1,0405184B
80:A309:E0M1X1,0405184B,80:A30C:E0M1X1,04051863
80:A30C:E0M1X1,04051863,80:A30E:E0M0X0,04051870
80:A30E:E0M0X0,04051870,80:A311:E0M0X0,04051888
80:A311:E0M0X0,04051888,80:A313:E0M0X0,04051898
80:A313:E0M0X0,04051898,80:A316:E0M0X0,040518B0
80:A316:E0M0X0,040518B0,80:A318:E0M0X0,040518C0
80:A318:E0M0X0,040518C0,80:A31B:E0M0X0,040518D8
80:A31B:E0M0X0,040518D8,80:A31E:E0M0X0,040518F0
80:A31E:E0M0X0,040518F0,80:A321:E0M0X0,04051908
80:A321:E0M0X0,04051908,80:A323:E0M1X1,0405191B
80:A323:E0M1X1,0405191B,80:A325:E0M1X1,0405192B
80:A325:E0M1X1,0405192B,80:A328:E0M1X1,04051943
80:A328:E0M1X1,04051943,80:A32A:E0M0X0,04051950
80:A32A:E0M0X0,04051950,80:A32C:E0M0X0,04051960
80:A32C:E0M0X0,04051960,80:A32D:E0M0X0,04051968
80:A32D:E0M0X0,04051968,80:A330:E0M0X0,04051980
80:A330:E0M0X0,04051980,80:A332:E0M0X0,04051990
80:A332:E0M0X0,04051990,80:A334:E0M0X0,040519A0
80:A334:E0M0X0,040519A0,80:A335:E0M0X0,040519A8
80:A335:E0M0X0,040519A8,80:A311:E0M0X0,04051888
80:A335:E0M0X0,040519A8,80:A337:E0M0X0,040519B8
80:A337:E0M0X0,040519B8,80:A2E3:E0M0X0,04051718
80:A338:E0M0X0,040519C0,80:A339:E0M0X0,040519C8
80:A339:E0M0X0,040519C8,80:A33A:E0M0X0,040519D0
80:A33A:E0M0X0,040519D0,80:A33B:E0M0X0,040519D8
80:A33B:E0M0X0,040519D8,80:A33C:E0M0X0,040519E0
80:A33C:E0M0X0,040519E0,80:A33D:E0M0X0,040519E8
80:A33D:E0M0X0,040519E8,80:A344:E0M0X0,04051A20
80:A340:E0M0X0,04051A00,80:A341:E0M0X0,04051A08
80:A341:E0M0X0,04051A08,80:A342:E0M0X0,04051A10
80:A342:E0M0X0,04051A10,80:A343:E0M0X0,04051A18
80:A343:E0M0X0,04051A18,81:9EC9:E0M0X0,040CF648
80:A344:E0M0X0,04051A20,80:A346:E0M0X0,04051A30
80:A346:E0M0X0,04051A30,80:A347:E0M0X0,04051A38
80:A347:E0M0X0,04051A38,80:A348:E0M0X0,04051A40
80:A348:E0M0X0,04051A40,80:A349:E0M0X0,04051A48
80:A349:E0M0X0,04051A48,80:A34A:E0M0X0,04051A50
80:A34A:E0M0X0,04051A50,80:A34D:E0M0X0,04051A68
80:A34D:E0M0X0,04051A68,80:A34F:E0M0X0,04051A78
80:A34F:E0M0X0,04051A78,80:A351:E0M0X0,04051A88
80:A351:E0M0X0,04051A88,80:A353:E0M0X0,04051A98
80:A353:E0M0X0,04051A98,80:A355:E0M1X1,04051AAB
80:A355:E0M1X1,04051AAB,80:A357:E0M1X1,04051ABB
80:A357:E0M1X1,04051ABB,80:A35A:E0M1X1,04051AD3
80:A35A:E0M1X1,04051AD3,80:A35C:E0M1X1,04051AE3
80:A35C:E0M1X1,04051AE3,80:A35F:E0M1X1,04051AFB
80:A35F:E0M1X1,04051AFB,80:A361:E0M1X1,04051B0B
80:A361:E0M1X1,04051B0B,80:A364:E0M1X1,04051B23
80:A364:E0M1X1,04051B23,80:A366:E0M1X1,04051B33
80:A366:E0M1X1,04051B33,80:A369:E0M1X1,04051B4B
80:A369:E0M1X1,04051B4B,80:A36B:E0M0X0,04051B58
80:A36B:E0M0X0,04051B58,80:A36E:E0M0X0,04051B70
80:A36E:E0M0X0,04051B70,80:A370:E0M0X0,04051B80
80:A370:E0M0X0,04051B80,80:A373:E0M0X0,04051B98
80:A373:E0M0X0,04051B98,80:A375:E0M0X0,04051BA8
80:A375:E0M0X0,04051BA8,80:A378:E0M0X0,04051BC0
80:A378:E0M0X0,04051BC0,80:A37B:E0M0X0,04051BD8
80:A37B:E0M0X0,04051BD8,80:A37E:E0M0X0,04051BF0
80:A37E:E0M0X0,04051BF0,80:A380:E0M1X1,04051C03
80:A380:E0M1X1,04051C03,80:A382:E0M1X1,04051C13
80:A382:E0M1X1,04051C13,80:A385:E0M1X1,04051C2B
80:A385:E0M1X1,04051C2B,80:A387:E0M0X0,04051C38
80:A387:E0M0X0,04051C38,80:A389:E0M0X0,04051C48
80:A389:E0M0X0,04051C48,80:A38A:E0M0X0,04051C50
80:A38A:E0M0X0,04051C50,80:A38D:E0M0X0,04051C68
80:A38D:E0M0X0,04051C68,80:A38F:E0M0X0,04051C78
80:A38F:E0M0X0,04051C78,80:A391:E0M0X0,04051C88
80:A391:E0M0X0,04051C88,80:A392:E0M0X0,04051C90
80:A392:E0M0X0,04051C90,80:A36E:E0M0X0,04051B70
80:A392:E0M0X0,04051C90,80:A394:E0M0X0,04051CA0
80:A394:E0M0X0,04051CA0,80:A340:E0M0X0,04051A00
80:A3A0:E0M1X1,04051D03,80:A3A1:E0M1X1,04051D0B
80:A3A1:E0M1X1,04051D0B,80:A3A2:E0M1X1,04051D13
80:A3A2:E0M1X1,04051D13,80:A3A3:E0M1X1,04051D1B
80:A3A3:E0M1X1,04051D1B,80:A3A8:E0M1X1,04051D43
80:A3A6:E0M1X1,04051D33,80:A3A7:E0M1X1,04051D3B
80:A3A7:E0M1X1,04051D3B,81:F4C2:E0M1X1,040FA613
80:A3A7:E0M1X1,04051D3B,81:F4F6:E0M1X1,040FA7B3
80:A3A8:E0M1X1,04051D43,80:A3AA:E0M1X1,04051D53
80:A3AA:E0M1X1,04051D53,80:A3AB:E0M1X1,04051D5B
80:A3AB:E0M1X1,04051D5B,80:A444:E0M1X1,04052223
80:A3AE:E0M1X1,04051D73,80:A3AF:E0M1X1,04051D7B
80:A3AF:E0M1X1,04051D7B,80:A3B2:E0M1X1,04051D93
80:A3B2:E0M1X1,04051D93,80:A3B5:E0M1X1,04051DAB
80:A3B5:E0M1X1,04051DAB,80:A3B7:E0M1X1,04051DBB
80:A3B7:E0M1X1,04051DBB,80:A3B9:E0M1X1,04051DCB
80:A3B9:E0M1X1,04051DCB,80:A3BA:E0M1X1,04051DD3
80:A3BA:E0M1X1,04051DD3,80:A3B9:E0M1X1,04051DCB
80:A3BA:E0M1X1,04051DD3,80:A3BC:E0M1X1,04051DE3
80:A3BC:E0M1X1,04051DE3,80:A3BD:E0M1X1,04051DEB
80:A3BD:E0M1X1,04051DEB,80:A3B9:E0M1X1,04051DCB
80:A3BD:E0M1X1,04051DEB,80:A3BF:E0M1X1,04051DFB
80:A3BF:E0M1X1,04051DFB,80:A3C2:E0M1X1,04051E13
80:A3C2:E0M1X1,04051E13,80:A3C3:E0M1X1,04051E1B
80:A3C3:E0M1X1,04051E1B,80:A3C5:E0M1X1,04051E2B
80:A3C5:E0M1X1,04051E2B,80:A3AA:E0M1X1,04051D53
80:A3C5:E0M1X1,04051E2B,80:A3C7:E0M1X1,04051E3B
80:A3C7:E0M1X1,04051E3B,80:A3A6:E0M1X1,04051D33
80:A3EA:E0M1X1,04051F53,80:A3EB:E0M1X1,04051F5B
80:A3EB:E0M1X1,04051F5B,80:A3EC:E0M1X1,04051F63
80:A3EC:E0M1X1,04051F63,80:A3ED:E0M1X1,04051F6B
80:A3ED:E0M1X1,04051F6B,80:A3F2:E0M1X1,04051F93
80:A3F0:E0M1X1,04051F83,80:A3F1:E0M1X1,04051F8B
80:A3F1:E0M1X1,04051F8B,81:F51B:E0M1X1,040FA8DB
80:A3F2:E0M1X1,04051F93,80:A3F4:E0M1X1,04051FA3
80:A3F4:E0M1X1,04051FA3,80:A3F7:E0M1X1,04051FBB
80:A3F7:E0M1X1,04051FBB,80:A444:E0M1X1,04052223
80:A3FA:E0M1X1,04051FD3,80:A3FD:E0M1X1,04051FEB
80:A3FD:E0M1X1,04051FEB,80:A400:E0M1X1,04052003
80:A400:E0M1X1,04052003,80:A402:E0M1X1,04052013
80:A402:E0M1X1,04052013,80:A404:E0M1X1,04052023
80:A404:E0M1X1,04052023,80:A405:E0M1X1,0405202B
80:A405:E0M1X1,0405202B,80:A404:E0M1X1,04052023
80:A405:E0M1X1,0405202B,80:A407:E0M1X1,0405203B
80:A407:E0M1X1,0405203B,80:A408:E0M1X1,04052043
80:A408:E0M1X1,04052043,80:A404:E0M1X1,04052023
80:A408:E0M1X1,04052043,80:A40A:E0M1X1,04052053
80:A40A:E0M1X1,04052053,80:A40D:E0M1X1,0405206B
80:A40D:E0M1X1,0405206B,80:A3F7:E0M1X1,04051FBB
80:A40D:E0M1X1,0405206B,80:A40F:E0M1X1,0405207B
80:A40F:E0M1X1,0405207B,80:A411:E0M1X1,0405208B
80:A411:E0M1X1,0405208B,80:A414:E0M1X1,040520A3
80:A414:E0M1X1,040520A3,80:A3F0:E0M1X1,04051F83
80:A415:E0M1X1,040520AB,80:A416:E0M1X1,040520B3
80:A416:E0M1X1,040520B3,80:A417:E0M1X1,040520BB
80:A417:E0M1X1,040520BB,80:A418:E0M1X1,040520C3
80:A418:E0M1X1,040520C3,80:A41D:E0M1X1,040520EB
80:A41B:E0M1X1,040520DB,80:A41C:E0M1X1,040520E3
80:A41C:E0M1X1,040520E3,81:9E0D:E0M1X1,040CF06B
80:A41C:E0M1X1,040520E3,81:F458:E0M1X1,040FA2C3
80:A41D:E0M1X1,040520EB,80:A41F:E0M0X0,040520F8
80:A41F:E0M0X0,040520F8,80:A422:E0M0X0,04052110
80:A422:E0M0X0,04052110,80:A424:E0M1X1,04052123
80:A424:E0M1X1,04052123,80:A426:E0M1X1,04052133
80:A426:E0M1X1,04052133,80:A428:E0M1X1,04052143
80:A428:E0M1X1,04052143,80:A42B:E0M1X1,0405215B
80:A42B:E0M1X1,0405215B,80:A42D:E0M1X1,0405216B
80:A42D:E0M1X1,0405216B,80:A430:E0M1X1,04052183
80:A430:E0M1X1,04052183,80:A433:E0M1X1,0405219B
80:A433:E0M1X1,0405219B,80:A436:E0M1X1,040521B3
80:A436:E0M1X1,040521B3,80:A437:E0M1X1,040521BB
80:A437:E0M1X1,040521BB,80:A426:E0M1X1,04052133
80:A437:E0M1X1,040521BB,80:A439:E0M1X1,040521CB
80:A439:E0M1X1,040521CB,80:A43B:E0M1X1,040521DB
80:A43B:E0M1X1,040521DB,80:A43D:E0M1X1,040521EB
80:A43D:E0M1X1,040521EB,80:A440:E0M1X1,04052203
80:A440:E0M1X1,04052203,80:A441:E0M1X1,0405220B
80:A441:E0M1X1,0405220B,80:A43D:E0M1X1,040521EB
80:A441:E0M1X1,0405220B,80:A443:E0M1X1,0405221B
80:A443:E0M1X1,0405221B,80:A41B:E0M1X1,040520DB
80:A444:E0M1X1,04052223,80:A447:E0M1X1,0405223B
80:A447:E0M1X1,0405223B,80:A449:E0M1X1,0405224B
80:A449:E0M1X1,0405224B,80:A444:E0M1X1,04052223
80:A449:E0M1X1,0405224B,80:A44B:E0M1X1,0405225B
80:A44B:E0M1X1,0405225B,80:A3AE:E0M1X1,04051D73
80:A44B:E0M1X1,0405225B,80:A3FA:E0M1X1,04051FD3
80:C066:E0M1X1,04060333,80:C067:E0M1X1,0406033B
80:C067:E0M1X1,0406033B,80:C068:E0M1X1,04060343
80:C068:E0M1X1,04060343,80:C069:E0M1X1,0406034B
80:C069:E0M1X1,0406034B,80:C06E:E0M1X1,04060373
80:C06C:E0M1X1,04060363,80:C06D:E0M1X1,0406036B
80:C06D:E0M1X1,0406036B,81:9D96:E0M1X1,040CECB3
80:C06D:E0M1X1,0406036B,81:9E78:E0M1X1,040CF3C3
80:C06E:E0M1X1,04060373,80:C071:E0M1X1,0406038B
80:C071:E0M1X1,0406038B,80:C073:E0M1X1,0406039B
80:C073:E0M1X1,0406039B,80:C076:E0M1X1,040603B3
80:C076:E0M1X1,040603B3,80:C06C:E0M1X1,04060363
80:C2F4:E0M1X1,040617A3,80:C2F5:E0M1X1,040617AB
80:C2F5:E0M1X1,040617AB,80:C2F6:E0M1X1,040617B3
80:C2F6:E0M1X1,040617B3,80:C2F7:E0M1X1,040617BB
80:C2F7:E0M1X1,040617BB,80:C2FC:E0M1X1,040617E3
80:C2FA:E0M1X1,040617D3,80:C2FB:E0M1X1,040617DB
80:C2FB:E0M1X1,040617DB,81:9D92:E0M1X1,040CEC93
80:C2FC:E0M1X1,040617E3,80:C2FF:E0M1X1,040617FB
80:C2FF:E0M1X1,040617FB,80:C301:E0M1X1,0406180B
80:C301:E0M1X1,0406180B,80:C304:E0M1X1,04061823
80:C304:E0M1X1,04061823,80:C306:E0M1X1,04061833
80:C306:E0M1X1,04061833,80:C309:E0M1X1,0406184B
80:C309:E0M1X1,0406184B,80:C30B:E0M0X0,04061858
80:C30B:E0M0X0,04061858,80:C30E:E0M0X0,04061870
80:C30E:E0M0X0,04061870,80:C311:E0M0X0,04061888
80:C311:E0M0X0,04061888,80:C314:E0M0X0,040618A0
80:C314:E0M0X0,040618A0,80:C317:E0M0X0,040618B8
80:C317:E0M0X0,040618B8,80:C319:E0M1X1,040618CB
80:C319:E0M1X1,040618CB,80:C2FA:E0M1X1,040617D3
80:F8DB:E0M1X1,0407C6DB,80:FB2F:E0M1X1,0407D97B
80:F8DE:E0M1X1,0407C6F3,80:F8E0:E0M1X1,0407C703
80:F8E0:E0M1X1,0407C703,80:FA38:E0M1X1,0407D1C3
80:F8E3:E0M1X1,0407C71B,80:F8E5:E0M1X1,0407C72B
80:F8E5:E0M1X1,0407C72B,80:FA38:E0M1X1,0407D1C3
80:F8E8:E0M1X1,0407C743,80:F8EA:E0M1X1,0407C753
80:F8EA:E0M1X1,0407C753,80:FA38:E0M1X1,0407D1C3
80:F8ED:E0M1X1,0407C76B,80:F8EF:E0M1X1,0407C77B
80:F8EF:E0M1X1,0407C77B,80:FA38:E0M1X1,0407D1C3
80:F8F2:E0M1X1,0407C793,80:F8F4:E0M1X1,0407C7A3
80:F8F4:E0M1X1,0407C7A3,80:F8F7:E0M1X1,0407C7BB
80:F8F7:E0M1X1,0407C7BB,80:F8F9:E0M1X1,0407C7CB
80:F8F9:E0M1X1,0407C7CB,80:F8FC:E0M1X1,0407C7E3
80:F8FC:E0M1X1,0407C7E3,80:F8FF:E0M1X1,0407C7FB
80:F8FF:E0M1X1,0407C7FB,80:804A:E0M1X1,04040253
80:F904:E0M1X1,0407C823,80:F907:E0M1X1,0407C83B
80:F907:E0M1X1,0407C83B,80:F909:E0M1X1,0407C84B
80:F907:E0M1X1,0407C83B,80:F918:E0M1X1,0407C8C3
80:F909:E0M1X1,0407C84B,80:F90B:E0M1X1,0407C85B
80:F90B:E0M1X1,0407C85B,80:F90D:E0M1X1,0407C86B
80:F90B:E0M1X1,0407C85B,80:F910:E0M1X1,0407C883
80:F90D:E0M1X1,0407C86B,80:FA38:E0M1X1,0407D1C3
80:F910:E0M1X1,0407C883,80:F912:E0M1X1,0407C893
80:F912:E0M1X1,0407C893,80:F913:E0M1X1,0407C89B
80:F913:E0M1X1,0407C89B,80:F915:E0M1X1,0407C8AB
80:F915:E0M1X1,0407C8AB,80:F9C2:E0M1X1,0407CE13
80:F918:E0M1X1,0407C8C3,80:812C:E0M1X1,04040963
80:F926:E0M1X1,0407C933,80:F92A:E0M1X1,0407C953
80:F929:E0M1X1,0407C94B,81:F581:E0M1X1,040FAC0B
80:F929:E0M1X1,0407C94B,81:F5B8:E0M1X1,040FADC3
80:F92A:E0M1X1,0407C953,80:F92B:E0M1X1,0407C95B
80:F92B:E0M1X1,0407C95B,80:F92C:E0M1X1,0407C963
80:F92C:E0M1X1,0407C963,80:F92E:E0M1X1,0407C973
80:F92E:E0M1X1,0407C973,80:F931:E0M1X1,0407C98B
80:F931:E0M1X1,0407C98B,80:F933:E0M1X1,0407C99B
80:F931:E0M1X1,0407C98B,80:F93D:E0M1X1,0407C9EB
80:F933:E0M1X1,0407C99B,80:F935:E0M1X1,0407C9AB
80:F935:E0M1X1,0407C9AB,80:F937:E0M1X1,0407C9BB
80:F937:E0M1X1,0407C9BB,80:F938:E0M1X1,0407C9C3
80:F938:E0M1X1,0407C9C3,80:F93A:E0M1X1,0407C9D3
80:F93A:E0M1X1,0407C9D3,80:F9C2:E0M1X1,0407CE13
80:F93D:E0M1X1,0407C9EB,80:F93E:E0M1X1,0407C9F3
80:F93E:E0M1X1,0407C9F3,80:F93F:E0M1X1,0407C9FB
80:F93F:E0M1X1,0407C9FB,80:F929:E0M1X1,0407C94B
80:F93F:E0M1X1,0407C9FB,80:FB47:E0M1X1,0407DA3B
80:F93F:E0M1X1,0407C9FB,80:FB5B:E0M1X1,0407DADB
80:F97B:E0M1X1,0407CBDB,80:F97C:E0M1X1,0407CBE3
80:F97C:E0M1X1,0407CBE3,80:F97E:E0M1X1,0407CBF3
80:F97E:E0M1X1,0407CBF3,80:F9C2:E0M1X1,0407CE13
80:F981:E0M1X1,0407CC0B,80:8119:E0M1X1,040408CB
80:F982:E0M1X1,0407CC13,80:F986:E0M1X1,0407CC33
80:F985:E0M1X1,0407CC2B,81:9FAA:E0M1X1,040CFD53
80:F985:E0M1X1,0407CC2B,81:F585:E0M1X1,040FAC2B
80:F985:E0M1X1,0407CC2B,81:F5BC:E0M1X1,040FADE3
80:F985:E0M1X1,0407CC2B,81:F623:E0M1X1,040FB11B
80:F985:E0M1X1,0407CC2B,81:F779:E0M1X1,040FBBCB
80:F985:E0M1X1,0407CC2B,81:F7E3:E0M1X1,040FBF1B
80:F986:E0M1X1,0407CC33,80:F987:E0M1X1,0407CC3B
80:F987:E0M1X1,0407CC3B,80:F989:E0M0X1,0407CC49
80:F989:E0M0X1,0407CC49,80:F98C:E0M0X1,0407CC61
80:F98C:E0M0X1,0407CC61,80:F98F:E0M0X1,0407CC79
80:F98F:E0M0X1,0407CC79,80:F991:E0M0X1,0407CC89
80:F98F:E0M0X1,0407CC79,80:F996:E0M0X1,0407CCB1
80:F991:E0M0X1,0407CC89,80:F9F6:E0M0X1,0407CFB1
80:F994:E0M0X1,0407CCA1,80:F989:E0M0X1,0407CC49
80:F996:E0M0X1,0407CCB1,80:F997:E0M1X1,0407CCBB
80:F997:E0M1X1,0407CCBB,80:812F:E0M1X1,0404097B
80:F997:E0M1X1,0407CCBB,80:F985:E0M1X1,0407CC2B
80:F9C2:E0M1X1,0407CE13,80:F9C3:E0M1X1,0407CE1B
80:F9C3:E0M1X1,0407CE1B,80:F9C5:E0M0X0,0407CE28
80:F9C5:E0M0X0,0407CE28,80:F9C6:E0M0X0,0407CE30
80:F9C6:E0M0X0,0407CE30,80:F9C7:E0M0X0,0407CE38
80:F9C7:E0M0X0,0407CE38,80:F9C8:E0M0X0,0407CE40
80:F9C8:E0M0X0,0407CE40,80:F9CA:E0M1X1,0407CE53
80:F9CA:E0M1X1,0407CE53,80:F9CD:E0M1X1,0407CE6B
80:F9CD:E0M1X1,0407CE6B,80:F9CE:E0M1X1,0407CE73
80:F9CE:E0M1X1,0407CE73,80:F9CF:E0M1X1,0407CE7B
80:F9CF:E0M1X1,0407CE7B,80:F9D1:E0M1X1,0407CE8B
80:F9D1:E0M1X1,0407CE8B,80:F9D4:E0M1X1,0407CEA3
80:F9D4:E0M1X1,0407CEA3,80:F9D6:E0M1X1,0407CEB3
80:F9D4:E0M1X1,0407CEA3,80:F9EB:E0M1X1,0407CF5B
80:F9D6:E0M1X1,0407CEB3,80:F9D7:E0M1X1,0407CEBB
80:F9D7:E0M1X1,0407CEBB,80:F9DA:E0M1X1,0407CED3
80:F9DA:E0M1X1,0407CED3,80:F9DB:E0M1X1,0407CEDB
80:F9DB:E0M1X1,0407CEDB,80:F9DE:E0M1X1,0407CEF3
80:F9DE:E0M1X1,0407CEF3,80:F9DF:E0M1X1,0407CEFB
80:F9DF:E0M1X1,0407CEFB,80:F9E0:E0M1X1,0407CF03
80:F9E0:E0M1X1,0407CF03,80:F9E2:E0M1X1,0407CF13
80:F9E2:E0M1X1,0407CF13,80:F9E5:E0M1X1,0407CF2B
80:F9E5:E0M1X1,0407CF2B,80:F9E7:E0M0X0,0407CF38
80:F9E7:E0M0X0,0407CF38,80:F9E8:E0M0X0,0407CF40
80:F9E8:E0M0X0,0407CF40,80:F9E9:E0M0X0,0407CF48
80:F9E9:E0M0X0,0407CF48,80:F9EA:E0M1X1,0407CF53
80:F9EA:E0M1X1,0407CF53,80:F918:E0M1X1,0407C8C3
80:F9EA:E0M1X1,0407CF53,80:F93D:E0M1X1,0407C9EB
80:F9EA:E0M1X1,0407CF53,80:F981:E0M1X1,0407CC0B
80:F9EB:E0M1X1,0407CF5B,80:F9ED:E0M0X0,0407CF68
80:F9ED:E0M0X0,0407CF68,80:F9EE:E0M0X0,0407CF70
80:F9EE:E0M0X0,0407CF70,80:F9EF:E0M0X0,0407CF78
80:F9EF:E0M0X0,0407CF78,80:F9F0:E0M0X0,0407CF80
80:F9F0:E0M0X0,0407CF80,80:F9F1:E0M1X1,0407CF8B
80:F9F1:E0M1X1,0407CF8B,80:F918:E0M1X1,0407C8C3
80:F9F1:E0M1X1,0407CF8B,80:F93D:E0M1X1,0407C9EB
80:F9F1:E0M1X1,0407CF8B,80:F981:E0M1X1,0407CC0B
80:F9F6:E0M0X1,0407CFB1,80:F9F7:E0M0X1,0407CFB9
80:F9F7:E0M0X1,0407CFB9,80:F9F9:E0M0X0,0407CFC8
80:F9F9:E0M0X0,0407CFC8,80:F9FA:E0M0X0,0407CFD0
80:F9FA:E0M0X0,0407CFD0,80:F9FB:E0M0X0,0407CFD8
80:F9FB:E0M0X0,0407CFD8,80:F9FD:E0M1X1,0407CFEB
80:F9FD:E0M1X1,0407CFEB,80:FA00:E0M1X1,0407D003
80:FA00:E0M1X1,0407D003,80:FA03:E0M1X1,0407D01B
80:FA03:E0M1X1,0407D01B,80:FA05:E0M1X1,0407D02B
80:FA03:E0M1X1,0407D01B,80:FA31:E0M1X1,0407D18B
80:FA05:E0M1X1,0407D02B,80:FA06:E0M1X1,0407D033
80:FA06:E0M1X1,0407D033,80:FA09:E0M1X1,0407D04B
80:FA09:E0M1X1,0407D04B,80:FA0C:E0M1X1,0407D063
80:FA0C:E0M1X1,0407D063,80:FA0E:E0M1X1,0407D073
80:FA0C:E0M1X1,0407D063,80:FA31:E0M1X1,0407D18B
80:FA0E:E0M1X1,0407D073,80:FA0F:E0M1X1,0407D07B
80:FA0F:E0M1X1,0407D07B,80:FA12:E0M1X1,0407D093
80:FA12:E0M1X1,0407D093,80:FA13:E0M1X1,0407D09B
80:FA13:E0M1X1,0407D09B,80:FA14:E0M1X1,0407D0A3
80:FA14:E0M1X1,0407D0A3,80:FA16:E0M1X1,0407D0B3
80:FA16:E0M1X1,0407D0B3,80:FA19:E0M1X1,0407D0CB
80:FA19:E0M1X1,0407D0CB,80:FA1C:E0M1X1,0407D0E3
80:FA1C:E0M1X1,0407D0E3,80:FA1D:E0M1X1,0407D0EB
80:FA1D:E0M1X1,0407D0EB,80:FA1E:E0M1X1,0407D0F3
80:FA1E:E0M1X1,0407D0F3,80:FA1F:E0M1X1,0407D0FB
80:FA1F:E0M1X1,0407D0FB,80:FA21:E0M1X1,0407D10B
80:FA21:E0M1X1,0407D10B,80:FA24:E0M1X1,0407D123
80:FA24:E0M1X1,0407D123,80:FA26:E0M0X1,0407D131
80:FA26:E0M0X1,0407D131,80:FA27:E0M0X1,0407D139
80:FA27:E0M0X1,0407D139,80:FA2A:E0M0X1,0407D151
80:FA2A:E0M0X1,0407D151,80:FA2C:E0M0X0,0407D160
80:FA2C:E0M0X0,0407D160,80:FA2D:E0M0X0,0407D168
80:FA2D:E0M0X0,0407D168,80:FA2E:E0M0X0,0407D170
80:FA2E:E0M0X0,0407D170,80:FA2F:E0M0X1,0407D179
80:FA2F:E0M0X1,0407D179,80:FA30:E0M0X1,0407D181
80:FA30:E0M0X1,0407D181,80:F994:E0M0X1,0407CCA1
80:FA31:E0M1X1,0407D18B,80:FA33:E0M0X0,0407D198
80:FA33:E0M0X0,0407D198,80:FA34:E0M0X0,0407D1A0
80:FA34:E0M0X0,0407D1A0,80:FA35:E0M0X0,0407D1A8
80:FA35:E0M0X0,0407D1A8,80:FA36:E0M0X1,0407D1B1
80:FA36:E0M0X1,0407D1B1,80:FA37:E0M0X1,0407D1B9
80:FA37:E0M0X1,0407D1B9,80:F994:E0M0X1,0407CCA1
80:FA38:E0M1X1,0407D1C3,80:FA39:E0M1X1,0407D1CB
80:FA39:E0M1X1,0407D1CB,80:FA3B:E0M0X0,0407D1D8
80:FA3B:E0M0X0,0407D1D8,80:FA3C:E0M0X0,0407D1E0
80:FA3C:E0M0X0,0407D1E0,80:FA3D:E0M0X0,0407D1E8
80:FA3D:E0M0X0,0407D1E8,80:FA3E:E0M0X0,0407D1F0
80:FA3E:E0M0X0,0407D1F0,80:FA40:E0M1X0,0407D202
80:FA40:E0M1X0,0407D202,80:FA42:E0M1X0,0407D212
80:FA42:E0M1X0,0407D212,80:FA45:E0M1X0,0407D22A
80:FA45:E0M1X0,0407D22A,80:FAEA:E0M1X0,0407D752
80:FA48:E0M1X0,0407D242,80:FA4A:E0M0X0,0407D250
80:FA4A:E0M0X0,0407D250,80:FA4D:E0M0X0,0407D268
80:FA4D:E0M0X0,0407D268,80:FA50:E0M0X0,0407D280
80:FA50:E0M0X0,0407D280,80:FA4D:E0M0X0,0407D268
80:FA50:E0M0X0,0407D280,80:FA52:E0M0X0,0407D290
80:FA52:E0M0X0,0407D290,80:FA54:E0M0X0,0407D2A0
80:FA54:E0M0X0,0407D2A0,80:FA55:E0M0X0,0407D2A8
80:FA55:E0M0X0,0407D2A8,80:FB1D:E0M0X0,0407D8E8
80:FA58:E0M0X0,0407D2C0,80:FB1D:E0M0X0,0407D8E8
80:FA5B:E0M0X0,0407D2D8,80:FA5D:E0M1X0,0407D2EA
80:FA5D:E0M1X0,0407D2EA,80:FA5F:E0M1X0,0407D2FA
80:FA5F:E0M1X0,0407D2FA,80:FA61:E0M1X0,0407D30A
80:FA61:E0M1X0,0407D30A,80:FA64:E0M1X0,0407D322
80:FA64:E0M1X0,0407D322,80:FB1D:E0M1X0,0407D8EA
80:FA67:E0M1X0,0407D33A,80:FA69:E0M1X0,0407D34A
80:FA69:E0M1X0,0407D34A,80:FA6C:E0M1X0,0407D362
80:FA6C:E0M1X0,0407D362,80:FB1D:E0M1X0,0407D8EA
80:FA6F:E0M1X0,0407D37A,80:FA71:E0M0X0,0407D388
80:FA71:E0M0X0,0407D388,80:FA73:E0M0X0,0407D398
80:FA73:E0M0X0,0407D398,80:FA74:E0M0X0,0407D3A0
80:FA74:E0M0X0,0407D3A0,80:FA76:E0M1X0,0407D3B2
80:FA76:E0M1X0,0407D3B2,80:FB1D:E0M1X0,0407D8EA
80:FA79:E0M1X0,0407D3CA,80:FA7B:E0M1X0,0407D3DA
80:FA7B:E0M1X0,0407D3DA,80:FA7E:E0M1X0,0407D3F2
80:FA7E:E0M1X0,0407D3F2,80:FA80:E0M1X0,0407D402
80:FA80:E0M1X0,0407D402,80:FA83:E0M1X0,0407D41A
80:FA83:E0M1X0,0407D41A,80:FA86:E0M1X0,0407D432
80:FA86:E0M1X0,0407D432,80:FA7E:E0M1X0,0407D3F2
80:FA86:E0M1X0,0407D432,80:FA88:E0M1X0,0407D442
80:FA88:E0M1X0,0407D442,80:FB1D:E0M1X0,0407D8EA
80:FA8B:E0M1X0,0407D45A,80:FA8D:E0M1X0,0407D46A
80:FA8D:E0M1X0,0407D46A,80:FA90:E0M1X0,0407D482
80:FA90:E0M1X0,0407D482,80:FA92:E0M1X0,0407D492
80:FA92:E0M1X0,0407D492,80:FA95:E0M1X0,0407D4AA
80:FA95:E0M1X0,0407D4AA,80:FA98:E0M1X0,0407D4C2
80:FA98:E0M1X0,0407D4C2,80:FA95:E0M1X0,0407D4AA
80:FA98:E0M1X0,0407D4C2,80:FA9A:E0M1X0,0407D4D2
80:FA9A:E0M1X0,0407D4D2,80:FA9C:E0M1X0,0407D4E2
80:FA9C:E0M1X0,0407D4E2,80:FA9D:E0M1X0,0407D4EA
80:FA9D:E0M1X0,0407D4EA,80:FA88:E0M1X0,0407D442
80:FA9D:E0M1X0,0407D4EA,80:FA9F:E0M1X0,0407D4FA
80:FA9F:E0M1X0,0407D4FA,80:FAA1:E0M0X0,0407D508
80:FAA1:E0M0X0,0407D508,80:FAA2:E0M0X0,0407D510
80:FAA2:E0M0X0,0407D510,80:FAA4:E0M0X0,0407D520
80:FAA2:E0M0X0,0407D510,80:FAA7:E0M0X0,0407D538
80:FAA4:E0M0X0,0407D520,80:FAA7:E0M0X0,0407D538
80:FAA7:E0M0X0,0407D538,80:FAA8:E0M0X0,0407D540
80:FAA8:E0M0X0,0407D540,80:FAAB:E0M0X0,0407D558
80:FAAB:E0M0X0,0407D558,80:FAAD:E0M1X0,0407D56A
80:FAAD:E0M1X0,0407D56A,80:FAB0:E0M1X0,0407D582
80:FAB0:E0M1X0,0407D582,80:FAB2:E0M1X0,0407D592
80:FAB2:E0M1X0,0407D592,80:FAB3:E0M1X0,0407D59A
80:FAB3:E0M1X0,0407D59A,80:FAB5:E0M1X0,0407D5AA
80:FAB5:E0M1X0,0407D5AA,80:FAB8:E0M1X0,0407D5C2
80:FAB8:E0M1X0,0407D5C2,80:FABA:E0M0X0,0407D5D0
80:FABA:E0M0X0,0407D5D0,80:FABB:E0M0X0,0407D5D8
80:FABB:E0M0X0,0407D5D8,80:FABE:E0M0X0,0407D5F0
80:FABE:E0M0X0,0407D5F0,80:FAC0:E0M0X0,0407D600
80:FABE:E0M0X0,0407D5F0,80:FADC:E0M0X0,0407D6E0
80:FAC0:E0M0X0,0407D600,80:FAC2:E0M1X0,0407D612
80:FAC2:E0M1X0,0407D612,80:FAC4:E0M1X0,0407D622
80:FAC4:E0M1X0,0407D622,80:FAC7:E0M1X0,0407D63A
80:FAC7:E0M1X0,0407D63A,80:FAC4:E0M1X0,0407D622
80:FAC7:E0M1X0,0407D63A,80:FAC9:E0M1X0,0407D64A
80:FAC9:E0M1X0,0407D64A,80:FACC:E0M1X0,0407D662
80:FACC:E0M1X0,0407D662,80:FACF:E0M1X0,0407D67A
80:FACF:E0M1X0,0407D67A,80:FAD1:E0M0X0,0407D688
80:FAD1:E0M0X0,0407D688,80:FAD4:E0M0X0,0407D6A0
80:FAD4:E0M0X0,0407D6A0,80:FAD7:E0M0X0,0407D6B8
80:FAD7:E0M0X0,0407D6B8,80:FADA:E0M0X0,0407D6D0
80:FADA:E0M0X0,0407D6D0,80:FAE3:E0M0X0,0407D718
80:FADC:E0M0X0,0407D6E0,80:FADE:E0M1X0,0407D6F2
80:FADE:E0M1X0,0407D6F2,80:FAE1:E0M1X0,0407D70A
80:FAE1:E0M1X0,0407D70A,80:FADE:E0M1X0,0407D6F2
80:FAE1:E0M1X0,0407D70A,80:FAE3:E0M1X0,0407D71A
80:FAE3:E0M0X0,0407D718,80:FAE5:E0M0X0,0407D728
80:FAE3:E0M1X0,0407D71A,80:FAE5:E0M0X0,0407D728
80:FAE5:E0M0X0,0407D728,80:FAE6:E0M0X0,0407D730
80:FAE6:E0M0X0,0407D730,80:FAE7:E0M0X0,0407D738
80:FAE7:E0M0X0,0407D738,80:FAE8:E0M0X0,0407D740
80:FAE8:E0M0X0,0407D740,80:FAE9:E0M1X1,0407D74B
80:FAE9:E0M1X1,0407D74B,80:F8E3:E0M1X1,0407C71B
80:FAE9:E0M1X1,0407D74B,80:F8E8:E0M1X1,0407C743
80:FAE9:E0M1X1,0407D74B,80:F8ED:E0M1X1,0407C76B
80:FAE9:E0M1X1,0407D74B,80:F8F2:E0M1X1,0407C793
80:FAE9:E0M1X1,0407D74B,80:F910:E0M1X1,0407C883
80:FAEA:E0M1X0,0407D752,80:FAEB:E0M1X0,0407D75A
80:FAEB:E0M1X0,0407D75A,80:FAED:E0M1X0,0407D76A
80:FAED:E0M1X0,0407D76A,80:FAEF:E0M1X0,0407D77A
80:FAEF:E0M1X0,0407D77A,80:FAF1:E0M1X0,0407D78A
80:FAF1:E0M1X0,0407D78A,80:FAF3:E0M0X0,0407D798
80:FAF3:E0M0X0,0407D798,80:FAF4:E0M0X0,0407D7A0
80:FAF4:E0M0X0,0407D7A0,80:FAF7:E0M0X0,0407D7B8
80:FAF7:E0M0X0,0407D7B8,80:FAF8:E0M0X0,0407D7C0
80:FAF8:E0M0X0,0407D7C0,80:FAFB:E0M0X0,0407D7D8
80:FAFB:E0M0X0,0407D7D8,80:FAFD:E0M0X0,0407D7E8
80:FAFD:E0M0X0,0407D7E8,80:FAFE:E0M0X0,0407D7F0
80:FAFE:E0M0X0,0407D7F0,80:FB00:E0M0X0,0407D800
80:FAFE:E0M0X0,0407D7F0,80:FB1B:E0M0X0,0407D8D8
80:FB00:E0M0X0,0407D800,80:FB01:E0M0X0,0407D808
80:FB01:E0M0X0,0407D808,80:FB03:E0M0X0,0407D818
80:FB03:E0M0X0,0407D818,80:FB05:E0M0X0,0407D828
80:FB03:E0M0X0,0407D818,80:FB0B:E0M0X0,0407D858
80:FB05:E0M0X0,0407D828,80:FB07:E0M0X0,0407D838
80:FB07:E0M0X0,0407D838,80:FB08:E0M0X0,0407D840
80:FB08:E0M0X0,0407D840,80:FB0B:E0M0X0,0407D858
80:FB0B:E0M0X0,0407D858,80:FB0C:E0M0X0,0407D860
80:FB0C:E0M0X0,0407D860,80:FB0F:E0M0X0,0407D878
80:FB0F:E0M0X0,0407D878,80:FB11:E0M0X0,0407D888
80:FB0F:E0M0X0,0407D878,80:FB17:E0M0X0,0407D8B8
80:FB11:E0M0X0,0407D888,80:FB13:E0M0X0,0407D898
80:FB13:E0M0X0,0407D898,80:FB14:E0M0X0,0407D8A0
80:FB14:E0M0X0,0407D8A0,80:FB17:E0M0X0,0407D8B8
80:FB17:E0M0X0,0407D8B8,80:FB19:E0M0X0,0407D8C8
80:FB19:E0M0X0,0407D8C8,80:FAFD:E0M0X0,0407D7E8
80:FB1B:E0M0X0,0407D8D8,80:FB1C:E0M1X0,0407D8E2
80:FB1C:E0M1X0,0407D8E2,80:FA48:E0M1X0,0407D242
80:FB1D:E0M0X0,0407D8E8,80:FB1E:E0M0X0,0407D8F0
80:FB1D:E0M1X0,0407D8EA,80:FB1E:E0M1X0,0407D8F2
80:FB1E:E0M0X0,0407D8F0,80:FB20:E0M0X0,0407D900
80:FB1E:E0M1X0,0407D8F2,80:FB20:E0M0X0,0407D900
80:FB20:E0M0X0,0407D900,80:FB22:E0M0X0,0407D910
80:FB22:E0M0X0,0407D910,80:FB24:E0M0X0,0407D920
80:FB22:E0M0X0,0407D910,80:FB2D:E0M0X0,0407D968
80:FB24:E0M0X0,0407D920,80:FB27:E0M0X0,0407D938
80:FB27:E0M0X0,0407D938,80:FB29:E0M0X0,0407D948
80:FB29:E0M0X0,0407D948,80:FB2B:E0M1X0,0407D95A
80:FB2B:E0M1X0,0407D95A,80:FB2D:E0M1X0,0407D96A
80:FB2D:E0M0X0,0407D968,80:FB2E:E0M0X0,0407D970
80:FB2D:E0M0X0,0407D968,80:FB2E:E0M1X0,0407D972
80:FB2D:E0M1X0,0407D96A,80:FB2E:E0M0X0,0407D970
80:FB2D:E0M1X0,0407D96A,80:FB2E:E0M1X0,0407D972
80:FB2E:E0M0X0,0407D970,80:FA58:E0M0X0,0407D2C0
80:FB2E:E0M0X0,0407D970,80:FA5B:E0M0X0,0407D2D8
80:FB2E:E0M1X0,0407D972,80:FA67:E0M1X0,0407D33A
80:FB2E:E0M1X0,0407D972,80:FA6F:E0M1X0,0407D37A
80:FB2E:E0M1X0,0407D972,80:FA79:E0M1X0,0407D3CA
80:FB2E:E0M1X0,0407D972,80:FA8B:E0M1X0,0407D45A
80:FB2F:E0M1X1,0407D97B,80:FB30:E0M1X1,0407D983
80:FB30:E0M1X1,0407D983,80:FB32:E0M1X1,0407D993
80:FB32:E0M1X1,0407D993,80:FB34:E0M1X1,0407D9A3
80:FB34:E0M1X1,0407D9A3,80:FB36:E0M0X1,0407D9B1
80:FB36:E0M0X1,0407D9B1,80:FB39:E0M0X1,0407D9C9
80:FB39:E0M0X1,0407D9C9,80:FB3C:E0M0X1,0407D9E1
80:FB3C:E0M0X1,0407D9E1,80:FB3D:E0M1X1,0407D9EB
80:FB3D:E0M1X1,0407D9EB,80:F8DE:E0M1X1,0407C6F3
80:FB3E:E0M1X1,0407D9F3,80:FB42:E0M1X1,0407DA13
80:FB41:E0M1X1,0407DA0B,81:F61F:E0M1X1,040FB0FB
80:FB41:E0M1X1,0407DA0B,81:F775:E0M1X1,040FBBAB
80:FB41:E0M1X1,0407DA0B,81:F7DF:E0M1X1,040FBEFB
80:FB42:E0M1X1,0407DA13,80:FB44:E0M1X1,0407DA23
80:FB44:E0M1X1,0407DA23,80:F92A:E0M1X1,0407C953
80:FB47:E0M1X1,0407DA3B,80:FB41:E0M1X1,0407DA0B
80:FB52:E0M1X1,0407DA93,80:FB56:E0M1X1,0407DAB3
80:FB55:E0M1X1,0407DAAB,81:9FA6:E0M1X1,040CFD33
80:FB56:E0M1X1,0407DAB3,80:FB58:E0M1X1,0407DAC3
80:FB58:E0M1X1,0407DAC3,80:F92A:E0M1X1,0407C953
80:FB5B:E0M1X1,0407DADB,80:FB55:E0M1X1,0407DAAB
81:9C46:E0M1X1,040CE233,81:9C48:E0M0X0,040CE240
81:9C48:E0M0X0,040CE240,81:9C4B:E0M0X0,040CE258
81:9C4B:E0M0X0,040CE258,81:9C4E:E0M0X0,040CE270
81:9C4E:E0M0X0,040CE270,81:9C51:E0M0X0,040CE288
81:9C51:E0M0X0,040CE288,81:9C52:E0M0X0,040CE290
81:9C52:E0M0X0,040CE290,81:9C53:E0M0X0,040CE298
81:9C53:E0M0X0,040CE298,81:9C56:E0M0X0,040CE2B0
81:9C56:E0M0X0,040CE2B0,81:9C57:E0M0X0,040CE2B8
81:9C57:E0M0X0,040CE2B8,81:9C58:E0M0X0,040CE2C0
81:9C58:E0M0X0,040CE2C0,81:9C5B:E0M0X0,040CE2D8
81:9C5B:E0M0X0,040CE2D8,81:9C4E:E0M0X0,040CE270
81:9C5B:E0M0X0,040CE2D8,81:9C5D:E0M0X0,040CE2E8
81:9C5D:E0M0X0,040CE2E8,81:9C60:E0M0X0,040CE300
81:9C60:E0M0X0,040CE300,81:9C63:E0M0X0,040CE318
81:9C63:E0M0X0,040CE318,81:9C66:E0M0X0,040CE330
81:9C66:E0M0X0,040CE330,81:9C67:E0M0X0,040CE338
81:9C67:E0M0X0,040CE338,81:9C68:E0M0X0,040CE340
81:9C68:E0M0X0,040CE340,81:9C6B:E0M0X0,040CE358
81:9C6B:E0M0X0,040CE358,81:9C63:E0M0X0,040CE318
81:9C6B:E0M0X0,040CE358,81:9C6D:E0M0X0,040CE368
81:9C6D:E0M0X0,040CE368,81:9C6F:E0M1X1,040CE37B
81:9C6F:E0M1X1,040CE37B,81:9C72:E0M1X1,040CE393
81:9C72:E0M1X1,040CE393,81:9C74:E0M1X1,040CE3A3
81:9C74:E0M1X1,040CE3A3,81:9C77:E0M1X1,040CE3BB
81:9C77:E0M1X1,040CE3BB,81:9C79:E0M1X1,040CE3CB
81:9C79:E0M1X1,040CE3CB,81:9C7C:E0M1X1,040CE3E3
81:9C7C:E0M1X1,040CE3E3,81:9C7F:E0M1X1,040CE3FB
81:9C7F:E0M1X1,040CE3FB,81:A55A:E0M1X1,040D2AD3
81:9C7F:E0M1X1,040CE3FB,81:AF43:E0M1X1,040D7A1B
81:9C7F:E0M1X1,040CE3FB,81:BA3B:E0M1X1,040DD1DB
81:9C7F:E0M1X1,040CE3FB,81:F45B:E0M1X1,040FA2DB
81:9C8C:E0M1X1,040CE463,81:9C8E:E0M0X0,040CE470
81:9C8E:E0M0X0,040CE470,81:9C91:E0M0X0,040CE488
81:9C91:E0M0X0,040CE488,81:9C94:E0M0X0,040CE4A0
81:9C94:E0M0X0,040CE4A0,81:9C97:E0M0X0,040CE4B8
81:9C97:E0M0X0,040CE4B8,81:9C98:E0M0X0,040CE4C0
81:9C98:E0M0X0,040CE4C0,81:9C99:E0M0X0,040CE4C8
81:9C99:E0M0X0,040CE4C8,81:9C91:E0M0X0,040CE488
81:9C99:E0M0X0,040CE4C8,81:9C9B:E0M0X0,040CE4D8
81:9C9B:E0M0X0,040CE4D8,81:9C9E:E0M0X0,040CE4F0
81:9C9E:E0M0X0,040CE4F0,81:9CA1:E0M0X0,040CE508
81:9CA1:E0M0X0,040CE508,81:9CA4:E0M0X0,040CE520
81:9CA4:E0M0X0,040CE520,81:9CA5:E0M0X0,040CE528
81:9CA5:E0M0X0,040CE528,81:9CA6:E0M0X0,040CE530
81:9CA6:E0M0X0,040CE530,81:9C9E:E0M0X0,040CE4F0
81:9CA6:E0M0X0,040CE530,81:9CA8:E0M0X0,040CE540
81:9CA8:E0M0X0,040CE540,81:9CAA:E0M1X1,040CE553
81:9CAA:E0M1X1,040CE553,81:9CAD:E0M1X1,040CE56B
81:9CAD:E0M1X1,040CE56B,81:F4BB:E0M1X1,040FA5DB
81:9CAD:E0M1X1,040CE56B,81:F4EF:E0M1X1,040FA77B
81:9CAD:E0M1X1,040CE56B,81:F568:E0M1X1,040FAB43
81:9CAD:E0M1X1,040CE56B,81:F58F:E0M1X1,040FAC7B
81:9CAD:E0M1X1,040CE56B,81:F5AD:E0M1X1,040FAD6B
81:9CAD:E0M1X1,040CE56B,81:F663:E0M1X1,040FB31B
81:9CAD:E0M1X1,040CE56B,81:F75B:E0M1X1,040FBADB
81:9CAD:E0M1X1,040CE56B,81:F7C5:E0M1X1,040FBE2B
81:9CB6:E0M1X1,040CE5B3,81:9CB9:E0M1X1,040CE5CB
81:9CB9:E0M1X1,040CE5CB,81:9CBB:E0M1X1,040CE5DB
81:9CB9:E0M1X1,040CE5CB,81:9CF1:E0M1X1,040CE78B
81:9CBB:E0M1X1,040CE5DB,81:9CBE:E0M1X1,040CE5F3
81:9CBE:E0M1X1,040CE5F3,81:9CC0:E0M0X0,040CE600
81:9CC0:E0M0X0,040CE600,81:9CC3:E0M0X0,040CE618
81:9CC3:E0M0X0,040CE618,81:9CC6:E0M0X0,040CE630
81:9CC6:E0M0X0,040CE630,81:9CC9:E0M0X0,040CE648
81:9CC9:E0M0X0,040CE648,81:9CCC:E0M0X0,040CE660
81:9CCC:E0M0X0,040CE660,81:9CCF:E0M0X0,040CE678
81:9CCF:E0M0X0,040CE678,81:9CD1:E0M1X1,040CE68B
81:9CD1:E0M1X1,040CE68B,81:9CD3:E0M1X1,040CE69B
81:9CD3:E0M1X1,040CE69B,81:9CD6:E0M1X1,040CE6B3
81:9CD6:E0M1X1,040CE6B3,81:9CD8:E0M0X0,040CE6C0
81:9CD8:E0M0X0,040CE6C0,81:9CDB:E0M0X0,040CE6D8
81:9CDB:E0M0X0,040CE6D8,81:9CDE:E0M0X0,040CE6F0
81:9CDE:E0M0X0,040CE6F0,81:9CE1:E0M0X0,040CE708
81:9CE1:E0M0X0,040CE708,81:9CE4:E0M0X0,040CE720
81:9CE4:E0M0X0,040CE720,81:9CE7:E0M0X0,040CE738
81:9CE7:E0M0X0,040CE738,81:9CEA:E0M0X0,040CE750
81:9CEA:E0M0X0,040CE750,81:9CEC:E0M1X1,040CE763
81:9CEC:E0M1X1,040CE763,81:9CEE:E0M1X1,040CE773
81:9CEE:E0M1X1,040CE773,81:9CF1:E0M1X1,040CE78B
81:9CF1:E0M1X1,040CE78B,81:F4BE:E0M1X1,040FA5F3
81:9CF1:E0M1X1,040CE78B,81:F4F2:E0M1X1,040FA793
81:9D40:E0M1X1,040CEA03,81:9D42:E0M1X1,040CEA13
81:9D42:E0M1X1,040CEA13,81:9D45:E0M1X1,040CEA2B
81:9D45:E0M1X1,040CEA2B,81:9D47:E0M1X1,040CEA3B
81:9D47:E0M1X1,040CEA3B,81:9D4A:E0M1X1,040CEA53
81:9D4A:E0M1X1,040CEA53,81:9D4D:E0M1X1,040CEA6B
81:9D4D:E0M1X1,040CEA6B,81:9D4F:E0M1X1,040CEA7B
81:9D4F:E0M1X1,040CEA7B,81:9D52:E0M1X1,040CEA93
81:9D52:E0M1X1,040CEA93,81:9D54:E0M0X0,040CEAA0
81:9D54:E0M0X0,040CEAA0,81:9D57:E0M0X0,040CEAB8
81:9D57:E0M0X0,040CEAB8,81:9D5A:E0M0X0,040CEAD0
81:9D5A:E0M0X0,040CEAD0,81:9D5D:E0M0X0,040CEAE8
81:9D5D:E0M0X0,040CEAE8,80:839B:E0M0X0,04041CD8
81:9D61:E0M0X0,040CEB08,81:9D64:E0M0X0,040CEB20
81:9D64:E0M0X0,040CEB20,81:9D67:E0M0X0,040CEB38
81:9D67:E0M0X0,040CEB38,81:9D69:E0M1X1,040CEB4B
81:9D69:E0M1X1,040CEB4B,81:AC4C:E0M1X1,040D6263
81:9D72:E0M0X0,040CEB90,81:9D73:E0M0X0,040CEB98
81:9D73:E0M0X0,040CEB98,81:9D74:E0M0X0,040CEBA0
81:9D74:E0M0X0,040CEBA0,80:839B:E0M0X0,04041CD8
81:9D78:E0M0X0,040CEBC0,81:9D79:E0M0X0,040CEBC8
81:9D79:E0M0X0,040CEBC8,80:839B:E0M0X0,04041CD8
81:9D7D:E0M0X0,040CEBE8,81:9D7E:E0M0X0,040CEBF0
81:9D7E:E0M0X0,040CEBF0,81:9D81:E0M0X0,040CEC08
81:9D81:E0M0X0,040CEC08,80:82F7:E0M0X0,040417B8
81:9D85:E0M0X0,040CEC28,81:9D88:E0M0X0,040CEC40
81:9D88:E0M0X0,040CEC40,81:9D8C:E0M0X0,040CEC60
81:9D8C:E0M0X0,040CEC60,81:9D8E:E0M1X1,040CEC73
81:9D8E:E0M1X1,040CEC73,80:C2F4:E0M1X1,040617A3
81:9D92:E0M1X1,040CEC93,80:C066:E0M1X1,04060333
81:9D96:E0M1X1,040CECB3,81:9D98:E0M0X0,040CECC0
81:9D99:E0M1X1,040CECCB,81:9D9A:E0M1X1,040CECD3
81:9D9A:E0M1X1,040CECD3,81:9D9C:E0M1X1,040CECE3
81:9D9C:E0M1X1,040CECE3,81:9D9F:E0M1X1,040CECFB
81:9D9F:E0M1X1,040CECFB,81:9DA1:E0M1X1,040CED0B
81:9DA1:E0M1X1,040CED0B,81:9DA3:E0M1X1,040CED1B
81:9DA1:E0M1X1,040CED0B,81:9DA6:E0M1X1,040CED33
81:9DA3:E0M1X1,040CED1B,81:9DA4:E0M1X1,040CED23
81:9DA4:E0M1X1,040CED23,81:9DA5:E0M1X1,040CED2B
81:9DA5:E0M1X1,040CED2B,81:ACF4:E0M1X1,040D67A3
81:9DA6:E0M1X1,040CED33,81:9DA7:E0M1X1,040CED3B
81:9DA7:E0M1X1,040CED3B,81:9DA8:E0M1X1,040CED43
81:9DA8:E0M1X1,040CED43,81:ACF4:E0M1X1,040D67A3
81:9DB1:E0M1X1,040CED8B,81:9DB4:E0M1X1,040CEDA3
81:9DB4:E0M1X1,040CEDA3,81:9DB7:E0M1X1,040CEDBB
81:9DB7:E0M1X1,040CEDBB,81:9DBA:E0M1X1,040CEDD3
81:9DBA:E0M1X1,040CEDD3,81:9DBD:E0M1X1,040CEDEB
81:9DBD:E0M1X1,040CEDEB,81:9DC0:E0M1X1,040CEE03
81:9DC0:E0M1X1,040CEE03,81:9DC3:E0M1X1,040CEE1B
81:9DC3:E0M1X1,040CEE1B,81:9DC6:E0M1X1,040CEE33
81:9DC6:E0M1X1,040CEE33,81:9DC8:E0M1X1,040CEE43
81:9DC8:E0M1X1,040CEE43,81:9DCB:E0M1X1,040CEE5B
81:9DCB:E0M1X1,040CEE5B,81:9DCE:E0M1X1,040CEE73
81:9DCE:E0M1X1,040CEE73,81:9DD1:E0M1X1,040CEE8B
81:9DD1:E0M1X1,040CEE8B,81:9DD4:E0M1X1,040CEEA3
81:9DD4:E0M1X1,040CEEA3,81:9DD7:E0M1X1,040CEEBB
81:9DD7:E0M1X1,040CEEBB,81:9DDA:E0M1X1,040CEED3
81:9DDA:E0M1X1,040CEED3,81:9DDD:E0M1X1,040CEEEB
81:9DDD:E0M1X1,040CEEEB,81:9DE0:E0M1X1,040CEF03
81:9DE0:E0M1X1,040CEF03,81:9DE3:E0M1X1,040CEF1B
81:9DE3:E0M1X1,040CEF1B,81:9DE6:E0M1X1,040CEF33
81:9DE6:E0M1X1,040CEF33,81:9DE9:E0M1X1,040CEF4B
81:9DE9:E0M1X1,040CEF4B,81:9DEC:E0M1X1,040CEF63
81:9DEC:E0M1X1,040CEF63,81:9DEF:E0M1X1,040CEF7B
81:9DEF:E0M1X1,040CEF7B,81:9DF1:E0M0X0,040CEF88
81:9DF1:E0M0X0,040CEF88,81:9DF4:E0M0X0,040CEFA0
81:9DF4:E0M0X0,040CEFA0,81:9DF7:E0M0X0,040CEFB8
81:9DF7:E0M0X0,040CEFB8,81:9DF9:E0M0X0,040CEFC8
81:9DF9:E0M0X0,040CEFC8,81:9DFB:E0M0X0,040CEFD8
81:9DFB:E0M0X0,040CEFD8,81:9DFE:E0M0X0,040CEFF0
81:9DFE:E0M0X0,040CEFF0,81:9E01:E0M0X0,040CF008
81:9E01:E0M0X0,040CF008,81:9E03:E0M1X1,040CF01B
81:9E03:E0M1X1,040CF01B,81:A057:E0M1X1,040D02BB
81:9E06:E0M1X1,040CF033,81:9F5C:E0M1X1,040CFAE3
81:9E09:E0M1X1,040CF04B,80:A415:E0M1X1,040520AB
81:9E0D:E0M1X1,040CF06B,80:A1F2:E0M1X1,04050F93
81:9E11:E0M1X1,040CF08B,81:A55D:E0M1X1,040D2AEB
81:9E11:E0M1X1,040CF08B,81:AC4F:E0M1X1,040D627B
81:9E11:E0M1X1,040CF08B,81:AD08:E0M1X1,040D6843
81:9E11:E0M1X1,040CF08B,81:AF57:E0M1X1,040D7ABB
81:9E11:E0M1X1,040CF08B,81:BA4F:E0M1X1,040DD27B
81:9E11:E0M1X1,040CF08B,81:F460:E0M1X1,040FA303
81:9E12:E0M0X0,040CF090,81:9E13:E0M0X0,040CF098
81:9E13:E0M0X0,040CF098,81:9E14:E0M0X0,040CF0A0
81:9E14:E0M0X0,040CF0A0,81:9E17:E0M0X0,040CF0B8
81:9E17:E0M0X0,040CF0B8,81:9E19:E0M0X0,040CF0C8
81:9E19:E0M0X0,040CF0C8,81:9E1C:E0M0X0,040CF0E0
81:9E1C:E0M0X0,040CF0E0,81:9E1E:E0M0X0,040CF0F0
81:9E1E:E0M0X0,040CF0F0,81:9E20:E0M0X0,040CF100
81:9E20:E0M0X0,040CF100,81:9E23:E0M0X0,040CF118
81:9E23:E0M0X0,040CF118,81:9E24:E0M0X0,040CF120
81:9E24:E0M0X0,040CF120,81:9E25:E0M0X0,040CF128
81:9E25:E0M0X0,040CF128,81:9E27:E0M0X0,040CF138
81:9E27:E0M0X0,040CF138,81:9E2A:E0M0X0,040CF150
81:9E2A:E0M0X0,040CF150,81:9E2B:E0M0X0,040CF158
81:9E2B:E0M0X0,040CF158,81:9E2C:E0M0X0,040CF160
81:9E2C:E0M0X0,040CF160,81:9E2D:E0M0X0,040CF168
81:9E2D:E0M0X0,040CF168,81:9E25:E0M0X0,040CF128
81:9E2D:E0M0X0,040CF168,81:9E2F:E0M0X0,040CF178
81:9E2F:E0M0X0,040CF178,81:9E30:E0M0X0,040CF180
81:9E30:E0M0X0,040CF180,81:9E31:E0M0X0,040CF188
81:9E31:E0M0X0,040CF188,81:9E33:E0M0X0,040CF198
81:9E33:E0M0X0,040CF198,81:9E35:E0M0X0,040CF1A8
81:9E35:E0M0X0,040CF1A8,81:9E38:E0M0X0,040CF1C0
81:9E38:E0M0X0,040CF1C0,81:9E3A:E0M0X0,040CF1D0
81:9E3A:E0M0X0,040CF1D0,81:9E3C:E0M0X0,040CF1E0
81:9E3C:E0M0X0,040CF1E0,81:9E3F:E0M0X0,040CF1F8
81:9E3F:E0M0X0,040CF1F8,81:9E41:E0M0X0,040CF208
81:9E41:E0M0X0,040CF208,81:9E43:E0M1X1,040CF21B
81:9E43:E0M1X1,040CF21B,81:9E45:E0M1X1,040CF22B
81:9E45:E0M1X1,040CF22B,81:9E48:E0M1X1,040CF243
81:9E48:E0M1X1,040CF243,81:9E49:E0M1X1,040CF24B
81:9E49:E0M1X1,040CF24B,81:9E4B:E0M1X1,040CF25B
81:9E4B:E0M1X1,040CF25B,81:9E43:E0M1X1,040CF21B
81:9E4B:E0M1X1,040CF25B,81:9E4D:E0M1X1,040CF26B
81:9E4D:E0M1X1,040CF26B,81:9E4F:E0M0X0,040CF278
81:9E4F:E0M0X0,040CF278,81:F4A1:E0M0X0,040FA508
81:9E50:E0M0X0,040CF280,81:9E51:E0M0X0,040CF288
81:9E51:E0M0X0,040CF288,81:9E52:E0M0X0,040CF290
81:9E52:E0M0X0,040CF290,81:9E55:E0M0X0,040CF2A8
81:9E55:E0M0X0,040CF2A8,81:9E57:E0M0X0,040CF2B8
81:9E57:E0M0X0,040CF2B8,81:9E5A:E0M0X0,040CF2D0
81:9E5A:E0M0X0,040CF2D0,81:9E5C:E0M0X0,040CF2E0
81:9E5C:E0M0X0,040CF2E0,81:9E5D:E0M0X0,040CF2E8
81:9E5D:E0M0X0,040CF2E8,81:9E5E:E0M0X0,040CF2F0
81:9E5E:E0M0X0,040CF2F0,81:9E61:E0M0X0,040CF308
81:9E61:E0M0X0,040CF308,81:9E63:E0M0X0,040CF318
81:9E61:E0M0X0,040CF308,81:9E7B:E0M0X0,040CF3D8
81:9E63:E0M0X0,040CF318,81:9E66:E0M0X0,040CF330
81:9E66:E0M0X0,040CF330,81:9E68:E0M0X0,040CF340
81:9E66:E0M0X0,040CF330,81:9E82:E0M0X0,040CF410
81:9E68:E0M0X0,040CF340,81:9E6B:E0M0X0,040CF358
81:9E6B:E0M0X0,040CF358,81:9E6D:E0M0X0,040CF368
81:9E6B:E0M0X0,040CF358,81:9EA1:E0M0X0,040CF508
81:9E6D:E0M0X0,040CF368,81:9E70:E0M0X0,040CF380
81:9E70:E0M0X0,040CF380,81:9E72:E0M0X0,040CF390
81:9E70:E0M0X0,040CF380,81:9E8F:E0M0X0,040CF478
81:9E72:E0M0X0,040CF390,81:9E74:E0M1X1,040CF3A3
81:9E74:E0M1X1,040CF3A3,80:C066:E0M1X1,04060333
81:9E78:E0M1X1,040CF3C3,81:9E7A:E0M0X0,040CF3D0
81:9E7A:E0M0X0,040CF3D0,81:F49B:E0M0X0,040FA4D8
81:9E7B:E0M0X0,040CF3D8,81:9E7C:E0M0X0,040CF3E0
81:9E7C:E0M0X0,040CF3E0,81:9E7D:E0M0X0,040CF3E8
81:9E7D:E0M0X0,040CF3E8,81:9E7E:E0M0X0,040CF3F0
81:9E7E:E0M0X0,040CF3F0,81:9E7F:E0M0X0,040CF3F8
81:9E7F:E0M0X0,040CF3F8,81:9E5A:E0M0X0,040CF2D0
81:9E82:E0M0X0,040CF410,81:9E84:E0M0X0,040CF420
81:9E84:E0M0X0,040CF420,81:9E85:E0M0X0,040CF428
81:9E85:E0M0X0,040CF428,81:9E86:E0M0X0,040CF430
81:9E86:E0M0X0,040CF430,81:9E87:E0M0X0,040CF438
81:9E87:E0M0X0,040CF438,80:839B:E0M0X0,04041CD8
81:9E8B:E0M0X0,040CF458,81:9E8C:E0M0X0,040CF460
81:9E8C:E0M0X0,040CF460,81:9E5A:E0M0X0,040CF2D0
81:9E8F:E0M0X0,040CF478,81:9E91:E0M0X0,040CF488
81:9E91:E0M0X0,040CF488,81:9E92:E0M0X0,040CF490
81:9E92:E0M0X0,040CF490,81:9E93:E0M0X0,040CF498
81:9E93:E0M0X0,040CF498,81:9E94:E0M0X0,040CF4A0
81:9E94:E0M0X0,040CF4A0,81:9E96:E0M0X0,040CF4B0
81:9E96:E0M0X0,040CF4B0,81:9E97:E0M0X0,040CF4B8
81:9E97:E0M0X0,040CF4B8,81:9E98:E0M0X0,040CF4C0
81:9E98:E0M0X0,040CF4C0,81:9E99:E0M0X0,040CF4C8
81:9E99:E0M0X0,040CF4C8,80:82F7:E0M0X0,040417B8
81:9E9D:E0M0X0,040CF4E8,81:9E9E:E0M0X0,040CF4F0
81:9E9E:E0M0X0,040CF4F0,81:9E5A:E0M0X0,040CF2D0
81:9EA1:E0M0X0,040CF508,81:9EA3:E0M0X0,040CF518
81:9EA3:E0M0X0,040CF518,81:9EA4:E0M0X0,040CF520
81:9EA4:E0M0X0,040CF520,81:9EA5:E0M0X0,040CF528
81:9EA5:E0M0X0,040CF528,81:9EA6:E0M0X0,040CF530
81:9EA6:E0M0X0,040CF530,81:9EA8:E0M0X0,040CF540
81:9EA8:E0M0X0,040CF540,81:9EA9:E0M0X0,040CF548
81:9EA9:E0M0X0,040CF548,81:9EAA:E0M0X0,040CF550
81:9EAA:E0M0X0,040CF550,81:9EAB:E0M0X0,040CF558
81:9EAB:E0M0X0,040CF558,81:9EAD:E0M0X0,040CF568
81:9EAD:E0M0X0,040CF568,81:9EAE:E0M0X0,040CF570
81:9EAE:E0M0X0,040CF570,81:9EAF:E0M0X0,040CF578
81:9EAF:E0M0X0,040CF578,81:9EB2:E0M0X0,040CF590
81:9EB2:E0M0X0,040CF590,81:9EB4:E0M0X0,040CF5A0
81:9EB2:E0M0X0,040CF590,81:9EC3:E0M0X0,040CF618
81:9EB4:E0M0X0,040CF5A0,81:9EB7:E0M0X0,040CF5B8
81:9EB7:E0M0X0,040CF5B8,81:9EB9:E0M0X0,040CF5C8
81:9EB7:E0M0X0,040CF5B8,81:9ECD:E0M0X0,040CF668
81:9EB9:E0M0X0,040CF5C8,81:9EBA:E0M0X0,040CF5D0
81:9EBA:E0M0X0,040CF5D0,81:9EBB:E0M0X0,040CF5D8
81:9EBB:E0M0X0,040CF5D8,80:A21A:E0M0X0,040510D0
81:9EBF:E0M0X0,040CF5F8,81:9EC0:E0M0X0,040CF600
81:9EC0:E0M0X0,040CF600,81:9E5A:E0M0X0,040CF2D0
81:9EC3:E0M0X0,040CF618,81:9EC4:E0M0X0,040CF620
81:9EC4:E0M0X0,040CF620,81:9EC5:E0M0X0,040CF628
81:9EC5:E0M0X0,040CF628,80:A338:E0M0X0,040519C0
81:9EC9:E0M0X0,040CF648,81:9ECA:E0M0X0,040CF650
81:9ECA:E0M0X0,040CF650,81:9E5A:E0M0X0,040CF2D0
81:9ECD:E0M0X0,040CF668,81:9ECE:E0M0X0,040CF670
81:9ECE:E0M0X0,040CF670,81:9ECF:E0M0X0,040CF678
81:9ECF:E0M0X0,040CF678,80:A2DB:E0M0X0,040516D8
81:9ED3:E0M0X0,040CF698,81:9ED4:E0M0X0,040CF6A0
81:9ED4:E0M0X0,040CF6A0,81:9E5A:E0M0X0,040CF2D0
81:9F5C:E0M1X1,040CFAE3,81:9F5E:E0M0X1,040CFAF1
81:9F5E:E0M0X1,040CFAF1,81:9F61:E0M0X1,040CFB09
81:9F61:E0M0X1,040CFB09,81:9F64:E0M0X1,040CFB21
81:9F64:E0M0X1,040CFB21,81:9F67:E0M0X1,040CFB39
81:9F67:E0M0X1,040CFB39,81:9F6A:E0M0X1,040CFB51
81:9F6A:E0M0X1,040CFB51,81:9F6D:E0M0X1,040CFB69
81:9F6D:E0M0X1,040CFB69,81:9F70:E0M0X1,040CFB81
81:9F70:E0M0X1,040CFB81,81:9F72:E0M1X1,040CFB93
81:9F72:E0M1X1,040CFB93,81:9F75:E0M1X1,040CFBAB
81:9F75:E0M1X1,040CFBAB,81:9F78:E0M1X1,040CFBC3
81:9F78:E0M1X1,040CFBC3,81:9F7B:E0M1X1,040CFBDB
81:9F7B:E0M1X1,040CFBDB,81:9F7E:E0M1X1,040CFBF3
81:9F7E:E0M1X1,040CFBF3,81:9F81:E0M1X1,040CFC0B
81:9F81:E0M1X1,040CFC0B,81:9F84:E0M1X1,040CFC23
81:9F84:E0M1X1,040CFC23,81:9F87:E0M1X1,040CFC3B
81:9F87:E0M1X1,040CFC3B,81:9F8A:E0M1X1,040CFC53
81:9F8A:E0M1X1,040CFC53,81:9F8D:E0M1X1,040CFC6B
81:9F8D:E0M1X1,040CFC6B,81:9F90:E0M1X1,040CFC83
81:9F90:E0M1X1,040CFC83,81:9F93:E0M1X1,040CFC9B
81:9F93:E0M1X1,040CFC9B,81:9F96:E0M1X1,040CFCB3
81:9F96:E0M1X1,040CFCB3,81:9F99:E0M1X1,040CFCCB
81:9F99:E0M1X1,040CFCCB,81:9F9C:E0M1X1,040CFCE3
81:9F9C:E0M1X1,040CFCE3,81:9E09:E0M1X1,040CF04B
81:9F9C:E0M1X1,040CFCE3,81:F4C5:E0M1X1,040FA62B
81:9F9D:E0M1X1,040CFCEB,81:9FA0:E0M1X1,040CFD03
81:9FA0:E0M1X1,040CFD03,81:9FA2:E0M1X1,040CFD13
81:9FA0:E0M1X1,040CFD03,81:9FAD:E0M1X1,040CFD6B
81:9FA2:E0M1X1,040CFD13,80:FB52:E0M1X1,0407DA93
81:9FA6:E0M1X1,040CFD33,80:F982:E0M1X1,0407CC13
81:9FAA:E0M1X1,040CFD53,81:9FAD:E0M1X1,040CFD6B
81:9FAD:E0M1X1,040CFD6B,81:F76C:E0M1X1,040FBB63
81:9FAD:E0M1X1,040CFD6B,81:F7D6:E0M1X1,040FBEB3
81:9FAE:E0M1X1,040CFD73,81:9FB1:E0M1X1,040CFD8B
81:9FB1:E0M1X1,040CFD8B,81:9FB4:E0M1X1,040CFDA3
81:9FB4:E0M1X1,040CFDA3,81:9FB6:E0M1X1,040CFDB3
81:9FB4:E0M1X1,040CFDA3,81:9FB9:E0M1X1,040CFDCB
81:9FB6:E0M1X1,040CFDB3,81:9FB9:E0M1X1,040CFDCB
81:9FB9:E0M1X1,040CFDCB,81:9FBC:E0M1X1,040CFDE3
81:9FBC:E0M1X1,040CFDE3,81:9FBF:E0M1X1,040CFDFB
81:9FBF:E0M1X1,040CFDFB,81:9FC2:E0M1X1,040CFE13
81:9FC2:E0M1X1,040CFE13,81:9FC5:E0M1X1,040CFE2B
81:9FC5:E0M1X1,040CFE2B,81:F746:E0M1X1,040FBA33
81:9FC5:E0M1X1,040CFE2B,81:F7B0:E0M1X1,040FBD83
81:9FC6:E0M1X1,040CFE33,81:9FC9:E0M1X1,040CFE4B
81:9FC9:E0M1X1,040CFE4B,81:9FCA:E0M1X1,040CFE53
81:9FCA:E0M1X1,040CFE53,81:9FCC:E0M1X1,040CFE63
81:9FCA:E0M1X1,040CFE53,81:9FCD:E0M1X1,040CFE6B
81:9FCC:E0M1X1,040CFE63,81:9FCD:E0M1X1,040CFE6B
81:9FCD:E0M1X1,040CFE6B,81:9FD0:E0M1X1,040CFE83
81:9FD0:E0M1X1,040CFE83,81:9FD3:E0M1X1,040CFE9B
81:9FD3:E0M1X1,040CFE9B,81:9FD6:E0M1X1,040CFEB3
81:9FD6:E0M1X1,040CFEB3,81:9FD9:E0M1X1,040CFECB
81:9FD9:E0M1X1,040CFECB,81:9FDC:E0M1X1,040CFEE3
81:9FDC:E0M1X1,040CFEE3,81:F741:E0M1X1,040FBA0B
81:9FDC:E0M1X1,040CFEE3,81:F7AB:E0M1X1,040FBD5B
81:9FE6:E0M1X1,040CFF33,81:9FE9:E0M1X1,040CFF4B
81:9FE9:E0M1X1,040CFF4B,81:9FEB:E0M1X1,040CFF5B
81:9FE9:E0M1X1,040CFF4B,81:9FEE:E0M1X1,040CFF73
81:9FEB:E0M1X1,040CFF5B,81:9FAE:E0M1X1,040CFD73
81:9FEE:E0M1X1,040CFF73,81:F746:E0M1X1,040FBA33
81:9FEE:E0M1X1,040CFF73,81:F7B0:E0M1X1,040FBD83
81:9FF8:E0M1X1,040CFFC3,81:9FFB:E0M1X1,040CFFDB
81:9FFB:E0M1X1,040CFFDB,81:9FFD:E0M1X1,040CFFEB
81:9FFB:E0M1X1,040CFFDB,81:A000:E0M1X1,040D0003
81:9FFD:E0M1X1,040CFFEB,81:9FC6:E0M1X1,040CFE33
81:A000:E0M1X1,040D0003,81:F741:E0M1X1,040FBA0B
81:A000:E0M1X1,040D0003,81:F7AB:E0M1X1,040FBD5B
81:A001:E0M1X1,040D000B,81:A004:E0M1X1,040D0023
81:A004:E0M1X1,040D0023,81:A006:E0M1X1,040D0033
81:A004:E0M1X1,040D0023,81:A00D:E0M1X1,040D006B
81:A006:E0M1X1,040D0033,81:A007:E0M1X1,040D003B
81:A007:E0M1X1,040D003B,81:A00A:E0M1X1,040D0053
81:A00A:E0M1X1,040D0053,81:A00C:E0M1X1,040D0063
81:A00C:E0M1X1,040D0063,81:F749:E0M1X1,040FBA4B
81:A00C:E0M1X1,040D0063,81:F7B3:E0M1X1,040FBD9B
81:A00D:E0M1X1,040D006B,81:A00F:E0M1X1,040D007B
81:A00F:E0M1X1,040D007B,81:A011:E0M1X1,040D008B
81:A00F:E0M1X1,040D007B,81:A018:E0M1X1,040D00C3
81:A011:E0M1X1,040D008B,81:A012:E0M1X1,040D0093
81:A012:E0M1X1,040D0093,81:A015:E0M1X1,040D00AB
81:A015:E0M1X1,040D00AB,81:A017:E0M1X1,040D00BB
81:A017:E0M1X1,040D00BB,81:F749:E0M1X1,040FBA4B
81:A017:E0M1X1,040D00BB,81:F7B3:E0M1X1,040FBD9B
81:A018:E0M1X1,040D00C3,81:A019:E0M1X1,040D00CB
81:A019:E0M1X1,040D00CB,81:A01B:E0M1X1,040D00DB
81:A01B:E0M1X1,040D00DB,81:A01D:E0M1X1,040D00EB
81:A01B:E0M1X1,040D00DB,81:A01F:E0M1X1,040D00FB
81:A01D:E0M1X1,040D00EB,81:A01F:E0M1X1,040D00FB
81:A01F:E0M1X1,040D00FB,81:A022:E0M1X1,040D0113
81:A022:E0M1X1,040D0113,81:A024:E0M1X1,040D0123
81:A024:E0M1X1,040D0123,81:F749:E0M1X1,040FBA4B
81:A024:E0M1X1,040D0123,81:F7B3:E0M1X1,040FBD9B
81:A057:E0M1X1,040D02BB,81:A059:E0M1X1,040D02CB
81:A059:E0M1X1,040D02CB,81:A05B:E0M1X1,040D02DB
81:A05B:E0M1X1,040D02DB,81:A05E:E0M1X1,040D02F3
81:A05E:E0M1X1,040D02F3,81:A05F:E0M1X1,040D02FB
81:A05F:E0M1X1,040D02FB,81:A05B:E0M1X1,040D02DB
81:A05F:E0M1X1,040D02FB,81:A061:E0M1X1,040D030B
81:A061:E0M1X1,040D030B,81:9E06:E0M1X1,040CF033
81:A557:E0M1X1,040D2ABB,81:9C46:E0M1X1,040CE233
81:A55A:E0M1X1,040D2AD3,81:A750:E0M1X1,040D3A83
81:A55D:E0M1X1,040D2AEB,81:A55F:E0M0X0,040D2AF8
81:A55F:E0M0X0,040D2AF8,81:A562:E0M0X0,040D2B10
81:A562:E0M0X0,040D2B10,81:A565:E0M0X0,040D2B28
81:A565:E0M0X0,040D2B28,80:839B:E0M0X0,04041CD8
81:A569:E0M0X0,040D2B48,81:A56C:E0M0X0,040D2B60
81:A56C:E0M0X0,040D2B60,81:A56F:E0M0X0,040D2B78
81:A56F:E0M0X0,040D2B78,80:82F7:E0M0X0,040417B8
81:A573:E0M0X0,040D2B98,81:A576:E0M0X0,040D2BB0
81:A576:E0M0X0,040D2BB0,81:A57A:E0M0X0,040D2BD0
81:A57A:E0M0X0,040D2BD0,81:A57D:E0M0X0,040D2BE8
81:A57D:E0M0X0,040D2BE8,81:A580:E0M0X0,040D2C00
81:A580:E0M0X0,040D2C00,80:835B:E0M0X0,04041AD8
81:A750:E0M1X1,040D3A83,81:A752:E0M0X1,040D3A91
81:A752:E0M0X1,040D3A91,81:A755:E0M0X1,040D3AA9
81:A755:E0M0X1,040D3AA9,81:A758:E0M0X1,040D3AC1
81:A758:E0M0X1,040D3AC1,81:A75B:E0M0X1,040D3AD9
81:A75B:E0M0X1,040D3AD9,81:A75E:E0M0X1,040D3AF1
81:A75E:E0M0X1,040D3AF1,81:A760:E0M1X1,040D3B03
81:A760:E0M1X1,040D3B03,81:A762:E0M1X1,040D3B13
81:A762:E0M1X1,040D3B13,81:9DB1:E0M1X1,040CED8B
81:AC40:E0M1X1,040D6203,81:AC41:E0M1X1,040D620B
81:AC41:E0M1X1,040D620B,81:AC42:E0M1X1,040D6213
81:AC42:E0M1X1,040D6213,81:AC43:E0M1X1,040D621B
81:AC43:E0M1X1,040D621B,81:AC48:E0M1X1,040D6243
81:AC48:E0M1X1,040D6243,81:AC49:E0M1X1,040D624B
81:AC49:E0M1X1,040D624B,81:9D40:E0M1X1,040CEA03
81:AC4C:E0M1X1,040D6263,81:9DB1:E0M1X1,040CED8B
81:AC4F:E0M1X1,040D627B,81:AC50:E0M1X1,040D6283
81:AC50:E0M1X1,040D6283,81:AC52:E0M1X1,040D6293
81:AC50:E0M1X1,040D6283,81:AC58:E0M1X1,040D62C3
81:AC52:E0M1X1,040D6293,81:AC53:E0M1X1,040D629B
81:AC53:E0M1X1,040D629B,81:AC55:E0M1X1,040D62AB
81:AC53:E0M1X1,040D629B,81:AC8B:E0M1X1,040D645B
81:AC55:E0M1X1,040D62AB,81:ACE4:E0M1X1,040D6723
81:AC58:E0M1X1,040D62C3,81:AC5A:E0M0X0,040D62D0
81:AC5A:E0M0X0,040D62D0,81:AC5D:E0M0X0,040D62E8
81:AC5D:E0M0X0,040D62E8,81:AC5F:E0M0X0,040D62F8
81:AC5D:E0M0X0,040D62E8,81:AC6B:E0M0X0,040D6358
81:AC5F:E0M0X0,040D62F8,81:AC62:E0M0X0,040D6310
81:AC62:E0M0X0,040D6310,81:AC65:E0M0X0,040D6328
81:AC65:E0M0X0,040D6328,81:AC68:E0M0X0,040D6340
81:AC68:E0M0X0,040D6340,81:AD29:E0M0X0,040D6948
81:AC6B:E0M0X0,040D6358,81:AC6E:E0M0X0,040D6370
81:AC6E:E0M0X0,040D6370,81:AC71:E0M0X0,040D6388
81:AC71:E0M0X0,040D6388,81:AC74:E0M0X0,040D63A0
81:AC74:E0M0X0,040D63A0,81:AD29:E0M0X0,040D6948
81:AC77:E0M0X0,040D63B8,81:AC7A:E0M0X0,040D63D0
81:AC7A:E0M0X0,040D63D0,81:AC7D:E0M0X0,040D63E8
81:AC7D:E0M0X0,040D63E8,81:AC80:E0M0X0,040D6400
81:AC80:E0M0X0,040D6400,81:AD29:E0M0X0,040D6948
81:AC83:E0M0X0,040D6418,81:AC85:E0M1X1,040D642B
81:AC85:E0M1X1,040D642B,81:ADA6:E0M1X1,040D6D33
81:AC88:E0M1X1,040D6443,81:F454:E0M1X1,040FA2A3
81:AC8B:E0M1X1,040D645B,81:AC8E:E0M1X1,040D6473
81:AC8E:E0M1X1,040D6473,81:AC91:E0M1X1,040D648B
81:AC91:E0M1X1,040D648B,81:AC93:E0M1X1,040D649B
81:AC91:E0M1X1,040D648B,81:AC96:E0M1X1,040D64B3
81:AC93:E0M1X1,040D649B,81:BA19:E0M1X1,040DD0CB
81:AC96:E0M1X1,040D64B3,81:AC99:E0M1X1,040D64CB
81:AC99:E0M1X1,040D64CB,81:AC9C:E0M1X1,040D64E3
81:AC9C:E0M1X1,040D64E3,81:A557:E0M1X1,040D2ABB
81:ACE4:E0M1X1,040D6723,81:ACE6:E0M1X1,040D6733
81:ACE6:E0M1X1,040D6733,81:AE76:E0M1X1,040D73B3
81:ACE9:E0M1X1,040D674B,81:AF2F:E0M1X1,040D797B
81:ACEC:E0M1X1,040D6763,81:ACEE:E0M1X1,040D6773
81:ACEE:E0M1X1,040D6773,81:AE21:E0M1X1,040D710B
81:ACF1:E0M1X1,040D678B,81:9D99:E0M1X1,040CECCB
81:ACF4:E0M1X1,040D67A3,81:ACF6:E0M1X1,040D67B3
81:ACF4:E0M1X1,040D67A3,81:AD03:E0M1X1,040D681B
81:ACF6:E0M1X1,040D67B3,81:ACF8:E0M1X1,040D67C3
81:ACF8:E0M1X1,040D67C3,81:AE76:E0M1X1,040D73B3
81:ACFB:E0M1X1,040D67DB,81:AF2F:E0M1X1,040D797B
81:ACFE:E0M1X1,040D67F3,81:AD00:E0M1X1,040D6803
81:AD00:E0M1X1,040D6803,81:AE21:E0M1X1,040D710B
81:AD03:E0M1X1,040D681B,81:AD05:E0M1X1,040D682B
81:AD05:E0M1X1,040D682B,81:9DB1:E0M1X1,040CED8B
81:AD08:E0M1X1,040D6843,81:AD0B:E0M1X1,040D685B
81:AD0B:E0M1X1,040D685B,81:AD0E:E0M1X1,040D6873
81:AD0E:E0M1X1,040D6873,81:AD11:E0M1X1,040D688B
81:AD11:E0M1X1,040D688B,81:AD14:E0M1X1,040D68A3
81:AD14:E0M1X1,040D68A3,81:AD17:E0M1X1,040D68BB
81:AD17:E0M1X1,040D68BB,81:AD1A:E0M1X1,040D68D3
81:AD1A:E0M1X1,040D68D3,81:AD1D:E0M1X1,040D68EB
81:AD1D:E0M1X1,040D68EB,81:AD20:E0M1X1,040D6903
81:AD29:E0M0X0,040D6948,81:AD2B:E0M0X0,040D6958
81:AD2B:E0M0X0,040D6958,81:AD2E:E0M0X0,040D6970
81:AD2E:E0M0X0,040D6970,81:AD31:E0M0X0,040D6988
81:AD31:E0M0X0,040D6988,81:AD33:E0M0X0,040D6998
81:AD31:E0M0X0,040D6988,81:AD74:E0M0X0,040D6BA0
81:AD33:E0M0X0,040D6998,81:AD35:E0M0X0,040D69A8
81:AD35:E0M0X0,040D69A8,81:9D72:E0M0X0,040CEB90
81:AD74:E0M0X0,040D6BA0,81:AC6B:E0M0X0,040D6358
81:AD74:E0M0X0,040D6BA0,81:AC77:E0M0X0,040D63B8
81:AD74:E0M0X0,040D6BA0,81:AC83:E0M0X0,040D6418
81:ADA6:E0M1X1,040D6D33,81:ADA9:E0M1X1,040D6D4B
81:ADA9:E0M1X1,040D6D4B,81:ADAB:E0M1X1,040D6D5B
81:ADAB:E0M1X1,040D6D5B,81:ADAE:E0M1X1,040D6D73
81:ADAE:E0M1X1,040D6D73,81:ADB1:E0M1X1,040D6D8B
81:ADB1:E0M1X1,040D6D8B,81:ADB3:E0M1X1,040D6D9B
81:ADB3:E0M1X1,040D6D9B,81:ADB6:E0M1X1,040D6DB3
81:ADB6:E0M1X1,040D6DB3,81:ADB8:E0M0X1,040D6DC1
81:ADB8:E0M0X1,040D6DC1,81:ADBB:E0M0X1,040D6DD9
81:ADBB:E0M0X1,040D6DD9,81:ADBE:E0M0X1,040D6DF1
81:ADBE:E0M0X1,040D6DF1,81:ADC1:E0M0X1,040D6E09
81:ADC1:E0M0X1,040D6E09,81:ADC4:E0M0X1,040D6E21
81:ADC4:E0M0X1,040D6E21,81:ADC7:E0M0X1,040D6E39
81:ADC7:E0M0X1,040D6E39,81:ADCA:E0M0X1,040D6E51
81:ADCA:E0M0X1,040D6E51,81:ADCD:E0M0X1,040D6E69
81:ADCD:E0M0X1,040D6E69,81:ADD0:E0M0X1,040D6E81
81:ADD0:E0M0X1,040D6E81,81:ADD3:E0M0X1,040D6E99
81:ADD3:E0M0X1,040D6E99,81:ADD6:E0M0X1,040D6EB1
81:ADD6:E0M0X1,040D6EB1,81:ADD9:E0M0X1,040D6EC9
81:ADD9:E0M0X1,040D6EC9,81:ADDC:E0M0X1,040D6EE1
81:ADDC:E0M0X1,040D6EE1,81:ADDF:E0M0X1,040D6EF9
81:ADDF:E0M0X1,040D6EF9,81:ADE2:E0M0X1,040D6F11
81:ADE2:E0M0X1,040D6F11,81:ADE5:E0M0X1,040D6F29
81:ADE5:E0M0X1,040D6F29,81:ADE8:E0M0X1,040D6F41
81:ADE8:E0M0X1,040D6F41,81:ADEB:E0M0X1,040D6F59
81:ADEB:E0M0X1,040D6F59,81:ADEE:E0M0X1,040D6F71
81:ADEE:E0M0X1,040D6F71,81:ADF1:E0M0X1,040D6F89
81:ADF1:E0M0X1,040D6F89,81:ADF4:E0M0X1,040D6FA1
81:ADF4:E0M0X1,040D6FA1,81:ADF7:E0M0X1,040D6FB9
81:ADF7:E0M0X1,040D6FB9,81:ADFA:E0M0X1,040D6FD1
81:ADFA:E0M0X1,040D6FD1,81:ADFD:E0M0X1,040D6FE9
81:ADFD:E0M0X1,040D6FE9,81:AE00:E0M0X1,040D7001
81:AE00:E0M0X1,040D7001,81:AE03:E0M0X1,040D7019
81:AE03:E0M0X1,040D7019,81:AE06:E0M0X1,040D7031
81:AE06:E0M0X1,040D7031,81:AE09:E0M0X1,040D7049
81:AE09:E0M0X1,040D7049,81:AE0C:E0M0X1,040D7061
81:AE0C:E0M0X1,040D7061,81:AE0F:E0M0X1,040D7079
81:AE0F:E0M0X1,040D7079,81:AE12:E0M0X1,040D7091
81:AE12:E0M0X1,040D7091,81:AE15:E0M0X1,040D70A9
81:AE15:E0M0X1,040D70A9,81:AE18:E0M0X1,040D70C1
81:AE18:E0M0X1,040D70C1,81:AE1B:E0M0X1,040D70D9
81:AE1B:E0M0X1,040D70D9,81:AE1E:E0M0X1,040D70F1
81:AE1E:E0M0X1,040D70F1,81:AE20:E0M1X1,040D7103
81:AE20:E0M1X1,040D7103,81:AC88:E0M1X1,040D6443
81:AE21:E0M1X1,040D710B,81:AE24:E0M1X1,040D7123
81:AE24:E0M1X1,040D7123,81:AE26:E0M1X1,040D7133
81:AE24:E0M1X1,040D7123,81:AE75:E0M1X1,040D73AB
81:AE26:E0M1X1,040D7133,81:AE29:E0M1X1,040D714B
81:AE29:E0M1X1,040D714B,81:AE2C:E0M1X1,040D7163
81:AE2C:E0M1X1,040D7163,81:AE2F:E0M1X1,040D717B
81:AE2F:E0M1X1,040D717B,81:AE32:E0M1X1,040D7193
81:AE32:E0M1X1,040D7193,81:AE35:E0M1X1,040D71AB
81:AE35:E0M1X1,040D71AB,81:AE38:E0M1X1,040D71C3
81:AE38:E0M1X1,040D71C3,81:AE3B:E0M1X1,040D71DB
81:AE3B:E0M1X1,040D71DB,81:AE3E:E0M1X1,040D71F3
81:AE3E:E0M1X1,040D71F3,81:AE41:E0M1X1,040D720B
81:AE41:E0M1X1,040D720B,81:AE44:E0M1X1,040D7223
81:AE44:E0M1X1,040D7223,81:AE47:E0M1X1,040D723B
81:AE47:E0M1X1,040D723B,81:AE4A:E0M1X1,040D7253
81:AE4A:E0M1X1,040D7253,81:AE4D:E0M1X1,040D726B
81:AE4D:E0M1X1,040D726B,81:AE50:E0M1X1,040D7283
81:AE50:E0M1X1,040D7283,81:AE53:E0M1X1,040D729B
81:AE53:E0M1X1,040D729B,81:AE56:E0M1X1,040D72B3
81:AE56:E0M1X1,040D72B3,81:AE59:E0M1X1,040D72CB
81:AE59:E0M1X1,040D72CB,81:AE5C:E0M1X1,040D72E3
81:AE5C:E0M1X1,040D72E3,81:AE5F:E0M1X1,040D72FB
81:AE5F:E0M1X1,040D72FB,81:AE62:E0M1X1,040D7313
81:AE62:E0M1X1,040D7313,81:AE65:E0M1X1,040D732B
81:AE65:E0M1X1,040D732B,81:AE68:E0M1X1,040D7343
81:AE68:E0M1X1,040D7343,81:AE6B:E0M1X1,040D735B
81:AE6B:E0M1X1,040D735B,81:AE6E:E0M1X1,040D7373
81:AE6E:E0M1X1,040D7373,81:AE71:E0M1X1,040D738B
81:AE71:E0M1X1,040D738B,81:AE72:E0M1X1,040D7393
81:AE72:E0M1X1,040D7393,81:B67D:E0M1X1,040DB3EB
81:AE75:E0M1X1,040D73AB,81:ACF1:E0M1X1,040D678B
81:AE75:E0M1X1,040D73AB,81:AD03:E0M1X1,040D681B
81:AE76:E0M1X1,040D73B3,81:AE79:E0M1X1,040D73CB
81:AE79:E0M1X1,040D73CB,81:AE7C:E0M1X1,040D73E3
81:AE7C:E0M1X1,040D73E3,81:AE7F:E0M1X1,040D73FB
81:AE7F:E0M1X1,040D73FB,81:AE82:E0M1X1,040D7413
81:AE82:E0M1X1,040D7413,81:AE85:E0M1X1,040D742B
81:AE85:E0M1X1,040D742B,81:AE88:E0M1X1,040D7443
81:AE88:E0M1X1,040D7443,81:AE8B:E0M1X1,040D745B
81:AE8B:E0M1X1,040D745B,81:AE8E:E0M1X1,040D7473
81:AE8E:E0M1X1,040D7473,81:AE90:E0M1X1,040D7483
81:AE90:E0M1X1,040D7483,81:AE92:E0M1X1,040D7493
81:AE90:E0M1X1,040D7483,81:AE97:E0M1X1,040D74BB
81:AE92:E0M1X1,040D7493,81:AE95:E0M1X1,040D74AB
81:AE95:E0M1X1,040D74AB,81:AE9A:E0M1X1,040D74D3
81:AE97:E0M1X1,040D74BB,81:AE9A:E0M1X1,040D74D3
81:AE9A:E0M1X1,040D74D3,81:AE9D:E0M1X1,040D74EB
81:AE9D:E0M1X1,040D74EB,81:AEA7:E0M1X1,040D753B
81:AEA0:E0M1X1,040D7503,81:AEF3:E0M1X1,040D779B
81:AEA3:E0M1X1,040D751B,81:AEA4:E0M1X1,040D7523
81:AEA4:E0M1X1,040D7523,81:B669:E0M1X1,040DB34B
81:AEA7:E0M1X1,040D753B,81:AEAA:E0M1X1,040D7553
81:AEAA:E0M1X1,040D7553,81:AEAD:E0M1X1,040D756B
81:AEAD:E0M1X1,040D756B,81:AEB0:E0M1X1,040D7583
81:AEB0:E0M1X1,040D7583,81:AEB3:E0M1X1,040D759B
81:AEB3:E0M1X1,040D759B,81:AEB6:E0M1X1,040D75B3
81:AEB6:E0M1X1,040D75B3,81:AEB9:E0M1X1,040D75CB
81:AEB9:E0M1X1,040D75CB,81:AEBC:E0M1X1,040D75E3
81:AEBC:E0M1X1,040D75E3,81:AEBF:E0M1X1,040D75FB
81:AEBF:E0M1X1,040D75FB,81:AEC2:E0M1X1,040D7613
81:AEC2:E0M1X1,040D7613,81:AEC5:E0M1X1,040D762B
81:AEC5:E0M1X1,040D762B,81:AEC8:E0M1X1,040D7643
81:AEC8:E0M1X1,040D7643,81:AECB:E0M1X1,040D765B
81:AECB:E0M1X1,040D765B,81:AECE:E0M1X1,040D7673
81:AECE:E0M1X1,040D7673,81:AED1:E0M1X1,040D768B
81:AED1:E0M1X1,040D768B,81:AED4:E0M1X1,040D76A3
81:AED4:E0M1X1,040D76A3,81:AED7:E0M1X1,040D76BB
81:AED7:E0M1X1,040D76BB,81:AEDA:E0M1X1,040D76D3
81:AEDA:E0M1X1,040D76D3,81:AEDD:E0M1X1,040D76EB
81:AEDD:E0M1X1,040D76EB,81:AEE0:E0M1X1,040D7703
81:AEE0:E0M1X1,040D7703,81:AEE3:E0M1X1,040D771B
81:AEE3:E0M1X1,040D771B,81:AEE6:E0M1X1,040D7733
81:AEE6:E0M1X1,040D7733,81:AEE9:E0M1X1,040D774B
81:AEE9:E0M1X1,040D774B,81:AEEC:E0M1X1,040D7763
81:AEEC:E0M1X1,040D7763,81:AEEF:E0M1X1,040D777B
81:AEEF:E0M1X1,040D777B,81:AEF2:E0M1X1,040D7793
81:AEF2:E0M1X1,040D7793,81:AEA0:E0M1X1,040D7503
81:AEF3:E0M1X1,040D779B,81:AEF6:E0M1X1,040D77B3
81:AEF6:E0M1X1,040D77B3,81:AEF9:E0M1X1,040D77CB
81:AEF9:E0M1X1,040D77CB,81:AEFC:E0M1X1,040D77E3
81:AEFC:E0M1X1,040D77E3,81:AEFF:E0M1X1,040D77FB
81:AEFF:E0M1X1,040D77FB,81:AF02:E0M1X1,040D7813
81:AF02:E0M1X1,040D7813,81:AF05:E0M1X1,040D782B
81:AF05:E0M1X1,040D782B,81:AF08:E0M1X1,040D7843
81:AF08:E0M1X1,040D7843,81:AF0B:E0M1X1,040D785B
81:AF0B:E0M1X1,040D785B,81:AEA3:E0M1X1,040D751B
81:AF2F:E0M1X1,040D797B,81:AF32:E0M1X1,040D7993
81:AF32:E0M1X1,040D7993,81:AF35:E0M1X1,040D79AB
81:AF35:E0M1X1,040D79AB,81:AF38:E0M1X1,040D79C3
81:AF38:E0M1X1,040D79C3,81:AF3A:E0M1X1,040D79D3
81:AF38:E0M1X1,040D79C3,81:AF40:E0M1X1,040D7A03
81:AF3A:E0M1X1,040D79D3,81:AF3D:E0M1X1,040D79EB
81:AF3D:E0M1X1,040D79EB,81:AF3F:E0M1X1,040D79FB
81:AF3D:E0M1X1,040D79EB,81:AF40:E0M1X1,040D7A03
81:AF3F:E0M1X1,040D79FB,81:ACEC:E0M1X1,040D6763
81:AF3F:E0M1X1,040D79FB,81:ACFE:E0M1X1,040D67F3
81:AF40:E0M1X1,040D7A03,81:9C46:E0M1X1,040CE233
81:AF43:E0M1X1,040D7A1B,81:AF45:E0M1X1,040D7A2B
81:AF45:E0M1X1,040D7A2B,81:AF48:E0M1X1,040D7A43
81:AF48:E0M1X1,040D7A43,81:AF4A:E0M1X1,040D7A53
81:AF4A:E0M1X1,040D7A53,81:AF4D:E0M1X1,040D7A6B
81:AF4D:E0M1X1,040D7A6B,81:AF4F:E0M1X1,040D7A7B
81:AF4F:E0M1X1,040D7A7B,81:AF52:E0M1X1,040D7A93
81:AF52:E0M1X1,040D7A93,81:AF54:E0M1X1,040D7AA3
81:AF54:E0M1X1,040D7AA3,81:9DB1:E0M1X1,040CED8B
81:AF57:E0M1X1,040D7ABB,81:AF5A:E0M1X1,040D7AD3
81:AF5A:E0M1X1,040D7AD3,81:AF5D:E0M1X1,040D7AEB
81:AF5D:E0M1X1,040D7AEB,81:AF60:E0M1X1,040D7B03
81:AF60:E0M1X1,040D7B03,81:AF62:E0M1X1,040D7B13
81:AF60:E0M1X1,040D7B03,81:AF71:E0M1X1,040D7B8B
81:AF62:E0M1X1,040D7B13,81:AF65:E0M1X1,040D7B2B
81:AF65:E0M1X1,040D7B2B,81:AF67:E0M1X1,040D7B3B
81:AF65:E0M1X1,040D7B2B,81:AF71:E0M1X1,040D7B8B
81:AF67:E0M1X1,040D7B3B,81:AF6A:E0M1X1,040D7B53
81:AF6A:E0M1X1,040D7B53,81:AF6C:E0M1X1,040D7B63
81:AF6C:E0M1X1,040D7B63,81:AF6E:E0M1X1,040D7B73
81:AF6C:E0M1X1,040D7B63,81:AF71:E0M1X1,040D7B8B
81:AF6E:E0M1X1,040D7B73,81:AF71:E0M1X1,040D7B8B
81:AF71:E0M1X1,040D7B8B,81:AF73:E0M0X0,040D7B98
81:AF73:E0M0X0,040D7B98,81:AF76:E0M0X0,040D7BB0
81:AF76:E0M0X0,040D7BB0,80:839B:E0M0X0,04041CD8
81:AF7A:E0M0X0,040D7BD0,81:AF7D:E0M0X0,040D7BE8
81:AF7D:E0M0X0,040D7BE8,81:AF80:E0M0X0,040D7C00
81:AF80:E0M0X0,040D7C00,80:82F7:E0M0X0,040417B8
81:AF84:E0M0X0,040D7C20,81:AF87:E0M0X0,040D7C38
81:AF87:E0M0X0,040D7C38,81:AF8B:E0M0X0,040D7C58
81:AF8B:E0M0X0,040D7C58,81:AF8E:E0M0X0,040D7C70
81:AF8E:E0M0X0,040D7C70,81:AF91:E0M0X0,040D7C88
81:AF91:E0M0X0,040D7C88,80:835B:E0M0X0,04041AD8
81:B669:E0M1X1,040DB34B,81:B66A:E0M1X1,040DB353
81:B66A:E0M1X1,040DB353,81:B66B:E0M1X1,040DB35B
81:B66B:E0M1X1,040DB35B,81:B66C:E0M1X1,040DB363
81:B66C:E0M1X1,040DB363,81:B66E:E0M0X1,040DB371
81:B66E:E0M0X1,040DB371,81:B671:E0M0X1,040DB389
81:B671:E0M0X1,040DB389,81:B674:E0M0X1,040DB3A1
81:B674:E0M0X1,040DB3A1,81:B677:E0M0X1,040DB3B9
81:B677:E0M0X1,040DB3B9,81:B67A:E0M0X1,040DB3D1
81:B67A:E0M0X1,040DB3D1,81:B67C:E0M1X1,040DB3E3
81:B67C:E0M1X1,040DB3E3,81:ACE9:E0M1X1,040D674B
81:B67C:E0M1X1,040DB3E3,81:ACFB:E0M1X1,040D67DB
81:B67D:E0M1X1,040DB3EB,81:B67E:E0M1X1,040DB3F3
81:B67E:E0M1X1,040DB3F3,81:B67F:E0M1X1,040DB3FB
81:B67F:E0M1X1,040DB3FB,81:B680:E0M1X1,040DB403
81:B680:E0M1X1,040DB403,81:B682:E0M0X1,040DB411
81:B682:E0M0X1,040DB411,81:B685:E0M0X1,040DB429
81:B685:E0M0X1,040DB429,81:B688:E0M0X1,040DB441
81:B688:E0M0X1,040DB441,81:B68B:E0M0X1,040DB459
81:B68B:E0M0X1,040DB459,81:B68E:E0M0X1,040DB471
81:B68E:E0M0X1,040DB471,81:B690:E0M1X1,040DB483
81:B690:E0M1X1,040DB483,81:AE75:E0M1X1,040D73AB
81:BA19:E0M1X1,040DD0CB,81:BA1B:E0M0X1,040DD0D9
81:BA1B:E0M0X1,040DD0D9,81:BA1E:E0M0X1,040DD0F1
81:BA1E:E0M0X1,040DD0F1,81:BA21:E0M0X1,040DD109
81:BA21:E0M0X1,040DD109,81:BA24:E0M0X1,040DD121
81:BA24:E0M0X1,040DD121,81:BA27:E0M0X1,040DD139
81:BA27:E0M0X1,040DD139,81:BA2A:E0M0X1,040DD151
81:BA2A:E0M0X1,040DD151,81:BA2D:E0M0X1,040DD169
81:BA2D:E0M0X1,040DD169,81:BA30:E0M0X1,040DD181
81:BA30:E0M0X1,040DD181,81:BA33:E0M0X1,040DD199
81:BA33:E0M0X1,040DD199,81:BA36:E0M0X1,040DD1B1
81:BA36:E0M0X1,040DD1B1,81:BA38:E0M1X1,040DD1C3
81:BA38:E0M1X1,040DD1C3,81:9C46:E0M1X1,040CE233
81:BA3B:E0M1X1,040DD1DB,81:BA3D:E0M1X1,040DD1EB
81:BA3D:E0M1X1,040DD1EB,81:BA40:E0M1X1,040DD203
81:BA40:E0M1X1,040DD203,81:BA42:E0M1X1,040DD213
81:BA42:E0M1X1,040DD213,81:BA45:E0M1X1,040DD22B
81:BA45:E0M1X1,040DD22B,81:BA47:E0M1X1,040DD23B
81:BA47:E0M1X1,040DD23B,81:BA4A:E0M1X1,040DD253
81:BA4A:E0M1X1,040DD253,81:BA4C:E0M1X1,040DD263
81:BA4C:E0M1X1,040DD263,81:9DB1:E0M1X1,040CED8B
81:BA4F:E0M1X1,040DD27B,81:BA51:E0M0X0,040DD288
81:BA51:E0M0X0,040DD288,81:BDA9:E0M0X0,040DED48
81:BA54:E0M0X0,040DD2A0,81:BA57:E0M0X0,040DD2B8
81:BA57:E0M0X0,040DD2B8,81:BA5A:E0M0X0,040DD2D0
81:BA5A:E0M0X0,040DD2D0,81:BA5D:E0M0X0,040DD2E8
81:BA5D:E0M0X0,040DD2E8,81:9D72:E0M0X0,040CEB90
81:BDA9:E0M0X0,040DED48,81:BDAC:E0M0X0,040DED60
81:BDAC:E0M0X0,040DED60,81:BDAF:E0M0X0,040DED78
81:BDAF:E0M0X0,040DED78,81:BDB2:E0M0X0,040DED90
81:BDB2:E0M0X0,040DED90,81:BDB5:E0M0X0,040DEDA8
81:BDB5:E0M0X0,040DEDA8,81:BDB8:E0M0X0,040DEDC0
81:BDB8:E0M0X0,040DEDC0,81:BDBB:E0M0X0,040DEDD8
81:BDBB:E0M0X0,040DEDD8,81:BDBE:E0M0X0,040DEDF0
81:BDBE:E0M0X0,040DEDF0,81:BDC0:E0M0X0,040DEE00
81:BDBE:E0M0X0,040DEDF0,81:BDC7:E0M0X0,040DEE38
81:BDC0:E0M0X0,040DEE00,81:BDC3:E0M0X0,040DEE18
81:BDC3:E0M0X0,040DEE18,81:BDC6:E0M0X0,040DEE30
81:BDC6:E0M0X0,040DEE30,81:BA54:E0M0X0,040DD2A0
81:BDC7:E0M0X0,040DEE38,81:BDCA:E0M0X0,040DEE50
81:BDCA:E0M0X0,040DEE50,81:BDCD:E0M0X0,040DEE68
81:BDCD:E0M0X0,040DEE68,81:BA54:E0M0X0,040DD2A0
81:F454:E0M1X1,040FA2A3,80:A415:E0M1X1,040520AB
81:F458:E0M1X1,040FA2C3,81:9C46:E0M1X1,040CE233
81:F45B:E0M1X1,040FA2DB,81:F45D:E0M1X1,040FA2EB
81:F45D:E0M1X1,040FA2EB,81:9DB1:E0M1X1,040CED8B
81:F460:E0M1X1,040FA303,81:F462:E0M1X1,040FA313
81:F462:E0M1X1,040FA313,81:F466:E0M1X1,040FA333
81:F466:E0M1X1,040FA333,81:F46A:E0M1X1,040FA353
81:F46A:E0M1X1,040FA353,81:F46C:E0M1X1,040FA363
81:F46C:E0M1X1,040FA363,81:F46F:E0M1X1,040FA37B
81:F46F:E0M1X1,040FA37B,81:F471:E0M1X1,040FA38B
81:F471:E0M1X1,040FA38B,81:F474:E0M1X1,040FA3A3
81:F474:E0M1X1,040FA3A3,81:F476:E0M1X1,040FA3B3
81:F476:E0M1X1,040FA3B3,81:F479:E0M1X1,040FA3CB
81:F479:E0M1X1,040FA3CB,81:F47B:E0M1X1,040FA3DB
81:F47B:E0M1X1,040FA3DB,81:F47E:E0M1X1,040FA3F3
81:F47E:E0M1X1,040FA3F3,81:F481:E0M1X1,040FA40B
81:F481:E0M1X1,040FA40B,81:F483:E0M1X1,040FA41B
81:F481:E0M1X1,040FA40B,81:F493:E0M1X1,040FA49B
81:F483:E0M1X1,040FA41B,81:F485:E0M0X0,040FA428
81:F485:E0M0X0,040FA428,81:F488:E0M0X0,040FA440
81:F488:E0M0X0,040FA440,81:F48B:E0M0X0,040FA458
81:F48B:E0M0X0,040FA458,81:F48E:E0M0X0,040FA470
81:F48E:E0M0X0,040FA470,81:9D72:E0M0X0,040CEB90
81:F493:E0M1X1,040FA49B,81:F495:E0M0X0,040FA4A8
81:F495:E0M0X0,040FA4A8,81:F498:E0M0X0,040FA4C0
81:F498:E0M0X0,040FA4C0,81:9E50:E0M0X0,040CF280
81:F49B:E0M0X0,040FA4D8,81:F49E:E0M0X0,040FA4F0
81:F49E:E0M0X0,040FA4F0,81:9E12:E0M0X0,040CF090
81:F4A1:E0M0X0,040FA508,81:F4A3:E0M1X1,040FA51B
81:F4A3:E0M1X1,040FA51B,81:F4A6:E0M1X1,040FA533
81:F4A6:E0M1X1,040FA533,81:F4A9:E0M1X1,040FA54B
81:F4A9:E0M1X1,040FA54B,81:F4AB:E0M1X1,040FA55B
81:F4AB:E0M1X1,040FA55B,81:F4AE:E0M1X1,040FA573
81:F4AE:E0M1X1,040FA573,81:F4B0:E0M1X1,040FA583
81:F4B0:E0M1X1,040FA583,81:F4B3:E0M1X1,040FA59B
81:F4B3:E0M1X1,040FA59B,81:F4B6:E0M1X1,040FA5B3
81:F4B6:E0M1X1,040FA5B3,81:F4B8:E0M1X1,040FA5C3
81:F4B6:E0M1X1,040FA5B3,81:F4DC:E0M1X1,040FA6E3
81:F4B8:E0M1X1,040FA5C3,81:9C8C:E0M1X1,040CE463
81:F4BB:E0M1X1,040FA5DB,81:9CB6:E0M1X1,040CE5B3
81:F4BE:E0M1X1,040FA5F3,80:A3A0:E0M1X1,04051D03
81:F4C2:E0M1X1,040FA613,81:9F5C:E0M1X1,040CFAE3
81:F4C5:E0M1X1,040FA62B,81:F4C7:E0M1X1,040FA63B
81:F4C7:E0M1X1,040FA63B,81:F5ED:E0M1X1,040FAF6B
81:F4CA:E0M1X1,040FA653,81:F538:E0M1X1,040FA9C3
81:F4CD:E0M1X1,040FA66B,81:F4D0:E0M1X1,040FA683
81:F4D0:E0M1X1,040FA683,81:F4D2:E0M1X1,040FA693
81:F4D2:E0M1X1,040FA693,81:F5ED:E0M1X1,040FAF6B
81:F4D5:E0M1X1,040FA6AB,81:F4D7:E0M1X1,040FA6BB
81:F4D5:E0M1X1,040FA6AB,81:F50A:E0M1X1,040FA853
81:F4D7:E0M1X1,040FA6BB,81:F650:E0M1X1,040FB283
81:F4DA:E0M1X1,040FA6D3,81:F4F6:E0M1X1,040FA7B3
81:F4DC:E0M1X1,040FA6E3,81:F4DE:E0M1X1,040FA6F3
81:F4DE:E0M1X1,040FA6F3,81:F4E1:E0M1X1,040FA70B
81:F4E1:E0M1X1,040FA70B,81:F4E3:E0M1X1,040FA71B
81:F4E3:E0M1X1,040FA71B,81:F4E6:E0M1X1,040FA733
81:F4E6:E0M1X1,040FA733,81:F4E9:E0M1X1,040FA74B
81:F4E9:E0M1X1,040FA74B,81:F7F7:E0M1X1,040FBFBB
81:F4EC:E0M1X1,040FA763,81:9C8C:E0M1X1,040CE463
81:F4EF:E0M1X1,040FA77B,81:9CB6:E0M1X1,040CE5B3
81:F4F2:E0M1X1,040FA793,80:A3A0:E0M1X1,04051D03
81:F4F6:E0M1X1,040FA7B3,81:F6A4:E0M1X1,040FB523
81:F4F9:E0M1X1,040FA7CB,81:F4FB:E0M1X1,040FA7DB
81:F4F9:E0M1X1,040FA7CB,81:F50A:E0M1X1,040FA853
81:F4FB:E0M1X1,040FA7DB,81:F786:E0M1X1,040FBC33
81:F4FE:E0M1X1,040FA7F3,81:F500:E0M1X1,040FA803
81:F4FE:E0M1X1,040FA7F3,81:F50A:E0M1X1,040FA853
81:F500:E0M1X1,040FA803,81:F701:E0M1X1,040FB80B
81:F503:E0M1X1,040FA81B,81:F505:E0M1X1,040FA82B
81:F503:E0M1X1,040FA81B,81:F50A:E0M1X1,040FA853
81:F505:E0M1X1,040FA82B,81:F508:E0M1X1,040FA843
81:F508:E0M1X1,040FA843,81:F512:E0M1X1,040FA893
81:F50A:E0M1X1,040FA853,81:F50D:E0M1X1,040FA86B
81:F50D:E0M1X1,040FA86B,81:F50F:E0M1X1,040FA87B
81:F50F:E0M1X1,040FA87B,81:F512:E0M1X1,040FA893
81:F512:E0M1X1,040FA893,81:F514:E0M1X1,040FA8A3
81:F514:E0M1X1,040FA8A3,81:F517:E0M1X1,040FA8BB
81:F517:E0M1X1,040FA8BB,80:A3EA:E0M1X1,04051F53
81:F51B:E0M1X1,040FA8DB,81:F51D:E0M1X1,040FA8EB
81:F51D:E0M1X1,040FA8EB,81:F520:E0M1X1,040FA903
81:F520:E0M1X1,040FA903,81:F522:E0M1X1,040FA913
81:F522:E0M1X1,040FA913,81:F525:E0M1X1,040FA92B
81:F525:E0M1X1,040FA92B,81:F527:E0M1X1,040FA93B
81:F527:E0M1X1,040FA93B,81:F52A:E0M1X1,040FA953
81:F52A:E0M1X1,040FA953,81:F52C:E0M1X1,040FA963
81:F52C:E0M1X1,040FA963,81:F52F:E0M1X1,040FA97B
81:F52F:E0M1X1,040FA97B,81:F531:E0M1X1,040FA98B
81:F531:E0M1X1,040FA98B,81:F534:E0M1X1,040FA9A3
81:F534:E0M1X1,040FA9A3,81:F537:E0M1X1,040FA9BB
81:F538:E0M1X1,040FA9C3,81:F53A:E0M0X0,040FA9D0
81:F53A:E0M0X0,040FA9D0,81:F53D:E0M0X0,040FA9E8
81:F53D:E0M0X0,040FA9E8,81:F540:E0M0X0,040FAA00
81:F540:E0M0X0,040FAA00,81:F543:E0M0X0,040FAA18
81:F543:E0M0X0,040FAA18,81:F546:E0M0X0,040FAA30
81:F546:E0M0X0,040FAA30,81:F548:E0M1X1,040FAA43
81:F548:E0M1X1,040FAA43,81:F54B:E0M1X1,040FAA5B
81:F54B:E0M1X1,040FAA5B,81:F54E:E0M1X1,040FAA73
81:F54E:E0M1X1,040FAA73,81:F55F:E0M1X1,040FAAFB
81:F551:E0M1X1,040FAA8B,81:F553:E0M0X0,040FAA98
81:F553:E0M0X0,040FAA98,81:F556:E0M0X0,040FAAB0
81:F556:E0M0X0,040FAAB0,81:F559:E0M0X0,040FAAC8
81:F559:E0M0X0,040FAAC8,81:F55B:E0M1X1,040FAADB
81:F55B:E0M1X1,040FAADB,81:F586:E0M1X1,040FAC33
81:F55E:E0M1X1,040FAAF3,81:F4CD:E0M1X1,040FA66B
81:F55F:E0M0X0,040FAAF8,81:F5BD:E0M0X0,040FADE8
81:F55F:E0M1X1,040FAAFB,81:F5BD:E0M1X1,040FADEB
81:F562:E0M1X1,040FAB13,81:F7F7:E0M1X1,040FBFBB
81:F565:E0M1X1,040FAB2B,81:9C8C:E0M1X1,040CE463
81:F568:E0M1X1,040FAB43,81:F56B:E0M1X1,040FAB5B
81:F56B:E0M1X1,040FAB5B,81:F568:E0M1X1,040FAB43
81:F56B:E0M1X1,040FAB5B,81:F56D:E0M1X1,040FAB6B
81:F56D:E0M1X1,040FAB6B,81:F56F:E0M0X0,040FAB78
81:F56F:E0M0X0,040FAB78,81:F572:E0M0X0,040FAB90
81:F572:E0M0X0,040FAB90,81:F55F:E0M0X0,040FAAF8
81:F572:E0M0X0,040FAB90,81:F574:E0M0X0,040FABA0
81:F574:E0M0X0,040FABA0,81:F577:E0M0X0,040FABB8
81:F577:E0M0X0,040FABB8,81:F55F:E0M0X0,040FAAF8
81:F577:E0M0X0,040FABB8,81:F579:E0M0X0,040FABC8
81:F579:E0M0X0,040FABC8,81:F57B:E0M1X1,040FABDB
81:F57B:E0M1X1,040FABDB,81:F57D:E0M1X1,040FABEB
81:F57D:E0M1X1,040FABEB,80:F926:E0M1X1,0407C933
81:F581:E0M1X1,040FAC0B,80:F982:E0M1X1,0407CC13
81:F585:E0M1X1,040FAC2B,81:F551:E0M1X1,040FAA8B
81:F586:E0M0X0,040FAC30,81:F5BD:E0M0X0,040FADE8
81:F586:E0M1X1,040FAC33,81:F5BD:E0M1X1,040FADEB
81:F589:E0M1X1,040FAC4B,81:F7F7:E0M1X1,040FBFBB
81:F58C:E0M1X1,040FAC63,81:9C8C:E0M1X1,040CE463
81:F58F:E0M1X1,040FAC7B,81:F592:E0M1X1,040FAC93
81:F592:E0M1X1,040FAC93,81:F58F:E0M1X1,040FAC7B
81:F592:E0M1X1,040FAC93,81:F594:E0M1X1,040FACA3
81:F594:E0M1X1,040FACA3,81:F596:E0M0X0,040FACB0
81:F596:E0M0X0,040FACB0,81:F599:E0M0X0,040FACC8
81:F599:E0M0X0,040FACC8,81:F586:E0M0X0,040FAC30
81:F599:E0M0X0,040FACC8,81:F59B:E0M0X0,040FACD8
81:F59B:E0M0X0,040FACD8,81:F59E:E0M0X0,040FACF0
81:F59E:E0M0X0,040FACF0,81:F59F:E0M0X0,040FACF8
81:F59F:E0M0X0,040FACF8,81:F5A2:E0M0X0,040FAD10
81:F5A2:E0M0X0,040FAD10,81:F5A5:E0M0X0,040FAD28
81:F5A5:E0M0X0,040FAD28,81:F5A7:E0M1X1,040FAD3B
81:F5A7:E0M1X1,040FAD3B,81:F7F7:E0M1X1,040FBFBB
81:F5AA:E0M1X1,040FAD53,81:9C8C:E0M1X1,040CE463
81:F5AD:E0M1X1,040FAD6B,81:F5B0:E0M1X1,040FAD83
81:F5B0:E0M1X1,040FAD83,81:F5AD:E0M1X1,040FAD6B
81:F5B0:E0M1X1,040FAD83,81:F5B2:E0M1X1,040FAD93
81:F5B2:E0M1X1,040FAD93,81:F5B4:E0M1X1,040FADA3
81:F5B4:E0M1X1,040FADA3,80:F926:E0M1X1,0407C933
81:F5B8:E0M1X1,040FADC3,80:F982:E0M1X1,0407CC13
81:F5BC:E0M1X1,040FADE3,81:F55E:E0M1X1,040FAAF3
81:F5BD:E0M0X0,040FADE8,81:F5BF:E0M1X1,040FADFB
81:F5BD:E0M1X1,040FADEB,81:F5BF:E0M1X1,040FADFB
81:F5BF:E0M1X1,040FADFB,81:F5C2:E0M1X1,040FAE13
81:F5C2:E0M1X1,040FAE13,81:F5C3:E0M1X1,040FAE1B
81:F5C3:E0M1X1,040FAE1B,81:F5C6:E0M1X1,040FAE33
81:F5C6:E0M1X1,040FAE33,81:F5C9:E0M1X1,040FAE4B
81:F5C9:E0M1X1,040FAE4B,81:F5CB:E0M0X0,040FAE58
81:F5CB:E0M0X0,040FAE58,81:F5CE:E0M0X0,040FAE70
81:F5CE:E0M0X0,040FAE70,81:F5D1:E0M0X0,040FAE88
81:F5D1:E0M0X0,040FAE88,81:F5D4:E0M0X0,040FAEA0
81:F5D4:E0M0X0,040FAEA0,81:F5D6:E0M1X1,040FAEB3
81:F5D6:E0M1X1,040FAEB3,81:F5D9:E0M1X1,040FAECB
81:F5D9:E0M1X1,040FAECB,81:F5DA:E0M1X1,040FAED3
81:F5DA:E0M1X1,040FAED3,81:F5DC:E0M1X1,040FAEE3
81:F5DC:E0M1X1,040FAEE3,81:F5DF:E0M1X1,040FAEFB
81:F5DF:E0M1X1,040FAEFB,81:F5E1:E0M0X0,040FAF08
81:F5E1:E0M0X0,040FAF08,81:F5E4:E0M0X0,040FAF20
81:F5E4:E0M0X0,040FAF20,81:F5E7:E0M0X0,040FAF38
81:F5E7:E0M0X0,040FAF38,81:F5EA:E0M0X0,040FAF50
81:F5EA:E0M0X0,040FAF50,81:F5EC:E0M1X1,040FAF63
81:F5EC:E0M1X1,040FAF63,81:F562:E0M1X1,040FAB13
81:F5EC:E0M1X1,040FAF63,81:F589:E0M1X1,040FAC4B
81:F5ED:E0M1X1,040FAF6B,81:F5F0:E0M1X1,040FAF83
81:F5F0:E0M1X1,040FAF83,81:F5F2:E0M0X0,040FAF90
81:F5F2:E0M0X0,040FAF90,81:F5F5:E0M0X0,040FAFA8
81:F5F5:E0M0X0,040FAFA8,81:F5F6:E0M0X0,040FAFB0
81:F5F6:E0M0X0,040FAFB0,81:F5F7:E0M0X0,040FAFB8
81:F5F7:E0M0X0,040FAFB8,81:F5F8:E0M0X0,040FAFC0
81:F5F8:E0M0X0,040FAFC0,81:F5F9:E0M0X0,040FAFC8
81:F5F9:E0M0X0,040FAFC8,81:F5FA:E0M0X0,040FAFD0
81:F5FA:E0M0X0,040FAFD0,81:F5FB:E0M0X0,040FAFD8
81:F5FB:E0M0X0,040FAFD8,81:F5FE:E0M0X0,040FAFF0
81:F5FE:E0M0X0,040FAFF0,81:F600:E0M0X0,040FB000
81:F5FE:E0M1X1,040FAFF3,81:F600:E0M0X0,040FB000
81:F600:E0M0X0,040FB000,81:F603:E0M0X0,040FB018
81:F603:E0M0X0,040FB018,81:F605:E0M1X1,040FB02B
81:F605:E0M1X1,040FB02B,81:F607:E0M1X1,040FB03B
81:F605:E0M1X1,040FB02B,81:F625:E0M1X1,040FB12B
81:F607:E0M1X1,040FB03B,81:F60A:E0M1X1,040FB053
81:F60A:E0M1X1,040FB053,81:F60C:E0M1X1,040FB063
81:F60A:E0M1X1,040FB053,81:F611:E0M1X1,040FB08B
81:F60C:E0M1X1,040FB063,81:F60F:E0M1X1,040FB07B
81:F60F:E0M1X1,040FB07B,81:F611:E0M1X1,040FB08B
81:F60F:E0M1X1,040FB07B,81:F61B:E0M1X1,040FB0DB
81:F611:E0M1X1,040FB08B,81:F614:E0M1X1,040FB0A3
81:F614:E0M1X1,040FB0A3,81:F617:E0M1X1,040FB0BB
81:F617:E0M1X1,040FB0BB,81:F614:E0M1X1,040FB0A3
81:F617:E0M1X1,040FB0BB,81:F619:E0M1X1,040FB0CB
81:F619:E0M1X1,040FB0CB,81:F5FE:E0M1X1,040FAFF3
81:F61B:E0M1X1,040FB0DB,80:FB3E:E0M1X1,0407D9F3
81:F61F:E0M1X1,040FB0FB,80:F982:E0M1X1,0407CC13
81:F623:E0M1X1,040FB11B,81:F624:E0M1X1,040FB123
81:F624:E0M1X1,040FB123,81:F4CA:E0M1X1,040FA653
81:F624:E0M1X1,040FB123,81:F4D5:E0M1X1,040FA6AB
81:F625:E0M1X1,040FB12B,81:F626:E0M1X1,040FB133
81:F626:E0M1X1,040FB133,81:F4CA:E0M1X1,040FA653
81:F626:E0M1X1,040FB133,81:F4D5:E0M1X1,040FA6AB
81:F650:E0M1X1,040FB283,81:F653:E0M1X1,040FB29B
81:F653:E0M1X1,040FB29B,81:F655:E0M1X1,040FB2AB
81:F655:E0M1X1,040FB2AB,81:F658:E0M1X1,040FB2C3
81:F658:E0M1X1,040FB2C3,81:F65B:E0M1X1,040FB2DB
81:F65B:E0M1X1,040FB2DB,81:F65D:E0M1X1,040FB2EB
81:F65D:E0M1X1,040FB2EB,81:F660:E0M1X1,040FB303
81:F660:E0M1X1,040FB303,81:9C8C:E0M1X1,040CE463
81:F663:E0M1X1,040FB31B,81:F666:E0M1X1,040FB333
81:F666:E0M1X1,040FB333,81:F663:E0M1X1,040FB31B
81:F666:E0M1X1,040FB333,81:F668:E0M1X1,040FB343
81:F668:E0M1X1,040FB343,81:F66B:E0M1X1,040FB35B
81:F66B:E0M1X1,040FB35B,81:F66E:E0M1X1,040FB373
81:F66E:E0M1X1,040FB373,81:F671:E0M1X1,040FB38B
81:F671:E0M1X1,040FB38B,81:F673:E0M1X1,040FB39B
81:F673:E0M1X1,040FB39B,81:F660:E0M1X1,040FB303
81:F673:E0M1X1,040FB39B,81:F675:E0M1X1,040FB3AB
81:F675:E0M1X1,040FB3AB,81:F4DA:E0M1X1,040FA6D3
81:F676:E0M1X1,040FB3B3,81:F678:E0M0X1,040FB3C1
81:F678:E0M0X1,040FB3C1,81:F67B:E0M0X1,040FB3D9
81:F67B:E0M0X1,040FB3D9,81:F67E:E0M0X1,040FB3F1
81:F67E:E0M0X1,040FB3F1,81:F681:E0M0X1,040FB409
81:F681:E0M0X1,040FB409,81:F684:E0M0X1,040FB421
81:F684:E0M0X1,040FB421,81:F687:E0M0X1,040FB439
81:F687:E0M0X1,040FB439,81:F68A:E0M0X1,040FB451
81:F68A:E0M0X1,040FB451,81:F68C:E0M1X1,040FB463
81:F68C:E0M1X1,040FB463,81:F68E:E0M1X1,040FB473
81:F68E:E0M1X1,040FB473,81:F691:E0M1X1,040FB48B
81:F691:E0M1X1,040FB48B,81:F693:E0M1X1,040FB49B
81:F693:E0M1X1,040FB49B,81:F696:E0M1X1,040FB4B3
81:F696:E0M1X1,040FB4B3,81:F698:E0M1X1,040FB4C3
81:F698:E0M1X1,040FB4C3,81:F69B:E0M1X1,040FB4DB
81:F69B:E0M1X1,040FB4DB,81:F69E:E0M1X1,040FB4F3
81:F69E:E0M1X1,040FB4F3,81:F6A1:E0M1X1,040FB50B
81:F6A1:E0M1X1,040FB50B,81:F69E:E0M1X1,040FB4F3
81:F6A1:E0M1X1,040FB50B,81:F6A3:E0M1X1,040FB51B
81:F6A3:E0M1X1,040FB51B,81:F70C:E0M1X1,040FB863
81:F6A4:E0M1X1,040FB523,81:F6A6:E0M1X1,040FB533
81:F6A6:E0M1X1,040FB533,81:F71C:E0M1X1,040FB8E3
81:F6A9:E0M1X1,040FB54B,81:F6AB:E0M1X1,040FB55B
81:F6A9:E0M1X1,040FB54B,81:F6AC:E0M1X1,040FB563
81:F6AB:E0M1X1,040FB55B,81:F4F9:E0M1X1,040FA7CB
81:F6AC:E0M1X1,040FB563,81:F6AF:E0M1X1,040FB57B
81:F6AF:E0M1X1,040FB57B,81:F6B1:E0M1X1,040FB58B
81:F6AF:E0M1X1,040FB57B,81:F6F7:E0M1X1,040FB7BB
81:F6B1:E0M1X1,040FB58B,81:F6B2:E0M1X1,040FB593
81:F6B2:E0M1X1,040FB593,81:F6B4:E0M1X1,040FB5A3
81:F6B2:E0M1X1,040FB593,81:F6EF:E0M1X1,040FB77B
81:F6B4:E0M1X1,040FB5A3,81:F6B7:E0M1X1,040FB5BB
81:F6B7:E0M1X1,040FB5BB,81:F6B9:E0M1X1,040FB5CB
81:F6B9:E0M1X1,040FB5CB,81:F6BC:E0M1X1,040FB5E3
81:F6BC:E0M1X1,040FB5E3,81:F6BE:E0M0X1,040FB5F1
81:F6BE:E0M0X1,040FB5F1,81:F6C1:E0M0X1,040FB609
81:F6C1:E0M0X1,040FB609,81:F6C4:E0M0X1,040FB621
81:F6C4:E0M0X1,040FB621,81:F6C7:E0M0X1,040FB639
81:F6C7:E0M0X1,040FB639,81:F6CA:E0M0X1,040FB651
81:F6CA:E0M0X1,040FB651,81:F6CD:E0M0X1,040FB669
81:F6CD:E0M0X1,040FB669,81:F6D0:E0M0X1,040FB681
81:F6D0:E0M0X1,040FB681,81:F6D3:E0M0X1,040FB699
81:F6D3:E0M0X1,040FB699,81:F6D6:E0M0X1,040FB6B1
81:F6D6:E0M0X1,040FB6B1,81:F6D9:E0M0X1,040FB6C9
81:F6D9:E0M0X1,040FB6C9,81:F6DC:E0M0X1,040FB6E1
81:F6DC:E0M0X1,040FB6E1,81:F6DF:E0M0X1,040FB6F9
81:F6DF:E0M0X1,040FB6F9,81:F6E2:E0M0X1,040FB711
81:F6E2:E0M0X1,040FB711,81:F6E5:E0M0X1,040FB729
81:F6E5:E0M0X1,040FB729,81:F6E8:E0M0X1,040FB741
81:F6E8:E0M0X1,040FB741,81:F6EB:E0M0X1,040FB759
81:F6EB:E0M0X1,040FB759,81:F6ED:E0M1X1,040FB76B
81:F6ED:E0M1X1,040FB76B,81:F6EE:E0M1X1,040FB773
81:F6EE:E0M1X1,040FB773,81:F4F9:E0M1X1,040FA7CB
81:F6EF:E0M1X1,040FB77B,81:F6F2:E0M1X1,040FB793
81:F6F2:E0M1X1,040FB793,81:F6F5:E0M1X1,040FB7AB
81:F6F5:E0M1X1,040FB7AB,81:F6F6:E0M1X1,040FB7B3
81:F6F6:E0M1X1,040FB7B3,81:F4F9:E0M1X1,040FA7CB
81:F6F7:E0M1X1,040FB7BB,81:F6F9:E0M1X1,040FB7CB
81:F6F9:E0M1X1,040FB7CB,81:F6FC:E0M1X1,040FB7E3
81:F6FC:E0M1X1,040FB7E3,81:F6FF:E0M1X1,040FB7FB
81:F6FF:E0M1X1,040FB7FB,81:F700:E0M1X1,040FB803
81:F700:E0M1X1,040FB803,81:F4F9:E0M1X1,040FA7CB
81:F701:E0M1X1,040FB80B,81:F704:E0M1X1,040FB823
81:F704:E0M1X1,040FB823,81:F707:E0M1X1,040FB83B
81:F707:E0M1X1,040FB83B,81:F709:E0M1X1,040FB84B
81:F707:E0M1X1,040FB83B,81:F71A:E0M1X1,040FB8D3
81:F709:E0M1X1,040FB84B,81:F676:E0M1X1,040FB3B3
81:F70C:E0M1X1,040FB863,81:F70E:E0M1X1,040FB873
81:F70E:E0M1X1,040FB873,81:F71C:E0M1X1,040FB8E3
81:F711:E0M1X1,040FB88B,81:F713:E0M1X1,040FB89B
81:F711:E0M1X1,040FB88B,81:F714:E0M1X1,040FB8A3
81:F713:E0M1X1,040FB89B,81:F503:E0M1X1,040FA81B
81:F714:E0M1X1,040FB8A3,81:F717:E0M1X1,040FB8BB
81:F717:E0M1X1,040FB8BB,81:F71A:E0M1X1,040FB8D3
81:F71A:E0M1X1,040FB8D3,81:F71B:E0M1X1,040FB8DB
81:F71B:E0M1X1,040FB8DB,81:F503:E0M1X1,040FA81B
81:F71C:E0M1X1,040FB8E3,81:F71F:E0M1X1,040FB8FB
81:F71F:E0M1X1,040FB8FB,81:F721:E0M1X1,040FB90B
81:F721:E0M1X1,040FB90B,81:F724:E0M1X1,040FB923
81:F724:E0M1X1,040FB923,81:F727:E0M1X1,040FB93B
81:F727:E0M1X1,040FB93B,81:F728:E0M1X1,040FB943
81:F728:E0M1X1,040FB943,81:F72A:E0M1X1,040FB953
81:F72A:E0M1X1,040FB953,81:F721:E0M1X1,040FB90B
81:F72A:E0M1X1,040FB953,81:F72C:E0M1X1,040FB963
81:F72C:E0M1X1,040FB963,81:F72E:E0M0X0,040FB970
81:F72E:E0M0X0,040FB970,81:F731:E0M0X0,040FB988
81:F731:E0M0X0,040FB988,81:F734:E0M0X0,040FB9A0
81:F734:E0M0X0,040FB9A0,81:F736:E0M1X1,040FB9B3
81:F736:E0M1X1,040FB9B3,81:F739:E0M1X1,040FB9CB
81:F739:E0M1X1,040FB9CB,81:F73C:E0M1X1,040FB9E3
81:F73C:E0M1X1,040FB9E3,81:F73E:E0M1X1,040FB9F3
81:F73E:E0M1X1,040FB9F3,81:9FF8:E0M1X1,040CFFC3
81:F741:E0M1X1,040FBA0B,81:F743:E0M1X1,040FBA1B
81:F743:E0M1X1,040FBA1B,81:9FE6:E0M1X1,040CFF33
81:F746:E0M1X1,040FBA33,81:A001:E0M1X1,040D000B
81:F749:E0M1X1,040FBA4B,81:F74B:E0M1X1,040FBA5B
81:F749:E0M1X1,040FBA4B,81:F758:E0M1X1,040FBAC3
81:F74B:E0M1X1,040FBA5B,81:F74C:E0M1X1,040FBA63
81:F74C:E0M1X1,040FBA63,81:F74E:E0M1X1,040FBA73
81:F74C:E0M1X1,040FBA63,81:F753:E0M1X1,040FBA9B
81:F74E:E0M1X1,040FBA73,81:F830:E0M1X1,040FC183
81:F751:E0M1X1,040FBA8B,81:F758:E0M1X1,040FBAC3
81:F753:E0M1X1,040FBA9B,81:F755:E0M1X1,040FBAAB
81:F755:E0M1X1,040FBAAB,81:F836:E0M1X1,040FC1B3
81:F758:E0M1X1,040FBAC3,81:9C8C:E0M1X1,040CE463
81:F75B:E0M1X1,040FBADB,81:F75E:E0M1X1,040FBAF3
81:F75E:E0M1X1,040FBAF3,81:F75B:E0M1X1,040FBADB
81:F75E:E0M1X1,040FBAF3,81:F760:E0M1X1,040FBB03
81:F760:E0M1X1,040FBB03,81:F762:E0M0X0,040FBB10
81:F762:E0M0X0,040FBB10,81:F765:E0M0X0,040FBB28
81:F765:E0M0X0,040FBB28,81:F767:E0M1X1,040FBB3B
81:F767:E0M1X1,040FBB3B,81:F769:E0M1X1,040FBB4B
81:F767:E0M1X1,040FBB3B,81:F77B:E0M1X1,040FBBDB
81:F769:E0M1X1,040FBB4B,81:9F9D:E0M1X1,040CFCEB
81:F76C:E0M1X1,040FBB63,81:F76F:E0M1X1,040FBB7B
81:F76F:E0M1X1,040FBB7B,81:F73C:E0M1X1,040FB9E3
81:F76F:E0M1X1,040FBB7B,81:F771:E0M1X1,040FBB8B
81:F771:E0M1X1,040FBB8B,80:FB3E:E0M1X1,0407D9F3
81:F775:E0M1X1,040FBBAB,80:F982:E0M1X1,0407CC13
81:F779:E0M1X1,040FBBCB,81:F77A:E0M1X1,040FBBD3
81:F77A:E0M1X1,040FBBD3,81:F6A9:E0M1X1,040FB54B
81:F77A:E0M1X1,040FBBD3,81:F711:E0M1X1,040FB88B
81:F77B:E0M1X1,040FBBDB,81:F77C:E0M1X1,040FBBE3
81:F77C:E0M1X1,040FBBE3,81:F6A9:E0M1X1,040FB54B
81:F77C:E0M1X1,040FBBE3,81:F711:E0M1X1,040FB88B
81:F786:E0M1X1,040FBC33,81:F788:E0M1X1,040FBC43
81:F788:E0M1X1,040FBC43,81:F78B:E0M1X1,040FBC5B
81:F78B:E0M1X1,040FBC5B,81:F78E:E0M1X1,040FBC73
81:F78E:E0M1X1,040FBC73,81:F78F:E0M1X1,040FBC7B
81:F78F:E0M1X1,040FBC7B,81:F791:E0M1X1,040FBC8B
81:F791:E0M1X1,040FBC8B,81:F788:E0M1X1,040FBC43
81:F791:E0M1X1,040FBC8B,81:F793:E0M1X1,040FBC9B
81:F793:E0M1X1,040FBC9B,81:F795:E0M0X0,040FBCA8
81:F795:E0M0X0,040FBCA8,81:F798:E0M0X0,040FBCC0
81:F798:E0M0X0,040FBCC0,81:F79B:E0M0X0,040FBCD8
81:F79B:E0M0X0,040FBCD8,81:F79D:E0M1X1,040FBCEB
81:F79D:E0M1X1,040FBCEB,81:F7A0:E0M1X1,040FBD03
81:F7A0:E0M1X1,040FBD03,81:F7A3:E0M1X1,040FBD1B
81:F7A3:E0M1X1,040FBD1B,81:F7A6:E0M1X1,040FBD33
81:F7A6:E0M1X1,040FBD33,81:F7A8:E0M1X1,040FBD43
81:F7A8:E0M1X1,040FBD43,81:9FF8:E0M1X1,040CFFC3
81:F7AB:E0M1X1,040FBD5B,81:F7AD:E0M1X1,040FBD6B
81:F7AD:E0M1X1,040FBD6B,81:9FE6:E0M1X1,040CFF33
81:F7B0:E0M1X1,040FBD83,81:A001:E0M1X1,040D000B
81:F7B3:E0M1X1,040FBD9B,81:F7B5:E0M1X1,040FBDAB
81:F7B3:E0M1X1,040FBD9B,81:F7C2:E0M1X1,040FBE13
81:F7B5:E0M1X1,040FBDAB,81:F7B6:E0M1X1,040FBDB3
81:F7B6:E0M1X1,040FBDB3,81:F7B8:E0M1X1,040FBDC3
81:F7B6:E0M1X1,040FBDB3,81:F7BD:E0M1X1,040FBDEB
81:F7B8:E0M1X1,040FBDC3,81:F830:E0M1X1,040FC183
81:F7BB:E0M1X1,040FBDDB,81:F7C2:E0M1X1,040FBE13
81:F7BD:E0M1X1,040FBDEB,81:F7BF:E0M1X1,040FBDFB
81:F7BF:E0M1X1,040FBDFB,81:F836:E0M1X1,040FC1B3
81:F7C2:E0M1X1,040FBE13,81:9C8C:E0M1X1,040CE463
81:F7C5:E0M1X1,040FBE2B,81:F7C8:E0M1X1,040FBE43
81:F7C8:E0M1X1,040FBE43,81:F7C5:E0M1X1,040FBE2B
81:F7C8:E0M1X1,040FBE43,81:F7CA:E0M1X1,040FBE53
81:F7CA:E0M1X1,040FBE53,81:F7CC:E0M0X0,040FBE60
81:F7CC:E0M0X0,040FBE60,81:F7CF:E0M0X0,040FBE78
81:F7CF:E0M0X0,040FBE78,81:F7D1:E0M1X1,040FBE8B
81:F7D1:E0M1X1,040FBE8B,81:F7D3:E0M1X1,040FBE9B
81:F7D1:E0M1X1,040FBE8B,81:F7EC:E0M1X1,040FBF63
81:F7D3:E0M1X1,040FBE9B,81:9F9D:E0M1X1,040CFCEB
81:F7D6:E0M1X1,040FBEB3,81:F7D9:E0M1X1,040FBECB
81:F7D9:E0M1X1,040FBECB,81:F7A6:E0M1X1,040FBD33
81:F7D9:E0M1X1,040FBECB,81:F7DB:E0M1X1,040FBEDB
81:F7DB:E0M1X1,040FBEDB,80:FB3E:E0M1X1,0407D9F3
81:F7DF:E0M1X1,040FBEFB,80:F982:E0M1X1,0407CC13
81:F7E3:E0M1X1,040FBF1B,81:F7E6:E0M1X1,040FBF33
81:F7E6:E0M1X1,040FBF33,81:F7E7:E0M1X1,040FBF3B
81:F7E7:E0M1X1,040FBF3B,81:F7EA:E0M1X1,040FBF53
81:F7EA:E0M1X1,040FBF53,81:F7EB:E0M1X1,040FBF5B
81:F7EB:E0M1X1,040FBF5B,81:F4FE:E0M1X1,040FA7F3
81:F7EC:E0M1X1,040FBF63,81:F7ED:E0M1X1,040FBF6B
81:F7ED:E0M1X1,040FBF6B,81:F4FE:E0M1X1,040FA7F3
81:F7F7:E0M1X1,040FBFBB,81:F7F9:E0M1X1,040FBFCB
81:F7F9:E0M1X1,040FBFCB,81:F7FC:E0M1X1,040FBFE3
81:F7FC:E0M1X1,040FBFE3,81:F7FF:E0M1X1,040FBFFB
81:F7FF:E0M1X1,040FBFFB,81:F808:E0M1X1,040FC043
81:F802:E0M1X1,040FC013,81:F803:E0M1X1,040FC01B
81:F803:E0M1X1,040FC01B,81:F805:E0M1X1,040FC02B
81:F805:E0M1X1,040FC02B,81:F7F9:E0M1X1,040FBFCB
81:F805:E0M1X1,040FC02B,81:F807:E0M1X1,040FC03B
81:F807:E0M1X1,040FC03B,81:F4EC:E0M1X1,040FA763
81:F807:E0M1X1,040FC03B,81:F565:E0M1X1,040FAB2B
81:F807:E0M1X1,040FC03B,81:F58C:E0M1X1,040FAC63
81:F807:E0M1X1,040FC03B,81:F5AA:E0M1X1,040FAD53
81:F808:E0M1X1,040FC043,81:F809:E0M1X1,040FC04B
81:F809:E0M1X1,040FC04B,81:F80B:E0M0X0,040FC058
81:F80B:E0M0X0,040FC058,81:F80E:E0M0X0,040FC070
81:F80E:E0M0X0,040FC070,81:F80F:E0M0X0,040FC078
81:F80F:E0M0X0,040FC078,81:F812:E0M0X0,040FC090
81:F812:E0M0X0,040FC090,81:F815:E0M0X0,040FC0A8
81:F815:E0M0X0,040FC0A8,81:F817:E0M0X0,040FC0B8
81:F815:E0M0X0,040FC0A8,81:F81F:E0M0X0,040FC0F8
81:F817:E0M0X0,040FC0B8,81:F81A:E0M0X0,040FC0D0
81:F81A:E0M0X0,040FC0D0,81:F81C:E0M0X0,040FC0E0
81:F81A:E0M0X0,040FC0D0,81:F81F:E0M0X0,040FC0F8
81:F81C:E0M0X0,040FC0E0,81:F81F:E0M0X0,040FC0F8
81:F81F:E0M0X0,040FC0F8,81:F821:E0M1X1,040FC10B
81:F821:E0M1X1,040FC10B,81:F822:E0M1X1,040FC113
81:F822:E0M1X1,040FC113,81:F823:E0M1X1,040FC11B
81:F823:E0M1X1,040FC11B,81:F824:E0M1X1,040FC123
81:F824:E0M1X1,040FC123,81:F825:E0M1X1,040FC12B
81:F825:E0M1X1,040FC12B,81:F826:E0M1X1,040FC133
81:F826:E0M1X1,040FC133,81:F827:E0M1X1,040FC13B
81:F827:E0M1X1,040FC13B,81:F82A:E0M1X1,040FC153
81:F82A:E0M1X1,040FC153,81:F82B:E0M1X1,040FC15B
81:F82B:E0M1X1,040FC15B,81:F82E:E0M1X1,040FC173
81:F82E:E0M1X1,040FC173,81:F82F:E0M1X1,040FC17B
81:F82F:E0M1X1,040FC17B,81:F802:E0M1X1,040FC013
81:F830:E0M1X1,040FC183,81:F832:E0M1X1,040FC193
81:F832:E0M1X1,040FC193,81:F835:E0M1X1,040FC1AB
81:F835:E0M1X1,040FC1AB,81:F751:E0M1X1,040FBA8B
81:F835:E0M1X1,040FC1AB,81:F7BB:E0M1X1,040FBDDB
81:F836:E0M1X1,040FC1B3,81:F838:E0M1X1,040FC1C3
81:F838:E0M1X1,040FC1C3,81:F83A:E0M1X1,040FC1D3
81:F838:E0M1X1,040FC1C3,81:F852:E0M1X1,040FC293
81:F83A:E0M1X1,040FC1D3,81:F83C:E0M1X1,040FC1E3
81:F83C:E0M1X1,040FC1E3,81:F848:E0M1X1,040FC243
81:F848:E0M1X1,040FC243,81:F84A:E0M1X1,040FC253
81:F84A:E0M1X1,040FC253,81:F84D:E0M1X1,040FC26B
81:F84D:E0M1X1,040FC26B,81:F850:E0M1X1,040FC283
81:F850:E0M1X1,040FC283,81:F85A:E0M1X1,040FC2D3
81:F852:E0M1X1,040FC293,81:F854:E0M1X1,040FC2A3
81:F854:E0M1X1,040FC2A3,81:F857:E0M1X1,040FC2BB
81:F857:E0M1X1,040FC2BB,81:F85A:E0M1X1,040FC2D3
81:F85A:E0M1X1,040FC2D3,81:F85D:E0M1X1,040FC2EB
81:F85D:E0M1X1,040FC2EB,81:F860:E0M1X1,040FC303
81:F860:E0M1X1,040FC303,81:F758:E0M1X1,040FBAC3
81:F860:E0M1X1,040FC303,81:F7C2:E0M1X1,040FBE13
92:EF72:E0M1X1,04977B93,92:EF73:E0M1X1,04977B9B
92:EF73:E0M1X1,04977B9B,92:EF74:E0M1X1,04977BA3
92:EF74:E0M1X1,04977BA3,92:EF75:E0M1X1,04977BAB
92:EF75:E0M1X1,04977BAB,92:EF77:E0M1X1,04977BBB
92:EF77:E0M1X1,04977BBB,92:EF7A:E0M1X1,04977BD3
92:EF7A:E0M1X1,04977BD3,92:EF7C:E0M1X1,04977BE3
92:EF7C:E0M1X1,04977BE3,92:EF7F:E0M1X1,04977BFB
92:EF7F:E0M1X1,04977BFB,92:EF81:E0M1X1,04977C0B
92:EF81:E0M1X1,04977C0B,92:EF84:E0M1X1,04977C23
92:EF84:E0M1X1,04977C23,92:EF85:E0M1X1,04977C2B
92:EF85:E0M1X1,04977C2B,92:EF81:E0M1X1,04977C0B
92:EF85:E0M1X1,04977C2B,92:EF87:E0M1X1,04977C3B
92:EF87:E0M1X1,04977C3B,92:EF89:E0M1X1,04977C4B
92:EF89:E0M1X1,04977C4B,92:EF8C:E0M1X1,04977C63
92:EF8C:E0M1X1,04977C63,92:EF8F:E0M1X1,04977C7B
92:EF8F:E0M1X1,04977C7B,92:EF90:E0M1X1,04977C83
92:EF90:E0M1X1,04977C83,92:EF89:E0M1X1,04977C4B
92:EF90:E0M1X1,04977C83,92:EF92:E0M1X1,04977C93
92:EF92:E0M1X1,04977C93,92:EF94:E0M1X1,04977CA3
92:EF94:E0M1X1,04977CA3,92:EF97:E0M1X1,04977CBB
92:EF97:E0M1X1,04977CBB,92:EF99:E0M1X1,04977CCB
92:EF99:E0M1X1,04977CCB,92:EF9C:E0M1X1,04977CE3
92:EF9C:E0M1X1,04977CE3,92:EF9D:E0M1X1,04977CEB
92:EF9D:E0M1X1,04977CEB,92:EF99:E0M1X1,04977CCB
92:EF9D:E0M1X1,04977CEB,92:EF9F:E0M1X1,04977CFB
92:EF9F:E0M1X1,04977CFB,92:EFA2:E0M1X1,04977D13
92:EFA2:E0M1X1,04977D13,92:EFA4:E0M1X1,04977D23
92:EFA4:E0M1X1,04977D23,92:EFA7:E0M1X1,04977D3B
92:EFA7:E0M1X1,04977D3B,92:EFAA:E0M1X1,04977D53
92:EFAA:E0M1X1,04977D53,92:EFAD:E0M1X1,04977D6B
92:EFAD:E0M1X1,04977D6B,92:EFB0:E0M1X1,04977D83
92:EFB0:E0M1X1,04977D83,92:EFB3:E0M1X1,04977D9B
92:EFB3:E0M1X1,04977D9B,92:EFB6:E0M1X1,04977DB3
92:EFB6:E0M1X1,04977DB3,92:EFB8:E0M1X1,04977DC3
92:EFB8:E0M1X1,04977DC3,92:EFBB:E0M1X1,04977DDB
92:EFBB:E0M1X1,04977DDB,92:EFBE:E0M1X1,04977DF3
92:EFBE:E0M1X1,04977DF3,92:EFC1:E0M1X1,04977E0B
92:EFC1:E0M1X1,04977E0B,92:EFC4:E0M1X1,04977E23
92:EFC4:E0M1X1,04977E23,92:EFC7:E0M1X1,04977E3B
92:EFC7:E0M1X1,04977E3B,92:EFC9:E0M1X1,04977E4B
92:EFC9:E0M1X1,04977E4B,92:EFCC:E0M1X1,04977E63
92:EFCC:E0M1X1,04977E63,92:EFCD:E0M1X1,04977E6B
92:EFCD:E0M1X1,04977E6B,92:EFC9:E0M1X1,04977E4B
92:EFCD:E0M1X1,04977E6B,92:EFCF:E0M1X1,04977E7B
92:EFCF:E0M1X1,04977E7B,92:EFD1:E0M1X1,04977E8B
92:EFD1:E0M1X1,04977E8B,92:EFD4:E0M1X1,04977EA3
92:EFD4:E0M1X1,04977EA3,92:EFD7:E0M1X1,04977EBB
92:EFD7:E0M1X1,04977EBB,92:EFD9:E0M1X1,04977ECB
92:EFD9:E0M1X1,04977ECB,92:EFDC:E0M1X1,04977EE3
92:EFDC:E0M1X1,04977EE3,92:EFDF:E0M1X1,04977EFB
92:EFDF:E0M1X1,04977EFB,92:EFE2:E0M1X1,04977F13
92:EFE2:E0M1X1,04977F13,92:EFE4:E0M1X1,04977F23
92:EFE4:E0M1X1,04977F23,92:EFE7:E0M1X1,04977F3B
92:EFE7:E0M1X1,04977F3B,92:EFE9:E0M1X1,04977F4B
92:EFE9:E0M1X1,04977F4B,92:EFEC:E0M1X1,04977F63
92:EFEC:E0M1X1,04977F63,92:EFED:E0M1X1,04977F6B
92:EFED:E0M1X1,04977F6B,92:EFE9:E0M1X1,04977F4B
92:EFED:E0M1X1,04977F6B,92:EFEF:E0M1X1,04977F7B
92:EFEF:E0M1X1,04977F7B,92:EFF0:E0M1X1,04977F83
92:EFF0:E0M1X1,04977F83,80:803C:E0M1X1,040401E3
92:EFF1:E0M1X1,04977F8B,92:EFF2:E0M1X1,04977F93
92:EFF2:E0M1X1,04977F93,92:EFF3:E0M1X1,04977F9B
92:EFF3:E0M1X1,04977F9B,92:EFF4:E0M1X1,04977FA3
92:EFF4:E0M1X1,04977FA3,92:EFF6:E0M0X0,04977FB0
92:EFF6:E0M0X0,04977FB0,92:EFF9:E0M0X0,04977FC8
92:EFF9:E0M0X0,04977FC8,92:EFFC:E0M0X0,04977FE0
92:EFFC:E0M0X0,04977FE0,92:EFFF:E0M0X0,04977FF8
92:EFFF:E0M0X0,04977FF8,92:F001:E0M1X1,0497800B
92:F001:E0M1X1,0497800B,92:F003:E0M1X1,0497801B
92:F003:E0M1X1,0497801B,92:F006:E0M1X1,04978033
92:F006:E0M1X1,04978033,92:F009:E0M1X1,0497804B
92:F009:E0M1X1,0497804B,92:F00C:E0M1X1,04978063
92:F00C:E0M1X1,04978063,92:F00E:E0M1X1,04978073
92:F00E:E0M1X1,04978073,92:F011:E0M1X1,0497808B
92:F011:E0M1X1,0497808B,92:F014:E0M1X1,049780A3
92:F014:E0M1X1,049780A3,92:F016:E0M1X1,049780B3
92:F016:E0M1X1,049780B3,92:F019:E0M1X1,049780CB
92:F019:E0M1X1,049780CB,92:F01B:E0M0X1,049780D9
92:F01B:E0M0X1,049780D9,92:F01E:E0M0X1,049780F1
92:F01E:E0M0X1,049780F1,92:F021:E0M0X1,04978109
92:F021:E0M0X1,04978109,92:F024:E0M0X1,04978121
92:F024:E0M0X1,04978121,92:F026:E0M0X1,04978131
92:F024:E0M0X1,04978121,92:F02E:E0M0X1,04978171
92:F026:E0M0X1,04978131,92:F029:E0M0X1,04978149
92:F029:E0M0X1,04978149,92:F02C:E0M0X1,04978161
92:F02C:E0M0X1,04978161,92:F02E:E0M0X1,04978171
92:F02C:E0M0X1,04978161,92:F043:E0M0X1,04978219
92:F02E:E0M0X1,04978171,92:F031:E0M0X1,04978189
92:F031:E0M0X1,04978189,92:F034:E0M0X1,049781A1
92:F034:E0M0X1,049781A1,92:F037:E0M0X1,049781B9
92:F037:E0M0X1,049781B9,92:F03A:E0M0X1,049781D1
92:F03A:E0M0X1,049781D1,92:F03D:E0M0X1,049781E9
92:F03D:E0M0X1,049781E9,92:F040:E0M0X1,04978201
92:F040:E0M0X1,04978201,92:F043:E0M0X1,04978219
92:F043:E0M0X1,04978219,92:F045:E0M1X1,0497822B
92:F045:E0M1X1,0497822B,92:F048:E0M1X1,04978243
92:F048:E0M1X1,04978243,92:F04B:E0M1X1,0497825B
92:F04B:E0M1X1,0497825B,92:F04C:E0M1X1,04978263
92:F04C:E0M1X1,04978263,80:8040:E0M1X1,04040203
92:F04D:E0M1X1,0497826B,92:F04F:E0M0X0,04978278
92:F04F:E0M0X0,04978278,92:F052:E0M0X0,04978290
92:F052:E0M0X0,04978290,92:F056:E0M0X0,049782B0
92:F056:E0M0X0,049782B0,92:F05A:E0M0X0,049782D0
92:F05A:E0M0X0,049782D0,92:F05D:E0M0X0,049782E8
92:F05D:E0M0X0,049782E8,92:F05F:E0M0X0,049782F8
92:F05D:E0M0X0,049782E8,92:F071:E0M0X0,04978388
92:F05F:E0M0X0,049782F8,92:F062:E0M0X0,04978310
92:F062:E0M0X0,04978310,92:F066:E0M0X0,04978330
92:F066:E0M0X0,04978330,92:F06A:E0M0X0,04978350
92:F06A:E0M0X0,04978350,92:F06D:E0M0X0,04978368
92:F06D:E0M0X0,04978368,92:F06F:E0M0X0,04978378
92:F06D:E0M0X0,04978368,92:F071:E0M0X0,04978388
92:F06F:E0M0X0,04978378,92:F06F:E0M0X0,04978378
92:F071:E0M0X0,04978388,92:F073:E0M1X1,0497839B
92:F073:E0M1X1,0497839B,92:F076:E0M1X1,049783B3
92:F076:E0M1X1,049783B3,92:F079:E0M1X1,049783CB
92:F079:E0M1X1,049783CB,92:F07C:E0M1X1,049783E3
92:F07C:E0M1X1,049783E3,92:F07E:E0M1X1,049783F3
92:F07E:E0M1X1,049783F3,92:F080:E0M1X1,04978403
92:F07E:E0M1X1,049783F3,92:F083:E0M1X1,0497841B
92:F080:E0M1X1,04978403,92:F083:E0M1X1,0497841B
92:F083:E0M1X1,0497841B,80:8047:E0M1X1,0404023B
