Production_ID,Key,Key_Hex,PBR,PC,E,M,X,Physical,Opcode,Mnemonic,Mode,Length,Bytes,Shard,Successor_Count,Boundary_Classes,Disposition
V05C000001,00:8000:E1M1X1,00040007,00,8000,1,1,1,000000,5C,JML,ABSL_JUMP,4,5C0C8080,0020,1,,NATIVE_BODY
V05C000002,00:8166:E0M0X0,00040B30,00,8166,0,0,0,000166,5C,JML,ABSL_JUMP,4,5C6A8180,0020,1,,NATIVE_BODY
V05C000003,00:8166:E0M0X1,00040B31,00,8166,0,0,1,000166,5C,JML,ABSL_JUMP,4,5C6A8180,0020,1,,NATIVE_BODY
V05C000004,00:8166:E0M1X0,00040B32,00,8166,0,1,0,000166,5C,JML,ABSL_JUMP,4,5C6A8180,0020,1,,NATIVE_BODY
V05C000005,00:8166:E0M1X1,00040B33,00,8166,0,1,1,000166,5C,JML,ABSL_JUMP,4,5C6A8180,0020,1,,NATIVE_BODY
V05C000006,00:8166:E1M1X1,00040B37,00,8166,1,1,1,000166,5C,JML,ABSL_JUMP,4,5C6A8180,0020,1,,NATIVE_BODY
V05C000007,00:81BB:E0M0X0,00040DD8,00,81BB,0,0,0,0001BB,5C,JML,ABSL_JUMP,4,5CBF8180,0020,1,,NATIVE_BODY
V05C000008,00:81BB:E0M0X1,00040DD9,00,81BB,0,0,1,0001BB,5C,JML,ABSL_JUMP,4,5CBF8180,0020,1,,NATIVE_BODY
V05C000009,00:81BB:E0M1X0,00040DDA,00,81BB,0,1,0,0001BB,5C,JML,ABSL_JUMP,4,5CBF8180,0020,1,,NATIVE_BODY
V05C000010,00:81BB:E0M1X1,00040DDB,00,81BB,0,1,1,0001BB,5C,JML,ABSL_JUMP,4,5CBF8180,0020,1,,NATIVE_BODY
V05C000011,00:81BB:E1M1X1,00040DDF,00,81BB,1,1,1,0001BB,5C,JML,ABSL_JUMP,4,5CBF8180,0020,1,,NATIVE_BODY
V05C000012,00:81FD:E0M0X0,00040FE8,00,81FD,0,0,0,0001FD,5C,JML,ABSL_JUMP,4,5C018280,0020,1,,NATIVE_BODY
V05C000013,00:81FD:E0M0X1,00040FE9,00,81FD,0,0,1,0001FD,5C,JML,ABSL_JUMP,4,5C018280,0020,1,,NATIVE_BODY
V05C000014,00:81FD:E0M1X0,00040FEA,00,81FD,0,1,0,0001FD,5C,JML,ABSL_JUMP,4,5C018280,0020,1,,NATIVE_BODY
V05C000015,00:81FD:E0M1X1,00040FEB,00,81FD,0,1,1,0001FD,5C,JML,ABSL_JUMP,4,5C018280,0020,1,,NATIVE_BODY
V05C000016,00:81FD:E1M1X1,00040FEF,00,81FD,1,1,1,0001FD,5C,JML,ABSL_JUMP,4,5C018280,0020,1,,NATIVE_BODY
V05C000017,80:800C:E1M1X1,04040067,80,800C,1,1,1,00000C,18,CLC,IMP,1,18,2020,1,,NATIVE_BODY
V05C000018,80:800D:E1M1X1,0404006F,80,800D,1,1,1,00000D,FB,XCE,IMP,1,FB,2020,1,,NATIVE_BODY
V05C000019,80:800E:E0M1X1,04040073,80,800E,0,1,1,00000E,4B,PHK,IMP,1,4B,2020,1,,NATIVE_BODY
V05C000020,80:800F:E0M1X1,0404007B,80,800F,0,1,1,00000F,AB,PLB,IMP,1,AB,2020,1,,NATIVE_BODY
V05C000021,80:8010:E0M1X1,04040083,80,8010,0,1,1,000010,C2,REP,IMM8,2,C210,2020,1,,NATIVE_BODY
V05C000022,80:8012:E0M1X0,04040092,80,8012,0,1,0,000012,A9,LDA,IMM_M,2,A900,2020,1,,NATIVE_BODY
V05C000023,80:8014:E0M1X0,040400A2,80,8014,0,1,0,000014,A0,LDY,IMM_X,3,A00000,2020,1,,NATIVE_BODY
V05C000024,80:8017:E0M1X0,040400BA,80,8017,0,1,0,000017,99,STA,ABS_Y,3,990000,2020,1,,NATIVE_BODY
V05C000025,80:801A:E0M1X0,040400D2,80,801A,0,1,0,00001A,C8,INY,IMP,1,C8,2020,1,,NATIVE_BODY
V05C000026,80:801B:E0M1X0,040400DA,80,801B,0,1,0,00001B,C0,CPY,IMM_X,3,C03103,2020,1,,NATIVE_BODY
V05C000027,80:801E:E0M1X0,040400F2,80,801E,0,1,0,00001E,90,BCC,REL8,2,90F7,2020,2,,NATIVE_BODY
V05C000028,80:8020:E0M1X0,04040102,80,8020,0,1,0,000020,A0,LDY,IMM_X,3,A03903,2020,1,,NATIVE_BODY
V05C000029,80:8023:E0M1X0,0404011A,80,8023,0,1,0,000023,99,STA,ABS_Y,3,990000,2020,1,,NATIVE_BODY
V05C000030,80:8026:E0M1X0,04040132,80,8026,0,1,0,000026,C8,INY,IMP,1,C8,2020,1,,NATIVE_BODY
V05C000031,80:8027:E0M1X0,0404013A,80,8027,0,1,0,000027,C0,CPY,IMM_X,3,C00020,2020,1,,NATIVE_BODY
V05C000032,80:802A:E0M1X0,04040152,80,802A,0,1,0,00002A,90,BCC,REL8,2,90F7,2020,2,,NATIVE_BODY
V05C000033,80:802C:E0M1X0,04040162,80,802C,0,1,0,00002C,C2,REP,IMM8,2,C230,2020,1,,NATIVE_BODY
V05C000034,80:802E:E0M0X0,04040170,80,802E,0,0,0,00002E,A9,LDA,IMM_M,3,A90000,2020,1,,NATIVE_BODY
V05C000035,80:8031:E0M0X0,04040188,80,8031,0,0,0,000031,5B,TCD,IMP,1,5B,2020,1,,NATIVE_BODY
V05C000036,80:8032:E0M0X0,04040190,80,8032,0,0,0,000032,A9,LDA,IMM_M,3,A9FF01,2020,1,,NATIVE_BODY
V05C000037,80:8035:E0M0X0,040401A8,80,8035,0,0,0,000035,1B,TCS,IMP,1,1B,2020,1,,NATIVE_BODY
V05C000038,80:8036:E0M0X0,040401B0,80,8036,0,0,0,000036,E2,SEP,IMM8,2,E230,2020,1,,NATIVE_BODY
V05C000039,80:8038:E0M1X1,040401C3,80,8038,0,1,1,000038,22,JSL,ABSL_JUMP,4,2272EF92,2020,1,,NATIVE_BODY
V05C000040,80:803C:E0M1X1,040401E3,80,803C,0,1,1,00003C,22,JSL,ABSL_JUMP,4,22F1EF92,2020,1,,NATIVE_BODY
V05C000041,80:8040:E0M1X1,04040203,80,8040,0,1,1,000040,20,JSR,ABS_JUMP,3,203881,2020,1,,NATIVE_BODY
V05C000042,80:8043:E0M1X1,0404021B,80,8043,0,1,1,000043,22,JSL,ABSL_JUMP,4,224DF092,2020,1,,NATIVE_BODY
V05C000043,80:8047:E0M1X1,0404023B,80,8047,0,1,1,000047,20,JSR,ABS_JUMP,3,20DBF8,2020,1,,NATIVE_BODY
V05C000044,80:804A:E0M1X1,04040253,80,804A,0,1,1,00004A,20,JSR,ABS_JUMP,3,201481,2020,1,,NATIVE_BODY
V05C000045,80:804D:E0M1X1,0404026B,80,804D,0,1,1,00004D,A9,LDA,IMM_M,2,A901,2020,1,,NATIVE_BODY
V05C000046,80:804F:E0M1X1,0404027B,80,804F,0,1,1,00004F,8D,STA,ABS,3,8D0E0F,2020,1,,NATIVE_BODY
V05C000047,80:8052:E0M1X1,04040293,80,8052,0,1,1,000052,A2,LDX,IMM_X,2,A200,2020,1,,NATIVE_BODY
V05C000048,80:8054:E0M1X1,040402A3,80,8054,0,1,1,000054,22,JSL,ABSL_JUMP,4,2240AC81,2020,1,,NATIVE_BODY
V05C000049,80:8114:E0M1X1,040408A3,80,8114,0,1,1,000114,A9,LDA,IMM_M,2,A980,2020,1,,NATIVE_BODY
V05C000050,80:8116:E0M1X1,040408B3,80,8116,0,1,1,000116,20,JSR,ABS_JUMP,3,207BF9,2020,1,,NATIVE_BODY
V05C000051,80:8119:E0M1X1,040408CB,80,8119,0,1,1,000119,AC,LDY,ABS,3,ACEC1A,2020,1,,NATIVE_BODY
V05C000052,80:811C:E0M1X1,040408E3,80,811C,0,1,1,00011C,C8,INY,IMP,1,C8,2020,1,,NATIVE_BODY
V05C000053,80:811D:E0M1X1,040408EB,80,811D,0,1,1,00011D,C0,CPY,IMM_X,2,C005,2020,1,,NATIVE_BODY
V05C000054,80:811F:E0M1X1,040408FB,80,811F,0,1,1,00011F,D0,BNE,REL8,2,D002,2020,2,,NATIVE_BODY
V05C000055,80:8121:E0M1X1,0404090B,80,8121,0,1,1,000121,A0,LDY,IMM_X,2,A000,2020,1,,NATIVE_BODY
V05C000056,80:8123:E0M1X1,0404091B,80,8123,0,1,1,000123,8C,STY,ABS,3,8CEC1A,2020,1,,NATIVE_BODY
V05C000057,80:8126:E0M1X1,04040933,80,8126,0,1,1,000126,BE,LDX,ABS_Y,3,BEF282,2020,1,,NATIVE_BODY
V05C000058,80:8129:E0M1X1,0404094B,80,8129,0,1,1,000129,20,JSR,ABS_JUMP,3,2004F9,2020,1,,NATIVE_BODY
V05C000059,80:812C:E0M1X1,04040963,80,812C,0,1,1,00012C,20,JSR,ABS_JUMP,3,2086F9,2020,1,,NATIVE_BODY
V05C000060,80:812F:E0M1X1,0404097B,80,812F,0,1,1,00012F,60,RTS,IMP,1,60,2020,1,,NATIVE_BODY
V05C000061,80:8138:E0M1X1,040409C3,80,8138,0,1,1,000138,78,SEI,IMP,1,78,2020,1,,NATIVE_BODY
V05C000062,80:8139:E0M1X1,040409CB,80,8139,0,1,1,000139,A9,LDA,IMM_M,2,A909,2020,1,,NATIVE_BODY
V05C000063,80:813B:E0M1X1,040409DB,80,813B,0,1,1,00013B,8D,STA,ABS,3,8D0521,2020,1,,NATIVE_BODY
V05C000064,80:813E:E0M1X1,040409F3,80,813E,0,1,1,00013E,A9,LDA,IMM_M,2,A961,2020,1,,NATIVE_BODY
V05C000065,80:8140:E0M1X1,04040A03,80,8140,0,1,1,000140,8D,STA,ABS,3,8D0121,2020,1,,NATIVE_BODY
V05C000066,80:8143:E0M1X1,04040A1B,80,8143,0,1,1,000143,A9,LDA,IMM_M,2,A901,2020,1,,NATIVE_BODY
V05C000067,80:8145:E0M1X1,04040A2B,80,8145,0,1,1,000145,8D,STA,ABS,3,8D0721,2020,1,,NATIVE_BODY
V05C000068,80:8148:E0M1X1,04040A43,80,8148,0,1,1,000148,A9,LDA,IMM_M,2,A911,2020,1,,NATIVE_BODY
V05C000069,80:814A:E0M1X1,04040A53,80,814A,0,1,1,00014A,8D,STA,ABS,3,8D0821,2020,1,,NATIVE_BODY
V05C000070,80:814D:E0M1X1,04040A6B,80,814D,0,1,1,00014D,A9,LDA,IMM_M,2,A93D,2020,1,,NATIVE_BODY
V05C000071,80:814F:E0M1X1,04040A7B,80,814F,0,1,1,00014F,8D,STA,ABS,3,8D0921,2020,1,,NATIVE_BODY
V05C000072,80:8152:E0M1X1,04040A93,80,8152,0,1,1,000152,A9,LDA,IMM_M,2,A944,2020,1,,NATIVE_BODY
V05C000073,80:8154:E0M1X1,04040AA3,80,8154,0,1,1,000154,8D,STA,ABS,3,8D0B21,2020,1,,NATIVE_BODY
V05C000074,80:8157:E0M1X1,04040ABB,80,8157,0,1,1,000157,A9,LDA,IMM_M,2,A903,2020,1,,NATIVE_BODY
V05C000075,80:8159:E0M1X1,04040ACB,80,8159,0,1,1,000159,8D,STA,ABS,3,8D0C21,2020,1,,NATIVE_BODY
V05C000076,80:815C:E0M1X1,04040AE3,80,815C,0,1,1,00015C,A9,LDA,IMM_M,2,A917,2020,1,,NATIVE_BODY
V05C000077,80:815E:E0M1X1,04040AF3,80,815E,0,1,1,00015E,8D,STA,ABS,3,8D2C21,2020,1,,NATIVE_BODY
V05C000078,80:8161:E0M1X1,04040B0B,80,8161,0,1,1,000161,9C,STZ,ABS,3,9C2D21,2020,1,,NATIVE_BODY
V05C000079,80:8164:E0M1X1,04040B23,80,8164,0,1,1,000164,58,CLI,IMP,1,58,2020,1,,NATIVE_BODY
V05C000080,80:8165:E0M1X1,04040B2B,80,8165,0,1,1,000165,60,RTS,IMP,1,60,2020,1,,NATIVE_BODY
V05C000081,80:816A:E0M0X0,04040B50,80,816A,0,0,0,00016A,8B,PHB,IMP,1,8B,2020,1,,NATIVE_BODY
V05C000082,80:816A:E0M0X1,04040B51,80,816A,0,0,1,00016A,8B,PHB,IMP,1,8B,2020,1,,NATIVE_BODY
V05C000083,80:816A:E0M1X0,04040B52,80,816A,0,1,0,00016A,8B,PHB,IMP,1,8B,2020,1,,NATIVE_BODY
V05C000084,80:816A:E0M1X1,04040B53,80,816A,0,1,1,00016A,8B,PHB,IMP,1,8B,2020,1,,NATIVE_BODY
V05C000085,80:816A:E1M1X1,04040B57,80,816A,1,1,1,00016A,8B,PHB,IMP,1,8B,2020,1,,NATIVE_BODY
V05C000086,80:816B:E0M0X0,04040B58,80,816B,0,0,0,00016B,4B,PHK,IMP,1,4B,2020,1,,NATIVE_BODY
V05C000087,80:816B:E0M0X1,04040B59,80,816B,0,0,1,00016B,4B,PHK,IMP,1,4B,2020,1,,NATIVE_BODY
V05C000088,80:816B:E0M1X0,04040B5A,80,816B,0,1,0,00016B,4B,PHK,IMP,1,4B,2020,1,,NATIVE_BODY
V05C000089,80:816B:E0M1X1,04040B5B,80,816B,0,1,1,00016B,4B,PHK,IMP,1,4B,2020,1,,NATIVE_BODY
V05C000090,80:816B:E1M1X1,04040B5F,80,816B,1,1,1,00016B,4B,PHK,IMP,1,4B,2020,1,,NATIVE_BODY
V05C000091,80:816C:E0M0X0,04040B60,80,816C,0,0,0,00016C,AB,PLB,IMP,1,AB,2020,1,,NATIVE_BODY
V05C000092,80:816C:E0M0X1,04040B61,80,816C,0,0,1,00016C,AB,PLB,IMP,1,AB,2020,1,,NATIVE_BODY
V05C000093,80:816C:E0M1X0,04040B62,80,816C,0,1,0,00016C,AB,PLB,IMP,1,AB,2020,1,,NATIVE_BODY
V05C000094,80:816C:E0M1X1,04040B63,80,816C,0,1,1,00016C,AB,PLB,IMP,1,AB,2020,1,,NATIVE_BODY
V05C000095,80:816C:E1M1X1,04040B67,80,816C,1,1,1,00016C,AB,PLB,IMP,1,AB,2020,1,,NATIVE_BODY
V05C000096,80:816D:E0M0X0,04040B68,80,816D,0,0,0,00016D,C2,REP,IMM8,2,C230,2020,1,,NATIVE_BODY
V05C000097,80:816D:E0M0X1,04040B69,80,816D,0,0,1,00016D,C2,REP,IMM8,2,C230,2020,1,,NATIVE_BODY
V05C000098,80:816D:E0M1X0,04040B6A,80,816D,0,1,0,00016D,C2,REP,IMM8,2,C230,2020,1,,NATIVE_BODY
V05C000099,80:816D:E0M1X1,04040B6B,80,816D,0,1,1,00016D,C2,REP,IMM8,2,C230,2020,1,,NATIVE_BODY
V05C000100,80:816D:E1M1X1,04040B6F,80,816D,1,1,1,00016D,C2,REP,IMM8,2,C230,2020,1,,NATIVE_BODY
V05C000101,80:816F:E0M0X0,04040B78,80,816F,0,0,0,00016F,85,STA,DP,2,852A,2020,1,,NATIVE_BODY
V05C000102,80:816F:E1M1X1,04040B7F,80,816F,1,1,1,00016F,85,STA,DP,2,852A,2020,1,,NATIVE_BODY
V05C000103,80:8171:E0M0X0,04040B88,80,8171,0,0,0,000171,86,STX,DP,2,862C,2020,1,,NATIVE_BODY
V05C000104,80:8171:E1M1X1,04040B8F,80,8171,1,1,1,000171,86,STX,DP,2,862C,2020,1,,NATIVE_BODY
V05C000105,80:8173:E0M0X0,04040B98,80,8173,0,0,0,000173,84,STY,DP,2,842E,2020,1,,NATIVE_BODY
V05C000106,80:8173:E1M1X1,04040B9F,80,8173,1,1,1,000173,84,STY,DP,2,842E,2020,1,,NATIVE_BODY
V05C000107,80:8175:E0M0X0,04040BA8,80,8175,0,0,0,000175,E2,SEP,IMM8,2,E230,2020,1,,NATIVE_BODY
V05C000108,80:8175:E1M1X1,04040BAF,80,8175,1,1,1,000175,E2,SEP,IMM8,2,E230,2020,1,,NATIVE_BODY
V05C000109,80:8177:E0M1X1,04040BBB,80,8177,0,1,1,000177,AD,LDA,ABS,3,AD1042,2020,1,,NATIVE_BODY
V05C000110,80:8177:E1M1X1,04040BBF,80,8177,1,1,1,000177,AD,LDA,ABS,3,AD1042,2020,1,,NATIVE_BODY
V05C000111,80:817A:E0M1X1,04040BD3,80,817A,0,1,1,00017A,29,AND,IMM_M,2,2980,2020,1,,NATIVE_BODY
V05C000112,80:817A:E1M1X1,04040BD7,80,817A,1,1,1,00017A,29,AND,IMM_M,2,2980,2020,1,,NATIVE_BODY
V05C000113,80:817C:E0M1X1,04040BE3,80,817C,0,1,1,00017C,F0,BEQ,REL8,2,F00C,2020,2,,NATIVE_BODY
V05C000114,80:817C:E1M1X1,04040BE7,80,817C,1,1,1,00017C,F0,BEQ,REL8,2,F00C,2020,2,,NATIVE_BODY
V05C000115,80:817E:E0M1X1,04040BF3,80,817E,0,1,1,00017E,AE,LDX,ABS,3,AE5503,2020,1,,NATIVE_BODY
V05C000116,80:817E:E1M1X1,04040BF7,80,817E,1,1,1,00017E,AE,LDX,ABS,3,AE5503,2020,1,,NATIVE_BODY
V05C000117,80:8181:E0M1X1,04040C0B,80,8181,0,1,1,000181,FC,JSR,ABS_X_IND,3,FC9781,2020,0,DYNAMIC_TARGET,NAMED_BOUNDARY
V05C000118,80:8181:E1M1X1,04040C0F,80,8181,1,1,1,000181,FC,JSR,ABS_X_IND,3,FC9781,2020,0,DYNAMIC_TARGET,NAMED_BOUNDARY
V05C000119,80:818A:E0M1X1,04040C53,80,818A,0,1,1,00018A,C2,REP,IMM8,2,C230,2020,1,,NATIVE_BODY
V05C000120,80:818A:E1M1X1,04040C57,80,818A,1,1,1,00018A,C2,REP,IMM8,2,C230,2020,1,,NATIVE_BODY
V05C000121,80:818C:E0M0X0,04040C60,80,818C,0,0,0,00018C,EE,INC,ABS,3,EE7E12,2020,1,,NATIVE_BODY
V05C000122,80:818C:E1M1X1,04040C67,80,818C,1,1,1,00018C,EE,INC,ABS,3,EE7E12,2020,1,,NATIVE_BODY
V05C000123,80:818F:E0M0X0,04040C78,80,818F,0,0,0,00018F,A5,LDA,DP,2,A52A,2020,1,,NATIVE_BODY
V05C000124,80:818F:E1M1X1,04040C7F,80,818F,1,1,1,00018F,A5,LDA,DP,2,A52A,2020,1,,NATIVE_BODY
V05C000125,80:8191:E0M0X0,04040C88,80,8191,0,0,0,000191,A6,LDX,DP,2,A62C,2020,1,,NATIVE_BODY
V05C000126,80:8191:E1M1X1,04040C8F,80,8191,1,1,1,000191,A6,LDX,DP,2,A62C,2020,1,,NATIVE_BODY
V05C000127,80:8193:E0M0X0,04040C98,80,8193,0,0,0,000193,A4,LDY,DP,2,A42E,2020,1,,NATIVE_BODY
V05C000128,80:8193:E1M1X1,04040C9F,80,8193,1,1,1,000193,A4,LDY,DP,2,A42E,2020,1,,NATIVE_BODY
V05C000129,80:8195:E0M0X0,04040CA8,80,8195,0,0,0,000195,AB,PLB,IMP,1,AB,2020,1,,NATIVE_BODY
V05C000130,80:8195:E1M1X1,04040CAF,80,8195,1,1,1,000195,AB,PLB,IMP,1,AB,2020,1,,NATIVE_BODY
V05C000131,80:8196:E0M0X0,04040CB0,80,8196,0,0,0,000196,40,RTI,IMP,1,40,2020,0,INTERRUPT_REENTRY,NAMED_BOUNDARY
V05C000132,80:8196:E1M1X1,04040CB7,80,8196,1,1,1,000196,40,RTI,IMP,1,40,2020,0,INTERRUPT_REENTRY,NAMED_BOUNDARY
V05C000133,80:81BF:E0M0X0,04040DF8,80,81BF,0,0,0,0001BF,40,RTI,IMP,1,40,2020,0,INTERRUPT_REENTRY,NAMED_BOUNDARY
V05C000134,80:81BF:E0M0X1,04040DF9,80,81BF,0,0,1,0001BF,40,RTI,IMP,1,40,2020,0,INTERRUPT_REENTRY,NAMED_BOUNDARY
V05C000135,80:81BF:E0M1X0,04040DFA,80,81BF,0,1,0,0001BF,40,RTI,IMP,1,40,2020,0,INTERRUPT_REENTRY,NAMED_BOUNDARY
V05C000136,80:81BF:E0M1X1,04040DFB,80,81BF,0,1,1,0001BF,40,RTI,IMP,1,40,2020,0,INTERRUPT_REENTRY,NAMED_BOUNDARY
V05C000137,80:81BF:E1M1X1,04040DFF,80,81BF,1,1,1,0001BF,40,RTI,IMP,1,40,2020,0,INTERRUPT_REENTRY,NAMED_BOUNDARY
V05C000138,80:8201:E0M0X0,04041008,80,8201,0,0,0,000201,08,PHP,IMP,1,08,2020,1,,NATIVE_BODY
V05C000139,80:8201:E0M0X1,04041009,80,8201,0,0,1,000201,08,PHP,IMP,1,08,2020,1,,NATIVE_BODY
V05C000140,80:8201:E0M1X0,0404100A,80,8201,0,1,0,000201,08,PHP,IMP,1,08,2020,1,,NATIVE_BODY
V05C000141,80:8201:E0M1X1,0404100B,80,8201,0,1,1,000201,08,PHP,IMP,1,08,2020,1,,NATIVE_BODY
V05C000142,80:8201:E1M1X1,0404100F,80,8201,1,1,1,000201,08,PHP,IMP,1,08,2020,1,,NATIVE_BODY
V05C000143,80:8202:E0M0X0,04041010,80,8202,0,0,0,000202,D8,CLD,IMP,1,D8,2020,1,,NATIVE_BODY
V05C000144,80:8202:E0M0X1,04041011,80,8202,0,0,1,000202,D8,CLD,IMP,1,D8,2020,1,,NATIVE_BODY
V05C000145,80:8202:E0M1X0,04041012,80,8202,0,1,0,000202,D8,CLD,IMP,1,D8,2020,1,,NATIVE_BODY
V05C000146,80:8202:E0M1X1,04041013,80,8202,0,1,1,000202,D8,CLD,IMP,1,D8,2020,1,,NATIVE_BODY
V05C000147,80:8202:E1M1X1,04041017,80,8202,1,1,1,000202,D8,CLD,IMP,1,D8,2020,1,,NATIVE_BODY
V05C000148,80:8203:E0M0X0,04041018,80,8203,0,0,0,000203,8B,PHB,IMP,1,8B,2020,1,,NATIVE_BODY
V05C000149,80:8203:E0M0X1,04041019,80,8203,0,0,1,000203,8B,PHB,IMP,1,8B,2020,1,,NATIVE_BODY
V05C000150,80:8203:E0M1X0,0404101A,80,8203,0,1,0,000203,8B,PHB,IMP,1,8B,2020,1,,NATIVE_BODY
V05C000151,80:8203:E0M1X1,0404101B,80,8203,0,1,1,000203,8B,PHB,IMP,1,8B,2020,1,,NATIVE_BODY
V05C000152,80:8203:E1M1X1,0404101F,80,8203,1,1,1,000203,8B,PHB,IMP,1,8B,2020,1,,NATIVE_BODY
V05C000153,80:8204:E0M0X0,04041020,80,8204,0,0,0,000204,4B,PHK,IMP,1,4B,2020,1,,NATIVE_BODY
V05C000154,80:8204:E0M0X1,04041021,80,8204,0,0,1,000204,4B,PHK,IMP,1,4B,2020,1,,NATIVE_BODY
V05C000155,80:8204:E0M1X0,04041022,80,8204,0,1,0,000204,4B,PHK,IMP,1,4B,2020,1,,NATIVE_BODY
V05C000156,80:8204:E0M1X1,04041023,80,8204,0,1,1,000204,4B,PHK,IMP,1,4B,2020,1,,NATIVE_BODY
V05C000157,80:8204:E1M1X1,04041027,80,8204,1,1,1,000204,4B,PHK,IMP,1,4B,2020,1,,NATIVE_BODY
V05C000158,80:8205:E0M0X0,04041028,80,8205,0,0,0,000205,AB,PLB,IMP,1,AB,2020,1,,NATIVE_BODY
V05C000159,80:8205:E0M0X1,04041029,80,8205,0,0,1,000205,AB,PLB,IMP,1,AB,2020,1,,NATIVE_BODY
V05C000160,80:8205:E0M1X0,0404102A,80,8205,0,1,0,000205,AB,PLB,IMP,1,AB,2020,1,,NATIVE_BODY
V05C000161,80:8205:E0M1X1,0404102B,80,8205,0,1,1,000205,AB,PLB,IMP,1,AB,2020,1,,NATIVE_BODY
V05C000162,80:8205:E1M1X1,0404102F,80,8205,1,1,1,000205,AB,PLB,IMP,1,AB,2020,1,,NATIVE_BODY
V05C000163,80:8206:E0M0X0,04041030,80,8206,0,0,0,000206,C2,REP,IMM8,2,C230,2020,1,,NATIVE_BODY
V05C000164,80:8206:E0M0X1,04041031,80,8206,0,0,1,000206,C2,REP,IMM8,2,C230,2020,1,,NATIVE_BODY
V05C000165,80:8206:E0M1X0,04041032,80,8206,0,1,0,000206,C2,REP,IMM8,2,C230,2020,1,,NATIVE_BODY
V05C000166,80:8206:E0M1X1,04041033,80,8206,0,1,1,000206,C2,REP,IMM8,2,C230,2020,1,,NATIVE_BODY
V05C000167,80:8206:E1M1X1,04041037,80,8206,1,1,1,000206,C2,REP,IMM8,2,C230,2020,1,,NATIVE_BODY
V05C000168,80:8208:E0M0X0,04041040,80,8208,0,0,0,000208,85,STA,DP,2,852A,2020,1,,NATIVE_BODY
V05C000169,80:8208:E1M1X1,04041047,80,8208,1,1,1,000208,85,STA,DP,2,852A,2020,1,,NATIVE_BODY
V05C000170,80:820A:E0M0X0,04041050,80,820A,0,0,0,00020A,86,STX,DP,2,862C,2020,1,,NATIVE_BODY
V05C000171,80:820A:E1M1X1,04041057,80,820A,1,1,1,00020A,86,STX,DP,2,862C,2020,1,,NATIVE_BODY
V05C000172,80:820C:E0M0X0,04041060,80,820C,0,0,0,00020C,84,STY,DP,2,842E,2020,1,,NATIVE_BODY
V05C000173,80:820C:E1M1X1,04041067,80,820C,1,1,1,00020C,84,STY,DP,2,842E,2020,1,,NATIVE_BODY
V05C000174,80:820E:E0M0X0,04041070,80,820E,0,0,0,00020E,E2,SEP,IMM8,2,E230,2020,1,,NATIVE_BODY
V05C000175,80:820E:E1M1X1,04041077,80,820E,1,1,1,00020E,E2,SEP,IMM8,2,E230,2020,1,,NATIVE_BODY
V05C000176,80:8210:E0M1X1,04041083,80,8210,0,1,1,000210,AD,LDA,ABS,3,AD1142,2020,1,,NATIVE_BODY
V05C000177,80:8210:E1M1X1,04041087,80,8210,1,1,1,000210,AD,LDA,ABS,3,AD1142,2020,1,,NATIVE_BODY
V05C000178,80:8213:E0M1X1,0404109B,80,8213,0,1,1,000213,29,AND,IMM_M,2,2980,2020,1,,NATIVE_BODY
V05C000179,80:8213:E1M1X1,0404109F,80,8213,1,1,1,000213,29,AND,IMM_M,2,2980,2020,1,,NATIVE_BODY
V05C000180,80:8215:E0M1X1,040410AB,80,8215,0,1,1,000215,F0,BEQ,REL8,2,F006,2020,2,,NATIVE_BODY
V05C000181,80:8215:E1M1X1,040410AF,80,8215,1,1,1,000215,F0,BEQ,REL8,2,F006,2020,2,,NATIVE_BODY
V05C000182,80:8217:E0M1X1,040410BB,80,8217,0,1,1,000217,AE,LDX,ABS,3,AE5603,2020,1,,NATIVE_BODY
V05C000183,80:8217:E1M1X1,040410BF,80,8217,1,1,1,000217,AE,LDX,ABS,3,AE5603,2020,1,,NATIVE_BODY
V05C000184,80:821A:E0M1X1,040410D3,80,821A,0,1,1,00021A,FC,JSR,ABS_X_IND,3,FC2882,2020,0,DYNAMIC_TARGET,NAMED_BOUNDARY
V05C000185,80:821A:E1M1X1,040410D7,80,821A,1,1,1,00021A,FC,JSR,ABS_X_IND,3,FC2882,2020,0,DYNAMIC_TARGET,NAMED_BOUNDARY
V05C000186,80:821D:E0M1X1,040410EB,80,821D,0,1,1,00021D,C2,REP,IMM8,2,C230,2020,1,,NATIVE_BODY
V05C000187,80:821D:E1M1X1,040410EF,80,821D,1,1,1,00021D,C2,REP,IMM8,2,C230,2020,1,,NATIVE_BODY
V05C000188,80:821F:E0M0X0,040410F8,80,821F,0,0,0,00021F,A5,LDA,DP,2,A52A,2020,1,,NATIVE_BODY
V05C000189,80:821F:E1M1X1,040410FF,80,821F,1,1,1,00021F,A5,LDA,DP,2,A52A,2020,1,,NATIVE_BODY
V05C000190,80:8221:E0M0X0,04041108,80,8221,0,0,0,000221,A6,LDX,DP,2,A62C,2020,1,,NATIVE_BODY
V05C000191,80:8221:E1M1X1,0404110F,80,8221,1,1,1,000221,A6,LDX,DP,2,A62C,2020,1,,NATIVE_BODY
V05C000192,80:8223:E0M0X0,04041118,80,8223,0,0,0,000223,A4,LDY,DP,2,A42E,2020,1,,NATIVE_BODY
V05C000193,80:8223:E1M1X1,0404111F,80,8223,1,1,1,000223,A4,LDY,DP,2,A42E,2020,1,,NATIVE_BODY
V05C000194,80:8225:E0M0X0,04041128,80,8225,0,0,0,000225,AB,PLB,IMP,1,AB,2020,1,,NATIVE_BODY
V05C000195,80:8225:E1M1X1,0404112F,80,8225,1,1,1,000225,AB,PLB,IMP,1,AB,2020,1,,NATIVE_BODY
V05C000196,80:8226:E0M0X0,04041130,80,8226,0,0,0,000226,28,PLP,IMP,1,28,2020,4,,NATIVE_BODY
V05C000197,80:8226:E1M1X1,04041137,80,8226,1,1,1,000226,28,PLP,IMP,1,28,2020,1,,NATIVE_BODY
V05C000198,80:8227:E0M0X0,04041138,80,8227,0,0,0,000227,40,RTI,IMP,1,40,2020,0,INTERRUPT_REENTRY,NAMED_BOUNDARY
V05C000199,80:8227:E0M0X1,04041139,80,8227,0,0,1,000227,40,RTI,IMP,1,40,2020,0,INTERRUPT_REENTRY,NAMED_BOUNDARY
V05C000200,80:8227:E0M1X0,0404113A,80,8227,0,1,0,000227,40,RTI,IMP,1,40,2020,0,INTERRUPT_REENTRY,NAMED_BOUNDARY
V05C000201,80:8227:E0M1X1,0404113B,80,8227,0,1,1,000227,40,RTI,IMP,1,40,2020,0,INTERRUPT_REENTRY,NAMED_BOUNDARY
V05C000202,80:8227:E1M1X1,0404113F,80,8227,1,1,1,000227,40,RTI,IMP,1,40,2020,0,INTERRUPT_REENTRY,NAMED_BOUNDARY
V05C000203,80:82F7:E0M0X0,040417B8,80,82F7,0,0,0,0002F7,8B,PHB,IMP,1,8B,2020,1,,NATIVE_BODY
V05C000204,80:82F8:E0M0X0,040417C0,80,82F8,0,0,0,0002F8,4B,PHK,IMP,1,4B,2020,1,,NATIVE_BODY
V05C000205,80:82F9:E0M0X0,040417C8,80,82F9,0,0,0,0002F9,AB,PLB,IMP,1,AB,2020,1,,NATIVE_BODY
V05C000206,80:82FA:E0M0X0,040417D0,80,82FA,0,0,0,0002FA,20,JSR,ABS_JUMP,3,20FF82,2020,1,,NATIVE_BODY
V05C000207,80:82FD:E0M0X0,040417E8,80,82FD,0,0,0,0002FD,AB,PLB,IMP,1,AB,2020,1,,NATIVE_BODY
V05C000208,80:82FE:E0M0X0,040417F0,80,82FE,0,0,0,0002FE,6B,RTL,IMP,1,6B,2020,4,,NATIVE_BODY
V05C000209,80:82FF:E0M0X0,040417F8,80,82FF,0,0,0,0002FF,86,STX,DP,2,8688,2020,1,,NATIVE_BODY
V05C000210,80:8301:E0M0X0,04041808,80,8301,0,0,0,000301,20,JSR,ABS_JUMP,3,202083,2020,1,,NATIVE_BODY
V05C000211,80:8304:E0M0X0,04041820,80,8304,0,0,0,000304,48,PHA,IMP,1,48,2020,1,,NATIVE_BODY
V05C000212,80:8305:E0M0X0,04041828,80,8305,0,0,0,000305,DA,PHX,IMP,1,DA,2020,1,,NATIVE_BODY
V05C000213,80:8306:E0M0X0,04041830,80,8306,0,0,0,000306,A5,LDA,DP,2,A588,2020,1,,NATIVE_BODY
V05C000214,80:8308:E0M0X0,04041840,80,8308,0,0,0,000308,48,PHA,IMP,1,48,2020,1,,NATIVE_BODY
V05C000215,80:8309:E0M0X0,04041848,80,8309,0,0,0,000309,F4,PEA,IMM16,3,F400CB,2020,1,,NATIVE_BODY
V05C000216,80:830C:E0M0X0,04041860,80,830C,0,0,0,00030C,F4,PEA,IMM16,3,F40010,2020,1,,NATIVE_BODY
V05C000217,80:830F:E0M0X0,04041878,80,830F,0,0,0,00030F,20,JSR,ABS_JUMP,3,202C85,2020,1,,NATIVE_BODY
V05C000218,80:8312:E0M0X0,04041890,80,8312,0,0,0,000312,68,PLA,IMP,1,68,2020,1,,NATIVE_BODY
V05C000219,80:8313:E0M0X0,04041898,80,8313,0,0,0,000313,68,PLA,IMP,1,68,2020,1,,NATIVE_BODY
V05C000220,80:8314:E0M0X0,040418A0,80,8314,0,0,0,000314,68,PLA,IMP,1,68,2020,1,,NATIVE_BODY
V05C000221,80:8315:E0M0X0,040418A8,80,8315,0,0,0,000315,68,PLA,IMP,1,68,2020,1,,NATIVE_BODY
V05C000222,80:8316:E0M0X0,040418B0,80,8316,0,0,0,000316,68,PLA,IMP,1,68,2020,1,,NATIVE_BODY
V05C000223,80:8317:E0M0X0,040418B8,80,8317,0,0,0,000317,60,RTS,IMP,1,60,2020,1,,NATIVE_BODY
V05C000224,80:8320:E0M0X0,04041900,80,8320,0,0,0,000320,0A,ASL,ACC,1,0A,2020,1,,NATIVE_BODY
V05C000225,80:8321:E0M0X0,04041908,80,8321,0,0,0,000321,0A,ASL,ACC,1,0A,2020,1,,NATIVE_BODY
V05C000226,80:8322:E0M0X0,04041910,80,8322,0,0,0,000322,A8,TAY,IMP,1,A8,2020,1,,NATIVE_BODY
V05C000227,80:8323:E0M0X0,04041918,80,8323,0,0,0,000323,A9,LDA,IMM_M,3,A90080,2020,1,,NATIVE_BODY
V05C000228,80:8326:E0M0X0,04041930,80,8326,0,0,0,000326,85,STA,DP,2,8504,2020,1,,NATIVE_BODY
V05C000229,80:8328:E0M0X0,04041940,80,8328,0,0,0,000328,A9,LDA,IMM_M,3,A99300,2020,1,,NATIVE_BODY
V05C000230,80:832B:E0M0X0,04041958,80,832B,0,0,0,00032B,85,STA,DP,2,8506,2020,1,,NATIVE_BODY
V05C000231,80:832D:E0M0X0,04041968,80,832D,0,0,0,00032D,B7,LDA,DP_IND_LONG_Y,2,B704,2020,1,,NATIVE_BODY
V05C000232,80:832F:E0M0X0,04041978,80,832F,0,0,0,00032F,18,CLC,IMP,1,18,2020,1,,NATIVE_BODY
V05C000233,80:8330:E0M0X0,04041980,80,8330,0,0,0,000330,69,ADC,IMM_M,3,690080,2020,1,,NATIVE_BODY
V05C000234,80:8333:E0M0X0,04041998,80,8333,0,0,0,000333,AA,TAX,IMP,1,AA,2020,1,,NATIVE_BODY
V05C000235,80:8334:E0M0X0,040419A0,80,8334,0,0,0,000334,C8,INY,IMP,1,C8,2020,1,,NATIVE_BODY
V05C000236,80:8335:E0M0X0,040419A8,80,8335,0,0,0,000335,C8,INY,IMP,1,C8,2020,1,,NATIVE_BODY
V05C000237,80:8336:E0M0X0,040419B0,80,8336,0,0,0,000336,B7,LDA,DP_IND_LONG_Y,2,B704,2020,1,,NATIVE_BODY
V05C000238,80:8338:E0M0X0,040419C0,80,8338,0,0,0,000338,69,ADC,IMM_M,3,699300,2020,1,,NATIVE_BODY
V05C000239,80:833B:E0M0X0,040419D8,80,833B,0,0,0,00033B,60,RTS,IMP,1,60,2020,3,,NATIVE_BODY
V05C000240,80:835B:E0M0X0,04041AD8,80,835B,0,0,0,00035B,8B,PHB,IMP,1,8B,2020,1,,NATIVE_BODY
V05C000241,80:835C:E0M0X0,04041AE0,80,835C,0,0,0,00035C,4B,PHK,IMP,1,4B,2020,1,,NATIVE_BODY
V05C000242,80:835D:E0M0X0,04041AE8,80,835D,0,0,0,00035D,AB,PLB,IMP,1,AB,2020,1,,NATIVE_BODY
V05C000243,80:835E:E0M0X0,04041AF0,80,835E,0,0,0,00035E,20,JSR,ABS_JUMP,3,206383,2020,1,,NATIVE_BODY
V05C000244,80:8361:E0M0X0,04041B08,80,8361,0,0,0,000361,AB,PLB,IMP,1,AB,2020,1,,NATIVE_BODY
V05C000245,80:8362:E0M0X0,04041B10,80,8362,0,0,0,000362,6B,RTL,IMP,1,6B,2020,0,RETURN,NAMED_BOUNDARY
V05C000246,80:8363:E0M0X0,04041B18,80,8363,0,0,0,000363,5A,PHY,IMP,1,5A,2020,1,,NATIVE_BODY
V05C000247,80:8364:E0M0X0,04041B20,80,8364,0,0,0,000364,20,JSR,ABS_JUMP,3,202083,2020,1,,NATIVE_BODY
V05C000248,80:8367:E0M0X0,04041B38,80,8367,0,0,0,000367,7A,PLY,IMP,1,7A,2020,1,,NATIVE_BODY
V05C000249,80:8368:E0M0X0,04041B40,80,8368,0,0,0,000368,48,PHA,IMP,1,48,2020,1,,NATIVE_BODY
V05C000250,80:8369:E0M0X0,04041B48,80,8369,0,0,0,000369,DA,PHX,IMP,1,DA,2020,1,,NATIVE_BODY
V05C000251,80:836A:E0M0X0,04041B50,80,836A,0,0,0,00036A,5A,PHY,IMP,1,5A,2020,1,,NATIVE_BODY
V05C000252,80:836B:E0M0X0,04041B58,80,836B,0,0,0,00036B,F4,PEA,IMM16,3,F400CB,2020,1,,NATIVE_BODY
V05C000253,80:836E:E0M0X0,04041B70,80,836E,0,0,0,00036E,F4,PEA,IMM16,3,F40010,2020,1,,NATIVE_BODY
V05C000254,80:8371:E0M0X0,04041B88,80,8371,0,0,0,000371,20,JSR,ABS_JUMP,3,20CE83,2020,1,,NATIVE_BODY
V05C000255,80:8374:E0M0X0,04041BA0,80,8374,0,0,0,000374,68,PLA,IMP,1,68,2020,1,,NATIVE_BODY
V05C000256,80:8375:E0M0X0,04041BA8,80,8375,0,0,0,000375,68,PLA,IMP,1,68,2020,1,,NATIVE_BODY
V05C000257,80:8376:E0M0X0,04041BB0,80,8376,0,0,0,000376,68,PLA,IMP,1,68,2020,1,,NATIVE_BODY
V05C000258,80:8377:E0M0X0,04041BB8,80,8377,0,0,0,000377,68,PLA,IMP,1,68,2020,1,,NATIVE_BODY
V05C000259,80:8378:E0M0X0,04041BC0,80,8378,0,0,0,000378,68,PLA,IMP,1,68,2020,1,,NATIVE_BODY
V05C000260,80:8379:E0M0X0,04041BC8,80,8379,0,0,0,000379,60,RTS,IMP,1,60,2020,1,,NATIVE_BODY
V05C000261,80:839B:E0M0X0,04041CD8,80,839B,0,0,0,00039B,8B,PHB,IMP,1,8B,2020,1,,NATIVE_BODY
V05C000262,80:839C:E0M0X0,04041CE0,80,839C,0,0,0,00039C,4B,PHK,IMP,1,4B,2020,1,,NATIVE_BODY
V05C000263,80:839D:E0M0X0,04041CE8,80,839D,0,0,0,00039D,AB,PLB,IMP,1,AB,2020,1,,NATIVE_BODY
V05C000264,80:839E:E0M0X0,04041CF0,80,839E,0,0,0,00039E,20,JSR,ABS_JUMP,3,20A383,2020,1,,NATIVE_BODY
V05C000265,80:83A1:E0M0X0,04041D08,80,83A1,0,0,0,0003A1,AB,PLB,IMP,1,AB,2020,1,,NATIVE_BODY
V05C000266,80:83A2:E0M0X0,04041D10,80,83A2,0,0,0,0003A2,6B,RTL,IMP,1,6B,2020,6,RETURN,NATIVE_BODY
V05C000267,80:83A3:E0M0X0,04041D18,80,83A3,0,0,0,0003A3,48,PHA,IMP,1,48,2020,1,,NATIVE_BODY
V05C000268,80:83A4:E0M0X0,04041D20,80,83A4,0,0,0,0003A4,20,JSR,ABS_JUMP,3,202083,2020,1,,NATIVE_BODY
V05C000269,80:83A7:E0M0X0,04041D38,80,83A7,0,0,0,0003A7,7A,PLY,IMP,1,7A,2020,1,,NATIVE_BODY
V05C000270,80:83A8:E0M0X0,04041D40,80,83A8,0,0,0,0003A8,48,PHA,IMP,1,48,2020,1,,NATIVE_BODY
V05C000271,80:83A9:E0M0X0,04041D48,80,83A9,0,0,0,0003A9,DA,PHX,IMP,1,DA,2020,1,,NATIVE_BODY
V05C000272,80:83AA:E0M0X0,04041D50,80,83AA,0,0,0,0003AA,98,TYA,IMP,1,98,2020,1,,NATIVE_BODY
V05C000273,80:83AB:E0M0X0,04041D58,80,83AB,0,0,0,0003AB,0A,ASL,ACC,1,0A,2020,1,,NATIVE_BODY
V05C000274,80:83AC:E0M0X0,04041D60,80,83AC,0,0,0,0003AC,0A,ASL,ACC,1,0A,2020,1,,NATIVE_BODY
V05C000275,80:83AD:E0M0X0,04041D68,80,83AD,0,0,0,0003AD,A8,TAY,IMP,1,A8,2020,1,,NATIVE_BODY
V05C000276,80:83AE:E0M0X0,04041D70,80,83AE,0,0,0,0003AE,B9,LDA,ABS_Y,3,B93986,2020,1,,NATIVE_BODY
V05C000277,80:83B1:E0M0X0,04041D88,80,83B1,0,0,0,0003B1,48,PHA,IMP,1,48,2020,1,,NATIVE_BODY
V05C000278,80:83B2:E0M0X0,04041D90,80,83B2,0,0,0,0003B2,F4,PEA,IMM16,3,F400CB,2020,1,,NATIVE_BODY
V05C000279,80:83B5:E0M0X0,04041DA8,80,83B5,0,0,0,0003B5,F4,PEA,IMM16,3,F40010,2020,1,,NATIVE_BODY
V05C000280,80:83B8:E0M0X0,04041DC0,80,83B8,0,0,0,0003B8,B9,LDA,ABS_Y,3,B93B86,2020,1,,NATIVE_BODY
V05C000281,80:83BB:E0M0X0,04041DD8,80,83BB,0,0,0,0003BB,D0,BNE,REL8,2,D005,2020,2,,NATIVE_BODY
V05C000282,80:83BD:E0M0X0,04041DE8,80,83BD,0,0,0,0003BD,20,JSR,ABS_JUMP,3,202C85,2020,1,,NATIVE_BODY
V05C000283,80:83C0:E0M0X0,04041E00,80,83C0,0,0,0,0003C0,80,BRA,REL8,2,8003,2020,1,,NATIVE_BODY
V05C000284,80:83C2:E0M0X0,04041E10,80,83C2,0,0,0,0003C2,20,JSR,ABS_JUMP,3,20CE83,2020,1,,NATIVE_BODY
V05C000285,80:83C5:E0M0X0,04041E28,80,83C5,0,0,0,0003C5,BA,TSX,IMP,1,BA,2020,1,,NATIVE_BODY
V05C000286,80:83C6:E0M0X0,04041E30,80,83C6,0,0,0,0003C6,8A,TXA,IMP,1,8A,2020,1,,NATIVE_BODY
V05C000287,80:83C7:E0M0X0,04041E38,80,83C7,0,0,0,0003C7,18,CLC,IMP,1,18,2020,1,,NATIVE_BODY
V05C000288,80:83C8:E0M0X0,04041E40,80,83C8,0,0,0,0003C8,69,ADC,IMM_M,3,690A00,2020,1,,NATIVE_BODY
V05C000289,80:83CB:E0M0X0,04041E58,80,83CB,0,0,0,0003CB,AA,TAX,IMP,1,AA,2020,1,,NATIVE_BODY
V05C000290,80:83CC:E0M0X0,04041E60,80,83CC,0,0,0,0003CC,9A,TXS,IMP,1,9A,2020,1,,NATIVE_BODY
V05C000291,80:83CD:E0M0X0,04041E68,80,83CD,0,0,0,0003CD,60,RTS,IMP,1,60,2020,1,,NATIVE_BODY
V05C000292,80:83CE:E0M0X0,04041E70,80,83CE,0,0,0,0003CE,A9,LDA,IMM_M,3,A98000,2020,1,,NATIVE_BODY
V05C000293,80:83D1:E0M0X0,04041E88,80,83D1,0,0,0,0003D1,8D,STA,ABS,3,8D1521,2020,1,,NATIVE_BODY
V05C000294,80:83D4:E0M0X0,04041EA0,80,83D4,0,0,0,0003D4,A3,LDA,STACK_REL,2,A307,2020,1,,NATIVE_BODY
V05C000295,80:83D6:E0M0X0,04041EB0,80,83D6,0,0,0,0003D6,8D,STA,ABS,3,8D1621,2020,1,,NATIVE_BODY
V05C000296,80:83D9:E0M0X0,04041EC8,80,83D9,0,0,0,0003D9,A3,LDA,STACK_REL,2,A309,2020,1,,NATIVE_BODY
V05C000297,80:83DB:E0M0X0,04041ED8,80,83DB,0,0,0,0003DB,85,STA,DP,2,8530,2020,1,,NATIVE_BODY
V05C000298,80:83DD:E0M0X0,04041EE8,80,83DD,0,0,0,0003DD,A3,LDA,STACK_REL,2,A30B,2020,1,,NATIVE_BODY
V05C000299,80:83DF:E0M0X0,04041EF8,80,83DF,0,0,0,0003DF,85,STA,DP,2,8532,2020,1,,NATIVE_BODY
V05C000300,80:83E1:E0M0X0,04041F08,80,83E1,0,0,0,0003E1,A3,LDA,STACK_REL,2,A305,2020,1,,NATIVE_BODY
V05C000301,80:83E3:E0M0X0,04041F18,80,83E3,0,0,0,0003E3,85,STA,DP,2,8540,2020,1,,NATIVE_BODY
V05C000302,80:83E5:E0M0X0,04041F28,80,83E5,0,0,0,0003E5,85,STA,DP,2,853C,2020,1,,NATIVE_BODY
V05C000303,80:83E7:E0M0X0,04041F38,80,83E7,0,0,0,0003E7,A9,LDA,IMM_M,3,A97E00,2020,1,,NATIVE_BODY
V05C000304,80:83EA:E0M0X0,04041F50,80,83EA,0,0,0,0003EA,85,STA,DP,2,8542,2020,1,,NATIVE_BODY
V05C000305,80:83EC:E0M0X0,04041F60,80,83EC,0,0,0,0003EC,85,STA,DP,2,853E,2020,1,,NATIVE_BODY
V05C000306,80:83EE:E0M0X0,04041F70,80,83EE,0,0,0,0003EE,A7,LDA,DP_IND_LONG,2,A730,2020,1,,NATIVE_BODY
V05C000307,80:83F0:E0M0X0,04041F80,80,83F0,0,0,0,0003F0,85,STA,DP,2,8534,2020,1,,NATIVE_BODY
V05C000308,80:83F2:E0M0X0,04041F90,80,83F2,0,0,0,0003F2,E6,INC,DP,2,E630,2020,1,,NATIVE_BODY
V05C000309,80:83F4:E0M0X0,04041FA0,80,83F4,0,0,0,0003F4,D0,BNE,REL8,2,D007,2020,2,,NATIVE_BODY
V05C000310,80:83F6:E0M0X0,04041FB0,80,83F6,0,0,0,0003F6,A0,LDY,IMM_X,3,A00080,2020,1,,NATIVE_BODY
V05C000311,80:83F9:E0M0X0,04041FC8,80,83F9,0,0,0,0003F9,84,STY,DP,2,8430,2020,1,,NATIVE_BODY
V05C000312,80:83FB:E0M0X0,04041FD8,80,83FB,0,0,0,0003FB,E6,INC,DP,2,E632,2020,1,,NATIVE_BODY
V05C000313,80:83FD:E0M0X0,04041FE8,80,83FD,0,0,0,0003FD,E2,SEP,IMM8,2,E220,2020,1,,NATIVE_BODY
V05C000314,80:83FF:E0M1X0,04041FFA,80,83FF,0,1,0,0003FF,A7,LDA,DP_IND_LONG,2,A730,2020,1,,NATIVE_BODY
V05C000315,80:8401:E0M1X0,0404200A,80,8401,0,1,0,000401,85,STA,DP,2,8535,2021,1,,NATIVE_BODY
V05C000316,80:8403:E0M1X0,0404201A,80,8403,0,1,0,000403,C2,REP,IMM8,2,C220,2021,1,,NATIVE_BODY
V05C000317,80:8405:E0M0X0,04042028,80,8405,0,0,0,000405,E6,INC,DP,2,E630,2021,1,,NATIVE_BODY
V05C000318,80:8407:E0M0X0,04042038,80,8407,0,0,0,000407,D0,BNE,REL8,2,D007,2021,2,,NATIVE_BODY
V05C000319,80:8409:E0M0X0,04042048,80,8409,0,0,0,000409,A9,LDA,IMM_M,3,A90080,2021,1,,NATIVE_BODY
V05C000320,80:840C:E0M0X0,04042060,80,840C,0,0,0,00040C,85,STA,DP,2,8530,2021,1,,NATIVE_BODY
V05C000321,80:840E:E0M0X0,04042070,80,840E,0,0,0,00040E,E6,INC,DP,2,E632,2021,1,,NATIVE_BODY
V05C000322,80:8410:E0M0X0,04042080,80,8410,0,0,0,000410,A9,LDA,IMM_M,3,A90000,2021,1,,NATIVE_BODY
V05C000323,80:8413:E0M0X0,04042098,80,8413,0,0,0,000413,38,SEC,IMP,1,38,2021,1,,NATIVE_BODY
V05C000324,80:8414:E0M0X0,040420A0,80,8414,0,0,0,000414,E5,SBC,DP,2,E534,2021,1,,NATIVE_BODY
V05C000325,80:8416:E0M0X0,040420B0,80,8416,0,0,0,000416,85,STA,DP,2,8534,2021,1,,NATIVE_BODY
V05C000326,80:8418:E0M0X0,040420C0,80,8418,0,0,0,000418,A0,LDY,IMM_X,3,A0FE0F,2021,1,,NATIVE_BODY
V05C000327,80:841B:E0M0X0,040420D8,80,841B,0,0,0,00041B,A9,LDA,IMM_M,3,A90000,2021,1,,NATIVE_BODY
V05C000328,80:841E:E0M0X0,040420F0,80,841E,0,0,0,00041E,97,STA,DP_IND_LONG_Y,2,9740,2021,1,,NATIVE_BODY
V05C000329,80:8420:E0M0X0,04042100,80,8420,0,0,0,000420,88,DEY,IMP,1,88,2021,1,,NATIVE_BODY
V05C000330,80:8421:E0M0X0,04042108,80,8421,0,0,0,000421,88,DEY,IMP,1,88,2021,1,,NATIVE_BODY
V05C000331,80:8422:E0M0X0,04042110,80,8422,0,0,0,000422,10,BPL,REL8,2,10FA,2021,2,,NATIVE_BODY
V05C000332,80:8424:E0M0X0,04042120,80,8424,0,0,0,000424,A2,LDX,IMM_X,3,A20010,2021,1,,NATIVE_BODY
V05C000333,80:8427:E0M0X0,04042138,80,8427,0,0,0,000427,64,STZ,DP,2,6444,2021,1,,NATIVE_BODY
V05C000334,80:8429:E0M0X0,04042148,80,8429,0,0,0,000429,46,LSR,DP,2,4644,2021,1,,NATIVE_BODY
V05C000335,80:842B:E0M0X0,04042158,80,842B,0,0,0,00042B,A5,LDA,DP,2,A544,2021,1,,NATIVE_BODY
V05C000336,80:842D:E0M0X0,04042168,80,842D,0,0,0,00042D,89,BIT,IMM_M,3,890001,2021,1,,NATIVE_BODY
V05C000337,80:8430:E0M0X0,04042180,80,8430,0,0,0,000430,D0,BNE,REL8,2,D014,2021,2,,NATIVE_BODY
V05C000338,80:8432:E0M0X0,04042190,80,8432,0,0,0,000432,A7,LDA,DP_IND_LONG,2,A730,2021,1,,NATIVE_BODY
V05C000339,80:8434:E0M0X0,040421A0,80,8434,0,0,0,000434,E6,INC,DP,2,E630,2021,1,,NATIVE_BODY
V05C000340,80:8436:E0M0X0,040421B0,80,8436,0,0,0,000436,D0,BNE,REL8,2,D009,2021,2,,NATIVE_BODY
V05C000341,80:8438:E0M0X0,040421C0,80,8438,0,0,0,000438,48,PHA,IMP,1,48,2021,1,,NATIVE_BODY
V05C000342,80:8439:E0M0X0,040421C8,80,8439,0,0,0,000439,A9,LDA,IMM_M,3,A90080,2021,1,,NATIVE_BODY
V05C000343,80:843C:E0M0X0,040421E0,80,843C,0,0,0,00043C,85,STA,DP,2,8530,2021,1,,NATIVE_BODY
V05C000344,80:843E:E0M0X0,040421F0,80,843E,0,0,0,00043E,68,PLA,IMP,1,68,2021,1,,NATIVE_BODY
V05C000345,80:843F:E0M0X0,040421F8,80,843F,0,0,0,00043F,E6,INC,DP,2,E632,2021,1,,NATIVE_BODY
V05C000346,80:8441:E0M0X0,04042208,80,8441,0,0,0,000441,09,ORA,IMM_M,3,0900FF,2021,1,,NATIVE_BODY
V05C000347,80:8444:E0M0X0,04042220,80,8444,0,0,0,000444,85,STA,DP,2,8544,2021,1,,NATIVE_BODY
V05C000348,80:8446:E0M0X0,04042230,80,8446,0,0,0,000446,4A,LSR,ACC,1,4A,2021,1,,NATIVE_BODY
V05C000349,80:8447:E0M0X0,04042238,80,8447,0,0,0,000447,90,BCC,REL8,2,9031,2021,2,,NATIVE_BODY
V05C000350,80:8449:E0M0X0,04042248,80,8449,0,0,0,000449,E2,SEP,IMM8,2,E220,2021,1,,NATIVE_BODY
V05C000351,80:844B:E0M1X0,0404225A,80,844B,0,1,0,00044B,A7,LDA,DP_IND_LONG,2,A730,2021,1,,NATIVE_BODY
V05C000352,80:844D:E0M1X0,0404226A,80,844D,0,1,0,00044D,87,STA,DP_IND_LONG,2,873C,2021,1,,NATIVE_BODY
V05C000353,80:844F:E0M1X0,0404227A,80,844F,0,1,0,00044F,20,JSR,ABS_JUMP,3,20E084,2021,1,,NATIVE_BODY
V05C000354,80:8452:E0M1X0,04042292,80,8452,0,1,0,000452,C2,REP,IMM8,2,C220,2021,1,,NATIVE_BODY
V05C000355,80:8454:E0M0X0,040422A0,80,8454,0,0,0,000454,E6,INC,DP,2,E634,2021,1,,NATIVE_BODY
V05C000356,80:8456:E0M0X0,040422B0,80,8456,0,0,0,000456,D0,BNE,REL8,2,D001,2021,2,,NATIVE_BODY
V05C000357,80:8458:E0M0X0,040422C0,80,8458,0,0,0,000458,60,RTS,IMP,1,60,2021,2,,NATIVE_BODY
V05C000358,80:8459:E0M0X0,040422C8,80,8459,0,0,0,000459,E6,INC,DP,2,E630,2021,1,,NATIVE_BODY
V05C000359,80:845B:E0M0X0,040422D8,80,845B,0,0,0,00045B,D0,BNE,REL8,2,D00B,2021,2,,NATIVE_BODY
V05C000360,80:845D:E0M0X0,040422E8,80,845D,0,0,0,00045D,48,PHA,IMP,1,48,2021,1,,NATIVE_BODY
V05C000361,80:845E:E0M0X0,040422F0,80,845E,0,0,0,00045E,A5,LDA,DP,2,A530,2021,1,,NATIVE_BODY
V05C000362,80:8460:E0M0X0,04042300,80,8460,0,0,0,000460,09,ORA,IMM_M,3,090080,2021,1,,NATIVE_BODY
V05C000363,80:8463:E0M0X0,04042318,80,8463,0,0,0,000463,85,STA,DP,2,8530,2021,1,,NATIVE_BODY
V05C000364,80:8465:E0M0X0,04042328,80,8465,0,0,0,000465,68,PLA,IMP,1,68,2021,1,,NATIVE_BODY
V05C000365,80:8466:E0M0X0,04042330,80,8466,0,0,0,000466,E6,INC,DP,2,E632,2021,1,,NATIVE_BODY
V05C000366,80:8468:E0M0X0,04042340,80,8468,0,0,0,000468,E6,INC,DP,2,E63C,2021,1,,NATIVE_BODY
V05C000367,80:846A:E0M0X0,04042350,80,846A,0,0,0,00046A,D0,BNE,REL8,2,D002,2021,2,,NATIVE_BODY
V05C000368,80:846C:E0M0X0,04042360,80,846C,0,0,0,00046C,E6,INC,DP,2,E63E,2021,1,,NATIVE_BODY
V05C000369,80:846E:E0M0X0,04042370,80,846E,0,0,0,00046E,CA,DEX,IMP,1,CA,2021,1,,NATIVE_BODY
V05C000370,80:846F:E0M0X0,04042378,80,846F,0,0,0,00046F,D0,BNE,REL8,2,D0B8,2021,2,,NATIVE_BODY
V05C000371,80:8471:E0M0X0,04042388,80,8471,0,0,0,000471,A2,LDX,IMM_X,3,A20010,2021,1,,NATIVE_BODY
V05C000372,80:8474:E0M0X0,040423A0,80,8474,0,0,0,000474,A3,LDA,STACK_REL,2,A305,2021,1,,NATIVE_BODY
V05C000373,80:8476:E0M0X0,040423B0,80,8476,0,0,0,000476,85,STA,DP,2,853C,2021,1,,NATIVE_BODY
V05C000374,80:8478:E0M0X0,040423C0,80,8478,0,0,0,000478,80,BRA,REL8,2,80AF,2021,1,,NATIVE_BODY
V05C000375,80:847A:E0M0X0,040423D0,80,847A,0,0,0,00047A,A7,LDA,DP_IND_LONG,2,A730,2021,1,,NATIVE_BODY
V05C000376,80:847C:E0M0X0,040423E0,80,847C,0,0,0,00047C,85,STA,DP,2,85A2,2021,1,,NATIVE_BODY
V05C000377,80:847E:E0M0X0,040423F0,80,847E,0,0,0,00047E,E6,INC,DP,2,E630,2021,1,,NATIVE_BODY
V05C000378,80:8480:E0M0X0,04042400,80,8480,0,0,0,000480,D0,BNE,REL8,2,D007,2021,2,,NATIVE_BODY
V05C000379,80:8482:E0M0X0,04042410,80,8482,0,0,0,000482,A9,LDA,IMM_M,3,A90080,2021,1,,NATIVE_BODY
V05C000380,80:8485:E0M0X0,04042428,80,8485,0,0,0,000485,85,STA,DP,2,8530,2021,1,,NATIVE_BODY
V05C000381,80:8487:E0M0X0,04042438,80,8487,0,0,0,000487,E6,INC,DP,2,E632,2021,1,,NATIVE_BODY
V05C000382,80:8489:E0M0X0,04042448,80,8489,0,0,0,000489,E2,SEP,IMM8,2,E220,2021,1,,NATIVE_BODY
V05C000383,80:848B:E0M1X0,0404245A,80,848B,0,1,0,00048B,A7,LDA,DP_IND_LONG,2,A730,2021,1,,NATIVE_BODY
V05C000384,80:848D:E0M1X0,0404246A,80,848D,0,1,0,00048D,85,STA,DP,2,85A3,2021,1,,NATIVE_BODY
V05C000385,80:848F:E0M1X0,0404247A,80,848F,0,1,0,00048F,C2,REP,IMM8,2,C220,2021,1,,NATIVE_BODY
V05C000386,80:8491:E0M0X0,04042488,80,8491,0,0,0,000491,E6,INC,DP,2,E630,2021,1,,NATIVE_BODY
V05C000387,80:8493:E0M0X0,04042498,80,8493,0,0,0,000493,D0,BNE,REL8,2,D007,2021,2,,NATIVE_BODY
V05C000388,80:8495:E0M0X0,040424A8,80,8495,0,0,0,000495,A9,LDA,IMM_M,3,A90080,2021,1,,NATIVE_BODY
V05C000389,80:8498:E0M0X0,040424C0,80,8498,0,0,0,000498,85,STA,DP,2,8530,2021,1,,NATIVE_BODY
V05C000390,80:849A:E0M0X0,040424D0,80,849A,0,0,0,00049A,E6,INC,DP,2,E632,2021,1,,NATIVE_BODY
V05C000391,80:849C:E0M0X0,040424E0,80,849C,0,0,0,00049C,A5,LDA,DP,2,A5A2,2021,1,,NATIVE_BODY
V05C000392,80:849E:E0M0X0,040424F0,80,849E,0,0,0,00049E,29,AND,IMM_M,3,29FF0F,2021,1,,NATIVE_BODY
V05C000393,80:84A1:E0M0X0,04042508,80,84A1,0,0,0,0004A1,A8,TAY,IMP,1,A8,2021,1,,NATIVE_BODY
V05C000394,80:84A2:E0M0X0,04042510,80,84A2,0,0,0,0004A2,A5,LDA,DP,2,A5A2,2021,1,,NATIVE_BODY
V05C000395,80:84A4:E0M0X0,04042520,80,84A4,0,0,0,0004A4,29,AND,IMM_M,3,2900F0,2021,1,,NATIVE_BODY
V05C000396,80:84A7:E0M0X0,04042538,80,84A7,0,0,0,0004A7,0A,ASL,ACC,1,0A,2021,1,,NATIVE_BODY
V05C000397,80:84A8:E0M0X0,04042540,80,84A8,0,0,0,0004A8,2A,ROL,ACC,1,2A,2021,1,,NATIVE_BODY
V05C000398,80:84A9:E0M0X0,04042548,80,84A9,0,0,0,0004A9,2A,ROL,ACC,1,2A,2021,1,,NATIVE_BODY
V05C000399,80:84AA:E0M0X0,04042550,80,84AA,0,0,0,0004AA,2A,ROL,ACC,1,2A,2021,1,,NATIVE_BODY
V05C000400,80:84AB:E0M0X0,04042558,80,84AB,0,0,0,0004AB,2A,ROL,ACC,1,2A,2021,1,,NATIVE_BODY
V05C000401,80:84AC:E0M0X0,04042560,80,84AC,0,0,0,0004AC,69,ADC,IMM_M,3,690300,2021,1,,NATIVE_BODY
V05C000402,80:84AF:E0M0X0,04042578,80,84AF,0,0,0,0004AF,85,STA,DP,2,858E,2021,1,,NATIVE_BODY
V05C000403,80:84B1:E0M0X0,04042588,80,84B1,0,0,0,0004B1,E2,SEP,IMM8,2,E220,2021,1,,NATIVE_BODY
V05C000404,80:84B3:E0M1X0,0404259A,80,84B3,0,1,0,0004B3,B7,LDA,DP_IND_LONG_Y,2,B740,2021,1,,NATIVE_BODY
V05C000405,80:84B5:E0M1X0,040425AA,80,84B5,0,1,0,0004B5,87,STA,DP_IND_LONG,2,873C,2021,1,,NATIVE_BODY
V05C000406,80:84B7:E0M1X0,040425BA,80,84B7,0,1,0,0004B7,20,JSR,ABS_JUMP,3,20E084,2021,1,,NATIVE_BODY
V05C000407,80:84BA:E0M1X0,040425D2,80,84BA,0,1,0,0004BA,C2,REP,IMM8,2,C220,2021,1,,NATIVE_BODY
V05C000408,80:84BC:E0M0X0,040425E0,80,84BC,0,0,0,0004BC,E6,INC,DP,2,E634,2021,1,,NATIVE_BODY
V05C000409,80:84BE:E0M0X0,040425F0,80,84BE,0,0,0,0004BE,F0,BEQ,REL8,2,F098,2021,2,,NATIVE_BODY
V05C000410,80:84C0:E0M0X0,04042600,80,84C0,0,0,0,0004C0,E6,INC,DP,2,E63C,2021,1,,NATIVE_BODY
V05C000411,80:84C2:E0M0X0,04042610,80,84C2,0,0,0,0004C2,D0,BNE,REL8,2,D002,2021,2,,NATIVE_BODY
V05C000412,80:84C4:E0M0X0,04042620,80,84C4,0,0,0,0004C4,E6,INC,DP,2,E63E,2021,1,,NATIVE_BODY
V05C000413,80:84C6:E0M0X0,04042630,80,84C6,0,0,0,0004C6,C8,INY,IMP,1,C8,2021,1,,NATIVE_BODY
V05C000414,80:84C7:E0M0X0,04042638,80,84C7,0,0,0,0004C7,C0,CPY,IMM_X,3,C00010,2021,1,,NATIVE_BODY
V05C000415,80:84CA:E0M0X0,04042650,80,84CA,0,0,0,0004CA,90,BCC,REL8,2,9003,2021,2,,NATIVE_BODY
V05C000416,80:84CC:E0M0X0,04042660,80,84CC,0,0,0,0004CC,A0,LDY,IMM_X,3,A00000,2021,1,,NATIVE_BODY
V05C000417,80:84CF:E0M0X0,04042678,80,84CF,0,0,0,0004CF,CA,DEX,IMP,1,CA,2021,1,,NATIVE_BODY
V05C000418,80:84D0:E0M0X0,04042680,80,84D0,0,0,0,0004D0,D0,BNE,REL8,2,D007,2021,2,,NATIVE_BODY
V05C000419,80:84D2:E0M0X0,04042690,80,84D2,0,0,0,0004D2,A2,LDX,IMM_X,3,A20010,2021,1,,NATIVE_BODY
V05C000420,80:84D5:E0M0X0,040426A8,80,84D5,0,0,0,0004D5,A3,LDA,STACK_REL,2,A305,2021,1,,NATIVE_BODY
V05C000421,80:84D7:E0M0X0,040426B8,80,84D7,0,0,0,0004D7,85,STA,DP,2,853C,2021,1,,NATIVE_BODY
V05C000422,80:84D9:E0M0X0,040426C8,80,84D9,0,0,0,0004D9,C6,DEC,DP,2,C68E,2021,1,,NATIVE_BODY
V05C000423,80:84DB:E0M0X0,040426D8,80,84DB,0,0,0,0004DB,D0,BNE,REL8,2,D0D4,2021,2,,NATIVE_BODY
V05C000424,80:84DD:E0M0X0,040426E8,80,84DD,0,0,0,0004DD,4C,JMP,ABS_JUMP,3,4C2984,2021,1,,NATIVE_BODY
V05C000425,80:84E0:E0M1X0,04042702,80,84E0,0,1,0,0004E0,48,PHA,IMP,1,48,2021,1,,NATIVE_BODY
V05C000426,80:84E1:E0M1X0,0404270A,80,84E1,0,1,0,0004E1,A5,LDA,DP,2,A502,2021,1,,NATIVE_BODY
V05C000427,80:84E3:E0M1X0,0404271A,80,84E3,0,1,0,0004E3,49,EOR,IMM_M,2,4901,2021,1,,NATIVE_BODY
V05C000428,80:84E5:E0M1X0,0404272A,80,84E5,0,1,0,0004E5,85,STA,DP,2,8502,2021,1,,NATIVE_BODY
V05C000429,80:84E7:E0M1X0,0404273A,80,84E7,0,1,0,0004E7,F0,BEQ,REL8,2,F004,2021,2,,NATIVE_BODY
V05C000430,80:84E9:E0M1X0,0404274A,80,84E9,0,1,0,0004E9,68,PLA,IMP,1,68,2021,1,,NATIVE_BODY
V05C000431,80:84EA:E0M1X0,04042752,80,84EA,0,1,0,0004EA,85,STA,DP,2,8503,2021,1,,NATIVE_BODY
V05C000432,80:84EC:E0M1X0,04042762,80,84EC,0,1,0,0004EC,60,RTS,IMP,1,60,2021,2,,NATIVE_BODY
V05C000433,80:84ED:E0M1X0,0404276A,80,84ED,0,1,0,0004ED,A5,LDA,DP,2,A503,2021,1,,NATIVE_BODY
V05C000434,80:84EF:E0M1X0,0404277A,80,84EF,0,1,0,0004EF,8D,STA,ABS,3,8D1821,2021,1,,NATIVE_BODY
V05C000435,80:84F2:E0M1X0,04042792,80,84F2,0,1,0,0004F2,68,PLA,IMP,1,68,2021,1,,NATIVE_BODY
V05C000436,80:84F3:E0M1X0,0404279A,80,84F3,0,1,0,0004F3,8D,STA,ABS,3,8D1921,2021,1,,NATIVE_BODY
V05C000437,80:84F6:E0M1X0,040427B2,80,84F6,0,1,0,0004F6,60,RTS,IMP,1,60,2021,2,,NATIVE_BODY
V05C000438,80:852C:E0M0X0,04042960,80,852C,0,0,0,00052C,A9,LDA,IMM_M,3,A97E00,2021,1,,NATIVE_BODY
V05C000439,80:852F:E0M0X0,04042978,80,852F,0,0,0,00052F,85,STA,DP,2,853A,2021,1,,NATIVE_BODY
V05C000440,80:8531:E0M0X0,04042988,80,8531,0,0,0,000531,A3,LDA,STACK_REL,2,A307,2021,1,,NATIVE_BODY
V05C000441,80:8533:E0M0X0,04042998,80,8533,0,0,0,000533,85,STA,DP,2,8538,2021,1,,NATIVE_BODY
V05C000442,80:8535:E0M0X0,040429A8,80,8535,0,0,0,000535,A3,LDA,STACK_REL,2,A309,2021,1,,NATIVE_BODY
V05C000443,80:8537:E0M0X0,040429B8,80,8537,0,0,0,000537,85,STA,DP,2,8530,2021,1,,NATIVE_BODY
V05C000444,80:8539:E0M0X0,040429C8,80,8539,0,0,0,000539,A3,LDA,STACK_REL,2,A30B,2021,1,,NATIVE_BODY
V05C000445,80:853B:E0M0X0,040429D8,80,853B,0,0,0,00053B,85,STA,DP,2,8532,2021,1,,NATIVE_BODY
V05C000446,80:853D:E0M0X0,040429E8,80,853D,0,0,0,00053D,A3,LDA,STACK_REL,2,A305,2021,1,,NATIVE_BODY
V05C000447,80:853F:E0M0X0,040429F8,80,853F,0,0,0,00053F,85,STA,DP,2,8540,2021,1,,NATIVE_BODY
V05C000448,80:8541:E0M0X0,04042A08,80,8541,0,0,0,000541,85,STA,DP,2,853C,2021,1,,NATIVE_BODY
V05C000449,80:8543:E0M0X0,04042A18,80,8543,0,0,0,000543,A9,LDA,IMM_M,3,A97E00,2021,1,,NATIVE_BODY
V05C000450,80:8546:E0M0X0,04042A30,80,8546,0,0,0,000546,85,STA,DP,2,8542,2021,1,,NATIVE_BODY
V05C000451,80:8548:E0M0X0,04042A40,80,8548,0,0,0,000548,85,STA,DP,2,853E,2021,1,,NATIVE_BODY
V05C000452,80:854A:E0M0X0,04042A50,80,854A,0,0,0,00054A,A7,LDA,DP_IND_LONG,2,A730,2021,1,,NATIVE_BODY
V05C000453,80:854C:E0M0X0,04042A60,80,854C,0,0,0,00054C,E6,INC,DP,2,E630,2021,1,,NATIVE_BODY
V05C000454,80:854E:E0M0X0,04042A70,80,854E,0,0,0,00054E,D0,BNE,REL8,2,D007,2021,2,,NATIVE_BODY
V05C000455,80:8550:E0M0X0,04042A80,80,8550,0,0,0,000550,A0,LDY,IMM_X,3,A00080,2021,1,,NATIVE_BODY
V05C000456,80:8553:E0M0X0,04042A98,80,8553,0,0,0,000553,84,STY,DP,2,8430,2021,1,,NATIVE_BODY
V05C000457,80:8555:E0M0X0,04042AA8,80,8555,0,0,0,000555,E6,INC,DP,2,E632,2021,1,,NATIVE_BODY
V05C000458,80:8557:E0M0X0,04042AB8,80,8557,0,0,0,000557,85,STA,DP,2,8534,2021,1,,NATIVE_BODY
V05C000459,80:8559:E0M0X0,04042AC8,80,8559,0,0,0,000559,A7,LDA,DP_IND_LONG,2,A730,2021,1,,NATIVE_BODY
V05C000460,80:855B:E0M0X0,04042AD8,80,855B,0,0,0,00055B,E6,INC,DP,2,E630,2021,1,,NATIVE_BODY
V05C000461,80:855D:E0M0X0,04042AE8,80,855D,0,0,0,00055D,D0,BNE,REL8,2,D007,2021,2,,NATIVE_BODY
V05C000462,80:855F:E0M0X0,04042AF8,80,855F,0,0,0,00055F,A0,LDY,IMM_X,3,A00080,2021,1,,NATIVE_BODY
V05C000463,80:8562:E0M0X0,04042B10,80,8562,0,0,0,000562,84,STY,DP,2,8430,2021,1,,NATIVE_BODY
V05C000464,80:8564:E0M0X0,04042B20,80,8564,0,0,0,000564,E6,INC,DP,2,E632,2021,1,,NATIVE_BODY
V05C000465,80:8566:E0M0X0,04042B30,80,8566,0,0,0,000566,E2,SEP,IMM8,2,E220,2021,1,,NATIVE_BODY
V05C000466,80:8568:E0M1X0,04042B42,80,8568,0,1,0,000568,85,STA,DP,2,8535,2021,1,,NATIVE_BODY
V05C000467,80:856A:E0M1X0,04042B52,80,856A,0,1,0,00056A,C2,REP,IMM8,2,C220,2021,1,,NATIVE_BODY
V05C000468,80:856C:E0M0X0,04042B60,80,856C,0,0,0,00056C,A0,LDY,IMM_X,3,A0FE0F,2021,1,,NATIVE_BODY
V05C000469,80:856F:E0M0X0,04042B78,80,856F,0,0,0,00056F,A9,LDA,IMM_M,3,A90000,2021,1,,NATIVE_BODY
V05C000470,80:8572:E0M0X0,04042B90,80,8572,0,0,0,000572,97,STA,DP_IND_LONG_Y,2,9740,2021,1,,NATIVE_BODY
V05C000471,80:8574:E0M0X0,04042BA0,80,8574,0,0,0,000574,88,DEY,IMP,1,88,2021,1,,NATIVE_BODY
V05C000472,80:8575:E0M0X0,04042BA8,80,8575,0,0,0,000575,88,DEY,IMP,1,88,2021,1,,NATIVE_BODY
V05C000473,80:8576:E0M0X0,04042BB0,80,8576,0,0,0,000576,10,BPL,REL8,2,10FA,2021,2,,NATIVE_BODY
V05C000474,80:8578:E0M0X0,04042BC0,80,8578,0,0,0,000578,A2,LDX,IMM_X,3,A20010,2021,1,,NATIVE_BODY
V05C000475,80:857B:E0M0X0,04042BD8,80,857B,0,0,0,00057B,64,STZ,DP,2,6444,2021,1,,NATIVE_BODY
V05C000476,80:857D:E0M0X0,04042BE8,80,857D,0,0,0,00057D,A5,LDA,DP,2,A544,2021,1,,NATIVE_BODY
V05C000477,80:857F:E0M0X0,04042BF8,80,857F,0,0,0,00057F,4A,LSR,ACC,1,4A,2021,1,,NATIVE_BODY
V05C000478,80:8580:E0M0X0,04042C00,80,8580,0,0,0,000580,85,STA,DP,2,8544,2021,1,,NATIVE_BODY
V05C000479,80:8582:E0M0X0,04042C10,80,8582,0,0,0,000582,89,BIT,IMM_M,3,890001,2021,1,,NATIVE_BODY
V05C000480,80:8585:E0M0X0,04042C28,80,8585,0,0,0,000585,D0,BNE,REL8,2,D012,2021,2,,NATIVE_BODY
V05C000481,80:8587:E0M0X0,04042C38,80,8587,0,0,0,000587,A7,LDA,DP_IND_LONG,2,A730,2021,1,,NATIVE_BODY
V05C000482,80:8589:E0M0X0,04042C48,80,8589,0,0,0,000589,E6,INC,DP,2,E630,2021,1,,NATIVE_BODY
V05C000483,80:858B:E0M0X0,04042C58,80,858B,0,0,0,00058B,D0,BNE,REL8,2,D007,2021,2,,NATIVE_BODY
V05C000484,80:858D:E0M0X0,04042C68,80,858D,0,0,0,00058D,A0,LDY,IMM_X,3,A00080,2021,1,,NATIVE_BODY
V05C000485,80:8590:E0M0X0,04042C80,80,8590,0,0,0,000590,84,STY,DP,2,8430,2021,1,,NATIVE_BODY
V05C000486,80:8592:E0M0X0,04042C90,80,8592,0,0,0,000592,E6,INC,DP,2,E632,2021,1,,NATIVE_BODY
V05C000487,80:8594:E0M0X0,04042CA0,80,8594,0,0,0,000594,09,ORA,IMM_M,3,0900FF,2021,1,,NATIVE_BODY
V05C000488,80:8597:E0M0X0,04042CB8,80,8597,0,0,0,000597,85,STA,DP,2,8544,2021,1,,NATIVE_BODY
V05C000489,80:8599:E0M0X0,04042CC8,80,8599,0,0,0,000599,4A,LSR,ACC,1,4A,2021,1,,NATIVE_BODY
V05C000490,80:859A:E0M0X0,04042CD0,80,859A,0,0,0,00059A,90,BCC,REL8,2,9032,2021,2,,NATIVE_BODY
V05C000491,80:859C:E0M0X0,04042CE0,80,859C,0,0,0,00059C,A7,LDA,DP_IND_LONG,2,A730,2021,1,,NATIVE_BODY
V05C000492,80:859E:E0M0X0,04042CF0,80,859E,0,0,0,00059E,E6,INC,DP,2,E630,2021,1,,NATIVE_BODY
V05C000493,80:85A0:E0M0X0,04042D00,80,85A0,0,0,0,0005A0,D0,BNE,REL8,2,D007,2021,2,,NATIVE_BODY
V05C000494,80:85A2:E0M0X0,04042D10,80,85A2,0,0,0,0005A2,A0,LDY,IMM_X,3,A00080,2021,1,,NATIVE_BODY
V05C000495,80:85A5:E0M0X0,04042D28,80,85A5,0,0,0,0005A5,84,STY,DP,2,8430,2021,1,,NATIVE_BODY
V05C000496,80:85A7:E0M0X0,04042D38,80,85A7,0,0,0,0005A7,E6,INC,DP,2,E632,2021,1,,NATIVE_BODY
V05C000497,80:85A9:E0M0X0,04042D48,80,85A9,0,0,0,0005A9,E2,SEP,IMM8,2,E220,2021,1,,NATIVE_BODY
V05C000498,80:85AB:E0M1X0,04042D5A,80,85AB,0,1,0,0005AB,87,STA,DP_IND_LONG,2,8738,2021,1,,NATIVE_BODY
V05C000499,80:85AD:E0M1X0,04042D6A,80,85AD,0,1,0,0005AD,87,STA,DP_IND_LONG,2,873C,2021,1,,NATIVE_BODY
V05C000500,80:85AF:E0M1X0,04042D7A,80,85AF,0,1,0,0005AF,C2,REP,IMM8,2,C220,2021,1,,NATIVE_BODY
V05C000501,80:85B1:E0M0X0,04042D88,80,85B1,0,0,0,0005B1,C6,DEC,DP,2,C634,2021,1,,NATIVE_BODY
V05C000502,80:85B3:E0M0X0,04042D98,80,85B3,0,0,0,0005B3,D0,BNE,REL8,2,D001,2021,2,,NATIVE_BODY
V05C000503,80:85B5:E0M0X0,04042DA8,80,85B5,0,0,0,0005B5,60,RTS,IMP,1,60,2021,2,,NATIVE_BODY
V05C000504,80:85B6:E0M0X0,04042DB0,80,85B6,0,0,0,0005B6,E6,INC,DP,2,E638,2021,1,,NATIVE_BODY
V05C000505,80:85B8:E0M0X0,04042DC0,80,85B8,0,0,0,0005B8,D0,BNE,REL8,2,D002,2021,2,,NATIVE_BODY
V05C000506,80:85BA:E0M0X0,04042DD0,80,85BA,0,0,0,0005BA,E6,INC,DP,2,E63A,2021,1,,NATIVE_BODY
V05C000507,80:85BC:E0M0X0,04042DE0,80,85BC,0,0,0,0005BC,E6,INC,DP,2,E63C,2021,1,,NATIVE_BODY
V05C000508,80:85BE:E0M0X0,04042DF0,80,85BE,0,0,0,0005BE,D0,BNE,REL8,2,D002,2021,2,,NATIVE_BODY
V05C000509,80:85C0:E0M0X0,04042E00,80,85C0,0,0,0,0005C0,E6,INC,DP,2,E63E,2021,1,,NATIVE_BODY
V05C000510,80:85C2:E0M0X0,04042E10,80,85C2,0,0,0,0005C2,CA,DEX,IMP,1,CA,2021,1,,NATIVE_BODY
V05C000511,80:85C3:E0M0X0,04042E18,80,85C3,0,0,0,0005C3,D0,BNE,REL8,2,D0B8,2021,2,,NATIVE_BODY
V05C000512,80:85C5:E0M0X0,04042E28,80,85C5,0,0,0,0005C5,A2,LDX,IMM_X,3,A20010,2021,1,,NATIVE_BODY
V05C000513,80:85C8:E0M0X0,04042E40,80,85C8,0,0,0,0005C8,A3,LDA,STACK_REL,2,A305,2021,1,,NATIVE_BODY
V05C000514,80:85CA:E0M0X0,04042E50,80,85CA,0,0,0,0005CA,85,STA,DP,2,853C,2021,1,,NATIVE_BODY
V05C000515,80:85CC:E0M0X0,04042E60,80,85CC,0,0,0,0005CC,80,BRA,REL8,2,80AF,2021,1,,NATIVE_BODY
V05C000516,80:85CE:E0M0X0,04042E70,80,85CE,0,0,0,0005CE,A7,LDA,DP_IND_LONG,2,A730,2021,1,,NATIVE_BODY
V05C000517,80:85D0:E0M0X0,04042E80,80,85D0,0,0,0,0005D0,E6,INC,DP,2,E630,2021,1,,NATIVE_BODY
V05C000518,80:85D2:E0M0X0,04042E90,80,85D2,0,0,0,0005D2,D0,BNE,REL8,2,D007,2021,2,,NATIVE_BODY
V05C000519,80:85D4:E0M0X0,04042EA0,80,85D4,0,0,0,0005D4,A0,LDY,IMM_X,3,A00080,2021,1,,NATIVE_BODY
V05C000520,80:85D7:E0M0X0,04042EB8,80,85D7,0,0,0,0005D7,84,STY,DP,2,8430,2021,1,,NATIVE_BODY
V05C000521,80:85D9:E0M0X0,04042EC8,80,85D9,0,0,0,0005D9,E6,INC,DP,2,E632,2021,1,,NATIVE_BODY
V05C000522,80:85DB:E0M0X0,04042ED8,80,85DB,0,0,0,0005DB,85,STA,DP,2,85A2,2021,1,,NATIVE_BODY
V05C000523,80:85DD:E0M0X0,04042EE8,80,85DD,0,0,0,0005DD,A7,LDA,DP_IND_LONG,2,A730,2021,1,,NATIVE_BODY
V05C000524,80:85DF:E0M0X0,04042EF8,80,85DF,0,0,0,0005DF,E6,INC,DP,2,E630,2021,1,,NATIVE_BODY
V05C000525,80:85E1:E0M0X0,04042F08,80,85E1,0,0,0,0005E1,D0,BNE,REL8,2,D007,2021,2,,NATIVE_BODY
V05C000526,80:85E3:E0M0X0,04042F18,80,85E3,0,0,0,0005E3,A0,LDY,IMM_X,3,A00080,2021,1,,NATIVE_BODY
V05C000527,80:85E6:E0M0X0,04042F30,80,85E6,0,0,0,0005E6,84,STY,DP,2,8430,2021,1,,NATIVE_BODY
V05C000528,80:85E8:E0M0X0,04042F40,80,85E8,0,0,0,0005E8,E6,INC,DP,2,E632,2021,1,,NATIVE_BODY
V05C000529,80:85EA:E0M0X0,04042F50,80,85EA,0,0,0,0005EA,E2,SEP,IMM8,2,E220,2021,1,,NATIVE_BODY
V05C000530,80:85EC:E0M1X0,04042F62,80,85EC,0,1,0,0005EC,85,STA,DP,2,85A3,2021,1,,NATIVE_BODY
V05C000531,80:85EE:E0M1X0,04042F72,80,85EE,0,1,0,0005EE,C2,REP,IMM8,2,C220,2021,1,,NATIVE_BODY
V05C000532,80:85F0:E0M0X0,04042F80,80,85F0,0,0,0,0005F0,A5,LDA,DP,2,A5A2,2021,1,,NATIVE_BODY
V05C000533,80:85F2:E0M0X0,04042F90,80,85F2,0,0,0,0005F2,29,AND,IMM_M,3,29FF0F,2021,1,,NATIVE_BODY
V05C000534,80:85F5:E0M0X0,04042FA8,80,85F5,0,0,0,0005F5,A8,TAY,IMP,1,A8,2021,1,,NATIVE_BODY
V05C000535,80:85F6:E0M0X0,04042FB0,80,85F6,0,0,0,0005F6,A5,LDA,DP,2,A5A2,2021,1,,NATIVE_BODY
V05C000536,80:85F8:E0M0X0,04042FC0,80,85F8,0,0,0,0005F8,29,AND,IMM_M,3,2900F0,2021,1,,NATIVE_BODY
V05C000537,80:85FB:E0M0X0,04042FD8,80,85FB,0,0,0,0005FB,0A,ASL,ACC,1,0A,2021,1,,NATIVE_BODY
V05C000538,80:85FC:E0M0X0,04042FE0,80,85FC,0,0,0,0005FC,2A,ROL,ACC,1,2A,2021,1,,NATIVE_BODY
V05C000539,80:85FD:E0M0X0,04042FE8,80,85FD,0,0,0,0005FD,2A,ROL,ACC,1,2A,2021,1,,NATIVE_BODY
V05C000540,80:85FE:E0M0X0,04042FF0,80,85FE,0,0,0,0005FE,2A,ROL,ACC,1,2A,2021,1,,NATIVE_BODY
V05C000541,80:85FF:E0M0X0,04042FF8,80,85FF,0,0,0,0005FF,2A,ROL,ACC,1,2A,2021,1,,NATIVE_BODY
V05C000542,80:8600:E0M0X0,04043000,80,8600,0,0,0,000600,69,ADC,IMM_M,3,690300,2021,1,,NATIVE_BODY
V05C000543,80:8603:E0M0X0,04043018,80,8603,0,0,0,000603,85,STA,DP,2,858E,2021,1,,NATIVE_BODY
V05C000544,80:8605:E0M0X0,04043028,80,8605,0,0,0,000605,E2,SEP,IMM8,2,E220,2021,1,,NATIVE_BODY
V05C000545,80:8607:E0M1X0,0404303A,80,8607,0,1,0,000607,B7,LDA,DP_IND_LONG_Y,2,B740,2021,1,,NATIVE_BODY
V05C000546,80:8609:E0M1X0,0404304A,80,8609,0,1,0,000609,87,STA,DP_IND_LONG,2,8738,2021,1,,NATIVE_BODY
V05C000547,80:860B:E0M1X0,0404305A,80,860B,0,1,0,00060B,87,STA,DP_IND_LONG,2,873C,2021,1,,NATIVE_BODY
V05C000548,80:860D:E0M1X0,0404306A,80,860D,0,1,0,00060D,C2,REP,IMM8,2,C220,2021,1,,NATIVE_BODY
V05C000549,80:860F:E0M0X0,04043078,80,860F,0,0,0,00060F,C6,DEC,DP,2,C634,2021,1,,NATIVE_BODY
V05C000550,80:8611:E0M0X0,04043088,80,8611,0,0,0,000611,F0,BEQ,REL8,2,F0A2,2021,2,,NATIVE_BODY
V05C000551,80:8613:E0M0X0,04043098,80,8613,0,0,0,000613,E6,INC,DP,2,E638,2021,1,,NATIVE_BODY
V05C000552,80:8615:E0M0X0,040430A8,80,8615,0,0,0,000615,D0,BNE,REL8,2,D002,2021,2,,NATIVE_BODY
V05C000553,80:8617:E0M0X0,040430B8,80,8617,0,0,0,000617,E6,INC,DP,2,E63A,2021,1,,NATIVE_BODY
V05C000554,80:8619:E0M0X0,040430C8,80,8619,0,0,0,000619,E6,INC,DP,2,E63C,2021,1,,NATIVE_BODY
V05C000555,80:861B:E0M0X0,040430D8,80,861B,0,0,0,00061B,D0,BNE,REL8,2,D002,2021,2,,NATIVE_BODY
V05C000556,80:861D:E0M0X0,040430E8,80,861D,0,0,0,00061D,E6,INC,DP,2,E63E,2021,1,,NATIVE_BODY
V05C000557,80:861F:E0M0X0,040430F8,80,861F,0,0,0,00061F,C8,INY,IMP,1,C8,2021,1,,NATIVE_BODY
V05C000558,80:8620:E0M0X0,04043100,80,8620,0,0,0,000620,C0,CPY,IMM_X,3,C00010,2021,1,,NATIVE_BODY
V05C000559,80:8623:E0M0X0,04043118,80,8623,0,0,0,000623,90,BCC,REL8,2,9003,2021,2,,NATIVE_BODY
V05C000560,80:8625:E0M0X0,04043128,80,8625,0,0,0,000625,A0,LDY,IMM_X,3,A00000,2021,1,,NATIVE_BODY
V05C000561,80:8628:E0M0X0,04043140,80,8628,0,0,0,000628,CA,DEX,IMP,1,CA,2021,1,,NATIVE_BODY
V05C000562,80:8629:E0M0X0,04043148,80,8629,0,0,0,000629,D0,BNE,REL8,2,D007,2021,2,,NATIVE_BODY
V05C000563,80:862B:E0M0X0,04043158,80,862B,0,0,0,00062B,A2,LDX,IMM_X,3,A20010,2021,1,,NATIVE_BODY
V05C000564,80:862E:E0M0X0,04043170,80,862E,0,0,0,00062E,A3,LDA,STACK_REL,2,A305,2021,1,,NATIVE_BODY
V05C000565,80:8630:E0M0X0,04043180,80,8630,0,0,0,000630,85,STA,DP,2,853C,2021,1,,NATIVE_BODY
V05C000566,80:8632:E0M0X0,04043190,80,8632,0,0,0,000632,C6,DEC,DP,2,C68E,2021,1,,NATIVE_BODY
V05C000567,80:8634:E0M0X0,040431A0,80,8634,0,0,0,000634,D0,BNE,REL8,2,D0CF,2021,2,,NATIVE_BODY
V05C000568,80:8636:E0M0X0,040431B0,80,8636,0,0,0,000636,82,BRL,REL16,3,8244FF,2021,1,,NATIVE_BODY
V05C000569,80:A1F2:E0M1X1,04050F93,80,A1F2,0,1,1,0021F2,8B,PHB,IMP,1,8B,2028,1,,NATIVE_BODY
V05C000570,80:A1F3:E0M1X1,04050F9B,80,A1F3,0,1,1,0021F3,4B,PHK,IMP,1,4B,2028,1,,NATIVE_BODY
V05C000571,80:A1F4:E0M1X1,04050FA3,80,A1F4,0,1,1,0021F4,AB,PLB,IMP,1,AB,2028,1,,NATIVE_BODY
V05C000572,80:A1F5:E0M1X1,04050FAB,80,A1F5,0,1,1,0021F5,20,JSR,ABS_JUMP,3,20FAA1,2028,1,,NATIVE_BODY
V05C000573,80:A1F8:E0M1X1,04050FC3,80,A1F8,0,1,1,0021F8,AB,PLB,IMP,1,AB,2028,1,,NATIVE_BODY
V05C000574,80:A1F9:E0M1X1,04050FCB,80,A1F9,0,1,1,0021F9,6B,RTL,IMP,1,6B,2028,1,,NATIVE_BODY
V05C000575,80:A1FA:E0M1X1,04050FD3,80,A1FA,0,1,1,0021FA,C2,REP,IMM8,2,C230,2028,1,,NATIVE_BODY
V05C000576,80:A1FC:E0M0X0,04050FE0,80,A1FC,0,0,0,0021FC,A9,LDA,IMM_M,3,A98000,2028,1,,NATIVE_BODY
V05C000577,80:A1FF:E0M0X0,04050FF8,80,A1FF,0,0,0,0021FF,8D,STA,ABS,3,8D1521,2028,1,,NATIVE_BODY
V05C000578,80:A202:E0M0X0,04051010,80,A202,0,0,0,002202,AD,LDA,ABS,3,AD5B03,2028,1,,NATIVE_BODY
V05C000579,80:A205:E0M0X0,04051028,80,A205,0,0,0,002205,8D,STA,ABS,3,8D1621,2028,1,,NATIVE_BODY
V05C000580,80:A208:E0M0X0,04051040,80,A208,0,0,0,002208,A0,LDY,IMM_X,3,A00010,2028,1,,NATIVE_BODY
V05C000581,80:A20B:E0M0X0,04051058,80,A20B,0,0,0,00220B,A9,LDA,IMM_M,3,A90020,2028,1,,NATIVE_BODY
V05C000582,80:A20E:E0M0X0,04051070,80,A20E,0,0,0,00220E,09,ORA,IMM_M,3,090000,2028,1,,NATIVE_BODY
V05C000583,80:A211:E0M0X0,04051088,80,A211,0,0,0,002211,8D,STA,ABS,3,8D1821,2028,1,,NATIVE_BODY
V05C000584,80:A214:E0M0X0,040510A0,80,A214,0,0,0,002214,88,DEY,IMP,1,88,2028,1,,NATIVE_BODY
V05C000585,80:A215:E0M0X0,040510A8,80,A215,0,0,0,002215,D0,BNE,REL8,2,D0FA,2028,2,,NATIVE_BODY
V05C000586,80:A217:E0M0X0,040510B8,80,A217,0,0,0,002217,E2,SEP,IMM8,2,E230,2028,1,,NATIVE_BODY
V05C000587,80:A219:E0M1X1,040510CB,80,A219,0,1,1,002219,60,RTS,IMP,1,60,2028,1,,NATIVE_BODY
V05C000588,80:A21A:E0M0X0,040510D0,80,A21A,0,0,0,00221A,8B,PHB,IMP,1,8B,2028,1,,NATIVE_BODY
V05C000589,80:A21B:E0M0X0,040510D8,80,A21B,0,0,0,00221B,4B,PHK,IMP,1,4B,2028,1,,NATIVE_BODY
V05C000590,80:A21C:E0M0X0,040510E0,80,A21C,0,0,0,00221C,AB,PLB,IMP,1,AB,2028,1,,NATIVE_BODY
V05C000591,80:A21D:E0M0X0,040510E8,80,A21D,0,0,0,00221D,48,PHA,IMP,1,48,2028,1,,NATIVE_BODY
V05C000592,80:A21E:E0M0X0,040510F0,80,A21E,0,0,0,00221E,DA,PHX,IMP,1,DA,2028,1,,NATIVE_BODY
V05C000593,80:A21F:E0M0X0,040510F8,80,A21F,0,0,0,00221F,20,JSR,ABS_JUMP,3,2026A2,2028,1,,NATIVE_BODY
V05C000594,80:A222:E0M0X0,04051110,80,A222,0,0,0,002222,FA,PLX,IMP,1,FA,2028,1,,NATIVE_BODY
V05C000595,80:A223:E0M0X0,04051118,80,A223,0,0,0,002223,68,PLA,IMP,1,68,2028,1,,NATIVE_BODY
V05C000596,80:A224:E0M0X0,04051120,80,A224,0,0,0,002224,AB,PLB,IMP,1,AB,2028,1,,NATIVE_BODY
V05C000597,80:A225:E0M0X0,04051128,80,A225,0,0,0,002225,6B,RTL,IMP,1,6B,2028,1,,NATIVE_BODY
V05C000598,80:A226:E0M0X0,04051130,80,A226,0,0,0,002226,A9,LDA,IMM_M,3,A98000,2028,1,,NATIVE_BODY
V05C000599,80:A229:E0M0X0,04051148,80,A229,0,0,0,002229,8D,STA,ABS,3,8D1521,2028,1,,NATIVE_BODY
V05C000600,80:A22C:E0M0X0,04051160,80,A22C,0,0,0,00222C,A3,LDA,STACK_REL,2,A303,2028,1,,NATIVE_BODY
V05C000601,80:A22E:E0M0X0,04051170,80,A22E,0,0,0,00222E,0A,ASL,ACC,1,0A,2028,1,,NATIVE_BODY
V05C000602,80:A22F:E0M0X0,04051178,80,A22F,0,0,0,00222F,0A,ASL,ACC,1,0A,2028,1,,NATIVE_BODY
V05C000603,80:A230:E0M0X0,04051180,80,A230,0,0,0,002230,0A,ASL,ACC,1,0A,2028,1,,NATIVE_BODY
V05C000604,80:A231:E0M0X0,04051188,80,A231,0,0,0,002231,0A,ASL,ACC,1,0A,2028,1,,NATIVE_BODY
V05C000605,80:A232:E0M0X0,04051190,80,A232,0,0,0,002232,18,CLC,IMP,1,18,2028,1,,NATIVE_BODY
V05C000606,80:A233:E0M0X0,04051198,80,A233,0,0,0,002233,69,ADC,IMM_M,3,690020,2028,1,,NATIVE_BODY
V05C000607,80:A236:E0M0X0,040511B0,80,A236,0,0,0,002236,85,STA,DP,2,8568,2028,1,,NATIVE_BODY
V05C000608,80:A238:E0M0X0,040511C0,80,A238,0,0,0,002238,A3,LDA,STACK_REL,2,A305,2028,1,,NATIVE_BODY
V05C000609,80:A23A:E0M0X0,040511D0,80,A23A,0,0,0,00223A,85,STA,DP,2,856A,2028,1,,NATIVE_BODY
V05C000610,80:A23C:E0M0X0,040511E0,80,A23C,0,0,0,00223C,E2,SEP,IMM8,2,E230,2028,1,,NATIVE_BODY
V05C000611,80:A23E:E0M1X1,040511F3,80,A23E,0,1,1,00223E,A2,LDX,IMM_X,2,A200,2028,1,,NATIVE_BODY
V05C000612,80:A240:E0M1X1,04051203,80,A240,0,1,1,002240,A5,LDA,DP,2,A568,2028,1,,NATIVE_BODY
V05C000613,80:A242:E0M1X1,04051213,80,A242,0,1,1,002242,8D,STA,ABS,3,8D1621,2028,1,,NATIVE_BODY
V05C000614,80:A245:E0M1X1,0405122B,80,A245,0,1,1,002245,A5,LDA,DP,2,A569,2028,1,,NATIVE_BODY
V05C000615,80:A247:E0M1X1,0405123B,80,A247,0,1,1,002247,8D,STA,ABS,3,8D1721,2028,1,,NATIVE_BODY
V05C000616,80:A24A:E0M1X1,04051253,80,A24A,0,1,1,00224A,A9,LDA,IMM_M,2,A901,2028,1,,NATIVE_BODY
V05C000617,80:A24C:E0M1X1,04051263,80,A24C,0,1,1,00224C,8D,STA,ABS,3,8D0043,2028,1,,NATIVE_BODY
V05C000618,80:A24F:E0M1X1,0405127B,80,A24F,0,1,1,00224F,A9,LDA,IMM_M,2,A918,2028,1,,NATIVE_BODY
V05C000619,80:A251:E0M1X1,0405128B,80,A251,0,1,1,002251,8D,STA,ABS,3,8D0143,2028,1,,NATIVE_BODY
V05C000620,80:A254:E0M1X1,040512A3,80,A254,0,1,1,002254,A5,LDA,DP,2,A56A,2028,1,,NATIVE_BODY
V05C000621,80:A256:E0M1X1,040512B3,80,A256,0,1,1,002256,8D,STA,ABS,3,8D0243,2028,1,,NATIVE_BODY
V05C000622,80:A259:E0M1X1,040512CB,80,A259,0,1,1,002259,A5,LDA,DP,2,A56B,2028,1,,NATIVE_BODY
V05C000623,80:A25B:E0M1X1,040512DB,80,A25B,0,1,1,00225B,8D,STA,ABS,3,8D0343,2028,1,,NATIVE_BODY
V05C000624,80:A25E:E0M1X1,040512F3,80,A25E,0,1,1,00225E,A9,LDA,IMM_M,2,A97E,2028,1,,NATIVE_BODY
V05C000625,80:A260:E0M1X1,04051303,80,A260,0,1,1,002260,8D,STA,ABS,3,8D0443,2028,1,,NATIVE_BODY
V05C000626,80:A263:E0M1X1,0405131B,80,A263,0,1,1,002263,A9,LDA,IMM_M,2,A900,2028,1,,NATIVE_BODY
V05C000627,80:A265:E0M1X1,0405132B,80,A265,0,1,1,002265,8D,STA,ABS,3,8D0543,2028,1,,NATIVE_BODY
V05C000628,80:A268:E0M1X1,04051343,80,A268,0,1,1,002268,A9,LDA,IMM_M,2,A901,2028,1,,NATIVE_BODY
V05C000629,80:A26A:E0M1X1,04051353,80,A26A,0,1,1,00226A,8D,STA,ABS,3,8D0643,2028,1,,NATIVE_BODY
V05C000630,80:A26D:E0M1X1,0405136B,80,A26D,0,1,1,00226D,A9,LDA,IMM_M,2,A901,2028,1,,NATIVE_BODY
V05C000631,80:A26F:E0M1X1,0405137B,80,A26F,0,1,1,00226F,8D,STA,ABS,3,8D0B42,2028,1,,NATIVE_BODY
V05C000632,80:A272:E0M1X1,04051393,80,A272,0,1,1,002272,E6,INC,DP,2,E669,2028,1,,NATIVE_BODY
V05C000633,80:A274:E0M1X1,040513A3,80,A274,0,1,1,002274,E6,INC,DP,2,E66B,2028,1,,NATIVE_BODY
V05C000634,80:A276:E0M1X1,040513B3,80,A276,0,1,1,002276,E8,INX,IMP,1,E8,2028,1,,NATIVE_BODY
V05C000635,80:A277:E0M1X1,040513BB,80,A277,0,1,1,002277,E0,CPX,IMM_X,2,E008,2028,1,,NATIVE_BODY
V05C000636,80:A279:E0M1X1,040513CB,80,A279,0,1,1,002279,90,BCC,REL8,2,90C5,2028,2,,NATIVE_BODY
V05C000637,80:A27B:E0M1X1,040513DB,80,A27B,0,1,1,00227B,C2,REP,IMM8,2,C230,2028,1,,NATIVE_BODY
V05C000638,80:A27D:E0M0X0,040513E8,80,A27D,0,0,0,00227D,60,RTS,IMP,1,60,2028,1,,NATIVE_BODY
V05C000639,80:A2DB:E0M0X0,040516D8,80,A2DB,0,0,0,0022DB,8B,PHB,IMP,1,8B,2028,1,,NATIVE_BODY
V05C000640,80:A2DC:E0M0X0,040516E0,80,A2DC,0,0,0,0022DC,4B,PHK,IMP,1,4B,2028,1,,NATIVE_BODY
V05C000641,80:A2DD:E0M0X0,040516E8,80,A2DD,0,0,0,0022DD,AB,PLB,IMP,1,AB,2028,1,,NATIVE_BODY
V05C000642,80:A2DE:E0M0X0,040516F0,80,A2DE,0,0,0,0022DE,48,PHA,IMP,1,48,2028,1,,NATIVE_BODY
V05C000643,80:A2DF:E0M0X0,040516F8,80,A2DF,0,0,0,0022DF,DA,PHX,IMP,1,DA,2028,1,,NATIVE_BODY
V05C000644,80:A2E0:E0M0X0,04051700,80,A2E0,0,0,0,0022E0,20,JSR,ABS_JUMP,3,20E7A2,2028,1,,NATIVE_BODY
V05C000645,80:A2E3:E0M0X0,04051718,80,A2E3,0,0,0,0022E3,FA,PLX,IMP,1,FA,2028,1,,NATIVE_BODY
V05C000646,80:A2E4:E0M0X0,04051720,80,A2E4,0,0,0,0022E4,68,PLA,IMP,1,68,2028,1,,NATIVE_BODY
V05C000647,80:A2E5:E0M0X0,04051728,80,A2E5,0,0,0,0022E5,AB,PLB,IMP,1,AB,2028,1,,NATIVE_BODY
V05C000648,80:A2E6:E0M0X0,04051730,80,A2E6,0,0,0,0022E6,6B,RTL,IMP,1,6B,2028,1,,NATIVE_BODY
V05C000649,80:A2E7:E0M0X0,04051738,80,A2E7,0,0,0,0022E7,A3,LDA,STACK_REL,2,A303,2028,1,,NATIVE_BODY
V05C000650,80:A2E9:E0M0X0,04051748,80,A2E9,0,0,0,0022E9,0A,ASL,ACC,1,0A,2028,1,,NATIVE_BODY
V05C000651,80:A2EA:E0M0X0,04051750,80,A2EA,0,0,0,0022EA,0A,ASL,ACC,1,0A,2028,1,,NATIVE_BODY
V05C000652,80:A2EB:E0M0X0,04051758,80,A2EB,0,0,0,0022EB,0A,ASL,ACC,1,0A,2028,1,,NATIVE_BODY
V05C000653,80:A2EC:E0M0X0,04051760,80,A2EC,0,0,0,0022EC,0A,ASL,ACC,1,0A,2028,1,,NATIVE_BODY
V05C000654,80:A2ED:E0M0X0,04051768,80,A2ED,0,0,0,0022ED,69,ADC,IMM_M,3,690020,2028,1,,NATIVE_BODY
V05C000655,80:A2F0:E0M0X0,04051780,80,A2F0,0,0,0,0022F0,85,STA,DP,2,8568,2028,1,,NATIVE_BODY
V05C000656,80:A2F2:E0M0X0,04051790,80,A2F2,0,0,0,0022F2,A3,LDA,STACK_REL,2,A305,2028,1,,NATIVE_BODY
V05C000657,80:A2F4:E0M0X0,040517A0,80,A2F4,0,0,0,0022F4,85,STA,DP,2,856A,2028,1,,NATIVE_BODY
V05C000658,80:A2F6:E0M0X0,040517B0,80,A2F6,0,0,0,0022F6,E2,SEP,IMM8,2,E230,2028,1,,NATIVE_BODY
V05C000659,80:A2F8:E0M1X1,040517C3,80,A2F8,0,1,1,0022F8,A9,LDA,IMM_M,2,A980,2028,1,,NATIVE_BODY
V05C000660,80:A2FA:E0M1X1,040517D3,80,A2FA,0,1,1,0022FA,8D,STA,ABS,3,8D1521,2028,1,,NATIVE_BODY
V05C000661,80:A2FD:E0M1X1,040517EB,80,A2FD,0,1,1,0022FD,A9,LDA,IMM_M,2,A901,2028,1,,NATIVE_BODY
V05C000662,80:A2FF:E0M1X1,040517FB,80,A2FF,0,1,1,0022FF,8D,STA,ABS,3,8D0043,2028,1,,NATIVE_BODY
V05C000663,80:A302:E0M1X1,04051813,80,A302,0,1,1,002302,A9,LDA,IMM_M,2,A918,2028,1,,NATIVE_BODY
V05C000664,80:A304:E0M1X1,04051823,80,A304,0,1,1,002304,8D,STA,ABS,3,8D0143,2028,1,,NATIVE_BODY
V05C000665,80:A307:E0M1X1,0405183B,80,A307,0,1,1,002307,A9,LDA,IMM_M,2,A97E,2028,1,,NATIVE_BODY
V05C000666,80:A309:E0M1X1,0405184B,80,A309,0,1,1,002309,8D,STA,ABS,3,8D0443,2028,1,,NATIVE_BODY
V05C000667,80:A30C:E0M1X1,04051863,80,A30C,0,1,1,00230C,C2,REP,IMM8,2,C230,2028,1,,NATIVE_BODY
V05C000668,80:A30E:E0M0X0,04051870,80,A30E,0,0,0,00230E,A2,LDX,IMM_X,3,A20400,2028,1,,NATIVE_BODY
V05C000669,80:A311:E0M0X0,04051888,80,A311,0,0,0,002311,A5,LDA,DP,2,A568,2028,1,,NATIVE_BODY
V05C000670,80:A313:E0M0X0,04051898,80,A313,0,0,0,002313,8D,STA,ABS,3,8D1621,2028,1,,NATIVE_BODY
V05C000671,80:A316:E0M0X0,040518B0,80,A316,0,0,0,002316,A5,LDA,DP,2,A56A,2028,1,,NATIVE_BODY
V05C000672,80:A318:E0M0X0,040518C0,80,A318,0,0,0,002318,8D,STA,ABS,3,8D0243,2028,1,,NATIVE_BODY
V05C000673,80:A31B:E0M0X0,040518D8,80,A31B,0,0,0,00231B,A9,LDA,IMM_M,3,A98000,2028,1,,NATIVE_BODY
V05C000674,80:A31E:E0M0X0,040518F0,80,A31E,0,0,0,00231E,8D,STA,ABS,3,8D0543,2028,1,,NATIVE_BODY
V05C000675,80:A321:E0M0X0,04051908,80,A321,0,0,0,002321,E2,SEP,IMM8,2,E230,2028,1,,NATIVE_BODY
V05C000676,80:A323:E0M1X1,0405191B,80,A323,0,1,1,002323,A9,LDA,IMM_M,2,A901,2028,1,,NATIVE_BODY
V05C000677,80:A325:E0M1X1,0405192B,80,A325,0,1,1,002325,8D,STA,ABS,3,8D0B42,2028,1,,NATIVE_BODY
V05C000678,80:A328:E0M1X1,04051943,80,A328,0,1,1,002328,C2,REP,IMM8,2,C230,2028,1,,NATIVE_BODY
V05C000679,80:A32A:E0M0X0,04051950,80,A32A,0,0,0,00232A,A5,LDA,DP,2,A56A,2028,1,,NATIVE_BODY
V05C000680,80:A32C:E0M0X0,04051960,80,A32C,0,0,0,00232C,18,CLC,IMP,1,18,2028,1,,NATIVE_BODY
V05C000681,80:A32D:E0M0X0,04051968,80,A32D,0,0,0,00232D,69,ADC,IMM_M,3,698000,2028,1,,NATIVE_BODY
V05C000682,80:A330:E0M0X0,04051980,80,A330,0,0,0,002330,85,STA,DP,2,856A,2028,1,,NATIVE_BODY
V05C000683,80:A332:E0M0X0,04051990,80,A332,0,0,0,002332,E6,INC,DP,2,E669,2028,1,,NATIVE_BODY
V05C000684,80:A334:E0M0X0,040519A0,80,A334,0,0,0,002334,CA,DEX,IMP,1,CA,2028,1,,NATIVE_BODY
V05C000685,80:A335:E0M0X0,040519A8,80,A335,0,0,0,002335,D0,BNE,REL8,2,D0DA,2028,2,,NATIVE_BODY
V05C000686,80:A337:E0M0X0,040519B8,80,A337,0,0,0,002337,60,RTS,IMP,1,60,2028,1,,NATIVE_BODY
V05C000687,80:A338:E0M0X0,040519C0,80,A338,0,0,0,002338,8B,PHB,IMP,1,8B,2028,1,,NATIVE_BODY
V05C000688,80:A339:E0M0X0,040519C8,80,A339,0,0,0,002339,4B,PHK,IMP,1,4B,2028,1,,NATIVE_BODY
V05C000689,80:A33A:E0M0X0,040519D0,80,A33A,0,0,0,00233A,AB,PLB,IMP,1,AB,2028,1,,NATIVE_BODY
V05C000690,80:A33B:E0M0X0,040519D8,80,A33B,0,0,0,00233B,48,PHA,IMP,1,48,2028,1,,NATIVE_BODY
V05C000691,80:A33C:E0M0X0,040519E0,80,A33C,0,0,0,00233C,DA,PHX,IMP,1,DA,2028,1,,NATIVE_BODY
V05C000692,80:A33D:E0M0X0,040519E8,80,A33D,0,0,0,00233D,20,JSR,ABS_JUMP,3,2044A3,2028,1,,NATIVE_BODY
V05C000693,80:A340:E0M0X0,04051A00,80,A340,0,0,0,002340,FA,PLX,IMP,1,FA,2028,1,,NATIVE_BODY
V05C000694,80:A341:E0M0X0,04051A08,80,A341,0,0,0,002341,68,PLA,IMP,1,68,2028,1,,NATIVE_BODY
V05C000695,80:A342:E0M0X0,04051A10,80,A342,0,0,0,002342,AB,PLB,IMP,1,AB,2028,1,,NATIVE_BODY
V05C000696,80:A343:E0M0X0,04051A18,80,A343,0,0,0,002343,6B,RTL,IMP,1,6B,2028,1,,NATIVE_BODY
V05C000697,80:A344:E0M0X0,04051A20,80,A344,0,0,0,002344,A3,LDA,STACK_REL,2,A303,2028,1,,NATIVE_BODY
V05C000698,80:A346:E0M0X0,04051A30,80,A346,0,0,0,002346,0A,ASL,ACC,1,0A,2028,1,,NATIVE_BODY
V05C000699,80:A347:E0M0X0,04051A38,80,A347,0,0,0,002347,0A,ASL,ACC,1,0A,2028,1,,NATIVE_BODY
V05C000700,80:A348:E0M0X0,04051A40,80,A348,0,0,0,002348,0A,ASL,ACC,1,0A,2028,1,,NATIVE_BODY
V05C000701,80:A349:E0M0X0,04051A48,80,A349,0,0,0,002349,0A,ASL,ACC,1,0A,2028,1,,NATIVE_BODY
V05C000702,80:A34A:E0M0X0,04051A50,80,A34A,0,0,0,00234A,69,ADC,IMM_M,3,690020,2028,1,,NATIVE_BODY
V05C000703,80:A34D:E0M0X0,04051A68,80,A34D,0,0,0,00234D,85,STA,DP,2,8568,2028,1,,NATIVE_BODY
V05C000704,80:A34F:E0M0X0,04051A78,80,A34F,0,0,0,00234F,A3,LDA,STACK_REL,2,A305,2028,1,,NATIVE_BODY
V05C000705,80:A351:E0M0X0,04051A88,80,A351,0,0,0,002351,85,STA,DP,2,856A,2028,1,,NATIVE_BODY
V05C000706,80:A353:E0M0X0,04051A98,80,A353,0,0,0,002353,E2,SEP,IMM8,2,E230,2028,1,,NATIVE_BODY
V05C000707,80:A355:E0M1X1,04051AAB,80,A355,0,1,1,002355,A9,LDA,IMM_M,2,A980,2028,1,,NATIVE_BODY
V05C000708,80:A357:E0M1X1,04051ABB,80,A357,0,1,1,002357,8D,STA,ABS,3,8D1521,2028,1,,NATIVE_BODY
V05C000709,80:A35A:E0M1X1,04051AD3,80,A35A,0,1,1,00235A,A9,LDA,IMM_M,2,A901,2028,1,,NATIVE_BODY
V05C000710,80:A35C:E0M1X1,04051AE3,80,A35C,0,1,1,00235C,8D,STA,ABS,3,8D0043,2028,1,,NATIVE_BODY
V05C000711,80:A35F:E0M1X1,04051AFB,80,A35F,0,1,1,00235F,A9,LDA,IMM_M,2,A918,2028,1,,NATIVE_BODY
V05C000712,80:A361:E0M1X1,04051B0B,80,A361,0,1,1,002361,8D,STA,ABS,3,8D0143,2028,1,,NATIVE_BODY
V05C000713,80:A364:E0M1X1,04051B23,80,A364,0,1,1,002364,A9,LDA,IMM_M,2,A97E,2028,1,,NATIVE_BODY
V05C000714,80:A366:E0M1X1,04051B33,80,A366,0,1,1,002366,8D,STA,ABS,3,8D0443,2028,1,,NATIVE_BODY
V05C000715,80:A369:E0M1X1,04051B4B,80,A369,0,1,1,002369,C2,REP,IMM8,2,C230,2028,1,,NATIVE_BODY
V05C000716,80:A36B:E0M0X0,04051B58,80,A36B,0,0,0,00236B,A2,LDX,IMM_X,3,A20200,2028,1,,NATIVE_BODY
V05C000717,80:A36E:E0M0X0,04051B70,80,A36E,0,0,0,00236E,A5,LDA,DP,2,A568,2028,1,,NATIVE_BODY
V05C000718,80:A370:E0M0X0,04051B80,80,A370,0,0,0,002370,8D,STA,ABS,3,8D1621,2028,1,,NATIVE_BODY
V05C000719,80:A373:E0M0X0,04051B98,80,A373,0,0,0,002373,A5,LDA,DP,2,A56A,2028,1,,NATIVE_BODY
V05C000720,80:A375:E0M0X0,04051BA8,80,A375,0,0,0,002375,8D,STA,ABS,3,8D0243,2028,1,,NATIVE_BODY
V05C000721,80:A378:E0M0X0,04051BC0,80,A378,0,0,0,002378,A9,LDA,IMM_M,3,A94000,2028,1,,NATIVE_BODY
V05C000722,80:A37B:E0M0X0,04051BD8,80,A37B,0,0,0,00237B,8D,STA,ABS,3,8D0543,2028,1,,NATIVE_BODY
V05C000723,80:A37E:E0M0X0,04051BF0,80,A37E,0,0,0,00237E,E2,SEP,IMM8,2,E230,2028,1,,NATIVE_BODY
V05C000724,80:A380:E0M1X1,04051C03,80,A380,0,1,1,002380,A9,LDA,IMM_M,2,A901,2028,1,,NATIVE_BODY
V05C000725,80:A382:E0M1X1,04051C13,80,A382,0,1,1,002382,8D,STA,ABS,3,8D0B42,2028,1,,NATIVE_BODY
V05C000726,80:A385:E0M1X1,04051C2B,80,A385,0,1,1,002385,C2,REP,IMM8,2,C230,2028,1,,NATIVE_BODY
V05C000727,80:A387:E0M0X0,04051C38,80,A387,0,0,0,002387,A5,LDA,DP,2,A56A,2028,1,,NATIVE_BODY
V05C000728,80:A389:E0M0X0,04051C48,80,A389,0,0,0,002389,18,CLC,IMP,1,18,2028,1,,NATIVE_BODY
V05C000729,80:A38A:E0M0X0,04051C50,80,A38A,0,0,0,00238A,69,ADC,IMM_M,3,694000,2028,1,,NATIVE_BODY
V05C000730,80:A38D:E0M0X0,04051C68,80,A38D,0,0,0,00238D,85,STA,DP,2,856A,2028,1,,NATIVE_BODY
V05C000731,80:A38F:E0M0X0,04051C78,80,A38F,0,0,0,00238F,E6,INC,DP,2,E669,2028,1,,NATIVE_BODY
V05C000732,80:A391:E0M0X0,04051C88,80,A391,0,0,0,002391,CA,DEX,IMP,1,CA,2028,1,,NATIVE_BODY
V05C000733,80:A392:E0M0X0,04051C90,80,A392,0,0,0,002392,D0,BNE,REL8,2,D0DA,2028,2,,NATIVE_BODY
V05C000734,80:A394:E0M0X0,04051CA0,80,A394,0,0,0,002394,60,RTS,IMP,1,60,2028,1,,NATIVE_BODY
V05C000735,80:A3A0:E0M1X1,04051D03,80,A3A0,0,1,1,0023A0,8B,PHB,IMP,1,8B,2028,1,,NATIVE_BODY
V05C000736,80:A3A1:E0M1X1,04051D0B,80,A3A1,0,1,1,0023A1,4B,PHK,IMP,1,4B,2028,1,,NATIVE_BODY
V05C000737,80:A3A2:E0M1X1,04051D13,80,A3A2,0,1,1,0023A2,AB,PLB,IMP,1,AB,2028,1,,NATIVE_BODY
V05C000738,80:A3A3:E0M1X1,04051D1B,80,A3A3,0,1,1,0023A3,20,JSR,ABS_JUMP,3,20A8A3,2028,1,,NATIVE_BODY
V05C000739,80:A3A6:E0M1X1,04051D33,80,A3A6,0,1,1,0023A6,AB,PLB,IMP,1,AB,2028,1,,NATIVE_BODY
V05C000740,80:A3A7:E0M1X1,04051D3B,80,A3A7,0,1,1,0023A7,6B,RTL,IMP,1,6B,2028,2,,NATIVE_BODY
V05C000741,80:A3A8:E0M1X1,04051D43,80,A3A8,0,1,1,0023A8,A9,LDA,IMM_M,2,A900,2028,1,,NATIVE_BODY
V05C000742,80:A3AA:E0M1X1,04051D53,80,A3AA,0,1,1,0023AA,48,PHA,IMP,1,48,2028,1,,NATIVE_BODY
V05C000743,80:A3AB:E0M1X1,04051D5B,80,A3AB,0,1,1,0023AB,20,JSR,ABS_JUMP,3,2044A4,2028,1,,NATIVE_BODY
V05C000744,80:A3AE:E0M1X1,04051D73,80,A3AE,0,1,1,0023AE,68,PLA,IMP,1,68,2028,1,,NATIVE_BODY
V05C000745,80:A3AF:E0M1X1,04051D7B,80,A3AF,0,1,1,0023AF,8D,STA,ABS,3,8D5F03,2028,1,,NATIVE_BODY
V05C000746,80:A3B2:E0M1X1,04051D93,80,A3B2,0,1,1,0023B2,8D,STA,ABS,3,8D0021,2028,1,,NATIVE_BODY
V05C000747,80:A3B5:E0M1X1,04051DAB,80,A3B5,0,1,1,0023B5,A0,LDY,IMM_X,2,A020,2028,1,,NATIVE_BODY
V05C000748,80:A3B7:E0M1X1,04051DBB,80,A3B7,0,1,1,0023B7,A2,LDX,IMM_X,2,A200,2028,1,,NATIVE_BODY
V05C000749,80:A3B9:E0M1X1,04051DCB,80,A3B9,0,1,1,0023B9,CA,DEX,IMP,1,CA,2028,1,,NATIVE_BODY
V05C000750,80:A3BA:E0M1X1,04051DD3,80,A3BA,0,1,1,0023BA,D0,BNE,REL8,2,D0FD,2028,2,,NATIVE_BODY
V05C000751,80:A3BC:E0M1X1,04051DE3,80,A3BC,0,1,1,0023BC,88,DEY,IMP,1,88,2028,1,,NATIVE_BODY
V05C000752,80:A3BD:E0M1X1,04051DEB,80,A3BD,0,1,1,0023BD,D0,BNE,REL8,2,D0FA,2028,2,,NATIVE_BODY
V05C000753,80:A3BF:E0M1X1,04051DFB,80,A3BF,0,1,1,0023BF,AD,LDA,ABS,3,AD5F03,2028,1,,NATIVE_BODY
V05C000754,80:A3C2:E0M1X1,04051E13,80,A3C2,0,1,1,0023C2,1A,INC,ACC,1,1A,2028,1,,NATIVE_BODY
V05C000755,80:A3C3:E0M1X1,04051E1B,80,A3C3,0,1,1,0023C3,C9,CMP,IMM_M,2,C910,2028,1,,NATIVE_BODY
V05C000756,80:A3C5:E0M1X1,04051E2B,80,A3C5,0,1,1,0023C5,90,BCC,REL8,2,90E3,2028,2,,NATIVE_BODY
V05C000757,80:A3C7:E0M1X1,04051E3B,80,A3C7,0,1,1,0023C7,60,RTS,IMP,1,60,2028,1,,NATIVE_BODY
V05C000758,80:A3EA:E0M1X1,04051F53,80,A3EA,0,1,1,0023EA,8B,PHB,IMP,1,8B,2028,1,,NATIVE_BODY
V05C000759,80:A3EB:E0M1X1,04051F5B,80,A3EB,0,1,1,0023EB,4B,PHK,IMP,1,4B,2028,1,,NATIVE_BODY
V05C000760,80:A3EC:E0M1X1,04051F63,80,A3EC,0,1,1,0023EC,AB,PLB,IMP,1,AB,2028,1,,NATIVE_BODY
V05C000761,80:A3ED:E0M1X1,04051F6B,80,A3ED,0,1,1,0023ED,20,JSR,ABS_JUMP,3,20F2A3,2028,1,,NATIVE_BODY
V05C000762,80:A3F0:E0M1X1,04051F83,80,A3F0,0,1,1,0023F0,AB,PLB,IMP,1,AB,2028,1,,NATIVE_BODY
V05C000763,80:A3F1:E0M1X1,04051F8B,80,A3F1,0,1,1,0023F1,6B,RTL,IMP,1,6B,2028,1,,NATIVE_BODY
V05C000764,80:A3F2:E0M1X1,04051F93,80,A3F2,0,1,1,0023F2,A9,LDA,IMM_M,2,A90F,2028,1,,NATIVE_BODY
V05C000765,80:A3F4:E0M1X1,04051FA3,80,A3F4,0,1,1,0023F4,8D,STA,ABS,3,8D5F03,2028,1,,NATIVE_BODY
V05C000766,80:A3F7:E0M1X1,04051FBB,80,A3F7,0,1,1,0023F7,20,JSR,ABS_JUMP,3,2044A4,2028,1,,NATIVE_BODY
V05C000767,80:A3FA:E0M1X1,04051FD3,80,A3FA,0,1,1,0023FA,AD,LDA,ABS,3,AD5F03,2028,1,,NATIVE_BODY
V05C000768,80:A3FD:E0M1X1,04051FEB,80,A3FD,0,1,1,0023FD,8D,STA,ABS,3,8D0021,2028,1,,NATIVE_BODY
V05C000769,80:A400:E0M1X1,04052003,80,A400,0,1,1,002400,A0,LDY,IMM_X,2,A020,2029,1,,NATIVE_BODY
V05C000770,80:A402:E0M1X1,04052013,80,A402,0,1,1,002402,A2,LDX,IMM_X,2,A200,2029,1,,NATIVE_BODY
V05C000771,80:A404:E0M1X1,04052023,80,A404,0,1,1,002404,CA,DEX,IMP,1,CA,2029,1,,NATIVE_BODY
V05C000772,80:A405:E0M1X1,0405202B,80,A405,0,1,1,002405,D0,BNE,REL8,2,D0FD,2029,2,,NATIVE_BODY
V05C000773,80:A407:E0M1X1,0405203B,80,A407,0,1,1,002407,88,DEY,IMP,1,88,2029,1,,NATIVE_BODY
V05C000774,80:A408:E0M1X1,04052043,80,A408,0,1,1,002408,D0,BNE,REL8,2,D0FA,2029,2,,NATIVE_BODY
V05C000775,80:A40A:E0M1X1,04052053,80,A40A,0,1,1,00240A,CE,DEC,ABS,3,CE5F03,2029,1,,NATIVE_BODY
V05C000776,80:A40D:E0M1X1,0405206B,80,A40D,0,1,1,00240D,D0,BNE,REL8,2,D0E8,2029,2,,NATIVE_BODY
V05C000777,80:A40F:E0M1X1,0405207B,80,A40F,0,1,1,00240F,A9,LDA,IMM_M,2,A98F,2029,1,,NATIVE_BODY
V05C000778,80:A411:E0M1X1,0405208B,80,A411,0,1,1,002411,8D,STA,ABS,3,8D0021,2029,1,,NATIVE_BODY
V05C000779,80:A414:E0M1X1,040520A3,80,A414,0,1,1,002414,60,RTS,IMP,1,60,2029,1,,NATIVE_BODY
V05C000780,80:A415:E0M1X1,040520AB,80,A415,0,1,1,002415,8B,PHB,IMP,1,8B,2029,1,,NATIVE_BODY
V05C000781,80:A416:E0M1X1,040520B3,80,A416,0,1,1,002416,4B,PHK,IMP,1,4B,2029,1,,NATIVE_BODY
V05C000782,80:A417:E0M1X1,040520BB,80,A417,0,1,1,002417,AB,PLB,IMP,1,AB,2029,1,,NATIVE_BODY
V05C000783,80:A418:E0M1X1,040520C3,80,A418,0,1,1,002418,20,JSR,ABS_JUMP,3,201DA4,2029,1,,NATIVE_BODY
V05C000784,80:A41B:E0M1X1,040520DB,80,A41B,0,1,1,00241B,AB,PLB,IMP,1,AB,2029,1,,NATIVE_BODY
V05C000785,80:A41C:E0M1X1,040520E3,80,A41C,0,1,1,00241C,6B,RTL,IMP,1,6B,2029,2,,NATIVE_BODY
V05C000786,80:A41D:E0M1X1,040520EB,80,A41D,0,1,1,00241D,C2,REP,IMM8,2,C230,2029,1,,NATIVE_BODY
V05C000787,80:A41F:E0M0X0,040520F8,80,A41F,0,0,0,00241F,9C,STZ,ABS,3,9C0221,2029,1,,NATIVE_BODY
V05C000788,80:A422:E0M0X0,04052110,80,A422,0,0,0,002422,E2,SEP,IMM8,2,E230,2029,1,,NATIVE_BODY
V05C000789,80:A424:E0M1X1,04052123,80,A424,0,1,1,002424,A2,LDX,IMM_X,2,A280,2029,1,,NATIVE_BODY
V05C000790,80:A426:E0M1X1,04052133,80,A426,0,1,1,002426,A9,LDA,IMM_M,2,A90A,2029,1,,NATIVE_BODY
V05C000791,80:A428:E0M1X1,04052143,80,A428,0,1,1,002428,8D,STA,ABS,3,8D0421,2029,1,,NATIVE_BODY
V05C000792,80:A42B:E0M1X1,0405215B,80,A42B,0,1,1,00242B,A9,LDA,IMM_M,2,A9F0,2029,1,,NATIVE_BODY
V05C000793,80:A42D:E0M1X1,0405216B,80,A42D,0,1,1,00242D,8D,STA,ABS,3,8D0421,2029,1,,NATIVE_BODY
V05C000794,80:A430:E0M1X1,04052183,80,A430,0,1,1,002430,9C,STZ,ABS,3,9C0421,2029,1,,NATIVE_BODY
V05C000795,80:A433:E0M1X1,0405219B,80,A433,0,1,1,002433,9C,STZ,ABS,3,9C0421,2029,1,,NATIVE_BODY
V05C000796,80:A436:E0M1X1,040521B3,80,A436,0,1,1,002436,CA,DEX,IMP,1,CA,2029,1,,NATIVE_BODY
V05C000797,80:A437:E0M1X1,040521BB,80,A437,0,1,1,002437,D0,BNE,REL8,2,D0ED,2029,2,,NATIVE_BODY
V05C000798,80:A439:E0M1X1,040521CB,80,A439,0,1,1,002439,A2,LDX,IMM_X,2,A220,2029,1,,NATIVE_BODY
V05C000799,80:A43B:E0M1X1,040521DB,80,A43B,0,1,1,00243B,A9,LDA,IMM_M,2,A955,2029,1,,NATIVE_BODY
V05C000800,80:A43D:E0M1X1,040521EB,80,A43D,0,1,1,00243D,8D,STA,ABS,3,8D0421,2029,1,,NATIVE_BODY
V05C000801,80:A440:E0M1X1,04052203,80,A440,0,1,1,002440,CA,DEX,IMP,1,CA,2029,1,,NATIVE_BODY
V05C000802,80:A441:E0M1X1,0405220B,80,A441,0,1,1,002441,D0,BNE,REL8,2,D0FA,2029,2,,NATIVE_BODY
V05C000803,80:A443:E0M1X1,0405221B,80,A443,0,1,1,002443,60,RTS,IMP,1,60,2029,1,,NATIVE_BODY
V05C000804,80:A444:E0M1X1,04052223,80,A444,0,1,1,002444,AD,LDA,ABS,3,AD1242,2029,1,,NATIVE_BODY
V05C000805,80:A447:E0M1X1,0405223B,80,A447,0,1,1,002447,29,AND,IMM_M,2,2980,2029,1,,NATIVE_BODY
V05C000806,80:A449:E0M1X1,0405224B,80,A449,0,1,1,002449,F0,BEQ,REL8,2,F0F9,2029,2,,NATIVE_BODY
V05C000807,80:A44B:E0M1X1,0405225B,80,A44B,0,1,1,00244B,60,RTS,IMP,1,60,2029,2,,NATIVE_BODY
V05C000808,80:C066:E0M1X1,04060333,80,C066,0,1,1,004066,8B,PHB,IMP,1,8B,2030,1,,NATIVE_BODY
V05C000809,80:C067:E0M1X1,0406033B,80,C067,0,1,1,004067,4B,PHK,IMP,1,4B,2030,1,,NATIVE_BODY
V05C000810,80:C068:E0M1X1,04060343,80,C068,0,1,1,004068,AB,PLB,IMP,1,AB,2030,1,,NATIVE_BODY
V05C000811,80:C069:E0M1X1,0406034B,80,C069,0,1,1,004069,20,JSR,ABS_JUMP,3,206EC0,2030,1,,NATIVE_BODY
V05C000812,80:C06C:E0M1X1,04060363,80,C06C,0,1,1,00406C,AB,PLB,IMP,1,AB,2030,1,,NATIVE_BODY
V05C000813,80:C06D:E0M1X1,0406036B,80,C06D,0,1,1,00406D,6B,RTL,IMP,1,6B,2030,2,,NATIVE_BODY
V05C000814,80:C06E:E0M1X1,04060373,80,C06E,0,1,1,00406E,9C,STZ,ABS,3,9C2121,2030,1,,NATIVE_BODY
V05C000815,80:C071:E0M1X1,0406038B,80,C071,0,1,1,004071,A9,LDA,IMM_M,2,A908,2030,1,,NATIVE_BODY
V05C000816,80:C073:E0M1X1,0406039B,80,C073,0,1,1,004073,8D,STA,ABS,3,8D0B42,2030,1,,NATIVE_BODY
V05C000817,80:C076:E0M1X1,040603B3,80,C076,0,1,1,004076,60,RTS,IMP,1,60,2030,1,,NATIVE_BODY
V05C000818,80:C2F4:E0M1X1,040617A3,80,C2F4,0,1,1,0042F4,8B,PHB,IMP,1,8B,2030,1,,NATIVE_BODY
V05C000819,80:C2F5:E0M1X1,040617AB,80,C2F5,0,1,1,0042F5,4B,PHK,IMP,1,4B,2030,1,,NATIVE_BODY
V05C000820,80:C2F6:E0M1X1,040617B3,80,C2F6,0,1,1,0042F6,AB,PLB,IMP,1,AB,2030,1,,NATIVE_BODY
V05C000821,80:C2F7:E0M1X1,040617BB,80,C2F7,0,1,1,0042F7,20,JSR,ABS_JUMP,3,20FCC2,2030,1,,NATIVE_BODY
V05C000822,80:C2FA:E0M1X1,040617D3,80,C2FA,0,1,1,0042FA,AB,PLB,IMP,1,AB,2030,1,,NATIVE_BODY
V05C000823,80:C2FB:E0M1X1,040617DB,80,C2FB,0,1,1,0042FB,6B,RTL,IMP,1,6B,2030,1,,NATIVE_BODY
V05C000824,80:C2FC:E0M1X1,040617E3,80,C2FC,0,1,1,0042FC,9C,STZ,ABS,3,9C3043,2030,1,,NATIVE_BODY
V05C000825,80:C2FF:E0M1X1,040617FB,80,C2FF,0,1,1,0042FF,A9,LDA,IMM_M,2,A922,2030,1,,NATIVE_BODY
V05C000826,80:C301:E0M1X1,0406180B,80,C301,0,1,1,004301,8D,STA,ABS,3,8D3143,2030,1,,NATIVE_BODY
V05C000827,80:C304:E0M1X1,04061823,80,C304,0,1,1,004304,A9,LDA,IMM_M,2,A97E,2030,1,,NATIVE_BODY
V05C000828,80:C306:E0M1X1,04061833,80,C306,0,1,1,004306,8D,STA,ABS,3,8D3443,2030,1,,NATIVE_BODY
V05C000829,80:C309:E0M1X1,0406184B,80,C309,0,1,1,004309,C2,REP,IMM8,2,C230,2030,1,,NATIVE_BODY
V05C000830,80:C30B:E0M0X0,04061858,80,C30B,0,0,0,00430B,A9,LDA,IMM_M,3,A90020,2030,1,,NATIVE_BODY
V05C000831,80:C30E:E0M0X0,04061870,80,C30E,0,0,0,00430E,8D,STA,ABS,3,8D3243,2030,1,,NATIVE_BODY
V05C000832,80:C311:E0M0X0,04061888,80,C311,0,0,0,004311,A9,LDA,IMM_M,3,A90002,2030,1,,NATIVE_BODY
V05C000833,80:C314:E0M0X0,040618A0,80,C314,0,0,0,004314,8D,STA,ABS,3,8D3543,2030,1,,NATIVE_BODY
V05C000834,80:C317:E0M0X0,040618B8,80,C317,0,0,0,004317,E2,SEP,IMM8,2,E230,2030,1,,NATIVE_BODY
V05C000835,80:C319:E0M1X1,040618CB,80,C319,0,1,1,004319,60,RTS,IMP,1,60,2030,1,,NATIVE_BODY
V05C000836,80:F8DB:E0M1X1,0407C6DB,80,F8DB,0,1,1,0078DB,20,JSR,ABS_JUMP,3,202FFB,203E,1,,NATIVE_BODY
V05C000837,80:F8DE:E0M1X1,0407C6F3,80,F8DE,0,1,1,0078DE,A2,LDX,IMM_X,2,A200,203E,1,,NATIVE_BODY
V05C000838,80:F8E0:E0M1X1,0407C703,80,F8E0,0,1,1,0078E0,20,JSR,ABS_JUMP,3,2038FA,203E,1,,NATIVE_BODY
V05C000839,80:F8E3:E0M1X1,0407C71B,80,F8E3,0,1,1,0078E3,A2,LDX,IMM_X,2,A201,203E,1,,NATIVE_BODY
V05C000840,80:F8E5:E0M1X1,0407C72B,80,F8E5,0,1,1,0078E5,20,JSR,ABS_JUMP,3,2038FA,203E,1,,NATIVE_BODY
V05C000841,80:F8E8:E0M1X1,0407C743,80,F8E8,0,1,1,0078E8,A2,LDX,IMM_X,2,A202,203E,1,,NATIVE_BODY
V05C000842,80:F8EA:E0M1X1,0407C753,80,F8EA,0,1,1,0078EA,20,JSR,ABS_JUMP,3,2038FA,203E,1,,NATIVE_BODY
V05C000843,80:F8ED:E0M1X1,0407C76B,80,F8ED,0,1,1,0078ED,A2,LDX,IMM_X,2,A203,203E,1,,NATIVE_BODY
V05C000844,80:F8EF:E0M1X1,0407C77B,80,F8EF,0,1,1,0078EF,20,JSR,ABS_JUMP,3,2038FA,203E,1,,NATIVE_BODY
V05C000845,80:F8F2:E0M1X1,0407C793,80,F8F2,0,1,1,0078F2,A9,LDA,IMM_M,2,A902,203E,1,,NATIVE_BODY
V05C000846,80:F8F4:E0M1X1,0407C7A3,80,F8F4,0,1,1,0078F4,8D,STA,ABS,3,8DEC1A,203E,1,,NATIVE_BODY
V05C000847,80:F8F7:E0M1X1,0407C7BB,80,F8F7,0,1,1,0078F7,A9,LDA,IMM_M,2,A901,203E,1,,NATIVE_BODY
V05C000848,80:F8F9:E0M1X1,0407C7CB,80,F8F9,0,1,1,0078F9,8D,STA,ABS,3,8DED1A,203E,1,,NATIVE_BODY
V05C000849,80:F8FC:E0M1X1,0407C7E3,80,F8FC,0,1,1,0078FC,9C,STZ,ABS,3,9CEE1A,203E,1,,NATIVE_BODY
V05C000850,80:F8FF:E0M1X1,0407C7FB,80,F8FF,0,1,1,0078FF,60,RTS,IMP,1,60,203E,1,,NATIVE_BODY
V05C000851,80:F904:E0M1X1,0407C823,80,F904,0,1,1,007904,AD,LDA,ABS,3,AD3403,203E,1,,NATIVE_BODY
V05C000852,80:F907:E0M1X1,0407C83B,80,F907,0,1,1,007907,D0,BNE,REL8,2,D00F,203E,2,,NATIVE_BODY
V05C000853,80:F909:E0M1X1,0407C84B,80,F909,0,1,1,007909,E0,CPX,IMM_X,2,E000,203E,1,,NATIVE_BODY
V05C000854,80:F90B:E0M1X1,0407C85B,80,F90B,0,1,1,00790B,F0,BEQ,REL8,2,F003,203E,2,,NATIVE_BODY
V05C000855,80:F90D:E0M1X1,0407C86B,80,F90D,0,1,1,00790D,20,JSR,ABS_JUMP,3,2038FA,203E,1,,NATIVE_BODY
V05C000856,80:F910:E0M1X1,0407C883,80,F910,0,1,1,007910,A9,LDA,IMM_M,2,A902,203E,1,,NATIVE_BODY
V05C000857,80:F912:E0M1X1,0407C893,80,F912,0,1,1,007912,EB,XBA,IMP,1,EB,203E,1,,NATIVE_BODY
V05C000858,80:F913:E0M1X1,0407C89B,80,F913,0,1,1,007913,A9,LDA,IMM_M,2,A901,203E,1,,NATIVE_BODY
V05C000859,80:F915:E0M1X1,0407C8AB,80,F915,0,1,1,007915,20,JSR,ABS_JUMP,3,20C2F9,203E,1,,NATIVE_BODY
V05C000860,80:F918:E0M1X1,0407C8C3,80,F918,0,1,1,007918,60,RTS,IMP,1,60,203E,1,,NATIVE_BODY
V05C000861,80:F926:E0M1X1,0407C933,80,F926,0,1,1,007926,20,JSR,ABS_JUMP,3,202AF9,203E,1,,NATIVE_BODY
V05C000862,80:F929:E0M1X1,0407C94B,80,F929,0,1,1,007929,6B,RTL,IMP,1,6B,203E,2,,NATIVE_BODY
V05C000863,80:F92A:E0M1X1,0407C953,80,F92A,0,1,1,00792A,DA,PHX,IMP,1,DA,203E,1,,NATIVE_BODY
V05C000864,80:F92B:E0M1X1,0407C95B,80,F92B,0,1,1,00792B,08,PHP,IMP,1,08,203E,1,,NATIVE_BODY
V05C000865,80:F92C:E0M1X1,0407C963,80,F92C,0,1,1,00792C,E2,SEP,IMM8,2,E220,203E,1,,NATIVE_BODY
V05C000866,80:F92E:E0M1X1,0407C973,80,F92E,0,1,1,00792E,AE,LDX,ABS,3,AE3303,203E,1,,NATIVE_BODY
V05C000867,80:F931:E0M1X1,0407C98B,80,F931,0,1,1,007931,D0,BNE,REL8,2,D00A,203E,2,,NATIVE_BODY
V05C000868,80:F933:E0M1X1,0407C99B,80,F933,0,1,1,007933,C9,CMP,IMM_M,2,C932,203E,1,,NATIVE_BODY
V05C000869,80:F935:E0M1X1,0407C9AB,80,F935,0,1,1,007935,B0,BCS,REL8,2,B009,203E,1,,NATIVE_BODY
V05C000870,80:F937:E0M1X1,0407C9BB,80,F937,0,1,1,007937,EB,XBA,IMP,1,EB,203E,1,,NATIVE_BODY
V05C000871,80:F938:E0M1X1,0407C9C3,80,F938,0,1,1,007938,A9,LDA,IMM_M,2,A902,203E,1,,NATIVE_BODY
V05C000872,80:F93A:E0M1X1,0407C9D3,80,F93A,0,1,1,00793A,20,JSR,ABS_JUMP,3,20C2F9,203E,1,,NATIVE_BODY
V05C000873,80:F93D:E0M1X1,0407C9EB,80,F93D,0,1,1,00793D,28,PLP,IMP,1,28,203E,1,,NATIVE_BODY
V05C000874,80:F93E:E0M1X1,0407C9F3,80,F93E,0,1,1,00793E,FA,PLX,IMP,1,FA,203E,1,,NATIVE_BODY
V05C000875,80:F93F:E0M1X1,0407C9FB,80,F93F,0,1,1,00793F,60,RTS,IMP,1,60,203E,3,,NATIVE_BODY
V05C000876,80:F97B:E0M1X1,0407CBDB,80,F97B,0,1,1,00797B,EB,XBA,IMP,1,EB,203E,1,,NATIVE_BODY
V05C000877,80:F97C:E0M1X1,0407CBE3,80,F97C,0,1,1,00797C,A9,LDA,IMM_M,2,A907,203E,1,,NATIVE_BODY
V05C000878,80:F97E:E0M1X1,0407CBF3,80,F97E,0,1,1,00797E,20,JSR,ABS_JUMP,3,20C2F9,203E,1,,NATIVE_BODY
V05C000879,80:F981:E0M1X1,0407CC0B,80,F981,0,1,1,007981,60,RTS,IMP,1,60,203E,1,,NATIVE_BODY
V05C000880,80:F982:E0M1X1,0407CC13,80,F982,0,1,1,007982,20,JSR,ABS_JUMP,3,2086F9,203E,1,,NATIVE_BODY
V05C000881,80:F985:E0M1X1,0407CC2B,80,F985,0,1,1,007985,6B,RTL,IMP,1,6B,203E,6,,NATIVE_BODY
V05C000882,80:F986:E0M1X1,0407CC33,80,F986,0,1,1,007986,08,PHP,IMP,1,08,203E,1,,NATIVE_BODY
V05C000883,80:F987:E0M1X1,0407CC3B,80,F987,0,1,1,007987,C2,REP,IMM8,2,C220,203E,1,,NATIVE_BODY
V05C000884,80:F989:E0M0X1,0407CC49,80,F989,0,0,1,007989,AD,LDA,ABS,3,AD5C1A,203E,1,,NATIVE_BODY
V05C000885,80:F98C:E0M0X1,0407CC61,80,F98C,0,0,1,00798C,CD,CMP,ABS,3,CD5E1A,203E,1,,NATIVE_BODY
V05C000886,80:F98F:E0M0X1,0407CC79,80,F98F,0,0,1,00798F,F0,BEQ,REL8,2,F005,203E,2,,NATIVE_BODY
V05C000887,80:F991:E0M0X1,0407CC89,80,F991,0,0,1,007991,20,JSR,ABS_JUMP,3,20F6F9,203E,1,,NATIVE_BODY
V05C000888,80:F994:E0M0X1,0407CCA1,80,F994,0,0,1,007994,80,BRA,REL8,2,80F3,203E,1,,NATIVE_BODY
V05C000889,80:F996:E0M0X1,0407CCB1,80,F996,0,0,1,007996,28,PLP,IMP,1,28,203E,1,,NATIVE_BODY
V05C000890,80:F997:E0M1X1,0407CCBB,80,F997,0,1,1,007997,60,RTS,IMP,1,60,203E,2,,NATIVE_BODY
V05C000891,80:F9C2:E0M1X1,0407CE13,80,F9C2,0,1,1,0079C2,08,PHP,IMP,1,08,203E,1,,NATIVE_BODY
V05C000892,80:F9C3:E0M1X1,0407CE1B,80,F9C3,0,1,1,0079C3,C2,REP,IMM8,2,C230,203E,1,,NATIVE_BODY
V05C000893,80:F9C5:E0M0X0,0407CE28,80,F9C5,0,0,0,0079C5,DA,PHX,IMP,1,DA,203E,1,,NATIVE_BODY
V05C000894,80:F9C6:E0M0X0,0407CE30,80,F9C6,0,0,0,0079C6,5A,PHY,IMP,1,5A,203E,1,,NATIVE_BODY
V05C000895,80:F9C7:E0M0X0,0407CE38,80,F9C7,0,0,0,0079C7,48,PHA,IMP,1,48,203E,1,,NATIVE_BODY
V05C000896,80:F9C8:E0M0X0,0407CE40,80,F9C8,0,0,0,0079C8,E2,SEP,IMM8,2,E230,203E,1,,NATIVE_BODY
V05C000897,80:F9CA:E0M1X1,0407CE53,80,F9CA,0,1,1,0079CA,AD,LDA,ABS,3,AD5E1A,203E,1,,NATIVE_BODY
V05C000898,80:F9CD:E0M1X1,0407CE6B,80,F9CD,0,1,1,0079CD,AA,TAX,IMP,1,AA,203E,1,,NATIVE_BODY
V05C000899,80:F9CE:E0M1X1,0407CE73,80,F9CE,0,1,1,0079CE,1A,INC,ACC,1,1A,203E,1,,NATIVE_BODY
V05C000900,80:F9CF:E0M1X1,0407CE7B,80,F9CF,0,1,1,0079CF,29,AND,IMM_M,2,293F,203E,1,,NATIVE_BODY
V05C000901,80:F9D1:E0M1X1,0407CE8B,80,F9D1,0,1,1,0079D1,CD,CMP,ABS,3,CD5C1A,203E,1,,NATIVE_BODY
V05C000902,80:F9D4:E0M1X1,0407CEA3,80,F9D4,0,1,1,0079D4,F0,BEQ,REL8,2,F015,203E,2,,NATIVE_BODY
V05C000903,80:F9D6:E0M1X1,0407CEB3,80,F9D6,0,1,1,0079D6,68,PLA,IMP,1,68,203E,1,,NATIVE_BODY
V05C000904,80:F9D7:E0M1X1,0407CEBB,80,F9D7,0,1,1,0079D7,9D,STA,ABS_X,3,9DA21A,203E,1,,NATIVE_BODY
V05C000905,80:F9DA:E0M1X1,0407CED3,80,F9DA,0,1,1,0079DA,68,PLA,IMP,1,68,203E,1,,NATIVE_BODY
V05C000906,80:F9DB:E0M1X1,0407CEDB,80,F9DB,0,1,1,0079DB,9D,STA,ABS_X,3,9D621A,203E,1,,NATIVE_BODY
V05C000907,80:F9DE:E0M1X1,0407CEF3,80,F9DE,0,1,1,0079DE,E8,INX,IMP,1,E8,203E,1,,NATIVE_BODY
V05C000908,80:F9DF:E0M1X1,0407CEFB,80,F9DF,0,1,1,0079DF,8A,TXA,IMP,1,8A,203E,1,,NATIVE_BODY
V05C000909,80:F9E0:E0M1X1,0407CF03,80,F9E0,0,1,1,0079E0,29,AND,IMM_M,2,293F,203E,1,,NATIVE_BODY
V05C000910,80:F9E2:E0M1X1,0407CF13,80,F9E2,0,1,1,0079E2,8D,STA,ABS,3,8D5E1A,203E,1,,NATIVE_BODY
V05C000911,80:F9E5:E0M1X1,0407CF2B,80,F9E5,0,1,1,0079E5,C2,REP,IMM8,2,C230,203E,1,,NATIVE_BODY
V05C000912,80:F9E7:E0M0X0,0407CF38,80,F9E7,0,0,0,0079E7,7A,PLY,IMP,1,7A,203E,1,,NATIVE_BODY
V05C000913,80:F9E8:E0M0X0,0407CF40,80,F9E8,0,0,0,0079E8,FA,PLX,IMP,1,FA,203E,1,,NATIVE_BODY
V05C000914,80:F9E9:E0M0X0,0407CF48,80,F9E9,0,0,0,0079E9,28,PLP,IMP,1,28,203E,1,,NATIVE_BODY
V05C000915,80:F9EA:E0M1X1,0407CF53,80,F9EA,0,1,1,0079EA,60,RTS,IMP,1,60,203E,3,,NATIVE_BODY
V05C000916,80:F9EB:E0M1X1,0407CF5B,80,F9EB,0,1,1,0079EB,C2,REP,IMM8,2,C230,203E,1,,NATIVE_BODY
V05C000917,80:F9ED:E0M0X0,0407CF68,80,F9ED,0,0,0,0079ED,68,PLA,IMP,1,68,203E,1,,NATIVE_BODY
V05C000918,80:F9EE:E0M0X0,0407CF70,80,F9EE,0,0,0,0079EE,7A,PLY,IMP,1,7A,203E,1,,NATIVE_BODY
V05C000919,80:F9EF:E0M0X0,0407CF78,80,F9EF,0,0,0,0079EF,FA,PLX,IMP,1,FA,203E,1,,NATIVE_BODY
V05C000920,80:F9F0:E0M0X0,0407CF80,80,F9F0,0,0,0,0079F0,28,PLP,IMP,1,28,203E,1,,NATIVE_BODY
V05C000921,80:F9F1:E0M1X1,0407CF8B,80,F9F1,0,1,1,0079F1,60,RTS,IMP,1,60,203E,3,,NATIVE_BODY
V05C000922,80:F9F6:E0M0X1,0407CFB1,80,F9F6,0,0,1,0079F6,08,PHP,IMP,1,08,203E,1,,NATIVE_BODY
V05C000923,80:F9F7:E0M0X1,0407CFB9,80,F9F7,0,0,1,0079F7,C2,REP,IMM8,2,C230,203E,1,,NATIVE_BODY
V05C000924,80:F9F9:E0M0X0,0407CFC8,80,F9F9,0,0,0,0079F9,DA,PHX,IMP,1,DA,203E,1,,NATIVE_BODY
V05C000925,80:F9FA:E0M0X0,0407CFD0,80,F9FA,0,0,0,0079FA,5A,PHY,IMP,1,5A,203E,1,,NATIVE_BODY
V05C000926,80:F9FB:E0M0X0,0407CFD8,80,F9FB,0,0,0,0079FB,E2,SEP,IMM8,2,E230,203E,1,,NATIVE_BODY
V05C000927,80:F9FD:E0M1X1,0407CFEB,80,F9FD,0,1,1,0079FD,AD,LDA,ABS,3,AD4221,203E,1,,NATIVE_BODY
V05C000928,80:FA00:E0M1X1,0407D003,80,FA00,0,1,1,007A00,CD,CMP,ABS,3,CD601A,203E,1,,NATIVE_BODY
V05C000929,80:FA03:E0M1X1,0407D01B,80,FA03,0,1,1,007A03,D0,BNE,REL8,2,D02C,203E,2,,NATIVE_BODY
V05C000930,80:FA05:E0M1X1,0407D02B,80,FA05,0,1,1,007A05,EB,XBA,IMP,1,EB,203E,1,,NATIVE_BODY
V05C000931,80:FA06:E0M1X1,0407D033,80,FA06,0,1,1,007A06,AD,LDA,ABS,3,AD5C1A,203E,1,,NATIVE_BODY
V05C000932,80:FA09:E0M1X1,0407D04B,80,FA09,0,1,1,007A09,CD,CMP,ABS,3,CD5E1A,203E,1,,NATIVE_BODY
V05C000933,80:FA0C:E0M1X1,0407D063,80,FA0C,0,1,1,007A0C,F0,BEQ,REL8,2,F023,203E,2,,NATIVE_BODY
V05C000934,80:FA0E:E0M1X1,0407D073,80,FA0E,0,1,1,007A0E,AA,TAX,IMP,1,AA,203E,1,,NATIVE_BODY
V05C000935,80:FA0F:E0M1X1,0407D07B,80,FA0F,0,1,1,007A0F,BD,LDA,ABS_X,3,BD621A,203E,1,,NATIVE_BODY
V05C000936,80:FA12:E0M1X1,0407D093,80,FA12,0,1,1,007A12,48,PHA,IMP,1,48,203E,1,,NATIVE_BODY
V05C000937,80:FA13:E0M1X1,0407D09B,80,FA13,0,1,1,007A13,EB,XBA,IMP,1,EB,203E,1,,NATIVE_BODY
V05C000938,80:FA14:E0M1X1,0407D0A3,80,FA14,0,1,1,007A14,49,EOR,IMM_M,2,49C0,203E,1,,NATIVE_BODY
V05C000939,80:FA16:E0M1X1,0407D0B3,80,FA16,0,1,1,007A16,8D,STA,ABS,3,8D601A,203E,1,,NATIVE_BODY
V05C000940,80:FA19:E0M1X1,0407D0CB,80,FA19,0,1,1,007A19,1D,ORA,ABS_X,3,1DA21A,203E,1,,NATIVE_BODY
V05C000941,80:FA1C:E0M1X1,0407D0E3,80,FA1C,0,1,1,007A1C,48,PHA,IMP,1,48,203E,1,,NATIVE_BODY
V05C000942,80:FA1D:E0M1X1,0407D0EB,80,FA1D,0,1,1,007A1D,8A,TXA,IMP,1,8A,203E,1,,NATIVE_BODY
V05C000943,80:FA1E:E0M1X1,0407D0F3,80,FA1E,0,1,1,007A1E,1A,INC,ACC,1,1A,203E,1,,NATIVE_BODY
V05C000944,80:FA1F:E0M1X1,0407D0FB,80,FA1F,0,1,1,007A1F,29,AND,IMM_M,2,293F,203E,1,,NATIVE_BODY
V05C000945,80:FA21:E0M1X1,0407D10B,80,FA21,0,1,1,007A21,8D,STA,ABS,3,8D5C1A,203E,1,,NATIVE_BODY
V05C000946,80:FA24:E0M1X1,0407D123,80,FA24,0,1,1,007A24,C2,REP,IMM8,2,C220,203E,1,,NATIVE_BODY
V05C000947,80:FA26:E0M0X1,0407D131,80,FA26,0,0,1,007A26,68,PLA,IMP,1,68,203E,1,,NATIVE_BODY
V05C000948,80:FA27:E0M0X1,0407D139,80,FA27,0,0,1,007A27,8D,STA,ABS,3,8D4221,203E,1,,NATIVE_BODY
V05C000949,80:FA2A:E0M0X1,0407D151,80,FA2A,0,0,1,007A2A,C2,REP,IMM8,2,C230,203E,1,,NATIVE_BODY
V05C000950,80:FA2C:E0M0X0,0407D160,80,FA2C,0,0,0,007A2C,7A,PLY,IMP,1,7A,203E,1,,NATIVE_BODY
V05C000951,80:FA2D:E0M0X0,0407D168,80,FA2D,0,0,0,007A2D,FA,PLX,IMP,1,FA,203E,1,,NATIVE_BODY
V05C000952,80:FA2E:E0M0X0,0407D170,80,FA2E,0,0,0,007A2E,28,PLP,IMP,1,28,203E,1,,NATIVE_BODY
V05C000953,80:FA2F:E0M0X1,0407D179,80,FA2F,0,0,1,007A2F,18,CLC,IMP,1,18,203E,1,,NATIVE_BODY
V05C000954,80:FA30:E0M0X1,0407D181,80,FA30,0,0,1,007A30,60,RTS,IMP,1,60,203E,1,,NATIVE_BODY
V05C000955,80:FA31:E0M1X1,0407D18B,80,FA31,0,1,1,007A31,C2,REP,IMM8,2,C230,203E,1,,NATIVE_BODY
V05C000956,80:FA33:E0M0X0,0407D198,80,FA33,0,0,0,007A33,7A,PLY,IMP,1,7A,203E,1,,NATIVE_BODY
V05C000957,80:FA34:E0M0X0,0407D1A0,80,FA34,0,0,0,007A34,FA,PLX,IMP,1,FA,203E,1,,NATIVE_BODY
V05C000958,80:FA35:E0M0X0,0407D1A8,80,FA35,0,0,0,007A35,28,PLP,IMP,1,28,203E,1,,NATIVE_BODY
V05C000959,80:FA36:E0M0X1,0407D1B1,80,FA36,0,0,1,007A36,38,SEC,IMP,1,38,203E,1,,NATIVE_BODY
V05C000960,80:FA37:E0M0X1,0407D1B9,80,FA37,0,0,1,007A37,60,RTS,IMP,1,60,203E,1,,NATIVE_BODY
V05C000961,80:FA38:E0M1X1,0407D1C3,80,FA38,0,1,1,007A38,08,PHP,IMP,1,08,203E,1,,NATIVE_BODY
V05C000962,80:FA39:E0M1X1,0407D1CB,80,FA39,0,1,1,007A39,C2,REP,IMM8,2,C230,203E,1,,NATIVE_BODY
V05C000963,80:FA3B:E0M0X0,0407D1D8,80,FA3B,0,0,0,007A3B,48,PHA,IMP,1,48,203E,1,,NATIVE_BODY
V05C000964,80:FA3C:E0M0X0,0407D1E0,80,FA3C,0,0,0,007A3C,DA,PHX,IMP,1,DA,203E,1,,NATIVE_BODY
V05C000965,80:FA3D:E0M0X0,0407D1E8,80,FA3D,0,0,0,007A3D,5A,PHY,IMP,1,5A,203E,1,,NATIVE_BODY
V05C000966,80:FA3E:E0M0X0,0407D1F0,80,FA3E,0,0,0,007A3E,E2,SEP,IMM8,2,E220,203E,1,,NATIVE_BODY
V05C000967,80:FA40:E0M1X0,0407D202,80,FA40,0,1,0,007A40,A9,LDA,IMM_M,2,A9FF,203E,1,,NATIVE_BODY
V05C000968,80:FA42:E0M1X0,0407D212,80,FA42,0,1,0,007A42,8D,STA,ABS,3,8D4021,203E,1,,NATIVE_BODY
V05C000969,80:FA45:E0M1X0,0407D22A,80,FA45,0,1,0,007A45,20,JSR,ABS_JUMP,3,20EAFA,203E,1,,NATIVE_BODY
V05C000970,80:FA48:E0M1X0,0407D242,80,FA48,0,1,0,007A48,C2,REP,IMM8,2,C230,203E,1,,NATIVE_BODY
V05C000971,80:FA4A:E0M0X0,0407D250,80,FA4A,0,0,0,007A4A,A9,LDA,IMM_M,3,A9AABB,203E,1,,NATIVE_BODY
V05C000972,80:FA4D:E0M0X0,0407D268,80,FA4D,0,0,0,007A4D,CD,CMP,ABS,3,CD4021,203E,1,,NATIVE_BODY
V05C000973,80:FA50:E0M0X0,0407D280,80,FA50,0,0,0,007A50,D0,BNE,REL8,2,D0FB,203E,2,,NATIVE_BODY
V05C000974,80:FA52:E0M0X0,0407D290,80,FA52,0,0,0,007A52,A7,LDA,DP_IND_LONG,2,A791,203E,1,,NATIVE_BODY
V05C000975,80:FA54:E0M0X0,0407D2A0,80,FA54,0,0,0,007A54,AA,TAX,IMP,1,AA,203E,1,,NATIVE_BODY
V05C000976,80:FA55:E0M0X0,0407D2A8,80,FA55,0,0,0,007A55,20,JSR,ABS_JUMP,3,201DFB,203E,1,,NATIVE_BODY
V05C000977,80:FA58:E0M0X0,0407D2C0,80,FA58,0,0,0,007A58,20,JSR,ABS_JUMP,3,201DFB,203E,1,,NATIVE_BODY
V05C000978,80:FA5B:E0M0X0,0407D2D8,80,FA5B,0,0,0,007A5B,E2,SEP,IMM8,2,E220,203E,1,,NATIVE_BODY
V05C000979,80:FA5D:E0M1X0,0407D2EA,80,FA5D,0,1,0,007A5D,64,STZ,DP,2,6490,203E,1,,NATIVE_BODY
V05C000980,80:FA5F:E0M1X0,0407D2FA,80,FA5F,0,1,0,007A5F,A7,LDA,DP_IND_LONG,2,A791,203E,1,,NATIVE_BODY
V05C000981,80:FA61:E0M1X0,0407D30A,80,FA61,0,1,0,007A61,8D,STA,ABS,3,8D4221,203E,1,,NATIVE_BODY
V05C000982,80:FA64:E0M1X0,0407D322,80,FA64,0,1,0,007A64,20,JSR,ABS_JUMP,3,201DFB,203E,1,,NATIVE_BODY
V05C000983,80:FA67:E0M1X0,0407D33A,80,FA67,0,1,0,007A67,A7,LDA,DP_IND_LONG,2,A791,203E,1,,NATIVE_BODY
V05C000984,80:FA69:E0M1X0,0407D34A,80,FA69,0,1,0,007A69,8D,STA,ABS,3,8D4321,203E,1,,NATIVE_BODY
V05C000985,80:FA6C:E0M1X0,0407D362,80,FA6C,0,1,0,007A6C,20,JSR,ABS_JUMP,3,201DFB,203E,1,,NATIVE_BODY
V05C000986,80:FA6F:E0M1X0,0407D37A,80,FA6F,0,1,0,007A6F,C2,REP,IMM8,2,C220,203E,1,,NATIVE_BODY
V05C000987,80:FA71:E0M0X0,0407D388,80,FA71,0,0,0,007A71,A7,LDA,DP_IND_LONG,2,A791,203E,1,,NATIVE_BODY
V05C000988,80:FA73:E0M0X0,0407D398,80,FA73,0,0,0,007A73,48,PHA,IMP,1,48,203E,1,,NATIVE_BODY
V05C000989,80:FA74:E0M0X0,0407D3A0,80,FA74,0,0,0,007A74,E2,SEP,IMM8,2,E220,203E,1,,NATIVE_BODY
V05C000990,80:FA76:E0M1X0,0407D3B2,80,FA76,0,1,0,007A76,20,JSR,ABS_JUMP,3,201DFB,203E,1,,NATIVE_BODY
V05C000991,80:FA79:E0M1X0,0407D3CA,80,FA79,0,1,0,007A79,A9,LDA,IMM_M,2,A901,203E,1,,NATIVE_BODY
V05C000992,80:FA7B:E0M1X0,0407D3DA,80,FA7B,0,1,0,007A7B,8D,STA,ABS,3,8D4121,203E,1,,NATIVE_BODY
V05C000993,80:FA7E:E0M1X0,0407D3F2,80,FA7E,0,1,0,007A7E,A9,LDA,IMM_M,2,A9CC,203E,1,,NATIVE_BODY
V05C000994,80:FA80:E0M1X0,0407D402,80,FA80,0,1,0,007A80,8D,STA,ABS,3,8D4021,203E,1,,NATIVE_BODY
V05C000995,80:FA83:E0M1X0,0407D41A,80,FA83,0,1,0,007A83,CD,CMP,ABS,3,CD4021,203E,1,,NATIVE_BODY
V05C000996,80:FA86:E0M1X0,0407D432,80,FA86,0,1,0,007A86,D0,BNE,REL8,2,D0F6,203E,2,,NATIVE_BODY
V05C000997,80:FA88:E0M1X0,0407D442,80,FA88,0,1,0,007A88,20,JSR,ABS_JUMP,3,201DFB,203E,1,,NATIVE_BODY
V05C000998,80:FA8B:E0M1X0,0407D45A,80,FA8B,0,1,0,007A8B,A7,LDA,DP_IND_LONG,2,A791,203E,1,,NATIVE_BODY
V05C000999,80:FA8D:E0M1X0,0407D46A,80,FA8D,0,1,0,007A8D,8D,STA,ABS,3,8D4121,203E,1,,NATIVE_BODY
V05C001000,80:FA90:E0M1X0,0407D482,80,FA90,0,1,0,007A90,A5,LDA,DP,2,A590,203E,1,,NATIVE_BODY
V05C001001,80:FA92:E0M1X0,0407D492,80,FA92,0,1,0,007A92,8D,STA,ABS,3,8D4021,203E,1,,NATIVE_BODY
V05C001002,80:FA95:E0M1X0,0407D4AA,80,FA95,0,1,0,007A95,CD,CMP,ABS,3,CD4021,203E,1,,NATIVE_BODY
V05C001003,80:FA98:E0M1X0,0407D4C2,80,FA98,0,1,0,007A98,D0,BNE,REL8,2,D0FB,203E,2,,NATIVE_BODY
V05C001004,80:FA9A:E0M1X0,0407D4D2,80,FA9A,0,1,0,007A9A,E6,INC,DP,2,E690,203E,1,,NATIVE_BODY
V05C001005,80:FA9C:E0M1X0,0407D4E2,80,FA9C,0,1,0,007A9C,CA,DEX,IMP,1,CA,203E,1,,NATIVE_BODY
V05C001006,80:FA9D:E0M1X0,0407D4EA,80,FA9D,0,1,0,007A9D,D0,BNE,REL8,2,D0E9,203E,2,,NATIVE_BODY
V05C001007,80:FA9F:E0M1X0,0407D4FA,80,FA9F,0,1,0,007A9F,C2,REP,IMM8,2,C220,203E,1,,NATIVE_BODY
V05C001008,80:FAA1:E0M0X0,0407D508,80,FAA1,0,0,0,007AA1,68,PLA,IMP,1,68,203E,1,,NATIVE_BODY
V05C001009,80:FAA2:E0M0X0,0407D510,80,FAA2,0,0,0,007AA2,D0,BNE,REL8,2,D003,203E,2,,NATIVE_BODY
V05C001010,80:FAA4:E0M0X0,0407D520,80,FAA4,0,0,0,007AA4,A9,LDA,IMM_M,3,A9C0FF,203E,1,,NATIVE_BODY
V05C001011,80:FAA7:E0M0X0,0407D538,80,FAA7,0,0,0,007AA7,48,PHA,IMP,1,48,203E,1,,NATIVE_BODY
V05C001012,80:FAA8:E0M0X0,0407D540,80,FAA8,0,0,0,007AA8,8D,STA,ABS,3,8D4221,203E,1,,NATIVE_BODY
V05C001013,80:FAAB:E0M0X0,0407D558,80,FAAB,0,0,0,007AAB,E2,SEP,IMM8,2,E220,203E,1,,NATIVE_BODY
V05C001014,80:FAAD:E0M1X0,0407D56A,80,FAAD,0,1,0,007AAD,9C,STZ,ABS,3,9C4121,203E,1,,NATIVE_BODY
V05C001015,80:FAB0:E0M1X0,0407D582,80,FAB0,0,1,0,007AB0,A5,LDA,DP,2,A590,203E,1,,NATIVE_BODY
V05C001016,80:FAB2:E0M1X0,0407D592,80,FAB2,0,1,0,007AB2,18,CLC,IMP,1,18,203E,1,,NATIVE_BODY
V05C001017,80:FAB3:E0M1X0,0407D59A,80,FAB3,0,1,0,007AB3,69,ADC,IMM_M,2,6903,203E,1,,NATIVE_BODY
V05C001018,80:FAB5:E0M1X0,0407D5AA,80,FAB5,0,1,0,007AB5,8D,STA,ABS,3,8D4021,203E,1,,NATIVE_BODY
V05C001019,80:FAB8:E0M1X0,0407D5C2,80,FAB8,0,1,0,007AB8,C2,REP,IMM8,2,C220,203E,1,,NATIVE_BODY
V05C001020,80:FABA:E0M0X0,0407D5D0,80,FABA,0,0,0,007ABA,FA,PLX,IMP,1,FA,203E,1,,NATIVE_BODY
V05C001021,80:FABB:E0M0X0,0407D5D8,80,FABB,0,0,0,007ABB,E0,CPX,IMM_X,3,E0C0FF,203E,1,,NATIVE_BODY
V05C001022,80:FABE:E0M0X0,0407D5F0,80,FABE,0,0,0,007ABE,F0,BEQ,REL8,2,F01C,203E,2,,NATIVE_BODY
V05C001023,80:FAC0:E0M0X0,0407D600,80,FAC0,0,0,0,007AC0,E2,SEP,IMM8,2,E220,203E,1,,NATIVE_BODY
V05C001024,80:FAC2:E0M1X0,0407D612,80,FAC2,0,1,0,007AC2,A9,LDA,IMM_M,2,A980,203E,1,,NATIVE_BODY
V05C001025,80:FAC4:E0M1X0,0407D622,80,FAC4,0,1,0,007AC4,CD,CMP,ABS,3,CD4221,203E,1,,NATIVE_BODY
V05C001026,80:FAC7:E0M1X0,0407D63A,80,FAC7,0,1,0,007AC7,D0,BNE,REL8,2,D0FB,203E,2,,NATIVE_BODY
V05C001027,80:FAC9:E0M1X0,0407D64A,80,FAC9,0,1,0,007AC9,8D,STA,ABS,3,8D601A,203E,1,,NATIVE_BODY
V05C001028,80:FACC:E0M1X0,0407D662,80,FACC,0,1,0,007ACC,8D,STA,ABS,3,8D4221,203E,1,,NATIVE_BODY
V05C001029,80:FACF:E0M1X0,0407D67A,80,FACF,0,1,0,007ACF,C2,REP,IMM8,2,C220,203E,1,,NATIVE_BODY
V05C001030,80:FAD1:E0M0X0,0407D688,80,FAD1,0,0,0,007AD1,A9,LDA,IMM_M,3,A90100,203E,1,,NATIVE_BODY
V05C001031,80:FAD4:E0M0X0,0407D6A0,80,FAD4,0,0,0,007AD4,8D,STA,ABS,3,8D5C1A,203E,1,,NATIVE_BODY
V05C001032,80:FAD7:E0M0X0,0407D6B8,80,FAD7,0,0,0,007AD7,8D,STA,ABS,3,8D5E1A,203E,1,,NATIVE_BODY
V05C001033,80:FADA:E0M0X0,0407D6D0,80,FADA,0,0,0,007ADA,80,BRA,REL8,2,8007,203E,1,,NATIVE_BODY
V05C001034,80:FADC:E0M0X0,0407D6E0,80,FADC,0,0,0,007ADC,E2,SEP,IMM8,2,E220,203E,1,,NATIVE_BODY
V05C001035,80:FADE:E0M1X0,0407D6F2,80,FADE,0,1,0,007ADE,CD,CMP,ABS,3,CD4021,203E,1,,NATIVE_BODY
V05C001036,80:FAE1:E0M1X0,0407D70A,80,FAE1,0,1,0,007AE1,D0,BNE,REL8,2,D0FB,203E,2,,NATIVE_BODY
V05C001037,80:FAE3:E0M0X0,0407D718,80,FAE3,0,0,0,007AE3,C2,REP,IMM8,2,C220,203E,1,,NATIVE_BODY
V05C001038,80:FAE3:E0M1X0,0407D71A,80,FAE3,0,1,0,007AE3,C2,REP,IMM8,2,C220,203E,1,,NATIVE_BODY
V05C001039,80:FAE5:E0M0X0,0407D728,80,FAE5,0,0,0,007AE5,7A,PLY,IMP,1,7A,203E,1,,NATIVE_BODY
V05C001040,80:FAE6:E0M0X0,0407D730,80,FAE6,0,0,0,007AE6,FA,PLX,IMP,1,FA,203E,1,,NATIVE_BODY
V05C001041,80:FAE7:E0M0X0,0407D738,80,FAE7,0,0,0,007AE7,68,PLA,IMP,1,68,203E,1,,NATIVE_BODY
V05C001042,80:FAE8:E0M0X0,0407D740,80,FAE8,0,0,0,007AE8,28,PLP,IMP,1,28,203E,1,,NATIVE_BODY
V05C001043,80:FAE9:E0M1X1,0407D74B,80,FAE9,0,1,1,007AE9,60,RTS,IMP,1,60,203E,5,,NATIVE_BODY
V05C001044,80:FAEA:E0M1X0,0407D752,80,FAEA,0,1,0,007AEA,08,PHP,IMP,1,08,203E,1,,NATIVE_BODY
V05C001045,80:FAEB:E0M1X0,0407D75A,80,FAEB,0,1,0,007AEB,E2,SEP,IMM8,2,E220,203E,1,,NATIVE_BODY
V05C001046,80:FAED:E0M1X0,0407D76A,80,FAED,0,1,0,007AED,A9,LDA,IMM_M,2,A982,203E,1,,NATIVE_BODY
V05C001047,80:FAEF:E0M1X0,0407D77A,80,FAEF,0,1,0,007AEF,85,STA,DP,2,8593,203E,1,,NATIVE_BODY
V05C001048,80:FAF1:E0M1X0,0407D78A,80,FAF1,0,1,0,007AF1,C2,REP,IMM8,2,C230,203E,1,,NATIVE_BODY
V05C001049,80:FAF3:E0M0X0,0407D798,80,FAF3,0,0,0,007AF3,8A,TXA,IMP,1,8A,203E,1,,NATIVE_BODY
V05C001050,80:FAF4:E0M0X0,0407D7A0,80,FAF4,0,0,0,007AF4,29,AND,IMM_M,3,29FF00,203E,1,,NATIVE_BODY
V05C001051,80:FAF7:E0M0X0,0407D7B8,80,FAF7,0,0,0,007AF7,AA,TAX,IMP,1,AA,203E,1,,NATIVE_BODY
V05C001052,80:FAF8:E0M0X0,0407D7C0,80,FAF8,0,0,0,007AF8,A9,LDA,IMM_M,3,A90080,203E,1,,NATIVE_BODY
V05C001053,80:FAFB:E0M0X0,0407D7D8,80,FAFB,0,0,0,007AFB,85,STA,DP,2,8591,203E,1,,NATIVE_BODY
V05C001054,80:FAFD:E0M0X0,0407D7E8,80,FAFD,0,0,0,007AFD,CA,DEX,IMP,1,CA,203E,1,,NATIVE_BODY
V05C001055,80:FAFE:E0M0X0,0407D7F0,80,FAFE,0,0,0,007AFE,30,BMI,REL8,2,301B,203E,2,,NATIVE_BODY
V05C001056,80:FB00:E0M0X0,0407D800,80,FB00,0,0,0,007B00,18,CLC,IMP,1,18,203E,1,,NATIVE_BODY
V05C001057,80:FB01:E0M0X0,0407D808,80,FB01,0,0,0,007B01,67,ADC,DP_IND_LONG,2,6791,203E,1,,NATIVE_BODY
V05C001058,80:FB03:E0M0X0,0407D818,80,FB03,0,0,0,007B03,90,BCC,REL8,2,9006,203E,2,,NATIVE_BODY
V05C001059,80:FB05:E0M0X0,0407D828,80,FB05,0,0,0,007B05,E6,INC,DP,2,E693,203E,1,,NATIVE_BODY
V05C001060,80:FB07:E0M0X0,0407D838,80,FB07,0,0,0,007B07,38,SEC,IMP,1,38,203E,1,,NATIVE_BODY
V05C001061,80:FB08:E0M0X0,0407D840,80,FB08,0,0,0,007B08,E9,SBC,IMM_M,3,E90080,203E,1,,NATIVE_BODY
V05C001062,80:FB0B:E0M0X0,0407D858,80,FB0B,0,0,0,007B0B,18,CLC,IMP,1,18,203E,1,,NATIVE_BODY
V05C001063,80:FB0C:E0M0X0,0407D860,80,FB0C,0,0,0,007B0C,69,ADC,IMM_M,3,690600,203E,1,,NATIVE_BODY
V05C001064,80:FB0F:E0M0X0,0407D878,80,FB0F,0,0,0,007B0F,90,BCC,REL8,2,9006,203E,2,,NATIVE_BODY
V05C001065,80:FB11:E0M0X0,0407D888,80,FB11,0,0,0,007B11,E6,INC,DP,2,E693,203E,1,,NATIVE_BODY
V05C001066,80:FB13:E0M0X0,0407D898,80,FB13,0,0,0,007B13,38,SEC,IMP,1,38,203E,1,,NATIVE_BODY
V05C001067,80:FB14:E0M0X0,0407D8A0,80,FB14,0,0,0,007B14,E9,SBC,IMM_M,3,E90080,203E,1,,NATIVE_BODY
V05C001068,80:FB17:E0M0X0,0407D8B8,80,FB17,0,0,0,007B17,85,STA,DP,2,8591,203E,1,,NATIVE_BODY
V05C001069,80:FB19:E0M0X0,0407D8C8,80,FB19,0,0,0,007B19,80,BRA,REL8,2,80E2,203E,1,,NATIVE_BODY
V05C001070,80:FB1B:E0M0X0,0407D8D8,80,FB1B,0,0,0,007B1B,28,PLP,IMP,1,28,203E,1,,NATIVE_BODY
V05C001071,80:FB1C:E0M1X0,0407D8E2,80,FB1C,0,1,0,007B1C,60,RTS,IMP,1,60,203E,1,,NATIVE_BODY
V05C001072,80:FB1D:E0M0X0,0407D8E8,80,FB1D,0,0,0,007B1D,08,PHP,IMP,1,08,203E,1,,NATIVE_BODY
V05C001073,80:FB1D:E0M1X0,0407D8EA,80,FB1D,0,1,0,007B1D,08,PHP,IMP,1,08,203E,1,,NATIVE_BODY
V05C001074,80:FB1E:E0M0X0,0407D8F0,80,FB1E,0,0,0,007B1E,C2,REP,IMM8,2,C230,203E,1,,NATIVE_BODY
V05C001075,80:FB1E:E0M1X0,0407D8F2,80,FB1E,0,1,0,007B1E,C2,REP,IMM8,2,C230,203E,1,,NATIVE_BODY
V05C001076,80:FB20:E0M0X0,0407D900,80,FB20,0,0,0,007B20,E6,INC,DP,2,E691,203E,1,,NATIVE_BODY
V05C001077,80:FB22:E0M0X0,0407D910,80,FB22,0,0,0,007B22,D0,BNE,REL8,2,D009,203E,2,,NATIVE_BODY
V05C001078,80:FB24:E0M0X0,0407D920,80,FB24,0,0,0,007B24,A9,LDA,IMM_M,3,A90080,203E,1,,NATIVE_BODY
V05C001079,80:FB27:E0M0X0,0407D938,80,FB27,0,0,0,007B27,85,STA,DP,2,8591,203E,1,,NATIVE_BODY
V05C001080,80:FB29:E0M0X0,0407D948,80,FB29,0,0,0,007B29,E2,SEP,IMM8,2,E220,203E,1,,NATIVE_BODY
V05C001081,80:FB2B:E0M1X0,0407D95A,80,FB2B,0,1,0,007B2B,E6,INC,DP,2,E693,203E,1,,NATIVE_BODY
V05C001082,80:FB2D:E0M0X0,0407D968,80,FB2D,0,0,0,007B2D,28,PLP,IMP,1,28,203E,2,,NATIVE_BODY
V05C001083,80:FB2D:E0M1X0,0407D96A,80,FB2D,0,1,0,007B2D,28,PLP,IMP,1,28,203E,2,,NATIVE_BODY
V05C001084,80:FB2E:E0M0X0,0407D970,80,FB2E,0,0,0,007B2E,60,RTS,IMP,1,60,203E,2,,NATIVE_BODY
V05C001085,80:FB2E:E0M1X0,0407D972,80,FB2E,0,1,0,007B2E,60,RTS,IMP,1,60,203E,4,,NATIVE_BODY
V05C001086,80:FB2F:E0M1X1,0407D97B,80,FB2F,0,1,1,007B2F,08,PHP,IMP,1,08,203E,1,,NATIVE_BODY
V05C001087,80:FB30:E0M1X1,0407D983,80,FB30,0,1,1,007B30,E2,SEP,IMM8,2,E220,203E,1,,NATIVE_BODY
V05C001088,80:FB32:E0M1X1,0407D993,80,FB32,0,1,1,007B32,64,STZ,DP,2,64DB,203E,1,,NATIVE_BODY
V05C001089,80:FB34:E0M1X1,0407D9A3,80,FB34,0,1,1,007B34,C2,REP,IMM8,2,C220,203E,1,,NATIVE_BODY
V05C001090,80:FB36:E0M0X1,0407D9B1,80,FB36,0,0,1,007B36,9C,STZ,ABS,3,9CE61A,203E,1,,NATIVE_BODY
V05C001091,80:FB39:E0M0X1,0407D9C9,80,FB39,0,0,1,007B39,9C,STZ,ABS,3,9CE41A,203E,1,,NATIVE_BODY
V05C001092,80:FB3C:E0M0X1,0407D9E1,80,FB3C,0,0,1,007B3C,28,PLP,IMP,1,28,203E,1,,NATIVE_BODY
V05C001093,80:FB3D:E0M1X1,0407D9EB,80,FB3D,0,1,1,007B3D,60,RTS,IMP,1,60,203E,1,,NATIVE_BODY
V05C001094,80:FB3E:E0M1X1,0407D9F3,80,FB3E,0,1,1,007B3E,20,JSR,ABS_JUMP,3,2042FB,203E,1,,NATIVE_BODY
V05C001095,80:FB41:E0M1X1,0407DA0B,80,FB41,0,1,1,007B41,6B,RTL,IMP,1,6B,203E,3,,NATIVE_BODY
V05C001096,80:FB42:E0M1X1,0407DA13,80,FB42,0,1,1,007B42,A9,LDA,IMM_M,2,A902,203E,1,,NATIVE_BODY
V05C001097,80:FB44:E0M1X1,0407DA23,80,FB44,0,1,1,007B44,20,JSR,ABS_JUMP,3,202AF9,203E,1,,NATIVE_BODY
V05C001098,80:FB47:E0M1X1,0407DA3B,80,FB47,0,1,1,007B47,60,RTS,IMP,1,60,203E,1,,NATIVE_BODY
V05C001099,80:FB52:E0M1X1,0407DA93,80,FB52,0,1,1,007B52,20,JSR,ABS_JUMP,3,2056FB,203E,1,,NATIVE_BODY
V05C001100,80:FB55:E0M1X1,0407DAAB,80,FB55,0,1,1,007B55,6B,RTL,IMP,1,6B,203E,1,,NATIVE_BODY
V05C001101,80:FB56:E0M1X1,0407DAB3,80,FB56,0,1,1,007B56,A9,LDA,IMM_M,2,A901,203E,1,,NATIVE_BODY
V05C001102,80:FB58:E0M1X1,0407DAC3,80,FB58,0,1,1,007B58,20,JSR,ABS_JUMP,3,202AF9,203E,1,,NATIVE_BODY
V05C001103,80:FB5B:E0M1X1,0407DADB,80,FB5B,0,1,1,007B5B,60,RTS,IMP,1,60,203E,1,,NATIVE_BODY
V05C001104,81:9C46:E0M1X1,040CE233,81,9C46,0,1,1,009C46,C2,REP,IMM8,2,C230,2067,1,,NATIVE_BODY
V05C001105,81:9C48:E0M0X0,040CE240,81,9C48,0,0,0,009C48,A2,LDX,IMM_X,3,A20000,2067,1,,NATIVE_BODY
V05C001106,81:9C4B:E0M0X0,040CE258,81,9C4B,0,0,0,009C4B,A9,LDA,IMM_M,3,A98000,2067,1,,NATIVE_BODY
V05C001107,81:9C4E:E0M0X0,040CE270,81,9C4E,0,0,0,009C4E,9D,STA,ABS_X,3,9DFA13,2067,1,,NATIVE_BODY
V05C001108,81:9C51:E0M0X0,040CE288,81,9C51,0,0,0,009C51,E8,INX,IMP,1,E8,2067,1,,NATIVE_BODY
V05C001109,81:9C52:E0M0X0,040CE290,81,9C52,0,0,0,009C52,E8,INX,IMP,1,E8,2067,1,,NATIVE_BODY
V05C001110,81:9C53:E0M0X0,040CE298,81,9C53,0,0,0,009C53,9E,STZ,ABS_X,3,9EFA13,2067,1,,NATIVE_BODY
V05C001111,81:9C56:E0M0X0,040CE2B0,81,9C56,0,0,0,009C56,E8,INX,IMP,1,E8,2067,1,,NATIVE_BODY
V05C001112,81:9C57:E0M0X0,040CE2B8,81,9C57,0,0,0,009C57,E8,INX,IMP,1,E8,2067,1,,NATIVE_BODY
V05C001113,81:9C58:E0M0X0,040CE2C0,81,9C58,0,0,0,009C58,E0,CPX,IMM_X,3,E00001,2067,1,,NATIVE_BODY
V05C001114,81:9C5B:E0M0X0,040CE2D8,81,9C5B,0,0,0,009C5B,90,BCC,REL8,2,90F1,2067,2,,NATIVE_BODY
V05C001115,81:9C5D:E0M0X0,040CE2E8,81,9C5D,0,0,0,009C5D,A2,LDX,IMM_X,3,A20000,2067,1,,NATIVE_BODY
V05C001116,81:9C60:E0M0X0,040CE300,81,9C60,0,0,0,009C60,A9,LDA,IMM_M,3,A9FFFF,2067,1,,NATIVE_BODY
V05C001117,81:9C63:E0M0X0,040CE318,81,9C63,0,0,0,009C63,9D,STA,ABS_X,3,9DFA14,2067,1,,NATIVE_BODY
V05C001118,81:9C66:E0M0X0,040CE330,81,9C66,0,0,0,009C66,E8,INX,IMP,1,E8,2067,1,,NATIVE_BODY
V05C001119,81:9C67:E0M0X0,040CE338,81,9C67,0,0,0,009C67,E8,INX,IMP,1,E8,2067,1,,NATIVE_BODY
V05C001120,81:9C68:E0M0X0,040CE340,81,9C68,0,0,0,009C68,E0,CPX,IMM_X,3,E01000,2067,1,,NATIVE_BODY
V05C001121,81:9C6B:E0M0X0,040CE358,81,9C6B,0,0,0,009C6B,90,BCC,REL8,2,90F6,2067,2,,NATIVE_BODY
V05C001122,81:9C6D:E0M0X0,040CE368,81,9C6D,0,0,0,009C6D,E2,SEP,IMM8,2,E230,2067,1,,NATIVE_BODY
V05C001123,81:9C6F:E0M1X1,040CE37B,81,9C6F,0,1,1,009C6F,9C,STZ,ABS,3,9C4043,2067,1,,NATIVE_BODY
V05C001124,81:9C72:E0M1X1,040CE393,81,9C72,0,1,1,009C72,A9,LDA,IMM_M,2,A904,2067,1,,NATIVE_BODY
V05C001125,81:9C74:E0M1X1,040CE3A3,81,9C74,0,1,1,009C74,8D,STA,ABS,3,8D4143,2067,1,,NATIVE_BODY
V05C001126,81:9C77:E0M1X1,040CE3BB,81,9C77,0,1,1,009C77,A9,LDA,IMM_M,2,A97E,2067,1,,NATIVE_BODY
V05C001127,81:9C79:E0M1X1,040CE3CB,81,9C79,0,1,1,009C79,8D,STA,ABS,3,8D4443,2067,1,,NATIVE_BODY
V05C001128,81:9C7C:E0M1X1,040CE3E3,81,9C7C,0,1,1,009C7C,9C,STZ,ABS,3,9C4002,2067,1,,NATIVE_BODY
V05C001129,81:9C7F:E0M1X1,040CE3FB,81,9C7F,0,1,1,009C7F,60,RTS,IMP,1,60,2067,4,,NATIVE_BODY
V05C001130,81:9C8C:E0M1X1,040CE463,81,9C8C,0,1,1,009C8C,C2,REP,IMM8,2,C230,2067,1,,NATIVE_BODY
V05C001131,81:9C8E:E0M0X0,040CE470,81,9C8E,0,0,0,009C8E,A0,LDY,IMM_X,3,A0FE00,2067,1,,NATIVE_BODY
V05C001132,81:9C91:E0M0X0,040CE488,81,9C91,0,0,0,009C91,B9,LDA,ABS_Y,3,B9FA13,2067,1,,NATIVE_BODY
V05C001133,81:9C94:E0M0X0,040CE4A0,81,9C94,0,0,0,009C94,99,STA,ABS_Y,3,991A16,2067,1,,NATIVE_BODY
V05C001134,81:9C97:E0M0X0,040CE4B8,81,9C97,0,0,0,009C97,88,DEY,IMP,1,88,2067,1,,NATIVE_BODY
V05C001135,81:9C98:E0M0X0,040CE4C0,81,9C98,0,0,0,009C98,88,DEY,IMP,1,88,2067,1,,NATIVE_BODY
V05C001136,81:9C99:E0M0X0,040CE4C8,81,9C99,0,0,0,009C99,10,BPL,REL8,2,10F6,2067,2,,NATIVE_BODY
V05C001137,81:9C9B:E0M0X0,040CE4D8,81,9C9B,0,0,0,009C9B,A0,LDY,IMM_X,3,A00E00,2067,1,,NATIVE_BODY
V05C001138,81:9C9E:E0M0X0,040CE4F0,81,9C9E,0,0,0,009C9E,B9,LDA,ABS_Y,3,B9FA14,2067,1,,NATIVE_BODY
V05C001139,81:9CA1:E0M0X0,040CE508,81,9CA1,0,0,0,009CA1,99,STA,ABS_Y,3,991A17,2067,1,,NATIVE_BODY
V05C001140,81:9CA4:E0M0X0,040CE520,81,9CA4,0,0,0,009CA4,88,DEY,IMP,1,88,2067,1,,NATIVE_BODY
V05C001141,81:9CA5:E0M0X0,040CE528,81,9CA5,0,0,0,009CA5,88,DEY,IMP,1,88,2067,1,,NATIVE_BODY
V05C001142,81:9CA6:E0M0X0,040CE530,81,9CA6,0,0,0,009CA6,10,BPL,REL8,2,10F6,2067,2,,NATIVE_BODY
V05C001143,81:9CA8:E0M0X0,040CE540,81,9CA8,0,0,0,009CA8,E2,SEP,IMM8,2,E230,2067,1,,NATIVE_BODY
V05C001144,81:9CAA:E0M1X1,040CE553,81,9CAA,0,1,1,009CAA,EE,INC,ABS,3,EE4002,2067,1,,NATIVE_BODY
V05C001145,81:9CAD:E0M1X1,040CE56B,81,9CAD,0,1,1,009CAD,60,RTS,IMP,1,60,2067,8,,NATIVE_BODY
V05C001146,81:9CB6:E0M1X1,040CE5B3,81,9CB6,0,1,1,009CB6,AD,LDA,ABS,3,AD4002,2067,1,,NATIVE_BODY
V05C001147,81:9CB9:E0M1X1,040CE5CB,81,9CB9,0,1,1,009CB9,F0,BEQ,REL8,2,F036,2067,2,,NATIVE_BODY
V05C001148,81:9CBB:E0M1X1,040CE5DB,81,9CBB,0,1,1,009CBB,9C,STZ,ABS,3,9C4002,2067,1,,NATIVE_BODY
V05C001149,81:9CBE:E0M1X1,040CE5F3,81,9CBE,0,1,1,009CBE,C2,REP,IMM8,2,C230,2067,1,,NATIVE_BODY
V05C001150,81:9CC0:E0M0X0,040CE600,81,9CC0,0,0,0,009CC0,9C,STZ,ABS,3,9C0221,2067,1,,NATIVE_BODY
V05C001151,81:9CC3:E0M0X0,040CE618,81,9CC3,0,0,0,009CC3,A9,LDA,IMM_M,3,A9FA13,2067,1,,NATIVE_BODY
V05C001152,81:9CC6:E0M0X0,040CE630,81,9CC6,0,0,0,009CC6,8D,STA,ABS,3,8D4243,2067,1,,NATIVE_BODY
V05C001153,81:9CC9:E0M0X0,040CE648,81,9CC9,0,0,0,009CC9,A9,LDA,IMM_M,3,A90001,2067,1,,NATIVE_BODY
V05C001154,81:9CCC:E0M0X0,040CE660,81,9CCC,0,0,0,009CCC,8D,STA,ABS,3,8D4543,2067,1,,NATIVE_BODY
V05C001155,81:9CCF:E0M0X0,040CE678,81,9CCF,0,0,0,009CCF,E2,SEP,IMM8,2,E230,2067,1,,NATIVE_BODY
V05C001156,81:9CD1:E0M1X1,040CE68B,81,9CD1,0,1,1,009CD1,A9,LDA,IMM_M,2,A910,2067,1,,NATIVE_BODY
V05C001157,81:9CD3:E0M1X1,040CE69B,81,9CD3,0,1,1,009CD3,8D,STA,ABS,3,8D0B42,2067,1,,NATIVE_BODY
V05C001158,81:9CD6:E0M1X1,040CE6B3,81,9CD6,0,1,1,009CD6,C2,REP,IMM8,2,C230,2067,1,,NATIVE_BODY
V05C001159,81:9CD8:E0M0X0,040CE6C0,81,9CD8,0,0,0,009CD8,A9,LDA,IMM_M,3,A90001,2067,1,,NATIVE_BODY
V05C001160,81:9CDB:E0M0X0,040CE6D8,81,9CDB,0,0,0,009CDB,8D,STA,ABS,3,8D0221,2067,1,,NATIVE_BODY
V05C001161,81:9CDE:E0M0X0,040CE6F0,81,9CDE,0,0,0,009CDE,A9,LDA,IMM_M,3,A9FA14,2067,1,,NATIVE_BODY
V05C001162,81:9CE1:E0M0X0,040CE708,81,9CE1,0,0,0,009CE1,8D,STA,ABS,3,8D4243,2067,1,,NATIVE_BODY
V05C001163,81:9CE4:E0M0X0,040CE720,81,9CE4,0,0,0,009CE4,A9,LDA,IMM_M,3,A91000,2067,1,,NATIVE_BODY
V05C001164,81:9CE7:E0M0X0,040CE738,81,9CE7,0,0,0,009CE7,8D,STA,ABS,3,8D4543,2067,1,,NATIVE_BODY
V05C001165,81:9CEA:E0M0X0,040CE750,81,9CEA,0,0,0,009CEA,E2,SEP,IMM8,2,E230,2067,1,,NATIVE_BODY
V05C001166,81:9CEC:E0M1X1,040CE763,81,9CEC,0,1,1,009CEC,A9,LDA,IMM_M,2,A910,2067,1,,NATIVE_BODY
V05C001167,81:9CEE:E0M1X1,040CE773,81,9CEE,0,1,1,009CEE,8D,STA,ABS,3,8D0B42,2067,1,,NATIVE_BODY
V05C001168,81:9CF1:E0M1X1,040CE78B,81,9CF1,0,1,1,009CF1,60,RTS,IMP,1,60,2067,2,,NATIVE_BODY
V05C001169,81:9D40:E0M1X1,040CEA03,81,9D40,0,1,1,009D40,A9,LDA,IMM_M,2,A915,2067,1,,NATIVE_BODY
V05C001170,81:9D42:E0M1X1,040CEA13,81,9D42,0,1,1,009D42,8D,STA,ABS,3,8D2C21,2067,1,,NATIVE_BODY
V05C001171,81:9D45:E0M1X1,040CEA2B,81,9D45,0,1,1,009D45,A9,LDA,IMM_M,2,A980,2067,1,,NATIVE_BODY
V05C001172,81:9D47:E0M1X1,040CEA3B,81,9D47,0,1,1,009D47,8D,STA,ABS,3,8D1521,2067,1,,NATIVE_BODY
V05C001173,81:9D4A:E0M1X1,040CEA53,81,9D4A,0,1,1,009D4A,9C,STZ,ABS,3,9C5503,2067,1,,NATIVE_BODY
V05C001174,81:9D4D:E0M1X1,040CEA6B,81,9D4D,0,1,1,009D4D,A9,LDA,IMM_M,2,A981,2067,1,,NATIVE_BODY
V05C001175,81:9D4F:E0M1X1,040CEA7B,81,9D4F,0,1,1,009D4F,8D,STA,ABS,3,8D0042,2067,1,,NATIVE_BODY
V05C001176,81:9D52:E0M1X1,040CEA93,81,9D52,0,1,1,009D52,C2,REP,IMM8,2,C230,2067,1,,NATIVE_BODY
V05C001177,81:9D54:E0M0X0,040CEAA0,81,9D54,0,0,0,009D54,A9,LDA,IMM_M,3,A9003C,2067,1,,NATIVE_BODY
V05C001178,81:9D57:E0M0X0,040CEAB8,81,9D57,0,0,0,009D57,8D,STA,ABS,3,8D5B03,2067,1,,NATIVE_BODY
V05C001179,81:9D5A:E0M0X0,040CEAD0,81,9D5A,0,0,0,009D5A,A9,LDA,IMM_M,3,A93000,2067,1,,NATIVE_BODY
V05C001180,81:9D5D:E0M0X0,040CEAE8,81,9D5D,0,0,0,009D5D,22,JSL,ABSL_JUMP,4,229B8380,2067,1,,NATIVE_BODY
V05C001181,81:9D61:E0M0X0,040CEB08,81,9D61,0,0,0,009D61,A9,LDA,IMM_M,3,A90020,2067,1,,NATIVE_BODY
V05C001182,81:9D64:E0M0X0,040CEB20,81,9D64,0,0,0,009D64,8D,STA,ABS,3,8D5903,2067,1,,NATIVE_BODY
V05C001183,81:9D67:E0M0X0,040CEB38,81,9D67,0,0,0,009D67,E2,SEP,IMM8,2,E230,2067,1,,NATIVE_BODY
V05C001184,81:9D69:E0M1X1,040CEB4B,81,9D69,0,1,1,009D69,60,RTS,IMP,1,60,2067,1,,NATIVE_BODY
V05C001185,81:9D72:E0M0X0,040CEB90,81,9D72,0,0,0,009D72,5A,PHY,IMP,1,5A,2067,1,,NATIVE_BODY
V05C001186,81:9D73:E0M0X0,040CEB98,81,9D73,0,0,0,009D73,DA,PHX,IMP,1,DA,2067,1,,NATIVE_BODY
V05C001187,81:9D74:E0M0X0,040CEBA0,81,9D74,0,0,0,009D74,22,JSL,ABSL_JUMP,4,229B8380,2067,1,,NATIVE_BODY
V05C001188,81:9D78:E0M0X0,040CEBC0,81,9D78,0,0,0,009D78,68,PLA,IMP,1,68,2067,1,,NATIVE_BODY
V05C001189,81:9D79:E0M0X0,040CEBC8,81,9D79,0,0,0,009D79,22,JSL,ABSL_JUMP,4,229B8380,2067,1,,NATIVE_BODY
V05C001190,81:9D7D:E0M0X0,040CEBE8,81,9D7D,0,0,0,009D7D,68,PLA,IMP,1,68,2067,1,,NATIVE_BODY
V05C001191,81:9D7E:E0M0X0,040CEBF0,81,9D7E,0,0,0,009D7E,A2,LDX,IMM_X,3,A20020,2067,1,,NATIVE_BODY
V05C001192,81:9D81:E0M0X0,040CEC08,81,9D81,0,0,0,009D81,22,JSL,ABSL_JUMP,4,22F78280,2067,1,,NATIVE_BODY
V05C001193,81:9D85:E0M0X0,040CEC28,81,9D85,0,0,0,009D85,A9,LDA,IMM_M,3,A90000,2067,1,,NATIVE_BODY
V05C001194,81:9D88:E0M0X0,040CEC40,81,9D88,0,0,0,009D88,8F,STA,ABS_LONG,4,8F00207E,2067,1,,NATIVE_BODY
V05C001195,81:9D8C:E0M0X0,040CEC60,81,9D8C,0,0,0,009D8C,E2,SEP,IMM8,2,E230,2067,1,,NATIVE_BODY
V05C001196,81:9D8E:E0M1X1,040CEC73,81,9D8E,0,1,1,009D8E,22,JSL,ABSL_JUMP,4,22F4C280,2067,1,,NATIVE_BODY
V05C001197,81:9D92:E0M1X1,040CEC93,81,9D92,0,1,1,009D92,22,JSL,ABSL_JUMP,4,2266C080,2067,1,,NATIVE_BODY
V05C001198,81:9D96:E0M1X1,040CECB3,81,9D96,0,1,1,009D96,C2,REP,IMM8,2,C230,2067,1,,NATIVE_BODY
V05C001199,81:9D98:E0M0X0,040CECC0,81,9D98,0,0,0,009D98,60,RTS,IMP,1,60,2067,0,RETURN,NAMED_BOUNDARY
V05C001200,81:9D99:E0M1X1,040CECCB,81,9D99,0,1,1,009D99,08,PHP,IMP,1,08,2067,1,,NATIVE_BODY
V05C001201,81:9D9A:E0M1X1,040CECD3,81,9D9A,0,1,1,009D9A,E2,SEP,IMM8,2,E220,2067,1,,NATIVE_BODY
V05C001202,81:9D9C:E0M1X1,040CECE3,81,9D9C,0,1,1,009D9C,AD,LDA,ABS,3,ADFF0B,2067,1,,NATIVE_BODY
V05C001203,81:9D9F:E0M1X1,040CECFB,81,9D9F,0,1,1,009D9F,C9,CMP,IMM_M,2,C902,2067,1,,NATIVE_BODY
V05C001204,81:9DA1:E0M1X1,040CED0B,81,9DA1,0,1,1,009DA1,F0,BEQ,REL8,2,F003,2067,2,,NATIVE_BODY
V05C001205,81:9DA3:E0M1X1,040CED1B,81,9DA3,0,1,1,009DA3,28,PLP,IMP,1,28,2067,1,,NATIVE_BODY
V05C001206,81:9DA4:E0M1X1,040CED23,81,9DA4,0,1,1,009DA4,18,CLC,IMP,1,18,2067,1,,NATIVE_BODY
V05C001207,81:9DA5:E0M1X1,040CED2B,81,9DA5,0,1,1,009DA5,60,RTS,IMP,1,60,2067,1,,NATIVE_BODY
V05C001208,81:9DA6:E0M1X1,040CED33,81,9DA6,0,1,1,009DA6,28,PLP,IMP,1,28,2067,1,,NATIVE_BODY
V05C001209,81:9DA7:E0M1X1,040CED3B,81,9DA7,0,1,1,009DA7,38,SEC,IMP,1,38,2067,1,,NATIVE_BODY
V05C001210,81:9DA8:E0M1X1,040CED43,81,9DA8,0,1,1,009DA8,60,RTS,IMP,1,60,2067,1,,NATIVE_BODY
V05C001211,81:9DB1:E0M1X1,040CED8B,81,9DB1,0,1,1,009DB1,8D,STA,ABS,3,8D0121,2067,1,,NATIVE_BODY
V05C001212,81:9DB4:E0M1X1,040CEDA3,81,9DB4,0,1,1,009DB4,9C,STZ,ABS,3,9C0D21,2067,1,,NATIVE_BODY
V05C001213,81:9DB7:E0M1X1,040CEDBB,81,9DB7,0,1,1,009DB7,9C,STZ,ABS,3,9C0D21,2067,1,,NATIVE_BODY
V05C001214,81:9DBA:E0M1X1,040CEDD3,81,9DBA,0,1,1,009DBA,9C,STZ,ABS,3,9C0F21,2067,1,,NATIVE_BODY
V05C001215,81:9DBD:E0M1X1,040CEDEB,81,9DBD,0,1,1,009DBD,9C,STZ,ABS,3,9C0F21,2067,1,,NATIVE_BODY
V05C001216,81:9DC0:E0M1X1,040CEE03,81,9DC0,0,1,1,009DC0,9C,STZ,ABS,3,9C1121,2067,1,,NATIVE_BODY
V05C001217,81:9DC3:E0M1X1,040CEE1B,81,9DC3,0,1,1,009DC3,9C,STZ,ABS,3,9C1121,2067,1,,NATIVE_BODY
V05C001218,81:9DC6:E0M1X1,040CEE33,81,9DC6,0,1,1,009DC6,A9,LDA,IMM_M,2,A9FF,2067,1,,NATIVE_BODY
V05C001219,81:9DC8:E0M1X1,040CEE43,81,9DC8,0,1,1,009DC8,8D,STA,ABS,3,8D0E21,2067,1,,NATIVE_BODY
V05C001220,81:9DCB:E0M1X1,040CEE5B,81,9DCB,0,1,1,009DCB,8D,STA,ABS,3,8D0E21,2067,1,,NATIVE_BODY
V05C001221,81:9DCE:E0M1X1,040CEE73,81,9DCE,0,1,1,009DCE,8D,STA,ABS,3,8D1021,2067,1,,NATIVE_BODY
V05C001222,81:9DD1:E0M1X1,040CEE8B,81,9DD1,0,1,1,009DD1,8D,STA,ABS,3,8D1021,2067,1,,NATIVE_BODY
V05C001223,81:9DD4:E0M1X1,040CEEA3,81,9DD4,0,1,1,009DD4,8D,STA,ABS,3,8D1221,2067,1,,NATIVE_BODY
V05C001224,81:9DD7:E0M1X1,040CEEBB,81,9DD7,0,1,1,009DD7,8D,STA,ABS,3,8D1221,2067,1,,NATIVE_BODY
V05C001225,81:9DDA:E0M1X1,040CEED3,81,9DDA,0,1,1,009DDA,9C,STZ,ABS,3,9C9702,2067,1,,NATIVE_BODY
V05C001226,81:9DDD:E0M1X1,040CEEEB,81,9DDD,0,1,1,009DDD,9C,STZ,ABS,3,9C9802,2067,1,,NATIVE_BODY
V05C001227,81:9DE0:E0M1X1,040CEF03,81,9DE0,0,1,1,009DE0,9C,STZ,ABS,3,9CB613,2067,1,,NATIVE_BODY
V05C001228,81:9DE3:E0M1X1,040CEF1B,81,9DE3,0,1,1,009DE3,9C,STZ,ABS,3,9CB813,2067,1,,NATIVE_BODY
V05C001229,81:9DE6:E0M1X1,040CEF33,81,9DE6,0,1,1,009DE6,9C,STZ,ABS,3,9C1D03,2067,1,,NATIVE_BODY
V05C001230,81:9DE9:E0M1X1,040CEF4B,81,9DE9,0,1,1,009DE9,9C,STZ,ABS,3,9CD002,2067,1,,NATIVE_BODY
V05C001231,81:9DEC:E0M1X1,040CEF63,81,9DEC,0,1,1,009DEC,9C,STZ,ABS,3,9CD102,2067,1,,NATIVE_BODY
V05C001232,81:9DEF:E0M1X1,040CEF7B,81,9DEF,0,1,1,009DEF,C2,REP,IMM8,2,C230,2067,1,,NATIVE_BODY
V05C001233,81:9DF1:E0M0X0,040CEF88,81,9DF1,0,0,0,009DF1,A9,LDA,IMM_M,3,A9FFFF,2067,1,,NATIVE_BODY
V05C001234,81:9DF4:E0M0X0,040CEFA0,81,9DF4,0,0,0,009DF4,8D,STA,ABS,3,8DE21A,2067,1,,NATIVE_BODY
V05C001235,81:9DF7:E0M0X0,040CEFB8,81,9DF7,0,0,0,009DF7,64,STZ,DP,2,64C0,2067,1,,NATIVE_BODY
V05C001236,81:9DF9:E0M0X0,040CEFC8,81,9DF9,0,0,0,009DF9,64,STZ,DP,2,64C2,2067,1,,NATIVE_BODY
V05C001237,81:9DFB:E0M0X0,040CEFD8,81,9DFB,0,0,0,009DFB,9C,STZ,ABS,3,9C4302,2067,1,,NATIVE_BODY
V05C001238,81:9DFE:E0M0X0,040CEFF0,81,9DFE,0,0,0,009DFE,9C,STZ,ABS,3,9C4502,2067,1,,NATIVE_BODY
V05C001239,81:9E01:E0M0X0,040CF008,81,9E01,0,0,0,009E01,E2,SEP,IMM8,2,E230,2067,1,,NATIVE_BODY
V05C001240,81:9E03:E0M1X1,040CF01B,81,9E03,0,1,1,009E03,20,JSR,ABS_JUMP,3,2057A0,2067,1,,NATIVE_BODY
V05C001241,81:9E06:E0M1X1,040CF033,81,9E06,0,1,1,009E06,20,JSR,ABS_JUMP,3,205C9F,2067,1,,NATIVE_BODY
V05C001242,81:9E09:E0M1X1,040CF04B,81,9E09,0,1,1,009E09,22,JSL,ABSL_JUMP,4,2215A480,2067,1,,NATIVE_BODY
V05C001243,81:9E0D:E0M1X1,040CF06B,81,9E0D,0,1,1,009E0D,22,JSL,ABSL_JUMP,4,22F2A180,2067,1,,NATIVE_BODY
V05C001244,81:9E11:E0M1X1,040CF08B,81,9E11,0,1,1,009E11,60,RTS,IMP,1,60,2067,6,,NATIVE_BODY
V05C001245,81:9E12:E0M0X0,040CF090,81,9E12,0,0,0,009E12,0A,ASL,ACC,1,0A,2067,1,,NATIVE_BODY
V05C001246,81:9E13:E0M0X0,040CF098,81,9E13,0,0,0,009E13,AA,TAX,IMP,1,AA,2067,1,,NATIVE_BODY
V05C001247,81:9E14:E0M0X0,040CF0A0,81,9E14,0,0,0,009E14,BD,LDA,ABS_X,3,BD54A1,2067,1,,NATIVE_BODY
V05C001248,81:9E17:E0M0X0,040CF0B8,81,9E17,0,0,0,009E17,85,STA,DP,2,8558,2067,1,,NATIVE_BODY
V05C001249,81:9E19:E0M0X0,040CF0C8,81,9E19,0,0,0,009E19,A0,LDY,IMM_X,3,A00000,2067,1,,NATIVE_BODY
V05C001250,81:9E1C:E0M0X0,040CF0E0,81,9E1C,0,0,0,009E1C,B1,LDA,DP_IND_Y,2,B158,2067,1,,NATIVE_BODY
V05C001251,81:9E1E:E0M0X0,040CF0F0,81,9E1E,0,0,0,009E1E,E6,INC,DP,2,E658,2067,1,,NATIVE_BODY
V05C001252,81:9E20:E0M0X0,040CF100,81,9E20,0,0,0,009E20,29,AND,IMM_M,3,29FF00,2067,1,,NATIVE_BODY
V05C001253,81:9E23:E0M0X0,040CF118,81,9E23,0,0,0,009E23,0A,ASL,ACC,1,0A,2067,1,,NATIVE_BODY
V05C001254,81:9E24:E0M0X0,040CF120,81,9E24,0,0,0,009E24,AA,TAX,IMP,1,AA,2067,1,,NATIVE_BODY
V05C001255,81:9E25:E0M0X0,040CF128,81,9E25,0,0,0,009E25,B1,LDA,DP_IND_Y,2,B158,2067,1,,NATIVE_BODY
V05C001256,81:9E27:E0M0X0,040CF138,81,9E27,0,0,0,009E27,99,STA,ABS_Y,3,99FA13,2067,1,,NATIVE_BODY
V05C001257,81:9E2A:E0M0X0,040CF150,81,9E2A,0,0,0,009E2A,C8,INY,IMP,1,C8,2067,1,,NATIVE_BODY
V05C001258,81:9E2B:E0M0X0,040CF158,81,9E2B,0,0,0,009E2B,C8,INY,IMP,1,C8,2067,1,,NATIVE_BODY
V05C001259,81:9E2C:E0M0X0,040CF160,81,9E2C,0,0,0,009E2C,CA,DEX,IMP,1,CA,2067,1,,NATIVE_BODY
V05C001260,81:9E2D:E0M0X0,040CF168,81,9E2D,0,0,0,009E2D,D0,BNE,REL8,2,D0F6,2067,2,,NATIVE_BODY
V05C001261,81:9E2F:E0M0X0,040CF178,81,9E2F,0,0,0,009E2F,98,TYA,IMP,1,98,2067,1,,NATIVE_BODY
V05C001262,81:9E30:E0M0X0,040CF180,81,9E30,0,0,0,009E30,18,CLC,IMP,1,18,2067,1,,NATIVE_BODY
V05C001263,81:9E31:E0M0X0,040CF188,81,9E31,0,0,0,009E31,65,ADC,DP,2,6558,2067,1,,NATIVE_BODY
V05C001264,81:9E33:E0M0X0,040CF198,81,9E33,0,0,0,009E33,85,STA,DP,2,8558,2067,1,,NATIVE_BODY
V05C001265,81:9E35:E0M0X0,040CF1A8,81,9E35,0,0,0,009E35,A0,LDY,IMM_X,3,A00000,2067,1,,NATIVE_BODY
V05C001266,81:9E38:E0M0X0,040CF1C0,81,9E38,0,0,0,009E38,B1,LDA,DP_IND_Y,2,B158,2067,1,,NATIVE_BODY
V05C001267,81:9E3A:E0M0X0,040CF1D0,81,9E3A,0,0,0,009E3A,E6,INC,DP,2,E658,2067,1,,NATIVE_BODY
V05C001268,81:9E3C:E0M0X0,040CF1E0,81,9E3C,0,0,0,009E3C,29,AND,IMM_M,3,29FF00,2067,1,,NATIVE_BODY
V05C001269,81:9E3F:E0M0X0,040CF1F8,81,9E3F,0,0,0,009E3F,85,STA,DP,2,8588,2067,1,,NATIVE_BODY
V05C001270,81:9E41:E0M0X0,040CF208,81,9E41,0,0,0,009E41,E2,SEP,IMM8,2,E230,2067,1,,NATIVE_BODY
V05C001271,81:9E43:E0M1X1,040CF21B,81,9E43,0,1,1,009E43,B1,LDA,DP_IND_Y,2,B158,2067,1,,NATIVE_BODY
V05C001272,81:9E45:E0M1X1,040CF22B,81,9E45,0,1,1,009E45,99,STA,ABS_Y,3,99FA14,2067,1,,NATIVE_BODY
V05C001273,81:9E48:E0M1X1,040CF243,81,9E48,0,1,1,009E48,C8,INY,IMP,1,C8,2067,1,,NATIVE_BODY
V05C001274,81:9E49:E0M1X1,040CF24B,81,9E49,0,1,1,009E49,C4,CPY,DP,2,C488,2067,1,,NATIVE_BODY
V05C001275,81:9E4B:E0M1X1,040CF25B,81,9E4B,0,1,1,009E4B,90,BCC,REL8,2,90F6,2067,2,,NATIVE_BODY
V05C001276,81:9E4D:E0M1X1,040CF26B,81,9E4D,0,1,1,009E4D,C2,REP,IMM8,2,C230,2067,1,,NATIVE_BODY
V05C001277,81:9E4F:E0M0X0,040CF278,81,9E4F,0,0,0,009E4F,60,RTS,IMP,1,60,2067,1,,NATIVE_BODY
V05C001278,81:9E50:E0M0X0,040CF280,81,9E50,0,0,0,009E50,0A,ASL,ACC,1,0A,2067,1,,NATIVE_BODY
V05C001279,81:9E51:E0M0X0,040CF288,81,9E51,0,0,0,009E51,AA,TAX,IMP,1,AA,2067,1,,NATIVE_BODY
V05C001280,81:9E52:E0M0X0,040CF290,81,9E52,0,0,0,009E52,BD,LDA,ABS_X,3,BD3EA1,2067,1,,NATIVE_BODY
V05C001281,81:9E55:E0M0X0,040CF2A8,81,9E55,0,0,0,009E55,85,STA,DP,2,8558,2067,1,,NATIVE_BODY
V05C001282,81:9E57:E0M0X0,040CF2B8,81,9E57,0,0,0,009E57,A0,LDY,IMM_X,3,A00000,2067,1,,NATIVE_BODY
V05C001283,81:9E5A:E0M0X0,040CF2D0,81,9E5A,0,0,0,009E5A,B1,LDA,DP_IND_Y,2,B158,2067,1,,NATIVE_BODY
V05C001284,81:9E5C:E0M0X0,040CF2E0,81,9E5C,0,0,0,009E5C,C8,INY,IMP,1,C8,2067,1,,NATIVE_BODY
V05C001285,81:9E5D:E0M0X0,040CF2E8,81,9E5D,0,0,0,009E5D,C8,INY,IMP,1,C8,2067,1,,NATIVE_BODY
V05C001286,81:9E5E:E0M0X0,040CF2F0,81,9E5E,0,0,0,009E5E,C9,CMP,IMM_M,3,C90100,2067,1,,NATIVE_BODY
V05C001287,81:9E61:E0M0X0,040CF308,81,9E61,0,0,0,009E61,F0,BEQ,REL8,2,F018,2067,2,,NATIVE_BODY
V05C001288,81:9E63:E0M0X0,040CF318,81,9E63,0,0,0,009E63,C9,CMP,IMM_M,3,C90000,2067,1,,NATIVE_BODY
V05C001289,81:9E66:E0M0X0,040CF330,81,9E66,0,0,0,009E66,F0,BEQ,REL8,2,F01A,2067,2,,NATIVE_BODY
V05C001290,81:9E68:E0M0X0,040CF340,81,9E68,0,0,0,009E68,C9,CMP,IMM_M,3,C90300,2067,1,,NATIVE_BODY
V05C001291,81:9E6B:E0M0X0,040CF358,81,9E6B,0,0,0,009E6B,F0,BEQ,REL8,2,F034,2067,2,,NATIVE_BODY
V05C001292,81:9E6D:E0M0X0,040CF368,81,9E6D,0,0,0,009E6D,C9,CMP,IMM_M,3,C90400,2067,1,,NATIVE_BODY
V05C001293,81:9E70:E0M0X0,040CF380,81,9E70,0,0,0,009E70,F0,BEQ,REL8,2,F01D,2067,2,,NATIVE_BODY
V05C001294,81:9E72:E0M0X0,040CF390,81,9E72,0,0,0,009E72,E2,SEP,IMM8,2,E230,2067,1,,NATIVE_BODY
V05C001295,81:9E74:E0M1X1,040CF3A3,81,9E74,0,1,1,009E74,22,JSL,ABSL_JUMP,4,2266C080,2067,1,,NATIVE_BODY
V05C001296,81:9E78:E0M1X1,040CF3C3,81,9E78,0,1,1,009E78,C2,REP,IMM8,2,C230,2067,1,,NATIVE_BODY
V05C001297,81:9E7A:E0M0X0,040CF3D0,81,9E7A,0,0,0,009E7A,60,RTS,IMP,1,60,2067,1,RETURN,NATIVE_BODY
V05C001298,81:9E7B:E0M0X0,040CF3D8,81,9E7B,0,0,0,009E7B,C8,INY,IMP,1,C8,2067,1,,NATIVE_BODY
V05C001299,81:9E7C:E0M0X0,040CF3E0,81,9E7C,0,0,0,009E7C,C8,INY,IMP,1,C8,2067,1,,NATIVE_BODY
V05C001300,81:9E7D:E0M0X0,040CF3E8,81,9E7D,0,0,0,009E7D,C8,INY,IMP,1,C8,2067,1,,NATIVE_BODY
V05C001301,81:9E7E:E0M0X0,040CF3F0,81,9E7E,0,0,0,009E7E,C8,INY,IMP,1,C8,2067,1,,NATIVE_BODY
V05C001302,81:9E7F:E0M0X0,040CF3F8,81,9E7F,0,0,0,009E7F,82,BRL,REL16,3,82D8FF,2067,1,,NATIVE_BODY
V05C001303,81:9E82:E0M0X0,040CF410,81,9E82,0,0,0,009E82,B1,LDA,DP_IND_Y,2,B158,2067,1,,NATIVE_BODY
V05C001304,81:9E84:E0M0X0,040CF420,81,9E84,0,0,0,009E84,C8,INY,IMP,1,C8,2067,1,,NATIVE_BODY
V05C001305,81:9E85:E0M0X0,040CF428,81,9E85,0,0,0,009E85,C8,INY,IMP,1,C8,2067,1,,NATIVE_BODY
V05C001306,81:9E86:E0M0X0,040CF430,81,9E86,0,0,0,009E86,5A,PHY,IMP,1,5A,2067,1,,NATIVE_BODY
V05C001307,81:9E87:E0M0X0,040CF438,81,9E87,0,0,0,009E87,22,JSL,ABSL_JUMP,4,229B8380,2067,1,,NATIVE_BODY
V05C001308,81:9E8B:E0M0X0,040CF458,81,9E8B,0,0,0,009E8B,7A,PLY,IMP,1,7A,2067,1,,NATIVE_BODY
V05C001309,81:9E8C:E0M0X0,040CF460,81,9E8C,0,0,0,009E8C,82,BRL,REL16,3,82CBFF,2067,1,,NATIVE_BODY
V05C001310,81:9E8F:E0M0X0,040CF478,81,9E8F,0,0,0,009E8F,B1,LDA,DP_IND_Y,2,B158,2067,1,,NATIVE_BODY
V05C001311,81:9E91:E0M0X0,040CF488,81,9E91,0,0,0,009E91,C8,INY,IMP,1,C8,2067,1,,NATIVE_BODY
V05C001312,81:9E92:E0M0X0,040CF490,81,9E92,0,0,0,009E92,C8,INY,IMP,1,C8,2067,1,,NATIVE_BODY
V05C001313,81:9E93:E0M0X0,040CF498,81,9E93,0,0,0,009E93,AA,TAX,IMP,1,AA,2067,1,,NATIVE_BODY
V05C001314,81:9E94:E0M0X0,040CF4A0,81,9E94,0,0,0,009E94,B1,LDA,DP_IND_Y,2,B158,2067,1,,NATIVE_BODY
V05C001315,81:9E96:E0M0X0,040CF4B0,81,9E96,0,0,0,009E96,C8,INY,IMP,1,C8,2067,1,,NATIVE_BODY
V05C001316,81:9E97:E0M0X0,040CF4B8,81,9E97,0,0,0,009E97,C8,INY,IMP,1,C8,2067,1,,NATIVE_BODY
V05C001317,81:9E98:E0M0X0,040CF4C0,81,9E98,0,0,0,009E98,5A,PHY,IMP,1,5A,2067,1,,NATIVE_BODY
V05C001318,81:9E99:E0M0X0,040CF4C8,81,9E99,0,0,0,009E99,22,JSL,ABSL_JUMP,4,22F78280,2067,1,,NATIVE_BODY
V05C001319,81:9E9D:E0M0X0,040CF4E8,81,9E9D,0,0,0,009E9D,7A,PLY,IMP,1,7A,2067,1,,NATIVE_BODY
V05C001320,81:9E9E:E0M0X0,040CF4F0,81,9E9E,0,0,0,009E9E,82,BRL,REL16,3,82B9FF,2067,1,,NATIVE_BODY
V05C001321,81:9EA1:E0M0X0,040CF508,81,9EA1,0,0,0,009EA1,B1,LDA,DP_IND_Y,2,B158,2067,1,,NATIVE_BODY
V05C001322,81:9EA3:E0M0X0,040CF518,81,9EA3,0,0,0,009EA3,C8,INY,IMP,1,C8,2067,1,,NATIVE_BODY
V05C001323,81:9EA4:E0M0X0,040CF520,81,9EA4,0,0,0,009EA4,C8,INY,IMP,1,C8,2067,1,,NATIVE_BODY
V05C001324,81:9EA5:E0M0X0,040CF528,81,9EA5,0,0,0,009EA5,48,PHA,IMP,1,48,2067,1,,NATIVE_BODY
V05C001325,81:9EA6:E0M0X0,040CF530,81,9EA6,0,0,0,009EA6,B1,LDA,DP_IND_Y,2,B158,2067,1,,NATIVE_BODY
V05C001326,81:9EA8:E0M0X0,040CF540,81,9EA8,0,0,0,009EA8,C8,INY,IMP,1,C8,2067,1,,NATIVE_BODY
V05C001327,81:9EA9:E0M0X0,040CF548,81,9EA9,0,0,0,009EA9,C8,INY,IMP,1,C8,2067,1,,NATIVE_BODY
V05C001328,81:9EAA:E0M0X0,040CF550,81,9EAA,0,0,0,009EAA,AA,TAX,IMP,1,AA,2067,1,,NATIVE_BODY
V05C001329,81:9EAB:E0M0X0,040CF558,81,9EAB,0,0,0,009EAB,B1,LDA,DP_IND_Y,2,B158,2067,1,,NATIVE_BODY
V05C001330,81:9EAD:E0M0X0,040CF568,81,9EAD,0,0,0,009EAD,C8,INY,IMP,1,C8,2067,1,,NATIVE_BODY
V05C001331,81:9EAE:E0M0X0,040CF570,81,9EAE,0,0,0,009EAE,C8,INY,IMP,1,C8,2067,1,,NATIVE_BODY
V05C001332,81:9EAF:E0M0X0,040CF578,81,9EAF,0,0,0,009EAF,C9,CMP,IMM_M,3,C91000,2067,1,,NATIVE_BODY
V05C001333,81:9EB2:E0M0X0,040CF590,81,9EB2,0,0,0,009EB2,F0,BEQ,REL8,2,F00F,2067,2,,NATIVE_BODY
V05C001334,81:9EB4:E0M0X0,040CF5A0,81,9EB4,0,0,0,009EB4,C9,CMP,IMM_M,3,C92000,2067,1,,NATIVE_BODY
V05C001335,81:9EB7:E0M0X0,040CF5B8,81,9EB7,0,0,0,009EB7,F0,BEQ,REL8,2,F014,2067,2,,NATIVE_BODY
V05C001336,81:9EB9:E0M0X0,040CF5C8,81,9EB9,0,0,0,009EB9,68,PLA,IMP,1,68,2067,1,,NATIVE_BODY
V05C001337,81:9EBA:E0M0X0,040CF5D0,81,9EBA,0,0,0,009EBA,5A,PHY,IMP,1,5A,2067,1,,NATIVE_BODY
V05C001338,81:9EBB:E0M0X0,040CF5D8,81,9EBB,0,0,0,009EBB,22,JSL,ABSL_JUMP,4,221AA280,2067,1,,NATIVE_BODY
V05C001339,81:9EBF:E0M0X0,040CF5F8,81,9EBF,0,0,0,009EBF,7A,PLY,IMP,1,7A,2067,1,,NATIVE_BODY
V05C001340,81:9EC0:E0M0X0,040CF600,81,9EC0,0,0,0,009EC0,82,BRL,REL16,3,8297FF,2067,1,,NATIVE_BODY
V05C001341,81:9EC3:E0M0X0,040CF618,81,9EC3,0,0,0,009EC3,68,PLA,IMP,1,68,2067,1,,NATIVE_BODY
V05C001342,81:9EC4:E0M0X0,040CF620,81,9EC4,0,0,0,009EC4,5A,PHY,IMP,1,5A,2067,1,,NATIVE_BODY
V05C001343,81:9EC5:E0M0X0,040CF628,81,9EC5,0,0,0,009EC5,22,JSL,ABSL_JUMP,4,2238A380,2067,1,,NATIVE_BODY
V05C001344,81:9EC9:E0M0X0,040CF648,81,9EC9,0,0,0,009EC9,7A,PLY,IMP,1,7A,2067,1,,NATIVE_BODY
V05C001345,81:9ECA:E0M0X0,040CF650,81,9ECA,0,0,0,009ECA,82,BRL,REL16,3,828DFF,2067,1,,NATIVE_BODY
V05C001346,81:9ECD:E0M0X0,040CF668,81,9ECD,0,0,0,009ECD,68,PLA,IMP,1,68,2067,1,,NATIVE_BODY
V05C001347,81:9ECE:E0M0X0,040CF670,81,9ECE,0,0,0,009ECE,5A,PHY,IMP,1,5A,2067,1,,NATIVE_BODY
V05C001348,81:9ECF:E0M0X0,040CF678,81,9ECF,0,0,0,009ECF,22,JSL,ABSL_JUMP,4,22DBA280,2067,1,,NATIVE_BODY
V05C001349,81:9ED3:E0M0X0,040CF698,81,9ED3,0,0,0,009ED3,7A,PLY,IMP,1,7A,2067,1,,NATIVE_BODY
V05C001350,81:9ED4:E0M0X0,040CF6A0,81,9ED4,0,0,0,009ED4,82,BRL,REL16,3,8283FF,2067,1,,NATIVE_BODY
V05C001351,81:9F5C:E0M1X1,040CFAE3,81,9F5C,0,1,1,009F5C,C2,REP,IMM8,2,C220,2067,1,,NATIVE_BODY
V05C001352,81:9F5E:E0M0X1,040CFAF1,81,9F5E,0,0,1,009F5E,AD,LDA,ABS,3,AD3D03,2067,1,,NATIVE_BODY
V05C001353,81:9F61:E0M0X1,040CFB09,81,9F61,0,0,1,009F61,8D,STA,ABS,3,8D4503,2067,1,,NATIVE_BODY
V05C001354,81:9F64:E0M0X1,040CFB21,81,9F64,0,0,1,009F64,AD,LDA,ABS,3,AD3F03,2067,1,,NATIVE_BODY
V05C001355,81:9F67:E0M0X1,040CFB39,81,9F67,0,0,1,009F67,8D,STA,ABS,3,8D4703,2067,1,,NATIVE_BODY
V05C001356,81:9F6A:E0M0X1,040CFB51,81,9F6A,0,0,1,009F6A,9C,STZ,ABS,3,9C4D03,2067,1,,NATIVE_BODY
V05C001357,81:9F6D:E0M0X1,040CFB69,81,9F6D,0,0,1,009F6D,9C,STZ,ABS,3,9C4F03,2067,1,,NATIVE_BODY
V05C001358,81:9F70:E0M0X1,040CFB81,81,9F70,0,0,1,009F70,E2,SEP,IMM8,2,E220,2067,1,,NATIVE_BODY
V05C001359,81:9F72:E0M1X1,040CFB93,81,9F72,0,1,1,009F72,9C,STZ,ABS,3,9C8E02,2067,1,,NATIVE_BODY
V05C001360,81:9F75:E0M1X1,040CFBAB,81,9F75,0,1,1,009F75,9C,STZ,ABS,3,9C8F02,2067,1,,NATIVE_BODY
V05C001361,81:9F78:E0M1X1,040CFBC3,81,9F78,0,1,1,009F78,9C,STZ,ABS,3,9C8D02,2067,1,,NATIVE_BODY
V05C001362,81:9F7B:E0M1X1,040CFBDB,81,9F7B,0,1,1,009F7B,9C,STZ,ABS,3,9C8C02,2067,1,,NATIVE_BODY
V05C001363,81:9F7E:E0M1X1,040CFBF3,81,9F7E,0,1,1,009F7E,9C,STZ,ABS,3,9C8B02,2067,1,,NATIVE_BODY
V05C001364,81:9F81:E0M1X1,040CFC0B,81,9F81,0,1,1,009F81,9C,STZ,ABS,3,9C8A02,2067,1,,NATIVE_BODY
V05C001365,81:9F84:E0M1X1,040CFC23,81,9F84,0,1,1,009F84,9C,STZ,ABS,3,9C9002,2067,1,,NATIVE_BODY
V05C001366,81:9F87:E0M1X1,040CFC3B,81,9F87,0,1,1,009F87,9C,STZ,ABS,3,9C9102,2067,1,,NATIVE_BODY
V05C001367,81:9F8A:E0M1X1,040CFC53,81,9F8A,0,1,1,009F8A,9C,STZ,ABS,3,9C9302,2067,1,,NATIVE_BODY
V05C001368,81:9F8D:E0M1X1,040CFC6B,81,9F8D,0,1,1,009F8D,9C,STZ,ABS,3,9C9202,2067,1,,NATIVE_BODY
V05C001369,81:9F90:E0M1X1,040CFC83,81,9F90,0,1,1,009F90,9C,STZ,ABS,3,9C9602,2067,1,,NATIVE_BODY
V05C001370,81:9F93:E0M1X1,040CFC9B,81,9F93,0,1,1,009F93,9C,STZ,ABS,3,9C9402,2067,1,,NATIVE_BODY
V05C001371,81:9F96:E0M1X1,040CFCB3,81,9F96,0,1,1,009F96,9C,STZ,ABS,3,9C9502,2067,1,,NATIVE_BODY
V05C001372,81:9F99:E0M1X1,040CFCCB,81,9F99,0,1,1,009F99,9C,STZ,ABS,3,9C8902,2067,1,,NATIVE_BODY
V05C001373,81:9F9C:E0M1X1,040CFCE3,81,9F9C,0,1,1,009F9C,60,RTS,IMP,1,60,2067,2,,NATIVE_BODY
V05C001374,81:9F9D:E0M1X1,040CFCEB,81,9F9D,0,1,1,009F9D,AD,LDA,ABS,3,AD9602,2067,1,,NATIVE_BODY
V05C001375,81:9FA0:E0M1X1,040CFD03,81,9FA0,0,1,1,009FA0,F0,BEQ,REL8,2,F00B,2067,2,,NATIVE_BODY
V05C001376,81:9FA2:E0M1X1,040CFD13,81,9FA2,0,1,1,009FA2,22,JSL,ABSL_JUMP,4,2252FB80,2067,1,,NATIVE_BODY
V05C001377,81:9FA6:E0M1X1,040CFD33,81,9FA6,0,1,1,009FA6,22,JSL,ABSL_JUMP,4,2282F980,2067,1,,NATIVE_BODY
V05C001378,81:9FAA:E0M1X1,040CFD53,81,9FAA,0,1,1,009FAA,9C,STZ,ABS,3,9C9602,2067,1,,NATIVE_BODY
V05C001379,81:9FAD:E0M1X1,040CFD6B,81,9FAD,0,1,1,009FAD,60,RTS,IMP,1,60,2067,2,,NATIVE_BODY
V05C001380,81:9FAE:E0M1X1,040CFD73,81,9FAE,0,1,1,009FAE,EE,INC,ABS,3,EEB813,2067,1,,NATIVE_BODY
V05C001381,81:9FB1:E0M1X1,040CFD8B,81,9FB1,0,1,1,009FB1,EC,CPX,ABS,3,ECB813,2067,1,,NATIVE_BODY
V05C001382,81:9FB4:E0M1X1,040CFDA3,81,9FB4,0,1,1,009FB4,D0,BNE,REL8,2,D003,2067,2,,NATIVE_BODY
V05C001383,81:9FB6:E0M1X1,040CFDB3,81,9FB6,0,1,1,009FB6,9C,STZ,ABS,3,9CB813,2067,1,,NATIVE_BODY
V05C001384,81:9FB9:E0M1X1,040CFDCB,81,9FB9,0,1,1,009FB9,9C,STZ,ABS,3,9C8D02,2067,1,,NATIVE_BODY
V05C001385,81:9FBC:E0M1X1,040CFDE3,81,9FBC,0,1,1,009FBC,9C,STZ,ABS,3,9C8F02,2067,1,,NATIVE_BODY
V05C001386,81:9FBF:E0M1X1,040CFDFB,81,9FBF,0,1,1,009FBF,EE,INC,ABS,3,EE9602,2067,1,,NATIVE_BODY
V05C001387,81:9FC2:E0M1X1,040CFE13,81,9FC2,0,1,1,009FC2,9C,STZ,ABS,3,9CB613,2067,1,,NATIVE_BODY
V05C001388,81:9FC5:E0M1X1,040CFE2B,81,9FC5,0,1,1,009FC5,60,RTS,IMP,1,60,2067,2,,NATIVE_BODY
V05C001389,81:9FC6:E0M1X1,040CFE33,81,9FC6,0,1,1,009FC6,AD,LDA,ABS,3,ADB813,2067,1,,NATIVE_BODY
V05C001390,81:9FC9:E0M1X1,040CFE4B,81,9FC9,0,1,1,009FC9,3A,DEC,ACC,1,3A,2067,1,,NATIVE_BODY
V05C001391,81:9FCA:E0M1X1,040CFE53,81,9FCA,0,1,1,009FCA,10,BPL,REL8,2,1001,2067,2,,NATIVE_BODY
V05C001392,81:9FCC:E0M1X1,040CFE63,81,9FCC,0,1,1,009FCC,8A,TXA,IMP,1,8A,2067,1,,NATIVE_BODY
V05C001393,81:9FCD:E0M1X1,040CFE6B,81,9FCD,0,1,1,009FCD,8D,STA,ABS,3,8DB813,2067,1,,NATIVE_BODY
V05C001394,81:9FD0:E0M1X1,040CFE83,81,9FD0,0,1,1,009FD0,9C,STZ,ABS,3,9C8C02,2067,1,,NATIVE_BODY
V05C001395,81:9FD3:E0M1X1,040CFE9B,81,9FD3,0,1,1,009FD3,9C,STZ,ABS,3,9C8E02,2067,1,,NATIVE_BODY
V05C001396,81:9FD6:E0M1X1,040CFEB3,81,9FD6,0,1,1,009FD6,EE,INC,ABS,3,EE9602,2067,1,,NATIVE_BODY
V05C001397,81:9FD9:E0M1X1,040CFECB,81,9FD9,0,1,1,009FD9,9C,STZ,ABS,3,9CB613,2067,1,,NATIVE_BODY
V05C001398,81:9FDC:E0M1X1,040CFEE3,81,9FDC,0,1,1,009FDC,60,RTS,IMP,1,60,2067,2,,NATIVE_BODY
V05C001399,81:9FE6:E0M1X1,040CFF33,81,9FE6,0,1,1,009FE6,AD,LDA,ABS,3,AD8F02,2067,1,,NATIVE_BODY
V05C001400,81:9FE9:E0M1X1,040CFF4B,81,9FE9,0,1,1,009FE9,F0,BEQ,REL8,2,F003,2067,2,,NATIVE_BODY
V05C001401,81:9FEB:E0M1X1,040CFF5B,81,9FEB,0,1,1,009FEB,4C,JMP,ABS_JUMP,3,4CAE9F,2067,1,,NATIVE_BODY
V05C001402,81:9FEE:E0M1X1,040CFF73,81,9FEE,0,1,1,009FEE,60,RTS,IMP,1,60,2067,2,,NATIVE_BODY
V05C001403,81:9FF8:E0M1X1,040CFFC3,81,9FF8,0,1,1,009FF8,AD,LDA,ABS,3,AD8E02,2067,1,,NATIVE_BODY
V05C001404,81:9FFB:E0M1X1,040CFFDB,81,9FFB,0,1,1,009FFB,F0,BEQ,REL8,2,F003,2067,2,,NATIVE_BODY
V05C001405,81:9FFD:E0M1X1,040CFFEB,81,9FFD,0,1,1,009FFD,4C,JMP,ABS_JUMP,3,4CC69F,2067,1,,NATIVE_BODY
V05C001406,81:A000:E0M1X1,040D0003,81,A000,0,1,1,00A000,60,RTS,IMP,1,60,2068,2,,NATIVE_BODY
V05C001407,81:A001:E0M1X1,040D000B,81,A001,0,1,1,00A001,AD,LDA,ABS,3,ADB613,2068,1,,NATIVE_BODY
V05C001408,81:A004:E0M1X1,040D0023,81,A004,0,1,1,00A004,D0,BNE,REL8,2,D007,2068,2,,NATIVE_BODY
V05C001409,81:A006:E0M1X1,040D0033,81,A006,0,1,1,00A006,1A,INC,ACC,1,1A,2068,1,,NATIVE_BODY
V05C001410,81:A007:E0M1X1,040D003B,81,A007,0,1,1,00A007,8D,STA,ABS,3,8DB613,2068,1,,NATIVE_BODY
V05C001411,81:A00A:E0M1X1,040D0053,81,A00A,0,1,1,00A00A,A9,LDA,IMM_M,2,A901,2068,1,,NATIVE_BODY
V05C001412,81:A00C:E0M1X1,040D0063,81,A00C,0,1,1,00A00C,60,RTS,IMP,1,60,2068,2,,NATIVE_BODY
V05C001413,81:A00D:E0M1X1,040D006B,81,A00D,0,1,1,00A00D,C9,CMP,IMM_M,2,C914,2068,1,,NATIVE_BODY
V05C001414,81:A00F:E0M1X1,040D007B,81,A00F,0,1,1,00A00F,D0,BNE,REL8,2,D007,2068,2,,NATIVE_BODY
V05C001415,81:A011:E0M1X1,040D008B,81,A011,0,1,1,00A011,1A,INC,ACC,1,1A,2068,1,,NATIVE_BODY
V05C001416,81:A012:E0M1X1,040D0093,81,A012,0,1,1,00A012,8D,STA,ABS,3,8DB613,2068,1,,NATIVE_BODY
V05C001417,81:A015:E0M1X1,040D00AB,81,A015,0,1,1,00A015,A9,LDA,IMM_M,2,A902,2068,1,,NATIVE_BODY
V05C001418,81:A017:E0M1X1,040D00BB,81,A017,0,1,1,00A017,60,RTS,IMP,1,60,2068,2,,NATIVE_BODY
V05C001419,81:A018:E0M1X1,040D00C3,81,A018,0,1,1,00A018,1A,INC,ACC,1,1A,2068,1,,NATIVE_BODY
V05C001420,81:A019:E0M1X1,040D00CB,81,A019,0,1,1,00A019,C9,CMP,IMM_M,2,C91E,2068,1,,NATIVE_BODY
V05C001421,81:A01B:E0M1X1,040D00DB,81,A01B,0,1,1,00A01B,D0,BNE,REL8,2,D002,2068,2,,NATIVE_BODY
V05C001422,81:A01D:E0M1X1,040D00EB,81,A01D,0,1,1,00A01D,A9,LDA,IMM_M,2,A900,2068,1,,NATIVE_BODY
V05C001423,81:A01F:E0M1X1,040D00FB,81,A01F,0,1,1,00A01F,8D,STA,ABS,3,8DB613,2068,1,,NATIVE_BODY
V05C001424,81:A022:E0M1X1,040D0113,81,A022,0,1,1,00A022,A9,LDA,IMM_M,2,A900,2068,1,,NATIVE_BODY
V05C001425,81:A024:E0M1X1,040D0123,81,A024,0,1,1,00A024,60,RTS,IMP,1,60,2068,2,,NATIVE_BODY
V05C001426,81:A057:E0M1X1,040D02BB,81,A057,0,1,1,00A057,A2,LDX,IMM_X,2,A20F,2068,1,,NATIVE_BODY
V05C001427,81:A059:E0M1X1,040D02CB,81,A059,0,1,1,00A059,A9,LDA,IMM_M,2,A9FF,2068,1,,NATIVE_BODY
V05C001428,81:A05B:E0M1X1,040D02DB,81,A05B,0,1,1,00A05B,9D,STA,ABS_X,3,9DE702,2068,1,,NATIVE_BODY
V05C001429,81:A05E:E0M1X1,040D02F3,81,A05E,0,1,1,00A05E,CA,DEX,IMP,1,CA,2068,1,,NATIVE_BODY
V05C001430,81:A05F:E0M1X1,040D02FB,81,A05F,0,1,1,00A05F,10,BPL,REL8,2,10FA,2068,2,,NATIVE_BODY
V05C001431,81:A061:E0M1X1,040D030B,81,A061,0,1,1,00A061,60,RTS,IMP,1,60,2068,1,,NATIVE_BODY
V05C001432,81:A557:E0M1X1,040D2ABB,81,A557,0,1,1,00A557,20,JSR,ABS_JUMP,3,20469C,2069,1,,NATIVE_BODY
V05C001433,81:A55A:E0M1X1,040D2AD3,81,A55A,0,1,1,00A55A,20,JSR,ABS_JUMP,3,2050A7,2069,1,,NATIVE_BODY
V05C001434,81:A55D:E0M1X1,040D2AEB,81,A55D,0,1,1,00A55D,C2,REP,IMM8,2,C230,2069,1,,NATIVE_BODY
V05C001435,81:A55F:E0M0X0,040D2AF8,81,A55F,0,0,0,00A55F,9C,STZ,ABS,3,9CD402,2069,1,,NATIVE_BODY
V05C001436,81:A562:E0M0X0,040D2B10,81,A562,0,0,0,00A562,A9,LDA,IMM_M,3,A93200,2069,1,,NATIVE_BODY
V05C001437,81:A565:E0M0X0,040D2B28,81,A565,0,0,0,00A565,22,JSL,ABSL_JUMP,4,229B8380,2069,1,,NATIVE_BODY
V05C001438,81:A569:E0M0X0,040D2B48,81,A569,0,0,0,00A569,A9,LDA,IMM_M,3,A93400,2069,1,,NATIVE_BODY
V05C001439,81:A56C:E0M0X0,040D2B60,81,A56C,0,0,0,00A56C,A2,LDX,IMM_X,3,A20020,2069,1,,NATIVE_BODY
V05C001440,81:A56F:E0M0X0,040D2B78,81,A56F,0,0,0,00A56F,22,JSL,ABSL_JUMP,4,22F78280,2069,1,,NATIVE_BODY
V05C001441,81:A573:E0M0X0,040D2B98,81,A573,0,0,0,00A573,A9,LDA,IMM_M,3,A90000,2069,1,,NATIVE_BODY
V05C001442,81:A576:E0M0X0,040D2BB0,81,A576,0,0,0,00A576,8F,STA,ABS_LONG,4,8F00207E,2069,1,,NATIVE_BODY
V05C001443,81:A57A:E0M0X0,040D2BD0,81,A57A,0,0,0,00A57A,A0,LDY,IMM_X,3,A00060,2069,1,,NATIVE_BODY
V05C001444,81:A57D:E0M0X0,040D2BE8,81,A57D,0,0,0,00A57D,A9,LDA,IMM_M,3,A91800,2069,1,,NATIVE_BODY
V05C001445,81:A580:E0M0X0,040D2C00,81,A580,0,0,0,00A580,22,JSL,ABSL_JUMP,4,225B8380,2069,1,,NATIVE_BODY
V05C001446,81:A750:E0M1X1,040D3A83,81,A750,0,1,1,00A750,C2,REP,IMM8,2,C220,2069,1,,NATIVE_BODY
V05C001447,81:A752:E0M0X1,040D3A91,81,A752,0,0,1,00A752,AD,LDA,ABS,3,AD005C,2069,1,,NATIVE_BODY
V05C001448,81:A755:E0M0X1,040D3AA9,81,A755,0,0,1,00A755,8D,STA,ABS,3,8D5B03,2069,1,,NATIVE_BODY
V05C001449,81:A758:E0M0X1,040D3AC1,81,A758,0,0,1,00A758,A9,LDA,IMM_M,3,A90030,2069,1,,NATIVE_BODY
V05C001450,81:A75B:E0M0X1,040D3AD9,81,A75B,0,0,1,00A75B,8D,STA,ABS,3,8D5903,2069,1,,NATIVE_BODY
V05C001451,81:A75E:E0M0X1,040D3AF1,81,A75E,0,0,1,00A75E,E2,SEP,IMM8,2,E220,2069,1,,NATIVE_BODY
V05C001452,81:A760:E0M1X1,040D3B03,81,A760,0,1,1,00A760,A9,LDA,IMM_M,2,A922,2069,1,,NATIVE_BODY
V05C001453,81:A762:E0M1X1,040D3B13,81,A762,0,1,1,00A762,4C,JMP,ABS_JUMP,3,4CB19D,2069,1,,NATIVE_BODY
V05C001454,81:AC40:E0M1X1,040D6203,81,AC40,0,1,1,00AC40,8B,PHB,IMP,1,8B,206B,1,,NATIVE_BODY
V05C001455,81:AC41:E0M1X1,040D620B,81,AC41,0,1,1,00AC41,4B,PHK,IMP,1,4B,206B,1,,NATIVE_BODY
V05C001456,81:AC42:E0M1X1,040D6213,81,AC42,0,1,1,00AC42,AB,PLB,IMP,1,AB,206B,1,,NATIVE_BODY
V05C001457,81:AC43:E0M1X1,040D621B,81,AC43,0,1,1,00AC43,20,JSR,ABS_JUMP,3,2048AC,206B,1,,NATIVE_BODY
V05C001458,81:AC48:E0M1X1,040D6243,81,AC48,0,1,1,00AC48,DA,PHX,IMP,1,DA,206B,1,,NATIVE_BODY
V05C001459,81:AC49:E0M1X1,040D624B,81,AC49,0,1,1,00AC49,20,JSR,ABS_JUMP,3,20409D,206B,1,,NATIVE_BODY
V05C001460,81:AC4C:E0M1X1,040D6263,81,AC4C,0,1,1,00AC4C,20,JSR,ABS_JUMP,3,20B19D,206B,1,,NATIVE_BODY
V05C001461,81:AC4F:E0M1X1,040D627B,81,AC4F,0,1,1,00AC4F,FA,PLX,IMP,1,FA,206B,1,,NATIVE_BODY
V05C001462,81:AC50:E0M1X1,040D6283,81,AC50,0,1,1,00AC50,F0,BEQ,REL8,2,F006,206B,2,,NATIVE_BODY
V05C001463,81:AC52:E0M1X1,040D6293,81,AC52,0,1,1,00AC52,CA,DEX,IMP,1,CA,206B,1,,NATIVE_BODY
V05C001464,81:AC53:E0M1X1,040D629B,81,AC53,0,1,1,00AC53,F0,BEQ,REL8,2,F036,206B,2,,NATIVE_BODY
V05C001465,81:AC55:E0M1X1,040D62AB,81,AC55,0,1,1,00AC55,82,BRL,REL16,3,828C00,206B,1,,NATIVE_BODY
V05C001466,81:AC58:E0M1X1,040D62C3,81,AC58,0,1,1,00AC58,C2,REP,IMM8,2,C230,206B,1,,NATIVE_BODY
V05C001467,81:AC5A:E0M0X0,040D62D0,81,AC5A,0,0,0,00AC5A,AD,LDA,ABS,3,AD8002,206B,1,,NATIVE_BODY
V05C001468,81:AC5D:E0M0X0,040D62E8,81,AC5D,0,0,0,00AC5D,F0,BEQ,REL8,2,F00C,206B,2,,NATIVE_BODY
V05C001469,81:AC5F:E0M0X0,040D62F8,81,AC5F,0,0,0,00AC5F,A9,LDA,IMM_M,3,A97600,206B,1,,NATIVE_BODY
V05C001470,81:AC62:E0M0X0,040D6310,81,AC62,0,0,0,00AC62,A2,LDX,IMM_X,3,A27500,206B,1,,NATIVE_BODY
V05C001471,81:AC65:E0M0X0,040D6328,81,AC65,0,0,0,00AC65,A0,LDY,IMM_X,3,A03C00,206B,1,,NATIVE_BODY
V05C001472,81:AC68:E0M0X0,040D6340,81,AC68,0,0,0,00AC68,20,JSR,ABS_JUMP,3,2029AD,206B,1,,NATIVE_BODY
V05C001473,81:AC6B:E0M0X0,040D6358,81,AC6B,0,0,0,00AC6B,A9,LDA,IMM_M,3,A93900,206B,1,,NATIVE_BODY
V05C001474,81:AC6E:E0M0X0,040D6370,81,AC6E,0,0,0,00AC6E,A2,LDX,IMM_X,3,A23800,206B,1,,NATIVE_BODY
V05C001475,81:AC71:E0M0X0,040D6388,81,AC71,0,0,0,00AC71,A0,LDY,IMM_X,3,A03A00,206B,1,,NATIVE_BODY
V05C001476,81:AC74:E0M0X0,040D63A0,81,AC74,0,0,0,00AC74,20,JSR,ABS_JUMP,3,2029AD,206B,1,,NATIVE_BODY
V05C001477,81:AC77:E0M0X0,040D63B8,81,AC77,0,0,0,00AC77,A9,LDA,IMM_M,3,A97600,206B,1,,NATIVE_BODY
V05C001478,81:AC7A:E0M0X0,040D63D0,81,AC7A,0,0,0,00AC7A,A2,LDX,IMM_X,3,A27500,206B,1,,NATIVE_BODY
V05C001479,81:AC7D:E0M0X0,040D63E8,81,AC7D,0,0,0,00AC7D,A0,LDY,IMM_X,3,A07700,206B,1,,NATIVE_BODY
V05C001480,81:AC80:E0M0X0,040D6400,81,AC80,0,0,0,00AC80,20,JSR,ABS_JUMP,3,2029AD,206B,1,,NATIVE_BODY
V05C001481,81:AC83:E0M0X0,040D6418,81,AC83,0,0,0,00AC83,E2,SEP,IMM8,2,E230,206B,1,,NATIVE_BODY
V05C001482,81:AC85:E0M1X1,040D642B,81,AC85,0,1,1,00AC85,20,JSR,ABS_JUMP,3,20A6AD,206B,1,,NATIVE_BODY
V05C001483,81:AC88:E0M1X1,040D6443,81,AC88,0,1,1,00AC88,4C,JMP,ABS_JUMP,3,4C54F4,206B,1,,NATIVE_BODY
V05C001484,81:AC8B:E0M1X1,040D645B,81,AC8B,0,1,1,00AC8B,AD,LDA,ABS,3,AD1B03,206B,1,,NATIVE_BODY
V05C001485,81:AC8E:E0M1X1,040D6473,81,AC8E,0,1,1,00AC8E,0D,ORA,ABS,3,0D1C03,206B,1,,NATIVE_BODY
V05C001486,81:AC91:E0M1X1,040D648B,81,AC91,0,1,1,00AC91,D0,BNE,REL8,2,D003,206B,2,,NATIVE_BODY
V05C001487,81:AC93:E0M1X1,040D649B,81,AC93,0,1,1,00AC93,4C,JMP,ABS_JUMP,3,4C19BA,206B,1,,NATIVE_BODY
V05C001488,81:AC96:E0M1X1,040D64B3,81,AC96,0,1,1,00AC96,9C,STZ,ABS,3,9C1E03,206B,1,,NATIVE_BODY
V05C001489,81:AC99:E0M1X1,040D64CB,81,AC99,0,1,1,00AC99,9C,STZ,ABS,3,9C3C03,206B,1,,NATIVE_BODY
V05C001490,81:AC9C:E0M1X1,040D64E3,81,AC9C,0,1,1,00AC9C,20,JSR,ABS_JUMP,3,2057A5,206B,1,,NATIVE_BODY
V05C001491,81:ACE4:E0M1X1,040D6723,81,ACE4,0,1,1,00ACE4,A2,LDX,IMM_X,2,A200,206B,1,,NATIVE_BODY
V05C001492,81:ACE6:E0M1X1,040D6733,81,ACE6,0,1,1,00ACE6,20,JSR,ABS_JUMP,3,2076AE,206B,1,,NATIVE_BODY
V05C001493,81:ACE9:E0M1X1,040D674B,81,ACE9,0,1,1,00ACE9,20,JSR,ABS_JUMP,3,202FAF,206B,1,,NATIVE_BODY
V05C001494,81:ACEC:E0M1X1,040D6763,81,ACEC,0,1,1,00ACEC,A2,LDX,IMM_X,2,A200,206B,1,,NATIVE_BODY
V05C001495,81:ACEE:E0M1X1,040D6773,81,ACEE,0,1,1,00ACEE,20,JSR,ABS_JUMP,3,2021AE,206B,1,,NATIVE_BODY
V05C001496,81:ACF1:E0M1X1,040D678B,81,ACF1,0,1,1,00ACF1,20,JSR,ABS_JUMP,3,20999D,206B,1,,NATIVE_BODY
V05C001497,81:ACF4:E0M1X1,040D67A3,81,ACF4,0,1,1,00ACF4,90,BCC,REL8,2,900D,206B,2,,NATIVE_BODY
V05C001498,81:ACF6:E0M1X1,040D67B3,81,ACF6,0,1,1,00ACF6,A2,LDX,IMM_X,2,A201,206B,1,,NATIVE_BODY
V05C001499,81:ACF8:E0M1X1,040D67C3,81,ACF8,0,1,1,00ACF8,20,JSR,ABS_JUMP,3,2076AE,206B,1,,NATIVE_BODY
V05C001500,81:ACFB:E0M1X1,040D67DB,81,ACFB,0,1,1,00ACFB,20,JSR,ABS_JUMP,3,202FAF,206B,1,,NATIVE_BODY
V05C001501,81:ACFE:E0M1X1,040D67F3,81,ACFE,0,1,1,00ACFE,A2,LDX,IMM_X,2,A201,206B,1,,NATIVE_BODY
V05C001502,81:AD00:E0M1X1,040D6803,81,AD00,0,1,1,00AD00,20,JSR,ABS_JUMP,3,2021AE,206B,1,,NATIVE_BODY
V05C001503,81:AD03:E0M1X1,040D681B,81,AD03,0,1,1,00AD03,A9,LDA,IMM_M,2,A961,206B,1,,NATIVE_BODY
V05C001504,81:AD05:E0M1X1,040D682B,81,AD05,0,1,1,00AD05,20,JSR,ABS_JUMP,3,20B19D,206B,1,,NATIVE_BODY
V05C001505,81:AD08:E0M1X1,040D6843,81,AD08,0,1,1,00AD08,AD,LDA,ABS,3,ADA002,206B,1,,NATIVE_BODY
V05C001506,81:AD0B:E0M1X1,040D685B,81,AD0B,0,1,1,00AD0B,8D,STA,ABS,3,8DF20D,206B,1,,NATIVE_BODY
V05C001507,81:AD0E:E0M1X1,040D6873,81,AD0E,0,1,1,00AD0E,AD,LDA,ABS,3,ADA102,206B,1,,NATIVE_BODY
V05C001508,81:AD11:E0M1X1,040D688B,81,AD11,0,1,1,00AD11,8D,STA,ABS,3,8DF30D,206B,1,,NATIVE_BODY
V05C001509,81:AD14:E0M1X1,040D68A3,81,AD14,0,1,1,00AD14,AD,LDA,ABS,3,ADA202,206B,1,,NATIVE_BODY
V05C001510,81:AD17:E0M1X1,040D68BB,81,AD17,0,1,1,00AD17,8D,STA,ABS,3,8D2D0E,206B,1,,NATIVE_BODY
V05C001511,81:AD1A:E0M1X1,040D68D3,81,AD1A,0,1,1,00AD1A,AD,LDA,ABS,3,ADA302,206B,1,,NATIVE_BODY
V05C001512,81:AD1D:E0M1X1,040D68EB,81,AD1D,0,1,1,00AD1D,8D,STA,ABS,3,8D2E0E,206B,1,,NATIVE_BODY
V05C001513,81:AD20:E0M1X1,040D6903,81,AD20,0,1,1,00AD20,60,RTS,IMP,1,60,206B,0,RETURN,NAMED_BOUNDARY
V05C001514,81:AD29:E0M0X0,040D6948,81,AD29,0,0,0,00AD29,85,STA,DP,2,8588,206B,1,,NATIVE_BODY
V05C001515,81:AD2B:E0M0X0,040D6958,81,AD2B,0,0,0,00AD2B,AD,LDA,ABS,3,AD0E0F,206B,1,,NATIVE_BODY
V05C001516,81:AD2E:E0M0X0,040D6970,81,AD2E,0,0,0,00AD2E,29,AND,IMM_M,3,29FF00,206B,1,,NATIVE_BODY
V05C001517,81:AD31:E0M0X0,040D6988,81,AD31,0,0,0,00AD31,F0,BEQ,REL8,2,F041,206B,2,,NATIVE_BODY
V05C001518,81:AD33:E0M0X0,040D6998,81,AD33,0,0,0,00AD33,A5,LDA,DP,2,A588,206B,1,,NATIVE_BODY
V05C001519,81:AD35:E0M0X0,040D69A8,81,AD35,0,0,0,00AD35,20,JSR,ABS_JUMP,3,20729D,206B,1,,NATIVE_BODY
V05C001520,81:AD74:E0M0X0,040D6BA0,81,AD74,0,0,0,00AD74,60,RTS,IMP,1,60,206B,3,,NATIVE_BODY
V05C001521,81:ADA6:E0M1X1,040D6D33,81,ADA6,0,1,1,00ADA6,9C,STZ,ABS,3,9C9902,206B,1,,NATIVE_BODY
V05C001522,81:ADA9:E0M1X1,040D6D4B,81,ADA9,0,1,1,00ADA9,A9,LDA,IMM_M,2,A901,206B,1,,NATIVE_BODY
V05C001523,81:ADAB:E0M1X1,040D6D5B,81,ADAB,0,1,1,00ADAB,8D,STA,ABS,3,8D9A02,206B,1,,NATIVE_BODY
V05C001524,81:ADAE:E0M1X1,040D6D73,81,ADAE,0,1,1,00ADAE,9C,STZ,ABS,3,9C9B02,206B,1,,NATIVE_BODY
V05C001525,81:ADB1:E0M1X1,040D6D8B,81,ADB1,0,1,1,00ADB1,A9,LDA,IMM_M,2,A900,206B,1,,NATIVE_BODY
V05C001526,81:ADB3:E0M1X1,040D6D9B,81,ADB3,0,1,1,00ADB3,8D,STA,ABS,3,8D000C,206B,1,,NATIVE_BODY
V05C001527,81:ADB6:E0M1X1,040D6DB3,81,ADB6,0,1,1,00ADB6,C2,REP,IMM8,2,C220,206B,1,,NATIVE_BODY
V05C001528,81:ADB8:E0M0X1,040D6DC1,81,ADB8,0,0,1,00ADB8,A9,LDA,IMM_M,3,A90001,206B,1,,NATIVE_BODY
V05C001529,81:ADBB:E0M0X1,040D6DD9,81,ADBB,0,0,1,00ADBB,8D,STA,ABS,3,8D9C02,206B,1,,NATIVE_BODY
V05C001530,81:ADBE:E0M0X1,040D6DF1,81,ADBE,0,0,1,00ADBE,A9,LDA,IMM_M,3,A90808,206B,1,,NATIVE_BODY
V05C001531,81:ADC1:E0M0X1,040D6E09,81,ADC1,0,0,1,00ADC1,8D,STA,ABS,3,8DA002,206B,1,,NATIVE_BODY
V05C001532,81:ADC4:E0M0X1,040D6E21,81,ADC4,0,0,1,00ADC4,A9,LDA,IMM_M,3,A90400,206B,1,,NATIVE_BODY
V05C001533,81:ADC7:E0M0X1,040D6E39,81,ADC7,0,0,1,00ADC7,8D,STA,ABS,3,8DA202,206B,1,,NATIVE_BODY
V05C001534,81:ADCA:E0M0X1,040D6E51,81,ADCA,0,0,1,00ADCA,A9,LDA,IMM_M,3,A90101,206B,1,,NATIVE_BODY
V05C001535,81:ADCD:E0M0X1,040D6E69,81,ADCD,0,0,1,00ADCD,8D,STA,ABS,3,8D330E,206B,1,,NATIVE_BODY
V05C001536,81:ADD0:E0M0X1,040D6E81,81,ADD0,0,0,1,00ADD0,A9,LDA,IMM_M,3,A90202,206B,1,,NATIVE_BODY
V05C001537,81:ADD3:E0M0X1,040D6E99,81,ADD3,0,0,1,00ADD3,8D,STA,ABS,3,8D370E,206B,1,,NATIVE_BODY
V05C001538,81:ADD6:E0M0X1,040D6EB1,81,ADD6,0,0,1,00ADD6,A9,LDA,IMM_M,3,A90101,206B,1,,NATIVE_BODY
V05C001539,81:ADD9:E0M0X1,040D6EC9,81,ADD9,0,0,1,00ADD9,8D,STA,ABS,3,8D3B0E,206B,1,,NATIVE_BODY
V05C001540,81:ADDC:E0M0X1,040D6EE1,81,ADDC,0,0,1,00ADDC,9C,STZ,ABS,3,9CF60D,206B,1,,NATIVE_BODY
V05C001541,81:ADDF:E0M0X1,040D6EF9,81,ADDF,0,0,1,00ADDF,9C,STZ,ABS,3,9CFA0D,206B,1,,NATIVE_BODY
V05C001542,81:ADE2:E0M0X1,040D6F11,81,ADE2,0,0,1,00ADE2,9C,STZ,ABS,3,9CFE0D,206B,1,,NATIVE_BODY
V05C001543,81:ADE5:E0M0X1,040D6F29,81,ADE5,0,0,1,00ADE5,9C,STZ,ABS,3,9C020E,206B,1,,NATIVE_BODY
V05C001544,81:ADE8:E0M0X1,040D6F41,81,ADE8,0,0,1,00ADE8,A9,LDA,IMM_M,3,A90101,206B,1,,NATIVE_BODY
V05C001545,81:ADEB:E0M0X1,040D6F59,81,ADEB,0,0,1,00ADEB,8D,STA,ABS,3,8D6F0E,206B,1,,NATIVE_BODY
V05C001546,81:ADEE:E0M0X1,040D6F71,81,ADEE,0,0,1,00ADEE,8D,STA,ABS,3,8D730E,206B,1,,NATIVE_BODY
V05C001547,81:ADF1:E0M0X1,040D6F89,81,ADF1,0,0,1,00ADF1,8D,STA,ABS,3,8D770E,206B,1,,NATIVE_BODY
V05C001548,81:ADF4:E0M0X1,040D6FA1,81,ADF4,0,0,1,00ADF4,8D,STA,ABS,3,8D7B0E,206B,1,,NATIVE_BODY
V05C001549,81:ADF7:E0M0X1,040D6FB9,81,ADF7,0,0,1,00ADF7,8D,STA,ABS,3,8D7F0E,206B,1,,NATIVE_BODY
V05C001550,81:ADFA:E0M0X1,040D6FD1,81,ADFA,0,0,1,00ADFA,8D,STA,ABS,3,8D830E,206B,1,,NATIVE_BODY
V05C001551,81:ADFD:E0M0X1,040D6FE9,81,ADFD,0,0,1,00ADFD,8D,STA,ABS,3,8D870E,206B,1,,NATIVE_BODY
V05C001552,81:AE00:E0M0X1,040D7001,81,AE00,0,0,1,00AE00,8D,STA,ABS,3,8D870E,206B,1,,NATIVE_BODY
V05C001553,81:AE03:E0M0X1,040D7019,81,AE03,0,0,1,00AE03,8D,STA,ABS,3,8D8B0E,206B,1,,NATIVE_BODY
V05C001554,81:AE06:E0M0X1,040D7031,81,AE06,0,0,1,00AE06,9C,STZ,ABS,3,9CA802,206B,1,,NATIVE_BODY
V05C001555,81:AE09:E0M0X1,040D7049,81,AE09,0,0,1,00AE09,9C,STZ,ABS,3,9CAC02,206B,1,,NATIVE_BODY
V05C001556,81:AE0C:E0M0X1,040D7061,81,AE0C,0,0,1,00AE0C,9C,STZ,ABS,3,9CAE02,206B,1,,NATIVE_BODY
V05C001557,81:AE0F:E0M0X1,040D7079,81,AE0F,0,0,1,00AE0F,A9,LDA,IMM_M,3,A90200,206B,1,,NATIVE_BODY
V05C001558,81:AE12:E0M0X1,040D7091,81,AE12,0,0,1,00AE12,8D,STA,ABS,3,8D080E,206B,1,,NATIVE_BODY
V05C001559,81:AE15:E0M0X1,040D70A9,81,AE15,0,0,1,00AE15,8D,STA,ABS,3,8D0C0E,206B,1,,NATIVE_BODY
V05C001560,81:AE18:E0M0X1,040D70C1,81,AE18,0,0,1,00AE18,9C,STZ,ABS,3,9C060E,206B,1,,NATIVE_BODY
V05C001561,81:AE1B:E0M0X1,040D70D9,81,AE1B,0,0,1,00AE1B,9C,STZ,ABS,3,9C0A0E,206B,1,,NATIVE_BODY
V05C001562,81:AE1E:E0M0X1,040D70F1,81,AE1E,0,0,1,00AE1E,E2,SEP,IMM8,2,E220,206B,1,,NATIVE_BODY
V05C001563,81:AE20:E0M1X1,040D7103,81,AE20,0,1,1,00AE20,60,RTS,IMP,1,60,206B,1,,NATIVE_BODY
V05C001564,81:AE21:E0M1X1,040D710B,81,AE21,0,1,1,00AE21,AD,LDA,ABS,3,AD1C03,206B,1,,NATIVE_BODY
V05C001565,81:AE24:E0M1X1,040D7123,81,AE24,0,1,1,00AE24,D0,BNE,REL8,2,D04F,206B,2,,NATIVE_BODY
V05C001566,81:AE26:E0M1X1,040D7133,81,AE26,0,1,1,00AE26,AD,LDA,ABS,3,ADB502,206B,1,,NATIVE_BODY
V05C001567,81:AE29:E0M1X1,040D714B,81,AE29,0,1,1,00AE29,9D,STA,ABS_X,3,9D830E,206B,1,,NATIVE_BODY
V05C001568,81:AE2C:E0M1X1,040D7163,81,AE2C,0,1,1,00AE2C,AD,LDA,ABS,3,ADB602,206B,1,,NATIVE_BODY
V05C001569,81:AE2F:E0M1X1,040D717B,81,AE2F,0,1,1,00AE2F,9D,STA,ABS_X,3,9D7F0E,206B,1,,NATIVE_BODY
V05C001570,81:AE32:E0M1X1,040D7193,81,AE32,0,1,1,00AE32,AD,LDA,ABS,3,ADB702,206B,1,,NATIVE_BODY
V05C001571,81:AE35:E0M1X1,040D71AB,81,AE35,0,1,1,00AE35,9D,STA,ABS_X,3,9D7B0E,206B,1,,NATIVE_BODY
V05C001572,81:AE38:E0M1X1,040D71C3,81,AE38,0,1,1,00AE38,AD,LDA,ABS,3,ADB802,206B,1,,NATIVE_BODY
V05C001573,81:AE3B:E0M1X1,040D71DB,81,AE3B,0,1,1,00AE3B,9D,STA,ABS_X,3,9D730E,206B,1,,NATIVE_BODY
V05C001574,81:AE3E:E0M1X1,040D71F3,81,AE3E,0,1,1,00AE3E,AD,LDA,ABS,3,ADB902,206B,1,,NATIVE_BODY
V05C001575,81:AE41:E0M1X1,040D720B,81,AE41,0,1,1,00AE41,9D,STA,ABS_X,3,9D770E,206B,1,,NATIVE_BODY
V05C001576,81:AE44:E0M1X1,040D7223,81,AE44,0,1,1,00AE44,AD,LDA,ABS,3,ADBA02,206B,1,,NATIVE_BODY
V05C001577,81:AE47:E0M1X1,040D723B,81,AE47,0,1,1,00AE47,9D,STA,ABS_X,3,9D6F0E,206B,1,,NATIVE_BODY
V05C001578,81:AE4A:E0M1X1,040D7253,81,AE4A,0,1,1,00AE4A,AD,LDA,ABS,3,ADBB02,206B,1,,NATIVE_BODY
V05C001579,81:AE4D:E0M1X1,040D726B,81,AE4D,0,1,1,00AE4D,9D,STA,ABS_X,3,9D8B0E,206B,1,,NATIVE_BODY
V05C001580,81:AE50:E0M1X1,040D7283,81,AE50,0,1,1,00AE50,AD,LDA,ABS,3,ADBC02,206B,1,,NATIVE_BODY
V05C001581,81:AE53:E0M1X1,040D729B,81,AE53,0,1,1,00AE53,9D,STA,ABS_X,3,9D870E,206B,1,,NATIVE_BODY
V05C001582,81:AE56:E0M1X1,040D72B3,81,AE56,0,1,1,00AE56,AC,LDY,ABS,3,ACBD02,206B,1,,NATIVE_BODY
V05C001583,81:AE59:E0M1X1,040D72CB,81,AE59,0,1,1,00AE59,B9,LDA,ABS_Y,3,B920AF,206B,1,,NATIVE_BODY
V05C001584,81:AE5C:E0M1X1,040D72E3,81,AE5C,0,1,1,00AE5C,9D,STA,ABS_X,3,9D330E,206B,1,,NATIVE_BODY
V05C001585,81:AE5F:E0M1X1,040D72FB,81,AE5F,0,1,1,00AE5F,AC,LDY,ABS,3,ACBE02,206B,1,,NATIVE_BODY
V05C001586,81:AE62:E0M1X1,040D7313,81,AE62,0,1,1,00AE62,B9,LDA,ABS_Y,3,B920AF,206B,1,,NATIVE_BODY
V05C001587,81:AE65:E0M1X1,040D732B,81,AE65,0,1,1,00AE65,9D,STA,ABS_X,3,9D370E,206B,1,,NATIVE_BODY
V05C001588,81:AE68:E0M1X1,040D7343,81,AE68,0,1,1,00AE68,AC,LDY,ABS,3,ACBF02,206B,1,,NATIVE_BODY
V05C001589,81:AE6B:E0M1X1,040D735B,81,AE6B,0,1,1,00AE6B,B9,LDA,ABS_Y,3,B926AF,206B,1,,NATIVE_BODY
V05C001590,81:AE6E:E0M1X1,040D7373,81,AE6E,0,1,1,00AE6E,9D,STA,ABS_X,3,9D3B0E,206B,1,,NATIVE_BODY
V05C001591,81:AE71:E0M1X1,040D738B,81,AE71,0,1,1,00AE71,8A,TXA,IMP,1,8A,206B,1,,NATIVE_BODY
V05C001592,81:AE72:E0M1X1,040D7393,81,AE72,0,1,1,00AE72,20,JSR,ABS_JUMP,3,207DB6,206B,1,,NATIVE_BODY
V05C001593,81:AE75:E0M1X1,040D73AB,81,AE75,0,1,1,00AE75,60,RTS,IMP,1,60,206B,2,,NATIVE_BODY
V05C001594,81:AE76:E0M1X1,040D73B3,81,AE76,0,1,1,00AE76,8E,STX,ABS,3,8E3C03,206B,1,,NATIVE_BODY
V05C001595,81:AE79:E0M1X1,040D73CB,81,AE79,0,1,1,00AE79,9C,STZ,ABS,3,9CB713,206B,1,,NATIVE_BODY
V05C001596,81:AE7C:E0M1X1,040D73E3,81,AE7C,0,1,1,00AE7C,9C,STZ,ABS,3,9CB913,206B,1,,NATIVE_BODY
V05C001597,81:AE7F:E0M1X1,040D73FB,81,AE7F,0,1,1,00AE7F,9C,STZ,ABS,3,9CBA13,206B,1,,NATIVE_BODY
V05C001598,81:AE82:E0M1X1,040D7413,81,AE82,0,1,1,00AE82,BD,LDA,ABS_X,3,BDA802,206B,1,,NATIVE_BODY
V05C001599,81:AE85:E0M1X1,040D742B,81,AE85,0,1,1,00AE85,8D,STA,ABS,3,8DAA02,206B,1,,NATIVE_BODY
V05C001600,81:AE88:E0M1X1,040D7443,81,AE88,0,1,1,00AE88,AC,LDY,ABS,3,AC9902,206B,1,,NATIVE_BODY
V05C001601,81:AE8B:E0M1X1,040D745B,81,AE8B,0,1,1,00AE8B,AD,LDA,ABS,3,ADFF0B,206B,1,,NATIVE_BODY
V05C001602,81:AE8E:E0M1X1,040D7473,81,AE8E,0,1,1,00AE8E,C9,CMP,IMM_M,2,C902,206B,1,,NATIVE_BODY
V05C001603,81:AE90:E0M1X1,040D7483,81,AE90,0,1,1,00AE90,F0,BEQ,REL8,2,F005,206B,2,,NATIVE_BODY
V05C001604,81:AE92:E0M1X1,040D7493,81,AE92,0,1,1,00AE92,B9,LDA,ABS_Y,3,B90CAF,206B,1,,NATIVE_BODY
V05C001605,81:AE95:E0M1X1,040D74AB,81,AE95,0,1,1,00AE95,80,BRA,REL8,2,8003,206B,1,,NATIVE_BODY
V05C001606,81:AE97:E0M1X1,040D74BB,81,AE97,0,1,1,00AE97,B9,LDA,ABS_Y,3,B912AF,206B,1,,NATIVE_BODY
V05C001607,81:AE9A:E0M1X1,040D74D3,81,AE9A,0,1,1,00AE9A,8D,STA,ABS,3,8DAB02,206B,1,,NATIVE_BODY
V05C001608,81:AE9D:E0M1X1,040D74EB,81,AE9D,0,1,1,00AE9D,20,JSR,ABS_JUMP,3,20A7AE,206B,1,,NATIVE_BODY
V05C001609,81:AEA0:E0M1X1,040D7503,81,AEA0,0,1,1,00AEA0,20,JSR,ABS_JUMP,3,20F3AE,206B,1,,NATIVE_BODY
V05C001610,81:AEA3:E0M1X1,040D751B,81,AEA3,0,1,1,00AEA3,8A,TXA,IMP,1,8A,206B,1,,NATIVE_BODY
V05C001611,81:AEA4:E0M1X1,040D7523,81,AEA4,0,1,1,00AEA4,4C,JMP,ABS_JUMP,3,4C69B6,206B,1,,NATIVE_BODY
V05C001612,81:AEA7:E0M1X1,040D753B,81,AEA7,0,1,1,00AEA7,BD,LDA,ABS_X,3,BD830E,206B,1,,NATIVE_BODY
V05C001613,81:AEAA:E0M1X1,040D7553,81,AEAA,0,1,1,00AEAA,8D,STA,ABS,3,8DB502,206B,1,,NATIVE_BODY
V05C001614,81:AEAD:E0M1X1,040D756B,81,AEAD,0,1,1,00AEAD,BD,LDA,ABS_X,3,BD7F0E,206B,1,,NATIVE_BODY
V05C001615,81:AEB0:E0M1X1,040D7583,81,AEB0,0,1,1,00AEB0,8D,STA,ABS,3,8DB602,206B,1,,NATIVE_BODY
V05C001616,81:AEB3:E0M1X1,040D759B,81,AEB3,0,1,1,00AEB3,BD,LDA,ABS_X,3,BD7B0E,206B,1,,NATIVE_BODY
V05C001617,81:AEB6:E0M1X1,040D75B3,81,AEB6,0,1,1,00AEB6,8D,STA,ABS,3,8DB702,206B,1,,NATIVE_BODY
V05C001618,81:AEB9:E0M1X1,040D75CB,81,AEB9,0,1,1,00AEB9,BD,LDA,ABS_X,3,BD730E,206B,1,,NATIVE_BODY
V05C001619,81:AEBC:E0M1X1,040D75E3,81,AEBC,0,1,1,00AEBC,8D,STA,ABS,3,8DB802,206B,1,,NATIVE_BODY
V05C001620,81:AEBF:E0M1X1,040D75FB,81,AEBF,0,1,1,00AEBF,BD,LDA,ABS_X,3,BD770E,206B,1,,NATIVE_BODY
V05C001621,81:AEC2:E0M1X1,040D7613,81,AEC2,0,1,1,00AEC2,8D,STA,ABS,3,8DB902,206B,1,,NATIVE_BODY
V05C001622,81:AEC5:E0M1X1,040D762B,81,AEC5,0,1,1,00AEC5,BD,LDA,ABS_X,3,BD6F0E,206B,1,,NATIVE_BODY
V05C001623,81:AEC8:E0M1X1,040D7643,81,AEC8,0,1,1,00AEC8,8D,STA,ABS,3,8DBA02,206B,1,,NATIVE_BODY
V05C001624,81:AECB:E0M1X1,040D765B,81,AECB,0,1,1,00AECB,BD,LDA,ABS_X,3,BD8B0E,206B,1,,NATIVE_BODY
V05C001625,81:AECE:E0M1X1,040D7673,81,AECE,0,1,1,00AECE,8D,STA,ABS,3,8DBB02,206B,1,,NATIVE_BODY
V05C001626,81:AED1:E0M1X1,040D768B,81,AED1,0,1,1,00AED1,BD,LDA,ABS_X,3,BD870E,206B,1,,NATIVE_BODY
V05C001627,81:AED4:E0M1X1,040D76A3,81,AED4,0,1,1,00AED4,8D,STA,ABS,3,8DBC02,206B,1,,NATIVE_BODY
V05C001628,81:AED7:E0M1X1,040D76BB,81,AED7,0,1,1,00AED7,BC,LDY,ABS_X,3,BC330E,206B,1,,NATIVE_BODY
V05C001629,81:AEDA:E0M1X1,040D76D3,81,AEDA,0,1,1,00AEDA,B9,LDA,ABS_Y,3,B918AF,206B,1,,NATIVE_BODY
V05C001630,81:AEDD:E0M1X1,040D76EB,81,AEDD,0,1,1,00AEDD,8D,STA,ABS,3,8DBD02,206B,1,,NATIVE_BODY
V05C001631,81:AEE0:E0M1X1,040D7703,81,AEE0,0,1,1,00AEE0,BC,LDY,ABS_X,3,BC370E,206B,1,,NATIVE_BODY
V05C001632,81:AEE3:E0M1X1,040D771B,81,AEE3,0,1,1,00AEE3,B9,LDA,ABS_Y,3,B918AF,206B,1,,NATIVE_BODY
V05C001633,81:AEE6:E0M1X1,040D7733,81,AEE6,0,1,1,00AEE6,8D,STA,ABS,3,8DBE02,206B,1,,NATIVE_BODY
V05C001634,81:AEE9:E0M1X1,040D774B,81,AEE9,0,1,1,00AEE9,BC,LDY,ABS_X,3,BC3B0E,206B,1,,NATIVE_BODY
V05C001635,81:AEEC:E0M1X1,040D7763,81,AEEC,0,1,1,00AEEC,B9,LDA,ABS_Y,3,B91EAF,206B,1,,NATIVE_BODY
V05C001636,81:AEEF:E0M1X1,040D777B,81,AEEF,0,1,1,00AEEF,8D,STA,ABS,3,8DBF02,206B,1,,NATIVE_BODY
V05C001637,81:AEF2:E0M1X1,040D7793,81,AEF2,0,1,1,00AEF2,60,RTS,IMP,1,60,206B,1,,NATIVE_BODY
V05C001638,81:AEF3:E0M1X1,040D779B,81,AEF3,0,1,1,00AEF3,BD,LDA,ABS_X,3,BD9C02,206B,1,,NATIVE_BODY
V05C001639,81:AEF6:E0M1X1,040D77B3,81,AEF6,0,1,1,00AEF6,8D,STA,ABS,3,8DB002,206B,1,,NATIVE_BODY
V05C001640,81:AEF9:E0M1X1,040D77CB,81,AEF9,0,1,1,00AEF9,BD,LDA,ABS_X,3,BDA002,206B,1,,NATIVE_BODY
V05C001641,81:AEFC:E0M1X1,040D77E3,81,AEFC,0,1,1,00AEFC,8D,STA,ABS,3,8DF20D,206B,1,,NATIVE_BODY
V05C001642,81:AEFF:E0M1X1,040D77FB,81,AEFF,0,1,1,00AEFF,8D,STA,ABS,3,8DF50D,206B,1,,NATIVE_BODY
V05C001643,81:AF02:E0M1X1,040D7813,81,AF02,0,1,1,00AF02,BD,LDA,ABS_X,3,BDA202,206B,1,,NATIVE_BODY
V05C001644,81:AF05:E0M1X1,040D782B,81,AF05,0,1,1,00AF05,8D,STA,ABS,3,8D2D0E,206B,1,,NATIVE_BODY
V05C001645,81:AF08:E0M1X1,040D7843,81,AF08,0,1,1,00AF08,8D,STA,ABS,3,8D300E,206B,1,,NATIVE_BODY
V05C001646,81:AF0B:E0M1X1,040D785B,81,AF0B,0,1,1,00AF0B,60,RTS,IMP,1,60,206B,1,,NATIVE_BODY
V05C001647,81:AF2F:E0M1X1,040D797B,81,AF2F,0,1,1,00AF2F,9C,STZ,ABS,3,9C4102,206B,1,,NATIVE_BODY
V05C001648,81:AF32:E0M1X1,040D7993,81,AF32,0,1,1,00AF32,9C,STZ,ABS,3,9C4202,206B,1,,NATIVE_BODY
V05C001649,81:AF35:E0M1X1,040D79AB,81,AF35,0,1,1,00AF35,AD,LDA,ABS,3,AD1C03,206B,1,,NATIVE_BODY
V05C001650,81:AF38:E0M1X1,040D79C3,81,AF38,0,1,1,00AF38,F0,BEQ,REL8,2,F006,206B,2,,NATIVE_BODY
V05C001651,81:AF3A:E0M1X1,040D79D3,81,AF3A,0,1,1,00AF3A,AD,LDA,ABS,3,AD3C03,206B,1,,NATIVE_BODY
V05C001652,81:AF3D:E0M1X1,040D79EB,81,AF3D,0,1,1,00AF3D,F0,BEQ,REL8,2,F001,206B,2,,NATIVE_BODY
V05C001653,81:AF3F:E0M1X1,040D79FB,81,AF3F,0,1,1,00AF3F,60,RTS,IMP,1,60,206B,2,,NATIVE_BODY
V05C001654,81:AF40:E0M1X1,040D7A03,81,AF40,0,1,1,00AF40,20,JSR,ABS_JUMP,3,20469C,206B,1,,NATIVE_BODY
V05C001655,81:AF43:E0M1X1,040D7A1B,81,AF43,0,1,1,00AF43,A9,LDA,IMM_M,2,A900,206B,1,,NATIVE_BODY
V05C001656,81:AF45:E0M1X1,040D7A2B,81,AF45,0,1,1,00AF45,8D,STA,ABS,3,8D5B03,206B,1,,NATIVE_BODY
V05C001657,81:AF48:E0M1X1,040D7A43,81,AF48,0,1,1,00AF48,A9,LDA,IMM_M,2,A908,206B,1,,NATIVE_BODY
V05C001658,81:AF4A:E0M1X1,040D7A53,81,AF4A,0,1,1,00AF4A,8D,STA,ABS,3,8D5C03,206B,1,,NATIVE_BODY
V05C001659,81:AF4D:E0M1X1,040D7A6B,81,AF4D,0,1,1,00AF4D,A9,LDA,IMM_M,2,A909,206B,1,,NATIVE_BODY
V05C001660,81:AF4F:E0M1X1,040D7A7B,81,AF4F,0,1,1,00AF4F,8D,STA,ABS,3,8D0921,206B,1,,NATIVE_BODY
V05C001661,81:AF52:E0M1X1,040D7A93,81,AF52,0,1,1,00AF52,A9,LDA,IMM_M,2,A981,206B,1,,NATIVE_BODY
V05C001662,81:AF54:E0M1X1,040D7AA3,81,AF54,0,1,1,00AF54,20,JSR,ABS_JUMP,3,20B19D,206B,1,,NATIVE_BODY
V05C001663,81:AF57:E0M1X1,040D7ABB,81,AF57,0,1,1,00AF57,9C,STZ,ABS,3,9CCD02,206B,1,,NATIVE_BODY
V05C001664,81:AF5A:E0M1X1,040D7AD3,81,AF5A,0,1,1,00AF5A,AD,LDA,ABS,3,ADB713,206B,1,,NATIVE_BODY
V05C001665,81:AF5D:E0M1X1,040D7AEB,81,AF5D,0,1,1,00AF5D,8D,STA,ABS,3,8DB813,206B,1,,NATIVE_BODY
V05C001666,81:AF60:E0M1X1,040D7B03,81,AF60,0,1,1,00AF60,D0,BNE,REL8,2,D00F,206B,2,,NATIVE_BODY
V05C001667,81:AF62:E0M1X1,040D7B13,81,AF62,0,1,1,00AF62,AD,LDA,ABS,3,AD1C03,206B,1,,NATIVE_BODY
V05C001668,81:AF65:E0M1X1,040D7B2B,81,AF65,0,1,1,00AF65,D0,BNE,REL8,2,D00A,206B,2,,NATIVE_BODY
V05C001669,81:AF67:E0M1X1,040D7B3B,81,AF67,0,1,1,00AF67,AD,LDA,ABS,3,ADFF0B,206B,1,,NATIVE_BODY
V05C001670,81:AF6A:E0M1X1,040D7B53,81,AF6A,0,1,1,00AF6A,C9,CMP,IMM_M,2,C902,206B,1,,NATIVE_BODY
V05C001671,81:AF6C:E0M1X1,040D7B63,81,AF6C,0,1,1,00AF6C,D0,BNE,REL8,2,D003,206B,2,,NATIVE_BODY
V05C001672,81:AF6E:E0M1X1,040D7B73,81,AF6E,0,1,1,00AF6E,EE,INC,ABS,3,EED002,206B,1,,NATIVE_BODY
V05C001673,81:AF71:E0M1X1,040D7B8B,81,AF71,0,1,1,00AF71,C2,REP,IMM8,2,C230,206B,1,,NATIVE_BODY
V05C001674,81:AF73:E0M0X0,040D7B98,81,AF73,0,0,0,00AF73,A9,LDA,IMM_M,3,A93B00,206B,1,,NATIVE_BODY
V05C001675,81:AF76:E0M0X0,040D7BB0,81,AF76,0,0,0,00AF76,22,JSL,ABSL_JUMP,4,229B8380,206B,1,,NATIVE_BODY
V05C001676,81:AF7A:E0M0X0,040D7BD0,81,AF7A,0,0,0,00AF7A,A9,LDA,IMM_M,3,A93C00,206B,1,,NATIVE_BODY
V05C001677,81:AF7D:E0M0X0,040D7BE8,81,AF7D,0,0,0,00AF7D,A2,LDX,IMM_X,3,A20020,206B,1,,NATIVE_BODY
V05C001678,81:AF80:E0M0X0,040D7C00,81,AF80,0,0,0,00AF80,22,JSL,ABSL_JUMP,4,22F78280,206B,1,,NATIVE_BODY
V05C001679,81:AF84:E0M0X0,040D7C20,81,AF84,0,0,0,00AF84,A9,LDA,IMM_M,3,A90000,206B,1,,NATIVE_BODY
V05C001680,81:AF87:E0M0X0,040D7C38,81,AF87,0,0,0,00AF87,8F,STA,ABS_LONG,4,8F00207E,206B,1,,NATIVE_BODY
V05C001681,81:AF8B:E0M0X0,040D7C58,81,AF8B,0,0,0,00AF8B,A0,LDY,IMM_X,3,A00040,206B,1,,NATIVE_BODY
V05C001682,81:AF8E:E0M0X0,040D7C70,81,AF8E,0,0,0,00AF8E,A9,LDA,IMM_M,3,A91800,206B,1,,NATIVE_BODY
V05C001683,81:AF91:E0M0X0,040D7C88,81,AF91,0,0,0,00AF91,22,JSL,ABSL_JUMP,4,225B8380,206B,1,,NATIVE_BODY
V05C001684,81:B669:E0M1X1,040DB34B,81,B669,0,1,1,00B669,0A,ASL,ACC,1,0A,206D,1,,NATIVE_BODY
V05C001685,81:B66A:E0M1X1,040DB353,81,B66A,0,1,1,00B66A,0A,ASL,ACC,1,0A,206D,1,,NATIVE_BODY
V05C001686,81:B66B:E0M1X1,040DB35B,81,B66B,0,1,1,00B66B,A8,TAY,IMP,1,A8,206D,1,,NATIVE_BODY
V05C001687,81:B66C:E0M1X1,040DB363,81,B66C,0,1,1,00B66C,C2,REP,IMM8,2,C220,206D,1,,NATIVE_BODY
V05C001688,81:B66E:E0M0X1,040DB371,81,B66E,0,0,1,00B66E,B9,LDA,ABS_Y,3,B9060E,206D,1,,NATIVE_BODY
V05C001689,81:B671:E0M0X1,040DB389,81,B671,0,0,1,00B671,8D,STA,ABS,3,8DBB13,206D,1,,NATIVE_BODY
V05C001690,81:B674:E0M0X1,040DB3A1,81,B674,0,0,1,00B674,B9,LDA,ABS_Y,3,B9080E,206D,1,,NATIVE_BODY
V05C001691,81:B677:E0M0X1,040DB3B9,81,B677,0,0,1,00B677,8D,STA,ABS,3,8DBD13,206D,1,,NATIVE_BODY
V05C001692,81:B67A:E0M0X1,040DB3D1,81,B67A,0,0,1,00B67A,E2,SEP,IMM8,2,E220,206D,1,,NATIVE_BODY
V05C001693,81:B67C:E0M1X1,040DB3E3,81,B67C,0,1,1,00B67C,60,RTS,IMP,1,60,206D,2,,NATIVE_BODY
V05C001694,81:B67D:E0M1X1,040DB3EB,81,B67D,0,1,1,00B67D,0A,ASL,ACC,1,0A,206D,1,,NATIVE_BODY
V05C001695,81:B67E:E0M1X1,040DB3F3,81,B67E,0,1,1,00B67E,0A,ASL,ACC,1,0A,206D,1,,NATIVE_BODY
V05C001696,81:B67F:E0M1X1,040DB3FB,81,B67F,0,1,1,00B67F,AA,TAX,IMP,1,AA,206D,1,,NATIVE_BODY
V05C001697,81:B680:E0M1X1,040DB403,81,B680,0,1,1,00B680,C2,REP,IMM8,2,C220,206D,1,,NATIVE_BODY
V05C001698,81:B682:E0M0X1,040DB411,81,B682,0,0,1,00B682,AD,LDA,ABS,3,ADBB13,206D,1,,NATIVE_BODY
V05C001699,81:B685:E0M0X1,040DB429,81,B685,0,0,1,00B685,9D,STA,ABS_X,3,9D060E,206D,1,,NATIVE_BODY
V05C001700,81:B688:E0M0X1,040DB441,81,B688,0,0,1,00B688,AD,LDA,ABS,3,ADBD13,206D,1,,NATIVE_BODY
V05C001701,81:B68B:E0M0X1,040DB459,81,B68B,0,0,1,00B68B,9D,STA,ABS_X,3,9D080E,206D,1,,NATIVE_BODY
V05C001702,81:B68E:E0M0X1,040DB471,81,B68E,0,0,1,00B68E,E2,SEP,IMM8,2,E220,206D,1,,NATIVE_BODY
V05C001703,81:B690:E0M1X1,040DB483,81,B690,0,1,1,00B690,60,RTS,IMP,1,60,206D,1,,NATIVE_BODY
V05C001704,81:BA19:E0M1X1,040DD0CB,81,BA19,0,1,1,00BA19,C2,REP,IMM8,2,C220,206E,1,,NATIVE_BODY
V05C001705,81:BA1B:E0M0X1,040DD0D9,81,BA1B,0,0,1,00BA1B,A9,LDA,IMM_M,3,A90302,206E,1,,NATIVE_BODY
V05C001706,81:BA1E:E0M0X1,040DD0F1,81,BA1E,0,0,1,00BA1E,8D,STA,ABS,3,8DA002,206E,1,,NATIVE_BODY
V05C001707,81:BA21:E0M0X1,040DD109,81,BA21,0,0,1,00BA21,A9,LDA,IMM_M,3,A90400,206E,1,,NATIVE_BODY
V05C001708,81:BA24:E0M0X1,040DD121,81,BA24,0,0,1,00BA24,8D,STA,ABS,3,8DA202,206E,1,,NATIVE_BODY
V05C001709,81:BA27:E0M0X1,040DD139,81,BA27,0,0,1,00BA27,A9,LDA,IMM_M,3,A90020,206E,1,,NATIVE_BODY
V05C001710,81:BA2A:E0M0X1,040DD151,81,BA2A,0,0,1,00BA2A,8D,STA,ABS,3,8D060E,206E,1,,NATIVE_BODY
V05C001711,81:BA2D:E0M0X1,040DD169,81,BA2D,0,0,1,00BA2D,8D,STA,ABS,3,8D0A0E,206E,1,,NATIVE_BODY
V05C001712,81:BA30:E0M0X1,040DD181,81,BA30,0,0,1,00BA30,9C,STZ,ABS,3,9C080E,206E,1,,NATIVE_BODY
V05C001713,81:BA33:E0M0X1,040DD199,81,BA33,0,0,1,00BA33,9C,STZ,ABS,3,9C0C0E,206E,1,,NATIVE_BODY
V05C001714,81:BA36:E0M0X1,040DD1B1,81,BA36,0,0,1,00BA36,E2,SEP,IMM8,2,E220,206E,1,,NATIVE_BODY
V05C001715,81:BA38:E0M1X1,040DD1C3,81,BA38,0,1,1,00BA38,20,JSR,ABS_JUMP,3,20469C,206E,1,,NATIVE_BODY
V05C001716,81:BA3B:E0M1X1,040DD1DB,81,BA3B,0,1,1,00BA3B,A9,LDA,IMM_M,2,A900,206E,1,,NATIVE_BODY
V05C001717,81:BA3D:E0M1X1,040DD1EB,81,BA3D,0,1,1,00BA3D,8D,STA,ABS,3,8D5B03,206E,1,,NATIVE_BODY
V05C001718,81:BA40:E0M1X1,040DD203,81,BA40,0,1,1,00BA40,A9,LDA,IMM_M,2,A908,206E,1,,NATIVE_BODY
V05C001719,81:BA42:E0M1X1,040DD213,81,BA42,0,1,1,00BA42,8D,STA,ABS,3,8D5C03,206E,1,,NATIVE_BODY
V05C001720,81:BA45:E0M1X1,040DD22B,81,BA45,0,1,1,00BA45,A9,LDA,IMM_M,2,A909,206E,1,,NATIVE_BODY
V05C001721,81:BA47:E0M1X1,040DD23B,81,BA47,0,1,1,00BA47,8D,STA,ABS,3,8D0921,206E,1,,NATIVE_BODY
V05C001722,81:BA4A:E0M1X1,040DD253,81,BA4A,0,1,1,00BA4A,A9,LDA,IMM_M,2,A981,206E,1,,NATIVE_BODY
V05C001723,81:BA4C:E0M1X1,040DD263,81,BA4C,0,1,1,00BA4C,20,JSR,ABS_JUMP,3,20B19D,206E,1,,NATIVE_BODY
V05C001724,81:BA4F:E0M1X1,040DD27B,81,BA4F,0,1,1,00BA4F,C2,REP,IMM8,2,C230,206E,1,,NATIVE_BODY
V05C001725,81:BA51:E0M0X0,040DD288,81,BA51,0,0,0,00BA51,20,JSR,ABS_JUMP,3,20A9BD,206E,1,,NATIVE_BODY
V05C001726,81:BA54:E0M0X0,040DD2A0,81,BA54,0,0,0,00BA54,A9,LDA,IMM_M,3,A96400,206E,1,,NATIVE_BODY
V05C001727,81:BA57:E0M0X0,040DD2B8,81,BA57,0,0,0,00BA57,A2,LDX,IMM_X,3,A21800,206E,1,,NATIVE_BODY
V05C001728,81:BA5A:E0M0X0,040DD2D0,81,BA5A,0,0,0,00BA5A,A0,LDY,IMM_X,3,A01900,206E,1,,NATIVE_BODY
V05C001729,81:BA5D:E0M0X0,040DD2E8,81,BA5D,0,0,0,00BA5D,20,JSR,ABS_JUMP,3,20729D,206E,1,,NATIVE_BODY
V05C001730,81:BDA9:E0M0X0,040DED48,81,BDA9,0,0,0,00BDA9,9C,STZ,ABS,3,9CD802,206F,1,,NATIVE_BODY
V05C001731,81:BDAC:E0M0X0,040DED60,81,BDAC,0,0,0,00BDAC,9C,STZ,ABS,3,9CCD02,206F,1,,NATIVE_BODY
V05C001732,81:BDAF:E0M0X0,040DED78,81,BDAF,0,0,0,00BDAF,9C,STZ,ABS,3,9CCF02,206F,1,,NATIVE_BODY
V05C001733,81:BDB2:E0M0X0,040DED90,81,BDB2,0,0,0,00BDB2,A2,LDX,IMM_X,3,A20100,206F,1,,NATIVE_BODY
V05C001734,81:BDB5:E0M0X0,040DEDA8,81,BDB5,0,0,0,00BDB5,AD,LDA,ABS,3,ADFF0B,206F,1,,NATIVE_BODY
V05C001735,81:BDB8:E0M0X0,040DEDC0,81,BDB8,0,0,0,00BDB8,29,AND,IMM_M,3,29FF00,206F,1,,NATIVE_BODY
V05C001736,81:BDBB:E0M0X0,040DEDD8,81,BDBB,0,0,0,00BDBB,C9,CMP,IMM_M,3,C90200,206F,1,,NATIVE_BODY
V05C001737,81:BDBE:E0M0X0,040DEDF0,81,BDBE,0,0,0,00BDBE,F0,BEQ,REL8,2,F007,206F,2,,NATIVE_BODY
V05C001738,81:BDC0:E0M0X0,040DEE00,81,BDC0,0,0,0,00BDC0,9C,STZ,ABS,3,9CD402,206F,1,,NATIVE_BODY
V05C001739,81:BDC3:E0M0X0,040DEE18,81,BDC3,0,0,0,00BDC3,8E,STX,ABS,3,8EDC02,206F,1,,NATIVE_BODY
V05C001740,81:BDC6:E0M0X0,040DEE30,81,BDC6,0,0,0,00BDC6,60,RTS,IMP,1,60,206F,1,,NATIVE_BODY
V05C001741,81:BDC7:E0M0X0,040DEE38,81,BDC7,0,0,0,00BDC7,8E,STX,ABS,3,8ED402,206F,1,,NATIVE_BODY
V05C001742,81:BDCA:E0M0X0,040DEE50,81,BDCA,0,0,0,00BDCA,9C,STZ,ABS,3,9CDC02,206F,1,,NATIVE_BODY
V05C001743,81:BDCD:E0M0X0,040DEE68,81,BDCD,0,0,0,00BDCD,60,RTS,IMP,1,60,206F,1,,NATIVE_BODY
V05C001744,81:F454:E0M1X1,040FA2A3,81,F454,0,1,1,00F454,22,JSL,ABSL_JUMP,4,2215A480,207D,1,,NATIVE_BODY
V05C001745,81:F458:E0M1X1,040FA2C3,81,F458,0,1,1,00F458,20,JSR,ABS_JUMP,3,20469C,207D,1,,NATIVE_BODY
V05C001746,81:F45B:E0M1X1,040FA2DB,81,F45B,0,1,1,00F45B,A9,LDA,IMM_M,2,A9A0,207D,1,,NATIVE_BODY
V05C001747,81:F45D:E0M1X1,040FA2EB,81,F45D,0,1,1,00F45D,20,JSR,ABS_JUMP,3,20B19D,207D,1,,NATIVE_BODY
V05C001748,81:F460:E0M1X1,040FA303,81,F460,0,1,1,00F460,A9,LDA,IMM_M,2,A900,207D,1,,NATIVE_BODY
V05C001749,81:F462:E0M1X1,040FA313,81,F462,0,1,1,00F462,8F,STA,ABS_LONG,4,8F00207E,207D,1,,NATIVE_BODY
V05C001750,81:F466:E0M1X1,040FA333,81,F466,0,1,1,00F466,8F,STA,ABS_LONG,4,8F01207E,207D,1,,NATIVE_BODY
V05C001751,81:F46A:E0M1X1,040FA353,81,F46A,0,1,1,00F46A,A9,LDA,IMM_M,2,A90B,207D,1,,NATIVE_BODY
V05C001752,81:F46C:E0M1X1,040FA363,81,F46C,0,1,1,00F46C,8D,STA,ABS,3,8D0521,207D,1,,NATIVE_BODY
V05C001753,81:F46F:E0M1X1,040FA37B,81,F46F,0,1,1,00F46F,A9,LDA,IMM_M,2,A978,207D,1,,NATIVE_BODY
V05C001754,81:F471:E0M1X1,040FA38B,81,F471,0,1,1,00F471,8D,STA,ABS,3,8D0721,207D,1,,NATIVE_BODY
V05C001755,81:F474:E0M1X1,040FA3A3,81,F474,0,1,1,00F474,A9,LDA,IMM_M,2,A902,207D,1,,NATIVE_BODY
V05C001756,81:F476:E0M1X1,040FA3B3,81,F476,0,1,1,00F476,8D,STA,ABS,3,8D0B21,207D,1,,NATIVE_BODY
V05C001757,81:F479:E0M1X1,040FA3CB,81,F479,0,1,1,00F479,A9,LDA,IMM_M,2,A911,207D,1,,NATIVE_BODY
V05C001758,81:F47B:E0M1X1,040FA3DB,81,F47B,0,1,1,00F47B,8D,STA,ABS,3,8D2C21,207D,1,,NATIVE_BODY
V05C001759,81:F47E:E0M1X1,040FA3F3,81,F47E,0,1,1,00F47E,AD,LDA,ABS,3,AD0E0F,207D,1,,NATIVE_BODY
V05C001760,81:F481:E0M1X1,040FA40B,81,F481,0,1,1,00F481,F0,BEQ,REL8,2,F010,207D,2,,NATIVE_BODY
V05C001761,81:F483:E0M1X1,040FA41B,81,F483,0,1,1,00F483,C2,REP,IMM8,2,C230,207D,1,,NATIVE_BODY
V05C001762,81:F485:E0M0X0,040FA428,81,F485,0,0,0,00F485,A9,LDA,IMM_M,3,A97B00,207D,1,,NATIVE_BODY
V05C001763,81:F488:E0M0X0,040FA440,81,F488,0,0,0,00F488,A2,LDX,IMM_X,3,A27A00,207D,1,,NATIVE_BODY
V05C001764,81:F48B:E0M0X0,040FA458,81,F48B,0,0,0,00F48B,A0,LDY,IMM_X,3,A07C00,207D,1,,NATIVE_BODY
V05C001765,81:F48E:E0M0X0,040FA470,81,F48E,0,0,0,00F48E,20,JSR,ABS_JUMP,3,20729D,207D,1,,NATIVE_BODY
V05C001766,81:F493:E0M1X1,040FA49B,81,F493,0,1,1,00F493,C2,REP,IMM8,2,C230,207D,1,,NATIVE_BODY
V05C001767,81:F495:E0M0X0,040FA4A8,81,F495,0,0,0,00F495,A9,LDA,IMM_M,3,A90100,207D,1,,NATIVE_BODY
V05C001768,81:F498:E0M0X0,040FA4C0,81,F498,0,0,0,00F498,20,JSR,ABS_JUMP,3,20509E,207D,1,,NATIVE_BODY
V05C001769,81:F49B:E0M0X0,040FA4D8,81,F49B,0,0,0,00F49B,A9,LDA,IMM_M,3,A90100,207D,1,,NATIVE_BODY
V05C001770,81:F49E:E0M0X0,040FA4F0,81,F49E,0,0,0,00F49E,20,JSR,ABS_JUMP,3,20129E,207D,1,,NATIVE_BODY
V05C001771,81:F4A1:E0M0X0,040FA508,81,F4A1,0,0,0,00F4A1,E2,SEP,IMM8,2,E230,207D,1,,NATIVE_BODY
V05C001772,81:F4A3:E0M1X1,040FA51B,81,F4A3,0,1,1,00F4A3,9C,STZ,ABS,3,9CFF0B,207D,1,,NATIVE_BODY
V05C001773,81:F4A6:E0M1X1,040FA533,81,F4A6,0,1,1,00F4A6,9C,STZ,ABS,3,9C3C03,207D,1,,NATIVE_BODY
V05C001774,81:F4A9:E0M1X1,040FA54B,81,F4A9,0,1,1,00F4A9,A9,LDA,IMM_M,2,A90C,207D,1,,NATIVE_BODY
V05C001775,81:F4AB:E0M1X1,040FA55B,81,F4AB,0,1,1,00F4AB,8D,STA,ABS,3,8D5503,207D,1,,NATIVE_BODY
V05C001776,81:F4AE:E0M1X1,040FA573,81,F4AE,0,1,1,00F4AE,A9,LDA,IMM_M,2,A981,207D,1,,NATIVE_BODY
V05C001777,81:F4B0:E0M1X1,040FA583,81,F4B0,0,1,1,00F4B0,8D,STA,ABS,3,8D0042,207D,1,,NATIVE_BODY
V05C001778,81:F4B3:E0M1X1,040FA59B,81,F4B3,0,1,1,00F4B3,AD,LDA,ABS,3,AD0E0F,207D,1,,NATIVE_BODY
V05C001779,81:F4B6:E0M1X1,040FA5B3,81,F4B6,0,1,1,00F4B6,F0,BEQ,REL8,2,F024,207D,2,,NATIVE_BODY
V05C001780,81:F4B8:E0M1X1,040FA5C3,81,F4B8,0,1,1,00F4B8,20,JSR,ABS_JUMP,3,208C9C,207D,1,,NATIVE_BODY
V05C001781,81:F4BB:E0M1X1,040FA5DB,81,F4BB,0,1,1,00F4BB,20,JSR,ABS_JUMP,3,20B69C,207D,1,,NATIVE_BODY
V05C001782,81:F4BE:E0M1X1,040FA5F3,81,F4BE,0,1,1,00F4BE,22,JSL,ABSL_JUMP,4,22A0A380,207D,1,,NATIVE_BODY
V05C001783,81:F4C2:E0M1X1,040FA613,81,F4C2,0,1,1,00F4C2,20,JSR,ABS_JUMP,3,205C9F,207D,1,,NATIVE_BODY
V05C001784,81:F4C5:E0M1X1,040FA62B,81,F4C5,0,1,1,00F4C5,A9,LDA,IMM_M,2,A903,207D,1,,NATIVE_BODY
V05C001785,81:F4C7:E0M1X1,040FA63B,81,F4C7,0,1,1,00F4C7,20,JSR,ABS_JUMP,3,20EDF5,207D,1,,NATIVE_BODY
V05C001786,81:F4CA:E0M1X1,040FA653,81,F4CA,0,1,1,00F4CA,20,JSR,ABS_JUMP,3,2038F5,207D,1,,NATIVE_BODY
V05C001787,81:F4CD:E0M1X1,040FA66B,81,F4CD,0,1,1,00F4CD,9C,STZ,ABS,3,9C3003,207D,1,,NATIVE_BODY
V05C001788,81:F4D0:E0M1X1,040FA683,81,F4D0,0,1,1,00F4D0,A9,LDA,IMM_M,2,A90A,207D,1,,NATIVE_BODY
V05C001789,81:F4D2:E0M1X1,040FA693,81,F4D2,0,1,1,00F4D2,20,JSR,ABS_JUMP,3,20EDF5,207D,1,,NATIVE_BODY
V05C001790,81:F4D5:E0M1X1,040FA6AB,81,F4D5,0,1,1,00F4D5,90,BCC,REL8,2,9033,207D,2,,NATIVE_BODY
V05C001791,81:F4D7:E0M1X1,040FA6BB,81,F4D7,0,1,1,00F4D7,20,JSR,ABS_JUMP,3,2050F6,207D,1,,NATIVE_BODY
V05C001792,81:F4DA:E0M1X1,040FA6D3,81,F4DA,0,1,1,00F4DA,80,BRA,REL8,2,801A,207D,1,,NATIVE_BODY
V05C001793,81:F4DC:E0M1X1,040FA6E3,81,F4DC,0,1,1,00F4DC,A9,LDA,IMM_M,2,A910,207D,1,,NATIVE_BODY
V05C001794,81:F4DE:E0M1X1,040FA6F3,81,F4DE,0,1,1,00F4DE,8D,STA,ABS,3,8D2C21,207D,1,,NATIVE_BODY
V05C001795,81:F4E1:E0M1X1,040FA70B,81,F4E1,0,1,1,00F4E1,A9,LDA,IMM_M,2,A906,207D,1,,NATIVE_BODY
V05C001796,81:F4E3:E0M1X1,040FA71B,81,F4E3,0,1,1,00F4E3,8D,STA,ABS,3,8DC002,207D,1,,NATIVE_BODY
V05C001797,81:F4E6:E0M1X1,040FA733,81,F4E6,0,1,1,00F4E6,9C,STZ,ABS,3,9CC102,207D,1,,NATIVE_BODY
V05C001798,81:F4E9:E0M1X1,040FA74B,81,F4E9,0,1,1,00F4E9,20,JSR,ABS_JUMP,3,20F7F7,207D,1,,NATIVE_BODY
V05C001799,81:F4EC:E0M1X1,040FA763,81,F4EC,0,1,1,00F4EC,20,JSR,ABS_JUMP,3,208C9C,207D,1,,NATIVE_BODY
V05C001800,81:F4EF:E0M1X1,040FA77B,81,F4EF,0,1,1,00F4EF,20,JSR,ABS_JUMP,3,20B69C,207D,1,,NATIVE_BODY
V05C001801,81:F4F2:E0M1X1,040FA793,81,F4F2,0,1,1,00F4F2,22,JSL,ABSL_JUMP,4,22A0A380,207D,1,,NATIVE_BODY
V05C001802,81:F4F6:E0M1X1,040FA7B3,81,F4F6,0,1,1,00F4F6,20,JSR,ABS_JUMP,3,20A4F6,207D,1,,NATIVE_BODY
V05C001803,81:F4F9:E0M1X1,040FA7CB,81,F4F9,0,1,1,00F4F9,B0,BCS,REL8,2,B00F,207D,2,,NATIVE_BODY
V05C001804,81:F4FB:E0M1X1,040FA7DB,81,F4FB,0,1,1,00F4FB,20,JSR,ABS_JUMP,3,2086F7,207D,1,,NATIVE_BODY
V05C001805,81:F4FE:E0M1X1,040FA7F3,81,F4FE,0,1,1,00F4FE,B0,BCS,REL8,2,B00A,207D,2,,NATIVE_BODY
V05C001806,81:F500:E0M1X1,040FA803,81,F500,0,1,1,00F500,20,JSR,ABS_JUMP,3,2001F7,207D,1,,NATIVE_BODY
V05C001807,81:F503:E0M1X1,040FA81B,81,F503,0,1,1,00F503,B0,BCS,REL8,2,B005,207D,2,,NATIVE_BODY
V05C001808,81:F505:E0M1X1,040FA82B,81,F505,0,1,1,00F505,9C,STZ,ABS,3,9C0E0F,207D,1,,NATIVE_BODY
V05C001809,81:F508:E0M1X1,040FA843,81,F508,0,1,1,00F508,80,BRA,REL8,2,8008,207D,1,,NATIVE_BODY
V05C001810,81:F50A:E0M1X1,040FA853,81,F50A,0,1,1,00F50A,AD,LDA,ABS,3,AD0E0F,207D,1,,NATIVE_BODY
V05C001811,81:F50D:E0M1X1,040FA86B,81,F50D,0,1,1,00F50D,09,ORA,IMM_M,2,0901,207D,1,,NATIVE_BODY
V05C001812,81:F50F:E0M1X1,040FA87B,81,F50F,0,1,1,00F50F,8D,STA,ABS,3,8D0E0F,207D,1,,NATIVE_BODY
V05C001813,81:F512:E0M1X1,040FA893,81,F512,0,1,1,00F512,A9,LDA,IMM_M,2,A900,207D,1,,NATIVE_BODY
V05C001814,81:F514:E0M1X1,040FA8A3,81,F514,0,1,1,00F514,8D,STA,ABS,3,8D5503,207D,1,,NATIVE_BODY
V05C001815,81:F517:E0M1X1,040FA8BB,81,F517,0,1,1,00F517,22,JSL,ABSL_JUMP,4,22EAA380,207D,1,,NATIVE_BODY
V05C001816,81:F51B:E0M1X1,040FA8DB,81,F51B,0,1,1,00F51B,A9,LDA,IMM_M,2,A901,207D,1,,NATIVE_BODY
V05C001817,81:F51D:E0M1X1,040FA8EB,81,F51D,0,1,1,00F51D,8D,STA,ABS,3,8D0721,207D,1,,NATIVE_BODY
V05C001818,81:F520:E0M1X1,040FA903,81,F520,0,1,1,00F520,A9,LDA,IMM_M,2,A911,207D,1,,NATIVE_BODY
V05C001819,81:F522:E0M1X1,040FA913,81,F522,0,1,1,00F522,8D,STA,ABS,3,8D0821,207D,1,,NATIVE_BODY
V05C001820,81:F525:E0M1X1,040FA92B,81,F525,0,1,1,00F525,A9,LDA,IMM_M,2,A944,207D,1,,NATIVE_BODY
V05C001821,81:F527:E0M1X1,040FA93B,81,F527,0,1,1,00F527,8D,STA,ABS,3,8D0B21,207D,1,,NATIVE_BODY
V05C001822,81:F52A:E0M1X1,040FA953,81,F52A,0,1,1,00F52A,A9,LDA,IMM_M,2,A909,207D,1,,NATIVE_BODY
V05C001823,81:F52C:E0M1X1,040FA963,81,F52C,0,1,1,00F52C,8D,STA,ABS,3,8D0521,207D,1,,NATIVE_BODY
V05C001824,81:F52F:E0M1X1,040FA97B,81,F52F,0,1,1,00F52F,A9,LDA,IMM_M,2,A915,207D,1,,NATIVE_BODY
V05C001825,81:F531:E0M1X1,040FA98B,81,F531,0,1,1,00F531,8D,STA,ABS,3,8D2C21,207D,1,,NATIVE_BODY
V05C001826,81:F534:E0M1X1,040FA9A3,81,F534,0,1,1,00F534,9C,STZ,ABS,3,9C3121,207D,1,,NATIVE_BODY
V05C001827,81:F537:E0M1X1,040FA9BB,81,F537,0,1,1,00F537,60,RTS,IMP,1,60,207D,0,RETURN,NAMED_BOUNDARY
V05C001828,81:F538:E0M1X1,040FA9C3,81,F538,0,1,1,00F538,C2,REP,IMM8,2,C230,207D,1,,NATIVE_BODY
V05C001829,81:F53A:E0M0X0,040FA9D0,81,F53A,0,0,0,00F53A,A9,LDA,IMM_M,3,A99CFF,207D,1,,NATIVE_BODY
V05C001830,81:F53D:E0M0X0,040FA9E8,81,F53D,0,0,0,00F53D,8D,STA,ABS,3,8DC002,207D,1,,NATIVE_BODY
V05C001831,81:F540:E0M0X0,040FAA00,81,F540,0,0,0,00F540,A9,LDA,IMM_M,3,A90400,207D,1,,NATIVE_BODY
V05C001832,81:F543:E0M0X0,040FAA18,81,F543,0,0,0,00F543,8D,STA,ABS,3,8DC302,207D,1,,NATIVE_BODY
V05C001833,81:F546:E0M0X0,040FAA30,81,F546,0,0,0,00F546,E2,SEP,IMM8,2,E230,207D,1,,NATIVE_BODY
V05C001834,81:F548:E0M1X1,040FAA43,81,F548,0,1,1,00F548,9C,STZ,ABS,3,9CC202,207D,1,,NATIVE_BODY
V05C001835,81:F54B:E0M1X1,040FAA5B,81,F54B,0,1,1,00F54B,9C,STZ,ABS,3,9CC502,207D,1,,NATIVE_BODY
V05C001836,81:F54E:E0M1X1,040FAA73,81,F54E,0,1,1,00F54E,20,JSR,ABS_JUMP,3,205FF5,207D,1,,NATIVE_BODY
V05C001837,81:F551:E0M1X1,040FAA8B,81,F551,0,1,1,00F551,C2,REP,IMM8,2,C230,207D,1,,NATIVE_BODY
V05C001838,81:F553:E0M0X0,040FAA98,81,F553,0,0,0,00F553,A9,LDA,IMM_M,3,A9F8FF,207D,1,,NATIVE_BODY
V05C001839,81:F556:E0M0X0,040FAAB0,81,F556,0,0,0,00F556,8D,STA,ABS,3,8DC302,207D,1,,NATIVE_BODY
V05C001840,81:F559:E0M0X0,040FAAC8,81,F559,0,0,0,00F559,E2,SEP,IMM8,2,E230,207D,1,,NATIVE_BODY
V05C001841,81:F55B:E0M1X1,040FAADB,81,F55B,0,1,1,00F55B,20,JSR,ABS_JUMP,3,2086F5,207D,1,,NATIVE_BODY
V05C001842,81:F55E:E0M1X1,040FAAF3,81,F55E,0,1,1,00F55E,60,RTS,IMP,1,60,207D,1,,NATIVE_BODY
V05C001843,81:F55F:E0M0X0,040FAAF8,81,F55F,0,0,0,00F55F,20,JSR,ABS_JUMP,3,20BDF5,207D,1,,NATIVE_BODY
V05C001844,81:F55F:E0M1X1,040FAAFB,81,F55F,0,1,1,00F55F,20,JSR,ABS_JUMP,3,20BDF5,207D,1,,NATIVE_BODY
V05C001845,81:F562:E0M1X1,040FAB13,81,F562,0,1,1,00F562,20,JSR,ABS_JUMP,3,20F7F7,207D,1,,NATIVE_BODY
V05C001846,81:F565:E0M1X1,040FAB2B,81,F565,0,1,1,00F565,20,JSR,ABS_JUMP,3,208C9C,207D,1,,NATIVE_BODY
V05C001847,81:F568:E0M1X1,040FAB43,81,F568,0,1,1,00F568,AD,LDA,ABS,3,AD4002,207D,1,,NATIVE_BODY
V05C001848,81:F56B:E0M1X1,040FAB5B,81,F56B,0,1,1,00F56B,D0,BNE,REL8,2,D0FB,207D,2,,NATIVE_BODY
V05C001849,81:F56D:E0M1X1,040FAB6B,81,F56D,0,1,1,00F56D,C2,REP,IMM8,2,C230,207D,1,,NATIVE_BODY
V05C001850,81:F56F:E0M0X0,040FAB78,81,F56F,0,0,0,00F56F,AD,LDA,ABS,3,ADC002,207D,1,,NATIVE_BODY
V05C001851,81:F572:E0M0X0,040FAB90,81,F572,0,0,0,00F572,30,BMI,REL8,2,30EB,207D,2,,NATIVE_BODY
V05C001852,81:F574:E0M0X0,040FABA0,81,F574,0,0,0,00F574,C9,CMP,IMM_M,3,C97E00,207D,1,,NATIVE_BODY
V05C001853,81:F577:E0M0X0,040FABB8,81,F577,0,0,0,00F577,90,BCC,REL8,2,90E6,207D,2,,NATIVE_BODY
V05C001854,81:F579:E0M0X0,040FABC8,81,F579,0,0,0,00F579,E2,SEP,IMM8,2,E230,207D,1,,NATIVE_BODY
V05C001855,81:F57B:E0M1X1,040FABDB,81,F57B,0,1,1,00F57B,A9,LDA,IMM_M,2,A90B,207D,1,,NATIVE_BODY
V05C001856,81:F57D:E0M1X1,040FABEB,81,F57D,0,1,1,00F57D,22,JSL,ABSL_JUMP,4,2226F980,207D,1,,NATIVE_BODY
V05C001857,81:F581:E0M1X1,040FAC0B,81,F581,0,1,1,00F581,22,JSL,ABSL_JUMP,4,2282F980,207D,1,,NATIVE_BODY
V05C001858,81:F585:E0M1X1,040FAC2B,81,F585,0,1,1,00F585,60,RTS,IMP,1,60,207D,1,,NATIVE_BODY
V05C001859,81:F586:E0M0X0,040FAC30,81,F586,0,0,0,00F586,20,JSR,ABS_JUMP,3,20BDF5,207D,1,,NATIVE_BODY
V05C001860,81:F586:E0M1X1,040FAC33,81,F586,0,1,1,00F586,20,JSR,ABS_JUMP,3,20BDF5,207D,1,,NATIVE_BODY
V05C001861,81:F589:E0M1X1,040FAC4B,81,F589,0,1,1,00F589,20,JSR,ABS_JUMP,3,20F7F7,207D,1,,NATIVE_BODY
V05C001862,81:F58C:E0M1X1,040FAC63,81,F58C,0,1,1,00F58C,20,JSR,ABS_JUMP,3,208C9C,207D,1,,NATIVE_BODY
V05C001863,81:F58F:E0M1X1,040FAC7B,81,F58F,0,1,1,00F58F,AD,LDA,ABS,3,AD4002,207D,1,,NATIVE_BODY
V05C001864,81:F592:E0M1X1,040FAC93,81,F592,0,1,1,00F592,D0,BNE,REL8,2,D0FB,207D,2,,NATIVE_BODY
V05C001865,81:F594:E0M1X1,040FACA3,81,F594,0,1,1,00F594,C2,REP,IMM8,2,C230,207D,1,,NATIVE_BODY
V05C001866,81:F596:E0M0X0,040FACB0,81,F596,0,0,0,00F596,AD,LDA,ABS,3,ADC302,207D,1,,NATIVE_BODY
V05C001867,81:F599:E0M0X0,040FACC8,81,F599,0,0,0,00F599,30,BMI,REL8,2,30EB,207D,2,,NATIVE_BODY
V05C001868,81:F59B:E0M0X0,040FACD8,81,F59B,0,0,0,00F59B,AD,LDA,ABS,3,ADC002,207D,1,,NATIVE_BODY
V05C001869,81:F59E:E0M0X0,040FACF0,81,F59E,0,0,0,00F59E,38,SEC,IMP,1,38,207D,1,,NATIVE_BODY
V05C001870,81:F59F:E0M0X0,040FACF8,81,F59F,0,0,0,00F59F,E9,SBC,IMM_M,3,E90400,207D,1,,NATIVE_BODY
V05C001871,81:F5A2:E0M0X0,040FAD10,81,F5A2,0,0,0,00F5A2,8D,STA,ABS,3,8DC002,207D,1,,NATIVE_BODY
V05C001872,81:F5A5:E0M0X0,040FAD28,81,F5A5,0,0,0,00F5A5,E2,SEP,IMM8,2,E230,207D,1,,NATIVE_BODY
V05C001873,81:F5A7:E0M1X1,040FAD3B,81,F5A7,0,1,1,00F5A7,20,JSR,ABS_JUMP,3,20F7F7,207D,1,,NATIVE_BODY
V05C001874,81:F5AA:E0M1X1,040FAD53,81,F5AA,0,1,1,00F5AA,20,JSR,ABS_JUMP,3,208C9C,207D,1,,NATIVE_BODY
V05C001875,81:F5AD:E0M1X1,040FAD6B,81,F5AD,0,1,1,00F5AD,AD,LDA,ABS,3,AD4002,207D,1,,NATIVE_BODY
V05C001876,81:F5B0:E0M1X1,040FAD83,81,F5B0,0,1,1,00F5B0,D0,BNE,REL8,2,D0FB,207D,2,,NATIVE_BODY
V05C001877,81:F5B2:E0M1X1,040FAD93,81,F5B2,0,1,1,00F5B2,A9,LDA,IMM_M,2,A907,207D,1,,NATIVE_BODY
V05C001878,81:F5B4:E0M1X1,040FADA3,81,F5B4,0,1,1,00F5B4,22,JSL,ABSL_JUMP,4,2226F980,207D,1,,NATIVE_BODY
V05C001879,81:F5B8:E0M1X1,040FADC3,81,F5B8,0,1,1,00F5B8,22,JSL,ABSL_JUMP,4,2282F980,207D,1,,NATIVE_BODY
V05C001880,81:F5BC:E0M1X1,040FADE3,81,F5BC,0,1,1,00F5BC,60,RTS,IMP,1,60,207D,1,,NATIVE_BODY
V05C001881,81:F5BD:E0M0X0,040FADE8,81,F5BD,0,0,0,00F5BD,E2,SEP,IMM8,2,E230,207D,1,,NATIVE_BODY
V05C001882,81:F5BD:E0M1X1,040FADEB,81,F5BD,0,1,1,00F5BD,E2,SEP,IMM8,2,E230,207D,1,,NATIVE_BODY
V05C001883,81:F5BF:E0M1X1,040FADFB,81,F5BF,0,1,1,00F5BF,AD,LDA,ABS,3,ADC202,207D,1,,NATIVE_BODY
V05C001884,81:F5C2:E0M1X1,040FAE13,81,F5C2,0,1,1,00F5C2,18,CLC,IMP,1,18,207D,1,,NATIVE_BODY
V05C001885,81:F5C3:E0M1X1,040FAE1B,81,F5C3,0,1,1,00F5C3,6D,ADC,ABS,3,6DC502,207D,1,,NATIVE_BODY
V05C001886,81:F5C6:E0M1X1,040FAE33,81,F5C6,0,1,1,00F5C6,8D,STA,ABS,3,8DC202,207D,1,,NATIVE_BODY
V05C001887,81:F5C9:E0M1X1,040FAE4B,81,F5C9,0,1,1,00F5C9,C2,REP,IMM8,2,C230,207D,1,,NATIVE_BODY
V05C001888,81:F5CB:E0M0X0,040FAE58,81,F5CB,0,0,0,00F5CB,AD,LDA,ABS,3,ADC002,207D,1,,NATIVE_BODY
V05C001889,81:F5CE:E0M0X0,040FAE70,81,F5CE,0,0,0,00F5CE,6D,ADC,ABS,3,6DC302,207D,1,,NATIVE_BODY
V05C001890,81:F5D1:E0M0X0,040FAE88,81,F5D1,0,0,0,00F5D1,8D,STA,ABS,3,8DC002,207D,1,,NATIVE_BODY
V05C001891,81:F5D4:E0M0X0,040FAEA0,81,F5D4,0,0,0,00F5D4,E2,SEP,IMM8,2,E230,207D,1,,NATIVE_BODY
V05C001892,81:F5D6:E0M1X1,040FAEB3,81,F5D6,0,1,1,00F5D6,AD,LDA,ABS,3,ADC502,207D,1,,NATIVE_BODY
V05C001893,81:F5D9:E0M1X1,040FAECB,81,F5D9,0,1,1,00F5D9,18,CLC,IMP,1,18,207D,1,,NATIVE_BODY
V05C001894,81:F5DA:E0M1X1,040FAED3,81,F5DA,0,1,1,00F5DA,69,ADC,IMM_M,2,6940,207D,1,,NATIVE_BODY
V05C001895,81:F5DC:E0M1X1,040FAEE3,81,F5DC,0,1,1,00F5DC,8D,STA,ABS,3,8DC502,207D,1,,NATIVE_BODY
V05C001896,81:F5DF:E0M1X1,040FAEFB,81,F5DF,0,1,1,00F5DF,C2,REP,IMM8,2,C230,207D,1,,NATIVE_BODY
V05C001897,81:F5E1:E0M0X0,040FAF08,81,F5E1,0,0,0,00F5E1,AD,LDA,ABS,3,ADC302,207D,1,,NATIVE_BODY
V05C001898,81:F5E4:E0M0X0,040FAF20,81,F5E4,0,0,0,00F5E4,69,ADC,IMM_M,3,690000,207D,1,,NATIVE_BODY
V05C001899,81:F5E7:E0M0X0,040FAF38,81,F5E7,0,0,0,00F5E7,8D,STA,ABS,3,8DC302,207D,1,,NATIVE_BODY
V05C001900,81:F5EA:E0M0X0,040FAF50,81,F5EA,0,0,0,00F5EA,E2,SEP,IMM8,2,E230,207D,1,,NATIVE_BODY
V05C001901,81:F5EC:E0M1X1,040FAF63,81,F5EC,0,1,1,00F5EC,60,RTS,IMP,1,60,207D,2,,NATIVE_BODY
V05C001902,81:F5ED:E0M1X1,040FAF6B,81,F5ED,0,1,1,00F5ED,9C,STZ,ABS,3,9C8902,207D,1,,NATIVE_BODY
V05C001903,81:F5F0:E0M1X1,040FAF83,81,F5F0,0,1,1,00F5F0,C2,REP,IMM8,2,C230,207D,1,,NATIVE_BODY
V05C001904,81:F5F2:E0M0X0,040FAF90,81,F5F2,0,0,0,00F5F2,29,AND,IMM_M,3,29FF00,207D,1,,NATIVE_BODY
V05C001905,81:F5F5:E0M0X0,040FAFA8,81,F5F5,0,0,0,00F5F5,0A,ASL,ACC,1,0A,207D,1,,NATIVE_BODY
V05C001906,81:F5F6:E0M0X0,040FAFB0,81,F5F6,0,0,0,00F5F6,0A,ASL,ACC,1,0A,207D,1,,NATIVE_BODY
V05C001907,81:F5F7:E0M0X0,040FAFB8,81,F5F7,0,0,0,00F5F7,0A,ASL,ACC,1,0A,207D,1,,NATIVE_BODY
V05C001908,81:F5F8:E0M0X0,040FAFC0,81,F5F8,0,0,0,00F5F8,0A,ASL,ACC,1,0A,207D,1,,NATIVE_BODY
V05C001909,81:F5F9:E0M0X0,040FAFC8,81,F5F9,0,0,0,00F5F9,0A,ASL,ACC,1,0A,207D,1,,NATIVE_BODY
V05C001910,81:F5FA:E0M0X0,040FAFD0,81,F5FA,0,0,0,00F5FA,0A,ASL,ACC,1,0A,207D,1,,NATIVE_BODY
V05C001911,81:F5FB:E0M0X0,040FAFD8,81,F5FB,0,0,0,00F5FB,8D,STA,ABS,3,8DC002,207D,1,,NATIVE_BODY
V05C001912,81:F5FE:E0M0X0,040FAFF0,81,F5FE,0,0,0,00F5FE,C2,REP,IMM8,2,C230,207D,1,,NATIVE_BODY
V05C001913,81:F5FE:E0M1X1,040FAFF3,81,F5FE,0,1,1,00F5FE,C2,REP,IMM8,2,C230,207D,1,,NATIVE_BODY
V05C001914,81:F600:E0M0X0,040FB000,81,F600,0,0,0,00F600,CE,DEC,ABS,3,CEC002,207D,1,,NATIVE_BODY
V05C001915,81:F603:E0M0X0,040FB018,81,F603,0,0,0,00F603,E2,SEP,IMM8,2,E230,207D,1,,NATIVE_BODY
V05C001916,81:F605:E0M1X1,040FB02B,81,F605,0,1,1,00F605,F0,BEQ,REL8,2,F01E,207D,2,,NATIVE_BODY
V05C001917,81:F607:E0M1X1,040FB03B,81,F607,0,1,1,00F607,AD,LDA,ABS,3,AD3003,207D,1,,NATIVE_BODY
V05C001918,81:F60A:E0M1X1,040FB053,81,F60A,0,1,1,00F60A,D0,BNE,REL8,2,D005,207D,2,,NATIVE_BODY
V05C001919,81:F60C:E0M1X1,040FB063,81,F60C,0,1,1,00F60C,AD,LDA,ABS,3,AD8902,207D,1,,NATIVE_BODY
V05C001920,81:F60F:E0M1X1,040FB07B,81,F60F,0,1,1,00F60F,D0,BNE,REL8,2,D00A,207D,2,,NATIVE_BODY
V05C001921,81:F611:E0M1X1,040FB08B,81,F611,0,1,1,00F611,AD,LDA,ABS,3,AD7E12,207D,1,,NATIVE_BODY
V05C001922,81:F614:E0M1X1,040FB0A3,81,F614,0,1,1,00F614,CD,CMP,ABS,3,CD7E12,207D,1,,NATIVE_BODY
V05C001923,81:F617:E0M1X1,040FB0BB,81,F617,0,1,1,00F617,F0,BEQ,REL8,2,F0FB,207D,2,,NATIVE_BODY
V05C001924,81:F619:E0M1X1,040FB0CB,81,F619,0,1,1,00F619,80,BRA,REL8,2,80E3,207D,1,,NATIVE_BODY
V05C001925,81:F61B:E0M1X1,040FB0DB,81,F61B,0,1,1,00F61B,22,JSL,ABSL_JUMP,4,223EFB80,207D,1,,NATIVE_BODY
V05C001926,81:F61F:E0M1X1,040FB0FB,81,F61F,0,1,1,00F61F,22,JSL,ABSL_JUMP,4,2282F980,207D,1,,NATIVE_BODY
V05C001927,81:F623:E0M1X1,040FB11B,81,F623,0,1,1,00F623,38,SEC,IMP,1,38,207D,1,,NATIVE_BODY
V05C001928,81:F624:E0M1X1,040FB123,81,F624,0,1,1,00F624,60,RTS,IMP,1,60,207D,2,,NATIVE_BODY
V05C001929,81:F625:E0M1X1,040FB12B,81,F625,0,1,1,00F625,18,CLC,IMP,1,18,207D,1,,NATIVE_BODY
V05C001930,81:F626:E0M1X1,040FB133,81,F626,0,1,1,00F626,60,RTS,IMP,1,60,207D,2,,NATIVE_BODY
V05C001931,81:F650:E0M1X1,040FB283,81,F650,0,1,1,00F650,9C,STZ,ABS,3,9C3021,207D,1,,NATIVE_BODY
V05C001932,81:F653:E0M1X1,040FB29B,81,F653,0,1,1,00F653,A9,LDA,IMM_M,2,A9E0,207D,1,,NATIVE_BODY
V05C001933,81:F655:E0M1X1,040FB2AB,81,F655,0,1,1,00F655,8D,STA,ABS,3,8DC002,207D,1,,NATIVE_BODY
V05C001934,81:F658:E0M1X1,040FB2C3,81,F658,0,1,1,00F658,8D,STA,ABS,3,8D3221,207D,1,,NATIVE_BODY
V05C001935,81:F65B:E0M1X1,040FB2DB,81,F65B,0,1,1,00F65B,A9,LDA,IMM_M,2,A9AF,207D,1,,NATIVE_BODY
V05C001936,81:F65D:E0M1X1,040FB2EB,81,F65D,0,1,1,00F65D,8D,STA,ABS,3,8D3121,207D,1,,NATIVE_BODY
V05C001937,81:F660:E0M1X1,040FB303,81,F660,0,1,1,00F660,20,JSR,ABS_JUMP,3,208C9C,207D,1,,NATIVE_BODY
V05C001938,81:F663:E0M1X1,040FB31B,81,F663,0,1,1,00F663,AD,LDA,ABS,3,AD4002,207D,1,,NATIVE_BODY
V05C001939,81:F666:E0M1X1,040FB333,81,F666,0,1,1,00F666,D0,BNE,REL8,2,D0FB,207D,2,,NATIVE_BODY
V05C001940,81:F668:E0M1X1,040FB343,81,F668,0,1,1,00F668,EE,INC,ABS,3,EEC002,207D,1,,NATIVE_BODY
V05C001941,81:F66B:E0M1X1,040FB35B,81,F66B,0,1,1,00F66B,AD,LDA,ABS,3,ADC002,207D,1,,NATIVE_BODY
V05C001942,81:F66E:E0M1X1,040FB373,81,F66E,0,1,1,00F66E,8D,STA,ABS,3,8D3221,207D,1,,NATIVE_BODY
V05C001943,81:F671:E0M1X1,040FB38B,81,F671,0,1,1,00F671,C9,CMP,IMM_M,2,C9FF,207D,1,,NATIVE_BODY
V05C001944,81:F673:E0M1X1,040FB39B,81,F673,0,1,1,00F673,D0,BNE,REL8,2,D0EB,207D,2,,NATIVE_BODY
V05C001945,81:F675:E0M1X1,040FB3AB,81,F675,0,1,1,00F675,60,RTS,IMP,1,60,207D,1,,NATIVE_BODY
V05C001946,81:F676:E0M1X1,040FB3B3,81,F676,0,1,1,00F676,C2,REP,IMM8,2,C220,207D,1,,NATIVE_BODY
V05C001947,81:F678:E0M0X1,040FB3C1,81,F678,0,0,1,00F678,A9,LDA,IMM_M,3,A90008,207D,1,,NATIVE_BODY
V05C001948,81:F67B:E0M0X1,040FB3D9,81,F67B,0,0,1,00F67B,8D,STA,ABS,3,8D1621,207D,1,,NATIVE_BODY
V05C001949,81:F67E:E0M0X1,040FB3F1,81,F67E,0,0,1,00F67E,A9,LDA,IMM_M,3,A90035,207D,1,,NATIVE_BODY
V05C001950,81:F681:E0M0X1,040FB409,81,F681,0,0,1,00F681,8D,STA,ABS,3,8D0243,207D,1,,NATIVE_BODY
V05C001951,81:F684:E0M0X1,040FB421,81,F684,0,0,1,00F684,A9,LDA,IMM_M,3,A90010,207D,1,,NATIVE_BODY
V05C001952,81:F687:E0M0X1,040FB439,81,F687,0,0,1,00F687,8D,STA,ABS,3,8D0543,207D,1,,NATIVE_BODY
V05C001953,81:F68A:E0M0X1,040FB451,81,F68A,0,0,1,00F68A,E2,SEP,IMM8,2,E220,207D,1,,NATIVE_BODY
V05C001954,81:F68C:E0M1X1,040FB463,81,F68C,0,1,1,00F68C,A9,LDA,IMM_M,2,A901,207D,1,,NATIVE_BODY
V05C001955,81:F68E:E0M1X1,040FB473,81,F68E,0,1,1,00F68E,8D,STA,ABS,3,8D0043,207D,1,,NATIVE_BODY
V05C001956,81:F691:E0M1X1,040FB48B,81,F691,0,1,1,00F691,A9,LDA,IMM_M,2,A918,207D,1,,NATIVE_BODY
V05C001957,81:F693:E0M1X1,040FB49B,81,F693,0,1,1,00F693,8D,STA,ABS,3,8D0143,207D,1,,NATIVE_BODY
V05C001958,81:F696:E0M1X1,040FB4B3,81,F696,0,1,1,00F696,A9,LDA,IMM_M,2,A97E,207D,1,,NATIVE_BODY
V05C001959,81:F698:E0M1X1,040FB4C3,81,F698,0,1,1,00F698,8D,STA,ABS,3,8D0443,207D,1,,NATIVE_BODY
V05C001960,81:F69B:E0M1X1,040FB4DB,81,F69B,0,1,1,00F69B,EE,INC,ABS,3,EE9702,207D,1,,NATIVE_BODY
V05C001961,81:F69E:E0M1X1,040FB4F3,81,F69E,0,1,1,00F69E,AD,LDA,ABS,3,AD9702,207D,1,,NATIVE_BODY
V05C001962,81:F6A1:E0M1X1,040FB50B,81,F6A1,0,1,1,00F6A1,D0,BNE,REL8,2,D0FB,207D,2,,NATIVE_BODY
V05C001963,81:F6A3:E0M1X1,040FB51B,81,F6A3,0,1,1,00F6A3,60,RTS,IMP,1,60,207D,1,,NATIVE_BODY
V05C001964,81:F6A4:E0M1X1,040FB523,81,F6A4,0,1,1,00F6A4,A9,LDA,IMM_M,2,A900,207D,1,,NATIVE_BODY
V05C001965,81:F6A6:E0M1X1,040FB533,81,F6A6,0,1,1,00F6A6,20,JSR,ABS_JUMP,3,201CF7,207D,1,,NATIVE_BODY
V05C001966,81:F6A9:E0M1X1,040FB54B,81,F6A9,0,1,1,00F6A9,90,BCC,REL8,2,9001,207D,2,,NATIVE_BODY
V05C001967,81:F6AB:E0M1X1,040FB55B,81,F6AB,0,1,1,00F6AB,60,RTS,IMP,1,60,207D,1,RETURN,NATIVE_BODY
V05C001968,81:F6AC:E0M1X1,040FB563,81,F6AC,0,1,1,00F6AC,AD,LDA,ABS,3,ADB813,207D,1,,NATIVE_BODY
V05C001969,81:F6AF:E0M1X1,040FB57B,81,F6AF,0,1,1,00F6AF,F0,BEQ,REL8,2,F046,207D,2,,NATIVE_BODY
V05C001970,81:F6B1:E0M1X1,040FB58B,81,F6B1,0,1,1,00F6B1,3A,DEC,ACC,1,3A,207D,1,,NATIVE_BODY
V05C001971,81:F6B2:E0M1X1,040FB593,81,F6B2,0,1,1,00F6B2,F0,BEQ,REL8,2,F03B,207D,2,,NATIVE_BODY
V05C001972,81:F6B4:E0M1X1,040FB5A3,81,F6B4,0,1,1,00F6B4,9C,STZ,ABS,3,9C1B03,207D,1,,NATIVE_BODY
V05C001973,81:F6B7:E0M1X1,040FB5BB,81,F6B7,0,1,1,00F6B7,A9,LDA,IMM_M,2,A901,207D,1,,NATIVE_BODY
V05C001974,81:F6B9:E0M1X1,040FB5CB,81,F6B9,0,1,1,00F6B9,8D,STA,ABS,3,8D1C03,207D,1,,NATIVE_BODY
V05C001975,81:F6BC:E0M1X1,040FB5E3,81,F6BC,0,1,1,00F6BC,C2,REP,IMM8,2,C220,207D,1,,NATIVE_BODY
V05C001976,81:F6BE:E0M0X1,040FB5F1,81,F6BE,0,0,1,00F6BE,A9,LDA,IMM_M,3,A90303,207D,1,,NATIVE_BODY
V05C001977,81:F6C1:E0M0X1,040FB609,81,F6C1,0,0,1,00F6C1,8D,STA,ABS,3,8DF60D,207D,1,,NATIVE_BODY
V05C001978,81:F6C4:E0M0X1,040FB621,81,F6C4,0,0,1,00F6C4,8D,STA,ABS,3,8DFA0D,207D,1,,NATIVE_BODY
V05C001979,81:F6C7:E0M0X1,040FB639,81,F6C7,0,0,1,00F6C7,8D,STA,ABS,3,8D020E,207D,1,,NATIVE_BODY
V05C001980,81:F6CA:E0M0X1,040FB651,81,F6CA,0,0,1,00F6CA,8D,STA,ABS,3,8DFE0D,207D,1,,NATIVE_BODY
V05C001981,81:F6CD:E0M0X1,040FB669,81,F6CD,0,0,1,00F6CD,A9,LDA,IMM_M,3,A90707,207D,1,,NATIVE_BODY
V05C001982,81:F6D0:E0M0X1,040FB681,81,F6D0,0,0,1,00F6D0,8D,STA,ABS,3,8D6F0E,207D,1,,NATIVE_BODY
V05C001983,81:F6D3:E0M0X1,040FB699,81,F6D3,0,0,1,00F6D3,8D,STA,ABS,3,8D730E,207D,1,,NATIVE_BODY
V05C001984,81:F6D6:E0M0X1,040FB6B1,81,F6D6,0,0,1,00F6D6,8D,STA,ABS,3,8D770E,207D,1,,NATIVE_BODY
V05C001985,81:F6D9:E0M0X1,040FB6C9,81,F6D9,0,0,1,00F6D9,8D,STA,ABS,3,8D7B0E,207D,1,,NATIVE_BODY
V05C001986,81:F6DC:E0M0X1,040FB6E1,81,F6DC,0,0,1,00F6DC,8D,STA,ABS,3,8D7F0E,207D,1,,NATIVE_BODY
V05C001987,81:F6DF:E0M0X1,040FB6F9,81,F6DF,0,0,1,00F6DF,8D,STA,ABS,3,8D830E,207D,1,,NATIVE_BODY
V05C001988,81:F6E2:E0M0X1,040FB711,81,F6E2,0,0,1,00F6E2,8D,STA,ABS,3,8D870E,207D,1,,NATIVE_BODY
V05C001989,81:F6E5:E0M0X1,040FB729,81,F6E5,0,0,1,00F6E5,8D,STA,ABS,3,8D870E,207D,1,,NATIVE_BODY
V05C001990,81:F6E8:E0M0X1,040FB741,81,F6E8,0,0,1,00F6E8,8D,STA,ABS,3,8D8B0E,207D,1,,NATIVE_BODY
V05C001991,81:F6EB:E0M0X1,040FB759,81,F6EB,0,0,1,00F6EB,E2,SEP,IMM8,2,E220,207D,1,,NATIVE_BODY
V05C001992,81:F6ED:E0M1X1,040FB76B,81,F6ED,0,1,1,00F6ED,18,CLC,IMP,1,18,207D,1,,NATIVE_BODY
V05C001993,81:F6EE:E0M1X1,040FB773,81,F6EE,0,1,1,00F6EE,60,RTS,IMP,1,60,207D,1,RETURN,NATIVE_BODY
V05C001994,81:F6EF:E0M1X1,040FB77B,81,F6EF,0,1,1,00F6EF,9C,STZ,ABS,3,9C1B03,207D,1,,NATIVE_BODY
V05C001995,81:F6F2:E0M1X1,040FB793,81,F6F2,0,1,1,00F6F2,9C,STZ,ABS,3,9C1C03,207D,1,,NATIVE_BODY
V05C001996,81:F6F5:E0M1X1,040FB7AB,81,F6F5,0,1,1,00F6F5,18,CLC,IMP,1,18,207D,1,,NATIVE_BODY
V05C001997,81:F6F6:E0M1X1,040FB7B3,81,F6F6,0,1,1,00F6F6,60,RTS,IMP,1,60,207D,1,RETURN,NATIVE_BODY
V05C001998,81:F6F7:E0M1X1,040FB7BB,81,F6F7,0,1,1,00F6F7,A9,LDA,IMM_M,2,A901,207D,1,,NATIVE_BODY
V05C001999,81:F6F9:E0M1X1,040FB7CB,81,F6F9,0,1,1,00F6F9,8D,STA,ABS,3,8D1B03,207D,1,,NATIVE_BODY
V05C002000,81:F6FC:E0M1X1,040FB7E3,81,F6FC,0,1,1,00F6FC,9C,STZ,ABS,3,9C1C03,207D,1,,NATIVE_BODY
V05C002001,81:F6FF:E0M1X1,040FB7FB,81,F6FF,0,1,1,00F6FF,18,CLC,IMP,1,18,207D,1,,NATIVE_BODY
V05C002002,81:F700:E0M1X1,040FB803,81,F700,0,1,1,00F700,60,RTS,IMP,1,60,207D,1,RETURN,NATIVE_BODY
V05C002003,81:F701:E0M1X1,040FB80B,81,F701,0,1,1,00F701,AD,LDA,ABS,3,AD1B03,207D,1,,NATIVE_BODY
V05C002004,81:F704:E0M1X1,040FB823,81,F704,0,1,1,00F704,0D,ORA,ABS,3,0D1C03,207D,1,,NATIVE_BODY
V05C002005,81:F707:E0M1X1,040FB83B,81,F707,0,1,1,00F707,F0,BEQ,REL8,2,F011,207D,2,,NATIVE_BODY
V05C002006,81:F709:E0M1X1,040FB84B,81,F709,0,1,1,00F709,20,JSR,ABS_JUMP,3,2076F6,207D,1,,NATIVE_BODY
V05C002007,81:F70C:E0M1X1,040FB863,81,F70C,0,1,1,00F70C,A9,LDA,IMM_M,2,A900,207D,1,,NATIVE_BODY
V05C002008,81:F70E:E0M1X1,040FB873,81,F70E,0,1,1,00F70E,20,JSR,ABS_JUMP,3,201CF7,207D,1,,NATIVE_BODY
V05C002009,81:F711:E0M1X1,040FB88B,81,F711,0,1,1,00F711,90,BCC,REL8,2,9001,207D,2,,NATIVE_BODY
V05C002010,81:F713:E0M1X1,040FB89B,81,F713,0,1,1,00F713,60,RTS,IMP,1,60,207D,1,RETURN,NATIVE_BODY
V05C002011,81:F714:E0M1X1,040FB8A3,81,F714,0,1,1,00F714,AD,LDA,ABS,3,ADB813,207D,1,,NATIVE_BODY
V05C002012,81:F717:E0M1X1,040FB8BB,81,F717,0,1,1,00F717,8D,STA,ABS,3,8D3603,207D,1,,NATIVE_BODY
V05C002013,81:F71A:E0M1X1,040FB8D3,81,F71A,0,1,1,00F71A,18,CLC,IMP,1,18,207D,1,,NATIVE_BODY
V05C002014,81:F71B:E0M1X1,040FB8DB,81,F71B,0,1,1,00F71B,60,RTS,IMP,1,60,207D,1,RETURN,NATIVE_BODY
V05C002015,81:F71C:E0M1X1,040FB8E3,81,F71C,0,1,1,00F71C,8D,STA,ABS,3,8DB813,207D,1,,NATIVE_BODY
V05C002016,81:F71F:E0M1X1,040FB8FB,81,F71F,0,1,1,00F71F,A2,LDX,IMM_X,2,A200,207D,1,,NATIVE_BODY
V05C002017,81:F721:E0M1X1,040FB90B,81,F721,0,1,1,00F721,BD,LDA,ABS_X,3,BD7DF7,207D,1,,NATIVE_BODY
V05C002018,81:F724:E0M1X1,040FB923,81,F724,0,1,1,00F724,9D,STA,ABS_X,3,9DFA14,207D,1,,NATIVE_BODY
V05C002019,81:F727:E0M1X1,040FB93B,81,F727,0,1,1,00F727,E8,INX,IMP,1,E8,207D,1,,NATIVE_BODY
V05C002020,81:F728:E0M1X1,040FB943,81,F728,0,1,1,00F728,E0,CPX,IMM_X,2,E009,207D,1,,NATIVE_BODY
V05C002021,81:F72A:E0M1X1,040FB953,81,F72A,0,1,1,00F72A,90,BCC,REL8,2,90F5,207D,2,,NATIVE_BODY
V05C002022,81:F72C:E0M1X1,040FB963,81,F72C,0,1,1,00F72C,C2,REP,IMM8,2,C230,207D,1,,NATIVE_BODY
V05C002023,81:F72E:E0M0X0,040FB970,81,F72E,0,0,0,00F72E,A9,LDA,IMM_M,3,A98403,207D,1,,NATIVE_BODY
V05C002024,81:F731:E0M0X0,040FB988,81,F731,0,0,0,00F731,8D,STA,ABS,3,8DC002,207D,1,,NATIVE_BODY
V05C002025,81:F734:E0M0X0,040FB9A0,81,F734,0,0,0,00F734,E2,SEP,IMM8,2,E230,207D,1,,NATIVE_BODY
V05C002026,81:F736:E0M1X1,040FB9B3,81,F736,0,1,1,00F736,9C,STZ,ABS,3,9CB613,207D,1,,NATIVE_BODY
V05C002027,81:F739:E0M1X1,040FB9CB,81,F739,0,1,1,00F739,9C,STZ,ABS,3,9C8902,207D,1,,NATIVE_BODY
V05C002028,81:F73C:E0M1X1,040FB9E3,81,F73C,0,1,1,00F73C,A2,LDX,IMM_X,2,A202,207D,1,,NATIVE_BODY
V05C002029,81:F73E:E0M1X1,040FB9F3,81,F73E,0,1,1,00F73E,20,JSR,ABS_JUMP,3,20F89F,207D,1,,NATIVE_BODY
V05C002030,81:F741:E0M1X1,040FBA0B,81,F741,0,1,1,00F741,A2,LDX,IMM_X,2,A203,207D,1,,NATIVE_BODY
V05C002031,81:F743:E0M1X1,040FBA1B,81,F743,0,1,1,00F743,20,JSR,ABS_JUMP,3,20E69F,207D,1,,NATIVE_BODY
V05C002032,81:F746:E0M1X1,040FBA33,81,F746,0,1,1,00F746,20,JSR,ABS_JUMP,3,2001A0,207D,1,,NATIVE_BODY
V05C002033,81:F749:E0M1X1,040FBA4B,81,F749,0,1,1,00F749,F0,BEQ,REL8,2,F00D,207D,2,,NATIVE_BODY
V05C002034,81:F74B:E0M1X1,040FBA5B,81,F74B,0,1,1,00F74B,3A,DEC,ACC,1,3A,207D,1,,NATIVE_BODY
V05C002035,81:F74C:E0M1X1,040FBA63,81,F74C,0,1,1,00F74C,F0,BEQ,REL8,2,F005,207D,2,,NATIVE_BODY
V05C002036,81:F74E:E0M1X1,040FBA73,81,F74E,0,1,1,00F74E,20,JSR,ABS_JUMP,3,2030F8,207D,1,,NATIVE_BODY
V05C002037,81:F751:E0M1X1,040FBA8B,81,F751,0,1,1,00F751,80,BRA,REL8,2,8005,207D,1,,NATIVE_BODY
V05C002038,81:F753:E0M1X1,040FBA9B,81,F753,0,1,1,00F753,A9,LDA,IMM_M,2,A900,207D,1,,NATIVE_BODY
V05C002039,81:F755:E0M1X1,040FBAAB,81,F755,0,1,1,00F755,20,JSR,ABS_JUMP,3,2036F8,207D,1,,NATIVE_BODY
V05C002040,81:F758:E0M1X1,040FBAC3,81,F758,0,1,1,00F758,20,JSR,ABS_JUMP,3,208C9C,207D,1,,NATIVE_BODY
V05C002041,81:F75B:E0M1X1,040FBADB,81,F75B,0,1,1,00F75B,AD,LDA,ABS,3,AD4002,207D,1,,NATIVE_BODY
V05C002042,81:F75E:E0M1X1,040FBAF3,81,F75E,0,1,1,00F75E,D0,BNE,REL8,2,D0FB,207D,2,,NATIVE_BODY
V05C002043,81:F760:E0M1X1,040FBB03,81,F760,0,1,1,00F760,C2,REP,IMM8,2,C230,207D,1,,NATIVE_BODY
V05C002044,81:F762:E0M0X0,040FBB10,81,F762,0,0,0,00F762,CE,DEC,ABS,3,CEC002,207D,1,,NATIVE_BODY
V05C002045,81:F765:E0M0X0,040FBB28,81,F765,0,0,0,00F765,E2,SEP,IMM8,2,E230,207D,1,,NATIVE_BODY
V05C002046,81:F767:E0M1X1,040FBB3B,81,F767,0,1,1,00F767,F0,BEQ,REL8,2,F012,207D,2,,NATIVE_BODY
V05C002047,81:F769:E0M1X1,040FBB4B,81,F769,0,1,1,00F769,20,JSR,ABS_JUMP,3,209D9F,207D,1,,NATIVE_BODY
V05C002048,81:F76C:E0M1X1,040FBB63,81,F76C,0,1,1,00F76C,AD,LDA,ABS,3,AD8902,207D,1,,NATIVE_BODY
V05C002049,81:F76F:E0M1X1,040FBB7B,81,F76F,0,1,1,00F76F,F0,BEQ,REL8,2,F0CB,207D,2,,NATIVE_BODY
V05C002050,81:F771:E0M1X1,040FBB8B,81,F771,0,1,1,00F771,22,JSL,ABSL_JUMP,4,223EFB80,207D,1,,NATIVE_BODY
V05C002051,81:F775:E0M1X1,040FBBAB,81,F775,0,1,1,00F775,22,JSL,ABSL_JUMP,4,2282F980,207D,1,,NATIVE_BODY
V05C002052,81:F779:E0M1X1,040FBBCB,81,F779,0,1,1,00F779,18,CLC,IMP,1,18,207D,1,,NATIVE_BODY
V05C002053,81:F77A:E0M1X1,040FBBD3,81,F77A,0,1,1,00F77A,60,RTS,IMP,1,60,207D,2,RETURN,NATIVE_BODY
V05C002054,81:F77B:E0M1X1,040FBBDB,81,F77B,0,1,1,00F77B,38,SEC,IMP,1,38,207D,1,,NATIVE_BODY
V05C002055,81:F77C:E0M1X1,040FBBE3,81,F77C,0,1,1,00F77C,60,RTS,IMP,1,60,207D,2,RETURN,NATIVE_BODY
V05C002056,81:F786:E0M1X1,040FBC33,81,F786,0,1,1,00F786,A2,LDX,IMM_X,2,A200,207D,1,,NATIVE_BODY
V05C002057,81:F788:E0M1X1,040FBC43,81,F788,0,1,1,00F788,BD,LDA,ABS_X,3,BDEEF7,207D,1,,NATIVE_BODY
V05C002058,81:F78B:E0M1X1,040FBC5B,81,F78B,0,1,1,00F78B,9D,STA,ABS_X,3,9DFA14,207D,1,,NATIVE_BODY
V05C002059,81:F78E:E0M1X1,040FBC73,81,F78E,0,1,1,00F78E,E8,INX,IMP,1,E8,207D,1,,NATIVE_BODY
V05C002060,81:F78F:E0M1X1,040FBC7B,81,F78F,0,1,1,00F78F,E0,CPX,IMM_X,2,E009,207D,1,,NATIVE_BODY
V05C002061,81:F791:E0M1X1,040FBC8B,81,F791,0,1,1,00F791,D0,BNE,REL8,2,D0F5,207D,2,,NATIVE_BODY
V05C002062,81:F793:E0M1X1,040FBC9B,81,F793,0,1,1,00F793,C2,REP,IMM8,2,C230,207D,1,,NATIVE_BODY
V05C002063,81:F795:E0M0X0,040FBCA8,81,F795,0,0,0,00F795,A9,LDA,IMM_M,3,A98403,207D,1,,NATIVE_BODY
V05C002064,81:F798:E0M0X0,040FBCC0,81,F798,0,0,0,00F798,8D,STA,ABS,3,8DC002,207D,1,,NATIVE_BODY
V05C002065,81:F79B:E0M0X0,040FBCD8,81,F79B,0,0,0,00F79B,E2,SEP,IMM8,2,E230,207D,1,,NATIVE_BODY
V05C002066,81:F79D:E0M1X1,040FBCEB,81,F79D,0,1,1,00F79D,9C,STZ,ABS,3,9CB813,207D,1,,NATIVE_BODY
V05C002067,81:F7A0:E0M1X1,040FBD03,81,F7A0,0,1,1,00F7A0,9C,STZ,ABS,3,9CB613,207D,1,,NATIVE_BODY
V05C002068,81:F7A3:E0M1X1,040FBD1B,81,F7A3,0,1,1,00F7A3,9C,STZ,ABS,3,9C8902,207D,1,,NATIVE_BODY
V05C002069,81:F7A6:E0M1X1,040FBD33,81,F7A6,0,1,1,00F7A6,A2,LDX,IMM_X,2,A201,207D,1,,NATIVE_BODY
V05C002070,81:F7A8:E0M1X1,040FBD43,81,F7A8,0,1,1,00F7A8,20,JSR,ABS_JUMP,3,20F89F,207D,1,,NATIVE_BODY
V05C002071,81:F7AB:E0M1X1,040FBD5B,81,F7AB,0,1,1,00F7AB,A2,LDX,IMM_X,2,A202,207D,1,,NATIVE_BODY
V05C002072,81:F7AD:E0M1X1,040FBD6B,81,F7AD,0,1,1,00F7AD,20,JSR,ABS_JUMP,3,20E69F,207D,1,,NATIVE_BODY
V05C002073,81:F7B0:E0M1X1,040FBD83,81,F7B0,0,1,1,00F7B0,20,JSR,ABS_JUMP,3,2001A0,207D,1,,NATIVE_BODY
V05C002074,81:F7B3:E0M1X1,040FBD9B,81,F7B3,0,1,1,00F7B3,F0,BEQ,REL8,2,F00D,207D,2,,NATIVE_BODY
V05C002075,81:F7B5:E0M1X1,040FBDAB,81,F7B5,0,1,1,00F7B5,3A,DEC,ACC,1,3A,207D,1,,NATIVE_BODY
V05C002076,81:F7B6:E0M1X1,040FBDB3,81,F7B6,0,1,1,00F7B6,F0,BEQ,REL8,2,F005,207D,2,,NATIVE_BODY
V05C002077,81:F7B8:E0M1X1,040FBDC3,81,F7B8,0,1,1,00F7B8,20,JSR,ABS_JUMP,3,2030F8,207D,1,,NATIVE_BODY
V05C002078,81:F7BB:E0M1X1,040FBDDB,81,F7BB,0,1,1,00F7BB,80,BRA,REL8,2,8005,207D,1,,NATIVE_BODY
V05C002079,81:F7BD:E0M1X1,040FBDEB,81,F7BD,0,1,1,00F7BD,A9,LDA,IMM_M,2,A901,207D,1,,NATIVE_BODY
V05C002080,81:F7BF:E0M1X1,040FBDFB,81,F7BF,0,1,1,00F7BF,20,JSR,ABS_JUMP,3,2036F8,207D,1,,NATIVE_BODY
V05C002081,81:F7C2:E0M1X1,040FBE13,81,F7C2,0,1,1,00F7C2,20,JSR,ABS_JUMP,3,208C9C,207D,1,,NATIVE_BODY
V05C002082,81:F7C5:E0M1X1,040FBE2B,81,F7C5,0,1,1,00F7C5,AD,LDA,ABS,3,AD4002,207D,1,,NATIVE_BODY
V05C002083,81:F7C8:E0M1X1,040FBE43,81,F7C8,0,1,1,00F7C8,D0,BNE,REL8,2,D0FB,207D,2,,NATIVE_BODY
V05C002084,81:F7CA:E0M1X1,040FBE53,81,F7CA,0,1,1,00F7CA,C2,REP,IMM8,2,C230,207D,1,,NATIVE_BODY
V05C002085,81:F7CC:E0M0X0,040FBE60,81,F7CC,0,0,0,00F7CC,CE,DEC,ABS,3,CEC002,207D,1,,NATIVE_BODY
V05C002086,81:F7CF:E0M0X0,040FBE78,81,F7CF,0,0,0,00F7CF,E2,SEP,IMM8,2,E230,207D,1,,NATIVE_BODY
V05C002087,81:F7D1:E0M1X1,040FBE8B,81,F7D1,0,1,1,00F7D1,F0,BEQ,REL8,2,F019,207D,2,,NATIVE_BODY
V05C002088,81:F7D3:E0M1X1,040FBE9B,81,F7D3,0,1,1,00F7D3,20,JSR,ABS_JUMP,3,209D9F,207D,1,,NATIVE_BODY
V05C002089,81:F7D6:E0M1X1,040FBEB3,81,F7D6,0,1,1,00F7D6,AD,LDA,ABS,3,AD8902,207D,1,,NATIVE_BODY
V05C002090,81:F7D9:E0M1X1,040FBECB,81,F7D9,0,1,1,00F7D9,F0,BEQ,REL8,2,F0CB,207D,2,,NATIVE_BODY
V05C002091,81:F7DB:E0M1X1,040FBEDB,81,F7DB,0,1,1,00F7DB,22,JSL,ABSL_JUMP,4,223EFB80,207D,1,,NATIVE_BODY
V05C002092,81:F7DF:E0M1X1,040FBEFB,81,F7DF,0,1,1,00F7DF,22,JSL,ABSL_JUMP,4,2282F980,207D,1,,NATIVE_BODY
V05C002093,81:F7E3:E0M1X1,040FBF1B,81,F7E3,0,1,1,00F7E3,AD,LDA,ABS,3,ADB813,207D,1,,NATIVE_BODY
V05C002094,81:F7E6:E0M1X1,040FBF33,81,F7E6,0,1,1,00F7E6,1A,INC,ACC,1,1A,207D,1,,NATIVE_BODY
V05C002095,81:F7E7:E0M1X1,040FBF3B,81,F7E7,0,1,1,00F7E7,8D,STA,ABS,3,8DFF0B,207D,1,,NATIVE_BODY
V05C002096,81:F7EA:E0M1X1,040FBF53,81,F7EA,0,1,1,00F7EA,18,CLC,IMP,1,18,207D,1,,NATIVE_BODY
V05C002097,81:F7EB:E0M1X1,040FBF5B,81,F7EB,0,1,1,00F7EB,60,RTS,IMP,1,60,207D,1,RETURN,NATIVE_BODY
V05C002098,81:F7EC:E0M1X1,040FBF63,81,F7EC,0,1,1,00F7EC,38,SEC,IMP,1,38,207D,1,,NATIVE_BODY
V05C002099,81:F7ED:E0M1X1,040FBF6B,81,F7ED,0,1,1,00F7ED,60,RTS,IMP,1,60,207D,1,RETURN,NATIVE_BODY
V05C002100,81:F7F7:E0M1X1,040FBFBB,81,F7F7,0,1,1,00F7F7,A0,LDY,IMM_X,2,A000,207D,1,,NATIVE_BODY
V05C002101,81:F7F9:E0M1X1,040FBFCB,81,F7F9,0,1,1,00F7F9,BE,LDX,ABS_Y,3,BE85F8,207D,1,,NATIVE_BODY
V05C002102,81:F7FC:E0M1X1,040FBFE3,81,F7FC,0,1,1,00F7FC,B9,LDA,ABS_Y,3,B996F8,207D,1,,NATIVE_BODY
V05C002103,81:F7FF:E0M1X1,040FBFFB,81,F7FF,0,1,1,00F7FF,20,JSR,ABS_JUMP,3,2008F8,207D,1,,NATIVE_BODY
V05C002104,81:F802:E0M1X1,040FC013,81,F802,0,1,1,00F802,C8,INY,IMP,1,C8,207E,1,,NATIVE_BODY
V05C002105,81:F803:E0M1X1,040FC01B,81,F803,0,1,1,00F803,C0,CPY,IMM_X,2,C011,207E,1,,NATIVE_BODY
V05C002106,81:F805:E0M1X1,040FC02B,81,F805,0,1,1,00F805,90,BCC,REL8,2,90F2,207E,2,,NATIVE_BODY
V05C002107,81:F807:E0M1X1,040FC03B,81,F807,0,1,1,00F807,60,RTS,IMP,1,60,207E,4,,NATIVE_BODY
V05C002108,81:F808:E0M1X1,040FC043,81,F808,0,1,1,00F808,5A,PHY,IMP,1,5A,207E,1,,NATIVE_BODY
V05C002109,81:F809:E0M1X1,040FC04B,81,F809,0,1,1,00F809,C2,REP,IMM8,2,C230,207E,1,,NATIVE_BODY
V05C002110,81:F80B:E0M0X0,040FC058,81,F80B,0,0,0,00F80B,29,AND,IMM_M,3,29FF00,207E,1,,NATIVE_BODY
V05C002111,81:F80E:E0M0X0,040FC070,81,F80E,0,0,0,00F80E,18,CLC,IMP,1,18,207E,1,,NATIVE_BODY
V05C002112,81:F80F:E0M0X0,040FC078,81,F80F,0,0,0,00F80F,6D,ADC,ABS,3,6DC002,207E,1,,NATIVE_BODY
V05C002113,81:F812:E0M0X0,040FC090,81,F812,0,0,0,00F812,C9,CMP,IMM_M,3,C9E000,207E,1,,NATIVE_BODY
V05C002114,81:F815:E0M0X0,040FC0A8,81,F815,0,0,0,00F815,90,BCC,REL8,2,9008,207E,2,,NATIVE_BODY
V05C002115,81:F817:E0M0X0,040FC0B8,81,F817,0,0,0,00F817,C9,CMP,IMM_M,3,C9E1FF,207E,1,,NATIVE_BODY
V05C002116,81:F81A:E0M0X0,040FC0D0,81,F81A,0,0,0,00F81A,B0,BCS,REL8,2,B003,207E,2,,NATIVE_BODY
V05C002117,81:F81C:E0M0X0,040FC0E0,81,F81C,0,0,0,00F81C,A9,LDA,IMM_M,3,A9E000,207E,1,,NATIVE_BODY
V05C002118,81:F81F:E0M0X0,040FC0F8,81,F81F,0,0,0,00F81F,E2,SEP,IMM8,2,E230,207E,1,,NATIVE_BODY
V05C002119,81:F821:E0M1X1,040FC10B,81,F821,0,1,1,00F821,48,PHA,IMP,1,48,207E,1,,NATIVE_BODY
V05C002120,81:F822:E0M1X1,040FC113,81,F822,0,1,1,00F822,98,TYA,IMP,1,98,207E,1,,NATIVE_BODY
V05C002121,81:F823:E0M1X1,040FC11B,81,F823,0,1,1,00F823,0A,ASL,ACC,1,0A,207E,1,,NATIVE_BODY
V05C002122,81:F824:E0M1X1,040FC123,81,F824,0,1,1,00F824,0A,ASL,ACC,1,0A,207E,1,,NATIVE_BODY
V05C002123,81:F825:E0M1X1,040FC12B,81,F825,0,1,1,00F825,A8,TAY,IMP,1,A8,207E,1,,NATIVE_BODY
V05C002124,81:F826:E0M1X1,040FC133,81,F826,0,1,1,00F826,68,PLA,IMP,1,68,207E,1,,NATIVE_BODY
V05C002125,81:F827:E0M1X1,040FC13B,81,F827,0,1,1,00F827,99,STA,ABS_Y,3,99FF13,207E,1,,NATIVE_BODY
V05C002126,81:F82A:E0M1X1,040FC153,81,F82A,0,1,1,00F82A,8A,TXA,IMP,1,8A,207E,1,,NATIVE_BODY
V05C002127,81:F82B:E0M1X1,040FC15B,81,F82B,0,1,1,00F82B,99,STA,ABS_Y,3,99FE13,207E,1,,NATIVE_BODY
V05C002128,81:F82E:E0M1X1,040FC173,81,F82E,0,1,1,00F82E,7A,PLY,IMP,1,7A,207E,1,,NATIVE_BODY
V05C002129,81:F82F:E0M1X1,040FC17B,81,F82F,0,1,1,00F82F,60,RTS,IMP,1,60,207E,1,,NATIVE_BODY
V05C002130,81:F830:E0M1X1,040FC183,81,F830,0,1,1,00F830,A9,LDA,IMM_M,2,A9E0,207E,1,,NATIVE_BODY
V05C002131,81:F832:E0M1X1,040FC193,81,F832,0,1,1,00F832,8D,STA,ABS,3,8DFB13,207E,1,,NATIVE_BODY
V05C002132,81:F835:E0M1X1,040FC1AB,81,F835,0,1,1,00F835,60,RTS,IMP,1,60,207E,2,,NATIVE_BODY
V05C002133,81:F836:E0M1X1,040FC1B3,81,F836,0,1,1,00F836,C9,CMP,IMM_M,2,C900,207E,1,,NATIVE_BODY
V05C002134,81:F838:E0M1X1,040FC1C3,81,F838,0,1,1,00F838,F0,BEQ,REL8,2,F018,207E,2,,NATIVE_BODY
V05C002135,81:F83A:E0M1X1,040FC1D3,81,F83A,0,1,1,00F83A,C9,CMP,IMM_M,2,C901,207E,1,,NATIVE_BODY
V05C002136,81:F83C:E0M1X1,040FC1E3,81,F83C,0,1,1,00F83C,F0,BEQ,REL8,2,F00A,207E,1,,NATIVE_BODY
V05C002137,81:F848:E0M1X1,040FC243,81,F848,0,1,1,00F848,A0,LDY,IMM_X,2,A020,207E,1,,NATIVE_BODY
V05C002138,81:F84A:E0M1X1,040FC253,81,F84A,0,1,1,00F84A,AE,LDX,ABS,3,AEB813,207E,1,,NATIVE_BODY
V05C002139,81:F84D:E0M1X1,040FC26B,81,F84D,0,1,1,00F84D,BD,LDA,ABS_X,3,BD61F8,207E,1,,NATIVE_BODY
V05C002140,81:F850:E0M1X1,040FC283,81,F850,0,1,1,00F850,80,BRA,REL8,2,8008,207E,1,,NATIVE_BODY
V05C002141,81:F852:E0M1X1,040FC293,81,F852,0,1,1,00F852,A0,LDY,IMM_X,2,A030,207E,1,,NATIVE_BODY
V05C002142,81:F854:E0M1X1,040FC2A3,81,F854,0,1,1,00F854,AE,LDX,ABS,3,AEB813,207E,1,,NATIVE_BODY
V05C002143,81:F857:E0M1X1,040FC2BB,81,F857,0,1,1,00F857,BD,LDA,ABS_X,3,BD63F8,207E,1,,NATIVE_BODY
V05C002144,81:F85A:E0M1X1,040FC2D3,81,F85A,0,1,1,00F85A,8C,STY,ABS,3,8CFA13,207E,1,,NATIVE_BODY
V05C002145,81:F85D:E0M1X1,040FC2EB,81,F85D,0,1,1,00F85D,8D,STA,ABS,3,8DFB13,207E,1,,NATIVE_BODY
V05C002146,81:F860:E0M1X1,040FC303,81,F860,0,1,1,00F860,60,RTS,IMP,1,60,207E,2,,NATIVE_BODY
V05C002147,92:EF72:E0M1X1,04977B93,92,EF72,0,1,1,096F72,8B,PHB,IMP,1,8B,24BB,1,,NATIVE_BODY
V05C002148,92:EF73:E0M1X1,04977B9B,92,EF73,0,1,1,096F73,4B,PHK,IMP,1,4B,24BB,1,,NATIVE_BODY
V05C002149,92:EF74:E0M1X1,04977BA3,92,EF74,0,1,1,096F74,AB,PLB,IMP,1,AB,24BB,1,,NATIVE_BODY
V05C002150,92:EF75:E0M1X1,04977BAB,92,EF75,0,1,1,096F75,A9,LDA,IMM_M,2,A901,24BB,1,,NATIVE_BODY
V05C002151,92:EF77:E0M1X1,04977BBB,92,EF77,0,1,1,096F77,8D,STA,ABS,3,8D0D42,24BB,1,,NATIVE_BODY
V05C002152,92:EF7A:E0M1X1,04977BD3,92,EF7A,0,1,1,096F7A,A9,LDA,IMM_M,2,A98F,24BB,1,,NATIVE_BODY
V05C002153,92:EF7C:E0M1X1,04977BE3,92,EF7C,0,1,1,096F7C,8D,STA,ABS,3,8D0021,24BB,1,,NATIVE_BODY
V05C002154,92:EF7F:E0M1X1,04977BFB,92,EF7F,0,1,1,096F7F,A2,LDX,IMM_X,2,A20B,24BB,1,,NATIVE_BODY
V05C002155,92:EF81:E0M1X1,04977C0B,92,EF81,0,1,1,096F81,9E,STZ,ABS_X,3,9E0121,24BB,1,,NATIVE_BODY
V05C002156,92:EF84:E0M1X1,04977C23,92,EF84,0,1,1,096F84,CA,DEX,IMP,1,CA,24BB,1,,NATIVE_BODY
V05C002157,92:EF85:E0M1X1,04977C2B,92,EF85,0,1,1,096F85,10,BPL,REL8,2,10FA,24BB,2,,NATIVE_BODY
V05C002158,92:EF87:E0M1X1,04977C3B,92,EF87,0,1,1,096F87,A2,LDX,IMM_X,2,A207,24BB,1,,NATIVE_BODY
V05C002159,92:EF89:E0M1X1,04977C4B,92,EF89,0,1,1,096F89,9E,STZ,ABS_X,3,9E0D21,24BB,1,,NATIVE_BODY
V05C002160,92:EF8C:E0M1X1,04977C63,92,EF8C,0,1,1,096F8C,9E,STZ,ABS_X,3,9E0D21,24BB,1,,NATIVE_BODY
V05C002161,92:EF8F:E0M1X1,04977C7B,92,EF8F,0,1,1,096F8F,CA,DEX,IMP,1,CA,24BB,1,,NATIVE_BODY
V05C002162,92:EF90:E0M1X1,04977C83,92,EF90,0,1,1,096F90,10,BPL,REL8,2,10F7,24BB,2,,NATIVE_BODY
V05C002163,92:EF92:E0M1X1,04977C93,92,EF92,0,1,1,096F92,A9,LDA,IMM_M,2,A980,24BB,1,,NATIVE_BODY
V05C002164,92:EF94:E0M1X1,04977CA3,92,EF94,0,1,1,096F94,8D,STA,ABS,3,8D1521,24BB,1,,NATIVE_BODY
V05C002165,92:EF97:E0M1X1,04977CBB,92,EF97,0,1,1,096F97,A2,LDX,IMM_X,2,A204,24BB,1,,NATIVE_BODY
V05C002166,92:EF99:E0M1X1,04977CCB,92,EF99,0,1,1,096F99,9E,STZ,ABS_X,3,9E1621,24BB,1,,NATIVE_BODY
V05C002167,92:EF9C:E0M1X1,04977CE3,92,EF9C,0,1,1,096F9C,CA,DEX,IMP,1,CA,24BB,1,,NATIVE_BODY
V05C002168,92:EF9D:E0M1X1,04977CEB,92,EF9D,0,1,1,096F9D,10,BPL,REL8,2,10FA,24BB,2,,NATIVE_BODY
V05C002169,92:EF9F:E0M1X1,04977CFB,92,EF9F,0,1,1,096F9F,9C,STZ,ABS,3,9C1B21,24BB,1,,NATIVE_BODY
V05C002170,92:EFA2:E0M1X1,04977D13,92,EFA2,0,1,1,096FA2,A9,LDA,IMM_M,2,A901,24BB,1,,NATIVE_BODY
V05C002171,92:EFA4:E0M1X1,04977D23,92,EFA4,0,1,1,096FA4,8D,STA,ABS,3,8D1B21,24BB,1,,NATIVE_BODY
V05C002172,92:EFA7:E0M1X1,04977D3B,92,EFA7,0,1,1,096FA7,9C,STZ,ABS,3,9C1C21,24BB,1,,NATIVE_BODY
V05C002173,92:EFAA:E0M1X1,04977D53,92,EFAA,0,1,1,096FAA,9C,STZ,ABS,3,9C1C21,24BB,1,,NATIVE_BODY
V05C002174,92:EFAD:E0M1X1,04977D6B,92,EFAD,0,1,1,096FAD,9C,STZ,ABS,3,9C1D21,24BB,1,,NATIVE_BODY
V05C002175,92:EFB0:E0M1X1,04977D83,92,EFB0,0,1,1,096FB0,9C,STZ,ABS,3,9C1D21,24BB,1,,NATIVE_BODY
V05C002176,92:EFB3:E0M1X1,04977D9B,92,EFB3,0,1,1,096FB3,9C,STZ,ABS,3,9C1E21,24BB,1,,NATIVE_BODY
V05C002177,92:EFB6:E0M1X1,04977DB3,92,EFB6,0,1,1,096FB6,A9,LDA,IMM_M,2,A901,24BB,1,,NATIVE_BODY
V05C002178,92:EFB8:E0M1X1,04977DC3,92,EFB8,0,1,1,096FB8,8D,STA,ABS,3,8D1E21,24BB,1,,NATIVE_BODY
V05C002179,92:EFBB:E0M1X1,04977DDB,92,EFBB,0,1,1,096FBB,9C,STZ,ABS,3,9C1F21,24BB,1,,NATIVE_BODY
V05C002180,92:EFBE:E0M1X1,04977DF3,92,EFBE,0,1,1,096FBE,9C,STZ,ABS,3,9C1F21,24BB,1,,NATIVE_BODY
V05C002181,92:EFC1:E0M1X1,04977E0B,92,EFC1,0,1,1,096FC1,9C,STZ,ABS,3,9C2021,24BB,1,,NATIVE_BODY
V05C002182,92:EFC4:E0M1X1,04977E23,92,EFC4,0,1,1,096FC4,9C,STZ,ABS,3,9C2021,24BB,1,,NATIVE_BODY
V05C002183,92:EFC7:E0M1X1,04977E3B,92,EFC7,0,1,1,096FC7,A2,LDX,IMM_X,2,A20E,24BB,1,,NATIVE_BODY
V05C002184,92:EFC9:E0M1X1,04977E4B,92,EFC9,0,1,1,096FC9,9E,STZ,ABS_X,3,9E2121,24BB,1,,NATIVE_BODY
V05C002185,92:EFCC:E0M1X1,04977E63,92,EFCC,0,1,1,096FCC,CA,DEX,IMP,1,CA,24BB,1,,NATIVE_BODY
V05C002186,92:EFCD:E0M1X1,04977E6B,92,EFCD,0,1,1,096FCD,10,BPL,REL8,2,10FA,24BB,2,,NATIVE_BODY
V05C002187,92:EFCF:E0M1X1,04977E7B,92,EFCF,0,1,1,096FCF,A9,LDA,IMM_M,2,A930,24BB,1,,NATIVE_BODY
V05C002188,92:EFD1:E0M1X1,04977E8B,92,EFD1,0,1,1,096FD1,8D,STA,ABS,3,8D3021,24BB,1,,NATIVE_BODY
V05C002189,92:EFD4:E0M1X1,04977EA3,92,EFD4,0,1,1,096FD4,9C,STZ,ABS,3,9C3121,24BB,1,,NATIVE_BODY
V05C002190,92:EFD7:E0M1X1,04977EBB,92,EFD7,0,1,1,096FD7,A9,LDA,IMM_M,2,A9E0,24BB,1,,NATIVE_BODY
V05C002191,92:EFD9:E0M1X1,04977ECB,92,EFD9,0,1,1,096FD9,8D,STA,ABS,3,8D3221,24BB,1,,NATIVE_BODY
V05C002192,92:EFDC:E0M1X1,04977EE3,92,EFDC,0,1,1,096FDC,9C,STZ,ABS,3,9C3321,24BB,1,,NATIVE_BODY
V05C002193,92:EFDF:E0M1X1,04977EFB,92,EFDF,0,1,1,096FDF,9C,STZ,ABS,3,9C0042,24BB,1,,NATIVE_BODY
V05C002194,92:EFE2:E0M1X1,04977F13,92,EFE2,0,1,1,096FE2,A9,LDA,IMM_M,2,A9FF,24BB,1,,NATIVE_BODY
V05C002195,92:EFE4:E0M1X1,04977F23,92,EFE4,0,1,1,096FE4,8D,STA,ABS,3,8D0142,24BB,1,,NATIVE_BODY
V05C002196,92:EFE7:E0M1X1,04977F3B,92,EFE7,0,1,1,096FE7,A2,LDX,IMM_X,2,A20B,24BB,1,,NATIVE_BODY
V05C002197,92:EFE9:E0M1X1,04977F4B,92,EFE9,0,1,1,096FE9,9E,STZ,ABS_X,3,9E0242,24BB,1,,NATIVE_BODY
V05C002198,92:EFEC:E0M1X1,04977F63,92,EFEC,0,1,1,096FEC,CA,DEX,IMP,1,CA,24BB,1,,NATIVE_BODY
V05C002199,92:EFED:E0M1X1,04977F6B,92,EFED,0,1,1,096FED,10,BPL,REL8,2,10FA,24BB,2,,NATIVE_BODY
V05C002200,92:EFEF:E0M1X1,04977F7B,92,EFEF,0,1,1,096FEF,AB,PLB,IMP,1,AB,24BB,1,,NATIVE_BODY
V05C002201,92:EFF0:E0M1X1,04977F83,92,EFF0,0,1,1,096FF0,6B,RTL,IMP,1,6B,24BB,1,,NATIVE_BODY
V05C002202,92:EFF1:E0M1X1,04977F8B,92,EFF1,0,1,1,096FF1,8B,PHB,IMP,1,8B,24BB,1,,NATIVE_BODY
V05C002203,92:EFF2:E0M1X1,04977F93,92,EFF2,0,1,1,096FF2,4B,PHK,IMP,1,4B,24BB,1,,NATIVE_BODY
V05C002204,92:EFF3:E0M1X1,04977F9B,92,EFF3,0,1,1,096FF3,AB,PLB,IMP,1,AB,24BB,1,,NATIVE_BODY
V05C002205,92:EFF4:E0M1X1,04977FA3,92,EFF4,0,1,1,096FF4,C2,REP,IMM8,2,C230,24BB,1,,NATIVE_BODY
V05C002206,92:EFF6:E0M0X0,04977FB0,92,EFF6,0,0,0,096FF6,9C,STZ,ABS,3,9C3D03,24BB,1,,NATIVE_BODY
V05C002207,92:EFF9:E0M0X0,04977FC8,92,EFF9,0,0,0,096FF9,9C,STZ,ABS,3,9C3F03,24BB,1,,NATIVE_BODY
V05C002208,92:EFFC:E0M0X0,04977FE0,92,EFFC,0,0,0,096FFC,9C,STZ,ABS,3,9C3E02,24BB,1,,NATIVE_BODY
V05C002209,92:EFFF:E0M0X0,04977FF8,92,EFFF,0,0,0,096FFF,E2,SEP,IMM8,2,E230,24BB,1,,NATIVE_BODY
V05C002210,92:F001:E0M1X1,0497800B,92,F001,0,1,1,097001,A9,LDA,IMM_M,2,A901,24BC,1,,NATIVE_BODY
V05C002211,92:F003:E0M1X1,0497801B,92,F003,0,1,1,097003,8D,STA,ABS,3,8D4B0B,24BC,1,,NATIVE_BODY
V05C002212,92:F006:E0M1X1,04978033,92,F006,0,1,1,097006,9C,STZ,ABS,3,9C5503,24BC,1,,NATIVE_BODY
V05C002213,92:F009:E0M1X1,0497804B,92,F009,0,1,1,097009,9C,STZ,ABS,3,9C5603,24BC,1,,NATIVE_BODY
V05C002214,92:F00C:E0M1X1,04978063,92,F00C,0,1,1,09700C,64,STZ,DP,2,6402,24BC,1,,NATIVE_BODY
V05C002215,92:F00E:E0M1X1,04978073,92,F00E,0,1,1,09700E,9C,STZ,ABS,3,9C3003,24BC,1,,NATIVE_BODY
V05C002216,92:F011:E0M1X1,0497808B,92,F011,0,1,1,097011,9C,STZ,ABS,3,9C4702,24BC,1,,NATIVE_BODY
V05C002217,92:F014:E0M1X1,049780A3,92,F014,0,1,1,097014,A9,LDA,IMM_M,2,A9FF,24BC,1,,NATIVE_BODY
V05C002218,92:F016:E0M1X1,049780B3,92,F016,0,1,1,097016,8D,STA,ABS,3,8D6F02,24BC,1,,NATIVE_BODY
V05C002219,92:F019:E0M1X1,049780CB,92,F019,0,1,1,097019,C2,REP,IMM8,2,C220,24BC,1,,NATIVE_BODY
V05C002220,92:F01B:E0M0X1,049780D9,92,F01B,0,0,1,09701B,9C,STZ,ABS,3,9C5502,24BC,1,,NATIVE_BODY
V05C002221,92:F01E:E0M0X1,049780F1,92,F01E,0,0,1,09701E,AD,LDA,ABS,3,AD3103,24BC,1,,NATIVE_BODY
V05C002222,92:F021:E0M0X1,04978109,92,F021,0,0,1,097021,C9,CMP,IMM_M,3,C93412,24BC,1,,NATIVE_BODY
V05C002223,92:F024:E0M0X1,04978121,92,F024,0,0,1,097024,D0,BNE,REL8,2,D008,24BC,2,,NATIVE_BODY
V05C002224,92:F026:E0M0X1,04978131,92,F026,0,0,1,097026,AD,LDA,ABS,3,AD3703,24BC,1,,NATIVE_BODY
V05C002225,92:F029:E0M0X1,04978149,92,F029,0,0,1,097029,C9,CMP,IMM_M,3,C97856,24BC,1,,NATIVE_BODY
V05C002226,92:F02C:E0M0X1,04978161,92,F02C,0,0,1,09702C,F0,BEQ,REL8,2,F015,24BC,2,,NATIVE_BODY
V05C002227,92:F02E:E0M0X1,04978171,92,F02E,0,0,1,09702E,EE,INC,ABS,3,EE3003,24BC,1,,NATIVE_BODY
V05C002228,92:F031:E0M0X1,04978189,92,F031,0,0,1,097031,A9,LDA,IMM_M,3,A93412,24BC,1,,NATIVE_BODY
V05C002229,92:F034:E0M0X1,049781A1,92,F034,0,0,1,097034,8D,STA,ABS,3,8D3103,24BC,1,,NATIVE_BODY
V05C002230,92:F037:E0M0X1,049781B9,92,F037,0,0,1,097037,9C,STZ,ABS,3,9C3303,24BC,1,,NATIVE_BODY
V05C002231,92:F03A:E0M0X1,049781D1,92,F03A,0,0,1,09703A,9C,STZ,ABS,3,9C3503,24BC,1,,NATIVE_BODY
V05C002232,92:F03D:E0M0X1,049781E9,92,F03D,0,0,1,09703D,A9,LDA,IMM_M,3,A97856,24BC,1,,NATIVE_BODY
V05C002233,92:F040:E0M0X1,04978201,92,F040,0,0,1,097040,8D,STA,ABS,3,8D3703,24BC,1,,NATIVE_BODY
V05C002234,92:F043:E0M0X1,04978219,92,F043,0,0,1,097043,E2,SEP,IMM8,2,E220,24BC,1,,NATIVE_BODY
V05C002235,92:F045:E0M1X1,0497822B,92,F045,0,1,1,097045,9C,STZ,ABS,3,9C3B03,24BC,1,,NATIVE_BODY
V05C002236,92:F048:E0M1X1,04978243,92,F048,0,1,1,097048,9C,STZ,ABS,3,9C1C03,24BC,1,,NATIVE_BODY
V05C002237,92:F04B:E0M1X1,0497825B,92,F04B,0,1,1,09704B,AB,PLB,IMP,1,AB,24BC,1,,NATIVE_BODY
V05C002238,92:F04C:E0M1X1,04978263,92,F04C,0,1,1,09704C,6B,RTL,IMP,1,6B,24BC,1,,NATIVE_BODY
V05C002239,92:F04D:E0M1X1,0497826B,92,F04D,0,1,1,09704D,C2,REP,IMM8,2,C230,24BC,1,,NATIVE_BODY
V05C002240,92:F04F:E0M0X0,04978278,92,F04F,0,0,0,09704F,A9,LDA,IMM_M,3,A93412,24BC,1,,NATIVE_BODY
V05C002241,92:F052:E0M0X0,04978290,92,F052,0,0,0,097052,8F,STA,ABS_LONG,4,8F000070,24BC,1,,NATIVE_BODY
V05C002242,92:F056:E0M0X0,049782B0,92,F056,0,0,0,097056,AF,LDA,ABS_LONG,4,AF000070,24BC,1,,NATIVE_BODY
V05C002243,92:F05A:E0M0X0,049782D0,92,F05A,0,0,0,09705A,C9,CMP,IMM_M,3,C93412,24BC,1,,NATIVE_BODY
V05C002244,92:F05D:E0M0X0,049782E8,92,F05D,0,0,0,09705D,D0,BNE,REL8,2,D012,24BC,2,,NATIVE_BODY
V05C002245,92:F05F:E0M0X0,049782F8,92,F05F,0,0,0,09705F,A9,LDA,IMM_M,3,A97856,24BC,1,,NATIVE_BODY
V05C002246,92:F062:E0M0X0,04978310,92,F062,0,0,0,097062,8F,STA,ABS_LONG,4,8F000070,24BC,1,,NATIVE_BODY
V05C002247,92:F066:E0M0X0,04978330,92,F066,0,0,0,097066,AF,LDA,ABS_LONG,4,AF000070,24BC,1,,NATIVE_BODY
V05C002248,92:F06A:E0M0X0,04978350,92,F06A,0,0,0,09706A,C9,CMP,IMM_M,3,C97856,24BC,1,,NATIVE_BODY
V05C002249,92:F06D:E0M0X0,04978368,92,F06D,0,0,0,09706D,D0,BNE,REL8,2,D002,24BC,2,,NATIVE_BODY
V05C002250,92:F06F:E0M0X0,04978378,92,F06F,0,0,0,09706F,80,BRA,REL8,2,80FE,24BC,1,,NATIVE_BODY
V05C002251,92:F071:E0M0X0,04978388,92,F071,0,0,0,097071,E2,SEP,IMM8,2,E230,24BC,1,,NATIVE_BODY
V05C002252,92:F073:E0M1X1,0497839B,92,F073,0,1,1,097073,9C,STZ,ABS,3,9C8002,24BC,1,,NATIVE_BODY
V05C002253,92:F076:E0M1X1,049783B3,92,F076,0,1,1,097076,9C,STZ,ABS,3,9C8102,24BC,1,,NATIVE_BODY
V05C002254,92:F079:E0M1X1,049783CB,92,F079,0,1,1,097079,AD,LDA,ABS,3,AD3F21,24BC,1,,NATIVE_BODY
V05C002255,92:F07C:E0M1X1,049783E3,92,F07C,0,1,1,09707C,89,BIT,IMM_M,2,8910,24BC,1,,NATIVE_BODY
V05C002256,92:F07E:E0M1X1,049783F3,92,F07E,0,1,1,09707E,F0,BEQ,REL8,2,F003,24BC,2,,NATIVE_BODY
V05C002257,92:F080:E0M1X1,04978403,92,F080,0,1,1,097080,EE,INC,ABS,3,EE8002,24BC,1,,NATIVE_BODY
V05C002258,92:F083:E0M1X1,0497841B,92,F083,0,1,1,097083,6B,RTL,IMP,1,6B,24BC,1,,NATIVE_BODY
