Production_ID,Key,Key_Hex,PBR,PC,E,M,X,Opcode,Mnemonic,Mode,Length,Bytes,V05_Disposition,V07_Disposition,Cycle_Min,Cycle_Max,Dynamic_Cycle_Tags,Fetch_Bytes,Pointer_Read_Bytes,Data_Read_Bytes,Data_Write_Bytes,Dummy_Write_Bytes,Stack_Read_Bytes,Stack_Write_Bytes,Vector_Read_Bytes,Fixed_Idle_Cycles,Dynamic_Idle_Max,Timing_Class,Timing_Rules,Rule_Flags,Operand,Address,Authority
V05C000001,00:8000:E1M1X1,00040007,00,8000,1,1,1,5C,JML,ABSL_JUMP,4,5C0C8080,NATIVE_BODY,NATIVE_BODY,4,4,NONE,4,0,0,0,0,0,0,0,0,0,LINEAR_BUS_SEQUENCE,,00000000,80800C,008000,V02C_MATRIX_PLUS_PINNED_MESEN_CPU_SOURCE_ORDER_NO_GAMEPLAY
V05C000002,00:8166:E0M0X0,00040B30,00,8166,0,0,0,5C,JML,ABSL_JUMP,4,5C6A8180,NATIVE_BODY,NATIVE_BODY,4,4,NONE,4,0,0,0,0,0,0,0,0,0,LINEAR_BUS_SEQUENCE,,00000000,80816A,008166,V02C_MATRIX_PLUS_PINNED_MESEN_CPU_SOURCE_ORDER_NO_GAMEPLAY
V05C000003,00:8166:E0M0X1,00040B31,00,8166,0,0,1,5C,JML,ABSL_JUMP,4,5C6A8180,NATIVE_BODY,NATIVE_BODY,4,4,NONE,4,0,0,0,0,0,0,0,0,0,LINEAR_BUS_SEQUENCE,,00000000,80816A,008166,V02C_MATRIX_PLUS_PINNED_MESEN_CPU_SOURCE_ORDER_NO_GAMEPLAY
V05C000004,00:8166:E0M1X0,00040B32,00,8166,0,1,0,5C,JML,ABSL_JUMP,4,5C6A8180,NATIVE_BODY,NATIVE_BODY,4,4,NONE,4,0,0,0,0,0,0,0,0,0,LINEAR_BUS_SEQUENCE,,00000000,80816A,008166,V02C_MATRIX_PLUS_PINNED_MESEN_CPU_SOURCE_ORDER_NO_GAMEPLAY
V05C000005,00:8166:E0M1X1,00040B33,00,8166,0,1,1,5C,JML,ABSL_JUMP,4,5C6A8180,NATIVE_BODY,NATIVE_BODY,4,4,NONE,4,0,0,0,0,0,0,0,0,0,LINEAR_BUS_SEQUENCE,,00000000,80816A,008166,V02C_MATRIX_PLUS_PINNED_MESEN_CPU_SOURCE_ORDER_NO_GAMEPLAY
V05C000006,00:8166:E1M1X1,00040B37,00,8166,1,1,1,5C,JML,ABSL_JUMP,4,5C6A8180,NATIVE_BODY,NATIVE_BODY,4,4,NONE,4,0,0,0,0,0,0,0,0,0,LINEAR_BUS_SEQUENCE,,00000000,80816A,008166,V02C_MATRIX_PLUS_PINNED_MESEN_CPU_SOURCE_ORDER_NO_GAMEPLAY
V05C000007,00:81BB:E0M0X0,00040DD8,00,81BB,0,0,0,5C,JML,ABSL_JUMP,4,5CBF8180,NATIVE_BODY,NATIVE_BODY,4,4,NONE,4,0,0,0,0,0,0,0,0,0,LINEAR_BUS_SEQUENCE,,00000000,8081BF,0081BB,V02C_MATRIX_PLUS_PINNED_MESEN_CPU_SOURCE_ORDER_NO_GAMEPLAY
V05C000008,00:81BB:E0M0X1,00040DD9,00,81BB,0,0,1,5C,JML,ABSL_JUMP,4,5CBF8180,NATIVE_BODY,NATIVE_BODY,4,4,NONE,4,0,0,0,0,0,0,0,0,0,LINEAR_BUS_SEQUENCE,,00000000,8081BF,0081BB,V02C_MATRIX_PLUS_PINNED_MESEN_CPU_SOURCE_ORDER_NO_GAMEPLAY
V05C000009,00:81BB:E0M1X0,00040DDA,00,81BB,0,1,0,5C,JML,ABSL_JUMP,4,5CBF8180,NATIVE_BODY,NATIVE_BODY,4,4,NONE,4,0,0,0,0,0,0,0,0,0,LINEAR_BUS_SEQUENCE,,00000000,8081BF,0081BB,V02C_MATRIX_PLUS_PINNED_MESEN_CPU_SOURCE_ORDER_NO_GAMEPLAY
V05C000010,00:81BB:E0M1X1,00040DDB,00,81BB,0,1,1,5C,JML,ABSL_JUMP,4,5CBF8180,NATIVE_BODY,NATIVE_BODY,4,4,NONE,4,0,0,0,0,0,0,0,0,0,LINEAR_BUS_SEQUENCE,,00000000,8081BF,0081BB,V02C_MATRIX_PLUS_PINNED_MESEN_CPU_SOURCE_ORDER_NO_GAMEPLAY
V05C000011,00:81BB:E1M1X1,00040DDF,00,81BB,1,1,1,5C,JML,ABSL_JUMP,4,5CBF8180,NATIVE_BODY,NATIVE_BODY,4,4,NONE,4,0,0,0,0,0,0,0,0,0,LINEAR_BUS_SEQUENCE,,00000000,8081BF,0081BB,V02C_MATRIX_PLUS_PINNED_MESEN_CPU_SOURCE_ORDER_NO_GAMEPLAY
V05C000012,00:81FD:E0M0X0,00040FE8,00,81FD,0,0,0,5C,JML,ABSL_JUMP,4,5C018280,NATIVE_BODY,NATIVE_BODY,4,4,NONE,4,0,0,0,0,0,0,0,0,0,LINEAR_BUS_SEQUENCE,,00000000,808201,0081FD,V02C_MATRIX_PLUS_PINNED_MESEN_CPU_SOURCE_ORDER_NO_GAMEPLAY
V05C000013,00:81FD:E0M0X1,00040FE9,00,81FD,0,0,1,5C,JML,ABSL_JUMP,4,5C018280,NATIVE_BODY,NATIVE_BODY,4,4,NONE,4,0,0,0,0,0,0,0,0,0,LINEAR_BUS_SEQUENCE,,00000000,808201,0081FD,V02C_MATRIX_PLUS_PINNED_MESEN_CPU_SOURCE_ORDER_NO_GAMEPLAY
V05C000014,00:81FD:E0M1X0,00040FEA,00,81FD,0,1,0,5C,JML,ABSL_JUMP,4,5C018280,NATIVE_BODY,NATIVE_BODY,4,4,NONE,4,0,0,0,0,0,0,0,0,0,LINEAR_BUS_SEQUENCE,,00000000,808201,0081FD,V02C_MATRIX_PLUS_PINNED_MESEN_CPU_SOURCE_ORDER_NO_GAMEPLAY
V05C000015,00:81FD:E0M1X1,00040FEB,00,81FD,0,1,1,5C,JML,ABSL_JUMP,4,5C018280,NATIVE_BODY,NATIVE_BODY,4,4,NONE,4,0,0,0,0,0,0,0,0,0,LINEAR_BUS_SEQUENCE,,00000000,808201,0081FD,V02C_MATRIX_PLUS_PINNED_MESEN_CPU_SOURCE_ORDER_NO_GAMEPLAY
V05C000016,00:81FD:E1M1X1,00040FEF,00,81FD,1,1,1,5C,JML,ABSL_JUMP,4,5C018280,NATIVE_BODY,NATIVE_BODY,4,4,NONE,4,0,0,0,0,0,0,0,0,0,LINEAR_BUS_SEQUENCE,,00000000,808201,0081FD,V02C_MATRIX_PLUS_PINNED_MESEN_CPU_SOURCE_ORDER_NO_GAMEPLAY
V05C000017,80:800C:E1M1X1,04040067,80,800C,1,1,1,18,CLC,IMP,1,18,NATIVE_BODY,NATIVE_BODY,2,2,NONE,1,0,0,0,0,0,0,0,1,0,FIXED_IDLE_SEQUENCE,IMPLIED_PRE_IDLE,00000800,000000,80800C,V02C_MATRIX_PLUS_PINNED_MESEN_CPU_SOURCE_ORDER_NO_GAMEPLAY
V05C000018,80:800D:E1M1X1,0404006F,80,800D,1,1,1,FB,XCE,IMP,1,FB,NATIVE_BODY,NATIVE_BODY,2,2,NONE,1,0,0,0,0,0,0,0,1,0,FIXED_IDLE_SEQUENCE,IMPLIED_PRE_IDLE,00000800,000000,80800D,V02C_MATRIX_PLUS_PINNED_MESEN_CPU_SOURCE_ORDER_NO_GAMEPLAY
V05C000019,80:800E:E0M1X1,04040073,80,800E,0,1,1,4B,PHK,IMP,1,4B,NATIVE_BODY,NATIVE_BODY,3,3,NONE,1,0,0,0,0,0,1,0,1,0,FIXED_IDLE_SEQUENCE,PUSH_PRE_IDLE,00000200,000000,80800E,V02C_MATRIX_PLUS_PINNED_MESEN_CPU_SOURCE_ORDER_NO_GAMEPLAY
V05C000020,80:800F:E0M1X1,0404007B,80,800F,0,1,1,AB,PLB,IMP,1,AB,NATIVE_BODY,NATIVE_BODY,4,4,NONE,1,0,0,0,0,1,0,0,2,0,FIXED_IDLE_SEQUENCE,PULL_PRE_IDLE;PULL_PRE_IDLE,00000400,000000,80800F,V02C_MATRIX_PLUS_PINNED_MESEN_CPU_SOURCE_ORDER_NO_GAMEPLAY
V05C000021,80:8010:E0M1X1,04040083,80,8010,0,1,1,C2,REP,IMM8,2,C210,NATIVE_BODY,NATIVE_BODY,3,3,NONE,2,0,0,0,0,0,0,0,1,0,FIXED_IDLE_SEQUENCE,STATUS_PRE_IDLE,00002000,000010,808010,V02C_MATRIX_PLUS_PINNED_MESEN_CPU_SOURCE_ORDER_NO_GAMEPLAY
V05C000022,80:8012:E0M1X0,04040092,80,8012,0,1,0,A9,LDA,IMM_M,2,A900,NATIVE_BODY,NATIVE_BODY,2,2,NONE,2,0,0,0,0,0,0,0,0,0,LINEAR_BUS_SEQUENCE,,00000000,000000,808012,V02C_MATRIX_PLUS_PINNED_MESEN_CPU_SOURCE_ORDER_NO_GAMEPLAY
V05C000023,80:8014:E0M1X0,040400A2,80,8014,0,1,0,A0,LDY,IMM_X,3,A00000,NATIVE_BODY,NATIVE_BODY,3,3,NONE,3,0,0,0,0,0,0,0,0,0,LINEAR_BUS_SEQUENCE,,00000000,000000,808014,V02C_MATRIX_PLUS_PINNED_MESEN_CPU_SOURCE_ORDER_NO_GAMEPLAY
V05C000024,80:8017:E0M1X0,040400BA,80,8017,0,1,0,99,STA,ABS_Y,3,990000,NATIVE_BODY,NATIVE_BODY,5,5,NONE,3,0,0,1,0,0,0,0,1,0,INDEX_SEQUENCE,INDEX_FIXED_PRE_DATA_IDLE,00040000,000000,808017,V02C_MATRIX_PLUS_PINNED_MESEN_CPU_SOURCE_ORDER_NO_GAMEPLAY
V05C000025,80:801A:E0M1X0,040400D2,80,801A,0,1,0,C8,INY,IMP,1,C8,NATIVE_BODY,NATIVE_BODY,2,2,NONE,1,0,0,0,0,0,0,0,1,0,FIXED_IDLE_SEQUENCE,IMPLIED_PRE_IDLE,00000800,000000,80801A,V02C_MATRIX_PLUS_PINNED_MESEN_CPU_SOURCE_ORDER_NO_GAMEPLAY
V05C000026,80:801B:E0M1X0,040400DA,80,801B,0,1,0,C0,CPY,IMM_X,3,C03103,NATIVE_BODY,NATIVE_BODY,3,3,NONE,3,0,0,0,0,0,0,0,0,0,LINEAR_BUS_SEQUENCE,,00000000,000331,80801B,V02C_MATRIX_PLUS_PINNED_MESEN_CPU_SOURCE_ORDER_NO_GAMEPLAY
V05C000027,80:801E:E0M1X0,040400F2,80,801E,0,1,0,90,BCC,REL8,2,90F7,NATIVE_BODY,NATIVE_BODY,2,3,BRANCH_TAKEN:+1,2,0,0,0,0,0,0,0,0,1,BRANCH_SEQUENCE,DYN_BRANCH_TAKEN_POST_IDLE,00000004,0000F7,80801E,V02C_MATRIX_PLUS_PINNED_MESEN_CPU_SOURCE_ORDER_NO_GAMEPLAY
V05C000028,80:8020:E0M1X0,04040102,80,8020,0,1,0,A0,LDY,IMM_X,3,A03903,NATIVE_BODY,NATIVE_BODY,3,3,NONE,3,0,0,0,0,0,0,0,0,0,LINEAR_BUS_SEQUENCE,,00000000,000339,808020,V02C_MATRIX_PLUS_PINNED_MESEN_CPU_SOURCE_ORDER_NO_GAMEPLAY
V05C000029,80:8023:E0M1X0,0404011A,80,8023,0,1,0,99,STA,ABS_Y,3,990000,NATIVE_BODY,NATIVE_BODY,5,5,NONE,3,0,0,1,0,0,0,0,1,0,INDEX_SEQUENCE,INDEX_FIXED_PRE_DATA_IDLE,00040000,000000,808023,V02C_MATRIX_PLUS_PINNED_MESEN_CPU_SOURCE_ORDER_NO_GAMEPLAY
V05C000030,80:8026:E0M1X0,04040132,80,8026,0,1,0,C8,INY,IMP,1,C8,NATIVE_BODY,NATIVE_BODY,2,2,NONE,1,0,0,0,0,0,0,0,1,0,FIXED_IDLE_SEQUENCE,IMPLIED_PRE_IDLE,00000800,000000,808026,V02C_MATRIX_PLUS_PINNED_MESEN_CPU_SOURCE_ORDER_NO_GAMEPLAY
V05C000031,80:8027:E0M1X0,0404013A,80,8027,0,1,0,C0,CPY,IMM_X,3,C00020,NATIVE_BODY,NATIVE_BODY,3,3,NONE,3,0,0,0,0,0,0,0,0,0,LINEAR_BUS_SEQUENCE,,00000000,002000,808027,V02C_MATRIX_PLUS_PINNED_MESEN_CPU_SOURCE_ORDER_NO_GAMEPLAY
V05C000032,80:802A:E0M1X0,04040152,80,802A,0,1,0,90,BCC,REL8,2,90F7,NATIVE_BODY,NATIVE_BODY,2,3,BRANCH_TAKEN:+1,2,0,0,0,0,0,0,0,0,1,BRANCH_SEQUENCE,DYN_BRANCH_TAKEN_POST_IDLE,00000004,0000F7,80802A,V02C_MATRIX_PLUS_PINNED_MESEN_CPU_SOURCE_ORDER_NO_GAMEPLAY
V05C000033,80:802C:E0M1X0,04040162,80,802C,0,1,0,C2,REP,IMM8,2,C230,NATIVE_BODY,NATIVE_BODY,3,3,NONE,2,0,0,0,0,0,0,0,1,0,FIXED_IDLE_SEQUENCE,STATUS_PRE_IDLE,00002000,000030,80802C,V02C_MATRIX_PLUS_PINNED_MESEN_CPU_SOURCE_ORDER_NO_GAMEPLAY
V05C000034,80:802E:E0M0X0,04040170,80,802E,0,0,0,A9,LDA,IMM_M,3,A90000,NATIVE_BODY,NATIVE_BODY,3,3,NONE,3,0,0,0,0,0,0,0,0,0,LINEAR_BUS_SEQUENCE,,00000000,000000,80802E,V02C_MATRIX_PLUS_PINNED_MESEN_CPU_SOURCE_ORDER_NO_GAMEPLAY
V05C000035,80:8031:E0M0X0,04040188,80,8031,0,0,0,5B,TCD,IMP,1,5B,NATIVE_BODY,NATIVE_BODY,2,2,NONE,1,0,0,0,0,0,0,0,1,0,FIXED_IDLE_SEQUENCE,IMPLIED_PRE_IDLE,00000800,000000,808031,V02C_MATRIX_PLUS_PINNED_MESEN_CPU_SOURCE_ORDER_NO_GAMEPLAY
V05C000036,80:8032:E0M0X0,04040190,80,8032,0,0,0,A9,LDA,IMM_M,3,A9FF01,NATIVE_BODY,NATIVE_BODY,3,3,NONE,3,0,0,0,0,0,0,0,0,0,LINEAR_BUS_SEQUENCE,,00000000,0001FF,808032,V02C_MATRIX_PLUS_PINNED_MESEN_CPU_SOURCE_ORDER_NO_GAMEPLAY
V05C000037,80:8035:E0M0X0,040401A8,80,8035,0,0,0,1B,TCS,IMP,1,1B,NATIVE_BODY,NATIVE_BODY,2,2,NONE,1,0,0,0,0,0,0,0,1,0,FIXED_IDLE_SEQUENCE,IMPLIED_PRE_IDLE,00000800,000000,808035,V02C_MATRIX_PLUS_PINNED_MESEN_CPU_SOURCE_ORDER_NO_GAMEPLAY
V05C000038,80:8036:E0M0X0,040401B0,80,8036,0,0,0,E2,SEP,IMM8,2,E230,NATIVE_BODY,NATIVE_BODY,3,3,NONE,2,0,0,0,0,0,0,0,1,0,FIXED_IDLE_SEQUENCE,STATUS_PRE_IDLE,00002000,000030,808036,V02C_MATRIX_PLUS_PINNED_MESEN_CPU_SOURCE_ORDER_NO_GAMEPLAY
V05C000039,80:8038:E0M1X1,040401C3,80,8038,0,1,1,22,JSL,ABSL_JUMP,4,2272EF92,NATIVE_BODY,NATIVE_BODY,8,8,NONE,4,0,0,0,0,0,3,0,1,0,JSL_DEFERRED_BANK_FETCH,JSL_AFTER_PBR_PUSH_IDLE,00000010,92EF72,808038,V02C_MATRIX_PLUS_PINNED_MESEN_CPU_SOURCE_ORDER_NO_GAMEPLAY
V05C000040,80:803C:E0M1X1,040401E3,80,803C,0,1,1,22,JSL,ABSL_JUMP,4,22F1EF92,NATIVE_BODY,NATIVE_BODY,8,8,NONE,4,0,0,0,0,0,3,0,1,0,JSL_DEFERRED_BANK_FETCH,JSL_AFTER_PBR_PUSH_IDLE,00000010,92EFF1,80803C,V02C_MATRIX_PLUS_PINNED_MESEN_CPU_SOURCE_ORDER_NO_GAMEPLAY
V05C000041,80:8040:E0M1X1,04040203,80,8040,0,1,1,20,JSR,ABS_JUMP,3,203881,NATIVE_BODY,NATIVE_BODY,6,6,NONE,3,0,0,0,0,0,2,0,1,0,FIXED_IDLE_SEQUENCE,JSR_PRE_STACK_IDLE,00000020,008138,808040,V02C_MATRIX_PLUS_PINNED_MESEN_CPU_SOURCE_ORDER_NO_GAMEPLAY
V05C000042,80:8043:E0M1X1,0404021B,80,8043,0,1,1,22,JSL,ABSL_JUMP,4,224DF092,NATIVE_BODY,NATIVE_BODY,8,8,NONE,4,0,0,0,0,0,3,0,1,0,JSL_DEFERRED_BANK_FETCH,JSL_AFTER_PBR_PUSH_IDLE,00000010,92F04D,808043,V02C_MATRIX_PLUS_PINNED_MESEN_CPU_SOURCE_ORDER_NO_GAMEPLAY
V05C000043,80:8047:E0M1X1,0404023B,80,8047,0,1,1,20,JSR,ABS_JUMP,3,20DBF8,NATIVE_BODY,NATIVE_BODY,6,6,NONE,3,0,0,0,0,0,2,0,1,0,FIXED_IDLE_SEQUENCE,JSR_PRE_STACK_IDLE,00000020,00F8DB,808047,V02C_MATRIX_PLUS_PINNED_MESEN_CPU_SOURCE_ORDER_NO_GAMEPLAY
V05C000044,80:804A:E0M1X1,04040253,80,804A,0,1,1,20,JSR,ABS_JUMP,3,201481,NATIVE_BODY,NATIVE_BODY,6,6,NONE,3,0,0,0,0,0,2,0,1,0,FIXED_IDLE_SEQUENCE,JSR_PRE_STACK_IDLE,00000020,008114,80804A,V02C_MATRIX_PLUS_PINNED_MESEN_CPU_SOURCE_ORDER_NO_GAMEPLAY
V05C000045,80:804D:E0M1X1,0404026B,80,804D,0,1,1,A9,LDA,IMM_M,2,A901,NATIVE_BODY,NATIVE_BODY,2,2,NONE,2,0,0,0,0,0,0,0,0,0,LINEAR_BUS_SEQUENCE,,00000000,000001,80804D,V02C_MATRIX_PLUS_PINNED_MESEN_CPU_SOURCE_ORDER_NO_GAMEPLAY
V05C000046,80:804F:E0M1X1,0404027B,80,804F,0,1,1,8D,STA,ABS,3,8D0E0F,NATIVE_BODY,NATIVE_BODY,4,4,NONE,3,0,0,1,0,0,0,0,0,0,LINEAR_BUS_SEQUENCE,,00000000,000F0E,80804F,V02C_MATRIX_PLUS_PINNED_MESEN_CPU_SOURCE_ORDER_NO_GAMEPLAY
V05C000047,80:8052:E0M1X1,04040293,80,8052,0,1,1,A2,LDX,IMM_X,2,A200,NATIVE_BODY,NATIVE_BODY,2,2,NONE,2,0,0,0,0,0,0,0,0,0,LINEAR_BUS_SEQUENCE,,00000000,000000,808052,V02C_MATRIX_PLUS_PINNED_MESEN_CPU_SOURCE_ORDER_NO_GAMEPLAY
V05C000048,80:8054:E0M1X1,040402A3,80,8054,0,1,1,22,JSL,ABSL_JUMP,4,2240AC81,NATIVE_BODY,NATIVE_BODY,8,8,NONE,4,0,0,0,0,0,3,0,1,0,JSL_DEFERRED_BANK_FETCH,JSL_AFTER_PBR_PUSH_IDLE,00000010,81AC40,808054,V02C_MATRIX_PLUS_PINNED_MESEN_CPU_SOURCE_ORDER_NO_GAMEPLAY
V05C000049,80:8114:E0M1X1,040408A3,80,8114,0,1,1,A9,LDA,IMM_M,2,A980,NATIVE_BODY,NATIVE_BODY,2,2,NONE,2,0,0,0,0,0,0,0,0,0,LINEAR_BUS_SEQUENCE,,00000000,000080,808114,V02C_MATRIX_PLUS_PINNED_MESEN_CPU_SOURCE_ORDER_NO_GAMEPLAY
V05C000050,80:8116:E0M1X1,040408B3,80,8116,0,1,1,20,JSR,ABS_JUMP,3,207BF9,NATIVE_BODY,NATIVE_BODY,6,6,NONE,3,0,0,0,0,0,2,0,1,0,FIXED_IDLE_SEQUENCE,JSR_PRE_STACK_IDLE,00000020,00F97B,808116,V02C_MATRIX_PLUS_PINNED_MESEN_CPU_SOURCE_ORDER_NO_GAMEPLAY
V05C000051,80:8119:E0M1X1,040408CB,80,8119,0,1,1,AC,LDY,ABS,3,ACEC1A,NATIVE_BODY,NATIVE_BODY,4,4,NONE,3,0,1,0,0,0,0,0,0,0,LINEAR_BUS_SEQUENCE,,00000000,001AEC,808119,V02C_MATRIX_PLUS_PINNED_MESEN_CPU_SOURCE_ORDER_NO_GAMEPLAY
V05C000052,80:811C:E0M1X1,040408E3,80,811C,0,1,1,C8,INY,IMP,1,C8,NATIVE_BODY,NATIVE_BODY,2,2,NONE,1,0,0,0,0,0,0,0,1,0,FIXED_IDLE_SEQUENCE,IMPLIED_PRE_IDLE,00000800,000000,80811C,V02C_MATRIX_PLUS_PINNED_MESEN_CPU_SOURCE_ORDER_NO_GAMEPLAY
V05C000053,80:811D:E0M1X1,040408EB,80,811D,0,1,1,C0,CPY,IMM_X,2,C005,NATIVE_BODY,NATIVE_BODY,2,2,NONE,2,0,0,0,0,0,0,0,0,0,LINEAR_BUS_SEQUENCE,,00000000,000005,80811D,V02C_MATRIX_PLUS_PINNED_MESEN_CPU_SOURCE_ORDER_NO_GAMEPLAY
V05C000054,80:811F:E0M1X1,040408FB,80,811F,0,1,1,D0,BNE,REL8,2,D002,NATIVE_BODY,NATIVE_BODY,2,3,BRANCH_TAKEN:+1,2,0,0,0,0,0,0,0,0,1,BRANCH_SEQUENCE,DYN_BRANCH_TAKEN_POST_IDLE,00000004,000002,80811F,V02C_MATRIX_PLUS_PINNED_MESEN_CPU_SOURCE_ORDER_NO_GAMEPLAY
V05C000055,80:8121:E0M1X1,0404090B,80,8121,0,1,1,A0,LDY,IMM_X,2,A000,NATIVE_BODY,NATIVE_BODY,2,2,NONE,2,0,0,0,0,0,0,0,0,0,LINEAR_BUS_SEQUENCE,,00000000,000000,808121,V02C_MATRIX_PLUS_PINNED_MESEN_CPU_SOURCE_ORDER_NO_GAMEPLAY
V05C000056,80:8123:E0M1X1,0404091B,80,8123,0,1,1,8C,STY,ABS,3,8CEC1A,NATIVE_BODY,NATIVE_BODY,4,4,NONE,3,0,0,1,0,0,0,0,0,0,LINEAR_BUS_SEQUENCE,,00000000,001AEC,808123,V02C_MATRIX_PLUS_PINNED_MESEN_CPU_SOURCE_ORDER_NO_GAMEPLAY
V05C000057,80:8126:E0M1X1,04040933,80,8126,0,1,1,BE,LDX,ABS_Y,3,BEF282,NATIVE_BODY,NATIVE_BODY,4,5,INDEX_PAGE_CROSS:+1,3,0,1,0,0,0,0,0,0,1,INDEX_SEQUENCE,DYN_INDEX_PRE_DATA_IDLE,00000002,0082F2,808126,V02C_MATRIX_PLUS_PINNED_MESEN_CPU_SOURCE_ORDER_NO_GAMEPLAY
V05C000058,80:8129:E0M1X1,0404094B,80,8129,0,1,1,20,JSR,ABS_JUMP,3,2004F9,NATIVE_BODY,NATIVE_BODY,6,6,NONE,3,0,0,0,0,0,2,0,1,0,FIXED_IDLE_SEQUENCE,JSR_PRE_STACK_IDLE,00000020,00F904,808129,V02C_MATRIX_PLUS_PINNED_MESEN_CPU_SOURCE_ORDER_NO_GAMEPLAY
V05C000059,80:812C:E0M1X1,04040963,80,812C,0,1,1,20,JSR,ABS_JUMP,3,2086F9,NATIVE_BODY,NATIVE_BODY,6,6,NONE,3,0,0,0,0,0,2,0,1,0,FIXED_IDLE_SEQUENCE,JSR_PRE_STACK_IDLE,00000020,00F986,80812C,V02C_MATRIX_PLUS_PINNED_MESEN_CPU_SOURCE_ORDER_NO_GAMEPLAY
V05C000060,80:812F:E0M1X1,0404097B,80,812F,0,1,1,60,RTS,IMP,1,60,NATIVE_BODY,NATIVE_BODY,6,6,NONE,1,0,0,0,0,2,0,0,3,0,RETURN_SEQUENCE,RETURN_PRE_IDLE;RETURN_PRE_IDLE;RTS_POST_POP_IDLE,00000180,000000,80812F,V02C_MATRIX_PLUS_PINNED_MESEN_CPU_SOURCE_ORDER_NO_GAMEPLAY
V05C000061,80:8138:E0M1X1,040409C3,80,8138,0,1,1,78,SEI,IMP,1,78,NATIVE_BODY,NATIVE_BODY,2,2,NONE,1,0,0,0,0,0,0,0,1,0,FIXED_IDLE_SEQUENCE,IMPLIED_PRE_IDLE,00000800,000000,808138,V02C_MATRIX_PLUS_PINNED_MESEN_CPU_SOURCE_ORDER_NO_GAMEPLAY
V05C000062,80:8139:E0M1X1,040409CB,80,8139,0,1,1,A9,LDA,IMM_M,2,A909,NATIVE_BODY,NATIVE_BODY,2,2,NONE,2,0,0,0,0,0,0,0,0,0,LINEAR_BUS_SEQUENCE,,00000000,000009,808139,V02C_MATRIX_PLUS_PINNED_MESEN_CPU_SOURCE_ORDER_NO_GAMEPLAY
V05C000063,80:813B:E0M1X1,040409DB,80,813B,0,1,1,8D,STA,ABS,3,8D0521,NATIVE_BODY,NATIVE_BODY,4,4,NONE,3,0,0,1,0,0,0,0,0,0,LINEAR_BUS_SEQUENCE,,00000000,002105,80813B,V02C_MATRIX_PLUS_PINNED_MESEN_CPU_SOURCE_ORDER_NO_GAMEPLAY
V05C000064,80:813E:E0M1X1,040409F3,80,813E,0,1,1,A9,LDA,IMM_M,2,A961,NATIVE_BODY,NATIVE_BODY,2,2,NONE,2,0,0,0,0,0,0,0,0,0,LINEAR_BUS_SEQUENCE,,00000000,000061,80813E,V02C_MATRIX_PLUS_PINNED_MESEN_CPU_SOURCE_ORDER_NO_GAMEPLAY
V05C000065,80:8140:E0M1X1,04040A03,80,8140,0,1,1,8D,STA,ABS,3,8D0121,NATIVE_BODY,NATIVE_BODY,4,4,NONE,3,0,0,1,0,0,0,0,0,0,LINEAR_BUS_SEQUENCE,,00000000,002101,808140,V02C_MATRIX_PLUS_PINNED_MESEN_CPU_SOURCE_ORDER_NO_GAMEPLAY
V05C000066,80:8143:E0M1X1,04040A1B,80,8143,0,1,1,A9,LDA,IMM_M,2,A901,NATIVE_BODY,NATIVE_BODY,2,2,NONE,2,0,0,0,0,0,0,0,0,0,LINEAR_BUS_SEQUENCE,,00000000,000001,808143,V02C_MATRIX_PLUS_PINNED_MESEN_CPU_SOURCE_ORDER_NO_GAMEPLAY
V05C000067,80:8145:E0M1X1,04040A2B,80,8145,0,1,1,8D,STA,ABS,3,8D0721,NATIVE_BODY,NATIVE_BODY,4,4,NONE,3,0,0,1,0,0,0,0,0,0,LINEAR_BUS_SEQUENCE,,00000000,002107,808145,V02C_MATRIX_PLUS_PINNED_MESEN_CPU_SOURCE_ORDER_NO_GAMEPLAY
V05C000068,80:8148:E0M1X1,04040A43,80,8148,0,1,1,A9,LDA,IMM_M,2,A911,NATIVE_BODY,NATIVE_BODY,2,2,NONE,2,0,0,0,0,0,0,0,0,0,LINEAR_BUS_SEQUENCE,,00000000,000011,808148,V02C_MATRIX_PLUS_PINNED_MESEN_CPU_SOURCE_ORDER_NO_GAMEPLAY
V05C000069,80:814A:E0M1X1,04040A53,80,814A,0,1,1,8D,STA,ABS,3,8D0821,NATIVE_BODY,NATIVE_BODY,4,4,NONE,3,0,0,1,0,0,0,0,0,0,LINEAR_BUS_SEQUENCE,,00000000,002108,80814A,V02C_MATRIX_PLUS_PINNED_MESEN_CPU_SOURCE_ORDER_NO_GAMEPLAY
V05C000070,80:814D:E0M1X1,04040A6B,80,814D,0,1,1,A9,LDA,IMM_M,2,A93D,NATIVE_BODY,NATIVE_BODY,2,2,NONE,2,0,0,0,0,0,0,0,0,0,LINEAR_BUS_SEQUENCE,,00000000,00003D,80814D,V02C_MATRIX_PLUS_PINNED_MESEN_CPU_SOURCE_ORDER_NO_GAMEPLAY
V05C000071,80:814F:E0M1X1,04040A7B,80,814F,0,1,1,8D,STA,ABS,3,8D0921,NATIVE_BODY,NATIVE_BODY,4,4,NONE,3,0,0,1,0,0,0,0,0,0,LINEAR_BUS_SEQUENCE,,00000000,002109,80814F,V02C_MATRIX_PLUS_PINNED_MESEN_CPU_SOURCE_ORDER_NO_GAMEPLAY
V05C000072,80:8152:E0M1X1,04040A93,80,8152,0,1,1,A9,LDA,IMM_M,2,A944,NATIVE_BODY,NATIVE_BODY,2,2,NONE,2,0,0,0,0,0,0,0,0,0,LINEAR_BUS_SEQUENCE,,00000000,000044,808152,V02C_MATRIX_PLUS_PINNED_MESEN_CPU_SOURCE_ORDER_NO_GAMEPLAY
V05C000073,80:8154:E0M1X1,04040AA3,80,8154,0,1,1,8D,STA,ABS,3,8D0B21,NATIVE_BODY,NATIVE_BODY,4,4,NONE,3,0,0,1,0,0,0,0,0,0,LINEAR_BUS_SEQUENCE,,00000000,00210B,808154,V02C_MATRIX_PLUS_PINNED_MESEN_CPU_SOURCE_ORDER_NO_GAMEPLAY
V05C000074,80:8157:E0M1X1,04040ABB,80,8157,0,1,1,A9,LDA,IMM_M,2,A903,NATIVE_BODY,NATIVE_BODY,2,2,NONE,2,0,0,0,0,0,0,0,0,0,LINEAR_BUS_SEQUENCE,,00000000,000003,808157,V02C_MATRIX_PLUS_PINNED_MESEN_CPU_SOURCE_ORDER_NO_GAMEPLAY
V05C000075,80:8159:E0M1X1,04040ACB,80,8159,0,1,1,8D,STA,ABS,3,8D0C21,NATIVE_BODY,NATIVE_BODY,4,4,NONE,3,0,0,1,0,0,0,0,0,0,LINEAR_BUS_SEQUENCE,,00000000,00210C,808159,V02C_MATRIX_PLUS_PINNED_MESEN_CPU_SOURCE_ORDER_NO_GAMEPLAY
V05C000076,80:815C:E0M1X1,04040AE3,80,815C,0,1,1,A9,LDA,IMM_M,2,A917,NATIVE_BODY,NATIVE_BODY,2,2,NONE,2,0,0,0,0,0,0,0,0,0,LINEAR_BUS_SEQUENCE,,00000000,000017,80815C,V02C_MATRIX_PLUS_PINNED_MESEN_CPU_SOURCE_ORDER_NO_GAMEPLAY
V05C000077,80:815E:E0M1X1,04040AF3,80,815E,0,1,1,8D,STA,ABS,3,8D2C21,NATIVE_BODY,NATIVE_BODY,4,4,NONE,3,0,0,1,0,0,0,0,0,0,LINEAR_BUS_SEQUENCE,,00000000,00212C,80815E,V02C_MATRIX_PLUS_PINNED_MESEN_CPU_SOURCE_ORDER_NO_GAMEPLAY
V05C000078,80:8161:E0M1X1,04040B0B,80,8161,0,1,1,9C,STZ,ABS,3,9C2D21,NATIVE_BODY,NATIVE_BODY,4,4,NONE,3,0,0,1,0,0,0,0,0,0,LINEAR_BUS_SEQUENCE,,00000000,00212D,808161,V02C_MATRIX_PLUS_PINNED_MESEN_CPU_SOURCE_ORDER_NO_GAMEPLAY
V05C000079,80:8164:E0M1X1,04040B23,80,8164,0,1,1,58,CLI,IMP,1,58,NATIVE_BODY,NATIVE_BODY,2,2,NONE,1,0,0,0,0,0,0,0,1,0,FIXED_IDLE_SEQUENCE,IMPLIED_PRE_IDLE,00000800,000000,808164,V02C_MATRIX_PLUS_PINNED_MESEN_CPU_SOURCE_ORDER_NO_GAMEPLAY
V05C000080,80:8165:E0M1X1,04040B2B,80,8165,0,1,1,60,RTS,IMP,1,60,NATIVE_BODY,NATIVE_BODY,6,6,NONE,1,0,0,0,0,2,0,0,3,0,RETURN_SEQUENCE,RETURN_PRE_IDLE;RETURN_PRE_IDLE;RTS_POST_POP_IDLE,00000180,000000,808165,V02C_MATRIX_PLUS_PINNED_MESEN_CPU_SOURCE_ORDER_NO_GAMEPLAY
V05C000081,80:816A:E0M0X0,04040B50,80,816A,0,0,0,8B,PHB,IMP,1,8B,NATIVE_BODY,NATIVE_BODY,3,3,NONE,1,0,0,0,0,0,1,0,1,0,FIXED_IDLE_SEQUENCE,PUSH_PRE_IDLE,00000200,000000,80816A,V02C_MATRIX_PLUS_PINNED_MESEN_CPU_SOURCE_ORDER_NO_GAMEPLAY
V05C000082,80:816A:E0M0X1,04040B51,80,816A,0,0,1,8B,PHB,IMP,1,8B,NATIVE_BODY,NATIVE_BODY,3,3,NONE,1,0,0,0,0,0,1,0,1,0,FIXED_IDLE_SEQUENCE,PUSH_PRE_IDLE,00000200,000000,80816A,V02C_MATRIX_PLUS_PINNED_MESEN_CPU_SOURCE_ORDER_NO_GAMEPLAY
V05C000083,80:816A:E0M1X0,04040B52,80,816A,0,1,0,8B,PHB,IMP,1,8B,NATIVE_BODY,NATIVE_BODY,3,3,NONE,1,0,0,0,0,0,1,0,1,0,FIXED_IDLE_SEQUENCE,PUSH_PRE_IDLE,00000200,000000,80816A,V02C_MATRIX_PLUS_PINNED_MESEN_CPU_SOURCE_ORDER_NO_GAMEPLAY
V05C000084,80:816A:E0M1X1,04040B53,80,816A,0,1,1,8B,PHB,IMP,1,8B,NATIVE_BODY,NATIVE_BODY,3,3,NONE,1,0,0,0,0,0,1,0,1,0,FIXED_IDLE_SEQUENCE,PUSH_PRE_IDLE,00000200,000000,80816A,V02C_MATRIX_PLUS_PINNED_MESEN_CPU_SOURCE_ORDER_NO_GAMEPLAY
V05C000085,80:816A:E1M1X1,04040B57,80,816A,1,1,1,8B,PHB,IMP,1,8B,NATIVE_BODY,NATIVE_BODY,3,3,NONE,1,0,0,0,0,0,1,0,1,0,FIXED_IDLE_SEQUENCE,PUSH_PRE_IDLE,00000200,000000,80816A,V02C_MATRIX_PLUS_PINNED_MESEN_CPU_SOURCE_ORDER_NO_GAMEPLAY
V05C000086,80:816B:E0M0X0,04040B58,80,816B,0,0,0,4B,PHK,IMP,1,4B,NATIVE_BODY,NATIVE_BODY,3,3,NONE,1,0,0,0,0,0,1,0,1,0,FIXED_IDLE_SEQUENCE,PUSH_PRE_IDLE,00000200,000000,80816B,V02C_MATRIX_PLUS_PINNED_MESEN_CPU_SOURCE_ORDER_NO_GAMEPLAY
V05C000087,80:816B:E0M0X1,04040B59,80,816B,0,0,1,4B,PHK,IMP,1,4B,NATIVE_BODY,NATIVE_BODY,3,3,NONE,1,0,0,0,0,0,1,0,1,0,FIXED_IDLE_SEQUENCE,PUSH_PRE_IDLE,00000200,000000,80816B,V02C_MATRIX_PLUS_PINNED_MESEN_CPU_SOURCE_ORDER_NO_GAMEPLAY
V05C000088,80:816B:E0M1X0,04040B5A,80,816B,0,1,0,4B,PHK,IMP,1,4B,NATIVE_BODY,NATIVE_BODY,3,3,NONE,1,0,0,0,0,0,1,0,1,0,FIXED_IDLE_SEQUENCE,PUSH_PRE_IDLE,00000200,000000,80816B,V02C_MATRIX_PLUS_PINNED_MESEN_CPU_SOURCE_ORDER_NO_GAMEPLAY
V05C000089,80:816B:E0M1X1,04040B5B,80,816B,0,1,1,4B,PHK,IMP,1,4B,NATIVE_BODY,NATIVE_BODY,3,3,NONE,1,0,0,0,0,0,1,0,1,0,FIXED_IDLE_SEQUENCE,PUSH_PRE_IDLE,00000200,000000,80816B,V02C_MATRIX_PLUS_PINNED_MESEN_CPU_SOURCE_ORDER_NO_GAMEPLAY
V05C000090,80:816B:E1M1X1,04040B5F,80,816B,1,1,1,4B,PHK,IMP,1,4B,NATIVE_BODY,NATIVE_BODY,3,3,NONE,1,0,0,0,0,0,1,0,1,0,FIXED_IDLE_SEQUENCE,PUSH_PRE_IDLE,00000200,000000,80816B,V02C_MATRIX_PLUS_PINNED_MESEN_CPU_SOURCE_ORDER_NO_GAMEPLAY
V05C000091,80:816C:E0M0X0,04040B60,80,816C,0,0,0,AB,PLB,IMP,1,AB,NATIVE_BODY,NATIVE_BODY,4,4,NONE,1,0,0,0,0,1,0,0,2,0,FIXED_IDLE_SEQUENCE,PULL_PRE_IDLE;PULL_PRE_IDLE,00000400,000000,80816C,V02C_MATRIX_PLUS_PINNED_MESEN_CPU_SOURCE_ORDER_NO_GAMEPLAY
V05C000092,80:816C:E0M0X1,04040B61,80,816C,0,0,1,AB,PLB,IMP,1,AB,NATIVE_BODY,NATIVE_BODY,4,4,NONE,1,0,0,0,0,1,0,0,2,0,FIXED_IDLE_SEQUENCE,PULL_PRE_IDLE;PULL_PRE_IDLE,00000400,000000,80816C,V02C_MATRIX_PLUS_PINNED_MESEN_CPU_SOURCE_ORDER_NO_GAMEPLAY
V05C000093,80:816C:E0M1X0,04040B62,80,816C,0,1,0,AB,PLB,IMP,1,AB,NATIVE_BODY,NATIVE_BODY,4,4,NONE,1,0,0,0,0,1,0,0,2,0,FIXED_IDLE_SEQUENCE,PULL_PRE_IDLE;PULL_PRE_IDLE,00000400,000000,80816C,V02C_MATRIX_PLUS_PINNED_MESEN_CPU_SOURCE_ORDER_NO_GAMEPLAY
V05C000094,80:816C:E0M1X1,04040B63,80,816C,0,1,1,AB,PLB,IMP,1,AB,NATIVE_BODY,NATIVE_BODY,4,4,NONE,1,0,0,0,0,1,0,0,2,0,FIXED_IDLE_SEQUENCE,PULL_PRE_IDLE;PULL_PRE_IDLE,00000400,000000,80816C,V02C_MATRIX_PLUS_PINNED_MESEN_CPU_SOURCE_ORDER_NO_GAMEPLAY
V05C000095,80:816C:E1M1X1,04040B67,80,816C,1,1,1,AB,PLB,IMP,1,AB,NATIVE_BODY,NATIVE_BODY,4,4,NONE,1,0,0,0,0,1,0,0,2,0,FIXED_IDLE_SEQUENCE,PULL_PRE_IDLE;PULL_PRE_IDLE,00000400,000000,80816C,V02C_MATRIX_PLUS_PINNED_MESEN_CPU_SOURCE_ORDER_NO_GAMEPLAY
V05C000096,80:816D:E0M0X0,04040B68,80,816D,0,0,0,C2,REP,IMM8,2,C230,NATIVE_BODY,NATIVE_BODY,3,3,NONE,2,0,0,0,0,0,0,0,1,0,FIXED_IDLE_SEQUENCE,STATUS_PRE_IDLE,00002000,000030,80816D,V02C_MATRIX_PLUS_PINNED_MESEN_CPU_SOURCE_ORDER_NO_GAMEPLAY
V05C000097,80:816D:E0M0X1,04040B69,80,816D,0,0,1,C2,REP,IMM8,2,C230,NATIVE_BODY,NATIVE_BODY,3,3,NONE,2,0,0,0,0,0,0,0,1,0,FIXED_IDLE_SEQUENCE,STATUS_PRE_IDLE,00002000,000030,80816D,V02C_MATRIX_PLUS_PINNED_MESEN_CPU_SOURCE_ORDER_NO_GAMEPLAY
V05C000098,80:816D:E0M1X0,04040B6A,80,816D,0,1,0,C2,REP,IMM8,2,C230,NATIVE_BODY,NATIVE_BODY,3,3,NONE,2,0,0,0,0,0,0,0,1,0,FIXED_IDLE_SEQUENCE,STATUS_PRE_IDLE,00002000,000030,80816D,V02C_MATRIX_PLUS_PINNED_MESEN_CPU_SOURCE_ORDER_NO_GAMEPLAY
V05C000099,80:816D:E0M1X1,04040B6B,80,816D,0,1,1,C2,REP,IMM8,2,C230,NATIVE_BODY,NATIVE_BODY,3,3,NONE,2,0,0,0,0,0,0,0,1,0,FIXED_IDLE_SEQUENCE,STATUS_PRE_IDLE,00002000,000030,80816D,V02C_MATRIX_PLUS_PINNED_MESEN_CPU_SOURCE_ORDER_NO_GAMEPLAY
V05C000100,80:816D:E1M1X1,04040B6F,80,816D,1,1,1,C2,REP,IMM8,2,C230,NATIVE_BODY,NATIVE_BODY,3,3,NONE,2,0,0,0,0,0,0,0,1,0,FIXED_IDLE_SEQUENCE,STATUS_PRE_IDLE,00002000,000030,80816D,V02C_MATRIX_PLUS_PINNED_MESEN_CPU_SOURCE_ORDER_NO_GAMEPLAY
V05C000101,80:816F:E0M0X0,04040B78,80,816F,0,0,0,85,STA,DP,2,852A,NATIVE_BODY,NATIVE_BODY,4,5,DIRECT_LOW_NONZERO:+1,2,0,0,2,0,0,0,0,0,1,DIRECT_SEQUENCE,DYN_DIRECT_LOW_PRE_IDLE,00000001,00002A,80816F,V02C_MATRIX_PLUS_PINNED_MESEN_CPU_SOURCE_ORDER_NO_GAMEPLAY
V05C000102,80:816F:E1M1X1,04040B7F,80,816F,1,1,1,85,STA,DP,2,852A,NATIVE_BODY,NATIVE_BODY,3,4,DIRECT_LOW_NONZERO:+1,2,0,0,1,0,0,0,0,0,1,DIRECT_SEQUENCE,DYN_DIRECT_LOW_PRE_IDLE,00000001,00002A,80816F,V02C_MATRIX_PLUS_PINNED_MESEN_CPU_SOURCE_ORDER_NO_GAMEPLAY
V05C000103,80:8171:E0M0X0,04040B88,80,8171,0,0,0,86,STX,DP,2,862C,NATIVE_BODY,NATIVE_BODY,4,5,DIRECT_LOW_NONZERO:+1,2,0,0,2,0,0,0,0,0,1,DIRECT_SEQUENCE,DYN_DIRECT_LOW_PRE_IDLE,00000001,00002C,808171,V02C_MATRIX_PLUS_PINNED_MESEN_CPU_SOURCE_ORDER_NO_GAMEPLAY
V05C000104,80:8171:E1M1X1,04040B8F,80,8171,1,1,1,86,STX,DP,2,862C,NATIVE_BODY,NATIVE_BODY,3,4,DIRECT_LOW_NONZERO:+1,2,0,0,1,0,0,0,0,0,1,DIRECT_SEQUENCE,DYN_DIRECT_LOW_PRE_IDLE,00000001,00002C,808171,V02C_MATRIX_PLUS_PINNED_MESEN_CPU_SOURCE_ORDER_NO_GAMEPLAY
V05C000105,80:8173:E0M0X0,04040B98,80,8173,0,0,0,84,STY,DP,2,842E,NATIVE_BODY,NATIVE_BODY,4,5,DIRECT_LOW_NONZERO:+1,2,0,0,2,0,0,0,0,0,1,DIRECT_SEQUENCE,DYN_DIRECT_LOW_PRE_IDLE,00000001,00002E,808173,V02C_MATRIX_PLUS_PINNED_MESEN_CPU_SOURCE_ORDER_NO_GAMEPLAY
V05C000106,80:8173:E1M1X1,04040B9F,80,8173,1,1,1,84,STY,DP,2,842E,NATIVE_BODY,NATIVE_BODY,3,4,DIRECT_LOW_NONZERO:+1,2,0,0,1,0,0,0,0,0,1,DIRECT_SEQUENCE,DYN_DIRECT_LOW_PRE_IDLE,00000001,00002E,808173,V02C_MATRIX_PLUS_PINNED_MESEN_CPU_SOURCE_ORDER_NO_GAMEPLAY
V05C000107,80:8175:E0M0X0,04040BA8,80,8175,0,0,0,E2,SEP,IMM8,2,E230,NATIVE_BODY,NATIVE_BODY,3,3,NONE,2,0,0,0,0,0,0,0,1,0,FIXED_IDLE_SEQUENCE,STATUS_PRE_IDLE,00002000,000030,808175,V02C_MATRIX_PLUS_PINNED_MESEN_CPU_SOURCE_ORDER_NO_GAMEPLAY
V05C000108,80:8175:E1M1X1,04040BAF,80,8175,1,1,1,E2,SEP,IMM8,2,E230,NATIVE_BODY,NATIVE_BODY,3,3,NONE,2,0,0,0,0,0,0,0,1,0,FIXED_IDLE_SEQUENCE,STATUS_PRE_IDLE,00002000,000030,808175,V02C_MATRIX_PLUS_PINNED_MESEN_CPU_SOURCE_ORDER_NO_GAMEPLAY
V05C000109,80:8177:E0M1X1,04040BBB,80,8177,0,1,1,AD,LDA,ABS,3,AD1042,NATIVE_BODY,NATIVE_BODY,4,4,NONE,3,0,1,0,0,0,0,0,0,0,LINEAR_BUS_SEQUENCE,,00000000,004210,808177,V02C_MATRIX_PLUS_PINNED_MESEN_CPU_SOURCE_ORDER_NO_GAMEPLAY
V05C000110,80:8177:E1M1X1,04040BBF,80,8177,1,1,1,AD,LDA,ABS,3,AD1042,NATIVE_BODY,NATIVE_BODY,4,4,NONE,3,0,1,0,0,0,0,0,0,0,LINEAR_BUS_SEQUENCE,,00000000,004210,808177,V02C_MATRIX_PLUS_PINNED_MESEN_CPU_SOURCE_ORDER_NO_GAMEPLAY
V05C000111,80:817A:E0M1X1,04040BD3,80,817A,0,1,1,29,AND,IMM_M,2,2980,NATIVE_BODY,NATIVE_BODY,2,2,NONE,2,0,0,0,0,0,0,0,0,0,LINEAR_BUS_SEQUENCE,,00000000,000080,80817A,V02C_MATRIX_PLUS_PINNED_MESEN_CPU_SOURCE_ORDER_NO_GAMEPLAY
V05C000112,80:817A:E1M1X1,04040BD7,80,817A,1,1,1,29,AND,IMM_M,2,2980,NATIVE_BODY,NATIVE_BODY,2,2,NONE,2,0,0,0,0,0,0,0,0,0,LINEAR_BUS_SEQUENCE,,00000000,000080,80817A,V02C_MATRIX_PLUS_PINNED_MESEN_CPU_SOURCE_ORDER_NO_GAMEPLAY
V05C000113,80:817C:E0M1X1,04040BE3,80,817C,0,1,1,F0,BEQ,REL8,2,F00C,NATIVE_BODY,NATIVE_BODY,2,3,BRANCH_TAKEN:+1,2,0,0,0,0,0,0,0,0,1,BRANCH_SEQUENCE,DYN_BRANCH_TAKEN_POST_IDLE,00000004,00000C,80817C,V02C_MATRIX_PLUS_PINNED_MESEN_CPU_SOURCE_ORDER_NO_GAMEPLAY
V05C000114,80:817C:E1M1X1,04040BE7,80,817C,1,1,1,F0,BEQ,REL8,2,F00C,NATIVE_BODY,NATIVE_BODY,2,4,BRANCH_TAKEN:+1;BRANCH_PAGE_CROSS_EMULATION:+1,2,0,0,0,0,0,0,0,0,2,BRANCH_SEQUENCE,DYN_BRANCH_TAKEN_POST_IDLE;DYN_BRANCH_PAGE_POST_IDLE,0000000C,00000C,80817C,V02C_MATRIX_PLUS_PINNED_MESEN_CPU_SOURCE_ORDER_NO_GAMEPLAY
V05C000115,80:817E:E0M1X1,04040BF3,80,817E,0,1,1,AE,LDX,ABS,3,AE5503,NATIVE_BODY,NATIVE_BODY,4,4,NONE,3,0,1,0,0,0,0,0,0,0,LINEAR_BUS_SEQUENCE,,00000000,000355,80817E,V02C_MATRIX_PLUS_PINNED_MESEN_CPU_SOURCE_ORDER_NO_GAMEPLAY
V05C000116,80:817E:E1M1X1,04040BF7,80,817E,1,1,1,AE,LDX,ABS,3,AE5503,NATIVE_BODY,NATIVE_BODY,4,4,NONE,3,0,1,0,0,0,0,0,0,0,LINEAR_BUS_SEQUENCE,,00000000,000355,80817E,V02C_MATRIX_PLUS_PINNED_MESEN_CPU_SOURCE_ORDER_NO_GAMEPLAY
V05C000117,80:8181:E0M1X1,04040C0B,80,8181,0,1,1,FC,JSR,ABS_X_IND,3,FC9781,NAMED_BOUNDARY,NAMED_BOUNDARY,8,8,NONE,3,2,0,0,0,0,2,0,0,0,BOUNDARY_NO_EXECUTION,BOUNDARY_NO_EXECUTION,00000000,008197,808181,V02C_MATRIX_PLUS_PINNED_MESEN_CPU_SOURCE_ORDER_NO_GAMEPLAY
V05C000118,80:8181:E1M1X1,04040C0F,80,8181,1,1,1,FC,JSR,ABS_X_IND,3,FC9781,NAMED_BOUNDARY,NAMED_BOUNDARY,8,8,NONE,3,2,0,0,0,0,2,0,0,0,BOUNDARY_NO_EXECUTION,BOUNDARY_NO_EXECUTION,00000000,008197,808181,V02C_MATRIX_PLUS_PINNED_MESEN_CPU_SOURCE_ORDER_NO_GAMEPLAY
V05C000119,80:818A:E0M1X1,04040C53,80,818A,0,1,1,C2,REP,IMM8,2,C230,NATIVE_BODY,NATIVE_BODY,3,3,NONE,2,0,0,0,0,0,0,0,1,0,FIXED_IDLE_SEQUENCE,STATUS_PRE_IDLE,00002000,000030,80818A,V02C_MATRIX_PLUS_PINNED_MESEN_CPU_SOURCE_ORDER_NO_GAMEPLAY
V05C000120,80:818A:E1M1X1,04040C57,80,818A,1,1,1,C2,REP,IMM8,2,C230,NATIVE_BODY,NATIVE_BODY,3,3,NONE,2,0,0,0,0,0,0,0,1,0,FIXED_IDLE_SEQUENCE,STATUS_PRE_IDLE,00002000,000030,80818A,V02C_MATRIX_PLUS_PINNED_MESEN_CPU_SOURCE_ORDER_NO_GAMEPLAY
V05C000121,80:818C:E0M0X0,04040C60,80,818C,0,0,0,EE,INC,ABS,3,EE7E12,NATIVE_BODY,NATIVE_BODY,8,8,NONE,3,0,2,2,0,0,0,0,1,0,RMW_SEQUENCE,RMW_INTERMEDIATE_IDLE,00010000,00127E,80818C,V02C_MATRIX_PLUS_PINNED_MESEN_CPU_SOURCE_ORDER_NO_GAMEPLAY
V05C000122,80:818C:E1M1X1,04040C67,80,818C,1,1,1,EE,INC,ABS,3,EE7E12,NATIVE_BODY,NATIVE_BODY,6,6,NONE,3,0,1,1,1,0,0,0,0,0,LINEAR_BUS_SEQUENCE,,00000000,00127E,80818C,V02C_MATRIX_PLUS_PINNED_MESEN_CPU_SOURCE_ORDER_NO_GAMEPLAY
V05C000123,80:818F:E0M0X0,04040C78,80,818F,0,0,0,A5,LDA,DP,2,A52A,NATIVE_BODY,NATIVE_BODY,4,5,DIRECT_LOW_NONZERO:+1,2,0,2,0,0,0,0,0,0,1,DIRECT_SEQUENCE,DYN_DIRECT_LOW_PRE_IDLE,00000001,00002A,80818F,V02C_MATRIX_PLUS_PINNED_MESEN_CPU_SOURCE_ORDER_NO_GAMEPLAY
V05C000124,80:818F:E1M1X1,04040C7F,80,818F,1,1,1,A5,LDA,DP,2,A52A,NATIVE_BODY,NATIVE_BODY,3,4,DIRECT_LOW_NONZERO:+1,2,0,1,0,0,0,0,0,0,1,DIRECT_SEQUENCE,DYN_DIRECT_LOW_PRE_IDLE,00000001,00002A,80818F,V02C_MATRIX_PLUS_PINNED_MESEN_CPU_SOURCE_ORDER_NO_GAMEPLAY
V05C000125,80:8191:E0M0X0,04040C88,80,8191,0,0,0,A6,LDX,DP,2,A62C,NATIVE_BODY,NATIVE_BODY,4,5,DIRECT_LOW_NONZERO:+1,2,0,2,0,0,0,0,0,0,1,DIRECT_SEQUENCE,DYN_DIRECT_LOW_PRE_IDLE,00000001,00002C,808191,V02C_MATRIX_PLUS_PINNED_MESEN_CPU_SOURCE_ORDER_NO_GAMEPLAY
V05C000126,80:8191:E1M1X1,04040C8F,80,8191,1,1,1,A6,LDX,DP,2,A62C,NATIVE_BODY,NATIVE_BODY,3,4,DIRECT_LOW_NONZERO:+1,2,0,1,0,0,0,0,0,0,1,DIRECT_SEQUENCE,DYN_DIRECT_LOW_PRE_IDLE,00000001,00002C,808191,V02C_MATRIX_PLUS_PINNED_MESEN_CPU_SOURCE_ORDER_NO_GAMEPLAY
V05C000127,80:8193:E0M0X0,04040C98,80,8193,0,0,0,A4,LDY,DP,2,A42E,NATIVE_BODY,NATIVE_BODY,4,5,DIRECT_LOW_NONZERO:+1,2,0,2,0,0,0,0,0,0,1,DIRECT_SEQUENCE,DYN_DIRECT_LOW_PRE_IDLE,00000001,00002E,808193,V02C_MATRIX_PLUS_PINNED_MESEN_CPU_SOURCE_ORDER_NO_GAMEPLAY
V05C000128,80:8193:E1M1X1,04040C9F,80,8193,1,1,1,A4,LDY,DP,2,A42E,NATIVE_BODY,NATIVE_BODY,3,4,DIRECT_LOW_NONZERO:+1,2,0,1,0,0,0,0,0,0,1,DIRECT_SEQUENCE,DYN_DIRECT_LOW_PRE_IDLE,00000001,00002E,808193,V02C_MATRIX_PLUS_PINNED_MESEN_CPU_SOURCE_ORDER_NO_GAMEPLAY
V05C000129,80:8195:E0M0X0,04040CA8,80,8195,0,0,0,AB,PLB,IMP,1,AB,NATIVE_BODY,NATIVE_BODY,4,4,NONE,1,0,0,0,0,1,0,0,2,0,FIXED_IDLE_SEQUENCE,PULL_PRE_IDLE;PULL_PRE_IDLE,00000400,000000,808195,V02C_MATRIX_PLUS_PINNED_MESEN_CPU_SOURCE_ORDER_NO_GAMEPLAY
V05C000130,80:8195:E1M1X1,04040CAF,80,8195,1,1,1,AB,PLB,IMP,1,AB,NATIVE_BODY,NATIVE_BODY,4,4,NONE,1,0,0,0,0,1,0,0,2,0,FIXED_IDLE_SEQUENCE,PULL_PRE_IDLE;PULL_PRE_IDLE,00000400,000000,808195,V02C_MATRIX_PLUS_PINNED_MESEN_CPU_SOURCE_ORDER_NO_GAMEPLAY
V05C000131,80:8196:E0M0X0,04040CB0,80,8196,0,0,0,40,RTI,IMP,1,40,NAMED_BOUNDARY,SCHEDULER_INTERRUPT_RETURN_BODY,7,7,NONE,1,0,0,0,0,4,0,0,2,0,RETURN_SEQUENCE,RETURN_PRE_IDLE;RETURN_PRE_IDLE,00000080,000000,808196,V02C_MATRIX_PLUS_PINNED_MESEN_CPU_SOURCE_ORDER_NO_GAMEPLAY
V05C000132,80:8196:E1M1X1,04040CB7,80,8196,1,1,1,40,RTI,IMP,1,40,NAMED_BOUNDARY,SCHEDULER_INTERRUPT_RETURN_BODY,6,6,NONE,1,0,0,0,0,3,0,0,2,0,RETURN_SEQUENCE,RETURN_PRE_IDLE;RETURN_PRE_IDLE,00000080,000000,808196,V02C_MATRIX_PLUS_PINNED_MESEN_CPU_SOURCE_ORDER_NO_GAMEPLAY
V05C000133,80:81BF:E0M0X0,04040DF8,80,81BF,0,0,0,40,RTI,IMP,1,40,NAMED_BOUNDARY,SCHEDULER_INTERRUPT_RETURN_BODY,7,7,NONE,1,0,0,0,0,4,0,0,2,0,RETURN_SEQUENCE,RETURN_PRE_IDLE;RETURN_PRE_IDLE,00000080,000000,8081BF,V02C_MATRIX_PLUS_PINNED_MESEN_CPU_SOURCE_ORDER_NO_GAMEPLAY
V05C000134,80:81BF:E0M0X1,04040DF9,80,81BF,0,0,1,40,RTI,IMP,1,40,NAMED_BOUNDARY,SCHEDULER_INTERRUPT_RETURN_BODY,7,7,NONE,1,0,0,0,0,4,0,0,2,0,RETURN_SEQUENCE,RETURN_PRE_IDLE;RETURN_PRE_IDLE,00000080,000000,8081BF,V02C_MATRIX_PLUS_PINNED_MESEN_CPU_SOURCE_ORDER_NO_GAMEPLAY
V05C000135,80:81BF:E0M1X0,04040DFA,80,81BF,0,1,0,40,RTI,IMP,1,40,NAMED_BOUNDARY,SCHEDULER_INTERRUPT_RETURN_BODY,7,7,NONE,1,0,0,0,0,4,0,0,2,0,RETURN_SEQUENCE,RETURN_PRE_IDLE;RETURN_PRE_IDLE,00000080,000000,8081BF,V02C_MATRIX_PLUS_PINNED_MESEN_CPU_SOURCE_ORDER_NO_GAMEPLAY
V05C000136,80:81BF:E0M1X1,04040DFB,80,81BF,0,1,1,40,RTI,IMP,1,40,NAMED_BOUNDARY,SCHEDULER_INTERRUPT_RETURN_BODY,7,7,NONE,1,0,0,0,0,4,0,0,2,0,RETURN_SEQUENCE,RETURN_PRE_IDLE;RETURN_PRE_IDLE,00000080,000000,8081BF,V02C_MATRIX_PLUS_PINNED_MESEN_CPU_SOURCE_ORDER_NO_GAMEPLAY
V05C000137,80:81BF:E1M1X1,04040DFF,80,81BF,1,1,1,40,RTI,IMP,1,40,NAMED_BOUNDARY,SCHEDULER_INTERRUPT_RETURN_BODY,6,6,NONE,1,0,0,0,0,3,0,0,2,0,RETURN_SEQUENCE,RETURN_PRE_IDLE;RETURN_PRE_IDLE,00000080,000000,8081BF,V02C_MATRIX_PLUS_PINNED_MESEN_CPU_SOURCE_ORDER_NO_GAMEPLAY
V05C000138,80:8201:E0M0X0,04041008,80,8201,0,0,0,08,PHP,IMP,1,08,NATIVE_BODY,NATIVE_BODY,3,3,NONE,1,0,0,0,0,0,1,0,1,0,FIXED_IDLE_SEQUENCE,PUSH_PRE_IDLE,00000200,000000,808201,V02C_MATRIX_PLUS_PINNED_MESEN_CPU_SOURCE_ORDER_NO_GAMEPLAY
V05C000139,80:8201:E0M0X1,04041009,80,8201,0,0,1,08,PHP,IMP,1,08,NATIVE_BODY,NATIVE_BODY,3,3,NONE,1,0,0,0,0,0,1,0,1,0,FIXED_IDLE_SEQUENCE,PUSH_PRE_IDLE,00000200,000000,808201,V02C_MATRIX_PLUS_PINNED_MESEN_CPU_SOURCE_ORDER_NO_GAMEPLAY
V05C000140,80:8201:E0M1X0,0404100A,80,8201,0,1,0,08,PHP,IMP,1,08,NATIVE_BODY,NATIVE_BODY,3,3,NONE,1,0,0,0,0,0,1,0,1,0,FIXED_IDLE_SEQUENCE,PUSH_PRE_IDLE,00000200,000000,808201,V02C_MATRIX_PLUS_PINNED_MESEN_CPU_SOURCE_ORDER_NO_GAMEPLAY
V05C000141,80:8201:E0M1X1,0404100B,80,8201,0,1,1,08,PHP,IMP,1,08,NATIVE_BODY,NATIVE_BODY,3,3,NONE,1,0,0,0,0,0,1,0,1,0,FIXED_IDLE_SEQUENCE,PUSH_PRE_IDLE,00000200,000000,808201,V02C_MATRIX_PLUS_PINNED_MESEN_CPU_SOURCE_ORDER_NO_GAMEPLAY
V05C000142,80:8201:E1M1X1,0404100F,80,8201,1,1,1,08,PHP,IMP,1,08,NATIVE_BODY,NATIVE_BODY,3,3,NONE,1,0,0,0,0,0,1,0,1,0,FIXED_IDLE_SEQUENCE,PUSH_PRE_IDLE,00000200,000000,808201,V02C_MATRIX_PLUS_PINNED_MESEN_CPU_SOURCE_ORDER_NO_GAMEPLAY
V05C000143,80:8202:E0M0X0,04041010,80,8202,0,0,0,D8,CLD,IMP,1,D8,NATIVE_BODY,NATIVE_BODY,2,2,NONE,1,0,0,0,0,0,0,0,1,0,FIXED_IDLE_SEQUENCE,IMPLIED_PRE_IDLE,00000800,000000,808202,V02C_MATRIX_PLUS_PINNED_MESEN_CPU_SOURCE_ORDER_NO_GAMEPLAY
V05C000144,80:8202:E0M0X1,04041011,80,8202,0,0,1,D8,CLD,IMP,1,D8,NATIVE_BODY,NATIVE_BODY,2,2,NONE,1,0,0,0,0,0,0,0,1,0,FIXED_IDLE_SEQUENCE,IMPLIED_PRE_IDLE,00000800,000000,808202,V02C_MATRIX_PLUS_PINNED_MESEN_CPU_SOURCE_ORDER_NO_GAMEPLAY
V05C000145,80:8202:E0M1X0,04041012,80,8202,0,1,0,D8,CLD,IMP,1,D8,NATIVE_BODY,NATIVE_BODY,2,2,NONE,1,0,0,0,0,0,0,0,1,0,FIXED_IDLE_SEQUENCE,IMPLIED_PRE_IDLE,00000800,000000,808202,V02C_MATRIX_PLUS_PINNED_MESEN_CPU_SOURCE_ORDER_NO_GAMEPLAY
V05C000146,80:8202:E0M1X1,04041013,80,8202,0,1,1,D8,CLD,IMP,1,D8,NATIVE_BODY,NATIVE_BODY,2,2,NONE,1,0,0,0,0,0,0,0,1,0,FIXED_IDLE_SEQUENCE,IMPLIED_PRE_IDLE,00000800,000000,808202,V02C_MATRIX_PLUS_PINNED_MESEN_CPU_SOURCE_ORDER_NO_GAMEPLAY
V05C000147,80:8202:E1M1X1,04041017,80,8202,1,1,1,D8,CLD,IMP,1,D8,NATIVE_BODY,NATIVE_BODY,2,2,NONE,1,0,0,0,0,0,0,0,1,0,FIXED_IDLE_SEQUENCE,IMPLIED_PRE_IDLE,00000800,000000,808202,V02C_MATRIX_PLUS_PINNED_MESEN_CPU_SOURCE_ORDER_NO_GAMEPLAY
V05C000148,80:8203:E0M0X0,04041018,80,8203,0,0,0,8B,PHB,IMP,1,8B,NATIVE_BODY,NATIVE_BODY,3,3,NONE,1,0,0,0,0,0,1,0,1,0,FIXED_IDLE_SEQUENCE,PUSH_PRE_IDLE,00000200,000000,808203,V02C_MATRIX_PLUS_PINNED_MESEN_CPU_SOURCE_ORDER_NO_GAMEPLAY
V05C000149,80:8203:E0M0X1,04041019,80,8203,0,0,1,8B,PHB,IMP,1,8B,NATIVE_BODY,NATIVE_BODY,3,3,NONE,1,0,0,0,0,0,1,0,1,0,FIXED_IDLE_SEQUENCE,PUSH_PRE_IDLE,00000200,000000,808203,V02C_MATRIX_PLUS_PINNED_MESEN_CPU_SOURCE_ORDER_NO_GAMEPLAY
V05C000150,80:8203:E0M1X0,0404101A,80,8203,0,1,0,8B,PHB,IMP,1,8B,NATIVE_BODY,NATIVE_BODY,3,3,NONE,1,0,0,0,0,0,1,0,1,0,FIXED_IDLE_SEQUENCE,PUSH_PRE_IDLE,00000200,000000,808203,V02C_MATRIX_PLUS_PINNED_MESEN_CPU_SOURCE_ORDER_NO_GAMEPLAY
V05C000151,80:8203:E0M1X1,0404101B,80,8203,0,1,1,8B,PHB,IMP,1,8B,NATIVE_BODY,NATIVE_BODY,3,3,NONE,1,0,0,0,0,0,1,0,1,0,FIXED_IDLE_SEQUENCE,PUSH_PRE_IDLE,00000200,000000,808203,V02C_MATRIX_PLUS_PINNED_MESEN_CPU_SOURCE_ORDER_NO_GAMEPLAY
V05C000152,80:8203:E1M1X1,0404101F,80,8203,1,1,1,8B,PHB,IMP,1,8B,NATIVE_BODY,NATIVE_BODY,3,3,NONE,1,0,0,0,0,0,1,0,1,0,FIXED_IDLE_SEQUENCE,PUSH_PRE_IDLE,00000200,000000,808203,V02C_MATRIX_PLUS_PINNED_MESEN_CPU_SOURCE_ORDER_NO_GAMEPLAY
V05C000153,80:8204:E0M0X0,04041020,80,8204,0,0,0,4B,PHK,IMP,1,4B,NATIVE_BODY,NATIVE_BODY,3,3,NONE,1,0,0,0,0,0,1,0,1,0,FIXED_IDLE_SEQUENCE,PUSH_PRE_IDLE,00000200,000000,808204,V02C_MATRIX_PLUS_PINNED_MESEN_CPU_SOURCE_ORDER_NO_GAMEPLAY
V05C000154,80:8204:E0M0X1,04041021,80,8204,0,0,1,4B,PHK,IMP,1,4B,NATIVE_BODY,NATIVE_BODY,3,3,NONE,1,0,0,0,0,0,1,0,1,0,FIXED_IDLE_SEQUENCE,PUSH_PRE_IDLE,00000200,000000,808204,V02C_MATRIX_PLUS_PINNED_MESEN_CPU_SOURCE_ORDER_NO_GAMEPLAY
V05C000155,80:8204:E0M1X0,04041022,80,8204,0,1,0,4B,PHK,IMP,1,4B,NATIVE_BODY,NATIVE_BODY,3,3,NONE,1,0,0,0,0,0,1,0,1,0,FIXED_IDLE_SEQUENCE,PUSH_PRE_IDLE,00000200,000000,808204,V02C_MATRIX_PLUS_PINNED_MESEN_CPU_SOURCE_ORDER_NO_GAMEPLAY
V05C000156,80:8204:E0M1X1,04041023,80,8204,0,1,1,4B,PHK,IMP,1,4B,NATIVE_BODY,NATIVE_BODY,3,3,NONE,1,0,0,0,0,0,1,0,1,0,FIXED_IDLE_SEQUENCE,PUSH_PRE_IDLE,00000200,000000,808204,V02C_MATRIX_PLUS_PINNED_MESEN_CPU_SOURCE_ORDER_NO_GAMEPLAY
V05C000157,80:8204:E1M1X1,04041027,80,8204,1,1,1,4B,PHK,IMP,1,4B,NATIVE_BODY,NATIVE_BODY,3,3,NONE,1,0,0,0,0,0,1,0,1,0,FIXED_IDLE_SEQUENCE,PUSH_PRE_IDLE,00000200,000000,808204,V02C_MATRIX_PLUS_PINNED_MESEN_CPU_SOURCE_ORDER_NO_GAMEPLAY
V05C000158,80:8205:E0M0X0,04041028,80,8205,0,0,0,AB,PLB,IMP,1,AB,NATIVE_BODY,NATIVE_BODY,4,4,NONE,1,0,0,0,0,1,0,0,2,0,FIXED_IDLE_SEQUENCE,PULL_PRE_IDLE;PULL_PRE_IDLE,00000400,000000,808205,V02C_MATRIX_PLUS_PINNED_MESEN_CPU_SOURCE_ORDER_NO_GAMEPLAY
V05C000159,80:8205:E0M0X1,04041029,80,8205,0,0,1,AB,PLB,IMP,1,AB,NATIVE_BODY,NATIVE_BODY,4,4,NONE,1,0,0,0,0,1,0,0,2,0,FIXED_IDLE_SEQUENCE,PULL_PRE_IDLE;PULL_PRE_IDLE,00000400,000000,808205,V02C_MATRIX_PLUS_PINNED_MESEN_CPU_SOURCE_ORDER_NO_GAMEPLAY
V05C000160,80:8205:E0M1X0,0404102A,80,8205,0,1,0,AB,PLB,IMP,1,AB,NATIVE_BODY,NATIVE_BODY,4,4,NONE,1,0,0,0,0,1,0,0,2,0,FIXED_IDLE_SEQUENCE,PULL_PRE_IDLE;PULL_PRE_IDLE,00000400,000000,808205,V02C_MATRIX_PLUS_PINNED_MESEN_CPU_SOURCE_ORDER_NO_GAMEPLAY
V05C000161,80:8205:E0M1X1,0404102B,80,8205,0,1,1,AB,PLB,IMP,1,AB,NATIVE_BODY,NATIVE_BODY,4,4,NONE,1,0,0,0,0,1,0,0,2,0,FIXED_IDLE_SEQUENCE,PULL_PRE_IDLE;PULL_PRE_IDLE,00000400,000000,808205,V02C_MATRIX_PLUS_PINNED_MESEN_CPU_SOURCE_ORDER_NO_GAMEPLAY
V05C000162,80:8205:E1M1X1,0404102F,80,8205,1,1,1,AB,PLB,IMP,1,AB,NATIVE_BODY,NATIVE_BODY,4,4,NONE,1,0,0,0,0,1,0,0,2,0,FIXED_IDLE_SEQUENCE,PULL_PRE_IDLE;PULL_PRE_IDLE,00000400,000000,808205,V02C_MATRIX_PLUS_PINNED_MESEN_CPU_SOURCE_ORDER_NO_GAMEPLAY
V05C000163,80:8206:E0M0X0,04041030,80,8206,0,0,0,C2,REP,IMM8,2,C230,NATIVE_BODY,NATIVE_BODY,3,3,NONE,2,0,0,0,0,0,0,0,1,0,FIXED_IDLE_SEQUENCE,STATUS_PRE_IDLE,00002000,000030,808206,V02C_MATRIX_PLUS_PINNED_MESEN_CPU_SOURCE_ORDER_NO_GAMEPLAY
V05C000164,80:8206:E0M0X1,04041031,80,8206,0,0,1,C2,REP,IMM8,2,C230,NATIVE_BODY,NATIVE_BODY,3,3,NONE,2,0,0,0,0,0,0,0,1,0,FIXED_IDLE_SEQUENCE,STATUS_PRE_IDLE,00002000,000030,808206,V02C_MATRIX_PLUS_PINNED_MESEN_CPU_SOURCE_ORDER_NO_GAMEPLAY
V05C000165,80:8206:E0M1X0,04041032,80,8206,0,1,0,C2,REP,IMM8,2,C230,NATIVE_BODY,NATIVE_BODY,3,3,NONE,2,0,0,0,0,0,0,0,1,0,FIXED_IDLE_SEQUENCE,STATUS_PRE_IDLE,00002000,000030,808206,V02C_MATRIX_PLUS_PINNED_MESEN_CPU_SOURCE_ORDER_NO_GAMEPLAY
V05C000166,80:8206:E0M1X1,04041033,80,8206,0,1,1,C2,REP,IMM8,2,C230,NATIVE_BODY,NATIVE_BODY,3,3,NONE,2,0,0,0,0,0,0,0,1,0,FIXED_IDLE_SEQUENCE,STATUS_PRE_IDLE,00002000,000030,808206,V02C_MATRIX_PLUS_PINNED_MESEN_CPU_SOURCE_ORDER_NO_GAMEPLAY
V05C000167,80:8206:E1M1X1,04041037,80,8206,1,1,1,C2,REP,IMM8,2,C230,NATIVE_BODY,NATIVE_BODY,3,3,NONE,2,0,0,0,0,0,0,0,1,0,FIXED_IDLE_SEQUENCE,STATUS_PRE_IDLE,00002000,000030,808206,V02C_MATRIX_PLUS_PINNED_MESEN_CPU_SOURCE_ORDER_NO_GAMEPLAY
V05C000168,80:8208:E0M0X0,04041040,80,8208,0,0,0,85,STA,DP,2,852A,NATIVE_BODY,NATIVE_BODY,4,5,DIRECT_LOW_NONZERO:+1,2,0,0,2,0,0,0,0,0,1,DIRECT_SEQUENCE,DYN_DIRECT_LOW_PRE_IDLE,00000001,00002A,808208,V02C_MATRIX_PLUS_PINNED_MESEN_CPU_SOURCE_ORDER_NO_GAMEPLAY
V05C000169,80:8208:E1M1X1,04041047,80,8208,1,1,1,85,STA,DP,2,852A,NATIVE_BODY,NATIVE_BODY,3,4,DIRECT_LOW_NONZERO:+1,2,0,0,1,0,0,0,0,0,1,DIRECT_SEQUENCE,DYN_DIRECT_LOW_PRE_IDLE,00000001,00002A,808208,V02C_MATRIX_PLUS_PINNED_MESEN_CPU_SOURCE_ORDER_NO_GAMEPLAY
V05C000170,80:820A:E0M0X0,04041050,80,820A,0,0,0,86,STX,DP,2,862C,NATIVE_BODY,NATIVE_BODY,4,5,DIRECT_LOW_NONZERO:+1,2,0,0,2,0,0,0,0,0,1,DIRECT_SEQUENCE,DYN_DIRECT_LOW_PRE_IDLE,00000001,00002C,80820A,V02C_MATRIX_PLUS_PINNED_MESEN_CPU_SOURCE_ORDER_NO_GAMEPLAY
V05C000171,80:820A:E1M1X1,04041057,80,820A,1,1,1,86,STX,DP,2,862C,NATIVE_BODY,NATIVE_BODY,3,4,DIRECT_LOW_NONZERO:+1,2,0,0,1,0,0,0,0,0,1,DIRECT_SEQUENCE,DYN_DIRECT_LOW_PRE_IDLE,00000001,00002C,80820A,V02C_MATRIX_PLUS_PINNED_MESEN_CPU_SOURCE_ORDER_NO_GAMEPLAY
V05C000172,80:820C:E0M0X0,04041060,80,820C,0,0,0,84,STY,DP,2,842E,NATIVE_BODY,NATIVE_BODY,4,5,DIRECT_LOW_NONZERO:+1,2,0,0,2,0,0,0,0,0,1,DIRECT_SEQUENCE,DYN_DIRECT_LOW_PRE_IDLE,00000001,00002E,80820C,V02C_MATRIX_PLUS_PINNED_MESEN_CPU_SOURCE_ORDER_NO_GAMEPLAY
V05C000173,80:820C:E1M1X1,04041067,80,820C,1,1,1,84,STY,DP,2,842E,NATIVE_BODY,NATIVE_BODY,3,4,DIRECT_LOW_NONZERO:+1,2,0,0,1,0,0,0,0,0,1,DIRECT_SEQUENCE,DYN_DIRECT_LOW_PRE_IDLE,00000001,00002E,80820C,V02C_MATRIX_PLUS_PINNED_MESEN_CPU_SOURCE_ORDER_NO_GAMEPLAY
V05C000174,80:820E:E0M0X0,04041070,80,820E,0,0,0,E2,SEP,IMM8,2,E230,NATIVE_BODY,NATIVE_BODY,3,3,NONE,2,0,0,0,0,0,0,0,1,0,FIXED_IDLE_SEQUENCE,STATUS_PRE_IDLE,00002000,000030,80820E,V02C_MATRIX_PLUS_PINNED_MESEN_CPU_SOURCE_ORDER_NO_GAMEPLAY
V05C000175,80:820E:E1M1X1,04041077,80,820E,1,1,1,E2,SEP,IMM8,2,E230,NATIVE_BODY,NATIVE_BODY,3,3,NONE,2,0,0,0,0,0,0,0,1,0,FIXED_IDLE_SEQUENCE,STATUS_PRE_IDLE,00002000,000030,80820E,V02C_MATRIX_PLUS_PINNED_MESEN_CPU_SOURCE_ORDER_NO_GAMEPLAY
V05C000176,80:8210:E0M1X1,04041083,80,8210,0,1,1,AD,LDA,ABS,3,AD1142,NATIVE_BODY,NATIVE_BODY,4,4,NONE,3,0,1,0,0,0,0,0,0,0,LINEAR_BUS_SEQUENCE,,00000000,004211,808210,V02C_MATRIX_PLUS_PINNED_MESEN_CPU_SOURCE_ORDER_NO_GAMEPLAY
V05C000177,80:8210:E1M1X1,04041087,80,8210,1,1,1,AD,LDA,ABS,3,AD1142,NATIVE_BODY,NATIVE_BODY,4,4,NONE,3,0,1,0,0,0,0,0,0,0,LINEAR_BUS_SEQUENCE,,00000000,004211,808210,V02C_MATRIX_PLUS_PINNED_MESEN_CPU_SOURCE_ORDER_NO_GAMEPLAY
V05C000178,80:8213:E0M1X1,0404109B,80,8213,0,1,1,29,AND,IMM_M,2,2980,NATIVE_BODY,NATIVE_BODY,2,2,NONE,2,0,0,0,0,0,0,0,0,0,LINEAR_BUS_SEQUENCE,,00000000,000080,808213,V02C_MATRIX_PLUS_PINNED_MESEN_CPU_SOURCE_ORDER_NO_GAMEPLAY
V05C000179,80:8213:E1M1X1,0404109F,80,8213,1,1,1,29,AND,IMM_M,2,2980,NATIVE_BODY,NATIVE_BODY,2,2,NONE,2,0,0,0,0,0,0,0,0,0,LINEAR_BUS_SEQUENCE,,00000000,000080,808213,V02C_MATRIX_PLUS_PINNED_MESEN_CPU_SOURCE_ORDER_NO_GAMEPLAY
V05C000180,80:8215:E0M1X1,040410AB,80,8215,0,1,1,F0,BEQ,REL8,2,F006,NATIVE_BODY,NATIVE_BODY,2,3,BRANCH_TAKEN:+1,2,0,0,0,0,0,0,0,0,1,BRANCH_SEQUENCE,DYN_BRANCH_TAKEN_POST_IDLE,00000004,000006,808215,V02C_MATRIX_PLUS_PINNED_MESEN_CPU_SOURCE_ORDER_NO_GAMEPLAY
V05C000181,80:8215:E1M1X1,040410AF,80,8215,1,1,1,F0,BEQ,REL8,2,F006,NATIVE_BODY,NATIVE_BODY,2,4,BRANCH_TAKEN:+1;BRANCH_PAGE_CROSS_EMULATION:+1,2,0,0,0,0,0,0,0,0,2,BRANCH_SEQUENCE,DYN_BRANCH_TAKEN_POST_IDLE;DYN_BRANCH_PAGE_POST_IDLE,0000000C,000006,808215,V02C_MATRIX_PLUS_PINNED_MESEN_CPU_SOURCE_ORDER_NO_GAMEPLAY
V05C000182,80:8217:E0M1X1,040410BB,80,8217,0,1,1,AE,LDX,ABS,3,AE5603,NATIVE_BODY,NATIVE_BODY,4,4,NONE,3,0,1,0,0,0,0,0,0,0,LINEAR_BUS_SEQUENCE,,00000000,000356,808217,V02C_MATRIX_PLUS_PINNED_MESEN_CPU_SOURCE_ORDER_NO_GAMEPLAY
V05C000183,80:8217:E1M1X1,040410BF,80,8217,1,1,1,AE,LDX,ABS,3,AE5603,NATIVE_BODY,NATIVE_BODY,4,4,NONE,3,0,1,0,0,0,0,0,0,0,LINEAR_BUS_SEQUENCE,,00000000,000356,808217,V02C_MATRIX_PLUS_PINNED_MESEN_CPU_SOURCE_ORDER_NO_GAMEPLAY
V05C000184,80:821A:E0M1X1,040410D3,80,821A,0,1,1,FC,JSR,ABS_X_IND,3,FC2882,NAMED_BOUNDARY,NAMED_BOUNDARY,8,8,NONE,3,2,0,0,0,0,2,0,0,0,BOUNDARY_NO_EXECUTION,BOUNDARY_NO_EXECUTION,00000000,008228,80821A,V02C_MATRIX_PLUS_PINNED_MESEN_CPU_SOURCE_ORDER_NO_GAMEPLAY
V05C000185,80:821A:E1M1X1,040410D7,80,821A,1,1,1,FC,JSR,ABS_X_IND,3,FC2882,NAMED_BOUNDARY,NAMED_BOUNDARY,8,8,NONE,3,2,0,0,0,0,2,0,0,0,BOUNDARY_NO_EXECUTION,BOUNDARY_NO_EXECUTION,00000000,008228,80821A,V02C_MATRIX_PLUS_PINNED_MESEN_CPU_SOURCE_ORDER_NO_GAMEPLAY
V05C000186,80:821D:E0M1X1,040410EB,80,821D,0,1,1,C2,REP,IMM8,2,C230,NATIVE_BODY,NATIVE_BODY,3,3,NONE,2,0,0,0,0,0,0,0,1,0,FIXED_IDLE_SEQUENCE,STATUS_PRE_IDLE,00002000,000030,80821D,V02C_MATRIX_PLUS_PINNED_MESEN_CPU_SOURCE_ORDER_NO_GAMEPLAY
V05C000187,80:821D:E1M1X1,040410EF,80,821D,1,1,1,C2,REP,IMM8,2,C230,NATIVE_BODY,NATIVE_BODY,3,3,NONE,2,0,0,0,0,0,0,0,1,0,FIXED_IDLE_SEQUENCE,STATUS_PRE_IDLE,00002000,000030,80821D,V02C_MATRIX_PLUS_PINNED_MESEN_CPU_SOURCE_ORDER_NO_GAMEPLAY
V05C000188,80:821F:E0M0X0,040410F8,80,821F,0,0,0,A5,LDA,DP,2,A52A,NATIVE_BODY,NATIVE_BODY,4,5,DIRECT_LOW_NONZERO:+1,2,0,2,0,0,0,0,0,0,1,DIRECT_SEQUENCE,DYN_DIRECT_LOW_PRE_IDLE,00000001,00002A,80821F,V02C_MATRIX_PLUS_PINNED_MESEN_CPU_SOURCE_ORDER_NO_GAMEPLAY
V05C000189,80:821F:E1M1X1,040410FF,80,821F,1,1,1,A5,LDA,DP,2,A52A,NATIVE_BODY,NATIVE_BODY,3,4,DIRECT_LOW_NONZERO:+1,2,0,1,0,0,0,0,0,0,1,DIRECT_SEQUENCE,DYN_DIRECT_LOW_PRE_IDLE,00000001,00002A,80821F,V02C_MATRIX_PLUS_PINNED_MESEN_CPU_SOURCE_ORDER_NO_GAMEPLAY
V05C000190,80:8221:E0M0X0,04041108,80,8221,0,0,0,A6,LDX,DP,2,A62C,NATIVE_BODY,NATIVE_BODY,4,5,DIRECT_LOW_NONZERO:+1,2,0,2,0,0,0,0,0,0,1,DIRECT_SEQUENCE,DYN_DIRECT_LOW_PRE_IDLE,00000001,00002C,808221,V02C_MATRIX_PLUS_PINNED_MESEN_CPU_SOURCE_ORDER_NO_GAMEPLAY
V05C000191,80:8221:E1M1X1,0404110F,80,8221,1,1,1,A6,LDX,DP,2,A62C,NATIVE_BODY,NATIVE_BODY,3,4,DIRECT_LOW_NONZERO:+1,2,0,1,0,0,0,0,0,0,1,DIRECT_SEQUENCE,DYN_DIRECT_LOW_PRE_IDLE,00000001,00002C,808221,V02C_MATRIX_PLUS_PINNED_MESEN_CPU_SOURCE_ORDER_NO_GAMEPLAY
V05C000192,80:8223:E0M0X0,04041118,80,8223,0,0,0,A4,LDY,DP,2,A42E,NATIVE_BODY,NATIVE_BODY,4,5,DIRECT_LOW_NONZERO:+1,2,0,2,0,0,0,0,0,0,1,DIRECT_SEQUENCE,DYN_DIRECT_LOW_PRE_IDLE,00000001,00002E,808223,V02C_MATRIX_PLUS_PINNED_MESEN_CPU_SOURCE_ORDER_NO_GAMEPLAY
V05C000193,80:8223:E1M1X1,0404111F,80,8223,1,1,1,A4,LDY,DP,2,A42E,NATIVE_BODY,NATIVE_BODY,3,4,DIRECT_LOW_NONZERO:+1,2,0,1,0,0,0,0,0,0,1,DIRECT_SEQUENCE,DYN_DIRECT_LOW_PRE_IDLE,00000001,00002E,808223,V02C_MATRIX_PLUS_PINNED_MESEN_CPU_SOURCE_ORDER_NO_GAMEPLAY
V05C000194,80:8225:E0M0X0,04041128,80,8225,0,0,0,AB,PLB,IMP,1,AB,NATIVE_BODY,NATIVE_BODY,4,4,NONE,1,0,0,0,0,1,0,0,2,0,FIXED_IDLE_SEQUENCE,PULL_PRE_IDLE;PULL_PRE_IDLE,00000400,000000,808225,V02C_MATRIX_PLUS_PINNED_MESEN_CPU_SOURCE_ORDER_NO_GAMEPLAY
V05C000195,80:8225:E1M1X1,0404112F,80,8225,1,1,1,AB,PLB,IMP,1,AB,NATIVE_BODY,NATIVE_BODY,4,4,NONE,1,0,0,0,0,1,0,0,2,0,FIXED_IDLE_SEQUENCE,PULL_PRE_IDLE;PULL_PRE_IDLE,00000400,000000,808225,V02C_MATRIX_PLUS_PINNED_MESEN_CPU_SOURCE_ORDER_NO_GAMEPLAY
V05C000196,80:8226:E0M0X0,04041130,80,8226,0,0,0,28,PLP,IMP,1,28,NATIVE_BODY,NATIVE_BODY,4,4,NONE,1,0,0,0,0,1,0,0,2,0,FIXED_IDLE_SEQUENCE,PULL_PRE_IDLE;PULL_PRE_IDLE,00000400,000000,808226,V02C_MATRIX_PLUS_PINNED_MESEN_CPU_SOURCE_ORDER_NO_GAMEPLAY
V05C000197,80:8226:E1M1X1,04041137,80,8226,1,1,1,28,PLP,IMP,1,28,NATIVE_BODY,NATIVE_BODY,4,4,NONE,1,0,0,0,0,1,0,0,2,0,FIXED_IDLE_SEQUENCE,PULL_PRE_IDLE;PULL_PRE_IDLE,00000400,000000,808226,V02C_MATRIX_PLUS_PINNED_MESEN_CPU_SOURCE_ORDER_NO_GAMEPLAY
V05C000198,80:8227:E0M0X0,04041138,80,8227,0,0,0,40,RTI,IMP,1,40,NAMED_BOUNDARY,SCHEDULER_INTERRUPT_RETURN_BODY,7,7,NONE,1,0,0,0,0,4,0,0,2,0,RETURN_SEQUENCE,RETURN_PRE_IDLE;RETURN_PRE_IDLE,00000080,000000,808227,V02C_MATRIX_PLUS_PINNED_MESEN_CPU_SOURCE_ORDER_NO_GAMEPLAY
V05C000199,80:8227:E0M0X1,04041139,80,8227,0,0,1,40,RTI,IMP,1,40,NAMED_BOUNDARY,SCHEDULER_INTERRUPT_RETURN_BODY,7,7,NONE,1,0,0,0,0,4,0,0,2,0,RETURN_SEQUENCE,RETURN_PRE_IDLE;RETURN_PRE_IDLE,00000080,000000,808227,V02C_MATRIX_PLUS_PINNED_MESEN_CPU_SOURCE_ORDER_NO_GAMEPLAY
V05C000200,80:8227:E0M1X0,0404113A,80,8227,0,1,0,40,RTI,IMP,1,40,NAMED_BOUNDARY,SCHEDULER_INTERRUPT_RETURN_BODY,7,7,NONE,1,0,0,0,0,4,0,0,2,0,RETURN_SEQUENCE,RETURN_PRE_IDLE;RETURN_PRE_IDLE,00000080,000000,808227,V02C_MATRIX_PLUS_PINNED_MESEN_CPU_SOURCE_ORDER_NO_GAMEPLAY
V05C000201,80:8227:E0M1X1,0404113B,80,8227,0,1,1,40,RTI,IMP,1,40,NAMED_BOUNDARY,SCHEDULER_INTERRUPT_RETURN_BODY,7,7,NONE,1,0,0,0,0,4,0,0,2,0,RETURN_SEQUENCE,RETURN_PRE_IDLE;RETURN_PRE_IDLE,00000080,000000,808227,V02C_MATRIX_PLUS_PINNED_MESEN_CPU_SOURCE_ORDER_NO_GAMEPLAY
V05C000202,80:8227:E1M1X1,0404113F,80,8227,1,1,1,40,RTI,IMP,1,40,NAMED_BOUNDARY,SCHEDULER_INTERRUPT_RETURN_BODY,6,6,NONE,1,0,0,0,0,3,0,0,2,0,RETURN_SEQUENCE,RETURN_PRE_IDLE;RETURN_PRE_IDLE,00000080,000000,808227,V02C_MATRIX_PLUS_PINNED_MESEN_CPU_SOURCE_ORDER_NO_GAMEPLAY
V05C000203,80:82F7:E0M0X0,040417B8,80,82F7,0,0,0,8B,PHB,IMP,1,8B,NATIVE_BODY,NATIVE_BODY,3,3,NONE,1,0,0,0,0,0,1,0,1,0,FIXED_IDLE_SEQUENCE,PUSH_PRE_IDLE,00000200,000000,8082F7,V02C_MATRIX_PLUS_PINNED_MESEN_CPU_SOURCE_ORDER_NO_GAMEPLAY
V05C000204,80:82F8:E0M0X0,040417C0,80,82F8,0,0,0,4B,PHK,IMP,1,4B,NATIVE_BODY,NATIVE_BODY,3,3,NONE,1,0,0,0,0,0,1,0,1,0,FIXED_IDLE_SEQUENCE,PUSH_PRE_IDLE,00000200,000000,8082F8,V02C_MATRIX_PLUS_PINNED_MESEN_CPU_SOURCE_ORDER_NO_GAMEPLAY
V05C000205,80:82F9:E0M0X0,040417C8,80,82F9,0,0,0,AB,PLB,IMP,1,AB,NATIVE_BODY,NATIVE_BODY,4,4,NONE,1,0,0,0,0,1,0,0,2,0,FIXED_IDLE_SEQUENCE,PULL_PRE_IDLE;PULL_PRE_IDLE,00000400,000000,8082F9,V02C_MATRIX_PLUS_PINNED_MESEN_CPU_SOURCE_ORDER_NO_GAMEPLAY
V05C000206,80:82FA:E0M0X0,040417D0,80,82FA,0,0,0,20,JSR,ABS_JUMP,3,20FF82,NATIVE_BODY,NATIVE_BODY,6,6,NONE,3,0,0,0,0,0,2,0,1,0,FIXED_IDLE_SEQUENCE,JSR_PRE_STACK_IDLE,00000020,0082FF,8082FA,V02C_MATRIX_PLUS_PINNED_MESEN_CPU_SOURCE_ORDER_NO_GAMEPLAY
V05C000207,80:82FD:E0M0X0,040417E8,80,82FD,0,0,0,AB,PLB,IMP,1,AB,NATIVE_BODY,NATIVE_BODY,4,4,NONE,1,0,0,0,0,1,0,0,2,0,FIXED_IDLE_SEQUENCE,PULL_PRE_IDLE;PULL_PRE_IDLE,00000400,000000,8082FD,V02C_MATRIX_PLUS_PINNED_MESEN_CPU_SOURCE_ORDER_NO_GAMEPLAY
V05C000208,80:82FE:E0M0X0,040417F0,80,82FE,0,0,0,6B,RTL,IMP,1,6B,NATIVE_BODY,NATIVE_BODY,6,6,NONE,1,0,0,0,0,3,0,0,2,0,RETURN_SEQUENCE,RETURN_PRE_IDLE;RETURN_PRE_IDLE,00000080,000000,8082FE,V02C_MATRIX_PLUS_PINNED_MESEN_CPU_SOURCE_ORDER_NO_GAMEPLAY
V05C000209,80:82FF:E0M0X0,040417F8,80,82FF,0,0,0,86,STX,DP,2,8688,NATIVE_BODY,NATIVE_BODY,4,5,DIRECT_LOW_NONZERO:+1,2,0,0,2,0,0,0,0,0,1,DIRECT_SEQUENCE,DYN_DIRECT_LOW_PRE_IDLE,00000001,000088,8082FF,V02C_MATRIX_PLUS_PINNED_MESEN_CPU_SOURCE_ORDER_NO_GAMEPLAY
V05C000210,80:8301:E0M0X0,04041808,80,8301,0,0,0,20,JSR,ABS_JUMP,3,202083,NATIVE_BODY,NATIVE_BODY,6,6,NONE,3,0,0,0,0,0,2,0,1,0,FIXED_IDLE_SEQUENCE,JSR_PRE_STACK_IDLE,00000020,008320,808301,V02C_MATRIX_PLUS_PINNED_MESEN_CPU_SOURCE_ORDER_NO_GAMEPLAY
V05C000211,80:8304:E0M0X0,04041820,80,8304,0,0,0,48,PHA,IMP,1,48,NATIVE_BODY,NATIVE_BODY,4,4,NONE,1,0,0,0,0,0,2,0,1,0,FIXED_IDLE_SEQUENCE,PUSH_PRE_IDLE,00000200,000000,808304,V02C_MATRIX_PLUS_PINNED_MESEN_CPU_SOURCE_ORDER_NO_GAMEPLAY
V05C000212,80:8305:E0M0X0,04041828,80,8305,0,0,0,DA,PHX,IMP,1,DA,NATIVE_BODY,NATIVE_BODY,4,4,NONE,1,0,0,0,0,0,2,0,1,0,FIXED_IDLE_SEQUENCE,PUSH_PRE_IDLE,00000200,000000,808305,V02C_MATRIX_PLUS_PINNED_MESEN_CPU_SOURCE_ORDER_NO_GAMEPLAY
V05C000213,80:8306:E0M0X0,04041830,80,8306,0,0,0,A5,LDA,DP,2,A588,NATIVE_BODY,NATIVE_BODY,4,5,DIRECT_LOW_NONZERO:+1,2,0,2,0,0,0,0,0,0,1,DIRECT_SEQUENCE,DYN_DIRECT_LOW_PRE_IDLE,00000001,000088,808306,V02C_MATRIX_PLUS_PINNED_MESEN_CPU_SOURCE_ORDER_NO_GAMEPLAY
V05C000214,80:8308:E0M0X0,04041840,80,8308,0,0,0,48,PHA,IMP,1,48,NATIVE_BODY,NATIVE_BODY,4,4,NONE,1,0,0,0,0,0,2,0,1,0,FIXED_IDLE_SEQUENCE,PUSH_PRE_IDLE,00000200,000000,808308,V02C_MATRIX_PLUS_PINNED_MESEN_CPU_SOURCE_ORDER_NO_GAMEPLAY
V05C000215,80:8309:E0M0X0,04041848,80,8309,0,0,0,F4,PEA,IMM16,3,F400CB,NATIVE_BODY,NATIVE_BODY,5,5,NONE,3,0,0,0,0,0,2,0,0,0,LINEAR_BUS_SEQUENCE,,00000000,00CB00,808309,V02C_MATRIX_PLUS_PINNED_MESEN_CPU_SOURCE_ORDER_NO_GAMEPLAY
V05C000216,80:830C:E0M0X0,04041860,80,830C,0,0,0,F4,PEA,IMM16,3,F40010,NATIVE_BODY,NATIVE_BODY,5,5,NONE,3,0,0,0,0,0,2,0,0,0,LINEAR_BUS_SEQUENCE,,00000000,001000,80830C,V02C_MATRIX_PLUS_PINNED_MESEN_CPU_SOURCE_ORDER_NO_GAMEPLAY
V05C000217,80:830F:E0M0X0,04041878,80,830F,0,0,0,20,JSR,ABS_JUMP,3,202C85,NATIVE_BODY,NATIVE_BODY,6,6,NONE,3,0,0,0,0,0,2,0,1,0,FIXED_IDLE_SEQUENCE,JSR_PRE_STACK_IDLE,00000020,00852C,80830F,V02C_MATRIX_PLUS_PINNED_MESEN_CPU_SOURCE_ORDER_NO_GAMEPLAY
V05C000218,80:8312:E0M0X0,04041890,80,8312,0,0,0,68,PLA,IMP,1,68,NATIVE_BODY,NATIVE_BODY,5,5,NONE,1,0,0,0,0,2,0,0,2,0,FIXED_IDLE_SEQUENCE,PULL_PRE_IDLE;PULL_PRE_IDLE,00000400,000000,808312,V02C_MATRIX_PLUS_PINNED_MESEN_CPU_SOURCE_ORDER_NO_GAMEPLAY
V05C000219,80:8313:E0M0X0,04041898,80,8313,0,0,0,68,PLA,IMP,1,68,NATIVE_BODY,NATIVE_BODY,5,5,NONE,1,0,0,0,0,2,0,0,2,0,FIXED_IDLE_SEQUENCE,PULL_PRE_IDLE;PULL_PRE_IDLE,00000400,000000,808313,V02C_MATRIX_PLUS_PINNED_MESEN_CPU_SOURCE_ORDER_NO_GAMEPLAY
V05C000220,80:8314:E0M0X0,040418A0,80,8314,0,0,0,68,PLA,IMP,1,68,NATIVE_BODY,NATIVE_BODY,5,5,NONE,1,0,0,0,0,2,0,0,2,0,FIXED_IDLE_SEQUENCE,PULL_PRE_IDLE;PULL_PRE_IDLE,00000400,000000,808314,V02C_MATRIX_PLUS_PINNED_MESEN_CPU_SOURCE_ORDER_NO_GAMEPLAY
V05C000221,80:8315:E0M0X0,040418A8,80,8315,0,0,0,68,PLA,IMP,1,68,NATIVE_BODY,NATIVE_BODY,5,5,NONE,1,0,0,0,0,2,0,0,2,0,FIXED_IDLE_SEQUENCE,PULL_PRE_IDLE;PULL_PRE_IDLE,00000400,000000,808315,V02C_MATRIX_PLUS_PINNED_MESEN_CPU_SOURCE_ORDER_NO_GAMEPLAY
V05C000222,80:8316:E0M0X0,040418B0,80,8316,0,0,0,68,PLA,IMP,1,68,NATIVE_BODY,NATIVE_BODY,5,5,NONE,1,0,0,0,0,2,0,0,2,0,FIXED_IDLE_SEQUENCE,PULL_PRE_IDLE;PULL_PRE_IDLE,00000400,000000,808316,V02C_MATRIX_PLUS_PINNED_MESEN_CPU_SOURCE_ORDER_NO_GAMEPLAY
V05C000223,80:8317:E0M0X0,040418B8,80,8317,0,0,0,60,RTS,IMP,1,60,NATIVE_BODY,NATIVE_BODY,6,6,NONE,1,0,0,0,0,2,0,0,3,0,RETURN_SEQUENCE,RETURN_PRE_IDLE;RETURN_PRE_IDLE;RTS_POST_POP_IDLE,00000180,000000,808317,V02C_MATRIX_PLUS_PINNED_MESEN_CPU_SOURCE_ORDER_NO_GAMEPLAY
V05C000224,80:8320:E0M0X0,04041900,80,8320,0,0,0,0A,ASL,ACC,1,0A,NATIVE_BODY,NATIVE_BODY,2,2,NONE,1,0,0,0,0,0,0,0,1,0,FIXED_IDLE_SEQUENCE,IMPLIED_PRE_IDLE,00000800,000000,808320,V02C_MATRIX_PLUS_PINNED_MESEN_CPU_SOURCE_ORDER_NO_GAMEPLAY
V05C000225,80:8321:E0M0X0,04041908,80,8321,0,0,0,0A,ASL,ACC,1,0A,NATIVE_BODY,NATIVE_BODY,2,2,NONE,1,0,0,0,0,0,0,0,1,0,FIXED_IDLE_SEQUENCE,IMPLIED_PRE_IDLE,00000800,000000,808321,V02C_MATRIX_PLUS_PINNED_MESEN_CPU_SOURCE_ORDER_NO_GAMEPLAY
V05C000226,80:8322:E0M0X0,04041910,80,8322,0,0,0,A8,TAY,IMP,1,A8,NATIVE_BODY,NATIVE_BODY,2,2,NONE,1,0,0,0,0,0,0,0,1,0,FIXED_IDLE_SEQUENCE,IMPLIED_PRE_IDLE,00000800,000000,808322,V02C_MATRIX_PLUS_PINNED_MESEN_CPU_SOURCE_ORDER_NO_GAMEPLAY
V05C000227,80:8323:E0M0X0,04041918,80,8323,0,0,0,A9,LDA,IMM_M,3,A90080,NATIVE_BODY,NATIVE_BODY,3,3,NONE,3,0,0,0,0,0,0,0,0,0,LINEAR_BUS_SEQUENCE,,00000000,008000,808323,V02C_MATRIX_PLUS_PINNED_MESEN_CPU_SOURCE_ORDER_NO_GAMEPLAY
V05C000228,80:8326:E0M0X0,04041930,80,8326,0,0,0,85,STA,DP,2,8504,NATIVE_BODY,NATIVE_BODY,4,5,DIRECT_LOW_NONZERO:+1,2,0,0,2,0,0,0,0,0,1,DIRECT_SEQUENCE,DYN_DIRECT_LOW_PRE_IDLE,00000001,000004,808326,V02C_MATRIX_PLUS_PINNED_MESEN_CPU_SOURCE_ORDER_NO_GAMEPLAY
V05C000229,80:8328:E0M0X0,04041940,80,8328,0,0,0,A9,LDA,IMM_M,3,A99300,NATIVE_BODY,NATIVE_BODY,3,3,NONE,3,0,0,0,0,0,0,0,0,0,LINEAR_BUS_SEQUENCE,,00000000,000093,808328,V02C_MATRIX_PLUS_PINNED_MESEN_CPU_SOURCE_ORDER_NO_GAMEPLAY
V05C000230,80:832B:E0M0X0,04041958,80,832B,0,0,0,85,STA,DP,2,8506,NATIVE_BODY,NATIVE_BODY,4,5,DIRECT_LOW_NONZERO:+1,2,0,0,2,0,0,0,0,0,1,DIRECT_SEQUENCE,DYN_DIRECT_LOW_PRE_IDLE,00000001,000006,80832B,V02C_MATRIX_PLUS_PINNED_MESEN_CPU_SOURCE_ORDER_NO_GAMEPLAY
V05C000231,80:832D:E0M0X0,04041968,80,832D,0,0,0,B7,LDA,DP_IND_LONG_Y,2,B704,NATIVE_BODY,NATIVE_BODY,7,8,DIRECT_LOW_NONZERO:+1,2,3,2,0,0,0,0,0,0,1,DIRECT_SEQUENCE,DYN_DIRECT_LOW_PRE_IDLE,00000001,000004,80832D,V02C_MATRIX_PLUS_PINNED_MESEN_CPU_SOURCE_ORDER_NO_GAMEPLAY
V05C000232,80:832F:E0M0X0,04041978,80,832F,0,0,0,18,CLC,IMP,1,18,NATIVE_BODY,NATIVE_BODY,2,2,NONE,1,0,0,0,0,0,0,0,1,0,FIXED_IDLE_SEQUENCE,IMPLIED_PRE_IDLE,00000800,000000,80832F,V02C_MATRIX_PLUS_PINNED_MESEN_CPU_SOURCE_ORDER_NO_GAMEPLAY
V05C000233,80:8330:E0M0X0,04041980,80,8330,0,0,0,69,ADC,IMM_M,3,690080,NATIVE_BODY,NATIVE_BODY,3,3,NONE,3,0,0,0,0,0,0,0,0,0,LINEAR_BUS_SEQUENCE,,00000000,008000,808330,V02C_MATRIX_PLUS_PINNED_MESEN_CPU_SOURCE_ORDER_NO_GAMEPLAY
V05C000234,80:8333:E0M0X0,04041998,80,8333,0,0,0,AA,TAX,IMP,1,AA,NATIVE_BODY,NATIVE_BODY,2,2,NONE,1,0,0,0,0,0,0,0,1,0,FIXED_IDLE_SEQUENCE,IMPLIED_PRE_IDLE,00000800,000000,808333,V02C_MATRIX_PLUS_PINNED_MESEN_CPU_SOURCE_ORDER_NO_GAMEPLAY
V05C000235,80:8334:E0M0X0,040419A0,80,8334,0,0,0,C8,INY,IMP,1,C8,NATIVE_BODY,NATIVE_BODY,2,2,NONE,1,0,0,0,0,0,0,0,1,0,FIXED_IDLE_SEQUENCE,IMPLIED_PRE_IDLE,00000800,000000,808334,V02C_MATRIX_PLUS_PINNED_MESEN_CPU_SOURCE_ORDER_NO_GAMEPLAY
V05C000236,80:8335:E0M0X0,040419A8,80,8335,0,0,0,C8,INY,IMP,1,C8,NATIVE_BODY,NATIVE_BODY,2,2,NONE,1,0,0,0,0,0,0,0,1,0,FIXED_IDLE_SEQUENCE,IMPLIED_PRE_IDLE,00000800,000000,808335,V02C_MATRIX_PLUS_PINNED_MESEN_CPU_SOURCE_ORDER_NO_GAMEPLAY
V05C000237,80:8336:E0M0X0,040419B0,80,8336,0,0,0,B7,LDA,DP_IND_LONG_Y,2,B704,NATIVE_BODY,NATIVE_BODY,7,8,DIRECT_LOW_NONZERO:+1,2,3,2,0,0,0,0,0,0,1,DIRECT_SEQUENCE,DYN_DIRECT_LOW_PRE_IDLE,00000001,000004,808336,V02C_MATRIX_PLUS_PINNED_MESEN_CPU_SOURCE_ORDER_NO_GAMEPLAY
V05C000238,80:8338:E0M0X0,040419C0,80,8338,0,0,0,69,ADC,IMM_M,3,699300,NATIVE_BODY,NATIVE_BODY,3,3,NONE,3,0,0,0,0,0,0,0,0,0,LINEAR_BUS_SEQUENCE,,00000000,000093,808338,V02C_MATRIX_PLUS_PINNED_MESEN_CPU_SOURCE_ORDER_NO_GAMEPLAY
V05C000239,80:833B:E0M0X0,040419D8,80,833B,0,0,0,60,RTS,IMP,1,60,NATIVE_BODY,NATIVE_BODY,6,6,NONE,1,0,0,0,0,2,0,0,3,0,RETURN_SEQUENCE,RETURN_PRE_IDLE;RETURN_PRE_IDLE;RTS_POST_POP_IDLE,00000180,000000,80833B,V02C_MATRIX_PLUS_PINNED_MESEN_CPU_SOURCE_ORDER_NO_GAMEPLAY
V05C000240,80:835B:E0M0X0,04041AD8,80,835B,0,0,0,8B,PHB,IMP,1,8B,NATIVE_BODY,NATIVE_BODY,3,3,NONE,1,0,0,0,0,0,1,0,1,0,FIXED_IDLE_SEQUENCE,PUSH_PRE_IDLE,00000200,000000,80835B,V02C_MATRIX_PLUS_PINNED_MESEN_CPU_SOURCE_ORDER_NO_GAMEPLAY
V05C000241,80:835C:E0M0X0,04041AE0,80,835C,0,0,0,4B,PHK,IMP,1,4B,NATIVE_BODY,NATIVE_BODY,3,3,NONE,1,0,0,0,0,0,1,0,1,0,FIXED_IDLE_SEQUENCE,PUSH_PRE_IDLE,00000200,000000,80835C,V02C_MATRIX_PLUS_PINNED_MESEN_CPU_SOURCE_ORDER_NO_GAMEPLAY
V05C000242,80:835D:E0M0X0,04041AE8,80,835D,0,0,0,AB,PLB,IMP,1,AB,NATIVE_BODY,NATIVE_BODY,4,4,NONE,1,0,0,0,0,1,0,0,2,0,FIXED_IDLE_SEQUENCE,PULL_PRE_IDLE;PULL_PRE_IDLE,00000400,000000,80835D,V02C_MATRIX_PLUS_PINNED_MESEN_CPU_SOURCE_ORDER_NO_GAMEPLAY
V05C000243,80:835E:E0M0X0,04041AF0,80,835E,0,0,0,20,JSR,ABS_JUMP,3,206383,NATIVE_BODY,NATIVE_BODY,6,6,NONE,3,0,0,0,0,0,2,0,1,0,FIXED_IDLE_SEQUENCE,JSR_PRE_STACK_IDLE,00000020,008363,80835E,V02C_MATRIX_PLUS_PINNED_MESEN_CPU_SOURCE_ORDER_NO_GAMEPLAY
V05C000244,80:8361:E0M0X0,04041B08,80,8361,0,0,0,AB,PLB,IMP,1,AB,NATIVE_BODY,NATIVE_BODY,4,4,NONE,1,0,0,0,0,1,0,0,2,0,FIXED_IDLE_SEQUENCE,PULL_PRE_IDLE;PULL_PRE_IDLE,00000400,000000,808361,V02C_MATRIX_PLUS_PINNED_MESEN_CPU_SOURCE_ORDER_NO_GAMEPLAY
V05C000245,80:8362:E0M0X0,04041B10,80,8362,0,0,0,6B,RTL,IMP,1,6B,NAMED_BOUNDARY,NAMED_BOUNDARY,6,6,NONE,1,0,0,0,0,3,0,0,0,0,BOUNDARY_NO_EXECUTION,BOUNDARY_NO_EXECUTION,00000000,000000,808362,V02C_MATRIX_PLUS_PINNED_MESEN_CPU_SOURCE_ORDER_NO_GAMEPLAY
V05C000246,80:8363:E0M0X0,04041B18,80,8363,0,0,0,5A,PHY,IMP,1,5A,NATIVE_BODY,NATIVE_BODY,4,4,NONE,1,0,0,0,0,0,2,0,1,0,FIXED_IDLE_SEQUENCE,PUSH_PRE_IDLE,00000200,000000,808363,V02C_MATRIX_PLUS_PINNED_MESEN_CPU_SOURCE_ORDER_NO_GAMEPLAY
V05C000247,80:8364:E0M0X0,04041B20,80,8364,0,0,0,20,JSR,ABS_JUMP,3,202083,NATIVE_BODY,NATIVE_BODY,6,6,NONE,3,0,0,0,0,0,2,0,1,0,FIXED_IDLE_SEQUENCE,JSR_PRE_STACK_IDLE,00000020,008320,808364,V02C_MATRIX_PLUS_PINNED_MESEN_CPU_SOURCE_ORDER_NO_GAMEPLAY
V05C000248,80:8367:E0M0X0,04041B38,80,8367,0,0,0,7A,PLY,IMP,1,7A,NATIVE_BODY,NATIVE_BODY,5,5,NONE,1,0,0,0,0,2,0,0,2,0,FIXED_IDLE_SEQUENCE,PULL_PRE_IDLE;PULL_PRE_IDLE,00000400,000000,808367,V02C_MATRIX_PLUS_PINNED_MESEN_CPU_SOURCE_ORDER_NO_GAMEPLAY
V05C000249,80:8368:E0M0X0,04041B40,80,8368,0,0,0,48,PHA,IMP,1,48,NATIVE_BODY,NATIVE_BODY,4,4,NONE,1,0,0,0,0,0,2,0,1,0,FIXED_IDLE_SEQUENCE,PUSH_PRE_IDLE,00000200,000000,808368,V02C_MATRIX_PLUS_PINNED_MESEN_CPU_SOURCE_ORDER_NO_GAMEPLAY
V05C000250,80:8369:E0M0X0,04041B48,80,8369,0,0,0,DA,PHX,IMP,1,DA,NATIVE_BODY,NATIVE_BODY,4,4,NONE,1,0,0,0,0,0,2,0,1,0,FIXED_IDLE_SEQUENCE,PUSH_PRE_IDLE,00000200,000000,808369,V02C_MATRIX_PLUS_PINNED_MESEN_CPU_SOURCE_ORDER_NO_GAMEPLAY
V05C000251,80:836A:E0M0X0,04041B50,80,836A,0,0,0,5A,PHY,IMP,1,5A,NATIVE_BODY,NATIVE_BODY,4,4,NONE,1,0,0,0,0,0,2,0,1,0,FIXED_IDLE_SEQUENCE,PUSH_PRE_IDLE,00000200,000000,80836A,V02C_MATRIX_PLUS_PINNED_MESEN_CPU_SOURCE_ORDER_NO_GAMEPLAY
V05C000252,80:836B:E0M0X0,04041B58,80,836B,0,0,0,F4,PEA,IMM16,3,F400CB,NATIVE_BODY,NATIVE_BODY,5,5,NONE,3,0,0,0,0,0,2,0,0,0,LINEAR_BUS_SEQUENCE,,00000000,00CB00,80836B,V02C_MATRIX_PLUS_PINNED_MESEN_CPU_SOURCE_ORDER_NO_GAMEPLAY
V05C000253,80:836E:E0M0X0,04041B70,80,836E,0,0,0,F4,PEA,IMM16,3,F40010,NATIVE_BODY,NATIVE_BODY,5,5,NONE,3,0,0,0,0,0,2,0,0,0,LINEAR_BUS_SEQUENCE,,00000000,001000,80836E,V02C_MATRIX_PLUS_PINNED_MESEN_CPU_SOURCE_ORDER_NO_GAMEPLAY
V05C000254,80:8371:E0M0X0,04041B88,80,8371,0,0,0,20,JSR,ABS_JUMP,3,20CE83,NATIVE_BODY,NATIVE_BODY,6,6,NONE,3,0,0,0,0,0,2,0,1,0,FIXED_IDLE_SEQUENCE,JSR_PRE_STACK_IDLE,00000020,0083CE,808371,V02C_MATRIX_PLUS_PINNED_MESEN_CPU_SOURCE_ORDER_NO_GAMEPLAY
V05C000255,80:8374:E0M0X0,04041BA0,80,8374,0,0,0,68,PLA,IMP,1,68,NATIVE_BODY,NATIVE_BODY,5,5,NONE,1,0,0,0,0,2,0,0,2,0,FIXED_IDLE_SEQUENCE,PULL_PRE_IDLE;PULL_PRE_IDLE,00000400,000000,808374,V02C_MATRIX_PLUS_PINNED_MESEN_CPU_SOURCE_ORDER_NO_GAMEPLAY
V05C000256,80:8375:E0M0X0,04041BA8,80,8375,0,0,0,68,PLA,IMP,1,68,NATIVE_BODY,NATIVE_BODY,5,5,NONE,1,0,0,0,0,2,0,0,2,0,FIXED_IDLE_SEQUENCE,PULL_PRE_IDLE;PULL_PRE_IDLE,00000400,000000,808375,V02C_MATRIX_PLUS_PINNED_MESEN_CPU_SOURCE_ORDER_NO_GAMEPLAY
V05C000257,80:8376:E0M0X0,04041BB0,80,8376,0,0,0,68,PLA,IMP,1,68,NATIVE_BODY,NATIVE_BODY,5,5,NONE,1,0,0,0,0,2,0,0,2,0,FIXED_IDLE_SEQUENCE,PULL_PRE_IDLE;PULL_PRE_IDLE,00000400,000000,808376,V02C_MATRIX_PLUS_PINNED_MESEN_CPU_SOURCE_ORDER_NO_GAMEPLAY
V05C000258,80:8377:E0M0X0,04041BB8,80,8377,0,0,0,68,PLA,IMP,1,68,NATIVE_BODY,NATIVE_BODY,5,5,NONE,1,0,0,0,0,2,0,0,2,0,FIXED_IDLE_SEQUENCE,PULL_PRE_IDLE;PULL_PRE_IDLE,00000400,000000,808377,V02C_MATRIX_PLUS_PINNED_MESEN_CPU_SOURCE_ORDER_NO_GAMEPLAY
V05C000259,80:8378:E0M0X0,04041BC0,80,8378,0,0,0,68,PLA,IMP,1,68,NATIVE_BODY,NATIVE_BODY,5,5,NONE,1,0,0,0,0,2,0,0,2,0,FIXED_IDLE_SEQUENCE,PULL_PRE_IDLE;PULL_PRE_IDLE,00000400,000000,808378,V02C_MATRIX_PLUS_PINNED_MESEN_CPU_SOURCE_ORDER_NO_GAMEPLAY
V05C000260,80:8379:E0M0X0,04041BC8,80,8379,0,0,0,60,RTS,IMP,1,60,NATIVE_BODY,NATIVE_BODY,6,6,NONE,1,0,0,0,0,2,0,0,3,0,RETURN_SEQUENCE,RETURN_PRE_IDLE;RETURN_PRE_IDLE;RTS_POST_POP_IDLE,00000180,000000,808379,V02C_MATRIX_PLUS_PINNED_MESEN_CPU_SOURCE_ORDER_NO_GAMEPLAY
V05C000261,80:839B:E0M0X0,04041CD8,80,839B,0,0,0,8B,PHB,IMP,1,8B,NATIVE_BODY,NATIVE_BODY,3,3,NONE,1,0,0,0,0,0,1,0,1,0,FIXED_IDLE_SEQUENCE,PUSH_PRE_IDLE,00000200,000000,80839B,V02C_MATRIX_PLUS_PINNED_MESEN_CPU_SOURCE_ORDER_NO_GAMEPLAY
V05C000262,80:839C:E0M0X0,04041CE0,80,839C,0,0,0,4B,PHK,IMP,1,4B,NATIVE_BODY,NATIVE_BODY,3,3,NONE,1,0,0,0,0,0,1,0,1,0,FIXED_IDLE_SEQUENCE,PUSH_PRE_IDLE,00000200,000000,80839C,V02C_MATRIX_PLUS_PINNED_MESEN_CPU_SOURCE_ORDER_NO_GAMEPLAY
V05C000263,80:839D:E0M0X0,04041CE8,80,839D,0,0,0,AB,PLB,IMP,1,AB,NATIVE_BODY,NATIVE_BODY,4,4,NONE,1,0,0,0,0,1,0,0,2,0,FIXED_IDLE_SEQUENCE,PULL_PRE_IDLE;PULL_PRE_IDLE,00000400,000000,80839D,V02C_MATRIX_PLUS_PINNED_MESEN_CPU_SOURCE_ORDER_NO_GAMEPLAY
V05C000264,80:839E:E0M0X0,04041CF0,80,839E,0,0,0,20,JSR,ABS_JUMP,3,20A383,NATIVE_BODY,NATIVE_BODY,6,6,NONE,3,0,0,0,0,0,2,0,1,0,FIXED_IDLE_SEQUENCE,JSR_PRE_STACK_IDLE,00000020,0083A3,80839E,V02C_MATRIX_PLUS_PINNED_MESEN_CPU_SOURCE_ORDER_NO_GAMEPLAY
V05C000265,80:83A1:E0M0X0,04041D08,80,83A1,0,0,0,AB,PLB,IMP,1,AB,NATIVE_BODY,NATIVE_BODY,4,4,NONE,1,0,0,0,0,1,0,0,2,0,FIXED_IDLE_SEQUENCE,PULL_PRE_IDLE;PULL_PRE_IDLE,00000400,000000,8083A1,V02C_MATRIX_PLUS_PINNED_MESEN_CPU_SOURCE_ORDER_NO_GAMEPLAY
V05C000266,80:83A2:E0M0X0,04041D10,80,83A2,0,0,0,6B,RTL,IMP,1,6B,NATIVE_BODY,NATIVE_BODY,6,6,NONE,1,0,0,0,0,3,0,0,2,0,RETURN_SEQUENCE,RETURN_PRE_IDLE;RETURN_PRE_IDLE,00000080,000000,8083A2,V02C_MATRIX_PLUS_PINNED_MESEN_CPU_SOURCE_ORDER_NO_GAMEPLAY
V05C000267,80:83A3:E0M0X0,04041D18,80,83A3,0,0,0,48,PHA,IMP,1,48,NATIVE_BODY,NATIVE_BODY,4,4,NONE,1,0,0,0,0,0,2,0,1,0,FIXED_IDLE_SEQUENCE,PUSH_PRE_IDLE,00000200,000000,8083A3,V02C_MATRIX_PLUS_PINNED_MESEN_CPU_SOURCE_ORDER_NO_GAMEPLAY
V05C000268,80:83A4:E0M0X0,04041D20,80,83A4,0,0,0,20,JSR,ABS_JUMP,3,202083,NATIVE_BODY,NATIVE_BODY,6,6,NONE,3,0,0,0,0,0,2,0,1,0,FIXED_IDLE_SEQUENCE,JSR_PRE_STACK_IDLE,00000020,008320,8083A4,V02C_MATRIX_PLUS_PINNED_MESEN_CPU_SOURCE_ORDER_NO_GAMEPLAY
V05C000269,80:83A7:E0M0X0,04041D38,80,83A7,0,0,0,7A,PLY,IMP,1,7A,NATIVE_BODY,NATIVE_BODY,5,5,NONE,1,0,0,0,0,2,0,0,2,0,FIXED_IDLE_SEQUENCE,PULL_PRE_IDLE;PULL_PRE_IDLE,00000400,000000,8083A7,V02C_MATRIX_PLUS_PINNED_MESEN_CPU_SOURCE_ORDER_NO_GAMEPLAY
V05C000270,80:83A8:E0M0X0,04041D40,80,83A8,0,0,0,48,PHA,IMP,1,48,NATIVE_BODY,NATIVE_BODY,4,4,NONE,1,0,0,0,0,0,2,0,1,0,FIXED_IDLE_SEQUENCE,PUSH_PRE_IDLE,00000200,000000,8083A8,V02C_MATRIX_PLUS_PINNED_MESEN_CPU_SOURCE_ORDER_NO_GAMEPLAY
V05C000271,80:83A9:E0M0X0,04041D48,80,83A9,0,0,0,DA,PHX,IMP,1,DA,NATIVE_BODY,NATIVE_BODY,4,4,NONE,1,0,0,0,0,0,2,0,1,0,FIXED_IDLE_SEQUENCE,PUSH_PRE_IDLE,00000200,000000,8083A9,V02C_MATRIX_PLUS_PINNED_MESEN_CPU_SOURCE_ORDER_NO_GAMEPLAY
V05C000272,80:83AA:E0M0X0,04041D50,80,83AA,0,0,0,98,TYA,IMP,1,98,NATIVE_BODY,NATIVE_BODY,2,2,NONE,1,0,0,0,0,0,0,0,1,0,FIXED_IDLE_SEQUENCE,IMPLIED_PRE_IDLE,00000800,000000,8083AA,V02C_MATRIX_PLUS_PINNED_MESEN_CPU_SOURCE_ORDER_NO_GAMEPLAY
V05C000273,80:83AB:E0M0X0,04041D58,80,83AB,0,0,0,0A,ASL,ACC,1,0A,NATIVE_BODY,NATIVE_BODY,2,2,NONE,1,0,0,0,0,0,0,0,1,0,FIXED_IDLE_SEQUENCE,IMPLIED_PRE_IDLE,00000800,000000,8083AB,V02C_MATRIX_PLUS_PINNED_MESEN_CPU_SOURCE_ORDER_NO_GAMEPLAY
V05C000274,80:83AC:E0M0X0,04041D60,80,83AC,0,0,0,0A,ASL,ACC,1,0A,NATIVE_BODY,NATIVE_BODY,2,2,NONE,1,0,0,0,0,0,0,0,1,0,FIXED_IDLE_SEQUENCE,IMPLIED_PRE_IDLE,00000800,000000,8083AC,V02C_MATRIX_PLUS_PINNED_MESEN_CPU_SOURCE_ORDER_NO_GAMEPLAY
V05C000275,80:83AD:E0M0X0,04041D68,80,83AD,0,0,0,A8,TAY,IMP,1,A8,NATIVE_BODY,NATIVE_BODY,2,2,NONE,1,0,0,0,0,0,0,0,1,0,FIXED_IDLE_SEQUENCE,IMPLIED_PRE_IDLE,00000800,000000,8083AD,V02C_MATRIX_PLUS_PINNED_MESEN_CPU_SOURCE_ORDER_NO_GAMEPLAY
V05C000276,80:83AE:E0M0X0,04041D70,80,83AE,0,0,0,B9,LDA,ABS_Y,3,B93986,NATIVE_BODY,NATIVE_BODY,6,6,NONE,3,0,2,0,0,0,0,0,1,0,INDEX_SEQUENCE,INDEX_FIXED_PRE_DATA_IDLE,00040000,008639,8083AE,V02C_MATRIX_PLUS_PINNED_MESEN_CPU_SOURCE_ORDER_NO_GAMEPLAY
V05C000277,80:83B1:E0M0X0,04041D88,80,83B1,0,0,0,48,PHA,IMP,1,48,NATIVE_BODY,NATIVE_BODY,4,4,NONE,1,0,0,0,0,0,2,0,1,0,FIXED_IDLE_SEQUENCE,PUSH_PRE_IDLE,00000200,000000,8083B1,V02C_MATRIX_PLUS_PINNED_MESEN_CPU_SOURCE_ORDER_NO_GAMEPLAY
V05C000278,80:83B2:E0M0X0,04041D90,80,83B2,0,0,0,F4,PEA,IMM16,3,F400CB,NATIVE_BODY,NATIVE_BODY,5,5,NONE,3,0,0,0,0,0,2,0,0,0,LINEAR_BUS_SEQUENCE,,00000000,00CB00,8083B2,V02C_MATRIX_PLUS_PINNED_MESEN_CPU_SOURCE_ORDER_NO_GAMEPLAY
V05C000279,80:83B5:E0M0X0,04041DA8,80,83B5,0,0,0,F4,PEA,IMM16,3,F40010,NATIVE_BODY,NATIVE_BODY,5,5,NONE,3,0,0,0,0,0,2,0,0,0,LINEAR_BUS_SEQUENCE,,00000000,001000,8083B5,V02C_MATRIX_PLUS_PINNED_MESEN_CPU_SOURCE_ORDER_NO_GAMEPLAY
V05C000280,80:83B8:E0M0X0,04041DC0,80,83B8,0,0,0,B9,LDA,ABS_Y,3,B93B86,NATIVE_BODY,NATIVE_BODY,6,6,NONE,3,0,2,0,0,0,0,0,1,0,INDEX_SEQUENCE,INDEX_FIXED_PRE_DATA_IDLE,00040000,00863B,8083B8,V02C_MATRIX_PLUS_PINNED_MESEN_CPU_SOURCE_ORDER_NO_GAMEPLAY
V05C000281,80:83BB:E0M0X0,04041DD8,80,83BB,0,0,0,D0,BNE,REL8,2,D005,NATIVE_BODY,NATIVE_BODY,2,3,BRANCH_TAKEN:+1,2,0,0,0,0,0,0,0,0,1,BRANCH_SEQUENCE,DYN_BRANCH_TAKEN_POST_IDLE,00000004,000005,8083BB,V02C_MATRIX_PLUS_PINNED_MESEN_CPU_SOURCE_ORDER_NO_GAMEPLAY
V05C000282,80:83BD:E0M0X0,04041DE8,80,83BD,0,0,0,20,JSR,ABS_JUMP,3,202C85,NATIVE_BODY,NATIVE_BODY,6,6,NONE,3,0,0,0,0,0,2,0,1,0,FIXED_IDLE_SEQUENCE,JSR_PRE_STACK_IDLE,00000020,00852C,8083BD,V02C_MATRIX_PLUS_PINNED_MESEN_CPU_SOURCE_ORDER_NO_GAMEPLAY
V05C000283,80:83C0:E0M0X0,04041E00,80,83C0,0,0,0,80,BRA,REL8,2,8003,NATIVE_BODY,NATIVE_BODY,3,3,NONE,2,0,0,0,0,0,0,0,1,0,BRANCH_SEQUENCE,BRANCH_ALWAYS_POST_IDLE,00004000,000003,8083C0,V02C_MATRIX_PLUS_PINNED_MESEN_CPU_SOURCE_ORDER_NO_GAMEPLAY
V05C000284,80:83C2:E0M0X0,04041E10,80,83C2,0,0,0,20,JSR,ABS_JUMP,3,20CE83,NATIVE_BODY,NATIVE_BODY,6,6,NONE,3,0,0,0,0,0,2,0,1,0,FIXED_IDLE_SEQUENCE,JSR_PRE_STACK_IDLE,00000020,0083CE,8083C2,V02C_MATRIX_PLUS_PINNED_MESEN_CPU_SOURCE_ORDER_NO_GAMEPLAY
V05C000285,80:83C5:E0M0X0,04041E28,80,83C5,0,0,0,BA,TSX,IMP,1,BA,NATIVE_BODY,NATIVE_BODY,2,2,NONE,1,0,0,0,0,0,0,0,1,0,FIXED_IDLE_SEQUENCE,IMPLIED_PRE_IDLE,00000800,000000,8083C5,V02C_MATRIX_PLUS_PINNED_MESEN_CPU_SOURCE_ORDER_NO_GAMEPLAY
V05C000286,80:83C6:E0M0X0,04041E30,80,83C6,0,0,0,8A,TXA,IMP,1,8A,NATIVE_BODY,NATIVE_BODY,2,2,NONE,1,0,0,0,0,0,0,0,1,0,FIXED_IDLE_SEQUENCE,IMPLIED_PRE_IDLE,00000800,000000,8083C6,V02C_MATRIX_PLUS_PINNED_MESEN_CPU_SOURCE_ORDER_NO_GAMEPLAY
V05C000287,80:83C7:E0M0X0,04041E38,80,83C7,0,0,0,18,CLC,IMP,1,18,NATIVE_BODY,NATIVE_BODY,2,2,NONE,1,0,0,0,0,0,0,0,1,0,FIXED_IDLE_SEQUENCE,IMPLIED_PRE_IDLE,00000800,000000,8083C7,V02C_MATRIX_PLUS_PINNED_MESEN_CPU_SOURCE_ORDER_NO_GAMEPLAY
V05C000288,80:83C8:E0M0X0,04041E40,80,83C8,0,0,0,69,ADC,IMM_M,3,690A00,NATIVE_BODY,NATIVE_BODY,3,3,NONE,3,0,0,0,0,0,0,0,0,0,LINEAR_BUS_SEQUENCE,,00000000,00000A,8083C8,V02C_MATRIX_PLUS_PINNED_MESEN_CPU_SOURCE_ORDER_NO_GAMEPLAY
V05C000289,80:83CB:E0M0X0,04041E58,80,83CB,0,0,0,AA,TAX,IMP,1,AA,NATIVE_BODY,NATIVE_BODY,2,2,NONE,1,0,0,0,0,0,0,0,1,0,FIXED_IDLE_SEQUENCE,IMPLIED_PRE_IDLE,00000800,000000,8083CB,V02C_MATRIX_PLUS_PINNED_MESEN_CPU_SOURCE_ORDER_NO_GAMEPLAY
V05C000290,80:83CC:E0M0X0,04041E60,80,83CC,0,0,0,9A,TXS,IMP,1,9A,NATIVE_BODY,NATIVE_BODY,2,2,NONE,1,0,0,0,0,0,0,0,1,0,FIXED_IDLE_SEQUENCE,IMPLIED_PRE_IDLE,00000800,000000,8083CC,V02C_MATRIX_PLUS_PINNED_MESEN_CPU_SOURCE_ORDER_NO_GAMEPLAY
V05C000291,80:83CD:E0M0X0,04041E68,80,83CD,0,0,0,60,RTS,IMP,1,60,NATIVE_BODY,NATIVE_BODY,6,6,NONE,1,0,0,0,0,2,0,0,3,0,RETURN_SEQUENCE,RETURN_PRE_IDLE;RETURN_PRE_IDLE;RTS_POST_POP_IDLE,00000180,000000,8083CD,V02C_MATRIX_PLUS_PINNED_MESEN_CPU_SOURCE_ORDER_NO_GAMEPLAY
V05C000292,80:83CE:E0M0X0,04041E70,80,83CE,0,0,0,A9,LDA,IMM_M,3,A98000,NATIVE_BODY,NATIVE_BODY,3,3,NONE,3,0,0,0,0,0,0,0,0,0,LINEAR_BUS_SEQUENCE,,00000000,000080,8083CE,V02C_MATRIX_PLUS_PINNED_MESEN_CPU_SOURCE_ORDER_NO_GAMEPLAY
V05C000293,80:83D1:E0M0X0,04041E88,80,83D1,0,0,0,8D,STA,ABS,3,8D1521,NATIVE_BODY,NATIVE_BODY,5,5,NONE,3,0,0,2,0,0,0,0,0,0,LINEAR_BUS_SEQUENCE,,00000000,002115,8083D1,V02C_MATRIX_PLUS_PINNED_MESEN_CPU_SOURCE_ORDER_NO_GAMEPLAY
V05C000294,80:83D4:E0M0X0,04041EA0,80,83D4,0,0,0,A3,LDA,STACK_REL,2,A307,NATIVE_BODY,NATIVE_BODY,5,5,NONE,2,0,2,0,0,0,0,0,1,0,FIXED_IDLE_SEQUENCE,STACK_REL_PRE_DATA_IDLE,00020000,000007,8083D4,V02C_MATRIX_PLUS_PINNED_MESEN_CPU_SOURCE_ORDER_NO_GAMEPLAY
V05C000295,80:83D6:E0M0X0,04041EB0,80,83D6,0,0,0,8D,STA,ABS,3,8D1621,NATIVE_BODY,NATIVE_BODY,5,5,NONE,3,0,0,2,0,0,0,0,0,0,LINEAR_BUS_SEQUENCE,,00000000,002116,8083D6,V02C_MATRIX_PLUS_PINNED_MESEN_CPU_SOURCE_ORDER_NO_GAMEPLAY
V05C000296,80:83D9:E0M0X0,04041EC8,80,83D9,0,0,0,A3,LDA,STACK_REL,2,A309,NATIVE_BODY,NATIVE_BODY,5,5,NONE,2,0,2,0,0,0,0,0,1,0,FIXED_IDLE_SEQUENCE,STACK_REL_PRE_DATA_IDLE,00020000,000009,8083D9,V02C_MATRIX_PLUS_PINNED_MESEN_CPU_SOURCE_ORDER_NO_GAMEPLAY
V05C000297,80:83DB:E0M0X0,04041ED8,80,83DB,0,0,0,85,STA,DP,2,8530,NATIVE_BODY,NATIVE_BODY,4,5,DIRECT_LOW_NONZERO:+1,2,0,0,2,0,0,0,0,0,1,DIRECT_SEQUENCE,DYN_DIRECT_LOW_PRE_IDLE,00000001,000030,8083DB,V02C_MATRIX_PLUS_PINNED_MESEN_CPU_SOURCE_ORDER_NO_GAMEPLAY
V05C000298,80:83DD:E0M0X0,04041EE8,80,83DD,0,0,0,A3,LDA,STACK_REL,2,A30B,NATIVE_BODY,NATIVE_BODY,5,5,NONE,2,0,2,0,0,0,0,0,1,0,FIXED_IDLE_SEQUENCE,STACK_REL_PRE_DATA_IDLE,00020000,00000B,8083DD,V02C_MATRIX_PLUS_PINNED_MESEN_CPU_SOURCE_ORDER_NO_GAMEPLAY
V05C000299,80:83DF:E0M0X0,04041EF8,80,83DF,0,0,0,85,STA,DP,2,8532,NATIVE_BODY,NATIVE_BODY,4,5,DIRECT_LOW_NONZERO:+1,2,0,0,2,0,0,0,0,0,1,DIRECT_SEQUENCE,DYN_DIRECT_LOW_PRE_IDLE,00000001,000032,8083DF,V02C_MATRIX_PLUS_PINNED_MESEN_CPU_SOURCE_ORDER_NO_GAMEPLAY
V05C000300,80:83E1:E0M0X0,04041F08,80,83E1,0,0,0,A3,LDA,STACK_REL,2,A305,NATIVE_BODY,NATIVE_BODY,5,5,NONE,2,0,2,0,0,0,0,0,1,0,FIXED_IDLE_SEQUENCE,STACK_REL_PRE_DATA_IDLE,00020000,000005,8083E1,V02C_MATRIX_PLUS_PINNED_MESEN_CPU_SOURCE_ORDER_NO_GAMEPLAY
V05C000301,80:83E3:E0M0X0,04041F18,80,83E3,0,0,0,85,STA,DP,2,8540,NATIVE_BODY,NATIVE_BODY,4,5,DIRECT_LOW_NONZERO:+1,2,0,0,2,0,0,0,0,0,1,DIRECT_SEQUENCE,DYN_DIRECT_LOW_PRE_IDLE,00000001,000040,8083E3,V02C_MATRIX_PLUS_PINNED_MESEN_CPU_SOURCE_ORDER_NO_GAMEPLAY
V05C000302,80:83E5:E0M0X0,04041F28,80,83E5,0,0,0,85,STA,DP,2,853C,NATIVE_BODY,NATIVE_BODY,4,5,DIRECT_LOW_NONZERO:+1,2,0,0,2,0,0,0,0,0,1,DIRECT_SEQUENCE,DYN_DIRECT_LOW_PRE_IDLE,00000001,00003C,8083E5,V02C_MATRIX_PLUS_PINNED_MESEN_CPU_SOURCE_ORDER_NO_GAMEPLAY
V05C000303,80:83E7:E0M0X0,04041F38,80,83E7,0,0,0,A9,LDA,IMM_M,3,A97E00,NATIVE_BODY,NATIVE_BODY,3,3,NONE,3,0,0,0,0,0,0,0,0,0,LINEAR_BUS_SEQUENCE,,00000000,00007E,8083E7,V02C_MATRIX_PLUS_PINNED_MESEN_CPU_SOURCE_ORDER_NO_GAMEPLAY
V05C000304,80:83EA:E0M0X0,04041F50,80,83EA,0,0,0,85,STA,DP,2,8542,NATIVE_BODY,NATIVE_BODY,4,5,DIRECT_LOW_NONZERO:+1,2,0,0,2,0,0,0,0,0,1,DIRECT_SEQUENCE,DYN_DIRECT_LOW_PRE_IDLE,00000001,000042,8083EA,V02C_MATRIX_PLUS_PINNED_MESEN_CPU_SOURCE_ORDER_NO_GAMEPLAY
V05C000305,80:83EC:E0M0X0,04041F60,80,83EC,0,0,0,85,STA,DP,2,853E,NATIVE_BODY,NATIVE_BODY,4,5,DIRECT_LOW_NONZERO:+1,2,0,0,2,0,0,0,0,0,1,DIRECT_SEQUENCE,DYN_DIRECT_LOW_PRE_IDLE,00000001,00003E,8083EC,V02C_MATRIX_PLUS_PINNED_MESEN_CPU_SOURCE_ORDER_NO_GAMEPLAY
V05C000306,80:83EE:E0M0X0,04041F70,80,83EE,0,0,0,A7,LDA,DP_IND_LONG,2,A730,NATIVE_BODY,NATIVE_BODY,7,8,DIRECT_LOW_NONZERO:+1,2,3,2,0,0,0,0,0,0,1,DIRECT_SEQUENCE,DYN_DIRECT_LOW_PRE_IDLE,00000001,000030,8083EE,V02C_MATRIX_PLUS_PINNED_MESEN_CPU_SOURCE_ORDER_NO_GAMEPLAY
V05C000307,80:83F0:E0M0X0,04041F80,80,83F0,0,0,0,85,STA,DP,2,8534,NATIVE_BODY,NATIVE_BODY,4,5,DIRECT_LOW_NONZERO:+1,2,0,0,2,0,0,0,0,0,1,DIRECT_SEQUENCE,DYN_DIRECT_LOW_PRE_IDLE,00000001,000034,8083F0,V02C_MATRIX_PLUS_PINNED_MESEN_CPU_SOURCE_ORDER_NO_GAMEPLAY
V05C000308,80:83F2:E0M0X0,04041F90,80,83F2,0,0,0,E6,INC,DP,2,E630,NATIVE_BODY,NATIVE_BODY,7,8,DIRECT_LOW_NONZERO:+1,2,0,2,2,0,0,0,0,1,1,RMW_SEQUENCE,RMW_INTERMEDIATE_IDLE;DYN_DIRECT_LOW_PRE_IDLE,00010001,000030,8083F2,V02C_MATRIX_PLUS_PINNED_MESEN_CPU_SOURCE_ORDER_NO_GAMEPLAY
V05C000309,80:83F4:E0M0X0,04041FA0,80,83F4,0,0,0,D0,BNE,REL8,2,D007,NATIVE_BODY,NATIVE_BODY,2,3,BRANCH_TAKEN:+1,2,0,0,0,0,0,0,0,0,1,BRANCH_SEQUENCE,DYN_BRANCH_TAKEN_POST_IDLE,00000004,000007,8083F4,V02C_MATRIX_PLUS_PINNED_MESEN_CPU_SOURCE_ORDER_NO_GAMEPLAY
V05C000310,80:83F6:E0M0X0,04041FB0,80,83F6,0,0,0,A0,LDY,IMM_X,3,A00080,NATIVE_BODY,NATIVE_BODY,3,3,NONE,3,0,0,0,0,0,0,0,0,0,LINEAR_BUS_SEQUENCE,,00000000,008000,8083F6,V02C_MATRIX_PLUS_PINNED_MESEN_CPU_SOURCE_ORDER_NO_GAMEPLAY
V05C000311,80:83F9:E0M0X0,04041FC8,80,83F9,0,0,0,84,STY,DP,2,8430,NATIVE_BODY,NATIVE_BODY,4,5,DIRECT_LOW_NONZERO:+1,2,0,0,2,0,0,0,0,0,1,DIRECT_SEQUENCE,DYN_DIRECT_LOW_PRE_IDLE,00000001,000030,8083F9,V02C_MATRIX_PLUS_PINNED_MESEN_CPU_SOURCE_ORDER_NO_GAMEPLAY
V05C000312,80:83FB:E0M0X0,04041FD8,80,83FB,0,0,0,E6,INC,DP,2,E632,NATIVE_BODY,NATIVE_BODY,7,8,DIRECT_LOW_NONZERO:+1,2,0,2,2,0,0,0,0,1,1,RMW_SEQUENCE,RMW_INTERMEDIATE_IDLE;DYN_DIRECT_LOW_PRE_IDLE,00010001,000032,8083FB,V02C_MATRIX_PLUS_PINNED_MESEN_CPU_SOURCE_ORDER_NO_GAMEPLAY
V05C000313,80:83FD:E0M0X0,04041FE8,80,83FD,0,0,0,E2,SEP,IMM8,2,E220,NATIVE_BODY,NATIVE_BODY,3,3,NONE,2,0,0,0,0,0,0,0,1,0,FIXED_IDLE_SEQUENCE,STATUS_PRE_IDLE,00002000,000020,8083FD,V02C_MATRIX_PLUS_PINNED_MESEN_CPU_SOURCE_ORDER_NO_GAMEPLAY
V05C000314,80:83FF:E0M1X0,04041FFA,80,83FF,0,1,0,A7,LDA,DP_IND_LONG,2,A730,NATIVE_BODY,NATIVE_BODY,6,7,DIRECT_LOW_NONZERO:+1,2,3,1,0,0,0,0,0,0,1,DIRECT_SEQUENCE,DYN_DIRECT_LOW_PRE_IDLE,00000001,000030,8083FF,V02C_MATRIX_PLUS_PINNED_MESEN_CPU_SOURCE_ORDER_NO_GAMEPLAY
V05C000315,80:8401:E0M1X0,0404200A,80,8401,0,1,0,85,STA,DP,2,8535,NATIVE_BODY,NATIVE_BODY,3,4,DIRECT_LOW_NONZERO:+1,2,0,0,1,0,0,0,0,0,1,DIRECT_SEQUENCE,DYN_DIRECT_LOW_PRE_IDLE,00000001,000035,808401,V02C_MATRIX_PLUS_PINNED_MESEN_CPU_SOURCE_ORDER_NO_GAMEPLAY
V05C000316,80:8403:E0M1X0,0404201A,80,8403,0,1,0,C2,REP,IMM8,2,C220,NATIVE_BODY,NATIVE_BODY,3,3,NONE,2,0,0,0,0,0,0,0,1,0,FIXED_IDLE_SEQUENCE,STATUS_PRE_IDLE,00002000,000020,808403,V02C_MATRIX_PLUS_PINNED_MESEN_CPU_SOURCE_ORDER_NO_GAMEPLAY
V05C000317,80:8405:E0M0X0,04042028,80,8405,0,0,0,E6,INC,DP,2,E630,NATIVE_BODY,NATIVE_BODY,7,8,DIRECT_LOW_NONZERO:+1,2,0,2,2,0,0,0,0,1,1,RMW_SEQUENCE,RMW_INTERMEDIATE_IDLE;DYN_DIRECT_LOW_PRE_IDLE,00010001,000030,808405,V02C_MATRIX_PLUS_PINNED_MESEN_CPU_SOURCE_ORDER_NO_GAMEPLAY
V05C000318,80:8407:E0M0X0,04042038,80,8407,0,0,0,D0,BNE,REL8,2,D007,NATIVE_BODY,NATIVE_BODY,2,3,BRANCH_TAKEN:+1,2,0,0,0,0,0,0,0,0,1,BRANCH_SEQUENCE,DYN_BRANCH_TAKEN_POST_IDLE,00000004,000007,808407,V02C_MATRIX_PLUS_PINNED_MESEN_CPU_SOURCE_ORDER_NO_GAMEPLAY
V05C000319,80:8409:E0M0X0,04042048,80,8409,0,0,0,A9,LDA,IMM_M,3,A90080,NATIVE_BODY,NATIVE_BODY,3,3,NONE,3,0,0,0,0,0,0,0,0,0,LINEAR_BUS_SEQUENCE,,00000000,008000,808409,V02C_MATRIX_PLUS_PINNED_MESEN_CPU_SOURCE_ORDER_NO_GAMEPLAY
V05C000320,80:840C:E0M0X0,04042060,80,840C,0,0,0,85,STA,DP,2,8530,NATIVE_BODY,NATIVE_BODY,4,5,DIRECT_LOW_NONZERO:+1,2,0,0,2,0,0,0,0,0,1,DIRECT_SEQUENCE,DYN_DIRECT_LOW_PRE_IDLE,00000001,000030,80840C,V02C_MATRIX_PLUS_PINNED_MESEN_CPU_SOURCE_ORDER_NO_GAMEPLAY
V05C000321,80:840E:E0M0X0,04042070,80,840E,0,0,0,E6,INC,DP,2,E632,NATIVE_BODY,NATIVE_BODY,7,8,DIRECT_LOW_NONZERO:+1,2,0,2,2,0,0,0,0,1,1,RMW_SEQUENCE,RMW_INTERMEDIATE_IDLE;DYN_DIRECT_LOW_PRE_IDLE,00010001,000032,80840E,V02C_MATRIX_PLUS_PINNED_MESEN_CPU_SOURCE_ORDER_NO_GAMEPLAY
V05C000322,80:8410:E0M0X0,04042080,80,8410,0,0,0,A9,LDA,IMM_M,3,A90000,NATIVE_BODY,NATIVE_BODY,3,3,NONE,3,0,0,0,0,0,0,0,0,0,LINEAR_BUS_SEQUENCE,,00000000,000000,808410,V02C_MATRIX_PLUS_PINNED_MESEN_CPU_SOURCE_ORDER_NO_GAMEPLAY
V05C000323,80:8413:E0M0X0,04042098,80,8413,0,0,0,38,SEC,IMP,1,38,NATIVE_BODY,NATIVE_BODY,2,2,NONE,1,0,0,0,0,0,0,0,1,0,FIXED_IDLE_SEQUENCE,IMPLIED_PRE_IDLE,00000800,000000,808413,V02C_MATRIX_PLUS_PINNED_MESEN_CPU_SOURCE_ORDER_NO_GAMEPLAY
V05C000324,80:8414:E0M0X0,040420A0,80,8414,0,0,0,E5,SBC,DP,2,E534,NATIVE_BODY,NATIVE_BODY,4,5,DIRECT_LOW_NONZERO:+1,2,0,2,0,0,0,0,0,0,1,DIRECT_SEQUENCE,DYN_DIRECT_LOW_PRE_IDLE,00000001,000034,808414,V02C_MATRIX_PLUS_PINNED_MESEN_CPU_SOURCE_ORDER_NO_GAMEPLAY
V05C000325,80:8416:E0M0X0,040420B0,80,8416,0,0,0,85,STA,DP,2,8534,NATIVE_BODY,NATIVE_BODY,4,5,DIRECT_LOW_NONZERO:+1,2,0,0,2,0,0,0,0,0,1,DIRECT_SEQUENCE,DYN_DIRECT_LOW_PRE_IDLE,00000001,000034,808416,V02C_MATRIX_PLUS_PINNED_MESEN_CPU_SOURCE_ORDER_NO_GAMEPLAY
V05C000326,80:8418:E0M0X0,040420C0,80,8418,0,0,0,A0,LDY,IMM_X,3,A0FE0F,NATIVE_BODY,NATIVE_BODY,3,3,NONE,3,0,0,0,0,0,0,0,0,0,LINEAR_BUS_SEQUENCE,,00000000,000FFE,808418,V02C_MATRIX_PLUS_PINNED_MESEN_CPU_SOURCE_ORDER_NO_GAMEPLAY
V05C000327,80:841B:E0M0X0,040420D8,80,841B,0,0,0,A9,LDA,IMM_M,3,A90000,NATIVE_BODY,NATIVE_BODY,3,3,NONE,3,0,0,0,0,0,0,0,0,0,LINEAR_BUS_SEQUENCE,,00000000,000000,80841B,V02C_MATRIX_PLUS_PINNED_MESEN_CPU_SOURCE_ORDER_NO_GAMEPLAY
V05C000328,80:841E:E0M0X0,040420F0,80,841E,0,0,0,97,STA,DP_IND_LONG_Y,2,9740,NATIVE_BODY,NATIVE_BODY,7,8,DIRECT_LOW_NONZERO:+1,2,3,0,2,0,0,0,0,0,1,DIRECT_SEQUENCE,DYN_DIRECT_LOW_PRE_IDLE,00000001,000040,80841E,V02C_MATRIX_PLUS_PINNED_MESEN_CPU_SOURCE_ORDER_NO_GAMEPLAY
V05C000329,80:8420:E0M0X0,04042100,80,8420,0,0,0,88,DEY,IMP,1,88,NATIVE_BODY,NATIVE_BODY,2,2,NONE,1,0,0,0,0,0,0,0,1,0,FIXED_IDLE_SEQUENCE,IMPLIED_PRE_IDLE,00000800,000000,808420,V02C_MATRIX_PLUS_PINNED_MESEN_CPU_SOURCE_ORDER_NO_GAMEPLAY
V05C000330,80:8421:E0M0X0,04042108,80,8421,0,0,0,88,DEY,IMP,1,88,NATIVE_BODY,NATIVE_BODY,2,2,NONE,1,0,0,0,0,0,0,0,1,0,FIXED_IDLE_SEQUENCE,IMPLIED_PRE_IDLE,00000800,000000,808421,V02C_MATRIX_PLUS_PINNED_MESEN_CPU_SOURCE_ORDER_NO_GAMEPLAY
V05C000331,80:8422:E0M0X0,04042110,80,8422,0,0,0,10,BPL,REL8,2,10FA,NATIVE_BODY,NATIVE_BODY,2,3,BRANCH_TAKEN:+1,2,0,0,0,0,0,0,0,0,1,BRANCH_SEQUENCE,DYN_BRANCH_TAKEN_POST_IDLE,00000004,0000FA,808422,V02C_MATRIX_PLUS_PINNED_MESEN_CPU_SOURCE_ORDER_NO_GAMEPLAY
V05C000332,80:8424:E0M0X0,04042120,80,8424,0,0,0,A2,LDX,IMM_X,3,A20010,NATIVE_BODY,NATIVE_BODY,3,3,NONE,3,0,0,0,0,0,0,0,0,0,LINEAR_BUS_SEQUENCE,,00000000,001000,808424,V02C_MATRIX_PLUS_PINNED_MESEN_CPU_SOURCE_ORDER_NO_GAMEPLAY
V05C000333,80:8427:E0M0X0,04042138,80,8427,0,0,0,64,STZ,DP,2,6444,NATIVE_BODY,NATIVE_BODY,4,5,DIRECT_LOW_NONZERO:+1,2,0,0,2,0,0,0,0,0,1,DIRECT_SEQUENCE,DYN_DIRECT_LOW_PRE_IDLE,00000001,000044,808427,V02C_MATRIX_PLUS_PINNED_MESEN_CPU_SOURCE_ORDER_NO_GAMEPLAY
V05C000334,80:8429:E0M0X0,04042148,80,8429,0,0,0,46,LSR,DP,2,4644,NATIVE_BODY,NATIVE_BODY,7,8,DIRECT_LOW_NONZERO:+1,2,0,2,2,0,0,0,0,1,1,RMW_SEQUENCE,RMW_INTERMEDIATE_IDLE;DYN_DIRECT_LOW_PRE_IDLE,00010001,000044,808429,V02C_MATRIX_PLUS_PINNED_MESEN_CPU_SOURCE_ORDER_NO_GAMEPLAY
V05C000335,80:842B:E0M0X0,04042158,80,842B,0,0,0,A5,LDA,DP,2,A544,NATIVE_BODY,NATIVE_BODY,4,5,DIRECT_LOW_NONZERO:+1,2,0,2,0,0,0,0,0,0,1,DIRECT_SEQUENCE,DYN_DIRECT_LOW_PRE_IDLE,00000001,000044,80842B,V02C_MATRIX_PLUS_PINNED_MESEN_CPU_SOURCE_ORDER_NO_GAMEPLAY
V05C000336,80:842D:E0M0X0,04042168,80,842D,0,0,0,89,BIT,IMM_M,3,890001,NATIVE_BODY,NATIVE_BODY,3,3,NONE,3,0,0,0,0,0,0,0,0,0,LINEAR_BUS_SEQUENCE,,00000000,000100,80842D,V02C_MATRIX_PLUS_PINNED_MESEN_CPU_SOURCE_ORDER_NO_GAMEPLAY
V05C000337,80:8430:E0M0X0,04042180,80,8430,0,0,0,D0,BNE,REL8,2,D014,NATIVE_BODY,NATIVE_BODY,2,3,BRANCH_TAKEN:+1,2,0,0,0,0,0,0,0,0,1,BRANCH_SEQUENCE,DYN_BRANCH_TAKEN_POST_IDLE,00000004,000014,808430,V02C_MATRIX_PLUS_PINNED_MESEN_CPU_SOURCE_ORDER_NO_GAMEPLAY
V05C000338,80:8432:E0M0X0,04042190,80,8432,0,0,0,A7,LDA,DP_IND_LONG,2,A730,NATIVE_BODY,NATIVE_BODY,7,8,DIRECT_LOW_NONZERO:+1,2,3,2,0,0,0,0,0,0,1,DIRECT_SEQUENCE,DYN_DIRECT_LOW_PRE_IDLE,00000001,000030,808432,V02C_MATRIX_PLUS_PINNED_MESEN_CPU_SOURCE_ORDER_NO_GAMEPLAY
V05C000339,80:8434:E0M0X0,040421A0,80,8434,0,0,0,E6,INC,DP,2,E630,NATIVE_BODY,NATIVE_BODY,7,8,DIRECT_LOW_NONZERO:+1,2,0,2,2,0,0,0,0,1,1,RMW_SEQUENCE,RMW_INTERMEDIATE_IDLE;DYN_DIRECT_LOW_PRE_IDLE,00010001,000030,808434,V02C_MATRIX_PLUS_PINNED_MESEN_CPU_SOURCE_ORDER_NO_GAMEPLAY
V05C000340,80:8436:E0M0X0,040421B0,80,8436,0,0,0,D0,BNE,REL8,2,D009,NATIVE_BODY,NATIVE_BODY,2,3,BRANCH_TAKEN:+1,2,0,0,0,0,0,0,0,0,1,BRANCH_SEQUENCE,DYN_BRANCH_TAKEN_POST_IDLE,00000004,000009,808436,V02C_MATRIX_PLUS_PINNED_MESEN_CPU_SOURCE_ORDER_NO_GAMEPLAY
V05C000341,80:8438:E0M0X0,040421C0,80,8438,0,0,0,48,PHA,IMP,1,48,NATIVE_BODY,NATIVE_BODY,4,4,NONE,1,0,0,0,0,0,2,0,1,0,FIXED_IDLE_SEQUENCE,PUSH_PRE_IDLE,00000200,000000,808438,V02C_MATRIX_PLUS_PINNED_MESEN_CPU_SOURCE_ORDER_NO_GAMEPLAY
V05C000342,80:8439:E0M0X0,040421C8,80,8439,0,0,0,A9,LDA,IMM_M,3,A90080,NATIVE_BODY,NATIVE_BODY,3,3,NONE,3,0,0,0,0,0,0,0,0,0,LINEAR_BUS_SEQUENCE,,00000000,008000,808439,V02C_MATRIX_PLUS_PINNED_MESEN_CPU_SOURCE_ORDER_NO_GAMEPLAY
V05C000343,80:843C:E0M0X0,040421E0,80,843C,0,0,0,85,STA,DP,2,8530,NATIVE_BODY,NATIVE_BODY,4,5,DIRECT_LOW_NONZERO:+1,2,0,0,2,0,0,0,0,0,1,DIRECT_SEQUENCE,DYN_DIRECT_LOW_PRE_IDLE,00000001,000030,80843C,V02C_MATRIX_PLUS_PINNED_MESEN_CPU_SOURCE_ORDER_NO_GAMEPLAY
V05C000344,80:843E:E0M0X0,040421F0,80,843E,0,0,0,68,PLA,IMP,1,68,NATIVE_BODY,NATIVE_BODY,5,5,NONE,1,0,0,0,0,2,0,0,2,0,FIXED_IDLE_SEQUENCE,PULL_PRE_IDLE;PULL_PRE_IDLE,00000400,000000,80843E,V02C_MATRIX_PLUS_PINNED_MESEN_CPU_SOURCE_ORDER_NO_GAMEPLAY
V05C000345,80:843F:E0M0X0,040421F8,80,843F,0,0,0,E6,INC,DP,2,E632,NATIVE_BODY,NATIVE_BODY,7,8,DIRECT_LOW_NONZERO:+1,2,0,2,2,0,0,0,0,1,1,RMW_SEQUENCE,RMW_INTERMEDIATE_IDLE;DYN_DIRECT_LOW_PRE_IDLE,00010001,000032,80843F,V02C_MATRIX_PLUS_PINNED_MESEN_CPU_SOURCE_ORDER_NO_GAMEPLAY
V05C000346,80:8441:E0M0X0,04042208,80,8441,0,0,0,09,ORA,IMM_M,3,0900FF,NATIVE_BODY,NATIVE_BODY,3,3,NONE,3,0,0,0,0,0,0,0,0,0,LINEAR_BUS_SEQUENCE,,00000000,00FF00,808441,V02C_MATRIX_PLUS_PINNED_MESEN_CPU_SOURCE_ORDER_NO_GAMEPLAY
V05C000347,80:8444:E0M0X0,04042220,80,8444,0,0,0,85,STA,DP,2,8544,NATIVE_BODY,NATIVE_BODY,4,5,DIRECT_LOW_NONZERO:+1,2,0,0,2,0,0,0,0,0,1,DIRECT_SEQUENCE,DYN_DIRECT_LOW_PRE_IDLE,00000001,000044,808444,V02C_MATRIX_PLUS_PINNED_MESEN_CPU_SOURCE_ORDER_NO_GAMEPLAY
V05C000348,80:8446:E0M0X0,04042230,80,8446,0,0,0,4A,LSR,ACC,1,4A,NATIVE_BODY,NATIVE_BODY,2,2,NONE,1,0,0,0,0,0,0,0,1,0,FIXED_IDLE_SEQUENCE,IMPLIED_PRE_IDLE,00000800,000000,808446,V02C_MATRIX_PLUS_PINNED_MESEN_CPU_SOURCE_ORDER_NO_GAMEPLAY
V05C000349,80:8447:E0M0X0,04042238,80,8447,0,0,0,90,BCC,REL8,2,9031,NATIVE_BODY,NATIVE_BODY,2,3,BRANCH_TAKEN:+1,2,0,0,0,0,0,0,0,0,1,BRANCH_SEQUENCE,DYN_BRANCH_TAKEN_POST_IDLE,00000004,000031,808447,V02C_MATRIX_PLUS_PINNED_MESEN_CPU_SOURCE_ORDER_NO_GAMEPLAY
V05C000350,80:8449:E0M0X0,04042248,80,8449,0,0,0,E2,SEP,IMM8,2,E220,NATIVE_BODY,NATIVE_BODY,3,3,NONE,2,0,0,0,0,0,0,0,1,0,FIXED_IDLE_SEQUENCE,STATUS_PRE_IDLE,00002000,000020,808449,V02C_MATRIX_PLUS_PINNED_MESEN_CPU_SOURCE_ORDER_NO_GAMEPLAY
V05C000351,80:844B:E0M1X0,0404225A,80,844B,0,1,0,A7,LDA,DP_IND_LONG,2,A730,NATIVE_BODY,NATIVE_BODY,6,7,DIRECT_LOW_NONZERO:+1,2,3,1,0,0,0,0,0,0,1,DIRECT_SEQUENCE,DYN_DIRECT_LOW_PRE_IDLE,00000001,000030,80844B,V02C_MATRIX_PLUS_PINNED_MESEN_CPU_SOURCE_ORDER_NO_GAMEPLAY
V05C000352,80:844D:E0M1X0,0404226A,80,844D,0,1,0,87,STA,DP_IND_LONG,2,873C,NATIVE_BODY,NATIVE_BODY,6,7,DIRECT_LOW_NONZERO:+1,2,3,0,1,0,0,0,0,0,1,DIRECT_SEQUENCE,DYN_DIRECT_LOW_PRE_IDLE,00000001,00003C,80844D,V02C_MATRIX_PLUS_PINNED_MESEN_CPU_SOURCE_ORDER_NO_GAMEPLAY
V05C000353,80:844F:E0M1X0,0404227A,80,844F,0,1,0,20,JSR,ABS_JUMP,3,20E084,NATIVE_BODY,NATIVE_BODY,6,6,NONE,3,0,0,0,0,0,2,0,1,0,FIXED_IDLE_SEQUENCE,JSR_PRE_STACK_IDLE,00000020,0084E0,80844F,V02C_MATRIX_PLUS_PINNED_MESEN_CPU_SOURCE_ORDER_NO_GAMEPLAY
V05C000354,80:8452:E0M1X0,04042292,80,8452,0,1,0,C2,REP,IMM8,2,C220,NATIVE_BODY,NATIVE_BODY,3,3,NONE,2,0,0,0,0,0,0,0,1,0,FIXED_IDLE_SEQUENCE,STATUS_PRE_IDLE,00002000,000020,808452,V02C_MATRIX_PLUS_PINNED_MESEN_CPU_SOURCE_ORDER_NO_GAMEPLAY
V05C000355,80:8454:E0M0X0,040422A0,80,8454,0,0,0,E6,INC,DP,2,E634,NATIVE_BODY,NATIVE_BODY,7,8,DIRECT_LOW_NONZERO:+1,2,0,2,2,0,0,0,0,1,1,RMW_SEQUENCE,RMW_INTERMEDIATE_IDLE;DYN_DIRECT_LOW_PRE_IDLE,00010001,000034,808454,V02C_MATRIX_PLUS_PINNED_MESEN_CPU_SOURCE_ORDER_NO_GAMEPLAY
V05C000356,80:8456:E0M0X0,040422B0,80,8456,0,0,0,D0,BNE,REL8,2,D001,NATIVE_BODY,NATIVE_BODY,2,3,BRANCH_TAKEN:+1,2,0,0,0,0,0,0,0,0,1,BRANCH_SEQUENCE,DYN_BRANCH_TAKEN_POST_IDLE,00000004,000001,808456,V02C_MATRIX_PLUS_PINNED_MESEN_CPU_SOURCE_ORDER_NO_GAMEPLAY
V05C000357,80:8458:E0M0X0,040422C0,80,8458,0,0,0,60,RTS,IMP,1,60,NATIVE_BODY,NATIVE_BODY,6,6,NONE,1,0,0,0,0,2,0,0,3,0,RETURN_SEQUENCE,RETURN_PRE_IDLE;RETURN_PRE_IDLE;RTS_POST_POP_IDLE,00000180,000000,808458,V02C_MATRIX_PLUS_PINNED_MESEN_CPU_SOURCE_ORDER_NO_GAMEPLAY
V05C000358,80:8459:E0M0X0,040422C8,80,8459,0,0,0,E6,INC,DP,2,E630,NATIVE_BODY,NATIVE_BODY,7,8,DIRECT_LOW_NONZERO:+1,2,0,2,2,0,0,0,0,1,1,RMW_SEQUENCE,RMW_INTERMEDIATE_IDLE;DYN_DIRECT_LOW_PRE_IDLE,00010001,000030,808459,V02C_MATRIX_PLUS_PINNED_MESEN_CPU_SOURCE_ORDER_NO_GAMEPLAY
V05C000359,80:845B:E0M0X0,040422D8,80,845B,0,0,0,D0,BNE,REL8,2,D00B,NATIVE_BODY,NATIVE_BODY,2,3,BRANCH_TAKEN:+1,2,0,0,0,0,0,0,0,0,1,BRANCH_SEQUENCE,DYN_BRANCH_TAKEN_POST_IDLE,00000004,00000B,80845B,V02C_MATRIX_PLUS_PINNED_MESEN_CPU_SOURCE_ORDER_NO_GAMEPLAY
V05C000360,80:845D:E0M0X0,040422E8,80,845D,0,0,0,48,PHA,IMP,1,48,NATIVE_BODY,NATIVE_BODY,4,4,NONE,1,0,0,0,0,0,2,0,1,0,FIXED_IDLE_SEQUENCE,PUSH_PRE_IDLE,00000200,000000,80845D,V02C_MATRIX_PLUS_PINNED_MESEN_CPU_SOURCE_ORDER_NO_GAMEPLAY
V05C000361,80:845E:E0M0X0,040422F0,80,845E,0,0,0,A5,LDA,DP,2,A530,NATIVE_BODY,NATIVE_BODY,4,5,DIRECT_LOW_NONZERO:+1,2,0,2,0,0,0,0,0,0,1,DIRECT_SEQUENCE,DYN_DIRECT_LOW_PRE_IDLE,00000001,000030,80845E,V02C_MATRIX_PLUS_PINNED_MESEN_CPU_SOURCE_ORDER_NO_GAMEPLAY
V05C000362,80:8460:E0M0X0,04042300,80,8460,0,0,0,09,ORA,IMM_M,3,090080,NATIVE_BODY,NATIVE_BODY,3,3,NONE,3,0,0,0,0,0,0,0,0,0,LINEAR_BUS_SEQUENCE,,00000000,008000,808460,V02C_MATRIX_PLUS_PINNED_MESEN_CPU_SOURCE_ORDER_NO_GAMEPLAY
V05C000363,80:8463:E0M0X0,04042318,80,8463,0,0,0,85,STA,DP,2,8530,NATIVE_BODY,NATIVE_BODY,4,5,DIRECT_LOW_NONZERO:+1,2,0,0,2,0,0,0,0,0,1,DIRECT_SEQUENCE,DYN_DIRECT_LOW_PRE_IDLE,00000001,000030,808463,V02C_MATRIX_PLUS_PINNED_MESEN_CPU_SOURCE_ORDER_NO_GAMEPLAY
V05C000364,80:8465:E0M0X0,04042328,80,8465,0,0,0,68,PLA,IMP,1,68,NATIVE_BODY,NATIVE_BODY,5,5,NONE,1,0,0,0,0,2,0,0,2,0,FIXED_IDLE_SEQUENCE,PULL_PRE_IDLE;PULL_PRE_IDLE,00000400,000000,808465,V02C_MATRIX_PLUS_PINNED_MESEN_CPU_SOURCE_ORDER_NO_GAMEPLAY
V05C000365,80:8466:E0M0X0,04042330,80,8466,0,0,0,E6,INC,DP,2,E632,NATIVE_BODY,NATIVE_BODY,7,8,DIRECT_LOW_NONZERO:+1,2,0,2,2,0,0,0,0,1,1,RMW_SEQUENCE,RMW_INTERMEDIATE_IDLE;DYN_DIRECT_LOW_PRE_IDLE,00010001,000032,808466,V02C_MATRIX_PLUS_PINNED_MESEN_CPU_SOURCE_ORDER_NO_GAMEPLAY
V05C000366,80:8468:E0M0X0,04042340,80,8468,0,0,0,E6,INC,DP,2,E63C,NATIVE_BODY,NATIVE_BODY,7,8,DIRECT_LOW_NONZERO:+1,2,0,2,2,0,0,0,0,1,1,RMW_SEQUENCE,RMW_INTERMEDIATE_IDLE;DYN_DIRECT_LOW_PRE_IDLE,00010001,00003C,808468,V02C_MATRIX_PLUS_PINNED_MESEN_CPU_SOURCE_ORDER_NO_GAMEPLAY
V05C000367,80:846A:E0M0X0,04042350,80,846A,0,0,0,D0,BNE,REL8,2,D002,NATIVE_BODY,NATIVE_BODY,2,3,BRANCH_TAKEN:+1,2,0,0,0,0,0,0,0,0,1,BRANCH_SEQUENCE,DYN_BRANCH_TAKEN_POST_IDLE,00000004,000002,80846A,V02C_MATRIX_PLUS_PINNED_MESEN_CPU_SOURCE_ORDER_NO_GAMEPLAY
V05C000368,80:846C:E0M0X0,04042360,80,846C,0,0,0,E6,INC,DP,2,E63E,NATIVE_BODY,NATIVE_BODY,7,8,DIRECT_LOW_NONZERO:+1,2,0,2,2,0,0,0,0,1,1,RMW_SEQUENCE,RMW_INTERMEDIATE_IDLE;DYN_DIRECT_LOW_PRE_IDLE,00010001,00003E,80846C,V02C_MATRIX_PLUS_PINNED_MESEN_CPU_SOURCE_ORDER_NO_GAMEPLAY
V05C000369,80:846E:E0M0X0,04042370,80,846E,0,0,0,CA,DEX,IMP,1,CA,NATIVE_BODY,NATIVE_BODY,2,2,NONE,1,0,0,0,0,0,0,0,1,0,FIXED_IDLE_SEQUENCE,IMPLIED_PRE_IDLE,00000800,000000,80846E,V02C_MATRIX_PLUS_PINNED_MESEN_CPU_SOURCE_ORDER_NO_GAMEPLAY
V05C000370,80:846F:E0M0X0,04042378,80,846F,0,0,0,D0,BNE,REL8,2,D0B8,NATIVE_BODY,NATIVE_BODY,2,3,BRANCH_TAKEN:+1,2,0,0,0,0,0,0,0,0,1,BRANCH_SEQUENCE,DYN_BRANCH_TAKEN_POST_IDLE,00000004,0000B8,80846F,V02C_MATRIX_PLUS_PINNED_MESEN_CPU_SOURCE_ORDER_NO_GAMEPLAY
V05C000371,80:8471:E0M0X0,04042388,80,8471,0,0,0,A2,LDX,IMM_X,3,A20010,NATIVE_BODY,NATIVE_BODY,3,3,NONE,3,0,0,0,0,0,0,0,0,0,LINEAR_BUS_SEQUENCE,,00000000,001000,808471,V02C_MATRIX_PLUS_PINNED_MESEN_CPU_SOURCE_ORDER_NO_GAMEPLAY
V05C000372,80:8474:E0M0X0,040423A0,80,8474,0,0,0,A3,LDA,STACK_REL,2,A305,NATIVE_BODY,NATIVE_BODY,5,5,NONE,2,0,2,0,0,0,0,0,1,0,FIXED_IDLE_SEQUENCE,STACK_REL_PRE_DATA_IDLE,00020000,000005,808474,V02C_MATRIX_PLUS_PINNED_MESEN_CPU_SOURCE_ORDER_NO_GAMEPLAY
V05C000373,80:8476:E0M0X0,040423B0,80,8476,0,0,0,85,STA,DP,2,853C,NATIVE_BODY,NATIVE_BODY,4,5,DIRECT_LOW_NONZERO:+1,2,0,0,2,0,0,0,0,0,1,DIRECT_SEQUENCE,DYN_DIRECT_LOW_PRE_IDLE,00000001,00003C,808476,V02C_MATRIX_PLUS_PINNED_MESEN_CPU_SOURCE_ORDER_NO_GAMEPLAY
V05C000374,80:8478:E0M0X0,040423C0,80,8478,0,0,0,80,BRA,REL8,2,80AF,NATIVE_BODY,NATIVE_BODY,3,3,NONE,2,0,0,0,0,0,0,0,1,0,BRANCH_SEQUENCE,BRANCH_ALWAYS_POST_IDLE,00004000,0000AF,808478,V02C_MATRIX_PLUS_PINNED_MESEN_CPU_SOURCE_ORDER_NO_GAMEPLAY
V05C000375,80:847A:E0M0X0,040423D0,80,847A,0,0,0,A7,LDA,DP_IND_LONG,2,A730,NATIVE_BODY,NATIVE_BODY,7,8,DIRECT_LOW_NONZERO:+1,2,3,2,0,0,0,0,0,0,1,DIRECT_SEQUENCE,DYN_DIRECT_LOW_PRE_IDLE,00000001,000030,80847A,V02C_MATRIX_PLUS_PINNED_MESEN_CPU_SOURCE_ORDER_NO_GAMEPLAY
V05C000376,80:847C:E0M0X0,040423E0,80,847C,0,0,0,85,STA,DP,2,85A2,NATIVE_BODY,NATIVE_BODY,4,5,DIRECT_LOW_NONZERO:+1,2,0,0,2,0,0,0,0,0,1,DIRECT_SEQUENCE,DYN_DIRECT_LOW_PRE_IDLE,00000001,0000A2,80847C,V02C_MATRIX_PLUS_PINNED_MESEN_CPU_SOURCE_ORDER_NO_GAMEPLAY
V05C000377,80:847E:E0M0X0,040423F0,80,847E,0,0,0,E6,INC,DP,2,E630,NATIVE_BODY,NATIVE_BODY,7,8,DIRECT_LOW_NONZERO:+1,2,0,2,2,0,0,0,0,1,1,RMW_SEQUENCE,RMW_INTERMEDIATE_IDLE;DYN_DIRECT_LOW_PRE_IDLE,00010001,000030,80847E,V02C_MATRIX_PLUS_PINNED_MESEN_CPU_SOURCE_ORDER_NO_GAMEPLAY
V05C000378,80:8480:E0M0X0,04042400,80,8480,0,0,0,D0,BNE,REL8,2,D007,NATIVE_BODY,NATIVE_BODY,2,3,BRANCH_TAKEN:+1,2,0,0,0,0,0,0,0,0,1,BRANCH_SEQUENCE,DYN_BRANCH_TAKEN_POST_IDLE,00000004,000007,808480,V02C_MATRIX_PLUS_PINNED_MESEN_CPU_SOURCE_ORDER_NO_GAMEPLAY
V05C000379,80:8482:E0M0X0,04042410,80,8482,0,0,0,A9,LDA,IMM_M,3,A90080,NATIVE_BODY,NATIVE_BODY,3,3,NONE,3,0,0,0,0,0,0,0,0,0,LINEAR_BUS_SEQUENCE,,00000000,008000,808482,V02C_MATRIX_PLUS_PINNED_MESEN_CPU_SOURCE_ORDER_NO_GAMEPLAY
V05C000380,80:8485:E0M0X0,04042428,80,8485,0,0,0,85,STA,DP,2,8530,NATIVE_BODY,NATIVE_BODY,4,5,DIRECT_LOW_NONZERO:+1,2,0,0,2,0,0,0,0,0,1,DIRECT_SEQUENCE,DYN_DIRECT_LOW_PRE_IDLE,00000001,000030,808485,V02C_MATRIX_PLUS_PINNED_MESEN_CPU_SOURCE_ORDER_NO_GAMEPLAY
V05C000381,80:8487:E0M0X0,04042438,80,8487,0,0,0,E6,INC,DP,2,E632,NATIVE_BODY,NATIVE_BODY,7,8,DIRECT_LOW_NONZERO:+1,2,0,2,2,0,0,0,0,1,1,RMW_SEQUENCE,RMW_INTERMEDIATE_IDLE;DYN_DIRECT_LOW_PRE_IDLE,00010001,000032,808487,V02C_MATRIX_PLUS_PINNED_MESEN_CPU_SOURCE_ORDER_NO_GAMEPLAY
V05C000382,80:8489:E0M0X0,04042448,80,8489,0,0,0,E2,SEP,IMM8,2,E220,NATIVE_BODY,NATIVE_BODY,3,3,NONE,2,0,0,0,0,0,0,0,1,0,FIXED_IDLE_SEQUENCE,STATUS_PRE_IDLE,00002000,000020,808489,V02C_MATRIX_PLUS_PINNED_MESEN_CPU_SOURCE_ORDER_NO_GAMEPLAY
V05C000383,80:848B:E0M1X0,0404245A,80,848B,0,1,0,A7,LDA,DP_IND_LONG,2,A730,NATIVE_BODY,NATIVE_BODY,6,7,DIRECT_LOW_NONZERO:+1,2,3,1,0,0,0,0,0,0,1,DIRECT_SEQUENCE,DYN_DIRECT_LOW_PRE_IDLE,00000001,000030,80848B,V02C_MATRIX_PLUS_PINNED_MESEN_CPU_SOURCE_ORDER_NO_GAMEPLAY
V05C000384,80:848D:E0M1X0,0404246A,80,848D,0,1,0,85,STA,DP,2,85A3,NATIVE_BODY,NATIVE_BODY,3,4,DIRECT_LOW_NONZERO:+1,2,0,0,1,0,0,0,0,0,1,DIRECT_SEQUENCE,DYN_DIRECT_LOW_PRE_IDLE,00000001,0000A3,80848D,V02C_MATRIX_PLUS_PINNED_MESEN_CPU_SOURCE_ORDER_NO_GAMEPLAY
V05C000385,80:848F:E0M1X0,0404247A,80,848F,0,1,0,C2,REP,IMM8,2,C220,NATIVE_BODY,NATIVE_BODY,3,3,NONE,2,0,0,0,0,0,0,0,1,0,FIXED_IDLE_SEQUENCE,STATUS_PRE_IDLE,00002000,000020,80848F,V02C_MATRIX_PLUS_PINNED_MESEN_CPU_SOURCE_ORDER_NO_GAMEPLAY
V05C000386,80:8491:E0M0X0,04042488,80,8491,0,0,0,E6,INC,DP,2,E630,NATIVE_BODY,NATIVE_BODY,7,8,DIRECT_LOW_NONZERO:+1,2,0,2,2,0,0,0,0,1,1,RMW_SEQUENCE,RMW_INTERMEDIATE_IDLE;DYN_DIRECT_LOW_PRE_IDLE,00010001,000030,808491,V02C_MATRIX_PLUS_PINNED_MESEN_CPU_SOURCE_ORDER_NO_GAMEPLAY
V05C000387,80:8493:E0M0X0,04042498,80,8493,0,0,0,D0,BNE,REL8,2,D007,NATIVE_BODY,NATIVE_BODY,2,3,BRANCH_TAKEN:+1,2,0,0,0,0,0,0,0,0,1,BRANCH_SEQUENCE,DYN_BRANCH_TAKEN_POST_IDLE,00000004,000007,808493,V02C_MATRIX_PLUS_PINNED_MESEN_CPU_SOURCE_ORDER_NO_GAMEPLAY
V05C000388,80:8495:E0M0X0,040424A8,80,8495,0,0,0,A9,LDA,IMM_M,3,A90080,NATIVE_BODY,NATIVE_BODY,3,3,NONE,3,0,0,0,0,0,0,0,0,0,LINEAR_BUS_SEQUENCE,,00000000,008000,808495,V02C_MATRIX_PLUS_PINNED_MESEN_CPU_SOURCE_ORDER_NO_GAMEPLAY
V05C000389,80:8498:E0M0X0,040424C0,80,8498,0,0,0,85,STA,DP,2,8530,NATIVE_BODY,NATIVE_BODY,4,5,DIRECT_LOW_NONZERO:+1,2,0,0,2,0,0,0,0,0,1,DIRECT_SEQUENCE,DYN_DIRECT_LOW_PRE_IDLE,00000001,000030,808498,V02C_MATRIX_PLUS_PINNED_MESEN_CPU_SOURCE_ORDER_NO_GAMEPLAY
V05C000390,80:849A:E0M0X0,040424D0,80,849A,0,0,0,E6,INC,DP,2,E632,NATIVE_BODY,NATIVE_BODY,7,8,DIRECT_LOW_NONZERO:+1,2,0,2,2,0,0,0,0,1,1,RMW_SEQUENCE,RMW_INTERMEDIATE_IDLE;DYN_DIRECT_LOW_PRE_IDLE,00010001,000032,80849A,V02C_MATRIX_PLUS_PINNED_MESEN_CPU_SOURCE_ORDER_NO_GAMEPLAY
V05C000391,80:849C:E0M0X0,040424E0,80,849C,0,0,0,A5,LDA,DP,2,A5A2,NATIVE_BODY,NATIVE_BODY,4,5,DIRECT_LOW_NONZERO:+1,2,0,2,0,0,0,0,0,0,1,DIRECT_SEQUENCE,DYN_DIRECT_LOW_PRE_IDLE,00000001,0000A2,80849C,V02C_MATRIX_PLUS_PINNED_MESEN_CPU_SOURCE_ORDER_NO_GAMEPLAY
V05C000392,80:849E:E0M0X0,040424F0,80,849E,0,0,0,29,AND,IMM_M,3,29FF0F,NATIVE_BODY,NATIVE_BODY,3,3,NONE,3,0,0,0,0,0,0,0,0,0,LINEAR_BUS_SEQUENCE,,00000000,000FFF,80849E,V02C_MATRIX_PLUS_PINNED_MESEN_CPU_SOURCE_ORDER_NO_GAMEPLAY
V05C000393,80:84A1:E0M0X0,04042508,80,84A1,0,0,0,A8,TAY,IMP,1,A8,NATIVE_BODY,NATIVE_BODY,2,2,NONE,1,0,0,0,0,0,0,0,1,0,FIXED_IDLE_SEQUENCE,IMPLIED_PRE_IDLE,00000800,000000,8084A1,V02C_MATRIX_PLUS_PINNED_MESEN_CPU_SOURCE_ORDER_NO_GAMEPLAY
V05C000394,80:84A2:E0M0X0,04042510,80,84A2,0,0,0,A5,LDA,DP,2,A5A2,NATIVE_BODY,NATIVE_BODY,4,5,DIRECT_LOW_NONZERO:+1,2,0,2,0,0,0,0,0,0,1,DIRECT_SEQUENCE,DYN_DIRECT_LOW_PRE_IDLE,00000001,0000A2,8084A2,V02C_MATRIX_PLUS_PINNED_MESEN_CPU_SOURCE_ORDER_NO_GAMEPLAY
V05C000395,80:84A4:E0M0X0,04042520,80,84A4,0,0,0,29,AND,IMM_M,3,2900F0,NATIVE_BODY,NATIVE_BODY,3,3,NONE,3,0,0,0,0,0,0,0,0,0,LINEAR_BUS_SEQUENCE,,00000000,00F000,8084A4,V02C_MATRIX_PLUS_PINNED_MESEN_CPU_SOURCE_ORDER_NO_GAMEPLAY
V05C000396,80:84A7:E0M0X0,04042538,80,84A7,0,0,0,0A,ASL,ACC,1,0A,NATIVE_BODY,NATIVE_BODY,2,2,NONE,1,0,0,0,0,0,0,0,1,0,FIXED_IDLE_SEQUENCE,IMPLIED_PRE_IDLE,00000800,000000,8084A7,V02C_MATRIX_PLUS_PINNED_MESEN_CPU_SOURCE_ORDER_NO_GAMEPLAY
V05C000397,80:84A8:E0M0X0,04042540,80,84A8,0,0,0,2A,ROL,ACC,1,2A,NATIVE_BODY,NATIVE_BODY,2,2,NONE,1,0,0,0,0,0,0,0,1,0,FIXED_IDLE_SEQUENCE,IMPLIED_PRE_IDLE,00000800,000000,8084A8,V02C_MATRIX_PLUS_PINNED_MESEN_CPU_SOURCE_ORDER_NO_GAMEPLAY
V05C000398,80:84A9:E0M0X0,04042548,80,84A9,0,0,0,2A,ROL,ACC,1,2A,NATIVE_BODY,NATIVE_BODY,2,2,NONE,1,0,0,0,0,0,0,0,1,0,FIXED_IDLE_SEQUENCE,IMPLIED_PRE_IDLE,00000800,000000,8084A9,V02C_MATRIX_PLUS_PINNED_MESEN_CPU_SOURCE_ORDER_NO_GAMEPLAY
V05C000399,80:84AA:E0M0X0,04042550,80,84AA,0,0,0,2A,ROL,ACC,1,2A,NATIVE_BODY,NATIVE_BODY,2,2,NONE,1,0,0,0,0,0,0,0,1,0,FIXED_IDLE_SEQUENCE,IMPLIED_PRE_IDLE,00000800,000000,8084AA,V02C_MATRIX_PLUS_PINNED_MESEN_CPU_SOURCE_ORDER_NO_GAMEPLAY
V05C000400,80:84AB:E0M0X0,04042558,80,84AB,0,0,0,2A,ROL,ACC,1,2A,NATIVE_BODY,NATIVE_BODY,2,2,NONE,1,0,0,0,0,0,0,0,1,0,FIXED_IDLE_SEQUENCE,IMPLIED_PRE_IDLE,00000800,000000,8084AB,V02C_MATRIX_PLUS_PINNED_MESEN_CPU_SOURCE_ORDER_NO_GAMEPLAY
V05C000401,80:84AC:E0M0X0,04042560,80,84AC,0,0,0,69,ADC,IMM_M,3,690300,NATIVE_BODY,NATIVE_BODY,3,3,NONE,3,0,0,0,0,0,0,0,0,0,LINEAR_BUS_SEQUENCE,,00000000,000003,8084AC,V02C_MATRIX_PLUS_PINNED_MESEN_CPU_SOURCE_ORDER_NO_GAMEPLAY
V05C000402,80:84AF:E0M0X0,04042578,80,84AF,0,0,0,85,STA,DP,2,858E,NATIVE_BODY,NATIVE_BODY,4,5,DIRECT_LOW_NONZERO:+1,2,0,0,2,0,0,0,0,0,1,DIRECT_SEQUENCE,DYN_DIRECT_LOW_PRE_IDLE,00000001,00008E,8084AF,V02C_MATRIX_PLUS_PINNED_MESEN_CPU_SOURCE_ORDER_NO_GAMEPLAY
V05C000403,80:84B1:E0M0X0,04042588,80,84B1,0,0,0,E2,SEP,IMM8,2,E220,NATIVE_BODY,NATIVE_BODY,3,3,NONE,2,0,0,0,0,0,0,0,1,0,FIXED_IDLE_SEQUENCE,STATUS_PRE_IDLE,00002000,000020,8084B1,V02C_MATRIX_PLUS_PINNED_MESEN_CPU_SOURCE_ORDER_NO_GAMEPLAY
V05C000404,80:84B3:E0M1X0,0404259A,80,84B3,0,1,0,B7,LDA,DP_IND_LONG_Y,2,B740,NATIVE_BODY,NATIVE_BODY,6,7,DIRECT_LOW_NONZERO:+1,2,3,1,0,0,0,0,0,0,1,DIRECT_SEQUENCE,DYN_DIRECT_LOW_PRE_IDLE,00000001,000040,8084B3,V02C_MATRIX_PLUS_PINNED_MESEN_CPU_SOURCE_ORDER_NO_GAMEPLAY
V05C000405,80:84B5:E0M1X0,040425AA,80,84B5,0,1,0,87,STA,DP_IND_LONG,2,873C,NATIVE_BODY,NATIVE_BODY,6,7,DIRECT_LOW_NONZERO:+1,2,3,0,1,0,0,0,0,0,1,DIRECT_SEQUENCE,DYN_DIRECT_LOW_PRE_IDLE,00000001,00003C,8084B5,V02C_MATRIX_PLUS_PINNED_MESEN_CPU_SOURCE_ORDER_NO_GAMEPLAY
V05C000406,80:84B7:E0M1X0,040425BA,80,84B7,0,1,0,20,JSR,ABS_JUMP,3,20E084,NATIVE_BODY,NATIVE_BODY,6,6,NONE,3,0,0,0,0,0,2,0,1,0,FIXED_IDLE_SEQUENCE,JSR_PRE_STACK_IDLE,00000020,0084E0,8084B7,V02C_MATRIX_PLUS_PINNED_MESEN_CPU_SOURCE_ORDER_NO_GAMEPLAY
V05C000407,80:84BA:E0M1X0,040425D2,80,84BA,0,1,0,C2,REP,IMM8,2,C220,NATIVE_BODY,NATIVE_BODY,3,3,NONE,2,0,0,0,0,0,0,0,1,0,FIXED_IDLE_SEQUENCE,STATUS_PRE_IDLE,00002000,000020,8084BA,V02C_MATRIX_PLUS_PINNED_MESEN_CPU_SOURCE_ORDER_NO_GAMEPLAY
V05C000408,80:84BC:E0M0X0,040425E0,80,84BC,0,0,0,E6,INC,DP,2,E634,NATIVE_BODY,NATIVE_BODY,7,8,DIRECT_LOW_NONZERO:+1,2,0,2,2,0,0,0,0,1,1,RMW_SEQUENCE,RMW_INTERMEDIATE_IDLE;DYN_DIRECT_LOW_PRE_IDLE,00010001,000034,8084BC,V02C_MATRIX_PLUS_PINNED_MESEN_CPU_SOURCE_ORDER_NO_GAMEPLAY
V05C000409,80:84BE:E0M0X0,040425F0,80,84BE,0,0,0,F0,BEQ,REL8,2,F098,NATIVE_BODY,NATIVE_BODY,2,3,BRANCH_TAKEN:+1,2,0,0,0,0,0,0,0,0,1,BRANCH_SEQUENCE,DYN_BRANCH_TAKEN_POST_IDLE,00000004,000098,8084BE,V02C_MATRIX_PLUS_PINNED_MESEN_CPU_SOURCE_ORDER_NO_GAMEPLAY
V05C000410,80:84C0:E0M0X0,04042600,80,84C0,0,0,0,E6,INC,DP,2,E63C,NATIVE_BODY,NATIVE_BODY,7,8,DIRECT_LOW_NONZERO:+1,2,0,2,2,0,0,0,0,1,1,RMW_SEQUENCE,RMW_INTERMEDIATE_IDLE;DYN_DIRECT_LOW_PRE_IDLE,00010001,00003C,8084C0,V02C_MATRIX_PLUS_PINNED_MESEN_CPU_SOURCE_ORDER_NO_GAMEPLAY
V05C000411,80:84C2:E0M0X0,04042610,80,84C2,0,0,0,D0,BNE,REL8,2,D002,NATIVE_BODY,NATIVE_BODY,2,3,BRANCH_TAKEN:+1,2,0,0,0,0,0,0,0,0,1,BRANCH_SEQUENCE,DYN_BRANCH_TAKEN_POST_IDLE,00000004,000002,8084C2,V02C_MATRIX_PLUS_PINNED_MESEN_CPU_SOURCE_ORDER_NO_GAMEPLAY
V05C000412,80:84C4:E0M0X0,04042620,80,84C4,0,0,0,E6,INC,DP,2,E63E,NATIVE_BODY,NATIVE_BODY,7,8,DIRECT_LOW_NONZERO:+1,2,0,2,2,0,0,0,0,1,1,RMW_SEQUENCE,RMW_INTERMEDIATE_IDLE;DYN_DIRECT_LOW_PRE_IDLE,00010001,00003E,8084C4,V02C_MATRIX_PLUS_PINNED_MESEN_CPU_SOURCE_ORDER_NO_GAMEPLAY
V05C000413,80:84C6:E0M0X0,04042630,80,84C6,0,0,0,C8,INY,IMP,1,C8,NATIVE_BODY,NATIVE_BODY,2,2,NONE,1,0,0,0,0,0,0,0,1,0,FIXED_IDLE_SEQUENCE,IMPLIED_PRE_IDLE,00000800,000000,8084C6,V02C_MATRIX_PLUS_PINNED_MESEN_CPU_SOURCE_ORDER_NO_GAMEPLAY
V05C000414,80:84C7:E0M0X0,04042638,80,84C7,0,0,0,C0,CPY,IMM_X,3,C00010,NATIVE_BODY,NATIVE_BODY,3,3,NONE,3,0,0,0,0,0,0,0,0,0,LINEAR_BUS_SEQUENCE,,00000000,001000,8084C7,V02C_MATRIX_PLUS_PINNED_MESEN_CPU_SOURCE_ORDER_NO_GAMEPLAY
V05C000415,80:84CA:E0M0X0,04042650,80,84CA,0,0,0,90,BCC,REL8,2,9003,NATIVE_BODY,NATIVE_BODY,2,3,BRANCH_TAKEN:+1,2,0,0,0,0,0,0,0,0,1,BRANCH_SEQUENCE,DYN_BRANCH_TAKEN_POST_IDLE,00000004,000003,8084CA,V02C_MATRIX_PLUS_PINNED_MESEN_CPU_SOURCE_ORDER_NO_GAMEPLAY
V05C000416,80:84CC:E0M0X0,04042660,80,84CC,0,0,0,A0,LDY,IMM_X,3,A00000,NATIVE_BODY,NATIVE_BODY,3,3,NONE,3,0,0,0,0,0,0,0,0,0,LINEAR_BUS_SEQUENCE,,00000000,000000,8084CC,V02C_MATRIX_PLUS_PINNED_MESEN_CPU_SOURCE_ORDER_NO_GAMEPLAY
V05C000417,80:84CF:E0M0X0,04042678,80,84CF,0,0,0,CA,DEX,IMP,1,CA,NATIVE_BODY,NATIVE_BODY,2,2,NONE,1,0,0,0,0,0,0,0,1,0,FIXED_IDLE_SEQUENCE,IMPLIED_PRE_IDLE,00000800,000000,8084CF,V02C_MATRIX_PLUS_PINNED_MESEN_CPU_SOURCE_ORDER_NO_GAMEPLAY
V05C000418,80:84D0:E0M0X0,04042680,80,84D0,0,0,0,D0,BNE,REL8,2,D007,NATIVE_BODY,NATIVE_BODY,2,3,BRANCH_TAKEN:+1,2,0,0,0,0,0,0,0,0,1,BRANCH_SEQUENCE,DYN_BRANCH_TAKEN_POST_IDLE,00000004,000007,8084D0,V02C_MATRIX_PLUS_PINNED_MESEN_CPU_SOURCE_ORDER_NO_GAMEPLAY
V05C000419,80:84D2:E0M0X0,04042690,80,84D2,0,0,0,A2,LDX,IMM_X,3,A20010,NATIVE_BODY,NATIVE_BODY,3,3,NONE,3,0,0,0,0,0,0,0,0,0,LINEAR_BUS_SEQUENCE,,00000000,001000,8084D2,V02C_MATRIX_PLUS_PINNED_MESEN_CPU_SOURCE_ORDER_NO_GAMEPLAY
V05C000420,80:84D5:E0M0X0,040426A8,80,84D5,0,0,0,A3,LDA,STACK_REL,2,A305,NATIVE_BODY,NATIVE_BODY,5,5,NONE,2,0,2,0,0,0,0,0,1,0,FIXED_IDLE_SEQUENCE,STACK_REL_PRE_DATA_IDLE,00020000,000005,8084D5,V02C_MATRIX_PLUS_PINNED_MESEN_CPU_SOURCE_ORDER_NO_GAMEPLAY
V05C000421,80:84D7:E0M0X0,040426B8,80,84D7,0,0,0,85,STA,DP,2,853C,NATIVE_BODY,NATIVE_BODY,4,5,DIRECT_LOW_NONZERO:+1,2,0,0,2,0,0,0,0,0,1,DIRECT_SEQUENCE,DYN_DIRECT_LOW_PRE_IDLE,00000001,00003C,8084D7,V02C_MATRIX_PLUS_PINNED_MESEN_CPU_SOURCE_ORDER_NO_GAMEPLAY
V05C000422,80:84D9:E0M0X0,040426C8,80,84D9,0,0,0,C6,DEC,DP,2,C68E,NATIVE_BODY,NATIVE_BODY,7,8,DIRECT_LOW_NONZERO:+1,2,0,2,2,0,0,0,0,1,1,RMW_SEQUENCE,RMW_INTERMEDIATE_IDLE;DYN_DIRECT_LOW_PRE_IDLE,00010001,00008E,8084D9,V02C_MATRIX_PLUS_PINNED_MESEN_CPU_SOURCE_ORDER_NO_GAMEPLAY
V05C000423,80:84DB:E0M0X0,040426D8,80,84DB,0,0,0,D0,BNE,REL8,2,D0D4,NATIVE_BODY,NATIVE_BODY,2,3,BRANCH_TAKEN:+1,2,0,0,0,0,0,0,0,0,1,BRANCH_SEQUENCE,DYN_BRANCH_TAKEN_POST_IDLE,00000004,0000D4,8084DB,V02C_MATRIX_PLUS_PINNED_MESEN_CPU_SOURCE_ORDER_NO_GAMEPLAY
V05C000424,80:84DD:E0M0X0,040426E8,80,84DD,0,0,0,4C,JMP,ABS_JUMP,3,4C2984,NATIVE_BODY,NATIVE_BODY,3,3,NONE,3,0,0,0,0,0,0,0,0,0,LINEAR_BUS_SEQUENCE,,00000000,008429,8084DD,V02C_MATRIX_PLUS_PINNED_MESEN_CPU_SOURCE_ORDER_NO_GAMEPLAY
V05C000425,80:84E0:E0M1X0,04042702,80,84E0,0,1,0,48,PHA,IMP,1,48,NATIVE_BODY,NATIVE_BODY,3,3,NONE,1,0,0,0,0,0,1,0,1,0,FIXED_IDLE_SEQUENCE,PUSH_PRE_IDLE,00000200,000000,8084E0,V02C_MATRIX_PLUS_PINNED_MESEN_CPU_SOURCE_ORDER_NO_GAMEPLAY
V05C000426,80:84E1:E0M1X0,0404270A,80,84E1,0,1,0,A5,LDA,DP,2,A502,NATIVE_BODY,NATIVE_BODY,3,4,DIRECT_LOW_NONZERO:+1,2,0,1,0,0,0,0,0,0,1,DIRECT_SEQUENCE,DYN_DIRECT_LOW_PRE_IDLE,00000001,000002,8084E1,V02C_MATRIX_PLUS_PINNED_MESEN_CPU_SOURCE_ORDER_NO_GAMEPLAY
V05C000427,80:84E3:E0M1X0,0404271A,80,84E3,0,1,0,49,EOR,IMM_M,2,4901,NATIVE_BODY,NATIVE_BODY,2,2,NONE,2,0,0,0,0,0,0,0,0,0,LINEAR_BUS_SEQUENCE,,00000000,000001,8084E3,V02C_MATRIX_PLUS_PINNED_MESEN_CPU_SOURCE_ORDER_NO_GAMEPLAY
V05C000428,80:84E5:E0M1X0,0404272A,80,84E5,0,1,0,85,STA,DP,2,8502,NATIVE_BODY,NATIVE_BODY,3,4,DIRECT_LOW_NONZERO:+1,2,0,0,1,0,0,0,0,0,1,DIRECT_SEQUENCE,DYN_DIRECT_LOW_PRE_IDLE,00000001,000002,8084E5,V02C_MATRIX_PLUS_PINNED_MESEN_CPU_SOURCE_ORDER_NO_GAMEPLAY
V05C000429,80:84E7:E0M1X0,0404273A,80,84E7,0,1,0,F0,BEQ,REL8,2,F004,NATIVE_BODY,NATIVE_BODY,2,3,BRANCH_TAKEN:+1,2,0,0,0,0,0,0,0,0,1,BRANCH_SEQUENCE,DYN_BRANCH_TAKEN_POST_IDLE,00000004,000004,8084E7,V02C_MATRIX_PLUS_PINNED_MESEN_CPU_SOURCE_ORDER_NO_GAMEPLAY
V05C000430,80:84E9:E0M1X0,0404274A,80,84E9,0,1,0,68,PLA,IMP,1,68,NATIVE_BODY,NATIVE_BODY,4,4,NONE,1,0,0,0,0,1,0,0,2,0,FIXED_IDLE_SEQUENCE,PULL_PRE_IDLE;PULL_PRE_IDLE,00000400,000000,8084E9,V02C_MATRIX_PLUS_PINNED_MESEN_CPU_SOURCE_ORDER_NO_GAMEPLAY
V05C000431,80:84EA:E0M1X0,04042752,80,84EA,0,1,0,85,STA,DP,2,8503,NATIVE_BODY,NATIVE_BODY,3,4,DIRECT_LOW_NONZERO:+1,2,0,0,1,0,0,0,0,0,1,DIRECT_SEQUENCE,DYN_DIRECT_LOW_PRE_IDLE,00000001,000003,8084EA,V02C_MATRIX_PLUS_PINNED_MESEN_CPU_SOURCE_ORDER_NO_GAMEPLAY
V05C000432,80:84EC:E0M1X0,04042762,80,84EC,0,1,0,60,RTS,IMP,1,60,NATIVE_BODY,NATIVE_BODY,6,6,NONE,1,0,0,0,0,2,0,0,3,0,RETURN_SEQUENCE,RETURN_PRE_IDLE;RETURN_PRE_IDLE;RTS_POST_POP_IDLE,00000180,000000,8084EC,V02C_MATRIX_PLUS_PINNED_MESEN_CPU_SOURCE_ORDER_NO_GAMEPLAY
V05C000433,80:84ED:E0M1X0,0404276A,80,84ED,0,1,0,A5,LDA,DP,2,A503,NATIVE_BODY,NATIVE_BODY,3,4,DIRECT_LOW_NONZERO:+1,2,0,1,0,0,0,0,0,0,1,DIRECT_SEQUENCE,DYN_DIRECT_LOW_PRE_IDLE,00000001,000003,8084ED,V02C_MATRIX_PLUS_PINNED_MESEN_CPU_SOURCE_ORDER_NO_GAMEPLAY
V05C000434,80:84EF:E0M1X0,0404277A,80,84EF,0,1,0,8D,STA,ABS,3,8D1821,NATIVE_BODY,NATIVE_BODY,4,4,NONE,3,0,0,1,0,0,0,0,0,0,LINEAR_BUS_SEQUENCE,,00000000,002118,8084EF,V02C_MATRIX_PLUS_PINNED_MESEN_CPU_SOURCE_ORDER_NO_GAMEPLAY
V05C000435,80:84F2:E0M1X0,04042792,80,84F2,0,1,0,68,PLA,IMP,1,68,NATIVE_BODY,NATIVE_BODY,4,4,NONE,1,0,0,0,0,1,0,0,2,0,FIXED_IDLE_SEQUENCE,PULL_PRE_IDLE;PULL_PRE_IDLE,00000400,000000,8084F2,V02C_MATRIX_PLUS_PINNED_MESEN_CPU_SOURCE_ORDER_NO_GAMEPLAY
V05C000436,80:84F3:E0M1X0,0404279A,80,84F3,0,1,0,8D,STA,ABS,3,8D1921,NATIVE_BODY,NATIVE_BODY,4,4,NONE,3,0,0,1,0,0,0,0,0,0,LINEAR_BUS_SEQUENCE,,00000000,002119,8084F3,V02C_MATRIX_PLUS_PINNED_MESEN_CPU_SOURCE_ORDER_NO_GAMEPLAY
V05C000437,80:84F6:E0M1X0,040427B2,80,84F6,0,1,0,60,RTS,IMP,1,60,NATIVE_BODY,NATIVE_BODY,6,6,NONE,1,0,0,0,0,2,0,0,3,0,RETURN_SEQUENCE,RETURN_PRE_IDLE;RETURN_PRE_IDLE;RTS_POST_POP_IDLE,00000180,000000,8084F6,V02C_MATRIX_PLUS_PINNED_MESEN_CPU_SOURCE_ORDER_NO_GAMEPLAY
V05C000438,80:852C:E0M0X0,04042960,80,852C,0,0,0,A9,LDA,IMM_M,3,A97E00,NATIVE_BODY,NATIVE_BODY,3,3,NONE,3,0,0,0,0,0,0,0,0,0,LINEAR_BUS_SEQUENCE,,00000000,00007E,80852C,V02C_MATRIX_PLUS_PINNED_MESEN_CPU_SOURCE_ORDER_NO_GAMEPLAY
V05C000439,80:852F:E0M0X0,04042978,80,852F,0,0,0,85,STA,DP,2,853A,NATIVE_BODY,NATIVE_BODY,4,5,DIRECT_LOW_NONZERO:+1,2,0,0,2,0,0,0,0,0,1,DIRECT_SEQUENCE,DYN_DIRECT_LOW_PRE_IDLE,00000001,00003A,80852F,V02C_MATRIX_PLUS_PINNED_MESEN_CPU_SOURCE_ORDER_NO_GAMEPLAY
V05C000440,80:8531:E0M0X0,04042988,80,8531,0,0,0,A3,LDA,STACK_REL,2,A307,NATIVE_BODY,NATIVE_BODY,5,5,NONE,2,0,2,0,0,0,0,0,1,0,FIXED_IDLE_SEQUENCE,STACK_REL_PRE_DATA_IDLE,00020000,000007,808531,V02C_MATRIX_PLUS_PINNED_MESEN_CPU_SOURCE_ORDER_NO_GAMEPLAY
V05C000441,80:8533:E0M0X0,04042998,80,8533,0,0,0,85,STA,DP,2,8538,NATIVE_BODY,NATIVE_BODY,4,5,DIRECT_LOW_NONZERO:+1,2,0,0,2,0,0,0,0,0,1,DIRECT_SEQUENCE,DYN_DIRECT_LOW_PRE_IDLE,00000001,000038,808533,V02C_MATRIX_PLUS_PINNED_MESEN_CPU_SOURCE_ORDER_NO_GAMEPLAY
V05C000442,80:8535:E0M0X0,040429A8,80,8535,0,0,0,A3,LDA,STACK_REL,2,A309,NATIVE_BODY,NATIVE_BODY,5,5,NONE,2,0,2,0,0,0,0,0,1,0,FIXED_IDLE_SEQUENCE,STACK_REL_PRE_DATA_IDLE,00020000,000009,808535,V02C_MATRIX_PLUS_PINNED_MESEN_CPU_SOURCE_ORDER_NO_GAMEPLAY
V05C000443,80:8537:E0M0X0,040429B8,80,8537,0,0,0,85,STA,DP,2,8530,NATIVE_BODY,NATIVE_BODY,4,5,DIRECT_LOW_NONZERO:+1,2,0,0,2,0,0,0,0,0,1,DIRECT_SEQUENCE,DYN_DIRECT_LOW_PRE_IDLE,00000001,000030,808537,V02C_MATRIX_PLUS_PINNED_MESEN_CPU_SOURCE_ORDER_NO_GAMEPLAY
V05C000444,80:8539:E0M0X0,040429C8,80,8539,0,0,0,A3,LDA,STACK_REL,2,A30B,NATIVE_BODY,NATIVE_BODY,5,5,NONE,2,0,2,0,0,0,0,0,1,0,FIXED_IDLE_SEQUENCE,STACK_REL_PRE_DATA_IDLE,00020000,00000B,808539,V02C_MATRIX_PLUS_PINNED_MESEN_CPU_SOURCE_ORDER_NO_GAMEPLAY
V05C000445,80:853B:E0M0X0,040429D8,80,853B,0,0,0,85,STA,DP,2,8532,NATIVE_BODY,NATIVE_BODY,4,5,DIRECT_LOW_NONZERO:+1,2,0,0,2,0,0,0,0,0,1,DIRECT_SEQUENCE,DYN_DIRECT_LOW_PRE_IDLE,00000001,000032,80853B,V02C_MATRIX_PLUS_PINNED_MESEN_CPU_SOURCE_ORDER_NO_GAMEPLAY
V05C000446,80:853D:E0M0X0,040429E8,80,853D,0,0,0,A3,LDA,STACK_REL,2,A305,NATIVE_BODY,NATIVE_BODY,5,5,NONE,2,0,2,0,0,0,0,0,1,0,FIXED_IDLE_SEQUENCE,STACK_REL_PRE_DATA_IDLE,00020000,000005,80853D,V02C_MATRIX_PLUS_PINNED_MESEN_CPU_SOURCE_ORDER_NO_GAMEPLAY
V05C000447,80:853F:E0M0X0,040429F8,80,853F,0,0,0,85,STA,DP,2,8540,NATIVE_BODY,NATIVE_BODY,4,5,DIRECT_LOW_NONZERO:+1,2,0,0,2,0,0,0,0,0,1,DIRECT_SEQUENCE,DYN_DIRECT_LOW_PRE_IDLE,00000001,000040,80853F,V02C_MATRIX_PLUS_PINNED_MESEN_CPU_SOURCE_ORDER_NO_GAMEPLAY
V05C000448,80:8541:E0M0X0,04042A08,80,8541,0,0,0,85,STA,DP,2,853C,NATIVE_BODY,NATIVE_BODY,4,5,DIRECT_LOW_NONZERO:+1,2,0,0,2,0,0,0,0,0,1,DIRECT_SEQUENCE,DYN_DIRECT_LOW_PRE_IDLE,00000001,00003C,808541,V02C_MATRIX_PLUS_PINNED_MESEN_CPU_SOURCE_ORDER_NO_GAMEPLAY
V05C000449,80:8543:E0M0X0,04042A18,80,8543,0,0,0,A9,LDA,IMM_M,3,A97E00,NATIVE_BODY,NATIVE_BODY,3,3,NONE,3,0,0,0,0,0,0,0,0,0,LINEAR_BUS_SEQUENCE,,00000000,00007E,808543,V02C_MATRIX_PLUS_PINNED_MESEN_CPU_SOURCE_ORDER_NO_GAMEPLAY
V05C000450,80:8546:E0M0X0,04042A30,80,8546,0,0,0,85,STA,DP,2,8542,NATIVE_BODY,NATIVE_BODY,4,5,DIRECT_LOW_NONZERO:+1,2,0,0,2,0,0,0,0,0,1,DIRECT_SEQUENCE,DYN_DIRECT_LOW_PRE_IDLE,00000001,000042,808546,V02C_MATRIX_PLUS_PINNED_MESEN_CPU_SOURCE_ORDER_NO_GAMEPLAY
V05C000451,80:8548:E0M0X0,04042A40,80,8548,0,0,0,85,STA,DP,2,853E,NATIVE_BODY,NATIVE_BODY,4,5,DIRECT_LOW_NONZERO:+1,2,0,0,2,0,0,0,0,0,1,DIRECT_SEQUENCE,DYN_DIRECT_LOW_PRE_IDLE,00000001,00003E,808548,V02C_MATRIX_PLUS_PINNED_MESEN_CPU_SOURCE_ORDER_NO_GAMEPLAY
V05C000452,80:854A:E0M0X0,04042A50,80,854A,0,0,0,A7,LDA,DP_IND_LONG,2,A730,NATIVE_BODY,NATIVE_BODY,7,8,DIRECT_LOW_NONZERO:+1,2,3,2,0,0,0,0,0,0,1,DIRECT_SEQUENCE,DYN_DIRECT_LOW_PRE_IDLE,00000001,000030,80854A,V02C_MATRIX_PLUS_PINNED_MESEN_CPU_SOURCE_ORDER_NO_GAMEPLAY
V05C000453,80:854C:E0M0X0,04042A60,80,854C,0,0,0,E6,INC,DP,2,E630,NATIVE_BODY,NATIVE_BODY,7,8,DIRECT_LOW_NONZERO:+1,2,0,2,2,0,0,0,0,1,1,RMW_SEQUENCE,RMW_INTERMEDIATE_IDLE;DYN_DIRECT_LOW_PRE_IDLE,00010001,000030,80854C,V02C_MATRIX_PLUS_PINNED_MESEN_CPU_SOURCE_ORDER_NO_GAMEPLAY
V05C000454,80:854E:E0M0X0,04042A70,80,854E,0,0,0,D0,BNE,REL8,2,D007,NATIVE_BODY,NATIVE_BODY,2,3,BRANCH_TAKEN:+1,2,0,0,0,0,0,0,0,0,1,BRANCH_SEQUENCE,DYN_BRANCH_TAKEN_POST_IDLE,00000004,000007,80854E,V02C_MATRIX_PLUS_PINNED_MESEN_CPU_SOURCE_ORDER_NO_GAMEPLAY
V05C000455,80:8550:E0M0X0,04042A80,80,8550,0,0,0,A0,LDY,IMM_X,3,A00080,NATIVE_BODY,NATIVE_BODY,3,3,NONE,3,0,0,0,0,0,0,0,0,0,LINEAR_BUS_SEQUENCE,,00000000,008000,808550,V02C_MATRIX_PLUS_PINNED_MESEN_CPU_SOURCE_ORDER_NO_GAMEPLAY
V05C000456,80:8553:E0M0X0,04042A98,80,8553,0,0,0,84,STY,DP,2,8430,NATIVE_BODY,NATIVE_BODY,4,5,DIRECT_LOW_NONZERO:+1,2,0,0,2,0,0,0,0,0,1,DIRECT_SEQUENCE,DYN_DIRECT_LOW_PRE_IDLE,00000001,000030,808553,V02C_MATRIX_PLUS_PINNED_MESEN_CPU_SOURCE_ORDER_NO_GAMEPLAY
V05C000457,80:8555:E0M0X0,04042AA8,80,8555,0,0,0,E6,INC,DP,2,E632,NATIVE_BODY,NATIVE_BODY,7,8,DIRECT_LOW_NONZERO:+1,2,0,2,2,0,0,0,0,1,1,RMW_SEQUENCE,RMW_INTERMEDIATE_IDLE;DYN_DIRECT_LOW_PRE_IDLE,00010001,000032,808555,V02C_MATRIX_PLUS_PINNED_MESEN_CPU_SOURCE_ORDER_NO_GAMEPLAY
V05C000458,80:8557:E0M0X0,04042AB8,80,8557,0,0,0,85,STA,DP,2,8534,NATIVE_BODY,NATIVE_BODY,4,5,DIRECT_LOW_NONZERO:+1,2,0,0,2,0,0,0,0,0,1,DIRECT_SEQUENCE,DYN_DIRECT_LOW_PRE_IDLE,00000001,000034,808557,V02C_MATRIX_PLUS_PINNED_MESEN_CPU_SOURCE_ORDER_NO_GAMEPLAY
V05C000459,80:8559:E0M0X0,04042AC8,80,8559,0,0,0,A7,LDA,DP_IND_LONG,2,A730,NATIVE_BODY,NATIVE_BODY,7,8,DIRECT_LOW_NONZERO:+1,2,3,2,0,0,0,0,0,0,1,DIRECT_SEQUENCE,DYN_DIRECT_LOW_PRE_IDLE,00000001,000030,808559,V02C_MATRIX_PLUS_PINNED_MESEN_CPU_SOURCE_ORDER_NO_GAMEPLAY
V05C000460,80:855B:E0M0X0,04042AD8,80,855B,0,0,0,E6,INC,DP,2,E630,NATIVE_BODY,NATIVE_BODY,7,8,DIRECT_LOW_NONZERO:+1,2,0,2,2,0,0,0,0,1,1,RMW_SEQUENCE,RMW_INTERMEDIATE_IDLE;DYN_DIRECT_LOW_PRE_IDLE,00010001,000030,80855B,V02C_MATRIX_PLUS_PINNED_MESEN_CPU_SOURCE_ORDER_NO_GAMEPLAY
V05C000461,80:855D:E0M0X0,04042AE8,80,855D,0,0,0,D0,BNE,REL8,2,D007,NATIVE_BODY,NATIVE_BODY,2,3,BRANCH_TAKEN:+1,2,0,0,0,0,0,0,0,0,1,BRANCH_SEQUENCE,DYN_BRANCH_TAKEN_POST_IDLE,00000004,000007,80855D,V02C_MATRIX_PLUS_PINNED_MESEN_CPU_SOURCE_ORDER_NO_GAMEPLAY
V05C000462,80:855F:E0M0X0,04042AF8,80,855F,0,0,0,A0,LDY,IMM_X,3,A00080,NATIVE_BODY,NATIVE_BODY,3,3,NONE,3,0,0,0,0,0,0,0,0,0,LINEAR_BUS_SEQUENCE,,00000000,008000,80855F,V02C_MATRIX_PLUS_PINNED_MESEN_CPU_SOURCE_ORDER_NO_GAMEPLAY
V05C000463,80:8562:E0M0X0,04042B10,80,8562,0,0,0,84,STY,DP,2,8430,NATIVE_BODY,NATIVE_BODY,4,5,DIRECT_LOW_NONZERO:+1,2,0,0,2,0,0,0,0,0,1,DIRECT_SEQUENCE,DYN_DIRECT_LOW_PRE_IDLE,00000001,000030,808562,V02C_MATRIX_PLUS_PINNED_MESEN_CPU_SOURCE_ORDER_NO_GAMEPLAY
V05C000464,80:8564:E0M0X0,04042B20,80,8564,0,0,0,E6,INC,DP,2,E632,NATIVE_BODY,NATIVE_BODY,7,8,DIRECT_LOW_NONZERO:+1,2,0,2,2,0,0,0,0,1,1,RMW_SEQUENCE,RMW_INTERMEDIATE_IDLE;DYN_DIRECT_LOW_PRE_IDLE,00010001,000032,808564,V02C_MATRIX_PLUS_PINNED_MESEN_CPU_SOURCE_ORDER_NO_GAMEPLAY
V05C000465,80:8566:E0M0X0,04042B30,80,8566,0,0,0,E2,SEP,IMM8,2,E220,NATIVE_BODY,NATIVE_BODY,3,3,NONE,2,0,0,0,0,0,0,0,1,0,FIXED_IDLE_SEQUENCE,STATUS_PRE_IDLE,00002000,000020,808566,V02C_MATRIX_PLUS_PINNED_MESEN_CPU_SOURCE_ORDER_NO_GAMEPLAY
V05C000466,80:8568:E0M1X0,04042B42,80,8568,0,1,0,85,STA,DP,2,8535,NATIVE_BODY,NATIVE_BODY,3,4,DIRECT_LOW_NONZERO:+1,2,0,0,1,0,0,0,0,0,1,DIRECT_SEQUENCE,DYN_DIRECT_LOW_PRE_IDLE,00000001,000035,808568,V02C_MATRIX_PLUS_PINNED_MESEN_CPU_SOURCE_ORDER_NO_GAMEPLAY
V05C000467,80:856A:E0M1X0,04042B52,80,856A,0,1,0,C2,REP,IMM8,2,C220,NATIVE_BODY,NATIVE_BODY,3,3,NONE,2,0,0,0,0,0,0,0,1,0,FIXED_IDLE_SEQUENCE,STATUS_PRE_IDLE,00002000,000020,80856A,V02C_MATRIX_PLUS_PINNED_MESEN_CPU_SOURCE_ORDER_NO_GAMEPLAY
V05C000468,80:856C:E0M0X0,04042B60,80,856C,0,0,0,A0,LDY,IMM_X,3,A0FE0F,NATIVE_BODY,NATIVE_BODY,3,3,NONE,3,0,0,0,0,0,0,0,0,0,LINEAR_BUS_SEQUENCE,,00000000,000FFE,80856C,V02C_MATRIX_PLUS_PINNED_MESEN_CPU_SOURCE_ORDER_NO_GAMEPLAY
V05C000469,80:856F:E0M0X0,04042B78,80,856F,0,0,0,A9,LDA,IMM_M,3,A90000,NATIVE_BODY,NATIVE_BODY,3,3,NONE,3,0,0,0,0,0,0,0,0,0,LINEAR_BUS_SEQUENCE,,00000000,000000,80856F,V02C_MATRIX_PLUS_PINNED_MESEN_CPU_SOURCE_ORDER_NO_GAMEPLAY
V05C000470,80:8572:E0M0X0,04042B90,80,8572,0,0,0,97,STA,DP_IND_LONG_Y,2,9740,NATIVE_BODY,NATIVE_BODY,7,8,DIRECT_LOW_NONZERO:+1,2,3,0,2,0,0,0,0,0,1,DIRECT_SEQUENCE,DYN_DIRECT_LOW_PRE_IDLE,00000001,000040,808572,V02C_MATRIX_PLUS_PINNED_MESEN_CPU_SOURCE_ORDER_NO_GAMEPLAY
V05C000471,80:8574:E0M0X0,04042BA0,80,8574,0,0,0,88,DEY,IMP,1,88,NATIVE_BODY,NATIVE_BODY,2,2,NONE,1,0,0,0,0,0,0,0,1,0,FIXED_IDLE_SEQUENCE,IMPLIED_PRE_IDLE,00000800,000000,808574,V02C_MATRIX_PLUS_PINNED_MESEN_CPU_SOURCE_ORDER_NO_GAMEPLAY
V05C000472,80:8575:E0M0X0,04042BA8,80,8575,0,0,0,88,DEY,IMP,1,88,NATIVE_BODY,NATIVE_BODY,2,2,NONE,1,0,0,0,0,0,0,0,1,0,FIXED_IDLE_SEQUENCE,IMPLIED_PRE_IDLE,00000800,000000,808575,V02C_MATRIX_PLUS_PINNED_MESEN_CPU_SOURCE_ORDER_NO_GAMEPLAY
V05C000473,80:8576:E0M0X0,04042BB0,80,8576,0,0,0,10,BPL,REL8,2,10FA,NATIVE_BODY,NATIVE_BODY,2,3,BRANCH_TAKEN:+1,2,0,0,0,0,0,0,0,0,1,BRANCH_SEQUENCE,DYN_BRANCH_TAKEN_POST_IDLE,00000004,0000FA,808576,V02C_MATRIX_PLUS_PINNED_MESEN_CPU_SOURCE_ORDER_NO_GAMEPLAY
V05C000474,80:8578:E0M0X0,04042BC0,80,8578,0,0,0,A2,LDX,IMM_X,3,A20010,NATIVE_BODY,NATIVE_BODY,3,3,NONE,3,0,0,0,0,0,0,0,0,0,LINEAR_BUS_SEQUENCE,,00000000,001000,808578,V02C_MATRIX_PLUS_PINNED_MESEN_CPU_SOURCE_ORDER_NO_GAMEPLAY
V05C000475,80:857B:E0M0X0,04042BD8,80,857B,0,0,0,64,STZ,DP,2,6444,NATIVE_BODY,NATIVE_BODY,4,5,DIRECT_LOW_NONZERO:+1,2,0,0,2,0,0,0,0,0,1,DIRECT_SEQUENCE,DYN_DIRECT_LOW_PRE_IDLE,00000001,000044,80857B,V02C_MATRIX_PLUS_PINNED_MESEN_CPU_SOURCE_ORDER_NO_GAMEPLAY
V05C000476,80:857D:E0M0X0,04042BE8,80,857D,0,0,0,A5,LDA,DP,2,A544,NATIVE_BODY,NATIVE_BODY,4,5,DIRECT_LOW_NONZERO:+1,2,0,2,0,0,0,0,0,0,1,DIRECT_SEQUENCE,DYN_DIRECT_LOW_PRE_IDLE,00000001,000044,80857D,V02C_MATRIX_PLUS_PINNED_MESEN_CPU_SOURCE_ORDER_NO_GAMEPLAY
V05C000477,80:857F:E0M0X0,04042BF8,80,857F,0,0,0,4A,LSR,ACC,1,4A,NATIVE_BODY,NATIVE_BODY,2,2,NONE,1,0,0,0,0,0,0,0,1,0,FIXED_IDLE_SEQUENCE,IMPLIED_PRE_IDLE,00000800,000000,80857F,V02C_MATRIX_PLUS_PINNED_MESEN_CPU_SOURCE_ORDER_NO_GAMEPLAY
V05C000478,80:8580:E0M0X0,04042C00,80,8580,0,0,0,85,STA,DP,2,8544,NATIVE_BODY,NATIVE_BODY,4,5,DIRECT_LOW_NONZERO:+1,2,0,0,2,0,0,0,0,0,1,DIRECT_SEQUENCE,DYN_DIRECT_LOW_PRE_IDLE,00000001,000044,808580,V02C_MATRIX_PLUS_PINNED_MESEN_CPU_SOURCE_ORDER_NO_GAMEPLAY
V05C000479,80:8582:E0M0X0,04042C10,80,8582,0,0,0,89,BIT,IMM_M,3,890001,NATIVE_BODY,NATIVE_BODY,3,3,NONE,3,0,0,0,0,0,0,0,0,0,LINEAR_BUS_SEQUENCE,,00000000,000100,808582,V02C_MATRIX_PLUS_PINNED_MESEN_CPU_SOURCE_ORDER_NO_GAMEPLAY
V05C000480,80:8585:E0M0X0,04042C28,80,8585,0,0,0,D0,BNE,REL8,2,D012,NATIVE_BODY,NATIVE_BODY,2,3,BRANCH_TAKEN:+1,2,0,0,0,0,0,0,0,0,1,BRANCH_SEQUENCE,DYN_BRANCH_TAKEN_POST_IDLE,00000004,000012,808585,V02C_MATRIX_PLUS_PINNED_MESEN_CPU_SOURCE_ORDER_NO_GAMEPLAY
V05C000481,80:8587:E0M0X0,04042C38,80,8587,0,0,0,A7,LDA,DP_IND_LONG,2,A730,NATIVE_BODY,NATIVE_BODY,7,8,DIRECT_LOW_NONZERO:+1,2,3,2,0,0,0,0,0,0,1,DIRECT_SEQUENCE,DYN_DIRECT_LOW_PRE_IDLE,00000001,000030,808587,V02C_MATRIX_PLUS_PINNED_MESEN_CPU_SOURCE_ORDER_NO_GAMEPLAY
V05C000482,80:8589:E0M0X0,04042C48,80,8589,0,0,0,E6,INC,DP,2,E630,NATIVE_BODY,NATIVE_BODY,7,8,DIRECT_LOW_NONZERO:+1,2,0,2,2,0,0,0,0,1,1,RMW_SEQUENCE,RMW_INTERMEDIATE_IDLE;DYN_DIRECT_LOW_PRE_IDLE,00010001,000030,808589,V02C_MATRIX_PLUS_PINNED_MESEN_CPU_SOURCE_ORDER_NO_GAMEPLAY
V05C000483,80:858B:E0M0X0,04042C58,80,858B,0,0,0,D0,BNE,REL8,2,D007,NATIVE_BODY,NATIVE_BODY,2,3,BRANCH_TAKEN:+1,2,0,0,0,0,0,0,0,0,1,BRANCH_SEQUENCE,DYN_BRANCH_TAKEN_POST_IDLE,00000004,000007,80858B,V02C_MATRIX_PLUS_PINNED_MESEN_CPU_SOURCE_ORDER_NO_GAMEPLAY
V05C000484,80:858D:E0M0X0,04042C68,80,858D,0,0,0,A0,LDY,IMM_X,3,A00080,NATIVE_BODY,NATIVE_BODY,3,3,NONE,3,0,0,0,0,0,0,0,0,0,LINEAR_BUS_SEQUENCE,,00000000,008000,80858D,V02C_MATRIX_PLUS_PINNED_MESEN_CPU_SOURCE_ORDER_NO_GAMEPLAY
V05C000485,80:8590:E0M0X0,04042C80,80,8590,0,0,0,84,STY,DP,2,8430,NATIVE_BODY,NATIVE_BODY,4,5,DIRECT_LOW_NONZERO:+1,2,0,0,2,0,0,0,0,0,1,DIRECT_SEQUENCE,DYN_DIRECT_LOW_PRE_IDLE,00000001,000030,808590,V02C_MATRIX_PLUS_PINNED_MESEN_CPU_SOURCE_ORDER_NO_GAMEPLAY
V05C000486,80:8592:E0M0X0,04042C90,80,8592,0,0,0,E6,INC,DP,2,E632,NATIVE_BODY,NATIVE_BODY,7,8,DIRECT_LOW_NONZERO:+1,2,0,2,2,0,0,0,0,1,1,RMW_SEQUENCE,RMW_INTERMEDIATE_IDLE;DYN_DIRECT_LOW_PRE_IDLE,00010001,000032,808592,V02C_MATRIX_PLUS_PINNED_MESEN_CPU_SOURCE_ORDER_NO_GAMEPLAY
V05C000487,80:8594:E0M0X0,04042CA0,80,8594,0,0,0,09,ORA,IMM_M,3,0900FF,NATIVE_BODY,NATIVE_BODY,3,3,NONE,3,0,0,0,0,0,0,0,0,0,LINEAR_BUS_SEQUENCE,,00000000,00FF00,808594,V02C_MATRIX_PLUS_PINNED_MESEN_CPU_SOURCE_ORDER_NO_GAMEPLAY
V05C000488,80:8597:E0M0X0,04042CB8,80,8597,0,0,0,85,STA,DP,2,8544,NATIVE_BODY,NATIVE_BODY,4,5,DIRECT_LOW_NONZERO:+1,2,0,0,2,0,0,0,0,0,1,DIRECT_SEQUENCE,DYN_DIRECT_LOW_PRE_IDLE,00000001,000044,808597,V02C_MATRIX_PLUS_PINNED_MESEN_CPU_SOURCE_ORDER_NO_GAMEPLAY
V05C000489,80:8599:E0M0X0,04042CC8,80,8599,0,0,0,4A,LSR,ACC,1,4A,NATIVE_BODY,NATIVE_BODY,2,2,NONE,1,0,0,0,0,0,0,0,1,0,FIXED_IDLE_SEQUENCE,IMPLIED_PRE_IDLE,00000800,000000,808599,V02C_MATRIX_PLUS_PINNED_MESEN_CPU_SOURCE_ORDER_NO_GAMEPLAY
V05C000490,80:859A:E0M0X0,04042CD0,80,859A,0,0,0,90,BCC,REL8,2,9032,NATIVE_BODY,NATIVE_BODY,2,3,BRANCH_TAKEN:+1,2,0,0,0,0,0,0,0,0,1,BRANCH_SEQUENCE,DYN_BRANCH_TAKEN_POST_IDLE,00000004,000032,80859A,V02C_MATRIX_PLUS_PINNED_MESEN_CPU_SOURCE_ORDER_NO_GAMEPLAY
V05C000491,80:859C:E0M0X0,04042CE0,80,859C,0,0,0,A7,LDA,DP_IND_LONG,2,A730,NATIVE_BODY,NATIVE_BODY,7,8,DIRECT_LOW_NONZERO:+1,2,3,2,0,0,0,0,0,0,1,DIRECT_SEQUENCE,DYN_DIRECT_LOW_PRE_IDLE,00000001,000030,80859C,V02C_MATRIX_PLUS_PINNED_MESEN_CPU_SOURCE_ORDER_NO_GAMEPLAY
V05C000492,80:859E:E0M0X0,04042CF0,80,859E,0,0,0,E6,INC,DP,2,E630,NATIVE_BODY,NATIVE_BODY,7,8,DIRECT_LOW_NONZERO:+1,2,0,2,2,0,0,0,0,1,1,RMW_SEQUENCE,RMW_INTERMEDIATE_IDLE;DYN_DIRECT_LOW_PRE_IDLE,00010001,000030,80859E,V02C_MATRIX_PLUS_PINNED_MESEN_CPU_SOURCE_ORDER_NO_GAMEPLAY
V05C000493,80:85A0:E0M0X0,04042D00,80,85A0,0,0,0,D0,BNE,REL8,2,D007,NATIVE_BODY,NATIVE_BODY,2,3,BRANCH_TAKEN:+1,2,0,0,0,0,0,0,0,0,1,BRANCH_SEQUENCE,DYN_BRANCH_TAKEN_POST_IDLE,00000004,000007,8085A0,V02C_MATRIX_PLUS_PINNED_MESEN_CPU_SOURCE_ORDER_NO_GAMEPLAY
V05C000494,80:85A2:E0M0X0,04042D10,80,85A2,0,0,0,A0,LDY,IMM_X,3,A00080,NATIVE_BODY,NATIVE_BODY,3,3,NONE,3,0,0,0,0,0,0,0,0,0,LINEAR_BUS_SEQUENCE,,00000000,008000,8085A2,V02C_MATRIX_PLUS_PINNED_MESEN_CPU_SOURCE_ORDER_NO_GAMEPLAY
V05C000495,80:85A5:E0M0X0,04042D28,80,85A5,0,0,0,84,STY,DP,2,8430,NATIVE_BODY,NATIVE_BODY,4,5,DIRECT_LOW_NONZERO:+1,2,0,0,2,0,0,0,0,0,1,DIRECT_SEQUENCE,DYN_DIRECT_LOW_PRE_IDLE,00000001,000030,8085A5,V02C_MATRIX_PLUS_PINNED_MESEN_CPU_SOURCE_ORDER_NO_GAMEPLAY
V05C000496,80:85A7:E0M0X0,04042D38,80,85A7,0,0,0,E6,INC,DP,2,E632,NATIVE_BODY,NATIVE_BODY,7,8,DIRECT_LOW_NONZERO:+1,2,0,2,2,0,0,0,0,1,1,RMW_SEQUENCE,RMW_INTERMEDIATE_IDLE;DYN_DIRECT_LOW_PRE_IDLE,00010001,000032,8085A7,V02C_MATRIX_PLUS_PINNED_MESEN_CPU_SOURCE_ORDER_NO_GAMEPLAY
V05C000497,80:85A9:E0M0X0,04042D48,80,85A9,0,0,0,E2,SEP,IMM8,2,E220,NATIVE_BODY,NATIVE_BODY,3,3,NONE,2,0,0,0,0,0,0,0,1,0,FIXED_IDLE_SEQUENCE,STATUS_PRE_IDLE,00002000,000020,8085A9,V02C_MATRIX_PLUS_PINNED_MESEN_CPU_SOURCE_ORDER_NO_GAMEPLAY
V05C000498,80:85AB:E0M1X0,04042D5A,80,85AB,0,1,0,87,STA,DP_IND_LONG,2,8738,NATIVE_BODY,NATIVE_BODY,6,7,DIRECT_LOW_NONZERO:+1,2,3,0,1,0,0,0,0,0,1,DIRECT_SEQUENCE,DYN_DIRECT_LOW_PRE_IDLE,00000001,000038,8085AB,V02C_MATRIX_PLUS_PINNED_MESEN_CPU_SOURCE_ORDER_NO_GAMEPLAY
V05C000499,80:85AD:E0M1X0,04042D6A,80,85AD,0,1,0,87,STA,DP_IND_LONG,2,873C,NATIVE_BODY,NATIVE_BODY,6,7,DIRECT_LOW_NONZERO:+1,2,3,0,1,0,0,0,0,0,1,DIRECT_SEQUENCE,DYN_DIRECT_LOW_PRE_IDLE,00000001,00003C,8085AD,V02C_MATRIX_PLUS_PINNED_MESEN_CPU_SOURCE_ORDER_NO_GAMEPLAY
V05C000500,80:85AF:E0M1X0,04042D7A,80,85AF,0,1,0,C2,REP,IMM8,2,C220,NATIVE_BODY,NATIVE_BODY,3,3,NONE,2,0,0,0,0,0,0,0,1,0,FIXED_IDLE_SEQUENCE,STATUS_PRE_IDLE,00002000,000020,8085AF,V02C_MATRIX_PLUS_PINNED_MESEN_CPU_SOURCE_ORDER_NO_GAMEPLAY
V05C000501,80:85B1:E0M0X0,04042D88,80,85B1,0,0,0,C6,DEC,DP,2,C634,NATIVE_BODY,NATIVE_BODY,7,8,DIRECT_LOW_NONZERO:+1,2,0,2,2,0,0,0,0,1,1,RMW_SEQUENCE,RMW_INTERMEDIATE_IDLE;DYN_DIRECT_LOW_PRE_IDLE,00010001,000034,8085B1,V02C_MATRIX_PLUS_PINNED_MESEN_CPU_SOURCE_ORDER_NO_GAMEPLAY
V05C000502,80:85B3:E0M0X0,04042D98,80,85B3,0,0,0,D0,BNE,REL8,2,D001,NATIVE_BODY,NATIVE_BODY,2,3,BRANCH_TAKEN:+1,2,0,0,0,0,0,0,0,0,1,BRANCH_SEQUENCE,DYN_BRANCH_TAKEN_POST_IDLE,00000004,000001,8085B3,V02C_MATRIX_PLUS_PINNED_MESEN_CPU_SOURCE_ORDER_NO_GAMEPLAY
V05C000503,80:85B5:E0M0X0,04042DA8,80,85B5,0,0,0,60,RTS,IMP,1,60,NATIVE_BODY,NATIVE_BODY,6,6,NONE,1,0,0,0,0,2,0,0,3,0,RETURN_SEQUENCE,RETURN_PRE_IDLE;RETURN_PRE_IDLE;RTS_POST_POP_IDLE,00000180,000000,8085B5,V02C_MATRIX_PLUS_PINNED_MESEN_CPU_SOURCE_ORDER_NO_GAMEPLAY
V05C000504,80:85B6:E0M0X0,04042DB0,80,85B6,0,0,0,E6,INC,DP,2,E638,NATIVE_BODY,NATIVE_BODY,7,8,DIRECT_LOW_NONZERO:+1,2,0,2,2,0,0,0,0,1,1,RMW_SEQUENCE,RMW_INTERMEDIATE_IDLE;DYN_DIRECT_LOW_PRE_IDLE,00010001,000038,8085B6,V02C_MATRIX_PLUS_PINNED_MESEN_CPU_SOURCE_ORDER_NO_GAMEPLAY
V05C000505,80:85B8:E0M0X0,04042DC0,80,85B8,0,0,0,D0,BNE,REL8,2,D002,NATIVE_BODY,NATIVE_BODY,2,3,BRANCH_TAKEN:+1,2,0,0,0,0,0,0,0,0,1,BRANCH_SEQUENCE,DYN_BRANCH_TAKEN_POST_IDLE,00000004,000002,8085B8,V02C_MATRIX_PLUS_PINNED_MESEN_CPU_SOURCE_ORDER_NO_GAMEPLAY
V05C000506,80:85BA:E0M0X0,04042DD0,80,85BA,0,0,0,E6,INC,DP,2,E63A,NATIVE_BODY,NATIVE_BODY,7,8,DIRECT_LOW_NONZERO:+1,2,0,2,2,0,0,0,0,1,1,RMW_SEQUENCE,RMW_INTERMEDIATE_IDLE;DYN_DIRECT_LOW_PRE_IDLE,00010001,00003A,8085BA,V02C_MATRIX_PLUS_PINNED_MESEN_CPU_SOURCE_ORDER_NO_GAMEPLAY
V05C000507,80:85BC:E0M0X0,04042DE0,80,85BC,0,0,0,E6,INC,DP,2,E63C,NATIVE_BODY,NATIVE_BODY,7,8,DIRECT_LOW_NONZERO:+1,2,0,2,2,0,0,0,0,1,1,RMW_SEQUENCE,RMW_INTERMEDIATE_IDLE;DYN_DIRECT_LOW_PRE_IDLE,00010001,00003C,8085BC,V02C_MATRIX_PLUS_PINNED_MESEN_CPU_SOURCE_ORDER_NO_GAMEPLAY
V05C000508,80:85BE:E0M0X0,04042DF0,80,85BE,0,0,0,D0,BNE,REL8,2,D002,NATIVE_BODY,NATIVE_BODY,2,3,BRANCH_TAKEN:+1,2,0,0,0,0,0,0,0,0,1,BRANCH_SEQUENCE,DYN_BRANCH_TAKEN_POST_IDLE,00000004,000002,8085BE,V02C_MATRIX_PLUS_PINNED_MESEN_CPU_SOURCE_ORDER_NO_GAMEPLAY
V05C000509,80:85C0:E0M0X0,04042E00,80,85C0,0,0,0,E6,INC,DP,2,E63E,NATIVE_BODY,NATIVE_BODY,7,8,DIRECT_LOW_NONZERO:+1,2,0,2,2,0,0,0,0,1,1,RMW_SEQUENCE,RMW_INTERMEDIATE_IDLE;DYN_DIRECT_LOW_PRE_IDLE,00010001,00003E,8085C0,V02C_MATRIX_PLUS_PINNED_MESEN_CPU_SOURCE_ORDER_NO_GAMEPLAY
V05C000510,80:85C2:E0M0X0,04042E10,80,85C2,0,0,0,CA,DEX,IMP,1,CA,NATIVE_BODY,NATIVE_BODY,2,2,NONE,1,0,0,0,0,0,0,0,1,0,FIXED_IDLE_SEQUENCE,IMPLIED_PRE_IDLE,00000800,000000,8085C2,V02C_MATRIX_PLUS_PINNED_MESEN_CPU_SOURCE_ORDER_NO_GAMEPLAY
V05C000511,80:85C3:E0M0X0,04042E18,80,85C3,0,0,0,D0,BNE,REL8,2,D0B8,NATIVE_BODY,NATIVE_BODY,2,3,BRANCH_TAKEN:+1,2,0,0,0,0,0,0,0,0,1,BRANCH_SEQUENCE,DYN_BRANCH_TAKEN_POST_IDLE,00000004,0000B8,8085C3,V02C_MATRIX_PLUS_PINNED_MESEN_CPU_SOURCE_ORDER_NO_GAMEPLAY
V05C000512,80:85C5:E0M0X0,04042E28,80,85C5,0,0,0,A2,LDX,IMM_X,3,A20010,NATIVE_BODY,NATIVE_BODY,3,3,NONE,3,0,0,0,0,0,0,0,0,0,LINEAR_BUS_SEQUENCE,,00000000,001000,8085C5,V02C_MATRIX_PLUS_PINNED_MESEN_CPU_SOURCE_ORDER_NO_GAMEPLAY
V05C000513,80:85C8:E0M0X0,04042E40,80,85C8,0,0,0,A3,LDA,STACK_REL,2,A305,NATIVE_BODY,NATIVE_BODY,5,5,NONE,2,0,2,0,0,0,0,0,1,0,FIXED_IDLE_SEQUENCE,STACK_REL_PRE_DATA_IDLE,00020000,000005,8085C8,V02C_MATRIX_PLUS_PINNED_MESEN_CPU_SOURCE_ORDER_NO_GAMEPLAY
V05C000514,80:85CA:E0M0X0,04042E50,80,85CA,0,0,0,85,STA,DP,2,853C,NATIVE_BODY,NATIVE_BODY,4,5,DIRECT_LOW_NONZERO:+1,2,0,0,2,0,0,0,0,0,1,DIRECT_SEQUENCE,DYN_DIRECT_LOW_PRE_IDLE,00000001,00003C,8085CA,V02C_MATRIX_PLUS_PINNED_MESEN_CPU_SOURCE_ORDER_NO_GAMEPLAY
V05C000515,80:85CC:E0M0X0,04042E60,80,85CC,0,0,0,80,BRA,REL8,2,80AF,NATIVE_BODY,NATIVE_BODY,3,3,NONE,2,0,0,0,0,0,0,0,1,0,BRANCH_SEQUENCE,BRANCH_ALWAYS_POST_IDLE,00004000,0000AF,8085CC,V02C_MATRIX_PLUS_PINNED_MESEN_CPU_SOURCE_ORDER_NO_GAMEPLAY
V05C000516,80:85CE:E0M0X0,04042E70,80,85CE,0,0,0,A7,LDA,DP_IND_LONG,2,A730,NATIVE_BODY,NATIVE_BODY,7,8,DIRECT_LOW_NONZERO:+1,2,3,2,0,0,0,0,0,0,1,DIRECT_SEQUENCE,DYN_DIRECT_LOW_PRE_IDLE,00000001,000030,8085CE,V02C_MATRIX_PLUS_PINNED_MESEN_CPU_SOURCE_ORDER_NO_GAMEPLAY
V05C000517,80:85D0:E0M0X0,04042E80,80,85D0,0,0,0,E6,INC,DP,2,E630,NATIVE_BODY,NATIVE_BODY,7,8,DIRECT_LOW_NONZERO:+1,2,0,2,2,0,0,0,0,1,1,RMW_SEQUENCE,RMW_INTERMEDIATE_IDLE;DYN_DIRECT_LOW_PRE_IDLE,00010001,000030,8085D0,V02C_MATRIX_PLUS_PINNED_MESEN_CPU_SOURCE_ORDER_NO_GAMEPLAY
V05C000518,80:85D2:E0M0X0,04042E90,80,85D2,0,0,0,D0,BNE,REL8,2,D007,NATIVE_BODY,NATIVE_BODY,2,3,BRANCH_TAKEN:+1,2,0,0,0,0,0,0,0,0,1,BRANCH_SEQUENCE,DYN_BRANCH_TAKEN_POST_IDLE,00000004,000007,8085D2,V02C_MATRIX_PLUS_PINNED_MESEN_CPU_SOURCE_ORDER_NO_GAMEPLAY
V05C000519,80:85D4:E0M0X0,04042EA0,80,85D4,0,0,0,A0,LDY,IMM_X,3,A00080,NATIVE_BODY,NATIVE_BODY,3,3,NONE,3,0,0,0,0,0,0,0,0,0,LINEAR_BUS_SEQUENCE,,00000000,008000,8085D4,V02C_MATRIX_PLUS_PINNED_MESEN_CPU_SOURCE_ORDER_NO_GAMEPLAY
V05C000520,80:85D7:E0M0X0,04042EB8,80,85D7,0,0,0,84,STY,DP,2,8430,NATIVE_BODY,NATIVE_BODY,4,5,DIRECT_LOW_NONZERO:+1,2,0,0,2,0,0,0,0,0,1,DIRECT_SEQUENCE,DYN_DIRECT_LOW_PRE_IDLE,00000001,000030,8085D7,V02C_MATRIX_PLUS_PINNED_MESEN_CPU_SOURCE_ORDER_NO_GAMEPLAY
V05C000521,80:85D9:E0M0X0,04042EC8,80,85D9,0,0,0,E6,INC,DP,2,E632,NATIVE_BODY,NATIVE_BODY,7,8,DIRECT_LOW_NONZERO:+1,2,0,2,2,0,0,0,0,1,1,RMW_SEQUENCE,RMW_INTERMEDIATE_IDLE;DYN_DIRECT_LOW_PRE_IDLE,00010001,000032,8085D9,V02C_MATRIX_PLUS_PINNED_MESEN_CPU_SOURCE_ORDER_NO_GAMEPLAY
V05C000522,80:85DB:E0M0X0,04042ED8,80,85DB,0,0,0,85,STA,DP,2,85A2,NATIVE_BODY,NATIVE_BODY,4,5,DIRECT_LOW_NONZERO:+1,2,0,0,2,0,0,0,0,0,1,DIRECT_SEQUENCE,DYN_DIRECT_LOW_PRE_IDLE,00000001,0000A2,8085DB,V02C_MATRIX_PLUS_PINNED_MESEN_CPU_SOURCE_ORDER_NO_GAMEPLAY
V05C000523,80:85DD:E0M0X0,04042EE8,80,85DD,0,0,0,A7,LDA,DP_IND_LONG,2,A730,NATIVE_BODY,NATIVE_BODY,7,8,DIRECT_LOW_NONZERO:+1,2,3,2,0,0,0,0,0,0,1,DIRECT_SEQUENCE,DYN_DIRECT_LOW_PRE_IDLE,00000001,000030,8085DD,V02C_MATRIX_PLUS_PINNED_MESEN_CPU_SOURCE_ORDER_NO_GAMEPLAY
V05C000524,80:85DF:E0M0X0,04042EF8,80,85DF,0,0,0,E6,INC,DP,2,E630,NATIVE_BODY,NATIVE_BODY,7,8,DIRECT_LOW_NONZERO:+1,2,0,2,2,0,0,0,0,1,1,RMW_SEQUENCE,RMW_INTERMEDIATE_IDLE;DYN_DIRECT_LOW_PRE_IDLE,00010001,000030,8085DF,V02C_MATRIX_PLUS_PINNED_MESEN_CPU_SOURCE_ORDER_NO_GAMEPLAY
V05C000525,80:85E1:E0M0X0,04042F08,80,85E1,0,0,0,D0,BNE,REL8,2,D007,NATIVE_BODY,NATIVE_BODY,2,3,BRANCH_TAKEN:+1,2,0,0,0,0,0,0,0,0,1,BRANCH_SEQUENCE,DYN_BRANCH_TAKEN_POST_IDLE,00000004,000007,8085E1,V02C_MATRIX_PLUS_PINNED_MESEN_CPU_SOURCE_ORDER_NO_GAMEPLAY
V05C000526,80:85E3:E0M0X0,04042F18,80,85E3,0,0,0,A0,LDY,IMM_X,3,A00080,NATIVE_BODY,NATIVE_BODY,3,3,NONE,3,0,0,0,0,0,0,0,0,0,LINEAR_BUS_SEQUENCE,,00000000,008000,8085E3,V02C_MATRIX_PLUS_PINNED_MESEN_CPU_SOURCE_ORDER_NO_GAMEPLAY
V05C000527,80:85E6:E0M0X0,04042F30,80,85E6,0,0,0,84,STY,DP,2,8430,NATIVE_BODY,NATIVE_BODY,4,5,DIRECT_LOW_NONZERO:+1,2,0,0,2,0,0,0,0,0,1,DIRECT_SEQUENCE,DYN_DIRECT_LOW_PRE_IDLE,00000001,000030,8085E6,V02C_MATRIX_PLUS_PINNED_MESEN_CPU_SOURCE_ORDER_NO_GAMEPLAY
V05C000528,80:85E8:E0M0X0,04042F40,80,85E8,0,0,0,E6,INC,DP,2,E632,NATIVE_BODY,NATIVE_BODY,7,8,DIRECT_LOW_NONZERO:+1,2,0,2,2,0,0,0,0,1,1,RMW_SEQUENCE,RMW_INTERMEDIATE_IDLE;DYN_DIRECT_LOW_PRE_IDLE,00010001,000032,8085E8,V02C_MATRIX_PLUS_PINNED_MESEN_CPU_SOURCE_ORDER_NO_GAMEPLAY
V05C000529,80:85EA:E0M0X0,04042F50,80,85EA,0,0,0,E2,SEP,IMM8,2,E220,NATIVE_BODY,NATIVE_BODY,3,3,NONE,2,0,0,0,0,0,0,0,1,0,FIXED_IDLE_SEQUENCE,STATUS_PRE_IDLE,00002000,000020,8085EA,V02C_MATRIX_PLUS_PINNED_MESEN_CPU_SOURCE_ORDER_NO_GAMEPLAY
V05C000530,80:85EC:E0M1X0,04042F62,80,85EC,0,1,0,85,STA,DP,2,85A3,NATIVE_BODY,NATIVE_BODY,3,4,DIRECT_LOW_NONZERO:+1,2,0,0,1,0,0,0,0,0,1,DIRECT_SEQUENCE,DYN_DIRECT_LOW_PRE_IDLE,00000001,0000A3,8085EC,V02C_MATRIX_PLUS_PINNED_MESEN_CPU_SOURCE_ORDER_NO_GAMEPLAY
V05C000531,80:85EE:E0M1X0,04042F72,80,85EE,0,1,0,C2,REP,IMM8,2,C220,NATIVE_BODY,NATIVE_BODY,3,3,NONE,2,0,0,0,0,0,0,0,1,0,FIXED_IDLE_SEQUENCE,STATUS_PRE_IDLE,00002000,000020,8085EE,V02C_MATRIX_PLUS_PINNED_MESEN_CPU_SOURCE_ORDER_NO_GAMEPLAY
V05C000532,80:85F0:E0M0X0,04042F80,80,85F0,0,0,0,A5,LDA,DP,2,A5A2,NATIVE_BODY,NATIVE_BODY,4,5,DIRECT_LOW_NONZERO:+1,2,0,2,0,0,0,0,0,0,1,DIRECT_SEQUENCE,DYN_DIRECT_LOW_PRE_IDLE,00000001,0000A2,8085F0,V02C_MATRIX_PLUS_PINNED_MESEN_CPU_SOURCE_ORDER_NO_GAMEPLAY
V05C000533,80:85F2:E0M0X0,04042F90,80,85F2,0,0,0,29,AND,IMM_M,3,29FF0F,NATIVE_BODY,NATIVE_BODY,3,3,NONE,3,0,0,0,0,0,0,0,0,0,LINEAR_BUS_SEQUENCE,,00000000,000FFF,8085F2,V02C_MATRIX_PLUS_PINNED_MESEN_CPU_SOURCE_ORDER_NO_GAMEPLAY
V05C000534,80:85F5:E0M0X0,04042FA8,80,85F5,0,0,0,A8,TAY,IMP,1,A8,NATIVE_BODY,NATIVE_BODY,2,2,NONE,1,0,0,0,0,0,0,0,1,0,FIXED_IDLE_SEQUENCE,IMPLIED_PRE_IDLE,00000800,000000,8085F5,V02C_MATRIX_PLUS_PINNED_MESEN_CPU_SOURCE_ORDER_NO_GAMEPLAY
V05C000535,80:85F6:E0M0X0,04042FB0,80,85F6,0,0,0,A5,LDA,DP,2,A5A2,NATIVE_BODY,NATIVE_BODY,4,5,DIRECT_LOW_NONZERO:+1,2,0,2,0,0,0,0,0,0,1,DIRECT_SEQUENCE,DYN_DIRECT_LOW_PRE_IDLE,00000001,0000A2,8085F6,V02C_MATRIX_PLUS_PINNED_MESEN_CPU_SOURCE_ORDER_NO_GAMEPLAY
V05C000536,80:85F8:E0M0X0,04042FC0,80,85F8,0,0,0,29,AND,IMM_M,3,2900F0,NATIVE_BODY,NATIVE_BODY,3,3,NONE,3,0,0,0,0,0,0,0,0,0,LINEAR_BUS_SEQUENCE,,00000000,00F000,8085F8,V02C_MATRIX_PLUS_PINNED_MESEN_CPU_SOURCE_ORDER_NO_GAMEPLAY
V05C000537,80:85FB:E0M0X0,04042FD8,80,85FB,0,0,0,0A,ASL,ACC,1,0A,NATIVE_BODY,NATIVE_BODY,2,2,NONE,1,0,0,0,0,0,0,0,1,0,FIXED_IDLE_SEQUENCE,IMPLIED_PRE_IDLE,00000800,000000,8085FB,V02C_MATRIX_PLUS_PINNED_MESEN_CPU_SOURCE_ORDER_NO_GAMEPLAY
V05C000538,80:85FC:E0M0X0,04042FE0,80,85FC,0,0,0,2A,ROL,ACC,1,2A,NATIVE_BODY,NATIVE_BODY,2,2,NONE,1,0,0,0,0,0,0,0,1,0,FIXED_IDLE_SEQUENCE,IMPLIED_PRE_IDLE,00000800,000000,8085FC,V02C_MATRIX_PLUS_PINNED_MESEN_CPU_SOURCE_ORDER_NO_GAMEPLAY
V05C000539,80:85FD:E0M0X0,04042FE8,80,85FD,0,0,0,2A,ROL,ACC,1,2A,NATIVE_BODY,NATIVE_BODY,2,2,NONE,1,0,0,0,0,0,0,0,1,0,FIXED_IDLE_SEQUENCE,IMPLIED_PRE_IDLE,00000800,000000,8085FD,V02C_MATRIX_PLUS_PINNED_MESEN_CPU_SOURCE_ORDER_NO_GAMEPLAY
V05C000540,80:85FE:E0M0X0,04042FF0,80,85FE,0,0,0,2A,ROL,ACC,1,2A,NATIVE_BODY,NATIVE_BODY,2,2,NONE,1,0,0,0,0,0,0,0,1,0,FIXED_IDLE_SEQUENCE,IMPLIED_PRE_IDLE,00000800,000000,8085FE,V02C_MATRIX_PLUS_PINNED_MESEN_CPU_SOURCE_ORDER_NO_GAMEPLAY
V05C000541,80:85FF:E0M0X0,04042FF8,80,85FF,0,0,0,2A,ROL,ACC,1,2A,NATIVE_BODY,NATIVE_BODY,2,2,NONE,1,0,0,0,0,0,0,0,1,0,FIXED_IDLE_SEQUENCE,IMPLIED_PRE_IDLE,00000800,000000,8085FF,V02C_MATRIX_PLUS_PINNED_MESEN_CPU_SOURCE_ORDER_NO_GAMEPLAY
V05C000542,80:8600:E0M0X0,04043000,80,8600,0,0,0,69,ADC,IMM_M,3,690300,NATIVE_BODY,NATIVE_BODY,3,3,NONE,3,0,0,0,0,0,0,0,0,0,LINEAR_BUS_SEQUENCE,,00000000,000003,808600,V02C_MATRIX_PLUS_PINNED_MESEN_CPU_SOURCE_ORDER_NO_GAMEPLAY
V05C000543,80:8603:E0M0X0,04043018,80,8603,0,0,0,85,STA,DP,2,858E,NATIVE_BODY,NATIVE_BODY,4,5,DIRECT_LOW_NONZERO:+1,2,0,0,2,0,0,0,0,0,1,DIRECT_SEQUENCE,DYN_DIRECT_LOW_PRE_IDLE,00000001,00008E,808603,V02C_MATRIX_PLUS_PINNED_MESEN_CPU_SOURCE_ORDER_NO_GAMEPLAY
V05C000544,80:8605:E0M0X0,04043028,80,8605,0,0,0,E2,SEP,IMM8,2,E220,NATIVE_BODY,NATIVE_BODY,3,3,NONE,2,0,0,0,0,0,0,0,1,0,FIXED_IDLE_SEQUENCE,STATUS_PRE_IDLE,00002000,000020,808605,V02C_MATRIX_PLUS_PINNED_MESEN_CPU_SOURCE_ORDER_NO_GAMEPLAY
V05C000545,80:8607:E0M1X0,0404303A,80,8607,0,1,0,B7,LDA,DP_IND_LONG_Y,2,B740,NATIVE_BODY,NATIVE_BODY,6,7,DIRECT_LOW_NONZERO:+1,2,3,1,0,0,0,0,0,0,1,DIRECT_SEQUENCE,DYN_DIRECT_LOW_PRE_IDLE,00000001,000040,808607,V02C_MATRIX_PLUS_PINNED_MESEN_CPU_SOURCE_ORDER_NO_GAMEPLAY
V05C000546,80:8609:E0M1X0,0404304A,80,8609,0,1,0,87,STA,DP_IND_LONG,2,8738,NATIVE_BODY,NATIVE_BODY,6,7,DIRECT_LOW_NONZERO:+1,2,3,0,1,0,0,0,0,0,1,DIRECT_SEQUENCE,DYN_DIRECT_LOW_PRE_IDLE,00000001,000038,808609,V02C_MATRIX_PLUS_PINNED_MESEN_CPU_SOURCE_ORDER_NO_GAMEPLAY
V05C000547,80:860B:E0M1X0,0404305A,80,860B,0,1,0,87,STA,DP_IND_LONG,2,873C,NATIVE_BODY,NATIVE_BODY,6,7,DIRECT_LOW_NONZERO:+1,2,3,0,1,0,0,0,0,0,1,DIRECT_SEQUENCE,DYN_DIRECT_LOW_PRE_IDLE,00000001,00003C,80860B,V02C_MATRIX_PLUS_PINNED_MESEN_CPU_SOURCE_ORDER_NO_GAMEPLAY
V05C000548,80:860D:E0M1X0,0404306A,80,860D,0,1,0,C2,REP,IMM8,2,C220,NATIVE_BODY,NATIVE_BODY,3,3,NONE,2,0,0,0,0,0,0,0,1,0,FIXED_IDLE_SEQUENCE,STATUS_PRE_IDLE,00002000,000020,80860D,V02C_MATRIX_PLUS_PINNED_MESEN_CPU_SOURCE_ORDER_NO_GAMEPLAY
V05C000549,80:860F:E0M0X0,04043078,80,860F,0,0,0,C6,DEC,DP,2,C634,NATIVE_BODY,NATIVE_BODY,7,8,DIRECT_LOW_NONZERO:+1,2,0,2,2,0,0,0,0,1,1,RMW_SEQUENCE,RMW_INTERMEDIATE_IDLE;DYN_DIRECT_LOW_PRE_IDLE,00010001,000034,80860F,V02C_MATRIX_PLUS_PINNED_MESEN_CPU_SOURCE_ORDER_NO_GAMEPLAY
V05C000550,80:8611:E0M0X0,04043088,80,8611,0,0,0,F0,BEQ,REL8,2,F0A2,NATIVE_BODY,NATIVE_BODY,2,3,BRANCH_TAKEN:+1,2,0,0,0,0,0,0,0,0,1,BRANCH_SEQUENCE,DYN_BRANCH_TAKEN_POST_IDLE,00000004,0000A2,808611,V02C_MATRIX_PLUS_PINNED_MESEN_CPU_SOURCE_ORDER_NO_GAMEPLAY
V05C000551,80:8613:E0M0X0,04043098,80,8613,0,0,0,E6,INC,DP,2,E638,NATIVE_BODY,NATIVE_BODY,7,8,DIRECT_LOW_NONZERO:+1,2,0,2,2,0,0,0,0,1,1,RMW_SEQUENCE,RMW_INTERMEDIATE_IDLE;DYN_DIRECT_LOW_PRE_IDLE,00010001,000038,808613,V02C_MATRIX_PLUS_PINNED_MESEN_CPU_SOURCE_ORDER_NO_GAMEPLAY
V05C000552,80:8615:E0M0X0,040430A8,80,8615,0,0,0,D0,BNE,REL8,2,D002,NATIVE_BODY,NATIVE_BODY,2,3,BRANCH_TAKEN:+1,2,0,0,0,0,0,0,0,0,1,BRANCH_SEQUENCE,DYN_BRANCH_TAKEN_POST_IDLE,00000004,000002,808615,V02C_MATRIX_PLUS_PINNED_MESEN_CPU_SOURCE_ORDER_NO_GAMEPLAY
V05C000553,80:8617:E0M0X0,040430B8,80,8617,0,0,0,E6,INC,DP,2,E63A,NATIVE_BODY,NATIVE_BODY,7,8,DIRECT_LOW_NONZERO:+1,2,0,2,2,0,0,0,0,1,1,RMW_SEQUENCE,RMW_INTERMEDIATE_IDLE;DYN_DIRECT_LOW_PRE_IDLE,00010001,00003A,808617,V02C_MATRIX_PLUS_PINNED_MESEN_CPU_SOURCE_ORDER_NO_GAMEPLAY
V05C000554,80:8619:E0M0X0,040430C8,80,8619,0,0,0,E6,INC,DP,2,E63C,NATIVE_BODY,NATIVE_BODY,7,8,DIRECT_LOW_NONZERO:+1,2,0,2,2,0,0,0,0,1,1,RMW_SEQUENCE,RMW_INTERMEDIATE_IDLE;DYN_DIRECT_LOW_PRE_IDLE,00010001,00003C,808619,V02C_MATRIX_PLUS_PINNED_MESEN_CPU_SOURCE_ORDER_NO_GAMEPLAY
V05C000555,80:861B:E0M0X0,040430D8,80,861B,0,0,0,D0,BNE,REL8,2,D002,NATIVE_BODY,NATIVE_BODY,2,3,BRANCH_TAKEN:+1,2,0,0,0,0,0,0,0,0,1,BRANCH_SEQUENCE,DYN_BRANCH_TAKEN_POST_IDLE,00000004,000002,80861B,V02C_MATRIX_PLUS_PINNED_MESEN_CPU_SOURCE_ORDER_NO_GAMEPLAY
V05C000556,80:861D:E0M0X0,040430E8,80,861D,0,0,0,E6,INC,DP,2,E63E,NATIVE_BODY,NATIVE_BODY,7,8,DIRECT_LOW_NONZERO:+1,2,0,2,2,0,0,0,0,1,1,RMW_SEQUENCE,RMW_INTERMEDIATE_IDLE;DYN_DIRECT_LOW_PRE_IDLE,00010001,00003E,80861D,V02C_MATRIX_PLUS_PINNED_MESEN_CPU_SOURCE_ORDER_NO_GAMEPLAY
V05C000557,80:861F:E0M0X0,040430F8,80,861F,0,0,0,C8,INY,IMP,1,C8,NATIVE_BODY,NATIVE_BODY,2,2,NONE,1,0,0,0,0,0,0,0,1,0,FIXED_IDLE_SEQUENCE,IMPLIED_PRE_IDLE,00000800,000000,80861F,V02C_MATRIX_PLUS_PINNED_MESEN_CPU_SOURCE_ORDER_NO_GAMEPLAY
V05C000558,80:8620:E0M0X0,04043100,80,8620,0,0,0,C0,CPY,IMM_X,3,C00010,NATIVE_BODY,NATIVE_BODY,3,3,NONE,3,0,0,0,0,0,0,0,0,0,LINEAR_BUS_SEQUENCE,,00000000,001000,808620,V02C_MATRIX_PLUS_PINNED_MESEN_CPU_SOURCE_ORDER_NO_GAMEPLAY
V05C000559,80:8623:E0M0X0,04043118,80,8623,0,0,0,90,BCC,REL8,2,9003,NATIVE_BODY,NATIVE_BODY,2,3,BRANCH_TAKEN:+1,2,0,0,0,0,0,0,0,0,1,BRANCH_SEQUENCE,DYN_BRANCH_TAKEN_POST_IDLE,00000004,000003,808623,V02C_MATRIX_PLUS_PINNED_MESEN_CPU_SOURCE_ORDER_NO_GAMEPLAY
V05C000560,80:8625:E0M0X0,04043128,80,8625,0,0,0,A0,LDY,IMM_X,3,A00000,NATIVE_BODY,NATIVE_BODY,3,3,NONE,3,0,0,0,0,0,0,0,0,0,LINEAR_BUS_SEQUENCE,,00000000,000000,808625,V02C_MATRIX_PLUS_PINNED_MESEN_CPU_SOURCE_ORDER_NO_GAMEPLAY
V05C000561,80:8628:E0M0X0,04043140,80,8628,0,0,0,CA,DEX,IMP,1,CA,NATIVE_BODY,NATIVE_BODY,2,2,NONE,1,0,0,0,0,0,0,0,1,0,FIXED_IDLE_SEQUENCE,IMPLIED_PRE_IDLE,00000800,000000,808628,V02C_MATRIX_PLUS_PINNED_MESEN_CPU_SOURCE_ORDER_NO_GAMEPLAY
V05C000562,80:8629:E0M0X0,04043148,80,8629,0,0,0,D0,BNE,REL8,2,D007,NATIVE_BODY,NATIVE_BODY,2,3,BRANCH_TAKEN:+1,2,0,0,0,0,0,0,0,0,1,BRANCH_SEQUENCE,DYN_BRANCH_TAKEN_POST_IDLE,00000004,000007,808629,V02C_MATRIX_PLUS_PINNED_MESEN_CPU_SOURCE_ORDER_NO_GAMEPLAY
V05C000563,80:862B:E0M0X0,04043158,80,862B,0,0,0,A2,LDX,IMM_X,3,A20010,NATIVE_BODY,NATIVE_BODY,3,3,NONE,3,0,0,0,0,0,0,0,0,0,LINEAR_BUS_SEQUENCE,,00000000,001000,80862B,V02C_MATRIX_PLUS_PINNED_MESEN_CPU_SOURCE_ORDER_NO_GAMEPLAY
V05C000564,80:862E:E0M0X0,04043170,80,862E,0,0,0,A3,LDA,STACK_REL,2,A305,NATIVE_BODY,NATIVE_BODY,5,5,NONE,2,0,2,0,0,0,0,0,1,0,FIXED_IDLE_SEQUENCE,STACK_REL_PRE_DATA_IDLE,00020000,000005,80862E,V02C_MATRIX_PLUS_PINNED_MESEN_CPU_SOURCE_ORDER_NO_GAMEPLAY
V05C000565,80:8630:E0M0X0,04043180,80,8630,0,0,0,85,STA,DP,2,853C,NATIVE_BODY,NATIVE_BODY,4,5,DIRECT_LOW_NONZERO:+1,2,0,0,2,0,0,0,0,0,1,DIRECT_SEQUENCE,DYN_DIRECT_LOW_PRE_IDLE,00000001,00003C,808630,V02C_MATRIX_PLUS_PINNED_MESEN_CPU_SOURCE_ORDER_NO_GAMEPLAY
V05C000566,80:8632:E0M0X0,04043190,80,8632,0,0,0,C6,DEC,DP,2,C68E,NATIVE_BODY,NATIVE_BODY,7,8,DIRECT_LOW_NONZERO:+1,2,0,2,2,0,0,0,0,1,1,RMW_SEQUENCE,RMW_INTERMEDIATE_IDLE;DYN_DIRECT_LOW_PRE_IDLE,00010001,00008E,808632,V02C_MATRIX_PLUS_PINNED_MESEN_CPU_SOURCE_ORDER_NO_GAMEPLAY
V05C000567,80:8634:E0M0X0,040431A0,80,8634,0,0,0,D0,BNE,REL8,2,D0CF,NATIVE_BODY,NATIVE_BODY,2,3,BRANCH_TAKEN:+1,2,0,0,0,0,0,0,0,0,1,BRANCH_SEQUENCE,DYN_BRANCH_TAKEN_POST_IDLE,00000004,0000CF,808634,V02C_MATRIX_PLUS_PINNED_MESEN_CPU_SOURCE_ORDER_NO_GAMEPLAY
V05C000568,80:8636:E0M0X0,040431B0,80,8636,0,0,0,82,BRL,REL16,3,8244FF,NATIVE_BODY,NATIVE_BODY,4,4,NONE,3,0,0,0,0,0,0,0,1,0,FIXED_IDLE_SEQUENCE,RELLONG_PRE_IDLE,00008000,00FF44,808636,V02C_MATRIX_PLUS_PINNED_MESEN_CPU_SOURCE_ORDER_NO_GAMEPLAY
V05C000569,80:A1F2:E0M1X1,04050F93,80,A1F2,0,1,1,8B,PHB,IMP,1,8B,NATIVE_BODY,NATIVE_BODY,3,3,NONE,1,0,0,0,0,0,1,0,1,0,FIXED_IDLE_SEQUENCE,PUSH_PRE_IDLE,00000200,000000,80A1F2,V02C_MATRIX_PLUS_PINNED_MESEN_CPU_SOURCE_ORDER_NO_GAMEPLAY
V05C000570,80:A1F3:E0M1X1,04050F9B,80,A1F3,0,1,1,4B,PHK,IMP,1,4B,NATIVE_BODY,NATIVE_BODY,3,3,NONE,1,0,0,0,0,0,1,0,1,0,FIXED_IDLE_SEQUENCE,PUSH_PRE_IDLE,00000200,000000,80A1F3,V02C_MATRIX_PLUS_PINNED_MESEN_CPU_SOURCE_ORDER_NO_GAMEPLAY
V05C000571,80:A1F4:E0M1X1,04050FA3,80,A1F4,0,1,1,AB,PLB,IMP,1,AB,NATIVE_BODY,NATIVE_BODY,4,4,NONE,1,0,0,0,0,1,0,0,2,0,FIXED_IDLE_SEQUENCE,PULL_PRE_IDLE;PULL_PRE_IDLE,00000400,000000,80A1F4,V02C_MATRIX_PLUS_PINNED_MESEN_CPU_SOURCE_ORDER_NO_GAMEPLAY
V05C000572,80:A1F5:E0M1X1,04050FAB,80,A1F5,0,1,1,20,JSR,ABS_JUMP,3,20FAA1,NATIVE_BODY,NATIVE_BODY,6,6,NONE,3,0,0,0,0,0,2,0,1,0,FIXED_IDLE_SEQUENCE,JSR_PRE_STACK_IDLE,00000020,00A1FA,80A1F5,V02C_MATRIX_PLUS_PINNED_MESEN_CPU_SOURCE_ORDER_NO_GAMEPLAY
V05C000573,80:A1F8:E0M1X1,04050FC3,80,A1F8,0,1,1,AB,PLB,IMP,1,AB,NATIVE_BODY,NATIVE_BODY,4,4,NONE,1,0,0,0,0,1,0,0,2,0,FIXED_IDLE_SEQUENCE,PULL_PRE_IDLE;PULL_PRE_IDLE,00000400,000000,80A1F8,V02C_MATRIX_PLUS_PINNED_MESEN_CPU_SOURCE_ORDER_NO_GAMEPLAY
V05C000574,80:A1F9:E0M1X1,04050FCB,80,A1F9,0,1,1,6B,RTL,IMP,1,6B,NATIVE_BODY,NATIVE_BODY,6,6,NONE,1,0,0,0,0,3,0,0,2,0,RETURN_SEQUENCE,RETURN_PRE_IDLE;RETURN_PRE_IDLE,00000080,000000,80A1F9,V02C_MATRIX_PLUS_PINNED_MESEN_CPU_SOURCE_ORDER_NO_GAMEPLAY
V05C000575,80:A1FA:E0M1X1,04050FD3,80,A1FA,0,1,1,C2,REP,IMM8,2,C230,NATIVE_BODY,NATIVE_BODY,3,3,NONE,2,0,0,0,0,0,0,0,1,0,FIXED_IDLE_SEQUENCE,STATUS_PRE_IDLE,00002000,000030,80A1FA,V02C_MATRIX_PLUS_PINNED_MESEN_CPU_SOURCE_ORDER_NO_GAMEPLAY
V05C000576,80:A1FC:E0M0X0,04050FE0,80,A1FC,0,0,0,A9,LDA,IMM_M,3,A98000,NATIVE_BODY,NATIVE_BODY,3,3,NONE,3,0,0,0,0,0,0,0,0,0,LINEAR_BUS_SEQUENCE,,00000000,000080,80A1FC,V02C_MATRIX_PLUS_PINNED_MESEN_CPU_SOURCE_ORDER_NO_GAMEPLAY
V05C000577,80:A1FF:E0M0X0,04050FF8,80,A1FF,0,0,0,8D,STA,ABS,3,8D1521,NATIVE_BODY,NATIVE_BODY,5,5,NONE,3,0,0,2,0,0,0,0,0,0,LINEAR_BUS_SEQUENCE,,00000000,002115,80A1FF,V02C_MATRIX_PLUS_PINNED_MESEN_CPU_SOURCE_ORDER_NO_GAMEPLAY
V05C000578,80:A202:E0M0X0,04051010,80,A202,0,0,0,AD,LDA,ABS,3,AD5B03,NATIVE_BODY,NATIVE_BODY,5,5,NONE,3,0,2,0,0,0,0,0,0,0,LINEAR_BUS_SEQUENCE,,00000000,00035B,80A202,V02C_MATRIX_PLUS_PINNED_MESEN_CPU_SOURCE_ORDER_NO_GAMEPLAY
V05C000579,80:A205:E0M0X0,04051028,80,A205,0,0,0,8D,STA,ABS,3,8D1621,NATIVE_BODY,NATIVE_BODY,5,5,NONE,3,0,0,2,0,0,0,0,0,0,LINEAR_BUS_SEQUENCE,,00000000,002116,80A205,V02C_MATRIX_PLUS_PINNED_MESEN_CPU_SOURCE_ORDER_NO_GAMEPLAY
V05C000580,80:A208:E0M0X0,04051040,80,A208,0,0,0,A0,LDY,IMM_X,3,A00010,NATIVE_BODY,NATIVE_BODY,3,3,NONE,3,0,0,0,0,0,0,0,0,0,LINEAR_BUS_SEQUENCE,,00000000,001000,80A208,V02C_MATRIX_PLUS_PINNED_MESEN_CPU_SOURCE_ORDER_NO_GAMEPLAY
V05C000581,80:A20B:E0M0X0,04051058,80,A20B,0,0,0,A9,LDA,IMM_M,3,A90020,NATIVE_BODY,NATIVE_BODY,3,3,NONE,3,0,0,0,0,0,0,0,0,0,LINEAR_BUS_SEQUENCE,,00000000,002000,80A20B,V02C_MATRIX_PLUS_PINNED_MESEN_CPU_SOURCE_ORDER_NO_GAMEPLAY
V05C000582,80:A20E:E0M0X0,04051070,80,A20E,0,0,0,09,ORA,IMM_M,3,090000,NATIVE_BODY,NATIVE_BODY,3,3,NONE,3,0,0,0,0,0,0,0,0,0,LINEAR_BUS_SEQUENCE,,00000000,000000,80A20E,V02C_MATRIX_PLUS_PINNED_MESEN_CPU_SOURCE_ORDER_NO_GAMEPLAY
V05C000583,80:A211:E0M0X0,04051088,80,A211,0,0,0,8D,STA,ABS,3,8D1821,NATIVE_BODY,NATIVE_BODY,5,5,NONE,3,0,0,2,0,0,0,0,0,0,LINEAR_BUS_SEQUENCE,,00000000,002118,80A211,V02C_MATRIX_PLUS_PINNED_MESEN_CPU_SOURCE_ORDER_NO_GAMEPLAY
V05C000584,80:A214:E0M0X0,040510A0,80,A214,0,0,0,88,DEY,IMP,1,88,NATIVE_BODY,NATIVE_BODY,2,2,NONE,1,0,0,0,0,0,0,0,1,0,FIXED_IDLE_SEQUENCE,IMPLIED_PRE_IDLE,00000800,000000,80A214,V02C_MATRIX_PLUS_PINNED_MESEN_CPU_SOURCE_ORDER_NO_GAMEPLAY
V05C000585,80:A215:E0M0X0,040510A8,80,A215,0,0,0,D0,BNE,REL8,2,D0FA,NATIVE_BODY,NATIVE_BODY,2,3,BRANCH_TAKEN:+1,2,0,0,0,0,0,0,0,0,1,BRANCH_SEQUENCE,DYN_BRANCH_TAKEN_POST_IDLE,00000004,0000FA,80A215,V02C_MATRIX_PLUS_PINNED_MESEN_CPU_SOURCE_ORDER_NO_GAMEPLAY
V05C000586,80:A217:E0M0X0,040510B8,80,A217,0,0,0,E2,SEP,IMM8,2,E230,NATIVE_BODY,NATIVE_BODY,3,3,NONE,2,0,0,0,0,0,0,0,1,0,FIXED_IDLE_SEQUENCE,STATUS_PRE_IDLE,00002000,000030,80A217,V02C_MATRIX_PLUS_PINNED_MESEN_CPU_SOURCE_ORDER_NO_GAMEPLAY
V05C000587,80:A219:E0M1X1,040510CB,80,A219,0,1,1,60,RTS,IMP,1,60,NATIVE_BODY,NATIVE_BODY,6,6,NONE,1,0,0,0,0,2,0,0,3,0,RETURN_SEQUENCE,RETURN_PRE_IDLE;RETURN_PRE_IDLE;RTS_POST_POP_IDLE,00000180,000000,80A219,V02C_MATRIX_PLUS_PINNED_MESEN_CPU_SOURCE_ORDER_NO_GAMEPLAY
V05C000588,80:A21A:E0M0X0,040510D0,80,A21A,0,0,0,8B,PHB,IMP,1,8B,NATIVE_BODY,NATIVE_BODY,3,3,NONE,1,0,0,0,0,0,1,0,1,0,FIXED_IDLE_SEQUENCE,PUSH_PRE_IDLE,00000200,000000,80A21A,V02C_MATRIX_PLUS_PINNED_MESEN_CPU_SOURCE_ORDER_NO_GAMEPLAY
V05C000589,80:A21B:E0M0X0,040510D8,80,A21B,0,0,0,4B,PHK,IMP,1,4B,NATIVE_BODY,NATIVE_BODY,3,3,NONE,1,0,0,0,0,0,1,0,1,0,FIXED_IDLE_SEQUENCE,PUSH_PRE_IDLE,00000200,000000,80A21B,V02C_MATRIX_PLUS_PINNED_MESEN_CPU_SOURCE_ORDER_NO_GAMEPLAY
V05C000590,80:A21C:E0M0X0,040510E0,80,A21C,0,0,0,AB,PLB,IMP,1,AB,NATIVE_BODY,NATIVE_BODY,4,4,NONE,1,0,0,0,0,1,0,0,2,0,FIXED_IDLE_SEQUENCE,PULL_PRE_IDLE;PULL_PRE_IDLE,00000400,000000,80A21C,V02C_MATRIX_PLUS_PINNED_MESEN_CPU_SOURCE_ORDER_NO_GAMEPLAY
V05C000591,80:A21D:E0M0X0,040510E8,80,A21D,0,0,0,48,PHA,IMP,1,48,NATIVE_BODY,NATIVE_BODY,4,4,NONE,1,0,0,0,0,0,2,0,1,0,FIXED_IDLE_SEQUENCE,PUSH_PRE_IDLE,00000200,000000,80A21D,V02C_MATRIX_PLUS_PINNED_MESEN_CPU_SOURCE_ORDER_NO_GAMEPLAY
V05C000592,80:A21E:E0M0X0,040510F0,80,A21E,0,0,0,DA,PHX,IMP,1,DA,NATIVE_BODY,NATIVE_BODY,4,4,NONE,1,0,0,0,0,0,2,0,1,0,FIXED_IDLE_SEQUENCE,PUSH_PRE_IDLE,00000200,000000,80A21E,V02C_MATRIX_PLUS_PINNED_MESEN_CPU_SOURCE_ORDER_NO_GAMEPLAY
V05C000593,80:A21F:E0M0X0,040510F8,80,A21F,0,0,0,20,JSR,ABS_JUMP,3,2026A2,NATIVE_BODY,NATIVE_BODY,6,6,NONE,3,0,0,0,0,0,2,0,1,0,FIXED_IDLE_SEQUENCE,JSR_PRE_STACK_IDLE,00000020,00A226,80A21F,V02C_MATRIX_PLUS_PINNED_MESEN_CPU_SOURCE_ORDER_NO_GAMEPLAY
V05C000594,80:A222:E0M0X0,04051110,80,A222,0,0,0,FA,PLX,IMP,1,FA,NATIVE_BODY,NATIVE_BODY,5,5,NONE,1,0,0,0,0,2,0,0,2,0,FIXED_IDLE_SEQUENCE,PULL_PRE_IDLE;PULL_PRE_IDLE,00000400,000000,80A222,V02C_MATRIX_PLUS_PINNED_MESEN_CPU_SOURCE_ORDER_NO_GAMEPLAY
V05C000595,80:A223:E0M0X0,04051118,80,A223,0,0,0,68,PLA,IMP,1,68,NATIVE_BODY,NATIVE_BODY,5,5,NONE,1,0,0,0,0,2,0,0,2,0,FIXED_IDLE_SEQUENCE,PULL_PRE_IDLE;PULL_PRE_IDLE,00000400,000000,80A223,V02C_MATRIX_PLUS_PINNED_MESEN_CPU_SOURCE_ORDER_NO_GAMEPLAY
V05C000596,80:A224:E0M0X0,04051120,80,A224,0,0,0,AB,PLB,IMP,1,AB,NATIVE_BODY,NATIVE_BODY,4,4,NONE,1,0,0,0,0,1,0,0,2,0,FIXED_IDLE_SEQUENCE,PULL_PRE_IDLE;PULL_PRE_IDLE,00000400,000000,80A224,V02C_MATRIX_PLUS_PINNED_MESEN_CPU_SOURCE_ORDER_NO_GAMEPLAY
V05C000597,80:A225:E0M0X0,04051128,80,A225,0,0,0,6B,RTL,IMP,1,6B,NATIVE_BODY,NATIVE_BODY,6,6,NONE,1,0,0,0,0,3,0,0,2,0,RETURN_SEQUENCE,RETURN_PRE_IDLE;RETURN_PRE_IDLE,00000080,000000,80A225,V02C_MATRIX_PLUS_PINNED_MESEN_CPU_SOURCE_ORDER_NO_GAMEPLAY
V05C000598,80:A226:E0M0X0,04051130,80,A226,0,0,0,A9,LDA,IMM_M,3,A98000,NATIVE_BODY,NATIVE_BODY,3,3,NONE,3,0,0,0,0,0,0,0,0,0,LINEAR_BUS_SEQUENCE,,00000000,000080,80A226,V02C_MATRIX_PLUS_PINNED_MESEN_CPU_SOURCE_ORDER_NO_GAMEPLAY
V05C000599,80:A229:E0M0X0,04051148,80,A229,0,0,0,8D,STA,ABS,3,8D1521,NATIVE_BODY,NATIVE_BODY,5,5,NONE,3,0,0,2,0,0,0,0,0,0,LINEAR_BUS_SEQUENCE,,00000000,002115,80A229,V02C_MATRIX_PLUS_PINNED_MESEN_CPU_SOURCE_ORDER_NO_GAMEPLAY
V05C000600,80:A22C:E0M0X0,04051160,80,A22C,0,0,0,A3,LDA,STACK_REL,2,A303,NATIVE_BODY,NATIVE_BODY,5,5,NONE,2,0,2,0,0,0,0,0,1,0,FIXED_IDLE_SEQUENCE,STACK_REL_PRE_DATA_IDLE,00020000,000003,80A22C,V02C_MATRIX_PLUS_PINNED_MESEN_CPU_SOURCE_ORDER_NO_GAMEPLAY
V05C000601,80:A22E:E0M0X0,04051170,80,A22E,0,0,0,0A,ASL,ACC,1,0A,NATIVE_BODY,NATIVE_BODY,2,2,NONE,1,0,0,0,0,0,0,0,1,0,FIXED_IDLE_SEQUENCE,IMPLIED_PRE_IDLE,00000800,000000,80A22E,V02C_MATRIX_PLUS_PINNED_MESEN_CPU_SOURCE_ORDER_NO_GAMEPLAY
V05C000602,80:A22F:E0M0X0,04051178,80,A22F,0,0,0,0A,ASL,ACC,1,0A,NATIVE_BODY,NATIVE_BODY,2,2,NONE,1,0,0,0,0,0,0,0,1,0,FIXED_IDLE_SEQUENCE,IMPLIED_PRE_IDLE,00000800,000000,80A22F,V02C_MATRIX_PLUS_PINNED_MESEN_CPU_SOURCE_ORDER_NO_GAMEPLAY
V05C000603,80:A230:E0M0X0,04051180,80,A230,0,0,0,0A,ASL,ACC,1,0A,NATIVE_BODY,NATIVE_BODY,2,2,NONE,1,0,0,0,0,0,0,0,1,0,FIXED_IDLE_SEQUENCE,IMPLIED_PRE_IDLE,00000800,000000,80A230,V02C_MATRIX_PLUS_PINNED_MESEN_CPU_SOURCE_ORDER_NO_GAMEPLAY
V05C000604,80:A231:E0M0X0,04051188,80,A231,0,0,0,0A,ASL,ACC,1,0A,NATIVE_BODY,NATIVE_BODY,2,2,NONE,1,0,0,0,0,0,0,0,1,0,FIXED_IDLE_SEQUENCE,IMPLIED_PRE_IDLE,00000800,000000,80A231,V02C_MATRIX_PLUS_PINNED_MESEN_CPU_SOURCE_ORDER_NO_GAMEPLAY
V05C000605,80:A232:E0M0X0,04051190,80,A232,0,0,0,18,CLC,IMP,1,18,NATIVE_BODY,NATIVE_BODY,2,2,NONE,1,0,0,0,0,0,0,0,1,0,FIXED_IDLE_SEQUENCE,IMPLIED_PRE_IDLE,00000800,000000,80A232,V02C_MATRIX_PLUS_PINNED_MESEN_CPU_SOURCE_ORDER_NO_GAMEPLAY
V05C000606,80:A233:E0M0X0,04051198,80,A233,0,0,0,69,ADC,IMM_M,3,690020,NATIVE_BODY,NATIVE_BODY,3,3,NONE,3,0,0,0,0,0,0,0,0,0,LINEAR_BUS_SEQUENCE,,00000000,002000,80A233,V02C_MATRIX_PLUS_PINNED_MESEN_CPU_SOURCE_ORDER_NO_GAMEPLAY
V05C000607,80:A236:E0M0X0,040511B0,80,A236,0,0,0,85,STA,DP,2,8568,NATIVE_BODY,NATIVE_BODY,4,5,DIRECT_LOW_NONZERO:+1,2,0,0,2,0,0,0,0,0,1,DIRECT_SEQUENCE,DYN_DIRECT_LOW_PRE_IDLE,00000001,000068,80A236,V02C_MATRIX_PLUS_PINNED_MESEN_CPU_SOURCE_ORDER_NO_GAMEPLAY
V05C000608,80:A238:E0M0X0,040511C0,80,A238,0,0,0,A3,LDA,STACK_REL,2,A305,NATIVE_BODY,NATIVE_BODY,5,5,NONE,2,0,2,0,0,0,0,0,1,0,FIXED_IDLE_SEQUENCE,STACK_REL_PRE_DATA_IDLE,00020000,000005,80A238,V02C_MATRIX_PLUS_PINNED_MESEN_CPU_SOURCE_ORDER_NO_GAMEPLAY
V05C000609,80:A23A:E0M0X0,040511D0,80,A23A,0,0,0,85,STA,DP,2,856A,NATIVE_BODY,NATIVE_BODY,4,5,DIRECT_LOW_NONZERO:+1,2,0,0,2,0,0,0,0,0,1,DIRECT_SEQUENCE,DYN_DIRECT_LOW_PRE_IDLE,00000001,00006A,80A23A,V02C_MATRIX_PLUS_PINNED_MESEN_CPU_SOURCE_ORDER_NO_GAMEPLAY
V05C000610,80:A23C:E0M0X0,040511E0,80,A23C,0,0,0,E2,SEP,IMM8,2,E230,NATIVE_BODY,NATIVE_BODY,3,3,NONE,2,0,0,0,0,0,0,0,1,0,FIXED_IDLE_SEQUENCE,STATUS_PRE_IDLE,00002000,000030,80A23C,V02C_MATRIX_PLUS_PINNED_MESEN_CPU_SOURCE_ORDER_NO_GAMEPLAY
V05C000611,80:A23E:E0M1X1,040511F3,80,A23E,0,1,1,A2,LDX,IMM_X,2,A200,NATIVE_BODY,NATIVE_BODY,2,2,NONE,2,0,0,0,0,0,0,0,0,0,LINEAR_BUS_SEQUENCE,,00000000,000000,80A23E,V02C_MATRIX_PLUS_PINNED_MESEN_CPU_SOURCE_ORDER_NO_GAMEPLAY
V05C000612,80:A240:E0M1X1,04051203,80,A240,0,1,1,A5,LDA,DP,2,A568,NATIVE_BODY,NATIVE_BODY,3,4,DIRECT_LOW_NONZERO:+1,2,0,1,0,0,0,0,0,0,1,DIRECT_SEQUENCE,DYN_DIRECT_LOW_PRE_IDLE,00000001,000068,80A240,V02C_MATRIX_PLUS_PINNED_MESEN_CPU_SOURCE_ORDER_NO_GAMEPLAY
V05C000613,80:A242:E0M1X1,04051213,80,A242,0,1,1,8D,STA,ABS,3,8D1621,NATIVE_BODY,NATIVE_BODY,4,4,NONE,3,0,0,1,0,0,0,0,0,0,LINEAR_BUS_SEQUENCE,,00000000,002116,80A242,V02C_MATRIX_PLUS_PINNED_MESEN_CPU_SOURCE_ORDER_NO_GAMEPLAY
V05C000614,80:A245:E0M1X1,0405122B,80,A245,0,1,1,A5,LDA,DP,2,A569,NATIVE_BODY,NATIVE_BODY,3,4,DIRECT_LOW_NONZERO:+1,2,0,1,0,0,0,0,0,0,1,DIRECT_SEQUENCE,DYN_DIRECT_LOW_PRE_IDLE,00000001,000069,80A245,V02C_MATRIX_PLUS_PINNED_MESEN_CPU_SOURCE_ORDER_NO_GAMEPLAY
V05C000615,80:A247:E0M1X1,0405123B,80,A247,0,1,1,8D,STA,ABS,3,8D1721,NATIVE_BODY,NATIVE_BODY,4,4,NONE,3,0,0,1,0,0,0,0,0,0,LINEAR_BUS_SEQUENCE,,00000000,002117,80A247,V02C_MATRIX_PLUS_PINNED_MESEN_CPU_SOURCE_ORDER_NO_GAMEPLAY
V05C000616,80:A24A:E0M1X1,04051253,80,A24A,0,1,1,A9,LDA,IMM_M,2,A901,NATIVE_BODY,NATIVE_BODY,2,2,NONE,2,0,0,0,0,0,0,0,0,0,LINEAR_BUS_SEQUENCE,,00000000,000001,80A24A,V02C_MATRIX_PLUS_PINNED_MESEN_CPU_SOURCE_ORDER_NO_GAMEPLAY
V05C000617,80:A24C:E0M1X1,04051263,80,A24C,0,1,1,8D,STA,ABS,3,8D0043,NATIVE_BODY,NATIVE_BODY,4,4,NONE,3,0,0,1,0,0,0,0,0,0,LINEAR_BUS_SEQUENCE,,00000000,004300,80A24C,V02C_MATRIX_PLUS_PINNED_MESEN_CPU_SOURCE_ORDER_NO_GAMEPLAY
V05C000618,80:A24F:E0M1X1,0405127B,80,A24F,0,1,1,A9,LDA,IMM_M,2,A918,NATIVE_BODY,NATIVE_BODY,2,2,NONE,2,0,0,0,0,0,0,0,0,0,LINEAR_BUS_SEQUENCE,,00000000,000018,80A24F,V02C_MATRIX_PLUS_PINNED_MESEN_CPU_SOURCE_ORDER_NO_GAMEPLAY
V05C000619,80:A251:E0M1X1,0405128B,80,A251,0,1,1,8D,STA,ABS,3,8D0143,NATIVE_BODY,NATIVE_BODY,4,4,NONE,3,0,0,1,0,0,0,0,0,0,LINEAR_BUS_SEQUENCE,,00000000,004301,80A251,V02C_MATRIX_PLUS_PINNED_MESEN_CPU_SOURCE_ORDER_NO_GAMEPLAY
V05C000620,80:A254:E0M1X1,040512A3,80,A254,0,1,1,A5,LDA,DP,2,A56A,NATIVE_BODY,NATIVE_BODY,3,4,DIRECT_LOW_NONZERO:+1,2,0,1,0,0,0,0,0,0,1,DIRECT_SEQUENCE,DYN_DIRECT_LOW_PRE_IDLE,00000001,00006A,80A254,V02C_MATRIX_PLUS_PINNED_MESEN_CPU_SOURCE_ORDER_NO_GAMEPLAY
V05C000621,80:A256:E0M1X1,040512B3,80,A256,0,1,1,8D,STA,ABS,3,8D0243,NATIVE_BODY,NATIVE_BODY,4,4,NONE,3,0,0,1,0,0,0,0,0,0,LINEAR_BUS_SEQUENCE,,00000000,004302,80A256,V02C_MATRIX_PLUS_PINNED_MESEN_CPU_SOURCE_ORDER_NO_GAMEPLAY
V05C000622,80:A259:E0M1X1,040512CB,80,A259,0,1,1,A5,LDA,DP,2,A56B,NATIVE_BODY,NATIVE_BODY,3,4,DIRECT_LOW_NONZERO:+1,2,0,1,0,0,0,0,0,0,1,DIRECT_SEQUENCE,DYN_DIRECT_LOW_PRE_IDLE,00000001,00006B,80A259,V02C_MATRIX_PLUS_PINNED_MESEN_CPU_SOURCE_ORDER_NO_GAMEPLAY
V05C000623,80:A25B:E0M1X1,040512DB,80,A25B,0,1,1,8D,STA,ABS,3,8D0343,NATIVE_BODY,NATIVE_BODY,4,4,NONE,3,0,0,1,0,0,0,0,0,0,LINEAR_BUS_SEQUENCE,,00000000,004303,80A25B,V02C_MATRIX_PLUS_PINNED_MESEN_CPU_SOURCE_ORDER_NO_GAMEPLAY
V05C000624,80:A25E:E0M1X1,040512F3,80,A25E,0,1,1,A9,LDA,IMM_M,2,A97E,NATIVE_BODY,NATIVE_BODY,2,2,NONE,2,0,0,0,0,0,0,0,0,0,LINEAR_BUS_SEQUENCE,,00000000,00007E,80A25E,V02C_MATRIX_PLUS_PINNED_MESEN_CPU_SOURCE_ORDER_NO_GAMEPLAY
V05C000625,80:A260:E0M1X1,04051303,80,A260,0,1,1,8D,STA,ABS,3,8D0443,NATIVE_BODY,NATIVE_BODY,4,4,NONE,3,0,0,1,0,0,0,0,0,0,LINEAR_BUS_SEQUENCE,,00000000,004304,80A260,V02C_MATRIX_PLUS_PINNED_MESEN_CPU_SOURCE_ORDER_NO_GAMEPLAY
V05C000626,80:A263:E0M1X1,0405131B,80,A263,0,1,1,A9,LDA,IMM_M,2,A900,NATIVE_BODY,NATIVE_BODY,2,2,NONE,2,0,0,0,0,0,0,0,0,0,LINEAR_BUS_SEQUENCE,,00000000,000000,80A263,V02C_MATRIX_PLUS_PINNED_MESEN_CPU_SOURCE_ORDER_NO_GAMEPLAY
V05C000627,80:A265:E0M1X1,0405132B,80,A265,0,1,1,8D,STA,ABS,3,8D0543,NATIVE_BODY,NATIVE_BODY,4,4,NONE,3,0,0,1,0,0,0,0,0,0,LINEAR_BUS_SEQUENCE,,00000000,004305,80A265,V02C_MATRIX_PLUS_PINNED_MESEN_CPU_SOURCE_ORDER_NO_GAMEPLAY
V05C000628,80:A268:E0M1X1,04051343,80,A268,0,1,1,A9,LDA,IMM_M,2,A901,NATIVE_BODY,NATIVE_BODY,2,2,NONE,2,0,0,0,0,0,0,0,0,0,LINEAR_BUS_SEQUENCE,,00000000,000001,80A268,V02C_MATRIX_PLUS_PINNED_MESEN_CPU_SOURCE_ORDER_NO_GAMEPLAY
V05C000629,80:A26A:E0M1X1,04051353,80,A26A,0,1,1,8D,STA,ABS,3,8D0643,NATIVE_BODY,NATIVE_BODY,4,4,NONE,3,0,0,1,0,0,0,0,0,0,LINEAR_BUS_SEQUENCE,,00000000,004306,80A26A,V02C_MATRIX_PLUS_PINNED_MESEN_CPU_SOURCE_ORDER_NO_GAMEPLAY
V05C000630,80:A26D:E0M1X1,0405136B,80,A26D,0,1,1,A9,LDA,IMM_M,2,A901,NATIVE_BODY,NATIVE_BODY,2,2,NONE,2,0,0,0,0,0,0,0,0,0,LINEAR_BUS_SEQUENCE,,00000000,000001,80A26D,V02C_MATRIX_PLUS_PINNED_MESEN_CPU_SOURCE_ORDER_NO_GAMEPLAY
V05C000631,80:A26F:E0M1X1,0405137B,80,A26F,0,1,1,8D,STA,ABS,3,8D0B42,NATIVE_BODY,NATIVE_BODY,4,4,NONE,3,0,0,1,0,0,0,0,0,0,LINEAR_BUS_SEQUENCE,,00000000,00420B,80A26F,V02C_MATRIX_PLUS_PINNED_MESEN_CPU_SOURCE_ORDER_NO_GAMEPLAY
V05C000632,80:A272:E0M1X1,04051393,80,A272,0,1,1,E6,INC,DP,2,E669,NATIVE_BODY,NATIVE_BODY,5,6,DIRECT_LOW_NONZERO:+1,2,0,1,1,0,0,0,0,1,1,RMW_SEQUENCE,RMW_INTERMEDIATE_IDLE;DYN_DIRECT_LOW_PRE_IDLE,00010001,000069,80A272,V02C_MATRIX_PLUS_PINNED_MESEN_CPU_SOURCE_ORDER_NO_GAMEPLAY
V05C000633,80:A274:E0M1X1,040513A3,80,A274,0,1,1,E6,INC,DP,2,E66B,NATIVE_BODY,NATIVE_BODY,5,6,DIRECT_LOW_NONZERO:+1,2,0,1,1,0,0,0,0,1,1,RMW_SEQUENCE,RMW_INTERMEDIATE_IDLE;DYN_DIRECT_LOW_PRE_IDLE,00010001,00006B,80A274,V02C_MATRIX_PLUS_PINNED_MESEN_CPU_SOURCE_ORDER_NO_GAMEPLAY
V05C000634,80:A276:E0M1X1,040513B3,80,A276,0,1,1,E8,INX,IMP,1,E8,NATIVE_BODY,NATIVE_BODY,2,2,NONE,1,0,0,0,0,0,0,0,1,0,FIXED_IDLE_SEQUENCE,IMPLIED_PRE_IDLE,00000800,000000,80A276,V02C_MATRIX_PLUS_PINNED_MESEN_CPU_SOURCE_ORDER_NO_GAMEPLAY
V05C000635,80:A277:E0M1X1,040513BB,80,A277,0,1,1,E0,CPX,IMM_X,2,E008,NATIVE_BODY,NATIVE_BODY,2,2,NONE,2,0,0,0,0,0,0,0,0,0,LINEAR_BUS_SEQUENCE,,00000000,000008,80A277,V02C_MATRIX_PLUS_PINNED_MESEN_CPU_SOURCE_ORDER_NO_GAMEPLAY
V05C000636,80:A279:E0M1X1,040513CB,80,A279,0,1,1,90,BCC,REL8,2,90C5,NATIVE_BODY,NATIVE_BODY,2,3,BRANCH_TAKEN:+1,2,0,0,0,0,0,0,0,0,1,BRANCH_SEQUENCE,DYN_BRANCH_TAKEN_POST_IDLE,00000004,0000C5,80A279,V02C_MATRIX_PLUS_PINNED_MESEN_CPU_SOURCE_ORDER_NO_GAMEPLAY
V05C000637,80:A27B:E0M1X1,040513DB,80,A27B,0,1,1,C2,REP,IMM8,2,C230,NATIVE_BODY,NATIVE_BODY,3,3,NONE,2,0,0,0,0,0,0,0,1,0,FIXED_IDLE_SEQUENCE,STATUS_PRE_IDLE,00002000,000030,80A27B,V02C_MATRIX_PLUS_PINNED_MESEN_CPU_SOURCE_ORDER_NO_GAMEPLAY
V05C000638,80:A27D:E0M0X0,040513E8,80,A27D,0,0,0,60,RTS,IMP,1,60,NATIVE_BODY,NATIVE_BODY,6,6,NONE,1,0,0,0,0,2,0,0,3,0,RETURN_SEQUENCE,RETURN_PRE_IDLE;RETURN_PRE_IDLE;RTS_POST_POP_IDLE,00000180,000000,80A27D,V02C_MATRIX_PLUS_PINNED_MESEN_CPU_SOURCE_ORDER_NO_GAMEPLAY
V05C000639,80:A2DB:E0M0X0,040516D8,80,A2DB,0,0,0,8B,PHB,IMP,1,8B,NATIVE_BODY,NATIVE_BODY,3,3,NONE,1,0,0,0,0,0,1,0,1,0,FIXED_IDLE_SEQUENCE,PUSH_PRE_IDLE,00000200,000000,80A2DB,V02C_MATRIX_PLUS_PINNED_MESEN_CPU_SOURCE_ORDER_NO_GAMEPLAY
V05C000640,80:A2DC:E0M0X0,040516E0,80,A2DC,0,0,0,4B,PHK,IMP,1,4B,NATIVE_BODY,NATIVE_BODY,3,3,NONE,1,0,0,0,0,0,1,0,1,0,FIXED_IDLE_SEQUENCE,PUSH_PRE_IDLE,00000200,000000,80A2DC,V02C_MATRIX_PLUS_PINNED_MESEN_CPU_SOURCE_ORDER_NO_GAMEPLAY
V05C000641,80:A2DD:E0M0X0,040516E8,80,A2DD,0,0,0,AB,PLB,IMP,1,AB,NATIVE_BODY,NATIVE_BODY,4,4,NONE,1,0,0,0,0,1,0,0,2,0,FIXED_IDLE_SEQUENCE,PULL_PRE_IDLE;PULL_PRE_IDLE,00000400,000000,80A2DD,V02C_MATRIX_PLUS_PINNED_MESEN_CPU_SOURCE_ORDER_NO_GAMEPLAY
V05C000642,80:A2DE:E0M0X0,040516F0,80,A2DE,0,0,0,48,PHA,IMP,1,48,NATIVE_BODY,NATIVE_BODY,4,4,NONE,1,0,0,0,0,0,2,0,1,0,FIXED_IDLE_SEQUENCE,PUSH_PRE_IDLE,00000200,000000,80A2DE,V02C_MATRIX_PLUS_PINNED_MESEN_CPU_SOURCE_ORDER_NO_GAMEPLAY
V05C000643,80:A2DF:E0M0X0,040516F8,80,A2DF,0,0,0,DA,PHX,IMP,1,DA,NATIVE_BODY,NATIVE_BODY,4,4,NONE,1,0,0,0,0,0,2,0,1,0,FIXED_IDLE_SEQUENCE,PUSH_PRE_IDLE,00000200,000000,80A2DF,V02C_MATRIX_PLUS_PINNED_MESEN_CPU_SOURCE_ORDER_NO_GAMEPLAY
V05C000644,80:A2E0:E0M0X0,04051700,80,A2E0,0,0,0,20,JSR,ABS_JUMP,3,20E7A2,NATIVE_BODY,NATIVE_BODY,6,6,NONE,3,0,0,0,0,0,2,0,1,0,FIXED_IDLE_SEQUENCE,JSR_PRE_STACK_IDLE,00000020,00A2E7,80A2E0,V02C_MATRIX_PLUS_PINNED_MESEN_CPU_SOURCE_ORDER_NO_GAMEPLAY
V05C000645,80:A2E3:E0M0X0,04051718,80,A2E3,0,0,0,FA,PLX,IMP,1,FA,NATIVE_BODY,NATIVE_BODY,5,5,NONE,1,0,0,0,0,2,0,0,2,0,FIXED_IDLE_SEQUENCE,PULL_PRE_IDLE;PULL_PRE_IDLE,00000400,000000,80A2E3,V02C_MATRIX_PLUS_PINNED_MESEN_CPU_SOURCE_ORDER_NO_GAMEPLAY
V05C000646,80:A2E4:E0M0X0,04051720,80,A2E4,0,0,0,68,PLA,IMP,1,68,NATIVE_BODY,NATIVE_BODY,5,5,NONE,1,0,0,0,0,2,0,0,2,0,FIXED_IDLE_SEQUENCE,PULL_PRE_IDLE;PULL_PRE_IDLE,00000400,000000,80A2E4,V02C_MATRIX_PLUS_PINNED_MESEN_CPU_SOURCE_ORDER_NO_GAMEPLAY
V05C000647,80:A2E5:E0M0X0,04051728,80,A2E5,0,0,0,AB,PLB,IMP,1,AB,NATIVE_BODY,NATIVE_BODY,4,4,NONE,1,0,0,0,0,1,0,0,2,0,FIXED_IDLE_SEQUENCE,PULL_PRE_IDLE;PULL_PRE_IDLE,00000400,000000,80A2E5,V02C_MATRIX_PLUS_PINNED_MESEN_CPU_SOURCE_ORDER_NO_GAMEPLAY
V05C000648,80:A2E6:E0M0X0,04051730,80,A2E6,0,0,0,6B,RTL,IMP,1,6B,NATIVE_BODY,NATIVE_BODY,6,6,NONE,1,0,0,0,0,3,0,0,2,0,RETURN_SEQUENCE,RETURN_PRE_IDLE;RETURN_PRE_IDLE,00000080,000000,80A2E6,V02C_MATRIX_PLUS_PINNED_MESEN_CPU_SOURCE_ORDER_NO_GAMEPLAY
V05C000649,80:A2E7:E0M0X0,04051738,80,A2E7,0,0,0,A3,LDA,STACK_REL,2,A303,NATIVE_BODY,NATIVE_BODY,5,5,NONE,2,0,2,0,0,0,0,0,1,0,FIXED_IDLE_SEQUENCE,STACK_REL_PRE_DATA_IDLE,00020000,000003,80A2E7,V02C_MATRIX_PLUS_PINNED_MESEN_CPU_SOURCE_ORDER_NO_GAMEPLAY
V05C000650,80:A2E9:E0M0X0,04051748,80,A2E9,0,0,0,0A,ASL,ACC,1,0A,NATIVE_BODY,NATIVE_BODY,2,2,NONE,1,0,0,0,0,0,0,0,1,0,FIXED_IDLE_SEQUENCE,IMPLIED_PRE_IDLE,00000800,000000,80A2E9,V02C_MATRIX_PLUS_PINNED_MESEN_CPU_SOURCE_ORDER_NO_GAMEPLAY
V05C000651,80:A2EA:E0M0X0,04051750,80,A2EA,0,0,0,0A,ASL,ACC,1,0A,NATIVE_BODY,NATIVE_BODY,2,2,NONE,1,0,0,0,0,0,0,0,1,0,FIXED_IDLE_SEQUENCE,IMPLIED_PRE_IDLE,00000800,000000,80A2EA,V02C_MATRIX_PLUS_PINNED_MESEN_CPU_SOURCE_ORDER_NO_GAMEPLAY
V05C000652,80:A2EB:E0M0X0,04051758,80,A2EB,0,0,0,0A,ASL,ACC,1,0A,NATIVE_BODY,NATIVE_BODY,2,2,NONE,1,0,0,0,0,0,0,0,1,0,FIXED_IDLE_SEQUENCE,IMPLIED_PRE_IDLE,00000800,000000,80A2EB,V02C_MATRIX_PLUS_PINNED_MESEN_CPU_SOURCE_ORDER_NO_GAMEPLAY
V05C000653,80:A2EC:E0M0X0,04051760,80,A2EC,0,0,0,0A,ASL,ACC,1,0A,NATIVE_BODY,NATIVE_BODY,2,2,NONE,1,0,0,0,0,0,0,0,1,0,FIXED_IDLE_SEQUENCE,IMPLIED_PRE_IDLE,00000800,000000,80A2EC,V02C_MATRIX_PLUS_PINNED_MESEN_CPU_SOURCE_ORDER_NO_GAMEPLAY
V05C000654,80:A2ED:E0M0X0,04051768,80,A2ED,0,0,0,69,ADC,IMM_M,3,690020,NATIVE_BODY,NATIVE_BODY,3,3,NONE,3,0,0,0,0,0,0,0,0,0,LINEAR_BUS_SEQUENCE,,00000000,002000,80A2ED,V02C_MATRIX_PLUS_PINNED_MESEN_CPU_SOURCE_ORDER_NO_GAMEPLAY
V05C000655,80:A2F0:E0M0X0,04051780,80,A2F0,0,0,0,85,STA,DP,2,8568,NATIVE_BODY,NATIVE_BODY,4,5,DIRECT_LOW_NONZERO:+1,2,0,0,2,0,0,0,0,0,1,DIRECT_SEQUENCE,DYN_DIRECT_LOW_PRE_IDLE,00000001,000068,80A2F0,V02C_MATRIX_PLUS_PINNED_MESEN_CPU_SOURCE_ORDER_NO_GAMEPLAY
V05C000656,80:A2F2:E0M0X0,04051790,80,A2F2,0,0,0,A3,LDA,STACK_REL,2,A305,NATIVE_BODY,NATIVE_BODY,5,5,NONE,2,0,2,0,0,0,0,0,1,0,FIXED_IDLE_SEQUENCE,STACK_REL_PRE_DATA_IDLE,00020000,000005,80A2F2,V02C_MATRIX_PLUS_PINNED_MESEN_CPU_SOURCE_ORDER_NO_GAMEPLAY
V05C000657,80:A2F4:E0M0X0,040517A0,80,A2F4,0,0,0,85,STA,DP,2,856A,NATIVE_BODY,NATIVE_BODY,4,5,DIRECT_LOW_NONZERO:+1,2,0,0,2,0,0,0,0,0,1,DIRECT_SEQUENCE,DYN_DIRECT_LOW_PRE_IDLE,00000001,00006A,80A2F4,V02C_MATRIX_PLUS_PINNED_MESEN_CPU_SOURCE_ORDER_NO_GAMEPLAY
V05C000658,80:A2F6:E0M0X0,040517B0,80,A2F6,0,0,0,E2,SEP,IMM8,2,E230,NATIVE_BODY,NATIVE_BODY,3,3,NONE,2,0,0,0,0,0,0,0,1,0,FIXED_IDLE_SEQUENCE,STATUS_PRE_IDLE,00002000,000030,80A2F6,V02C_MATRIX_PLUS_PINNED_MESEN_CPU_SOURCE_ORDER_NO_GAMEPLAY
V05C000659,80:A2F8:E0M1X1,040517C3,80,A2F8,0,1,1,A9,LDA,IMM_M,2,A980,NATIVE_BODY,NATIVE_BODY,2,2,NONE,2,0,0,0,0,0,0,0,0,0,LINEAR_BUS_SEQUENCE,,00000000,000080,80A2F8,V02C_MATRIX_PLUS_PINNED_MESEN_CPU_SOURCE_ORDER_NO_GAMEPLAY
V05C000660,80:A2FA:E0M1X1,040517D3,80,A2FA,0,1,1,8D,STA,ABS,3,8D1521,NATIVE_BODY,NATIVE_BODY,4,4,NONE,3,0,0,1,0,0,0,0,0,0,LINEAR_BUS_SEQUENCE,,00000000,002115,80A2FA,V02C_MATRIX_PLUS_PINNED_MESEN_CPU_SOURCE_ORDER_NO_GAMEPLAY
V05C000661,80:A2FD:E0M1X1,040517EB,80,A2FD,0,1,1,A9,LDA,IMM_M,2,A901,NATIVE_BODY,NATIVE_BODY,2,2,NONE,2,0,0,0,0,0,0,0,0,0,LINEAR_BUS_SEQUENCE,,00000000,000001,80A2FD,V02C_MATRIX_PLUS_PINNED_MESEN_CPU_SOURCE_ORDER_NO_GAMEPLAY
V05C000662,80:A2FF:E0M1X1,040517FB,80,A2FF,0,1,1,8D,STA,ABS,3,8D0043,NATIVE_BODY,NATIVE_BODY,4,4,NONE,3,0,0,1,0,0,0,0,0,0,LINEAR_BUS_SEQUENCE,,00000000,004300,80A2FF,V02C_MATRIX_PLUS_PINNED_MESEN_CPU_SOURCE_ORDER_NO_GAMEPLAY
V05C000663,80:A302:E0M1X1,04051813,80,A302,0,1,1,A9,LDA,IMM_M,2,A918,NATIVE_BODY,NATIVE_BODY,2,2,NONE,2,0,0,0,0,0,0,0,0,0,LINEAR_BUS_SEQUENCE,,00000000,000018,80A302,V02C_MATRIX_PLUS_PINNED_MESEN_CPU_SOURCE_ORDER_NO_GAMEPLAY
V05C000664,80:A304:E0M1X1,04051823,80,A304,0,1,1,8D,STA,ABS,3,8D0143,NATIVE_BODY,NATIVE_BODY,4,4,NONE,3,0,0,1,0,0,0,0,0,0,LINEAR_BUS_SEQUENCE,,00000000,004301,80A304,V02C_MATRIX_PLUS_PINNED_MESEN_CPU_SOURCE_ORDER_NO_GAMEPLAY
V05C000665,80:A307:E0M1X1,0405183B,80,A307,0,1,1,A9,LDA,IMM_M,2,A97E,NATIVE_BODY,NATIVE_BODY,2,2,NONE,2,0,0,0,0,0,0,0,0,0,LINEAR_BUS_SEQUENCE,,00000000,00007E,80A307,V02C_MATRIX_PLUS_PINNED_MESEN_CPU_SOURCE_ORDER_NO_GAMEPLAY
V05C000666,80:A309:E0M1X1,0405184B,80,A309,0,1,1,8D,STA,ABS,3,8D0443,NATIVE_BODY,NATIVE_BODY,4,4,NONE,3,0,0,1,0,0,0,0,0,0,LINEAR_BUS_SEQUENCE,,00000000,004304,80A309,V02C_MATRIX_PLUS_PINNED_MESEN_CPU_SOURCE_ORDER_NO_GAMEPLAY
V05C000667,80:A30C:E0M1X1,04051863,80,A30C,0,1,1,C2,REP,IMM8,2,C230,NATIVE_BODY,NATIVE_BODY,3,3,NONE,2,0,0,0,0,0,0,0,1,0,FIXED_IDLE_SEQUENCE,STATUS_PRE_IDLE,00002000,000030,80A30C,V02C_MATRIX_PLUS_PINNED_MESEN_CPU_SOURCE_ORDER_NO_GAMEPLAY
V05C000668,80:A30E:E0M0X0,04051870,80,A30E,0,0,0,A2,LDX,IMM_X,3,A20400,NATIVE_BODY,NATIVE_BODY,3,3,NONE,3,0,0,0,0,0,0,0,0,0,LINEAR_BUS_SEQUENCE,,00000000,000004,80A30E,V02C_MATRIX_PLUS_PINNED_MESEN_CPU_SOURCE_ORDER_NO_GAMEPLAY
V05C000669,80:A311:E0M0X0,04051888,80,A311,0,0,0,A5,LDA,DP,2,A568,NATIVE_BODY,NATIVE_BODY,4,5,DIRECT_LOW_NONZERO:+1,2,0,2,0,0,0,0,0,0,1,DIRECT_SEQUENCE,DYN_DIRECT_LOW_PRE_IDLE,00000001,000068,80A311,V02C_MATRIX_PLUS_PINNED_MESEN_CPU_SOURCE_ORDER_NO_GAMEPLAY
V05C000670,80:A313:E0M0X0,04051898,80,A313,0,0,0,8D,STA,ABS,3,8D1621,NATIVE_BODY,NATIVE_BODY,5,5,NONE,3,0,0,2,0,0,0,0,0,0,LINEAR_BUS_SEQUENCE,,00000000,002116,80A313,V02C_MATRIX_PLUS_PINNED_MESEN_CPU_SOURCE_ORDER_NO_GAMEPLAY
V05C000671,80:A316:E0M0X0,040518B0,80,A316,0,0,0,A5,LDA,DP,2,A56A,NATIVE_BODY,NATIVE_BODY,4,5,DIRECT_LOW_NONZERO:+1,2,0,2,0,0,0,0,0,0,1,DIRECT_SEQUENCE,DYN_DIRECT_LOW_PRE_IDLE,00000001,00006A,80A316,V02C_MATRIX_PLUS_PINNED_MESEN_CPU_SOURCE_ORDER_NO_GAMEPLAY
V05C000672,80:A318:E0M0X0,040518C0,80,A318,0,0,0,8D,STA,ABS,3,8D0243,NATIVE_BODY,NATIVE_BODY,5,5,NONE,3,0,0,2,0,0,0,0,0,0,LINEAR_BUS_SEQUENCE,,00000000,004302,80A318,V02C_MATRIX_PLUS_PINNED_MESEN_CPU_SOURCE_ORDER_NO_GAMEPLAY
V05C000673,80:A31B:E0M0X0,040518D8,80,A31B,0,0,0,A9,LDA,IMM_M,3,A98000,NATIVE_BODY,NATIVE_BODY,3,3,NONE,3,0,0,0,0,0,0,0,0,0,LINEAR_BUS_SEQUENCE,,00000000,000080,80A31B,V02C_MATRIX_PLUS_PINNED_MESEN_CPU_SOURCE_ORDER_NO_GAMEPLAY
V05C000674,80:A31E:E0M0X0,040518F0,80,A31E,0,0,0,8D,STA,ABS,3,8D0543,NATIVE_BODY,NATIVE_BODY,5,5,NONE,3,0,0,2,0,0,0,0,0,0,LINEAR_BUS_SEQUENCE,,00000000,004305,80A31E,V02C_MATRIX_PLUS_PINNED_MESEN_CPU_SOURCE_ORDER_NO_GAMEPLAY
V05C000675,80:A321:E0M0X0,04051908,80,A321,0,0,0,E2,SEP,IMM8,2,E230,NATIVE_BODY,NATIVE_BODY,3,3,NONE,2,0,0,0,0,0,0,0,1,0,FIXED_IDLE_SEQUENCE,STATUS_PRE_IDLE,00002000,000030,80A321,V02C_MATRIX_PLUS_PINNED_MESEN_CPU_SOURCE_ORDER_NO_GAMEPLAY
V05C000676,80:A323:E0M1X1,0405191B,80,A323,0,1,1,A9,LDA,IMM_M,2,A901,NATIVE_BODY,NATIVE_BODY,2,2,NONE,2,0,0,0,0,0,0,0,0,0,LINEAR_BUS_SEQUENCE,,00000000,000001,80A323,V02C_MATRIX_PLUS_PINNED_MESEN_CPU_SOURCE_ORDER_NO_GAMEPLAY
V05C000677,80:A325:E0M1X1,0405192B,80,A325,0,1,1,8D,STA,ABS,3,8D0B42,NATIVE_BODY,NATIVE_BODY,4,4,NONE,3,0,0,1,0,0,0,0,0,0,LINEAR_BUS_SEQUENCE,,00000000,00420B,80A325,V02C_MATRIX_PLUS_PINNED_MESEN_CPU_SOURCE_ORDER_NO_GAMEPLAY
V05C000678,80:A328:E0M1X1,04051943,80,A328,0,1,1,C2,REP,IMM8,2,C230,NATIVE_BODY,NATIVE_BODY,3,3,NONE,2,0,0,0,0,0,0,0,1,0,FIXED_IDLE_SEQUENCE,STATUS_PRE_IDLE,00002000,000030,80A328,V02C_MATRIX_PLUS_PINNED_MESEN_CPU_SOURCE_ORDER_NO_GAMEPLAY
V05C000679,80:A32A:E0M0X0,04051950,80,A32A,0,0,0,A5,LDA,DP,2,A56A,NATIVE_BODY,NATIVE_BODY,4,5,DIRECT_LOW_NONZERO:+1,2,0,2,0,0,0,0,0,0,1,DIRECT_SEQUENCE,DYN_DIRECT_LOW_PRE_IDLE,00000001,00006A,80A32A,V02C_MATRIX_PLUS_PINNED_MESEN_CPU_SOURCE_ORDER_NO_GAMEPLAY
V05C000680,80:A32C:E0M0X0,04051960,80,A32C,0,0,0,18,CLC,IMP,1,18,NATIVE_BODY,NATIVE_BODY,2,2,NONE,1,0,0,0,0,0,0,0,1,0,FIXED_IDLE_SEQUENCE,IMPLIED_PRE_IDLE,00000800,000000,80A32C,V02C_MATRIX_PLUS_PINNED_MESEN_CPU_SOURCE_ORDER_NO_GAMEPLAY
V05C000681,80:A32D:E0M0X0,04051968,80,A32D,0,0,0,69,ADC,IMM_M,3,698000,NATIVE_BODY,NATIVE_BODY,3,3,NONE,3,0,0,0,0,0,0,0,0,0,LINEAR_BUS_SEQUENCE,,00000000,000080,80A32D,V02C_MATRIX_PLUS_PINNED_MESEN_CPU_SOURCE_ORDER_NO_GAMEPLAY
V05C000682,80:A330:E0M0X0,04051980,80,A330,0,0,0,85,STA,DP,2,856A,NATIVE_BODY,NATIVE_BODY,4,5,DIRECT_LOW_NONZERO:+1,2,0,0,2,0,0,0,0,0,1,DIRECT_SEQUENCE,DYN_DIRECT_LOW_PRE_IDLE,00000001,00006A,80A330,V02C_MATRIX_PLUS_PINNED_MESEN_CPU_SOURCE_ORDER_NO_GAMEPLAY
V05C000683,80:A332:E0M0X0,04051990,80,A332,0,0,0,E6,INC,DP,2,E669,NATIVE_BODY,NATIVE_BODY,7,8,DIRECT_LOW_NONZERO:+1,2,0,2,2,0,0,0,0,1,1,RMW_SEQUENCE,RMW_INTERMEDIATE_IDLE;DYN_DIRECT_LOW_PRE_IDLE,00010001,000069,80A332,V02C_MATRIX_PLUS_PINNED_MESEN_CPU_SOURCE_ORDER_NO_GAMEPLAY
V05C000684,80:A334:E0M0X0,040519A0,80,A334,0,0,0,CA,DEX,IMP,1,CA,NATIVE_BODY,NATIVE_BODY,2,2,NONE,1,0,0,0,0,0,0,0,1,0,FIXED_IDLE_SEQUENCE,IMPLIED_PRE_IDLE,00000800,000000,80A334,V02C_MATRIX_PLUS_PINNED_MESEN_CPU_SOURCE_ORDER_NO_GAMEPLAY
V05C000685,80:A335:E0M0X0,040519A8,80,A335,0,0,0,D0,BNE,REL8,2,D0DA,NATIVE_BODY,NATIVE_BODY,2,3,BRANCH_TAKEN:+1,2,0,0,0,0,0,0,0,0,1,BRANCH_SEQUENCE,DYN_BRANCH_TAKEN_POST_IDLE,00000004,0000DA,80A335,V02C_MATRIX_PLUS_PINNED_MESEN_CPU_SOURCE_ORDER_NO_GAMEPLAY
V05C000686,80:A337:E0M0X0,040519B8,80,A337,0,0,0,60,RTS,IMP,1,60,NATIVE_BODY,NATIVE_BODY,6,6,NONE,1,0,0,0,0,2,0,0,3,0,RETURN_SEQUENCE,RETURN_PRE_IDLE;RETURN_PRE_IDLE;RTS_POST_POP_IDLE,00000180,000000,80A337,V02C_MATRIX_PLUS_PINNED_MESEN_CPU_SOURCE_ORDER_NO_GAMEPLAY
V05C000687,80:A338:E0M0X0,040519C0,80,A338,0,0,0,8B,PHB,IMP,1,8B,NATIVE_BODY,NATIVE_BODY,3,3,NONE,1,0,0,0,0,0,1,0,1,0,FIXED_IDLE_SEQUENCE,PUSH_PRE_IDLE,00000200,000000,80A338,V02C_MATRIX_PLUS_PINNED_MESEN_CPU_SOURCE_ORDER_NO_GAMEPLAY
V05C000688,80:A339:E0M0X0,040519C8,80,A339,0,0,0,4B,PHK,IMP,1,4B,NATIVE_BODY,NATIVE_BODY,3,3,NONE,1,0,0,0,0,0,1,0,1,0,FIXED_IDLE_SEQUENCE,PUSH_PRE_IDLE,00000200,000000,80A339,V02C_MATRIX_PLUS_PINNED_MESEN_CPU_SOURCE_ORDER_NO_GAMEPLAY
V05C000689,80:A33A:E0M0X0,040519D0,80,A33A,0,0,0,AB,PLB,IMP,1,AB,NATIVE_BODY,NATIVE_BODY,4,4,NONE,1,0,0,0,0,1,0,0,2,0,FIXED_IDLE_SEQUENCE,PULL_PRE_IDLE;PULL_PRE_IDLE,00000400,000000,80A33A,V02C_MATRIX_PLUS_PINNED_MESEN_CPU_SOURCE_ORDER_NO_GAMEPLAY
V05C000690,80:A33B:E0M0X0,040519D8,80,A33B,0,0,0,48,PHA,IMP,1,48,NATIVE_BODY,NATIVE_BODY,4,4,NONE,1,0,0,0,0,0,2,0,1,0,FIXED_IDLE_SEQUENCE,PUSH_PRE_IDLE,00000200,000000,80A33B,V02C_MATRIX_PLUS_PINNED_MESEN_CPU_SOURCE_ORDER_NO_GAMEPLAY
V05C000691,80:A33C:E0M0X0,040519E0,80,A33C,0,0,0,DA,PHX,IMP,1,DA,NATIVE_BODY,NATIVE_BODY,4,4,NONE,1,0,0,0,0,0,2,0,1,0,FIXED_IDLE_SEQUENCE,PUSH_PRE_IDLE,00000200,000000,80A33C,V02C_MATRIX_PLUS_PINNED_MESEN_CPU_SOURCE_ORDER_NO_GAMEPLAY
V05C000692,80:A33D:E0M0X0,040519E8,80,A33D,0,0,0,20,JSR,ABS_JUMP,3,2044A3,NATIVE_BODY,NATIVE_BODY,6,6,NONE,3,0,0,0,0,0,2,0,1,0,FIXED_IDLE_SEQUENCE,JSR_PRE_STACK_IDLE,00000020,00A344,80A33D,V02C_MATRIX_PLUS_PINNED_MESEN_CPU_SOURCE_ORDER_NO_GAMEPLAY
V05C000693,80:A340:E0M0X0,04051A00,80,A340,0,0,0,FA,PLX,IMP,1,FA,NATIVE_BODY,NATIVE_BODY,5,5,NONE,1,0,0,0,0,2,0,0,2,0,FIXED_IDLE_SEQUENCE,PULL_PRE_IDLE;PULL_PRE_IDLE,00000400,000000,80A340,V02C_MATRIX_PLUS_PINNED_MESEN_CPU_SOURCE_ORDER_NO_GAMEPLAY
V05C000694,80:A341:E0M0X0,04051A08,80,A341,0,0,0,68,PLA,IMP,1,68,NATIVE_BODY,NATIVE_BODY,5,5,NONE,1,0,0,0,0,2,0,0,2,0,FIXED_IDLE_SEQUENCE,PULL_PRE_IDLE;PULL_PRE_IDLE,00000400,000000,80A341,V02C_MATRIX_PLUS_PINNED_MESEN_CPU_SOURCE_ORDER_NO_GAMEPLAY
V05C000695,80:A342:E0M0X0,04051A10,80,A342,0,0,0,AB,PLB,IMP,1,AB,NATIVE_BODY,NATIVE_BODY,4,4,NONE,1,0,0,0,0,1,0,0,2,0,FIXED_IDLE_SEQUENCE,PULL_PRE_IDLE;PULL_PRE_IDLE,00000400,000000,80A342,V02C_MATRIX_PLUS_PINNED_MESEN_CPU_SOURCE_ORDER_NO_GAMEPLAY
V05C000696,80:A343:E0M0X0,04051A18,80,A343,0,0,0,6B,RTL,IMP,1,6B,NATIVE_BODY,NATIVE_BODY,6,6,NONE,1,0,0,0,0,3,0,0,2,0,RETURN_SEQUENCE,RETURN_PRE_IDLE;RETURN_PRE_IDLE,00000080,000000,80A343,V02C_MATRIX_PLUS_PINNED_MESEN_CPU_SOURCE_ORDER_NO_GAMEPLAY
V05C000697,80:A344:E0M0X0,04051A20,80,A344,0,0,0,A3,LDA,STACK_REL,2,A303,NATIVE_BODY,NATIVE_BODY,5,5,NONE,2,0,2,0,0,0,0,0,1,0,FIXED_IDLE_SEQUENCE,STACK_REL_PRE_DATA_IDLE,00020000,000003,80A344,V02C_MATRIX_PLUS_PINNED_MESEN_CPU_SOURCE_ORDER_NO_GAMEPLAY
V05C000698,80:A346:E0M0X0,04051A30,80,A346,0,0,0,0A,ASL,ACC,1,0A,NATIVE_BODY,NATIVE_BODY,2,2,NONE,1,0,0,0,0,0,0,0,1,0,FIXED_IDLE_SEQUENCE,IMPLIED_PRE_IDLE,00000800,000000,80A346,V02C_MATRIX_PLUS_PINNED_MESEN_CPU_SOURCE_ORDER_NO_GAMEPLAY
V05C000699,80:A347:E0M0X0,04051A38,80,A347,0,0,0,0A,ASL,ACC,1,0A,NATIVE_BODY,NATIVE_BODY,2,2,NONE,1,0,0,0,0,0,0,0,1,0,FIXED_IDLE_SEQUENCE,IMPLIED_PRE_IDLE,00000800,000000,80A347,V02C_MATRIX_PLUS_PINNED_MESEN_CPU_SOURCE_ORDER_NO_GAMEPLAY
V05C000700,80:A348:E0M0X0,04051A40,80,A348,0,0,0,0A,ASL,ACC,1,0A,NATIVE_BODY,NATIVE_BODY,2,2,NONE,1,0,0,0,0,0,0,0,1,0,FIXED_IDLE_SEQUENCE,IMPLIED_PRE_IDLE,00000800,000000,80A348,V02C_MATRIX_PLUS_PINNED_MESEN_CPU_SOURCE_ORDER_NO_GAMEPLAY
V05C000701,80:A349:E0M0X0,04051A48,80,A349,0,0,0,0A,ASL,ACC,1,0A,NATIVE_BODY,NATIVE_BODY,2,2,NONE,1,0,0,0,0,0,0,0,1,0,FIXED_IDLE_SEQUENCE,IMPLIED_PRE_IDLE,00000800,000000,80A349,V02C_MATRIX_PLUS_PINNED_MESEN_CPU_SOURCE_ORDER_NO_GAMEPLAY
V05C000702,80:A34A:E0M0X0,04051A50,80,A34A,0,0,0,69,ADC,IMM_M,3,690020,NATIVE_BODY,NATIVE_BODY,3,3,NONE,3,0,0,0,0,0,0,0,0,0,LINEAR_BUS_SEQUENCE,,00000000,002000,80A34A,V02C_MATRIX_PLUS_PINNED_MESEN_CPU_SOURCE_ORDER_NO_GAMEPLAY
V05C000703,80:A34D:E0M0X0,04051A68,80,A34D,0,0,0,85,STA,DP,2,8568,NATIVE_BODY,NATIVE_BODY,4,5,DIRECT_LOW_NONZERO:+1,2,0,0,2,0,0,0,0,0,1,DIRECT_SEQUENCE,DYN_DIRECT_LOW_PRE_IDLE,00000001,000068,80A34D,V02C_MATRIX_PLUS_PINNED_MESEN_CPU_SOURCE_ORDER_NO_GAMEPLAY
V05C000704,80:A34F:E0M0X0,04051A78,80,A34F,0,0,0,A3,LDA,STACK_REL,2,A305,NATIVE_BODY,NATIVE_BODY,5,5,NONE,2,0,2,0,0,0,0,0,1,0,FIXED_IDLE_SEQUENCE,STACK_REL_PRE_DATA_IDLE,00020000,000005,80A34F,V02C_MATRIX_PLUS_PINNED_MESEN_CPU_SOURCE_ORDER_NO_GAMEPLAY
V05C000705,80:A351:E0M0X0,04051A88,80,A351,0,0,0,85,STA,DP,2,856A,NATIVE_BODY,NATIVE_BODY,4,5,DIRECT_LOW_NONZERO:+1,2,0,0,2,0,0,0,0,0,1,DIRECT_SEQUENCE,DYN_DIRECT_LOW_PRE_IDLE,00000001,00006A,80A351,V02C_MATRIX_PLUS_PINNED_MESEN_CPU_SOURCE_ORDER_NO_GAMEPLAY
V05C000706,80:A353:E0M0X0,04051A98,80,A353,0,0,0,E2,SEP,IMM8,2,E230,NATIVE_BODY,NATIVE_BODY,3,3,NONE,2,0,0,0,0,0,0,0,1,0,FIXED_IDLE_SEQUENCE,STATUS_PRE_IDLE,00002000,000030,80A353,V02C_MATRIX_PLUS_PINNED_MESEN_CPU_SOURCE_ORDER_NO_GAMEPLAY
V05C000707,80:A355:E0M1X1,04051AAB,80,A355,0,1,1,A9,LDA,IMM_M,2,A980,NATIVE_BODY,NATIVE_BODY,2,2,NONE,2,0,0,0,0,0,0,0,0,0,LINEAR_BUS_SEQUENCE,,00000000,000080,80A355,V02C_MATRIX_PLUS_PINNED_MESEN_CPU_SOURCE_ORDER_NO_GAMEPLAY
V05C000708,80:A357:E0M1X1,04051ABB,80,A357,0,1,1,8D,STA,ABS,3,8D1521,NATIVE_BODY,NATIVE_BODY,4,4,NONE,3,0,0,1,0,0,0,0,0,0,LINEAR_BUS_SEQUENCE,,00000000,002115,80A357,V02C_MATRIX_PLUS_PINNED_MESEN_CPU_SOURCE_ORDER_NO_GAMEPLAY
V05C000709,80:A35A:E0M1X1,04051AD3,80,A35A,0,1,1,A9,LDA,IMM_M,2,A901,NATIVE_BODY,NATIVE_BODY,2,2,NONE,2,0,0,0,0,0,0,0,0,0,LINEAR_BUS_SEQUENCE,,00000000,000001,80A35A,V02C_MATRIX_PLUS_PINNED_MESEN_CPU_SOURCE_ORDER_NO_GAMEPLAY
V05C000710,80:A35C:E0M1X1,04051AE3,80,A35C,0,1,1,8D,STA,ABS,3,8D0043,NATIVE_BODY,NATIVE_BODY,4,4,NONE,3,0,0,1,0,0,0,0,0,0,LINEAR_BUS_SEQUENCE,,00000000,004300,80A35C,V02C_MATRIX_PLUS_PINNED_MESEN_CPU_SOURCE_ORDER_NO_GAMEPLAY
V05C000711,80:A35F:E0M1X1,04051AFB,80,A35F,0,1,1,A9,LDA,IMM_M,2,A918,NATIVE_BODY,NATIVE_BODY,2,2,NONE,2,0,0,0,0,0,0,0,0,0,LINEAR_BUS_SEQUENCE,,00000000,000018,80A35F,V02C_MATRIX_PLUS_PINNED_MESEN_CPU_SOURCE_ORDER_NO_GAMEPLAY
V05C000712,80:A361:E0M1X1,04051B0B,80,A361,0,1,1,8D,STA,ABS,3,8D0143,NATIVE_BODY,NATIVE_BODY,4,4,NONE,3,0,0,1,0,0,0,0,0,0,LINEAR_BUS_SEQUENCE,,00000000,004301,80A361,V02C_MATRIX_PLUS_PINNED_MESEN_CPU_SOURCE_ORDER_NO_GAMEPLAY
V05C000713,80:A364:E0M1X1,04051B23,80,A364,0,1,1,A9,LDA,IMM_M,2,A97E,NATIVE_BODY,NATIVE_BODY,2,2,NONE,2,0,0,0,0,0,0,0,0,0,LINEAR_BUS_SEQUENCE,,00000000,00007E,80A364,V02C_MATRIX_PLUS_PINNED_MESEN_CPU_SOURCE_ORDER_NO_GAMEPLAY
V05C000714,80:A366:E0M1X1,04051B33,80,A366,0,1,1,8D,STA,ABS,3,8D0443,NATIVE_BODY,NATIVE_BODY,4,4,NONE,3,0,0,1,0,0,0,0,0,0,LINEAR_BUS_SEQUENCE,,00000000,004304,80A366,V02C_MATRIX_PLUS_PINNED_MESEN_CPU_SOURCE_ORDER_NO_GAMEPLAY
V05C000715,80:A369:E0M1X1,04051B4B,80,A369,0,1,1,C2,REP,IMM8,2,C230,NATIVE_BODY,NATIVE_BODY,3,3,NONE,2,0,0,0,0,0,0,0,1,0,FIXED_IDLE_SEQUENCE,STATUS_PRE_IDLE,00002000,000030,80A369,V02C_MATRIX_PLUS_PINNED_MESEN_CPU_SOURCE_ORDER_NO_GAMEPLAY
V05C000716,80:A36B:E0M0X0,04051B58,80,A36B,0,0,0,A2,LDX,IMM_X,3,A20200,NATIVE_BODY,NATIVE_BODY,3,3,NONE,3,0,0,0,0,0,0,0,0,0,LINEAR_BUS_SEQUENCE,,00000000,000002,80A36B,V02C_MATRIX_PLUS_PINNED_MESEN_CPU_SOURCE_ORDER_NO_GAMEPLAY
V05C000717,80:A36E:E0M0X0,04051B70,80,A36E,0,0,0,A5,LDA,DP,2,A568,NATIVE_BODY,NATIVE_BODY,4,5,DIRECT_LOW_NONZERO:+1,2,0,2,0,0,0,0,0,0,1,DIRECT_SEQUENCE,DYN_DIRECT_LOW_PRE_IDLE,00000001,000068,80A36E,V02C_MATRIX_PLUS_PINNED_MESEN_CPU_SOURCE_ORDER_NO_GAMEPLAY
V05C000718,80:A370:E0M0X0,04051B80,80,A370,0,0,0,8D,STA,ABS,3,8D1621,NATIVE_BODY,NATIVE_BODY,5,5,NONE,3,0,0,2,0,0,0,0,0,0,LINEAR_BUS_SEQUENCE,,00000000,002116,80A370,V02C_MATRIX_PLUS_PINNED_MESEN_CPU_SOURCE_ORDER_NO_GAMEPLAY
V05C000719,80:A373:E0M0X0,04051B98,80,A373,0,0,0,A5,LDA,DP,2,A56A,NATIVE_BODY,NATIVE_BODY,4,5,DIRECT_LOW_NONZERO:+1,2,0,2,0,0,0,0,0,0,1,DIRECT_SEQUENCE,DYN_DIRECT_LOW_PRE_IDLE,00000001,00006A,80A373,V02C_MATRIX_PLUS_PINNED_MESEN_CPU_SOURCE_ORDER_NO_GAMEPLAY
V05C000720,80:A375:E0M0X0,04051BA8,80,A375,0,0,0,8D,STA,ABS,3,8D0243,NATIVE_BODY,NATIVE_BODY,5,5,NONE,3,0,0,2,0,0,0,0,0,0,LINEAR_BUS_SEQUENCE,,00000000,004302,80A375,V02C_MATRIX_PLUS_PINNED_MESEN_CPU_SOURCE_ORDER_NO_GAMEPLAY
V05C000721,80:A378:E0M0X0,04051BC0,80,A378,0,0,0,A9,LDA,IMM_M,3,A94000,NATIVE_BODY,NATIVE_BODY,3,3,NONE,3,0,0,0,0,0,0,0,0,0,LINEAR_BUS_SEQUENCE,,00000000,000040,80A378,V02C_MATRIX_PLUS_PINNED_MESEN_CPU_SOURCE_ORDER_NO_GAMEPLAY
V05C000722,80:A37B:E0M0X0,04051BD8,80,A37B,0,0,0,8D,STA,ABS,3,8D0543,NATIVE_BODY,NATIVE_BODY,5,5,NONE,3,0,0,2,0,0,0,0,0,0,LINEAR_BUS_SEQUENCE,,00000000,004305,80A37B,V02C_MATRIX_PLUS_PINNED_MESEN_CPU_SOURCE_ORDER_NO_GAMEPLAY
V05C000723,80:A37E:E0M0X0,04051BF0,80,A37E,0,0,0,E2,SEP,IMM8,2,E230,NATIVE_BODY,NATIVE_BODY,3,3,NONE,2,0,0,0,0,0,0,0,1,0,FIXED_IDLE_SEQUENCE,STATUS_PRE_IDLE,00002000,000030,80A37E,V02C_MATRIX_PLUS_PINNED_MESEN_CPU_SOURCE_ORDER_NO_GAMEPLAY
V05C000724,80:A380:E0M1X1,04051C03,80,A380,0,1,1,A9,LDA,IMM_M,2,A901,NATIVE_BODY,NATIVE_BODY,2,2,NONE,2,0,0,0,0,0,0,0,0,0,LINEAR_BUS_SEQUENCE,,00000000,000001,80A380,V02C_MATRIX_PLUS_PINNED_MESEN_CPU_SOURCE_ORDER_NO_GAMEPLAY
V05C000725,80:A382:E0M1X1,04051C13,80,A382,0,1,1,8D,STA,ABS,3,8D0B42,NATIVE_BODY,NATIVE_BODY,4,4,NONE,3,0,0,1,0,0,0,0,0,0,LINEAR_BUS_SEQUENCE,,00000000,00420B,80A382,V02C_MATRIX_PLUS_PINNED_MESEN_CPU_SOURCE_ORDER_NO_GAMEPLAY
V05C000726,80:A385:E0M1X1,04051C2B,80,A385,0,1,1,C2,REP,IMM8,2,C230,NATIVE_BODY,NATIVE_BODY,3,3,NONE,2,0,0,0,0,0,0,0,1,0,FIXED_IDLE_SEQUENCE,STATUS_PRE_IDLE,00002000,000030,80A385,V02C_MATRIX_PLUS_PINNED_MESEN_CPU_SOURCE_ORDER_NO_GAMEPLAY
V05C000727,80:A387:E0M0X0,04051C38,80,A387,0,0,0,A5,LDA,DP,2,A56A,NATIVE_BODY,NATIVE_BODY,4,5,DIRECT_LOW_NONZERO:+1,2,0,2,0,0,0,0,0,0,1,DIRECT_SEQUENCE,DYN_DIRECT_LOW_PRE_IDLE,00000001,00006A,80A387,V02C_MATRIX_PLUS_PINNED_MESEN_CPU_SOURCE_ORDER_NO_GAMEPLAY
V05C000728,80:A389:E0M0X0,04051C48,80,A389,0,0,0,18,CLC,IMP,1,18,NATIVE_BODY,NATIVE_BODY,2,2,NONE,1,0,0,0,0,0,0,0,1,0,FIXED_IDLE_SEQUENCE,IMPLIED_PRE_IDLE,00000800,000000,80A389,V02C_MATRIX_PLUS_PINNED_MESEN_CPU_SOURCE_ORDER_NO_GAMEPLAY
V05C000729,80:A38A:E0M0X0,04051C50,80,A38A,0,0,0,69,ADC,IMM_M,3,694000,NATIVE_BODY,NATIVE_BODY,3,3,NONE,3,0,0,0,0,0,0,0,0,0,LINEAR_BUS_SEQUENCE,,00000000,000040,80A38A,V02C_MATRIX_PLUS_PINNED_MESEN_CPU_SOURCE_ORDER_NO_GAMEPLAY
V05C000730,80:A38D:E0M0X0,04051C68,80,A38D,0,0,0,85,STA,DP,2,856A,NATIVE_BODY,NATIVE_BODY,4,5,DIRECT_LOW_NONZERO:+1,2,0,0,2,0,0,0,0,0,1,DIRECT_SEQUENCE,DYN_DIRECT_LOW_PRE_IDLE,00000001,00006A,80A38D,V02C_MATRIX_PLUS_PINNED_MESEN_CPU_SOURCE_ORDER_NO_GAMEPLAY
V05C000731,80:A38F:E0M0X0,04051C78,80,A38F,0,0,0,E6,INC,DP,2,E669,NATIVE_BODY,NATIVE_BODY,7,8,DIRECT_LOW_NONZERO:+1,2,0,2,2,0,0,0,0,1,1,RMW_SEQUENCE,RMW_INTERMEDIATE_IDLE;DYN_DIRECT_LOW_PRE_IDLE,00010001,000069,80A38F,V02C_MATRIX_PLUS_PINNED_MESEN_CPU_SOURCE_ORDER_NO_GAMEPLAY
V05C000732,80:A391:E0M0X0,04051C88,80,A391,0,0,0,CA,DEX,IMP,1,CA,NATIVE_BODY,NATIVE_BODY,2,2,NONE,1,0,0,0,0,0,0,0,1,0,FIXED_IDLE_SEQUENCE,IMPLIED_PRE_IDLE,00000800,000000,80A391,V02C_MATRIX_PLUS_PINNED_MESEN_CPU_SOURCE_ORDER_NO_GAMEPLAY
V05C000733,80:A392:E0M0X0,04051C90,80,A392,0,0,0,D0,BNE,REL8,2,D0DA,NATIVE_BODY,NATIVE_BODY,2,3,BRANCH_TAKEN:+1,2,0,0,0,0,0,0,0,0,1,BRANCH_SEQUENCE,DYN_BRANCH_TAKEN_POST_IDLE,00000004,0000DA,80A392,V02C_MATRIX_PLUS_PINNED_MESEN_CPU_SOURCE_ORDER_NO_GAMEPLAY
V05C000734,80:A394:E0M0X0,04051CA0,80,A394,0,0,0,60,RTS,IMP,1,60,NATIVE_BODY,NATIVE_BODY,6,6,NONE,1,0,0,0,0,2,0,0,3,0,RETURN_SEQUENCE,RETURN_PRE_IDLE;RETURN_PRE_IDLE;RTS_POST_POP_IDLE,00000180,000000,80A394,V02C_MATRIX_PLUS_PINNED_MESEN_CPU_SOURCE_ORDER_NO_GAMEPLAY
V05C000735,80:A3A0:E0M1X1,04051D03,80,A3A0,0,1,1,8B,PHB,IMP,1,8B,NATIVE_BODY,NATIVE_BODY,3,3,NONE,1,0,0,0,0,0,1,0,1,0,FIXED_IDLE_SEQUENCE,PUSH_PRE_IDLE,00000200,000000,80A3A0,V02C_MATRIX_PLUS_PINNED_MESEN_CPU_SOURCE_ORDER_NO_GAMEPLAY
V05C000736,80:A3A1:E0M1X1,04051D0B,80,A3A1,0,1,1,4B,PHK,IMP,1,4B,NATIVE_BODY,NATIVE_BODY,3,3,NONE,1,0,0,0,0,0,1,0,1,0,FIXED_IDLE_SEQUENCE,PUSH_PRE_IDLE,00000200,000000,80A3A1,V02C_MATRIX_PLUS_PINNED_MESEN_CPU_SOURCE_ORDER_NO_GAMEPLAY
V05C000737,80:A3A2:E0M1X1,04051D13,80,A3A2,0,1,1,AB,PLB,IMP,1,AB,NATIVE_BODY,NATIVE_BODY,4,4,NONE,1,0,0,0,0,1,0,0,2,0,FIXED_IDLE_SEQUENCE,PULL_PRE_IDLE;PULL_PRE_IDLE,00000400,000000,80A3A2,V02C_MATRIX_PLUS_PINNED_MESEN_CPU_SOURCE_ORDER_NO_GAMEPLAY
V05C000738,80:A3A3:E0M1X1,04051D1B,80,A3A3,0,1,1,20,JSR,ABS_JUMP,3,20A8A3,NATIVE_BODY,NATIVE_BODY,6,6,NONE,3,0,0,0,0,0,2,0,1,0,FIXED_IDLE_SEQUENCE,JSR_PRE_STACK_IDLE,00000020,00A3A8,80A3A3,V02C_MATRIX_PLUS_PINNED_MESEN_CPU_SOURCE_ORDER_NO_GAMEPLAY
V05C000739,80:A3A6:E0M1X1,04051D33,80,A3A6,0,1,1,AB,PLB,IMP,1,AB,NATIVE_BODY,NATIVE_BODY,4,4,NONE,1,0,0,0,0,1,0,0,2,0,FIXED_IDLE_SEQUENCE,PULL_PRE_IDLE;PULL_PRE_IDLE,00000400,000000,80A3A6,V02C_MATRIX_PLUS_PINNED_MESEN_CPU_SOURCE_ORDER_NO_GAMEPLAY
V05C000740,80:A3A7:E0M1X1,04051D3B,80,A3A7,0,1,1,6B,RTL,IMP,1,6B,NATIVE_BODY,NATIVE_BODY,6,6,NONE,1,0,0,0,0,3,0,0,2,0,RETURN_SEQUENCE,RETURN_PRE_IDLE;RETURN_PRE_IDLE,00000080,000000,80A3A7,V02C_MATRIX_PLUS_PINNED_MESEN_CPU_SOURCE_ORDER_NO_GAMEPLAY
V05C000741,80:A3A8:E0M1X1,04051D43,80,A3A8,0,1,1,A9,LDA,IMM_M,2,A900,NATIVE_BODY,NATIVE_BODY,2,2,NONE,2,0,0,0,0,0,0,0,0,0,LINEAR_BUS_SEQUENCE,,00000000,000000,80A3A8,V02C_MATRIX_PLUS_PINNED_MESEN_CPU_SOURCE_ORDER_NO_GAMEPLAY
V05C000742,80:A3AA:E0M1X1,04051D53,80,A3AA,0,1,1,48,PHA,IMP,1,48,NATIVE_BODY,NATIVE_BODY,3,3,NONE,1,0,0,0,0,0,1,0,1,0,FIXED_IDLE_SEQUENCE,PUSH_PRE_IDLE,00000200,000000,80A3AA,V02C_MATRIX_PLUS_PINNED_MESEN_CPU_SOURCE_ORDER_NO_GAMEPLAY
V05C000743,80:A3AB:E0M1X1,04051D5B,80,A3AB,0,1,1,20,JSR,ABS_JUMP,3,2044A4,NATIVE_BODY,NATIVE_BODY,6,6,NONE,3,0,0,0,0,0,2,0,1,0,FIXED_IDLE_SEQUENCE,JSR_PRE_STACK_IDLE,00000020,00A444,80A3AB,V02C_MATRIX_PLUS_PINNED_MESEN_CPU_SOURCE_ORDER_NO_GAMEPLAY
V05C000744,80:A3AE:E0M1X1,04051D73,80,A3AE,0,1,1,68,PLA,IMP,1,68,NATIVE_BODY,NATIVE_BODY,4,4,NONE,1,0,0,0,0,1,0,0,2,0,FIXED_IDLE_SEQUENCE,PULL_PRE_IDLE;PULL_PRE_IDLE,00000400,000000,80A3AE,V02C_MATRIX_PLUS_PINNED_MESEN_CPU_SOURCE_ORDER_NO_GAMEPLAY
V05C000745,80:A3AF:E0M1X1,04051D7B,80,A3AF,0,1,1,8D,STA,ABS,3,8D5F03,NATIVE_BODY,NATIVE_BODY,4,4,NONE,3,0,0,1,0,0,0,0,0,0,LINEAR_BUS_SEQUENCE,,00000000,00035F,80A3AF,V02C_MATRIX_PLUS_PINNED_MESEN_CPU_SOURCE_ORDER_NO_GAMEPLAY
V05C000746,80:A3B2:E0M1X1,04051D93,80,A3B2,0,1,1,8D,STA,ABS,3,8D0021,NATIVE_BODY,NATIVE_BODY,4,4,NONE,3,0,0,1,0,0,0,0,0,0,LINEAR_BUS_SEQUENCE,,00000000,002100,80A3B2,V02C_MATRIX_PLUS_PINNED_MESEN_CPU_SOURCE_ORDER_NO_GAMEPLAY
V05C000747,80:A3B5:E0M1X1,04051DAB,80,A3B5,0,1,1,A0,LDY,IMM_X,2,A020,NATIVE_BODY,NATIVE_BODY,2,2,NONE,2,0,0,0,0,0,0,0,0,0,LINEAR_BUS_SEQUENCE,,00000000,000020,80A3B5,V02C_MATRIX_PLUS_PINNED_MESEN_CPU_SOURCE_ORDER_NO_GAMEPLAY
V05C000748,80:A3B7:E0M1X1,04051DBB,80,A3B7,0,1,1,A2,LDX,IMM_X,2,A200,NATIVE_BODY,NATIVE_BODY,2,2,NONE,2,0,0,0,0,0,0,0,0,0,LINEAR_BUS_SEQUENCE,,00000000,000000,80A3B7,V02C_MATRIX_PLUS_PINNED_MESEN_CPU_SOURCE_ORDER_NO_GAMEPLAY
V05C000749,80:A3B9:E0M1X1,04051DCB,80,A3B9,0,1,1,CA,DEX,IMP,1,CA,NATIVE_BODY,NATIVE_BODY,2,2,NONE,1,0,0,0,0,0,0,0,1,0,FIXED_IDLE_SEQUENCE,IMPLIED_PRE_IDLE,00000800,000000,80A3B9,V02C_MATRIX_PLUS_PINNED_MESEN_CPU_SOURCE_ORDER_NO_GAMEPLAY
V05C000750,80:A3BA:E0M1X1,04051DD3,80,A3BA,0,1,1,D0,BNE,REL8,2,D0FD,NATIVE_BODY,NATIVE_BODY,2,3,BRANCH_TAKEN:+1,2,0,0,0,0,0,0,0,0,1,BRANCH_SEQUENCE,DYN_BRANCH_TAKEN_POST_IDLE,00000004,0000FD,80A3BA,V02C_MATRIX_PLUS_PINNED_MESEN_CPU_SOURCE_ORDER_NO_GAMEPLAY
V05C000751,80:A3BC:E0M1X1,04051DE3,80,A3BC,0,1,1,88,DEY,IMP,1,88,NATIVE_BODY,NATIVE_BODY,2,2,NONE,1,0,0,0,0,0,0,0,1,0,FIXED_IDLE_SEQUENCE,IMPLIED_PRE_IDLE,00000800,000000,80A3BC,V02C_MATRIX_PLUS_PINNED_MESEN_CPU_SOURCE_ORDER_NO_GAMEPLAY
V05C000752,80:A3BD:E0M1X1,04051DEB,80,A3BD,0,1,1,D0,BNE,REL8,2,D0FA,NATIVE_BODY,NATIVE_BODY,2,3,BRANCH_TAKEN:+1,2,0,0,0,0,0,0,0,0,1,BRANCH_SEQUENCE,DYN_BRANCH_TAKEN_POST_IDLE,00000004,0000FA,80A3BD,V02C_MATRIX_PLUS_PINNED_MESEN_CPU_SOURCE_ORDER_NO_GAMEPLAY
V05C000753,80:A3BF:E0M1X1,04051DFB,80,A3BF,0,1,1,AD,LDA,ABS,3,AD5F03,NATIVE_BODY,NATIVE_BODY,4,4,NONE,3,0,1,0,0,0,0,0,0,0,LINEAR_BUS_SEQUENCE,,00000000,00035F,80A3BF,V02C_MATRIX_PLUS_PINNED_MESEN_CPU_SOURCE_ORDER_NO_GAMEPLAY
V05C000754,80:A3C2:E0M1X1,04051E13,80,A3C2,0,1,1,1A,INC,ACC,1,1A,NATIVE_BODY,NATIVE_BODY,2,2,NONE,1,0,0,0,0,0,0,0,1,0,FIXED_IDLE_SEQUENCE,IMPLIED_PRE_IDLE,00000800,000000,80A3C2,V02C_MATRIX_PLUS_PINNED_MESEN_CPU_SOURCE_ORDER_NO_GAMEPLAY
V05C000755,80:A3C3:E0M1X1,04051E1B,80,A3C3,0,1,1,C9,CMP,IMM_M,2,C910,NATIVE_BODY,NATIVE_BODY,2,2,NONE,2,0,0,0,0,0,0,0,0,0,LINEAR_BUS_SEQUENCE,,00000000,000010,80A3C3,V02C_MATRIX_PLUS_PINNED_MESEN_CPU_SOURCE_ORDER_NO_GAMEPLAY
V05C000756,80:A3C5:E0M1X1,04051E2B,80,A3C5,0,1,1,90,BCC,REL8,2,90E3,NATIVE_BODY,NATIVE_BODY,2,3,BRANCH_TAKEN:+1,2,0,0,0,0,0,0,0,0,1,BRANCH_SEQUENCE,DYN_BRANCH_TAKEN_POST_IDLE,00000004,0000E3,80A3C5,V02C_MATRIX_PLUS_PINNED_MESEN_CPU_SOURCE_ORDER_NO_GAMEPLAY
V05C000757,80:A3C7:E0M1X1,04051E3B,80,A3C7,0,1,1,60,RTS,IMP,1,60,NATIVE_BODY,NATIVE_BODY,6,6,NONE,1,0,0,0,0,2,0,0,3,0,RETURN_SEQUENCE,RETURN_PRE_IDLE;RETURN_PRE_IDLE;RTS_POST_POP_IDLE,00000180,000000,80A3C7,V02C_MATRIX_PLUS_PINNED_MESEN_CPU_SOURCE_ORDER_NO_GAMEPLAY
V05C000758,80:A3EA:E0M1X1,04051F53,80,A3EA,0,1,1,8B,PHB,IMP,1,8B,NATIVE_BODY,NATIVE_BODY,3,3,NONE,1,0,0,0,0,0,1,0,1,0,FIXED_IDLE_SEQUENCE,PUSH_PRE_IDLE,00000200,000000,80A3EA,V02C_MATRIX_PLUS_PINNED_MESEN_CPU_SOURCE_ORDER_NO_GAMEPLAY
V05C000759,80:A3EB:E0M1X1,04051F5B,80,A3EB,0,1,1,4B,PHK,IMP,1,4B,NATIVE_BODY,NATIVE_BODY,3,3,NONE,1,0,0,0,0,0,1,0,1,0,FIXED_IDLE_SEQUENCE,PUSH_PRE_IDLE,00000200,000000,80A3EB,V02C_MATRIX_PLUS_PINNED_MESEN_CPU_SOURCE_ORDER_NO_GAMEPLAY
V05C000760,80:A3EC:E0M1X1,04051F63,80,A3EC,0,1,1,AB,PLB,IMP,1,AB,NATIVE_BODY,NATIVE_BODY,4,4,NONE,1,0,0,0,0,1,0,0,2,0,FIXED_IDLE_SEQUENCE,PULL_PRE_IDLE;PULL_PRE_IDLE,00000400,000000,80A3EC,V02C_MATRIX_PLUS_PINNED_MESEN_CPU_SOURCE_ORDER_NO_GAMEPLAY
V05C000761,80:A3ED:E0M1X1,04051F6B,80,A3ED,0,1,1,20,JSR,ABS_JUMP,3,20F2A3,NATIVE_BODY,NATIVE_BODY,6,6,NONE,3,0,0,0,0,0,2,0,1,0,FIXED_IDLE_SEQUENCE,JSR_PRE_STACK_IDLE,00000020,00A3F2,80A3ED,V02C_MATRIX_PLUS_PINNED_MESEN_CPU_SOURCE_ORDER_NO_GAMEPLAY
V05C000762,80:A3F0:E0M1X1,04051F83,80,A3F0,0,1,1,AB,PLB,IMP,1,AB,NATIVE_BODY,NATIVE_BODY,4,4,NONE,1,0,0,0,0,1,0,0,2,0,FIXED_IDLE_SEQUENCE,PULL_PRE_IDLE;PULL_PRE_IDLE,00000400,000000,80A3F0,V02C_MATRIX_PLUS_PINNED_MESEN_CPU_SOURCE_ORDER_NO_GAMEPLAY
V05C000763,80:A3F1:E0M1X1,04051F8B,80,A3F1,0,1,1,6B,RTL,IMP,1,6B,NATIVE_BODY,NATIVE_BODY,6,6,NONE,1,0,0,0,0,3,0,0,2,0,RETURN_SEQUENCE,RETURN_PRE_IDLE;RETURN_PRE_IDLE,00000080,000000,80A3F1,V02C_MATRIX_PLUS_PINNED_MESEN_CPU_SOURCE_ORDER_NO_GAMEPLAY
V05C000764,80:A3F2:E0M1X1,04051F93,80,A3F2,0,1,1,A9,LDA,IMM_M,2,A90F,NATIVE_BODY,NATIVE_BODY,2,2,NONE,2,0,0,0,0,0,0,0,0,0,LINEAR_BUS_SEQUENCE,,00000000,00000F,80A3F2,V02C_MATRIX_PLUS_PINNED_MESEN_CPU_SOURCE_ORDER_NO_GAMEPLAY
V05C000765,80:A3F4:E0M1X1,04051FA3,80,A3F4,0,1,1,8D,STA,ABS,3,8D5F03,NATIVE_BODY,NATIVE_BODY,4,4,NONE,3,0,0,1,0,0,0,0,0,0,LINEAR_BUS_SEQUENCE,,00000000,00035F,80A3F4,V02C_MATRIX_PLUS_PINNED_MESEN_CPU_SOURCE_ORDER_NO_GAMEPLAY
V05C000766,80:A3F7:E0M1X1,04051FBB,80,A3F7,0,1,1,20,JSR,ABS_JUMP,3,2044A4,NATIVE_BODY,NATIVE_BODY,6,6,NONE,3,0,0,0,0,0,2,0,1,0,FIXED_IDLE_SEQUENCE,JSR_PRE_STACK_IDLE,00000020,00A444,80A3F7,V02C_MATRIX_PLUS_PINNED_MESEN_CPU_SOURCE_ORDER_NO_GAMEPLAY
V05C000767,80:A3FA:E0M1X1,04051FD3,80,A3FA,0,1,1,AD,LDA,ABS,3,AD5F03,NATIVE_BODY,NATIVE_BODY,4,4,NONE,3,0,1,0,0,0,0,0,0,0,LINEAR_BUS_SEQUENCE,,00000000,00035F,80A3FA,V02C_MATRIX_PLUS_PINNED_MESEN_CPU_SOURCE_ORDER_NO_GAMEPLAY
V05C000768,80:A3FD:E0M1X1,04051FEB,80,A3FD,0,1,1,8D,STA,ABS,3,8D0021,NATIVE_BODY,NATIVE_BODY,4,4,NONE,3,0,0,1,0,0,0,0,0,0,LINEAR_BUS_SEQUENCE,,00000000,002100,80A3FD,V02C_MATRIX_PLUS_PINNED_MESEN_CPU_SOURCE_ORDER_NO_GAMEPLAY
V05C000769,80:A400:E0M1X1,04052003,80,A400,0,1,1,A0,LDY,IMM_X,2,A020,NATIVE_BODY,NATIVE_BODY,2,2,NONE,2,0,0,0,0,0,0,0,0,0,LINEAR_BUS_SEQUENCE,,00000000,000020,80A400,V02C_MATRIX_PLUS_PINNED_MESEN_CPU_SOURCE_ORDER_NO_GAMEPLAY
V05C000770,80:A402:E0M1X1,04052013,80,A402,0,1,1,A2,LDX,IMM_X,2,A200,NATIVE_BODY,NATIVE_BODY,2,2,NONE,2,0,0,0,0,0,0,0,0,0,LINEAR_BUS_SEQUENCE,,00000000,000000,80A402,V02C_MATRIX_PLUS_PINNED_MESEN_CPU_SOURCE_ORDER_NO_GAMEPLAY
V05C000771,80:A404:E0M1X1,04052023,80,A404,0,1,1,CA,DEX,IMP,1,CA,NATIVE_BODY,NATIVE_BODY,2,2,NONE,1,0,0,0,0,0,0,0,1,0,FIXED_IDLE_SEQUENCE,IMPLIED_PRE_IDLE,00000800,000000,80A404,V02C_MATRIX_PLUS_PINNED_MESEN_CPU_SOURCE_ORDER_NO_GAMEPLAY
V05C000772,80:A405:E0M1X1,0405202B,80,A405,0,1,1,D0,BNE,REL8,2,D0FD,NATIVE_BODY,NATIVE_BODY,2,3,BRANCH_TAKEN:+1,2,0,0,0,0,0,0,0,0,1,BRANCH_SEQUENCE,DYN_BRANCH_TAKEN_POST_IDLE,00000004,0000FD,80A405,V02C_MATRIX_PLUS_PINNED_MESEN_CPU_SOURCE_ORDER_NO_GAMEPLAY
V05C000773,80:A407:E0M1X1,0405203B,80,A407,0,1,1,88,DEY,IMP,1,88,NATIVE_BODY,NATIVE_BODY,2,2,NONE,1,0,0,0,0,0,0,0,1,0,FIXED_IDLE_SEQUENCE,IMPLIED_PRE_IDLE,00000800,000000,80A407,V02C_MATRIX_PLUS_PINNED_MESEN_CPU_SOURCE_ORDER_NO_GAMEPLAY
V05C000774,80:A408:E0M1X1,04052043,80,A408,0,1,1,D0,BNE,REL8,2,D0FA,NATIVE_BODY,NATIVE_BODY,2,3,BRANCH_TAKEN:+1,2,0,0,0,0,0,0,0,0,1,BRANCH_SEQUENCE,DYN_BRANCH_TAKEN_POST_IDLE,00000004,0000FA,80A408,V02C_MATRIX_PLUS_PINNED_MESEN_CPU_SOURCE_ORDER_NO_GAMEPLAY
V05C000775,80:A40A:E0M1X1,04052053,80,A40A,0,1,1,CE,DEC,ABS,3,CE5F03,NATIVE_BODY,NATIVE_BODY,6,6,NONE,3,0,1,1,0,0,0,0,1,0,RMW_SEQUENCE,RMW_INTERMEDIATE_IDLE,00010000,00035F,80A40A,V02C_MATRIX_PLUS_PINNED_MESEN_CPU_SOURCE_ORDER_NO_GAMEPLAY
V05C000776,80:A40D:E0M1X1,0405206B,80,A40D,0,1,1,D0,BNE,REL8,2,D0E8,NATIVE_BODY,NATIVE_BODY,2,3,BRANCH_TAKEN:+1,2,0,0,0,0,0,0,0,0,1,BRANCH_SEQUENCE,DYN_BRANCH_TAKEN_POST_IDLE,00000004,0000E8,80A40D,V02C_MATRIX_PLUS_PINNED_MESEN_CPU_SOURCE_ORDER_NO_GAMEPLAY
V05C000777,80:A40F:E0M1X1,0405207B,80,A40F,0,1,1,A9,LDA,IMM_M,2,A98F,NATIVE_BODY,NATIVE_BODY,2,2,NONE,2,0,0,0,0,0,0,0,0,0,LINEAR_BUS_SEQUENCE,,00000000,00008F,80A40F,V02C_MATRIX_PLUS_PINNED_MESEN_CPU_SOURCE_ORDER_NO_GAMEPLAY
V05C000778,80:A411:E0M1X1,0405208B,80,A411,0,1,1,8D,STA,ABS,3,8D0021,NATIVE_BODY,NATIVE_BODY,4,4,NONE,3,0,0,1,0,0,0,0,0,0,LINEAR_BUS_SEQUENCE,,00000000,002100,80A411,V02C_MATRIX_PLUS_PINNED_MESEN_CPU_SOURCE_ORDER_NO_GAMEPLAY
V05C000779,80:A414:E0M1X1,040520A3,80,A414,0,1,1,60,RTS,IMP,1,60,NATIVE_BODY,NATIVE_BODY,6,6,NONE,1,0,0,0,0,2,0,0,3,0,RETURN_SEQUENCE,RETURN_PRE_IDLE;RETURN_PRE_IDLE;RTS_POST_POP_IDLE,00000180,000000,80A414,V02C_MATRIX_PLUS_PINNED_MESEN_CPU_SOURCE_ORDER_NO_GAMEPLAY
V05C000780,80:A415:E0M1X1,040520AB,80,A415,0,1,1,8B,PHB,IMP,1,8B,NATIVE_BODY,NATIVE_BODY,3,3,NONE,1,0,0,0,0,0,1,0,1,0,FIXED_IDLE_SEQUENCE,PUSH_PRE_IDLE,00000200,000000,80A415,V02C_MATRIX_PLUS_PINNED_MESEN_CPU_SOURCE_ORDER_NO_GAMEPLAY
V05C000781,80:A416:E0M1X1,040520B3,80,A416,0,1,1,4B,PHK,IMP,1,4B,NATIVE_BODY,NATIVE_BODY,3,3,NONE,1,0,0,0,0,0,1,0,1,0,FIXED_IDLE_SEQUENCE,PUSH_PRE_IDLE,00000200,000000,80A416,V02C_MATRIX_PLUS_PINNED_MESEN_CPU_SOURCE_ORDER_NO_GAMEPLAY
V05C000782,80:A417:E0M1X1,040520BB,80,A417,0,1,1,AB,PLB,IMP,1,AB,NATIVE_BODY,NATIVE_BODY,4,4,NONE,1,0,0,0,0,1,0,0,2,0,FIXED_IDLE_SEQUENCE,PULL_PRE_IDLE;PULL_PRE_IDLE,00000400,000000,80A417,V02C_MATRIX_PLUS_PINNED_MESEN_CPU_SOURCE_ORDER_NO_GAMEPLAY
V05C000783,80:A418:E0M1X1,040520C3,80,A418,0,1,1,20,JSR,ABS_JUMP,3,201DA4,NATIVE_BODY,NATIVE_BODY,6,6,NONE,3,0,0,0,0,0,2,0,1,0,FIXED_IDLE_SEQUENCE,JSR_PRE_STACK_IDLE,00000020,00A41D,80A418,V02C_MATRIX_PLUS_PINNED_MESEN_CPU_SOURCE_ORDER_NO_GAMEPLAY
V05C000784,80:A41B:E0M1X1,040520DB,80,A41B,0,1,1,AB,PLB,IMP,1,AB,NATIVE_BODY,NATIVE_BODY,4,4,NONE,1,0,0,0,0,1,0,0,2,0,FIXED_IDLE_SEQUENCE,PULL_PRE_IDLE;PULL_PRE_IDLE,00000400,000000,80A41B,V02C_MATRIX_PLUS_PINNED_MESEN_CPU_SOURCE_ORDER_NO_GAMEPLAY
V05C000785,80:A41C:E0M1X1,040520E3,80,A41C,0,1,1,6B,RTL,IMP,1,6B,NATIVE_BODY,NATIVE_BODY,6,6,NONE,1,0,0,0,0,3,0,0,2,0,RETURN_SEQUENCE,RETURN_PRE_IDLE;RETURN_PRE_IDLE,00000080,000000,80A41C,V02C_MATRIX_PLUS_PINNED_MESEN_CPU_SOURCE_ORDER_NO_GAMEPLAY
V05C000786,80:A41D:E0M1X1,040520EB,80,A41D,0,1,1,C2,REP,IMM8,2,C230,NATIVE_BODY,NATIVE_BODY,3,3,NONE,2,0,0,0,0,0,0,0,1,0,FIXED_IDLE_SEQUENCE,STATUS_PRE_IDLE,00002000,000030,80A41D,V02C_MATRIX_PLUS_PINNED_MESEN_CPU_SOURCE_ORDER_NO_GAMEPLAY
V05C000787,80:A41F:E0M0X0,040520F8,80,A41F,0,0,0,9C,STZ,ABS,3,9C0221,NATIVE_BODY,NATIVE_BODY,5,5,NONE,3,0,0,2,0,0,0,0,0,0,LINEAR_BUS_SEQUENCE,,00000000,002102,80A41F,V02C_MATRIX_PLUS_PINNED_MESEN_CPU_SOURCE_ORDER_NO_GAMEPLAY
V05C000788,80:A422:E0M0X0,04052110,80,A422,0,0,0,E2,SEP,IMM8,2,E230,NATIVE_BODY,NATIVE_BODY,3,3,NONE,2,0,0,0,0,0,0,0,1,0,FIXED_IDLE_SEQUENCE,STATUS_PRE_IDLE,00002000,000030,80A422,V02C_MATRIX_PLUS_PINNED_MESEN_CPU_SOURCE_ORDER_NO_GAMEPLAY
V05C000789,80:A424:E0M1X1,04052123,80,A424,0,1,1,A2,LDX,IMM_X,2,A280,NATIVE_BODY,NATIVE_BODY,2,2,NONE,2,0,0,0,0,0,0,0,0,0,LINEAR_BUS_SEQUENCE,,00000000,000080,80A424,V02C_MATRIX_PLUS_PINNED_MESEN_CPU_SOURCE_ORDER_NO_GAMEPLAY
V05C000790,80:A426:E0M1X1,04052133,80,A426,0,1,1,A9,LDA,IMM_M,2,A90A,NATIVE_BODY,NATIVE_BODY,2,2,NONE,2,0,0,0,0,0,0,0,0,0,LINEAR_BUS_SEQUENCE,,00000000,00000A,80A426,V02C_MATRIX_PLUS_PINNED_MESEN_CPU_SOURCE_ORDER_NO_GAMEPLAY
V05C000791,80:A428:E0M1X1,04052143,80,A428,0,1,1,8D,STA,ABS,3,8D0421,NATIVE_BODY,NATIVE_BODY,4,4,NONE,3,0,0,1,0,0,0,0,0,0,LINEAR_BUS_SEQUENCE,,00000000,002104,80A428,V02C_MATRIX_PLUS_PINNED_MESEN_CPU_SOURCE_ORDER_NO_GAMEPLAY
V05C000792,80:A42B:E0M1X1,0405215B,80,A42B,0,1,1,A9,LDA,IMM_M,2,A9F0,NATIVE_BODY,NATIVE_BODY,2,2,NONE,2,0,0,0,0,0,0,0,0,0,LINEAR_BUS_SEQUENCE,,00000000,0000F0,80A42B,V02C_MATRIX_PLUS_PINNED_MESEN_CPU_SOURCE_ORDER_NO_GAMEPLAY
V05C000793,80:A42D:E0M1X1,0405216B,80,A42D,0,1,1,8D,STA,ABS,3,8D0421,NATIVE_BODY,NATIVE_BODY,4,4,NONE,3,0,0,1,0,0,0,0,0,0,LINEAR_BUS_SEQUENCE,,00000000,002104,80A42D,V02C_MATRIX_PLUS_PINNED_MESEN_CPU_SOURCE_ORDER_NO_GAMEPLAY
V05C000794,80:A430:E0M1X1,04052183,80,A430,0,1,1,9C,STZ,ABS,3,9C0421,NATIVE_BODY,NATIVE_BODY,4,4,NONE,3,0,0,1,0,0,0,0,0,0,LINEAR_BUS_SEQUENCE,,00000000,002104,80A430,V02C_MATRIX_PLUS_PINNED_MESEN_CPU_SOURCE_ORDER_NO_GAMEPLAY
V05C000795,80:A433:E0M1X1,0405219B,80,A433,0,1,1,9C,STZ,ABS,3,9C0421,NATIVE_BODY,NATIVE_BODY,4,4,NONE,3,0,0,1,0,0,0,0,0,0,LINEAR_BUS_SEQUENCE,,00000000,002104,80A433,V02C_MATRIX_PLUS_PINNED_MESEN_CPU_SOURCE_ORDER_NO_GAMEPLAY
V05C000796,80:A436:E0M1X1,040521B3,80,A436,0,1,1,CA,DEX,IMP,1,CA,NATIVE_BODY,NATIVE_BODY,2,2,NONE,1,0,0,0,0,0,0,0,1,0,FIXED_IDLE_SEQUENCE,IMPLIED_PRE_IDLE,00000800,000000,80A436,V02C_MATRIX_PLUS_PINNED_MESEN_CPU_SOURCE_ORDER_NO_GAMEPLAY
V05C000797,80:A437:E0M1X1,040521BB,80,A437,0,1,1,D0,BNE,REL8,2,D0ED,NATIVE_BODY,NATIVE_BODY,2,3,BRANCH_TAKEN:+1,2,0,0,0,0,0,0,0,0,1,BRANCH_SEQUENCE,DYN_BRANCH_TAKEN_POST_IDLE,00000004,0000ED,80A437,V02C_MATRIX_PLUS_PINNED_MESEN_CPU_SOURCE_ORDER_NO_GAMEPLAY
V05C000798,80:A439:E0M1X1,040521CB,80,A439,0,1,1,A2,LDX,IMM_X,2,A220,NATIVE_BODY,NATIVE_BODY,2,2,NONE,2,0,0,0,0,0,0,0,0,0,LINEAR_BUS_SEQUENCE,,00000000,000020,80A439,V02C_MATRIX_PLUS_PINNED_MESEN_CPU_SOURCE_ORDER_NO_GAMEPLAY
V05C000799,80:A43B:E0M1X1,040521DB,80,A43B,0,1,1,A9,LDA,IMM_M,2,A955,NATIVE_BODY,NATIVE_BODY,2,2,NONE,2,0,0,0,0,0,0,0,0,0,LINEAR_BUS_SEQUENCE,,00000000,000055,80A43B,V02C_MATRIX_PLUS_PINNED_MESEN_CPU_SOURCE_ORDER_NO_GAMEPLAY
V05C000800,80:A43D:E0M1X1,040521EB,80,A43D,0,1,1,8D,STA,ABS,3,8D0421,NATIVE_BODY,NATIVE_BODY,4,4,NONE,3,0,0,1,0,0,0,0,0,0,LINEAR_BUS_SEQUENCE,,00000000,002104,80A43D,V02C_MATRIX_PLUS_PINNED_MESEN_CPU_SOURCE_ORDER_NO_GAMEPLAY
V05C000801,80:A440:E0M1X1,04052203,80,A440,0,1,1,CA,DEX,IMP,1,CA,NATIVE_BODY,NATIVE_BODY,2,2,NONE,1,0,0,0,0,0,0,0,1,0,FIXED_IDLE_SEQUENCE,IMPLIED_PRE_IDLE,00000800,000000,80A440,V02C_MATRIX_PLUS_PINNED_MESEN_CPU_SOURCE_ORDER_NO_GAMEPLAY
V05C000802,80:A441:E0M1X1,0405220B,80,A441,0,1,1,D0,BNE,REL8,2,D0FA,NATIVE_BODY,NATIVE_BODY,2,3,BRANCH_TAKEN:+1,2,0,0,0,0,0,0,0,0,1,BRANCH_SEQUENCE,DYN_BRANCH_TAKEN_POST_IDLE,00000004,0000FA,80A441,V02C_MATRIX_PLUS_PINNED_MESEN_CPU_SOURCE_ORDER_NO_GAMEPLAY
V05C000803,80:A443:E0M1X1,0405221B,80,A443,0,1,1,60,RTS,IMP,1,60,NATIVE_BODY,NATIVE_BODY,6,6,NONE,1,0,0,0,0,2,0,0,3,0,RETURN_SEQUENCE,RETURN_PRE_IDLE;RETURN_PRE_IDLE;RTS_POST_POP_IDLE,00000180,000000,80A443,V02C_MATRIX_PLUS_PINNED_MESEN_CPU_SOURCE_ORDER_NO_GAMEPLAY
V05C000804,80:A444:E0M1X1,04052223,80,A444,0,1,1,AD,LDA,ABS,3,AD1242,NATIVE_BODY,NATIVE_BODY,4,4,NONE,3,0,1,0,0,0,0,0,0,0,LINEAR_BUS_SEQUENCE,,00000000,004212,80A444,V02C_MATRIX_PLUS_PINNED_MESEN_CPU_SOURCE_ORDER_NO_GAMEPLAY
V05C000805,80:A447:E0M1X1,0405223B,80,A447,0,1,1,29,AND,IMM_M,2,2980,NATIVE_BODY,NATIVE_BODY,2,2,NONE,2,0,0,0,0,0,0,0,0,0,LINEAR_BUS_SEQUENCE,,00000000,000080,80A447,V02C_MATRIX_PLUS_PINNED_MESEN_CPU_SOURCE_ORDER_NO_GAMEPLAY
V05C000806,80:A449:E0M1X1,0405224B,80,A449,0,1,1,F0,BEQ,REL8,2,F0F9,NATIVE_BODY,NATIVE_BODY,2,3,BRANCH_TAKEN:+1,2,0,0,0,0,0,0,0,0,1,BRANCH_SEQUENCE,DYN_BRANCH_TAKEN_POST_IDLE,00000004,0000F9,80A449,V02C_MATRIX_PLUS_PINNED_MESEN_CPU_SOURCE_ORDER_NO_GAMEPLAY
V05C000807,80:A44B:E0M1X1,0405225B,80,A44B,0,1,1,60,RTS,IMP,1,60,NATIVE_BODY,NATIVE_BODY,6,6,NONE,1,0,0,0,0,2,0,0,3,0,RETURN_SEQUENCE,RETURN_PRE_IDLE;RETURN_PRE_IDLE;RTS_POST_POP_IDLE,00000180,000000,80A44B,V02C_MATRIX_PLUS_PINNED_MESEN_CPU_SOURCE_ORDER_NO_GAMEPLAY
V05C000808,80:C066:E0M1X1,04060333,80,C066,0,1,1,8B,PHB,IMP,1,8B,NATIVE_BODY,NATIVE_BODY,3,3,NONE,1,0,0,0,0,0,1,0,1,0,FIXED_IDLE_SEQUENCE,PUSH_PRE_IDLE,00000200,000000,80C066,V02C_MATRIX_PLUS_PINNED_MESEN_CPU_SOURCE_ORDER_NO_GAMEPLAY
V05C000809,80:C067:E0M1X1,0406033B,80,C067,0,1,1,4B,PHK,IMP,1,4B,NATIVE_BODY,NATIVE_BODY,3,3,NONE,1,0,0,0,0,0,1,0,1,0,FIXED_IDLE_SEQUENCE,PUSH_PRE_IDLE,00000200,000000,80C067,V02C_MATRIX_PLUS_PINNED_MESEN_CPU_SOURCE_ORDER_NO_GAMEPLAY
V05C000810,80:C068:E0M1X1,04060343,80,C068,0,1,1,AB,PLB,IMP,1,AB,NATIVE_BODY,NATIVE_BODY,4,4,NONE,1,0,0,0,0,1,0,0,2,0,FIXED_IDLE_SEQUENCE,PULL_PRE_IDLE;PULL_PRE_IDLE,00000400,000000,80C068,V02C_MATRIX_PLUS_PINNED_MESEN_CPU_SOURCE_ORDER_NO_GAMEPLAY
V05C000811,80:C069:E0M1X1,0406034B,80,C069,0,1,1,20,JSR,ABS_JUMP,3,206EC0,NATIVE_BODY,NATIVE_BODY,6,6,NONE,3,0,0,0,0,0,2,0,1,0,FIXED_IDLE_SEQUENCE,JSR_PRE_STACK_IDLE,00000020,00C06E,80C069,V02C_MATRIX_PLUS_PINNED_MESEN_CPU_SOURCE_ORDER_NO_GAMEPLAY
V05C000812,80:C06C:E0M1X1,04060363,80,C06C,0,1,1,AB,PLB,IMP,1,AB,NATIVE_BODY,NATIVE_BODY,4,4,NONE,1,0,0,0,0,1,0,0,2,0,FIXED_IDLE_SEQUENCE,PULL_PRE_IDLE;PULL_PRE_IDLE,00000400,000000,80C06C,V02C_MATRIX_PLUS_PINNED_MESEN_CPU_SOURCE_ORDER_NO_GAMEPLAY
V05C000813,80:C06D:E0M1X1,0406036B,80,C06D,0,1,1,6B,RTL,IMP,1,6B,NATIVE_BODY,NATIVE_BODY,6,6,NONE,1,0,0,0,0,3,0,0,2,0,RETURN_SEQUENCE,RETURN_PRE_IDLE;RETURN_PRE_IDLE,00000080,000000,80C06D,V02C_MATRIX_PLUS_PINNED_MESEN_CPU_SOURCE_ORDER_NO_GAMEPLAY
V05C000814,80:C06E:E0M1X1,04060373,80,C06E,0,1,1,9C,STZ,ABS,3,9C2121,NATIVE_BODY,NATIVE_BODY,4,4,NONE,3,0,0,1,0,0,0,0,0,0,LINEAR_BUS_SEQUENCE,,00000000,002121,80C06E,V02C_MATRIX_PLUS_PINNED_MESEN_CPU_SOURCE_ORDER_NO_GAMEPLAY
V05C000815,80:C071:E0M1X1,0406038B,80,C071,0,1,1,A9,LDA,IMM_M,2,A908,NATIVE_BODY,NATIVE_BODY,2,2,NONE,2,0,0,0,0,0,0,0,0,0,LINEAR_BUS_SEQUENCE,,00000000,000008,80C071,V02C_MATRIX_PLUS_PINNED_MESEN_CPU_SOURCE_ORDER_NO_GAMEPLAY
V05C000816,80:C073:E0M1X1,0406039B,80,C073,0,1,1,8D,STA,ABS,3,8D0B42,NATIVE_BODY,NATIVE_BODY,4,4,NONE,3,0,0,1,0,0,0,0,0,0,LINEAR_BUS_SEQUENCE,,00000000,00420B,80C073,V02C_MATRIX_PLUS_PINNED_MESEN_CPU_SOURCE_ORDER_NO_GAMEPLAY
V05C000817,80:C076:E0M1X1,040603B3,80,C076,0,1,1,60,RTS,IMP,1,60,NATIVE_BODY,NATIVE_BODY,6,6,NONE,1,0,0,0,0,2,0,0,3,0,RETURN_SEQUENCE,RETURN_PRE_IDLE;RETURN_PRE_IDLE;RTS_POST_POP_IDLE,00000180,000000,80C076,V02C_MATRIX_PLUS_PINNED_MESEN_CPU_SOURCE_ORDER_NO_GAMEPLAY
V05C000818,80:C2F4:E0M1X1,040617A3,80,C2F4,0,1,1,8B,PHB,IMP,1,8B,NATIVE_BODY,NATIVE_BODY,3,3,NONE,1,0,0,0,0,0,1,0,1,0,FIXED_IDLE_SEQUENCE,PUSH_PRE_IDLE,00000200,000000,80C2F4,V02C_MATRIX_PLUS_PINNED_MESEN_CPU_SOURCE_ORDER_NO_GAMEPLAY
V05C000819,80:C2F5:E0M1X1,040617AB,80,C2F5,0,1,1,4B,PHK,IMP,1,4B,NATIVE_BODY,NATIVE_BODY,3,3,NONE,1,0,0,0,0,0,1,0,1,0,FIXED_IDLE_SEQUENCE,PUSH_PRE_IDLE,00000200,000000,80C2F5,V02C_MATRIX_PLUS_PINNED_MESEN_CPU_SOURCE_ORDER_NO_GAMEPLAY
V05C000820,80:C2F6:E0M1X1,040617B3,80,C2F6,0,1,1,AB,PLB,IMP,1,AB,NATIVE_BODY,NATIVE_BODY,4,4,NONE,1,0,0,0,0,1,0,0,2,0,FIXED_IDLE_SEQUENCE,PULL_PRE_IDLE;PULL_PRE_IDLE,00000400,000000,80C2F6,V02C_MATRIX_PLUS_PINNED_MESEN_CPU_SOURCE_ORDER_NO_GAMEPLAY
V05C000821,80:C2F7:E0M1X1,040617BB,80,C2F7,0,1,1,20,JSR,ABS_JUMP,3,20FCC2,NATIVE_BODY,NATIVE_BODY,6,6,NONE,3,0,0,0,0,0,2,0,1,0,FIXED_IDLE_SEQUENCE,JSR_PRE_STACK_IDLE,00000020,00C2FC,80C2F7,V02C_MATRIX_PLUS_PINNED_MESEN_CPU_SOURCE_ORDER_NO_GAMEPLAY
V05C000822,80:C2FA:E0M1X1,040617D3,80,C2FA,0,1,1,AB,PLB,IMP,1,AB,NATIVE_BODY,NATIVE_BODY,4,4,NONE,1,0,0,0,0,1,0,0,2,0,FIXED_IDLE_SEQUENCE,PULL_PRE_IDLE;PULL_PRE_IDLE,00000400,000000,80C2FA,V02C_MATRIX_PLUS_PINNED_MESEN_CPU_SOURCE_ORDER_NO_GAMEPLAY
V05C000823,80:C2FB:E0M1X1,040617DB,80,C2FB,0,1,1,6B,RTL,IMP,1,6B,NATIVE_BODY,NATIVE_BODY,6,6,NONE,1,0,0,0,0,3,0,0,2,0,RETURN_SEQUENCE,RETURN_PRE_IDLE;RETURN_PRE_IDLE,00000080,000000,80C2FB,V02C_MATRIX_PLUS_PINNED_MESEN_CPU_SOURCE_ORDER_NO_GAMEPLAY
V05C000824,80:C2FC:E0M1X1,040617E3,80,C2FC,0,1,1,9C,STZ,ABS,3,9C3043,NATIVE_BODY,NATIVE_BODY,4,4,NONE,3,0,0,1,0,0,0,0,0,0,LINEAR_BUS_SEQUENCE,,00000000,004330,80C2FC,V02C_MATRIX_PLUS_PINNED_MESEN_CPU_SOURCE_ORDER_NO_GAMEPLAY
V05C000825,80:C2FF:E0M1X1,040617FB,80,C2FF,0,1,1,A9,LDA,IMM_M,2,A922,NATIVE_BODY,NATIVE_BODY,2,2,NONE,2,0,0,0,0,0,0,0,0,0,LINEAR_BUS_SEQUENCE,,00000000,000022,80C2FF,V02C_MATRIX_PLUS_PINNED_MESEN_CPU_SOURCE_ORDER_NO_GAMEPLAY
V05C000826,80:C301:E0M1X1,0406180B,80,C301,0,1,1,8D,STA,ABS,3,8D3143,NATIVE_BODY,NATIVE_BODY,4,4,NONE,3,0,0,1,0,0,0,0,0,0,LINEAR_BUS_SEQUENCE,,00000000,004331,80C301,V02C_MATRIX_PLUS_PINNED_MESEN_CPU_SOURCE_ORDER_NO_GAMEPLAY
V05C000827,80:C304:E0M1X1,04061823,80,C304,0,1,1,A9,LDA,IMM_M,2,A97E,NATIVE_BODY,NATIVE_BODY,2,2,NONE,2,0,0,0,0,0,0,0,0,0,LINEAR_BUS_SEQUENCE,,00000000,00007E,80C304,V02C_MATRIX_PLUS_PINNED_MESEN_CPU_SOURCE_ORDER_NO_GAMEPLAY
V05C000828,80:C306:E0M1X1,04061833,80,C306,0,1,1,8D,STA,ABS,3,8D3443,NATIVE_BODY,NATIVE_BODY,4,4,NONE,3,0,0,1,0,0,0,0,0,0,LINEAR_BUS_SEQUENCE,,00000000,004334,80C306,V02C_MATRIX_PLUS_PINNED_MESEN_CPU_SOURCE_ORDER_NO_GAMEPLAY
V05C000829,80:C309:E0M1X1,0406184B,80,C309,0,1,1,C2,REP,IMM8,2,C230,NATIVE_BODY,NATIVE_BODY,3,3,NONE,2,0,0,0,0,0,0,0,1,0,FIXED_IDLE_SEQUENCE,STATUS_PRE_IDLE,00002000,000030,80C309,V02C_MATRIX_PLUS_PINNED_MESEN_CPU_SOURCE_ORDER_NO_GAMEPLAY
V05C000830,80:C30B:E0M0X0,04061858,80,C30B,0,0,0,A9,LDA,IMM_M,3,A90020,NATIVE_BODY,NATIVE_BODY,3,3,NONE,3,0,0,0,0,0,0,0,0,0,LINEAR_BUS_SEQUENCE,,00000000,002000,80C30B,V02C_MATRIX_PLUS_PINNED_MESEN_CPU_SOURCE_ORDER_NO_GAMEPLAY
V05C000831,80:C30E:E0M0X0,04061870,80,C30E,0,0,0,8D,STA,ABS,3,8D3243,NATIVE_BODY,NATIVE_BODY,5,5,NONE,3,0,0,2,0,0,0,0,0,0,LINEAR_BUS_SEQUENCE,,00000000,004332,80C30E,V02C_MATRIX_PLUS_PINNED_MESEN_CPU_SOURCE_ORDER_NO_GAMEPLAY
V05C000832,80:C311:E0M0X0,04061888,80,C311,0,0,0,A9,LDA,IMM_M,3,A90002,NATIVE_BODY,NATIVE_BODY,3,3,NONE,3,0,0,0,0,0,0,0,0,0,LINEAR_BUS_SEQUENCE,,00000000,000200,80C311,V02C_MATRIX_PLUS_PINNED_MESEN_CPU_SOURCE_ORDER_NO_GAMEPLAY
V05C000833,80:C314:E0M0X0,040618A0,80,C314,0,0,0,8D,STA,ABS,3,8D3543,NATIVE_BODY,NATIVE_BODY,5,5,NONE,3,0,0,2,0,0,0,0,0,0,LINEAR_BUS_SEQUENCE,,00000000,004335,80C314,V02C_MATRIX_PLUS_PINNED_MESEN_CPU_SOURCE_ORDER_NO_GAMEPLAY
V05C000834,80:C317:E0M0X0,040618B8,80,C317,0,0,0,E2,SEP,IMM8,2,E230,NATIVE_BODY,NATIVE_BODY,3,3,NONE,2,0,0,0,0,0,0,0,1,0,FIXED_IDLE_SEQUENCE,STATUS_PRE_IDLE,00002000,000030,80C317,V02C_MATRIX_PLUS_PINNED_MESEN_CPU_SOURCE_ORDER_NO_GAMEPLAY
V05C000835,80:C319:E0M1X1,040618CB,80,C319,0,1,1,60,RTS,IMP,1,60,NATIVE_BODY,NATIVE_BODY,6,6,NONE,1,0,0,0,0,2,0,0,3,0,RETURN_SEQUENCE,RETURN_PRE_IDLE;RETURN_PRE_IDLE;RTS_POST_POP_IDLE,00000180,000000,80C319,V02C_MATRIX_PLUS_PINNED_MESEN_CPU_SOURCE_ORDER_NO_GAMEPLAY
V05C000836,80:F8DB:E0M1X1,0407C6DB,80,F8DB,0,1,1,20,JSR,ABS_JUMP,3,202FFB,NATIVE_BODY,NATIVE_BODY,6,6,NONE,3,0,0,0,0,0,2,0,1,0,FIXED_IDLE_SEQUENCE,JSR_PRE_STACK_IDLE,00000020,00FB2F,80F8DB,V02C_MATRIX_PLUS_PINNED_MESEN_CPU_SOURCE_ORDER_NO_GAMEPLAY
V05C000837,80:F8DE:E0M1X1,0407C6F3,80,F8DE,0,1,1,A2,LDX,IMM_X,2,A200,NATIVE_BODY,NATIVE_BODY,2,2,NONE,2,0,0,0,0,0,0,0,0,0,LINEAR_BUS_SEQUENCE,,00000000,000000,80F8DE,V02C_MATRIX_PLUS_PINNED_MESEN_CPU_SOURCE_ORDER_NO_GAMEPLAY
V05C000838,80:F8E0:E0M1X1,0407C703,80,F8E0,0,1,1,20,JSR,ABS_JUMP,3,2038FA,NATIVE_BODY,NATIVE_BODY,6,6,NONE,3,0,0,0,0,0,2,0,1,0,FIXED_IDLE_SEQUENCE,JSR_PRE_STACK_IDLE,00000020,00FA38,80F8E0,V02C_MATRIX_PLUS_PINNED_MESEN_CPU_SOURCE_ORDER_NO_GAMEPLAY
V05C000839,80:F8E3:E0M1X1,0407C71B,80,F8E3,0,1,1,A2,LDX,IMM_X,2,A201,NATIVE_BODY,NATIVE_BODY,2,2,NONE,2,0,0,0,0,0,0,0,0,0,LINEAR_BUS_SEQUENCE,,00000000,000001,80F8E3,V02C_MATRIX_PLUS_PINNED_MESEN_CPU_SOURCE_ORDER_NO_GAMEPLAY
V05C000840,80:F8E5:E0M1X1,0407C72B,80,F8E5,0,1,1,20,JSR,ABS_JUMP,3,2038FA,NATIVE_BODY,NATIVE_BODY,6,6,NONE,3,0,0,0,0,0,2,0,1,0,FIXED_IDLE_SEQUENCE,JSR_PRE_STACK_IDLE,00000020,00FA38,80F8E5,V02C_MATRIX_PLUS_PINNED_MESEN_CPU_SOURCE_ORDER_NO_GAMEPLAY
V05C000841,80:F8E8:E0M1X1,0407C743,80,F8E8,0,1,1,A2,LDX,IMM_X,2,A202,NATIVE_BODY,NATIVE_BODY,2,2,NONE,2,0,0,0,0,0,0,0,0,0,LINEAR_BUS_SEQUENCE,,00000000,000002,80F8E8,V02C_MATRIX_PLUS_PINNED_MESEN_CPU_SOURCE_ORDER_NO_GAMEPLAY
V05C000842,80:F8EA:E0M1X1,0407C753,80,F8EA,0,1,1,20,JSR,ABS_JUMP,3,2038FA,NATIVE_BODY,NATIVE_BODY,6,6,NONE,3,0,0,0,0,0,2,0,1,0,FIXED_IDLE_SEQUENCE,JSR_PRE_STACK_IDLE,00000020,00FA38,80F8EA,V02C_MATRIX_PLUS_PINNED_MESEN_CPU_SOURCE_ORDER_NO_GAMEPLAY
V05C000843,80:F8ED:E0M1X1,0407C76B,80,F8ED,0,1,1,A2,LDX,IMM_X,2,A203,NATIVE_BODY,NATIVE_BODY,2,2,NONE,2,0,0,0,0,0,0,0,0,0,LINEAR_BUS_SEQUENCE,,00000000,000003,80F8ED,V02C_MATRIX_PLUS_PINNED_MESEN_CPU_SOURCE_ORDER_NO_GAMEPLAY
V05C000844,80:F8EF:E0M1X1,0407C77B,80,F8EF,0,1,1,20,JSR,ABS_JUMP,3,2038FA,NATIVE_BODY,NATIVE_BODY,6,6,NONE,3,0,0,0,0,0,2,0,1,0,FIXED_IDLE_SEQUENCE,JSR_PRE_STACK_IDLE,00000020,00FA38,80F8EF,V02C_MATRIX_PLUS_PINNED_MESEN_CPU_SOURCE_ORDER_NO_GAMEPLAY
V05C000845,80:F8F2:E0M1X1,0407C793,80,F8F2,0,1,1,A9,LDA,IMM_M,2,A902,NATIVE_BODY,NATIVE_BODY,2,2,NONE,2,0,0,0,0,0,0,0,0,0,LINEAR_BUS_SEQUENCE,,00000000,000002,80F8F2,V02C_MATRIX_PLUS_PINNED_MESEN_CPU_SOURCE_ORDER_NO_GAMEPLAY
V05C000846,80:F8F4:E0M1X1,0407C7A3,80,F8F4,0,1,1,8D,STA,ABS,3,8DEC1A,NATIVE_BODY,NATIVE_BODY,4,4,NONE,3,0,0,1,0,0,0,0,0,0,LINEAR_BUS_SEQUENCE,,00000000,001AEC,80F8F4,V02C_MATRIX_PLUS_PINNED_MESEN_CPU_SOURCE_ORDER_NO_GAMEPLAY
V05C000847,80:F8F7:E0M1X1,0407C7BB,80,F8F7,0,1,1,A9,LDA,IMM_M,2,A901,NATIVE_BODY,NATIVE_BODY,2,2,NONE,2,0,0,0,0,0,0,0,0,0,LINEAR_BUS_SEQUENCE,,00000000,000001,80F8F7,V02C_MATRIX_PLUS_PINNED_MESEN_CPU_SOURCE_ORDER_NO_GAMEPLAY
V05C000848,80:F8F9:E0M1X1,0407C7CB,80,F8F9,0,1,1,8D,STA,ABS,3,8DED1A,NATIVE_BODY,NATIVE_BODY,4,4,NONE,3,0,0,1,0,0,0,0,0,0,LINEAR_BUS_SEQUENCE,,00000000,001AED,80F8F9,V02C_MATRIX_PLUS_PINNED_MESEN_CPU_SOURCE_ORDER_NO_GAMEPLAY
V05C000849,80:F8FC:E0M1X1,0407C7E3,80,F8FC,0,1,1,9C,STZ,ABS,3,9CEE1A,NATIVE_BODY,NATIVE_BODY,4,4,NONE,3,0,0,1,0,0,0,0,0,0,LINEAR_BUS_SEQUENCE,,00000000,001AEE,80F8FC,V02C_MATRIX_PLUS_PINNED_MESEN_CPU_SOURCE_ORDER_NO_GAMEPLAY
V05C000850,80:F8FF:E0M1X1,0407C7FB,80,F8FF,0,1,1,60,RTS,IMP,1,60,NATIVE_BODY,NATIVE_BODY,6,6,NONE,1,0,0,0,0,2,0,0,3,0,RETURN_SEQUENCE,RETURN_PRE_IDLE;RETURN_PRE_IDLE;RTS_POST_POP_IDLE,00000180,000000,80F8FF,V02C_MATRIX_PLUS_PINNED_MESEN_CPU_SOURCE_ORDER_NO_GAMEPLAY
V05C000851,80:F904:E0M1X1,0407C823,80,F904,0,1,1,AD,LDA,ABS,3,AD3403,NATIVE_BODY,NATIVE_BODY,4,4,NONE,3,0,1,0,0,0,0,0,0,0,LINEAR_BUS_SEQUENCE,,00000000,000334,80F904,V02C_MATRIX_PLUS_PINNED_MESEN_CPU_SOURCE_ORDER_NO_GAMEPLAY
V05C000852,80:F907:E0M1X1,0407C83B,80,F907,0,1,1,D0,BNE,REL8,2,D00F,NATIVE_BODY,NATIVE_BODY,2,3,BRANCH_TAKEN:+1,2,0,0,0,0,0,0,0,0,1,BRANCH_SEQUENCE,DYN_BRANCH_TAKEN_POST_IDLE,00000004,00000F,80F907,V02C_MATRIX_PLUS_PINNED_MESEN_CPU_SOURCE_ORDER_NO_GAMEPLAY
V05C000853,80:F909:E0M1X1,0407C84B,80,F909,0,1,1,E0,CPX,IMM_X,2,E000,NATIVE_BODY,NATIVE_BODY,2,2,NONE,2,0,0,0,0,0,0,0,0,0,LINEAR_BUS_SEQUENCE,,00000000,000000,80F909,V02C_MATRIX_PLUS_PINNED_MESEN_CPU_SOURCE_ORDER_NO_GAMEPLAY
V05C000854,80:F90B:E0M1X1,0407C85B,80,F90B,0,1,1,F0,BEQ,REL8,2,F003,NATIVE_BODY,NATIVE_BODY,2,3,BRANCH_TAKEN:+1,2,0,0,0,0,0,0,0,0,1,BRANCH_SEQUENCE,DYN_BRANCH_TAKEN_POST_IDLE,00000004,000003,80F90B,V02C_MATRIX_PLUS_PINNED_MESEN_CPU_SOURCE_ORDER_NO_GAMEPLAY
V05C000855,80:F90D:E0M1X1,0407C86B,80,F90D,0,1,1,20,JSR,ABS_JUMP,3,2038FA,NATIVE_BODY,NATIVE_BODY,6,6,NONE,3,0,0,0,0,0,2,0,1,0,FIXED_IDLE_SEQUENCE,JSR_PRE_STACK_IDLE,00000020,00FA38,80F90D,V02C_MATRIX_PLUS_PINNED_MESEN_CPU_SOURCE_ORDER_NO_GAMEPLAY
V05C000856,80:F910:E0M1X1,0407C883,80,F910,0,1,1,A9,LDA,IMM_M,2,A902,NATIVE_BODY,NATIVE_BODY,2,2,NONE,2,0,0,0,0,0,0,0,0,0,LINEAR_BUS_SEQUENCE,,00000000,000002,80F910,V02C_MATRIX_PLUS_PINNED_MESEN_CPU_SOURCE_ORDER_NO_GAMEPLAY
V05C000857,80:F912:E0M1X1,0407C893,80,F912,0,1,1,EB,XBA,IMP,1,EB,NATIVE_BODY,NATIVE_BODY,3,3,NONE,1,0,0,0,0,0,0,0,2,0,FIXED_IDLE_SEQUENCE,IMPLIED_PRE_IDLE;XBA_EXTRA_IDLE,00001800,000000,80F912,V02C_MATRIX_PLUS_PINNED_MESEN_CPU_SOURCE_ORDER_NO_GAMEPLAY
V05C000858,80:F913:E0M1X1,0407C89B,80,F913,0,1,1,A9,LDA,IMM_M,2,A901,NATIVE_BODY,NATIVE_BODY,2,2,NONE,2,0,0,0,0,0,0,0,0,0,LINEAR_BUS_SEQUENCE,,00000000,000001,80F913,V02C_MATRIX_PLUS_PINNED_MESEN_CPU_SOURCE_ORDER_NO_GAMEPLAY
V05C000859,80:F915:E0M1X1,0407C8AB,80,F915,0,1,1,20,JSR,ABS_JUMP,3,20C2F9,NATIVE_BODY,NATIVE_BODY,6,6,NONE,3,0,0,0,0,0,2,0,1,0,FIXED_IDLE_SEQUENCE,JSR_PRE_STACK_IDLE,00000020,00F9C2,80F915,V02C_MATRIX_PLUS_PINNED_MESEN_CPU_SOURCE_ORDER_NO_GAMEPLAY
V05C000860,80:F918:E0M1X1,0407C8C3,80,F918,0,1,1,60,RTS,IMP,1,60,NATIVE_BODY,NATIVE_BODY,6,6,NONE,1,0,0,0,0,2,0,0,3,0,RETURN_SEQUENCE,RETURN_PRE_IDLE;RETURN_PRE_IDLE;RTS_POST_POP_IDLE,00000180,000000,80F918,V02C_MATRIX_PLUS_PINNED_MESEN_CPU_SOURCE_ORDER_NO_GAMEPLAY
V05C000861,80:F926:E0M1X1,0407C933,80,F926,0,1,1,20,JSR,ABS_JUMP,3,202AF9,NATIVE_BODY,NATIVE_BODY,6,6,NONE,3,0,0,0,0,0,2,0,1,0,FIXED_IDLE_SEQUENCE,JSR_PRE_STACK_IDLE,00000020,00F92A,80F926,V02C_MATRIX_PLUS_PINNED_MESEN_CPU_SOURCE_ORDER_NO_GAMEPLAY
V05C000862,80:F929:E0M1X1,0407C94B,80,F929,0,1,1,6B,RTL,IMP,1,6B,NATIVE_BODY,NATIVE_BODY,6,6,NONE,1,0,0,0,0,3,0,0,2,0,RETURN_SEQUENCE,RETURN_PRE_IDLE;RETURN_PRE_IDLE,00000080,000000,80F929,V02C_MATRIX_PLUS_PINNED_MESEN_CPU_SOURCE_ORDER_NO_GAMEPLAY
V05C000863,80:F92A:E0M1X1,0407C953,80,F92A,0,1,1,DA,PHX,IMP,1,DA,NATIVE_BODY,NATIVE_BODY,3,3,NONE,1,0,0,0,0,0,1,0,1,0,FIXED_IDLE_SEQUENCE,PUSH_PRE_IDLE,00000200,000000,80F92A,V02C_MATRIX_PLUS_PINNED_MESEN_CPU_SOURCE_ORDER_NO_GAMEPLAY
V05C000864,80:F92B:E0M1X1,0407C95B,80,F92B,0,1,1,08,PHP,IMP,1,08,NATIVE_BODY,NATIVE_BODY,3,3,NONE,1,0,0,0,0,0,1,0,1,0,FIXED_IDLE_SEQUENCE,PUSH_PRE_IDLE,00000200,000000,80F92B,V02C_MATRIX_PLUS_PINNED_MESEN_CPU_SOURCE_ORDER_NO_GAMEPLAY
V05C000865,80:F92C:E0M1X1,0407C963,80,F92C,0,1,1,E2,SEP,IMM8,2,E220,NATIVE_BODY,NATIVE_BODY,3,3,NONE,2,0,0,0,0,0,0,0,1,0,FIXED_IDLE_SEQUENCE,STATUS_PRE_IDLE,00002000,000020,80F92C,V02C_MATRIX_PLUS_PINNED_MESEN_CPU_SOURCE_ORDER_NO_GAMEPLAY
V05C000866,80:F92E:E0M1X1,0407C973,80,F92E,0,1,1,AE,LDX,ABS,3,AE3303,NATIVE_BODY,NATIVE_BODY,4,4,NONE,3,0,1,0,0,0,0,0,0,0,LINEAR_BUS_SEQUENCE,,00000000,000333,80F92E,V02C_MATRIX_PLUS_PINNED_MESEN_CPU_SOURCE_ORDER_NO_GAMEPLAY
V05C000867,80:F931:E0M1X1,0407C98B,80,F931,0,1,1,D0,BNE,REL8,2,D00A,NATIVE_BODY,NATIVE_BODY,2,3,BRANCH_TAKEN:+1,2,0,0,0,0,0,0,0,0,1,BRANCH_SEQUENCE,DYN_BRANCH_TAKEN_POST_IDLE,00000004,00000A,80F931,V02C_MATRIX_PLUS_PINNED_MESEN_CPU_SOURCE_ORDER_NO_GAMEPLAY
V05C000868,80:F933:E0M1X1,0407C99B,80,F933,0,1,1,C9,CMP,IMM_M,2,C932,NATIVE_BODY,NATIVE_BODY,2,2,NONE,2,0,0,0,0,0,0,0,0,0,LINEAR_BUS_SEQUENCE,,00000000,000032,80F933,V02C_MATRIX_PLUS_PINNED_MESEN_CPU_SOURCE_ORDER_NO_GAMEPLAY
V05C000869,80:F935:E0M1X1,0407C9AB,80,F935,0,1,1,B0,BCS,REL8,2,B009,NATIVE_BODY,NATIVE_BODY,2,3,BRANCH_TAKEN:+1,2,0,0,0,0,0,0,0,0,1,BRANCH_SEQUENCE,DYN_BRANCH_TAKEN_POST_IDLE,00000004,000009,80F935,V02C_MATRIX_PLUS_PINNED_MESEN_CPU_SOURCE_ORDER_NO_GAMEPLAY
V05C000870,80:F937:E0M1X1,0407C9BB,80,F937,0,1,1,EB,XBA,IMP,1,EB,NATIVE_BODY,NATIVE_BODY,3,3,NONE,1,0,0,0,0,0,0,0,2,0,FIXED_IDLE_SEQUENCE,IMPLIED_PRE_IDLE;XBA_EXTRA_IDLE,00001800,000000,80F937,V02C_MATRIX_PLUS_PINNED_MESEN_CPU_SOURCE_ORDER_NO_GAMEPLAY
V05C000871,80:F938:E0M1X1,0407C9C3,80,F938,0,1,1,A9,LDA,IMM_M,2,A902,NATIVE_BODY,NATIVE_BODY,2,2,NONE,2,0,0,0,0,0,0,0,0,0,LINEAR_BUS_SEQUENCE,,00000000,000002,80F938,V02C_MATRIX_PLUS_PINNED_MESEN_CPU_SOURCE_ORDER_NO_GAMEPLAY
V05C000872,80:F93A:E0M1X1,0407C9D3,80,F93A,0,1,1,20,JSR,ABS_JUMP,3,20C2F9,NATIVE_BODY,NATIVE_BODY,6,6,NONE,3,0,0,0,0,0,2,0,1,0,FIXED_IDLE_SEQUENCE,JSR_PRE_STACK_IDLE,00000020,00F9C2,80F93A,V02C_MATRIX_PLUS_PINNED_MESEN_CPU_SOURCE_ORDER_NO_GAMEPLAY
V05C000873,80:F93D:E0M1X1,0407C9EB,80,F93D,0,1,1,28,PLP,IMP,1,28,NATIVE_BODY,NATIVE_BODY,4,4,NONE,1,0,0,0,0,1,0,0,2,0,FIXED_IDLE_SEQUENCE,PULL_PRE_IDLE;PULL_PRE_IDLE,00000400,000000,80F93D,V02C_MATRIX_PLUS_PINNED_MESEN_CPU_SOURCE_ORDER_NO_GAMEPLAY
V05C000874,80:F93E:E0M1X1,0407C9F3,80,F93E,0,1,1,FA,PLX,IMP,1,FA,NATIVE_BODY,NATIVE_BODY,4,4,NONE,1,0,0,0,0,1,0,0,2,0,FIXED_IDLE_SEQUENCE,PULL_PRE_IDLE;PULL_PRE_IDLE,00000400,000000,80F93E,V02C_MATRIX_PLUS_PINNED_MESEN_CPU_SOURCE_ORDER_NO_GAMEPLAY
V05C000875,80:F93F:E0M1X1,0407C9FB,80,F93F,0,1,1,60,RTS,IMP,1,60,NATIVE_BODY,NATIVE_BODY,6,6,NONE,1,0,0,0,0,2,0,0,3,0,RETURN_SEQUENCE,RETURN_PRE_IDLE;RETURN_PRE_IDLE;RTS_POST_POP_IDLE,00000180,000000,80F93F,V02C_MATRIX_PLUS_PINNED_MESEN_CPU_SOURCE_ORDER_NO_GAMEPLAY
V05C000876,80:F97B:E0M1X1,0407CBDB,80,F97B,0,1,1,EB,XBA,IMP,1,EB,NATIVE_BODY,NATIVE_BODY,3,3,NONE,1,0,0,0,0,0,0,0,2,0,FIXED_IDLE_SEQUENCE,IMPLIED_PRE_IDLE;XBA_EXTRA_IDLE,00001800,000000,80F97B,V02C_MATRIX_PLUS_PINNED_MESEN_CPU_SOURCE_ORDER_NO_GAMEPLAY
V05C000877,80:F97C:E0M1X1,0407CBE3,80,F97C,0,1,1,A9,LDA,IMM_M,2,A907,NATIVE_BODY,NATIVE_BODY,2,2,NONE,2,0,0,0,0,0,0,0,0,0,LINEAR_BUS_SEQUENCE,,00000000,000007,80F97C,V02C_MATRIX_PLUS_PINNED_MESEN_CPU_SOURCE_ORDER_NO_GAMEPLAY
V05C000878,80:F97E:E0M1X1,0407CBF3,80,F97E,0,1,1,20,JSR,ABS_JUMP,3,20C2F9,NATIVE_BODY,NATIVE_BODY,6,6,NONE,3,0,0,0,0,0,2,0,1,0,FIXED_IDLE_SEQUENCE,JSR_PRE_STACK_IDLE,00000020,00F9C2,80F97E,V02C_MATRIX_PLUS_PINNED_MESEN_CPU_SOURCE_ORDER_NO_GAMEPLAY
V05C000879,80:F981:E0M1X1,0407CC0B,80,F981,0,1,1,60,RTS,IMP,1,60,NATIVE_BODY,NATIVE_BODY,6,6,NONE,1,0,0,0,0,2,0,0,3,0,RETURN_SEQUENCE,RETURN_PRE_IDLE;RETURN_PRE_IDLE;RTS_POST_POP_IDLE,00000180,000000,80F981,V02C_MATRIX_PLUS_PINNED_MESEN_CPU_SOURCE_ORDER_NO_GAMEPLAY
V05C000880,80:F982:E0M1X1,0407CC13,80,F982,0,1,1,20,JSR,ABS_JUMP,3,2086F9,NATIVE_BODY,NATIVE_BODY,6,6,NONE,3,0,0,0,0,0,2,0,1,0,FIXED_IDLE_SEQUENCE,JSR_PRE_STACK_IDLE,00000020,00F986,80F982,V02C_MATRIX_PLUS_PINNED_MESEN_CPU_SOURCE_ORDER_NO_GAMEPLAY
V05C000881,80:F985:E0M1X1,0407CC2B,80,F985,0,1,1,6B,RTL,IMP,1,6B,NATIVE_BODY,NATIVE_BODY,6,6,NONE,1,0,0,0,0,3,0,0,2,0,RETURN_SEQUENCE,RETURN_PRE_IDLE;RETURN_PRE_IDLE,00000080,000000,80F985,V02C_MATRIX_PLUS_PINNED_MESEN_CPU_SOURCE_ORDER_NO_GAMEPLAY
V05C000882,80:F986:E0M1X1,0407CC33,80,F986,0,1,1,08,PHP,IMP,1,08,NATIVE_BODY,NATIVE_BODY,3,3,NONE,1,0,0,0,0,0,1,0,1,0,FIXED_IDLE_SEQUENCE,PUSH_PRE_IDLE,00000200,000000,80F986,V02C_MATRIX_PLUS_PINNED_MESEN_CPU_SOURCE_ORDER_NO_GAMEPLAY
V05C000883,80:F987:E0M1X1,0407CC3B,80,F987,0,1,1,C2,REP,IMM8,2,C220,NATIVE_BODY,NATIVE_BODY,3,3,NONE,2,0,0,0,0,0,0,0,1,0,FIXED_IDLE_SEQUENCE,STATUS_PRE_IDLE,00002000,000020,80F987,V02C_MATRIX_PLUS_PINNED_MESEN_CPU_SOURCE_ORDER_NO_GAMEPLAY
V05C000884,80:F989:E0M0X1,0407CC49,80,F989,0,0,1,AD,LDA,ABS,3,AD5C1A,NATIVE_BODY,NATIVE_BODY,5,5,NONE,3,0,2,0,0,0,0,0,0,0,LINEAR_BUS_SEQUENCE,,00000000,001A5C,80F989,V02C_MATRIX_PLUS_PINNED_MESEN_CPU_SOURCE_ORDER_NO_GAMEPLAY
V05C000885,80:F98C:E0M0X1,0407CC61,80,F98C,0,0,1,CD,CMP,ABS,3,CD5E1A,NATIVE_BODY,NATIVE_BODY,5,5,NONE,3,0,2,0,0,0,0,0,0,0,LINEAR_BUS_SEQUENCE,,00000000,001A5E,80F98C,V02C_MATRIX_PLUS_PINNED_MESEN_CPU_SOURCE_ORDER_NO_GAMEPLAY
V05C000886,80:F98F:E0M0X1,0407CC79,80,F98F,0,0,1,F0,BEQ,REL8,2,F005,NATIVE_BODY,NATIVE_BODY,2,3,BRANCH_TAKEN:+1,2,0,0,0,0,0,0,0,0,1,BRANCH_SEQUENCE,DYN_BRANCH_TAKEN_POST_IDLE,00000004,000005,80F98F,V02C_MATRIX_PLUS_PINNED_MESEN_CPU_SOURCE_ORDER_NO_GAMEPLAY
V05C000887,80:F991:E0M0X1,0407CC89,80,F991,0,0,1,20,JSR,ABS_JUMP,3,20F6F9,NATIVE_BODY,NATIVE_BODY,6,6,NONE,3,0,0,0,0,0,2,0,1,0,FIXED_IDLE_SEQUENCE,JSR_PRE_STACK_IDLE,00000020,00F9F6,80F991,V02C_MATRIX_PLUS_PINNED_MESEN_CPU_SOURCE_ORDER_NO_GAMEPLAY
V05C000888,80:F994:E0M0X1,0407CCA1,80,F994,0,0,1,80,BRA,REL8,2,80F3,NATIVE_BODY,NATIVE_BODY,3,3,NONE,2,0,0,0,0,0,0,0,1,0,BRANCH_SEQUENCE,BRANCH_ALWAYS_POST_IDLE,00004000,0000F3,80F994,V02C_MATRIX_PLUS_PINNED_MESEN_CPU_SOURCE_ORDER_NO_GAMEPLAY
V05C000889,80:F996:E0M0X1,0407CCB1,80,F996,0,0,1,28,PLP,IMP,1,28,NATIVE_BODY,NATIVE_BODY,4,4,NONE,1,0,0,0,0,1,0,0,2,0,FIXED_IDLE_SEQUENCE,PULL_PRE_IDLE;PULL_PRE_IDLE,00000400,000000,80F996,V02C_MATRIX_PLUS_PINNED_MESEN_CPU_SOURCE_ORDER_NO_GAMEPLAY
V05C000890,80:F997:E0M1X1,0407CCBB,80,F997,0,1,1,60,RTS,IMP,1,60,NATIVE_BODY,NATIVE_BODY,6,6,NONE,1,0,0,0,0,2,0,0,3,0,RETURN_SEQUENCE,RETURN_PRE_IDLE;RETURN_PRE_IDLE;RTS_POST_POP_IDLE,00000180,000000,80F997,V02C_MATRIX_PLUS_PINNED_MESEN_CPU_SOURCE_ORDER_NO_GAMEPLAY
V05C000891,80:F9C2:E0M1X1,0407CE13,80,F9C2,0,1,1,08,PHP,IMP,1,08,NATIVE_BODY,NATIVE_BODY,3,3,NONE,1,0,0,0,0,0,1,0,1,0,FIXED_IDLE_SEQUENCE,PUSH_PRE_IDLE,00000200,000000,80F9C2,V02C_MATRIX_PLUS_PINNED_MESEN_CPU_SOURCE_ORDER_NO_GAMEPLAY
V05C000892,80:F9C3:E0M1X1,0407CE1B,80,F9C3,0,1,1,C2,REP,IMM8,2,C230,NATIVE_BODY,NATIVE_BODY,3,3,NONE,2,0,0,0,0,0,0,0,1,0,FIXED_IDLE_SEQUENCE,STATUS_PRE_IDLE,00002000,000030,80F9C3,V02C_MATRIX_PLUS_PINNED_MESEN_CPU_SOURCE_ORDER_NO_GAMEPLAY
V05C000893,80:F9C5:E0M0X0,0407CE28,80,F9C5,0,0,0,DA,PHX,IMP,1,DA,NATIVE_BODY,NATIVE_BODY,4,4,NONE,1,0,0,0,0,0,2,0,1,0,FIXED_IDLE_SEQUENCE,PUSH_PRE_IDLE,00000200,000000,80F9C5,V02C_MATRIX_PLUS_PINNED_MESEN_CPU_SOURCE_ORDER_NO_GAMEPLAY
V05C000894,80:F9C6:E0M0X0,0407CE30,80,F9C6,0,0,0,5A,PHY,IMP,1,5A,NATIVE_BODY,NATIVE_BODY,4,4,NONE,1,0,0,0,0,0,2,0,1,0,FIXED_IDLE_SEQUENCE,PUSH_PRE_IDLE,00000200,000000,80F9C6,V02C_MATRIX_PLUS_PINNED_MESEN_CPU_SOURCE_ORDER_NO_GAMEPLAY
V05C000895,80:F9C7:E0M0X0,0407CE38,80,F9C7,0,0,0,48,PHA,IMP,1,48,NATIVE_BODY,NATIVE_BODY,4,4,NONE,1,0,0,0,0,0,2,0,1,0,FIXED_IDLE_SEQUENCE,PUSH_PRE_IDLE,00000200,000000,80F9C7,V02C_MATRIX_PLUS_PINNED_MESEN_CPU_SOURCE_ORDER_NO_GAMEPLAY
V05C000896,80:F9C8:E0M0X0,0407CE40,80,F9C8,0,0,0,E2,SEP,IMM8,2,E230,NATIVE_BODY,NATIVE_BODY,3,3,NONE,2,0,0,0,0,0,0,0,1,0,FIXED_IDLE_SEQUENCE,STATUS_PRE_IDLE,00002000,000030,80F9C8,V02C_MATRIX_PLUS_PINNED_MESEN_CPU_SOURCE_ORDER_NO_GAMEPLAY
V05C000897,80:F9CA:E0M1X1,0407CE53,80,F9CA,0,1,1,AD,LDA,ABS,3,AD5E1A,NATIVE_BODY,NATIVE_BODY,4,4,NONE,3,0,1,0,0,0,0,0,0,0,LINEAR_BUS_SEQUENCE,,00000000,001A5E,80F9CA,V02C_MATRIX_PLUS_PINNED_MESEN_CPU_SOURCE_ORDER_NO_GAMEPLAY
V05C000898,80:F9CD:E0M1X1,0407CE6B,80,F9CD,0,1,1,AA,TAX,IMP,1,AA,NATIVE_BODY,NATIVE_BODY,2,2,NONE,1,0,0,0,0,0,0,0,1,0,FIXED_IDLE_SEQUENCE,IMPLIED_PRE_IDLE,00000800,000000,80F9CD,V02C_MATRIX_PLUS_PINNED_MESEN_CPU_SOURCE_ORDER_NO_GAMEPLAY
V05C000899,80:F9CE:E0M1X1,0407CE73,80,F9CE,0,1,1,1A,INC,ACC,1,1A,NATIVE_BODY,NATIVE_BODY,2,2,NONE,1,0,0,0,0,0,0,0,1,0,FIXED_IDLE_SEQUENCE,IMPLIED_PRE_IDLE,00000800,000000,80F9CE,V02C_MATRIX_PLUS_PINNED_MESEN_CPU_SOURCE_ORDER_NO_GAMEPLAY
V05C000900,80:F9CF:E0M1X1,0407CE7B,80,F9CF,0,1,1,29,AND,IMM_M,2,293F,NATIVE_BODY,NATIVE_BODY,2,2,NONE,2,0,0,0,0,0,0,0,0,0,LINEAR_BUS_SEQUENCE,,00000000,00003F,80F9CF,V02C_MATRIX_PLUS_PINNED_MESEN_CPU_SOURCE_ORDER_NO_GAMEPLAY
V05C000901,80:F9D1:E0M1X1,0407CE8B,80,F9D1,0,1,1,CD,CMP,ABS,3,CD5C1A,NATIVE_BODY,NATIVE_BODY,4,4,NONE,3,0,1,0,0,0,0,0,0,0,LINEAR_BUS_SEQUENCE,,00000000,001A5C,80F9D1,V02C_MATRIX_PLUS_PINNED_MESEN_CPU_SOURCE_ORDER_NO_GAMEPLAY
V05C000902,80:F9D4:E0M1X1,0407CEA3,80,F9D4,0,1,1,F0,BEQ,REL8,2,F015,NATIVE_BODY,NATIVE_BODY,2,3,BRANCH_TAKEN:+1,2,0,0,0,0,0,0,0,0,1,BRANCH_SEQUENCE,DYN_BRANCH_TAKEN_POST_IDLE,00000004,000015,80F9D4,V02C_MATRIX_PLUS_PINNED_MESEN_CPU_SOURCE_ORDER_NO_GAMEPLAY
V05C000903,80:F9D6:E0M1X1,0407CEB3,80,F9D6,0,1,1,68,PLA,IMP,1,68,NATIVE_BODY,NATIVE_BODY,4,4,NONE,1,0,0,0,0,1,0,0,2,0,FIXED_IDLE_SEQUENCE,PULL_PRE_IDLE;PULL_PRE_IDLE,00000400,000000,80F9D6,V02C_MATRIX_PLUS_PINNED_MESEN_CPU_SOURCE_ORDER_NO_GAMEPLAY
V05C000904,80:F9D7:E0M1X1,0407CEBB,80,F9D7,0,1,1,9D,STA,ABS_X,3,9DA21A,NATIVE_BODY,NATIVE_BODY,5,5,NONE,3,0,0,1,0,0,0,0,1,0,INDEX_SEQUENCE,INDEX_FIXED_PRE_DATA_IDLE,00040000,001AA2,80F9D7,V02C_MATRIX_PLUS_PINNED_MESEN_CPU_SOURCE_ORDER_NO_GAMEPLAY
V05C000905,80:F9DA:E0M1X1,0407CED3,80,F9DA,0,1,1,68,PLA,IMP,1,68,NATIVE_BODY,NATIVE_BODY,4,4,NONE,1,0,0,0,0,1,0,0,2,0,FIXED_IDLE_SEQUENCE,PULL_PRE_IDLE;PULL_PRE_IDLE,00000400,000000,80F9DA,V02C_MATRIX_PLUS_PINNED_MESEN_CPU_SOURCE_ORDER_NO_GAMEPLAY
V05C000906,80:F9DB:E0M1X1,0407CEDB,80,F9DB,0,1,1,9D,STA,ABS_X,3,9D621A,NATIVE_BODY,NATIVE_BODY,5,5,NONE,3,0,0,1,0,0,0,0,1,0,INDEX_SEQUENCE,INDEX_FIXED_PRE_DATA_IDLE,00040000,001A62,80F9DB,V02C_MATRIX_PLUS_PINNED_MESEN_CPU_SOURCE_ORDER_NO_GAMEPLAY
V05C000907,80:F9DE:E0M1X1,0407CEF3,80,F9DE,0,1,1,E8,INX,IMP,1,E8,NATIVE_BODY,NATIVE_BODY,2,2,NONE,1,0,0,0,0,0,0,0,1,0,FIXED_IDLE_SEQUENCE,IMPLIED_PRE_IDLE,00000800,000000,80F9DE,V02C_MATRIX_PLUS_PINNED_MESEN_CPU_SOURCE_ORDER_NO_GAMEPLAY
V05C000908,80:F9DF:E0M1X1,0407CEFB,80,F9DF,0,1,1,8A,TXA,IMP,1,8A,NATIVE_BODY,NATIVE_BODY,2,2,NONE,1,0,0,0,0,0,0,0,1,0,FIXED_IDLE_SEQUENCE,IMPLIED_PRE_IDLE,00000800,000000,80F9DF,V02C_MATRIX_PLUS_PINNED_MESEN_CPU_SOURCE_ORDER_NO_GAMEPLAY
V05C000909,80:F9E0:E0M1X1,0407CF03,80,F9E0,0,1,1,29,AND,IMM_M,2,293F,NATIVE_BODY,NATIVE_BODY,2,2,NONE,2,0,0,0,0,0,0,0,0,0,LINEAR_BUS_SEQUENCE,,00000000,00003F,80F9E0,V02C_MATRIX_PLUS_PINNED_MESEN_CPU_SOURCE_ORDER_NO_GAMEPLAY
V05C000910,80:F9E2:E0M1X1,0407CF13,80,F9E2,0,1,1,8D,STA,ABS,3,8D5E1A,NATIVE_BODY,NATIVE_BODY,4,4,NONE,3,0,0,1,0,0,0,0,0,0,LINEAR_BUS_SEQUENCE,,00000000,001A5E,80F9E2,V02C_MATRIX_PLUS_PINNED_MESEN_CPU_SOURCE_ORDER_NO_GAMEPLAY
V05C000911,80:F9E5:E0M1X1,0407CF2B,80,F9E5,0,1,1,C2,REP,IMM8,2,C230,NATIVE_BODY,NATIVE_BODY,3,3,NONE,2,0,0,0,0,0,0,0,1,0,FIXED_IDLE_SEQUENCE,STATUS_PRE_IDLE,00002000,000030,80F9E5,V02C_MATRIX_PLUS_PINNED_MESEN_CPU_SOURCE_ORDER_NO_GAMEPLAY
V05C000912,80:F9E7:E0M0X0,0407CF38,80,F9E7,0,0,0,7A,PLY,IMP,1,7A,NATIVE_BODY,NATIVE_BODY,5,5,NONE,1,0,0,0,0,2,0,0,2,0,FIXED_IDLE_SEQUENCE,PULL_PRE_IDLE;PULL_PRE_IDLE,00000400,000000,80F9E7,V02C_MATRIX_PLUS_PINNED_MESEN_CPU_SOURCE_ORDER_NO_GAMEPLAY
V05C000913,80:F9E8:E0M0X0,0407CF40,80,F9E8,0,0,0,FA,PLX,IMP,1,FA,NATIVE_BODY,NATIVE_BODY,5,5,NONE,1,0,0,0,0,2,0,0,2,0,FIXED_IDLE_SEQUENCE,PULL_PRE_IDLE;PULL_PRE_IDLE,00000400,000000,80F9E8,V02C_MATRIX_PLUS_PINNED_MESEN_CPU_SOURCE_ORDER_NO_GAMEPLAY
V05C000914,80:F9E9:E0M0X0,0407CF48,80,F9E9,0,0,0,28,PLP,IMP,1,28,NATIVE_BODY,NATIVE_BODY,4,4,NONE,1,0,0,0,0,1,0,0,2,0,FIXED_IDLE_SEQUENCE,PULL_PRE_IDLE;PULL_PRE_IDLE,00000400,000000,80F9E9,V02C_MATRIX_PLUS_PINNED_MESEN_CPU_SOURCE_ORDER_NO_GAMEPLAY
V05C000915,80:F9EA:E0M1X1,0407CF53,80,F9EA,0,1,1,60,RTS,IMP,1,60,NATIVE_BODY,NATIVE_BODY,6,6,NONE,1,0,0,0,0,2,0,0,3,0,RETURN_SEQUENCE,RETURN_PRE_IDLE;RETURN_PRE_IDLE;RTS_POST_POP_IDLE,00000180,000000,80F9EA,V02C_MATRIX_PLUS_PINNED_MESEN_CPU_SOURCE_ORDER_NO_GAMEPLAY
V05C000916,80:F9EB:E0M1X1,0407CF5B,80,F9EB,0,1,1,C2,REP,IMM8,2,C230,NATIVE_BODY,NATIVE_BODY,3,3,NONE,2,0,0,0,0,0,0,0,1,0,FIXED_IDLE_SEQUENCE,STATUS_PRE_IDLE,00002000,000030,80F9EB,V02C_MATRIX_PLUS_PINNED_MESEN_CPU_SOURCE_ORDER_NO_GAMEPLAY
V05C000917,80:F9ED:E0M0X0,0407CF68,80,F9ED,0,0,0,68,PLA,IMP,1,68,NATIVE_BODY,NATIVE_BODY,5,5,NONE,1,0,0,0,0,2,0,0,2,0,FIXED_IDLE_SEQUENCE,PULL_PRE_IDLE;PULL_PRE_IDLE,00000400,000000,80F9ED,V02C_MATRIX_PLUS_PINNED_MESEN_CPU_SOURCE_ORDER_NO_GAMEPLAY
V05C000918,80:F9EE:E0M0X0,0407CF70,80,F9EE,0,0,0,7A,PLY,IMP,1,7A,NATIVE_BODY,NATIVE_BODY,5,5,NONE,1,0,0,0,0,2,0,0,2,0,FIXED_IDLE_SEQUENCE,PULL_PRE_IDLE;PULL_PRE_IDLE,00000400,000000,80F9EE,V02C_MATRIX_PLUS_PINNED_MESEN_CPU_SOURCE_ORDER_NO_GAMEPLAY
V05C000919,80:F9EF:E0M0X0,0407CF78,80,F9EF,0,0,0,FA,PLX,IMP,1,FA,NATIVE_BODY,NATIVE_BODY,5,5,NONE,1,0,0,0,0,2,0,0,2,0,FIXED_IDLE_SEQUENCE,PULL_PRE_IDLE;PULL_PRE_IDLE,00000400,000000,80F9EF,V02C_MATRIX_PLUS_PINNED_MESEN_CPU_SOURCE_ORDER_NO_GAMEPLAY
V05C000920,80:F9F0:E0M0X0,0407CF80,80,F9F0,0,0,0,28,PLP,IMP,1,28,NATIVE_BODY,NATIVE_BODY,4,4,NONE,1,0,0,0,0,1,0,0,2,0,FIXED_IDLE_SEQUENCE,PULL_PRE_IDLE;PULL_PRE_IDLE,00000400,000000,80F9F0,V02C_MATRIX_PLUS_PINNED_MESEN_CPU_SOURCE_ORDER_NO_GAMEPLAY
V05C000921,80:F9F1:E0M1X1,0407CF8B,80,F9F1,0,1,1,60,RTS,IMP,1,60,NATIVE_BODY,NATIVE_BODY,6,6,NONE,1,0,0,0,0,2,0,0,3,0,RETURN_SEQUENCE,RETURN_PRE_IDLE;RETURN_PRE_IDLE;RTS_POST_POP_IDLE,00000180,000000,80F9F1,V02C_MATRIX_PLUS_PINNED_MESEN_CPU_SOURCE_ORDER_NO_GAMEPLAY
V05C000922,80:F9F6:E0M0X1,0407CFB1,80,F9F6,0,0,1,08,PHP,IMP,1,08,NATIVE_BODY,NATIVE_BODY,3,3,NONE,1,0,0,0,0,0,1,0,1,0,FIXED_IDLE_SEQUENCE,PUSH_PRE_IDLE,00000200,000000,80F9F6,V02C_MATRIX_PLUS_PINNED_MESEN_CPU_SOURCE_ORDER_NO_GAMEPLAY
V05C000923,80:F9F7:E0M0X1,0407CFB9,80,F9F7,0,0,1,C2,REP,IMM8,2,C230,NATIVE_BODY,NATIVE_BODY,3,3,NONE,2,0,0,0,0,0,0,0,1,0,FIXED_IDLE_SEQUENCE,STATUS_PRE_IDLE,00002000,000030,80F9F7,V02C_MATRIX_PLUS_PINNED_MESEN_CPU_SOURCE_ORDER_NO_GAMEPLAY
V05C000924,80:F9F9:E0M0X0,0407CFC8,80,F9F9,0,0,0,DA,PHX,IMP,1,DA,NATIVE_BODY,NATIVE_BODY,4,4,NONE,1,0,0,0,0,0,2,0,1,0,FIXED_IDLE_SEQUENCE,PUSH_PRE_IDLE,00000200,000000,80F9F9,V02C_MATRIX_PLUS_PINNED_MESEN_CPU_SOURCE_ORDER_NO_GAMEPLAY
V05C000925,80:F9FA:E0M0X0,0407CFD0,80,F9FA,0,0,0,5A,PHY,IMP,1,5A,NATIVE_BODY,NATIVE_BODY,4,4,NONE,1,0,0,0,0,0,2,0,1,0,FIXED_IDLE_SEQUENCE,PUSH_PRE_IDLE,00000200,000000,80F9FA,V02C_MATRIX_PLUS_PINNED_MESEN_CPU_SOURCE_ORDER_NO_GAMEPLAY
V05C000926,80:F9FB:E0M0X0,0407CFD8,80,F9FB,0,0,0,E2,SEP,IMM8,2,E230,NATIVE_BODY,NATIVE_BODY,3,3,NONE,2,0,0,0,0,0,0,0,1,0,FIXED_IDLE_SEQUENCE,STATUS_PRE_IDLE,00002000,000030,80F9FB,V02C_MATRIX_PLUS_PINNED_MESEN_CPU_SOURCE_ORDER_NO_GAMEPLAY
V05C000927,80:F9FD:E0M1X1,0407CFEB,80,F9FD,0,1,1,AD,LDA,ABS,3,AD4221,NATIVE_BODY,NATIVE_BODY,4,4,NONE,3,0,1,0,0,0,0,0,0,0,LINEAR_BUS_SEQUENCE,,00000000,002142,80F9FD,V02C_MATRIX_PLUS_PINNED_MESEN_CPU_SOURCE_ORDER_NO_GAMEPLAY
V05C000928,80:FA00:E0M1X1,0407D003,80,FA00,0,1,1,CD,CMP,ABS,3,CD601A,NATIVE_BODY,NATIVE_BODY,4,4,NONE,3,0,1,0,0,0,0,0,0,0,LINEAR_BUS_SEQUENCE,,00000000,001A60,80FA00,V02C_MATRIX_PLUS_PINNED_MESEN_CPU_SOURCE_ORDER_NO_GAMEPLAY
V05C000929,80:FA03:E0M1X1,0407D01B,80,FA03,0,1,1,D0,BNE,REL8,2,D02C,NATIVE_BODY,NATIVE_BODY,2,3,BRANCH_TAKEN:+1,2,0,0,0,0,0,0,0,0,1,BRANCH_SEQUENCE,DYN_BRANCH_TAKEN_POST_IDLE,00000004,00002C,80FA03,V02C_MATRIX_PLUS_PINNED_MESEN_CPU_SOURCE_ORDER_NO_GAMEPLAY
V05C000930,80:FA05:E0M1X1,0407D02B,80,FA05,0,1,1,EB,XBA,IMP,1,EB,NATIVE_BODY,NATIVE_BODY,3,3,NONE,1,0,0,0,0,0,0,0,2,0,FIXED_IDLE_SEQUENCE,IMPLIED_PRE_IDLE;XBA_EXTRA_IDLE,00001800,000000,80FA05,V02C_MATRIX_PLUS_PINNED_MESEN_CPU_SOURCE_ORDER_NO_GAMEPLAY
V05C000931,80:FA06:E0M1X1,0407D033,80,FA06,0,1,1,AD,LDA,ABS,3,AD5C1A,NATIVE_BODY,NATIVE_BODY,4,4,NONE,3,0,1,0,0,0,0,0,0,0,LINEAR_BUS_SEQUENCE,,00000000,001A5C,80FA06,V02C_MATRIX_PLUS_PINNED_MESEN_CPU_SOURCE_ORDER_NO_GAMEPLAY
V05C000932,80:FA09:E0M1X1,0407D04B,80,FA09,0,1,1,CD,CMP,ABS,3,CD5E1A,NATIVE_BODY,NATIVE_BODY,4,4,NONE,3,0,1,0,0,0,0,0,0,0,LINEAR_BUS_SEQUENCE,,00000000,001A5E,80FA09,V02C_MATRIX_PLUS_PINNED_MESEN_CPU_SOURCE_ORDER_NO_GAMEPLAY
V05C000933,80:FA0C:E0M1X1,0407D063,80,FA0C,0,1,1,F0,BEQ,REL8,2,F023,NATIVE_BODY,NATIVE_BODY,2,3,BRANCH_TAKEN:+1,2,0,0,0,0,0,0,0,0,1,BRANCH_SEQUENCE,DYN_BRANCH_TAKEN_POST_IDLE,00000004,000023,80FA0C,V02C_MATRIX_PLUS_PINNED_MESEN_CPU_SOURCE_ORDER_NO_GAMEPLAY
V05C000934,80:FA0E:E0M1X1,0407D073,80,FA0E,0,1,1,AA,TAX,IMP,1,AA,NATIVE_BODY,NATIVE_BODY,2,2,NONE,1,0,0,0,0,0,0,0,1,0,FIXED_IDLE_SEQUENCE,IMPLIED_PRE_IDLE,00000800,000000,80FA0E,V02C_MATRIX_PLUS_PINNED_MESEN_CPU_SOURCE_ORDER_NO_GAMEPLAY
V05C000935,80:FA0F:E0M1X1,0407D07B,80,FA0F,0,1,1,BD,LDA,ABS_X,3,BD621A,NATIVE_BODY,NATIVE_BODY,4,5,INDEX_PAGE_CROSS:+1,3,0,1,0,0,0,0,0,0,1,INDEX_SEQUENCE,DYN_INDEX_PRE_DATA_IDLE,00000002,001A62,80FA0F,V02C_MATRIX_PLUS_PINNED_MESEN_CPU_SOURCE_ORDER_NO_GAMEPLAY
V05C000936,80:FA12:E0M1X1,0407D093,80,FA12,0,1,1,48,PHA,IMP,1,48,NATIVE_BODY,NATIVE_BODY,3,3,NONE,1,0,0,0,0,0,1,0,1,0,FIXED_IDLE_SEQUENCE,PUSH_PRE_IDLE,00000200,000000,80FA12,V02C_MATRIX_PLUS_PINNED_MESEN_CPU_SOURCE_ORDER_NO_GAMEPLAY
V05C000937,80:FA13:E0M1X1,0407D09B,80,FA13,0,1,1,EB,XBA,IMP,1,EB,NATIVE_BODY,NATIVE_BODY,3,3,NONE,1,0,0,0,0,0,0,0,2,0,FIXED_IDLE_SEQUENCE,IMPLIED_PRE_IDLE;XBA_EXTRA_IDLE,00001800,000000,80FA13,V02C_MATRIX_PLUS_PINNED_MESEN_CPU_SOURCE_ORDER_NO_GAMEPLAY
V05C000938,80:FA14:E0M1X1,0407D0A3,80,FA14,0,1,1,49,EOR,IMM_M,2,49C0,NATIVE_BODY,NATIVE_BODY,2,2,NONE,2,0,0,0,0,0,0,0,0,0,LINEAR_BUS_SEQUENCE,,00000000,0000C0,80FA14,V02C_MATRIX_PLUS_PINNED_MESEN_CPU_SOURCE_ORDER_NO_GAMEPLAY
V05C000939,80:FA16:E0M1X1,0407D0B3,80,FA16,0,1,1,8D,STA,ABS,3,8D601A,NATIVE_BODY,NATIVE_BODY,4,4,NONE,3,0,0,1,0,0,0,0,0,0,LINEAR_BUS_SEQUENCE,,00000000,001A60,80FA16,V02C_MATRIX_PLUS_PINNED_MESEN_CPU_SOURCE_ORDER_NO_GAMEPLAY
V05C000940,80:FA19:E0M1X1,0407D0CB,80,FA19,0,1,1,1D,ORA,ABS_X,3,1DA21A,NATIVE_BODY,NATIVE_BODY,4,5,INDEX_PAGE_CROSS:+1,3,0,1,0,0,0,0,0,0,1,INDEX_SEQUENCE,DYN_INDEX_PRE_DATA_IDLE,00000002,001AA2,80FA19,V02C_MATRIX_PLUS_PINNED_MESEN_CPU_SOURCE_ORDER_NO_GAMEPLAY
V05C000941,80:FA1C:E0M1X1,0407D0E3,80,FA1C,0,1,1,48,PHA,IMP,1,48,NATIVE_BODY,NATIVE_BODY,3,3,NONE,1,0,0,0,0,0,1,0,1,0,FIXED_IDLE_SEQUENCE,PUSH_PRE_IDLE,00000200,000000,80FA1C,V02C_MATRIX_PLUS_PINNED_MESEN_CPU_SOURCE_ORDER_NO_GAMEPLAY
V05C000942,80:FA1D:E0M1X1,0407D0EB,80,FA1D,0,1,1,8A,TXA,IMP,1,8A,NATIVE_BODY,NATIVE_BODY,2,2,NONE,1,0,0,0,0,0,0,0,1,0,FIXED_IDLE_SEQUENCE,IMPLIED_PRE_IDLE,00000800,000000,80FA1D,V02C_MATRIX_PLUS_PINNED_MESEN_CPU_SOURCE_ORDER_NO_GAMEPLAY
V05C000943,80:FA1E:E0M1X1,0407D0F3,80,FA1E,0,1,1,1A,INC,ACC,1,1A,NATIVE_BODY,NATIVE_BODY,2,2,NONE,1,0,0,0,0,0,0,0,1,0,FIXED_IDLE_SEQUENCE,IMPLIED_PRE_IDLE,00000800,000000,80FA1E,V02C_MATRIX_PLUS_PINNED_MESEN_CPU_SOURCE_ORDER_NO_GAMEPLAY
V05C000944,80:FA1F:E0M1X1,0407D0FB,80,FA1F,0,1,1,29,AND,IMM_M,2,293F,NATIVE_BODY,NATIVE_BODY,2,2,NONE,2,0,0,0,0,0,0,0,0,0,LINEAR_BUS_SEQUENCE,,00000000,00003F,80FA1F,V02C_MATRIX_PLUS_PINNED_MESEN_CPU_SOURCE_ORDER_NO_GAMEPLAY
V05C000945,80:FA21:E0M1X1,0407D10B,80,FA21,0,1,1,8D,STA,ABS,3,8D5C1A,NATIVE_BODY,NATIVE_BODY,4,4,NONE,3,0,0,1,0,0,0,0,0,0,LINEAR_BUS_SEQUENCE,,00000000,001A5C,80FA21,V02C_MATRIX_PLUS_PINNED_MESEN_CPU_SOURCE_ORDER_NO_GAMEPLAY
V05C000946,80:FA24:E0M1X1,0407D123,80,FA24,0,1,1,C2,REP,IMM8,2,C220,NATIVE_BODY,NATIVE_BODY,3,3,NONE,2,0,0,0,0,0,0,0,1,0,FIXED_IDLE_SEQUENCE,STATUS_PRE_IDLE,00002000,000020,80FA24,V02C_MATRIX_PLUS_PINNED_MESEN_CPU_SOURCE_ORDER_NO_GAMEPLAY
V05C000947,80:FA26:E0M0X1,0407D131,80,FA26,0,0,1,68,PLA,IMP,1,68,NATIVE_BODY,NATIVE_BODY,5,5,NONE,1,0,0,0,0,2,0,0,2,0,FIXED_IDLE_SEQUENCE,PULL_PRE_IDLE;PULL_PRE_IDLE,00000400,000000,80FA26,V02C_MATRIX_PLUS_PINNED_MESEN_CPU_SOURCE_ORDER_NO_GAMEPLAY
V05C000948,80:FA27:E0M0X1,0407D139,80,FA27,0,0,1,8D,STA,ABS,3,8D4221,NATIVE_BODY,NATIVE_BODY,5,5,NONE,3,0,0,2,0,0,0,0,0,0,LINEAR_BUS_SEQUENCE,,00000000,002142,80FA27,V02C_MATRIX_PLUS_PINNED_MESEN_CPU_SOURCE_ORDER_NO_GAMEPLAY
V05C000949,80:FA2A:E0M0X1,0407D151,80,FA2A,0,0,1,C2,REP,IMM8,2,C230,NATIVE_BODY,NATIVE_BODY,3,3,NONE,2,0,0,0,0,0,0,0,1,0,FIXED_IDLE_SEQUENCE,STATUS_PRE_IDLE,00002000,000030,80FA2A,V02C_MATRIX_PLUS_PINNED_MESEN_CPU_SOURCE_ORDER_NO_GAMEPLAY
V05C000950,80:FA2C:E0M0X0,0407D160,80,FA2C,0,0,0,7A,PLY,IMP,1,7A,NATIVE_BODY,NATIVE_BODY,5,5,NONE,1,0,0,0,0,2,0,0,2,0,FIXED_IDLE_SEQUENCE,PULL_PRE_IDLE;PULL_PRE_IDLE,00000400,000000,80FA2C,V02C_MATRIX_PLUS_PINNED_MESEN_CPU_SOURCE_ORDER_NO_GAMEPLAY
V05C000951,80:FA2D:E0M0X0,0407D168,80,FA2D,0,0,0,FA,PLX,IMP,1,FA,NATIVE_BODY,NATIVE_BODY,5,5,NONE,1,0,0,0,0,2,0,0,2,0,FIXED_IDLE_SEQUENCE,PULL_PRE_IDLE;PULL_PRE_IDLE,00000400,000000,80FA2D,V02C_MATRIX_PLUS_PINNED_MESEN_CPU_SOURCE_ORDER_NO_GAMEPLAY
V05C000952,80:FA2E:E0M0X0,0407D170,80,FA2E,0,0,0,28,PLP,IMP,1,28,NATIVE_BODY,NATIVE_BODY,4,4,NONE,1,0,0,0,0,1,0,0,2,0,FIXED_IDLE_SEQUENCE,PULL_PRE_IDLE;PULL_PRE_IDLE,00000400,000000,80FA2E,V02C_MATRIX_PLUS_PINNED_MESEN_CPU_SOURCE_ORDER_NO_GAMEPLAY
V05C000953,80:FA2F:E0M0X1,0407D179,80,FA2F,0,0,1,18,CLC,IMP,1,18,NATIVE_BODY,NATIVE_BODY,2,2,NONE,1,0,0,0,0,0,0,0,1,0,FIXED_IDLE_SEQUENCE,IMPLIED_PRE_IDLE,00000800,000000,80FA2F,V02C_MATRIX_PLUS_PINNED_MESEN_CPU_SOURCE_ORDER_NO_GAMEPLAY
V05C000954,80:FA30:E0M0X1,0407D181,80,FA30,0,0,1,60,RTS,IMP,1,60,NATIVE_BODY,NATIVE_BODY,6,6,NONE,1,0,0,0,0,2,0,0,3,0,RETURN_SEQUENCE,RETURN_PRE_IDLE;RETURN_PRE_IDLE;RTS_POST_POP_IDLE,00000180,000000,80FA30,V02C_MATRIX_PLUS_PINNED_MESEN_CPU_SOURCE_ORDER_NO_GAMEPLAY
V05C000955,80:FA31:E0M1X1,0407D18B,80,FA31,0,1,1,C2,REP,IMM8,2,C230,NATIVE_BODY,NATIVE_BODY,3,3,NONE,2,0,0,0,0,0,0,0,1,0,FIXED_IDLE_SEQUENCE,STATUS_PRE_IDLE,00002000,000030,80FA31,V02C_MATRIX_PLUS_PINNED_MESEN_CPU_SOURCE_ORDER_NO_GAMEPLAY
V05C000956,80:FA33:E0M0X0,0407D198,80,FA33,0,0,0,7A,PLY,IMP,1,7A,NATIVE_BODY,NATIVE_BODY,5,5,NONE,1,0,0,0,0,2,0,0,2,0,FIXED_IDLE_SEQUENCE,PULL_PRE_IDLE;PULL_PRE_IDLE,00000400,000000,80FA33,V02C_MATRIX_PLUS_PINNED_MESEN_CPU_SOURCE_ORDER_NO_GAMEPLAY
V05C000957,80:FA34:E0M0X0,0407D1A0,80,FA34,0,0,0,FA,PLX,IMP,1,FA,NATIVE_BODY,NATIVE_BODY,5,5,NONE,1,0,0,0,0,2,0,0,2,0,FIXED_IDLE_SEQUENCE,PULL_PRE_IDLE;PULL_PRE_IDLE,00000400,000000,80FA34,V02C_MATRIX_PLUS_PINNED_MESEN_CPU_SOURCE_ORDER_NO_GAMEPLAY
V05C000958,80:FA35:E0M0X0,0407D1A8,80,FA35,0,0,0,28,PLP,IMP,1,28,NATIVE_BODY,NATIVE_BODY,4,4,NONE,1,0,0,0,0,1,0,0,2,0,FIXED_IDLE_SEQUENCE,PULL_PRE_IDLE;PULL_PRE_IDLE,00000400,000000,80FA35,V02C_MATRIX_PLUS_PINNED_MESEN_CPU_SOURCE_ORDER_NO_GAMEPLAY
V05C000959,80:FA36:E0M0X1,0407D1B1,80,FA36,0,0,1,38,SEC,IMP,1,38,NATIVE_BODY,NATIVE_BODY,2,2,NONE,1,0,0,0,0,0,0,0,1,0,FIXED_IDLE_SEQUENCE,IMPLIED_PRE_IDLE,00000800,000000,80FA36,V02C_MATRIX_PLUS_PINNED_MESEN_CPU_SOURCE_ORDER_NO_GAMEPLAY
V05C000960,80:FA37:E0M0X1,0407D1B9,80,FA37,0,0,1,60,RTS,IMP,1,60,NATIVE_BODY,NATIVE_BODY,6,6,NONE,1,0,0,0,0,2,0,0,3,0,RETURN_SEQUENCE,RETURN_PRE_IDLE;RETURN_PRE_IDLE;RTS_POST_POP_IDLE,00000180,000000,80FA37,V02C_MATRIX_PLUS_PINNED_MESEN_CPU_SOURCE_ORDER_NO_GAMEPLAY
V05C000961,80:FA38:E0M1X1,0407D1C3,80,FA38,0,1,1,08,PHP,IMP,1,08,NATIVE_BODY,NATIVE_BODY,3,3,NONE,1,0,0,0,0,0,1,0,1,0,FIXED_IDLE_SEQUENCE,PUSH_PRE_IDLE,00000200,000000,80FA38,V02C_MATRIX_PLUS_PINNED_MESEN_CPU_SOURCE_ORDER_NO_GAMEPLAY
V05C000962,80:FA39:E0M1X1,0407D1CB,80,FA39,0,1,1,C2,REP,IMM8,2,C230,NATIVE_BODY,NATIVE_BODY,3,3,NONE,2,0,0,0,0,0,0,0,1,0,FIXED_IDLE_SEQUENCE,STATUS_PRE_IDLE,00002000,000030,80FA39,V02C_MATRIX_PLUS_PINNED_MESEN_CPU_SOURCE_ORDER_NO_GAMEPLAY
V05C000963,80:FA3B:E0M0X0,0407D1D8,80,FA3B,0,0,0,48,PHA,IMP,1,48,NATIVE_BODY,NATIVE_BODY,4,4,NONE,1,0,0,0,0,0,2,0,1,0,FIXED_IDLE_SEQUENCE,PUSH_PRE_IDLE,00000200,000000,80FA3B,V02C_MATRIX_PLUS_PINNED_MESEN_CPU_SOURCE_ORDER_NO_GAMEPLAY
V05C000964,80:FA3C:E0M0X0,0407D1E0,80,FA3C,0,0,0,DA,PHX,IMP,1,DA,NATIVE_BODY,NATIVE_BODY,4,4,NONE,1,0,0,0,0,0,2,0,1,0,FIXED_IDLE_SEQUENCE,PUSH_PRE_IDLE,00000200,000000,80FA3C,V02C_MATRIX_PLUS_PINNED_MESEN_CPU_SOURCE_ORDER_NO_GAMEPLAY
V05C000965,80:FA3D:E0M0X0,0407D1E8,80,FA3D,0,0,0,5A,PHY,IMP,1,5A,NATIVE_BODY,NATIVE_BODY,4,4,NONE,1,0,0,0,0,0,2,0,1,0,FIXED_IDLE_SEQUENCE,PUSH_PRE_IDLE,00000200,000000,80FA3D,V02C_MATRIX_PLUS_PINNED_MESEN_CPU_SOURCE_ORDER_NO_GAMEPLAY
V05C000966,80:FA3E:E0M0X0,0407D1F0,80,FA3E,0,0,0,E2,SEP,IMM8,2,E220,NATIVE_BODY,NATIVE_BODY,3,3,NONE,2,0,0,0,0,0,0,0,1,0,FIXED_IDLE_SEQUENCE,STATUS_PRE_IDLE,00002000,000020,80FA3E,V02C_MATRIX_PLUS_PINNED_MESEN_CPU_SOURCE_ORDER_NO_GAMEPLAY
V05C000967,80:FA40:E0M1X0,0407D202,80,FA40,0,1,0,A9,LDA,IMM_M,2,A9FF,NATIVE_BODY,NATIVE_BODY,2,2,NONE,2,0,0,0,0,0,0,0,0,0,LINEAR_BUS_SEQUENCE,,00000000,0000FF,80FA40,V02C_MATRIX_PLUS_PINNED_MESEN_CPU_SOURCE_ORDER_NO_GAMEPLAY
V05C000968,80:FA42:E0M1X0,0407D212,80,FA42,0,1,0,8D,STA,ABS,3,8D4021,NATIVE_BODY,NATIVE_BODY,4,4,NONE,3,0,0,1,0,0,0,0,0,0,LINEAR_BUS_SEQUENCE,,00000000,002140,80FA42,V02C_MATRIX_PLUS_PINNED_MESEN_CPU_SOURCE_ORDER_NO_GAMEPLAY
V05C000969,80:FA45:E0M1X0,0407D22A,80,FA45,0,1,0,20,JSR,ABS_JUMP,3,20EAFA,NATIVE_BODY,NATIVE_BODY,6,6,NONE,3,0,0,0,0,0,2,0,1,0,FIXED_IDLE_SEQUENCE,JSR_PRE_STACK_IDLE,00000020,00FAEA,80FA45,V02C_MATRIX_PLUS_PINNED_MESEN_CPU_SOURCE_ORDER_NO_GAMEPLAY
V05C000970,80:FA48:E0M1X0,0407D242,80,FA48,0,1,0,C2,REP,IMM8,2,C230,NATIVE_BODY,NATIVE_BODY,3,3,NONE,2,0,0,0,0,0,0,0,1,0,FIXED_IDLE_SEQUENCE,STATUS_PRE_IDLE,00002000,000030,80FA48,V02C_MATRIX_PLUS_PINNED_MESEN_CPU_SOURCE_ORDER_NO_GAMEPLAY
V05C000971,80:FA4A:E0M0X0,0407D250,80,FA4A,0,0,0,A9,LDA,IMM_M,3,A9AABB,NATIVE_BODY,NATIVE_BODY,3,3,NONE,3,0,0,0,0,0,0,0,0,0,LINEAR_BUS_SEQUENCE,,00000000,00BBAA,80FA4A,V02C_MATRIX_PLUS_PINNED_MESEN_CPU_SOURCE_ORDER_NO_GAMEPLAY
V05C000972,80:FA4D:E0M0X0,0407D268,80,FA4D,0,0,0,CD,CMP,ABS,3,CD4021,NATIVE_BODY,NATIVE_BODY,5,5,NONE,3,0,2,0,0,0,0,0,0,0,LINEAR_BUS_SEQUENCE,,00000000,002140,80FA4D,V02C_MATRIX_PLUS_PINNED_MESEN_CPU_SOURCE_ORDER_NO_GAMEPLAY
V05C000973,80:FA50:E0M0X0,0407D280,80,FA50,0,0,0,D0,BNE,REL8,2,D0FB,NATIVE_BODY,NATIVE_BODY,2,3,BRANCH_TAKEN:+1,2,0,0,0,0,0,0,0,0,1,BRANCH_SEQUENCE,DYN_BRANCH_TAKEN_POST_IDLE,00000004,0000FB,80FA50,V02C_MATRIX_PLUS_PINNED_MESEN_CPU_SOURCE_ORDER_NO_GAMEPLAY
V05C000974,80:FA52:E0M0X0,0407D290,80,FA52,0,0,0,A7,LDA,DP_IND_LONG,2,A791,NATIVE_BODY,NATIVE_BODY,7,8,DIRECT_LOW_NONZERO:+1,2,3,2,0,0,0,0,0,0,1,DIRECT_SEQUENCE,DYN_DIRECT_LOW_PRE_IDLE,00000001,000091,80FA52,V02C_MATRIX_PLUS_PINNED_MESEN_CPU_SOURCE_ORDER_NO_GAMEPLAY
V05C000975,80:FA54:E0M0X0,0407D2A0,80,FA54,0,0,0,AA,TAX,IMP,1,AA,NATIVE_BODY,NATIVE_BODY,2,2,NONE,1,0,0,0,0,0,0,0,1,0,FIXED_IDLE_SEQUENCE,IMPLIED_PRE_IDLE,00000800,000000,80FA54,V02C_MATRIX_PLUS_PINNED_MESEN_CPU_SOURCE_ORDER_NO_GAMEPLAY
V05C000976,80:FA55:E0M0X0,0407D2A8,80,FA55,0,0,0,20,JSR,ABS_JUMP,3,201DFB,NATIVE_BODY,NATIVE_BODY,6,6,NONE,3,0,0,0,0,0,2,0,1,0,FIXED_IDLE_SEQUENCE,JSR_PRE_STACK_IDLE,00000020,00FB1D,80FA55,V02C_MATRIX_PLUS_PINNED_MESEN_CPU_SOURCE_ORDER_NO_GAMEPLAY
V05C000977,80:FA58:E0M0X0,0407D2C0,80,FA58,0,0,0,20,JSR,ABS_JUMP,3,201DFB,NATIVE_BODY,NATIVE_BODY,6,6,NONE,3,0,0,0,0,0,2,0,1,0,FIXED_IDLE_SEQUENCE,JSR_PRE_STACK_IDLE,00000020,00FB1D,80FA58,V02C_MATRIX_PLUS_PINNED_MESEN_CPU_SOURCE_ORDER_NO_GAMEPLAY
V05C000978,80:FA5B:E0M0X0,0407D2D8,80,FA5B,0,0,0,E2,SEP,IMM8,2,E220,NATIVE_BODY,NATIVE_BODY,3,3,NONE,2,0,0,0,0,0,0,0,1,0,FIXED_IDLE_SEQUENCE,STATUS_PRE_IDLE,00002000,000020,80FA5B,V02C_MATRIX_PLUS_PINNED_MESEN_CPU_SOURCE_ORDER_NO_GAMEPLAY
V05C000979,80:FA5D:E0M1X0,0407D2EA,80,FA5D,0,1,0,64,STZ,DP,2,6490,NATIVE_BODY,NATIVE_BODY,3,4,DIRECT_LOW_NONZERO:+1,2,0,0,1,0,0,0,0,0,1,DIRECT_SEQUENCE,DYN_DIRECT_LOW_PRE_IDLE,00000001,000090,80FA5D,V02C_MATRIX_PLUS_PINNED_MESEN_CPU_SOURCE_ORDER_NO_GAMEPLAY
V05C000980,80:FA5F:E0M1X0,0407D2FA,80,FA5F,0,1,0,A7,LDA,DP_IND_LONG,2,A791,NATIVE_BODY,NATIVE_BODY,6,7,DIRECT_LOW_NONZERO:+1,2,3,1,0,0,0,0,0,0,1,DIRECT_SEQUENCE,DYN_DIRECT_LOW_PRE_IDLE,00000001,000091,80FA5F,V02C_MATRIX_PLUS_PINNED_MESEN_CPU_SOURCE_ORDER_NO_GAMEPLAY
V05C000981,80:FA61:E0M1X0,0407D30A,80,FA61,0,1,0,8D,STA,ABS,3,8D4221,NATIVE_BODY,NATIVE_BODY,4,4,NONE,3,0,0,1,0,0,0,0,0,0,LINEAR_BUS_SEQUENCE,,00000000,002142,80FA61,V02C_MATRIX_PLUS_PINNED_MESEN_CPU_SOURCE_ORDER_NO_GAMEPLAY
V05C000982,80:FA64:E0M1X0,0407D322,80,FA64,0,1,0,20,JSR,ABS_JUMP,3,201DFB,NATIVE_BODY,NATIVE_BODY,6,6,NONE,3,0,0,0,0,0,2,0,1,0,FIXED_IDLE_SEQUENCE,JSR_PRE_STACK_IDLE,00000020,00FB1D,80FA64,V02C_MATRIX_PLUS_PINNED_MESEN_CPU_SOURCE_ORDER_NO_GAMEPLAY
V05C000983,80:FA67:E0M1X0,0407D33A,80,FA67,0,1,0,A7,LDA,DP_IND_LONG,2,A791,NATIVE_BODY,NATIVE_BODY,6,7,DIRECT_LOW_NONZERO:+1,2,3,1,0,0,0,0,0,0,1,DIRECT_SEQUENCE,DYN_DIRECT_LOW_PRE_IDLE,00000001,000091,80FA67,V02C_MATRIX_PLUS_PINNED_MESEN_CPU_SOURCE_ORDER_NO_GAMEPLAY
V05C000984,80:FA69:E0M1X0,0407D34A,80,FA69,0,1,0,8D,STA,ABS,3,8D4321,NATIVE_BODY,NATIVE_BODY,4,4,NONE,3,0,0,1,0,0,0,0,0,0,LINEAR_BUS_SEQUENCE,,00000000,002143,80FA69,V02C_MATRIX_PLUS_PINNED_MESEN_CPU_SOURCE_ORDER_NO_GAMEPLAY
V05C000985,80:FA6C:E0M1X0,0407D362,80,FA6C,0,1,0,20,JSR,ABS_JUMP,3,201DFB,NATIVE_BODY,NATIVE_BODY,6,6,NONE,3,0,0,0,0,0,2,0,1,0,FIXED_IDLE_SEQUENCE,JSR_PRE_STACK_IDLE,00000020,00FB1D,80FA6C,V02C_MATRIX_PLUS_PINNED_MESEN_CPU_SOURCE_ORDER_NO_GAMEPLAY
V05C000986,80:FA6F:E0M1X0,0407D37A,80,FA6F,0,1,0,C2,REP,IMM8,2,C220,NATIVE_BODY,NATIVE_BODY,3,3,NONE,2,0,0,0,0,0,0,0,1,0,FIXED_IDLE_SEQUENCE,STATUS_PRE_IDLE,00002000,000020,80FA6F,V02C_MATRIX_PLUS_PINNED_MESEN_CPU_SOURCE_ORDER_NO_GAMEPLAY
V05C000987,80:FA71:E0M0X0,0407D388,80,FA71,0,0,0,A7,LDA,DP_IND_LONG,2,A791,NATIVE_BODY,NATIVE_BODY,7,8,DIRECT_LOW_NONZERO:+1,2,3,2,0,0,0,0,0,0,1,DIRECT_SEQUENCE,DYN_DIRECT_LOW_PRE_IDLE,00000001,000091,80FA71,V02C_MATRIX_PLUS_PINNED_MESEN_CPU_SOURCE_ORDER_NO_GAMEPLAY
V05C000988,80:FA73:E0M0X0,0407D398,80,FA73,0,0,0,48,PHA,IMP,1,48,NATIVE_BODY,NATIVE_BODY,4,4,NONE,1,0,0,0,0,0,2,0,1,0,FIXED_IDLE_SEQUENCE,PUSH_PRE_IDLE,00000200,000000,80FA73,V02C_MATRIX_PLUS_PINNED_MESEN_CPU_SOURCE_ORDER_NO_GAMEPLAY
V05C000989,80:FA74:E0M0X0,0407D3A0,80,FA74,0,0,0,E2,SEP,IMM8,2,E220,NATIVE_BODY,NATIVE_BODY,3,3,NONE,2,0,0,0,0,0,0,0,1,0,FIXED_IDLE_SEQUENCE,STATUS_PRE_IDLE,00002000,000020,80FA74,V02C_MATRIX_PLUS_PINNED_MESEN_CPU_SOURCE_ORDER_NO_GAMEPLAY
V05C000990,80:FA76:E0M1X0,0407D3B2,80,FA76,0,1,0,20,JSR,ABS_JUMP,3,201DFB,NATIVE_BODY,NATIVE_BODY,6,6,NONE,3,0,0,0,0,0,2,0,1,0,FIXED_IDLE_SEQUENCE,JSR_PRE_STACK_IDLE,00000020,00FB1D,80FA76,V02C_MATRIX_PLUS_PINNED_MESEN_CPU_SOURCE_ORDER_NO_GAMEPLAY
V05C000991,80:FA79:E0M1X0,0407D3CA,80,FA79,0,1,0,A9,LDA,IMM_M,2,A901,NATIVE_BODY,NATIVE_BODY,2,2,NONE,2,0,0,0,0,0,0,0,0,0,LINEAR_BUS_SEQUENCE,,00000000,000001,80FA79,V02C_MATRIX_PLUS_PINNED_MESEN_CPU_SOURCE_ORDER_NO_GAMEPLAY
V05C000992,80:FA7B:E0M1X0,0407D3DA,80,FA7B,0,1,0,8D,STA,ABS,3,8D4121,NATIVE_BODY,NATIVE_BODY,4,4,NONE,3,0,0,1,0,0,0,0,0,0,LINEAR_BUS_SEQUENCE,,00000000,002141,80FA7B,V02C_MATRIX_PLUS_PINNED_MESEN_CPU_SOURCE_ORDER_NO_GAMEPLAY
V05C000993,80:FA7E:E0M1X0,0407D3F2,80,FA7E,0,1,0,A9,LDA,IMM_M,2,A9CC,NATIVE_BODY,NATIVE_BODY,2,2,NONE,2,0,0,0,0,0,0,0,0,0,LINEAR_BUS_SEQUENCE,,00000000,0000CC,80FA7E,V02C_MATRIX_PLUS_PINNED_MESEN_CPU_SOURCE_ORDER_NO_GAMEPLAY
V05C000994,80:FA80:E0M1X0,0407D402,80,FA80,0,1,0,8D,STA,ABS,3,8D4021,NATIVE_BODY,NATIVE_BODY,4,4,NONE,3,0,0,1,0,0,0,0,0,0,LINEAR_BUS_SEQUENCE,,00000000,002140,80FA80,V02C_MATRIX_PLUS_PINNED_MESEN_CPU_SOURCE_ORDER_NO_GAMEPLAY
V05C000995,80:FA83:E0M1X0,0407D41A,80,FA83,0,1,0,CD,CMP,ABS,3,CD4021,NATIVE_BODY,NATIVE_BODY,4,4,NONE,3,0,1,0,0,0,0,0,0,0,LINEAR_BUS_SEQUENCE,,00000000,002140,80FA83,V02C_MATRIX_PLUS_PINNED_MESEN_CPU_SOURCE_ORDER_NO_GAMEPLAY
V05C000996,80:FA86:E0M1X0,0407D432,80,FA86,0,1,0,D0,BNE,REL8,2,D0F6,NATIVE_BODY,NATIVE_BODY,2,3,BRANCH_TAKEN:+1,2,0,0,0,0,0,0,0,0,1,BRANCH_SEQUENCE,DYN_BRANCH_TAKEN_POST_IDLE,00000004,0000F6,80FA86,V02C_MATRIX_PLUS_PINNED_MESEN_CPU_SOURCE_ORDER_NO_GAMEPLAY
V05C000997,80:FA88:E0M1X0,0407D442,80,FA88,0,1,0,20,JSR,ABS_JUMP,3,201DFB,NATIVE_BODY,NATIVE_BODY,6,6,NONE,3,0,0,0,0,0,2,0,1,0,FIXED_IDLE_SEQUENCE,JSR_PRE_STACK_IDLE,00000020,00FB1D,80FA88,V02C_MATRIX_PLUS_PINNED_MESEN_CPU_SOURCE_ORDER_NO_GAMEPLAY
V05C000998,80:FA8B:E0M1X0,0407D45A,80,FA8B,0,1,0,A7,LDA,DP_IND_LONG,2,A791,NATIVE_BODY,NATIVE_BODY,6,7,DIRECT_LOW_NONZERO:+1,2,3,1,0,0,0,0,0,0,1,DIRECT_SEQUENCE,DYN_DIRECT_LOW_PRE_IDLE,00000001,000091,80FA8B,V02C_MATRIX_PLUS_PINNED_MESEN_CPU_SOURCE_ORDER_NO_GAMEPLAY
V05C000999,80:FA8D:E0M1X0,0407D46A,80,FA8D,0,1,0,8D,STA,ABS,3,8D4121,NATIVE_BODY,NATIVE_BODY,4,4,NONE,3,0,0,1,0,0,0,0,0,0,LINEAR_BUS_SEQUENCE,,00000000,002141,80FA8D,V02C_MATRIX_PLUS_PINNED_MESEN_CPU_SOURCE_ORDER_NO_GAMEPLAY
V05C001000,80:FA90:E0M1X0,0407D482,80,FA90,0,1,0,A5,LDA,DP,2,A590,NATIVE_BODY,NATIVE_BODY,3,4,DIRECT_LOW_NONZERO:+1,2,0,1,0,0,0,0,0,0,1,DIRECT_SEQUENCE,DYN_DIRECT_LOW_PRE_IDLE,00000001,000090,80FA90,V02C_MATRIX_PLUS_PINNED_MESEN_CPU_SOURCE_ORDER_NO_GAMEPLAY
V05C001001,80:FA92:E0M1X0,0407D492,80,FA92,0,1,0,8D,STA,ABS,3,8D4021,NATIVE_BODY,NATIVE_BODY,4,4,NONE,3,0,0,1,0,0,0,0,0,0,LINEAR_BUS_SEQUENCE,,00000000,002140,80FA92,V02C_MATRIX_PLUS_PINNED_MESEN_CPU_SOURCE_ORDER_NO_GAMEPLAY
V05C001002,80:FA95:E0M1X0,0407D4AA,80,FA95,0,1,0,CD,CMP,ABS,3,CD4021,NATIVE_BODY,NATIVE_BODY,4,4,NONE,3,0,1,0,0,0,0,0,0,0,LINEAR_BUS_SEQUENCE,,00000000,002140,80FA95,V02C_MATRIX_PLUS_PINNED_MESEN_CPU_SOURCE_ORDER_NO_GAMEPLAY
V05C001003,80:FA98:E0M1X0,0407D4C2,80,FA98,0,1,0,D0,BNE,REL8,2,D0FB,NATIVE_BODY,NATIVE_BODY,2,3,BRANCH_TAKEN:+1,2,0,0,0,0,0,0,0,0,1,BRANCH_SEQUENCE,DYN_BRANCH_TAKEN_POST_IDLE,00000004,0000FB,80FA98,V02C_MATRIX_PLUS_PINNED_MESEN_CPU_SOURCE_ORDER_NO_GAMEPLAY
V05C001004,80:FA9A:E0M1X0,0407D4D2,80,FA9A,0,1,0,E6,INC,DP,2,E690,NATIVE_BODY,NATIVE_BODY,5,6,DIRECT_LOW_NONZERO:+1,2,0,1,1,0,0,0,0,1,1,RMW_SEQUENCE,RMW_INTERMEDIATE_IDLE;DYN_DIRECT_LOW_PRE_IDLE,00010001,000090,80FA9A,V02C_MATRIX_PLUS_PINNED_MESEN_CPU_SOURCE_ORDER_NO_GAMEPLAY
V05C001005,80:FA9C:E0M1X0,0407D4E2,80,FA9C,0,1,0,CA,DEX,IMP,1,CA,NATIVE_BODY,NATIVE_BODY,2,2,NONE,1,0,0,0,0,0,0,0,1,0,FIXED_IDLE_SEQUENCE,IMPLIED_PRE_IDLE,00000800,000000,80FA9C,V02C_MATRIX_PLUS_PINNED_MESEN_CPU_SOURCE_ORDER_NO_GAMEPLAY
V05C001006,80:FA9D:E0M1X0,0407D4EA,80,FA9D,0,1,0,D0,BNE,REL8,2,D0E9,NATIVE_BODY,NATIVE_BODY,2,3,BRANCH_TAKEN:+1,2,0,0,0,0,0,0,0,0,1,BRANCH_SEQUENCE,DYN_BRANCH_TAKEN_POST_IDLE,00000004,0000E9,80FA9D,V02C_MATRIX_PLUS_PINNED_MESEN_CPU_SOURCE_ORDER_NO_GAMEPLAY
V05C001007,80:FA9F:E0M1X0,0407D4FA,80,FA9F,0,1,0,C2,REP,IMM8,2,C220,NATIVE_BODY,NATIVE_BODY,3,3,NONE,2,0,0,0,0,0,0,0,1,0,FIXED_IDLE_SEQUENCE,STATUS_PRE_IDLE,00002000,000020,80FA9F,V02C_MATRIX_PLUS_PINNED_MESEN_CPU_SOURCE_ORDER_NO_GAMEPLAY
V05C001008,80:FAA1:E0M0X0,0407D508,80,FAA1,0,0,0,68,PLA,IMP,1,68,NATIVE_BODY,NATIVE_BODY,5,5,NONE,1,0,0,0,0,2,0,0,2,0,FIXED_IDLE_SEQUENCE,PULL_PRE_IDLE;PULL_PRE_IDLE,00000400,000000,80FAA1,V02C_MATRIX_PLUS_PINNED_MESEN_CPU_SOURCE_ORDER_NO_GAMEPLAY
V05C001009,80:FAA2:E0M0X0,0407D510,80,FAA2,0,0,0,D0,BNE,REL8,2,D003,NATIVE_BODY,NATIVE_BODY,2,3,BRANCH_TAKEN:+1,2,0,0,0,0,0,0,0,0,1,BRANCH_SEQUENCE,DYN_BRANCH_TAKEN_POST_IDLE,00000004,000003,80FAA2,V02C_MATRIX_PLUS_PINNED_MESEN_CPU_SOURCE_ORDER_NO_GAMEPLAY
V05C001010,80:FAA4:E0M0X0,0407D520,80,FAA4,0,0,0,A9,LDA,IMM_M,3,A9C0FF,NATIVE_BODY,NATIVE_BODY,3,3,NONE,3,0,0,0,0,0,0,0,0,0,LINEAR_BUS_SEQUENCE,,00000000,00FFC0,80FAA4,V02C_MATRIX_PLUS_PINNED_MESEN_CPU_SOURCE_ORDER_NO_GAMEPLAY
V05C001011,80:FAA7:E0M0X0,0407D538,80,FAA7,0,0,0,48,PHA,IMP,1,48,NATIVE_BODY,NATIVE_BODY,4,4,NONE,1,0,0,0,0,0,2,0,1,0,FIXED_IDLE_SEQUENCE,PUSH_PRE_IDLE,00000200,000000,80FAA7,V02C_MATRIX_PLUS_PINNED_MESEN_CPU_SOURCE_ORDER_NO_GAMEPLAY
V05C001012,80:FAA8:E0M0X0,0407D540,80,FAA8,0,0,0,8D,STA,ABS,3,8D4221,NATIVE_BODY,NATIVE_BODY,5,5,NONE,3,0,0,2,0,0,0,0,0,0,LINEAR_BUS_SEQUENCE,,00000000,002142,80FAA8,V02C_MATRIX_PLUS_PINNED_MESEN_CPU_SOURCE_ORDER_NO_GAMEPLAY
V05C001013,80:FAAB:E0M0X0,0407D558,80,FAAB,0,0,0,E2,SEP,IMM8,2,E220,NATIVE_BODY,NATIVE_BODY,3,3,NONE,2,0,0,0,0,0,0,0,1,0,FIXED_IDLE_SEQUENCE,STATUS_PRE_IDLE,00002000,000020,80FAAB,V02C_MATRIX_PLUS_PINNED_MESEN_CPU_SOURCE_ORDER_NO_GAMEPLAY
V05C001014,80:FAAD:E0M1X0,0407D56A,80,FAAD,0,1,0,9C,STZ,ABS,3,9C4121,NATIVE_BODY,NATIVE_BODY,4,4,NONE,3,0,0,1,0,0,0,0,0,0,LINEAR_BUS_SEQUENCE,,00000000,002141,80FAAD,V02C_MATRIX_PLUS_PINNED_MESEN_CPU_SOURCE_ORDER_NO_GAMEPLAY
V05C001015,80:FAB0:E0M1X0,0407D582,80,FAB0,0,1,0,A5,LDA,DP,2,A590,NATIVE_BODY,NATIVE_BODY,3,4,DIRECT_LOW_NONZERO:+1,2,0,1,0,0,0,0,0,0,1,DIRECT_SEQUENCE,DYN_DIRECT_LOW_PRE_IDLE,00000001,000090,80FAB0,V02C_MATRIX_PLUS_PINNED_MESEN_CPU_SOURCE_ORDER_NO_GAMEPLAY
V05C001016,80:FAB2:E0M1X0,0407D592,80,FAB2,0,1,0,18,CLC,IMP,1,18,NATIVE_BODY,NATIVE_BODY,2,2,NONE,1,0,0,0,0,0,0,0,1,0,FIXED_IDLE_SEQUENCE,IMPLIED_PRE_IDLE,00000800,000000,80FAB2,V02C_MATRIX_PLUS_PINNED_MESEN_CPU_SOURCE_ORDER_NO_GAMEPLAY
V05C001017,80:FAB3:E0M1X0,0407D59A,80,FAB3,0,1,0,69,ADC,IMM_M,2,6903,NATIVE_BODY,NATIVE_BODY,2,2,NONE,2,0,0,0,0,0,0,0,0,0,LINEAR_BUS_SEQUENCE,,00000000,000003,80FAB3,V02C_MATRIX_PLUS_PINNED_MESEN_CPU_SOURCE_ORDER_NO_GAMEPLAY
V05C001018,80:FAB5:E0M1X0,0407D5AA,80,FAB5,0,1,0,8D,STA,ABS,3,8D4021,NATIVE_BODY,NATIVE_BODY,4,4,NONE,3,0,0,1,0,0,0,0,0,0,LINEAR_BUS_SEQUENCE,,00000000,002140,80FAB5,V02C_MATRIX_PLUS_PINNED_MESEN_CPU_SOURCE_ORDER_NO_GAMEPLAY
V05C001019,80:FAB8:E0M1X0,0407D5C2,80,FAB8,0,1,0,C2,REP,IMM8,2,C220,NATIVE_BODY,NATIVE_BODY,3,3,NONE,2,0,0,0,0,0,0,0,1,0,FIXED_IDLE_SEQUENCE,STATUS_PRE_IDLE,00002000,000020,80FAB8,V02C_MATRIX_PLUS_PINNED_MESEN_CPU_SOURCE_ORDER_NO_GAMEPLAY
V05C001020,80:FABA:E0M0X0,0407D5D0,80,FABA,0,0,0,FA,PLX,IMP,1,FA,NATIVE_BODY,NATIVE_BODY,5,5,NONE,1,0,0,0,0,2,0,0,2,0,FIXED_IDLE_SEQUENCE,PULL_PRE_IDLE;PULL_PRE_IDLE,00000400,000000,80FABA,V02C_MATRIX_PLUS_PINNED_MESEN_CPU_SOURCE_ORDER_NO_GAMEPLAY
V05C001021,80:FABB:E0M0X0,0407D5D8,80,FABB,0,0,0,E0,CPX,IMM_X,3,E0C0FF,NATIVE_BODY,NATIVE_BODY,3,3,NONE,3,0,0,0,0,0,0,0,0,0,LINEAR_BUS_SEQUENCE,,00000000,00FFC0,80FABB,V02C_MATRIX_PLUS_PINNED_MESEN_CPU_SOURCE_ORDER_NO_GAMEPLAY
V05C001022,80:FABE:E0M0X0,0407D5F0,80,FABE,0,0,0,F0,BEQ,REL8,2,F01C,NATIVE_BODY,NATIVE_BODY,2,3,BRANCH_TAKEN:+1,2,0,0,0,0,0,0,0,0,1,BRANCH_SEQUENCE,DYN_BRANCH_TAKEN_POST_IDLE,00000004,00001C,80FABE,V02C_MATRIX_PLUS_PINNED_MESEN_CPU_SOURCE_ORDER_NO_GAMEPLAY
V05C001023,80:FAC0:E0M0X0,0407D600,80,FAC0,0,0,0,E2,SEP,IMM8,2,E220,NATIVE_BODY,NATIVE_BODY,3,3,NONE,2,0,0,0,0,0,0,0,1,0,FIXED_IDLE_SEQUENCE,STATUS_PRE_IDLE,00002000,000020,80FAC0,V02C_MATRIX_PLUS_PINNED_MESEN_CPU_SOURCE_ORDER_NO_GAMEPLAY
V05C001024,80:FAC2:E0M1X0,0407D612,80,FAC2,0,1,0,A9,LDA,IMM_M,2,A980,NATIVE_BODY,NATIVE_BODY,2,2,NONE,2,0,0,0,0,0,0,0,0,0,LINEAR_BUS_SEQUENCE,,00000000,000080,80FAC2,V02C_MATRIX_PLUS_PINNED_MESEN_CPU_SOURCE_ORDER_NO_GAMEPLAY
V05C001025,80:FAC4:E0M1X0,0407D622,80,FAC4,0,1,0,CD,CMP,ABS,3,CD4221,NATIVE_BODY,NATIVE_BODY,4,4,NONE,3,0,1,0,0,0,0,0,0,0,LINEAR_BUS_SEQUENCE,,00000000,002142,80FAC4,V02C_MATRIX_PLUS_PINNED_MESEN_CPU_SOURCE_ORDER_NO_GAMEPLAY
V05C001026,80:FAC7:E0M1X0,0407D63A,80,FAC7,0,1,0,D0,BNE,REL8,2,D0FB,NATIVE_BODY,NATIVE_BODY,2,3,BRANCH_TAKEN:+1,2,0,0,0,0,0,0,0,0,1,BRANCH_SEQUENCE,DYN_BRANCH_TAKEN_POST_IDLE,00000004,0000FB,80FAC7,V02C_MATRIX_PLUS_PINNED_MESEN_CPU_SOURCE_ORDER_NO_GAMEPLAY
V05C001027,80:FAC9:E0M1X0,0407D64A,80,FAC9,0,1,0,8D,STA,ABS,3,8D601A,NATIVE_BODY,NATIVE_BODY,4,4,NONE,3,0,0,1,0,0,0,0,0,0,LINEAR_BUS_SEQUENCE,,00000000,001A60,80FAC9,V02C_MATRIX_PLUS_PINNED_MESEN_CPU_SOURCE_ORDER_NO_GAMEPLAY
V05C001028,80:FACC:E0M1X0,0407D662,80,FACC,0,1,0,8D,STA,ABS,3,8D4221,NATIVE_BODY,NATIVE_BODY,4,4,NONE,3,0,0,1,0,0,0,0,0,0,LINEAR_BUS_SEQUENCE,,00000000,002142,80FACC,V02C_MATRIX_PLUS_PINNED_MESEN_CPU_SOURCE_ORDER_NO_GAMEPLAY
V05C001029,80:FACF:E0M1X0,0407D67A,80,FACF,0,1,0,C2,REP,IMM8,2,C220,NATIVE_BODY,NATIVE_BODY,3,3,NONE,2,0,0,0,0,0,0,0,1,0,FIXED_IDLE_SEQUENCE,STATUS_PRE_IDLE,00002000,000020,80FACF,V02C_MATRIX_PLUS_PINNED_MESEN_CPU_SOURCE_ORDER_NO_GAMEPLAY
V05C001030,80:FAD1:E0M0X0,0407D688,80,FAD1,0,0,0,A9,LDA,IMM_M,3,A90100,NATIVE_BODY,NATIVE_BODY,3,3,NONE,3,0,0,0,0,0,0,0,0,0,LINEAR_BUS_SEQUENCE,,00000000,000001,80FAD1,V02C_MATRIX_PLUS_PINNED_MESEN_CPU_SOURCE_ORDER_NO_GAMEPLAY
V05C001031,80:FAD4:E0M0X0,0407D6A0,80,FAD4,0,0,0,8D,STA,ABS,3,8D5C1A,NATIVE_BODY,NATIVE_BODY,5,5,NONE,3,0,0,2,0,0,0,0,0,0,LINEAR_BUS_SEQUENCE,,00000000,001A5C,80FAD4,V02C_MATRIX_PLUS_PINNED_MESEN_CPU_SOURCE_ORDER_NO_GAMEPLAY
V05C001032,80:FAD7:E0M0X0,0407D6B8,80,FAD7,0,0,0,8D,STA,ABS,3,8D5E1A,NATIVE_BODY,NATIVE_BODY,5,5,NONE,3,0,0,2,0,0,0,0,0,0,LINEAR_BUS_SEQUENCE,,00000000,001A5E,80FAD7,V02C_MATRIX_PLUS_PINNED_MESEN_CPU_SOURCE_ORDER_NO_GAMEPLAY
V05C001033,80:FADA:E0M0X0,0407D6D0,80,FADA,0,0,0,80,BRA,REL8,2,8007,NATIVE_BODY,NATIVE_BODY,3,3,NONE,2,0,0,0,0,0,0,0,1,0,BRANCH_SEQUENCE,BRANCH_ALWAYS_POST_IDLE,00004000,000007,80FADA,V02C_MATRIX_PLUS_PINNED_MESEN_CPU_SOURCE_ORDER_NO_GAMEPLAY
V05C001034,80:FADC:E0M0X0,0407D6E0,80,FADC,0,0,0,E2,SEP,IMM8,2,E220,NATIVE_BODY,NATIVE_BODY,3,3,NONE,2,0,0,0,0,0,0,0,1,0,FIXED_IDLE_SEQUENCE,STATUS_PRE_IDLE,00002000,000020,80FADC,V02C_MATRIX_PLUS_PINNED_MESEN_CPU_SOURCE_ORDER_NO_GAMEPLAY
V05C001035,80:FADE:E0M1X0,0407D6F2,80,FADE,0,1,0,CD,CMP,ABS,3,CD4021,NATIVE_BODY,NATIVE_BODY,4,4,NONE,3,0,1,0,0,0,0,0,0,0,LINEAR_BUS_SEQUENCE,,00000000,002140,80FADE,V02C_MATRIX_PLUS_PINNED_MESEN_CPU_SOURCE_ORDER_NO_GAMEPLAY
V05C001036,80:FAE1:E0M1X0,0407D70A,80,FAE1,0,1,0,D0,BNE,REL8,2,D0FB,NATIVE_BODY,NATIVE_BODY,2,3,BRANCH_TAKEN:+1,2,0,0,0,0,0,0,0,0,1,BRANCH_SEQUENCE,DYN_BRANCH_TAKEN_POST_IDLE,00000004,0000FB,80FAE1,V02C_MATRIX_PLUS_PINNED_MESEN_CPU_SOURCE_ORDER_NO_GAMEPLAY
V05C001037,80:FAE3:E0M0X0,0407D718,80,FAE3,0,0,0,C2,REP,IMM8,2,C220,NATIVE_BODY,NATIVE_BODY,3,3,NONE,2,0,0,0,0,0,0,0,1,0,FIXED_IDLE_SEQUENCE,STATUS_PRE_IDLE,00002000,000020,80FAE3,V02C_MATRIX_PLUS_PINNED_MESEN_CPU_SOURCE_ORDER_NO_GAMEPLAY
V05C001038,80:FAE3:E0M1X0,0407D71A,80,FAE3,0,1,0,C2,REP,IMM8,2,C220,NATIVE_BODY,NATIVE_BODY,3,3,NONE,2,0,0,0,0,0,0,0,1,0,FIXED_IDLE_SEQUENCE,STATUS_PRE_IDLE,00002000,000020,80FAE3,V02C_MATRIX_PLUS_PINNED_MESEN_CPU_SOURCE_ORDER_NO_GAMEPLAY
V05C001039,80:FAE5:E0M0X0,0407D728,80,FAE5,0,0,0,7A,PLY,IMP,1,7A,NATIVE_BODY,NATIVE_BODY,5,5,NONE,1,0,0,0,0,2,0,0,2,0,FIXED_IDLE_SEQUENCE,PULL_PRE_IDLE;PULL_PRE_IDLE,00000400,000000,80FAE5,V02C_MATRIX_PLUS_PINNED_MESEN_CPU_SOURCE_ORDER_NO_GAMEPLAY
V05C001040,80:FAE6:E0M0X0,0407D730,80,FAE6,0,0,0,FA,PLX,IMP,1,FA,NATIVE_BODY,NATIVE_BODY,5,5,NONE,1,0,0,0,0,2,0,0,2,0,FIXED_IDLE_SEQUENCE,PULL_PRE_IDLE;PULL_PRE_IDLE,00000400,000000,80FAE6,V02C_MATRIX_PLUS_PINNED_MESEN_CPU_SOURCE_ORDER_NO_GAMEPLAY
V05C001041,80:FAE7:E0M0X0,0407D738,80,FAE7,0,0,0,68,PLA,IMP,1,68,NATIVE_BODY,NATIVE_BODY,5,5,NONE,1,0,0,0,0,2,0,0,2,0,FIXED_IDLE_SEQUENCE,PULL_PRE_IDLE;PULL_PRE_IDLE,00000400,000000,80FAE7,V02C_MATRIX_PLUS_PINNED_MESEN_CPU_SOURCE_ORDER_NO_GAMEPLAY
V05C001042,80:FAE8:E0M0X0,0407D740,80,FAE8,0,0,0,28,PLP,IMP,1,28,NATIVE_BODY,NATIVE_BODY,4,4,NONE,1,0,0,0,0,1,0,0,2,0,FIXED_IDLE_SEQUENCE,PULL_PRE_IDLE;PULL_PRE_IDLE,00000400,000000,80FAE8,V02C_MATRIX_PLUS_PINNED_MESEN_CPU_SOURCE_ORDER_NO_GAMEPLAY
V05C001043,80:FAE9:E0M1X1,0407D74B,80,FAE9,0,1,1,60,RTS,IMP,1,60,NATIVE_BODY,NATIVE_BODY,6,6,NONE,1,0,0,0,0,2,0,0,3,0,RETURN_SEQUENCE,RETURN_PRE_IDLE;RETURN_PRE_IDLE;RTS_POST_POP_IDLE,00000180,000000,80FAE9,V02C_MATRIX_PLUS_PINNED_MESEN_CPU_SOURCE_ORDER_NO_GAMEPLAY
V05C001044,80:FAEA:E0M1X0,0407D752,80,FAEA,0,1,0,08,PHP,IMP,1,08,NATIVE_BODY,NATIVE_BODY,3,3,NONE,1,0,0,0,0,0,1,0,1,0,FIXED_IDLE_SEQUENCE,PUSH_PRE_IDLE,00000200,000000,80FAEA,V02C_MATRIX_PLUS_PINNED_MESEN_CPU_SOURCE_ORDER_NO_GAMEPLAY
V05C001045,80:FAEB:E0M1X0,0407D75A,80,FAEB,0,1,0,E2,SEP,IMM8,2,E220,NATIVE_BODY,NATIVE_BODY,3,3,NONE,2,0,0,0,0,0,0,0,1,0,FIXED_IDLE_SEQUENCE,STATUS_PRE_IDLE,00002000,000020,80FAEB,V02C_MATRIX_PLUS_PINNED_MESEN_CPU_SOURCE_ORDER_NO_GAMEPLAY
V05C001046,80:FAED:E0M1X0,0407D76A,80,FAED,0,1,0,A9,LDA,IMM_M,2,A982,NATIVE_BODY,NATIVE_BODY,2,2,NONE,2,0,0,0,0,0,0,0,0,0,LINEAR_BUS_SEQUENCE,,00000000,000082,80FAED,V02C_MATRIX_PLUS_PINNED_MESEN_CPU_SOURCE_ORDER_NO_GAMEPLAY
V05C001047,80:FAEF:E0M1X0,0407D77A,80,FAEF,0,1,0,85,STA,DP,2,8593,NATIVE_BODY,NATIVE_BODY,3,4,DIRECT_LOW_NONZERO:+1,2,0,0,1,0,0,0,0,0,1,DIRECT_SEQUENCE,DYN_DIRECT_LOW_PRE_IDLE,00000001,000093,80FAEF,V02C_MATRIX_PLUS_PINNED_MESEN_CPU_SOURCE_ORDER_NO_GAMEPLAY
V05C001048,80:FAF1:E0M1X0,0407D78A,80,FAF1,0,1,0,C2,REP,IMM8,2,C230,NATIVE_BODY,NATIVE_BODY,3,3,NONE,2,0,0,0,0,0,0,0,1,0,FIXED_IDLE_SEQUENCE,STATUS_PRE_IDLE,00002000,000030,80FAF1,V02C_MATRIX_PLUS_PINNED_MESEN_CPU_SOURCE_ORDER_NO_GAMEPLAY
V05C001049,80:FAF3:E0M0X0,0407D798,80,FAF3,0,0,0,8A,TXA,IMP,1,8A,NATIVE_BODY,NATIVE_BODY,2,2,NONE,1,0,0,0,0,0,0,0,1,0,FIXED_IDLE_SEQUENCE,IMPLIED_PRE_IDLE,00000800,000000,80FAF3,V02C_MATRIX_PLUS_PINNED_MESEN_CPU_SOURCE_ORDER_NO_GAMEPLAY
V05C001050,80:FAF4:E0M0X0,0407D7A0,80,FAF4,0,0,0,29,AND,IMM_M,3,29FF00,NATIVE_BODY,NATIVE_BODY,3,3,NONE,3,0,0,0,0,0,0,0,0,0,LINEAR_BUS_SEQUENCE,,00000000,0000FF,80FAF4,V02C_MATRIX_PLUS_PINNED_MESEN_CPU_SOURCE_ORDER_NO_GAMEPLAY
V05C001051,80:FAF7:E0M0X0,0407D7B8,80,FAF7,0,0,0,AA,TAX,IMP,1,AA,NATIVE_BODY,NATIVE_BODY,2,2,NONE,1,0,0,0,0,0,0,0,1,0,FIXED_IDLE_SEQUENCE,IMPLIED_PRE_IDLE,00000800,000000,80FAF7,V02C_MATRIX_PLUS_PINNED_MESEN_CPU_SOURCE_ORDER_NO_GAMEPLAY
V05C001052,80:FAF8:E0M0X0,0407D7C0,80,FAF8,0,0,0,A9,LDA,IMM_M,3,A90080,NATIVE_BODY,NATIVE_BODY,3,3,NONE,3,0,0,0,0,0,0,0,0,0,LINEAR_BUS_SEQUENCE,,00000000,008000,80FAF8,V02C_MATRIX_PLUS_PINNED_MESEN_CPU_SOURCE_ORDER_NO_GAMEPLAY
V05C001053,80:FAFB:E0M0X0,0407D7D8,80,FAFB,0,0,0,85,STA,DP,2,8591,NATIVE_BODY,NATIVE_BODY,4,5,DIRECT_LOW_NONZERO:+1,2,0,0,2,0,0,0,0,0,1,DIRECT_SEQUENCE,DYN_DIRECT_LOW_PRE_IDLE,00000001,000091,80FAFB,V02C_MATRIX_PLUS_PINNED_MESEN_CPU_SOURCE_ORDER_NO_GAMEPLAY
V05C001054,80:FAFD:E0M0X0,0407D7E8,80,FAFD,0,0,0,CA,DEX,IMP,1,CA,NATIVE_BODY,NATIVE_BODY,2,2,NONE,1,0,0,0,0,0,0,0,1,0,FIXED_IDLE_SEQUENCE,IMPLIED_PRE_IDLE,00000800,000000,80FAFD,V02C_MATRIX_PLUS_PINNED_MESEN_CPU_SOURCE_ORDER_NO_GAMEPLAY
V05C001055,80:FAFE:E0M0X0,0407D7F0,80,FAFE,0,0,0,30,BMI,REL8,2,301B,NATIVE_BODY,NATIVE_BODY,2,3,BRANCH_TAKEN:+1,2,0,0,0,0,0,0,0,0,1,BRANCH_SEQUENCE,DYN_BRANCH_TAKEN_POST_IDLE,00000004,00001B,80FAFE,V02C_MATRIX_PLUS_PINNED_MESEN_CPU_SOURCE_ORDER_NO_GAMEPLAY
V05C001056,80:FB00:E0M0X0,0407D800,80,FB00,0,0,0,18,CLC,IMP,1,18,NATIVE_BODY,NATIVE_BODY,2,2,NONE,1,0,0,0,0,0,0,0,1,0,FIXED_IDLE_SEQUENCE,IMPLIED_PRE_IDLE,00000800,000000,80FB00,V02C_MATRIX_PLUS_PINNED_MESEN_CPU_SOURCE_ORDER_NO_GAMEPLAY
V05C001057,80:FB01:E0M0X0,0407D808,80,FB01,0,0,0,67,ADC,DP_IND_LONG,2,6791,NATIVE_BODY,NATIVE_BODY,7,8,DIRECT_LOW_NONZERO:+1,2,3,2,0,0,0,0,0,0,1,DIRECT_SEQUENCE,DYN_DIRECT_LOW_PRE_IDLE,00000001,000091,80FB01,V02C_MATRIX_PLUS_PINNED_MESEN_CPU_SOURCE_ORDER_NO_GAMEPLAY
V05C001058,80:FB03:E0M0X0,0407D818,80,FB03,0,0,0,90,BCC,REL8,2,9006,NATIVE_BODY,NATIVE_BODY,2,3,BRANCH_TAKEN:+1,2,0,0,0,0,0,0,0,0,1,BRANCH_SEQUENCE,DYN_BRANCH_TAKEN_POST_IDLE,00000004,000006,80FB03,V02C_MATRIX_PLUS_PINNED_MESEN_CPU_SOURCE_ORDER_NO_GAMEPLAY
V05C001059,80:FB05:E0M0X0,0407D828,80,FB05,0,0,0,E6,INC,DP,2,E693,NATIVE_BODY,NATIVE_BODY,7,8,DIRECT_LOW_NONZERO:+1,2,0,2,2,0,0,0,0,1,1,RMW_SEQUENCE,RMW_INTERMEDIATE_IDLE;DYN_DIRECT_LOW_PRE_IDLE,00010001,000093,80FB05,V02C_MATRIX_PLUS_PINNED_MESEN_CPU_SOURCE_ORDER_NO_GAMEPLAY
V05C001060,80:FB07:E0M0X0,0407D838,80,FB07,0,0,0,38,SEC,IMP,1,38,NATIVE_BODY,NATIVE_BODY,2,2,NONE,1,0,0,0,0,0,0,0,1,0,FIXED_IDLE_SEQUENCE,IMPLIED_PRE_IDLE,00000800,000000,80FB07,V02C_MATRIX_PLUS_PINNED_MESEN_CPU_SOURCE_ORDER_NO_GAMEPLAY
V05C001061,80:FB08:E0M0X0,0407D840,80,FB08,0,0,0,E9,SBC,IMM_M,3,E90080,NATIVE_BODY,NATIVE_BODY,3,3,NONE,3,0,0,0,0,0,0,0,0,0,LINEAR_BUS_SEQUENCE,,00000000,008000,80FB08,V02C_MATRIX_PLUS_PINNED_MESEN_CPU_SOURCE_ORDER_NO_GAMEPLAY
V05C001062,80:FB0B:E0M0X0,0407D858,80,FB0B,0,0,0,18,CLC,IMP,1,18,NATIVE_BODY,NATIVE_BODY,2,2,NONE,1,0,0,0,0,0,0,0,1,0,FIXED_IDLE_SEQUENCE,IMPLIED_PRE_IDLE,00000800,000000,80FB0B,V02C_MATRIX_PLUS_PINNED_MESEN_CPU_SOURCE_ORDER_NO_GAMEPLAY
V05C001063,80:FB0C:E0M0X0,0407D860,80,FB0C,0,0,0,69,ADC,IMM_M,3,690600,NATIVE_BODY,NATIVE_BODY,3,3,NONE,3,0,0,0,0,0,0,0,0,0,LINEAR_BUS_SEQUENCE,,00000000,000006,80FB0C,V02C_MATRIX_PLUS_PINNED_MESEN_CPU_SOURCE_ORDER_NO_GAMEPLAY
V05C001064,80:FB0F:E0M0X0,0407D878,80,FB0F,0,0,0,90,BCC,REL8,2,9006,NATIVE_BODY,NATIVE_BODY,2,3,BRANCH_TAKEN:+1,2,0,0,0,0,0,0,0,0,1,BRANCH_SEQUENCE,DYN_BRANCH_TAKEN_POST_IDLE,00000004,000006,80FB0F,V02C_MATRIX_PLUS_PINNED_MESEN_CPU_SOURCE_ORDER_NO_GAMEPLAY
V05C001065,80:FB11:E0M0X0,0407D888,80,FB11,0,0,0,E6,INC,DP,2,E693,NATIVE_BODY,NATIVE_BODY,7,8,DIRECT_LOW_NONZERO:+1,2,0,2,2,0,0,0,0,1,1,RMW_SEQUENCE,RMW_INTERMEDIATE_IDLE;DYN_DIRECT_LOW_PRE_IDLE,00010001,000093,80FB11,V02C_MATRIX_PLUS_PINNED_MESEN_CPU_SOURCE_ORDER_NO_GAMEPLAY
V05C001066,80:FB13:E0M0X0,0407D898,80,FB13,0,0,0,38,SEC,IMP,1,38,NATIVE_BODY,NATIVE_BODY,2,2,NONE,1,0,0,0,0,0,0,0,1,0,FIXED_IDLE_SEQUENCE,IMPLIED_PRE_IDLE,00000800,000000,80FB13,V02C_MATRIX_PLUS_PINNED_MESEN_CPU_SOURCE_ORDER_NO_GAMEPLAY
V05C001067,80:FB14:E0M0X0,0407D8A0,80,FB14,0,0,0,E9,SBC,IMM_M,3,E90080,NATIVE_BODY,NATIVE_BODY,3,3,NONE,3,0,0,0,0,0,0,0,0,0,LINEAR_BUS_SEQUENCE,,00000000,008000,80FB14,V02C_MATRIX_PLUS_PINNED_MESEN_CPU_SOURCE_ORDER_NO_GAMEPLAY
V05C001068,80:FB17:E0M0X0,0407D8B8,80,FB17,0,0,0,85,STA,DP,2,8591,NATIVE_BODY,NATIVE_BODY,4,5,DIRECT_LOW_NONZERO:+1,2,0,0,2,0,0,0,0,0,1,DIRECT_SEQUENCE,DYN_DIRECT_LOW_PRE_IDLE,00000001,000091,80FB17,V02C_MATRIX_PLUS_PINNED_MESEN_CPU_SOURCE_ORDER_NO_GAMEPLAY
V05C001069,80:FB19:E0M0X0,0407D8C8,80,FB19,0,0,0,80,BRA,REL8,2,80E2,NATIVE_BODY,NATIVE_BODY,3,3,NONE,2,0,0,0,0,0,0,0,1,0,BRANCH_SEQUENCE,BRANCH_ALWAYS_POST_IDLE,00004000,0000E2,80FB19,V02C_MATRIX_PLUS_PINNED_MESEN_CPU_SOURCE_ORDER_NO_GAMEPLAY
V05C001070,80:FB1B:E0M0X0,0407D8D8,80,FB1B,0,0,0,28,PLP,IMP,1,28,NATIVE_BODY,NATIVE_BODY,4,4,NONE,1,0,0,0,0,1,0,0,2,0,FIXED_IDLE_SEQUENCE,PULL_PRE_IDLE;PULL_PRE_IDLE,00000400,000000,80FB1B,V02C_MATRIX_PLUS_PINNED_MESEN_CPU_SOURCE_ORDER_NO_GAMEPLAY
V05C001071,80:FB1C:E0M1X0,0407D8E2,80,FB1C,0,1,0,60,RTS,IMP,1,60,NATIVE_BODY,NATIVE_BODY,6,6,NONE,1,0,0,0,0,2,0,0,3,0,RETURN_SEQUENCE,RETURN_PRE_IDLE;RETURN_PRE_IDLE;RTS_POST_POP_IDLE,00000180,000000,80FB1C,V02C_MATRIX_PLUS_PINNED_MESEN_CPU_SOURCE_ORDER_NO_GAMEPLAY
V05C001072,80:FB1D:E0M0X0,0407D8E8,80,FB1D,0,0,0,08,PHP,IMP,1,08,NATIVE_BODY,NATIVE_BODY,3,3,NONE,1,0,0,0,0,0,1,0,1,0,FIXED_IDLE_SEQUENCE,PUSH_PRE_IDLE,00000200,000000,80FB1D,V02C_MATRIX_PLUS_PINNED_MESEN_CPU_SOURCE_ORDER_NO_GAMEPLAY
V05C001073,80:FB1D:E0M1X0,0407D8EA,80,FB1D,0,1,0,08,PHP,IMP,1,08,NATIVE_BODY,NATIVE_BODY,3,3,NONE,1,0,0,0,0,0,1,0,1,0,FIXED_IDLE_SEQUENCE,PUSH_PRE_IDLE,00000200,000000,80FB1D,V02C_MATRIX_PLUS_PINNED_MESEN_CPU_SOURCE_ORDER_NO_GAMEPLAY
V05C001074,80:FB1E:E0M0X0,0407D8F0,80,FB1E,0,0,0,C2,REP,IMM8,2,C230,NATIVE_BODY,NATIVE_BODY,3,3,NONE,2,0,0,0,0,0,0,0,1,0,FIXED_IDLE_SEQUENCE,STATUS_PRE_IDLE,00002000,000030,80FB1E,V02C_MATRIX_PLUS_PINNED_MESEN_CPU_SOURCE_ORDER_NO_GAMEPLAY
V05C001075,80:FB1E:E0M1X0,0407D8F2,80,FB1E,0,1,0,C2,REP,IMM8,2,C230,NATIVE_BODY,NATIVE_BODY,3,3,NONE,2,0,0,0,0,0,0,0,1,0,FIXED_IDLE_SEQUENCE,STATUS_PRE_IDLE,00002000,000030,80FB1E,V02C_MATRIX_PLUS_PINNED_MESEN_CPU_SOURCE_ORDER_NO_GAMEPLAY
V05C001076,80:FB20:E0M0X0,0407D900,80,FB20,0,0,0,E6,INC,DP,2,E691,NATIVE_BODY,NATIVE_BODY,7,8,DIRECT_LOW_NONZERO:+1,2,0,2,2,0,0,0,0,1,1,RMW_SEQUENCE,RMW_INTERMEDIATE_IDLE;DYN_DIRECT_LOW_PRE_IDLE,00010001,000091,80FB20,V02C_MATRIX_PLUS_PINNED_MESEN_CPU_SOURCE_ORDER_NO_GAMEPLAY
V05C001077,80:FB22:E0M0X0,0407D910,80,FB22,0,0,0,D0,BNE,REL8,2,D009,NATIVE_BODY,NATIVE_BODY,2,3,BRANCH_TAKEN:+1,2,0,0,0,0,0,0,0,0,1,BRANCH_SEQUENCE,DYN_BRANCH_TAKEN_POST_IDLE,00000004,000009,80FB22,V02C_MATRIX_PLUS_PINNED_MESEN_CPU_SOURCE_ORDER_NO_GAMEPLAY
V05C001078,80:FB24:E0M0X0,0407D920,80,FB24,0,0,0,A9,LDA,IMM_M,3,A90080,NATIVE_BODY,NATIVE_BODY,3,3,NONE,3,0,0,0,0,0,0,0,0,0,LINEAR_BUS_SEQUENCE,,00000000,008000,80FB24,V02C_MATRIX_PLUS_PINNED_MESEN_CPU_SOURCE_ORDER_NO_GAMEPLAY
V05C001079,80:FB27:E0M0X0,0407D938,80,FB27,0,0,0,85,STA,DP,2,8591,NATIVE_BODY,NATIVE_BODY,4,5,DIRECT_LOW_NONZERO:+1,2,0,0,2,0,0,0,0,0,1,DIRECT_SEQUENCE,DYN_DIRECT_LOW_PRE_IDLE,00000001,000091,80FB27,V02C_MATRIX_PLUS_PINNED_MESEN_CPU_SOURCE_ORDER_NO_GAMEPLAY
V05C001080,80:FB29:E0M0X0,0407D948,80,FB29,0,0,0,E2,SEP,IMM8,2,E220,NATIVE_BODY,NATIVE_BODY,3,3,NONE,2,0,0,0,0,0,0,0,1,0,FIXED_IDLE_SEQUENCE,STATUS_PRE_IDLE,00002000,000020,80FB29,V02C_MATRIX_PLUS_PINNED_MESEN_CPU_SOURCE_ORDER_NO_GAMEPLAY
V05C001081,80:FB2B:E0M1X0,0407D95A,80,FB2B,0,1,0,E6,INC,DP,2,E693,NATIVE_BODY,NATIVE_BODY,5,6,DIRECT_LOW_NONZERO:+1,2,0,1,1,0,0,0,0,1,1,RMW_SEQUENCE,RMW_INTERMEDIATE_IDLE;DYN_DIRECT_LOW_PRE_IDLE,00010001,000093,80FB2B,V02C_MATRIX_PLUS_PINNED_MESEN_CPU_SOURCE_ORDER_NO_GAMEPLAY
V05C001082,80:FB2D:E0M0X0,0407D968,80,FB2D,0,0,0,28,PLP,IMP,1,28,NATIVE_BODY,NATIVE_BODY,4,4,NONE,1,0,0,0,0,1,0,0,2,0,FIXED_IDLE_SEQUENCE,PULL_PRE_IDLE;PULL_PRE_IDLE,00000400,000000,80FB2D,V02C_MATRIX_PLUS_PINNED_MESEN_CPU_SOURCE_ORDER_NO_GAMEPLAY
V05C001083,80:FB2D:E0M1X0,0407D96A,80,FB2D,0,1,0,28,PLP,IMP,1,28,NATIVE_BODY,NATIVE_BODY,4,4,NONE,1,0,0,0,0,1,0,0,2,0,FIXED_IDLE_SEQUENCE,PULL_PRE_IDLE;PULL_PRE_IDLE,00000400,000000,80FB2D,V02C_MATRIX_PLUS_PINNED_MESEN_CPU_SOURCE_ORDER_NO_GAMEPLAY
V05C001084,80:FB2E:E0M0X0,0407D970,80,FB2E,0,0,0,60,RTS,IMP,1,60,NATIVE_BODY,NATIVE_BODY,6,6,NONE,1,0,0,0,0,2,0,0,3,0,RETURN_SEQUENCE,RETURN_PRE_IDLE;RETURN_PRE_IDLE;RTS_POST_POP_IDLE,00000180,000000,80FB2E,V02C_MATRIX_PLUS_PINNED_MESEN_CPU_SOURCE_ORDER_NO_GAMEPLAY
V05C001085,80:FB2E:E0M1X0,0407D972,80,FB2E,0,1,0,60,RTS,IMP,1,60,NATIVE_BODY,NATIVE_BODY,6,6,NONE,1,0,0,0,0,2,0,0,3,0,RETURN_SEQUENCE,RETURN_PRE_IDLE;RETURN_PRE_IDLE;RTS_POST_POP_IDLE,00000180,000000,80FB2E,V02C_MATRIX_PLUS_PINNED_MESEN_CPU_SOURCE_ORDER_NO_GAMEPLAY
V05C001086,80:FB2F:E0M1X1,0407D97B,80,FB2F,0,1,1,08,PHP,IMP,1,08,NATIVE_BODY,NATIVE_BODY,3,3,NONE,1,0,0,0,0,0,1,0,1,0,FIXED_IDLE_SEQUENCE,PUSH_PRE_IDLE,00000200,000000,80FB2F,V02C_MATRIX_PLUS_PINNED_MESEN_CPU_SOURCE_ORDER_NO_GAMEPLAY
V05C001087,80:FB30:E0M1X1,0407D983,80,FB30,0,1,1,E2,SEP,IMM8,2,E220,NATIVE_BODY,NATIVE_BODY,3,3,NONE,2,0,0,0,0,0,0,0,1,0,FIXED_IDLE_SEQUENCE,STATUS_PRE_IDLE,00002000,000020,80FB30,V02C_MATRIX_PLUS_PINNED_MESEN_CPU_SOURCE_ORDER_NO_GAMEPLAY
V05C001088,80:FB32:E0M1X1,0407D993,80,FB32,0,1,1,64,STZ,DP,2,64DB,NATIVE_BODY,NATIVE_BODY,3,4,DIRECT_LOW_NONZERO:+1,2,0,0,1,0,0,0,0,0,1,DIRECT_SEQUENCE,DYN_DIRECT_LOW_PRE_IDLE,00000001,0000DB,80FB32,V02C_MATRIX_PLUS_PINNED_MESEN_CPU_SOURCE_ORDER_NO_GAMEPLAY
V05C001089,80:FB34:E0M1X1,0407D9A3,80,FB34,0,1,1,C2,REP,IMM8,2,C220,NATIVE_BODY,NATIVE_BODY,3,3,NONE,2,0,0,0,0,0,0,0,1,0,FIXED_IDLE_SEQUENCE,STATUS_PRE_IDLE,00002000,000020,80FB34,V02C_MATRIX_PLUS_PINNED_MESEN_CPU_SOURCE_ORDER_NO_GAMEPLAY
V05C001090,80:FB36:E0M0X1,0407D9B1,80,FB36,0,0,1,9C,STZ,ABS,3,9CE61A,NATIVE_BODY,NATIVE_BODY,5,5,NONE,3,0,0,2,0,0,0,0,0,0,LINEAR_BUS_SEQUENCE,,00000000,001AE6,80FB36,V02C_MATRIX_PLUS_PINNED_MESEN_CPU_SOURCE_ORDER_NO_GAMEPLAY
V05C001091,80:FB39:E0M0X1,0407D9C9,80,FB39,0,0,1,9C,STZ,ABS,3,9CE41A,NATIVE_BODY,NATIVE_BODY,5,5,NONE,3,0,0,2,0,0,0,0,0,0,LINEAR_BUS_SEQUENCE,,00000000,001AE4,80FB39,V02C_MATRIX_PLUS_PINNED_MESEN_CPU_SOURCE_ORDER_NO_GAMEPLAY
V05C001092,80:FB3C:E0M0X1,0407D9E1,80,FB3C,0,0,1,28,PLP,IMP,1,28,NATIVE_BODY,NATIVE_BODY,4,4,NONE,1,0,0,0,0,1,0,0,2,0,FIXED_IDLE_SEQUENCE,PULL_PRE_IDLE;PULL_PRE_IDLE,00000400,000000,80FB3C,V02C_MATRIX_PLUS_PINNED_MESEN_CPU_SOURCE_ORDER_NO_GAMEPLAY
V05C001093,80:FB3D:E0M1X1,0407D9EB,80,FB3D,0,1,1,60,RTS,IMP,1,60,NATIVE_BODY,NATIVE_BODY,6,6,NONE,1,0,0,0,0,2,0,0,3,0,RETURN_SEQUENCE,RETURN_PRE_IDLE;RETURN_PRE_IDLE;RTS_POST_POP_IDLE,00000180,000000,80FB3D,V02C_MATRIX_PLUS_PINNED_MESEN_CPU_SOURCE_ORDER_NO_GAMEPLAY
V05C001094,80:FB3E:E0M1X1,0407D9F3,80,FB3E,0,1,1,20,JSR,ABS_JUMP,3,2042FB,NATIVE_BODY,NATIVE_BODY,6,6,NONE,3,0,0,0,0,0,2,0,1,0,FIXED_IDLE_SEQUENCE,JSR_PRE_STACK_IDLE,00000020,00FB42,80FB3E,V02C_MATRIX_PLUS_PINNED_MESEN_CPU_SOURCE_ORDER_NO_GAMEPLAY
V05C001095,80:FB41:E0M1X1,0407DA0B,80,FB41,0,1,1,6B,RTL,IMP,1,6B,NATIVE_BODY,NATIVE_BODY,6,6,NONE,1,0,0,0,0,3,0,0,2,0,RETURN_SEQUENCE,RETURN_PRE_IDLE;RETURN_PRE_IDLE,00000080,000000,80FB41,V02C_MATRIX_PLUS_PINNED_MESEN_CPU_SOURCE_ORDER_NO_GAMEPLAY
V05C001096,80:FB42:E0M1X1,0407DA13,80,FB42,0,1,1,A9,LDA,IMM_M,2,A902,NATIVE_BODY,NATIVE_BODY,2,2,NONE,2,0,0,0,0,0,0,0,0,0,LINEAR_BUS_SEQUENCE,,00000000,000002,80FB42,V02C_MATRIX_PLUS_PINNED_MESEN_CPU_SOURCE_ORDER_NO_GAMEPLAY
V05C001097,80:FB44:E0M1X1,0407DA23,80,FB44,0,1,1,20,JSR,ABS_JUMP,3,202AF9,NATIVE_BODY,NATIVE_BODY,6,6,NONE,3,0,0,0,0,0,2,0,1,0,FIXED_IDLE_SEQUENCE,JSR_PRE_STACK_IDLE,00000020,00F92A,80FB44,V02C_MATRIX_PLUS_PINNED_MESEN_CPU_SOURCE_ORDER_NO_GAMEPLAY
V05C001098,80:FB47:E0M1X1,0407DA3B,80,FB47,0,1,1,60,RTS,IMP,1,60,NATIVE_BODY,NATIVE_BODY,6,6,NONE,1,0,0,0,0,2,0,0,3,0,RETURN_SEQUENCE,RETURN_PRE_IDLE;RETURN_PRE_IDLE;RTS_POST_POP_IDLE,00000180,000000,80FB47,V02C_MATRIX_PLUS_PINNED_MESEN_CPU_SOURCE_ORDER_NO_GAMEPLAY
V05C001099,80:FB52:E0M1X1,0407DA93,80,FB52,0,1,1,20,JSR,ABS_JUMP,3,2056FB,NATIVE_BODY,NATIVE_BODY,6,6,NONE,3,0,0,0,0,0,2,0,1,0,FIXED_IDLE_SEQUENCE,JSR_PRE_STACK_IDLE,00000020,00FB56,80FB52,V02C_MATRIX_PLUS_PINNED_MESEN_CPU_SOURCE_ORDER_NO_GAMEPLAY
V05C001100,80:FB55:E0M1X1,0407DAAB,80,FB55,0,1,1,6B,RTL,IMP,1,6B,NATIVE_BODY,NATIVE_BODY,6,6,NONE,1,0,0,0,0,3,0,0,2,0,RETURN_SEQUENCE,RETURN_PRE_IDLE;RETURN_PRE_IDLE,00000080,000000,80FB55,V02C_MATRIX_PLUS_PINNED_MESEN_CPU_SOURCE_ORDER_NO_GAMEPLAY
V05C001101,80:FB56:E0M1X1,0407DAB3,80,FB56,0,1,1,A9,LDA,IMM_M,2,A901,NATIVE_BODY,NATIVE_BODY,2,2,NONE,2,0,0,0,0,0,0,0,0,0,LINEAR_BUS_SEQUENCE,,00000000,000001,80FB56,V02C_MATRIX_PLUS_PINNED_MESEN_CPU_SOURCE_ORDER_NO_GAMEPLAY
V05C001102,80:FB58:E0M1X1,0407DAC3,80,FB58,0,1,1,20,JSR,ABS_JUMP,3,202AF9,NATIVE_BODY,NATIVE_BODY,6,6,NONE,3,0,0,0,0,0,2,0,1,0,FIXED_IDLE_SEQUENCE,JSR_PRE_STACK_IDLE,00000020,00F92A,80FB58,V02C_MATRIX_PLUS_PINNED_MESEN_CPU_SOURCE_ORDER_NO_GAMEPLAY
V05C001103,80:FB5B:E0M1X1,0407DADB,80,FB5B,0,1,1,60,RTS,IMP,1,60,NATIVE_BODY,NATIVE_BODY,6,6,NONE,1,0,0,0,0,2,0,0,3,0,RETURN_SEQUENCE,RETURN_PRE_IDLE;RETURN_PRE_IDLE;RTS_POST_POP_IDLE,00000180,000000,80FB5B,V02C_MATRIX_PLUS_PINNED_MESEN_CPU_SOURCE_ORDER_NO_GAMEPLAY
V05C001104,81:9C46:E0M1X1,040CE233,81,9C46,0,1,1,C2,REP,IMM8,2,C230,NATIVE_BODY,NATIVE_BODY,3,3,NONE,2,0,0,0,0,0,0,0,1,0,FIXED_IDLE_SEQUENCE,STATUS_PRE_IDLE,00002000,000030,819C46,V02C_MATRIX_PLUS_PINNED_MESEN_CPU_SOURCE_ORDER_NO_GAMEPLAY
V05C001105,81:9C48:E0M0X0,040CE240,81,9C48,0,0,0,A2,LDX,IMM_X,3,A20000,NATIVE_BODY,NATIVE_BODY,3,3,NONE,3,0,0,0,0,0,0,0,0,0,LINEAR_BUS_SEQUENCE,,00000000,000000,819C48,V02C_MATRIX_PLUS_PINNED_MESEN_CPU_SOURCE_ORDER_NO_GAMEPLAY
V05C001106,81:9C4B:E0M0X0,040CE258,81,9C4B,0,0,0,A9,LDA,IMM_M,3,A98000,NATIVE_BODY,NATIVE_BODY,3,3,NONE,3,0,0,0,0,0,0,0,0,0,LINEAR_BUS_SEQUENCE,,00000000,000080,819C4B,V02C_MATRIX_PLUS_PINNED_MESEN_CPU_SOURCE_ORDER_NO_GAMEPLAY
V05C001107,81:9C4E:E0M0X0,040CE270,81,9C4E,0,0,0,9D,STA,ABS_X,3,9DFA13,NATIVE_BODY,NATIVE_BODY,6,6,NONE,3,0,0,2,0,0,0,0,1,0,INDEX_SEQUENCE,INDEX_FIXED_PRE_DATA_IDLE,00040000,0013FA,819C4E,V02C_MATRIX_PLUS_PINNED_MESEN_CPU_SOURCE_ORDER_NO_GAMEPLAY
V05C001108,81:9C51:E0M0X0,040CE288,81,9C51,0,0,0,E8,INX,IMP,1,E8,NATIVE_BODY,NATIVE_BODY,2,2,NONE,1,0,0,0,0,0,0,0,1,0,FIXED_IDLE_SEQUENCE,IMPLIED_PRE_IDLE,00000800,000000,819C51,V02C_MATRIX_PLUS_PINNED_MESEN_CPU_SOURCE_ORDER_NO_GAMEPLAY
V05C001109,81:9C52:E0M0X0,040CE290,81,9C52,0,0,0,E8,INX,IMP,1,E8,NATIVE_BODY,NATIVE_BODY,2,2,NONE,1,0,0,0,0,0,0,0,1,0,FIXED_IDLE_SEQUENCE,IMPLIED_PRE_IDLE,00000800,000000,819C52,V02C_MATRIX_PLUS_PINNED_MESEN_CPU_SOURCE_ORDER_NO_GAMEPLAY
V05C001110,81:9C53:E0M0X0,040CE298,81,9C53,0,0,0,9E,STZ,ABS_X,3,9EFA13,NATIVE_BODY,NATIVE_BODY,6,6,NONE,3,0,0,2,0,0,0,0,1,0,INDEX_SEQUENCE,INDEX_FIXED_PRE_DATA_IDLE,00040000,0013FA,819C53,V02C_MATRIX_PLUS_PINNED_MESEN_CPU_SOURCE_ORDER_NO_GAMEPLAY
V05C001111,81:9C56:E0M0X0,040CE2B0,81,9C56,0,0,0,E8,INX,IMP,1,E8,NATIVE_BODY,NATIVE_BODY,2,2,NONE,1,0,0,0,0,0,0,0,1,0,FIXED_IDLE_SEQUENCE,IMPLIED_PRE_IDLE,00000800,000000,819C56,V02C_MATRIX_PLUS_PINNED_MESEN_CPU_SOURCE_ORDER_NO_GAMEPLAY
V05C001112,81:9C57:E0M0X0,040CE2B8,81,9C57,0,0,0,E8,INX,IMP,1,E8,NATIVE_BODY,NATIVE_BODY,2,2,NONE,1,0,0,0,0,0,0,0,1,0,FIXED_IDLE_SEQUENCE,IMPLIED_PRE_IDLE,00000800,000000,819C57,V02C_MATRIX_PLUS_PINNED_MESEN_CPU_SOURCE_ORDER_NO_GAMEPLAY
V05C001113,81:9C58:E0M0X0,040CE2C0,81,9C58,0,0,0,E0,CPX,IMM_X,3,E00001,NATIVE_BODY,NATIVE_BODY,3,3,NONE,3,0,0,0,0,0,0,0,0,0,LINEAR_BUS_SEQUENCE,,00000000,000100,819C58,V02C_MATRIX_PLUS_PINNED_MESEN_CPU_SOURCE_ORDER_NO_GAMEPLAY
V05C001114,81:9C5B:E0M0X0,040CE2D8,81,9C5B,0,0,0,90,BCC,REL8,2,90F1,NATIVE_BODY,NATIVE_BODY,2,3,BRANCH_TAKEN:+1,2,0,0,0,0,0,0,0,0,1,BRANCH_SEQUENCE,DYN_BRANCH_TAKEN_POST_IDLE,00000004,0000F1,819C5B,V02C_MATRIX_PLUS_PINNED_MESEN_CPU_SOURCE_ORDER_NO_GAMEPLAY
V05C001115,81:9C5D:E0M0X0,040CE2E8,81,9C5D,0,0,0,A2,LDX,IMM_X,3,A20000,NATIVE_BODY,NATIVE_BODY,3,3,NONE,3,0,0,0,0,0,0,0,0,0,LINEAR_BUS_SEQUENCE,,00000000,000000,819C5D,V02C_MATRIX_PLUS_PINNED_MESEN_CPU_SOURCE_ORDER_NO_GAMEPLAY
V05C001116,81:9C60:E0M0X0,040CE300,81,9C60,0,0,0,A9,LDA,IMM_M,3,A9FFFF,NATIVE_BODY,NATIVE_BODY,3,3,NONE,3,0,0,0,0,0,0,0,0,0,LINEAR_BUS_SEQUENCE,,00000000,00FFFF,819C60,V02C_MATRIX_PLUS_PINNED_MESEN_CPU_SOURCE_ORDER_NO_GAMEPLAY
V05C001117,81:9C63:E0M0X0,040CE318,81,9C63,0,0,0,9D,STA,ABS_X,3,9DFA14,NATIVE_BODY,NATIVE_BODY,6,6,NONE,3,0,0,2,0,0,0,0,1,0,INDEX_SEQUENCE,INDEX_FIXED_PRE_DATA_IDLE,00040000,0014FA,819C63,V02C_MATRIX_PLUS_PINNED_MESEN_CPU_SOURCE_ORDER_NO_GAMEPLAY
V05C001118,81:9C66:E0M0X0,040CE330,81,9C66,0,0,0,E8,INX,IMP,1,E8,NATIVE_BODY,NATIVE_BODY,2,2,NONE,1,0,0,0,0,0,0,0,1,0,FIXED_IDLE_SEQUENCE,IMPLIED_PRE_IDLE,00000800,000000,819C66,V02C_MATRIX_PLUS_PINNED_MESEN_CPU_SOURCE_ORDER_NO_GAMEPLAY
V05C001119,81:9C67:E0M0X0,040CE338,81,9C67,0,0,0,E8,INX,IMP,1,E8,NATIVE_BODY,NATIVE_BODY,2,2,NONE,1,0,0,0,0,0,0,0,1,0,FIXED_IDLE_SEQUENCE,IMPLIED_PRE_IDLE,00000800,000000,819C67,V02C_MATRIX_PLUS_PINNED_MESEN_CPU_SOURCE_ORDER_NO_GAMEPLAY
V05C001120,81:9C68:E0M0X0,040CE340,81,9C68,0,0,0,E0,CPX,IMM_X,3,E01000,NATIVE_BODY,NATIVE_BODY,3,3,NONE,3,0,0,0,0,0,0,0,0,0,LINEAR_BUS_SEQUENCE,,00000000,000010,819C68,V02C_MATRIX_PLUS_PINNED_MESEN_CPU_SOURCE_ORDER_NO_GAMEPLAY
V05C001121,81:9C6B:E0M0X0,040CE358,81,9C6B,0,0,0,90,BCC,REL8,2,90F6,NATIVE_BODY,NATIVE_BODY,2,3,BRANCH_TAKEN:+1,2,0,0,0,0,0,0,0,0,1,BRANCH_SEQUENCE,DYN_BRANCH_TAKEN_POST_IDLE,00000004,0000F6,819C6B,V02C_MATRIX_PLUS_PINNED_MESEN_CPU_SOURCE_ORDER_NO_GAMEPLAY
V05C001122,81:9C6D:E0M0X0,040CE368,81,9C6D,0,0,0,E2,SEP,IMM8,2,E230,NATIVE_BODY,NATIVE_BODY,3,3,NONE,2,0,0,0,0,0,0,0,1,0,FIXED_IDLE_SEQUENCE,STATUS_PRE_IDLE,00002000,000030,819C6D,V02C_MATRIX_PLUS_PINNED_MESEN_CPU_SOURCE_ORDER_NO_GAMEPLAY
V05C001123,81:9C6F:E0M1X1,040CE37B,81,9C6F,0,1,1,9C,STZ,ABS,3,9C4043,NATIVE_BODY,NATIVE_BODY,4,4,NONE,3,0,0,1,0,0,0,0,0,0,LINEAR_BUS_SEQUENCE,,00000000,004340,819C6F,V02C_MATRIX_PLUS_PINNED_MESEN_CPU_SOURCE_ORDER_NO_GAMEPLAY
V05C001124,81:9C72:E0M1X1,040CE393,81,9C72,0,1,1,A9,LDA,IMM_M,2,A904,NATIVE_BODY,NATIVE_BODY,2,2,NONE,2,0,0,0,0,0,0,0,0,0,LINEAR_BUS_SEQUENCE,,00000000,000004,819C72,V02C_MATRIX_PLUS_PINNED_MESEN_CPU_SOURCE_ORDER_NO_GAMEPLAY
V05C001125,81:9C74:E0M1X1,040CE3A3,81,9C74,0,1,1,8D,STA,ABS,3,8D4143,NATIVE_BODY,NATIVE_BODY,4,4,NONE,3,0,0,1,0,0,0,0,0,0,LINEAR_BUS_SEQUENCE,,00000000,004341,819C74,V02C_MATRIX_PLUS_PINNED_MESEN_CPU_SOURCE_ORDER_NO_GAMEPLAY
V05C001126,81:9C77:E0M1X1,040CE3BB,81,9C77,0,1,1,A9,LDA,IMM_M,2,A97E,NATIVE_BODY,NATIVE_BODY,2,2,NONE,2,0,0,0,0,0,0,0,0,0,LINEAR_BUS_SEQUENCE,,00000000,00007E,819C77,V02C_MATRIX_PLUS_PINNED_MESEN_CPU_SOURCE_ORDER_NO_GAMEPLAY
V05C001127,81:9C79:E0M1X1,040CE3CB,81,9C79,0,1,1,8D,STA,ABS,3,8D4443,NATIVE_BODY,NATIVE_BODY,4,4,NONE,3,0,0,1,0,0,0,0,0,0,LINEAR_BUS_SEQUENCE,,00000000,004344,819C79,V02C_MATRIX_PLUS_PINNED_MESEN_CPU_SOURCE_ORDER_NO_GAMEPLAY
V05C001128,81:9C7C:E0M1X1,040CE3E3,81,9C7C,0,1,1,9C,STZ,ABS,3,9C4002,NATIVE_BODY,NATIVE_BODY,4,4,NONE,3,0,0,1,0,0,0,0,0,0,LINEAR_BUS_SEQUENCE,,00000000,000240,819C7C,V02C_MATRIX_PLUS_PINNED_MESEN_CPU_SOURCE_ORDER_NO_GAMEPLAY
V05C001129,81:9C7F:E0M1X1,040CE3FB,81,9C7F,0,1,1,60,RTS,IMP,1,60,NATIVE_BODY,NATIVE_BODY,6,6,NONE,1,0,0,0,0,2,0,0,3,0,RETURN_SEQUENCE,RETURN_PRE_IDLE;RETURN_PRE_IDLE;RTS_POST_POP_IDLE,00000180,000000,819C7F,V02C_MATRIX_PLUS_PINNED_MESEN_CPU_SOURCE_ORDER_NO_GAMEPLAY
V05C001130,81:9C8C:E0M1X1,040CE463,81,9C8C,0,1,1,C2,REP,IMM8,2,C230,NATIVE_BODY,NATIVE_BODY,3,3,NONE,2,0,0,0,0,0,0,0,1,0,FIXED_IDLE_SEQUENCE,STATUS_PRE_IDLE,00002000,000030,819C8C,V02C_MATRIX_PLUS_PINNED_MESEN_CPU_SOURCE_ORDER_NO_GAMEPLAY
V05C001131,81:9C8E:E0M0X0,040CE470,81,9C8E,0,0,0,A0,LDY,IMM_X,3,A0FE00,NATIVE_BODY,NATIVE_BODY,3,3,NONE,3,0,0,0,0,0,0,0,0,0,LINEAR_BUS_SEQUENCE,,00000000,0000FE,819C8E,V02C_MATRIX_PLUS_PINNED_MESEN_CPU_SOURCE_ORDER_NO_GAMEPLAY
V05C001132,81:9C91:E0M0X0,040CE488,81,9C91,0,0,0,B9,LDA,ABS_Y,3,B9FA13,NATIVE_BODY,NATIVE_BODY,6,6,NONE,3,0,2,0,0,0,0,0,1,0,INDEX_SEQUENCE,INDEX_FIXED_PRE_DATA_IDLE,00040000,0013FA,819C91,V02C_MATRIX_PLUS_PINNED_MESEN_CPU_SOURCE_ORDER_NO_GAMEPLAY
V05C001133,81:9C94:E0M0X0,040CE4A0,81,9C94,0,0,0,99,STA,ABS_Y,3,991A16,NATIVE_BODY,NATIVE_BODY,6,6,NONE,3,0,0,2,0,0,0,0,1,0,INDEX_SEQUENCE,INDEX_FIXED_PRE_DATA_IDLE,00040000,00161A,819C94,V02C_MATRIX_PLUS_PINNED_MESEN_CPU_SOURCE_ORDER_NO_GAMEPLAY
V05C001134,81:9C97:E0M0X0,040CE4B8,81,9C97,0,0,0,88,DEY,IMP,1,88,NATIVE_BODY,NATIVE_BODY,2,2,NONE,1,0,0,0,0,0,0,0,1,0,FIXED_IDLE_SEQUENCE,IMPLIED_PRE_IDLE,00000800,000000,819C97,V02C_MATRIX_PLUS_PINNED_MESEN_CPU_SOURCE_ORDER_NO_GAMEPLAY
V05C001135,81:9C98:E0M0X0,040CE4C0,81,9C98,0,0,0,88,DEY,IMP,1,88,NATIVE_BODY,NATIVE_BODY,2,2,NONE,1,0,0,0,0,0,0,0,1,0,FIXED_IDLE_SEQUENCE,IMPLIED_PRE_IDLE,00000800,000000,819C98,V02C_MATRIX_PLUS_PINNED_MESEN_CPU_SOURCE_ORDER_NO_GAMEPLAY
V05C001136,81:9C99:E0M0X0,040CE4C8,81,9C99,0,0,0,10,BPL,REL8,2,10F6,NATIVE_BODY,NATIVE_BODY,2,3,BRANCH_TAKEN:+1,2,0,0,0,0,0,0,0,0,1,BRANCH_SEQUENCE,DYN_BRANCH_TAKEN_POST_IDLE,00000004,0000F6,819C99,V02C_MATRIX_PLUS_PINNED_MESEN_CPU_SOURCE_ORDER_NO_GAMEPLAY
V05C001137,81:9C9B:E0M0X0,040CE4D8,81,9C9B,0,0,0,A0,LDY,IMM_X,3,A00E00,NATIVE_BODY,NATIVE_BODY,3,3,NONE,3,0,0,0,0,0,0,0,0,0,LINEAR_BUS_SEQUENCE,,00000000,00000E,819C9B,V02C_MATRIX_PLUS_PINNED_MESEN_CPU_SOURCE_ORDER_NO_GAMEPLAY
V05C001138,81:9C9E:E0M0X0,040CE4F0,81,9C9E,0,0,0,B9,LDA,ABS_Y,3,B9FA14,NATIVE_BODY,NATIVE_BODY,6,6,NONE,3,0,2,0,0,0,0,0,1,0,INDEX_SEQUENCE,INDEX_FIXED_PRE_DATA_IDLE,00040000,0014FA,819C9E,V02C_MATRIX_PLUS_PINNED_MESEN_CPU_SOURCE_ORDER_NO_GAMEPLAY
V05C001139,81:9CA1:E0M0X0,040CE508,81,9CA1,0,0,0,99,STA,ABS_Y,3,991A17,NATIVE_BODY,NATIVE_BODY,6,6,NONE,3,0,0,2,0,0,0,0,1,0,INDEX_SEQUENCE,INDEX_FIXED_PRE_DATA_IDLE,00040000,00171A,819CA1,V02C_MATRIX_PLUS_PINNED_MESEN_CPU_SOURCE_ORDER_NO_GAMEPLAY
V05C001140,81:9CA4:E0M0X0,040CE520,81,9CA4,0,0,0,88,DEY,IMP,1,88,NATIVE_BODY,NATIVE_BODY,2,2,NONE,1,0,0,0,0,0,0,0,1,0,FIXED_IDLE_SEQUENCE,IMPLIED_PRE_IDLE,00000800,000000,819CA4,V02C_MATRIX_PLUS_PINNED_MESEN_CPU_SOURCE_ORDER_NO_GAMEPLAY
V05C001141,81:9CA5:E0M0X0,040CE528,81,9CA5,0,0,0,88,DEY,IMP,1,88,NATIVE_BODY,NATIVE_BODY,2,2,NONE,1,0,0,0,0,0,0,0,1,0,FIXED_IDLE_SEQUENCE,IMPLIED_PRE_IDLE,00000800,000000,819CA5,V02C_MATRIX_PLUS_PINNED_MESEN_CPU_SOURCE_ORDER_NO_GAMEPLAY
V05C001142,81:9CA6:E0M0X0,040CE530,81,9CA6,0,0,0,10,BPL,REL8,2,10F6,NATIVE_BODY,NATIVE_BODY,2,3,BRANCH_TAKEN:+1,2,0,0,0,0,0,0,0,0,1,BRANCH_SEQUENCE,DYN_BRANCH_TAKEN_POST_IDLE,00000004,0000F6,819CA6,V02C_MATRIX_PLUS_PINNED_MESEN_CPU_SOURCE_ORDER_NO_GAMEPLAY
V05C001143,81:9CA8:E0M0X0,040CE540,81,9CA8,0,0,0,E2,SEP,IMM8,2,E230,NATIVE_BODY,NATIVE_BODY,3,3,NONE,2,0,0,0,0,0,0,0,1,0,FIXED_IDLE_SEQUENCE,STATUS_PRE_IDLE,00002000,000030,819CA8,V02C_MATRIX_PLUS_PINNED_MESEN_CPU_SOURCE_ORDER_NO_GAMEPLAY
V05C001144,81:9CAA:E0M1X1,040CE553,81,9CAA,0,1,1,EE,INC,ABS,3,EE4002,NATIVE_BODY,NATIVE_BODY,6,6,NONE,3,0,1,1,0,0,0,0,1,0,RMW_SEQUENCE,RMW_INTERMEDIATE_IDLE,00010000,000240,819CAA,V02C_MATRIX_PLUS_PINNED_MESEN_CPU_SOURCE_ORDER_NO_GAMEPLAY
V05C001145,81:9CAD:E0M1X1,040CE56B,81,9CAD,0,1,1,60,RTS,IMP,1,60,NATIVE_BODY,NATIVE_BODY,6,6,NONE,1,0,0,0,0,2,0,0,3,0,RETURN_SEQUENCE,RETURN_PRE_IDLE;RETURN_PRE_IDLE;RTS_POST_POP_IDLE,00000180,000000,819CAD,V02C_MATRIX_PLUS_PINNED_MESEN_CPU_SOURCE_ORDER_NO_GAMEPLAY
V05C001146,81:9CB6:E0M1X1,040CE5B3,81,9CB6,0,1,1,AD,LDA,ABS,3,AD4002,NATIVE_BODY,NATIVE_BODY,4,4,NONE,3,0,1,0,0,0,0,0,0,0,LINEAR_BUS_SEQUENCE,,00000000,000240,819CB6,V02C_MATRIX_PLUS_PINNED_MESEN_CPU_SOURCE_ORDER_NO_GAMEPLAY
V05C001147,81:9CB9:E0M1X1,040CE5CB,81,9CB9,0,1,1,F0,BEQ,REL8,2,F036,NATIVE_BODY,NATIVE_BODY,2,3,BRANCH_TAKEN:+1,2,0,0,0,0,0,0,0,0,1,BRANCH_SEQUENCE,DYN_BRANCH_TAKEN_POST_IDLE,00000004,000036,819CB9,V02C_MATRIX_PLUS_PINNED_MESEN_CPU_SOURCE_ORDER_NO_GAMEPLAY
V05C001148,81:9CBB:E0M1X1,040CE5DB,81,9CBB,0,1,1,9C,STZ,ABS,3,9C4002,NATIVE_BODY,NATIVE_BODY,4,4,NONE,3,0,0,1,0,0,0,0,0,0,LINEAR_BUS_SEQUENCE,,00000000,000240,819CBB,V02C_MATRIX_PLUS_PINNED_MESEN_CPU_SOURCE_ORDER_NO_GAMEPLAY
V05C001149,81:9CBE:E0M1X1,040CE5F3,81,9CBE,0,1,1,C2,REP,IMM8,2,C230,NATIVE_BODY,NATIVE_BODY,3,3,NONE,2,0,0,0,0,0,0,0,1,0,FIXED_IDLE_SEQUENCE,STATUS_PRE_IDLE,00002000,000030,819CBE,V02C_MATRIX_PLUS_PINNED_MESEN_CPU_SOURCE_ORDER_NO_GAMEPLAY
V05C001150,81:9CC0:E0M0X0,040CE600,81,9CC0,0,0,0,9C,STZ,ABS,3,9C0221,NATIVE_BODY,NATIVE_BODY,5,5,NONE,3,0,0,2,0,0,0,0,0,0,LINEAR_BUS_SEQUENCE,,00000000,002102,819CC0,V02C_MATRIX_PLUS_PINNED_MESEN_CPU_SOURCE_ORDER_NO_GAMEPLAY
V05C001151,81:9CC3:E0M0X0,040CE618,81,9CC3,0,0,0,A9,LDA,IMM_M,3,A9FA13,NATIVE_BODY,NATIVE_BODY,3,3,NONE,3,0,0,0,0,0,0,0,0,0,LINEAR_BUS_SEQUENCE,,00000000,0013FA,819CC3,V02C_MATRIX_PLUS_PINNED_MESEN_CPU_SOURCE_ORDER_NO_GAMEPLAY
V05C001152,81:9CC6:E0M0X0,040CE630,81,9CC6,0,0,0,8D,STA,ABS,3,8D4243,NATIVE_BODY,NATIVE_BODY,5,5,NONE,3,0,0,2,0,0,0,0,0,0,LINEAR_BUS_SEQUENCE,,00000000,004342,819CC6,V02C_MATRIX_PLUS_PINNED_MESEN_CPU_SOURCE_ORDER_NO_GAMEPLAY
V05C001153,81:9CC9:E0M0X0,040CE648,81,9CC9,0,0,0,A9,LDA,IMM_M,3,A90001,NATIVE_BODY,NATIVE_BODY,3,3,NONE,3,0,0,0,0,0,0,0,0,0,LINEAR_BUS_SEQUENCE,,00000000,000100,819CC9,V02C_MATRIX_PLUS_PINNED_MESEN_CPU_SOURCE_ORDER_NO_GAMEPLAY
V05C001154,81:9CCC:E0M0X0,040CE660,81,9CCC,0,0,0,8D,STA,ABS,3,8D4543,NATIVE_BODY,NATIVE_BODY,5,5,NONE,3,0,0,2,0,0,0,0,0,0,LINEAR_BUS_SEQUENCE,,00000000,004345,819CCC,V02C_MATRIX_PLUS_PINNED_MESEN_CPU_SOURCE_ORDER_NO_GAMEPLAY
V05C001155,81:9CCF:E0M0X0,040CE678,81,9CCF,0,0,0,E2,SEP,IMM8,2,E230,NATIVE_BODY,NATIVE_BODY,3,3,NONE,2,0,0,0,0,0,0,0,1,0,FIXED_IDLE_SEQUENCE,STATUS_PRE_IDLE,00002000,000030,819CCF,V02C_MATRIX_PLUS_PINNED_MESEN_CPU_SOURCE_ORDER_NO_GAMEPLAY
V05C001156,81:9CD1:E0M1X1,040CE68B,81,9CD1,0,1,1,A9,LDA,IMM_M,2,A910,NATIVE_BODY,NATIVE_BODY,2,2,NONE,2,0,0,0,0,0,0,0,0,0,LINEAR_BUS_SEQUENCE,,00000000,000010,819CD1,V02C_MATRIX_PLUS_PINNED_MESEN_CPU_SOURCE_ORDER_NO_GAMEPLAY
V05C001157,81:9CD3:E0M1X1,040CE69B,81,9CD3,0,1,1,8D,STA,ABS,3,8D0B42,NATIVE_BODY,NATIVE_BODY,4,4,NONE,3,0,0,1,0,0,0,0,0,0,LINEAR_BUS_SEQUENCE,,00000000,00420B,819CD3,V02C_MATRIX_PLUS_PINNED_MESEN_CPU_SOURCE_ORDER_NO_GAMEPLAY
V05C001158,81:9CD6:E0M1X1,040CE6B3,81,9CD6,0,1,1,C2,REP,IMM8,2,C230,NATIVE_BODY,NATIVE_BODY,3,3,NONE,2,0,0,0,0,0,0,0,1,0,FIXED_IDLE_SEQUENCE,STATUS_PRE_IDLE,00002000,000030,819CD6,V02C_MATRIX_PLUS_PINNED_MESEN_CPU_SOURCE_ORDER_NO_GAMEPLAY
V05C001159,81:9CD8:E0M0X0,040CE6C0,81,9CD8,0,0,0,A9,LDA,IMM_M,3,A90001,NATIVE_BODY,NATIVE_BODY,3,3,NONE,3,0,0,0,0,0,0,0,0,0,LINEAR_BUS_SEQUENCE,,00000000,000100,819CD8,V02C_MATRIX_PLUS_PINNED_MESEN_CPU_SOURCE_ORDER_NO_GAMEPLAY
V05C001160,81:9CDB:E0M0X0,040CE6D8,81,9CDB,0,0,0,8D,STA,ABS,3,8D0221,NATIVE_BODY,NATIVE_BODY,5,5,NONE,3,0,0,2,0,0,0,0,0,0,LINEAR_BUS_SEQUENCE,,00000000,002102,819CDB,V02C_MATRIX_PLUS_PINNED_MESEN_CPU_SOURCE_ORDER_NO_GAMEPLAY
V05C001161,81:9CDE:E0M0X0,040CE6F0,81,9CDE,0,0,0,A9,LDA,IMM_M,3,A9FA14,NATIVE_BODY,NATIVE_BODY,3,3,NONE,3,0,0,0,0,0,0,0,0,0,LINEAR_BUS_SEQUENCE,,00000000,0014FA,819CDE,V02C_MATRIX_PLUS_PINNED_MESEN_CPU_SOURCE_ORDER_NO_GAMEPLAY
V05C001162,81:9CE1:E0M0X0,040CE708,81,9CE1,0,0,0,8D,STA,ABS,3,8D4243,NATIVE_BODY,NATIVE_BODY,5,5,NONE,3,0,0,2,0,0,0,0,0,0,LINEAR_BUS_SEQUENCE,,00000000,004342,819CE1,V02C_MATRIX_PLUS_PINNED_MESEN_CPU_SOURCE_ORDER_NO_GAMEPLAY
V05C001163,81:9CE4:E0M0X0,040CE720,81,9CE4,0,0,0,A9,LDA,IMM_M,3,A91000,NATIVE_BODY,NATIVE_BODY,3,3,NONE,3,0,0,0,0,0,0,0,0,0,LINEAR_BUS_SEQUENCE,,00000000,000010,819CE4,V02C_MATRIX_PLUS_PINNED_MESEN_CPU_SOURCE_ORDER_NO_GAMEPLAY
V05C001164,81:9CE7:E0M0X0,040CE738,81,9CE7,0,0,0,8D,STA,ABS,3,8D4543,NATIVE_BODY,NATIVE_BODY,5,5,NONE,3,0,0,2,0,0,0,0,0,0,LINEAR_BUS_SEQUENCE,,00000000,004345,819CE7,V02C_MATRIX_PLUS_PINNED_MESEN_CPU_SOURCE_ORDER_NO_GAMEPLAY
V05C001165,81:9CEA:E0M0X0,040CE750,81,9CEA,0,0,0,E2,SEP,IMM8,2,E230,NATIVE_BODY,NATIVE_BODY,3,3,NONE,2,0,0,0,0,0,0,0,1,0,FIXED_IDLE_SEQUENCE,STATUS_PRE_IDLE,00002000,000030,819CEA,V02C_MATRIX_PLUS_PINNED_MESEN_CPU_SOURCE_ORDER_NO_GAMEPLAY
V05C001166,81:9CEC:E0M1X1,040CE763,81,9CEC,0,1,1,A9,LDA,IMM_M,2,A910,NATIVE_BODY,NATIVE_BODY,2,2,NONE,2,0,0,0,0,0,0,0,0,0,LINEAR_BUS_SEQUENCE,,00000000,000010,819CEC,V02C_MATRIX_PLUS_PINNED_MESEN_CPU_SOURCE_ORDER_NO_GAMEPLAY
V05C001167,81:9CEE:E0M1X1,040CE773,81,9CEE,0,1,1,8D,STA,ABS,3,8D0B42,NATIVE_BODY,NATIVE_BODY,4,4,NONE,3,0,0,1,0,0,0,0,0,0,LINEAR_BUS_SEQUENCE,,00000000,00420B,819CEE,V02C_MATRIX_PLUS_PINNED_MESEN_CPU_SOURCE_ORDER_NO_GAMEPLAY
V05C001168,81:9CF1:E0M1X1,040CE78B,81,9CF1,0,1,1,60,RTS,IMP,1,60,NATIVE_BODY,NATIVE_BODY,6,6,NONE,1,0,0,0,0,2,0,0,3,0,RETURN_SEQUENCE,RETURN_PRE_IDLE;RETURN_PRE_IDLE;RTS_POST_POP_IDLE,00000180,000000,819CF1,V02C_MATRIX_PLUS_PINNED_MESEN_CPU_SOURCE_ORDER_NO_GAMEPLAY
V05C001169,81:9D40:E0M1X1,040CEA03,81,9D40,0,1,1,A9,LDA,IMM_M,2,A915,NATIVE_BODY,NATIVE_BODY,2,2,NONE,2,0,0,0,0,0,0,0,0,0,LINEAR_BUS_SEQUENCE,,00000000,000015,819D40,V02C_MATRIX_PLUS_PINNED_MESEN_CPU_SOURCE_ORDER_NO_GAMEPLAY
V05C001170,81:9D42:E0M1X1,040CEA13,81,9D42,0,1,1,8D,STA,ABS,3,8D2C21,NATIVE_BODY,NATIVE_BODY,4,4,NONE,3,0,0,1,0,0,0,0,0,0,LINEAR_BUS_SEQUENCE,,00000000,00212C,819D42,V02C_MATRIX_PLUS_PINNED_MESEN_CPU_SOURCE_ORDER_NO_GAMEPLAY
V05C001171,81:9D45:E0M1X1,040CEA2B,81,9D45,0,1,1,A9,LDA,IMM_M,2,A980,NATIVE_BODY,NATIVE_BODY,2,2,NONE,2,0,0,0,0,0,0,0,0,0,LINEAR_BUS_SEQUENCE,,00000000,000080,819D45,V02C_MATRIX_PLUS_PINNED_MESEN_CPU_SOURCE_ORDER_NO_GAMEPLAY
V05C001172,81:9D47:E0M1X1,040CEA3B,81,9D47,0,1,1,8D,STA,ABS,3,8D1521,NATIVE_BODY,NATIVE_BODY,4,4,NONE,3,0,0,1,0,0,0,0,0,0,LINEAR_BUS_SEQUENCE,,00000000,002115,819D47,V02C_MATRIX_PLUS_PINNED_MESEN_CPU_SOURCE_ORDER_NO_GAMEPLAY
V05C001173,81:9D4A:E0M1X1,040CEA53,81,9D4A,0,1,1,9C,STZ,ABS,3,9C5503,NATIVE_BODY,NATIVE_BODY,4,4,NONE,3,0,0,1,0,0,0,0,0,0,LINEAR_BUS_SEQUENCE,,00000000,000355,819D4A,V02C_MATRIX_PLUS_PINNED_MESEN_CPU_SOURCE_ORDER_NO_GAMEPLAY
V05C001174,81:9D4D:E0M1X1,040CEA6B,81,9D4D,0,1,1,A9,LDA,IMM_M,2,A981,NATIVE_BODY,NATIVE_BODY,2,2,NONE,2,0,0,0,0,0,0,0,0,0,LINEAR_BUS_SEQUENCE,,00000000,000081,819D4D,V02C_MATRIX_PLUS_PINNED_MESEN_CPU_SOURCE_ORDER_NO_GAMEPLAY
V05C001175,81:9D4F:E0M1X1,040CEA7B,81,9D4F,0,1,1,8D,STA,ABS,3,8D0042,NATIVE_BODY,NATIVE_BODY,4,4,NONE,3,0,0,1,0,0,0,0,0,0,LINEAR_BUS_SEQUENCE,,00000000,004200,819D4F,V02C_MATRIX_PLUS_PINNED_MESEN_CPU_SOURCE_ORDER_NO_GAMEPLAY
V05C001176,81:9D52:E0M1X1,040CEA93,81,9D52,0,1,1,C2,REP,IMM8,2,C230,NATIVE_BODY,NATIVE_BODY,3,3,NONE,2,0,0,0,0,0,0,0,1,0,FIXED_IDLE_SEQUENCE,STATUS_PRE_IDLE,00002000,000030,819D52,V02C_MATRIX_PLUS_PINNED_MESEN_CPU_SOURCE_ORDER_NO_GAMEPLAY
V05C001177,81:9D54:E0M0X0,040CEAA0,81,9D54,0,0,0,A9,LDA,IMM_M,3,A9003C,NATIVE_BODY,NATIVE_BODY,3,3,NONE,3,0,0,0,0,0,0,0,0,0,LINEAR_BUS_SEQUENCE,,00000000,003C00,819D54,V02C_MATRIX_PLUS_PINNED_MESEN_CPU_SOURCE_ORDER_NO_GAMEPLAY
V05C001178,81:9D57:E0M0X0,040CEAB8,81,9D57,0,0,0,8D,STA,ABS,3,8D5B03,NATIVE_BODY,NATIVE_BODY,5,5,NONE,3,0,0,2,0,0,0,0,0,0,LINEAR_BUS_SEQUENCE,,00000000,00035B,819D57,V02C_MATRIX_PLUS_PINNED_MESEN_CPU_SOURCE_ORDER_NO_GAMEPLAY
V05C001179,81:9D5A:E0M0X0,040CEAD0,81,9D5A,0,0,0,A9,LDA,IMM_M,3,A93000,NATIVE_BODY,NATIVE_BODY,3,3,NONE,3,0,0,0,0,0,0,0,0,0,LINEAR_BUS_SEQUENCE,,00000000,000030,819D5A,V02C_MATRIX_PLUS_PINNED_MESEN_CPU_SOURCE_ORDER_NO_GAMEPLAY
V05C001180,81:9D5D:E0M0X0,040CEAE8,81,9D5D,0,0,0,22,JSL,ABSL_JUMP,4,229B8380,NATIVE_BODY,NATIVE_BODY,8,8,NONE,4,0,0,0,0,0,3,0,1,0,JSL_DEFERRED_BANK_FETCH,JSL_AFTER_PBR_PUSH_IDLE,00000010,80839B,819D5D,V02C_MATRIX_PLUS_PINNED_MESEN_CPU_SOURCE_ORDER_NO_GAMEPLAY
V05C001181,81:9D61:E0M0X0,040CEB08,81,9D61,0,0,0,A9,LDA,IMM_M,3,A90020,NATIVE_BODY,NATIVE_BODY,3,3,NONE,3,0,0,0,0,0,0,0,0,0,LINEAR_BUS_SEQUENCE,,00000000,002000,819D61,V02C_MATRIX_PLUS_PINNED_MESEN_CPU_SOURCE_ORDER_NO_GAMEPLAY
V05C001182,81:9D64:E0M0X0,040CEB20,81,9D64,0,0,0,8D,STA,ABS,3,8D5903,NATIVE_BODY,NATIVE_BODY,5,5,NONE,3,0,0,2,0,0,0,0,0,0,LINEAR_BUS_SEQUENCE,,00000000,000359,819D64,V02C_MATRIX_PLUS_PINNED_MESEN_CPU_SOURCE_ORDER_NO_GAMEPLAY
V05C001183,81:9D67:E0M0X0,040CEB38,81,9D67,0,0,0,E2,SEP,IMM8,2,E230,NATIVE_BODY,NATIVE_BODY,3,3,NONE,2,0,0,0,0,0,0,0,1,0,FIXED_IDLE_SEQUENCE,STATUS_PRE_IDLE,00002000,000030,819D67,V02C_MATRIX_PLUS_PINNED_MESEN_CPU_SOURCE_ORDER_NO_GAMEPLAY
V05C001184,81:9D69:E0M1X1,040CEB4B,81,9D69,0,1,1,60,RTS,IMP,1,60,NATIVE_BODY,NATIVE_BODY,6,6,NONE,1,0,0,0,0,2,0,0,3,0,RETURN_SEQUENCE,RETURN_PRE_IDLE;RETURN_PRE_IDLE;RTS_POST_POP_IDLE,00000180,000000,819D69,V02C_MATRIX_PLUS_PINNED_MESEN_CPU_SOURCE_ORDER_NO_GAMEPLAY
V05C001185,81:9D72:E0M0X0,040CEB90,81,9D72,0,0,0,5A,PHY,IMP,1,5A,NATIVE_BODY,NATIVE_BODY,4,4,NONE,1,0,0,0,0,0,2,0,1,0,FIXED_IDLE_SEQUENCE,PUSH_PRE_IDLE,00000200,000000,819D72,V02C_MATRIX_PLUS_PINNED_MESEN_CPU_SOURCE_ORDER_NO_GAMEPLAY
V05C001186,81:9D73:E0M0X0,040CEB98,81,9D73,0,0,0,DA,PHX,IMP,1,DA,NATIVE_BODY,NATIVE_BODY,4,4,NONE,1,0,0,0,0,0,2,0,1,0,FIXED_IDLE_SEQUENCE,PUSH_PRE_IDLE,00000200,000000,819D73,V02C_MATRIX_PLUS_PINNED_MESEN_CPU_SOURCE_ORDER_NO_GAMEPLAY
V05C001187,81:9D74:E0M0X0,040CEBA0,81,9D74,0,0,0,22,JSL,ABSL_JUMP,4,229B8380,NATIVE_BODY,NATIVE_BODY,8,8,NONE,4,0,0,0,0,0,3,0,1,0,JSL_DEFERRED_BANK_FETCH,JSL_AFTER_PBR_PUSH_IDLE,00000010,80839B,819D74,V02C_MATRIX_PLUS_PINNED_MESEN_CPU_SOURCE_ORDER_NO_GAMEPLAY
V05C001188,81:9D78:E0M0X0,040CEBC0,81,9D78,0,0,0,68,PLA,IMP,1,68,NATIVE_BODY,NATIVE_BODY,5,5,NONE,1,0,0,0,0,2,0,0,2,0,FIXED_IDLE_SEQUENCE,PULL_PRE_IDLE;PULL_PRE_IDLE,00000400,000000,819D78,V02C_MATRIX_PLUS_PINNED_MESEN_CPU_SOURCE_ORDER_NO_GAMEPLAY
V05C001189,81:9D79:E0M0X0,040CEBC8,81,9D79,0,0,0,22,JSL,ABSL_JUMP,4,229B8380,NATIVE_BODY,NATIVE_BODY,8,8,NONE,4,0,0,0,0,0,3,0,1,0,JSL_DEFERRED_BANK_FETCH,JSL_AFTER_PBR_PUSH_IDLE,00000010,80839B,819D79,V02C_MATRIX_PLUS_PINNED_MESEN_CPU_SOURCE_ORDER_NO_GAMEPLAY
V05C001190,81:9D7D:E0M0X0,040CEBE8,81,9D7D,0,0,0,68,PLA,IMP,1,68,NATIVE_BODY,NATIVE_BODY,5,5,NONE,1,0,0,0,0,2,0,0,2,0,FIXED_IDLE_SEQUENCE,PULL_PRE_IDLE;PULL_PRE_IDLE,00000400,000000,819D7D,V02C_MATRIX_PLUS_PINNED_MESEN_CPU_SOURCE_ORDER_NO_GAMEPLAY
V05C001191,81:9D7E:E0M0X0,040CEBF0,81,9D7E,0,0,0,A2,LDX,IMM_X,3,A20020,NATIVE_BODY,NATIVE_BODY,3,3,NONE,3,0,0,0,0,0,0,0,0,0,LINEAR_BUS_SEQUENCE,,00000000,002000,819D7E,V02C_MATRIX_PLUS_PINNED_MESEN_CPU_SOURCE_ORDER_NO_GAMEPLAY
V05C001192,81:9D81:E0M0X0,040CEC08,81,9D81,0,0,0,22,JSL,ABSL_JUMP,4,22F78280,NATIVE_BODY,NATIVE_BODY,8,8,NONE,4,0,0,0,0,0,3,0,1,0,JSL_DEFERRED_BANK_FETCH,JSL_AFTER_PBR_PUSH_IDLE,00000010,8082F7,819D81,V02C_MATRIX_PLUS_PINNED_MESEN_CPU_SOURCE_ORDER_NO_GAMEPLAY
V05C001193,81:9D85:E0M0X0,040CEC28,81,9D85,0,0,0,A9,LDA,IMM_M,3,A90000,NATIVE_BODY,NATIVE_BODY,3,3,NONE,3,0,0,0,0,0,0,0,0,0,LINEAR_BUS_SEQUENCE,,00000000,000000,819D85,V02C_MATRIX_PLUS_PINNED_MESEN_CPU_SOURCE_ORDER_NO_GAMEPLAY
V05C001194,81:9D88:E0M0X0,040CEC40,81,9D88,0,0,0,8F,STA,ABS_LONG,4,8F00207E,NATIVE_BODY,NATIVE_BODY,6,6,NONE,4,0,0,2,0,0,0,0,0,0,LINEAR_BUS_SEQUENCE,,00000000,7E2000,819D88,V02C_MATRIX_PLUS_PINNED_MESEN_CPU_SOURCE_ORDER_NO_GAMEPLAY
V05C001195,81:9D8C:E0M0X0,040CEC60,81,9D8C,0,0,0,E2,SEP,IMM8,2,E230,NATIVE_BODY,NATIVE_BODY,3,3,NONE,2,0,0,0,0,0,0,0,1,0,FIXED_IDLE_SEQUENCE,STATUS_PRE_IDLE,00002000,000030,819D8C,V02C_MATRIX_PLUS_PINNED_MESEN_CPU_SOURCE_ORDER_NO_GAMEPLAY
V05C001196,81:9D8E:E0M1X1,040CEC73,81,9D8E,0,1,1,22,JSL,ABSL_JUMP,4,22F4C280,NATIVE_BODY,NATIVE_BODY,8,8,NONE,4,0,0,0,0,0,3,0,1,0,JSL_DEFERRED_BANK_FETCH,JSL_AFTER_PBR_PUSH_IDLE,00000010,80C2F4,819D8E,V02C_MATRIX_PLUS_PINNED_MESEN_CPU_SOURCE_ORDER_NO_GAMEPLAY
V05C001197,81:9D92:E0M1X1,040CEC93,81,9D92,0,1,1,22,JSL,ABSL_JUMP,4,2266C080,NATIVE_BODY,NATIVE_BODY,8,8,NONE,4,0,0,0,0,0,3,0,1,0,JSL_DEFERRED_BANK_FETCH,JSL_AFTER_PBR_PUSH_IDLE,00000010,80C066,819D92,V02C_MATRIX_PLUS_PINNED_MESEN_CPU_SOURCE_ORDER_NO_GAMEPLAY
V05C001198,81:9D96:E0M1X1,040CECB3,81,9D96,0,1,1,C2,REP,IMM8,2,C230,NATIVE_BODY,NATIVE_BODY,3,3,NONE,2,0,0,0,0,0,0,0,1,0,FIXED_IDLE_SEQUENCE,STATUS_PRE_IDLE,00002000,000030,819D96,V02C_MATRIX_PLUS_PINNED_MESEN_CPU_SOURCE_ORDER_NO_GAMEPLAY
V05C001199,81:9D98:E0M0X0,040CECC0,81,9D98,0,0,0,60,RTS,IMP,1,60,NAMED_BOUNDARY,NAMED_BOUNDARY,6,6,NONE,1,0,0,0,0,2,0,0,0,0,BOUNDARY_NO_EXECUTION,BOUNDARY_NO_EXECUTION,00000000,000000,819D98,V02C_MATRIX_PLUS_PINNED_MESEN_CPU_SOURCE_ORDER_NO_GAMEPLAY
V05C001200,81:9D99:E0M1X1,040CECCB,81,9D99,0,1,1,08,PHP,IMP,1,08,NATIVE_BODY,NATIVE_BODY,3,3,NONE,1,0,0,0,0,0,1,0,1,0,FIXED_IDLE_SEQUENCE,PUSH_PRE_IDLE,00000200,000000,819D99,V02C_MATRIX_PLUS_PINNED_MESEN_CPU_SOURCE_ORDER_NO_GAMEPLAY
V05C001201,81:9D9A:E0M1X1,040CECD3,81,9D9A,0,1,1,E2,SEP,IMM8,2,E220,NATIVE_BODY,NATIVE_BODY,3,3,NONE,2,0,0,0,0,0,0,0,1,0,FIXED_IDLE_SEQUENCE,STATUS_PRE_IDLE,00002000,000020,819D9A,V02C_MATRIX_PLUS_PINNED_MESEN_CPU_SOURCE_ORDER_NO_GAMEPLAY
V05C001202,81:9D9C:E0M1X1,040CECE3,81,9D9C,0,1,1,AD,LDA,ABS,3,ADFF0B,NATIVE_BODY,NATIVE_BODY,4,4,NONE,3,0,1,0,0,0,0,0,0,0,LINEAR_BUS_SEQUENCE,,00000000,000BFF,819D9C,V02C_MATRIX_PLUS_PINNED_MESEN_CPU_SOURCE_ORDER_NO_GAMEPLAY
V05C001203,81:9D9F:E0M1X1,040CECFB,81,9D9F,0,1,1,C9,CMP,IMM_M,2,C902,NATIVE_BODY,NATIVE_BODY,2,2,NONE,2,0,0,0,0,0,0,0,0,0,LINEAR_BUS_SEQUENCE,,00000000,000002,819D9F,V02C_MATRIX_PLUS_PINNED_MESEN_CPU_SOURCE_ORDER_NO_GAMEPLAY
V05C001204,81:9DA1:E0M1X1,040CED0B,81,9DA1,0,1,1,F0,BEQ,REL8,2,F003,NATIVE_BODY,NATIVE_BODY,2,3,BRANCH_TAKEN:+1,2,0,0,0,0,0,0,0,0,1,BRANCH_SEQUENCE,DYN_BRANCH_TAKEN_POST_IDLE,00000004,000003,819DA1,V02C_MATRIX_PLUS_PINNED_MESEN_CPU_SOURCE_ORDER_NO_GAMEPLAY
V05C001205,81:9DA3:E0M1X1,040CED1B,81,9DA3,0,1,1,28,PLP,IMP,1,28,NATIVE_BODY,NATIVE_BODY,4,4,NONE,1,0,0,0,0,1,0,0,2,0,FIXED_IDLE_SEQUENCE,PULL_PRE_IDLE;PULL_PRE_IDLE,00000400,000000,819DA3,V02C_MATRIX_PLUS_PINNED_MESEN_CPU_SOURCE_ORDER_NO_GAMEPLAY
V05C001206,81:9DA4:E0M1X1,040CED23,81,9DA4,0,1,1,18,CLC,IMP,1,18,NATIVE_BODY,NATIVE_BODY,2,2,NONE,1,0,0,0,0,0,0,0,1,0,FIXED_IDLE_SEQUENCE,IMPLIED_PRE_IDLE,00000800,000000,819DA4,V02C_MATRIX_PLUS_PINNED_MESEN_CPU_SOURCE_ORDER_NO_GAMEPLAY
V05C001207,81:9DA5:E0M1X1,040CED2B,81,9DA5,0,1,1,60,RTS,IMP,1,60,NATIVE_BODY,NATIVE_BODY,6,6,NONE,1,0,0,0,0,2,0,0,3,0,RETURN_SEQUENCE,RETURN_PRE_IDLE;RETURN_PRE_IDLE;RTS_POST_POP_IDLE,00000180,000000,819DA5,V02C_MATRIX_PLUS_PINNED_MESEN_CPU_SOURCE_ORDER_NO_GAMEPLAY
V05C001208,81:9DA6:E0M1X1,040CED33,81,9DA6,0,1,1,28,PLP,IMP,1,28,NATIVE_BODY,NATIVE_BODY,4,4,NONE,1,0,0,0,0,1,0,0,2,0,FIXED_IDLE_SEQUENCE,PULL_PRE_IDLE;PULL_PRE_IDLE,00000400,000000,819DA6,V02C_MATRIX_PLUS_PINNED_MESEN_CPU_SOURCE_ORDER_NO_GAMEPLAY
V05C001209,81:9DA7:E0M1X1,040CED3B,81,9DA7,0,1,1,38,SEC,IMP,1,38,NATIVE_BODY,NATIVE_BODY,2,2,NONE,1,0,0,0,0,0,0,0,1,0,FIXED_IDLE_SEQUENCE,IMPLIED_PRE_IDLE,00000800,000000,819DA7,V02C_MATRIX_PLUS_PINNED_MESEN_CPU_SOURCE_ORDER_NO_GAMEPLAY
V05C001210,81:9DA8:E0M1X1,040CED43,81,9DA8,0,1,1,60,RTS,IMP,1,60,NATIVE_BODY,NATIVE_BODY,6,6,NONE,1,0,0,0,0,2,0,0,3,0,RETURN_SEQUENCE,RETURN_PRE_IDLE;RETURN_PRE_IDLE;RTS_POST_POP_IDLE,00000180,000000,819DA8,V02C_MATRIX_PLUS_PINNED_MESEN_CPU_SOURCE_ORDER_NO_GAMEPLAY
V05C001211,81:9DB1:E0M1X1,040CED8B,81,9DB1,0,1,1,8D,STA,ABS,3,8D0121,NATIVE_BODY,NATIVE_BODY,4,4,NONE,3,0,0,1,0,0,0,0,0,0,LINEAR_BUS_SEQUENCE,,00000000,002101,819DB1,V02C_MATRIX_PLUS_PINNED_MESEN_CPU_SOURCE_ORDER_NO_GAMEPLAY
V05C001212,81:9DB4:E0M1X1,040CEDA3,81,9DB4,0,1,1,9C,STZ,ABS,3,9C0D21,NATIVE_BODY,NATIVE_BODY,4,4,NONE,3,0,0,1,0,0,0,0,0,0,LINEAR_BUS_SEQUENCE,,00000000,00210D,819DB4,V02C_MATRIX_PLUS_PINNED_MESEN_CPU_SOURCE_ORDER_NO_GAMEPLAY
V05C001213,81:9DB7:E0M1X1,040CEDBB,81,9DB7,0,1,1,9C,STZ,ABS,3,9C0D21,NATIVE_BODY,NATIVE_BODY,4,4,NONE,3,0,0,1,0,0,0,0,0,0,LINEAR_BUS_SEQUENCE,,00000000,00210D,819DB7,V02C_MATRIX_PLUS_PINNED_MESEN_CPU_SOURCE_ORDER_NO_GAMEPLAY
V05C001214,81:9DBA:E0M1X1,040CEDD3,81,9DBA,0,1,1,9C,STZ,ABS,3,9C0F21,NATIVE_BODY,NATIVE_BODY,4,4,NONE,3,0,0,1,0,0,0,0,0,0,LINEAR_BUS_SEQUENCE,,00000000,00210F,819DBA,V02C_MATRIX_PLUS_PINNED_MESEN_CPU_SOURCE_ORDER_NO_GAMEPLAY
V05C001215,81:9DBD:E0M1X1,040CEDEB,81,9DBD,0,1,1,9C,STZ,ABS,3,9C0F21,NATIVE_BODY,NATIVE_BODY,4,4,NONE,3,0,0,1,0,0,0,0,0,0,LINEAR_BUS_SEQUENCE,,00000000,00210F,819DBD,V02C_MATRIX_PLUS_PINNED_MESEN_CPU_SOURCE_ORDER_NO_GAMEPLAY
V05C001216,81:9DC0:E0M1X1,040CEE03,81,9DC0,0,1,1,9C,STZ,ABS,3,9C1121,NATIVE_BODY,NATIVE_BODY,4,4,NONE,3,0,0,1,0,0,0,0,0,0,LINEAR_BUS_SEQUENCE,,00000000,002111,819DC0,V02C_MATRIX_PLUS_PINNED_MESEN_CPU_SOURCE_ORDER_NO_GAMEPLAY
V05C001217,81:9DC3:E0M1X1,040CEE1B,81,9DC3,0,1,1,9C,STZ,ABS,3,9C1121,NATIVE_BODY,NATIVE_BODY,4,4,NONE,3,0,0,1,0,0,0,0,0,0,LINEAR_BUS_SEQUENCE,,00000000,002111,819DC3,V02C_MATRIX_PLUS_PINNED_MESEN_CPU_SOURCE_ORDER_NO_GAMEPLAY
V05C001218,81:9DC6:E0M1X1,040CEE33,81,9DC6,0,1,1,A9,LDA,IMM_M,2,A9FF,NATIVE_BODY,NATIVE_BODY,2,2,NONE,2,0,0,0,0,0,0,0,0,0,LINEAR_BUS_SEQUENCE,,00000000,0000FF,819DC6,V02C_MATRIX_PLUS_PINNED_MESEN_CPU_SOURCE_ORDER_NO_GAMEPLAY
V05C001219,81:9DC8:E0M1X1,040CEE43,81,9DC8,0,1,1,8D,STA,ABS,3,8D0E21,NATIVE_BODY,NATIVE_BODY,4,4,NONE,3,0,0,1,0,0,0,0,0,0,LINEAR_BUS_SEQUENCE,,00000000,00210E,819DC8,V02C_MATRIX_PLUS_PINNED_MESEN_CPU_SOURCE_ORDER_NO_GAMEPLAY
V05C001220,81:9DCB:E0M1X1,040CEE5B,81,9DCB,0,1,1,8D,STA,ABS,3,8D0E21,NATIVE_BODY,NATIVE_BODY,4,4,NONE,3,0,0,1,0,0,0,0,0,0,LINEAR_BUS_SEQUENCE,,00000000,00210E,819DCB,V02C_MATRIX_PLUS_PINNED_MESEN_CPU_SOURCE_ORDER_NO_GAMEPLAY
V05C001221,81:9DCE:E0M1X1,040CEE73,81,9DCE,0,1,1,8D,STA,ABS,3,8D1021,NATIVE_BODY,NATIVE_BODY,4,4,NONE,3,0,0,1,0,0,0,0,0,0,LINEAR_BUS_SEQUENCE,,00000000,002110,819DCE,V02C_MATRIX_PLUS_PINNED_MESEN_CPU_SOURCE_ORDER_NO_GAMEPLAY
V05C001222,81:9DD1:E0M1X1,040CEE8B,81,9DD1,0,1,1,8D,STA,ABS,3,8D1021,NATIVE_BODY,NATIVE_BODY,4,4,NONE,3,0,0,1,0,0,0,0,0,0,LINEAR_BUS_SEQUENCE,,00000000,002110,819DD1,V02C_MATRIX_PLUS_PINNED_MESEN_CPU_SOURCE_ORDER_NO_GAMEPLAY
V05C001223,81:9DD4:E0M1X1,040CEEA3,81,9DD4,0,1,1,8D,STA,ABS,3,8D1221,NATIVE_BODY,NATIVE_BODY,4,4,NONE,3,0,0,1,0,0,0,0,0,0,LINEAR_BUS_SEQUENCE,,00000000,002112,819DD4,V02C_MATRIX_PLUS_PINNED_MESEN_CPU_SOURCE_ORDER_NO_GAMEPLAY
V05C001224,81:9DD7:E0M1X1,040CEEBB,81,9DD7,0,1,1,8D,STA,ABS,3,8D1221,NATIVE_BODY,NATIVE_BODY,4,4,NONE,3,0,0,1,0,0,0,0,0,0,LINEAR_BUS_SEQUENCE,,00000000,002112,819DD7,V02C_MATRIX_PLUS_PINNED_MESEN_CPU_SOURCE_ORDER_NO_GAMEPLAY
V05C001225,81:9DDA:E0M1X1,040CEED3,81,9DDA,0,1,1,9C,STZ,ABS,3,9C9702,NATIVE_BODY,NATIVE_BODY,4,4,NONE,3,0,0,1,0,0,0,0,0,0,LINEAR_BUS_SEQUENCE,,00000000,000297,819DDA,V02C_MATRIX_PLUS_PINNED_MESEN_CPU_SOURCE_ORDER_NO_GAMEPLAY
V05C001226,81:9DDD:E0M1X1,040CEEEB,81,9DDD,0,1,1,9C,STZ,ABS,3,9C9802,NATIVE_BODY,NATIVE_BODY,4,4,NONE,3,0,0,1,0,0,0,0,0,0,LINEAR_BUS_SEQUENCE,,00000000,000298,819DDD,V02C_MATRIX_PLUS_PINNED_MESEN_CPU_SOURCE_ORDER_NO_GAMEPLAY
V05C001227,81:9DE0:E0M1X1,040CEF03,81,9DE0,0,1,1,9C,STZ,ABS,3,9CB613,NATIVE_BODY,NATIVE_BODY,4,4,NONE,3,0,0,1,0,0,0,0,0,0,LINEAR_BUS_SEQUENCE,,00000000,0013B6,819DE0,V02C_MATRIX_PLUS_PINNED_MESEN_CPU_SOURCE_ORDER_NO_GAMEPLAY
V05C001228,81:9DE3:E0M1X1,040CEF1B,81,9DE3,0,1,1,9C,STZ,ABS,3,9CB813,NATIVE_BODY,NATIVE_BODY,4,4,NONE,3,0,0,1,0,0,0,0,0,0,LINEAR_BUS_SEQUENCE,,00000000,0013B8,819DE3,V02C_MATRIX_PLUS_PINNED_MESEN_CPU_SOURCE_ORDER_NO_GAMEPLAY
V05C001229,81:9DE6:E0M1X1,040CEF33,81,9DE6,0,1,1,9C,STZ,ABS,3,9C1D03,NATIVE_BODY,NATIVE_BODY,4,4,NONE,3,0,0,1,0,0,0,0,0,0,LINEAR_BUS_SEQUENCE,,00000000,00031D,819DE6,V02C_MATRIX_PLUS_PINNED_MESEN_CPU_SOURCE_ORDER_NO_GAMEPLAY
V05C001230,81:9DE9:E0M1X1,040CEF4B,81,9DE9,0,1,1,9C,STZ,ABS,3,9CD002,NATIVE_BODY,NATIVE_BODY,4,4,NONE,3,0,0,1,0,0,0,0,0,0,LINEAR_BUS_SEQUENCE,,00000000,0002D0,819DE9,V02C_MATRIX_PLUS_PINNED_MESEN_CPU_SOURCE_ORDER_NO_GAMEPLAY
V05C001231,81:9DEC:E0M1X1,040CEF63,81,9DEC,0,1,1,9C,STZ,ABS,3,9CD102,NATIVE_BODY,NATIVE_BODY,4,4,NONE,3,0,0,1,0,0,0,0,0,0,LINEAR_BUS_SEQUENCE,,00000000,0002D1,819DEC,V02C_MATRIX_PLUS_PINNED_MESEN_CPU_SOURCE_ORDER_NO_GAMEPLAY
V05C001232,81:9DEF:E0M1X1,040CEF7B,81,9DEF,0,1,1,C2,REP,IMM8,2,C230,NATIVE_BODY,NATIVE_BODY,3,3,NONE,2,0,0,0,0,0,0,0,1,0,FIXED_IDLE_SEQUENCE,STATUS_PRE_IDLE,00002000,000030,819DEF,V02C_MATRIX_PLUS_PINNED_MESEN_CPU_SOURCE_ORDER_NO_GAMEPLAY
V05C001233,81:9DF1:E0M0X0,040CEF88,81,9DF1,0,0,0,A9,LDA,IMM_M,3,A9FFFF,NATIVE_BODY,NATIVE_BODY,3,3,NONE,3,0,0,0,0,0,0,0,0,0,LINEAR_BUS_SEQUENCE,,00000000,00FFFF,819DF1,V02C_MATRIX_PLUS_PINNED_MESEN_CPU_SOURCE_ORDER_NO_GAMEPLAY
V05C001234,81:9DF4:E0M0X0,040CEFA0,81,9DF4,0,0,0,8D,STA,ABS,3,8DE21A,NATIVE_BODY,NATIVE_BODY,5,5,NONE,3,0,0,2,0,0,0,0,0,0,LINEAR_BUS_SEQUENCE,,00000000,001AE2,819DF4,V02C_MATRIX_PLUS_PINNED_MESEN_CPU_SOURCE_ORDER_NO_GAMEPLAY
V05C001235,81:9DF7:E0M0X0,040CEFB8,81,9DF7,0,0,0,64,STZ,DP,2,64C0,NATIVE_BODY,NATIVE_BODY,4,5,DIRECT_LOW_NONZERO:+1,2,0,0,2,0,0,0,0,0,1,DIRECT_SEQUENCE,DYN_DIRECT_LOW_PRE_IDLE,00000001,0000C0,819DF7,V02C_MATRIX_PLUS_PINNED_MESEN_CPU_SOURCE_ORDER_NO_GAMEPLAY
V05C001236,81:9DF9:E0M0X0,040CEFC8,81,9DF9,0,0,0,64,STZ,DP,2,64C2,NATIVE_BODY,NATIVE_BODY,4,5,DIRECT_LOW_NONZERO:+1,2,0,0,2,0,0,0,0,0,1,DIRECT_SEQUENCE,DYN_DIRECT_LOW_PRE_IDLE,00000001,0000C2,819DF9,V02C_MATRIX_PLUS_PINNED_MESEN_CPU_SOURCE_ORDER_NO_GAMEPLAY
V05C001237,81:9DFB:E0M0X0,040CEFD8,81,9DFB,0,0,0,9C,STZ,ABS,3,9C4302,NATIVE_BODY,NATIVE_BODY,5,5,NONE,3,0,0,2,0,0,0,0,0,0,LINEAR_BUS_SEQUENCE,,00000000,000243,819DFB,V02C_MATRIX_PLUS_PINNED_MESEN_CPU_SOURCE_ORDER_NO_GAMEPLAY
V05C001238,81:9DFE:E0M0X0,040CEFF0,81,9DFE,0,0,0,9C,STZ,ABS,3,9C4502,NATIVE_BODY,NATIVE_BODY,5,5,NONE,3,0,0,2,0,0,0,0,0,0,LINEAR_BUS_SEQUENCE,,00000000,000245,819DFE,V02C_MATRIX_PLUS_PINNED_MESEN_CPU_SOURCE_ORDER_NO_GAMEPLAY
V05C001239,81:9E01:E0M0X0,040CF008,81,9E01,0,0,0,E2,SEP,IMM8,2,E230,NATIVE_BODY,NATIVE_BODY,3,3,NONE,2,0,0,0,0,0,0,0,1,0,FIXED_IDLE_SEQUENCE,STATUS_PRE_IDLE,00002000,000030,819E01,V02C_MATRIX_PLUS_PINNED_MESEN_CPU_SOURCE_ORDER_NO_GAMEPLAY
V05C001240,81:9E03:E0M1X1,040CF01B,81,9E03,0,1,1,20,JSR,ABS_JUMP,3,2057A0,NATIVE_BODY,NATIVE_BODY,6,6,NONE,3,0,0,0,0,0,2,0,1,0,FIXED_IDLE_SEQUENCE,JSR_PRE_STACK_IDLE,00000020,00A057,819E03,V02C_MATRIX_PLUS_PINNED_MESEN_CPU_SOURCE_ORDER_NO_GAMEPLAY
V05C001241,81:9E06:E0M1X1,040CF033,81,9E06,0,1,1,20,JSR,ABS_JUMP,3,205C9F,NATIVE_BODY,NATIVE_BODY,6,6,NONE,3,0,0,0,0,0,2,0,1,0,FIXED_IDLE_SEQUENCE,JSR_PRE_STACK_IDLE,00000020,009F5C,819E06,V02C_MATRIX_PLUS_PINNED_MESEN_CPU_SOURCE_ORDER_NO_GAMEPLAY
V05C001242,81:9E09:E0M1X1,040CF04B,81,9E09,0,1,1,22,JSL,ABSL_JUMP,4,2215A480,NATIVE_BODY,NATIVE_BODY,8,8,NONE,4,0,0,0,0,0,3,0,1,0,JSL_DEFERRED_BANK_FETCH,JSL_AFTER_PBR_PUSH_IDLE,00000010,80A415,819E09,V02C_MATRIX_PLUS_PINNED_MESEN_CPU_SOURCE_ORDER_NO_GAMEPLAY
V05C001243,81:9E0D:E0M1X1,040CF06B,81,9E0D,0,1,1,22,JSL,ABSL_JUMP,4,22F2A180,NATIVE_BODY,NATIVE_BODY,8,8,NONE,4,0,0,0,0,0,3,0,1,0,JSL_DEFERRED_BANK_FETCH,JSL_AFTER_PBR_PUSH_IDLE,00000010,80A1F2,819E0D,V02C_MATRIX_PLUS_PINNED_MESEN_CPU_SOURCE_ORDER_NO_GAMEPLAY
V05C001244,81:9E11:E0M1X1,040CF08B,81,9E11,0,1,1,60,RTS,IMP,1,60,NATIVE_BODY,NATIVE_BODY,6,6,NONE,1,0,0,0,0,2,0,0,3,0,RETURN_SEQUENCE,RETURN_PRE_IDLE;RETURN_PRE_IDLE;RTS_POST_POP_IDLE,00000180,000000,819E11,V02C_MATRIX_PLUS_PINNED_MESEN_CPU_SOURCE_ORDER_NO_GAMEPLAY
V05C001245,81:9E12:E0M0X0,040CF090,81,9E12,0,0,0,0A,ASL,ACC,1,0A,NATIVE_BODY,NATIVE_BODY,2,2,NONE,1,0,0,0,0,0,0,0,1,0,FIXED_IDLE_SEQUENCE,IMPLIED_PRE_IDLE,00000800,000000,819E12,V02C_MATRIX_PLUS_PINNED_MESEN_CPU_SOURCE_ORDER_NO_GAMEPLAY
V05C001246,81:9E13:E0M0X0,040CF098,81,9E13,0,0,0,AA,TAX,IMP,1,AA,NATIVE_BODY,NATIVE_BODY,2,2,NONE,1,0,0,0,0,0,0,0,1,0,FIXED_IDLE_SEQUENCE,IMPLIED_PRE_IDLE,00000800,000000,819E13,V02C_MATRIX_PLUS_PINNED_MESEN_CPU_SOURCE_ORDER_NO_GAMEPLAY
V05C001247,81:9E14:E0M0X0,040CF0A0,81,9E14,0,0,0,BD,LDA,ABS_X,3,BD54A1,NATIVE_BODY,NATIVE_BODY,6,6,NONE,3,0,2,0,0,0,0,0,1,0,INDEX_SEQUENCE,INDEX_FIXED_PRE_DATA_IDLE,00040000,00A154,819E14,V02C_MATRIX_PLUS_PINNED_MESEN_CPU_SOURCE_ORDER_NO_GAMEPLAY
V05C001248,81:9E17:E0M0X0,040CF0B8,81,9E17,0,0,0,85,STA,DP,2,8558,NATIVE_BODY,NATIVE_BODY,4,5,DIRECT_LOW_NONZERO:+1,2,0,0,2,0,0,0,0,0,1,DIRECT_SEQUENCE,DYN_DIRECT_LOW_PRE_IDLE,00000001,000058,819E17,V02C_MATRIX_PLUS_PINNED_MESEN_CPU_SOURCE_ORDER_NO_GAMEPLAY
V05C001249,81:9E19:E0M0X0,040CF0C8,81,9E19,0,0,0,A0,LDY,IMM_X,3,A00000,NATIVE_BODY,NATIVE_BODY,3,3,NONE,3,0,0,0,0,0,0,0,0,0,LINEAR_BUS_SEQUENCE,,00000000,000000,819E19,V02C_MATRIX_PLUS_PINNED_MESEN_CPU_SOURCE_ORDER_NO_GAMEPLAY
V05C001250,81:9E1C:E0M0X0,040CF0E0,81,9E1C,0,0,0,B1,LDA,DP_IND_Y,2,B158,NATIVE_BODY,NATIVE_BODY,7,8,DIRECT_LOW_NONZERO:+1,2,2,2,0,0,0,0,0,1,1,DIRECT_INDEX_SEQUENCE,INDEX_FIXED_PRE_DATA_IDLE;DYN_DIRECT_LOW_PRE_IDLE,00040001,000058,819E1C,V02C_MATRIX_PLUS_PINNED_MESEN_CPU_SOURCE_ORDER_NO_GAMEPLAY
V05C001251,81:9E1E:E0M0X0,040CF0F0,81,9E1E,0,0,0,E6,INC,DP,2,E658,NATIVE_BODY,NATIVE_BODY,7,8,DIRECT_LOW_NONZERO:+1,2,0,2,2,0,0,0,0,1,1,RMW_SEQUENCE,RMW_INTERMEDIATE_IDLE;DYN_DIRECT_LOW_PRE_IDLE,00010001,000058,819E1E,V02C_MATRIX_PLUS_PINNED_MESEN_CPU_SOURCE_ORDER_NO_GAMEPLAY
V05C001252,81:9E20:E0M0X0,040CF100,81,9E20,0,0,0,29,AND,IMM_M,3,29FF00,NATIVE_BODY,NATIVE_BODY,3,3,NONE,3,0,0,0,0,0,0,0,0,0,LINEAR_BUS_SEQUENCE,,00000000,0000FF,819E20,V02C_MATRIX_PLUS_PINNED_MESEN_CPU_SOURCE_ORDER_NO_GAMEPLAY
V05C001253,81:9E23:E0M0X0,040CF118,81,9E23,0,0,0,0A,ASL,ACC,1,0A,NATIVE_BODY,NATIVE_BODY,2,2,NONE,1,0,0,0,0,0,0,0,1,0,FIXED_IDLE_SEQUENCE,IMPLIED_PRE_IDLE,00000800,000000,819E23,V02C_MATRIX_PLUS_PINNED_MESEN_CPU_SOURCE_ORDER_NO_GAMEPLAY
V05C001254,81:9E24:E0M0X0,040CF120,81,9E24,0,0,0,AA,TAX,IMP,1,AA,NATIVE_BODY,NATIVE_BODY,2,2,NONE,1,0,0,0,0,0,0,0,1,0,FIXED_IDLE_SEQUENCE,IMPLIED_PRE_IDLE,00000800,000000,819E24,V02C_MATRIX_PLUS_PINNED_MESEN_CPU_SOURCE_ORDER_NO_GAMEPLAY
V05C001255,81:9E25:E0M0X0,040CF128,81,9E25,0,0,0,B1,LDA,DP_IND_Y,2,B158,NATIVE_BODY,NATIVE_BODY,7,8,DIRECT_LOW_NONZERO:+1,2,2,2,0,0,0,0,0,1,1,DIRECT_INDEX_SEQUENCE,INDEX_FIXED_PRE_DATA_IDLE;DYN_DIRECT_LOW_PRE_IDLE,00040001,000058,819E25,V02C_MATRIX_PLUS_PINNED_MESEN_CPU_SOURCE_ORDER_NO_GAMEPLAY
V05C001256,81:9E27:E0M0X0,040CF138,81,9E27,0,0,0,99,STA,ABS_Y,3,99FA13,NATIVE_BODY,NATIVE_BODY,6,6,NONE,3,0,0,2,0,0,0,0,1,0,INDEX_SEQUENCE,INDEX_FIXED_PRE_DATA_IDLE,00040000,0013FA,819E27,V02C_MATRIX_PLUS_PINNED_MESEN_CPU_SOURCE_ORDER_NO_GAMEPLAY
V05C001257,81:9E2A:E0M0X0,040CF150,81,9E2A,0,0,0,C8,INY,IMP,1,C8,NATIVE_BODY,NATIVE_BODY,2,2,NONE,1,0,0,0,0,0,0,0,1,0,FIXED_IDLE_SEQUENCE,IMPLIED_PRE_IDLE,00000800,000000,819E2A,V02C_MATRIX_PLUS_PINNED_MESEN_CPU_SOURCE_ORDER_NO_GAMEPLAY
V05C001258,81:9E2B:E0M0X0,040CF158,81,9E2B,0,0,0,C8,INY,IMP,1,C8,NATIVE_BODY,NATIVE_BODY,2,2,NONE,1,0,0,0,0,0,0,0,1,0,FIXED_IDLE_SEQUENCE,IMPLIED_PRE_IDLE,00000800,000000,819E2B,V02C_MATRIX_PLUS_PINNED_MESEN_CPU_SOURCE_ORDER_NO_GAMEPLAY
V05C001259,81:9E2C:E0M0X0,040CF160,81,9E2C,0,0,0,CA,DEX,IMP,1,CA,NATIVE_BODY,NATIVE_BODY,2,2,NONE,1,0,0,0,0,0,0,0,1,0,FIXED_IDLE_SEQUENCE,IMPLIED_PRE_IDLE,00000800,000000,819E2C,V02C_MATRIX_PLUS_PINNED_MESEN_CPU_SOURCE_ORDER_NO_GAMEPLAY
V05C001260,81:9E2D:E0M0X0,040CF168,81,9E2D,0,0,0,D0,BNE,REL8,2,D0F6,NATIVE_BODY,NATIVE_BODY,2,3,BRANCH_TAKEN:+1,2,0,0,0,0,0,0,0,0,1,BRANCH_SEQUENCE,DYN_BRANCH_TAKEN_POST_IDLE,00000004,0000F6,819E2D,V02C_MATRIX_PLUS_PINNED_MESEN_CPU_SOURCE_ORDER_NO_GAMEPLAY
V05C001261,81:9E2F:E0M0X0,040CF178,81,9E2F,0,0,0,98,TYA,IMP,1,98,NATIVE_BODY,NATIVE_BODY,2,2,NONE,1,0,0,0,0,0,0,0,1,0,FIXED_IDLE_SEQUENCE,IMPLIED_PRE_IDLE,00000800,000000,819E2F,V02C_MATRIX_PLUS_PINNED_MESEN_CPU_SOURCE_ORDER_NO_GAMEPLAY
V05C001262,81:9E30:E0M0X0,040CF180,81,9E30,0,0,0,18,CLC,IMP,1,18,NATIVE_BODY,NATIVE_BODY,2,2,NONE,1,0,0,0,0,0,0,0,1,0,FIXED_IDLE_SEQUENCE,IMPLIED_PRE_IDLE,00000800,000000,819E30,V02C_MATRIX_PLUS_PINNED_MESEN_CPU_SOURCE_ORDER_NO_GAMEPLAY
V05C001263,81:9E31:E0M0X0,040CF188,81,9E31,0,0,0,65,ADC,DP,2,6558,NATIVE_BODY,NATIVE_BODY,4,5,DIRECT_LOW_NONZERO:+1,2,0,2,0,0,0,0,0,0,1,DIRECT_SEQUENCE,DYN_DIRECT_LOW_PRE_IDLE,00000001,000058,819E31,V02C_MATRIX_PLUS_PINNED_MESEN_CPU_SOURCE_ORDER_NO_GAMEPLAY
V05C001264,81:9E33:E0M0X0,040CF198,81,9E33,0,0,0,85,STA,DP,2,8558,NATIVE_BODY,NATIVE_BODY,4,5,DIRECT_LOW_NONZERO:+1,2,0,0,2,0,0,0,0,0,1,DIRECT_SEQUENCE,DYN_DIRECT_LOW_PRE_IDLE,00000001,000058,819E33,V02C_MATRIX_PLUS_PINNED_MESEN_CPU_SOURCE_ORDER_NO_GAMEPLAY
V05C001265,81:9E35:E0M0X0,040CF1A8,81,9E35,0,0,0,A0,LDY,IMM_X,3,A00000,NATIVE_BODY,NATIVE_BODY,3,3,NONE,3,0,0,0,0,0,0,0,0,0,LINEAR_BUS_SEQUENCE,,00000000,000000,819E35,V02C_MATRIX_PLUS_PINNED_MESEN_CPU_SOURCE_ORDER_NO_GAMEPLAY
V05C001266,81:9E38:E0M0X0,040CF1C0,81,9E38,0,0,0,B1,LDA,DP_IND_Y,2,B158,NATIVE_BODY,NATIVE_BODY,7,8,DIRECT_LOW_NONZERO:+1,2,2,2,0,0,0,0,0,1,1,DIRECT_INDEX_SEQUENCE,INDEX_FIXED_PRE_DATA_IDLE;DYN_DIRECT_LOW_PRE_IDLE,00040001,000058,819E38,V02C_MATRIX_PLUS_PINNED_MESEN_CPU_SOURCE_ORDER_NO_GAMEPLAY
V05C001267,81:9E3A:E0M0X0,040CF1D0,81,9E3A,0,0,0,E6,INC,DP,2,E658,NATIVE_BODY,NATIVE_BODY,7,8,DIRECT_LOW_NONZERO:+1,2,0,2,2,0,0,0,0,1,1,RMW_SEQUENCE,RMW_INTERMEDIATE_IDLE;DYN_DIRECT_LOW_PRE_IDLE,00010001,000058,819E3A,V02C_MATRIX_PLUS_PINNED_MESEN_CPU_SOURCE_ORDER_NO_GAMEPLAY
V05C001268,81:9E3C:E0M0X0,040CF1E0,81,9E3C,0,0,0,29,AND,IMM_M,3,29FF00,NATIVE_BODY,NATIVE_BODY,3,3,NONE,3,0,0,0,0,0,0,0,0,0,LINEAR_BUS_SEQUENCE,,00000000,0000FF,819E3C,V02C_MATRIX_PLUS_PINNED_MESEN_CPU_SOURCE_ORDER_NO_GAMEPLAY
V05C001269,81:9E3F:E0M0X0,040CF1F8,81,9E3F,0,0,0,85,STA,DP,2,8588,NATIVE_BODY,NATIVE_BODY,4,5,DIRECT_LOW_NONZERO:+1,2,0,0,2,0,0,0,0,0,1,DIRECT_SEQUENCE,DYN_DIRECT_LOW_PRE_IDLE,00000001,000088,819E3F,V02C_MATRIX_PLUS_PINNED_MESEN_CPU_SOURCE_ORDER_NO_GAMEPLAY
V05C001270,81:9E41:E0M0X0,040CF208,81,9E41,0,0,0,E2,SEP,IMM8,2,E230,NATIVE_BODY,NATIVE_BODY,3,3,NONE,2,0,0,0,0,0,0,0,1,0,FIXED_IDLE_SEQUENCE,STATUS_PRE_IDLE,00002000,000030,819E41,V02C_MATRIX_PLUS_PINNED_MESEN_CPU_SOURCE_ORDER_NO_GAMEPLAY
V05C001271,81:9E43:E0M1X1,040CF21B,81,9E43,0,1,1,B1,LDA,DP_IND_Y,2,B158,NATIVE_BODY,NATIVE_BODY,5,7,DIRECT_LOW_NONZERO:+1;INDEX_PAGE_CROSS:+1,2,2,1,0,0,0,0,0,0,2,DIRECT_INDEX_SEQUENCE,DYN_DIRECT_LOW_PRE_IDLE;DYN_INDEX_PRE_DATA_IDLE,00000003,000058,819E43,V02C_MATRIX_PLUS_PINNED_MESEN_CPU_SOURCE_ORDER_NO_GAMEPLAY
V05C001272,81:9E45:E0M1X1,040CF22B,81,9E45,0,1,1,99,STA,ABS_Y,3,99FA14,NATIVE_BODY,NATIVE_BODY,5,5,NONE,3,0,0,1,0,0,0,0,1,0,INDEX_SEQUENCE,INDEX_FIXED_PRE_DATA_IDLE,00040000,0014FA,819E45,V02C_MATRIX_PLUS_PINNED_MESEN_CPU_SOURCE_ORDER_NO_GAMEPLAY
V05C001273,81:9E48:E0M1X1,040CF243,81,9E48,0,1,1,C8,INY,IMP,1,C8,NATIVE_BODY,NATIVE_BODY,2,2,NONE,1,0,0,0,0,0,0,0,1,0,FIXED_IDLE_SEQUENCE,IMPLIED_PRE_IDLE,00000800,000000,819E48,V02C_MATRIX_PLUS_PINNED_MESEN_CPU_SOURCE_ORDER_NO_GAMEPLAY
V05C001274,81:9E49:E0M1X1,040CF24B,81,9E49,0,1,1,C4,CPY,DP,2,C488,NATIVE_BODY,NATIVE_BODY,3,4,DIRECT_LOW_NONZERO:+1,2,0,1,0,0,0,0,0,0,1,DIRECT_SEQUENCE,DYN_DIRECT_LOW_PRE_IDLE,00000001,000088,819E49,V02C_MATRIX_PLUS_PINNED_MESEN_CPU_SOURCE_ORDER_NO_GAMEPLAY
V05C001275,81:9E4B:E0M1X1,040CF25B,81,9E4B,0,1,1,90,BCC,REL8,2,90F6,NATIVE_BODY,NATIVE_BODY,2,3,BRANCH_TAKEN:+1,2,0,0,0,0,0,0,0,0,1,BRANCH_SEQUENCE,DYN_BRANCH_TAKEN_POST_IDLE,00000004,0000F6,819E4B,V02C_MATRIX_PLUS_PINNED_MESEN_CPU_SOURCE_ORDER_NO_GAMEPLAY
V05C001276,81:9E4D:E0M1X1,040CF26B,81,9E4D,0,1,1,C2,REP,IMM8,2,C230,NATIVE_BODY,NATIVE_BODY,3,3,NONE,2,0,0,0,0,0,0,0,1,0,FIXED_IDLE_SEQUENCE,STATUS_PRE_IDLE,00002000,000030,819E4D,V02C_MATRIX_PLUS_PINNED_MESEN_CPU_SOURCE_ORDER_NO_GAMEPLAY
V05C001277,81:9E4F:E0M0X0,040CF278,81,9E4F,0,0,0,60,RTS,IMP,1,60,NATIVE_BODY,NATIVE_BODY,6,6,NONE,1,0,0,0,0,2,0,0,3,0,RETURN_SEQUENCE,RETURN_PRE_IDLE;RETURN_PRE_IDLE;RTS_POST_POP_IDLE,00000180,000000,819E4F,V02C_MATRIX_PLUS_PINNED_MESEN_CPU_SOURCE_ORDER_NO_GAMEPLAY
V05C001278,81:9E50:E0M0X0,040CF280,81,9E50,0,0,0,0A,ASL,ACC,1,0A,NATIVE_BODY,NATIVE_BODY,2,2,NONE,1,0,0,0,0,0,0,0,1,0,FIXED_IDLE_SEQUENCE,IMPLIED_PRE_IDLE,00000800,000000,819E50,V02C_MATRIX_PLUS_PINNED_MESEN_CPU_SOURCE_ORDER_NO_GAMEPLAY
V05C001279,81:9E51:E0M0X0,040CF288,81,9E51,0,0,0,AA,TAX,IMP,1,AA,NATIVE_BODY,NATIVE_BODY,2,2,NONE,1,0,0,0,0,0,0,0,1,0,FIXED_IDLE_SEQUENCE,IMPLIED_PRE_IDLE,00000800,000000,819E51,V02C_MATRIX_PLUS_PINNED_MESEN_CPU_SOURCE_ORDER_NO_GAMEPLAY
V05C001280,81:9E52:E0M0X0,040CF290,81,9E52,0,0,0,BD,LDA,ABS_X,3,BD3EA1,NATIVE_BODY,NATIVE_BODY,6,6,NONE,3,0,2,0,0,0,0,0,1,0,INDEX_SEQUENCE,INDEX_FIXED_PRE_DATA_IDLE,00040000,00A13E,819E52,V02C_MATRIX_PLUS_PINNED_MESEN_CPU_SOURCE_ORDER_NO_GAMEPLAY
V05C001281,81:9E55:E0M0X0,040CF2A8,81,9E55,0,0,0,85,STA,DP,2,8558,NATIVE_BODY,NATIVE_BODY,4,5,DIRECT_LOW_NONZERO:+1,2,0,0,2,0,0,0,0,0,1,DIRECT_SEQUENCE,DYN_DIRECT_LOW_PRE_IDLE,00000001,000058,819E55,V02C_MATRIX_PLUS_PINNED_MESEN_CPU_SOURCE_ORDER_NO_GAMEPLAY
V05C001282,81:9E57:E0M0X0,040CF2B8,81,9E57,0,0,0,A0,LDY,IMM_X,3,A00000,NATIVE_BODY,NATIVE_BODY,3,3,NONE,3,0,0,0,0,0,0,0,0,0,LINEAR_BUS_SEQUENCE,,00000000,000000,819E57,V02C_MATRIX_PLUS_PINNED_MESEN_CPU_SOURCE_ORDER_NO_GAMEPLAY
V05C001283,81:9E5A:E0M0X0,040CF2D0,81,9E5A,0,0,0,B1,LDA,DP_IND_Y,2,B158,NATIVE_BODY,NATIVE_BODY,7,8,DIRECT_LOW_NONZERO:+1,2,2,2,0,0,0,0,0,1,1,DIRECT_INDEX_SEQUENCE,INDEX_FIXED_PRE_DATA_IDLE;DYN_DIRECT_LOW_PRE_IDLE,00040001,000058,819E5A,V02C_MATRIX_PLUS_PINNED_MESEN_CPU_SOURCE_ORDER_NO_GAMEPLAY
V05C001284,81:9E5C:E0M0X0,040CF2E0,81,9E5C,0,0,0,C8,INY,IMP,1,C8,NATIVE_BODY,NATIVE_BODY,2,2,NONE,1,0,0,0,0,0,0,0,1,0,FIXED_IDLE_SEQUENCE,IMPLIED_PRE_IDLE,00000800,000000,819E5C,V02C_MATRIX_PLUS_PINNED_MESEN_CPU_SOURCE_ORDER_NO_GAMEPLAY
V05C001285,81:9E5D:E0M0X0,040CF2E8,81,9E5D,0,0,0,C8,INY,IMP,1,C8,NATIVE_BODY,NATIVE_BODY,2,2,NONE,1,0,0,0,0,0,0,0,1,0,FIXED_IDLE_SEQUENCE,IMPLIED_PRE_IDLE,00000800,000000,819E5D,V02C_MATRIX_PLUS_PINNED_MESEN_CPU_SOURCE_ORDER_NO_GAMEPLAY
V05C001286,81:9E5E:E0M0X0,040CF2F0,81,9E5E,0,0,0,C9,CMP,IMM_M,3,C90100,NATIVE_BODY,NATIVE_BODY,3,3,NONE,3,0,0,0,0,0,0,0,0,0,LINEAR_BUS_SEQUENCE,,00000000,000001,819E5E,V02C_MATRIX_PLUS_PINNED_MESEN_CPU_SOURCE_ORDER_NO_GAMEPLAY
V05C001287,81:9E61:E0M0X0,040CF308,81,9E61,0,0,0,F0,BEQ,REL8,2,F018,NATIVE_BODY,NATIVE_BODY,2,3,BRANCH_TAKEN:+1,2,0,0,0,0,0,0,0,0,1,BRANCH_SEQUENCE,DYN_BRANCH_TAKEN_POST_IDLE,00000004,000018,819E61,V02C_MATRIX_PLUS_PINNED_MESEN_CPU_SOURCE_ORDER_NO_GAMEPLAY
V05C001288,81:9E63:E0M0X0,040CF318,81,9E63,0,0,0,C9,CMP,IMM_M,3,C90000,NATIVE_BODY,NATIVE_BODY,3,3,NONE,3,0,0,0,0,0,0,0,0,0,LINEAR_BUS_SEQUENCE,,00000000,000000,819E63,V02C_MATRIX_PLUS_PINNED_MESEN_CPU_SOURCE_ORDER_NO_GAMEPLAY
V05C001289,81:9E66:E0M0X0,040CF330,81,9E66,0,0,0,F0,BEQ,REL8,2,F01A,NATIVE_BODY,NATIVE_BODY,2,3,BRANCH_TAKEN:+1,2,0,0,0,0,0,0,0,0,1,BRANCH_SEQUENCE,DYN_BRANCH_TAKEN_POST_IDLE,00000004,00001A,819E66,V02C_MATRIX_PLUS_PINNED_MESEN_CPU_SOURCE_ORDER_NO_GAMEPLAY
V05C001290,81:9E68:E0M0X0,040CF340,81,9E68,0,0,0,C9,CMP,IMM_M,3,C90300,NATIVE_BODY,NATIVE_BODY,3,3,NONE,3,0,0,0,0,0,0,0,0,0,LINEAR_BUS_SEQUENCE,,00000000,000003,819E68,V02C_MATRIX_PLUS_PINNED_MESEN_CPU_SOURCE_ORDER_NO_GAMEPLAY
V05C001291,81:9E6B:E0M0X0,040CF358,81,9E6B,0,0,0,F0,BEQ,REL8,2,F034,NATIVE_BODY,NATIVE_BODY,2,3,BRANCH_TAKEN:+1,2,0,0,0,0,0,0,0,0,1,BRANCH_SEQUENCE,DYN_BRANCH_TAKEN_POST_IDLE,00000004,000034,819E6B,V02C_MATRIX_PLUS_PINNED_MESEN_CPU_SOURCE_ORDER_NO_GAMEPLAY
V05C001292,81:9E6D:E0M0X0,040CF368,81,9E6D,0,0,0,C9,CMP,IMM_M,3,C90400,NATIVE_BODY,NATIVE_BODY,3,3,NONE,3,0,0,0,0,0,0,0,0,0,LINEAR_BUS_SEQUENCE,,00000000,000004,819E6D,V02C_MATRIX_PLUS_PINNED_MESEN_CPU_SOURCE_ORDER_NO_GAMEPLAY
V05C001293,81:9E70:E0M0X0,040CF380,81,9E70,0,0,0,F0,BEQ,REL8,2,F01D,NATIVE_BODY,NATIVE_BODY,2,3,BRANCH_TAKEN:+1,2,0,0,0,0,0,0,0,0,1,BRANCH_SEQUENCE,DYN_BRANCH_TAKEN_POST_IDLE,00000004,00001D,819E70,V02C_MATRIX_PLUS_PINNED_MESEN_CPU_SOURCE_ORDER_NO_GAMEPLAY
V05C001294,81:9E72:E0M0X0,040CF390,81,9E72,0,0,0,E2,SEP,IMM8,2,E230,NATIVE_BODY,NATIVE_BODY,3,3,NONE,2,0,0,0,0,0,0,0,1,0,FIXED_IDLE_SEQUENCE,STATUS_PRE_IDLE,00002000,000030,819E72,V02C_MATRIX_PLUS_PINNED_MESEN_CPU_SOURCE_ORDER_NO_GAMEPLAY
V05C001295,81:9E74:E0M1X1,040CF3A3,81,9E74,0,1,1,22,JSL,ABSL_JUMP,4,2266C080,NATIVE_BODY,NATIVE_BODY,8,8,NONE,4,0,0,0,0,0,3,0,1,0,JSL_DEFERRED_BANK_FETCH,JSL_AFTER_PBR_PUSH_IDLE,00000010,80C066,819E74,V02C_MATRIX_PLUS_PINNED_MESEN_CPU_SOURCE_ORDER_NO_GAMEPLAY
V05C001296,81:9E78:E0M1X1,040CF3C3,81,9E78,0,1,1,C2,REP,IMM8,2,C230,NATIVE_BODY,NATIVE_BODY,3,3,NONE,2,0,0,0,0,0,0,0,1,0,FIXED_IDLE_SEQUENCE,STATUS_PRE_IDLE,00002000,000030,819E78,V02C_MATRIX_PLUS_PINNED_MESEN_CPU_SOURCE_ORDER_NO_GAMEPLAY
V05C001297,81:9E7A:E0M0X0,040CF3D0,81,9E7A,0,0,0,60,RTS,IMP,1,60,NATIVE_BODY,NATIVE_BODY,6,6,NONE,1,0,0,0,0,2,0,0,3,0,RETURN_SEQUENCE,RETURN_PRE_IDLE;RETURN_PRE_IDLE;RTS_POST_POP_IDLE,00000180,000000,819E7A,V02C_MATRIX_PLUS_PINNED_MESEN_CPU_SOURCE_ORDER_NO_GAMEPLAY
V05C001298,81:9E7B:E0M0X0,040CF3D8,81,9E7B,0,0,0,C8,INY,IMP,1,C8,NATIVE_BODY,NATIVE_BODY,2,2,NONE,1,0,0,0,0,0,0,0,1,0,FIXED_IDLE_SEQUENCE,IMPLIED_PRE_IDLE,00000800,000000,819E7B,V02C_MATRIX_PLUS_PINNED_MESEN_CPU_SOURCE_ORDER_NO_GAMEPLAY
V05C001299,81:9E7C:E0M0X0,040CF3E0,81,9E7C,0,0,0,C8,INY,IMP,1,C8,NATIVE_BODY,NATIVE_BODY,2,2,NONE,1,0,0,0,0,0,0,0,1,0,FIXED_IDLE_SEQUENCE,IMPLIED_PRE_IDLE,00000800,000000,819E7C,V02C_MATRIX_PLUS_PINNED_MESEN_CPU_SOURCE_ORDER_NO_GAMEPLAY
V05C001300,81:9E7D:E0M0X0,040CF3E8,81,9E7D,0,0,0,C8,INY,IMP,1,C8,NATIVE_BODY,NATIVE_BODY,2,2,NONE,1,0,0,0,0,0,0,0,1,0,FIXED_IDLE_SEQUENCE,IMPLIED_PRE_IDLE,00000800,000000,819E7D,V02C_MATRIX_PLUS_PINNED_MESEN_CPU_SOURCE_ORDER_NO_GAMEPLAY
V05C001301,81:9E7E:E0M0X0,040CF3F0,81,9E7E,0,0,0,C8,INY,IMP,1,C8,NATIVE_BODY,NATIVE_BODY,2,2,NONE,1,0,0,0,0,0,0,0,1,0,FIXED_IDLE_SEQUENCE,IMPLIED_PRE_IDLE,00000800,000000,819E7E,V02C_MATRIX_PLUS_PINNED_MESEN_CPU_SOURCE_ORDER_NO_GAMEPLAY
V05C001302,81:9E7F:E0M0X0,040CF3F8,81,9E7F,0,0,0,82,BRL,REL16,3,82D8FF,NATIVE_BODY,NATIVE_BODY,4,4,NONE,3,0,0,0,0,0,0,0,1,0,FIXED_IDLE_SEQUENCE,RELLONG_PRE_IDLE,00008000,00FFD8,819E7F,V02C_MATRIX_PLUS_PINNED_MESEN_CPU_SOURCE_ORDER_NO_GAMEPLAY
V05C001303,81:9E82:E0M0X0,040CF410,81,9E82,0,0,0,B1,LDA,DP_IND_Y,2,B158,NATIVE_BODY,NATIVE_BODY,7,8,DIRECT_LOW_NONZERO:+1,2,2,2,0,0,0,0,0,1,1,DIRECT_INDEX_SEQUENCE,INDEX_FIXED_PRE_DATA_IDLE;DYN_DIRECT_LOW_PRE_IDLE,00040001,000058,819E82,V02C_MATRIX_PLUS_PINNED_MESEN_CPU_SOURCE_ORDER_NO_GAMEPLAY
V05C001304,81:9E84:E0M0X0,040CF420,81,9E84,0,0,0,C8,INY,IMP,1,C8,NATIVE_BODY,NATIVE_BODY,2,2,NONE,1,0,0,0,0,0,0,0,1,0,FIXED_IDLE_SEQUENCE,IMPLIED_PRE_IDLE,00000800,000000,819E84,V02C_MATRIX_PLUS_PINNED_MESEN_CPU_SOURCE_ORDER_NO_GAMEPLAY
V05C001305,81:9E85:E0M0X0,040CF428,81,9E85,0,0,0,C8,INY,IMP,1,C8,NATIVE_BODY,NATIVE_BODY,2,2,NONE,1,0,0,0,0,0,0,0,1,0,FIXED_IDLE_SEQUENCE,IMPLIED_PRE_IDLE,00000800,000000,819E85,V02C_MATRIX_PLUS_PINNED_MESEN_CPU_SOURCE_ORDER_NO_GAMEPLAY
V05C001306,81:9E86:E0M0X0,040CF430,81,9E86,0,0,0,5A,PHY,IMP,1,5A,NATIVE_BODY,NATIVE_BODY,4,4,NONE,1,0,0,0,0,0,2,0,1,0,FIXED_IDLE_SEQUENCE,PUSH_PRE_IDLE,00000200,000000,819E86,V02C_MATRIX_PLUS_PINNED_MESEN_CPU_SOURCE_ORDER_NO_GAMEPLAY
V05C001307,81:9E87:E0M0X0,040CF438,81,9E87,0,0,0,22,JSL,ABSL_JUMP,4,229B8380,NATIVE_BODY,NATIVE_BODY,8,8,NONE,4,0,0,0,0,0,3,0,1,0,JSL_DEFERRED_BANK_FETCH,JSL_AFTER_PBR_PUSH_IDLE,00000010,80839B,819E87,V02C_MATRIX_PLUS_PINNED_MESEN_CPU_SOURCE_ORDER_NO_GAMEPLAY
V05C001308,81:9E8B:E0M0X0,040CF458,81,9E8B,0,0,0,7A,PLY,IMP,1,7A,NATIVE_BODY,NATIVE_BODY,5,5,NONE,1,0,0,0,0,2,0,0,2,0,FIXED_IDLE_SEQUENCE,PULL_PRE_IDLE;PULL_PRE_IDLE,00000400,000000,819E8B,V02C_MATRIX_PLUS_PINNED_MESEN_CPU_SOURCE_ORDER_NO_GAMEPLAY
V05C001309,81:9E8C:E0M0X0,040CF460,81,9E8C,0,0,0,82,BRL,REL16,3,82CBFF,NATIVE_BODY,NATIVE_BODY,4,4,NONE,3,0,0,0,0,0,0,0,1,0,FIXED_IDLE_SEQUENCE,RELLONG_PRE_IDLE,00008000,00FFCB,819E8C,V02C_MATRIX_PLUS_PINNED_MESEN_CPU_SOURCE_ORDER_NO_GAMEPLAY
V05C001310,81:9E8F:E0M0X0,040CF478,81,9E8F,0,0,0,B1,LDA,DP_IND_Y,2,B158,NATIVE_BODY,NATIVE_BODY,7,8,DIRECT_LOW_NONZERO:+1,2,2,2,0,0,0,0,0,1,1,DIRECT_INDEX_SEQUENCE,INDEX_FIXED_PRE_DATA_IDLE;DYN_DIRECT_LOW_PRE_IDLE,00040001,000058,819E8F,V02C_MATRIX_PLUS_PINNED_MESEN_CPU_SOURCE_ORDER_NO_GAMEPLAY
V05C001311,81:9E91:E0M0X0,040CF488,81,9E91,0,0,0,C8,INY,IMP,1,C8,NATIVE_BODY,NATIVE_BODY,2,2,NONE,1,0,0,0,0,0,0,0,1,0,FIXED_IDLE_SEQUENCE,IMPLIED_PRE_IDLE,00000800,000000,819E91,V02C_MATRIX_PLUS_PINNED_MESEN_CPU_SOURCE_ORDER_NO_GAMEPLAY
V05C001312,81:9E92:E0M0X0,040CF490,81,9E92,0,0,0,C8,INY,IMP,1,C8,NATIVE_BODY,NATIVE_BODY,2,2,NONE,1,0,0,0,0,0,0,0,1,0,FIXED_IDLE_SEQUENCE,IMPLIED_PRE_IDLE,00000800,000000,819E92,V02C_MATRIX_PLUS_PINNED_MESEN_CPU_SOURCE_ORDER_NO_GAMEPLAY
V05C001313,81:9E93:E0M0X0,040CF498,81,9E93,0,0,0,AA,TAX,IMP,1,AA,NATIVE_BODY,NATIVE_BODY,2,2,NONE,1,0,0,0,0,0,0,0,1,0,FIXED_IDLE_SEQUENCE,IMPLIED_PRE_IDLE,00000800,000000,819E93,V02C_MATRIX_PLUS_PINNED_MESEN_CPU_SOURCE_ORDER_NO_GAMEPLAY
V05C001314,81:9E94:E0M0X0,040CF4A0,81,9E94,0,0,0,B1,LDA,DP_IND_Y,2,B158,NATIVE_BODY,NATIVE_BODY,7,8,DIRECT_LOW_NONZERO:+1,2,2,2,0,0,0,0,0,1,1,DIRECT_INDEX_SEQUENCE,INDEX_FIXED_PRE_DATA_IDLE;DYN_DIRECT_LOW_PRE_IDLE,00040001,000058,819E94,V02C_MATRIX_PLUS_PINNED_MESEN_CPU_SOURCE_ORDER_NO_GAMEPLAY
V05C001315,81:9E96:E0M0X0,040CF4B0,81,9E96,0,0,0,C8,INY,IMP,1,C8,NATIVE_BODY,NATIVE_BODY,2,2,NONE,1,0,0,0,0,0,0,0,1,0,FIXED_IDLE_SEQUENCE,IMPLIED_PRE_IDLE,00000800,000000,819E96,V02C_MATRIX_PLUS_PINNED_MESEN_CPU_SOURCE_ORDER_NO_GAMEPLAY
V05C001316,81:9E97:E0M0X0,040CF4B8,81,9E97,0,0,0,C8,INY,IMP,1,C8,NATIVE_BODY,NATIVE_BODY,2,2,NONE,1,0,0,0,0,0,0,0,1,0,FIXED_IDLE_SEQUENCE,IMPLIED_PRE_IDLE,00000800,000000,819E97,V02C_MATRIX_PLUS_PINNED_MESEN_CPU_SOURCE_ORDER_NO_GAMEPLAY
V05C001317,81:9E98:E0M0X0,040CF4C0,81,9E98,0,0,0,5A,PHY,IMP,1,5A,NATIVE_BODY,NATIVE_BODY,4,4,NONE,1,0,0,0,0,0,2,0,1,0,FIXED_IDLE_SEQUENCE,PUSH_PRE_IDLE,00000200,000000,819E98,V02C_MATRIX_PLUS_PINNED_MESEN_CPU_SOURCE_ORDER_NO_GAMEPLAY
V05C001318,81:9E99:E0M0X0,040CF4C8,81,9E99,0,0,0,22,JSL,ABSL_JUMP,4,22F78280,NATIVE_BODY,NATIVE_BODY,8,8,NONE,4,0,0,0,0,0,3,0,1,0,JSL_DEFERRED_BANK_FETCH,JSL_AFTER_PBR_PUSH_IDLE,00000010,8082F7,819E99,V02C_MATRIX_PLUS_PINNED_MESEN_CPU_SOURCE_ORDER_NO_GAMEPLAY
V05C001319,81:9E9D:E0M0X0,040CF4E8,81,9E9D,0,0,0,7A,PLY,IMP,1,7A,NATIVE_BODY,NATIVE_BODY,5,5,NONE,1,0,0,0,0,2,0,0,2,0,FIXED_IDLE_SEQUENCE,PULL_PRE_IDLE;PULL_PRE_IDLE,00000400,000000,819E9D,V02C_MATRIX_PLUS_PINNED_MESEN_CPU_SOURCE_ORDER_NO_GAMEPLAY
V05C001320,81:9E9E:E0M0X0,040CF4F0,81,9E9E,0,0,0,82,BRL,REL16,3,82B9FF,NATIVE_BODY,NATIVE_BODY,4,4,NONE,3,0,0,0,0,0,0,0,1,0,FIXED_IDLE_SEQUENCE,RELLONG_PRE_IDLE,00008000,00FFB9,819E9E,V02C_MATRIX_PLUS_PINNED_MESEN_CPU_SOURCE_ORDER_NO_GAMEPLAY
V05C001321,81:9EA1:E0M0X0,040CF508,81,9EA1,0,0,0,B1,LDA,DP_IND_Y,2,B158,NATIVE_BODY,NATIVE_BODY,7,8,DIRECT_LOW_NONZERO:+1,2,2,2,0,0,0,0,0,1,1,DIRECT_INDEX_SEQUENCE,INDEX_FIXED_PRE_DATA_IDLE;DYN_DIRECT_LOW_PRE_IDLE,00040001,000058,819EA1,V02C_MATRIX_PLUS_PINNED_MESEN_CPU_SOURCE_ORDER_NO_GAMEPLAY
V05C001322,81:9EA3:E0M0X0,040CF518,81,9EA3,0,0,0,C8,INY,IMP,1,C8,NATIVE_BODY,NATIVE_BODY,2,2,NONE,1,0,0,0,0,0,0,0,1,0,FIXED_IDLE_SEQUENCE,IMPLIED_PRE_IDLE,00000800,000000,819EA3,V02C_MATRIX_PLUS_PINNED_MESEN_CPU_SOURCE_ORDER_NO_GAMEPLAY
V05C001323,81:9EA4:E0M0X0,040CF520,81,9EA4,0,0,0,C8,INY,IMP,1,C8,NATIVE_BODY,NATIVE_BODY,2,2,NONE,1,0,0,0,0,0,0,0,1,0,FIXED_IDLE_SEQUENCE,IMPLIED_PRE_IDLE,00000800,000000,819EA4,V02C_MATRIX_PLUS_PINNED_MESEN_CPU_SOURCE_ORDER_NO_GAMEPLAY
V05C001324,81:9EA5:E0M0X0,040CF528,81,9EA5,0,0,0,48,PHA,IMP,1,48,NATIVE_BODY,NATIVE_BODY,4,4,NONE,1,0,0,0,0,0,2,0,1,0,FIXED_IDLE_SEQUENCE,PUSH_PRE_IDLE,00000200,000000,819EA5,V02C_MATRIX_PLUS_PINNED_MESEN_CPU_SOURCE_ORDER_NO_GAMEPLAY
V05C001325,81:9EA6:E0M0X0,040CF530,81,9EA6,0,0,0,B1,LDA,DP_IND_Y,2,B158,NATIVE_BODY,NATIVE_BODY,7,8,DIRECT_LOW_NONZERO:+1,2,2,2,0,0,0,0,0,1,1,DIRECT_INDEX_SEQUENCE,INDEX_FIXED_PRE_DATA_IDLE;DYN_DIRECT_LOW_PRE_IDLE,00040001,000058,819EA6,V02C_MATRIX_PLUS_PINNED_MESEN_CPU_SOURCE_ORDER_NO_GAMEPLAY
V05C001326,81:9EA8:E0M0X0,040CF540,81,9EA8,0,0,0,C8,INY,IMP,1,C8,NATIVE_BODY,NATIVE_BODY,2,2,NONE,1,0,0,0,0,0,0,0,1,0,FIXED_IDLE_SEQUENCE,IMPLIED_PRE_IDLE,00000800,000000,819EA8,V02C_MATRIX_PLUS_PINNED_MESEN_CPU_SOURCE_ORDER_NO_GAMEPLAY
V05C001327,81:9EA9:E0M0X0,040CF548,81,9EA9,0,0,0,C8,INY,IMP,1,C8,NATIVE_BODY,NATIVE_BODY,2,2,NONE,1,0,0,0,0,0,0,0,1,0,FIXED_IDLE_SEQUENCE,IMPLIED_PRE_IDLE,00000800,000000,819EA9,V02C_MATRIX_PLUS_PINNED_MESEN_CPU_SOURCE_ORDER_NO_GAMEPLAY
V05C001328,81:9EAA:E0M0X0,040CF550,81,9EAA,0,0,0,AA,TAX,IMP,1,AA,NATIVE_BODY,NATIVE_BODY,2,2,NONE,1,0,0,0,0,0,0,0,1,0,FIXED_IDLE_SEQUENCE,IMPLIED_PRE_IDLE,00000800,000000,819EAA,V02C_MATRIX_PLUS_PINNED_MESEN_CPU_SOURCE_ORDER_NO_GAMEPLAY
V05C001329,81:9EAB:E0M0X0,040CF558,81,9EAB,0,0,0,B1,LDA,DP_IND_Y,2,B158,NATIVE_BODY,NATIVE_BODY,7,8,DIRECT_LOW_NONZERO:+1,2,2,2,0,0,0,0,0,1,1,DIRECT_INDEX_SEQUENCE,INDEX_FIXED_PRE_DATA_IDLE;DYN_DIRECT_LOW_PRE_IDLE,00040001,000058,819EAB,V02C_MATRIX_PLUS_PINNED_MESEN_CPU_SOURCE_ORDER_NO_GAMEPLAY
V05C001330,81:9EAD:E0M0X0,040CF568,81,9EAD,0,0,0,C8,INY,IMP,1,C8,NATIVE_BODY,NATIVE_BODY,2,2,NONE,1,0,0,0,0,0,0,0,1,0,FIXED_IDLE_SEQUENCE,IMPLIED_PRE_IDLE,00000800,000000,819EAD,V02C_MATRIX_PLUS_PINNED_MESEN_CPU_SOURCE_ORDER_NO_GAMEPLAY
V05C001331,81:9EAE:E0M0X0,040CF570,81,9EAE,0,0,0,C8,INY,IMP,1,C8,NATIVE_BODY,NATIVE_BODY,2,2,NONE,1,0,0,0,0,0,0,0,1,0,FIXED_IDLE_SEQUENCE,IMPLIED_PRE_IDLE,00000800,000000,819EAE,V02C_MATRIX_PLUS_PINNED_MESEN_CPU_SOURCE_ORDER_NO_GAMEPLAY
V05C001332,81:9EAF:E0M0X0,040CF578,81,9EAF,0,0,0,C9,CMP,IMM_M,3,C91000,NATIVE_BODY,NATIVE_BODY,3,3,NONE,3,0,0,0,0,0,0,0,0,0,LINEAR_BUS_SEQUENCE,,00000000,000010,819EAF,V02C_MATRIX_PLUS_PINNED_MESEN_CPU_SOURCE_ORDER_NO_GAMEPLAY
V05C001333,81:9EB2:E0M0X0,040CF590,81,9EB2,0,0,0,F0,BEQ,REL8,2,F00F,NATIVE_BODY,NATIVE_BODY,2,3,BRANCH_TAKEN:+1,2,0,0,0,0,0,0,0,0,1,BRANCH_SEQUENCE,DYN_BRANCH_TAKEN_POST_IDLE,00000004,00000F,819EB2,V02C_MATRIX_PLUS_PINNED_MESEN_CPU_SOURCE_ORDER_NO_GAMEPLAY
V05C001334,81:9EB4:E0M0X0,040CF5A0,81,9EB4,0,0,0,C9,CMP,IMM_M,3,C92000,NATIVE_BODY,NATIVE_BODY,3,3,NONE,3,0,0,0,0,0,0,0,0,0,LINEAR_BUS_SEQUENCE,,00000000,000020,819EB4,V02C_MATRIX_PLUS_PINNED_MESEN_CPU_SOURCE_ORDER_NO_GAMEPLAY
V05C001335,81:9EB7:E0M0X0,040CF5B8,81,9EB7,0,0,0,F0,BEQ,REL8,2,F014,NATIVE_BODY,NATIVE_BODY,2,3,BRANCH_TAKEN:+1,2,0,0,0,0,0,0,0,0,1,BRANCH_SEQUENCE,DYN_BRANCH_TAKEN_POST_IDLE,00000004,000014,819EB7,V02C_MATRIX_PLUS_PINNED_MESEN_CPU_SOURCE_ORDER_NO_GAMEPLAY
V05C001336,81:9EB9:E0M0X0,040CF5C8,81,9EB9,0,0,0,68,PLA,IMP,1,68,NATIVE_BODY,NATIVE_BODY,5,5,NONE,1,0,0,0,0,2,0,0,2,0,FIXED_IDLE_SEQUENCE,PULL_PRE_IDLE;PULL_PRE_IDLE,00000400,000000,819EB9,V02C_MATRIX_PLUS_PINNED_MESEN_CPU_SOURCE_ORDER_NO_GAMEPLAY
V05C001337,81:9EBA:E0M0X0,040CF5D0,81,9EBA,0,0,0,5A,PHY,IMP,1,5A,NATIVE_BODY,NATIVE_BODY,4,4,NONE,1,0,0,0,0,0,2,0,1,0,FIXED_IDLE_SEQUENCE,PUSH_PRE_IDLE,00000200,000000,819EBA,V02C_MATRIX_PLUS_PINNED_MESEN_CPU_SOURCE_ORDER_NO_GAMEPLAY
V05C001338,81:9EBB:E0M0X0,040CF5D8,81,9EBB,0,0,0,22,JSL,ABSL_JUMP,4,221AA280,NATIVE_BODY,NATIVE_BODY,8,8,NONE,4,0,0,0,0,0,3,0,1,0,JSL_DEFERRED_BANK_FETCH,JSL_AFTER_PBR_PUSH_IDLE,00000010,80A21A,819EBB,V02C_MATRIX_PLUS_PINNED_MESEN_CPU_SOURCE_ORDER_NO_GAMEPLAY
V05C001339,81:9EBF:E0M0X0,040CF5F8,81,9EBF,0,0,0,7A,PLY,IMP,1,7A,NATIVE_BODY,NATIVE_BODY,5,5,NONE,1,0,0,0,0,2,0,0,2,0,FIXED_IDLE_SEQUENCE,PULL_PRE_IDLE;PULL_PRE_IDLE,00000400,000000,819EBF,V02C_MATRIX_PLUS_PINNED_MESEN_CPU_SOURCE_ORDER_NO_GAMEPLAY
V05C001340,81:9EC0:E0M0X0,040CF600,81,9EC0,0,0,0,82,BRL,REL16,3,8297FF,NATIVE_BODY,NATIVE_BODY,4,4,NONE,3,0,0,0,0,0,0,0,1,0,FIXED_IDLE_SEQUENCE,RELLONG_PRE_IDLE,00008000,00FF97,819EC0,V02C_MATRIX_PLUS_PINNED_MESEN_CPU_SOURCE_ORDER_NO_GAMEPLAY
V05C001341,81:9EC3:E0M0X0,040CF618,81,9EC3,0,0,0,68,PLA,IMP,1,68,NATIVE_BODY,NATIVE_BODY,5,5,NONE,1,0,0,0,0,2,0,0,2,0,FIXED_IDLE_SEQUENCE,PULL_PRE_IDLE;PULL_PRE_IDLE,00000400,000000,819EC3,V02C_MATRIX_PLUS_PINNED_MESEN_CPU_SOURCE_ORDER_NO_GAMEPLAY
V05C001342,81:9EC4:E0M0X0,040CF620,81,9EC4,0,0,0,5A,PHY,IMP,1,5A,NATIVE_BODY,NATIVE_BODY,4,4,NONE,1,0,0,0,0,0,2,0,1,0,FIXED_IDLE_SEQUENCE,PUSH_PRE_IDLE,00000200,000000,819EC4,V02C_MATRIX_PLUS_PINNED_MESEN_CPU_SOURCE_ORDER_NO_GAMEPLAY
V05C001343,81:9EC5:E0M0X0,040CF628,81,9EC5,0,0,0,22,JSL,ABSL_JUMP,4,2238A380,NATIVE_BODY,NATIVE_BODY,8,8,NONE,4,0,0,0,0,0,3,0,1,0,JSL_DEFERRED_BANK_FETCH,JSL_AFTER_PBR_PUSH_IDLE,00000010,80A338,819EC5,V02C_MATRIX_PLUS_PINNED_MESEN_CPU_SOURCE_ORDER_NO_GAMEPLAY
V05C001344,81:9EC9:E0M0X0,040CF648,81,9EC9,0,0,0,7A,PLY,IMP,1,7A,NATIVE_BODY,NATIVE_BODY,5,5,NONE,1,0,0,0,0,2,0,0,2,0,FIXED_IDLE_SEQUENCE,PULL_PRE_IDLE;PULL_PRE_IDLE,00000400,000000,819EC9,V02C_MATRIX_PLUS_PINNED_MESEN_CPU_SOURCE_ORDER_NO_GAMEPLAY
V05C001345,81:9ECA:E0M0X0,040CF650,81,9ECA,0,0,0,82,BRL,REL16,3,828DFF,NATIVE_BODY,NATIVE_BODY,4,4,NONE,3,0,0,0,0,0,0,0,1,0,FIXED_IDLE_SEQUENCE,RELLONG_PRE_IDLE,00008000,00FF8D,819ECA,V02C_MATRIX_PLUS_PINNED_MESEN_CPU_SOURCE_ORDER_NO_GAMEPLAY
V05C001346,81:9ECD:E0M0X0,040CF668,81,9ECD,0,0,0,68,PLA,IMP,1,68,NATIVE_BODY,NATIVE_BODY,5,5,NONE,1,0,0,0,0,2,0,0,2,0,FIXED_IDLE_SEQUENCE,PULL_PRE_IDLE;PULL_PRE_IDLE,00000400,000000,819ECD,V02C_MATRIX_PLUS_PINNED_MESEN_CPU_SOURCE_ORDER_NO_GAMEPLAY
V05C001347,81:9ECE:E0M0X0,040CF670,81,9ECE,0,0,0,5A,PHY,IMP,1,5A,NATIVE_BODY,NATIVE_BODY,4,4,NONE,1,0,0,0,0,0,2,0,1,0,FIXED_IDLE_SEQUENCE,PUSH_PRE_IDLE,00000200,000000,819ECE,V02C_MATRIX_PLUS_PINNED_MESEN_CPU_SOURCE_ORDER_NO_GAMEPLAY
V05C001348,81:9ECF:E0M0X0,040CF678,81,9ECF,0,0,0,22,JSL,ABSL_JUMP,4,22DBA280,NATIVE_BODY,NATIVE_BODY,8,8,NONE,4,0,0,0,0,0,3,0,1,0,JSL_DEFERRED_BANK_FETCH,JSL_AFTER_PBR_PUSH_IDLE,00000010,80A2DB,819ECF,V02C_MATRIX_PLUS_PINNED_MESEN_CPU_SOURCE_ORDER_NO_GAMEPLAY
V05C001349,81:9ED3:E0M0X0,040CF698,81,9ED3,0,0,0,7A,PLY,IMP,1,7A,NATIVE_BODY,NATIVE_BODY,5,5,NONE,1,0,0,0,0,2,0,0,2,0,FIXED_IDLE_SEQUENCE,PULL_PRE_IDLE;PULL_PRE_IDLE,00000400,000000,819ED3,V02C_MATRIX_PLUS_PINNED_MESEN_CPU_SOURCE_ORDER_NO_GAMEPLAY
V05C001350,81:9ED4:E0M0X0,040CF6A0,81,9ED4,0,0,0,82,BRL,REL16,3,8283FF,NATIVE_BODY,NATIVE_BODY,4,4,NONE,3,0,0,0,0,0,0,0,1,0,FIXED_IDLE_SEQUENCE,RELLONG_PRE_IDLE,00008000,00FF83,819ED4,V02C_MATRIX_PLUS_PINNED_MESEN_CPU_SOURCE_ORDER_NO_GAMEPLAY
V05C001351,81:9F5C:E0M1X1,040CFAE3,81,9F5C,0,1,1,C2,REP,IMM8,2,C220,NATIVE_BODY,NATIVE_BODY,3,3,NONE,2,0,0,0,0,0,0,0,1,0,FIXED_IDLE_SEQUENCE,STATUS_PRE_IDLE,00002000,000020,819F5C,V02C_MATRIX_PLUS_PINNED_MESEN_CPU_SOURCE_ORDER_NO_GAMEPLAY
V05C001352,81:9F5E:E0M0X1,040CFAF1,81,9F5E,0,0,1,AD,LDA,ABS,3,AD3D03,NATIVE_BODY,NATIVE_BODY,5,5,NONE,3,0,2,0,0,0,0,0,0,0,LINEAR_BUS_SEQUENCE,,00000000,00033D,819F5E,V02C_MATRIX_PLUS_PINNED_MESEN_CPU_SOURCE_ORDER_NO_GAMEPLAY
V05C001353,81:9F61:E0M0X1,040CFB09,81,9F61,0,0,1,8D,STA,ABS,3,8D4503,NATIVE_BODY,NATIVE_BODY,5,5,NONE,3,0,0,2,0,0,0,0,0,0,LINEAR_BUS_SEQUENCE,,00000000,000345,819F61,V02C_MATRIX_PLUS_PINNED_MESEN_CPU_SOURCE_ORDER_NO_GAMEPLAY
V05C001354,81:9F64:E0M0X1,040CFB21,81,9F64,0,0,1,AD,LDA,ABS,3,AD3F03,NATIVE_BODY,NATIVE_BODY,5,5,NONE,3,0,2,0,0,0,0,0,0,0,LINEAR_BUS_SEQUENCE,,00000000,00033F,819F64,V02C_MATRIX_PLUS_PINNED_MESEN_CPU_SOURCE_ORDER_NO_GAMEPLAY
V05C001355,81:9F67:E0M0X1,040CFB39,81,9F67,0,0,1,8D,STA,ABS,3,8D4703,NATIVE_BODY,NATIVE_BODY,5,5,NONE,3,0,0,2,0,0,0,0,0,0,LINEAR_BUS_SEQUENCE,,00000000,000347,819F67,V02C_MATRIX_PLUS_PINNED_MESEN_CPU_SOURCE_ORDER_NO_GAMEPLAY
V05C001356,81:9F6A:E0M0X1,040CFB51,81,9F6A,0,0,1,9C,STZ,ABS,3,9C4D03,NATIVE_BODY,NATIVE_BODY,5,5,NONE,3,0,0,2,0,0,0,0,0,0,LINEAR_BUS_SEQUENCE,,00000000,00034D,819F6A,V02C_MATRIX_PLUS_PINNED_MESEN_CPU_SOURCE_ORDER_NO_GAMEPLAY
V05C001357,81:9F6D:E0M0X1,040CFB69,81,9F6D,0,0,1,9C,STZ,ABS,3,9C4F03,NATIVE_BODY,NATIVE_BODY,5,5,NONE,3,0,0,2,0,0,0,0,0,0,LINEAR_BUS_SEQUENCE,,00000000,00034F,819F6D,V02C_MATRIX_PLUS_PINNED_MESEN_CPU_SOURCE_ORDER_NO_GAMEPLAY
V05C001358,81:9F70:E0M0X1,040CFB81,81,9F70,0,0,1,E2,SEP,IMM8,2,E220,NATIVE_BODY,NATIVE_BODY,3,3,NONE,2,0,0,0,0,0,0,0,1,0,FIXED_IDLE_SEQUENCE,STATUS_PRE_IDLE,00002000,000020,819F70,V02C_MATRIX_PLUS_PINNED_MESEN_CPU_SOURCE_ORDER_NO_GAMEPLAY
V05C001359,81:9F72:E0M1X1,040CFB93,81,9F72,0,1,1,9C,STZ,ABS,3,9C8E02,NATIVE_BODY,NATIVE_BODY,4,4,NONE,3,0,0,1,0,0,0,0,0,0,LINEAR_BUS_SEQUENCE,,00000000,00028E,819F72,V02C_MATRIX_PLUS_PINNED_MESEN_CPU_SOURCE_ORDER_NO_GAMEPLAY
V05C001360,81:9F75:E0M1X1,040CFBAB,81,9F75,0,1,1,9C,STZ,ABS,3,9C8F02,NATIVE_BODY,NATIVE_BODY,4,4,NONE,3,0,0,1,0,0,0,0,0,0,LINEAR_BUS_SEQUENCE,,00000000,00028F,819F75,V02C_MATRIX_PLUS_PINNED_MESEN_CPU_SOURCE_ORDER_NO_GAMEPLAY
V05C001361,81:9F78:E0M1X1,040CFBC3,81,9F78,0,1,1,9C,STZ,ABS,3,9C8D02,NATIVE_BODY,NATIVE_BODY,4,4,NONE,3,0,0,1,0,0,0,0,0,0,LINEAR_BUS_SEQUENCE,,00000000,00028D,819F78,V02C_MATRIX_PLUS_PINNED_MESEN_CPU_SOURCE_ORDER_NO_GAMEPLAY
V05C001362,81:9F7B:E0M1X1,040CFBDB,81,9F7B,0,1,1,9C,STZ,ABS,3,9C8C02,NATIVE_BODY,NATIVE_BODY,4,4,NONE,3,0,0,1,0,0,0,0,0,0,LINEAR_BUS_SEQUENCE,,00000000,00028C,819F7B,V02C_MATRIX_PLUS_PINNED_MESEN_CPU_SOURCE_ORDER_NO_GAMEPLAY
V05C001363,81:9F7E:E0M1X1,040CFBF3,81,9F7E,0,1,1,9C,STZ,ABS,3,9C8B02,NATIVE_BODY,NATIVE_BODY,4,4,NONE,3,0,0,1,0,0,0,0,0,0,LINEAR_BUS_SEQUENCE,,00000000,00028B,819F7E,V02C_MATRIX_PLUS_PINNED_MESEN_CPU_SOURCE_ORDER_NO_GAMEPLAY
V05C001364,81:9F81:E0M1X1,040CFC0B,81,9F81,0,1,1,9C,STZ,ABS,3,9C8A02,NATIVE_BODY,NATIVE_BODY,4,4,NONE,3,0,0,1,0,0,0,0,0,0,LINEAR_BUS_SEQUENCE,,00000000,00028A,819F81,V02C_MATRIX_PLUS_PINNED_MESEN_CPU_SOURCE_ORDER_NO_GAMEPLAY
V05C001365,81:9F84:E0M1X1,040CFC23,81,9F84,0,1,1,9C,STZ,ABS,3,9C9002,NATIVE_BODY,NATIVE_BODY,4,4,NONE,3,0,0,1,0,0,0,0,0,0,LINEAR_BUS_SEQUENCE,,00000000,000290,819F84,V02C_MATRIX_PLUS_PINNED_MESEN_CPU_SOURCE_ORDER_NO_GAMEPLAY
V05C001366,81:9F87:E0M1X1,040CFC3B,81,9F87,0,1,1,9C,STZ,ABS,3,9C9102,NATIVE_BODY,NATIVE_BODY,4,4,NONE,3,0,0,1,0,0,0,0,0,0,LINEAR_BUS_SEQUENCE,,00000000,000291,819F87,V02C_MATRIX_PLUS_PINNED_MESEN_CPU_SOURCE_ORDER_NO_GAMEPLAY
V05C001367,81:9F8A:E0M1X1,040CFC53,81,9F8A,0,1,1,9C,STZ,ABS,3,9C9302,NATIVE_BODY,NATIVE_BODY,4,4,NONE,3,0,0,1,0,0,0,0,0,0,LINEAR_BUS_SEQUENCE,,00000000,000293,819F8A,V02C_MATRIX_PLUS_PINNED_MESEN_CPU_SOURCE_ORDER_NO_GAMEPLAY
V05C001368,81:9F8D:E0M1X1,040CFC6B,81,9F8D,0,1,1,9C,STZ,ABS,3,9C9202,NATIVE_BODY,NATIVE_BODY,4,4,NONE,3,0,0,1,0,0,0,0,0,0,LINEAR_BUS_SEQUENCE,,00000000,000292,819F8D,V02C_MATRIX_PLUS_PINNED_MESEN_CPU_SOURCE_ORDER_NO_GAMEPLAY
V05C001369,81:9F90:E0M1X1,040CFC83,81,9F90,0,1,1,9C,STZ,ABS,3,9C9602,NATIVE_BODY,NATIVE_BODY,4,4,NONE,3,0,0,1,0,0,0,0,0,0,LINEAR_BUS_SEQUENCE,,00000000,000296,819F90,V02C_MATRIX_PLUS_PINNED_MESEN_CPU_SOURCE_ORDER_NO_GAMEPLAY
V05C001370,81:9F93:E0M1X1,040CFC9B,81,9F93,0,1,1,9C,STZ,ABS,3,9C9402,NATIVE_BODY,NATIVE_BODY,4,4,NONE,3,0,0,1,0,0,0,0,0,0,LINEAR_BUS_SEQUENCE,,00000000,000294,819F93,V02C_MATRIX_PLUS_PINNED_MESEN_CPU_SOURCE_ORDER_NO_GAMEPLAY
V05C001371,81:9F96:E0M1X1,040CFCB3,81,9F96,0,1,1,9C,STZ,ABS,3,9C9502,NATIVE_BODY,NATIVE_BODY,4,4,NONE,3,0,0,1,0,0,0,0,0,0,LINEAR_BUS_SEQUENCE,,00000000,000295,819F96,V02C_MATRIX_PLUS_PINNED_MESEN_CPU_SOURCE_ORDER_NO_GAMEPLAY
V05C001372,81:9F99:E0M1X1,040CFCCB,81,9F99,0,1,1,9C,STZ,ABS,3,9C8902,NATIVE_BODY,NATIVE_BODY,4,4,NONE,3,0,0,1,0,0,0,0,0,0,LINEAR_BUS_SEQUENCE,,00000000,000289,819F99,V02C_MATRIX_PLUS_PINNED_MESEN_CPU_SOURCE_ORDER_NO_GAMEPLAY
V05C001373,81:9F9C:E0M1X1,040CFCE3,81,9F9C,0,1,1,60,RTS,IMP,1,60,NATIVE_BODY,NATIVE_BODY,6,6,NONE,1,0,0,0,0,2,0,0,3,0,RETURN_SEQUENCE,RETURN_PRE_IDLE;RETURN_PRE_IDLE;RTS_POST_POP_IDLE,00000180,000000,819F9C,V02C_MATRIX_PLUS_PINNED_MESEN_CPU_SOURCE_ORDER_NO_GAMEPLAY
V05C001374,81:9F9D:E0M1X1,040CFCEB,81,9F9D,0,1,1,AD,LDA,ABS,3,AD9602,NATIVE_BODY,NATIVE_BODY,4,4,NONE,3,0,1,0,0,0,0,0,0,0,LINEAR_BUS_SEQUENCE,,00000000,000296,819F9D,V02C_MATRIX_PLUS_PINNED_MESEN_CPU_SOURCE_ORDER_NO_GAMEPLAY
V05C001375,81:9FA0:E0M1X1,040CFD03,81,9FA0,0,1,1,F0,BEQ,REL8,2,F00B,NATIVE_BODY,NATIVE_BODY,2,3,BRANCH_TAKEN:+1,2,0,0,0,0,0,0,0,0,1,BRANCH_SEQUENCE,DYN_BRANCH_TAKEN_POST_IDLE,00000004,00000B,819FA0,V02C_MATRIX_PLUS_PINNED_MESEN_CPU_SOURCE_ORDER_NO_GAMEPLAY
V05C001376,81:9FA2:E0M1X1,040CFD13,81,9FA2,0,1,1,22,JSL,ABSL_JUMP,4,2252FB80,NATIVE_BODY,NATIVE_BODY,8,8,NONE,4,0,0,0,0,0,3,0,1,0,JSL_DEFERRED_BANK_FETCH,JSL_AFTER_PBR_PUSH_IDLE,00000010,80FB52,819FA2,V02C_MATRIX_PLUS_PINNED_MESEN_CPU_SOURCE_ORDER_NO_GAMEPLAY
V05C001377,81:9FA6:E0M1X1,040CFD33,81,9FA6,0,1,1,22,JSL,ABSL_JUMP,4,2282F980,NATIVE_BODY,NATIVE_BODY,8,8,NONE,4,0,0,0,0,0,3,0,1,0,JSL_DEFERRED_BANK_FETCH,JSL_AFTER_PBR_PUSH_IDLE,00000010,80F982,819FA6,V02C_MATRIX_PLUS_PINNED_MESEN_CPU_SOURCE_ORDER_NO_GAMEPLAY
V05C001378,81:9FAA:E0M1X1,040CFD53,81,9FAA,0,1,1,9C,STZ,ABS,3,9C9602,NATIVE_BODY,NATIVE_BODY,4,4,NONE,3,0,0,1,0,0,0,0,0,0,LINEAR_BUS_SEQUENCE,,00000000,000296,819FAA,V02C_MATRIX_PLUS_PINNED_MESEN_CPU_SOURCE_ORDER_NO_GAMEPLAY
V05C001379,81:9FAD:E0M1X1,040CFD6B,81,9FAD,0,1,1,60,RTS,IMP,1,60,NATIVE_BODY,NATIVE_BODY,6,6,NONE,1,0,0,0,0,2,0,0,3,0,RETURN_SEQUENCE,RETURN_PRE_IDLE;RETURN_PRE_IDLE;RTS_POST_POP_IDLE,00000180,000000,819FAD,V02C_MATRIX_PLUS_PINNED_MESEN_CPU_SOURCE_ORDER_NO_GAMEPLAY
V05C001380,81:9FAE:E0M1X1,040CFD73,81,9FAE,0,1,1,EE,INC,ABS,3,EEB813,NATIVE_BODY,NATIVE_BODY,6,6,NONE,3,0,1,1,0,0,0,0,1,0,RMW_SEQUENCE,RMW_INTERMEDIATE_IDLE,00010000,0013B8,819FAE,V02C_MATRIX_PLUS_PINNED_MESEN_CPU_SOURCE_ORDER_NO_GAMEPLAY
V05C001381,81:9FB1:E0M1X1,040CFD8B,81,9FB1,0,1,1,EC,CPX,ABS,3,ECB813,NATIVE_BODY,NATIVE_BODY,4,4,NONE,3,0,1,0,0,0,0,0,0,0,LINEAR_BUS_SEQUENCE,,00000000,0013B8,819FB1,V02C_MATRIX_PLUS_PINNED_MESEN_CPU_SOURCE_ORDER_NO_GAMEPLAY
V05C001382,81:9FB4:E0M1X1,040CFDA3,81,9FB4,0,1,1,D0,BNE,REL8,2,D003,NATIVE_BODY,NATIVE_BODY,2,3,BRANCH_TAKEN:+1,2,0,0,0,0,0,0,0,0,1,BRANCH_SEQUENCE,DYN_BRANCH_TAKEN_POST_IDLE,00000004,000003,819FB4,V02C_MATRIX_PLUS_PINNED_MESEN_CPU_SOURCE_ORDER_NO_GAMEPLAY
V05C001383,81:9FB6:E0M1X1,040CFDB3,81,9FB6,0,1,1,9C,STZ,ABS,3,9CB813,NATIVE_BODY,NATIVE_BODY,4,4,NONE,3,0,0,1,0,0,0,0,0,0,LINEAR_BUS_SEQUENCE,,00000000,0013B8,819FB6,V02C_MATRIX_PLUS_PINNED_MESEN_CPU_SOURCE_ORDER_NO_GAMEPLAY
V05C001384,81:9FB9:E0M1X1,040CFDCB,81,9FB9,0,1,1,9C,STZ,ABS,3,9C8D02,NATIVE_BODY,NATIVE_BODY,4,4,NONE,3,0,0,1,0,0,0,0,0,0,LINEAR_BUS_SEQUENCE,,00000000,00028D,819FB9,V02C_MATRIX_PLUS_PINNED_MESEN_CPU_SOURCE_ORDER_NO_GAMEPLAY
V05C001385,81:9FBC:E0M1X1,040CFDE3,81,9FBC,0,1,1,9C,STZ,ABS,3,9C8F02,NATIVE_BODY,NATIVE_BODY,4,4,NONE,3,0,0,1,0,0,0,0,0,0,LINEAR_BUS_SEQUENCE,,00000000,00028F,819FBC,V02C_MATRIX_PLUS_PINNED_MESEN_CPU_SOURCE_ORDER_NO_GAMEPLAY
V05C001386,81:9FBF:E0M1X1,040CFDFB,81,9FBF,0,1,1,EE,INC,ABS,3,EE9602,NATIVE_BODY,NATIVE_BODY,6,6,NONE,3,0,1,1,0,0,0,0,1,0,RMW_SEQUENCE,RMW_INTERMEDIATE_IDLE,00010000,000296,819FBF,V02C_MATRIX_PLUS_PINNED_MESEN_CPU_SOURCE_ORDER_NO_GAMEPLAY
V05C001387,81:9FC2:E0M1X1,040CFE13,81,9FC2,0,1,1,9C,STZ,ABS,3,9CB613,NATIVE_BODY,NATIVE_BODY,4,4,NONE,3,0,0,1,0,0,0,0,0,0,LINEAR_BUS_SEQUENCE,,00000000,0013B6,819FC2,V02C_MATRIX_PLUS_PINNED_MESEN_CPU_SOURCE_ORDER_NO_GAMEPLAY
V05C001388,81:9FC5:E0M1X1,040CFE2B,81,9FC5,0,1,1,60,RTS,IMP,1,60,NATIVE_BODY,NATIVE_BODY,6,6,NONE,1,0,0,0,0,2,0,0,3,0,RETURN_SEQUENCE,RETURN_PRE_IDLE;RETURN_PRE_IDLE;RTS_POST_POP_IDLE,00000180,000000,819FC5,V02C_MATRIX_PLUS_PINNED_MESEN_CPU_SOURCE_ORDER_NO_GAMEPLAY
V05C001389,81:9FC6:E0M1X1,040CFE33,81,9FC6,0,1,1,AD,LDA,ABS,3,ADB813,NATIVE_BODY,NATIVE_BODY,4,4,NONE,3,0,1,0,0,0,0,0,0,0,LINEAR_BUS_SEQUENCE,,00000000,0013B8,819FC6,V02C_MATRIX_PLUS_PINNED_MESEN_CPU_SOURCE_ORDER_NO_GAMEPLAY
V05C001390,81:9FC9:E0M1X1,040CFE4B,81,9FC9,0,1,1,3A,DEC,ACC,1,3A,NATIVE_BODY,NATIVE_BODY,2,2,NONE,1,0,0,0,0,0,0,0,1,0,FIXED_IDLE_SEQUENCE,IMPLIED_PRE_IDLE,00000800,000000,819FC9,V02C_MATRIX_PLUS_PINNED_MESEN_CPU_SOURCE_ORDER_NO_GAMEPLAY
V05C001391,81:9FCA:E0M1X1,040CFE53,81,9FCA,0,1,1,10,BPL,REL8,2,1001,NATIVE_BODY,NATIVE_BODY,2,3,BRANCH_TAKEN:+1,2,0,0,0,0,0,0,0,0,1,BRANCH_SEQUENCE,DYN_BRANCH_TAKEN_POST_IDLE,00000004,000001,819FCA,V02C_MATRIX_PLUS_PINNED_MESEN_CPU_SOURCE_ORDER_NO_GAMEPLAY
V05C001392,81:9FCC:E0M1X1,040CFE63,81,9FCC,0,1,1,8A,TXA,IMP,1,8A,NATIVE_BODY,NATIVE_BODY,2,2,NONE,1,0,0,0,0,0,0,0,1,0,FIXED_IDLE_SEQUENCE,IMPLIED_PRE_IDLE,00000800,000000,819FCC,V02C_MATRIX_PLUS_PINNED_MESEN_CPU_SOURCE_ORDER_NO_GAMEPLAY
V05C001393,81:9FCD:E0M1X1,040CFE6B,81,9FCD,0,1,1,8D,STA,ABS,3,8DB813,NATIVE_BODY,NATIVE_BODY,4,4,NONE,3,0,0,1,0,0,0,0,0,0,LINEAR_BUS_SEQUENCE,,00000000,0013B8,819FCD,V02C_MATRIX_PLUS_PINNED_MESEN_CPU_SOURCE_ORDER_NO_GAMEPLAY
V05C001394,81:9FD0:E0M1X1,040CFE83,81,9FD0,0,1,1,9C,STZ,ABS,3,9C8C02,NATIVE_BODY,NATIVE_BODY,4,4,NONE,3,0,0,1,0,0,0,0,0,0,LINEAR_BUS_SEQUENCE,,00000000,00028C,819FD0,V02C_MATRIX_PLUS_PINNED_MESEN_CPU_SOURCE_ORDER_NO_GAMEPLAY
V05C001395,81:9FD3:E0M1X1,040CFE9B,81,9FD3,0,1,1,9C,STZ,ABS,3,9C8E02,NATIVE_BODY,NATIVE_BODY,4,4,NONE,3,0,0,1,0,0,0,0,0,0,LINEAR_BUS_SEQUENCE,,00000000,00028E,819FD3,V02C_MATRIX_PLUS_PINNED_MESEN_CPU_SOURCE_ORDER_NO_GAMEPLAY
V05C001396,81:9FD6:E0M1X1,040CFEB3,81,9FD6,0,1,1,EE,INC,ABS,3,EE9602,NATIVE_BODY,NATIVE_BODY,6,6,NONE,3,0,1,1,0,0,0,0,1,0,RMW_SEQUENCE,RMW_INTERMEDIATE_IDLE,00010000,000296,819FD6,V02C_MATRIX_PLUS_PINNED_MESEN_CPU_SOURCE_ORDER_NO_GAMEPLAY
V05C001397,81:9FD9:E0M1X1,040CFECB,81,9FD9,0,1,1,9C,STZ,ABS,3,9CB613,NATIVE_BODY,NATIVE_BODY,4,4,NONE,3,0,0,1,0,0,0,0,0,0,LINEAR_BUS_SEQUENCE,,00000000,0013B6,819FD9,V02C_MATRIX_PLUS_PINNED_MESEN_CPU_SOURCE_ORDER_NO_GAMEPLAY
V05C001398,81:9FDC:E0M1X1,040CFEE3,81,9FDC,0,1,1,60,RTS,IMP,1,60,NATIVE_BODY,NATIVE_BODY,6,6,NONE,1,0,0,0,0,2,0,0,3,0,RETURN_SEQUENCE,RETURN_PRE_IDLE;RETURN_PRE_IDLE;RTS_POST_POP_IDLE,00000180,000000,819FDC,V02C_MATRIX_PLUS_PINNED_MESEN_CPU_SOURCE_ORDER_NO_GAMEPLAY
V05C001399,81:9FE6:E0M1X1,040CFF33,81,9FE6,0,1,1,AD,LDA,ABS,3,AD8F02,NATIVE_BODY,NATIVE_BODY,4,4,NONE,3,0,1,0,0,0,0,0,0,0,LINEAR_BUS_SEQUENCE,,00000000,00028F,819FE6,V02C_MATRIX_PLUS_PINNED_MESEN_CPU_SOURCE_ORDER_NO_GAMEPLAY
V05C001400,81:9FE9:E0M1X1,040CFF4B,81,9FE9,0,1,1,F0,BEQ,REL8,2,F003,NATIVE_BODY,NATIVE_BODY,2,3,BRANCH_TAKEN:+1,2,0,0,0,0,0,0,0,0,1,BRANCH_SEQUENCE,DYN_BRANCH_TAKEN_POST_IDLE,00000004,000003,819FE9,V02C_MATRIX_PLUS_PINNED_MESEN_CPU_SOURCE_ORDER_NO_GAMEPLAY
V05C001401,81:9FEB:E0M1X1,040CFF5B,81,9FEB,0,1,1,4C,JMP,ABS_JUMP,3,4CAE9F,NATIVE_BODY,NATIVE_BODY,3,3,NONE,3,0,0,0,0,0,0,0,0,0,LINEAR_BUS_SEQUENCE,,00000000,009FAE,819FEB,V02C_MATRIX_PLUS_PINNED_MESEN_CPU_SOURCE_ORDER_NO_GAMEPLAY
V05C001402,81:9FEE:E0M1X1,040CFF73,81,9FEE,0,1,1,60,RTS,IMP,1,60,NATIVE_BODY,NATIVE_BODY,6,6,NONE,1,0,0,0,0,2,0,0,3,0,RETURN_SEQUENCE,RETURN_PRE_IDLE;RETURN_PRE_IDLE;RTS_POST_POP_IDLE,00000180,000000,819FEE,V02C_MATRIX_PLUS_PINNED_MESEN_CPU_SOURCE_ORDER_NO_GAMEPLAY
V05C001403,81:9FF8:E0M1X1,040CFFC3,81,9FF8,0,1,1,AD,LDA,ABS,3,AD8E02,NATIVE_BODY,NATIVE_BODY,4,4,NONE,3,0,1,0,0,0,0,0,0,0,LINEAR_BUS_SEQUENCE,,00000000,00028E,819FF8,V02C_MATRIX_PLUS_PINNED_MESEN_CPU_SOURCE_ORDER_NO_GAMEPLAY
V05C001404,81:9FFB:E0M1X1,040CFFDB,81,9FFB,0,1,1,F0,BEQ,REL8,2,F003,NATIVE_BODY,NATIVE_BODY,2,3,BRANCH_TAKEN:+1,2,0,0,0,0,0,0,0,0,1,BRANCH_SEQUENCE,DYN_BRANCH_TAKEN_POST_IDLE,00000004,000003,819FFB,V02C_MATRIX_PLUS_PINNED_MESEN_CPU_SOURCE_ORDER_NO_GAMEPLAY
V05C001405,81:9FFD:E0M1X1,040CFFEB,81,9FFD,0,1,1,4C,JMP,ABS_JUMP,3,4CC69F,NATIVE_BODY,NATIVE_BODY,3,3,NONE,3,0,0,0,0,0,0,0,0,0,LINEAR_BUS_SEQUENCE,,00000000,009FC6,819FFD,V02C_MATRIX_PLUS_PINNED_MESEN_CPU_SOURCE_ORDER_NO_GAMEPLAY
V05C001406,81:A000:E0M1X1,040D0003,81,A000,0,1,1,60,RTS,IMP,1,60,NATIVE_BODY,NATIVE_BODY,6,6,NONE,1,0,0,0,0,2,0,0,3,0,RETURN_SEQUENCE,RETURN_PRE_IDLE;RETURN_PRE_IDLE;RTS_POST_POP_IDLE,00000180,000000,81A000,V02C_MATRIX_PLUS_PINNED_MESEN_CPU_SOURCE_ORDER_NO_GAMEPLAY
V05C001407,81:A001:E0M1X1,040D000B,81,A001,0,1,1,AD,LDA,ABS,3,ADB613,NATIVE_BODY,NATIVE_BODY,4,4,NONE,3,0,1,0,0,0,0,0,0,0,LINEAR_BUS_SEQUENCE,,00000000,0013B6,81A001,V02C_MATRIX_PLUS_PINNED_MESEN_CPU_SOURCE_ORDER_NO_GAMEPLAY
V05C001408,81:A004:E0M1X1,040D0023,81,A004,0,1,1,D0,BNE,REL8,2,D007,NATIVE_BODY,NATIVE_BODY,2,3,BRANCH_TAKEN:+1,2,0,0,0,0,0,0,0,0,1,BRANCH_SEQUENCE,DYN_BRANCH_TAKEN_POST_IDLE,00000004,000007,81A004,V02C_MATRIX_PLUS_PINNED_MESEN_CPU_SOURCE_ORDER_NO_GAMEPLAY
V05C001409,81:A006:E0M1X1,040D0033,81,A006,0,1,1,1A,INC,ACC,1,1A,NATIVE_BODY,NATIVE_BODY,2,2,NONE,1,0,0,0,0,0,0,0,1,0,FIXED_IDLE_SEQUENCE,IMPLIED_PRE_IDLE,00000800,000000,81A006,V02C_MATRIX_PLUS_PINNED_MESEN_CPU_SOURCE_ORDER_NO_GAMEPLAY
V05C001410,81:A007:E0M1X1,040D003B,81,A007,0,1,1,8D,STA,ABS,3,8DB613,NATIVE_BODY,NATIVE_BODY,4,4,NONE,3,0,0,1,0,0,0,0,0,0,LINEAR_BUS_SEQUENCE,,00000000,0013B6,81A007,V02C_MATRIX_PLUS_PINNED_MESEN_CPU_SOURCE_ORDER_NO_GAMEPLAY
V05C001411,81:A00A:E0M1X1,040D0053,81,A00A,0,1,1,A9,LDA,IMM_M,2,A901,NATIVE_BODY,NATIVE_BODY,2,2,NONE,2,0,0,0,0,0,0,0,0,0,LINEAR_BUS_SEQUENCE,,00000000,000001,81A00A,V02C_MATRIX_PLUS_PINNED_MESEN_CPU_SOURCE_ORDER_NO_GAMEPLAY
V05C001412,81:A00C:E0M1X1,040D0063,81,A00C,0,1,1,60,RTS,IMP,1,60,NATIVE_BODY,NATIVE_BODY,6,6,NONE,1,0,0,0,0,2,0,0,3,0,RETURN_SEQUENCE,RETURN_PRE_IDLE;RETURN_PRE_IDLE;RTS_POST_POP_IDLE,00000180,000000,81A00C,V02C_MATRIX_PLUS_PINNED_MESEN_CPU_SOURCE_ORDER_NO_GAMEPLAY
V05C001413,81:A00D:E0M1X1,040D006B,81,A00D,0,1,1,C9,CMP,IMM_M,2,C914,NATIVE_BODY,NATIVE_BODY,2,2,NONE,2,0,0,0,0,0,0,0,0,0,LINEAR_BUS_SEQUENCE,,00000000,000014,81A00D,V02C_MATRIX_PLUS_PINNED_MESEN_CPU_SOURCE_ORDER_NO_GAMEPLAY
V05C001414,81:A00F:E0M1X1,040D007B,81,A00F,0,1,1,D0,BNE,REL8,2,D007,NATIVE_BODY,NATIVE_BODY,2,3,BRANCH_TAKEN:+1,2,0,0,0,0,0,0,0,0,1,BRANCH_SEQUENCE,DYN_BRANCH_TAKEN_POST_IDLE,00000004,000007,81A00F,V02C_MATRIX_PLUS_PINNED_MESEN_CPU_SOURCE_ORDER_NO_GAMEPLAY
V05C001415,81:A011:E0M1X1,040D008B,81,A011,0,1,1,1A,INC,ACC,1,1A,NATIVE_BODY,NATIVE_BODY,2,2,NONE,1,0,0,0,0,0,0,0,1,0,FIXED_IDLE_SEQUENCE,IMPLIED_PRE_IDLE,00000800,000000,81A011,V02C_MATRIX_PLUS_PINNED_MESEN_CPU_SOURCE_ORDER_NO_GAMEPLAY
V05C001416,81:A012:E0M1X1,040D0093,81,A012,0,1,1,8D,STA,ABS,3,8DB613,NATIVE_BODY,NATIVE_BODY,4,4,NONE,3,0,0,1,0,0,0,0,0,0,LINEAR_BUS_SEQUENCE,,00000000,0013B6,81A012,V02C_MATRIX_PLUS_PINNED_MESEN_CPU_SOURCE_ORDER_NO_GAMEPLAY
V05C001417,81:A015:E0M1X1,040D00AB,81,A015,0,1,1,A9,LDA,IMM_M,2,A902,NATIVE_BODY,NATIVE_BODY,2,2,NONE,2,0,0,0,0,0,0,0,0,0,LINEAR_BUS_SEQUENCE,,00000000,000002,81A015,V02C_MATRIX_PLUS_PINNED_MESEN_CPU_SOURCE_ORDER_NO_GAMEPLAY
V05C001418,81:A017:E0M1X1,040D00BB,81,A017,0,1,1,60,RTS,IMP,1,60,NATIVE_BODY,NATIVE_BODY,6,6,NONE,1,0,0,0,0,2,0,0,3,0,RETURN_SEQUENCE,RETURN_PRE_IDLE;RETURN_PRE_IDLE;RTS_POST_POP_IDLE,00000180,000000,81A017,V02C_MATRIX_PLUS_PINNED_MESEN_CPU_SOURCE_ORDER_NO_GAMEPLAY
V05C001419,81:A018:E0M1X1,040D00C3,81,A018,0,1,1,1A,INC,ACC,1,1A,NATIVE_BODY,NATIVE_BODY,2,2,NONE,1,0,0,0,0,0,0,0,1,0,FIXED_IDLE_SEQUENCE,IMPLIED_PRE_IDLE,00000800,000000,81A018,V02C_MATRIX_PLUS_PINNED_MESEN_CPU_SOURCE_ORDER_NO_GAMEPLAY
V05C001420,81:A019:E0M1X1,040D00CB,81,A019,0,1,1,C9,CMP,IMM_M,2,C91E,NATIVE_BODY,NATIVE_BODY,2,2,NONE,2,0,0,0,0,0,0,0,0,0,LINEAR_BUS_SEQUENCE,,00000000,00001E,81A019,V02C_MATRIX_PLUS_PINNED_MESEN_CPU_SOURCE_ORDER_NO_GAMEPLAY
V05C001421,81:A01B:E0M1X1,040D00DB,81,A01B,0,1,1,D0,BNE,REL8,2,D002,NATIVE_BODY,NATIVE_BODY,2,3,BRANCH_TAKEN:+1,2,0,0,0,0,0,0,0,0,1,BRANCH_SEQUENCE,DYN_BRANCH_TAKEN_POST_IDLE,00000004,000002,81A01B,V02C_MATRIX_PLUS_PINNED_MESEN_CPU_SOURCE_ORDER_NO_GAMEPLAY
V05C001422,81:A01D:E0M1X1,040D00EB,81,A01D,0,1,1,A9,LDA,IMM_M,2,A900,NATIVE_BODY,NATIVE_BODY,2,2,NONE,2,0,0,0,0,0,0,0,0,0,LINEAR_BUS_SEQUENCE,,00000000,000000,81A01D,V02C_MATRIX_PLUS_PINNED_MESEN_CPU_SOURCE_ORDER_NO_GAMEPLAY
V05C001423,81:A01F:E0M1X1,040D00FB,81,A01F,0,1,1,8D,STA,ABS,3,8DB613,NATIVE_BODY,NATIVE_BODY,4,4,NONE,3,0,0,1,0,0,0,0,0,0,LINEAR_BUS_SEQUENCE,,00000000,0013B6,81A01F,V02C_MATRIX_PLUS_PINNED_MESEN_CPU_SOURCE_ORDER_NO_GAMEPLAY
V05C001424,81:A022:E0M1X1,040D0113,81,A022,0,1,1,A9,LDA,IMM_M,2,A900,NATIVE_BODY,NATIVE_BODY,2,2,NONE,2,0,0,0,0,0,0,0,0,0,LINEAR_BUS_SEQUENCE,,00000000,000000,81A022,V02C_MATRIX_PLUS_PINNED_MESEN_CPU_SOURCE_ORDER_NO_GAMEPLAY
V05C001425,81:A024:E0M1X1,040D0123,81,A024,0,1,1,60,RTS,IMP,1,60,NATIVE_BODY,NATIVE_BODY,6,6,NONE,1,0,0,0,0,2,0,0,3,0,RETURN_SEQUENCE,RETURN_PRE_IDLE;RETURN_PRE_IDLE;RTS_POST_POP_IDLE,00000180,000000,81A024,V02C_MATRIX_PLUS_PINNED_MESEN_CPU_SOURCE_ORDER_NO_GAMEPLAY
V05C001426,81:A057:E0M1X1,040D02BB,81,A057,0,1,1,A2,LDX,IMM_X,2,A20F,NATIVE_BODY,NATIVE_BODY,2,2,NONE,2,0,0,0,0,0,0,0,0,0,LINEAR_BUS_SEQUENCE,,00000000,00000F,81A057,V02C_MATRIX_PLUS_PINNED_MESEN_CPU_SOURCE_ORDER_NO_GAMEPLAY
V05C001427,81:A059:E0M1X1,040D02CB,81,A059,0,1,1,A9,LDA,IMM_M,2,A9FF,NATIVE_BODY,NATIVE_BODY,2,2,NONE,2,0,0,0,0,0,0,0,0,0,LINEAR_BUS_SEQUENCE,,00000000,0000FF,81A059,V02C_MATRIX_PLUS_PINNED_MESEN_CPU_SOURCE_ORDER_NO_GAMEPLAY
V05C001428,81:A05B:E0M1X1,040D02DB,81,A05B,0,1,1,9D,STA,ABS_X,3,9DE702,NATIVE_BODY,NATIVE_BODY,5,5,NONE,3,0,0,1,0,0,0,0,1,0,INDEX_SEQUENCE,INDEX_FIXED_PRE_DATA_IDLE,00040000,0002E7,81A05B,V02C_MATRIX_PLUS_PINNED_MESEN_CPU_SOURCE_ORDER_NO_GAMEPLAY
V05C001429,81:A05E:E0M1X1,040D02F3,81,A05E,0,1,1,CA,DEX,IMP,1,CA,NATIVE_BODY,NATIVE_BODY,2,2,NONE,1,0,0,0,0,0,0,0,1,0,FIXED_IDLE_SEQUENCE,IMPLIED_PRE_IDLE,00000800,000000,81A05E,V02C_MATRIX_PLUS_PINNED_MESEN_CPU_SOURCE_ORDER_NO_GAMEPLAY
V05C001430,81:A05F:E0M1X1,040D02FB,81,A05F,0,1,1,10,BPL,REL8,2,10FA,NATIVE_BODY,NATIVE_BODY,2,3,BRANCH_TAKEN:+1,2,0,0,0,0,0,0,0,0,1,BRANCH_SEQUENCE,DYN_BRANCH_TAKEN_POST_IDLE,00000004,0000FA,81A05F,V02C_MATRIX_PLUS_PINNED_MESEN_CPU_SOURCE_ORDER_NO_GAMEPLAY
V05C001431,81:A061:E0M1X1,040D030B,81,A061,0,1,1,60,RTS,IMP,1,60,NATIVE_BODY,NATIVE_BODY,6,6,NONE,1,0,0,0,0,2,0,0,3,0,RETURN_SEQUENCE,RETURN_PRE_IDLE;RETURN_PRE_IDLE;RTS_POST_POP_IDLE,00000180,000000,81A061,V02C_MATRIX_PLUS_PINNED_MESEN_CPU_SOURCE_ORDER_NO_GAMEPLAY
V05C001432,81:A557:E0M1X1,040D2ABB,81,A557,0,1,1,20,JSR,ABS_JUMP,3,20469C,NATIVE_BODY,NATIVE_BODY,6,6,NONE,3,0,0,0,0,0,2,0,1,0,FIXED_IDLE_SEQUENCE,JSR_PRE_STACK_IDLE,00000020,009C46,81A557,V02C_MATRIX_PLUS_PINNED_MESEN_CPU_SOURCE_ORDER_NO_GAMEPLAY
V05C001433,81:A55A:E0M1X1,040D2AD3,81,A55A,0,1,1,20,JSR,ABS_JUMP,3,2050A7,NATIVE_BODY,NATIVE_BODY,6,6,NONE,3,0,0,0,0,0,2,0,1,0,FIXED_IDLE_SEQUENCE,JSR_PRE_STACK_IDLE,00000020,00A750,81A55A,V02C_MATRIX_PLUS_PINNED_MESEN_CPU_SOURCE_ORDER_NO_GAMEPLAY
V05C001434,81:A55D:E0M1X1,040D2AEB,81,A55D,0,1,1,C2,REP,IMM8,2,C230,NATIVE_BODY,NATIVE_BODY,3,3,NONE,2,0,0,0,0,0,0,0,1,0,FIXED_IDLE_SEQUENCE,STATUS_PRE_IDLE,00002000,000030,81A55D,V02C_MATRIX_PLUS_PINNED_MESEN_CPU_SOURCE_ORDER_NO_GAMEPLAY
V05C001435,81:A55F:E0M0X0,040D2AF8,81,A55F,0,0,0,9C,STZ,ABS,3,9CD402,NATIVE_BODY,NATIVE_BODY,5,5,NONE,3,0,0,2,0,0,0,0,0,0,LINEAR_BUS_SEQUENCE,,00000000,0002D4,81A55F,V02C_MATRIX_PLUS_PINNED_MESEN_CPU_SOURCE_ORDER_NO_GAMEPLAY
V05C001436,81:A562:E0M0X0,040D2B10,81,A562,0,0,0,A9,LDA,IMM_M,3,A93200,NATIVE_BODY,NATIVE_BODY,3,3,NONE,3,0,0,0,0,0,0,0,0,0,LINEAR_BUS_SEQUENCE,,00000000,000032,81A562,V02C_MATRIX_PLUS_PINNED_MESEN_CPU_SOURCE_ORDER_NO_GAMEPLAY
V05C001437,81:A565:E0M0X0,040D2B28,81,A565,0,0,0,22,JSL,ABSL_JUMP,4,229B8380,NATIVE_BODY,NATIVE_BODY,8,8,NONE,4,0,0,0,0,0,3,0,1,0,JSL_DEFERRED_BANK_FETCH,JSL_AFTER_PBR_PUSH_IDLE,00000010,80839B,81A565,V02C_MATRIX_PLUS_PINNED_MESEN_CPU_SOURCE_ORDER_NO_GAMEPLAY
V05C001438,81:A569:E0M0X0,040D2B48,81,A569,0,0,0,A9,LDA,IMM_M,3,A93400,NATIVE_BODY,NATIVE_BODY,3,3,NONE,3,0,0,0,0,0,0,0,0,0,LINEAR_BUS_SEQUENCE,,00000000,000034,81A569,V02C_MATRIX_PLUS_PINNED_MESEN_CPU_SOURCE_ORDER_NO_GAMEPLAY
V05C001439,81:A56C:E0M0X0,040D2B60,81,A56C,0,0,0,A2,LDX,IMM_X,3,A20020,NATIVE_BODY,NATIVE_BODY,3,3,NONE,3,0,0,0,0,0,0,0,0,0,LINEAR_BUS_SEQUENCE,,00000000,002000,81A56C,V02C_MATRIX_PLUS_PINNED_MESEN_CPU_SOURCE_ORDER_NO_GAMEPLAY
V05C001440,81:A56F:E0M0X0,040D2B78,81,A56F,0,0,0,22,JSL,ABSL_JUMP,4,22F78280,NATIVE_BODY,NATIVE_BODY,8,8,NONE,4,0,0,0,0,0,3,0,1,0,JSL_DEFERRED_BANK_FETCH,JSL_AFTER_PBR_PUSH_IDLE,00000010,8082F7,81A56F,V02C_MATRIX_PLUS_PINNED_MESEN_CPU_SOURCE_ORDER_NO_GAMEPLAY
V05C001441,81:A573:E0M0X0,040D2B98,81,A573,0,0,0,A9,LDA,IMM_M,3,A90000,NATIVE_BODY,NATIVE_BODY,3,3,NONE,3,0,0,0,0,0,0,0,0,0,LINEAR_BUS_SEQUENCE,,00000000,000000,81A573,V02C_MATRIX_PLUS_PINNED_MESEN_CPU_SOURCE_ORDER_NO_GAMEPLAY
V05C001442,81:A576:E0M0X0,040D2BB0,81,A576,0,0,0,8F,STA,ABS_LONG,4,8F00207E,NATIVE_BODY,NATIVE_BODY,6,6,NONE,4,0,0,2,0,0,0,0,0,0,LINEAR_BUS_SEQUENCE,,00000000,7E2000,81A576,V02C_MATRIX_PLUS_PINNED_MESEN_CPU_SOURCE_ORDER_NO_GAMEPLAY
V05C001443,81:A57A:E0M0X0,040D2BD0,81,A57A,0,0,0,A0,LDY,IMM_X,3,A00060,NATIVE_BODY,NATIVE_BODY,3,3,NONE,3,0,0,0,0,0,0,0,0,0,LINEAR_BUS_SEQUENCE,,00000000,006000,81A57A,V02C_MATRIX_PLUS_PINNED_MESEN_CPU_SOURCE_ORDER_NO_GAMEPLAY
V05C001444,81:A57D:E0M0X0,040D2BE8,81,A57D,0,0,0,A9,LDA,IMM_M,3,A91800,NATIVE_BODY,NATIVE_BODY,3,3,NONE,3,0,0,0,0,0,0,0,0,0,LINEAR_BUS_SEQUENCE,,00000000,000018,81A57D,V02C_MATRIX_PLUS_PINNED_MESEN_CPU_SOURCE_ORDER_NO_GAMEPLAY
V05C001445,81:A580:E0M0X0,040D2C00,81,A580,0,0,0,22,JSL,ABSL_JUMP,4,225B8380,NATIVE_BODY,NATIVE_BODY,8,8,NONE,4,0,0,0,0,0,3,0,1,0,JSL_DEFERRED_BANK_FETCH,JSL_AFTER_PBR_PUSH_IDLE,00000010,80835B,81A580,V02C_MATRIX_PLUS_PINNED_MESEN_CPU_SOURCE_ORDER_NO_GAMEPLAY
V05C001446,81:A750:E0M1X1,040D3A83,81,A750,0,1,1,C2,REP,IMM8,2,C220,NATIVE_BODY,NATIVE_BODY,3,3,NONE,2,0,0,0,0,0,0,0,1,0,FIXED_IDLE_SEQUENCE,STATUS_PRE_IDLE,00002000,000020,81A750,V02C_MATRIX_PLUS_PINNED_MESEN_CPU_SOURCE_ORDER_NO_GAMEPLAY
V05C001447,81:A752:E0M0X1,040D3A91,81,A752,0,0,1,AD,LDA,ABS,3,AD005C,NATIVE_BODY,NATIVE_BODY,5,5,NONE,3,0,2,0,0,0,0,0,0,0,LINEAR_BUS_SEQUENCE,,00000000,005C00,81A752,V02C_MATRIX_PLUS_PINNED_MESEN_CPU_SOURCE_ORDER_NO_GAMEPLAY
V05C001448,81:A755:E0M0X1,040D3AA9,81,A755,0,0,1,8D,STA,ABS,3,8D5B03,NATIVE_BODY,NATIVE_BODY,5,5,NONE,3,0,0,2,0,0,0,0,0,0,LINEAR_BUS_SEQUENCE,,00000000,00035B,81A755,V02C_MATRIX_PLUS_PINNED_MESEN_CPU_SOURCE_ORDER_NO_GAMEPLAY
V05C001449,81:A758:E0M0X1,040D3AC1,81,A758,0,0,1,A9,LDA,IMM_M,3,A90030,NATIVE_BODY,NATIVE_BODY,3,3,NONE,3,0,0,0,0,0,0,0,0,0,LINEAR_BUS_SEQUENCE,,00000000,003000,81A758,V02C_MATRIX_PLUS_PINNED_MESEN_CPU_SOURCE_ORDER_NO_GAMEPLAY
V05C001450,81:A75B:E0M0X1,040D3AD9,81,A75B,0,0,1,8D,STA,ABS,3,8D5903,NATIVE_BODY,NATIVE_BODY,5,5,NONE,3,0,0,2,0,0,0,0,0,0,LINEAR_BUS_SEQUENCE,,00000000,000359,81A75B,V02C_MATRIX_PLUS_PINNED_MESEN_CPU_SOURCE_ORDER_NO_GAMEPLAY
V05C001451,81:A75E:E0M0X1,040D3AF1,81,A75E,0,0,1,E2,SEP,IMM8,2,E220,NATIVE_BODY,NATIVE_BODY,3,3,NONE,2,0,0,0,0,0,0,0,1,0,FIXED_IDLE_SEQUENCE,STATUS_PRE_IDLE,00002000,000020,81A75E,V02C_MATRIX_PLUS_PINNED_MESEN_CPU_SOURCE_ORDER_NO_GAMEPLAY
V05C001452,81:A760:E0M1X1,040D3B03,81,A760,0,1,1,A9,LDA,IMM_M,2,A922,NATIVE_BODY,NATIVE_BODY,2,2,NONE,2,0,0,0,0,0,0,0,0,0,LINEAR_BUS_SEQUENCE,,00000000,000022,81A760,V02C_MATRIX_PLUS_PINNED_MESEN_CPU_SOURCE_ORDER_NO_GAMEPLAY
V05C001453,81:A762:E0M1X1,040D3B13,81,A762,0,1,1,4C,JMP,ABS_JUMP,3,4CB19D,NATIVE_BODY,NATIVE_BODY,3,3,NONE,3,0,0,0,0,0,0,0,0,0,LINEAR_BUS_SEQUENCE,,00000000,009DB1,81A762,V02C_MATRIX_PLUS_PINNED_MESEN_CPU_SOURCE_ORDER_NO_GAMEPLAY
V05C001454,81:AC40:E0M1X1,040D6203,81,AC40,0,1,1,8B,PHB,IMP,1,8B,NATIVE_BODY,NATIVE_BODY,3,3,NONE,1,0,0,0,0,0,1,0,1,0,FIXED_IDLE_SEQUENCE,PUSH_PRE_IDLE,00000200,000000,81AC40,V02C_MATRIX_PLUS_PINNED_MESEN_CPU_SOURCE_ORDER_NO_GAMEPLAY
V05C001455,81:AC41:E0M1X1,040D620B,81,AC41,0,1,1,4B,PHK,IMP,1,4B,NATIVE_BODY,NATIVE_BODY,3,3,NONE,1,0,0,0,0,0,1,0,1,0,FIXED_IDLE_SEQUENCE,PUSH_PRE_IDLE,00000200,000000,81AC41,V02C_MATRIX_PLUS_PINNED_MESEN_CPU_SOURCE_ORDER_NO_GAMEPLAY
V05C001456,81:AC42:E0M1X1,040D6213,81,AC42,0,1,1,AB,PLB,IMP,1,AB,NATIVE_BODY,NATIVE_BODY,4,4,NONE,1,0,0,0,0,1,0,0,2,0,FIXED_IDLE_SEQUENCE,PULL_PRE_IDLE;PULL_PRE_IDLE,00000400,000000,81AC42,V02C_MATRIX_PLUS_PINNED_MESEN_CPU_SOURCE_ORDER_NO_GAMEPLAY
V05C001457,81:AC43:E0M1X1,040D621B,81,AC43,0,1,1,20,JSR,ABS_JUMP,3,2048AC,NATIVE_BODY,NATIVE_BODY,6,6,NONE,3,0,0,0,0,0,2,0,1,0,FIXED_IDLE_SEQUENCE,JSR_PRE_STACK_IDLE,00000020,00AC48,81AC43,V02C_MATRIX_PLUS_PINNED_MESEN_CPU_SOURCE_ORDER_NO_GAMEPLAY
V05C001458,81:AC48:E0M1X1,040D6243,81,AC48,0,1,1,DA,PHX,IMP,1,DA,NATIVE_BODY,NATIVE_BODY,3,3,NONE,1,0,0,0,0,0,1,0,1,0,FIXED_IDLE_SEQUENCE,PUSH_PRE_IDLE,00000200,000000,81AC48,V02C_MATRIX_PLUS_PINNED_MESEN_CPU_SOURCE_ORDER_NO_GAMEPLAY
V05C001459,81:AC49:E0M1X1,040D624B,81,AC49,0,1,1,20,JSR,ABS_JUMP,3,20409D,NATIVE_BODY,NATIVE_BODY,6,6,NONE,3,0,0,0,0,0,2,0,1,0,FIXED_IDLE_SEQUENCE,JSR_PRE_STACK_IDLE,00000020,009D40,81AC49,V02C_MATRIX_PLUS_PINNED_MESEN_CPU_SOURCE_ORDER_NO_GAMEPLAY
V05C001460,81:AC4C:E0M1X1,040D6263,81,AC4C,0,1,1,20,JSR,ABS_JUMP,3,20B19D,NATIVE_BODY,NATIVE_BODY,6,6,NONE,3,0,0,0,0,0,2,0,1,0,FIXED_IDLE_SEQUENCE,JSR_PRE_STACK_IDLE,00000020,009DB1,81AC4C,V02C_MATRIX_PLUS_PINNED_MESEN_CPU_SOURCE_ORDER_NO_GAMEPLAY
V05C001461,81:AC4F:E0M1X1,040D627B,81,AC4F,0,1,1,FA,PLX,IMP,1,FA,NATIVE_BODY,NATIVE_BODY,4,4,NONE,1,0,0,0,0,1,0,0,2,0,FIXED_IDLE_SEQUENCE,PULL_PRE_IDLE;PULL_PRE_IDLE,00000400,000000,81AC4F,V02C_MATRIX_PLUS_PINNED_MESEN_CPU_SOURCE_ORDER_NO_GAMEPLAY
V05C001462,81:AC50:E0M1X1,040D6283,81,AC50,0,1,1,F0,BEQ,REL8,2,F006,NATIVE_BODY,NATIVE_BODY,2,3,BRANCH_TAKEN:+1,2,0,0,0,0,0,0,0,0,1,BRANCH_SEQUENCE,DYN_BRANCH_TAKEN_POST_IDLE,00000004,000006,81AC50,V02C_MATRIX_PLUS_PINNED_MESEN_CPU_SOURCE_ORDER_NO_GAMEPLAY
V05C001463,81:AC52:E0M1X1,040D6293,81,AC52,0,1,1,CA,DEX,IMP,1,CA,NATIVE_BODY,NATIVE_BODY,2,2,NONE,1,0,0,0,0,0,0,0,1,0,FIXED_IDLE_SEQUENCE,IMPLIED_PRE_IDLE,00000800,000000,81AC52,V02C_MATRIX_PLUS_PINNED_MESEN_CPU_SOURCE_ORDER_NO_GAMEPLAY
V05C001464,81:AC53:E0M1X1,040D629B,81,AC53,0,1,1,F0,BEQ,REL8,2,F036,NATIVE_BODY,NATIVE_BODY,2,3,BRANCH_TAKEN:+1,2,0,0,0,0,0,0,0,0,1,BRANCH_SEQUENCE,DYN_BRANCH_TAKEN_POST_IDLE,00000004,000036,81AC53,V02C_MATRIX_PLUS_PINNED_MESEN_CPU_SOURCE_ORDER_NO_GAMEPLAY
V05C001465,81:AC55:E0M1X1,040D62AB,81,AC55,0,1,1,82,BRL,REL16,3,828C00,NATIVE_BODY,NATIVE_BODY,4,4,NONE,3,0,0,0,0,0,0,0,1,0,FIXED_IDLE_SEQUENCE,RELLONG_PRE_IDLE,00008000,00008C,81AC55,V02C_MATRIX_PLUS_PINNED_MESEN_CPU_SOURCE_ORDER_NO_GAMEPLAY
V05C001466,81:AC58:E0M1X1,040D62C3,81,AC58,0,1,1,C2,REP,IMM8,2,C230,NATIVE_BODY,NATIVE_BODY,3,3,NONE,2,0,0,0,0,0,0,0,1,0,FIXED_IDLE_SEQUENCE,STATUS_PRE_IDLE,00002000,000030,81AC58,V02C_MATRIX_PLUS_PINNED_MESEN_CPU_SOURCE_ORDER_NO_GAMEPLAY
V05C001467,81:AC5A:E0M0X0,040D62D0,81,AC5A,0,0,0,AD,LDA,ABS,3,AD8002,NATIVE_BODY,NATIVE_BODY,5,5,NONE,3,0,2,0,0,0,0,0,0,0,LINEAR_BUS_SEQUENCE,,00000000,000280,81AC5A,V02C_MATRIX_PLUS_PINNED_MESEN_CPU_SOURCE_ORDER_NO_GAMEPLAY
V05C001468,81:AC5D:E0M0X0,040D62E8,81,AC5D,0,0,0,F0,BEQ,REL8,2,F00C,NATIVE_BODY,NATIVE_BODY,2,3,BRANCH_TAKEN:+1,2,0,0,0,0,0,0,0,0,1,BRANCH_SEQUENCE,DYN_BRANCH_TAKEN_POST_IDLE,00000004,00000C,81AC5D,V02C_MATRIX_PLUS_PINNED_MESEN_CPU_SOURCE_ORDER_NO_GAMEPLAY
V05C001469,81:AC5F:E0M0X0,040D62F8,81,AC5F,0,0,0,A9,LDA,IMM_M,3,A97600,NATIVE_BODY,NATIVE_BODY,3,3,NONE,3,0,0,0,0,0,0,0,0,0,LINEAR_BUS_SEQUENCE,,00000000,000076,81AC5F,V02C_MATRIX_PLUS_PINNED_MESEN_CPU_SOURCE_ORDER_NO_GAMEPLAY
V05C001470,81:AC62:E0M0X0,040D6310,81,AC62,0,0,0,A2,LDX,IMM_X,3,A27500,NATIVE_BODY,NATIVE_BODY,3,3,NONE,3,0,0,0,0,0,0,0,0,0,LINEAR_BUS_SEQUENCE,,00000000,000075,81AC62,V02C_MATRIX_PLUS_PINNED_MESEN_CPU_SOURCE_ORDER_NO_GAMEPLAY
V05C001471,81:AC65:E0M0X0,040D6328,81,AC65,0,0,0,A0,LDY,IMM_X,3,A03C00,NATIVE_BODY,NATIVE_BODY,3,3,NONE,3,0,0,0,0,0,0,0,0,0,LINEAR_BUS_SEQUENCE,,00000000,00003C,81AC65,V02C_MATRIX_PLUS_PINNED_MESEN_CPU_SOURCE_ORDER_NO_GAMEPLAY
V05C001472,81:AC68:E0M0X0,040D6340,81,AC68,0,0,0,20,JSR,ABS_JUMP,3,2029AD,NATIVE_BODY,NATIVE_BODY,6,6,NONE,3,0,0,0,0,0,2,0,1,0,FIXED_IDLE_SEQUENCE,JSR_PRE_STACK_IDLE,00000020,00AD29,81AC68,V02C_MATRIX_PLUS_PINNED_MESEN_CPU_SOURCE_ORDER_NO_GAMEPLAY
V05C001473,81:AC6B:E0M0X0,040D6358,81,AC6B,0,0,0,A9,LDA,IMM_M,3,A93900,NATIVE_BODY,NATIVE_BODY,3,3,NONE,3,0,0,0,0,0,0,0,0,0,LINEAR_BUS_SEQUENCE,,00000000,000039,81AC6B,V02C_MATRIX_PLUS_PINNED_MESEN_CPU_SOURCE_ORDER_NO_GAMEPLAY
V05C001474,81:AC6E:E0M0X0,040D6370,81,AC6E,0,0,0,A2,LDX,IMM_X,3,A23800,NATIVE_BODY,NATIVE_BODY,3,3,NONE,3,0,0,0,0,0,0,0,0,0,LINEAR_BUS_SEQUENCE,,00000000,000038,81AC6E,V02C_MATRIX_PLUS_PINNED_MESEN_CPU_SOURCE_ORDER_NO_GAMEPLAY
V05C001475,81:AC71:E0M0X0,040D6388,81,AC71,0,0,0,A0,LDY,IMM_X,3,A03A00,NATIVE_BODY,NATIVE_BODY,3,3,NONE,3,0,0,0,0,0,0,0,0,0,LINEAR_BUS_SEQUENCE,,00000000,00003A,81AC71,V02C_MATRIX_PLUS_PINNED_MESEN_CPU_SOURCE_ORDER_NO_GAMEPLAY
V05C001476,81:AC74:E0M0X0,040D63A0,81,AC74,0,0,0,20,JSR,ABS_JUMP,3,2029AD,NATIVE_BODY,NATIVE_BODY,6,6,NONE,3,0,0,0,0,0,2,0,1,0,FIXED_IDLE_SEQUENCE,JSR_PRE_STACK_IDLE,00000020,00AD29,81AC74,V02C_MATRIX_PLUS_PINNED_MESEN_CPU_SOURCE_ORDER_NO_GAMEPLAY
V05C001477,81:AC77:E0M0X0,040D63B8,81,AC77,0,0,0,A9,LDA,IMM_M,3,A97600,NATIVE_BODY,NATIVE_BODY,3,3,NONE,3,0,0,0,0,0,0,0,0,0,LINEAR_BUS_SEQUENCE,,00000000,000076,81AC77,V02C_MATRIX_PLUS_PINNED_MESEN_CPU_SOURCE_ORDER_NO_GAMEPLAY
V05C001478,81:AC7A:E0M0X0,040D63D0,81,AC7A,0,0,0,A2,LDX,IMM_X,3,A27500,NATIVE_BODY,NATIVE_BODY,3,3,NONE,3,0,0,0,0,0,0,0,0,0,LINEAR_BUS_SEQUENCE,,00000000,000075,81AC7A,V02C_MATRIX_PLUS_PINNED_MESEN_CPU_SOURCE_ORDER_NO_GAMEPLAY
V05C001479,81:AC7D:E0M0X0,040D63E8,81,AC7D,0,0,0,A0,LDY,IMM_X,3,A07700,NATIVE_BODY,NATIVE_BODY,3,3,NONE,3,0,0,0,0,0,0,0,0,0,LINEAR_BUS_SEQUENCE,,00000000,000077,81AC7D,V02C_MATRIX_PLUS_PINNED_MESEN_CPU_SOURCE_ORDER_NO_GAMEPLAY
V05C001480,81:AC80:E0M0X0,040D6400,81,AC80,0,0,0,20,JSR,ABS_JUMP,3,2029AD,NATIVE_BODY,NATIVE_BODY,6,6,NONE,3,0,0,0,0,0,2,0,1,0,FIXED_IDLE_SEQUENCE,JSR_PRE_STACK_IDLE,00000020,00AD29,81AC80,V02C_MATRIX_PLUS_PINNED_MESEN_CPU_SOURCE_ORDER_NO_GAMEPLAY
V05C001481,81:AC83:E0M0X0,040D6418,81,AC83,0,0,0,E2,SEP,IMM8,2,E230,NATIVE_BODY,NATIVE_BODY,3,3,NONE,2,0,0,0,0,0,0,0,1,0,FIXED_IDLE_SEQUENCE,STATUS_PRE_IDLE,00002000,000030,81AC83,V02C_MATRIX_PLUS_PINNED_MESEN_CPU_SOURCE_ORDER_NO_GAMEPLAY
V05C001482,81:AC85:E0M1X1,040D642B,81,AC85,0,1,1,20,JSR,ABS_JUMP,3,20A6AD,NATIVE_BODY,NATIVE_BODY,6,6,NONE,3,0,0,0,0,0,2,0,1,0,FIXED_IDLE_SEQUENCE,JSR_PRE_STACK_IDLE,00000020,00ADA6,81AC85,V02C_MATRIX_PLUS_PINNED_MESEN_CPU_SOURCE_ORDER_NO_GAMEPLAY
V05C001483,81:AC88:E0M1X1,040D6443,81,AC88,0,1,1,4C,JMP,ABS_JUMP,3,4C54F4,NATIVE_BODY,NATIVE_BODY,3,3,NONE,3,0,0,0,0,0,0,0,0,0,LINEAR_BUS_SEQUENCE,,00000000,00F454,81AC88,V02C_MATRIX_PLUS_PINNED_MESEN_CPU_SOURCE_ORDER_NO_GAMEPLAY
V05C001484,81:AC8B:E0M1X1,040D645B,81,AC8B,0,1,1,AD,LDA,ABS,3,AD1B03,NATIVE_BODY,NATIVE_BODY,4,4,NONE,3,0,1,0,0,0,0,0,0,0,LINEAR_BUS_SEQUENCE,,00000000,00031B,81AC8B,V02C_MATRIX_PLUS_PINNED_MESEN_CPU_SOURCE_ORDER_NO_GAMEPLAY
V05C001485,81:AC8E:E0M1X1,040D6473,81,AC8E,0,1,1,0D,ORA,ABS,3,0D1C03,NATIVE_BODY,NATIVE_BODY,4,4,NONE,3,0,1,0,0,0,0,0,0,0,LINEAR_BUS_SEQUENCE,,00000000,00031C,81AC8E,V02C_MATRIX_PLUS_PINNED_MESEN_CPU_SOURCE_ORDER_NO_GAMEPLAY
V05C001486,81:AC91:E0M1X1,040D648B,81,AC91,0,1,1,D0,BNE,REL8,2,D003,NATIVE_BODY,NATIVE_BODY,2,3,BRANCH_TAKEN:+1,2,0,0,0,0,0,0,0,0,1,BRANCH_SEQUENCE,DYN_BRANCH_TAKEN_POST_IDLE,00000004,000003,81AC91,V02C_MATRIX_PLUS_PINNED_MESEN_CPU_SOURCE_ORDER_NO_GAMEPLAY
V05C001487,81:AC93:E0M1X1,040D649B,81,AC93,0,1,1,4C,JMP,ABS_JUMP,3,4C19BA,NATIVE_BODY,NATIVE_BODY,3,3,NONE,3,0,0,0,0,0,0,0,0,0,LINEAR_BUS_SEQUENCE,,00000000,00BA19,81AC93,V02C_MATRIX_PLUS_PINNED_MESEN_CPU_SOURCE_ORDER_NO_GAMEPLAY
V05C001488,81:AC96:E0M1X1,040D64B3,81,AC96,0,1,1,9C,STZ,ABS,3,9C1E03,NATIVE_BODY,NATIVE_BODY,4,4,NONE,3,0,0,1,0,0,0,0,0,0,LINEAR_BUS_SEQUENCE,,00000000,00031E,81AC96,V02C_MATRIX_PLUS_PINNED_MESEN_CPU_SOURCE_ORDER_NO_GAMEPLAY
V05C001489,81:AC99:E0M1X1,040D64CB,81,AC99,0,1,1,9C,STZ,ABS,3,9C3C03,NATIVE_BODY,NATIVE_BODY,4,4,NONE,3,0,0,1,0,0,0,0,0,0,LINEAR_BUS_SEQUENCE,,00000000,00033C,81AC99,V02C_MATRIX_PLUS_PINNED_MESEN_CPU_SOURCE_ORDER_NO_GAMEPLAY
V05C001490,81:AC9C:E0M1X1,040D64E3,81,AC9C,0,1,1,20,JSR,ABS_JUMP,3,2057A5,NATIVE_BODY,NATIVE_BODY,6,6,NONE,3,0,0,0,0,0,2,0,1,0,FIXED_IDLE_SEQUENCE,JSR_PRE_STACK_IDLE,00000020,00A557,81AC9C,V02C_MATRIX_PLUS_PINNED_MESEN_CPU_SOURCE_ORDER_NO_GAMEPLAY
V05C001491,81:ACE4:E0M1X1,040D6723,81,ACE4,0,1,1,A2,LDX,IMM_X,2,A200,NATIVE_BODY,NATIVE_BODY,2,2,NONE,2,0,0,0,0,0,0,0,0,0,LINEAR_BUS_SEQUENCE,,00000000,000000,81ACE4,V02C_MATRIX_PLUS_PINNED_MESEN_CPU_SOURCE_ORDER_NO_GAMEPLAY
V05C001492,81:ACE6:E0M1X1,040D6733,81,ACE6,0,1,1,20,JSR,ABS_JUMP,3,2076AE,NATIVE_BODY,NATIVE_BODY,6,6,NONE,3,0,0,0,0,0,2,0,1,0,FIXED_IDLE_SEQUENCE,JSR_PRE_STACK_IDLE,00000020,00AE76,81ACE6,V02C_MATRIX_PLUS_PINNED_MESEN_CPU_SOURCE_ORDER_NO_GAMEPLAY
V05C001493,81:ACE9:E0M1X1,040D674B,81,ACE9,0,1,1,20,JSR,ABS_JUMP,3,202FAF,NATIVE_BODY,NATIVE_BODY,6,6,NONE,3,0,0,0,0,0,2,0,1,0,FIXED_IDLE_SEQUENCE,JSR_PRE_STACK_IDLE,00000020,00AF2F,81ACE9,V02C_MATRIX_PLUS_PINNED_MESEN_CPU_SOURCE_ORDER_NO_GAMEPLAY
V05C001494,81:ACEC:E0M1X1,040D6763,81,ACEC,0,1,1,A2,LDX,IMM_X,2,A200,NATIVE_BODY,NATIVE_BODY,2,2,NONE,2,0,0,0,0,0,0,0,0,0,LINEAR_BUS_SEQUENCE,,00000000,000000,81ACEC,V02C_MATRIX_PLUS_PINNED_MESEN_CPU_SOURCE_ORDER_NO_GAMEPLAY
V05C001495,81:ACEE:E0M1X1,040D6773,81,ACEE,0,1,1,20,JSR,ABS_JUMP,3,2021AE,NATIVE_BODY,NATIVE_BODY,6,6,NONE,3,0,0,0,0,0,2,0,1,0,FIXED_IDLE_SEQUENCE,JSR_PRE_STACK_IDLE,00000020,00AE21,81ACEE,V02C_MATRIX_PLUS_PINNED_MESEN_CPU_SOURCE_ORDER_NO_GAMEPLAY
V05C001496,81:ACF1:E0M1X1,040D678B,81,ACF1,0,1,1,20,JSR,ABS_JUMP,3,20999D,NATIVE_BODY,NATIVE_BODY,6,6,NONE,3,0,0,0,0,0,2,0,1,0,FIXED_IDLE_SEQUENCE,JSR_PRE_STACK_IDLE,00000020,009D99,81ACF1,V02C_MATRIX_PLUS_PINNED_MESEN_CPU_SOURCE_ORDER_NO_GAMEPLAY
V05C001497,81:ACF4:E0M1X1,040D67A3,81,ACF4,0,1,1,90,BCC,REL8,2,900D,NATIVE_BODY,NATIVE_BODY,2,3,BRANCH_TAKEN:+1,2,0,0,0,0,0,0,0,0,1,BRANCH_SEQUENCE,DYN_BRANCH_TAKEN_POST_IDLE,00000004,00000D,81ACF4,V02C_MATRIX_PLUS_PINNED_MESEN_CPU_SOURCE_ORDER_NO_GAMEPLAY
V05C001498,81:ACF6:E0M1X1,040D67B3,81,ACF6,0,1,1,A2,LDX,IMM_X,2,A201,NATIVE_BODY,NATIVE_BODY,2,2,NONE,2,0,0,0,0,0,0,0,0,0,LINEAR_BUS_SEQUENCE,,00000000,000001,81ACF6,V02C_MATRIX_PLUS_PINNED_MESEN_CPU_SOURCE_ORDER_NO_GAMEPLAY
V05C001499,81:ACF8:E0M1X1,040D67C3,81,ACF8,0,1,1,20,JSR,ABS_JUMP,3,2076AE,NATIVE_BODY,NATIVE_BODY,6,6,NONE,3,0,0,0,0,0,2,0,1,0,FIXED_IDLE_SEQUENCE,JSR_PRE_STACK_IDLE,00000020,00AE76,81ACF8,V02C_MATRIX_PLUS_PINNED_MESEN_CPU_SOURCE_ORDER_NO_GAMEPLAY
V05C001500,81:ACFB:E0M1X1,040D67DB,81,ACFB,0,1,1,20,JSR,ABS_JUMP,3,202FAF,NATIVE_BODY,NATIVE_BODY,6,6,NONE,3,0,0,0,0,0,2,0,1,0,FIXED_IDLE_SEQUENCE,JSR_PRE_STACK_IDLE,00000020,00AF2F,81ACFB,V02C_MATRIX_PLUS_PINNED_MESEN_CPU_SOURCE_ORDER_NO_GAMEPLAY
V05C001501,81:ACFE:E0M1X1,040D67F3,81,ACFE,0,1,1,A2,LDX,IMM_X,2,A201,NATIVE_BODY,NATIVE_BODY,2,2,NONE,2,0,0,0,0,0,0,0,0,0,LINEAR_BUS_SEQUENCE,,00000000,000001,81ACFE,V02C_MATRIX_PLUS_PINNED_MESEN_CPU_SOURCE_ORDER_NO_GAMEPLAY
V05C001502,81:AD00:E0M1X1,040D6803,81,AD00,0,1,1,20,JSR,ABS_JUMP,3,2021AE,NATIVE_BODY,NATIVE_BODY,6,6,NONE,3,0,0,0,0,0,2,0,1,0,FIXED_IDLE_SEQUENCE,JSR_PRE_STACK_IDLE,00000020,00AE21,81AD00,V02C_MATRIX_PLUS_PINNED_MESEN_CPU_SOURCE_ORDER_NO_GAMEPLAY
V05C001503,81:AD03:E0M1X1,040D681B,81,AD03,0,1,1,A9,LDA,IMM_M,2,A961,NATIVE_BODY,NATIVE_BODY,2,2,NONE,2,0,0,0,0,0,0,0,0,0,LINEAR_BUS_SEQUENCE,,00000000,000061,81AD03,V02C_MATRIX_PLUS_PINNED_MESEN_CPU_SOURCE_ORDER_NO_GAMEPLAY
V05C001504,81:AD05:E0M1X1,040D682B,81,AD05,0,1,1,20,JSR,ABS_JUMP,3,20B19D,NATIVE_BODY,NATIVE_BODY,6,6,NONE,3,0,0,0,0,0,2,0,1,0,FIXED_IDLE_SEQUENCE,JSR_PRE_STACK_IDLE,00000020,009DB1,81AD05,V02C_MATRIX_PLUS_PINNED_MESEN_CPU_SOURCE_ORDER_NO_GAMEPLAY
V05C001505,81:AD08:E0M1X1,040D6843,81,AD08,0,1,1,AD,LDA,ABS,3,ADA002,NATIVE_BODY,NATIVE_BODY,4,4,NONE,3,0,1,0,0,0,0,0,0,0,LINEAR_BUS_SEQUENCE,,00000000,0002A0,81AD08,V02C_MATRIX_PLUS_PINNED_MESEN_CPU_SOURCE_ORDER_NO_GAMEPLAY
V05C001506,81:AD0B:E0M1X1,040D685B,81,AD0B,0,1,1,8D,STA,ABS,3,8DF20D,NATIVE_BODY,NATIVE_BODY,4,4,NONE,3,0,0,1,0,0,0,0,0,0,LINEAR_BUS_SEQUENCE,,00000000,000DF2,81AD0B,V02C_MATRIX_PLUS_PINNED_MESEN_CPU_SOURCE_ORDER_NO_GAMEPLAY
V05C001507,81:AD0E:E0M1X1,040D6873,81,AD0E,0,1,1,AD,LDA,ABS,3,ADA102,NATIVE_BODY,NATIVE_BODY,4,4,NONE,3,0,1,0,0,0,0,0,0,0,LINEAR_BUS_SEQUENCE,,00000000,0002A1,81AD0E,V02C_MATRIX_PLUS_PINNED_MESEN_CPU_SOURCE_ORDER_NO_GAMEPLAY
V05C001508,81:AD11:E0M1X1,040D688B,81,AD11,0,1,1,8D,STA,ABS,3,8DF30D,NATIVE_BODY,NATIVE_BODY,4,4,NONE,3,0,0,1,0,0,0,0,0,0,LINEAR_BUS_SEQUENCE,,00000000,000DF3,81AD11,V02C_MATRIX_PLUS_PINNED_MESEN_CPU_SOURCE_ORDER_NO_GAMEPLAY
V05C001509,81:AD14:E0M1X1,040D68A3,81,AD14,0,1,1,AD,LDA,ABS,3,ADA202,NATIVE_BODY,NATIVE_BODY,4,4,NONE,3,0,1,0,0,0,0,0,0,0,LINEAR_BUS_SEQUENCE,,00000000,0002A2,81AD14,V02C_MATRIX_PLUS_PINNED_MESEN_CPU_SOURCE_ORDER_NO_GAMEPLAY
V05C001510,81:AD17:E0M1X1,040D68BB,81,AD17,0,1,1,8D,STA,ABS,3,8D2D0E,NATIVE_BODY,NATIVE_BODY,4,4,NONE,3,0,0,1,0,0,0,0,0,0,LINEAR_BUS_SEQUENCE,,00000000,000E2D,81AD17,V02C_MATRIX_PLUS_PINNED_MESEN_CPU_SOURCE_ORDER_NO_GAMEPLAY
V05C001511,81:AD1A:E0M1X1,040D68D3,81,AD1A,0,1,1,AD,LDA,ABS,3,ADA302,NATIVE_BODY,NATIVE_BODY,4,4,NONE,3,0,1,0,0,0,0,0,0,0,LINEAR_BUS_SEQUENCE,,00000000,0002A3,81AD1A,V02C_MATRIX_PLUS_PINNED_MESEN_CPU_SOURCE_ORDER_NO_GAMEPLAY
V05C001512,81:AD1D:E0M1X1,040D68EB,81,AD1D,0,1,1,8D,STA,ABS,3,8D2E0E,NATIVE_BODY,NATIVE_BODY,4,4,NONE,3,0,0,1,0,0,0,0,0,0,LINEAR_BUS_SEQUENCE,,00000000,000E2E,81AD1D,V02C_MATRIX_PLUS_PINNED_MESEN_CPU_SOURCE_ORDER_NO_GAMEPLAY
V05C001513,81:AD20:E0M1X1,040D6903,81,AD20,0,1,1,60,RTS,IMP,1,60,NAMED_BOUNDARY,NAMED_BOUNDARY,6,6,NONE,1,0,0,0,0,2,0,0,0,0,BOUNDARY_NO_EXECUTION,BOUNDARY_NO_EXECUTION,00000000,000000,81AD20,V02C_MATRIX_PLUS_PINNED_MESEN_CPU_SOURCE_ORDER_NO_GAMEPLAY
V05C001514,81:AD29:E0M0X0,040D6948,81,AD29,0,0,0,85,STA,DP,2,8588,NATIVE_BODY,NATIVE_BODY,4,5,DIRECT_LOW_NONZERO:+1,2,0,0,2,0,0,0,0,0,1,DIRECT_SEQUENCE,DYN_DIRECT_LOW_PRE_IDLE,00000001,000088,81AD29,V02C_MATRIX_PLUS_PINNED_MESEN_CPU_SOURCE_ORDER_NO_GAMEPLAY
V05C001515,81:AD2B:E0M0X0,040D6958,81,AD2B,0,0,0,AD,LDA,ABS,3,AD0E0F,NATIVE_BODY,NATIVE_BODY,5,5,NONE,3,0,2,0,0,0,0,0,0,0,LINEAR_BUS_SEQUENCE,,00000000,000F0E,81AD2B,V02C_MATRIX_PLUS_PINNED_MESEN_CPU_SOURCE_ORDER_NO_GAMEPLAY
V05C001516,81:AD2E:E0M0X0,040D6970,81,AD2E,0,0,0,29,AND,IMM_M,3,29FF00,NATIVE_BODY,NATIVE_BODY,3,3,NONE,3,0,0,0,0,0,0,0,0,0,LINEAR_BUS_SEQUENCE,,00000000,0000FF,81AD2E,V02C_MATRIX_PLUS_PINNED_MESEN_CPU_SOURCE_ORDER_NO_GAMEPLAY
V05C001517,81:AD31:E0M0X0,040D6988,81,AD31,0,0,0,F0,BEQ,REL8,2,F041,NATIVE_BODY,NATIVE_BODY,2,3,BRANCH_TAKEN:+1,2,0,0,0,0,0,0,0,0,1,BRANCH_SEQUENCE,DYN_BRANCH_TAKEN_POST_IDLE,00000004,000041,81AD31,V02C_MATRIX_PLUS_PINNED_MESEN_CPU_SOURCE_ORDER_NO_GAMEPLAY
V05C001518,81:AD33:E0M0X0,040D6998,81,AD33,0,0,0,A5,LDA,DP,2,A588,NATIVE_BODY,NATIVE_BODY,4,5,DIRECT_LOW_NONZERO:+1,2,0,2,0,0,0,0,0,0,1,DIRECT_SEQUENCE,DYN_DIRECT_LOW_PRE_IDLE,00000001,000088,81AD33,V02C_MATRIX_PLUS_PINNED_MESEN_CPU_SOURCE_ORDER_NO_GAMEPLAY
V05C001519,81:AD35:E0M0X0,040D69A8,81,AD35,0,0,0,20,JSR,ABS_JUMP,3,20729D,NATIVE_BODY,NATIVE_BODY,6,6,NONE,3,0,0,0,0,0,2,0,1,0,FIXED_IDLE_SEQUENCE,JSR_PRE_STACK_IDLE,00000020,009D72,81AD35,V02C_MATRIX_PLUS_PINNED_MESEN_CPU_SOURCE_ORDER_NO_GAMEPLAY
V05C001520,81:AD74:E0M0X0,040D6BA0,81,AD74,0,0,0,60,RTS,IMP,1,60,NATIVE_BODY,NATIVE_BODY,6,6,NONE,1,0,0,0,0,2,0,0,3,0,RETURN_SEQUENCE,RETURN_PRE_IDLE;RETURN_PRE_IDLE;RTS_POST_POP_IDLE,00000180,000000,81AD74,V02C_MATRIX_PLUS_PINNED_MESEN_CPU_SOURCE_ORDER_NO_GAMEPLAY
V05C001521,81:ADA6:E0M1X1,040D6D33,81,ADA6,0,1,1,9C,STZ,ABS,3,9C9902,NATIVE_BODY,NATIVE_BODY,4,4,NONE,3,0,0,1,0,0,0,0,0,0,LINEAR_BUS_SEQUENCE,,00000000,000299,81ADA6,V02C_MATRIX_PLUS_PINNED_MESEN_CPU_SOURCE_ORDER_NO_GAMEPLAY
V05C001522,81:ADA9:E0M1X1,040D6D4B,81,ADA9,0,1,1,A9,LDA,IMM_M,2,A901,NATIVE_BODY,NATIVE_BODY,2,2,NONE,2,0,0,0,0,0,0,0,0,0,LINEAR_BUS_SEQUENCE,,00000000,000001,81ADA9,V02C_MATRIX_PLUS_PINNED_MESEN_CPU_SOURCE_ORDER_NO_GAMEPLAY
V05C001523,81:ADAB:E0M1X1,040D6D5B,81,ADAB,0,1,1,8D,STA,ABS,3,8D9A02,NATIVE_BODY,NATIVE_BODY,4,4,NONE,3,0,0,1,0,0,0,0,0,0,LINEAR_BUS_SEQUENCE,,00000000,00029A,81ADAB,V02C_MATRIX_PLUS_PINNED_MESEN_CPU_SOURCE_ORDER_NO_GAMEPLAY
V05C001524,81:ADAE:E0M1X1,040D6D73,81,ADAE,0,1,1,9C,STZ,ABS,3,9C9B02,NATIVE_BODY,NATIVE_BODY,4,4,NONE,3,0,0,1,0,0,0,0,0,0,LINEAR_BUS_SEQUENCE,,00000000,00029B,81ADAE,V02C_MATRIX_PLUS_PINNED_MESEN_CPU_SOURCE_ORDER_NO_GAMEPLAY
V05C001525,81:ADB1:E0M1X1,040D6D8B,81,ADB1,0,1,1,A9,LDA,IMM_M,2,A900,NATIVE_BODY,NATIVE_BODY,2,2,NONE,2,0,0,0,0,0,0,0,0,0,LINEAR_BUS_SEQUENCE,,00000000,000000,81ADB1,V02C_MATRIX_PLUS_PINNED_MESEN_CPU_SOURCE_ORDER_NO_GAMEPLAY
V05C001526,81:ADB3:E0M1X1,040D6D9B,81,ADB3,0,1,1,8D,STA,ABS,3,8D000C,NATIVE_BODY,NATIVE_BODY,4,4,NONE,3,0,0,1,0,0,0,0,0,0,LINEAR_BUS_SEQUENCE,,00000000,000C00,81ADB3,V02C_MATRIX_PLUS_PINNED_MESEN_CPU_SOURCE_ORDER_NO_GAMEPLAY
V05C001527,81:ADB6:E0M1X1,040D6DB3,81,ADB6,0,1,1,C2,REP,IMM8,2,C220,NATIVE_BODY,NATIVE_BODY,3,3,NONE,2,0,0,0,0,0,0,0,1,0,FIXED_IDLE_SEQUENCE,STATUS_PRE_IDLE,00002000,000020,81ADB6,V02C_MATRIX_PLUS_PINNED_MESEN_CPU_SOURCE_ORDER_NO_GAMEPLAY
V05C001528,81:ADB8:E0M0X1,040D6DC1,81,ADB8,0,0,1,A9,LDA,IMM_M,3,A90001,NATIVE_BODY,NATIVE_BODY,3,3,NONE,3,0,0,0,0,0,0,0,0,0,LINEAR_BUS_SEQUENCE,,00000000,000100,81ADB8,V02C_MATRIX_PLUS_PINNED_MESEN_CPU_SOURCE_ORDER_NO_GAMEPLAY
V05C001529,81:ADBB:E0M0X1,040D6DD9,81,ADBB,0,0,1,8D,STA,ABS,3,8D9C02,NATIVE_BODY,NATIVE_BODY,5,5,NONE,3,0,0,2,0,0,0,0,0,0,LINEAR_BUS_SEQUENCE,,00000000,00029C,81ADBB,V02C_MATRIX_PLUS_PINNED_MESEN_CPU_SOURCE_ORDER_NO_GAMEPLAY
V05C001530,81:ADBE:E0M0X1,040D6DF1,81,ADBE,0,0,1,A9,LDA,IMM_M,3,A90808,NATIVE_BODY,NATIVE_BODY,3,3,NONE,3,0,0,0,0,0,0,0,0,0,LINEAR_BUS_SEQUENCE,,00000000,000808,81ADBE,V02C_MATRIX_PLUS_PINNED_MESEN_CPU_SOURCE_ORDER_NO_GAMEPLAY
V05C001531,81:ADC1:E0M0X1,040D6E09,81,ADC1,0,0,1,8D,STA,ABS,3,8DA002,NATIVE_BODY,NATIVE_BODY,5,5,NONE,3,0,0,2,0,0,0,0,0,0,LINEAR_BUS_SEQUENCE,,00000000,0002A0,81ADC1,V02C_MATRIX_PLUS_PINNED_MESEN_CPU_SOURCE_ORDER_NO_GAMEPLAY
V05C001532,81:ADC4:E0M0X1,040D6E21,81,ADC4,0,0,1,A9,LDA,IMM_M,3,A90400,NATIVE_BODY,NATIVE_BODY,3,3,NONE,3,0,0,0,0,0,0,0,0,0,LINEAR_BUS_SEQUENCE,,00000000,000004,81ADC4,V02C_MATRIX_PLUS_PINNED_MESEN_CPU_SOURCE_ORDER_NO_GAMEPLAY
V05C001533,81:ADC7:E0M0X1,040D6E39,81,ADC7,0,0,1,8D,STA,ABS,3,8DA202,NATIVE_BODY,NATIVE_BODY,5,5,NONE,3,0,0,2,0,0,0,0,0,0,LINEAR_BUS_SEQUENCE,,00000000,0002A2,81ADC7,V02C_MATRIX_PLUS_PINNED_MESEN_CPU_SOURCE_ORDER_NO_GAMEPLAY
V05C001534,81:ADCA:E0M0X1,040D6E51,81,ADCA,0,0,1,A9,LDA,IMM_M,3,A90101,NATIVE_BODY,NATIVE_BODY,3,3,NONE,3,0,0,0,0,0,0,0,0,0,LINEAR_BUS_SEQUENCE,,00000000,000101,81ADCA,V02C_MATRIX_PLUS_PINNED_MESEN_CPU_SOURCE_ORDER_NO_GAMEPLAY
V05C001535,81:ADCD:E0M0X1,040D6E69,81,ADCD,0,0,1,8D,STA,ABS,3,8D330E,NATIVE_BODY,NATIVE_BODY,5,5,NONE,3,0,0,2,0,0,0,0,0,0,LINEAR_BUS_SEQUENCE,,00000000,000E33,81ADCD,V02C_MATRIX_PLUS_PINNED_MESEN_CPU_SOURCE_ORDER_NO_GAMEPLAY
V05C001536,81:ADD0:E0M0X1,040D6E81,81,ADD0,0,0,1,A9,LDA,IMM_M,3,A90202,NATIVE_BODY,NATIVE_BODY,3,3,NONE,3,0,0,0,0,0,0,0,0,0,LINEAR_BUS_SEQUENCE,,00000000,000202,81ADD0,V02C_MATRIX_PLUS_PINNED_MESEN_CPU_SOURCE_ORDER_NO_GAMEPLAY
V05C001537,81:ADD3:E0M0X1,040D6E99,81,ADD3,0,0,1,8D,STA,ABS,3,8D370E,NATIVE_BODY,NATIVE_BODY,5,5,NONE,3,0,0,2,0,0,0,0,0,0,LINEAR_BUS_SEQUENCE,,00000000,000E37,81ADD3,V02C_MATRIX_PLUS_PINNED_MESEN_CPU_SOURCE_ORDER_NO_GAMEPLAY
V05C001538,81:ADD6:E0M0X1,040D6EB1,81,ADD6,0,0,1,A9,LDA,IMM_M,3,A90101,NATIVE_BODY,NATIVE_BODY,3,3,NONE,3,0,0,0,0,0,0,0,0,0,LINEAR_BUS_SEQUENCE,,00000000,000101,81ADD6,V02C_MATRIX_PLUS_PINNED_MESEN_CPU_SOURCE_ORDER_NO_GAMEPLAY
V05C001539,81:ADD9:E0M0X1,040D6EC9,81,ADD9,0,0,1,8D,STA,ABS,3,8D3B0E,NATIVE_BODY,NATIVE_BODY,5,5,NONE,3,0,0,2,0,0,0,0,0,0,LINEAR_BUS_SEQUENCE,,00000000,000E3B,81ADD9,V02C_MATRIX_PLUS_PINNED_MESEN_CPU_SOURCE_ORDER_NO_GAMEPLAY
V05C001540,81:ADDC:E0M0X1,040D6EE1,81,ADDC,0,0,1,9C,STZ,ABS,3,9CF60D,NATIVE_BODY,NATIVE_BODY,5,5,NONE,3,0,0,2,0,0,0,0,0,0,LINEAR_BUS_SEQUENCE,,00000000,000DF6,81ADDC,V02C_MATRIX_PLUS_PINNED_MESEN_CPU_SOURCE_ORDER_NO_GAMEPLAY
V05C001541,81:ADDF:E0M0X1,040D6EF9,81,ADDF,0,0,1,9C,STZ,ABS,3,9CFA0D,NATIVE_BODY,NATIVE_BODY,5,5,NONE,3,0,0,2,0,0,0,0,0,0,LINEAR_BUS_SEQUENCE,,00000000,000DFA,81ADDF,V02C_MATRIX_PLUS_PINNED_MESEN_CPU_SOURCE_ORDER_NO_GAMEPLAY
V05C001542,81:ADE2:E0M0X1,040D6F11,81,ADE2,0,0,1,9C,STZ,ABS,3,9CFE0D,NATIVE_BODY,NATIVE_BODY,5,5,NONE,3,0,0,2,0,0,0,0,0,0,LINEAR_BUS_SEQUENCE,,00000000,000DFE,81ADE2,V02C_MATRIX_PLUS_PINNED_MESEN_CPU_SOURCE_ORDER_NO_GAMEPLAY
V05C001543,81:ADE5:E0M0X1,040D6F29,81,ADE5,0,0,1,9C,STZ,ABS,3,9C020E,NATIVE_BODY,NATIVE_BODY,5,5,NONE,3,0,0,2,0,0,0,0,0,0,LINEAR_BUS_SEQUENCE,,00000000,000E02,81ADE5,V02C_MATRIX_PLUS_PINNED_MESEN_CPU_SOURCE_ORDER_NO_GAMEPLAY
V05C001544,81:ADE8:E0M0X1,040D6F41,81,ADE8,0,0,1,A9,LDA,IMM_M,3,A90101,NATIVE_BODY,NATIVE_BODY,3,3,NONE,3,0,0,0,0,0,0,0,0,0,LINEAR_BUS_SEQUENCE,,00000000,000101,81ADE8,V02C_MATRIX_PLUS_PINNED_MESEN_CPU_SOURCE_ORDER_NO_GAMEPLAY
V05C001545,81:ADEB:E0M0X1,040D6F59,81,ADEB,0,0,1,8D,STA,ABS,3,8D6F0E,NATIVE_BODY,NATIVE_BODY,5,5,NONE,3,0,0,2,0,0,0,0,0,0,LINEAR_BUS_SEQUENCE,,00000000,000E6F,81ADEB,V02C_MATRIX_PLUS_PINNED_MESEN_CPU_SOURCE_ORDER_NO_GAMEPLAY
V05C001546,81:ADEE:E0M0X1,040D6F71,81,ADEE,0,0,1,8D,STA,ABS,3,8D730E,NATIVE_BODY,NATIVE_BODY,5,5,NONE,3,0,0,2,0,0,0,0,0,0,LINEAR_BUS_SEQUENCE,,00000000,000E73,81ADEE,V02C_MATRIX_PLUS_PINNED_MESEN_CPU_SOURCE_ORDER_NO_GAMEPLAY
V05C001547,81:ADF1:E0M0X1,040D6F89,81,ADF1,0,0,1,8D,STA,ABS,3,8D770E,NATIVE_BODY,NATIVE_BODY,5,5,NONE,3,0,0,2,0,0,0,0,0,0,LINEAR_BUS_SEQUENCE,,00000000,000E77,81ADF1,V02C_MATRIX_PLUS_PINNED_MESEN_CPU_SOURCE_ORDER_NO_GAMEPLAY
V05C001548,81:ADF4:E0M0X1,040D6FA1,81,ADF4,0,0,1,8D,STA,ABS,3,8D7B0E,NATIVE_BODY,NATIVE_BODY,5,5,NONE,3,0,0,2,0,0,0,0,0,0,LINEAR_BUS_SEQUENCE,,00000000,000E7B,81ADF4,V02C_MATRIX_PLUS_PINNED_MESEN_CPU_SOURCE_ORDER_NO_GAMEPLAY
V05C001549,81:ADF7:E0M0X1,040D6FB9,81,ADF7,0,0,1,8D,STA,ABS,3,8D7F0E,NATIVE_BODY,NATIVE_BODY,5,5,NONE,3,0,0,2,0,0,0,0,0,0,LINEAR_BUS_SEQUENCE,,00000000,000E7F,81ADF7,V02C_MATRIX_PLUS_PINNED_MESEN_CPU_SOURCE_ORDER_NO_GAMEPLAY
V05C001550,81:ADFA:E0M0X1,040D6FD1,81,ADFA,0,0,1,8D,STA,ABS,3,8D830E,NATIVE_BODY,NATIVE_BODY,5,5,NONE,3,0,0,2,0,0,0,0,0,0,LINEAR_BUS_SEQUENCE,,00000000,000E83,81ADFA,V02C_MATRIX_PLUS_PINNED_MESEN_CPU_SOURCE_ORDER_NO_GAMEPLAY
V05C001551,81:ADFD:E0M0X1,040D6FE9,81,ADFD,0,0,1,8D,STA,ABS,3,8D870E,NATIVE_BODY,NATIVE_BODY,5,5,NONE,3,0,0,2,0,0,0,0,0,0,LINEAR_BUS_SEQUENCE,,00000000,000E87,81ADFD,V02C_MATRIX_PLUS_PINNED_MESEN_CPU_SOURCE_ORDER_NO_GAMEPLAY
V05C001552,81:AE00:E0M0X1,040D7001,81,AE00,0,0,1,8D,STA,ABS,3,8D870E,NATIVE_BODY,NATIVE_BODY,5,5,NONE,3,0,0,2,0,0,0,0,0,0,LINEAR_BUS_SEQUENCE,,00000000,000E87,81AE00,V02C_MATRIX_PLUS_PINNED_MESEN_CPU_SOURCE_ORDER_NO_GAMEPLAY
V05C001553,81:AE03:E0M0X1,040D7019,81,AE03,0,0,1,8D,STA,ABS,3,8D8B0E,NATIVE_BODY,NATIVE_BODY,5,5,NONE,3,0,0,2,0,0,0,0,0,0,LINEAR_BUS_SEQUENCE,,00000000,000E8B,81AE03,V02C_MATRIX_PLUS_PINNED_MESEN_CPU_SOURCE_ORDER_NO_GAMEPLAY
V05C001554,81:AE06:E0M0X1,040D7031,81,AE06,0,0,1,9C,STZ,ABS,3,9CA802,NATIVE_BODY,NATIVE_BODY,5,5,NONE,3,0,0,2,0,0,0,0,0,0,LINEAR_BUS_SEQUENCE,,00000000,0002A8,81AE06,V02C_MATRIX_PLUS_PINNED_MESEN_CPU_SOURCE_ORDER_NO_GAMEPLAY
V05C001555,81:AE09:E0M0X1,040D7049,81,AE09,0,0,1,9C,STZ,ABS,3,9CAC02,NATIVE_BODY,NATIVE_BODY,5,5,NONE,3,0,0,2,0,0,0,0,0,0,LINEAR_BUS_SEQUENCE,,00000000,0002AC,81AE09,V02C_MATRIX_PLUS_PINNED_MESEN_CPU_SOURCE_ORDER_NO_GAMEPLAY
V05C001556,81:AE0C:E0M0X1,040D7061,81,AE0C,0,0,1,9C,STZ,ABS,3,9CAE02,NATIVE_BODY,NATIVE_BODY,5,5,NONE,3,0,0,2,0,0,0,0,0,0,LINEAR_BUS_SEQUENCE,,00000000,0002AE,81AE0C,V02C_MATRIX_PLUS_PINNED_MESEN_CPU_SOURCE_ORDER_NO_GAMEPLAY
V05C001557,81:AE0F:E0M0X1,040D7079,81,AE0F,0,0,1,A9,LDA,IMM_M,3,A90200,NATIVE_BODY,NATIVE_BODY,3,3,NONE,3,0,0,0,0,0,0,0,0,0,LINEAR_BUS_SEQUENCE,,00000000,000002,81AE0F,V02C_MATRIX_PLUS_PINNED_MESEN_CPU_SOURCE_ORDER_NO_GAMEPLAY
V05C001558,81:AE12:E0M0X1,040D7091,81,AE12,0,0,1,8D,STA,ABS,3,8D080E,NATIVE_BODY,NATIVE_BODY,5,5,NONE,3,0,0,2,0,0,0,0,0,0,LINEAR_BUS_SEQUENCE,,00000000,000E08,81AE12,V02C_MATRIX_PLUS_PINNED_MESEN_CPU_SOURCE_ORDER_NO_GAMEPLAY
V05C001559,81:AE15:E0M0X1,040D70A9,81,AE15,0,0,1,8D,STA,ABS,3,8D0C0E,NATIVE_BODY,NATIVE_BODY,5,5,NONE,3,0,0,2,0,0,0,0,0,0,LINEAR_BUS_SEQUENCE,,00000000,000E0C,81AE15,V02C_MATRIX_PLUS_PINNED_MESEN_CPU_SOURCE_ORDER_NO_GAMEPLAY
V05C001560,81:AE18:E0M0X1,040D70C1,81,AE18,0,0,1,9C,STZ,ABS,3,9C060E,NATIVE_BODY,NATIVE_BODY,5,5,NONE,3,0,0,2,0,0,0,0,0,0,LINEAR_BUS_SEQUENCE,,00000000,000E06,81AE18,V02C_MATRIX_PLUS_PINNED_MESEN_CPU_SOURCE_ORDER_NO_GAMEPLAY
V05C001561,81:AE1B:E0M0X1,040D70D9,81,AE1B,0,0,1,9C,STZ,ABS,3,9C0A0E,NATIVE_BODY,NATIVE_BODY,5,5,NONE,3,0,0,2,0,0,0,0,0,0,LINEAR_BUS_SEQUENCE,,00000000,000E0A,81AE1B,V02C_MATRIX_PLUS_PINNED_MESEN_CPU_SOURCE_ORDER_NO_GAMEPLAY
V05C001562,81:AE1E:E0M0X1,040D70F1,81,AE1E,0,0,1,E2,SEP,IMM8,2,E220,NATIVE_BODY,NATIVE_BODY,3,3,NONE,2,0,0,0,0,0,0,0,1,0,FIXED_IDLE_SEQUENCE,STATUS_PRE_IDLE,00002000,000020,81AE1E,V02C_MATRIX_PLUS_PINNED_MESEN_CPU_SOURCE_ORDER_NO_GAMEPLAY
V05C001563,81:AE20:E0M1X1,040D7103,81,AE20,0,1,1,60,RTS,IMP,1,60,NATIVE_BODY,NATIVE_BODY,6,6,NONE,1,0,0,0,0,2,0,0,3,0,RETURN_SEQUENCE,RETURN_PRE_IDLE;RETURN_PRE_IDLE;RTS_POST_POP_IDLE,00000180,000000,81AE20,V02C_MATRIX_PLUS_PINNED_MESEN_CPU_SOURCE_ORDER_NO_GAMEPLAY
V05C001564,81:AE21:E0M1X1,040D710B,81,AE21,0,1,1,AD,LDA,ABS,3,AD1C03,NATIVE_BODY,NATIVE_BODY,4,4,NONE,3,0,1,0,0,0,0,0,0,0,LINEAR_BUS_SEQUENCE,,00000000,00031C,81AE21,V02C_MATRIX_PLUS_PINNED_MESEN_CPU_SOURCE_ORDER_NO_GAMEPLAY
V05C001565,81:AE24:E0M1X1,040D7123,81,AE24,0,1,1,D0,BNE,REL8,2,D04F,NATIVE_BODY,NATIVE_BODY,2,3,BRANCH_TAKEN:+1,2,0,0,0,0,0,0,0,0,1,BRANCH_SEQUENCE,DYN_BRANCH_TAKEN_POST_IDLE,00000004,00004F,81AE24,V02C_MATRIX_PLUS_PINNED_MESEN_CPU_SOURCE_ORDER_NO_GAMEPLAY
V05C001566,81:AE26:E0M1X1,040D7133,81,AE26,0,1,1,AD,LDA,ABS,3,ADB502,NATIVE_BODY,NATIVE_BODY,4,4,NONE,3,0,1,0,0,0,0,0,0,0,LINEAR_BUS_SEQUENCE,,00000000,0002B5,81AE26,V02C_MATRIX_PLUS_PINNED_MESEN_CPU_SOURCE_ORDER_NO_GAMEPLAY
V05C001567,81:AE29:E0M1X1,040D714B,81,AE29,0,1,1,9D,STA,ABS_X,3,9D830E,NATIVE_BODY,NATIVE_BODY,5,5,NONE,3,0,0,1,0,0,0,0,1,0,INDEX_SEQUENCE,INDEX_FIXED_PRE_DATA_IDLE,00040000,000E83,81AE29,V02C_MATRIX_PLUS_PINNED_MESEN_CPU_SOURCE_ORDER_NO_GAMEPLAY
V05C001568,81:AE2C:E0M1X1,040D7163,81,AE2C,0,1,1,AD,LDA,ABS,3,ADB602,NATIVE_BODY,NATIVE_BODY,4,4,NONE,3,0,1,0,0,0,0,0,0,0,LINEAR_BUS_SEQUENCE,,00000000,0002B6,81AE2C,V02C_MATRIX_PLUS_PINNED_MESEN_CPU_SOURCE_ORDER_NO_GAMEPLAY
V05C001569,81:AE2F:E0M1X1,040D717B,81,AE2F,0,1,1,9D,STA,ABS_X,3,9D7F0E,NATIVE_BODY,NATIVE_BODY,5,5,NONE,3,0,0,1,0,0,0,0,1,0,INDEX_SEQUENCE,INDEX_FIXED_PRE_DATA_IDLE,00040000,000E7F,81AE2F,V02C_MATRIX_PLUS_PINNED_MESEN_CPU_SOURCE_ORDER_NO_GAMEPLAY
V05C001570,81:AE32:E0M1X1,040D7193,81,AE32,0,1,1,AD,LDA,ABS,3,ADB702,NATIVE_BODY,NATIVE_BODY,4,4,NONE,3,0,1,0,0,0,0,0,0,0,LINEAR_BUS_SEQUENCE,,00000000,0002B7,81AE32,V02C_MATRIX_PLUS_PINNED_MESEN_CPU_SOURCE_ORDER_NO_GAMEPLAY
V05C001571,81:AE35:E0M1X1,040D71AB,81,AE35,0,1,1,9D,STA,ABS_X,3,9D7B0E,NATIVE_BODY,NATIVE_BODY,5,5,NONE,3,0,0,1,0,0,0,0,1,0,INDEX_SEQUENCE,INDEX_FIXED_PRE_DATA_IDLE,00040000,000E7B,81AE35,V02C_MATRIX_PLUS_PINNED_MESEN_CPU_SOURCE_ORDER_NO_GAMEPLAY
V05C001572,81:AE38:E0M1X1,040D71C3,81,AE38,0,1,1,AD,LDA,ABS,3,ADB802,NATIVE_BODY,NATIVE_BODY,4,4,NONE,3,0,1,0,0,0,0,0,0,0,LINEAR_BUS_SEQUENCE,,00000000,0002B8,81AE38,V02C_MATRIX_PLUS_PINNED_MESEN_CPU_SOURCE_ORDER_NO_GAMEPLAY
V05C001573,81:AE3B:E0M1X1,040D71DB,81,AE3B,0,1,1,9D,STA,ABS_X,3,9D730E,NATIVE_BODY,NATIVE_BODY,5,5,NONE,3,0,0,1,0,0,0,0,1,0,INDEX_SEQUENCE,INDEX_FIXED_PRE_DATA_IDLE,00040000,000E73,81AE3B,V02C_MATRIX_PLUS_PINNED_MESEN_CPU_SOURCE_ORDER_NO_GAMEPLAY
V05C001574,81:AE3E:E0M1X1,040D71F3,81,AE3E,0,1,1,AD,LDA,ABS,3,ADB902,NATIVE_BODY,NATIVE_BODY,4,4,NONE,3,0,1,0,0,0,0,0,0,0,LINEAR_BUS_SEQUENCE,,00000000,0002B9,81AE3E,V02C_MATRIX_PLUS_PINNED_MESEN_CPU_SOURCE_ORDER_NO_GAMEPLAY
V05C001575,81:AE41:E0M1X1,040D720B,81,AE41,0,1,1,9D,STA,ABS_X,3,9D770E,NATIVE_BODY,NATIVE_BODY,5,5,NONE,3,0,0,1,0,0,0,0,1,0,INDEX_SEQUENCE,INDEX_FIXED_PRE_DATA_IDLE,00040000,000E77,81AE41,V02C_MATRIX_PLUS_PINNED_MESEN_CPU_SOURCE_ORDER_NO_GAMEPLAY
V05C001576,81:AE44:E0M1X1,040D7223,81,AE44,0,1,1,AD,LDA,ABS,3,ADBA02,NATIVE_BODY,NATIVE_BODY,4,4,NONE,3,0,1,0,0,0,0,0,0,0,LINEAR_BUS_SEQUENCE,,00000000,0002BA,81AE44,V02C_MATRIX_PLUS_PINNED_MESEN_CPU_SOURCE_ORDER_NO_GAMEPLAY
V05C001577,81:AE47:E0M1X1,040D723B,81,AE47,0,1,1,9D,STA,ABS_X,3,9D6F0E,NATIVE_BODY,NATIVE_BODY,5,5,NONE,3,0,0,1,0,0,0,0,1,0,INDEX_SEQUENCE,INDEX_FIXED_PRE_DATA_IDLE,00040000,000E6F,81AE47,V02C_MATRIX_PLUS_PINNED_MESEN_CPU_SOURCE_ORDER_NO_GAMEPLAY
V05C001578,81:AE4A:E0M1X1,040D7253,81,AE4A,0,1,1,AD,LDA,ABS,3,ADBB02,NATIVE_BODY,NATIVE_BODY,4,4,NONE,3,0,1,0,0,0,0,0,0,0,LINEAR_BUS_SEQUENCE,,00000000,0002BB,81AE4A,V02C_MATRIX_PLUS_PINNED_MESEN_CPU_SOURCE_ORDER_NO_GAMEPLAY
V05C001579,81:AE4D:E0M1X1,040D726B,81,AE4D,0,1,1,9D,STA,ABS_X,3,9D8B0E,NATIVE_BODY,NATIVE_BODY,5,5,NONE,3,0,0,1,0,0,0,0,1,0,INDEX_SEQUENCE,INDEX_FIXED_PRE_DATA_IDLE,00040000,000E8B,81AE4D,V02C_MATRIX_PLUS_PINNED_MESEN_CPU_SOURCE_ORDER_NO_GAMEPLAY
V05C001580,81:AE50:E0M1X1,040D7283,81,AE50,0,1,1,AD,LDA,ABS,3,ADBC02,NATIVE_BODY,NATIVE_BODY,4,4,NONE,3,0,1,0,0,0,0,0,0,0,LINEAR_BUS_SEQUENCE,,00000000,0002BC,81AE50,V02C_MATRIX_PLUS_PINNED_MESEN_CPU_SOURCE_ORDER_NO_GAMEPLAY
V05C001581,81:AE53:E0M1X1,040D729B,81,AE53,0,1,1,9D,STA,ABS_X,3,9D870E,NATIVE_BODY,NATIVE_BODY,5,5,NONE,3,0,0,1,0,0,0,0,1,0,INDEX_SEQUENCE,INDEX_FIXED_PRE_DATA_IDLE,00040000,000E87,81AE53,V02C_MATRIX_PLUS_PINNED_MESEN_CPU_SOURCE_ORDER_NO_GAMEPLAY
V05C001582,81:AE56:E0M1X1,040D72B3,81,AE56,0,1,1,AC,LDY,ABS,3,ACBD02,NATIVE_BODY,NATIVE_BODY,4,4,NONE,3,0,1,0,0,0,0,0,0,0,LINEAR_BUS_SEQUENCE,,00000000,0002BD,81AE56,V02C_MATRIX_PLUS_PINNED_MESEN_CPU_SOURCE_ORDER_NO_GAMEPLAY
V05C001583,81:AE59:E0M1X1,040D72CB,81,AE59,0,1,1,B9,LDA,ABS_Y,3,B920AF,NATIVE_BODY,NATIVE_BODY,4,5,INDEX_PAGE_CROSS:+1,3,0,1,0,0,0,0,0,0,1,INDEX_SEQUENCE,DYN_INDEX_PRE_DATA_IDLE,00000002,00AF20,81AE59,V02C_MATRIX_PLUS_PINNED_MESEN_CPU_SOURCE_ORDER_NO_GAMEPLAY
V05C001584,81:AE5C:E0M1X1,040D72E3,81,AE5C,0,1,1,9D,STA,ABS_X,3,9D330E,NATIVE_BODY,NATIVE_BODY,5,5,NONE,3,0,0,1,0,0,0,0,1,0,INDEX_SEQUENCE,INDEX_FIXED_PRE_DATA_IDLE,00040000,000E33,81AE5C,V02C_MATRIX_PLUS_PINNED_MESEN_CPU_SOURCE_ORDER_NO_GAMEPLAY
V05C001585,81:AE5F:E0M1X1,040D72FB,81,AE5F,0,1,1,AC,LDY,ABS,3,ACBE02,NATIVE_BODY,NATIVE_BODY,4,4,NONE,3,0,1,0,0,0,0,0,0,0,LINEAR_BUS_SEQUENCE,,00000000,0002BE,81AE5F,V02C_MATRIX_PLUS_PINNED_MESEN_CPU_SOURCE_ORDER_NO_GAMEPLAY
V05C001586,81:AE62:E0M1X1,040D7313,81,AE62,0,1,1,B9,LDA,ABS_Y,3,B920AF,NATIVE_BODY,NATIVE_BODY,4,5,INDEX_PAGE_CROSS:+1,3,0,1,0,0,0,0,0,0,1,INDEX_SEQUENCE,DYN_INDEX_PRE_DATA_IDLE,00000002,00AF20,81AE62,V02C_MATRIX_PLUS_PINNED_MESEN_CPU_SOURCE_ORDER_NO_GAMEPLAY
V05C001587,81:AE65:E0M1X1,040D732B,81,AE65,0,1,1,9D,STA,ABS_X,3,9D370E,NATIVE_BODY,NATIVE_BODY,5,5,NONE,3,0,0,1,0,0,0,0,1,0,INDEX_SEQUENCE,INDEX_FIXED_PRE_DATA_IDLE,00040000,000E37,81AE65,V02C_MATRIX_PLUS_PINNED_MESEN_CPU_SOURCE_ORDER_NO_GAMEPLAY
V05C001588,81:AE68:E0M1X1,040D7343,81,AE68,0,1,1,AC,LDY,ABS,3,ACBF02,NATIVE_BODY,NATIVE_BODY,4,4,NONE,3,0,1,0,0,0,0,0,0,0,LINEAR_BUS_SEQUENCE,,00000000,0002BF,81AE68,V02C_MATRIX_PLUS_PINNED_MESEN_CPU_SOURCE_ORDER_NO_GAMEPLAY
V05C001589,81:AE6B:E0M1X1,040D735B,81,AE6B,0,1,1,B9,LDA,ABS_Y,3,B926AF,NATIVE_BODY,NATIVE_BODY,4,5,INDEX_PAGE_CROSS:+1,3,0,1,0,0,0,0,0,0,1,INDEX_SEQUENCE,DYN_INDEX_PRE_DATA_IDLE,00000002,00AF26,81AE6B,V02C_MATRIX_PLUS_PINNED_MESEN_CPU_SOURCE_ORDER_NO_GAMEPLAY
V05C001590,81:AE6E:E0M1X1,040D7373,81,AE6E,0,1,1,9D,STA,ABS_X,3,9D3B0E,NATIVE_BODY,NATIVE_BODY,5,5,NONE,3,0,0,1,0,0,0,0,1,0,INDEX_SEQUENCE,INDEX_FIXED_PRE_DATA_IDLE,00040000,000E3B,81AE6E,V02C_MATRIX_PLUS_PINNED_MESEN_CPU_SOURCE_ORDER_NO_GAMEPLAY
V05C001591,81:AE71:E0M1X1,040D738B,81,AE71,0,1,1,8A,TXA,IMP,1,8A,NATIVE_BODY,NATIVE_BODY,2,2,NONE,1,0,0,0,0,0,0,0,1,0,FIXED_IDLE_SEQUENCE,IMPLIED_PRE_IDLE,00000800,000000,81AE71,V02C_MATRIX_PLUS_PINNED_MESEN_CPU_SOURCE_ORDER_NO_GAMEPLAY
V05C001592,81:AE72:E0M1X1,040D7393,81,AE72,0,1,1,20,JSR,ABS_JUMP,3,207DB6,NATIVE_BODY,NATIVE_BODY,6,6,NONE,3,0,0,0,0,0,2,0,1,0,FIXED_IDLE_SEQUENCE,JSR_PRE_STACK_IDLE,00000020,00B67D,81AE72,V02C_MATRIX_PLUS_PINNED_MESEN_CPU_SOURCE_ORDER_NO_GAMEPLAY
V05C001593,81:AE75:E0M1X1,040D73AB,81,AE75,0,1,1,60,RTS,IMP,1,60,NATIVE_BODY,NATIVE_BODY,6,6,NONE,1,0,0,0,0,2,0,0,3,0,RETURN_SEQUENCE,RETURN_PRE_IDLE;RETURN_PRE_IDLE;RTS_POST_POP_IDLE,00000180,000000,81AE75,V02C_MATRIX_PLUS_PINNED_MESEN_CPU_SOURCE_ORDER_NO_GAMEPLAY
V05C001594,81:AE76:E0M1X1,040D73B3,81,AE76,0,1,1,8E,STX,ABS,3,8E3C03,NATIVE_BODY,NATIVE_BODY,4,4,NONE,3,0,0,1,0,0,0,0,0,0,LINEAR_BUS_SEQUENCE,,00000000,00033C,81AE76,V02C_MATRIX_PLUS_PINNED_MESEN_CPU_SOURCE_ORDER_NO_GAMEPLAY
V05C001595,81:AE79:E0M1X1,040D73CB,81,AE79,0,1,1,9C,STZ,ABS,3,9CB713,NATIVE_BODY,NATIVE_BODY,4,4,NONE,3,0,0,1,0,0,0,0,0,0,LINEAR_BUS_SEQUENCE,,00000000,0013B7,81AE79,V02C_MATRIX_PLUS_PINNED_MESEN_CPU_SOURCE_ORDER_NO_GAMEPLAY
V05C001596,81:AE7C:E0M1X1,040D73E3,81,AE7C,0,1,1,9C,STZ,ABS,3,9CB913,NATIVE_BODY,NATIVE_BODY,4,4,NONE,3,0,0,1,0,0,0,0,0,0,LINEAR_BUS_SEQUENCE,,00000000,0013B9,81AE7C,V02C_MATRIX_PLUS_PINNED_MESEN_CPU_SOURCE_ORDER_NO_GAMEPLAY
V05C001597,81:AE7F:E0M1X1,040D73FB,81,AE7F,0,1,1,9C,STZ,ABS,3,9CBA13,NATIVE_BODY,NATIVE_BODY,4,4,NONE,3,0,0,1,0,0,0,0,0,0,LINEAR_BUS_SEQUENCE,,00000000,0013BA,81AE7F,V02C_MATRIX_PLUS_PINNED_MESEN_CPU_SOURCE_ORDER_NO_GAMEPLAY
V05C001598,81:AE82:E0M1X1,040D7413,81,AE82,0,1,1,BD,LDA,ABS_X,3,BDA802,NATIVE_BODY,NATIVE_BODY,4,5,INDEX_PAGE_CROSS:+1,3,0,1,0,0,0,0,0,0,1,INDEX_SEQUENCE,DYN_INDEX_PRE_DATA_IDLE,00000002,0002A8,81AE82,V02C_MATRIX_PLUS_PINNED_MESEN_CPU_SOURCE_ORDER_NO_GAMEPLAY
V05C001599,81:AE85:E0M1X1,040D742B,81,AE85,0,1,1,8D,STA,ABS,3,8DAA02,NATIVE_BODY,NATIVE_BODY,4,4,NONE,3,0,0,1,0,0,0,0,0,0,LINEAR_BUS_SEQUENCE,,00000000,0002AA,81AE85,V02C_MATRIX_PLUS_PINNED_MESEN_CPU_SOURCE_ORDER_NO_GAMEPLAY
V05C001600,81:AE88:E0M1X1,040D7443,81,AE88,0,1,1,AC,LDY,ABS,3,AC9902,NATIVE_BODY,NATIVE_BODY,4,4,NONE,3,0,1,0,0,0,0,0,0,0,LINEAR_BUS_SEQUENCE,,00000000,000299,81AE88,V02C_MATRIX_PLUS_PINNED_MESEN_CPU_SOURCE_ORDER_NO_GAMEPLAY
V05C001601,81:AE8B:E0M1X1,040D745B,81,AE8B,0,1,1,AD,LDA,ABS,3,ADFF0B,NATIVE_BODY,NATIVE_BODY,4,4,NONE,3,0,1,0,0,0,0,0,0,0,LINEAR_BUS_SEQUENCE,,00000000,000BFF,81AE8B,V02C_MATRIX_PLUS_PINNED_MESEN_CPU_SOURCE_ORDER_NO_GAMEPLAY
V05C001602,81:AE8E:E0M1X1,040D7473,81,AE8E,0,1,1,C9,CMP,IMM_M,2,C902,NATIVE_BODY,NATIVE_BODY,2,2,NONE,2,0,0,0,0,0,0,0,0,0,LINEAR_BUS_SEQUENCE,,00000000,000002,81AE8E,V02C_MATRIX_PLUS_PINNED_MESEN_CPU_SOURCE_ORDER_NO_GAMEPLAY
V05C001603,81:AE90:E0M1X1,040D7483,81,AE90,0,1,1,F0,BEQ,REL8,2,F005,NATIVE_BODY,NATIVE_BODY,2,3,BRANCH_TAKEN:+1,2,0,0,0,0,0,0,0,0,1,BRANCH_SEQUENCE,DYN_BRANCH_TAKEN_POST_IDLE,00000004,000005,81AE90,V02C_MATRIX_PLUS_PINNED_MESEN_CPU_SOURCE_ORDER_NO_GAMEPLAY
V05C001604,81:AE92:E0M1X1,040D7493,81,AE92,0,1,1,B9,LDA,ABS_Y,3,B90CAF,NATIVE_BODY,NATIVE_BODY,4,5,INDEX_PAGE_CROSS:+1,3,0,1,0,0,0,0,0,0,1,INDEX_SEQUENCE,DYN_INDEX_PRE_DATA_IDLE,00000002,00AF0C,81AE92,V02C_MATRIX_PLUS_PINNED_MESEN_CPU_SOURCE_ORDER_NO_GAMEPLAY
V05C001605,81:AE95:E0M1X1,040D74AB,81,AE95,0,1,1,80,BRA,REL8,2,8003,NATIVE_BODY,NATIVE_BODY,3,3,NONE,2,0,0,0,0,0,0,0,1,0,BRANCH_SEQUENCE,BRANCH_ALWAYS_POST_IDLE,00004000,000003,81AE95,V02C_MATRIX_PLUS_PINNED_MESEN_CPU_SOURCE_ORDER_NO_GAMEPLAY
V05C001606,81:AE97:E0M1X1,040D74BB,81,AE97,0,1,1,B9,LDA,ABS_Y,3,B912AF,NATIVE_BODY,NATIVE_BODY,4,5,INDEX_PAGE_CROSS:+1,3,0,1,0,0,0,0,0,0,1,INDEX_SEQUENCE,DYN_INDEX_PRE_DATA_IDLE,00000002,00AF12,81AE97,V02C_MATRIX_PLUS_PINNED_MESEN_CPU_SOURCE_ORDER_NO_GAMEPLAY
V05C001607,81:AE9A:E0M1X1,040D74D3,81,AE9A,0,1,1,8D,STA,ABS,3,8DAB02,NATIVE_BODY,NATIVE_BODY,4,4,NONE,3,0,0,1,0,0,0,0,0,0,LINEAR_BUS_SEQUENCE,,00000000,0002AB,81AE9A,V02C_MATRIX_PLUS_PINNED_MESEN_CPU_SOURCE_ORDER_NO_GAMEPLAY
V05C001608,81:AE9D:E0M1X1,040D74EB,81,AE9D,0,1,1,20,JSR,ABS_JUMP,3,20A7AE,NATIVE_BODY,NATIVE_BODY,6,6,NONE,3,0,0,0,0,0,2,0,1,0,FIXED_IDLE_SEQUENCE,JSR_PRE_STACK_IDLE,00000020,00AEA7,81AE9D,V02C_MATRIX_PLUS_PINNED_MESEN_CPU_SOURCE_ORDER_NO_GAMEPLAY
V05C001609,81:AEA0:E0M1X1,040D7503,81,AEA0,0,1,1,20,JSR,ABS_JUMP,3,20F3AE,NATIVE_BODY,NATIVE_BODY,6,6,NONE,3,0,0,0,0,0,2,0,1,0,FIXED_IDLE_SEQUENCE,JSR_PRE_STACK_IDLE,00000020,00AEF3,81AEA0,V02C_MATRIX_PLUS_PINNED_MESEN_CPU_SOURCE_ORDER_NO_GAMEPLAY
V05C001610,81:AEA3:E0M1X1,040D751B,81,AEA3,0,1,1,8A,TXA,IMP,1,8A,NATIVE_BODY,NATIVE_BODY,2,2,NONE,1,0,0,0,0,0,0,0,1,0,FIXED_IDLE_SEQUENCE,IMPLIED_PRE_IDLE,00000800,000000,81AEA3,V02C_MATRIX_PLUS_PINNED_MESEN_CPU_SOURCE_ORDER_NO_GAMEPLAY
V05C001611,81:AEA4:E0M1X1,040D7523,81,AEA4,0,1,1,4C,JMP,ABS_JUMP,3,4C69B6,NATIVE_BODY,NATIVE_BODY,3,3,NONE,3,0,0,0,0,0,0,0,0,0,LINEAR_BUS_SEQUENCE,,00000000,00B669,81AEA4,V02C_MATRIX_PLUS_PINNED_MESEN_CPU_SOURCE_ORDER_NO_GAMEPLAY
V05C001612,81:AEA7:E0M1X1,040D753B,81,AEA7,0,1,1,BD,LDA,ABS_X,3,BD830E,NATIVE_BODY,NATIVE_BODY,4,5,INDEX_PAGE_CROSS:+1,3,0,1,0,0,0,0,0,0,1,INDEX_SEQUENCE,DYN_INDEX_PRE_DATA_IDLE,00000002,000E83,81AEA7,V02C_MATRIX_PLUS_PINNED_MESEN_CPU_SOURCE_ORDER_NO_GAMEPLAY
V05C001613,81:AEAA:E0M1X1,040D7553,81,AEAA,0,1,1,8D,STA,ABS,3,8DB502,NATIVE_BODY,NATIVE_BODY,4,4,NONE,3,0,0,1,0,0,0,0,0,0,LINEAR_BUS_SEQUENCE,,00000000,0002B5,81AEAA,V02C_MATRIX_PLUS_PINNED_MESEN_CPU_SOURCE_ORDER_NO_GAMEPLAY
V05C001614,81:AEAD:E0M1X1,040D756B,81,AEAD,0,1,1,BD,LDA,ABS_X,3,BD7F0E,NATIVE_BODY,NATIVE_BODY,4,5,INDEX_PAGE_CROSS:+1,3,0,1,0,0,0,0,0,0,1,INDEX_SEQUENCE,DYN_INDEX_PRE_DATA_IDLE,00000002,000E7F,81AEAD,V02C_MATRIX_PLUS_PINNED_MESEN_CPU_SOURCE_ORDER_NO_GAMEPLAY
V05C001615,81:AEB0:E0M1X1,040D7583,81,AEB0,0,1,1,8D,STA,ABS,3,8DB602,NATIVE_BODY,NATIVE_BODY,4,4,NONE,3,0,0,1,0,0,0,0,0,0,LINEAR_BUS_SEQUENCE,,00000000,0002B6,81AEB0,V02C_MATRIX_PLUS_PINNED_MESEN_CPU_SOURCE_ORDER_NO_GAMEPLAY
V05C001616,81:AEB3:E0M1X1,040D759B,81,AEB3,0,1,1,BD,LDA,ABS_X,3,BD7B0E,NATIVE_BODY,NATIVE_BODY,4,5,INDEX_PAGE_CROSS:+1,3,0,1,0,0,0,0,0,0,1,INDEX_SEQUENCE,DYN_INDEX_PRE_DATA_IDLE,00000002,000E7B,81AEB3,V02C_MATRIX_PLUS_PINNED_MESEN_CPU_SOURCE_ORDER_NO_GAMEPLAY
V05C001617,81:AEB6:E0M1X1,040D75B3,81,AEB6,0,1,1,8D,STA,ABS,3,8DB702,NATIVE_BODY,NATIVE_BODY,4,4,NONE,3,0,0,1,0,0,0,0,0,0,LINEAR_BUS_SEQUENCE,,00000000,0002B7,81AEB6,V02C_MATRIX_PLUS_PINNED_MESEN_CPU_SOURCE_ORDER_NO_GAMEPLAY
V05C001618,81:AEB9:E0M1X1,040D75CB,81,AEB9,0,1,1,BD,LDA,ABS_X,3,BD730E,NATIVE_BODY,NATIVE_BODY,4,5,INDEX_PAGE_CROSS:+1,3,0,1,0,0,0,0,0,0,1,INDEX_SEQUENCE,DYN_INDEX_PRE_DATA_IDLE,00000002,000E73,81AEB9,V02C_MATRIX_PLUS_PINNED_MESEN_CPU_SOURCE_ORDER_NO_GAMEPLAY
V05C001619,81:AEBC:E0M1X1,040D75E3,81,AEBC,0,1,1,8D,STA,ABS,3,8DB802,NATIVE_BODY,NATIVE_BODY,4,4,NONE,3,0,0,1,0,0,0,0,0,0,LINEAR_BUS_SEQUENCE,,00000000,0002B8,81AEBC,V02C_MATRIX_PLUS_PINNED_MESEN_CPU_SOURCE_ORDER_NO_GAMEPLAY
V05C001620,81:AEBF:E0M1X1,040D75FB,81,AEBF,0,1,1,BD,LDA,ABS_X,3,BD770E,NATIVE_BODY,NATIVE_BODY,4,5,INDEX_PAGE_CROSS:+1,3,0,1,0,0,0,0,0,0,1,INDEX_SEQUENCE,DYN_INDEX_PRE_DATA_IDLE,00000002,000E77,81AEBF,V02C_MATRIX_PLUS_PINNED_MESEN_CPU_SOURCE_ORDER_NO_GAMEPLAY
V05C001621,81:AEC2:E0M1X1,040D7613,81,AEC2,0,1,1,8D,STA,ABS,3,8DB902,NATIVE_BODY,NATIVE_BODY,4,4,NONE,3,0,0,1,0,0,0,0,0,0,LINEAR_BUS_SEQUENCE,,00000000,0002B9,81AEC2,V02C_MATRIX_PLUS_PINNED_MESEN_CPU_SOURCE_ORDER_NO_GAMEPLAY
V05C001622,81:AEC5:E0M1X1,040D762B,81,AEC5,0,1,1,BD,LDA,ABS_X,3,BD6F0E,NATIVE_BODY,NATIVE_BODY,4,5,INDEX_PAGE_CROSS:+1,3,0,1,0,0,0,0,0,0,1,INDEX_SEQUENCE,DYN_INDEX_PRE_DATA_IDLE,00000002,000E6F,81AEC5,V02C_MATRIX_PLUS_PINNED_MESEN_CPU_SOURCE_ORDER_NO_GAMEPLAY
V05C001623,81:AEC8:E0M1X1,040D7643,81,AEC8,0,1,1,8D,STA,ABS,3,8DBA02,NATIVE_BODY,NATIVE_BODY,4,4,NONE,3,0,0,1,0,0,0,0,0,0,LINEAR_BUS_SEQUENCE,,00000000,0002BA,81AEC8,V02C_MATRIX_PLUS_PINNED_MESEN_CPU_SOURCE_ORDER_NO_GAMEPLAY
V05C001624,81:AECB:E0M1X1,040D765B,81,AECB,0,1,1,BD,LDA,ABS_X,3,BD8B0E,NATIVE_BODY,NATIVE_BODY,4,5,INDEX_PAGE_CROSS:+1,3,0,1,0,0,0,0,0,0,1,INDEX_SEQUENCE,DYN_INDEX_PRE_DATA_IDLE,00000002,000E8B,81AECB,V02C_MATRIX_PLUS_PINNED_MESEN_CPU_SOURCE_ORDER_NO_GAMEPLAY
V05C001625,81:AECE:E0M1X1,040D7673,81,AECE,0,1,1,8D,STA,ABS,3,8DBB02,NATIVE_BODY,NATIVE_BODY,4,4,NONE,3,0,0,1,0,0,0,0,0,0,LINEAR_BUS_SEQUENCE,,00000000,0002BB,81AECE,V02C_MATRIX_PLUS_PINNED_MESEN_CPU_SOURCE_ORDER_NO_GAMEPLAY
V05C001626,81:AED1:E0M1X1,040D768B,81,AED1,0,1,1,BD,LDA,ABS_X,3,BD870E,NATIVE_BODY,NATIVE_BODY,4,5,INDEX_PAGE_CROSS:+1,3,0,1,0,0,0,0,0,0,1,INDEX_SEQUENCE,DYN_INDEX_PRE_DATA_IDLE,00000002,000E87,81AED1,V02C_MATRIX_PLUS_PINNED_MESEN_CPU_SOURCE_ORDER_NO_GAMEPLAY
V05C001627,81:AED4:E0M1X1,040D76A3,81,AED4,0,1,1,8D,STA,ABS,3,8DBC02,NATIVE_BODY,NATIVE_BODY,4,4,NONE,3,0,0,1,0,0,0,0,0,0,LINEAR_BUS_SEQUENCE,,00000000,0002BC,81AED4,V02C_MATRIX_PLUS_PINNED_MESEN_CPU_SOURCE_ORDER_NO_GAMEPLAY
V05C001628,81:AED7:E0M1X1,040D76BB,81,AED7,0,1,1,BC,LDY,ABS_X,3,BC330E,NATIVE_BODY,NATIVE_BODY,4,5,INDEX_PAGE_CROSS:+1,3,0,1,0,0,0,0,0,0,1,INDEX_SEQUENCE,DYN_INDEX_PRE_DATA_IDLE,00000002,000E33,81AED7,V02C_MATRIX_PLUS_PINNED_MESEN_CPU_SOURCE_ORDER_NO_GAMEPLAY
V05C001629,81:AEDA:E0M1X1,040D76D3,81,AEDA,0,1,1,B9,LDA,ABS_Y,3,B918AF,NATIVE_BODY,NATIVE_BODY,4,5,INDEX_PAGE_CROSS:+1,3,0,1,0,0,0,0,0,0,1,INDEX_SEQUENCE,DYN_INDEX_PRE_DATA_IDLE,00000002,00AF18,81AEDA,V02C_MATRIX_PLUS_PINNED_MESEN_CPU_SOURCE_ORDER_NO_GAMEPLAY
V05C001630,81:AEDD:E0M1X1,040D76EB,81,AEDD,0,1,1,8D,STA,ABS,3,8DBD02,NATIVE_BODY,NATIVE_BODY,4,4,NONE,3,0,0,1,0,0,0,0,0,0,LINEAR_BUS_SEQUENCE,,00000000,0002BD,81AEDD,V02C_MATRIX_PLUS_PINNED_MESEN_CPU_SOURCE_ORDER_NO_GAMEPLAY
V05C001631,81:AEE0:E0M1X1,040D7703,81,AEE0,0,1,1,BC,LDY,ABS_X,3,BC370E,NATIVE_BODY,NATIVE_BODY,4,5,INDEX_PAGE_CROSS:+1,3,0,1,0,0,0,0,0,0,1,INDEX_SEQUENCE,DYN_INDEX_PRE_DATA_IDLE,00000002,000E37,81AEE0,V02C_MATRIX_PLUS_PINNED_MESEN_CPU_SOURCE_ORDER_NO_GAMEPLAY
V05C001632,81:AEE3:E0M1X1,040D771B,81,AEE3,0,1,1,B9,LDA,ABS_Y,3,B918AF,NATIVE_BODY,NATIVE_BODY,4,5,INDEX_PAGE_CROSS:+1,3,0,1,0,0,0,0,0,0,1,INDEX_SEQUENCE,DYN_INDEX_PRE_DATA_IDLE,00000002,00AF18,81AEE3,V02C_MATRIX_PLUS_PINNED_MESEN_CPU_SOURCE_ORDER_NO_GAMEPLAY
V05C001633,81:AEE6:E0M1X1,040D7733,81,AEE6,0,1,1,8D,STA,ABS,3,8DBE02,NATIVE_BODY,NATIVE_BODY,4,4,NONE,3,0,0,1,0,0,0,0,0,0,LINEAR_BUS_SEQUENCE,,00000000,0002BE,81AEE6,V02C_MATRIX_PLUS_PINNED_MESEN_CPU_SOURCE_ORDER_NO_GAMEPLAY
V05C001634,81:AEE9:E0M1X1,040D774B,81,AEE9,0,1,1,BC,LDY,ABS_X,3,BC3B0E,NATIVE_BODY,NATIVE_BODY,4,5,INDEX_PAGE_CROSS:+1,3,0,1,0,0,0,0,0,0,1,INDEX_SEQUENCE,DYN_INDEX_PRE_DATA_IDLE,00000002,000E3B,81AEE9,V02C_MATRIX_PLUS_PINNED_MESEN_CPU_SOURCE_ORDER_NO_GAMEPLAY
V05C001635,81:AEEC:E0M1X1,040D7763,81,AEEC,0,1,1,B9,LDA,ABS_Y,3,B91EAF,NATIVE_BODY,NATIVE_BODY,4,5,INDEX_PAGE_CROSS:+1,3,0,1,0,0,0,0,0,0,1,INDEX_SEQUENCE,DYN_INDEX_PRE_DATA_IDLE,00000002,00AF1E,81AEEC,V02C_MATRIX_PLUS_PINNED_MESEN_CPU_SOURCE_ORDER_NO_GAMEPLAY
V05C001636,81:AEEF:E0M1X1,040D777B,81,AEEF,0,1,1,8D,STA,ABS,3,8DBF02,NATIVE_BODY,NATIVE_BODY,4,4,NONE,3,0,0,1,0,0,0,0,0,0,LINEAR_BUS_SEQUENCE,,00000000,0002BF,81AEEF,V02C_MATRIX_PLUS_PINNED_MESEN_CPU_SOURCE_ORDER_NO_GAMEPLAY
V05C001637,81:AEF2:E0M1X1,040D7793,81,AEF2,0,1,1,60,RTS,IMP,1,60,NATIVE_BODY,NATIVE_BODY,6,6,NONE,1,0,0,0,0,2,0,0,3,0,RETURN_SEQUENCE,RETURN_PRE_IDLE;RETURN_PRE_IDLE;RTS_POST_POP_IDLE,00000180,000000,81AEF2,V02C_MATRIX_PLUS_PINNED_MESEN_CPU_SOURCE_ORDER_NO_GAMEPLAY
V05C001638,81:AEF3:E0M1X1,040D779B,81,AEF3,0,1,1,BD,LDA,ABS_X,3,BD9C02,NATIVE_BODY,NATIVE_BODY,4,5,INDEX_PAGE_CROSS:+1,3,0,1,0,0,0,0,0,0,1,INDEX_SEQUENCE,DYN_INDEX_PRE_DATA_IDLE,00000002,00029C,81AEF3,V02C_MATRIX_PLUS_PINNED_MESEN_CPU_SOURCE_ORDER_NO_GAMEPLAY
V05C001639,81:AEF6:E0M1X1,040D77B3,81,AEF6,0,1,1,8D,STA,ABS,3,8DB002,NATIVE_BODY,NATIVE_BODY,4,4,NONE,3,0,0,1,0,0,0,0,0,0,LINEAR_BUS_SEQUENCE,,00000000,0002B0,81AEF6,V02C_MATRIX_PLUS_PINNED_MESEN_CPU_SOURCE_ORDER_NO_GAMEPLAY
V05C001640,81:AEF9:E0M1X1,040D77CB,81,AEF9,0,1,1,BD,LDA,ABS_X,3,BDA002,NATIVE_BODY,NATIVE_BODY,4,5,INDEX_PAGE_CROSS:+1,3,0,1,0,0,0,0,0,0,1,INDEX_SEQUENCE,DYN_INDEX_PRE_DATA_IDLE,00000002,0002A0,81AEF9,V02C_MATRIX_PLUS_PINNED_MESEN_CPU_SOURCE_ORDER_NO_GAMEPLAY
V05C001641,81:AEFC:E0M1X1,040D77E3,81,AEFC,0,1,1,8D,STA,ABS,3,8DF20D,NATIVE_BODY,NATIVE_BODY,4,4,NONE,3,0,0,1,0,0,0,0,0,0,LINEAR_BUS_SEQUENCE,,00000000,000DF2,81AEFC,V02C_MATRIX_PLUS_PINNED_MESEN_CPU_SOURCE_ORDER_NO_GAMEPLAY
V05C001642,81:AEFF:E0M1X1,040D77FB,81,AEFF,0,1,1,8D,STA,ABS,3,8DF50D,NATIVE_BODY,NATIVE_BODY,4,4,NONE,3,0,0,1,0,0,0,0,0,0,LINEAR_BUS_SEQUENCE,,00000000,000DF5,81AEFF,V02C_MATRIX_PLUS_PINNED_MESEN_CPU_SOURCE_ORDER_NO_GAMEPLAY
V05C001643,81:AF02:E0M1X1,040D7813,81,AF02,0,1,1,BD,LDA,ABS_X,3,BDA202,NATIVE_BODY,NATIVE_BODY,4,5,INDEX_PAGE_CROSS:+1,3,0,1,0,0,0,0,0,0,1,INDEX_SEQUENCE,DYN_INDEX_PRE_DATA_IDLE,00000002,0002A2,81AF02,V02C_MATRIX_PLUS_PINNED_MESEN_CPU_SOURCE_ORDER_NO_GAMEPLAY
V05C001644,81:AF05:E0M1X1,040D782B,81,AF05,0,1,1,8D,STA,ABS,3,8D2D0E,NATIVE_BODY,NATIVE_BODY,4,4,NONE,3,0,0,1,0,0,0,0,0,0,LINEAR_BUS_SEQUENCE,,00000000,000E2D,81AF05,V02C_MATRIX_PLUS_PINNED_MESEN_CPU_SOURCE_ORDER_NO_GAMEPLAY
V05C001645,81:AF08:E0M1X1,040D7843,81,AF08,0,1,1,8D,STA,ABS,3,8D300E,NATIVE_BODY,NATIVE_BODY,4,4,NONE,3,0,0,1,0,0,0,0,0,0,LINEAR_BUS_SEQUENCE,,00000000,000E30,81AF08,V02C_MATRIX_PLUS_PINNED_MESEN_CPU_SOURCE_ORDER_NO_GAMEPLAY
V05C001646,81:AF0B:E0M1X1,040D785B,81,AF0B,0,1,1,60,RTS,IMP,1,60,NATIVE_BODY,NATIVE_BODY,6,6,NONE,1,0,0,0,0,2,0,0,3,0,RETURN_SEQUENCE,RETURN_PRE_IDLE;RETURN_PRE_IDLE;RTS_POST_POP_IDLE,00000180,000000,81AF0B,V02C_MATRIX_PLUS_PINNED_MESEN_CPU_SOURCE_ORDER_NO_GAMEPLAY
V05C001647,81:AF2F:E0M1X1,040D797B,81,AF2F,0,1,1,9C,STZ,ABS,3,9C4102,NATIVE_BODY,NATIVE_BODY,4,4,NONE,3,0,0,1,0,0,0,0,0,0,LINEAR_BUS_SEQUENCE,,00000000,000241,81AF2F,V02C_MATRIX_PLUS_PINNED_MESEN_CPU_SOURCE_ORDER_NO_GAMEPLAY
V05C001648,81:AF32:E0M1X1,040D7993,81,AF32,0,1,1,9C,STZ,ABS,3,9C4202,NATIVE_BODY,NATIVE_BODY,4,4,NONE,3,0,0,1,0,0,0,0,0,0,LINEAR_BUS_SEQUENCE,,00000000,000242,81AF32,V02C_MATRIX_PLUS_PINNED_MESEN_CPU_SOURCE_ORDER_NO_GAMEPLAY
V05C001649,81:AF35:E0M1X1,040D79AB,81,AF35,0,1,1,AD,LDA,ABS,3,AD1C03,NATIVE_BODY,NATIVE_BODY,4,4,NONE,3,0,1,0,0,0,0,0,0,0,LINEAR_BUS_SEQUENCE,,00000000,00031C,81AF35,V02C_MATRIX_PLUS_PINNED_MESEN_CPU_SOURCE_ORDER_NO_GAMEPLAY
V05C001650,81:AF38:E0M1X1,040D79C3,81,AF38,0,1,1,F0,BEQ,REL8,2,F006,NATIVE_BODY,NATIVE_BODY,2,3,BRANCH_TAKEN:+1,2,0,0,0,0,0,0,0,0,1,BRANCH_SEQUENCE,DYN_BRANCH_TAKEN_POST_IDLE,00000004,000006,81AF38,V02C_MATRIX_PLUS_PINNED_MESEN_CPU_SOURCE_ORDER_NO_GAMEPLAY
V05C001651,81:AF3A:E0M1X1,040D79D3,81,AF3A,0,1,1,AD,LDA,ABS,3,AD3C03,NATIVE_BODY,NATIVE_BODY,4,4,NONE,3,0,1,0,0,0,0,0,0,0,LINEAR_BUS_SEQUENCE,,00000000,00033C,81AF3A,V02C_MATRIX_PLUS_PINNED_MESEN_CPU_SOURCE_ORDER_NO_GAMEPLAY
V05C001652,81:AF3D:E0M1X1,040D79EB,81,AF3D,0,1,1,F0,BEQ,REL8,2,F001,NATIVE_BODY,NATIVE_BODY,2,3,BRANCH_TAKEN:+1,2,0,0,0,0,0,0,0,0,1,BRANCH_SEQUENCE,DYN_BRANCH_TAKEN_POST_IDLE,00000004,000001,81AF3D,V02C_MATRIX_PLUS_PINNED_MESEN_CPU_SOURCE_ORDER_NO_GAMEPLAY
V05C001653,81:AF3F:E0M1X1,040D79FB,81,AF3F,0,1,1,60,RTS,IMP,1,60,NATIVE_BODY,NATIVE_BODY,6,6,NONE,1,0,0,0,0,2,0,0,3,0,RETURN_SEQUENCE,RETURN_PRE_IDLE;RETURN_PRE_IDLE;RTS_POST_POP_IDLE,00000180,000000,81AF3F,V02C_MATRIX_PLUS_PINNED_MESEN_CPU_SOURCE_ORDER_NO_GAMEPLAY
V05C001654,81:AF40:E0M1X1,040D7A03,81,AF40,0,1,1,20,JSR,ABS_JUMP,3,20469C,NATIVE_BODY,NATIVE_BODY,6,6,NONE,3,0,0,0,0,0,2,0,1,0,FIXED_IDLE_SEQUENCE,JSR_PRE_STACK_IDLE,00000020,009C46,81AF40,V02C_MATRIX_PLUS_PINNED_MESEN_CPU_SOURCE_ORDER_NO_GAMEPLAY
V05C001655,81:AF43:E0M1X1,040D7A1B,81,AF43,0,1,1,A9,LDA,IMM_M,2,A900,NATIVE_BODY,NATIVE_BODY,2,2,NONE,2,0,0,0,0,0,0,0,0,0,LINEAR_BUS_SEQUENCE,,00000000,000000,81AF43,V02C_MATRIX_PLUS_PINNED_MESEN_CPU_SOURCE_ORDER_NO_GAMEPLAY
V05C001656,81:AF45:E0M1X1,040D7A2B,81,AF45,0,1,1,8D,STA,ABS,3,8D5B03,NATIVE_BODY,NATIVE_BODY,4,4,NONE,3,0,0,1,0,0,0,0,0,0,LINEAR_BUS_SEQUENCE,,00000000,00035B,81AF45,V02C_MATRIX_PLUS_PINNED_MESEN_CPU_SOURCE_ORDER_NO_GAMEPLAY
V05C001657,81:AF48:E0M1X1,040D7A43,81,AF48,0,1,1,A9,LDA,IMM_M,2,A908,NATIVE_BODY,NATIVE_BODY,2,2,NONE,2,0,0,0,0,0,0,0,0,0,LINEAR_BUS_SEQUENCE,,00000000,000008,81AF48,V02C_MATRIX_PLUS_PINNED_MESEN_CPU_SOURCE_ORDER_NO_GAMEPLAY
V05C001658,81:AF4A:E0M1X1,040D7A53,81,AF4A,0,1,1,8D,STA,ABS,3,8D5C03,NATIVE_BODY,NATIVE_BODY,4,4,NONE,3,0,0,1,0,0,0,0,0,0,LINEAR_BUS_SEQUENCE,,00000000,00035C,81AF4A,V02C_MATRIX_PLUS_PINNED_MESEN_CPU_SOURCE_ORDER_NO_GAMEPLAY
V05C001659,81:AF4D:E0M1X1,040D7A6B,81,AF4D,0,1,1,A9,LDA,IMM_M,2,A909,NATIVE_BODY,NATIVE_BODY,2,2,NONE,2,0,0,0,0,0,0,0,0,0,LINEAR_BUS_SEQUENCE,,00000000,000009,81AF4D,V02C_MATRIX_PLUS_PINNED_MESEN_CPU_SOURCE_ORDER_NO_GAMEPLAY
V05C001660,81:AF4F:E0M1X1,040D7A7B,81,AF4F,0,1,1,8D,STA,ABS,3,8D0921,NATIVE_BODY,NATIVE_BODY,4,4,NONE,3,0,0,1,0,0,0,0,0,0,LINEAR_BUS_SEQUENCE,,00000000,002109,81AF4F,V02C_MATRIX_PLUS_PINNED_MESEN_CPU_SOURCE_ORDER_NO_GAMEPLAY
V05C001661,81:AF52:E0M1X1,040D7A93,81,AF52,0,1,1,A9,LDA,IMM_M,2,A981,NATIVE_BODY,NATIVE_BODY,2,2,NONE,2,0,0,0,0,0,0,0,0,0,LINEAR_BUS_SEQUENCE,,00000000,000081,81AF52,V02C_MATRIX_PLUS_PINNED_MESEN_CPU_SOURCE_ORDER_NO_GAMEPLAY
V05C001662,81:AF54:E0M1X1,040D7AA3,81,AF54,0,1,1,20,JSR,ABS_JUMP,3,20B19D,NATIVE_BODY,NATIVE_BODY,6,6,NONE,3,0,0,0,0,0,2,0,1,0,FIXED_IDLE_SEQUENCE,JSR_PRE_STACK_IDLE,00000020,009DB1,81AF54,V02C_MATRIX_PLUS_PINNED_MESEN_CPU_SOURCE_ORDER_NO_GAMEPLAY
V05C001663,81:AF57:E0M1X1,040D7ABB,81,AF57,0,1,1,9C,STZ,ABS,3,9CCD02,NATIVE_BODY,NATIVE_BODY,4,4,NONE,3,0,0,1,0,0,0,0,0,0,LINEAR_BUS_SEQUENCE,,00000000,0002CD,81AF57,V02C_MATRIX_PLUS_PINNED_MESEN_CPU_SOURCE_ORDER_NO_GAMEPLAY
V05C001664,81:AF5A:E0M1X1,040D7AD3,81,AF5A,0,1,1,AD,LDA,ABS,3,ADB713,NATIVE_BODY,NATIVE_BODY,4,4,NONE,3,0,1,0,0,0,0,0,0,0,LINEAR_BUS_SEQUENCE,,00000000,0013B7,81AF5A,V02C_MATRIX_PLUS_PINNED_MESEN_CPU_SOURCE_ORDER_NO_GAMEPLAY
V05C001665,81:AF5D:E0M1X1,040D7AEB,81,AF5D,0,1,1,8D,STA,ABS,3,8DB813,NATIVE_BODY,NATIVE_BODY,4,4,NONE,3,0,0,1,0,0,0,0,0,0,LINEAR_BUS_SEQUENCE,,00000000,0013B8,81AF5D,V02C_MATRIX_PLUS_PINNED_MESEN_CPU_SOURCE_ORDER_NO_GAMEPLAY
V05C001666,81:AF60:E0M1X1,040D7B03,81,AF60,0,1,1,D0,BNE,REL8,2,D00F,NATIVE_BODY,NATIVE_BODY,2,3,BRANCH_TAKEN:+1,2,0,0,0,0,0,0,0,0,1,BRANCH_SEQUENCE,DYN_BRANCH_TAKEN_POST_IDLE,00000004,00000F,81AF60,V02C_MATRIX_PLUS_PINNED_MESEN_CPU_SOURCE_ORDER_NO_GAMEPLAY
V05C001667,81:AF62:E0M1X1,040D7B13,81,AF62,0,1,1,AD,LDA,ABS,3,AD1C03,NATIVE_BODY,NATIVE_BODY,4,4,NONE,3,0,1,0,0,0,0,0,0,0,LINEAR_BUS_SEQUENCE,,00000000,00031C,81AF62,V02C_MATRIX_PLUS_PINNED_MESEN_CPU_SOURCE_ORDER_NO_GAMEPLAY
V05C001668,81:AF65:E0M1X1,040D7B2B,81,AF65,0,1,1,D0,BNE,REL8,2,D00A,NATIVE_BODY,NATIVE_BODY,2,3,BRANCH_TAKEN:+1,2,0,0,0,0,0,0,0,0,1,BRANCH_SEQUENCE,DYN_BRANCH_TAKEN_POST_IDLE,00000004,00000A,81AF65,V02C_MATRIX_PLUS_PINNED_MESEN_CPU_SOURCE_ORDER_NO_GAMEPLAY
V05C001669,81:AF67:E0M1X1,040D7B3B,81,AF67,0,1,1,AD,LDA,ABS,3,ADFF0B,NATIVE_BODY,NATIVE_BODY,4,4,NONE,3,0,1,0,0,0,0,0,0,0,LINEAR_BUS_SEQUENCE,,00000000,000BFF,81AF67,V02C_MATRIX_PLUS_PINNED_MESEN_CPU_SOURCE_ORDER_NO_GAMEPLAY
V05C001670,81:AF6A:E0M1X1,040D7B53,81,AF6A,0,1,1,C9,CMP,IMM_M,2,C902,NATIVE_BODY,NATIVE_BODY,2,2,NONE,2,0,0,0,0,0,0,0,0,0,LINEAR_BUS_SEQUENCE,,00000000,000002,81AF6A,V02C_MATRIX_PLUS_PINNED_MESEN_CPU_SOURCE_ORDER_NO_GAMEPLAY
V05C001671,81:AF6C:E0M1X1,040D7B63,81,AF6C,0,1,1,D0,BNE,REL8,2,D003,NATIVE_BODY,NATIVE_BODY,2,3,BRANCH_TAKEN:+1,2,0,0,0,0,0,0,0,0,1,BRANCH_SEQUENCE,DYN_BRANCH_TAKEN_POST_IDLE,00000004,000003,81AF6C,V02C_MATRIX_PLUS_PINNED_MESEN_CPU_SOURCE_ORDER_NO_GAMEPLAY
V05C001672,81:AF6E:E0M1X1,040D7B73,81,AF6E,0,1,1,EE,INC,ABS,3,EED002,NATIVE_BODY,NATIVE_BODY,6,6,NONE,3,0,1,1,0,0,0,0,1,0,RMW_SEQUENCE,RMW_INTERMEDIATE_IDLE,00010000,0002D0,81AF6E,V02C_MATRIX_PLUS_PINNED_MESEN_CPU_SOURCE_ORDER_NO_GAMEPLAY
V05C001673,81:AF71:E0M1X1,040D7B8B,81,AF71,0,1,1,C2,REP,IMM8,2,C230,NATIVE_BODY,NATIVE_BODY,3,3,NONE,2,0,0,0,0,0,0,0,1,0,FIXED_IDLE_SEQUENCE,STATUS_PRE_IDLE,00002000,000030,81AF71,V02C_MATRIX_PLUS_PINNED_MESEN_CPU_SOURCE_ORDER_NO_GAMEPLAY
V05C001674,81:AF73:E0M0X0,040D7B98,81,AF73,0,0,0,A9,LDA,IMM_M,3,A93B00,NATIVE_BODY,NATIVE_BODY,3,3,NONE,3,0,0,0,0,0,0,0,0,0,LINEAR_BUS_SEQUENCE,,00000000,00003B,81AF73,V02C_MATRIX_PLUS_PINNED_MESEN_CPU_SOURCE_ORDER_NO_GAMEPLAY
V05C001675,81:AF76:E0M0X0,040D7BB0,81,AF76,0,0,0,22,JSL,ABSL_JUMP,4,229B8380,NATIVE_BODY,NATIVE_BODY,8,8,NONE,4,0,0,0,0,0,3,0,1,0,JSL_DEFERRED_BANK_FETCH,JSL_AFTER_PBR_PUSH_IDLE,00000010,80839B,81AF76,V02C_MATRIX_PLUS_PINNED_MESEN_CPU_SOURCE_ORDER_NO_GAMEPLAY
V05C001676,81:AF7A:E0M0X0,040D7BD0,81,AF7A,0,0,0,A9,LDA,IMM_M,3,A93C00,NATIVE_BODY,NATIVE_BODY,3,3,NONE,3,0,0,0,0,0,0,0,0,0,LINEAR_BUS_SEQUENCE,,00000000,00003C,81AF7A,V02C_MATRIX_PLUS_PINNED_MESEN_CPU_SOURCE_ORDER_NO_GAMEPLAY
V05C001677,81:AF7D:E0M0X0,040D7BE8,81,AF7D,0,0,0,A2,LDX,IMM_X,3,A20020,NATIVE_BODY,NATIVE_BODY,3,3,NONE,3,0,0,0,0,0,0,0,0,0,LINEAR_BUS_SEQUENCE,,00000000,002000,81AF7D,V02C_MATRIX_PLUS_PINNED_MESEN_CPU_SOURCE_ORDER_NO_GAMEPLAY
V05C001678,81:AF80:E0M0X0,040D7C00,81,AF80,0,0,0,22,JSL,ABSL_JUMP,4,22F78280,NATIVE_BODY,NATIVE_BODY,8,8,NONE,4,0,0,0,0,0,3,0,1,0,JSL_DEFERRED_BANK_FETCH,JSL_AFTER_PBR_PUSH_IDLE,00000010,8082F7,81AF80,V02C_MATRIX_PLUS_PINNED_MESEN_CPU_SOURCE_ORDER_NO_GAMEPLAY
V05C001679,81:AF84:E0M0X0,040D7C20,81,AF84,0,0,0,A9,LDA,IMM_M,3,A90000,NATIVE_BODY,NATIVE_BODY,3,3,NONE,3,0,0,0,0,0,0,0,0,0,LINEAR_BUS_SEQUENCE,,00000000,000000,81AF84,V02C_MATRIX_PLUS_PINNED_MESEN_CPU_SOURCE_ORDER_NO_GAMEPLAY
V05C001680,81:AF87:E0M0X0,040D7C38,81,AF87,0,0,0,8F,STA,ABS_LONG,4,8F00207E,NATIVE_BODY,NATIVE_BODY,6,6,NONE,4,0,0,2,0,0,0,0,0,0,LINEAR_BUS_SEQUENCE,,00000000,7E2000,81AF87,V02C_MATRIX_PLUS_PINNED_MESEN_CPU_SOURCE_ORDER_NO_GAMEPLAY
V05C001681,81:AF8B:E0M0X0,040D7C58,81,AF8B,0,0,0,A0,LDY,IMM_X,3,A00040,NATIVE_BODY,NATIVE_BODY,3,3,NONE,3,0,0,0,0,0,0,0,0,0,LINEAR_BUS_SEQUENCE,,00000000,004000,81AF8B,V02C_MATRIX_PLUS_PINNED_MESEN_CPU_SOURCE_ORDER_NO_GAMEPLAY
V05C001682,81:AF8E:E0M0X0,040D7C70,81,AF8E,0,0,0,A9,LDA,IMM_M,3,A91800,NATIVE_BODY,NATIVE_BODY,3,3,NONE,3,0,0,0,0,0,0,0,0,0,LINEAR_BUS_SEQUENCE,,00000000,000018,81AF8E,V02C_MATRIX_PLUS_PINNED_MESEN_CPU_SOURCE_ORDER_NO_GAMEPLAY
V05C001683,81:AF91:E0M0X0,040D7C88,81,AF91,0,0,0,22,JSL,ABSL_JUMP,4,225B8380,NATIVE_BODY,NATIVE_BODY,8,8,NONE,4,0,0,0,0,0,3,0,1,0,JSL_DEFERRED_BANK_FETCH,JSL_AFTER_PBR_PUSH_IDLE,00000010,80835B,81AF91,V02C_MATRIX_PLUS_PINNED_MESEN_CPU_SOURCE_ORDER_NO_GAMEPLAY
V05C001684,81:B669:E0M1X1,040DB34B,81,B669,0,1,1,0A,ASL,ACC,1,0A,NATIVE_BODY,NATIVE_BODY,2,2,NONE,1,0,0,0,0,0,0,0,1,0,FIXED_IDLE_SEQUENCE,IMPLIED_PRE_IDLE,00000800,000000,81B669,V02C_MATRIX_PLUS_PINNED_MESEN_CPU_SOURCE_ORDER_NO_GAMEPLAY
V05C001685,81:B66A:E0M1X1,040DB353,81,B66A,0,1,1,0A,ASL,ACC,1,0A,NATIVE_BODY,NATIVE_BODY,2,2,NONE,1,0,0,0,0,0,0,0,1,0,FIXED_IDLE_SEQUENCE,IMPLIED_PRE_IDLE,00000800,000000,81B66A,V02C_MATRIX_PLUS_PINNED_MESEN_CPU_SOURCE_ORDER_NO_GAMEPLAY
V05C001686,81:B66B:E0M1X1,040DB35B,81,B66B,0,1,1,A8,TAY,IMP,1,A8,NATIVE_BODY,NATIVE_BODY,2,2,NONE,1,0,0,0,0,0,0,0,1,0,FIXED_IDLE_SEQUENCE,IMPLIED_PRE_IDLE,00000800,000000,81B66B,V02C_MATRIX_PLUS_PINNED_MESEN_CPU_SOURCE_ORDER_NO_GAMEPLAY
V05C001687,81:B66C:E0M1X1,040DB363,81,B66C,0,1,1,C2,REP,IMM8,2,C220,NATIVE_BODY,NATIVE_BODY,3,3,NONE,2,0,0,0,0,0,0,0,1,0,FIXED_IDLE_SEQUENCE,STATUS_PRE_IDLE,00002000,000020,81B66C,V02C_MATRIX_PLUS_PINNED_MESEN_CPU_SOURCE_ORDER_NO_GAMEPLAY
V05C001688,81:B66E:E0M0X1,040DB371,81,B66E,0,0,1,B9,LDA,ABS_Y,3,B9060E,NATIVE_BODY,NATIVE_BODY,5,6,INDEX_PAGE_CROSS:+1,3,0,2,0,0,0,0,0,0,1,INDEX_SEQUENCE,DYN_INDEX_PRE_DATA_IDLE,00000002,000E06,81B66E,V02C_MATRIX_PLUS_PINNED_MESEN_CPU_SOURCE_ORDER_NO_GAMEPLAY
V05C001689,81:B671:E0M0X1,040DB389,81,B671,0,0,1,8D,STA,ABS,3,8DBB13,NATIVE_BODY,NATIVE_BODY,5,5,NONE,3,0,0,2,0,0,0,0,0,0,LINEAR_BUS_SEQUENCE,,00000000,0013BB,81B671,V02C_MATRIX_PLUS_PINNED_MESEN_CPU_SOURCE_ORDER_NO_GAMEPLAY
V05C001690,81:B674:E0M0X1,040DB3A1,81,B674,0,0,1,B9,LDA,ABS_Y,3,B9080E,NATIVE_BODY,NATIVE_BODY,5,6,INDEX_PAGE_CROSS:+1,3,0,2,0,0,0,0,0,0,1,INDEX_SEQUENCE,DYN_INDEX_PRE_DATA_IDLE,00000002,000E08,81B674,V02C_MATRIX_PLUS_PINNED_MESEN_CPU_SOURCE_ORDER_NO_GAMEPLAY
V05C001691,81:B677:E0M0X1,040DB3B9,81,B677,0,0,1,8D,STA,ABS,3,8DBD13,NATIVE_BODY,NATIVE_BODY,5,5,NONE,3,0,0,2,0,0,0,0,0,0,LINEAR_BUS_SEQUENCE,,00000000,0013BD,81B677,V02C_MATRIX_PLUS_PINNED_MESEN_CPU_SOURCE_ORDER_NO_GAMEPLAY
V05C001692,81:B67A:E0M0X1,040DB3D1,81,B67A,0,0,1,E2,SEP,IMM8,2,E220,NATIVE_BODY,NATIVE_BODY,3,3,NONE,2,0,0,0,0,0,0,0,1,0,FIXED_IDLE_SEQUENCE,STATUS_PRE_IDLE,00002000,000020,81B67A,V02C_MATRIX_PLUS_PINNED_MESEN_CPU_SOURCE_ORDER_NO_GAMEPLAY
V05C001693,81:B67C:E0M1X1,040DB3E3,81,B67C,0,1,1,60,RTS,IMP,1,60,NATIVE_BODY,NATIVE_BODY,6,6,NONE,1,0,0,0,0,2,0,0,3,0,RETURN_SEQUENCE,RETURN_PRE_IDLE;RETURN_PRE_IDLE;RTS_POST_POP_IDLE,00000180,000000,81B67C,V02C_MATRIX_PLUS_PINNED_MESEN_CPU_SOURCE_ORDER_NO_GAMEPLAY
V05C001694,81:B67D:E0M1X1,040DB3EB,81,B67D,0,1,1,0A,ASL,ACC,1,0A,NATIVE_BODY,NATIVE_BODY,2,2,NONE,1,0,0,0,0,0,0,0,1,0,FIXED_IDLE_SEQUENCE,IMPLIED_PRE_IDLE,00000800,000000,81B67D,V02C_MATRIX_PLUS_PINNED_MESEN_CPU_SOURCE_ORDER_NO_GAMEPLAY
V05C001695,81:B67E:E0M1X1,040DB3F3,81,B67E,0,1,1,0A,ASL,ACC,1,0A,NATIVE_BODY,NATIVE_BODY,2,2,NONE,1,0,0,0,0,0,0,0,1,0,FIXED_IDLE_SEQUENCE,IMPLIED_PRE_IDLE,00000800,000000,81B67E,V02C_MATRIX_PLUS_PINNED_MESEN_CPU_SOURCE_ORDER_NO_GAMEPLAY
V05C001696,81:B67F:E0M1X1,040DB3FB,81,B67F,0,1,1,AA,TAX,IMP,1,AA,NATIVE_BODY,NATIVE_BODY,2,2,NONE,1,0,0,0,0,0,0,0,1,0,FIXED_IDLE_SEQUENCE,IMPLIED_PRE_IDLE,00000800,000000,81B67F,V02C_MATRIX_PLUS_PINNED_MESEN_CPU_SOURCE_ORDER_NO_GAMEPLAY
V05C001697,81:B680:E0M1X1,040DB403,81,B680,0,1,1,C2,REP,IMM8,2,C220,NATIVE_BODY,NATIVE_BODY,3,3,NONE,2,0,0,0,0,0,0,0,1,0,FIXED_IDLE_SEQUENCE,STATUS_PRE_IDLE,00002000,000020,81B680,V02C_MATRIX_PLUS_PINNED_MESEN_CPU_SOURCE_ORDER_NO_GAMEPLAY
V05C001698,81:B682:E0M0X1,040DB411,81,B682,0,0,1,AD,LDA,ABS,3,ADBB13,NATIVE_BODY,NATIVE_BODY,5,5,NONE,3,0,2,0,0,0,0,0,0,0,LINEAR_BUS_SEQUENCE,,00000000,0013BB,81B682,V02C_MATRIX_PLUS_PINNED_MESEN_CPU_SOURCE_ORDER_NO_GAMEPLAY
V05C001699,81:B685:E0M0X1,040DB429,81,B685,0,0,1,9D,STA,ABS_X,3,9D060E,NATIVE_BODY,NATIVE_BODY,6,6,NONE,3,0,0,2,0,0,0,0,1,0,INDEX_SEQUENCE,INDEX_FIXED_PRE_DATA_IDLE,00040000,000E06,81B685,V02C_MATRIX_PLUS_PINNED_MESEN_CPU_SOURCE_ORDER_NO_GAMEPLAY
V05C001700,81:B688:E0M0X1,040DB441,81,B688,0,0,1,AD,LDA,ABS,3,ADBD13,NATIVE_BODY,NATIVE_BODY,5,5,NONE,3,0,2,0,0,0,0,0,0,0,LINEAR_BUS_SEQUENCE,,00000000,0013BD,81B688,V02C_MATRIX_PLUS_PINNED_MESEN_CPU_SOURCE_ORDER_NO_GAMEPLAY
V05C001701,81:B68B:E0M0X1,040DB459,81,B68B,0,0,1,9D,STA,ABS_X,3,9D080E,NATIVE_BODY,NATIVE_BODY,6,6,NONE,3,0,0,2,0,0,0,0,1,0,INDEX_SEQUENCE,INDEX_FIXED_PRE_DATA_IDLE,00040000,000E08,81B68B,V02C_MATRIX_PLUS_PINNED_MESEN_CPU_SOURCE_ORDER_NO_GAMEPLAY
V05C001702,81:B68E:E0M0X1,040DB471,81,B68E,0,0,1,E2,SEP,IMM8,2,E220,NATIVE_BODY,NATIVE_BODY,3,3,NONE,2,0,0,0,0,0,0,0,1,0,FIXED_IDLE_SEQUENCE,STATUS_PRE_IDLE,00002000,000020,81B68E,V02C_MATRIX_PLUS_PINNED_MESEN_CPU_SOURCE_ORDER_NO_GAMEPLAY
V05C001703,81:B690:E0M1X1,040DB483,81,B690,0,1,1,60,RTS,IMP,1,60,NATIVE_BODY,NATIVE_BODY,6,6,NONE,1,0,0,0,0,2,0,0,3,0,RETURN_SEQUENCE,RETURN_PRE_IDLE;RETURN_PRE_IDLE;RTS_POST_POP_IDLE,00000180,000000,81B690,V02C_MATRIX_PLUS_PINNED_MESEN_CPU_SOURCE_ORDER_NO_GAMEPLAY
V05C001704,81:BA19:E0M1X1,040DD0CB,81,BA19,0,1,1,C2,REP,IMM8,2,C220,NATIVE_BODY,NATIVE_BODY,3,3,NONE,2,0,0,0,0,0,0,0,1,0,FIXED_IDLE_SEQUENCE,STATUS_PRE_IDLE,00002000,000020,81BA19,V02C_MATRIX_PLUS_PINNED_MESEN_CPU_SOURCE_ORDER_NO_GAMEPLAY
V05C001705,81:BA1B:E0M0X1,040DD0D9,81,BA1B,0,0,1,A9,LDA,IMM_M,3,A90302,NATIVE_BODY,NATIVE_BODY,3,3,NONE,3,0,0,0,0,0,0,0,0,0,LINEAR_BUS_SEQUENCE,,00000000,000203,81BA1B,V02C_MATRIX_PLUS_PINNED_MESEN_CPU_SOURCE_ORDER_NO_GAMEPLAY
V05C001706,81:BA1E:E0M0X1,040DD0F1,81,BA1E,0,0,1,8D,STA,ABS,3,8DA002,NATIVE_BODY,NATIVE_BODY,5,5,NONE,3,0,0,2,0,0,0,0,0,0,LINEAR_BUS_SEQUENCE,,00000000,0002A0,81BA1E,V02C_MATRIX_PLUS_PINNED_MESEN_CPU_SOURCE_ORDER_NO_GAMEPLAY
V05C001707,81:BA21:E0M0X1,040DD109,81,BA21,0,0,1,A9,LDA,IMM_M,3,A90400,NATIVE_BODY,NATIVE_BODY,3,3,NONE,3,0,0,0,0,0,0,0,0,0,LINEAR_BUS_SEQUENCE,,00000000,000004,81BA21,V02C_MATRIX_PLUS_PINNED_MESEN_CPU_SOURCE_ORDER_NO_GAMEPLAY
V05C001708,81:BA24:E0M0X1,040DD121,81,BA24,0,0,1,8D,STA,ABS,3,8DA202,NATIVE_BODY,NATIVE_BODY,5,5,NONE,3,0,0,2,0,0,0,0,0,0,LINEAR_BUS_SEQUENCE,,00000000,0002A2,81BA24,V02C_MATRIX_PLUS_PINNED_MESEN_CPU_SOURCE_ORDER_NO_GAMEPLAY
V05C001709,81:BA27:E0M0X1,040DD139,81,BA27,0,0,1,A9,LDA,IMM_M,3,A90020,NATIVE_BODY,NATIVE_BODY,3,3,NONE,3,0,0,0,0,0,0,0,0,0,LINEAR_BUS_SEQUENCE,,00000000,002000,81BA27,V02C_MATRIX_PLUS_PINNED_MESEN_CPU_SOURCE_ORDER_NO_GAMEPLAY
V05C001710,81:BA2A:E0M0X1,040DD151,81,BA2A,0,0,1,8D,STA,ABS,3,8D060E,NATIVE_BODY,NATIVE_BODY,5,5,NONE,3,0,0,2,0,0,0,0,0,0,LINEAR_BUS_SEQUENCE,,00000000,000E06,81BA2A,V02C_MATRIX_PLUS_PINNED_MESEN_CPU_SOURCE_ORDER_NO_GAMEPLAY
V05C001711,81:BA2D:E0M0X1,040DD169,81,BA2D,0,0,1,8D,STA,ABS,3,8D0A0E,NATIVE_BODY,NATIVE_BODY,5,5,NONE,3,0,0,2,0,0,0,0,0,0,LINEAR_BUS_SEQUENCE,,00000000,000E0A,81BA2D,V02C_MATRIX_PLUS_PINNED_MESEN_CPU_SOURCE_ORDER_NO_GAMEPLAY
V05C001712,81:BA30:E0M0X1,040DD181,81,BA30,0,0,1,9C,STZ,ABS,3,9C080E,NATIVE_BODY,NATIVE_BODY,5,5,NONE,3,0,0,2,0,0,0,0,0,0,LINEAR_BUS_SEQUENCE,,00000000,000E08,81BA30,V02C_MATRIX_PLUS_PINNED_MESEN_CPU_SOURCE_ORDER_NO_GAMEPLAY
V05C001713,81:BA33:E0M0X1,040DD199,81,BA33,0,0,1,9C,STZ,ABS,3,9C0C0E,NATIVE_BODY,NATIVE_BODY,5,5,NONE,3,0,0,2,0,0,0,0,0,0,LINEAR_BUS_SEQUENCE,,00000000,000E0C,81BA33,V02C_MATRIX_PLUS_PINNED_MESEN_CPU_SOURCE_ORDER_NO_GAMEPLAY
V05C001714,81:BA36:E0M0X1,040DD1B1,81,BA36,0,0,1,E2,SEP,IMM8,2,E220,NATIVE_BODY,NATIVE_BODY,3,3,NONE,2,0,0,0,0,0,0,0,1,0,FIXED_IDLE_SEQUENCE,STATUS_PRE_IDLE,00002000,000020,81BA36,V02C_MATRIX_PLUS_PINNED_MESEN_CPU_SOURCE_ORDER_NO_GAMEPLAY
V05C001715,81:BA38:E0M1X1,040DD1C3,81,BA38,0,1,1,20,JSR,ABS_JUMP,3,20469C,NATIVE_BODY,NATIVE_BODY,6,6,NONE,3,0,0,0,0,0,2,0,1,0,FIXED_IDLE_SEQUENCE,JSR_PRE_STACK_IDLE,00000020,009C46,81BA38,V02C_MATRIX_PLUS_PINNED_MESEN_CPU_SOURCE_ORDER_NO_GAMEPLAY
V05C001716,81:BA3B:E0M1X1,040DD1DB,81,BA3B,0,1,1,A9,LDA,IMM_M,2,A900,NATIVE_BODY,NATIVE_BODY,2,2,NONE,2,0,0,0,0,0,0,0,0,0,LINEAR_BUS_SEQUENCE,,00000000,000000,81BA3B,V02C_MATRIX_PLUS_PINNED_MESEN_CPU_SOURCE_ORDER_NO_GAMEPLAY
V05C001717,81:BA3D:E0M1X1,040DD1EB,81,BA3D,0,1,1,8D,STA,ABS,3,8D5B03,NATIVE_BODY,NATIVE_BODY,4,4,NONE,3,0,0,1,0,0,0,0,0,0,LINEAR_BUS_SEQUENCE,,00000000,00035B,81BA3D,V02C_MATRIX_PLUS_PINNED_MESEN_CPU_SOURCE_ORDER_NO_GAMEPLAY
V05C001718,81:BA40:E0M1X1,040DD203,81,BA40,0,1,1,A9,LDA,IMM_M,2,A908,NATIVE_BODY,NATIVE_BODY,2,2,NONE,2,0,0,0,0,0,0,0,0,0,LINEAR_BUS_SEQUENCE,,00000000,000008,81BA40,V02C_MATRIX_PLUS_PINNED_MESEN_CPU_SOURCE_ORDER_NO_GAMEPLAY
V05C001719,81:BA42:E0M1X1,040DD213,81,BA42,0,1,1,8D,STA,ABS,3,8D5C03,NATIVE_BODY,NATIVE_BODY,4,4,NONE,3,0,0,1,0,0,0,0,0,0,LINEAR_BUS_SEQUENCE,,00000000,00035C,81BA42,V02C_MATRIX_PLUS_PINNED_MESEN_CPU_SOURCE_ORDER_NO_GAMEPLAY
V05C001720,81:BA45:E0M1X1,040DD22B,81,BA45,0,1,1,A9,LDA,IMM_M,2,A909,NATIVE_BODY,NATIVE_BODY,2,2,NONE,2,0,0,0,0,0,0,0,0,0,LINEAR_BUS_SEQUENCE,,00000000,000009,81BA45,V02C_MATRIX_PLUS_PINNED_MESEN_CPU_SOURCE_ORDER_NO_GAMEPLAY
V05C001721,81:BA47:E0M1X1,040DD23B,81,BA47,0,1,1,8D,STA,ABS,3,8D0921,NATIVE_BODY,NATIVE_BODY,4,4,NONE,3,0,0,1,0,0,0,0,0,0,LINEAR_BUS_SEQUENCE,,00000000,002109,81BA47,V02C_MATRIX_PLUS_PINNED_MESEN_CPU_SOURCE_ORDER_NO_GAMEPLAY
V05C001722,81:BA4A:E0M1X1,040DD253,81,BA4A,0,1,1,A9,LDA,IMM_M,2,A981,NATIVE_BODY,NATIVE_BODY,2,2,NONE,2,0,0,0,0,0,0,0,0,0,LINEAR_BUS_SEQUENCE,,00000000,000081,81BA4A,V02C_MATRIX_PLUS_PINNED_MESEN_CPU_SOURCE_ORDER_NO_GAMEPLAY
V05C001723,81:BA4C:E0M1X1,040DD263,81,BA4C,0,1,1,20,JSR,ABS_JUMP,3,20B19D,NATIVE_BODY,NATIVE_BODY,6,6,NONE,3,0,0,0,0,0,2,0,1,0,FIXED_IDLE_SEQUENCE,JSR_PRE_STACK_IDLE,00000020,009DB1,81BA4C,V02C_MATRIX_PLUS_PINNED_MESEN_CPU_SOURCE_ORDER_NO_GAMEPLAY
V05C001724,81:BA4F:E0M1X1,040DD27B,81,BA4F,0,1,1,C2,REP,IMM8,2,C230,NATIVE_BODY,NATIVE_BODY,3,3,NONE,2,0,0,0,0,0,0,0,1,0,FIXED_IDLE_SEQUENCE,STATUS_PRE_IDLE,00002000,000030,81BA4F,V02C_MATRIX_PLUS_PINNED_MESEN_CPU_SOURCE_ORDER_NO_GAMEPLAY
V05C001725,81:BA51:E0M0X0,040DD288,81,BA51,0,0,0,20,JSR,ABS_JUMP,3,20A9BD,NATIVE_BODY,NATIVE_BODY,6,6,NONE,3,0,0,0,0,0,2,0,1,0,FIXED_IDLE_SEQUENCE,JSR_PRE_STACK_IDLE,00000020,00BDA9,81BA51,V02C_MATRIX_PLUS_PINNED_MESEN_CPU_SOURCE_ORDER_NO_GAMEPLAY
V05C001726,81:BA54:E0M0X0,040DD2A0,81,BA54,0,0,0,A9,LDA,IMM_M,3,A96400,NATIVE_BODY,NATIVE_BODY,3,3,NONE,3,0,0,0,0,0,0,0,0,0,LINEAR_BUS_SEQUENCE,,00000000,000064,81BA54,V02C_MATRIX_PLUS_PINNED_MESEN_CPU_SOURCE_ORDER_NO_GAMEPLAY
V05C001727,81:BA57:E0M0X0,040DD2B8,81,BA57,0,0,0,A2,LDX,IMM_X,3,A21800,NATIVE_BODY,NATIVE_BODY,3,3,NONE,3,0,0,0,0,0,0,0,0,0,LINEAR_BUS_SEQUENCE,,00000000,000018,81BA57,V02C_MATRIX_PLUS_PINNED_MESEN_CPU_SOURCE_ORDER_NO_GAMEPLAY
V05C001728,81:BA5A:E0M0X0,040DD2D0,81,BA5A,0,0,0,A0,LDY,IMM_X,3,A01900,NATIVE_BODY,NATIVE_BODY,3,3,NONE,3,0,0,0,0,0,0,0,0,0,LINEAR_BUS_SEQUENCE,,00000000,000019,81BA5A,V02C_MATRIX_PLUS_PINNED_MESEN_CPU_SOURCE_ORDER_NO_GAMEPLAY
V05C001729,81:BA5D:E0M0X0,040DD2E8,81,BA5D,0,0,0,20,JSR,ABS_JUMP,3,20729D,NATIVE_BODY,NATIVE_BODY,6,6,NONE,3,0,0,0,0,0,2,0,1,0,FIXED_IDLE_SEQUENCE,JSR_PRE_STACK_IDLE,00000020,009D72,81BA5D,V02C_MATRIX_PLUS_PINNED_MESEN_CPU_SOURCE_ORDER_NO_GAMEPLAY
V05C001730,81:BDA9:E0M0X0,040DED48,81,BDA9,0,0,0,9C,STZ,ABS,3,9CD802,NATIVE_BODY,NATIVE_BODY,5,5,NONE,3,0,0,2,0,0,0,0,0,0,LINEAR_BUS_SEQUENCE,,00000000,0002D8,81BDA9,V02C_MATRIX_PLUS_PINNED_MESEN_CPU_SOURCE_ORDER_NO_GAMEPLAY
V05C001731,81:BDAC:E0M0X0,040DED60,81,BDAC,0,0,0,9C,STZ,ABS,3,9CCD02,NATIVE_BODY,NATIVE_BODY,5,5,NONE,3,0,0,2,0,0,0,0,0,0,LINEAR_BUS_SEQUENCE,,00000000,0002CD,81BDAC,V02C_MATRIX_PLUS_PINNED_MESEN_CPU_SOURCE_ORDER_NO_GAMEPLAY
V05C001732,81:BDAF:E0M0X0,040DED78,81,BDAF,0,0,0,9C,STZ,ABS,3,9CCF02,NATIVE_BODY,NATIVE_BODY,5,5,NONE,3,0,0,2,0,0,0,0,0,0,LINEAR_BUS_SEQUENCE,,00000000,0002CF,81BDAF,V02C_MATRIX_PLUS_PINNED_MESEN_CPU_SOURCE_ORDER_NO_GAMEPLAY
V05C001733,81:BDB2:E0M0X0,040DED90,81,BDB2,0,0,0,A2,LDX,IMM_X,3,A20100,NATIVE_BODY,NATIVE_BODY,3,3,NONE,3,0,0,0,0,0,0,0,0,0,LINEAR_BUS_SEQUENCE,,00000000,000001,81BDB2,V02C_MATRIX_PLUS_PINNED_MESEN_CPU_SOURCE_ORDER_NO_GAMEPLAY
V05C001734,81:BDB5:E0M0X0,040DEDA8,81,BDB5,0,0,0,AD,LDA,ABS,3,ADFF0B,NATIVE_BODY,NATIVE_BODY,5,5,NONE,3,0,2,0,0,0,0,0,0,0,LINEAR_BUS_SEQUENCE,,00000000,000BFF,81BDB5,V02C_MATRIX_PLUS_PINNED_MESEN_CPU_SOURCE_ORDER_NO_GAMEPLAY
V05C001735,81:BDB8:E0M0X0,040DEDC0,81,BDB8,0,0,0,29,AND,IMM_M,3,29FF00,NATIVE_BODY,NATIVE_BODY,3,3,NONE,3,0,0,0,0,0,0,0,0,0,LINEAR_BUS_SEQUENCE,,00000000,0000FF,81BDB8,V02C_MATRIX_PLUS_PINNED_MESEN_CPU_SOURCE_ORDER_NO_GAMEPLAY
V05C001736,81:BDBB:E0M0X0,040DEDD8,81,BDBB,0,0,0,C9,CMP,IMM_M,3,C90200,NATIVE_BODY,NATIVE_BODY,3,3,NONE,3,0,0,0,0,0,0,0,0,0,LINEAR_BUS_SEQUENCE,,00000000,000002,81BDBB,V02C_MATRIX_PLUS_PINNED_MESEN_CPU_SOURCE_ORDER_NO_GAMEPLAY
V05C001737,81:BDBE:E0M0X0,040DEDF0,81,BDBE,0,0,0,F0,BEQ,REL8,2,F007,NATIVE_BODY,NATIVE_BODY,2,3,BRANCH_TAKEN:+1,2,0,0,0,0,0,0,0,0,1,BRANCH_SEQUENCE,DYN_BRANCH_TAKEN_POST_IDLE,00000004,000007,81BDBE,V02C_MATRIX_PLUS_PINNED_MESEN_CPU_SOURCE_ORDER_NO_GAMEPLAY
V05C001738,81:BDC0:E0M0X0,040DEE00,81,BDC0,0,0,0,9C,STZ,ABS,3,9CD402,NATIVE_BODY,NATIVE_BODY,5,5,NONE,3,0,0,2,0,0,0,0,0,0,LINEAR_BUS_SEQUENCE,,00000000,0002D4,81BDC0,V02C_MATRIX_PLUS_PINNED_MESEN_CPU_SOURCE_ORDER_NO_GAMEPLAY
V05C001739,81:BDC3:E0M0X0,040DEE18,81,BDC3,0,0,0,8E,STX,ABS,3,8EDC02,NATIVE_BODY,NATIVE_BODY,5,5,NONE,3,0,0,2,0,0,0,0,0,0,LINEAR_BUS_SEQUENCE,,00000000,0002DC,81BDC3,V02C_MATRIX_PLUS_PINNED_MESEN_CPU_SOURCE_ORDER_NO_GAMEPLAY
V05C001740,81:BDC6:E0M0X0,040DEE30,81,BDC6,0,0,0,60,RTS,IMP,1,60,NATIVE_BODY,NATIVE_BODY,6,6,NONE,1,0,0,0,0,2,0,0,3,0,RETURN_SEQUENCE,RETURN_PRE_IDLE;RETURN_PRE_IDLE;RTS_POST_POP_IDLE,00000180,000000,81BDC6,V02C_MATRIX_PLUS_PINNED_MESEN_CPU_SOURCE_ORDER_NO_GAMEPLAY
V05C001741,81:BDC7:E0M0X0,040DEE38,81,BDC7,0,0,0,8E,STX,ABS,3,8ED402,NATIVE_BODY,NATIVE_BODY,5,5,NONE,3,0,0,2,0,0,0,0,0,0,LINEAR_BUS_SEQUENCE,,00000000,0002D4,81BDC7,V02C_MATRIX_PLUS_PINNED_MESEN_CPU_SOURCE_ORDER_NO_GAMEPLAY
V05C001742,81:BDCA:E0M0X0,040DEE50,81,BDCA,0,0,0,9C,STZ,ABS,3,9CDC02,NATIVE_BODY,NATIVE_BODY,5,5,NONE,3,0,0,2,0,0,0,0,0,0,LINEAR_BUS_SEQUENCE,,00000000,0002DC,81BDCA,V02C_MATRIX_PLUS_PINNED_MESEN_CPU_SOURCE_ORDER_NO_GAMEPLAY
V05C001743,81:BDCD:E0M0X0,040DEE68,81,BDCD,0,0,0,60,RTS,IMP,1,60,NATIVE_BODY,NATIVE_BODY,6,6,NONE,1,0,0,0,0,2,0,0,3,0,RETURN_SEQUENCE,RETURN_PRE_IDLE;RETURN_PRE_IDLE;RTS_POST_POP_IDLE,00000180,000000,81BDCD,V02C_MATRIX_PLUS_PINNED_MESEN_CPU_SOURCE_ORDER_NO_GAMEPLAY
V05C001744,81:F454:E0M1X1,040FA2A3,81,F454,0,1,1,22,JSL,ABSL_JUMP,4,2215A480,NATIVE_BODY,NATIVE_BODY,8,8,NONE,4,0,0,0,0,0,3,0,1,0,JSL_DEFERRED_BANK_FETCH,JSL_AFTER_PBR_PUSH_IDLE,00000010,80A415,81F454,V02C_MATRIX_PLUS_PINNED_MESEN_CPU_SOURCE_ORDER_NO_GAMEPLAY
V05C001745,81:F458:E0M1X1,040FA2C3,81,F458,0,1,1,20,JSR,ABS_JUMP,3,20469C,NATIVE_BODY,NATIVE_BODY,6,6,NONE,3,0,0,0,0,0,2,0,1,0,FIXED_IDLE_SEQUENCE,JSR_PRE_STACK_IDLE,00000020,009C46,81F458,V02C_MATRIX_PLUS_PINNED_MESEN_CPU_SOURCE_ORDER_NO_GAMEPLAY
V05C001746,81:F45B:E0M1X1,040FA2DB,81,F45B,0,1,1,A9,LDA,IMM_M,2,A9A0,NATIVE_BODY,NATIVE_BODY,2,2,NONE,2,0,0,0,0,0,0,0,0,0,LINEAR_BUS_SEQUENCE,,00000000,0000A0,81F45B,V02C_MATRIX_PLUS_PINNED_MESEN_CPU_SOURCE_ORDER_NO_GAMEPLAY
V05C001747,81:F45D:E0M1X1,040FA2EB,81,F45D,0,1,1,20,JSR,ABS_JUMP,3,20B19D,NATIVE_BODY,NATIVE_BODY,6,6,NONE,3,0,0,0,0,0,2,0,1,0,FIXED_IDLE_SEQUENCE,JSR_PRE_STACK_IDLE,00000020,009DB1,81F45D,V02C_MATRIX_PLUS_PINNED_MESEN_CPU_SOURCE_ORDER_NO_GAMEPLAY
V05C001748,81:F460:E0M1X1,040FA303,81,F460,0,1,1,A9,LDA,IMM_M,2,A900,NATIVE_BODY,NATIVE_BODY,2,2,NONE,2,0,0,0,0,0,0,0,0,0,LINEAR_BUS_SEQUENCE,,00000000,000000,81F460,V02C_MATRIX_PLUS_PINNED_MESEN_CPU_SOURCE_ORDER_NO_GAMEPLAY
V05C001749,81:F462:E0M1X1,040FA313,81,F462,0,1,1,8F,STA,ABS_LONG,4,8F00207E,NATIVE_BODY,NATIVE_BODY,5,5,NONE,4,0,0,1,0,0,0,0,0,0,LINEAR_BUS_SEQUENCE,,00000000,7E2000,81F462,V02C_MATRIX_PLUS_PINNED_MESEN_CPU_SOURCE_ORDER_NO_GAMEPLAY
V05C001750,81:F466:E0M1X1,040FA333,81,F466,0,1,1,8F,STA,ABS_LONG,4,8F01207E,NATIVE_BODY,NATIVE_BODY,5,5,NONE,4,0,0,1,0,0,0,0,0,0,LINEAR_BUS_SEQUENCE,,00000000,7E2001,81F466,V02C_MATRIX_PLUS_PINNED_MESEN_CPU_SOURCE_ORDER_NO_GAMEPLAY
V05C001751,81:F46A:E0M1X1,040FA353,81,F46A,0,1,1,A9,LDA,IMM_M,2,A90B,NATIVE_BODY,NATIVE_BODY,2,2,NONE,2,0,0,0,0,0,0,0,0,0,LINEAR_BUS_SEQUENCE,,00000000,00000B,81F46A,V02C_MATRIX_PLUS_PINNED_MESEN_CPU_SOURCE_ORDER_NO_GAMEPLAY
V05C001752,81:F46C:E0M1X1,040FA363,81,F46C,0,1,1,8D,STA,ABS,3,8D0521,NATIVE_BODY,NATIVE_BODY,4,4,NONE,3,0,0,1,0,0,0,0,0,0,LINEAR_BUS_SEQUENCE,,00000000,002105,81F46C,V02C_MATRIX_PLUS_PINNED_MESEN_CPU_SOURCE_ORDER_NO_GAMEPLAY
V05C001753,81:F46F:E0M1X1,040FA37B,81,F46F,0,1,1,A9,LDA,IMM_M,2,A978,NATIVE_BODY,NATIVE_BODY,2,2,NONE,2,0,0,0,0,0,0,0,0,0,LINEAR_BUS_SEQUENCE,,00000000,000078,81F46F,V02C_MATRIX_PLUS_PINNED_MESEN_CPU_SOURCE_ORDER_NO_GAMEPLAY
V05C001754,81:F471:E0M1X1,040FA38B,81,F471,0,1,1,8D,STA,ABS,3,8D0721,NATIVE_BODY,NATIVE_BODY,4,4,NONE,3,0,0,1,0,0,0,0,0,0,LINEAR_BUS_SEQUENCE,,00000000,002107,81F471,V02C_MATRIX_PLUS_PINNED_MESEN_CPU_SOURCE_ORDER_NO_GAMEPLAY
V05C001755,81:F474:E0M1X1,040FA3A3,81,F474,0,1,1,A9,LDA,IMM_M,2,A902,NATIVE_BODY,NATIVE_BODY,2,2,NONE,2,0,0,0,0,0,0,0,0,0,LINEAR_BUS_SEQUENCE,,00000000,000002,81F474,V02C_MATRIX_PLUS_PINNED_MESEN_CPU_SOURCE_ORDER_NO_GAMEPLAY
V05C001756,81:F476:E0M1X1,040FA3B3,81,F476,0,1,1,8D,STA,ABS,3,8D0B21,NATIVE_BODY,NATIVE_BODY,4,4,NONE,3,0,0,1,0,0,0,0,0,0,LINEAR_BUS_SEQUENCE,,00000000,00210B,81F476,V02C_MATRIX_PLUS_PINNED_MESEN_CPU_SOURCE_ORDER_NO_GAMEPLAY
V05C001757,81:F479:E0M1X1,040FA3CB,81,F479,0,1,1,A9,LDA,IMM_M,2,A911,NATIVE_BODY,NATIVE_BODY,2,2,NONE,2,0,0,0,0,0,0,0,0,0,LINEAR_BUS_SEQUENCE,,00000000,000011,81F479,V02C_MATRIX_PLUS_PINNED_MESEN_CPU_SOURCE_ORDER_NO_GAMEPLAY
V05C001758,81:F47B:E0M1X1,040FA3DB,81,F47B,0,1,1,8D,STA,ABS,3,8D2C21,NATIVE_BODY,NATIVE_BODY,4,4,NONE,3,0,0,1,0,0,0,0,0,0,LINEAR_BUS_SEQUENCE,,00000000,00212C,81F47B,V02C_MATRIX_PLUS_PINNED_MESEN_CPU_SOURCE_ORDER_NO_GAMEPLAY
V05C001759,81:F47E:E0M1X1,040FA3F3,81,F47E,0,1,1,AD,LDA,ABS,3,AD0E0F,NATIVE_BODY,NATIVE_BODY,4,4,NONE,3,0,1,0,0,0,0,0,0,0,LINEAR_BUS_SEQUENCE,,00000000,000F0E,81F47E,V02C_MATRIX_PLUS_PINNED_MESEN_CPU_SOURCE_ORDER_NO_GAMEPLAY
V05C001760,81:F481:E0M1X1,040FA40B,81,F481,0,1,1,F0,BEQ,REL8,2,F010,NATIVE_BODY,NATIVE_BODY,2,3,BRANCH_TAKEN:+1,2,0,0,0,0,0,0,0,0,1,BRANCH_SEQUENCE,DYN_BRANCH_TAKEN_POST_IDLE,00000004,000010,81F481,V02C_MATRIX_PLUS_PINNED_MESEN_CPU_SOURCE_ORDER_NO_GAMEPLAY
V05C001761,81:F483:E0M1X1,040FA41B,81,F483,0,1,1,C2,REP,IMM8,2,C230,NATIVE_BODY,NATIVE_BODY,3,3,NONE,2,0,0,0,0,0,0,0,1,0,FIXED_IDLE_SEQUENCE,STATUS_PRE_IDLE,00002000,000030,81F483,V02C_MATRIX_PLUS_PINNED_MESEN_CPU_SOURCE_ORDER_NO_GAMEPLAY
V05C001762,81:F485:E0M0X0,040FA428,81,F485,0,0,0,A9,LDA,IMM_M,3,A97B00,NATIVE_BODY,NATIVE_BODY,3,3,NONE,3,0,0,0,0,0,0,0,0,0,LINEAR_BUS_SEQUENCE,,00000000,00007B,81F485,V02C_MATRIX_PLUS_PINNED_MESEN_CPU_SOURCE_ORDER_NO_GAMEPLAY
V05C001763,81:F488:E0M0X0,040FA440,81,F488,0,0,0,A2,LDX,IMM_X,3,A27A00,NATIVE_BODY,NATIVE_BODY,3,3,NONE,3,0,0,0,0,0,0,0,0,0,LINEAR_BUS_SEQUENCE,,00000000,00007A,81F488,V02C_MATRIX_PLUS_PINNED_MESEN_CPU_SOURCE_ORDER_NO_GAMEPLAY
V05C001764,81:F48B:E0M0X0,040FA458,81,F48B,0,0,0,A0,LDY,IMM_X,3,A07C00,NATIVE_BODY,NATIVE_BODY,3,3,NONE,3,0,0,0,0,0,0,0,0,0,LINEAR_BUS_SEQUENCE,,00000000,00007C,81F48B,V02C_MATRIX_PLUS_PINNED_MESEN_CPU_SOURCE_ORDER_NO_GAMEPLAY
V05C001765,81:F48E:E0M0X0,040FA470,81,F48E,0,0,0,20,JSR,ABS_JUMP,3,20729D,NATIVE_BODY,NATIVE_BODY,6,6,NONE,3,0,0,0,0,0,2,0,1,0,FIXED_IDLE_SEQUENCE,JSR_PRE_STACK_IDLE,00000020,009D72,81F48E,V02C_MATRIX_PLUS_PINNED_MESEN_CPU_SOURCE_ORDER_NO_GAMEPLAY
V05C001766,81:F493:E0M1X1,040FA49B,81,F493,0,1,1,C2,REP,IMM8,2,C230,NATIVE_BODY,NATIVE_BODY,3,3,NONE,2,0,0,0,0,0,0,0,1,0,FIXED_IDLE_SEQUENCE,STATUS_PRE_IDLE,00002000,000030,81F493,V02C_MATRIX_PLUS_PINNED_MESEN_CPU_SOURCE_ORDER_NO_GAMEPLAY
V05C001767,81:F495:E0M0X0,040FA4A8,81,F495,0,0,0,A9,LDA,IMM_M,3,A90100,NATIVE_BODY,NATIVE_BODY,3,3,NONE,3,0,0,0,0,0,0,0,0,0,LINEAR_BUS_SEQUENCE,,00000000,000001,81F495,V02C_MATRIX_PLUS_PINNED_MESEN_CPU_SOURCE_ORDER_NO_GAMEPLAY
V05C001768,81:F498:E0M0X0,040FA4C0,81,F498,0,0,0,20,JSR,ABS_JUMP,3,20509E,NATIVE_BODY,NATIVE_BODY,6,6,NONE,3,0,0,0,0,0,2,0,1,0,FIXED_IDLE_SEQUENCE,JSR_PRE_STACK_IDLE,00000020,009E50,81F498,V02C_MATRIX_PLUS_PINNED_MESEN_CPU_SOURCE_ORDER_NO_GAMEPLAY
V05C001769,81:F49B:E0M0X0,040FA4D8,81,F49B,0,0,0,A9,LDA,IMM_M,3,A90100,NATIVE_BODY,NATIVE_BODY,3,3,NONE,3,0,0,0,0,0,0,0,0,0,LINEAR_BUS_SEQUENCE,,00000000,000001,81F49B,V02C_MATRIX_PLUS_PINNED_MESEN_CPU_SOURCE_ORDER_NO_GAMEPLAY
V05C001770,81:F49E:E0M0X0,040FA4F0,81,F49E,0,0,0,20,JSR,ABS_JUMP,3,20129E,NATIVE_BODY,NATIVE_BODY,6,6,NONE,3,0,0,0,0,0,2,0,1,0,FIXED_IDLE_SEQUENCE,JSR_PRE_STACK_IDLE,00000020,009E12,81F49E,V02C_MATRIX_PLUS_PINNED_MESEN_CPU_SOURCE_ORDER_NO_GAMEPLAY
V05C001771,81:F4A1:E0M0X0,040FA508,81,F4A1,0,0,0,E2,SEP,IMM8,2,E230,NATIVE_BODY,NATIVE_BODY,3,3,NONE,2,0,0,0,0,0,0,0,1,0,FIXED_IDLE_SEQUENCE,STATUS_PRE_IDLE,00002000,000030,81F4A1,V02C_MATRIX_PLUS_PINNED_MESEN_CPU_SOURCE_ORDER_NO_GAMEPLAY
V05C001772,81:F4A3:E0M1X1,040FA51B,81,F4A3,0,1,1,9C,STZ,ABS,3,9CFF0B,NATIVE_BODY,NATIVE_BODY,4,4,NONE,3,0,0,1,0,0,0,0,0,0,LINEAR_BUS_SEQUENCE,,00000000,000BFF,81F4A3,V02C_MATRIX_PLUS_PINNED_MESEN_CPU_SOURCE_ORDER_NO_GAMEPLAY
V05C001773,81:F4A6:E0M1X1,040FA533,81,F4A6,0,1,1,9C,STZ,ABS,3,9C3C03,NATIVE_BODY,NATIVE_BODY,4,4,NONE,3,0,0,1,0,0,0,0,0,0,LINEAR_BUS_SEQUENCE,,00000000,00033C,81F4A6,V02C_MATRIX_PLUS_PINNED_MESEN_CPU_SOURCE_ORDER_NO_GAMEPLAY
V05C001774,81:F4A9:E0M1X1,040FA54B,81,F4A9,0,1,1,A9,LDA,IMM_M,2,A90C,NATIVE_BODY,NATIVE_BODY,2,2,NONE,2,0,0,0,0,0,0,0,0,0,LINEAR_BUS_SEQUENCE,,00000000,00000C,81F4A9,V02C_MATRIX_PLUS_PINNED_MESEN_CPU_SOURCE_ORDER_NO_GAMEPLAY
V05C001775,81:F4AB:E0M1X1,040FA55B,81,F4AB,0,1,1,8D,STA,ABS,3,8D5503,NATIVE_BODY,NATIVE_BODY,4,4,NONE,3,0,0,1,0,0,0,0,0,0,LINEAR_BUS_SEQUENCE,,00000000,000355,81F4AB,V02C_MATRIX_PLUS_PINNED_MESEN_CPU_SOURCE_ORDER_NO_GAMEPLAY
V05C001776,81:F4AE:E0M1X1,040FA573,81,F4AE,0,1,1,A9,LDA,IMM_M,2,A981,NATIVE_BODY,NATIVE_BODY,2,2,NONE,2,0,0,0,0,0,0,0,0,0,LINEAR_BUS_SEQUENCE,,00000000,000081,81F4AE,V02C_MATRIX_PLUS_PINNED_MESEN_CPU_SOURCE_ORDER_NO_GAMEPLAY
V05C001777,81:F4B0:E0M1X1,040FA583,81,F4B0,0,1,1,8D,STA,ABS,3,8D0042,NATIVE_BODY,NATIVE_BODY,4,4,NONE,3,0,0,1,0,0,0,0,0,0,LINEAR_BUS_SEQUENCE,,00000000,004200,81F4B0,V02C_MATRIX_PLUS_PINNED_MESEN_CPU_SOURCE_ORDER_NO_GAMEPLAY
V05C001778,81:F4B3:E0M1X1,040FA59B,81,F4B3,0,1,1,AD,LDA,ABS,3,AD0E0F,NATIVE_BODY,NATIVE_BODY,4,4,NONE,3,0,1,0,0,0,0,0,0,0,LINEAR_BUS_SEQUENCE,,00000000,000F0E,81F4B3,V02C_MATRIX_PLUS_PINNED_MESEN_CPU_SOURCE_ORDER_NO_GAMEPLAY
V05C001779,81:F4B6:E0M1X1,040FA5B3,81,F4B6,0,1,1,F0,BEQ,REL8,2,F024,NATIVE_BODY,NATIVE_BODY,2,3,BRANCH_TAKEN:+1,2,0,0,0,0,0,0,0,0,1,BRANCH_SEQUENCE,DYN_BRANCH_TAKEN_POST_IDLE,00000004,000024,81F4B6,V02C_MATRIX_PLUS_PINNED_MESEN_CPU_SOURCE_ORDER_NO_GAMEPLAY
V05C001780,81:F4B8:E0M1X1,040FA5C3,81,F4B8,0,1,1,20,JSR,ABS_JUMP,3,208C9C,NATIVE_BODY,NATIVE_BODY,6,6,NONE,3,0,0,0,0,0,2,0,1,0,FIXED_IDLE_SEQUENCE,JSR_PRE_STACK_IDLE,00000020,009C8C,81F4B8,V02C_MATRIX_PLUS_PINNED_MESEN_CPU_SOURCE_ORDER_NO_GAMEPLAY
V05C001781,81:F4BB:E0M1X1,040FA5DB,81,F4BB,0,1,1,20,JSR,ABS_JUMP,3,20B69C,NATIVE_BODY,NATIVE_BODY,6,6,NONE,3,0,0,0,0,0,2,0,1,0,FIXED_IDLE_SEQUENCE,JSR_PRE_STACK_IDLE,00000020,009CB6,81F4BB,V02C_MATRIX_PLUS_PINNED_MESEN_CPU_SOURCE_ORDER_NO_GAMEPLAY
V05C001782,81:F4BE:E0M1X1,040FA5F3,81,F4BE,0,1,1,22,JSL,ABSL_JUMP,4,22A0A380,NATIVE_BODY,NATIVE_BODY,8,8,NONE,4,0,0,0,0,0,3,0,1,0,JSL_DEFERRED_BANK_FETCH,JSL_AFTER_PBR_PUSH_IDLE,00000010,80A3A0,81F4BE,V02C_MATRIX_PLUS_PINNED_MESEN_CPU_SOURCE_ORDER_NO_GAMEPLAY
V05C001783,81:F4C2:E0M1X1,040FA613,81,F4C2,0,1,1,20,JSR,ABS_JUMP,3,205C9F,NATIVE_BODY,NATIVE_BODY,6,6,NONE,3,0,0,0,0,0,2,0,1,0,FIXED_IDLE_SEQUENCE,JSR_PRE_STACK_IDLE,00000020,009F5C,81F4C2,V02C_MATRIX_PLUS_PINNED_MESEN_CPU_SOURCE_ORDER_NO_GAMEPLAY
V05C001784,81:F4C5:E0M1X1,040FA62B,81,F4C5,0,1,1,A9,LDA,IMM_M,2,A903,NATIVE_BODY,NATIVE_BODY,2,2,NONE,2,0,0,0,0,0,0,0,0,0,LINEAR_BUS_SEQUENCE,,00000000,000003,81F4C5,V02C_MATRIX_PLUS_PINNED_MESEN_CPU_SOURCE_ORDER_NO_GAMEPLAY
V05C001785,81:F4C7:E0M1X1,040FA63B,81,F4C7,0,1,1,20,JSR,ABS_JUMP,3,20EDF5,NATIVE_BODY,NATIVE_BODY,6,6,NONE,3,0,0,0,0,0,2,0,1,0,FIXED_IDLE_SEQUENCE,JSR_PRE_STACK_IDLE,00000020,00F5ED,81F4C7,V02C_MATRIX_PLUS_PINNED_MESEN_CPU_SOURCE_ORDER_NO_GAMEPLAY
V05C001786,81:F4CA:E0M1X1,040FA653,81,F4CA,0,1,1,20,JSR,ABS_JUMP,3,2038F5,NATIVE_BODY,NATIVE_BODY,6,6,NONE,3,0,0,0,0,0,2,0,1,0,FIXED_IDLE_SEQUENCE,JSR_PRE_STACK_IDLE,00000020,00F538,81F4CA,V02C_MATRIX_PLUS_PINNED_MESEN_CPU_SOURCE_ORDER_NO_GAMEPLAY
V05C001787,81:F4CD:E0M1X1,040FA66B,81,F4CD,0,1,1,9C,STZ,ABS,3,9C3003,NATIVE_BODY,NATIVE_BODY,4,4,NONE,3,0,0,1,0,0,0,0,0,0,LINEAR_BUS_SEQUENCE,,00000000,000330,81F4CD,V02C_MATRIX_PLUS_PINNED_MESEN_CPU_SOURCE_ORDER_NO_GAMEPLAY
V05C001788,81:F4D0:E0M1X1,040FA683,81,F4D0,0,1,1,A9,LDA,IMM_M,2,A90A,NATIVE_BODY,NATIVE_BODY,2,2,NONE,2,0,0,0,0,0,0,0,0,0,LINEAR_BUS_SEQUENCE,,00000000,00000A,81F4D0,V02C_MATRIX_PLUS_PINNED_MESEN_CPU_SOURCE_ORDER_NO_GAMEPLAY
V05C001789,81:F4D2:E0M1X1,040FA693,81,F4D2,0,1,1,20,JSR,ABS_JUMP,3,20EDF5,NATIVE_BODY,NATIVE_BODY,6,6,NONE,3,0,0,0,0,0,2,0,1,0,FIXED_IDLE_SEQUENCE,JSR_PRE_STACK_IDLE,00000020,00F5ED,81F4D2,V02C_MATRIX_PLUS_PINNED_MESEN_CPU_SOURCE_ORDER_NO_GAMEPLAY
V05C001790,81:F4D5:E0M1X1,040FA6AB,81,F4D5,0,1,1,90,BCC,REL8,2,9033,NATIVE_BODY,NATIVE_BODY,2,3,BRANCH_TAKEN:+1,2,0,0,0,0,0,0,0,0,1,BRANCH_SEQUENCE,DYN_BRANCH_TAKEN_POST_IDLE,00000004,000033,81F4D5,V02C_MATRIX_PLUS_PINNED_MESEN_CPU_SOURCE_ORDER_NO_GAMEPLAY
V05C001791,81:F4D7:E0M1X1,040FA6BB,81,F4D7,0,1,1,20,JSR,ABS_JUMP,3,2050F6,NATIVE_BODY,NATIVE_BODY,6,6,NONE,3,0,0,0,0,0,2,0,1,0,FIXED_IDLE_SEQUENCE,JSR_PRE_STACK_IDLE,00000020,00F650,81F4D7,V02C_MATRIX_PLUS_PINNED_MESEN_CPU_SOURCE_ORDER_NO_GAMEPLAY
V05C001792,81:F4DA:E0M1X1,040FA6D3,81,F4DA,0,1,1,80,BRA,REL8,2,801A,NATIVE_BODY,NATIVE_BODY,3,3,NONE,2,0,0,0,0,0,0,0,1,0,BRANCH_SEQUENCE,BRANCH_ALWAYS_POST_IDLE,00004000,00001A,81F4DA,V02C_MATRIX_PLUS_PINNED_MESEN_CPU_SOURCE_ORDER_NO_GAMEPLAY
V05C001793,81:F4DC:E0M1X1,040FA6E3,81,F4DC,0,1,1,A9,LDA,IMM_M,2,A910,NATIVE_BODY,NATIVE_BODY,2,2,NONE,2,0,0,0,0,0,0,0,0,0,LINEAR_BUS_SEQUENCE,,00000000,000010,81F4DC,V02C_MATRIX_PLUS_PINNED_MESEN_CPU_SOURCE_ORDER_NO_GAMEPLAY
V05C001794,81:F4DE:E0M1X1,040FA6F3,81,F4DE,0,1,1,8D,STA,ABS,3,8D2C21,NATIVE_BODY,NATIVE_BODY,4,4,NONE,3,0,0,1,0,0,0,0,0,0,LINEAR_BUS_SEQUENCE,,00000000,00212C,81F4DE,V02C_MATRIX_PLUS_PINNED_MESEN_CPU_SOURCE_ORDER_NO_GAMEPLAY
V05C001795,81:F4E1:E0M1X1,040FA70B,81,F4E1,0,1,1,A9,LDA,IMM_M,2,A906,NATIVE_BODY,NATIVE_BODY,2,2,NONE,2,0,0,0,0,0,0,0,0,0,LINEAR_BUS_SEQUENCE,,00000000,000006,81F4E1,V02C_MATRIX_PLUS_PINNED_MESEN_CPU_SOURCE_ORDER_NO_GAMEPLAY
V05C001796,81:F4E3:E0M1X1,040FA71B,81,F4E3,0,1,1,8D,STA,ABS,3,8DC002,NATIVE_BODY,NATIVE_BODY,4,4,NONE,3,0,0,1,0,0,0,0,0,0,LINEAR_BUS_SEQUENCE,,00000000,0002C0,81F4E3,V02C_MATRIX_PLUS_PINNED_MESEN_CPU_SOURCE_ORDER_NO_GAMEPLAY
V05C001797,81:F4E6:E0M1X1,040FA733,81,F4E6,0,1,1,9C,STZ,ABS,3,9CC102,NATIVE_BODY,NATIVE_BODY,4,4,NONE,3,0,0,1,0,0,0,0,0,0,LINEAR_BUS_SEQUENCE,,00000000,0002C1,81F4E6,V02C_MATRIX_PLUS_PINNED_MESEN_CPU_SOURCE_ORDER_NO_GAMEPLAY
V05C001798,81:F4E9:E0M1X1,040FA74B,81,F4E9,0,1,1,20,JSR,ABS_JUMP,3,20F7F7,NATIVE_BODY,NATIVE_BODY,6,6,NONE,3,0,0,0,0,0,2,0,1,0,FIXED_IDLE_SEQUENCE,JSR_PRE_STACK_IDLE,00000020,00F7F7,81F4E9,V02C_MATRIX_PLUS_PINNED_MESEN_CPU_SOURCE_ORDER_NO_GAMEPLAY
V05C001799,81:F4EC:E0M1X1,040FA763,81,F4EC,0,1,1,20,JSR,ABS_JUMP,3,208C9C,NATIVE_BODY,NATIVE_BODY,6,6,NONE,3,0,0,0,0,0,2,0,1,0,FIXED_IDLE_SEQUENCE,JSR_PRE_STACK_IDLE,00000020,009C8C,81F4EC,V02C_MATRIX_PLUS_PINNED_MESEN_CPU_SOURCE_ORDER_NO_GAMEPLAY
V05C001800,81:F4EF:E0M1X1,040FA77B,81,F4EF,0,1,1,20,JSR,ABS_JUMP,3,20B69C,NATIVE_BODY,NATIVE_BODY,6,6,NONE,3,0,0,0,0,0,2,0,1,0,FIXED_IDLE_SEQUENCE,JSR_PRE_STACK_IDLE,00000020,009CB6,81F4EF,V02C_MATRIX_PLUS_PINNED_MESEN_CPU_SOURCE_ORDER_NO_GAMEPLAY
V05C001801,81:F4F2:E0M1X1,040FA793,81,F4F2,0,1,1,22,JSL,ABSL_JUMP,4,22A0A380,NATIVE_BODY,NATIVE_BODY,8,8,NONE,4,0,0,0,0,0,3,0,1,0,JSL_DEFERRED_BANK_FETCH,JSL_AFTER_PBR_PUSH_IDLE,00000010,80A3A0,81F4F2,V02C_MATRIX_PLUS_PINNED_MESEN_CPU_SOURCE_ORDER_NO_GAMEPLAY
V05C001802,81:F4F6:E0M1X1,040FA7B3,81,F4F6,0,1,1,20,JSR,ABS_JUMP,3,20A4F6,NATIVE_BODY,NATIVE_BODY,6,6,NONE,3,0,0,0,0,0,2,0,1,0,FIXED_IDLE_SEQUENCE,JSR_PRE_STACK_IDLE,00000020,00F6A4,81F4F6,V02C_MATRIX_PLUS_PINNED_MESEN_CPU_SOURCE_ORDER_NO_GAMEPLAY
V05C001803,81:F4F9:E0M1X1,040FA7CB,81,F4F9,0,1,1,B0,BCS,REL8,2,B00F,NATIVE_BODY,NATIVE_BODY,2,3,BRANCH_TAKEN:+1,2,0,0,0,0,0,0,0,0,1,BRANCH_SEQUENCE,DYN_BRANCH_TAKEN_POST_IDLE,00000004,00000F,81F4F9,V02C_MATRIX_PLUS_PINNED_MESEN_CPU_SOURCE_ORDER_NO_GAMEPLAY
V05C001804,81:F4FB:E0M1X1,040FA7DB,81,F4FB,0,1,1,20,JSR,ABS_JUMP,3,2086F7,NATIVE_BODY,NATIVE_BODY,6,6,NONE,3,0,0,0,0,0,2,0,1,0,FIXED_IDLE_SEQUENCE,JSR_PRE_STACK_IDLE,00000020,00F786,81F4FB,V02C_MATRIX_PLUS_PINNED_MESEN_CPU_SOURCE_ORDER_NO_GAMEPLAY
V05C001805,81:F4FE:E0M1X1,040FA7F3,81,F4FE,0,1,1,B0,BCS,REL8,2,B00A,NATIVE_BODY,NATIVE_BODY,2,3,BRANCH_TAKEN:+1,2,0,0,0,0,0,0,0,0,1,BRANCH_SEQUENCE,DYN_BRANCH_TAKEN_POST_IDLE,00000004,00000A,81F4FE,V02C_MATRIX_PLUS_PINNED_MESEN_CPU_SOURCE_ORDER_NO_GAMEPLAY
V05C001806,81:F500:E0M1X1,040FA803,81,F500,0,1,1,20,JSR,ABS_JUMP,3,2001F7,NATIVE_BODY,NATIVE_BODY,6,6,NONE,3,0,0,0,0,0,2,0,1,0,FIXED_IDLE_SEQUENCE,JSR_PRE_STACK_IDLE,00000020,00F701,81F500,V02C_MATRIX_PLUS_PINNED_MESEN_CPU_SOURCE_ORDER_NO_GAMEPLAY
V05C001807,81:F503:E0M1X1,040FA81B,81,F503,0,1,1,B0,BCS,REL8,2,B005,NATIVE_BODY,NATIVE_BODY,2,3,BRANCH_TAKEN:+1,2,0,0,0,0,0,0,0,0,1,BRANCH_SEQUENCE,DYN_BRANCH_TAKEN_POST_IDLE,00000004,000005,81F503,V02C_MATRIX_PLUS_PINNED_MESEN_CPU_SOURCE_ORDER_NO_GAMEPLAY
V05C001808,81:F505:E0M1X1,040FA82B,81,F505,0,1,1,9C,STZ,ABS,3,9C0E0F,NATIVE_BODY,NATIVE_BODY,4,4,NONE,3,0,0,1,0,0,0,0,0,0,LINEAR_BUS_SEQUENCE,,00000000,000F0E,81F505,V02C_MATRIX_PLUS_PINNED_MESEN_CPU_SOURCE_ORDER_NO_GAMEPLAY
V05C001809,81:F508:E0M1X1,040FA843,81,F508,0,1,1,80,BRA,REL8,2,8008,NATIVE_BODY,NATIVE_BODY,3,3,NONE,2,0,0,0,0,0,0,0,1,0,BRANCH_SEQUENCE,BRANCH_ALWAYS_POST_IDLE,00004000,000008,81F508,V02C_MATRIX_PLUS_PINNED_MESEN_CPU_SOURCE_ORDER_NO_GAMEPLAY
V05C001810,81:F50A:E0M1X1,040FA853,81,F50A,0,1,1,AD,LDA,ABS,3,AD0E0F,NATIVE_BODY,NATIVE_BODY,4,4,NONE,3,0,1,0,0,0,0,0,0,0,LINEAR_BUS_SEQUENCE,,00000000,000F0E,81F50A,V02C_MATRIX_PLUS_PINNED_MESEN_CPU_SOURCE_ORDER_NO_GAMEPLAY
V05C001811,81:F50D:E0M1X1,040FA86B,81,F50D,0,1,1,09,ORA,IMM_M,2,0901,NATIVE_BODY,NATIVE_BODY,2,2,NONE,2,0,0,0,0,0,0,0,0,0,LINEAR_BUS_SEQUENCE,,00000000,000001,81F50D,V02C_MATRIX_PLUS_PINNED_MESEN_CPU_SOURCE_ORDER_NO_GAMEPLAY
V05C001812,81:F50F:E0M1X1,040FA87B,81,F50F,0,1,1,8D,STA,ABS,3,8D0E0F,NATIVE_BODY,NATIVE_BODY,4,4,NONE,3,0,0,1,0,0,0,0,0,0,LINEAR_BUS_SEQUENCE,,00000000,000F0E,81F50F,V02C_MATRIX_PLUS_PINNED_MESEN_CPU_SOURCE_ORDER_NO_GAMEPLAY
V05C001813,81:F512:E0M1X1,040FA893,81,F512,0,1,1,A9,LDA,IMM_M,2,A900,NATIVE_BODY,NATIVE_BODY,2,2,NONE,2,0,0,0,0,0,0,0,0,0,LINEAR_BUS_SEQUENCE,,00000000,000000,81F512,V02C_MATRIX_PLUS_PINNED_MESEN_CPU_SOURCE_ORDER_NO_GAMEPLAY
V05C001814,81:F514:E0M1X1,040FA8A3,81,F514,0,1,1,8D,STA,ABS,3,8D5503,NATIVE_BODY,NATIVE_BODY,4,4,NONE,3,0,0,1,0,0,0,0,0,0,LINEAR_BUS_SEQUENCE,,00000000,000355,81F514,V02C_MATRIX_PLUS_PINNED_MESEN_CPU_SOURCE_ORDER_NO_GAMEPLAY
V05C001815,81:F517:E0M1X1,040FA8BB,81,F517,0,1,1,22,JSL,ABSL_JUMP,4,22EAA380,NATIVE_BODY,NATIVE_BODY,8,8,NONE,4,0,0,0,0,0,3,0,1,0,JSL_DEFERRED_BANK_FETCH,JSL_AFTER_PBR_PUSH_IDLE,00000010,80A3EA,81F517,V02C_MATRIX_PLUS_PINNED_MESEN_CPU_SOURCE_ORDER_NO_GAMEPLAY
V05C001816,81:F51B:E0M1X1,040FA8DB,81,F51B,0,1,1,A9,LDA,IMM_M,2,A901,NATIVE_BODY,NATIVE_BODY,2,2,NONE,2,0,0,0,0,0,0,0,0,0,LINEAR_BUS_SEQUENCE,,00000000,000001,81F51B,V02C_MATRIX_PLUS_PINNED_MESEN_CPU_SOURCE_ORDER_NO_GAMEPLAY
V05C001817,81:F51D:E0M1X1,040FA8EB,81,F51D,0,1,1,8D,STA,ABS,3,8D0721,NATIVE_BODY,NATIVE_BODY,4,4,NONE,3,0,0,1,0,0,0,0,0,0,LINEAR_BUS_SEQUENCE,,00000000,002107,81F51D,V02C_MATRIX_PLUS_PINNED_MESEN_CPU_SOURCE_ORDER_NO_GAMEPLAY
V05C001818,81:F520:E0M1X1,040FA903,81,F520,0,1,1,A9,LDA,IMM_M,2,A911,NATIVE_BODY,NATIVE_BODY,2,2,NONE,2,0,0,0,0,0,0,0,0,0,LINEAR_BUS_SEQUENCE,,00000000,000011,81F520,V02C_MATRIX_PLUS_PINNED_MESEN_CPU_SOURCE_ORDER_NO_GAMEPLAY
V05C001819,81:F522:E0M1X1,040FA913,81,F522,0,1,1,8D,STA,ABS,3,8D0821,NATIVE_BODY,NATIVE_BODY,4,4,NONE,3,0,0,1,0,0,0,0,0,0,LINEAR_BUS_SEQUENCE,,00000000,002108,81F522,V02C_MATRIX_PLUS_PINNED_MESEN_CPU_SOURCE_ORDER_NO_GAMEPLAY
V05C001820,81:F525:E0M1X1,040FA92B,81,F525,0,1,1,A9,LDA,IMM_M,2,A944,NATIVE_BODY,NATIVE_BODY,2,2,NONE,2,0,0,0,0,0,0,0,0,0,LINEAR_BUS_SEQUENCE,,00000000,000044,81F525,V02C_MATRIX_PLUS_PINNED_MESEN_CPU_SOURCE_ORDER_NO_GAMEPLAY
V05C001821,81:F527:E0M1X1,040FA93B,81,F527,0,1,1,8D,STA,ABS,3,8D0B21,NATIVE_BODY,NATIVE_BODY,4,4,NONE,3,0,0,1,0,0,0,0,0,0,LINEAR_BUS_SEQUENCE,,00000000,00210B,81F527,V02C_MATRIX_PLUS_PINNED_MESEN_CPU_SOURCE_ORDER_NO_GAMEPLAY
V05C001822,81:F52A:E0M1X1,040FA953,81,F52A,0,1,1,A9,LDA,IMM_M,2,A909,NATIVE_BODY,NATIVE_BODY,2,2,NONE,2,0,0,0,0,0,0,0,0,0,LINEAR_BUS_SEQUENCE,,00000000,000009,81F52A,V02C_MATRIX_PLUS_PINNED_MESEN_CPU_SOURCE_ORDER_NO_GAMEPLAY
V05C001823,81:F52C:E0M1X1,040FA963,81,F52C,0,1,1,8D,STA,ABS,3,8D0521,NATIVE_BODY,NATIVE_BODY,4,4,NONE,3,0,0,1,0,0,0,0,0,0,LINEAR_BUS_SEQUENCE,,00000000,002105,81F52C,V02C_MATRIX_PLUS_PINNED_MESEN_CPU_SOURCE_ORDER_NO_GAMEPLAY
V05C001824,81:F52F:E0M1X1,040FA97B,81,F52F,0,1,1,A9,LDA,IMM_M,2,A915,NATIVE_BODY,NATIVE_BODY,2,2,NONE,2,0,0,0,0,0,0,0,0,0,LINEAR_BUS_SEQUENCE,,00000000,000015,81F52F,V02C_MATRIX_PLUS_PINNED_MESEN_CPU_SOURCE_ORDER_NO_GAMEPLAY
V05C001825,81:F531:E0M1X1,040FA98B,81,F531,0,1,1,8D,STA,ABS,3,8D2C21,NATIVE_BODY,NATIVE_BODY,4,4,NONE,3,0,0,1,0,0,0,0,0,0,LINEAR_BUS_SEQUENCE,,00000000,00212C,81F531,V02C_MATRIX_PLUS_PINNED_MESEN_CPU_SOURCE_ORDER_NO_GAMEPLAY
V05C001826,81:F534:E0M1X1,040FA9A3,81,F534,0,1,1,9C,STZ,ABS,3,9C3121,NATIVE_BODY,NATIVE_BODY,4,4,NONE,3,0,0,1,0,0,0,0,0,0,LINEAR_BUS_SEQUENCE,,00000000,002131,81F534,V02C_MATRIX_PLUS_PINNED_MESEN_CPU_SOURCE_ORDER_NO_GAMEPLAY
V05C001827,81:F537:E0M1X1,040FA9BB,81,F537,0,1,1,60,RTS,IMP,1,60,NAMED_BOUNDARY,NAMED_BOUNDARY,6,6,NONE,1,0,0,0,0,2,0,0,0,0,BOUNDARY_NO_EXECUTION,BOUNDARY_NO_EXECUTION,00000000,000000,81F537,V02C_MATRIX_PLUS_PINNED_MESEN_CPU_SOURCE_ORDER_NO_GAMEPLAY
V05C001828,81:F538:E0M1X1,040FA9C3,81,F538,0,1,1,C2,REP,IMM8,2,C230,NATIVE_BODY,NATIVE_BODY,3,3,NONE,2,0,0,0,0,0,0,0,1,0,FIXED_IDLE_SEQUENCE,STATUS_PRE_IDLE,00002000,000030,81F538,V02C_MATRIX_PLUS_PINNED_MESEN_CPU_SOURCE_ORDER_NO_GAMEPLAY
V05C001829,81:F53A:E0M0X0,040FA9D0,81,F53A,0,0,0,A9,LDA,IMM_M,3,A99CFF,NATIVE_BODY,NATIVE_BODY,3,3,NONE,3,0,0,0,0,0,0,0,0,0,LINEAR_BUS_SEQUENCE,,00000000,00FF9C,81F53A,V02C_MATRIX_PLUS_PINNED_MESEN_CPU_SOURCE_ORDER_NO_GAMEPLAY
V05C001830,81:F53D:E0M0X0,040FA9E8,81,F53D,0,0,0,8D,STA,ABS,3,8DC002,NATIVE_BODY,NATIVE_BODY,5,5,NONE,3,0,0,2,0,0,0,0,0,0,LINEAR_BUS_SEQUENCE,,00000000,0002C0,81F53D,V02C_MATRIX_PLUS_PINNED_MESEN_CPU_SOURCE_ORDER_NO_GAMEPLAY
V05C001831,81:F540:E0M0X0,040FAA00,81,F540,0,0,0,A9,LDA,IMM_M,3,A90400,NATIVE_BODY,NATIVE_BODY,3,3,NONE,3,0,0,0,0,0,0,0,0,0,LINEAR_BUS_SEQUENCE,,00000000,000004,81F540,V02C_MATRIX_PLUS_PINNED_MESEN_CPU_SOURCE_ORDER_NO_GAMEPLAY
V05C001832,81:F543:E0M0X0,040FAA18,81,F543,0,0,0,8D,STA,ABS,3,8DC302,NATIVE_BODY,NATIVE_BODY,5,5,NONE,3,0,0,2,0,0,0,0,0,0,LINEAR_BUS_SEQUENCE,,00000000,0002C3,81F543,V02C_MATRIX_PLUS_PINNED_MESEN_CPU_SOURCE_ORDER_NO_GAMEPLAY
V05C001833,81:F546:E0M0X0,040FAA30,81,F546,0,0,0,E2,SEP,IMM8,2,E230,NATIVE_BODY,NATIVE_BODY,3,3,NONE,2,0,0,0,0,0,0,0,1,0,FIXED_IDLE_SEQUENCE,STATUS_PRE_IDLE,00002000,000030,81F546,V02C_MATRIX_PLUS_PINNED_MESEN_CPU_SOURCE_ORDER_NO_GAMEPLAY
V05C001834,81:F548:E0M1X1,040FAA43,81,F548,0,1,1,9C,STZ,ABS,3,9CC202,NATIVE_BODY,NATIVE_BODY,4,4,NONE,3,0,0,1,0,0,0,0,0,0,LINEAR_BUS_SEQUENCE,,00000000,0002C2,81F548,V02C_MATRIX_PLUS_PINNED_MESEN_CPU_SOURCE_ORDER_NO_GAMEPLAY
V05C001835,81:F54B:E0M1X1,040FAA5B,81,F54B,0,1,1,9C,STZ,ABS,3,9CC502,NATIVE_BODY,NATIVE_BODY,4,4,NONE,3,0,0,1,0,0,0,0,0,0,LINEAR_BUS_SEQUENCE,,00000000,0002C5,81F54B,V02C_MATRIX_PLUS_PINNED_MESEN_CPU_SOURCE_ORDER_NO_GAMEPLAY
V05C001836,81:F54E:E0M1X1,040FAA73,81,F54E,0,1,1,20,JSR,ABS_JUMP,3,205FF5,NATIVE_BODY,NATIVE_BODY,6,6,NONE,3,0,0,0,0,0,2,0,1,0,FIXED_IDLE_SEQUENCE,JSR_PRE_STACK_IDLE,00000020,00F55F,81F54E,V02C_MATRIX_PLUS_PINNED_MESEN_CPU_SOURCE_ORDER_NO_GAMEPLAY
V05C001837,81:F551:E0M1X1,040FAA8B,81,F551,0,1,1,C2,REP,IMM8,2,C230,NATIVE_BODY,NATIVE_BODY,3,3,NONE,2,0,0,0,0,0,0,0,1,0,FIXED_IDLE_SEQUENCE,STATUS_PRE_IDLE,00002000,000030,81F551,V02C_MATRIX_PLUS_PINNED_MESEN_CPU_SOURCE_ORDER_NO_GAMEPLAY
V05C001838,81:F553:E0M0X0,040FAA98,81,F553,0,0,0,A9,LDA,IMM_M,3,A9F8FF,NATIVE_BODY,NATIVE_BODY,3,3,NONE,3,0,0,0,0,0,0,0,0,0,LINEAR_BUS_SEQUENCE,,00000000,00FFF8,81F553,V02C_MATRIX_PLUS_PINNED_MESEN_CPU_SOURCE_ORDER_NO_GAMEPLAY
V05C001839,81:F556:E0M0X0,040FAAB0,81,F556,0,0,0,8D,STA,ABS,3,8DC302,NATIVE_BODY,NATIVE_BODY,5,5,NONE,3,0,0,2,0,0,0,0,0,0,LINEAR_BUS_SEQUENCE,,00000000,0002C3,81F556,V02C_MATRIX_PLUS_PINNED_MESEN_CPU_SOURCE_ORDER_NO_GAMEPLAY
V05C001840,81:F559:E0M0X0,040FAAC8,81,F559,0,0,0,E2,SEP,IMM8,2,E230,NATIVE_BODY,NATIVE_BODY,3,3,NONE,2,0,0,0,0,0,0,0,1,0,FIXED_IDLE_SEQUENCE,STATUS_PRE_IDLE,00002000,000030,81F559,V02C_MATRIX_PLUS_PINNED_MESEN_CPU_SOURCE_ORDER_NO_GAMEPLAY
V05C001841,81:F55B:E0M1X1,040FAADB,81,F55B,0,1,1,20,JSR,ABS_JUMP,3,2086F5,NATIVE_BODY,NATIVE_BODY,6,6,NONE,3,0,0,0,0,0,2,0,1,0,FIXED_IDLE_SEQUENCE,JSR_PRE_STACK_IDLE,00000020,00F586,81F55B,V02C_MATRIX_PLUS_PINNED_MESEN_CPU_SOURCE_ORDER_NO_GAMEPLAY
V05C001842,81:F55E:E0M1X1,040FAAF3,81,F55E,0,1,1,60,RTS,IMP,1,60,NATIVE_BODY,NATIVE_BODY,6,6,NONE,1,0,0,0,0,2,0,0,3,0,RETURN_SEQUENCE,RETURN_PRE_IDLE;RETURN_PRE_IDLE;RTS_POST_POP_IDLE,00000180,000000,81F55E,V02C_MATRIX_PLUS_PINNED_MESEN_CPU_SOURCE_ORDER_NO_GAMEPLAY
V05C001843,81:F55F:E0M0X0,040FAAF8,81,F55F,0,0,0,20,JSR,ABS_JUMP,3,20BDF5,NATIVE_BODY,NATIVE_BODY,6,6,NONE,3,0,0,0,0,0,2,0,1,0,FIXED_IDLE_SEQUENCE,JSR_PRE_STACK_IDLE,00000020,00F5BD,81F55F,V02C_MATRIX_PLUS_PINNED_MESEN_CPU_SOURCE_ORDER_NO_GAMEPLAY
V05C001844,81:F55F:E0M1X1,040FAAFB,81,F55F,0,1,1,20,JSR,ABS_JUMP,3,20BDF5,NATIVE_BODY,NATIVE_BODY,6,6,NONE,3,0,0,0,0,0,2,0,1,0,FIXED_IDLE_SEQUENCE,JSR_PRE_STACK_IDLE,00000020,00F5BD,81F55F,V02C_MATRIX_PLUS_PINNED_MESEN_CPU_SOURCE_ORDER_NO_GAMEPLAY
V05C001845,81:F562:E0M1X1,040FAB13,81,F562,0,1,1,20,JSR,ABS_JUMP,3,20F7F7,NATIVE_BODY,NATIVE_BODY,6,6,NONE,3,0,0,0,0,0,2,0,1,0,FIXED_IDLE_SEQUENCE,JSR_PRE_STACK_IDLE,00000020,00F7F7,81F562,V02C_MATRIX_PLUS_PINNED_MESEN_CPU_SOURCE_ORDER_NO_GAMEPLAY
V05C001846,81:F565:E0M1X1,040FAB2B,81,F565,0,1,1,20,JSR,ABS_JUMP,3,208C9C,NATIVE_BODY,NATIVE_BODY,6,6,NONE,3,0,0,0,0,0,2,0,1,0,FIXED_IDLE_SEQUENCE,JSR_PRE_STACK_IDLE,00000020,009C8C,81F565,V02C_MATRIX_PLUS_PINNED_MESEN_CPU_SOURCE_ORDER_NO_GAMEPLAY
V05C001847,81:F568:E0M1X1,040FAB43,81,F568,0,1,1,AD,LDA,ABS,3,AD4002,NATIVE_BODY,NATIVE_BODY,4,4,NONE,3,0,1,0,0,0,0,0,0,0,LINEAR_BUS_SEQUENCE,,00000000,000240,81F568,V02C_MATRIX_PLUS_PINNED_MESEN_CPU_SOURCE_ORDER_NO_GAMEPLAY
V05C001848,81:F56B:E0M1X1,040FAB5B,81,F56B,0,1,1,D0,BNE,REL8,2,D0FB,NATIVE_BODY,NATIVE_BODY,2,3,BRANCH_TAKEN:+1,2,0,0,0,0,0,0,0,0,1,BRANCH_SEQUENCE,DYN_BRANCH_TAKEN_POST_IDLE,00000004,0000FB,81F56B,V02C_MATRIX_PLUS_PINNED_MESEN_CPU_SOURCE_ORDER_NO_GAMEPLAY
V05C001849,81:F56D:E0M1X1,040FAB6B,81,F56D,0,1,1,C2,REP,IMM8,2,C230,NATIVE_BODY,NATIVE_BODY,3,3,NONE,2,0,0,0,0,0,0,0,1,0,FIXED_IDLE_SEQUENCE,STATUS_PRE_IDLE,00002000,000030,81F56D,V02C_MATRIX_PLUS_PINNED_MESEN_CPU_SOURCE_ORDER_NO_GAMEPLAY
V05C001850,81:F56F:E0M0X0,040FAB78,81,F56F,0,0,0,AD,LDA,ABS,3,ADC002,NATIVE_BODY,NATIVE_BODY,5,5,NONE,3,0,2,0,0,0,0,0,0,0,LINEAR_BUS_SEQUENCE,,00000000,0002C0,81F56F,V02C_MATRIX_PLUS_PINNED_MESEN_CPU_SOURCE_ORDER_NO_GAMEPLAY
V05C001851,81:F572:E0M0X0,040FAB90,81,F572,0,0,0,30,BMI,REL8,2,30EB,NATIVE_BODY,NATIVE_BODY,2,3,BRANCH_TAKEN:+1,2,0,0,0,0,0,0,0,0,1,BRANCH_SEQUENCE,DYN_BRANCH_TAKEN_POST_IDLE,00000004,0000EB,81F572,V02C_MATRIX_PLUS_PINNED_MESEN_CPU_SOURCE_ORDER_NO_GAMEPLAY
V05C001852,81:F574:E0M0X0,040FABA0,81,F574,0,0,0,C9,CMP,IMM_M,3,C97E00,NATIVE_BODY,NATIVE_BODY,3,3,NONE,3,0,0,0,0,0,0,0,0,0,LINEAR_BUS_SEQUENCE,,00000000,00007E,81F574,V02C_MATRIX_PLUS_PINNED_MESEN_CPU_SOURCE_ORDER_NO_GAMEPLAY
V05C001853,81:F577:E0M0X0,040FABB8,81,F577,0,0,0,90,BCC,REL8,2,90E6,NATIVE_BODY,NATIVE_BODY,2,3,BRANCH_TAKEN:+1,2,0,0,0,0,0,0,0,0,1,BRANCH_SEQUENCE,DYN_BRANCH_TAKEN_POST_IDLE,00000004,0000E6,81F577,V02C_MATRIX_PLUS_PINNED_MESEN_CPU_SOURCE_ORDER_NO_GAMEPLAY
V05C001854,81:F579:E0M0X0,040FABC8,81,F579,0,0,0,E2,SEP,IMM8,2,E230,NATIVE_BODY,NATIVE_BODY,3,3,NONE,2,0,0,0,0,0,0,0,1,0,FIXED_IDLE_SEQUENCE,STATUS_PRE_IDLE,00002000,000030,81F579,V02C_MATRIX_PLUS_PINNED_MESEN_CPU_SOURCE_ORDER_NO_GAMEPLAY
V05C001855,81:F57B:E0M1X1,040FABDB,81,F57B,0,1,1,A9,LDA,IMM_M,2,A90B,NATIVE_BODY,NATIVE_BODY,2,2,NONE,2,0,0,0,0,0,0,0,0,0,LINEAR_BUS_SEQUENCE,,00000000,00000B,81F57B,V02C_MATRIX_PLUS_PINNED_MESEN_CPU_SOURCE_ORDER_NO_GAMEPLAY
V05C001856,81:F57D:E0M1X1,040FABEB,81,F57D,0,1,1,22,JSL,ABSL_JUMP,4,2226F980,NATIVE_BODY,NATIVE_BODY,8,8,NONE,4,0,0,0,0,0,3,0,1,0,JSL_DEFERRED_BANK_FETCH,JSL_AFTER_PBR_PUSH_IDLE,00000010,80F926,81F57D,V02C_MATRIX_PLUS_PINNED_MESEN_CPU_SOURCE_ORDER_NO_GAMEPLAY
V05C001857,81:F581:E0M1X1,040FAC0B,81,F581,0,1,1,22,JSL,ABSL_JUMP,4,2282F980,NATIVE_BODY,NATIVE_BODY,8,8,NONE,4,0,0,0,0,0,3,0,1,0,JSL_DEFERRED_BANK_FETCH,JSL_AFTER_PBR_PUSH_IDLE,00000010,80F982,81F581,V02C_MATRIX_PLUS_PINNED_MESEN_CPU_SOURCE_ORDER_NO_GAMEPLAY
V05C001858,81:F585:E0M1X1,040FAC2B,81,F585,0,1,1,60,RTS,IMP,1,60,NATIVE_BODY,NATIVE_BODY,6,6,NONE,1,0,0,0,0,2,0,0,3,0,RETURN_SEQUENCE,RETURN_PRE_IDLE;RETURN_PRE_IDLE;RTS_POST_POP_IDLE,00000180,000000,81F585,V02C_MATRIX_PLUS_PINNED_MESEN_CPU_SOURCE_ORDER_NO_GAMEPLAY
V05C001859,81:F586:E0M0X0,040FAC30,81,F586,0,0,0,20,JSR,ABS_JUMP,3,20BDF5,NATIVE_BODY,NATIVE_BODY,6,6,NONE,3,0,0,0,0,0,2,0,1,0,FIXED_IDLE_SEQUENCE,JSR_PRE_STACK_IDLE,00000020,00F5BD,81F586,V02C_MATRIX_PLUS_PINNED_MESEN_CPU_SOURCE_ORDER_NO_GAMEPLAY
V05C001860,81:F586:E0M1X1,040FAC33,81,F586,0,1,1,20,JSR,ABS_JUMP,3,20BDF5,NATIVE_BODY,NATIVE_BODY,6,6,NONE,3,0,0,0,0,0,2,0,1,0,FIXED_IDLE_SEQUENCE,JSR_PRE_STACK_IDLE,00000020,00F5BD,81F586,V02C_MATRIX_PLUS_PINNED_MESEN_CPU_SOURCE_ORDER_NO_GAMEPLAY
V05C001861,81:F589:E0M1X1,040FAC4B,81,F589,0,1,1,20,JSR,ABS_JUMP,3,20F7F7,NATIVE_BODY,NATIVE_BODY,6,6,NONE,3,0,0,0,0,0,2,0,1,0,FIXED_IDLE_SEQUENCE,JSR_PRE_STACK_IDLE,00000020,00F7F7,81F589,V02C_MATRIX_PLUS_PINNED_MESEN_CPU_SOURCE_ORDER_NO_GAMEPLAY
V05C001862,81:F58C:E0M1X1,040FAC63,81,F58C,0,1,1,20,JSR,ABS_JUMP,3,208C9C,NATIVE_BODY,NATIVE_BODY,6,6,NONE,3,0,0,0,0,0,2,0,1,0,FIXED_IDLE_SEQUENCE,JSR_PRE_STACK_IDLE,00000020,009C8C,81F58C,V02C_MATRIX_PLUS_PINNED_MESEN_CPU_SOURCE_ORDER_NO_GAMEPLAY
V05C001863,81:F58F:E0M1X1,040FAC7B,81,F58F,0,1,1,AD,LDA,ABS,3,AD4002,NATIVE_BODY,NATIVE_BODY,4,4,NONE,3,0,1,0,0,0,0,0,0,0,LINEAR_BUS_SEQUENCE,,00000000,000240,81F58F,V02C_MATRIX_PLUS_PINNED_MESEN_CPU_SOURCE_ORDER_NO_GAMEPLAY
V05C001864,81:F592:E0M1X1,040FAC93,81,F592,0,1,1,D0,BNE,REL8,2,D0FB,NATIVE_BODY,NATIVE_BODY,2,3,BRANCH_TAKEN:+1,2,0,0,0,0,0,0,0,0,1,BRANCH_SEQUENCE,DYN_BRANCH_TAKEN_POST_IDLE,00000004,0000FB,81F592,V02C_MATRIX_PLUS_PINNED_MESEN_CPU_SOURCE_ORDER_NO_GAMEPLAY
V05C001865,81:F594:E0M1X1,040FACA3,81,F594,0,1,1,C2,REP,IMM8,2,C230,NATIVE_BODY,NATIVE_BODY,3,3,NONE,2,0,0,0,0,0,0,0,1,0,FIXED_IDLE_SEQUENCE,STATUS_PRE_IDLE,00002000,000030,81F594,V02C_MATRIX_PLUS_PINNED_MESEN_CPU_SOURCE_ORDER_NO_GAMEPLAY
V05C001866,81:F596:E0M0X0,040FACB0,81,F596,0,0,0,AD,LDA,ABS,3,ADC302,NATIVE_BODY,NATIVE_BODY,5,5,NONE,3,0,2,0,0,0,0,0,0,0,LINEAR_BUS_SEQUENCE,,00000000,0002C3,81F596,V02C_MATRIX_PLUS_PINNED_MESEN_CPU_SOURCE_ORDER_NO_GAMEPLAY
V05C001867,81:F599:E0M0X0,040FACC8,81,F599,0,0,0,30,BMI,REL8,2,30EB,NATIVE_BODY,NATIVE_BODY,2,3,BRANCH_TAKEN:+1,2,0,0,0,0,0,0,0,0,1,BRANCH_SEQUENCE,DYN_BRANCH_TAKEN_POST_IDLE,00000004,0000EB,81F599,V02C_MATRIX_PLUS_PINNED_MESEN_CPU_SOURCE_ORDER_NO_GAMEPLAY
V05C001868,81:F59B:E0M0X0,040FACD8,81,F59B,0,0,0,AD,LDA,ABS,3,ADC002,NATIVE_BODY,NATIVE_BODY,5,5,NONE,3,0,2,0,0,0,0,0,0,0,LINEAR_BUS_SEQUENCE,,00000000,0002C0,81F59B,V02C_MATRIX_PLUS_PINNED_MESEN_CPU_SOURCE_ORDER_NO_GAMEPLAY
V05C001869,81:F59E:E0M0X0,040FACF0,81,F59E,0,0,0,38,SEC,IMP,1,38,NATIVE_BODY,NATIVE_BODY,2,2,NONE,1,0,0,0,0,0,0,0,1,0,FIXED_IDLE_SEQUENCE,IMPLIED_PRE_IDLE,00000800,000000,81F59E,V02C_MATRIX_PLUS_PINNED_MESEN_CPU_SOURCE_ORDER_NO_GAMEPLAY
V05C001870,81:F59F:E0M0X0,040FACF8,81,F59F,0,0,0,E9,SBC,IMM_M,3,E90400,NATIVE_BODY,NATIVE_BODY,3,3,NONE,3,0,0,0,0,0,0,0,0,0,LINEAR_BUS_SEQUENCE,,00000000,000004,81F59F,V02C_MATRIX_PLUS_PINNED_MESEN_CPU_SOURCE_ORDER_NO_GAMEPLAY
V05C001871,81:F5A2:E0M0X0,040FAD10,81,F5A2,0,0,0,8D,STA,ABS,3,8DC002,NATIVE_BODY,NATIVE_BODY,5,5,NONE,3,0,0,2,0,0,0,0,0,0,LINEAR_BUS_SEQUENCE,,00000000,0002C0,81F5A2,V02C_MATRIX_PLUS_PINNED_MESEN_CPU_SOURCE_ORDER_NO_GAMEPLAY
V05C001872,81:F5A5:E0M0X0,040FAD28,81,F5A5,0,0,0,E2,SEP,IMM8,2,E230,NATIVE_BODY,NATIVE_BODY,3,3,NONE,2,0,0,0,0,0,0,0,1,0,FIXED_IDLE_SEQUENCE,STATUS_PRE_IDLE,00002000,000030,81F5A5,V02C_MATRIX_PLUS_PINNED_MESEN_CPU_SOURCE_ORDER_NO_GAMEPLAY
V05C001873,81:F5A7:E0M1X1,040FAD3B,81,F5A7,0,1,1,20,JSR,ABS_JUMP,3,20F7F7,NATIVE_BODY,NATIVE_BODY,6,6,NONE,3,0,0,0,0,0,2,0,1,0,FIXED_IDLE_SEQUENCE,JSR_PRE_STACK_IDLE,00000020,00F7F7,81F5A7,V02C_MATRIX_PLUS_PINNED_MESEN_CPU_SOURCE_ORDER_NO_GAMEPLAY
V05C001874,81:F5AA:E0M1X1,040FAD53,81,F5AA,0,1,1,20,JSR,ABS_JUMP,3,208C9C,NATIVE_BODY,NATIVE_BODY,6,6,NONE,3,0,0,0,0,0,2,0,1,0,FIXED_IDLE_SEQUENCE,JSR_PRE_STACK_IDLE,00000020,009C8C,81F5AA,V02C_MATRIX_PLUS_PINNED_MESEN_CPU_SOURCE_ORDER_NO_GAMEPLAY
V05C001875,81:F5AD:E0M1X1,040FAD6B,81,F5AD,0,1,1,AD,LDA,ABS,3,AD4002,NATIVE_BODY,NATIVE_BODY,4,4,NONE,3,0,1,0,0,0,0,0,0,0,LINEAR_BUS_SEQUENCE,,00000000,000240,81F5AD,V02C_MATRIX_PLUS_PINNED_MESEN_CPU_SOURCE_ORDER_NO_GAMEPLAY
V05C001876,81:F5B0:E0M1X1,040FAD83,81,F5B0,0,1,1,D0,BNE,REL8,2,D0FB,NATIVE_BODY,NATIVE_BODY,2,3,BRANCH_TAKEN:+1,2,0,0,0,0,0,0,0,0,1,BRANCH_SEQUENCE,DYN_BRANCH_TAKEN_POST_IDLE,00000004,0000FB,81F5B0,V02C_MATRIX_PLUS_PINNED_MESEN_CPU_SOURCE_ORDER_NO_GAMEPLAY
V05C001877,81:F5B2:E0M1X1,040FAD93,81,F5B2,0,1,1,A9,LDA,IMM_M,2,A907,NATIVE_BODY,NATIVE_BODY,2,2,NONE,2,0,0,0,0,0,0,0,0,0,LINEAR_BUS_SEQUENCE,,00000000,000007,81F5B2,V02C_MATRIX_PLUS_PINNED_MESEN_CPU_SOURCE_ORDER_NO_GAMEPLAY
V05C001878,81:F5B4:E0M1X1,040FADA3,81,F5B4,0,1,1,22,JSL,ABSL_JUMP,4,2226F980,NATIVE_BODY,NATIVE_BODY,8,8,NONE,4,0,0,0,0,0,3,0,1,0,JSL_DEFERRED_BANK_FETCH,JSL_AFTER_PBR_PUSH_IDLE,00000010,80F926,81F5B4,V02C_MATRIX_PLUS_PINNED_MESEN_CPU_SOURCE_ORDER_NO_GAMEPLAY
V05C001879,81:F5B8:E0M1X1,040FADC3,81,F5B8,0,1,1,22,JSL,ABSL_JUMP,4,2282F980,NATIVE_BODY,NATIVE_BODY,8,8,NONE,4,0,0,0,0,0,3,0,1,0,JSL_DEFERRED_BANK_FETCH,JSL_AFTER_PBR_PUSH_IDLE,00000010,80F982,81F5B8,V02C_MATRIX_PLUS_PINNED_MESEN_CPU_SOURCE_ORDER_NO_GAMEPLAY
V05C001880,81:F5BC:E0M1X1,040FADE3,81,F5BC,0,1,1,60,RTS,IMP,1,60,NATIVE_BODY,NATIVE_BODY,6,6,NONE,1,0,0,0,0,2,0,0,3,0,RETURN_SEQUENCE,RETURN_PRE_IDLE;RETURN_PRE_IDLE;RTS_POST_POP_IDLE,00000180,000000,81F5BC,V02C_MATRIX_PLUS_PINNED_MESEN_CPU_SOURCE_ORDER_NO_GAMEPLAY
V05C001881,81:F5BD:E0M0X0,040FADE8,81,F5BD,0,0,0,E2,SEP,IMM8,2,E230,NATIVE_BODY,NATIVE_BODY,3,3,NONE,2,0,0,0,0,0,0,0,1,0,FIXED_IDLE_SEQUENCE,STATUS_PRE_IDLE,00002000,000030,81F5BD,V02C_MATRIX_PLUS_PINNED_MESEN_CPU_SOURCE_ORDER_NO_GAMEPLAY
V05C001882,81:F5BD:E0M1X1,040FADEB,81,F5BD,0,1,1,E2,SEP,IMM8,2,E230,NATIVE_BODY,NATIVE_BODY,3,3,NONE,2,0,0,0,0,0,0,0,1,0,FIXED_IDLE_SEQUENCE,STATUS_PRE_IDLE,00002000,000030,81F5BD,V02C_MATRIX_PLUS_PINNED_MESEN_CPU_SOURCE_ORDER_NO_GAMEPLAY
V05C001883,81:F5BF:E0M1X1,040FADFB,81,F5BF,0,1,1,AD,LDA,ABS,3,ADC202,NATIVE_BODY,NATIVE_BODY,4,4,NONE,3,0,1,0,0,0,0,0,0,0,LINEAR_BUS_SEQUENCE,,00000000,0002C2,81F5BF,V02C_MATRIX_PLUS_PINNED_MESEN_CPU_SOURCE_ORDER_NO_GAMEPLAY
V05C001884,81:F5C2:E0M1X1,040FAE13,81,F5C2,0,1,1,18,CLC,IMP,1,18,NATIVE_BODY,NATIVE_BODY,2,2,NONE,1,0,0,0,0,0,0,0,1,0,FIXED_IDLE_SEQUENCE,IMPLIED_PRE_IDLE,00000800,000000,81F5C2,V02C_MATRIX_PLUS_PINNED_MESEN_CPU_SOURCE_ORDER_NO_GAMEPLAY
V05C001885,81:F5C3:E0M1X1,040FAE1B,81,F5C3,0,1,1,6D,ADC,ABS,3,6DC502,NATIVE_BODY,NATIVE_BODY,4,4,NONE,3,0,1,0,0,0,0,0,0,0,LINEAR_BUS_SEQUENCE,,00000000,0002C5,81F5C3,V02C_MATRIX_PLUS_PINNED_MESEN_CPU_SOURCE_ORDER_NO_GAMEPLAY
V05C001886,81:F5C6:E0M1X1,040FAE33,81,F5C6,0,1,1,8D,STA,ABS,3,8DC202,NATIVE_BODY,NATIVE_BODY,4,4,NONE,3,0,0,1,0,0,0,0,0,0,LINEAR_BUS_SEQUENCE,,00000000,0002C2,81F5C6,V02C_MATRIX_PLUS_PINNED_MESEN_CPU_SOURCE_ORDER_NO_GAMEPLAY
V05C001887,81:F5C9:E0M1X1,040FAE4B,81,F5C9,0,1,1,C2,REP,IMM8,2,C230,NATIVE_BODY,NATIVE_BODY,3,3,NONE,2,0,0,0,0,0,0,0,1,0,FIXED_IDLE_SEQUENCE,STATUS_PRE_IDLE,00002000,000030,81F5C9,V02C_MATRIX_PLUS_PINNED_MESEN_CPU_SOURCE_ORDER_NO_GAMEPLAY
V05C001888,81:F5CB:E0M0X0,040FAE58,81,F5CB,0,0,0,AD,LDA,ABS,3,ADC002,NATIVE_BODY,NATIVE_BODY,5,5,NONE,3,0,2,0,0,0,0,0,0,0,LINEAR_BUS_SEQUENCE,,00000000,0002C0,81F5CB,V02C_MATRIX_PLUS_PINNED_MESEN_CPU_SOURCE_ORDER_NO_GAMEPLAY
V05C001889,81:F5CE:E0M0X0,040FAE70,81,F5CE,0,0,0,6D,ADC,ABS,3,6DC302,NATIVE_BODY,NATIVE_BODY,5,5,NONE,3,0,2,0,0,0,0,0,0,0,LINEAR_BUS_SEQUENCE,,00000000,0002C3,81F5CE,V02C_MATRIX_PLUS_PINNED_MESEN_CPU_SOURCE_ORDER_NO_GAMEPLAY
V05C001890,81:F5D1:E0M0X0,040FAE88,81,F5D1,0,0,0,8D,STA,ABS,3,8DC002,NATIVE_BODY,NATIVE_BODY,5,5,NONE,3,0,0,2,0,0,0,0,0,0,LINEAR_BUS_SEQUENCE,,00000000,0002C0,81F5D1,V02C_MATRIX_PLUS_PINNED_MESEN_CPU_SOURCE_ORDER_NO_GAMEPLAY
V05C001891,81:F5D4:E0M0X0,040FAEA0,81,F5D4,0,0,0,E2,SEP,IMM8,2,E230,NATIVE_BODY,NATIVE_BODY,3,3,NONE,2,0,0,0,0,0,0,0,1,0,FIXED_IDLE_SEQUENCE,STATUS_PRE_IDLE,00002000,000030,81F5D4,V02C_MATRIX_PLUS_PINNED_MESEN_CPU_SOURCE_ORDER_NO_GAMEPLAY
V05C001892,81:F5D6:E0M1X1,040FAEB3,81,F5D6,0,1,1,AD,LDA,ABS,3,ADC502,NATIVE_BODY,NATIVE_BODY,4,4,NONE,3,0,1,0,0,0,0,0,0,0,LINEAR_BUS_SEQUENCE,,00000000,0002C5,81F5D6,V02C_MATRIX_PLUS_PINNED_MESEN_CPU_SOURCE_ORDER_NO_GAMEPLAY
V05C001893,81:F5D9:E0M1X1,040FAECB,81,F5D9,0,1,1,18,CLC,IMP,1,18,NATIVE_BODY,NATIVE_BODY,2,2,NONE,1,0,0,0,0,0,0,0,1,0,FIXED_IDLE_SEQUENCE,IMPLIED_PRE_IDLE,00000800,000000,81F5D9,V02C_MATRIX_PLUS_PINNED_MESEN_CPU_SOURCE_ORDER_NO_GAMEPLAY
V05C001894,81:F5DA:E0M1X1,040FAED3,81,F5DA,0,1,1,69,ADC,IMM_M,2,6940,NATIVE_BODY,NATIVE_BODY,2,2,NONE,2,0,0,0,0,0,0,0,0,0,LINEAR_BUS_SEQUENCE,,00000000,000040,81F5DA,V02C_MATRIX_PLUS_PINNED_MESEN_CPU_SOURCE_ORDER_NO_GAMEPLAY
V05C001895,81:F5DC:E0M1X1,040FAEE3,81,F5DC,0,1,1,8D,STA,ABS,3,8DC502,NATIVE_BODY,NATIVE_BODY,4,4,NONE,3,0,0,1,0,0,0,0,0,0,LINEAR_BUS_SEQUENCE,,00000000,0002C5,81F5DC,V02C_MATRIX_PLUS_PINNED_MESEN_CPU_SOURCE_ORDER_NO_GAMEPLAY
V05C001896,81:F5DF:E0M1X1,040FAEFB,81,F5DF,0,1,1,C2,REP,IMM8,2,C230,NATIVE_BODY,NATIVE_BODY,3,3,NONE,2,0,0,0,0,0,0,0,1,0,FIXED_IDLE_SEQUENCE,STATUS_PRE_IDLE,00002000,000030,81F5DF,V02C_MATRIX_PLUS_PINNED_MESEN_CPU_SOURCE_ORDER_NO_GAMEPLAY
V05C001897,81:F5E1:E0M0X0,040FAF08,81,F5E1,0,0,0,AD,LDA,ABS,3,ADC302,NATIVE_BODY,NATIVE_BODY,5,5,NONE,3,0,2,0,0,0,0,0,0,0,LINEAR_BUS_SEQUENCE,,00000000,0002C3,81F5E1,V02C_MATRIX_PLUS_PINNED_MESEN_CPU_SOURCE_ORDER_NO_GAMEPLAY
V05C001898,81:F5E4:E0M0X0,040FAF20,81,F5E4,0,0,0,69,ADC,IMM_M,3,690000,NATIVE_BODY,NATIVE_BODY,3,3,NONE,3,0,0,0,0,0,0,0,0,0,LINEAR_BUS_SEQUENCE,,00000000,000000,81F5E4,V02C_MATRIX_PLUS_PINNED_MESEN_CPU_SOURCE_ORDER_NO_GAMEPLAY
V05C001899,81:F5E7:E0M0X0,040FAF38,81,F5E7,0,0,0,8D,STA,ABS,3,8DC302,NATIVE_BODY,NATIVE_BODY,5,5,NONE,3,0,0,2,0,0,0,0,0,0,LINEAR_BUS_SEQUENCE,,00000000,0002C3,81F5E7,V02C_MATRIX_PLUS_PINNED_MESEN_CPU_SOURCE_ORDER_NO_GAMEPLAY
V05C001900,81:F5EA:E0M0X0,040FAF50,81,F5EA,0,0,0,E2,SEP,IMM8,2,E230,NATIVE_BODY,NATIVE_BODY,3,3,NONE,2,0,0,0,0,0,0,0,1,0,FIXED_IDLE_SEQUENCE,STATUS_PRE_IDLE,00002000,000030,81F5EA,V02C_MATRIX_PLUS_PINNED_MESEN_CPU_SOURCE_ORDER_NO_GAMEPLAY
V05C001901,81:F5EC:E0M1X1,040FAF63,81,F5EC,0,1,1,60,RTS,IMP,1,60,NATIVE_BODY,NATIVE_BODY,6,6,NONE,1,0,0,0,0,2,0,0,3,0,RETURN_SEQUENCE,RETURN_PRE_IDLE;RETURN_PRE_IDLE;RTS_POST_POP_IDLE,00000180,000000,81F5EC,V02C_MATRIX_PLUS_PINNED_MESEN_CPU_SOURCE_ORDER_NO_GAMEPLAY
V05C001902,81:F5ED:E0M1X1,040FAF6B,81,F5ED,0,1,1,9C,STZ,ABS,3,9C8902,NATIVE_BODY,NATIVE_BODY,4,4,NONE,3,0,0,1,0,0,0,0,0,0,LINEAR_BUS_SEQUENCE,,00000000,000289,81F5ED,V02C_MATRIX_PLUS_PINNED_MESEN_CPU_SOURCE_ORDER_NO_GAMEPLAY
V05C001903,81:F5F0:E0M1X1,040FAF83,81,F5F0,0,1,1,C2,REP,IMM8,2,C230,NATIVE_BODY,NATIVE_BODY,3,3,NONE,2,0,0,0,0,0,0,0,1,0,FIXED_IDLE_SEQUENCE,STATUS_PRE_IDLE,00002000,000030,81F5F0,V02C_MATRIX_PLUS_PINNED_MESEN_CPU_SOURCE_ORDER_NO_GAMEPLAY
V05C001904,81:F5F2:E0M0X0,040FAF90,81,F5F2,0,0,0,29,AND,IMM_M,3,29FF00,NATIVE_BODY,NATIVE_BODY,3,3,NONE,3,0,0,0,0,0,0,0,0,0,LINEAR_BUS_SEQUENCE,,00000000,0000FF,81F5F2,V02C_MATRIX_PLUS_PINNED_MESEN_CPU_SOURCE_ORDER_NO_GAMEPLAY
V05C001905,81:F5F5:E0M0X0,040FAFA8,81,F5F5,0,0,0,0A,ASL,ACC,1,0A,NATIVE_BODY,NATIVE_BODY,2,2,NONE,1,0,0,0,0,0,0,0,1,0,FIXED_IDLE_SEQUENCE,IMPLIED_PRE_IDLE,00000800,000000,81F5F5,V02C_MATRIX_PLUS_PINNED_MESEN_CPU_SOURCE_ORDER_NO_GAMEPLAY
V05C001906,81:F5F6:E0M0X0,040FAFB0,81,F5F6,0,0,0,0A,ASL,ACC,1,0A,NATIVE_BODY,NATIVE_BODY,2,2,NONE,1,0,0,0,0,0,0,0,1,0,FIXED_IDLE_SEQUENCE,IMPLIED_PRE_IDLE,00000800,000000,81F5F6,V02C_MATRIX_PLUS_PINNED_MESEN_CPU_SOURCE_ORDER_NO_GAMEPLAY
V05C001907,81:F5F7:E0M0X0,040FAFB8,81,F5F7,0,0,0,0A,ASL,ACC,1,0A,NATIVE_BODY,NATIVE_BODY,2,2,NONE,1,0,0,0,0,0,0,0,1,0,FIXED_IDLE_SEQUENCE,IMPLIED_PRE_IDLE,00000800,000000,81F5F7,V02C_MATRIX_PLUS_PINNED_MESEN_CPU_SOURCE_ORDER_NO_GAMEPLAY
V05C001908,81:F5F8:E0M0X0,040FAFC0,81,F5F8,0,0,0,0A,ASL,ACC,1,0A,NATIVE_BODY,NATIVE_BODY,2,2,NONE,1,0,0,0,0,0,0,0,1,0,FIXED_IDLE_SEQUENCE,IMPLIED_PRE_IDLE,00000800,000000,81F5F8,V02C_MATRIX_PLUS_PINNED_MESEN_CPU_SOURCE_ORDER_NO_GAMEPLAY
V05C001909,81:F5F9:E0M0X0,040FAFC8,81,F5F9,0,0,0,0A,ASL,ACC,1,0A,NATIVE_BODY,NATIVE_BODY,2,2,NONE,1,0,0,0,0,0,0,0,1,0,FIXED_IDLE_SEQUENCE,IMPLIED_PRE_IDLE,00000800,000000,81F5F9,V02C_MATRIX_PLUS_PINNED_MESEN_CPU_SOURCE_ORDER_NO_GAMEPLAY
V05C001910,81:F5FA:E0M0X0,040FAFD0,81,F5FA,0,0,0,0A,ASL,ACC,1,0A,NATIVE_BODY,NATIVE_BODY,2,2,NONE,1,0,0,0,0,0,0,0,1,0,FIXED_IDLE_SEQUENCE,IMPLIED_PRE_IDLE,00000800,000000,81F5FA,V02C_MATRIX_PLUS_PINNED_MESEN_CPU_SOURCE_ORDER_NO_GAMEPLAY
V05C001911,81:F5FB:E0M0X0,040FAFD8,81,F5FB,0,0,0,8D,STA,ABS,3,8DC002,NATIVE_BODY,NATIVE_BODY,5,5,NONE,3,0,0,2,0,0,0,0,0,0,LINEAR_BUS_SEQUENCE,,00000000,0002C0,81F5FB,V02C_MATRIX_PLUS_PINNED_MESEN_CPU_SOURCE_ORDER_NO_GAMEPLAY
V05C001912,81:F5FE:E0M0X0,040FAFF0,81,F5FE,0,0,0,C2,REP,IMM8,2,C230,NATIVE_BODY,NATIVE_BODY,3,3,NONE,2,0,0,0,0,0,0,0,1,0,FIXED_IDLE_SEQUENCE,STATUS_PRE_IDLE,00002000,000030,81F5FE,V02C_MATRIX_PLUS_PINNED_MESEN_CPU_SOURCE_ORDER_NO_GAMEPLAY
V05C001913,81:F5FE:E0M1X1,040FAFF3,81,F5FE,0,1,1,C2,REP,IMM8,2,C230,NATIVE_BODY,NATIVE_BODY,3,3,NONE,2,0,0,0,0,0,0,0,1,0,FIXED_IDLE_SEQUENCE,STATUS_PRE_IDLE,00002000,000030,81F5FE,V02C_MATRIX_PLUS_PINNED_MESEN_CPU_SOURCE_ORDER_NO_GAMEPLAY
V05C001914,81:F600:E0M0X0,040FB000,81,F600,0,0,0,CE,DEC,ABS,3,CEC002,NATIVE_BODY,NATIVE_BODY,8,8,NONE,3,0,2,2,0,0,0,0,1,0,RMW_SEQUENCE,RMW_INTERMEDIATE_IDLE,00010000,0002C0,81F600,V02C_MATRIX_PLUS_PINNED_MESEN_CPU_SOURCE_ORDER_NO_GAMEPLAY
V05C001915,81:F603:E0M0X0,040FB018,81,F603,0,0,0,E2,SEP,IMM8,2,E230,NATIVE_BODY,NATIVE_BODY,3,3,NONE,2,0,0,0,0,0,0,0,1,0,FIXED_IDLE_SEQUENCE,STATUS_PRE_IDLE,00002000,000030,81F603,V02C_MATRIX_PLUS_PINNED_MESEN_CPU_SOURCE_ORDER_NO_GAMEPLAY
V05C001916,81:F605:E0M1X1,040FB02B,81,F605,0,1,1,F0,BEQ,REL8,2,F01E,NATIVE_BODY,NATIVE_BODY,2,3,BRANCH_TAKEN:+1,2,0,0,0,0,0,0,0,0,1,BRANCH_SEQUENCE,DYN_BRANCH_TAKEN_POST_IDLE,00000004,00001E,81F605,V02C_MATRIX_PLUS_PINNED_MESEN_CPU_SOURCE_ORDER_NO_GAMEPLAY
V05C001917,81:F607:E0M1X1,040FB03B,81,F607,0,1,1,AD,LDA,ABS,3,AD3003,NATIVE_BODY,NATIVE_BODY,4,4,NONE,3,0,1,0,0,0,0,0,0,0,LINEAR_BUS_SEQUENCE,,00000000,000330,81F607,V02C_MATRIX_PLUS_PINNED_MESEN_CPU_SOURCE_ORDER_NO_GAMEPLAY
V05C001918,81:F60A:E0M1X1,040FB053,81,F60A,0,1,1,D0,BNE,REL8,2,D005,NATIVE_BODY,NATIVE_BODY,2,3,BRANCH_TAKEN:+1,2,0,0,0,0,0,0,0,0,1,BRANCH_SEQUENCE,DYN_BRANCH_TAKEN_POST_IDLE,00000004,000005,81F60A,V02C_MATRIX_PLUS_PINNED_MESEN_CPU_SOURCE_ORDER_NO_GAMEPLAY
V05C001919,81:F60C:E0M1X1,040FB063,81,F60C,0,1,1,AD,LDA,ABS,3,AD8902,NATIVE_BODY,NATIVE_BODY,4,4,NONE,3,0,1,0,0,0,0,0,0,0,LINEAR_BUS_SEQUENCE,,00000000,000289,81F60C,V02C_MATRIX_PLUS_PINNED_MESEN_CPU_SOURCE_ORDER_NO_GAMEPLAY
V05C001920,81:F60F:E0M1X1,040FB07B,81,F60F,0,1,1,D0,BNE,REL8,2,D00A,NATIVE_BODY,NATIVE_BODY,2,3,BRANCH_TAKEN:+1,2,0,0,0,0,0,0,0,0,1,BRANCH_SEQUENCE,DYN_BRANCH_TAKEN_POST_IDLE,00000004,00000A,81F60F,V02C_MATRIX_PLUS_PINNED_MESEN_CPU_SOURCE_ORDER_NO_GAMEPLAY
V05C001921,81:F611:E0M1X1,040FB08B,81,F611,0,1,1,AD,LDA,ABS,3,AD7E12,NATIVE_BODY,NATIVE_BODY,4,4,NONE,3,0,1,0,0,0,0,0,0,0,LINEAR_BUS_SEQUENCE,,00000000,00127E,81F611,V02C_MATRIX_PLUS_PINNED_MESEN_CPU_SOURCE_ORDER_NO_GAMEPLAY
V05C001922,81:F614:E0M1X1,040FB0A3,81,F614,0,1,1,CD,CMP,ABS,3,CD7E12,NATIVE_BODY,NATIVE_BODY,4,4,NONE,3,0,1,0,0,0,0,0,0,0,LINEAR_BUS_SEQUENCE,,00000000,00127E,81F614,V02C_MATRIX_PLUS_PINNED_MESEN_CPU_SOURCE_ORDER_NO_GAMEPLAY
V05C001923,81:F617:E0M1X1,040FB0BB,81,F617,0,1,1,F0,BEQ,REL8,2,F0FB,NATIVE_BODY,NATIVE_BODY,2,3,BRANCH_TAKEN:+1,2,0,0,0,0,0,0,0,0,1,BRANCH_SEQUENCE,DYN_BRANCH_TAKEN_POST_IDLE,00000004,0000FB,81F617,V02C_MATRIX_PLUS_PINNED_MESEN_CPU_SOURCE_ORDER_NO_GAMEPLAY
V05C001924,81:F619:E0M1X1,040FB0CB,81,F619,0,1,1,80,BRA,REL8,2,80E3,NATIVE_BODY,NATIVE_BODY,3,3,NONE,2,0,0,0,0,0,0,0,1,0,BRANCH_SEQUENCE,BRANCH_ALWAYS_POST_IDLE,00004000,0000E3,81F619,V02C_MATRIX_PLUS_PINNED_MESEN_CPU_SOURCE_ORDER_NO_GAMEPLAY
V05C001925,81:F61B:E0M1X1,040FB0DB,81,F61B,0,1,1,22,JSL,ABSL_JUMP,4,223EFB80,NATIVE_BODY,NATIVE_BODY,8,8,NONE,4,0,0,0,0,0,3,0,1,0,JSL_DEFERRED_BANK_FETCH,JSL_AFTER_PBR_PUSH_IDLE,00000010,80FB3E,81F61B,V02C_MATRIX_PLUS_PINNED_MESEN_CPU_SOURCE_ORDER_NO_GAMEPLAY
V05C001926,81:F61F:E0M1X1,040FB0FB,81,F61F,0,1,1,22,JSL,ABSL_JUMP,4,2282F980,NATIVE_BODY,NATIVE_BODY,8,8,NONE,4,0,0,0,0,0,3,0,1,0,JSL_DEFERRED_BANK_FETCH,JSL_AFTER_PBR_PUSH_IDLE,00000010,80F982,81F61F,V02C_MATRIX_PLUS_PINNED_MESEN_CPU_SOURCE_ORDER_NO_GAMEPLAY
V05C001927,81:F623:E0M1X1,040FB11B,81,F623,0,1,1,38,SEC,IMP,1,38,NATIVE_BODY,NATIVE_BODY,2,2,NONE,1,0,0,0,0,0,0,0,1,0,FIXED_IDLE_SEQUENCE,IMPLIED_PRE_IDLE,00000800,000000,81F623,V02C_MATRIX_PLUS_PINNED_MESEN_CPU_SOURCE_ORDER_NO_GAMEPLAY
V05C001928,81:F624:E0M1X1,040FB123,81,F624,0,1,1,60,RTS,IMP,1,60,NATIVE_BODY,NATIVE_BODY,6,6,NONE,1,0,0,0,0,2,0,0,3,0,RETURN_SEQUENCE,RETURN_PRE_IDLE;RETURN_PRE_IDLE;RTS_POST_POP_IDLE,00000180,000000,81F624,V02C_MATRIX_PLUS_PINNED_MESEN_CPU_SOURCE_ORDER_NO_GAMEPLAY
V05C001929,81:F625:E0M1X1,040FB12B,81,F625,0,1,1,18,CLC,IMP,1,18,NATIVE_BODY,NATIVE_BODY,2,2,NONE,1,0,0,0,0,0,0,0,1,0,FIXED_IDLE_SEQUENCE,IMPLIED_PRE_IDLE,00000800,000000,81F625,V02C_MATRIX_PLUS_PINNED_MESEN_CPU_SOURCE_ORDER_NO_GAMEPLAY
V05C001930,81:F626:E0M1X1,040FB133,81,F626,0,1,1,60,RTS,IMP,1,60,NATIVE_BODY,NATIVE_BODY,6,6,NONE,1,0,0,0,0,2,0,0,3,0,RETURN_SEQUENCE,RETURN_PRE_IDLE;RETURN_PRE_IDLE;RTS_POST_POP_IDLE,00000180,000000,81F626,V02C_MATRIX_PLUS_PINNED_MESEN_CPU_SOURCE_ORDER_NO_GAMEPLAY
V05C001931,81:F650:E0M1X1,040FB283,81,F650,0,1,1,9C,STZ,ABS,3,9C3021,NATIVE_BODY,NATIVE_BODY,4,4,NONE,3,0,0,1,0,0,0,0,0,0,LINEAR_BUS_SEQUENCE,,00000000,002130,81F650,V02C_MATRIX_PLUS_PINNED_MESEN_CPU_SOURCE_ORDER_NO_GAMEPLAY
V05C001932,81:F653:E0M1X1,040FB29B,81,F653,0,1,1,A9,LDA,IMM_M,2,A9E0,NATIVE_BODY,NATIVE_BODY,2,2,NONE,2,0,0,0,0,0,0,0,0,0,LINEAR_BUS_SEQUENCE,,00000000,0000E0,81F653,V02C_MATRIX_PLUS_PINNED_MESEN_CPU_SOURCE_ORDER_NO_GAMEPLAY
V05C001933,81:F655:E0M1X1,040FB2AB,81,F655,0,1,1,8D,STA,ABS,3,8DC002,NATIVE_BODY,NATIVE_BODY,4,4,NONE,3,0,0,1,0,0,0,0,0,0,LINEAR_BUS_SEQUENCE,,00000000,0002C0,81F655,V02C_MATRIX_PLUS_PINNED_MESEN_CPU_SOURCE_ORDER_NO_GAMEPLAY
V05C001934,81:F658:E0M1X1,040FB2C3,81,F658,0,1,1,8D,STA,ABS,3,8D3221,NATIVE_BODY,NATIVE_BODY,4,4,NONE,3,0,0,1,0,0,0,0,0,0,LINEAR_BUS_SEQUENCE,,00000000,002132,81F658,V02C_MATRIX_PLUS_PINNED_MESEN_CPU_SOURCE_ORDER_NO_GAMEPLAY
V05C001935,81:F65B:E0M1X1,040FB2DB,81,F65B,0,1,1,A9,LDA,IMM_M,2,A9AF,NATIVE_BODY,NATIVE_BODY,2,2,NONE,2,0,0,0,0,0,0,0,0,0,LINEAR_BUS_SEQUENCE,,00000000,0000AF,81F65B,V02C_MATRIX_PLUS_PINNED_MESEN_CPU_SOURCE_ORDER_NO_GAMEPLAY
V05C001936,81:F65D:E0M1X1,040FB2EB,81,F65D,0,1,1,8D,STA,ABS,3,8D3121,NATIVE_BODY,NATIVE_BODY,4,4,NONE,3,0,0,1,0,0,0,0,0,0,LINEAR_BUS_SEQUENCE,,00000000,002131,81F65D,V02C_MATRIX_PLUS_PINNED_MESEN_CPU_SOURCE_ORDER_NO_GAMEPLAY
V05C001937,81:F660:E0M1X1,040FB303,81,F660,0,1,1,20,JSR,ABS_JUMP,3,208C9C,NATIVE_BODY,NATIVE_BODY,6,6,NONE,3,0,0,0,0,0,2,0,1,0,FIXED_IDLE_SEQUENCE,JSR_PRE_STACK_IDLE,00000020,009C8C,81F660,V02C_MATRIX_PLUS_PINNED_MESEN_CPU_SOURCE_ORDER_NO_GAMEPLAY
V05C001938,81:F663:E0M1X1,040FB31B,81,F663,0,1,1,AD,LDA,ABS,3,AD4002,NATIVE_BODY,NATIVE_BODY,4,4,NONE,3,0,1,0,0,0,0,0,0,0,LINEAR_BUS_SEQUENCE,,00000000,000240,81F663,V02C_MATRIX_PLUS_PINNED_MESEN_CPU_SOURCE_ORDER_NO_GAMEPLAY
V05C001939,81:F666:E0M1X1,040FB333,81,F666,0,1,1,D0,BNE,REL8,2,D0FB,NATIVE_BODY,NATIVE_BODY,2,3,BRANCH_TAKEN:+1,2,0,0,0,0,0,0,0,0,1,BRANCH_SEQUENCE,DYN_BRANCH_TAKEN_POST_IDLE,00000004,0000FB,81F666,V02C_MATRIX_PLUS_PINNED_MESEN_CPU_SOURCE_ORDER_NO_GAMEPLAY
V05C001940,81:F668:E0M1X1,040FB343,81,F668,0,1,1,EE,INC,ABS,3,EEC002,NATIVE_BODY,NATIVE_BODY,6,6,NONE,3,0,1,1,0,0,0,0,1,0,RMW_SEQUENCE,RMW_INTERMEDIATE_IDLE,00010000,0002C0,81F668,V02C_MATRIX_PLUS_PINNED_MESEN_CPU_SOURCE_ORDER_NO_GAMEPLAY
V05C001941,81:F66B:E0M1X1,040FB35B,81,F66B,0,1,1,AD,LDA,ABS,3,ADC002,NATIVE_BODY,NATIVE_BODY,4,4,NONE,3,0,1,0,0,0,0,0,0,0,LINEAR_BUS_SEQUENCE,,00000000,0002C0,81F66B,V02C_MATRIX_PLUS_PINNED_MESEN_CPU_SOURCE_ORDER_NO_GAMEPLAY
V05C001942,81:F66E:E0M1X1,040FB373,81,F66E,0,1,1,8D,STA,ABS,3,8D3221,NATIVE_BODY,NATIVE_BODY,4,4,NONE,3,0,0,1,0,0,0,0,0,0,LINEAR_BUS_SEQUENCE,,00000000,002132,81F66E,V02C_MATRIX_PLUS_PINNED_MESEN_CPU_SOURCE_ORDER_NO_GAMEPLAY
V05C001943,81:F671:E0M1X1,040FB38B,81,F671,0,1,1,C9,CMP,IMM_M,2,C9FF,NATIVE_BODY,NATIVE_BODY,2,2,NONE,2,0,0,0,0,0,0,0,0,0,LINEAR_BUS_SEQUENCE,,00000000,0000FF,81F671,V02C_MATRIX_PLUS_PINNED_MESEN_CPU_SOURCE_ORDER_NO_GAMEPLAY
V05C001944,81:F673:E0M1X1,040FB39B,81,F673,0,1,1,D0,BNE,REL8,2,D0EB,NATIVE_BODY,NATIVE_BODY,2,3,BRANCH_TAKEN:+1,2,0,0,0,0,0,0,0,0,1,BRANCH_SEQUENCE,DYN_BRANCH_TAKEN_POST_IDLE,00000004,0000EB,81F673,V02C_MATRIX_PLUS_PINNED_MESEN_CPU_SOURCE_ORDER_NO_GAMEPLAY
V05C001945,81:F675:E0M1X1,040FB3AB,81,F675,0,1,1,60,RTS,IMP,1,60,NATIVE_BODY,NATIVE_BODY,6,6,NONE,1,0,0,0,0,2,0,0,3,0,RETURN_SEQUENCE,RETURN_PRE_IDLE;RETURN_PRE_IDLE;RTS_POST_POP_IDLE,00000180,000000,81F675,V02C_MATRIX_PLUS_PINNED_MESEN_CPU_SOURCE_ORDER_NO_GAMEPLAY
V05C001946,81:F676:E0M1X1,040FB3B3,81,F676,0,1,1,C2,REP,IMM8,2,C220,NATIVE_BODY,NATIVE_BODY,3,3,NONE,2,0,0,0,0,0,0,0,1,0,FIXED_IDLE_SEQUENCE,STATUS_PRE_IDLE,00002000,000020,81F676,V02C_MATRIX_PLUS_PINNED_MESEN_CPU_SOURCE_ORDER_NO_GAMEPLAY
V05C001947,81:F678:E0M0X1,040FB3C1,81,F678,0,0,1,A9,LDA,IMM_M,3,A90008,NATIVE_BODY,NATIVE_BODY,3,3,NONE,3,0,0,0,0,0,0,0,0,0,LINEAR_BUS_SEQUENCE,,00000000,000800,81F678,V02C_MATRIX_PLUS_PINNED_MESEN_CPU_SOURCE_ORDER_NO_GAMEPLAY
V05C001948,81:F67B:E0M0X1,040FB3D9,81,F67B,0,0,1,8D,STA,ABS,3,8D1621,NATIVE_BODY,NATIVE_BODY,5,5,NONE,3,0,0,2,0,0,0,0,0,0,LINEAR_BUS_SEQUENCE,,00000000,002116,81F67B,V02C_MATRIX_PLUS_PINNED_MESEN_CPU_SOURCE_ORDER_NO_GAMEPLAY
V05C001949,81:F67E:E0M0X1,040FB3F1,81,F67E,0,0,1,A9,LDA,IMM_M,3,A90035,NATIVE_BODY,NATIVE_BODY,3,3,NONE,3,0,0,0,0,0,0,0,0,0,LINEAR_BUS_SEQUENCE,,00000000,003500,81F67E,V02C_MATRIX_PLUS_PINNED_MESEN_CPU_SOURCE_ORDER_NO_GAMEPLAY
V05C001950,81:F681:E0M0X1,040FB409,81,F681,0,0,1,8D,STA,ABS,3,8D0243,NATIVE_BODY,NATIVE_BODY,5,5,NONE,3,0,0,2,0,0,0,0,0,0,LINEAR_BUS_SEQUENCE,,00000000,004302,81F681,V02C_MATRIX_PLUS_PINNED_MESEN_CPU_SOURCE_ORDER_NO_GAMEPLAY
V05C001951,81:F684:E0M0X1,040FB421,81,F684,0,0,1,A9,LDA,IMM_M,3,A90010,NATIVE_BODY,NATIVE_BODY,3,3,NONE,3,0,0,0,0,0,0,0,0,0,LINEAR_BUS_SEQUENCE,,00000000,001000,81F684,V02C_MATRIX_PLUS_PINNED_MESEN_CPU_SOURCE_ORDER_NO_GAMEPLAY
V05C001952,81:F687:E0M0X1,040FB439,81,F687,0,0,1,8D,STA,ABS,3,8D0543,NATIVE_BODY,NATIVE_BODY,5,5,NONE,3,0,0,2,0,0,0,0,0,0,LINEAR_BUS_SEQUENCE,,00000000,004305,81F687,V02C_MATRIX_PLUS_PINNED_MESEN_CPU_SOURCE_ORDER_NO_GAMEPLAY
V05C001953,81:F68A:E0M0X1,040FB451,81,F68A,0,0,1,E2,SEP,IMM8,2,E220,NATIVE_BODY,NATIVE_BODY,3,3,NONE,2,0,0,0,0,0,0,0,1,0,FIXED_IDLE_SEQUENCE,STATUS_PRE_IDLE,00002000,000020,81F68A,V02C_MATRIX_PLUS_PINNED_MESEN_CPU_SOURCE_ORDER_NO_GAMEPLAY
V05C001954,81:F68C:E0M1X1,040FB463,81,F68C,0,1,1,A9,LDA,IMM_M,2,A901,NATIVE_BODY,NATIVE_BODY,2,2,NONE,2,0,0,0,0,0,0,0,0,0,LINEAR_BUS_SEQUENCE,,00000000,000001,81F68C,V02C_MATRIX_PLUS_PINNED_MESEN_CPU_SOURCE_ORDER_NO_GAMEPLAY
V05C001955,81:F68E:E0M1X1,040FB473,81,F68E,0,1,1,8D,STA,ABS,3,8D0043,NATIVE_BODY,NATIVE_BODY,4,4,NONE,3,0,0,1,0,0,0,0,0,0,LINEAR_BUS_SEQUENCE,,00000000,004300,81F68E,V02C_MATRIX_PLUS_PINNED_MESEN_CPU_SOURCE_ORDER_NO_GAMEPLAY
V05C001956,81:F691:E0M1X1,040FB48B,81,F691,0,1,1,A9,LDA,IMM_M,2,A918,NATIVE_BODY,NATIVE_BODY,2,2,NONE,2,0,0,0,0,0,0,0,0,0,LINEAR_BUS_SEQUENCE,,00000000,000018,81F691,V02C_MATRIX_PLUS_PINNED_MESEN_CPU_SOURCE_ORDER_NO_GAMEPLAY
V05C001957,81:F693:E0M1X1,040FB49B,81,F693,0,1,1,8D,STA,ABS,3,8D0143,NATIVE_BODY,NATIVE_BODY,4,4,NONE,3,0,0,1,0,0,0,0,0,0,LINEAR_BUS_SEQUENCE,,00000000,004301,81F693,V02C_MATRIX_PLUS_PINNED_MESEN_CPU_SOURCE_ORDER_NO_GAMEPLAY
V05C001958,81:F696:E0M1X1,040FB4B3,81,F696,0,1,1,A9,LDA,IMM_M,2,A97E,NATIVE_BODY,NATIVE_BODY,2,2,NONE,2,0,0,0,0,0,0,0,0,0,LINEAR_BUS_SEQUENCE,,00000000,00007E,81F696,V02C_MATRIX_PLUS_PINNED_MESEN_CPU_SOURCE_ORDER_NO_GAMEPLAY
V05C001959,81:F698:E0M1X1,040FB4C3,81,F698,0,1,1,8D,STA,ABS,3,8D0443,NATIVE_BODY,NATIVE_BODY,4,4,NONE,3,0,0,1,0,0,0,0,0,0,LINEAR_BUS_SEQUENCE,,00000000,004304,81F698,V02C_MATRIX_PLUS_PINNED_MESEN_CPU_SOURCE_ORDER_NO_GAMEPLAY
V05C001960,81:F69B:E0M1X1,040FB4DB,81,F69B,0,1,1,EE,INC,ABS,3,EE9702,NATIVE_BODY,NATIVE_BODY,6,6,NONE,3,0,1,1,0,0,0,0,1,0,RMW_SEQUENCE,RMW_INTERMEDIATE_IDLE,00010000,000297,81F69B,V02C_MATRIX_PLUS_PINNED_MESEN_CPU_SOURCE_ORDER_NO_GAMEPLAY
V05C001961,81:F69E:E0M1X1,040FB4F3,81,F69E,0,1,1,AD,LDA,ABS,3,AD9702,NATIVE_BODY,NATIVE_BODY,4,4,NONE,3,0,1,0,0,0,0,0,0,0,LINEAR_BUS_SEQUENCE,,00000000,000297,81F69E,V02C_MATRIX_PLUS_PINNED_MESEN_CPU_SOURCE_ORDER_NO_GAMEPLAY
V05C001962,81:F6A1:E0M1X1,040FB50B,81,F6A1,0,1,1,D0,BNE,REL8,2,D0FB,NATIVE_BODY,NATIVE_BODY,2,3,BRANCH_TAKEN:+1,2,0,0,0,0,0,0,0,0,1,BRANCH_SEQUENCE,DYN_BRANCH_TAKEN_POST_IDLE,00000004,0000FB,81F6A1,V02C_MATRIX_PLUS_PINNED_MESEN_CPU_SOURCE_ORDER_NO_GAMEPLAY
V05C001963,81:F6A3:E0M1X1,040FB51B,81,F6A3,0,1,1,60,RTS,IMP,1,60,NATIVE_BODY,NATIVE_BODY,6,6,NONE,1,0,0,0,0,2,0,0,3,0,RETURN_SEQUENCE,RETURN_PRE_IDLE;RETURN_PRE_IDLE;RTS_POST_POP_IDLE,00000180,000000,81F6A3,V02C_MATRIX_PLUS_PINNED_MESEN_CPU_SOURCE_ORDER_NO_GAMEPLAY
V05C001964,81:F6A4:E0M1X1,040FB523,81,F6A4,0,1,1,A9,LDA,IMM_M,2,A900,NATIVE_BODY,NATIVE_BODY,2,2,NONE,2,0,0,0,0,0,0,0,0,0,LINEAR_BUS_SEQUENCE,,00000000,000000,81F6A4,V02C_MATRIX_PLUS_PINNED_MESEN_CPU_SOURCE_ORDER_NO_GAMEPLAY
V05C001965,81:F6A6:E0M1X1,040FB533,81,F6A6,0,1,1,20,JSR,ABS_JUMP,3,201CF7,NATIVE_BODY,NATIVE_BODY,6,6,NONE,3,0,0,0,0,0,2,0,1,0,FIXED_IDLE_SEQUENCE,JSR_PRE_STACK_IDLE,00000020,00F71C,81F6A6,V02C_MATRIX_PLUS_PINNED_MESEN_CPU_SOURCE_ORDER_NO_GAMEPLAY
V05C001966,81:F6A9:E0M1X1,040FB54B,81,F6A9,0,1,1,90,BCC,REL8,2,9001,NATIVE_BODY,NATIVE_BODY,2,3,BRANCH_TAKEN:+1,2,0,0,0,0,0,0,0,0,1,BRANCH_SEQUENCE,DYN_BRANCH_TAKEN_POST_IDLE,00000004,000001,81F6A9,V02C_MATRIX_PLUS_PINNED_MESEN_CPU_SOURCE_ORDER_NO_GAMEPLAY
V05C001967,81:F6AB:E0M1X1,040FB55B,81,F6AB,0,1,1,60,RTS,IMP,1,60,NATIVE_BODY,NATIVE_BODY,6,6,NONE,1,0,0,0,0,2,0,0,3,0,RETURN_SEQUENCE,RETURN_PRE_IDLE;RETURN_PRE_IDLE;RTS_POST_POP_IDLE,00000180,000000,81F6AB,V02C_MATRIX_PLUS_PINNED_MESEN_CPU_SOURCE_ORDER_NO_GAMEPLAY
V05C001968,81:F6AC:E0M1X1,040FB563,81,F6AC,0,1,1,AD,LDA,ABS,3,ADB813,NATIVE_BODY,NATIVE_BODY,4,4,NONE,3,0,1,0,0,0,0,0,0,0,LINEAR_BUS_SEQUENCE,,00000000,0013B8,81F6AC,V02C_MATRIX_PLUS_PINNED_MESEN_CPU_SOURCE_ORDER_NO_GAMEPLAY
V05C001969,81:F6AF:E0M1X1,040FB57B,81,F6AF,0,1,1,F0,BEQ,REL8,2,F046,NATIVE_BODY,NATIVE_BODY,2,3,BRANCH_TAKEN:+1,2,0,0,0,0,0,0,0,0,1,BRANCH_SEQUENCE,DYN_BRANCH_TAKEN_POST_IDLE,00000004,000046,81F6AF,V02C_MATRIX_PLUS_PINNED_MESEN_CPU_SOURCE_ORDER_NO_GAMEPLAY
V05C001970,81:F6B1:E0M1X1,040FB58B,81,F6B1,0,1,1,3A,DEC,ACC,1,3A,NATIVE_BODY,NATIVE_BODY,2,2,NONE,1,0,0,0,0,0,0,0,1,0,FIXED_IDLE_SEQUENCE,IMPLIED_PRE_IDLE,00000800,000000,81F6B1,V02C_MATRIX_PLUS_PINNED_MESEN_CPU_SOURCE_ORDER_NO_GAMEPLAY
V05C001971,81:F6B2:E0M1X1,040FB593,81,F6B2,0,1,1,F0,BEQ,REL8,2,F03B,NATIVE_BODY,NATIVE_BODY,2,3,BRANCH_TAKEN:+1,2,0,0,0,0,0,0,0,0,1,BRANCH_SEQUENCE,DYN_BRANCH_TAKEN_POST_IDLE,00000004,00003B,81F6B2,V02C_MATRIX_PLUS_PINNED_MESEN_CPU_SOURCE_ORDER_NO_GAMEPLAY
V05C001972,81:F6B4:E0M1X1,040FB5A3,81,F6B4,0,1,1,9C,STZ,ABS,3,9C1B03,NATIVE_BODY,NATIVE_BODY,4,4,NONE,3,0,0,1,0,0,0,0,0,0,LINEAR_BUS_SEQUENCE,,00000000,00031B,81F6B4,V02C_MATRIX_PLUS_PINNED_MESEN_CPU_SOURCE_ORDER_NO_GAMEPLAY
V05C001973,81:F6B7:E0M1X1,040FB5BB,81,F6B7,0,1,1,A9,LDA,IMM_M,2,A901,NATIVE_BODY,NATIVE_BODY,2,2,NONE,2,0,0,0,0,0,0,0,0,0,LINEAR_BUS_SEQUENCE,,00000000,000001,81F6B7,V02C_MATRIX_PLUS_PINNED_MESEN_CPU_SOURCE_ORDER_NO_GAMEPLAY
V05C001974,81:F6B9:E0M1X1,040FB5CB,81,F6B9,0,1,1,8D,STA,ABS,3,8D1C03,NATIVE_BODY,NATIVE_BODY,4,4,NONE,3,0,0,1,0,0,0,0,0,0,LINEAR_BUS_SEQUENCE,,00000000,00031C,81F6B9,V02C_MATRIX_PLUS_PINNED_MESEN_CPU_SOURCE_ORDER_NO_GAMEPLAY
V05C001975,81:F6BC:E0M1X1,040FB5E3,81,F6BC,0,1,1,C2,REP,IMM8,2,C220,NATIVE_BODY,NATIVE_BODY,3,3,NONE,2,0,0,0,0,0,0,0,1,0,FIXED_IDLE_SEQUENCE,STATUS_PRE_IDLE,00002000,000020,81F6BC,V02C_MATRIX_PLUS_PINNED_MESEN_CPU_SOURCE_ORDER_NO_GAMEPLAY
V05C001976,81:F6BE:E0M0X1,040FB5F1,81,F6BE,0,0,1,A9,LDA,IMM_M,3,A90303,NATIVE_BODY,NATIVE_BODY,3,3,NONE,3,0,0,0,0,0,0,0,0,0,LINEAR_BUS_SEQUENCE,,00000000,000303,81F6BE,V02C_MATRIX_PLUS_PINNED_MESEN_CPU_SOURCE_ORDER_NO_GAMEPLAY
V05C001977,81:F6C1:E0M0X1,040FB609,81,F6C1,0,0,1,8D,STA,ABS,3,8DF60D,NATIVE_BODY,NATIVE_BODY,5,5,NONE,3,0,0,2,0,0,0,0,0,0,LINEAR_BUS_SEQUENCE,,00000000,000DF6,81F6C1,V02C_MATRIX_PLUS_PINNED_MESEN_CPU_SOURCE_ORDER_NO_GAMEPLAY
V05C001978,81:F6C4:E0M0X1,040FB621,81,F6C4,0,0,1,8D,STA,ABS,3,8DFA0D,NATIVE_BODY,NATIVE_BODY,5,5,NONE,3,0,0,2,0,0,0,0,0,0,LINEAR_BUS_SEQUENCE,,00000000,000DFA,81F6C4,V02C_MATRIX_PLUS_PINNED_MESEN_CPU_SOURCE_ORDER_NO_GAMEPLAY
V05C001979,81:F6C7:E0M0X1,040FB639,81,F6C7,0,0,1,8D,STA,ABS,3,8D020E,NATIVE_BODY,NATIVE_BODY,5,5,NONE,3,0,0,2,0,0,0,0,0,0,LINEAR_BUS_SEQUENCE,,00000000,000E02,81F6C7,V02C_MATRIX_PLUS_PINNED_MESEN_CPU_SOURCE_ORDER_NO_GAMEPLAY
V05C001980,81:F6CA:E0M0X1,040FB651,81,F6CA,0,0,1,8D,STA,ABS,3,8DFE0D,NATIVE_BODY,NATIVE_BODY,5,5,NONE,3,0,0,2,0,0,0,0,0,0,LINEAR_BUS_SEQUENCE,,00000000,000DFE,81F6CA,V02C_MATRIX_PLUS_PINNED_MESEN_CPU_SOURCE_ORDER_NO_GAMEPLAY
V05C001981,81:F6CD:E0M0X1,040FB669,81,F6CD,0,0,1,A9,LDA,IMM_M,3,A90707,NATIVE_BODY,NATIVE_BODY,3,3,NONE,3,0,0,0,0,0,0,0,0,0,LINEAR_BUS_SEQUENCE,,00000000,000707,81F6CD,V02C_MATRIX_PLUS_PINNED_MESEN_CPU_SOURCE_ORDER_NO_GAMEPLAY
V05C001982,81:F6D0:E0M0X1,040FB681,81,F6D0,0,0,1,8D,STA,ABS,3,8D6F0E,NATIVE_BODY,NATIVE_BODY,5,5,NONE,3,0,0,2,0,0,0,0,0,0,LINEAR_BUS_SEQUENCE,,00000000,000E6F,81F6D0,V02C_MATRIX_PLUS_PINNED_MESEN_CPU_SOURCE_ORDER_NO_GAMEPLAY
V05C001983,81:F6D3:E0M0X1,040FB699,81,F6D3,0,0,1,8D,STA,ABS,3,8D730E,NATIVE_BODY,NATIVE_BODY,5,5,NONE,3,0,0,2,0,0,0,0,0,0,LINEAR_BUS_SEQUENCE,,00000000,000E73,81F6D3,V02C_MATRIX_PLUS_PINNED_MESEN_CPU_SOURCE_ORDER_NO_GAMEPLAY
V05C001984,81:F6D6:E0M0X1,040FB6B1,81,F6D6,0,0,1,8D,STA,ABS,3,8D770E,NATIVE_BODY,NATIVE_BODY,5,5,NONE,3,0,0,2,0,0,0,0,0,0,LINEAR_BUS_SEQUENCE,,00000000,000E77,81F6D6,V02C_MATRIX_PLUS_PINNED_MESEN_CPU_SOURCE_ORDER_NO_GAMEPLAY
V05C001985,81:F6D9:E0M0X1,040FB6C9,81,F6D9,0,0,1,8D,STA,ABS,3,8D7B0E,NATIVE_BODY,NATIVE_BODY,5,5,NONE,3,0,0,2,0,0,0,0,0,0,LINEAR_BUS_SEQUENCE,,00000000,000E7B,81F6D9,V02C_MATRIX_PLUS_PINNED_MESEN_CPU_SOURCE_ORDER_NO_GAMEPLAY
V05C001986,81:F6DC:E0M0X1,040FB6E1,81,F6DC,0,0,1,8D,STA,ABS,3,8D7F0E,NATIVE_BODY,NATIVE_BODY,5,5,NONE,3,0,0,2,0,0,0,0,0,0,LINEAR_BUS_SEQUENCE,,00000000,000E7F,81F6DC,V02C_MATRIX_PLUS_PINNED_MESEN_CPU_SOURCE_ORDER_NO_GAMEPLAY
V05C001987,81:F6DF:E0M0X1,040FB6F9,81,F6DF,0,0,1,8D,STA,ABS,3,8D830E,NATIVE_BODY,NATIVE_BODY,5,5,NONE,3,0,0,2,0,0,0,0,0,0,LINEAR_BUS_SEQUENCE,,00000000,000E83,81F6DF,V02C_MATRIX_PLUS_PINNED_MESEN_CPU_SOURCE_ORDER_NO_GAMEPLAY
V05C001988,81:F6E2:E0M0X1,040FB711,81,F6E2,0,0,1,8D,STA,ABS,3,8D870E,NATIVE_BODY,NATIVE_BODY,5,5,NONE,3,0,0,2,0,0,0,0,0,0,LINEAR_BUS_SEQUENCE,,00000000,000E87,81F6E2,V02C_MATRIX_PLUS_PINNED_MESEN_CPU_SOURCE_ORDER_NO_GAMEPLAY
V05C001989,81:F6E5:E0M0X1,040FB729,81,F6E5,0,0,1,8D,STA,ABS,3,8D870E,NATIVE_BODY,NATIVE_BODY,5,5,NONE,3,0,0,2,0,0,0,0,0,0,LINEAR_BUS_SEQUENCE,,00000000,000E87,81F6E5,V02C_MATRIX_PLUS_PINNED_MESEN_CPU_SOURCE_ORDER_NO_GAMEPLAY
V05C001990,81:F6E8:E0M0X1,040FB741,81,F6E8,0,0,1,8D,STA,ABS,3,8D8B0E,NATIVE_BODY,NATIVE_BODY,5,5,NONE,3,0,0,2,0,0,0,0,0,0,LINEAR_BUS_SEQUENCE,,00000000,000E8B,81F6E8,V02C_MATRIX_PLUS_PINNED_MESEN_CPU_SOURCE_ORDER_NO_GAMEPLAY
V05C001991,81:F6EB:E0M0X1,040FB759,81,F6EB,0,0,1,E2,SEP,IMM8,2,E220,NATIVE_BODY,NATIVE_BODY,3,3,NONE,2,0,0,0,0,0,0,0,1,0,FIXED_IDLE_SEQUENCE,STATUS_PRE_IDLE,00002000,000020,81F6EB,V02C_MATRIX_PLUS_PINNED_MESEN_CPU_SOURCE_ORDER_NO_GAMEPLAY
V05C001992,81:F6ED:E0M1X1,040FB76B,81,F6ED,0,1,1,18,CLC,IMP,1,18,NATIVE_BODY,NATIVE_BODY,2,2,NONE,1,0,0,0,0,0,0,0,1,0,FIXED_IDLE_SEQUENCE,IMPLIED_PRE_IDLE,00000800,000000,81F6ED,V02C_MATRIX_PLUS_PINNED_MESEN_CPU_SOURCE_ORDER_NO_GAMEPLAY
V05C001993,81:F6EE:E0M1X1,040FB773,81,F6EE,0,1,1,60,RTS,IMP,1,60,NATIVE_BODY,NATIVE_BODY,6,6,NONE,1,0,0,0,0,2,0,0,3,0,RETURN_SEQUENCE,RETURN_PRE_IDLE;RETURN_PRE_IDLE;RTS_POST_POP_IDLE,00000180,000000,81F6EE,V02C_MATRIX_PLUS_PINNED_MESEN_CPU_SOURCE_ORDER_NO_GAMEPLAY
V05C001994,81:F6EF:E0M1X1,040FB77B,81,F6EF,0,1,1,9C,STZ,ABS,3,9C1B03,NATIVE_BODY,NATIVE_BODY,4,4,NONE,3,0,0,1,0,0,0,0,0,0,LINEAR_BUS_SEQUENCE,,00000000,00031B,81F6EF,V02C_MATRIX_PLUS_PINNED_MESEN_CPU_SOURCE_ORDER_NO_GAMEPLAY
V05C001995,81:F6F2:E0M1X1,040FB793,81,F6F2,0,1,1,9C,STZ,ABS,3,9C1C03,NATIVE_BODY,NATIVE_BODY,4,4,NONE,3,0,0,1,0,0,0,0,0,0,LINEAR_BUS_SEQUENCE,,00000000,00031C,81F6F2,V02C_MATRIX_PLUS_PINNED_MESEN_CPU_SOURCE_ORDER_NO_GAMEPLAY
V05C001996,81:F6F5:E0M1X1,040FB7AB,81,F6F5,0,1,1,18,CLC,IMP,1,18,NATIVE_BODY,NATIVE_BODY,2,2,NONE,1,0,0,0,0,0,0,0,1,0,FIXED_IDLE_SEQUENCE,IMPLIED_PRE_IDLE,00000800,000000,81F6F5,V02C_MATRIX_PLUS_PINNED_MESEN_CPU_SOURCE_ORDER_NO_GAMEPLAY
V05C001997,81:F6F6:E0M1X1,040FB7B3,81,F6F6,0,1,1,60,RTS,IMP,1,60,NATIVE_BODY,NATIVE_BODY,6,6,NONE,1,0,0,0,0,2,0,0,3,0,RETURN_SEQUENCE,RETURN_PRE_IDLE;RETURN_PRE_IDLE;RTS_POST_POP_IDLE,00000180,000000,81F6F6,V02C_MATRIX_PLUS_PINNED_MESEN_CPU_SOURCE_ORDER_NO_GAMEPLAY
V05C001998,81:F6F7:E0M1X1,040FB7BB,81,F6F7,0,1,1,A9,LDA,IMM_M,2,A901,NATIVE_BODY,NATIVE_BODY,2,2,NONE,2,0,0,0,0,0,0,0,0,0,LINEAR_BUS_SEQUENCE,,00000000,000001,81F6F7,V02C_MATRIX_PLUS_PINNED_MESEN_CPU_SOURCE_ORDER_NO_GAMEPLAY
V05C001999,81:F6F9:E0M1X1,040FB7CB,81,F6F9,0,1,1,8D,STA,ABS,3,8D1B03,NATIVE_BODY,NATIVE_BODY,4,4,NONE,3,0,0,1,0,0,0,0,0,0,LINEAR_BUS_SEQUENCE,,00000000,00031B,81F6F9,V02C_MATRIX_PLUS_PINNED_MESEN_CPU_SOURCE_ORDER_NO_GAMEPLAY
V05C002000,81:F6FC:E0M1X1,040FB7E3,81,F6FC,0,1,1,9C,STZ,ABS,3,9C1C03,NATIVE_BODY,NATIVE_BODY,4,4,NONE,3,0,0,1,0,0,0,0,0,0,LINEAR_BUS_SEQUENCE,,00000000,00031C,81F6FC,V02C_MATRIX_PLUS_PINNED_MESEN_CPU_SOURCE_ORDER_NO_GAMEPLAY
V05C002001,81:F6FF:E0M1X1,040FB7FB,81,F6FF,0,1,1,18,CLC,IMP,1,18,NATIVE_BODY,NATIVE_BODY,2,2,NONE,1,0,0,0,0,0,0,0,1,0,FIXED_IDLE_SEQUENCE,IMPLIED_PRE_IDLE,00000800,000000,81F6FF,V02C_MATRIX_PLUS_PINNED_MESEN_CPU_SOURCE_ORDER_NO_GAMEPLAY
V05C002002,81:F700:E0M1X1,040FB803,81,F700,0,1,1,60,RTS,IMP,1,60,NATIVE_BODY,NATIVE_BODY,6,6,NONE,1,0,0,0,0,2,0,0,3,0,RETURN_SEQUENCE,RETURN_PRE_IDLE;RETURN_PRE_IDLE;RTS_POST_POP_IDLE,00000180,000000,81F700,V02C_MATRIX_PLUS_PINNED_MESEN_CPU_SOURCE_ORDER_NO_GAMEPLAY
V05C002003,81:F701:E0M1X1,040FB80B,81,F701,0,1,1,AD,LDA,ABS,3,AD1B03,NATIVE_BODY,NATIVE_BODY,4,4,NONE,3,0,1,0,0,0,0,0,0,0,LINEAR_BUS_SEQUENCE,,00000000,00031B,81F701,V02C_MATRIX_PLUS_PINNED_MESEN_CPU_SOURCE_ORDER_NO_GAMEPLAY
V05C002004,81:F704:E0M1X1,040FB823,81,F704,0,1,1,0D,ORA,ABS,3,0D1C03,NATIVE_BODY,NATIVE_BODY,4,4,NONE,3,0,1,0,0,0,0,0,0,0,LINEAR_BUS_SEQUENCE,,00000000,00031C,81F704,V02C_MATRIX_PLUS_PINNED_MESEN_CPU_SOURCE_ORDER_NO_GAMEPLAY
V05C002005,81:F707:E0M1X1,040FB83B,81,F707,0,1,1,F0,BEQ,REL8,2,F011,NATIVE_BODY,NATIVE_BODY,2,3,BRANCH_TAKEN:+1,2,0,0,0,0,0,0,0,0,1,BRANCH_SEQUENCE,DYN_BRANCH_TAKEN_POST_IDLE,00000004,000011,81F707,V02C_MATRIX_PLUS_PINNED_MESEN_CPU_SOURCE_ORDER_NO_GAMEPLAY
V05C002006,81:F709:E0M1X1,040FB84B,81,F709,0,1,1,20,JSR,ABS_JUMP,3,2076F6,NATIVE_BODY,NATIVE_BODY,6,6,NONE,3,0,0,0,0,0,2,0,1,0,FIXED_IDLE_SEQUENCE,JSR_PRE_STACK_IDLE,00000020,00F676,81F709,V02C_MATRIX_PLUS_PINNED_MESEN_CPU_SOURCE_ORDER_NO_GAMEPLAY
V05C002007,81:F70C:E0M1X1,040FB863,81,F70C,0,1,1,A9,LDA,IMM_M,2,A900,NATIVE_BODY,NATIVE_BODY,2,2,NONE,2,0,0,0,0,0,0,0,0,0,LINEAR_BUS_SEQUENCE,,00000000,000000,81F70C,V02C_MATRIX_PLUS_PINNED_MESEN_CPU_SOURCE_ORDER_NO_GAMEPLAY
V05C002008,81:F70E:E0M1X1,040FB873,81,F70E,0,1,1,20,JSR,ABS_JUMP,3,201CF7,NATIVE_BODY,NATIVE_BODY,6,6,NONE,3,0,0,0,0,0,2,0,1,0,FIXED_IDLE_SEQUENCE,JSR_PRE_STACK_IDLE,00000020,00F71C,81F70E,V02C_MATRIX_PLUS_PINNED_MESEN_CPU_SOURCE_ORDER_NO_GAMEPLAY
V05C002009,81:F711:E0M1X1,040FB88B,81,F711,0,1,1,90,BCC,REL8,2,9001,NATIVE_BODY,NATIVE_BODY,2,3,BRANCH_TAKEN:+1,2,0,0,0,0,0,0,0,0,1,BRANCH_SEQUENCE,DYN_BRANCH_TAKEN_POST_IDLE,00000004,000001,81F711,V02C_MATRIX_PLUS_PINNED_MESEN_CPU_SOURCE_ORDER_NO_GAMEPLAY
V05C002010,81:F713:E0M1X1,040FB89B,81,F713,0,1,1,60,RTS,IMP,1,60,NATIVE_BODY,NATIVE_BODY,6,6,NONE,1,0,0,0,0,2,0,0,3,0,RETURN_SEQUENCE,RETURN_PRE_IDLE;RETURN_PRE_IDLE;RTS_POST_POP_IDLE,00000180,000000,81F713,V02C_MATRIX_PLUS_PINNED_MESEN_CPU_SOURCE_ORDER_NO_GAMEPLAY
V05C002011,81:F714:E0M1X1,040FB8A3,81,F714,0,1,1,AD,LDA,ABS,3,ADB813,NATIVE_BODY,NATIVE_BODY,4,4,NONE,3,0,1,0,0,0,0,0,0,0,LINEAR_BUS_SEQUENCE,,00000000,0013B8,81F714,V02C_MATRIX_PLUS_PINNED_MESEN_CPU_SOURCE_ORDER_NO_GAMEPLAY
V05C002012,81:F717:E0M1X1,040FB8BB,81,F717,0,1,1,8D,STA,ABS,3,8D3603,NATIVE_BODY,NATIVE_BODY,4,4,NONE,3,0,0,1,0,0,0,0,0,0,LINEAR_BUS_SEQUENCE,,00000000,000336,81F717,V02C_MATRIX_PLUS_PINNED_MESEN_CPU_SOURCE_ORDER_NO_GAMEPLAY
V05C002013,81:F71A:E0M1X1,040FB8D3,81,F71A,0,1,1,18,CLC,IMP,1,18,NATIVE_BODY,NATIVE_BODY,2,2,NONE,1,0,0,0,0,0,0,0,1,0,FIXED_IDLE_SEQUENCE,IMPLIED_PRE_IDLE,00000800,000000,81F71A,V02C_MATRIX_PLUS_PINNED_MESEN_CPU_SOURCE_ORDER_NO_GAMEPLAY
V05C002014,81:F71B:E0M1X1,040FB8DB,81,F71B,0,1,1,60,RTS,IMP,1,60,NATIVE_BODY,NATIVE_BODY,6,6,NONE,1,0,0,0,0,2,0,0,3,0,RETURN_SEQUENCE,RETURN_PRE_IDLE;RETURN_PRE_IDLE;RTS_POST_POP_IDLE,00000180,000000,81F71B,V02C_MATRIX_PLUS_PINNED_MESEN_CPU_SOURCE_ORDER_NO_GAMEPLAY
V05C002015,81:F71C:E0M1X1,040FB8E3,81,F71C,0,1,1,8D,STA,ABS,3,8DB813,NATIVE_BODY,NATIVE_BODY,4,4,NONE,3,0,0,1,0,0,0,0,0,0,LINEAR_BUS_SEQUENCE,,00000000,0013B8,81F71C,V02C_MATRIX_PLUS_PINNED_MESEN_CPU_SOURCE_ORDER_NO_GAMEPLAY
V05C002016,81:F71F:E0M1X1,040FB8FB,81,F71F,0,1,1,A2,LDX,IMM_X,2,A200,NATIVE_BODY,NATIVE_BODY,2,2,NONE,2,0,0,0,0,0,0,0,0,0,LINEAR_BUS_SEQUENCE,,00000000,000000,81F71F,V02C_MATRIX_PLUS_PINNED_MESEN_CPU_SOURCE_ORDER_NO_GAMEPLAY
V05C002017,81:F721:E0M1X1,040FB90B,81,F721,0,1,1,BD,LDA,ABS_X,3,BD7DF7,NATIVE_BODY,NATIVE_BODY,4,5,INDEX_PAGE_CROSS:+1,3,0,1,0,0,0,0,0,0,1,INDEX_SEQUENCE,DYN_INDEX_PRE_DATA_IDLE,00000002,00F77D,81F721,V02C_MATRIX_PLUS_PINNED_MESEN_CPU_SOURCE_ORDER_NO_GAMEPLAY
V05C002018,81:F724:E0M1X1,040FB923,81,F724,0,1,1,9D,STA,ABS_X,3,9DFA14,NATIVE_BODY,NATIVE_BODY,5,5,NONE,3,0,0,1,0,0,0,0,1,0,INDEX_SEQUENCE,INDEX_FIXED_PRE_DATA_IDLE,00040000,0014FA,81F724,V02C_MATRIX_PLUS_PINNED_MESEN_CPU_SOURCE_ORDER_NO_GAMEPLAY
V05C002019,81:F727:E0M1X1,040FB93B,81,F727,0,1,1,E8,INX,IMP,1,E8,NATIVE_BODY,NATIVE_BODY,2,2,NONE,1,0,0,0,0,0,0,0,1,0,FIXED_IDLE_SEQUENCE,IMPLIED_PRE_IDLE,00000800,000000,81F727,V02C_MATRIX_PLUS_PINNED_MESEN_CPU_SOURCE_ORDER_NO_GAMEPLAY
V05C002020,81:F728:E0M1X1,040FB943,81,F728,0,1,1,E0,CPX,IMM_X,2,E009,NATIVE_BODY,NATIVE_BODY,2,2,NONE,2,0,0,0,0,0,0,0,0,0,LINEAR_BUS_SEQUENCE,,00000000,000009,81F728,V02C_MATRIX_PLUS_PINNED_MESEN_CPU_SOURCE_ORDER_NO_GAMEPLAY
V05C002021,81:F72A:E0M1X1,040FB953,81,F72A,0,1,1,90,BCC,REL8,2,90F5,NATIVE_BODY,NATIVE_BODY,2,3,BRANCH_TAKEN:+1,2,0,0,0,0,0,0,0,0,1,BRANCH_SEQUENCE,DYN_BRANCH_TAKEN_POST_IDLE,00000004,0000F5,81F72A,V02C_MATRIX_PLUS_PINNED_MESEN_CPU_SOURCE_ORDER_NO_GAMEPLAY
V05C002022,81:F72C:E0M1X1,040FB963,81,F72C,0,1,1,C2,REP,IMM8,2,C230,NATIVE_BODY,NATIVE_BODY,3,3,NONE,2,0,0,0,0,0,0,0,1,0,FIXED_IDLE_SEQUENCE,STATUS_PRE_IDLE,00002000,000030,81F72C,V02C_MATRIX_PLUS_PINNED_MESEN_CPU_SOURCE_ORDER_NO_GAMEPLAY
V05C002023,81:F72E:E0M0X0,040FB970,81,F72E,0,0,0,A9,LDA,IMM_M,3,A98403,NATIVE_BODY,NATIVE_BODY,3,3,NONE,3,0,0,0,0,0,0,0,0,0,LINEAR_BUS_SEQUENCE,,00000000,000384,81F72E,V02C_MATRIX_PLUS_PINNED_MESEN_CPU_SOURCE_ORDER_NO_GAMEPLAY
V05C002024,81:F731:E0M0X0,040FB988,81,F731,0,0,0,8D,STA,ABS,3,8DC002,NATIVE_BODY,NATIVE_BODY,5,5,NONE,3,0,0,2,0,0,0,0,0,0,LINEAR_BUS_SEQUENCE,,00000000,0002C0,81F731,V02C_MATRIX_PLUS_PINNED_MESEN_CPU_SOURCE_ORDER_NO_GAMEPLAY
V05C002025,81:F734:E0M0X0,040FB9A0,81,F734,0,0,0,E2,SEP,IMM8,2,E230,NATIVE_BODY,NATIVE_BODY,3,3,NONE,2,0,0,0,0,0,0,0,1,0,FIXED_IDLE_SEQUENCE,STATUS_PRE_IDLE,00002000,000030,81F734,V02C_MATRIX_PLUS_PINNED_MESEN_CPU_SOURCE_ORDER_NO_GAMEPLAY
V05C002026,81:F736:E0M1X1,040FB9B3,81,F736,0,1,1,9C,STZ,ABS,3,9CB613,NATIVE_BODY,NATIVE_BODY,4,4,NONE,3,0,0,1,0,0,0,0,0,0,LINEAR_BUS_SEQUENCE,,00000000,0013B6,81F736,V02C_MATRIX_PLUS_PINNED_MESEN_CPU_SOURCE_ORDER_NO_GAMEPLAY
V05C002027,81:F739:E0M1X1,040FB9CB,81,F739,0,1,1,9C,STZ,ABS,3,9C8902,NATIVE_BODY,NATIVE_BODY,4,4,NONE,3,0,0,1,0,0,0,0,0,0,LINEAR_BUS_SEQUENCE,,00000000,000289,81F739,V02C_MATRIX_PLUS_PINNED_MESEN_CPU_SOURCE_ORDER_NO_GAMEPLAY
V05C002028,81:F73C:E0M1X1,040FB9E3,81,F73C,0,1,1,A2,LDX,IMM_X,2,A202,NATIVE_BODY,NATIVE_BODY,2,2,NONE,2,0,0,0,0,0,0,0,0,0,LINEAR_BUS_SEQUENCE,,00000000,000002,81F73C,V02C_MATRIX_PLUS_PINNED_MESEN_CPU_SOURCE_ORDER_NO_GAMEPLAY
V05C002029,81:F73E:E0M1X1,040FB9F3,81,F73E,0,1,1,20,JSR,ABS_JUMP,3,20F89F,NATIVE_BODY,NATIVE_BODY,6,6,NONE,3,0,0,0,0,0,2,0,1,0,FIXED_IDLE_SEQUENCE,JSR_PRE_STACK_IDLE,00000020,009FF8,81F73E,V02C_MATRIX_PLUS_PINNED_MESEN_CPU_SOURCE_ORDER_NO_GAMEPLAY
V05C002030,81:F741:E0M1X1,040FBA0B,81,F741,0,1,1,A2,LDX,IMM_X,2,A203,NATIVE_BODY,NATIVE_BODY,2,2,NONE,2,0,0,0,0,0,0,0,0,0,LINEAR_BUS_SEQUENCE,,00000000,000003,81F741,V02C_MATRIX_PLUS_PINNED_MESEN_CPU_SOURCE_ORDER_NO_GAMEPLAY
V05C002031,81:F743:E0M1X1,040FBA1B,81,F743,0,1,1,20,JSR,ABS_JUMP,3,20E69F,NATIVE_BODY,NATIVE_BODY,6,6,NONE,3,0,0,0,0,0,2,0,1,0,FIXED_IDLE_SEQUENCE,JSR_PRE_STACK_IDLE,00000020,009FE6,81F743,V02C_MATRIX_PLUS_PINNED_MESEN_CPU_SOURCE_ORDER_NO_GAMEPLAY
V05C002032,81:F746:E0M1X1,040FBA33,81,F746,0,1,1,20,JSR,ABS_JUMP,3,2001A0,NATIVE_BODY,NATIVE_BODY,6,6,NONE,3,0,0,0,0,0,2,0,1,0,FIXED_IDLE_SEQUENCE,JSR_PRE_STACK_IDLE,00000020,00A001,81F746,V02C_MATRIX_PLUS_PINNED_MESEN_CPU_SOURCE_ORDER_NO_GAMEPLAY
V05C002033,81:F749:E0M1X1,040FBA4B,81,F749,0,1,1,F0,BEQ,REL8,2,F00D,NATIVE_BODY,NATIVE_BODY,2,3,BRANCH_TAKEN:+1,2,0,0,0,0,0,0,0,0,1,BRANCH_SEQUENCE,DYN_BRANCH_TAKEN_POST_IDLE,00000004,00000D,81F749,V02C_MATRIX_PLUS_PINNED_MESEN_CPU_SOURCE_ORDER_NO_GAMEPLAY
V05C002034,81:F74B:E0M1X1,040FBA5B,81,F74B,0,1,1,3A,DEC,ACC,1,3A,NATIVE_BODY,NATIVE_BODY,2,2,NONE,1,0,0,0,0,0,0,0,1,0,FIXED_IDLE_SEQUENCE,IMPLIED_PRE_IDLE,00000800,000000,81F74B,V02C_MATRIX_PLUS_PINNED_MESEN_CPU_SOURCE_ORDER_NO_GAMEPLAY
V05C002035,81:F74C:E0M1X1,040FBA63,81,F74C,0,1,1,F0,BEQ,REL8,2,F005,NATIVE_BODY,NATIVE_BODY,2,3,BRANCH_TAKEN:+1,2,0,0,0,0,0,0,0,0,1,BRANCH_SEQUENCE,DYN_BRANCH_TAKEN_POST_IDLE,00000004,000005,81F74C,V02C_MATRIX_PLUS_PINNED_MESEN_CPU_SOURCE_ORDER_NO_GAMEPLAY
V05C002036,81:F74E:E0M1X1,040FBA73,81,F74E,0,1,1,20,JSR,ABS_JUMP,3,2030F8,NATIVE_BODY,NATIVE_BODY,6,6,NONE,3,0,0,0,0,0,2,0,1,0,FIXED_IDLE_SEQUENCE,JSR_PRE_STACK_IDLE,00000020,00F830,81F74E,V02C_MATRIX_PLUS_PINNED_MESEN_CPU_SOURCE_ORDER_NO_GAMEPLAY
V05C002037,81:F751:E0M1X1,040FBA8B,81,F751,0,1,1,80,BRA,REL8,2,8005,NATIVE_BODY,NATIVE_BODY,3,3,NONE,2,0,0,0,0,0,0,0,1,0,BRANCH_SEQUENCE,BRANCH_ALWAYS_POST_IDLE,00004000,000005,81F751,V02C_MATRIX_PLUS_PINNED_MESEN_CPU_SOURCE_ORDER_NO_GAMEPLAY
V05C002038,81:F753:E0M1X1,040FBA9B,81,F753,0,1,1,A9,LDA,IMM_M,2,A900,NATIVE_BODY,NATIVE_BODY,2,2,NONE,2,0,0,0,0,0,0,0,0,0,LINEAR_BUS_SEQUENCE,,00000000,000000,81F753,V02C_MATRIX_PLUS_PINNED_MESEN_CPU_SOURCE_ORDER_NO_GAMEPLAY
V05C002039,81:F755:E0M1X1,040FBAAB,81,F755,0,1,1,20,JSR,ABS_JUMP,3,2036F8,NATIVE_BODY,NATIVE_BODY,6,6,NONE,3,0,0,0,0,0,2,0,1,0,FIXED_IDLE_SEQUENCE,JSR_PRE_STACK_IDLE,00000020,00F836,81F755,V02C_MATRIX_PLUS_PINNED_MESEN_CPU_SOURCE_ORDER_NO_GAMEPLAY
V05C002040,81:F758:E0M1X1,040FBAC3,81,F758,0,1,1,20,JSR,ABS_JUMP,3,208C9C,NATIVE_BODY,NATIVE_BODY,6,6,NONE,3,0,0,0,0,0,2,0,1,0,FIXED_IDLE_SEQUENCE,JSR_PRE_STACK_IDLE,00000020,009C8C,81F758,V02C_MATRIX_PLUS_PINNED_MESEN_CPU_SOURCE_ORDER_NO_GAMEPLAY
V05C002041,81:F75B:E0M1X1,040FBADB,81,F75B,0,1,1,AD,LDA,ABS,3,AD4002,NATIVE_BODY,NATIVE_BODY,4,4,NONE,3,0,1,0,0,0,0,0,0,0,LINEAR_BUS_SEQUENCE,,00000000,000240,81F75B,V02C_MATRIX_PLUS_PINNED_MESEN_CPU_SOURCE_ORDER_NO_GAMEPLAY
V05C002042,81:F75E:E0M1X1,040FBAF3,81,F75E,0,1,1,D0,BNE,REL8,2,D0FB,NATIVE_BODY,NATIVE_BODY,2,3,BRANCH_TAKEN:+1,2,0,0,0,0,0,0,0,0,1,BRANCH_SEQUENCE,DYN_BRANCH_TAKEN_POST_IDLE,00000004,0000FB,81F75E,V02C_MATRIX_PLUS_PINNED_MESEN_CPU_SOURCE_ORDER_NO_GAMEPLAY
V05C002043,81:F760:E0M1X1,040FBB03,81,F760,0,1,1,C2,REP,IMM8,2,C230,NATIVE_BODY,NATIVE_BODY,3,3,NONE,2,0,0,0,0,0,0,0,1,0,FIXED_IDLE_SEQUENCE,STATUS_PRE_IDLE,00002000,000030,81F760,V02C_MATRIX_PLUS_PINNED_MESEN_CPU_SOURCE_ORDER_NO_GAMEPLAY
V05C002044,81:F762:E0M0X0,040FBB10,81,F762,0,0,0,CE,DEC,ABS,3,CEC002,NATIVE_BODY,NATIVE_BODY,8,8,NONE,3,0,2,2,0,0,0,0,1,0,RMW_SEQUENCE,RMW_INTERMEDIATE_IDLE,00010000,0002C0,81F762,V02C_MATRIX_PLUS_PINNED_MESEN_CPU_SOURCE_ORDER_NO_GAMEPLAY
V05C002045,81:F765:E0M0X0,040FBB28,81,F765,0,0,0,E2,SEP,IMM8,2,E230,NATIVE_BODY,NATIVE_BODY,3,3,NONE,2,0,0,0,0,0,0,0,1,0,FIXED_IDLE_SEQUENCE,STATUS_PRE_IDLE,00002000,000030,81F765,V02C_MATRIX_PLUS_PINNED_MESEN_CPU_SOURCE_ORDER_NO_GAMEPLAY
V05C002046,81:F767:E0M1X1,040FBB3B,81,F767,0,1,1,F0,BEQ,REL8,2,F012,NATIVE_BODY,NATIVE_BODY,2,3,BRANCH_TAKEN:+1,2,0,0,0,0,0,0,0,0,1,BRANCH_SEQUENCE,DYN_BRANCH_TAKEN_POST_IDLE,00000004,000012,81F767,V02C_MATRIX_PLUS_PINNED_MESEN_CPU_SOURCE_ORDER_NO_GAMEPLAY
V05C002047,81:F769:E0M1X1,040FBB4B,81,F769,0,1,1,20,JSR,ABS_JUMP,3,209D9F,NATIVE_BODY,NATIVE_BODY,6,6,NONE,3,0,0,0,0,0,2,0,1,0,FIXED_IDLE_SEQUENCE,JSR_PRE_STACK_IDLE,00000020,009F9D,81F769,V02C_MATRIX_PLUS_PINNED_MESEN_CPU_SOURCE_ORDER_NO_GAMEPLAY
V05C002048,81:F76C:E0M1X1,040FBB63,81,F76C,0,1,1,AD,LDA,ABS,3,AD8902,NATIVE_BODY,NATIVE_BODY,4,4,NONE,3,0,1,0,0,0,0,0,0,0,LINEAR_BUS_SEQUENCE,,00000000,000289,81F76C,V02C_MATRIX_PLUS_PINNED_MESEN_CPU_SOURCE_ORDER_NO_GAMEPLAY
V05C002049,81:F76F:E0M1X1,040FBB7B,81,F76F,0,1,1,F0,BEQ,REL8,2,F0CB,NATIVE_BODY,NATIVE_BODY,2,3,BRANCH_TAKEN:+1,2,0,0,0,0,0,0,0,0,1,BRANCH_SEQUENCE,DYN_BRANCH_TAKEN_POST_IDLE,00000004,0000CB,81F76F,V02C_MATRIX_PLUS_PINNED_MESEN_CPU_SOURCE_ORDER_NO_GAMEPLAY
V05C002050,81:F771:E0M1X1,040FBB8B,81,F771,0,1,1,22,JSL,ABSL_JUMP,4,223EFB80,NATIVE_BODY,NATIVE_BODY,8,8,NONE,4,0,0,0,0,0,3,0,1,0,JSL_DEFERRED_BANK_FETCH,JSL_AFTER_PBR_PUSH_IDLE,00000010,80FB3E,81F771,V02C_MATRIX_PLUS_PINNED_MESEN_CPU_SOURCE_ORDER_NO_GAMEPLAY
V05C002051,81:F775:E0M1X1,040FBBAB,81,F775,0,1,1,22,JSL,ABSL_JUMP,4,2282F980,NATIVE_BODY,NATIVE_BODY,8,8,NONE,4,0,0,0,0,0,3,0,1,0,JSL_DEFERRED_BANK_FETCH,JSL_AFTER_PBR_PUSH_IDLE,00000010,80F982,81F775,V02C_MATRIX_PLUS_PINNED_MESEN_CPU_SOURCE_ORDER_NO_GAMEPLAY
V05C002052,81:F779:E0M1X1,040FBBCB,81,F779,0,1,1,18,CLC,IMP,1,18,NATIVE_BODY,NATIVE_BODY,2,2,NONE,1,0,0,0,0,0,0,0,1,0,FIXED_IDLE_SEQUENCE,IMPLIED_PRE_IDLE,00000800,000000,81F779,V02C_MATRIX_PLUS_PINNED_MESEN_CPU_SOURCE_ORDER_NO_GAMEPLAY
V05C002053,81:F77A:E0M1X1,040FBBD3,81,F77A,0,1,1,60,RTS,IMP,1,60,NATIVE_BODY,NATIVE_BODY,6,6,NONE,1,0,0,0,0,2,0,0,3,0,RETURN_SEQUENCE,RETURN_PRE_IDLE;RETURN_PRE_IDLE;RTS_POST_POP_IDLE,00000180,000000,81F77A,V02C_MATRIX_PLUS_PINNED_MESEN_CPU_SOURCE_ORDER_NO_GAMEPLAY
V05C002054,81:F77B:E0M1X1,040FBBDB,81,F77B,0,1,1,38,SEC,IMP,1,38,NATIVE_BODY,NATIVE_BODY,2,2,NONE,1,0,0,0,0,0,0,0,1,0,FIXED_IDLE_SEQUENCE,IMPLIED_PRE_IDLE,00000800,000000,81F77B,V02C_MATRIX_PLUS_PINNED_MESEN_CPU_SOURCE_ORDER_NO_GAMEPLAY
V05C002055,81:F77C:E0M1X1,040FBBE3,81,F77C,0,1,1,60,RTS,IMP,1,60,NATIVE_BODY,NATIVE_BODY,6,6,NONE,1,0,0,0,0,2,0,0,3,0,RETURN_SEQUENCE,RETURN_PRE_IDLE;RETURN_PRE_IDLE;RTS_POST_POP_IDLE,00000180,000000,81F77C,V02C_MATRIX_PLUS_PINNED_MESEN_CPU_SOURCE_ORDER_NO_GAMEPLAY
V05C002056,81:F786:E0M1X1,040FBC33,81,F786,0,1,1,A2,LDX,IMM_X,2,A200,NATIVE_BODY,NATIVE_BODY,2,2,NONE,2,0,0,0,0,0,0,0,0,0,LINEAR_BUS_SEQUENCE,,00000000,000000,81F786,V02C_MATRIX_PLUS_PINNED_MESEN_CPU_SOURCE_ORDER_NO_GAMEPLAY
V05C002057,81:F788:E0M1X1,040FBC43,81,F788,0,1,1,BD,LDA,ABS_X,3,BDEEF7,NATIVE_BODY,NATIVE_BODY,4,5,INDEX_PAGE_CROSS:+1,3,0,1,0,0,0,0,0,0,1,INDEX_SEQUENCE,DYN_INDEX_PRE_DATA_IDLE,00000002,00F7EE,81F788,V02C_MATRIX_PLUS_PINNED_MESEN_CPU_SOURCE_ORDER_NO_GAMEPLAY
V05C002058,81:F78B:E0M1X1,040FBC5B,81,F78B,0,1,1,9D,STA,ABS_X,3,9DFA14,NATIVE_BODY,NATIVE_BODY,5,5,NONE,3,0,0,1,0,0,0,0,1,0,INDEX_SEQUENCE,INDEX_FIXED_PRE_DATA_IDLE,00040000,0014FA,81F78B,V02C_MATRIX_PLUS_PINNED_MESEN_CPU_SOURCE_ORDER_NO_GAMEPLAY
V05C002059,81:F78E:E0M1X1,040FBC73,81,F78E,0,1,1,E8,INX,IMP,1,E8,NATIVE_BODY,NATIVE_BODY,2,2,NONE,1,0,0,0,0,0,0,0,1,0,FIXED_IDLE_SEQUENCE,IMPLIED_PRE_IDLE,00000800,000000,81F78E,V02C_MATRIX_PLUS_PINNED_MESEN_CPU_SOURCE_ORDER_NO_GAMEPLAY
V05C002060,81:F78F:E0M1X1,040FBC7B,81,F78F,0,1,1,E0,CPX,IMM_X,2,E009,NATIVE_BODY,NATIVE_BODY,2,2,NONE,2,0,0,0,0,0,0,0,0,0,LINEAR_BUS_SEQUENCE,,00000000,000009,81F78F,V02C_MATRIX_PLUS_PINNED_MESEN_CPU_SOURCE_ORDER_NO_GAMEPLAY
V05C002061,81:F791:E0M1X1,040FBC8B,81,F791,0,1,1,D0,BNE,REL8,2,D0F5,NATIVE_BODY,NATIVE_BODY,2,3,BRANCH_TAKEN:+1,2,0,0,0,0,0,0,0,0,1,BRANCH_SEQUENCE,DYN_BRANCH_TAKEN_POST_IDLE,00000004,0000F5,81F791,V02C_MATRIX_PLUS_PINNED_MESEN_CPU_SOURCE_ORDER_NO_GAMEPLAY
V05C002062,81:F793:E0M1X1,040FBC9B,81,F793,0,1,1,C2,REP,IMM8,2,C230,NATIVE_BODY,NATIVE_BODY,3,3,NONE,2,0,0,0,0,0,0,0,1,0,FIXED_IDLE_SEQUENCE,STATUS_PRE_IDLE,00002000,000030,81F793,V02C_MATRIX_PLUS_PINNED_MESEN_CPU_SOURCE_ORDER_NO_GAMEPLAY
V05C002063,81:F795:E0M0X0,040FBCA8,81,F795,0,0,0,A9,LDA,IMM_M,3,A98403,NATIVE_BODY,NATIVE_BODY,3,3,NONE,3,0,0,0,0,0,0,0,0,0,LINEAR_BUS_SEQUENCE,,00000000,000384,81F795,V02C_MATRIX_PLUS_PINNED_MESEN_CPU_SOURCE_ORDER_NO_GAMEPLAY
V05C002064,81:F798:E0M0X0,040FBCC0,81,F798,0,0,0,8D,STA,ABS,3,8DC002,NATIVE_BODY,NATIVE_BODY,5,5,NONE,3,0,0,2,0,0,0,0,0,0,LINEAR_BUS_SEQUENCE,,00000000,0002C0,81F798,V02C_MATRIX_PLUS_PINNED_MESEN_CPU_SOURCE_ORDER_NO_GAMEPLAY
V05C002065,81:F79B:E0M0X0,040FBCD8,81,F79B,0,0,0,E2,SEP,IMM8,2,E230,NATIVE_BODY,NATIVE_BODY,3,3,NONE,2,0,0,0,0,0,0,0,1,0,FIXED_IDLE_SEQUENCE,STATUS_PRE_IDLE,00002000,000030,81F79B,V02C_MATRIX_PLUS_PINNED_MESEN_CPU_SOURCE_ORDER_NO_GAMEPLAY
V05C002066,81:F79D:E0M1X1,040FBCEB,81,F79D,0,1,1,9C,STZ,ABS,3,9CB813,NATIVE_BODY,NATIVE_BODY,4,4,NONE,3,0,0,1,0,0,0,0,0,0,LINEAR_BUS_SEQUENCE,,00000000,0013B8,81F79D,V02C_MATRIX_PLUS_PINNED_MESEN_CPU_SOURCE_ORDER_NO_GAMEPLAY
V05C002067,81:F7A0:E0M1X1,040FBD03,81,F7A0,0,1,1,9C,STZ,ABS,3,9CB613,NATIVE_BODY,NATIVE_BODY,4,4,NONE,3,0,0,1,0,0,0,0,0,0,LINEAR_BUS_SEQUENCE,,00000000,0013B6,81F7A0,V02C_MATRIX_PLUS_PINNED_MESEN_CPU_SOURCE_ORDER_NO_GAMEPLAY
V05C002068,81:F7A3:E0M1X1,040FBD1B,81,F7A3,0,1,1,9C,STZ,ABS,3,9C8902,NATIVE_BODY,NATIVE_BODY,4,4,NONE,3,0,0,1,0,0,0,0,0,0,LINEAR_BUS_SEQUENCE,,00000000,000289,81F7A3,V02C_MATRIX_PLUS_PINNED_MESEN_CPU_SOURCE_ORDER_NO_GAMEPLAY
V05C002069,81:F7A6:E0M1X1,040FBD33,81,F7A6,0,1,1,A2,LDX,IMM_X,2,A201,NATIVE_BODY,NATIVE_BODY,2,2,NONE,2,0,0,0,0,0,0,0,0,0,LINEAR_BUS_SEQUENCE,,00000000,000001,81F7A6,V02C_MATRIX_PLUS_PINNED_MESEN_CPU_SOURCE_ORDER_NO_GAMEPLAY
V05C002070,81:F7A8:E0M1X1,040FBD43,81,F7A8,0,1,1,20,JSR,ABS_JUMP,3,20F89F,NATIVE_BODY,NATIVE_BODY,6,6,NONE,3,0,0,0,0,0,2,0,1,0,FIXED_IDLE_SEQUENCE,JSR_PRE_STACK_IDLE,00000020,009FF8,81F7A8,V02C_MATRIX_PLUS_PINNED_MESEN_CPU_SOURCE_ORDER_NO_GAMEPLAY
V05C002071,81:F7AB:E0M1X1,040FBD5B,81,F7AB,0,1,1,A2,LDX,IMM_X,2,A202,NATIVE_BODY,NATIVE_BODY,2,2,NONE,2,0,0,0,0,0,0,0,0,0,LINEAR_BUS_SEQUENCE,,00000000,000002,81F7AB,V02C_MATRIX_PLUS_PINNED_MESEN_CPU_SOURCE_ORDER_NO_GAMEPLAY
V05C002072,81:F7AD:E0M1X1,040FBD6B,81,F7AD,0,1,1,20,JSR,ABS_JUMP,3,20E69F,NATIVE_BODY,NATIVE_BODY,6,6,NONE,3,0,0,0,0,0,2,0,1,0,FIXED_IDLE_SEQUENCE,JSR_PRE_STACK_IDLE,00000020,009FE6,81F7AD,V02C_MATRIX_PLUS_PINNED_MESEN_CPU_SOURCE_ORDER_NO_GAMEPLAY
V05C002073,81:F7B0:E0M1X1,040FBD83,81,F7B0,0,1,1,20,JSR,ABS_JUMP,3,2001A0,NATIVE_BODY,NATIVE_BODY,6,6,NONE,3,0,0,0,0,0,2,0,1,0,FIXED_IDLE_SEQUENCE,JSR_PRE_STACK_IDLE,00000020,00A001,81F7B0,V02C_MATRIX_PLUS_PINNED_MESEN_CPU_SOURCE_ORDER_NO_GAMEPLAY
V05C002074,81:F7B3:E0M1X1,040FBD9B,81,F7B3,0,1,1,F0,BEQ,REL8,2,F00D,NATIVE_BODY,NATIVE_BODY,2,3,BRANCH_TAKEN:+1,2,0,0,0,0,0,0,0,0,1,BRANCH_SEQUENCE,DYN_BRANCH_TAKEN_POST_IDLE,00000004,00000D,81F7B3,V02C_MATRIX_PLUS_PINNED_MESEN_CPU_SOURCE_ORDER_NO_GAMEPLAY
V05C002075,81:F7B5:E0M1X1,040FBDAB,81,F7B5,0,1,1,3A,DEC,ACC,1,3A,NATIVE_BODY,NATIVE_BODY,2,2,NONE,1,0,0,0,0,0,0,0,1,0,FIXED_IDLE_SEQUENCE,IMPLIED_PRE_IDLE,00000800,000000,81F7B5,V02C_MATRIX_PLUS_PINNED_MESEN_CPU_SOURCE_ORDER_NO_GAMEPLAY
V05C002076,81:F7B6:E0M1X1,040FBDB3,81,F7B6,0,1,1,F0,BEQ,REL8,2,F005,NATIVE_BODY,NATIVE_BODY,2,3,BRANCH_TAKEN:+1,2,0,0,0,0,0,0,0,0,1,BRANCH_SEQUENCE,DYN_BRANCH_TAKEN_POST_IDLE,00000004,000005,81F7B6,V02C_MATRIX_PLUS_PINNED_MESEN_CPU_SOURCE_ORDER_NO_GAMEPLAY
V05C002077,81:F7B8:E0M1X1,040FBDC3,81,F7B8,0,1,1,20,JSR,ABS_JUMP,3,2030F8,NATIVE_BODY,NATIVE_BODY,6,6,NONE,3,0,0,0,0,0,2,0,1,0,FIXED_IDLE_SEQUENCE,JSR_PRE_STACK_IDLE,00000020,00F830,81F7B8,V02C_MATRIX_PLUS_PINNED_MESEN_CPU_SOURCE_ORDER_NO_GAMEPLAY
V05C002078,81:F7BB:E0M1X1,040FBDDB,81,F7BB,0,1,1,80,BRA,REL8,2,8005,NATIVE_BODY,NATIVE_BODY,3,3,NONE,2,0,0,0,0,0,0,0,1,0,BRANCH_SEQUENCE,BRANCH_ALWAYS_POST_IDLE,00004000,000005,81F7BB,V02C_MATRIX_PLUS_PINNED_MESEN_CPU_SOURCE_ORDER_NO_GAMEPLAY
V05C002079,81:F7BD:E0M1X1,040FBDEB,81,F7BD,0,1,1,A9,LDA,IMM_M,2,A901,NATIVE_BODY,NATIVE_BODY,2,2,NONE,2,0,0,0,0,0,0,0,0,0,LINEAR_BUS_SEQUENCE,,00000000,000001,81F7BD,V02C_MATRIX_PLUS_PINNED_MESEN_CPU_SOURCE_ORDER_NO_GAMEPLAY
V05C002080,81:F7BF:E0M1X1,040FBDFB,81,F7BF,0,1,1,20,JSR,ABS_JUMP,3,2036F8,NATIVE_BODY,NATIVE_BODY,6,6,NONE,3,0,0,0,0,0,2,0,1,0,FIXED_IDLE_SEQUENCE,JSR_PRE_STACK_IDLE,00000020,00F836,81F7BF,V02C_MATRIX_PLUS_PINNED_MESEN_CPU_SOURCE_ORDER_NO_GAMEPLAY
V05C002081,81:F7C2:E0M1X1,040FBE13,81,F7C2,0,1,1,20,JSR,ABS_JUMP,3,208C9C,NATIVE_BODY,NATIVE_BODY,6,6,NONE,3,0,0,0,0,0,2,0,1,0,FIXED_IDLE_SEQUENCE,JSR_PRE_STACK_IDLE,00000020,009C8C,81F7C2,V02C_MATRIX_PLUS_PINNED_MESEN_CPU_SOURCE_ORDER_NO_GAMEPLAY
V05C002082,81:F7C5:E0M1X1,040FBE2B,81,F7C5,0,1,1,AD,LDA,ABS,3,AD4002,NATIVE_BODY,NATIVE_BODY,4,4,NONE,3,0,1,0,0,0,0,0,0,0,LINEAR_BUS_SEQUENCE,,00000000,000240,81F7C5,V02C_MATRIX_PLUS_PINNED_MESEN_CPU_SOURCE_ORDER_NO_GAMEPLAY
V05C002083,81:F7C8:E0M1X1,040FBE43,81,F7C8,0,1,1,D0,BNE,REL8,2,D0FB,NATIVE_BODY,NATIVE_BODY,2,3,BRANCH_TAKEN:+1,2,0,0,0,0,0,0,0,0,1,BRANCH_SEQUENCE,DYN_BRANCH_TAKEN_POST_IDLE,00000004,0000FB,81F7C8,V02C_MATRIX_PLUS_PINNED_MESEN_CPU_SOURCE_ORDER_NO_GAMEPLAY
V05C002084,81:F7CA:E0M1X1,040FBE53,81,F7CA,0,1,1,C2,REP,IMM8,2,C230,NATIVE_BODY,NATIVE_BODY,3,3,NONE,2,0,0,0,0,0,0,0,1,0,FIXED_IDLE_SEQUENCE,STATUS_PRE_IDLE,00002000,000030,81F7CA,V02C_MATRIX_PLUS_PINNED_MESEN_CPU_SOURCE_ORDER_NO_GAMEPLAY
V05C002085,81:F7CC:E0M0X0,040FBE60,81,F7CC,0,0,0,CE,DEC,ABS,3,CEC002,NATIVE_BODY,NATIVE_BODY,8,8,NONE,3,0,2,2,0,0,0,0,1,0,RMW_SEQUENCE,RMW_INTERMEDIATE_IDLE,00010000,0002C0,81F7CC,V02C_MATRIX_PLUS_PINNED_MESEN_CPU_SOURCE_ORDER_NO_GAMEPLAY
V05C002086,81:F7CF:E0M0X0,040FBE78,81,F7CF,0,0,0,E2,SEP,IMM8,2,E230,NATIVE_BODY,NATIVE_BODY,3,3,NONE,2,0,0,0,0,0,0,0,1,0,FIXED_IDLE_SEQUENCE,STATUS_PRE_IDLE,00002000,000030,81F7CF,V02C_MATRIX_PLUS_PINNED_MESEN_CPU_SOURCE_ORDER_NO_GAMEPLAY
V05C002087,81:F7D1:E0M1X1,040FBE8B,81,F7D1,0,1,1,F0,BEQ,REL8,2,F019,NATIVE_BODY,NATIVE_BODY,2,3,BRANCH_TAKEN:+1,2,0,0,0,0,0,0,0,0,1,BRANCH_SEQUENCE,DYN_BRANCH_TAKEN_POST_IDLE,00000004,000019,81F7D1,V02C_MATRIX_PLUS_PINNED_MESEN_CPU_SOURCE_ORDER_NO_GAMEPLAY
V05C002088,81:F7D3:E0M1X1,040FBE9B,81,F7D3,0,1,1,20,JSR,ABS_JUMP,3,209D9F,NATIVE_BODY,NATIVE_BODY,6,6,NONE,3,0,0,0,0,0,2,0,1,0,FIXED_IDLE_SEQUENCE,JSR_PRE_STACK_IDLE,00000020,009F9D,81F7D3,V02C_MATRIX_PLUS_PINNED_MESEN_CPU_SOURCE_ORDER_NO_GAMEPLAY
V05C002089,81:F7D6:E0M1X1,040FBEB3,81,F7D6,0,1,1,AD,LDA,ABS,3,AD8902,NATIVE_BODY,NATIVE_BODY,4,4,NONE,3,0,1,0,0,0,0,0,0,0,LINEAR_BUS_SEQUENCE,,00000000,000289,81F7D6,V02C_MATRIX_PLUS_PINNED_MESEN_CPU_SOURCE_ORDER_NO_GAMEPLAY
V05C002090,81:F7D9:E0M1X1,040FBECB,81,F7D9,0,1,1,F0,BEQ,REL8,2,F0CB,NATIVE_BODY,NATIVE_BODY,2,3,BRANCH_TAKEN:+1,2,0,0,0,0,0,0,0,0,1,BRANCH_SEQUENCE,DYN_BRANCH_TAKEN_POST_IDLE,00000004,0000CB,81F7D9,V02C_MATRIX_PLUS_PINNED_MESEN_CPU_SOURCE_ORDER_NO_GAMEPLAY
V05C002091,81:F7DB:E0M1X1,040FBEDB,81,F7DB,0,1,1,22,JSL,ABSL_JUMP,4,223EFB80,NATIVE_BODY,NATIVE_BODY,8,8,NONE,4,0,0,0,0,0,3,0,1,0,JSL_DEFERRED_BANK_FETCH,JSL_AFTER_PBR_PUSH_IDLE,00000010,80FB3E,81F7DB,V02C_MATRIX_PLUS_PINNED_MESEN_CPU_SOURCE_ORDER_NO_GAMEPLAY
V05C002092,81:F7DF:E0M1X1,040FBEFB,81,F7DF,0,1,1,22,JSL,ABSL_JUMP,4,2282F980,NATIVE_BODY,NATIVE_BODY,8,8,NONE,4,0,0,0,0,0,3,0,1,0,JSL_DEFERRED_BANK_FETCH,JSL_AFTER_PBR_PUSH_IDLE,00000010,80F982,81F7DF,V02C_MATRIX_PLUS_PINNED_MESEN_CPU_SOURCE_ORDER_NO_GAMEPLAY
V05C002093,81:F7E3:E0M1X1,040FBF1B,81,F7E3,0,1,1,AD,LDA,ABS,3,ADB813,NATIVE_BODY,NATIVE_BODY,4,4,NONE,3,0,1,0,0,0,0,0,0,0,LINEAR_BUS_SEQUENCE,,00000000,0013B8,81F7E3,V02C_MATRIX_PLUS_PINNED_MESEN_CPU_SOURCE_ORDER_NO_GAMEPLAY
V05C002094,81:F7E6:E0M1X1,040FBF33,81,F7E6,0,1,1,1A,INC,ACC,1,1A,NATIVE_BODY,NATIVE_BODY,2,2,NONE,1,0,0,0,0,0,0,0,1,0,FIXED_IDLE_SEQUENCE,IMPLIED_PRE_IDLE,00000800,000000,81F7E6,V02C_MATRIX_PLUS_PINNED_MESEN_CPU_SOURCE_ORDER_NO_GAMEPLAY
V05C002095,81:F7E7:E0M1X1,040FBF3B,81,F7E7,0,1,1,8D,STA,ABS,3,8DFF0B,NATIVE_BODY,NATIVE_BODY,4,4,NONE,3,0,0,1,0,0,0,0,0,0,LINEAR_BUS_SEQUENCE,,00000000,000BFF,81F7E7,V02C_MATRIX_PLUS_PINNED_MESEN_CPU_SOURCE_ORDER_NO_GAMEPLAY
V05C002096,81:F7EA:E0M1X1,040FBF53,81,F7EA,0,1,1,18,CLC,IMP,1,18,NATIVE_BODY,NATIVE_BODY,2,2,NONE,1,0,0,0,0,0,0,0,1,0,FIXED_IDLE_SEQUENCE,IMPLIED_PRE_IDLE,00000800,000000,81F7EA,V02C_MATRIX_PLUS_PINNED_MESEN_CPU_SOURCE_ORDER_NO_GAMEPLAY
V05C002097,81:F7EB:E0M1X1,040FBF5B,81,F7EB,0,1,1,60,RTS,IMP,1,60,NATIVE_BODY,NATIVE_BODY,6,6,NONE,1,0,0,0,0,2,0,0,3,0,RETURN_SEQUENCE,RETURN_PRE_IDLE;RETURN_PRE_IDLE;RTS_POST_POP_IDLE,00000180,000000,81F7EB,V02C_MATRIX_PLUS_PINNED_MESEN_CPU_SOURCE_ORDER_NO_GAMEPLAY
V05C002098,81:F7EC:E0M1X1,040FBF63,81,F7EC,0,1,1,38,SEC,IMP,1,38,NATIVE_BODY,NATIVE_BODY,2,2,NONE,1,0,0,0,0,0,0,0,1,0,FIXED_IDLE_SEQUENCE,IMPLIED_PRE_IDLE,00000800,000000,81F7EC,V02C_MATRIX_PLUS_PINNED_MESEN_CPU_SOURCE_ORDER_NO_GAMEPLAY
V05C002099,81:F7ED:E0M1X1,040FBF6B,81,F7ED,0,1,1,60,RTS,IMP,1,60,NATIVE_BODY,NATIVE_BODY,6,6,NONE,1,0,0,0,0,2,0,0,3,0,RETURN_SEQUENCE,RETURN_PRE_IDLE;RETURN_PRE_IDLE;RTS_POST_POP_IDLE,00000180,000000,81F7ED,V02C_MATRIX_PLUS_PINNED_MESEN_CPU_SOURCE_ORDER_NO_GAMEPLAY
V05C002100,81:F7F7:E0M1X1,040FBFBB,81,F7F7,0,1,1,A0,LDY,IMM_X,2,A000,NATIVE_BODY,NATIVE_BODY,2,2,NONE,2,0,0,0,0,0,0,0,0,0,LINEAR_BUS_SEQUENCE,,00000000,000000,81F7F7,V02C_MATRIX_PLUS_PINNED_MESEN_CPU_SOURCE_ORDER_NO_GAMEPLAY
V05C002101,81:F7F9:E0M1X1,040FBFCB,81,F7F9,0,1,1,BE,LDX,ABS_Y,3,BE85F8,NATIVE_BODY,NATIVE_BODY,4,5,INDEX_PAGE_CROSS:+1,3,0,1,0,0,0,0,0,0,1,INDEX_SEQUENCE,DYN_INDEX_PRE_DATA_IDLE,00000002,00F885,81F7F9,V02C_MATRIX_PLUS_PINNED_MESEN_CPU_SOURCE_ORDER_NO_GAMEPLAY
V05C002102,81:F7FC:E0M1X1,040FBFE3,81,F7FC,0,1,1,B9,LDA,ABS_Y,3,B996F8,NATIVE_BODY,NATIVE_BODY,4,5,INDEX_PAGE_CROSS:+1,3,0,1,0,0,0,0,0,0,1,INDEX_SEQUENCE,DYN_INDEX_PRE_DATA_IDLE,00000002,00F896,81F7FC,V02C_MATRIX_PLUS_PINNED_MESEN_CPU_SOURCE_ORDER_NO_GAMEPLAY
V05C002103,81:F7FF:E0M1X1,040FBFFB,81,F7FF,0,1,1,20,JSR,ABS_JUMP,3,2008F8,NATIVE_BODY,NATIVE_BODY,6,6,NONE,3,0,0,0,0,0,2,0,1,0,FIXED_IDLE_SEQUENCE,JSR_PRE_STACK_IDLE,00000020,00F808,81F7FF,V02C_MATRIX_PLUS_PINNED_MESEN_CPU_SOURCE_ORDER_NO_GAMEPLAY
V05C002104,81:F802:E0M1X1,040FC013,81,F802,0,1,1,C8,INY,IMP,1,C8,NATIVE_BODY,NATIVE_BODY,2,2,NONE,1,0,0,0,0,0,0,0,1,0,FIXED_IDLE_SEQUENCE,IMPLIED_PRE_IDLE,00000800,000000,81F802,V02C_MATRIX_PLUS_PINNED_MESEN_CPU_SOURCE_ORDER_NO_GAMEPLAY
V05C002105,81:F803:E0M1X1,040FC01B,81,F803,0,1,1,C0,CPY,IMM_X,2,C011,NATIVE_BODY,NATIVE_BODY,2,2,NONE,2,0,0,0,0,0,0,0,0,0,LINEAR_BUS_SEQUENCE,,00000000,000011,81F803,V02C_MATRIX_PLUS_PINNED_MESEN_CPU_SOURCE_ORDER_NO_GAMEPLAY
V05C002106,81:F805:E0M1X1,040FC02B,81,F805,0,1,1,90,BCC,REL8,2,90F2,NATIVE_BODY,NATIVE_BODY,2,3,BRANCH_TAKEN:+1,2,0,0,0,0,0,0,0,0,1,BRANCH_SEQUENCE,DYN_BRANCH_TAKEN_POST_IDLE,00000004,0000F2,81F805,V02C_MATRIX_PLUS_PINNED_MESEN_CPU_SOURCE_ORDER_NO_GAMEPLAY
V05C002107,81:F807:E0M1X1,040FC03B,81,F807,0,1,1,60,RTS,IMP,1,60,NATIVE_BODY,NATIVE_BODY,6,6,NONE,1,0,0,0,0,2,0,0,3,0,RETURN_SEQUENCE,RETURN_PRE_IDLE;RETURN_PRE_IDLE;RTS_POST_POP_IDLE,00000180,000000,81F807,V02C_MATRIX_PLUS_PINNED_MESEN_CPU_SOURCE_ORDER_NO_GAMEPLAY
V05C002108,81:F808:E0M1X1,040FC043,81,F808,0,1,1,5A,PHY,IMP,1,5A,NATIVE_BODY,NATIVE_BODY,3,3,NONE,1,0,0,0,0,0,1,0,1,0,FIXED_IDLE_SEQUENCE,PUSH_PRE_IDLE,00000200,000000,81F808,V02C_MATRIX_PLUS_PINNED_MESEN_CPU_SOURCE_ORDER_NO_GAMEPLAY
V05C002109,81:F809:E0M1X1,040FC04B,81,F809,0,1,1,C2,REP,IMM8,2,C230,NATIVE_BODY,NATIVE_BODY,3,3,NONE,2,0,0,0,0,0,0,0,1,0,FIXED_IDLE_SEQUENCE,STATUS_PRE_IDLE,00002000,000030,81F809,V02C_MATRIX_PLUS_PINNED_MESEN_CPU_SOURCE_ORDER_NO_GAMEPLAY
V05C002110,81:F80B:E0M0X0,040FC058,81,F80B,0,0,0,29,AND,IMM_M,3,29FF00,NATIVE_BODY,NATIVE_BODY,3,3,NONE,3,0,0,0,0,0,0,0,0,0,LINEAR_BUS_SEQUENCE,,00000000,0000FF,81F80B,V02C_MATRIX_PLUS_PINNED_MESEN_CPU_SOURCE_ORDER_NO_GAMEPLAY
V05C002111,81:F80E:E0M0X0,040FC070,81,F80E,0,0,0,18,CLC,IMP,1,18,NATIVE_BODY,NATIVE_BODY,2,2,NONE,1,0,0,0,0,0,0,0,1,0,FIXED_IDLE_SEQUENCE,IMPLIED_PRE_IDLE,00000800,000000,81F80E,V02C_MATRIX_PLUS_PINNED_MESEN_CPU_SOURCE_ORDER_NO_GAMEPLAY
V05C002112,81:F80F:E0M0X0,040FC078,81,F80F,0,0,0,6D,ADC,ABS,3,6DC002,NATIVE_BODY,NATIVE_BODY,5,5,NONE,3,0,2,0,0,0,0,0,0,0,LINEAR_BUS_SEQUENCE,,00000000,0002C0,81F80F,V02C_MATRIX_PLUS_PINNED_MESEN_CPU_SOURCE_ORDER_NO_GAMEPLAY
V05C002113,81:F812:E0M0X0,040FC090,81,F812,0,0,0,C9,CMP,IMM_M,3,C9E000,NATIVE_BODY,NATIVE_BODY,3,3,NONE,3,0,0,0,0,0,0,0,0,0,LINEAR_BUS_SEQUENCE,,00000000,0000E0,81F812,V02C_MATRIX_PLUS_PINNED_MESEN_CPU_SOURCE_ORDER_NO_GAMEPLAY
V05C002114,81:F815:E0M0X0,040FC0A8,81,F815,0,0,0,90,BCC,REL8,2,9008,NATIVE_BODY,NATIVE_BODY,2,3,BRANCH_TAKEN:+1,2,0,0,0,0,0,0,0,0,1,BRANCH_SEQUENCE,DYN_BRANCH_TAKEN_POST_IDLE,00000004,000008,81F815,V02C_MATRIX_PLUS_PINNED_MESEN_CPU_SOURCE_ORDER_NO_GAMEPLAY
V05C002115,81:F817:E0M0X0,040FC0B8,81,F817,0,0,0,C9,CMP,IMM_M,3,C9E1FF,NATIVE_BODY,NATIVE_BODY,3,3,NONE,3,0,0,0,0,0,0,0,0,0,LINEAR_BUS_SEQUENCE,,00000000,00FFE1,81F817,V02C_MATRIX_PLUS_PINNED_MESEN_CPU_SOURCE_ORDER_NO_GAMEPLAY
V05C002116,81:F81A:E0M0X0,040FC0D0,81,F81A,0,0,0,B0,BCS,REL8,2,B003,NATIVE_BODY,NATIVE_BODY,2,3,BRANCH_TAKEN:+1,2,0,0,0,0,0,0,0,0,1,BRANCH_SEQUENCE,DYN_BRANCH_TAKEN_POST_IDLE,00000004,000003,81F81A,V02C_MATRIX_PLUS_PINNED_MESEN_CPU_SOURCE_ORDER_NO_GAMEPLAY
V05C002117,81:F81C:E0M0X0,040FC0E0,81,F81C,0,0,0,A9,LDA,IMM_M,3,A9E000,NATIVE_BODY,NATIVE_BODY,3,3,NONE,3,0,0,0,0,0,0,0,0,0,LINEAR_BUS_SEQUENCE,,00000000,0000E0,81F81C,V02C_MATRIX_PLUS_PINNED_MESEN_CPU_SOURCE_ORDER_NO_GAMEPLAY
V05C002118,81:F81F:E0M0X0,040FC0F8,81,F81F,0,0,0,E2,SEP,IMM8,2,E230,NATIVE_BODY,NATIVE_BODY,3,3,NONE,2,0,0,0,0,0,0,0,1,0,FIXED_IDLE_SEQUENCE,STATUS_PRE_IDLE,00002000,000030,81F81F,V02C_MATRIX_PLUS_PINNED_MESEN_CPU_SOURCE_ORDER_NO_GAMEPLAY
V05C002119,81:F821:E0M1X1,040FC10B,81,F821,0,1,1,48,PHA,IMP,1,48,NATIVE_BODY,NATIVE_BODY,3,3,NONE,1,0,0,0,0,0,1,0,1,0,FIXED_IDLE_SEQUENCE,PUSH_PRE_IDLE,00000200,000000,81F821,V02C_MATRIX_PLUS_PINNED_MESEN_CPU_SOURCE_ORDER_NO_GAMEPLAY
V05C002120,81:F822:E0M1X1,040FC113,81,F822,0,1,1,98,TYA,IMP,1,98,NATIVE_BODY,NATIVE_BODY,2,2,NONE,1,0,0,0,0,0,0,0,1,0,FIXED_IDLE_SEQUENCE,IMPLIED_PRE_IDLE,00000800,000000,81F822,V02C_MATRIX_PLUS_PINNED_MESEN_CPU_SOURCE_ORDER_NO_GAMEPLAY
V05C002121,81:F823:E0M1X1,040FC11B,81,F823,0,1,1,0A,ASL,ACC,1,0A,NATIVE_BODY,NATIVE_BODY,2,2,NONE,1,0,0,0,0,0,0,0,1,0,FIXED_IDLE_SEQUENCE,IMPLIED_PRE_IDLE,00000800,000000,81F823,V02C_MATRIX_PLUS_PINNED_MESEN_CPU_SOURCE_ORDER_NO_GAMEPLAY
V05C002122,81:F824:E0M1X1,040FC123,81,F824,0,1,1,0A,ASL,ACC,1,0A,NATIVE_BODY,NATIVE_BODY,2,2,NONE,1,0,0,0,0,0,0,0,1,0,FIXED_IDLE_SEQUENCE,IMPLIED_PRE_IDLE,00000800,000000,81F824,V02C_MATRIX_PLUS_PINNED_MESEN_CPU_SOURCE_ORDER_NO_GAMEPLAY
V05C002123,81:F825:E0M1X1,040FC12B,81,F825,0,1,1,A8,TAY,IMP,1,A8,NATIVE_BODY,NATIVE_BODY,2,2,NONE,1,0,0,0,0,0,0,0,1,0,FIXED_IDLE_SEQUENCE,IMPLIED_PRE_IDLE,00000800,000000,81F825,V02C_MATRIX_PLUS_PINNED_MESEN_CPU_SOURCE_ORDER_NO_GAMEPLAY
V05C002124,81:F826:E0M1X1,040FC133,81,F826,0,1,1,68,PLA,IMP,1,68,NATIVE_BODY,NATIVE_BODY,4,4,NONE,1,0,0,0,0,1,0,0,2,0,FIXED_IDLE_SEQUENCE,PULL_PRE_IDLE;PULL_PRE_IDLE,00000400,000000,81F826,V02C_MATRIX_PLUS_PINNED_MESEN_CPU_SOURCE_ORDER_NO_GAMEPLAY
V05C002125,81:F827:E0M1X1,040FC13B,81,F827,0,1,1,99,STA,ABS_Y,3,99FF13,NATIVE_BODY,NATIVE_BODY,5,5,NONE,3,0,0,1,0,0,0,0,1,0,INDEX_SEQUENCE,INDEX_FIXED_PRE_DATA_IDLE,00040000,0013FF,81F827,V02C_MATRIX_PLUS_PINNED_MESEN_CPU_SOURCE_ORDER_NO_GAMEPLAY
V05C002126,81:F82A:E0M1X1,040FC153,81,F82A,0,1,1,8A,TXA,IMP,1,8A,NATIVE_BODY,NATIVE_BODY,2,2,NONE,1,0,0,0,0,0,0,0,1,0,FIXED_IDLE_SEQUENCE,IMPLIED_PRE_IDLE,00000800,000000,81F82A,V02C_MATRIX_PLUS_PINNED_MESEN_CPU_SOURCE_ORDER_NO_GAMEPLAY
V05C002127,81:F82B:E0M1X1,040FC15B,81,F82B,0,1,1,99,STA,ABS_Y,3,99FE13,NATIVE_BODY,NATIVE_BODY,5,5,NONE,3,0,0,1,0,0,0,0,1,0,INDEX_SEQUENCE,INDEX_FIXED_PRE_DATA_IDLE,00040000,0013FE,81F82B,V02C_MATRIX_PLUS_PINNED_MESEN_CPU_SOURCE_ORDER_NO_GAMEPLAY
V05C002128,81:F82E:E0M1X1,040FC173,81,F82E,0,1,1,7A,PLY,IMP,1,7A,NATIVE_BODY,NATIVE_BODY,4,4,NONE,1,0,0,0,0,1,0,0,2,0,FIXED_IDLE_SEQUENCE,PULL_PRE_IDLE;PULL_PRE_IDLE,00000400,000000,81F82E,V02C_MATRIX_PLUS_PINNED_MESEN_CPU_SOURCE_ORDER_NO_GAMEPLAY
V05C002129,81:F82F:E0M1X1,040FC17B,81,F82F,0,1,1,60,RTS,IMP,1,60,NATIVE_BODY,NATIVE_BODY,6,6,NONE,1,0,0,0,0,2,0,0,3,0,RETURN_SEQUENCE,RETURN_PRE_IDLE;RETURN_PRE_IDLE;RTS_POST_POP_IDLE,00000180,000000,81F82F,V02C_MATRIX_PLUS_PINNED_MESEN_CPU_SOURCE_ORDER_NO_GAMEPLAY
V05C002130,81:F830:E0M1X1,040FC183,81,F830,0,1,1,A9,LDA,IMM_M,2,A9E0,NATIVE_BODY,NATIVE_BODY,2,2,NONE,2,0,0,0,0,0,0,0,0,0,LINEAR_BUS_SEQUENCE,,00000000,0000E0,81F830,V02C_MATRIX_PLUS_PINNED_MESEN_CPU_SOURCE_ORDER_NO_GAMEPLAY
V05C002131,81:F832:E0M1X1,040FC193,81,F832,0,1,1,8D,STA,ABS,3,8DFB13,NATIVE_BODY,NATIVE_BODY,4,4,NONE,3,0,0,1,0,0,0,0,0,0,LINEAR_BUS_SEQUENCE,,00000000,0013FB,81F832,V02C_MATRIX_PLUS_PINNED_MESEN_CPU_SOURCE_ORDER_NO_GAMEPLAY
V05C002132,81:F835:E0M1X1,040FC1AB,81,F835,0,1,1,60,RTS,IMP,1,60,NATIVE_BODY,NATIVE_BODY,6,6,NONE,1,0,0,0,0,2,0,0,3,0,RETURN_SEQUENCE,RETURN_PRE_IDLE;RETURN_PRE_IDLE;RTS_POST_POP_IDLE,00000180,000000,81F835,V02C_MATRIX_PLUS_PINNED_MESEN_CPU_SOURCE_ORDER_NO_GAMEPLAY
V05C002133,81:F836:E0M1X1,040FC1B3,81,F836,0,1,1,C9,CMP,IMM_M,2,C900,NATIVE_BODY,NATIVE_BODY,2,2,NONE,2,0,0,0,0,0,0,0,0,0,LINEAR_BUS_SEQUENCE,,00000000,000000,81F836,V02C_MATRIX_PLUS_PINNED_MESEN_CPU_SOURCE_ORDER_NO_GAMEPLAY
V05C002134,81:F838:E0M1X1,040FC1C3,81,F838,0,1,1,F0,BEQ,REL8,2,F018,NATIVE_BODY,NATIVE_BODY,2,3,BRANCH_TAKEN:+1,2,0,0,0,0,0,0,0,0,1,BRANCH_SEQUENCE,DYN_BRANCH_TAKEN_POST_IDLE,00000004,000018,81F838,V02C_MATRIX_PLUS_PINNED_MESEN_CPU_SOURCE_ORDER_NO_GAMEPLAY
V05C002135,81:F83A:E0M1X1,040FC1D3,81,F83A,0,1,1,C9,CMP,IMM_M,2,C901,NATIVE_BODY,NATIVE_BODY,2,2,NONE,2,0,0,0,0,0,0,0,0,0,LINEAR_BUS_SEQUENCE,,00000000,000001,81F83A,V02C_MATRIX_PLUS_PINNED_MESEN_CPU_SOURCE_ORDER_NO_GAMEPLAY
V05C002136,81:F83C:E0M1X1,040FC1E3,81,F83C,0,1,1,F0,BEQ,REL8,2,F00A,NATIVE_BODY,NATIVE_BODY,2,3,BRANCH_TAKEN:+1,2,0,0,0,0,0,0,0,0,1,BRANCH_SEQUENCE,DYN_BRANCH_TAKEN_POST_IDLE,00000004,00000A,81F83C,V02C_MATRIX_PLUS_PINNED_MESEN_CPU_SOURCE_ORDER_NO_GAMEPLAY
V05C002137,81:F848:E0M1X1,040FC243,81,F848,0,1,1,A0,LDY,IMM_X,2,A020,NATIVE_BODY,NATIVE_BODY,2,2,NONE,2,0,0,0,0,0,0,0,0,0,LINEAR_BUS_SEQUENCE,,00000000,000020,81F848,V02C_MATRIX_PLUS_PINNED_MESEN_CPU_SOURCE_ORDER_NO_GAMEPLAY
V05C002138,81:F84A:E0M1X1,040FC253,81,F84A,0,1,1,AE,LDX,ABS,3,AEB813,NATIVE_BODY,NATIVE_BODY,4,4,NONE,3,0,1,0,0,0,0,0,0,0,LINEAR_BUS_SEQUENCE,,00000000,0013B8,81F84A,V02C_MATRIX_PLUS_PINNED_MESEN_CPU_SOURCE_ORDER_NO_GAMEPLAY
V05C002139,81:F84D:E0M1X1,040FC26B,81,F84D,0,1,1,BD,LDA,ABS_X,3,BD61F8,NATIVE_BODY,NATIVE_BODY,4,5,INDEX_PAGE_CROSS:+1,3,0,1,0,0,0,0,0,0,1,INDEX_SEQUENCE,DYN_INDEX_PRE_DATA_IDLE,00000002,00F861,81F84D,V02C_MATRIX_PLUS_PINNED_MESEN_CPU_SOURCE_ORDER_NO_GAMEPLAY
V05C002140,81:F850:E0M1X1,040FC283,81,F850,0,1,1,80,BRA,REL8,2,8008,NATIVE_BODY,NATIVE_BODY,3,3,NONE,2,0,0,0,0,0,0,0,1,0,BRANCH_SEQUENCE,BRANCH_ALWAYS_POST_IDLE,00004000,000008,81F850,V02C_MATRIX_PLUS_PINNED_MESEN_CPU_SOURCE_ORDER_NO_GAMEPLAY
V05C002141,81:F852:E0M1X1,040FC293,81,F852,0,1,1,A0,LDY,IMM_X,2,A030,NATIVE_BODY,NATIVE_BODY,2,2,NONE,2,0,0,0,0,0,0,0,0,0,LINEAR_BUS_SEQUENCE,,00000000,000030,81F852,V02C_MATRIX_PLUS_PINNED_MESEN_CPU_SOURCE_ORDER_NO_GAMEPLAY
V05C002142,81:F854:E0M1X1,040FC2A3,81,F854,0,1,1,AE,LDX,ABS,3,AEB813,NATIVE_BODY,NATIVE_BODY,4,4,NONE,3,0,1,0,0,0,0,0,0,0,LINEAR_BUS_SEQUENCE,,00000000,0013B8,81F854,V02C_MATRIX_PLUS_PINNED_MESEN_CPU_SOURCE_ORDER_NO_GAMEPLAY
V05C002143,81:F857:E0M1X1,040FC2BB,81,F857,0,1,1,BD,LDA,ABS_X,3,BD63F8,NATIVE_BODY,NATIVE_BODY,4,5,INDEX_PAGE_CROSS:+1,3,0,1,0,0,0,0,0,0,1,INDEX_SEQUENCE,DYN_INDEX_PRE_DATA_IDLE,00000002,00F863,81F857,V02C_MATRIX_PLUS_PINNED_MESEN_CPU_SOURCE_ORDER_NO_GAMEPLAY
V05C002144,81:F85A:E0M1X1,040FC2D3,81,F85A,0,1,1,8C,STY,ABS,3,8CFA13,NATIVE_BODY,NATIVE_BODY,4,4,NONE,3,0,0,1,0,0,0,0,0,0,LINEAR_BUS_SEQUENCE,,00000000,0013FA,81F85A,V02C_MATRIX_PLUS_PINNED_MESEN_CPU_SOURCE_ORDER_NO_GAMEPLAY
V05C002145,81:F85D:E0M1X1,040FC2EB,81,F85D,0,1,1,8D,STA,ABS,3,8DFB13,NATIVE_BODY,NATIVE_BODY,4,4,NONE,3,0,0,1,0,0,0,0,0,0,LINEAR_BUS_SEQUENCE,,00000000,0013FB,81F85D,V02C_MATRIX_PLUS_PINNED_MESEN_CPU_SOURCE_ORDER_NO_GAMEPLAY
V05C002146,81:F860:E0M1X1,040FC303,81,F860,0,1,1,60,RTS,IMP,1,60,NATIVE_BODY,NATIVE_BODY,6,6,NONE,1,0,0,0,0,2,0,0,3,0,RETURN_SEQUENCE,RETURN_PRE_IDLE;RETURN_PRE_IDLE;RTS_POST_POP_IDLE,00000180,000000,81F860,V02C_MATRIX_PLUS_PINNED_MESEN_CPU_SOURCE_ORDER_NO_GAMEPLAY
V05C002147,92:EF72:E0M1X1,04977B93,92,EF72,0,1,1,8B,PHB,IMP,1,8B,NATIVE_BODY,NATIVE_BODY,3,3,NONE,1,0,0,0,0,0,1,0,1,0,FIXED_IDLE_SEQUENCE,PUSH_PRE_IDLE,00000200,000000,92EF72,V02C_MATRIX_PLUS_PINNED_MESEN_CPU_SOURCE_ORDER_NO_GAMEPLAY
V05C002148,92:EF73:E0M1X1,04977B9B,92,EF73,0,1,1,4B,PHK,IMP,1,4B,NATIVE_BODY,NATIVE_BODY,3,3,NONE,1,0,0,0,0,0,1,0,1,0,FIXED_IDLE_SEQUENCE,PUSH_PRE_IDLE,00000200,000000,92EF73,V02C_MATRIX_PLUS_PINNED_MESEN_CPU_SOURCE_ORDER_NO_GAMEPLAY
V05C002149,92:EF74:E0M1X1,04977BA3,92,EF74,0,1,1,AB,PLB,IMP,1,AB,NATIVE_BODY,NATIVE_BODY,4,4,NONE,1,0,0,0,0,1,0,0,2,0,FIXED_IDLE_SEQUENCE,PULL_PRE_IDLE;PULL_PRE_IDLE,00000400,000000,92EF74,V02C_MATRIX_PLUS_PINNED_MESEN_CPU_SOURCE_ORDER_NO_GAMEPLAY
V05C002150,92:EF75:E0M1X1,04977BAB,92,EF75,0,1,1,A9,LDA,IMM_M,2,A901,NATIVE_BODY,NATIVE_BODY,2,2,NONE,2,0,0,0,0,0,0,0,0,0,LINEAR_BUS_SEQUENCE,,00000000,000001,92EF75,V02C_MATRIX_PLUS_PINNED_MESEN_CPU_SOURCE_ORDER_NO_GAMEPLAY
V05C002151,92:EF77:E0M1X1,04977BBB,92,EF77,0,1,1,8D,STA,ABS,3,8D0D42,NATIVE_BODY,NATIVE_BODY,4,4,NONE,3,0,0,1,0,0,0,0,0,0,LINEAR_BUS_SEQUENCE,,00000000,00420D,92EF77,V02C_MATRIX_PLUS_PINNED_MESEN_CPU_SOURCE_ORDER_NO_GAMEPLAY
V05C002152,92:EF7A:E0M1X1,04977BD3,92,EF7A,0,1,1,A9,LDA,IMM_M,2,A98F,NATIVE_BODY,NATIVE_BODY,2,2,NONE,2,0,0,0,0,0,0,0,0,0,LINEAR_BUS_SEQUENCE,,00000000,00008F,92EF7A,V02C_MATRIX_PLUS_PINNED_MESEN_CPU_SOURCE_ORDER_NO_GAMEPLAY
V05C002153,92:EF7C:E0M1X1,04977BE3,92,EF7C,0,1,1,8D,STA,ABS,3,8D0021,NATIVE_BODY,NATIVE_BODY,4,4,NONE,3,0,0,1,0,0,0,0,0,0,LINEAR_BUS_SEQUENCE,,00000000,002100,92EF7C,V02C_MATRIX_PLUS_PINNED_MESEN_CPU_SOURCE_ORDER_NO_GAMEPLAY
V05C002154,92:EF7F:E0M1X1,04977BFB,92,EF7F,0,1,1,A2,LDX,IMM_X,2,A20B,NATIVE_BODY,NATIVE_BODY,2,2,NONE,2,0,0,0,0,0,0,0,0,0,LINEAR_BUS_SEQUENCE,,00000000,00000B,92EF7F,V02C_MATRIX_PLUS_PINNED_MESEN_CPU_SOURCE_ORDER_NO_GAMEPLAY
V05C002155,92:EF81:E0M1X1,04977C0B,92,EF81,0,1,1,9E,STZ,ABS_X,3,9E0121,NATIVE_BODY,NATIVE_BODY,5,5,NONE,3,0,0,1,0,0,0,0,1,0,INDEX_SEQUENCE,INDEX_FIXED_PRE_DATA_IDLE,00040000,002101,92EF81,V02C_MATRIX_PLUS_PINNED_MESEN_CPU_SOURCE_ORDER_NO_GAMEPLAY
V05C002156,92:EF84:E0M1X1,04977C23,92,EF84,0,1,1,CA,DEX,IMP,1,CA,NATIVE_BODY,NATIVE_BODY,2,2,NONE,1,0,0,0,0,0,0,0,1,0,FIXED_IDLE_SEQUENCE,IMPLIED_PRE_IDLE,00000800,000000,92EF84,V02C_MATRIX_PLUS_PINNED_MESEN_CPU_SOURCE_ORDER_NO_GAMEPLAY
V05C002157,92:EF85:E0M1X1,04977C2B,92,EF85,0,1,1,10,BPL,REL8,2,10FA,NATIVE_BODY,NATIVE_BODY,2,3,BRANCH_TAKEN:+1,2,0,0,0,0,0,0,0,0,1,BRANCH_SEQUENCE,DYN_BRANCH_TAKEN_POST_IDLE,00000004,0000FA,92EF85,V02C_MATRIX_PLUS_PINNED_MESEN_CPU_SOURCE_ORDER_NO_GAMEPLAY
V05C002158,92:EF87:E0M1X1,04977C3B,92,EF87,0,1,1,A2,LDX,IMM_X,2,A207,NATIVE_BODY,NATIVE_BODY,2,2,NONE,2,0,0,0,0,0,0,0,0,0,LINEAR_BUS_SEQUENCE,,00000000,000007,92EF87,V02C_MATRIX_PLUS_PINNED_MESEN_CPU_SOURCE_ORDER_NO_GAMEPLAY
V05C002159,92:EF89:E0M1X1,04977C4B,92,EF89,0,1,1,9E,STZ,ABS_X,3,9E0D21,NATIVE_BODY,NATIVE_BODY,5,5,NONE,3,0,0,1,0,0,0,0,1,0,INDEX_SEQUENCE,INDEX_FIXED_PRE_DATA_IDLE,00040000,00210D,92EF89,V02C_MATRIX_PLUS_PINNED_MESEN_CPU_SOURCE_ORDER_NO_GAMEPLAY
V05C002160,92:EF8C:E0M1X1,04977C63,92,EF8C,0,1,1,9E,STZ,ABS_X,3,9E0D21,NATIVE_BODY,NATIVE_BODY,5,5,NONE,3,0,0,1,0,0,0,0,1,0,INDEX_SEQUENCE,INDEX_FIXED_PRE_DATA_IDLE,00040000,00210D,92EF8C,V02C_MATRIX_PLUS_PINNED_MESEN_CPU_SOURCE_ORDER_NO_GAMEPLAY
V05C002161,92:EF8F:E0M1X1,04977C7B,92,EF8F,0,1,1,CA,DEX,IMP,1,CA,NATIVE_BODY,NATIVE_BODY,2,2,NONE,1,0,0,0,0,0,0,0,1,0,FIXED_IDLE_SEQUENCE,IMPLIED_PRE_IDLE,00000800,000000,92EF8F,V02C_MATRIX_PLUS_PINNED_MESEN_CPU_SOURCE_ORDER_NO_GAMEPLAY
V05C002162,92:EF90:E0M1X1,04977C83,92,EF90,0,1,1,10,BPL,REL8,2,10F7,NATIVE_BODY,NATIVE_BODY,2,3,BRANCH_TAKEN:+1,2,0,0,0,0,0,0,0,0,1,BRANCH_SEQUENCE,DYN_BRANCH_TAKEN_POST_IDLE,00000004,0000F7,92EF90,V02C_MATRIX_PLUS_PINNED_MESEN_CPU_SOURCE_ORDER_NO_GAMEPLAY
V05C002163,92:EF92:E0M1X1,04977C93,92,EF92,0,1,1,A9,LDA,IMM_M,2,A980,NATIVE_BODY,NATIVE_BODY,2,2,NONE,2,0,0,0,0,0,0,0,0,0,LINEAR_BUS_SEQUENCE,,00000000,000080,92EF92,V02C_MATRIX_PLUS_PINNED_MESEN_CPU_SOURCE_ORDER_NO_GAMEPLAY
V05C002164,92:EF94:E0M1X1,04977CA3,92,EF94,0,1,1,8D,STA,ABS,3,8D1521,NATIVE_BODY,NATIVE_BODY,4,4,NONE,3,0,0,1,0,0,0,0,0,0,LINEAR_BUS_SEQUENCE,,00000000,002115,92EF94,V02C_MATRIX_PLUS_PINNED_MESEN_CPU_SOURCE_ORDER_NO_GAMEPLAY
V05C002165,92:EF97:E0M1X1,04977CBB,92,EF97,0,1,1,A2,LDX,IMM_X,2,A204,NATIVE_BODY,NATIVE_BODY,2,2,NONE,2,0,0,0,0,0,0,0,0,0,LINEAR_BUS_SEQUENCE,,00000000,000004,92EF97,V02C_MATRIX_PLUS_PINNED_MESEN_CPU_SOURCE_ORDER_NO_GAMEPLAY
V05C002166,92:EF99:E0M1X1,04977CCB,92,EF99,0,1,1,9E,STZ,ABS_X,3,9E1621,NATIVE_BODY,NATIVE_BODY,5,5,NONE,3,0,0,1,0,0,0,0,1,0,INDEX_SEQUENCE,INDEX_FIXED_PRE_DATA_IDLE,00040000,002116,92EF99,V02C_MATRIX_PLUS_PINNED_MESEN_CPU_SOURCE_ORDER_NO_GAMEPLAY
V05C002167,92:EF9C:E0M1X1,04977CE3,92,EF9C,0,1,1,CA,DEX,IMP,1,CA,NATIVE_BODY,NATIVE_BODY,2,2,NONE,1,0,0,0,0,0,0,0,1,0,FIXED_IDLE_SEQUENCE,IMPLIED_PRE_IDLE,00000800,000000,92EF9C,V02C_MATRIX_PLUS_PINNED_MESEN_CPU_SOURCE_ORDER_NO_GAMEPLAY
V05C002168,92:EF9D:E0M1X1,04977CEB,92,EF9D,0,1,1,10,BPL,REL8,2,10FA,NATIVE_BODY,NATIVE_BODY,2,3,BRANCH_TAKEN:+1,2,0,0,0,0,0,0,0,0,1,BRANCH_SEQUENCE,DYN_BRANCH_TAKEN_POST_IDLE,00000004,0000FA,92EF9D,V02C_MATRIX_PLUS_PINNED_MESEN_CPU_SOURCE_ORDER_NO_GAMEPLAY
V05C002169,92:EF9F:E0M1X1,04977CFB,92,EF9F,0,1,1,9C,STZ,ABS,3,9C1B21,NATIVE_BODY,NATIVE_BODY,4,4,NONE,3,0,0,1,0,0,0,0,0,0,LINEAR_BUS_SEQUENCE,,00000000,00211B,92EF9F,V02C_MATRIX_PLUS_PINNED_MESEN_CPU_SOURCE_ORDER_NO_GAMEPLAY
V05C002170,92:EFA2:E0M1X1,04977D13,92,EFA2,0,1,1,A9,LDA,IMM_M,2,A901,NATIVE_BODY,NATIVE_BODY,2,2,NONE,2,0,0,0,0,0,0,0,0,0,LINEAR_BUS_SEQUENCE,,00000000,000001,92EFA2,V02C_MATRIX_PLUS_PINNED_MESEN_CPU_SOURCE_ORDER_NO_GAMEPLAY
V05C002171,92:EFA4:E0M1X1,04977D23,92,EFA4,0,1,1,8D,STA,ABS,3,8D1B21,NATIVE_BODY,NATIVE_BODY,4,4,NONE,3,0,0,1,0,0,0,0,0,0,LINEAR_BUS_SEQUENCE,,00000000,00211B,92EFA4,V02C_MATRIX_PLUS_PINNED_MESEN_CPU_SOURCE_ORDER_NO_GAMEPLAY
V05C002172,92:EFA7:E0M1X1,04977D3B,92,EFA7,0,1,1,9C,STZ,ABS,3,9C1C21,NATIVE_BODY,NATIVE_BODY,4,4,NONE,3,0,0,1,0,0,0,0,0,0,LINEAR_BUS_SEQUENCE,,00000000,00211C,92EFA7,V02C_MATRIX_PLUS_PINNED_MESEN_CPU_SOURCE_ORDER_NO_GAMEPLAY
V05C002173,92:EFAA:E0M1X1,04977D53,92,EFAA,0,1,1,9C,STZ,ABS,3,9C1C21,NATIVE_BODY,NATIVE_BODY,4,4,NONE,3,0,0,1,0,0,0,0,0,0,LINEAR_BUS_SEQUENCE,,00000000,00211C,92EFAA,V02C_MATRIX_PLUS_PINNED_MESEN_CPU_SOURCE_ORDER_NO_GAMEPLAY
V05C002174,92:EFAD:E0M1X1,04977D6B,92,EFAD,0,1,1,9C,STZ,ABS,3,9C1D21,NATIVE_BODY,NATIVE_BODY,4,4,NONE,3,0,0,1,0,0,0,0,0,0,LINEAR_BUS_SEQUENCE,,00000000,00211D,92EFAD,V02C_MATRIX_PLUS_PINNED_MESEN_CPU_SOURCE_ORDER_NO_GAMEPLAY
V05C002175,92:EFB0:E0M1X1,04977D83,92,EFB0,0,1,1,9C,STZ,ABS,3,9C1D21,NATIVE_BODY,NATIVE_BODY,4,4,NONE,3,0,0,1,0,0,0,0,0,0,LINEAR_BUS_SEQUENCE,,00000000,00211D,92EFB0,V02C_MATRIX_PLUS_PINNED_MESEN_CPU_SOURCE_ORDER_NO_GAMEPLAY
V05C002176,92:EFB3:E0M1X1,04977D9B,92,EFB3,0,1,1,9C,STZ,ABS,3,9C1E21,NATIVE_BODY,NATIVE_BODY,4,4,NONE,3,0,0,1,0,0,0,0,0,0,LINEAR_BUS_SEQUENCE,,00000000,00211E,92EFB3,V02C_MATRIX_PLUS_PINNED_MESEN_CPU_SOURCE_ORDER_NO_GAMEPLAY
V05C002177,92:EFB6:E0M1X1,04977DB3,92,EFB6,0,1,1,A9,LDA,IMM_M,2,A901,NATIVE_BODY,NATIVE_BODY,2,2,NONE,2,0,0,0,0,0,0,0,0,0,LINEAR_BUS_SEQUENCE,,00000000,000001,92EFB6,V02C_MATRIX_PLUS_PINNED_MESEN_CPU_SOURCE_ORDER_NO_GAMEPLAY
V05C002178,92:EFB8:E0M1X1,04977DC3,92,EFB8,0,1,1,8D,STA,ABS,3,8D1E21,NATIVE_BODY,NATIVE_BODY,4,4,NONE,3,0,0,1,0,0,0,0,0,0,LINEAR_BUS_SEQUENCE,,00000000,00211E,92EFB8,V02C_MATRIX_PLUS_PINNED_MESEN_CPU_SOURCE_ORDER_NO_GAMEPLAY
V05C002179,92:EFBB:E0M1X1,04977DDB,92,EFBB,0,1,1,9C,STZ,ABS,3,9C1F21,NATIVE_BODY,NATIVE_BODY,4,4,NONE,3,0,0,1,0,0,0,0,0,0,LINEAR_BUS_SEQUENCE,,00000000,00211F,92EFBB,V02C_MATRIX_PLUS_PINNED_MESEN_CPU_SOURCE_ORDER_NO_GAMEPLAY
V05C002180,92:EFBE:E0M1X1,04977DF3,92,EFBE,0,1,1,9C,STZ,ABS,3,9C1F21,NATIVE_BODY,NATIVE_BODY,4,4,NONE,3,0,0,1,0,0,0,0,0,0,LINEAR_BUS_SEQUENCE,,00000000,00211F,92EFBE,V02C_MATRIX_PLUS_PINNED_MESEN_CPU_SOURCE_ORDER_NO_GAMEPLAY
V05C002181,92:EFC1:E0M1X1,04977E0B,92,EFC1,0,1,1,9C,STZ,ABS,3,9C2021,NATIVE_BODY,NATIVE_BODY,4,4,NONE,3,0,0,1,0,0,0,0,0,0,LINEAR_BUS_SEQUENCE,,00000000,002120,92EFC1,V02C_MATRIX_PLUS_PINNED_MESEN_CPU_SOURCE_ORDER_NO_GAMEPLAY
V05C002182,92:EFC4:E0M1X1,04977E23,92,EFC4,0,1,1,9C,STZ,ABS,3,9C2021,NATIVE_BODY,NATIVE_BODY,4,4,NONE,3,0,0,1,0,0,0,0,0,0,LINEAR_BUS_SEQUENCE,,00000000,002120,92EFC4,V02C_MATRIX_PLUS_PINNED_MESEN_CPU_SOURCE_ORDER_NO_GAMEPLAY
V05C002183,92:EFC7:E0M1X1,04977E3B,92,EFC7,0,1,1,A2,LDX,IMM_X,2,A20E,NATIVE_BODY,NATIVE_BODY,2,2,NONE,2,0,0,0,0,0,0,0,0,0,LINEAR_BUS_SEQUENCE,,00000000,00000E,92EFC7,V02C_MATRIX_PLUS_PINNED_MESEN_CPU_SOURCE_ORDER_NO_GAMEPLAY
V05C002184,92:EFC9:E0M1X1,04977E4B,92,EFC9,0,1,1,9E,STZ,ABS_X,3,9E2121,NATIVE_BODY,NATIVE_BODY,5,5,NONE,3,0,0,1,0,0,0,0,1,0,INDEX_SEQUENCE,INDEX_FIXED_PRE_DATA_IDLE,00040000,002121,92EFC9,V02C_MATRIX_PLUS_PINNED_MESEN_CPU_SOURCE_ORDER_NO_GAMEPLAY
V05C002185,92:EFCC:E0M1X1,04977E63,92,EFCC,0,1,1,CA,DEX,IMP,1,CA,NATIVE_BODY,NATIVE_BODY,2,2,NONE,1,0,0,0,0,0,0,0,1,0,FIXED_IDLE_SEQUENCE,IMPLIED_PRE_IDLE,00000800,000000,92EFCC,V02C_MATRIX_PLUS_PINNED_MESEN_CPU_SOURCE_ORDER_NO_GAMEPLAY
V05C002186,92:EFCD:E0M1X1,04977E6B,92,EFCD,0,1,1,10,BPL,REL8,2,10FA,NATIVE_BODY,NATIVE_BODY,2,3,BRANCH_TAKEN:+1,2,0,0,0,0,0,0,0,0,1,BRANCH_SEQUENCE,DYN_BRANCH_TAKEN_POST_IDLE,00000004,0000FA,92EFCD,V02C_MATRIX_PLUS_PINNED_MESEN_CPU_SOURCE_ORDER_NO_GAMEPLAY
V05C002187,92:EFCF:E0M1X1,04977E7B,92,EFCF,0,1,1,A9,LDA,IMM_M,2,A930,NATIVE_BODY,NATIVE_BODY,2,2,NONE,2,0,0,0,0,0,0,0,0,0,LINEAR_BUS_SEQUENCE,,00000000,000030,92EFCF,V02C_MATRIX_PLUS_PINNED_MESEN_CPU_SOURCE_ORDER_NO_GAMEPLAY
V05C002188,92:EFD1:E0M1X1,04977E8B,92,EFD1,0,1,1,8D,STA,ABS,3,8D3021,NATIVE_BODY,NATIVE_BODY,4,4,NONE,3,0,0,1,0,0,0,0,0,0,LINEAR_BUS_SEQUENCE,,00000000,002130,92EFD1,V02C_MATRIX_PLUS_PINNED_MESEN_CPU_SOURCE_ORDER_NO_GAMEPLAY
V05C002189,92:EFD4:E0M1X1,04977EA3,92,EFD4,0,1,1,9C,STZ,ABS,3,9C3121,NATIVE_BODY,NATIVE_BODY,4,4,NONE,3,0,0,1,0,0,0,0,0,0,LINEAR_BUS_SEQUENCE,,00000000,002131,92EFD4,V02C_MATRIX_PLUS_PINNED_MESEN_CPU_SOURCE_ORDER_NO_GAMEPLAY
V05C002190,92:EFD7:E0M1X1,04977EBB,92,EFD7,0,1,1,A9,LDA,IMM_M,2,A9E0,NATIVE_BODY,NATIVE_BODY,2,2,NONE,2,0,0,0,0,0,0,0,0,0,LINEAR_BUS_SEQUENCE,,00000000,0000E0,92EFD7,V02C_MATRIX_PLUS_PINNED_MESEN_CPU_SOURCE_ORDER_NO_GAMEPLAY
V05C002191,92:EFD9:E0M1X1,04977ECB,92,EFD9,0,1,1,8D,STA,ABS,3,8D3221,NATIVE_BODY,NATIVE_BODY,4,4,NONE,3,0,0,1,0,0,0,0,0,0,LINEAR_BUS_SEQUENCE,,00000000,002132,92EFD9,V02C_MATRIX_PLUS_PINNED_MESEN_CPU_SOURCE_ORDER_NO_GAMEPLAY
V05C002192,92:EFDC:E0M1X1,04977EE3,92,EFDC,0,1,1,9C,STZ,ABS,3,9C3321,NATIVE_BODY,NATIVE_BODY,4,4,NONE,3,0,0,1,0,0,0,0,0,0,LINEAR_BUS_SEQUENCE,,00000000,002133,92EFDC,V02C_MATRIX_PLUS_PINNED_MESEN_CPU_SOURCE_ORDER_NO_GAMEPLAY
V05C002193,92:EFDF:E0M1X1,04977EFB,92,EFDF,0,1,1,9C,STZ,ABS,3,9C0042,NATIVE_BODY,NATIVE_BODY,4,4,NONE,3,0,0,1,0,0,0,0,0,0,LINEAR_BUS_SEQUENCE,,00000000,004200,92EFDF,V02C_MATRIX_PLUS_PINNED_MESEN_CPU_SOURCE_ORDER_NO_GAMEPLAY
V05C002194,92:EFE2:E0M1X1,04977F13,92,EFE2,0,1,1,A9,LDA,IMM_M,2,A9FF,NATIVE_BODY,NATIVE_BODY,2,2,NONE,2,0,0,0,0,0,0,0,0,0,LINEAR_BUS_SEQUENCE,,00000000,0000FF,92EFE2,V02C_MATRIX_PLUS_PINNED_MESEN_CPU_SOURCE_ORDER_NO_GAMEPLAY
V05C002195,92:EFE4:E0M1X1,04977F23,92,EFE4,0,1,1,8D,STA,ABS,3,8D0142,NATIVE_BODY,NATIVE_BODY,4,4,NONE,3,0,0,1,0,0,0,0,0,0,LINEAR_BUS_SEQUENCE,,00000000,004201,92EFE4,V02C_MATRIX_PLUS_PINNED_MESEN_CPU_SOURCE_ORDER_NO_GAMEPLAY
V05C002196,92:EFE7:E0M1X1,04977F3B,92,EFE7,0,1,1,A2,LDX,IMM_X,2,A20B,NATIVE_BODY,NATIVE_BODY,2,2,NONE,2,0,0,0,0,0,0,0,0,0,LINEAR_BUS_SEQUENCE,,00000000,00000B,92EFE7,V02C_MATRIX_PLUS_PINNED_MESEN_CPU_SOURCE_ORDER_NO_GAMEPLAY
V05C002197,92:EFE9:E0M1X1,04977F4B,92,EFE9,0,1,1,9E,STZ,ABS_X,3,9E0242,NATIVE_BODY,NATIVE_BODY,5,5,NONE,3,0,0,1,0,0,0,0,1,0,INDEX_SEQUENCE,INDEX_FIXED_PRE_DATA_IDLE,00040000,004202,92EFE9,V02C_MATRIX_PLUS_PINNED_MESEN_CPU_SOURCE_ORDER_NO_GAMEPLAY
V05C002198,92:EFEC:E0M1X1,04977F63,92,EFEC,0,1,1,CA,DEX,IMP,1,CA,NATIVE_BODY,NATIVE_BODY,2,2,NONE,1,0,0,0,0,0,0,0,1,0,FIXED_IDLE_SEQUENCE,IMPLIED_PRE_IDLE,00000800,000000,92EFEC,V02C_MATRIX_PLUS_PINNED_MESEN_CPU_SOURCE_ORDER_NO_GAMEPLAY
V05C002199,92:EFED:E0M1X1,04977F6B,92,EFED,0,1,1,10,BPL,REL8,2,10FA,NATIVE_BODY,NATIVE_BODY,2,3,BRANCH_TAKEN:+1,2,0,0,0,0,0,0,0,0,1,BRANCH_SEQUENCE,DYN_BRANCH_TAKEN_POST_IDLE,00000004,0000FA,92EFED,V02C_MATRIX_PLUS_PINNED_MESEN_CPU_SOURCE_ORDER_NO_GAMEPLAY
V05C002200,92:EFEF:E0M1X1,04977F7B,92,EFEF,0,1,1,AB,PLB,IMP,1,AB,NATIVE_BODY,NATIVE_BODY,4,4,NONE,1,0,0,0,0,1,0,0,2,0,FIXED_IDLE_SEQUENCE,PULL_PRE_IDLE;PULL_PRE_IDLE,00000400,000000,92EFEF,V02C_MATRIX_PLUS_PINNED_MESEN_CPU_SOURCE_ORDER_NO_GAMEPLAY
V05C002201,92:EFF0:E0M1X1,04977F83,92,EFF0,0,1,1,6B,RTL,IMP,1,6B,NATIVE_BODY,NATIVE_BODY,6,6,NONE,1,0,0,0,0,3,0,0,2,0,RETURN_SEQUENCE,RETURN_PRE_IDLE;RETURN_PRE_IDLE,00000080,000000,92EFF0,V02C_MATRIX_PLUS_PINNED_MESEN_CPU_SOURCE_ORDER_NO_GAMEPLAY
V05C002202,92:EFF1:E0M1X1,04977F8B,92,EFF1,0,1,1,8B,PHB,IMP,1,8B,NATIVE_BODY,NATIVE_BODY,3,3,NONE,1,0,0,0,0,0,1,0,1,0,FIXED_IDLE_SEQUENCE,PUSH_PRE_IDLE,00000200,000000,92EFF1,V02C_MATRIX_PLUS_PINNED_MESEN_CPU_SOURCE_ORDER_NO_GAMEPLAY
V05C002203,92:EFF2:E0M1X1,04977F93,92,EFF2,0,1,1,4B,PHK,IMP,1,4B,NATIVE_BODY,NATIVE_BODY,3,3,NONE,1,0,0,0,0,0,1,0,1,0,FIXED_IDLE_SEQUENCE,PUSH_PRE_IDLE,00000200,000000,92EFF2,V02C_MATRIX_PLUS_PINNED_MESEN_CPU_SOURCE_ORDER_NO_GAMEPLAY
V05C002204,92:EFF3:E0M1X1,04977F9B,92,EFF3,0,1,1,AB,PLB,IMP,1,AB,NATIVE_BODY,NATIVE_BODY,4,4,NONE,1,0,0,0,0,1,0,0,2,0,FIXED_IDLE_SEQUENCE,PULL_PRE_IDLE;PULL_PRE_IDLE,00000400,000000,92EFF3,V02C_MATRIX_PLUS_PINNED_MESEN_CPU_SOURCE_ORDER_NO_GAMEPLAY
V05C002205,92:EFF4:E0M1X1,04977FA3,92,EFF4,0,1,1,C2,REP,IMM8,2,C230,NATIVE_BODY,NATIVE_BODY,3,3,NONE,2,0,0,0,0,0,0,0,1,0,FIXED_IDLE_SEQUENCE,STATUS_PRE_IDLE,00002000,000030,92EFF4,V02C_MATRIX_PLUS_PINNED_MESEN_CPU_SOURCE_ORDER_NO_GAMEPLAY
V05C002206,92:EFF6:E0M0X0,04977FB0,92,EFF6,0,0,0,9C,STZ,ABS,3,9C3D03,NATIVE_BODY,NATIVE_BODY,5,5,NONE,3,0,0,2,0,0,0,0,0,0,LINEAR_BUS_SEQUENCE,,00000000,00033D,92EFF6,V02C_MATRIX_PLUS_PINNED_MESEN_CPU_SOURCE_ORDER_NO_GAMEPLAY
V05C002207,92:EFF9:E0M0X0,04977FC8,92,EFF9,0,0,0,9C,STZ,ABS,3,9C3F03,NATIVE_BODY,NATIVE_BODY,5,5,NONE,3,0,0,2,0,0,0,0,0,0,LINEAR_BUS_SEQUENCE,,00000000,00033F,92EFF9,V02C_MATRIX_PLUS_PINNED_MESEN_CPU_SOURCE_ORDER_NO_GAMEPLAY
V05C002208,92:EFFC:E0M0X0,04977FE0,92,EFFC,0,0,0,9C,STZ,ABS,3,9C3E02,NATIVE_BODY,NATIVE_BODY,5,5,NONE,3,0,0,2,0,0,0,0,0,0,LINEAR_BUS_SEQUENCE,,00000000,00023E,92EFFC,V02C_MATRIX_PLUS_PINNED_MESEN_CPU_SOURCE_ORDER_NO_GAMEPLAY
V05C002209,92:EFFF:E0M0X0,04977FF8,92,EFFF,0,0,0,E2,SEP,IMM8,2,E230,NATIVE_BODY,NATIVE_BODY,3,3,NONE,2,0,0,0,0,0,0,0,1,0,FIXED_IDLE_SEQUENCE,STATUS_PRE_IDLE,00002000,000030,92EFFF,V02C_MATRIX_PLUS_PINNED_MESEN_CPU_SOURCE_ORDER_NO_GAMEPLAY
V05C002210,92:F001:E0M1X1,0497800B,92,F001,0,1,1,A9,LDA,IMM_M,2,A901,NATIVE_BODY,NATIVE_BODY,2,2,NONE,2,0,0,0,0,0,0,0,0,0,LINEAR_BUS_SEQUENCE,,00000000,000001,92F001,V02C_MATRIX_PLUS_PINNED_MESEN_CPU_SOURCE_ORDER_NO_GAMEPLAY
V05C002211,92:F003:E0M1X1,0497801B,92,F003,0,1,1,8D,STA,ABS,3,8D4B0B,NATIVE_BODY,NATIVE_BODY,4,4,NONE,3,0,0,1,0,0,0,0,0,0,LINEAR_BUS_SEQUENCE,,00000000,000B4B,92F003,V02C_MATRIX_PLUS_PINNED_MESEN_CPU_SOURCE_ORDER_NO_GAMEPLAY
V05C002212,92:F006:E0M1X1,04978033,92,F006,0,1,1,9C,STZ,ABS,3,9C5503,NATIVE_BODY,NATIVE_BODY,4,4,NONE,3,0,0,1,0,0,0,0,0,0,LINEAR_BUS_SEQUENCE,,00000000,000355,92F006,V02C_MATRIX_PLUS_PINNED_MESEN_CPU_SOURCE_ORDER_NO_GAMEPLAY
V05C002213,92:F009:E0M1X1,0497804B,92,F009,0,1,1,9C,STZ,ABS,3,9C5603,NATIVE_BODY,NATIVE_BODY,4,4,NONE,3,0,0,1,0,0,0,0,0,0,LINEAR_BUS_SEQUENCE,,00000000,000356,92F009,V02C_MATRIX_PLUS_PINNED_MESEN_CPU_SOURCE_ORDER_NO_GAMEPLAY
V05C002214,92:F00C:E0M1X1,04978063,92,F00C,0,1,1,64,STZ,DP,2,6402,NATIVE_BODY,NATIVE_BODY,3,4,DIRECT_LOW_NONZERO:+1,2,0,0,1,0,0,0,0,0,1,DIRECT_SEQUENCE,DYN_DIRECT_LOW_PRE_IDLE,00000001,000002,92F00C,V02C_MATRIX_PLUS_PINNED_MESEN_CPU_SOURCE_ORDER_NO_GAMEPLAY
V05C002215,92:F00E:E0M1X1,04978073,92,F00E,0,1,1,9C,STZ,ABS,3,9C3003,NATIVE_BODY,NATIVE_BODY,4,4,NONE,3,0,0,1,0,0,0,0,0,0,LINEAR_BUS_SEQUENCE,,00000000,000330,92F00E,V02C_MATRIX_PLUS_PINNED_MESEN_CPU_SOURCE_ORDER_NO_GAMEPLAY
V05C002216,92:F011:E0M1X1,0497808B,92,F011,0,1,1,9C,STZ,ABS,3,9C4702,NATIVE_BODY,NATIVE_BODY,4,4,NONE,3,0,0,1,0,0,0,0,0,0,LINEAR_BUS_SEQUENCE,,00000000,000247,92F011,V02C_MATRIX_PLUS_PINNED_MESEN_CPU_SOURCE_ORDER_NO_GAMEPLAY
V05C002217,92:F014:E0M1X1,049780A3,92,F014,0,1,1,A9,LDA,IMM_M,2,A9FF,NATIVE_BODY,NATIVE_BODY,2,2,NONE,2,0,0,0,0,0,0,0,0,0,LINEAR_BUS_SEQUENCE,,00000000,0000FF,92F014,V02C_MATRIX_PLUS_PINNED_MESEN_CPU_SOURCE_ORDER_NO_GAMEPLAY
V05C002218,92:F016:E0M1X1,049780B3,92,F016,0,1,1,8D,STA,ABS,3,8D6F02,NATIVE_BODY,NATIVE_BODY,4,4,NONE,3,0,0,1,0,0,0,0,0,0,LINEAR_BUS_SEQUENCE,,00000000,00026F,92F016,V02C_MATRIX_PLUS_PINNED_MESEN_CPU_SOURCE_ORDER_NO_GAMEPLAY
V05C002219,92:F019:E0M1X1,049780CB,92,F019,0,1,1,C2,REP,IMM8,2,C220,NATIVE_BODY,NATIVE_BODY,3,3,NONE,2,0,0,0,0,0,0,0,1,0,FIXED_IDLE_SEQUENCE,STATUS_PRE_IDLE,00002000,000020,92F019,V02C_MATRIX_PLUS_PINNED_MESEN_CPU_SOURCE_ORDER_NO_GAMEPLAY
V05C002220,92:F01B:E0M0X1,049780D9,92,F01B,0,0,1,9C,STZ,ABS,3,9C5502,NATIVE_BODY,NATIVE_BODY,5,5,NONE,3,0,0,2,0,0,0,0,0,0,LINEAR_BUS_SEQUENCE,,00000000,000255,92F01B,V02C_MATRIX_PLUS_PINNED_MESEN_CPU_SOURCE_ORDER_NO_GAMEPLAY
V05C002221,92:F01E:E0M0X1,049780F1,92,F01E,0,0,1,AD,LDA,ABS,3,AD3103,NATIVE_BODY,NATIVE_BODY,5,5,NONE,3,0,2,0,0,0,0,0,0,0,LINEAR_BUS_SEQUENCE,,00000000,000331,92F01E,V02C_MATRIX_PLUS_PINNED_MESEN_CPU_SOURCE_ORDER_NO_GAMEPLAY
V05C002222,92:F021:E0M0X1,04978109,92,F021,0,0,1,C9,CMP,IMM_M,3,C93412,NATIVE_BODY,NATIVE_BODY,3,3,NONE,3,0,0,0,0,0,0,0,0,0,LINEAR_BUS_SEQUENCE,,00000000,001234,92F021,V02C_MATRIX_PLUS_PINNED_MESEN_CPU_SOURCE_ORDER_NO_GAMEPLAY
V05C002223,92:F024:E0M0X1,04978121,92,F024,0,0,1,D0,BNE,REL8,2,D008,NATIVE_BODY,NATIVE_BODY,2,3,BRANCH_TAKEN:+1,2,0,0,0,0,0,0,0,0,1,BRANCH_SEQUENCE,DYN_BRANCH_TAKEN_POST_IDLE,00000004,000008,92F024,V02C_MATRIX_PLUS_PINNED_MESEN_CPU_SOURCE_ORDER_NO_GAMEPLAY
V05C002224,92:F026:E0M0X1,04978131,92,F026,0,0,1,AD,LDA,ABS,3,AD3703,NATIVE_BODY,NATIVE_BODY,5,5,NONE,3,0,2,0,0,0,0,0,0,0,LINEAR_BUS_SEQUENCE,,00000000,000337,92F026,V02C_MATRIX_PLUS_PINNED_MESEN_CPU_SOURCE_ORDER_NO_GAMEPLAY
V05C002225,92:F029:E0M0X1,04978149,92,F029,0,0,1,C9,CMP,IMM_M,3,C97856,NATIVE_BODY,NATIVE_BODY,3,3,NONE,3,0,0,0,0,0,0,0,0,0,LINEAR_BUS_SEQUENCE,,00000000,005678,92F029,V02C_MATRIX_PLUS_PINNED_MESEN_CPU_SOURCE_ORDER_NO_GAMEPLAY
V05C002226,92:F02C:E0M0X1,04978161,92,F02C,0,0,1,F0,BEQ,REL8,2,F015,NATIVE_BODY,NATIVE_BODY,2,3,BRANCH_TAKEN:+1,2,0,0,0,0,0,0,0,0,1,BRANCH_SEQUENCE,DYN_BRANCH_TAKEN_POST_IDLE,00000004,000015,92F02C,V02C_MATRIX_PLUS_PINNED_MESEN_CPU_SOURCE_ORDER_NO_GAMEPLAY
V05C002227,92:F02E:E0M0X1,04978171,92,F02E,0,0,1,EE,INC,ABS,3,EE3003,NATIVE_BODY,NATIVE_BODY,8,8,NONE,3,0,2,2,0,0,0,0,1,0,RMW_SEQUENCE,RMW_INTERMEDIATE_IDLE,00010000,000330,92F02E,V02C_MATRIX_PLUS_PINNED_MESEN_CPU_SOURCE_ORDER_NO_GAMEPLAY
V05C002228,92:F031:E0M0X1,04978189,92,F031,0,0,1,A9,LDA,IMM_M,3,A93412,NATIVE_BODY,NATIVE_BODY,3,3,NONE,3,0,0,0,0,0,0,0,0,0,LINEAR_BUS_SEQUENCE,,00000000,001234,92F031,V02C_MATRIX_PLUS_PINNED_MESEN_CPU_SOURCE_ORDER_NO_GAMEPLAY
V05C002229,92:F034:E0M0X1,049781A1,92,F034,0,0,1,8D,STA,ABS,3,8D3103,NATIVE_BODY,NATIVE_BODY,5,5,NONE,3,0,0,2,0,0,0,0,0,0,LINEAR_BUS_SEQUENCE,,00000000,000331,92F034,V02C_MATRIX_PLUS_PINNED_MESEN_CPU_SOURCE_ORDER_NO_GAMEPLAY
V05C002230,92:F037:E0M0X1,049781B9,92,F037,0,0,1,9C,STZ,ABS,3,9C3303,NATIVE_BODY,NATIVE_BODY,5,5,NONE,3,0,0,2,0,0,0,0,0,0,LINEAR_BUS_SEQUENCE,,00000000,000333,92F037,V02C_MATRIX_PLUS_PINNED_MESEN_CPU_SOURCE_ORDER_NO_GAMEPLAY
V05C002231,92:F03A:E0M0X1,049781D1,92,F03A,0,0,1,9C,STZ,ABS,3,9C3503,NATIVE_BODY,NATIVE_BODY,5,5,NONE,3,0,0,2,0,0,0,0,0,0,LINEAR_BUS_SEQUENCE,,00000000,000335,92F03A,V02C_MATRIX_PLUS_PINNED_MESEN_CPU_SOURCE_ORDER_NO_GAMEPLAY
V05C002232,92:F03D:E0M0X1,049781E9,92,F03D,0,0,1,A9,LDA,IMM_M,3,A97856,NATIVE_BODY,NATIVE_BODY,3,3,NONE,3,0,0,0,0,0,0,0,0,0,LINEAR_BUS_SEQUENCE,,00000000,005678,92F03D,V02C_MATRIX_PLUS_PINNED_MESEN_CPU_SOURCE_ORDER_NO_GAMEPLAY
V05C002233,92:F040:E0M0X1,04978201,92,F040,0,0,1,8D,STA,ABS,3,8D3703,NATIVE_BODY,NATIVE_BODY,5,5,NONE,3,0,0,2,0,0,0,0,0,0,LINEAR_BUS_SEQUENCE,,00000000,000337,92F040,V02C_MATRIX_PLUS_PINNED_MESEN_CPU_SOURCE_ORDER_NO_GAMEPLAY
V05C002234,92:F043:E0M0X1,04978219,92,F043,0,0,1,E2,SEP,IMM8,2,E220,NATIVE_BODY,NATIVE_BODY,3,3,NONE,2,0,0,0,0,0,0,0,1,0,FIXED_IDLE_SEQUENCE,STATUS_PRE_IDLE,00002000,000020,92F043,V02C_MATRIX_PLUS_PINNED_MESEN_CPU_SOURCE_ORDER_NO_GAMEPLAY
V05C002235,92:F045:E0M1X1,0497822B,92,F045,0,1,1,9C,STZ,ABS,3,9C3B03,NATIVE_BODY,NATIVE_BODY,4,4,NONE,3,0,0,1,0,0,0,0,0,0,LINEAR_BUS_SEQUENCE,,00000000,00033B,92F045,V02C_MATRIX_PLUS_PINNED_MESEN_CPU_SOURCE_ORDER_NO_GAMEPLAY
V05C002236,92:F048:E0M1X1,04978243,92,F048,0,1,1,9C,STZ,ABS,3,9C1C03,NATIVE_BODY,NATIVE_BODY,4,4,NONE,3,0,0,1,0,0,0,0,0,0,LINEAR_BUS_SEQUENCE,,00000000,00031C,92F048,V02C_MATRIX_PLUS_PINNED_MESEN_CPU_SOURCE_ORDER_NO_GAMEPLAY
V05C002237,92:F04B:E0M1X1,0497825B,92,F04B,0,1,1,AB,PLB,IMP,1,AB,NATIVE_BODY,NATIVE_BODY,4,4,NONE,1,0,0,0,0,1,0,0,2,0,FIXED_IDLE_SEQUENCE,PULL_PRE_IDLE;PULL_PRE_IDLE,00000400,000000,92F04B,V02C_MATRIX_PLUS_PINNED_MESEN_CPU_SOURCE_ORDER_NO_GAMEPLAY
V05C002238,92:F04C:E0M1X1,04978263,92,F04C,0,1,1,6B,RTL,IMP,1,6B,NATIVE_BODY,NATIVE_BODY,6,6,NONE,1,0,0,0,0,3,0,0,2,0,RETURN_SEQUENCE,RETURN_PRE_IDLE;RETURN_PRE_IDLE,00000080,000000,92F04C,V02C_MATRIX_PLUS_PINNED_MESEN_CPU_SOURCE_ORDER_NO_GAMEPLAY
V05C002239,92:F04D:E0M1X1,0497826B,92,F04D,0,1,1,C2,REP,IMM8,2,C230,NATIVE_BODY,NATIVE_BODY,3,3,NONE,2,0,0,0,0,0,0,0,1,0,FIXED_IDLE_SEQUENCE,STATUS_PRE_IDLE,00002000,000030,92F04D,V02C_MATRIX_PLUS_PINNED_MESEN_CPU_SOURCE_ORDER_NO_GAMEPLAY
V05C002240,92:F04F:E0M0X0,04978278,92,F04F,0,0,0,A9,LDA,IMM_M,3,A93412,NATIVE_BODY,NATIVE_BODY,3,3,NONE,3,0,0,0,0,0,0,0,0,0,LINEAR_BUS_SEQUENCE,,00000000,001234,92F04F,V02C_MATRIX_PLUS_PINNED_MESEN_CPU_SOURCE_ORDER_NO_GAMEPLAY
V05C002241,92:F052:E0M0X0,04978290,92,F052,0,0,0,8F,STA,ABS_LONG,4,8F000070,NATIVE_BODY,NATIVE_BODY,6,6,NONE,4,0,0,2,0,0,0,0,0,0,LINEAR_BUS_SEQUENCE,,00000000,700000,92F052,V02C_MATRIX_PLUS_PINNED_MESEN_CPU_SOURCE_ORDER_NO_GAMEPLAY
V05C002242,92:F056:E0M0X0,049782B0,92,F056,0,0,0,AF,LDA,ABS_LONG,4,AF000070,NATIVE_BODY,NATIVE_BODY,6,6,NONE,4,0,2,0,0,0,0,0,0,0,LINEAR_BUS_SEQUENCE,,00000000,700000,92F056,V02C_MATRIX_PLUS_PINNED_MESEN_CPU_SOURCE_ORDER_NO_GAMEPLAY
V05C002243,92:F05A:E0M0X0,049782D0,92,F05A,0,0,0,C9,CMP,IMM_M,3,C93412,NATIVE_BODY,NATIVE_BODY,3,3,NONE,3,0,0,0,0,0,0,0,0,0,LINEAR_BUS_SEQUENCE,,00000000,001234,92F05A,V02C_MATRIX_PLUS_PINNED_MESEN_CPU_SOURCE_ORDER_NO_GAMEPLAY
V05C002244,92:F05D:E0M0X0,049782E8,92,F05D,0,0,0,D0,BNE,REL8,2,D012,NATIVE_BODY,NATIVE_BODY,2,3,BRANCH_TAKEN:+1,2,0,0,0,0,0,0,0,0,1,BRANCH_SEQUENCE,DYN_BRANCH_TAKEN_POST_IDLE,00000004,000012,92F05D,V02C_MATRIX_PLUS_PINNED_MESEN_CPU_SOURCE_ORDER_NO_GAMEPLAY
V05C002245,92:F05F:E0M0X0,049782F8,92,F05F,0,0,0,A9,LDA,IMM_M,3,A97856,NATIVE_BODY,NATIVE_BODY,3,3,NONE,3,0,0,0,0,0,0,0,0,0,LINEAR_BUS_SEQUENCE,,00000000,005678,92F05F,V02C_MATRIX_PLUS_PINNED_MESEN_CPU_SOURCE_ORDER_NO_GAMEPLAY
V05C002246,92:F062:E0M0X0,04978310,92,F062,0,0,0,8F,STA,ABS_LONG,4,8F000070,NATIVE_BODY,NATIVE_BODY,6,6,NONE,4,0,0,2,0,0,0,0,0,0,LINEAR_BUS_SEQUENCE,,00000000,700000,92F062,V02C_MATRIX_PLUS_PINNED_MESEN_CPU_SOURCE_ORDER_NO_GAMEPLAY
V05C002247,92:F066:E0M0X0,04978330,92,F066,0,0,0,AF,LDA,ABS_LONG,4,AF000070,NATIVE_BODY,NATIVE_BODY,6,6,NONE,4,0,2,0,0,0,0,0,0,0,LINEAR_BUS_SEQUENCE,,00000000,700000,92F066,V02C_MATRIX_PLUS_PINNED_MESEN_CPU_SOURCE_ORDER_NO_GAMEPLAY
V05C002248,92:F06A:E0M0X0,04978350,92,F06A,0,0,0,C9,CMP,IMM_M,3,C97856,NATIVE_BODY,NATIVE_BODY,3,3,NONE,3,0,0,0,0,0,0,0,0,0,LINEAR_BUS_SEQUENCE,,00000000,005678,92F06A,V02C_MATRIX_PLUS_PINNED_MESEN_CPU_SOURCE_ORDER_NO_GAMEPLAY
V05C002249,92:F06D:E0M0X0,04978368,92,F06D,0,0,0,D0,BNE,REL8,2,D002,NATIVE_BODY,NATIVE_BODY,2,3,BRANCH_TAKEN:+1,2,0,0,0,0,0,0,0,0,1,BRANCH_SEQUENCE,DYN_BRANCH_TAKEN_POST_IDLE,00000004,000002,92F06D,V02C_MATRIX_PLUS_PINNED_MESEN_CPU_SOURCE_ORDER_NO_GAMEPLAY
V05C002250,92:F06F:E0M0X0,04978378,92,F06F,0,0,0,80,BRA,REL8,2,80FE,NATIVE_BODY,NATIVE_BODY,3,3,NONE,2,0,0,0,0,0,0,0,1,0,BRANCH_SEQUENCE,BRANCH_ALWAYS_POST_IDLE,00004000,0000FE,92F06F,V02C_MATRIX_PLUS_PINNED_MESEN_CPU_SOURCE_ORDER_NO_GAMEPLAY
V05C002251,92:F071:E0M0X0,04978388,92,F071,0,0,0,E2,SEP,IMM8,2,E230,NATIVE_BODY,NATIVE_BODY,3,3,NONE,2,0,0,0,0,0,0,0,1,0,FIXED_IDLE_SEQUENCE,STATUS_PRE_IDLE,00002000,000030,92F071,V02C_MATRIX_PLUS_PINNED_MESEN_CPU_SOURCE_ORDER_NO_GAMEPLAY
V05C002252,92:F073:E0M1X1,0497839B,92,F073,0,1,1,9C,STZ,ABS,3,9C8002,NATIVE_BODY,NATIVE_BODY,4,4,NONE,3,0,0,1,0,0,0,0,0,0,LINEAR_BUS_SEQUENCE,,00000000,000280,92F073,V02C_MATRIX_PLUS_PINNED_MESEN_CPU_SOURCE_ORDER_NO_GAMEPLAY
V05C002253,92:F076:E0M1X1,049783B3,92,F076,0,1,1,9C,STZ,ABS,3,9C8102,NATIVE_BODY,NATIVE_BODY,4,4,NONE,3,0,0,1,0,0,0,0,0,0,LINEAR_BUS_SEQUENCE,,00000000,000281,92F076,V02C_MATRIX_PLUS_PINNED_MESEN_CPU_SOURCE_ORDER_NO_GAMEPLAY
V05C002254,92:F079:E0M1X1,049783CB,92,F079,0,1,1,AD,LDA,ABS,3,AD3F21,NATIVE_BODY,NATIVE_BODY,4,4,NONE,3,0,1,0,0,0,0,0,0,0,LINEAR_BUS_SEQUENCE,,00000000,00213F,92F079,V02C_MATRIX_PLUS_PINNED_MESEN_CPU_SOURCE_ORDER_NO_GAMEPLAY
V05C002255,92:F07C:E0M1X1,049783E3,92,F07C,0,1,1,89,BIT,IMM_M,2,8910,NATIVE_BODY,NATIVE_BODY,2,2,NONE,2,0,0,0,0,0,0,0,0,0,LINEAR_BUS_SEQUENCE,,00000000,000010,92F07C,V02C_MATRIX_PLUS_PINNED_MESEN_CPU_SOURCE_ORDER_NO_GAMEPLAY
V05C002256,92:F07E:E0M1X1,049783F3,92,F07E,0,1,1,F0,BEQ,REL8,2,F003,NATIVE_BODY,NATIVE_BODY,2,3,BRANCH_TAKEN:+1,2,0,0,0,0,0,0,0,0,1,BRANCH_SEQUENCE,DYN_BRANCH_TAKEN_POST_IDLE,00000004,000003,92F07E,V02C_MATRIX_PLUS_PINNED_MESEN_CPU_SOURCE_ORDER_NO_GAMEPLAY
V05C002257,92:F080:E0M1X1,04978403,92,F080,0,1,1,EE,INC,ABS,3,EE8002,NATIVE_BODY,NATIVE_BODY,6,6,NONE,3,0,1,1,0,0,0,0,1,0,RMW_SEQUENCE,RMW_INTERMEDIATE_IDLE,00010000,000280,92F080,V02C_MATRIX_PLUS_PINNED_MESEN_CPU_SOURCE_ORDER_NO_GAMEPLAY
V05C002258,92:F083:E0M1X1,0497841B,92,F083,0,1,1,6B,RTL,IMP,1,6B,NATIVE_BODY,NATIVE_BODY,6,6,NONE,1,0,0,0,0,3,0,0,2,0,RETURN_SEQUENCE,RETURN_PRE_IDLE;RETURN_PRE_IDLE,00000080,000000,92F083,V02C_MATRIX_PLUS_PINNED_MESEN_CPU_SOURCE_ORDER_NO_GAMEPLAY
