from,to
00:8000:E1M1X1,80:800C:E1M1X1
00:8166:E0M0X0,80:816A:E0M0X0
00:8166:E0M0X1,80:816A:E0M0X1
00:8166:E0M1X0,80:816A:E0M1X0
00:8166:E0M1X1,80:816A:E0M1X1
00:81FD:E0M0X0,80:8201:E0M0X0
00:81FD:E0M0X1,80:8201:E0M0X1
00:81FD:E0M1X0,80:8201:E0M1X0
00:81FD:E0M1X1,80:8201:E0M1X1
80:8000:E0M1X1,80:800C:E0M1X1
80:800C:E0M1X1,80:800D:E0M1X1
80:800C:E1M1X1,80:800D:E1M1X1
80:800D:E0M1X1,80:800E:E0M1X1
80:800D:E1M1X1,80:800E:E0M1X1
80:800E:E0M1X1,80:800F:E0M1X1
80:800F:E0M1X1,80:8010:E0M1X1
80:8010:E0M1X1,80:8012:E0M1X0
80:8012:E0M1X0,80:8014:E0M1X0
80:8014:E0M1X0,80:8017:E0M1X0
80:8017:E0M1X0,80:801A:E0M1X0
80:801A:E0M1X0,80:801B:E0M1X0
80:801B:E0M1X0,80:801E:E0M1X0
80:801E:E0M1X0,80:8017:E0M1X0
80:801E:E0M1X0,80:8020:E0M1X0
80:8020:E0M1X0,80:8023:E0M1X0
80:8023:E0M1X0,80:8026:E0M1X0
80:8026:E0M1X0,80:8027:E0M1X0
80:8027:E0M1X0,80:802A:E0M1X0
80:802A:E0M1X0,80:8023:E0M1X0
80:802A:E0M1X0,80:802C:E0M1X0
80:802C:E0M1X0,80:802E:E0M0X0
80:802E:E0M0X0,80:8031:E0M0X0
80:8031:E0M0X0,80:8032:E0M0X0
80:8032:E0M0X0,80:8035:E0M0X0
80:8035:E0M0X0,80:8036:E0M0X0
80:8036:E0M0X0,80:8038:E0M1X1
80:8038:E0M1X1,92:EF72:E0M1X1
80:803C:E0M1X1,92:EFF1:E0M1X1
80:8040:E0M1X1,80:8138:E0M1X1
80:8043:E0M1X1,92:F04D:E0M1X1
80:8047:E0M1X1,80:F8DB:E0M1X1
80:804A:E0M1X1,80:8114:E0M1X1
80:804D:E0M1X1,80:804F:E0M1X1
80:804F:E0M1X1,80:8052:E0M1X1
80:8052:E0M1X1,80:8054:E0M1X1
80:8054:E0M1X1,81:AC40:E0M1X1
80:8058:E0M1X1,80:805B:E0M1X1
80:805B:E0M1X1,80:805D:E0M1X1
80:805B:E0M1X1,80:806E:E0M1X1
80:805D:E0M1X1,80:8060:E0M1X1
80:8060:E0M1X1,80:DC5E:E0M1X1
80:8063:E0M1X1,80:8138:E0M1X1
80:8066:E0M1X1,80:80D9:E0M1X1
80:8069:E0M1X1,80:8138:E0M1X1
80:806C:E0M1X1,80:8052:E0M1X1
80:806E:E0M1X1,80:8071:E0M1X1
80:8071:E0M1X1,80:DC5E:E0M1X1
80:8074:E0M1X1,80:8076:E0M1X1
80:8076:E0M1X1,81:AC40:E0M1X1
80:807A:E0M1X1,80:807C:E0M1X1
80:807C:E0M1X1,81:AC40:E0M1X1
80:8080:E0M1X1,80:8138:E0M1X1
80:8083:E0M1X1,80:8088:E0M1X1
80:8086:E0M1X1,80:807A:E0M1X1
80:8088:E0M1X1,80:808B:E0M1X1
80:808B:E0M1X1,80:808C:E0M1X1
80:808C:E0M1X1,80:8114:E0M1X1
80:808F:E0M1X1,80:8092:E0M1X1
80:8092:E0M1X1,80:8094:E0M1X1
80:8092:E0M1X1,80:80A2:E0M1X1
80:8094:E0M1X1,80:8097:E0M1X1
80:8097:E0M1X1,80:8098:E0M1X1
80:8098:E0M1X1,80:809A:E0M1X1
80:809A:E0M1X1,80:809C:E0M1X1
80:809A:E0M1X1,80:809D:E0M1X1
80:809C:E0M1X1,80:809D:E0M1X1
80:809D:E0M1X1,80:80A0:E0M1X1
80:80A0:E0M1X1,80:80B0:E0M1X1
80:80A2:E0M1X1,80:80A5:E0M1X1
80:80A5:E0M1X1,80:80A8:E0M1X1
80:80A8:E0M1X1,80:80A9:E0M1X1
80:80A9:E0M1X1,80:80AC:E0M1X1
80:80AC:E0M1X1,80:80AD:E0M1X1
80:80AD:E0M1X1,80:80B0:E0M1X1
80:80B0:E0M1X1,80:80B3:E0M1X1
80:80B3:E0M1X1,81:B6D2:E0M1X1
80:80B7:E0M1X1,80:B969:E0M1X1
80:80BA:E0M1X1,81:F8A7:E0M1X1
80:80BE:E0M1X1,80:F91D:E0M1X1
80:80C1:E0M1X1,80:F986:E0M1X1
80:80C4:E0M1X1,80:80C7:E0M1X1
80:80C7:E0M1X1,80:80CA:E0M1X1
80:80CA:E0M1X1,80:80CB:E0M1X1
80:80CB:E0M1X1,80:80CE:E0M1X1
80:80CE:E0M1X1,80:80D0:E0M1X1
80:80CE:E0M1X1,80:80D4:E0M1X1
80:80D0:E0M1X1,80:80D3:E0M1X1
80:80D3:E0M1X1,80:8086:E0M1X1
80:80D4:E0M1X1,81:C869:E0M1X1
80:80D8:E0M1X1,80:8086:E0M1X1
80:80D9:E0M1X1,80:80DC:E0M1X1
80:80DC:E0M1X1,80:80DD:E0M1X1
80:80DD:E0M1X1,80:8114:E0M1X1
80:80E0:E0M1X1,80:80E3:E0M1X1
80:80E3:E0M1X1,80:80E6:E0M1X1
80:80E6:E0M1X1,80:80E8:E0M1X1
80:80E8:E0M1X1,80:80EB:E0M1X1
80:80EB:E0M1X1,80:80EE:E0M1X1
80:80EE:E0M1X1,80:80EF:E0M1X1
80:80EF:E0M1X1,80:80F1:E0M1X1
80:80F1:E0M1X1,80:80F4:E0M1X1
80:80F4:E0M1X1,80:80F7:E0M1X1
80:80F7:E0M1X1,80:80FA:E0M1X1
80:80FA:E0M1X1,80:80FB:E0M1X1
80:80FB:E0M1X1,80:80FD:E0M1X1
80:80FD:E0M1X1,80:80FF:E0M1X1
80:80FD:E0M1X1,80:8100:E0M1X1
80:80FF:E0M1X1,80:8100:E0M1X1
80:8100:E0M1X1,80:8103:E0M1X1
80:8103:E0M1X1,80:8106:E0M1X1
80:8106:E0M1X1,81:B6D2:E0M1X1
80:810A:E0M1X1,80:B969:E0M1X1
80:810D:E0M1X1,80:F91D:E0M1X1
80:8110:E0M1X1,80:F986:E0M1X1
80:8113:E0M1X1,80:8069:E0M1X1
80:8114:E0M1X1,80:8116:E0M1X1
80:8116:E0M1X1,80:F97B:E0M1X1
80:8119:E0M1X1,80:811C:E0M1X1
80:811C:E0M1X1,80:811D:E0M1X1
80:811D:E0M1X1,80:811F:E0M1X1
80:811F:E0M1X1,80:8121:E0M1X1
80:811F:E0M1X1,80:8123:E0M1X1
80:8121:E0M1X1,80:8123:E0M1X1
80:8123:E0M1X1,80:8126:E0M1X1
80:8126:E0M1X1,80:8129:E0M1X1
80:8129:E0M1X1,80:F904:E0M1X1
80:812C:E0M1X1,80:F986:E0M1X1
80:812F:E0M1X1,80:804D:E0M1X1
80:812F:E0M1X1,80:808F:E0M1X1
80:812F:E0M1X1,80:80E0:E0M1X1
80:8130:E0M1X1,80:8131:E0M1X1
80:8131:E0M1X1,80:8132:E0M1X1
80:8132:E0M1X1,80:8133:E0M1X1
80:8133:E0M1X1,80:8138:E0M1X1
80:8136:E0M1X1,80:8137:E0M1X1
80:8137:E0M1X1,92:F12D:E0M1X1
80:8138:E0M1X1,80:8139:E0M1X1
80:8139:E0M1X1,80:813B:E0M1X1
80:813B:E0M1X1,80:813E:E0M1X1
80:813E:E0M1X1,80:8140:E0M1X1
80:8140:E0M1X1,80:8143:E0M1X1
80:8143:E0M1X1,80:8145:E0M1X1
80:8145:E0M1X1,80:8148:E0M1X1
80:8148:E0M1X1,80:814A:E0M1X1
80:814A:E0M1X1,80:814D:E0M1X1
80:814D:E0M1X1,80:814F:E0M1X1
80:814F:E0M1X1,80:8152:E0M1X1
80:8152:E0M1X1,80:8154:E0M1X1
80:8154:E0M1X1,80:8157:E0M1X1
80:8157:E0M1X1,80:8159:E0M1X1
80:8159:E0M1X1,80:815C:E0M1X1
80:815C:E0M1X1,80:815E:E0M1X1
80:815E:E0M1X1,80:8161:E0M1X1
80:8161:E0M1X1,80:8164:E0M1X1
80:8164:E0M1X1,80:8165:E0M1X1
80:8165:E0M1X1,80:8043:E0M1X1
80:8165:E0M1X1,80:8066:E0M1X1
80:8165:E0M1X1,80:806C:E0M1X1
80:8165:E0M1X1,80:8083:E0M1X1
80:8165:E0M1X1,80:8136:E0M1X1
80:816A:E0M0X0,80:816B:E0M0X0
80:816A:E0M0X1,80:816B:E0M0X1
80:816A:E0M1X0,80:816B:E0M1X0
80:816A:E0M1X1,80:816B:E0M1X1
80:816B:E0M0X0,80:816C:E0M0X0
80:816B:E0M0X1,80:816C:E0M0X1
80:816B:E0M1X0,80:816C:E0M1X0
80:816B:E0M1X1,80:816C:E0M1X1
80:816C:E0M0X0,80:816D:E0M0X0
80:816C:E0M0X1,80:816D:E0M0X1
80:816C:E0M1X0,80:816D:E0M1X0
80:816C:E0M1X1,80:816D:E0M1X1
80:816D:E0M0X0,80:816F:E0M0X0
80:816D:E0M0X1,80:816F:E0M0X0
80:816D:E0M1X0,80:816F:E0M0X0
80:816D:E0M1X1,80:816F:E0M0X0
80:816F:E0M0X0,80:8171:E0M0X0
80:8171:E0M0X0,80:8173:E0M0X0
80:8173:E0M0X0,80:8175:E0M0X0
80:8175:E0M0X0,80:8177:E0M1X1
80:8177:E0M1X1,80:817A:E0M1X1
80:817A:E0M1X1,80:817C:E0M1X1
80:817C:E0M1X1,80:817E:E0M1X1
80:817C:E0M1X1,80:818A:E0M1X1
80:817E:E0M1X1,80:8181:E0M1X1
80:8181:E0M1X1,80:81C0:E0M1X1
80:8181:E0M1X1,80:81C1:E0M1X1
80:8181:E0M1X1,80:81C6:E0M1X1
80:8181:E0M1X1,80:81CB:E0M1X1
80:8181:E0M1X1,80:81D0:E0M1X1
80:8181:E0M1X1,80:81D5:E0M1X1
80:8181:E0M1X1,80:81DA:E0M1X1
80:8181:E0M1X1,80:81DF:E0M1X1
80:8181:E0M1X1,80:81E4:E0M1X1
80:8181:E0M1X1,80:81E9:E0M1X1
80:8181:E0M1X1,80:81EE:E0M1X1
80:8181:E0M1X1,80:81F3:E0M1X1
80:8181:E0M1X1,80:81F8:E0M1X1
80:8181:E0M1X1,80:BE1A:E0M1X1
80:8181:E0M1X1,80:BE1F:E0M1X1
80:8181:E0M1X1,80:BE31:E0M1X1
80:8181:E0M1X1,80:BE4A:E0M1X1
80:8181:E0M1X1,80:BF4E:E0M1X1
80:8184:E0M1X1,80:DC7D:E0M1X1
80:8187:E0M1X1,80:FC1C:E0M1X1
80:818A:E0M1X1,80:818C:E0M0X0
80:818C:E0M0X0,80:818F:E0M0X0
80:818F:E0M0X0,80:8191:E0M0X0
80:8191:E0M0X0,80:8193:E0M0X0
80:8193:E0M0X0,80:8195:E0M0X0
80:8195:E0M0X0,80:8196:E0M0X0
80:81C0:E0M1X1,80:8184:E0M1X1
80:81C0:E0M1X1,80:821D:E0M1X1
80:81C1:E0M1X1,9F:FC2E:E0M1X1
80:81C5:E0M1X1,80:8184:E0M1X1
80:81C6:E0M1X1,81:9A46:E0M1X1
80:81CA:E0M1X1,80:8184:E0M1X1
80:81CB:E0M1X1,81:91AB:E0M1X1
80:81CF:E0M1X1,80:8184:E0M1X1
80:81D0:E0M1X1,81:C28B:E0M1X1
80:81D4:E0M1X1,80:8184:E0M1X1
80:81D5:E0M1X1,81:B57A:E0M1X1
80:81D9:E0M1X1,80:8184:E0M1X1
80:81DA:E0M1X1,81:F874:E0M1X1
80:81DE:E0M1X1,80:8184:E0M1X1
80:81DF:E0M1X1,81:CEE6:E0M1X1
80:81E3:E0M1X1,80:8184:E0M1X1
80:81E4:E0M1X1,81:CF03:E0M1X1
80:81E8:E0M1X1,80:8184:E0M1X1
80:81E9:E0M1X1,81:FE75:E0M1X1
80:81ED:E0M1X1,80:8184:E0M1X1
80:81EE:E0M1X1,81:AD21:E0M1X1
80:81F2:E0M1X1,80:8184:E0M1X1
80:81F3:E0M1X1,81:B9DD:E0M1X1
80:81F7:E0M1X1,80:8184:E0M1X1
80:81F8:E0M1X1,81:AB0D:E0M1X1
80:81FC:E0M1X1,80:8184:E0M1X1
80:8201:E0M0X0,80:8202:E0M0X0
80:8201:E0M0X1,80:8202:E0M0X1
80:8201:E0M1X0,80:8202:E0M1X0
80:8201:E0M1X1,80:8202:E0M1X1
80:8202:E0M0X0,80:8203:E0M0X0
80:8202:E0M0X1,80:8203:E0M0X1
80:8202:E0M1X0,80:8203:E0M1X0
80:8202:E0M1X1,80:8203:E0M1X1
80:8203:E0M0X0,80:8204:E0M0X0
80:8203:E0M0X1,80:8204:E0M0X1
80:8203:E0M1X0,80:8204:E0M1X0
80:8203:E0M1X1,80:8204:E0M1X1
80:8204:E0M0X0,80:8205:E0M0X0
80:8204:E0M0X1,80:8205:E0M0X1
80:8204:E0M1X0,80:8205:E0M1X0
80:8204:E0M1X1,80:8205:E0M1X1
80:8205:E0M0X0,80:8206:E0M0X0
80:8205:E0M0X1,80:8206:E0M0X1
80:8205:E0M1X0,80:8206:E0M1X0
80:8205:E0M1X1,80:8206:E0M1X1
80:8206:E0M0X0,80:8208:E0M0X0
80:8206:E0M0X1,80:8208:E0M0X0
80:8206:E0M1X0,80:8208:E0M0X0
80:8206:E0M1X1,80:8208:E0M0X0
80:8208:E0M0X0,80:820A:E0M0X0
80:820A:E0M0X0,80:820C:E0M0X0
80:820C:E0M0X0,80:820E:E0M0X0
80:820E:E0M0X0,80:8210:E0M1X1
80:8210:E0M1X1,80:8213:E0M1X1
80:8213:E0M1X1,80:8215:E0M1X1
80:8215:E0M1X1,80:8217:E0M1X1
80:8215:E0M1X1,80:821D:E0M1X1
80:8217:E0M1X1,80:821A:E0M1X1
80:821A:E0M1X1,80:81C0:E0M1X1
80:821A:E0M1X1,80:8234:E0M1X1
80:821A:E0M1X1,80:823E:E0M1X1
80:821A:E0M1X1,80:8283:E0M1X1
80:821A:E0M1X1,80:BF98:E0M1X1
80:821D:E0M1X1,80:821F:E0M0X0
80:821F:E0M0X0,80:8221:E0M0X0
80:8221:E0M0X0,80:8223:E0M0X0
80:8223:E0M0X0,80:8225:E0M0X0
80:8225:E0M0X0,80:8226:E0M0X0
80:8226:E0M0X0,80:8227:E0M0X0
80:8226:E0M0X0,80:8227:E0M0X1
80:8226:E0M0X0,80:8227:E0M1X0
80:8226:E0M0X0,80:8227:E0M1X1
80:8234:E0M1X1,9F:FC6B:E0M1X1
80:8238:E0M1X1,80:821D:E0M1X1
80:823E:E0M1X1,80:8241:E0M1X1
80:8241:E0M1X1,80:8243:E0M1X1
80:8241:E0M1X1,80:8269:E0M1X1
80:8243:E0M1X1,80:8244:E0M1X1
80:8244:E0M1X1,80:8247:E0M1X1
80:8247:E0M1X1,80:8249:E0M1X1
80:8249:E0M1X1,80:824C:E0M1X1
80:824C:E0M1X1,80:824F:E0M1X1
80:824F:E0M1X1,80:8252:E0M1X1
80:8252:E0M1X1,80:8255:E0M1X1
80:8255:E0M1X1,80:8258:E0M1X1
80:8258:E0M1X1,80:825A:E0M1X1
80:825A:E0M1X1,80:8255:E0M1X1
80:825A:E0M1X1,80:825C:E0M1X1
80:825C:E0M1X1,80:825F:E0M1X1
80:825F:E0M1X1,80:8262:E0M1X1
80:8262:E0M1X1,80:8265:E0M1X1
80:8265:E0M1X1,80:8268:E0M1X1
80:8268:E0M1X1,80:821D:E0M1X1
80:8269:E0M1X1,80:826C:E0M1X1
80:826C:E0M1X1,80:826F:E0M1X1
80:826F:E0M1X1,80:8272:E0M1X1
80:8272:E0M1X1,80:8274:E0M1X1
80:8274:E0M1X1,80:826F:E0M1X1
80:8274:E0M1X1,80:8276:E0M1X1
80:8276:E0M1X1,80:8279:E0M1X1
80:8279:E0M1X1,80:827C:E0M1X1
80:827C:E0M1X1,80:827F:E0M1X1
80:827F:E0M1X1,80:8282:E0M1X1
80:8282:E0M1X1,80:821D:E0M1X1
80:8283:E0M1X1,80:8285:E0M1X1
80:8285:E0M1X1,80:8287:E0M1X1
80:8287:E0M1X1,80:828A:E0M1X1
80:828A:E0M1X1,80:828C:E0M1X1
80:828C:E0M1X1,80:8287:E0M1X1
80:828C:E0M1X1,80:828E:E0M1X1
80:828E:E0M1X1,80:8291:E0M1X1
80:8291:E0M1X1,80:8294:E0M1X1
80:8294:E0M1X1,80:8297:E0M1X1
80:8297:E0M1X1,80:829A:E0M1X1
80:829A:E0M1X1,80:829D:E0M1X1
80:829D:E0M1X1,80:821D:E0M1X1
80:82F7:E0M0X0,80:82F8:E0M0X0
80:82F8:E0M0X0,80:82F9:E0M0X0
80:82F9:E0M0X0,80:82FA:E0M0X0
80:82FA:E0M0X0,80:82FF:E0M0X0
80:82FD:E0M0X0,80:82FE:E0M0X0
80:82FE:E0M0X0,81:8CA6:E0M0X0
80:82FE:E0M0X0,81:954B:E0M0X0
80:82FE:E0M0X0,81:9D85:E0M0X0
80:82FE:E0M0X0,81:9E9D:E0M0X0
80:82FE:E0M0X0,81:A573:E0M0X0
80:82FE:E0M0X0,81:A689:E0M0X0
80:82FE:E0M0X0,81:A86A:E0M0X0
80:82FE:E0M0X0,81:A88A:E0M0X0
80:82FE:E0M0X0,81:AF84:E0M0X0
80:82FE:E0M0X0,81:B353:E0M0X0
80:82FE:E0M0X0,81:B37B:E0M0X0
80:82FE:E0M0X0,81:B420:E0M0X0
80:82FE:E0M0X0,81:CFB1:E0M0X0
80:82FE:E0M0X0,81:FBA5:E0M0X0
80:82FE:E0M0X0,81:FC0F:E0M0X0
80:82FE:E0M0X0,81:FC5A:E0M0X0
80:82FE:E0M0X0,81:FC98:E0M0X0
80:82FE:E0M0X0,81:FCD6:E0M0X0
80:82FE:E0M0X0,92:F0FC:E0M0X0
80:82FE:E0M0X0,9F:F764:E0M0X0
80:82FE:E0M0X0,9F:FB16:E0M0X0
80:82FF:E0M0X0,80:8301:E0M0X0
80:8301:E0M0X0,80:8320:E0M0X0
80:8304:E0M0X0,80:8305:E0M0X0
80:8305:E0M0X0,80:8306:E0M0X0
80:8306:E0M0X0,80:8308:E0M0X0
80:8308:E0M0X0,80:8309:E0M0X0
80:8309:E0M0X0,80:830C:E0M0X0
80:830C:E0M0X0,80:830F:E0M0X0
80:830F:E0M0X0,80:852C:E0M0X0
80:8312:E0M0X0,80:8313:E0M0X0
80:8313:E0M0X0,80:8314:E0M0X0
80:8314:E0M0X0,80:8315:E0M0X0
80:8315:E0M0X0,80:8316:E0M0X0
80:8316:E0M0X0,80:8317:E0M0X0
80:8317:E0M0X0,80:82FD:E0M0X0
80:8317:E0M0X0,80:C236:E0M0X0
80:8317:E0M0X0,80:CD57:E0M0X0
80:8317:E0M0X0,80:CD65:E0M0X0
80:8318:E0M0X0,80:8319:E0M0X0
80:8319:E0M0X0,80:831A:E0M0X0
80:831A:E0M0X0,80:831B:E0M0X0
80:831B:E0M0X0,80:8320:E0M0X0
80:831E:E0M0X0,80:831F:E0M0X0
80:831F:E0M0X0,81:B6E8:E0M0X0
80:8320:E0M0X0,80:8321:E0M0X0
80:8321:E0M0X0,80:8322:E0M0X0
80:8322:E0M0X0,80:8323:E0M0X0
80:8323:E0M0X0,80:8326:E0M0X0
80:8326:E0M0X0,80:8328:E0M0X0
80:8328:E0M0X0,80:832B:E0M0X0
80:832B:E0M0X0,80:832D:E0M0X0
80:832D:E0M0X0,80:832F:E0M0X0
80:832F:E0M0X0,80:8330:E0M0X0
80:8330:E0M0X0,80:8333:E0M0X0
80:8333:E0M0X0,80:8334:E0M0X0
80:8334:E0M0X0,80:8335:E0M0X0
80:8335:E0M0X0,80:8336:E0M0X0
80:8336:E0M0X0,80:8338:E0M0X0
80:8338:E0M0X0,80:833B:E0M0X0
80:833B:E0M0X0,80:8304:E0M0X0
80:833B:E0M0X0,80:831E:E0M0X0
80:833B:E0M0X0,80:8348:E0M0X0
80:833B:E0M0X0,80:8367:E0M0X0
80:833B:E0M0X0,80:837E:E0M0X0
80:833B:E0M0X0,80:83A7:E0M0X0
80:833C:E0M0X0,80:833D:E0M0X0
80:833D:E0M0X0,80:833E:E0M0X0
80:833E:E0M0X0,80:833F:E0M0X0
80:833F:E0M0X0,80:8344:E0M0X0
80:8342:E0M0X0,80:8343:E0M0X0
80:8343:E0M0X0,81:9428:E0M0X0
80:8344:E0M0X0,80:8345:E0M0X0
80:8345:E0M0X0,80:8320:E0M0X0
80:8348:E0M0X0,80:8349:E0M0X0
80:8349:E0M0X0,80:834A:E0M0X0
80:834A:E0M0X0,80:834B:E0M0X0
80:834B:E0M0X0,80:834C:E0M0X0
80:834C:E0M0X0,80:834F:E0M0X0
80:834F:E0M0X0,80:8352:E0M0X0
80:8352:E0M0X0,80:83D9:E0M0X0
80:8355:E0M0X0,80:8356:E0M0X0
80:8356:E0M0X0,80:8357:E0M0X0
80:8357:E0M0X0,80:8358:E0M0X0
80:8358:E0M0X0,80:8359:E0M0X0
80:8359:E0M0X0,80:835A:E0M0X0
80:835A:E0M0X0,80:8342:E0M0X0
80:835B:E0M0X0,80:835C:E0M0X0
80:835C:E0M0X0,80:835D:E0M0X0
80:835D:E0M0X0,80:835E:E0M0X0
80:835E:E0M0X0,80:8363:E0M0X0
80:8361:E0M0X0,80:8362:E0M0X0
80:8362:E0M0X0,81:8CB7:E0M0X0
80:8362:E0M0X0,81:8CCD:E0M0X0
80:8362:E0M0X0,81:943E:E0M0X0
80:8362:E0M0X0,81:A584:E0M0X0
80:8362:E0M0X0,81:A69A:E0M0X0
80:8362:E0M0X0,81:A78A:E0M0X0
80:8362:E0M0X0,81:AF95:E0M0X0
80:8362:E0M0X0,81:CFA7:E0M0X0
80:8362:E0M0X0,9F:F736:E0M0X0
80:8362:E0M0X0,9F:F75A:E0M0X0
80:8362:E0M0X0,9F:FB0C:E0M0X0
80:8363:E0M0X0,80:8364:E0M0X0
80:8364:E0M0X0,80:8320:E0M0X0
80:8367:E0M0X0,80:8368:E0M0X0
80:8368:E0M0X0,80:8369:E0M0X0
80:8369:E0M0X0,80:836A:E0M0X0
80:836A:E0M0X0,80:836B:E0M0X0
80:836B:E0M0X0,80:836E:E0M0X0
80:836E:E0M0X0,80:8371:E0M0X0
80:8371:E0M0X0,80:83CE:E0M0X0
80:8374:E0M0X0,80:8375:E0M0X0
80:8375:E0M0X0,80:8376:E0M0X0
80:8376:E0M0X0,80:8377:E0M0X0
80:8377:E0M0X0,80:8378:E0M0X0
80:8378:E0M0X0,80:8379:E0M0X0
80:8379:E0M0X0,80:8361:E0M0X0
80:8379:E0M0X0,80:C248:E0M0X0
80:8379:E0M0X0,80:C252:E0M0X0
80:837A:E0M0X0,80:837B:E0M0X0
80:837B:E0M0X0,80:8320:E0M0X0
80:837E:E0M0X0,80:837F:E0M0X0
80:837F:E0M0X0,80:8380:E0M0X0
80:8380:E0M0X0,80:8381:E0M0X0
80:8381:E0M0X0,80:8382:E0M0X0
80:8382:E0M0X0,80:8383:E0M0X0
80:8383:E0M0X0,80:8384:E0M0X0
80:8384:E0M0X0,80:8385:E0M0X0
80:8385:E0M0X0,80:8388:E0M0X0
80:8388:E0M0X0,80:8389:E0M0X0
80:8389:E0M0X0,80:838C:E0M0X0
80:838C:E0M0X0,80:838F:E0M0X0
80:838F:E0M0X0,80:850F:E0M0X0
80:8392:E0M0X0,80:8393:E0M0X0
80:8393:E0M0X0,80:8394:E0M0X0
80:8394:E0M0X0,80:8395:E0M0X0
80:8395:E0M0X0,80:8398:E0M0X0
80:8398:E0M0X0,80:8399:E0M0X0
80:8399:E0M0X0,80:839A:E0M0X0
80:839A:E0M0X0,80:C20F:E0M0X0
80:839A:E0M0X0,80:C221:E0M0X0
80:839B:E0M0X0,80:839C:E0M0X0
80:839C:E0M0X0,80:839D:E0M0X0
80:839D:E0M0X0,80:839E:E0M0X0
80:839E:E0M0X0,80:83A3:E0M0X0
80:83A1:E0M0X0,80:83A2:E0M0X0
80:83A2:E0M0X0,81:8C9C:E0M0X0
80:83A2:E0M0X0,81:9D61:E0M0X0
80:83A2:E0M0X0,81:9D78:E0M0X0
80:83A2:E0M0X0,81:9D7D:E0M0X0
80:83A2:E0M0X0,81:9E8B:E0M0X0
80:83A2:E0M0X0,81:A569:E0M0X0
80:83A2:E0M0X0,81:A67F:E0M0X0
80:83A2:E0M0X0,81:A6A4:E0M0X0
80:83A2:E0M0X0,81:A85E:E0M0X0
80:83A2:E0M0X0,81:A87E:E0M0X0
80:83A2:E0M0X0,81:AF7A:E0M0X0
80:83A2:E0M0X0,81:B365:E0M0X0
80:83A2:E0M0X0,81:B40E:E0M0X0
80:83A2:E0M0X0,81:CFB8:E0M0X0
80:83A2:E0M0X0,81:FB7E:E0M0X0
80:83A2:E0M0X0,81:FBE8:E0M0X0
80:83A2:E0M0X0,81:FC33:E0M0X0
80:83A2:E0M0X0,81:FC73:E0M0X0
80:83A2:E0M0X0,81:FCB1:E0M0X0
80:83A3:E0M0X0,80:83A4:E0M0X0
80:83A4:E0M0X0,80:8320:E0M0X0
80:83A7:E0M0X0,80:83A8:E0M0X0
80:83A8:E0M0X0,80:83A9:E0M0X0
80:83A9:E0M0X0,80:83AA:E0M0X0
80:83AA:E0M0X0,80:83AB:E0M0X0
80:83AB:E0M0X0,80:83AC:E0M0X0
80:83AC:E0M0X0,80:83AD:E0M0X0
80:83AD:E0M0X0,80:83AE:E0M0X0
80:83AE:E0M0X0,80:83B1:E0M0X0
80:83B1:E0M0X0,80:83B2:E0M0X0
80:83B2:E0M0X0,80:83B5:E0M0X0
80:83B5:E0M0X0,80:83B8:E0M0X0
80:83B8:E0M0X0,80:83BB:E0M0X0
80:83BB:E0M0X0,80:83BD:E0M0X0
80:83BB:E0M0X0,80:83C2:E0M0X0
80:83BD:E0M0X0,80:852C:E0M0X0
80:83C0:E0M0X0,80:83C5:E0M0X0
80:83C2:E0M0X0,80:83CE:E0M0X0
80:83C5:E0M0X0,80:83C6:E0M0X0
80:83C6:E0M0X0,80:83C7:E0M0X0
80:83C7:E0M0X0,80:83C8:E0M0X0
80:83C8:E0M0X0,80:83CB:E0M0X0
80:83CB:E0M0X0,80:83CC:E0M0X0
80:83CC:E0M0X0,80:83CD:E0M0X0
80:83CD:E0M0X0,80:83A1:E0M0X0
80:83CD:E0M0X0,80:A39D:E0M0X0
80:83CD:E0M0X0,80:C9C8:E0M0X0
80:83CD:E0M0X0,80:CB5B:E0M0X0
80:83CD:E0M0X0,80:CD48:E0M0X0
80:83CD:E0M0X0,80:CD4E:E0M0X0
80:83CE:E0M0X0,80:83D1:E0M0X0
80:83D1:E0M0X0,80:83D4:E0M0X0
80:83D4:E0M0X0,80:83D6:E0M0X0
80:83D6:E0M0X0,80:83D9:E0M0X0
80:83D9:E0M0X0,80:83DB:E0M0X0
80:83DB:E0M0X0,80:83DD:E0M0X0
80:83DD:E0M0X0,80:83DF:E0M0X0
80:83DF:E0M0X0,80:83E1:E0M0X0
80:83E1:E0M0X0,80:83E3:E0M0X0
80:83E3:E0M0X0,80:83E5:E0M0X0
80:83E5:E0M0X0,80:83E7:E0M0X0
80:83E7:E0M0X0,80:83EA:E0M0X0
80:83EA:E0M0X0,80:83EC:E0M0X0
80:83EC:E0M0X0,80:83EE:E0M0X0
80:83EE:E0M0X0,80:83F0:E0M0X0
80:83F0:E0M0X0,80:83F2:E0M0X0
80:83F2:E0M0X0,80:83F4:E0M0X0
80:83F4:E0M0X0,80:83F6:E0M0X0
80:83F4:E0M0X0,80:83FD:E0M0X0
80:83F6:E0M0X0,80:83F9:E0M0X0
80:83F9:E0M0X0,80:83FB:E0M0X0
80:83FB:E0M0X0,80:83FD:E0M0X0
80:83FD:E0M0X0,80:83FF:E0M1X0
80:83FF:E0M1X0,80:8401:E0M1X0
80:8401:E0M1X0,80:8403:E0M1X0
80:8403:E0M1X0,80:8405:E0M0X0
80:8405:E0M0X0,80:8407:E0M0X0
80:8407:E0M0X0,80:8409:E0M0X0
80:8407:E0M0X0,80:8410:E0M0X0
80:8409:E0M0X0,80:840C:E0M0X0
80:840C:E0M0X0,80:840E:E0M0X0
80:840E:E0M0X0,80:8410:E0M0X0
80:8410:E0M0X0,80:8413:E0M0X0
80:8413:E0M0X0,80:8414:E0M0X0
80:8414:E0M0X0,80:8416:E0M0X0
80:8416:E0M0X0,80:8418:E0M0X0
80:8418:E0M0X0,80:841B:E0M0X0
80:841B:E0M0X0,80:841E:E0M0X0
80:841E:E0M0X0,80:8420:E0M0X0
80:8420:E0M0X0,80:8421:E0M0X0
80:8421:E0M0X0,80:8422:E0M0X0
80:8422:E0M0X0,80:841E:E0M0X0
80:8422:E0M0X0,80:8424:E0M0X0
80:8424:E0M0X0,80:8427:E0M0X0
80:8427:E0M0X0,80:8429:E0M0X0
80:8429:E0M0X0,80:842B:E0M0X0
80:842B:E0M0X0,80:842D:E0M0X0
80:842D:E0M0X0,80:8430:E0M0X0
80:8430:E0M0X0,80:8432:E0M0X0
80:8430:E0M0X0,80:8446:E0M0X0
80:8432:E0M0X0,80:8434:E0M0X0
80:8434:E0M0X0,80:8436:E0M0X0
80:8436:E0M0X0,80:8438:E0M0X0
80:8436:E0M0X0,80:8441:E0M0X0
80:8438:E0M0X0,80:8439:E0M0X0
80:8439:E0M0X0,80:843C:E0M0X0
80:843C:E0M0X0,80:843E:E0M0X0
80:843E:E0M0X0,80:843F:E0M0X0
80:843F:E0M0X0,80:8441:E0M0X0
80:8441:E0M0X0,80:8444:E0M0X0
80:8444:E0M0X0,80:8446:E0M0X0
80:8446:E0M0X0,80:8447:E0M0X0
80:8447:E0M0X0,80:8449:E0M0X0
80:8447:E0M0X0,80:847A:E0M0X0
80:8449:E0M0X0,80:844B:E0M1X0
80:844B:E0M1X0,80:844D:E0M1X0
80:844D:E0M1X0,80:844F:E0M1X0
80:844F:E0M1X0,80:84E0:E0M1X0
80:8452:E0M1X0,80:8454:E0M0X0
80:8454:E0M0X0,80:8456:E0M0X0
80:8456:E0M0X0,80:8458:E0M0X0
80:8456:E0M0X0,80:8459:E0M0X0
80:8458:E0M0X0,80:8355:E0M0X0
80:8458:E0M0X0,80:8374:E0M0X0
80:8458:E0M0X0,80:83C5:E0M0X0
80:8459:E0M0X0,80:845B:E0M0X0
80:845B:E0M0X0,80:845D:E0M0X0
80:845B:E0M0X0,80:8468:E0M0X0
80:845D:E0M0X0,80:845E:E0M0X0
80:845E:E0M0X0,80:8460:E0M0X0
80:8460:E0M0X0,80:8463:E0M0X0
80:8463:E0M0X0,80:8465:E0M0X0
80:8465:E0M0X0,80:8466:E0M0X0
80:8466:E0M0X0,80:8468:E0M0X0
80:8468:E0M0X0,80:846A:E0M0X0
80:846A:E0M0X0,80:846C:E0M0X0
80:846A:E0M0X0,80:846E:E0M0X0
80:846C:E0M0X0,80:846E:E0M0X0
80:846E:E0M0X0,80:846F:E0M0X0
80:846F:E0M0X0,80:8429:E0M0X0
80:846F:E0M0X0,80:8471:E0M0X0
80:8471:E0M0X0,80:8474:E0M0X0
80:8474:E0M0X0,80:8476:E0M0X0
80:8476:E0M0X0,80:8478:E0M0X0
80:8478:E0M0X0,80:8429:E0M0X0
80:847A:E0M0X0,80:847C:E0M0X0
80:847C:E0M0X0,80:847E:E0M0X0
80:847E:E0M0X0,80:8480:E0M0X0
80:8480:E0M0X0,80:8482:E0M0X0
80:8480:E0M0X0,80:8489:E0M0X0
80:8482:E0M0X0,80:8485:E0M0X0
80:8485:E0M0X0,80:8487:E0M0X0
80:8487:E0M0X0,80:8489:E0M0X0
80:8489:E0M0X0,80:848B:E0M1X0
80:848B:E0M1X0,80:848D:E0M1X0
80:848D:E0M1X0,80:848F:E0M1X0
80:848F:E0M1X0,80:8491:E0M0X0
80:8491:E0M0X0,80:8493:E0M0X0
80:8493:E0M0X0,80:8495:E0M0X0
80:8493:E0M0X0,80:849C:E0M0X0
80:8495:E0M0X0,80:8498:E0M0X0
80:8498:E0M0X0,80:849A:E0M0X0
80:849A:E0M0X0,80:849C:E0M0X0
80:849C:E0M0X0,80:849E:E0M0X0
80:849E:E0M0X0,80:84A1:E0M0X0
80:84A1:E0M0X0,80:84A2:E0M0X0
80:84A2:E0M0X0,80:84A4:E0M0X0
80:84A4:E0M0X0,80:84A7:E0M0X0
80:84A7:E0M0X0,80:84A8:E0M0X0
80:84A8:E0M0X0,80:84A9:E0M0X0
80:84A9:E0M0X0,80:84AA:E0M0X0
80:84AA:E0M0X0,80:84AB:E0M0X0
80:84AB:E0M0X0,80:84AC:E0M0X0
80:84AC:E0M0X0,80:84AF:E0M0X0
80:84AF:E0M0X0,80:84B1:E0M0X0
80:84B1:E0M0X0,80:84B3:E0M1X0
80:84B3:E0M1X0,80:84B5:E0M1X0
80:84B5:E0M1X0,80:84B7:E0M1X0
80:84B7:E0M1X0,80:84E0:E0M1X0
80:84BA:E0M1X0,80:84BC:E0M0X0
80:84BC:E0M0X0,80:84BE:E0M0X0
80:84BE:E0M0X0,80:8458:E0M0X0
80:84BE:E0M0X0,80:84C0:E0M0X0
80:84C0:E0M0X0,80:84C2:E0M0X0
80:84C2:E0M0X0,80:84C4:E0M0X0
80:84C2:E0M0X0,80:84C6:E0M0X0
80:84C4:E0M0X0,80:84C6:E0M0X0
80:84C6:E0M0X0,80:84C7:E0M0X0
80:84C7:E0M0X0,80:84CA:E0M0X0
80:84CA:E0M0X0,80:84CC:E0M0X0
80:84CA:E0M0X0,80:84CF:E0M0X0
80:84CC:E0M0X0,80:84CF:E0M0X0
80:84CF:E0M0X0,80:84D0:E0M0X0
80:84D0:E0M0X0,80:84D2:E0M0X0
80:84D0:E0M0X0,80:84D9:E0M0X0
80:84D2:E0M0X0,80:84D5:E0M0X0
80:84D5:E0M0X0,80:84D7:E0M0X0
80:84D7:E0M0X0,80:84D9:E0M0X0
80:84D9:E0M0X0,80:84DB:E0M0X0
80:84DB:E0M0X0,80:84B1:E0M0X0
80:84DB:E0M0X0,80:84DD:E0M0X0
80:84DD:E0M0X0,80:8429:E0M0X0
80:84E0:E0M1X0,80:84E1:E0M1X0
80:84E1:E0M1X0,80:84E3:E0M1X0
80:84E3:E0M1X0,80:84E5:E0M1X0
80:84E5:E0M1X0,80:84E7:E0M1X0
80:84E7:E0M1X0,80:84E9:E0M1X0
80:84E7:E0M1X0,80:84ED:E0M1X0
80:84E9:E0M1X0,80:84EA:E0M1X0
80:84EA:E0M1X0,80:84EC:E0M1X0
80:84EC:E0M1X0,80:8452:E0M1X0
80:84EC:E0M1X0,80:84BA:E0M1X0
80:84ED:E0M1X0,80:84EF:E0M1X0
80:84EF:E0M1X0,80:84F2:E0M1X0
80:84F2:E0M1X0,80:84F3:E0M1X0
80:84F3:E0M1X0,80:84F6:E0M1X0
80:84F6:E0M1X0,80:8452:E0M1X0
80:84F6:E0M1X0,80:84BA:E0M1X0
80:850F:E0M0X0,80:8512:E0M0X0
80:8512:E0M0X0,80:852F:E0M0X0
80:8514:E0M0X0,80:8515:E0M0X0
80:8515:E0M0X0,80:8516:E0M0X0
80:8516:E0M0X0,80:8517:E0M0X0
80:8517:E0M0X0,80:8518:E0M0X0
80:8518:E0M0X0,80:8519:E0M0X0
80:8519:E0M0X0,80:851C:E0M0X0
80:851C:E0M0X0,80:851F:E0M0X0
80:851F:E0M0X0,80:8522:E0M0X0
80:8522:E0M0X0,80:852C:E0M0X0
80:8525:E0M0X0,80:8526:E0M0X0
80:8526:E0M0X0,80:8527:E0M0X0
80:8527:E0M0X0,80:8528:E0M0X0
80:8528:E0M0X0,80:8529:E0M0X0
80:8529:E0M0X0,80:852A:E0M0X0
80:852A:E0M0X0,80:852B:E0M0X0
80:852B:E0M0X0,81:B6EC:E0M0X0
80:852C:E0M0X0,80:852F:E0M0X0
80:852F:E0M0X0,80:8531:E0M0X0
80:8531:E0M0X0,80:8533:E0M0X0
80:8533:E0M0X0,80:8535:E0M0X0
80:8535:E0M0X0,80:8537:E0M0X0
80:8537:E0M0X0,80:8539:E0M0X0
80:8539:E0M0X0,80:853B:E0M0X0
80:853B:E0M0X0,80:853D:E0M0X0
80:853D:E0M0X0,80:853F:E0M0X0
80:853F:E0M0X0,80:8541:E0M0X0
80:8541:E0M0X0,80:8543:E0M0X0
80:8543:E0M0X0,80:8546:E0M0X0
80:8546:E0M0X0,80:8548:E0M0X0
80:8548:E0M0X0,80:854A:E0M0X0
80:854A:E0M0X0,80:854C:E0M0X0
80:854C:E0M0X0,80:854E:E0M0X0
80:854E:E0M0X0,80:8550:E0M0X0
80:854E:E0M0X0,80:8557:E0M0X0
80:8550:E0M0X0,80:8553:E0M0X0
80:8553:E0M0X0,80:8555:E0M0X0
80:8555:E0M0X0,80:8557:E0M0X0
80:8557:E0M0X0,80:8559:E0M0X0
80:8559:E0M0X0,80:855B:E0M0X0
80:855B:E0M0X0,80:855D:E0M0X0
80:855D:E0M0X0,80:855F:E0M0X0
80:855D:E0M0X0,80:8566:E0M0X0
80:855F:E0M0X0,80:8562:E0M0X0
80:8562:E0M0X0,80:8564:E0M0X0
80:8564:E0M0X0,80:8566:E0M0X0
80:8566:E0M0X0,80:8568:E0M1X0
80:8568:E0M1X0,80:856A:E0M1X0
80:856A:E0M1X0,80:856C:E0M0X0
80:856C:E0M0X0,80:856F:E0M0X0
80:856F:E0M0X0,80:8572:E0M0X0
80:8572:E0M0X0,80:8574:E0M0X0
80:8574:E0M0X0,80:8575:E0M0X0
80:8575:E0M0X0,80:8576:E0M0X0
80:8576:E0M0X0,80:8572:E0M0X0
80:8576:E0M0X0,80:8578:E0M0X0
80:8578:E0M0X0,80:857B:E0M0X0
80:857B:E0M0X0,80:857D:E0M0X0
80:857D:E0M0X0,80:857F:E0M0X0
80:857F:E0M0X0,80:8580:E0M0X0
80:8580:E0M0X0,80:8582:E0M0X0
80:8582:E0M0X0,80:8585:E0M0X0
80:8585:E0M0X0,80:8587:E0M0X0
80:8585:E0M0X0,80:8599:E0M0X0
80:8587:E0M0X0,80:8589:E0M0X0
80:8589:E0M0X0,80:858B:E0M0X0
80:858B:E0M0X0,80:858D:E0M0X0
80:858B:E0M0X0,80:8594:E0M0X0
80:858D:E0M0X0,80:8590:E0M0X0
80:8590:E0M0X0,80:8592:E0M0X0
80:8592:E0M0X0,80:8594:E0M0X0
80:8594:E0M0X0,80:8597:E0M0X0
80:8597:E0M0X0,80:8599:E0M0X0
80:8599:E0M0X0,80:859A:E0M0X0
80:859A:E0M0X0,80:859C:E0M0X0
80:859A:E0M0X0,80:85CE:E0M0X0
80:859C:E0M0X0,80:859E:E0M0X0
80:859E:E0M0X0,80:85A0:E0M0X0
80:85A0:E0M0X0,80:85A2:E0M0X0
80:85A0:E0M0X0,80:85A9:E0M0X0
80:85A2:E0M0X0,80:85A5:E0M0X0
80:85A5:E0M0X0,80:85A7:E0M0X0
80:85A7:E0M0X0,80:85A9:E0M0X0
80:85A9:E0M0X0,80:85AB:E0M1X0
80:85AB:E0M1X0,80:85AD:E0M1X0
80:85AD:E0M1X0,80:85AF:E0M1X0
80:85AF:E0M1X0,80:85B1:E0M0X0
80:85B1:E0M0X0,80:85B3:E0M0X0
80:85B3:E0M0X0,80:85B5:E0M0X0
80:85B3:E0M0X0,80:85B6:E0M0X0
80:85B5:E0M0X0,80:8312:E0M0X0
80:85B5:E0M0X0,80:8392:E0M0X0
80:85B5:E0M0X0,80:83C0:E0M0X0
80:85B5:E0M0X0,80:8525:E0M0X0
80:85B6:E0M0X0,80:85B8:E0M0X0
80:85B8:E0M0X0,80:85BA:E0M0X0
80:85B8:E0M0X0,80:85BC:E0M0X0
80:85BA:E0M0X0,80:85BC:E0M0X0
80:85BC:E0M0X0,80:85BE:E0M0X0
80:85BE:E0M0X0,80:85C0:E0M0X0
80:85BE:E0M0X0,80:85C2:E0M0X0
80:85C0:E0M0X0,80:85C2:E0M0X0
80:85C2:E0M0X0,80:85C3:E0M0X0
80:85C3:E0M0X0,80:857D:E0M0X0
80:85C3:E0M0X0,80:85C5:E0M0X0
80:85C5:E0M0X0,80:85C8:E0M0X0
80:85C8:E0M0X0,80:85CA:E0M0X0
80:85CA:E0M0X0,80:85CC:E0M0X0
80:85CC:E0M0X0,80:857D:E0M0X0
80:85CE:E0M0X0,80:85D0:E0M0X0
80:85D0:E0M0X0,80:85D2:E0M0X0
80:85D2:E0M0X0,80:85D4:E0M0X0
80:85D2:E0M0X0,80:85DB:E0M0X0
80:85D4:E0M0X0,80:85D7:E0M0X0
80:85D7:E0M0X0,80:85D9:E0M0X0
80:85D9:E0M0X0,80:85DB:E0M0X0
80:85DB:E0M0X0,80:85DD:E0M0X0
80:85DD:E0M0X0,80:85DF:E0M0X0
80:85DF:E0M0X0,80:85E1:E0M0X0
80:85E1:E0M0X0,80:85E3:E0M0X0
80:85E1:E0M0X0,80:85EA:E0M0X0
80:85E3:E0M0X0,80:85E6:E0M0X0
80:85E6:E0M0X0,80:85E8:E0M0X0
80:85E8:E0M0X0,80:85EA:E0M0X0
80:85EA:E0M0X0,80:85EC:E0M1X0
80:85EC:E0M1X0,80:85EE:E0M1X0
80:85EE:E0M1X0,80:85F0:E0M0X0
80:85F0:E0M0X0,80:85F2:E0M0X0
80:85F2:E0M0X0,80:85F5:E0M0X0
80:85F5:E0M0X0,80:85F6:E0M0X0
80:85F6:E0M0X0,80:85F8:E0M0X0
80:85F8:E0M0X0,80:85FB:E0M0X0
80:85FB:E0M0X0,80:85FC:E0M0X0
80:85FC:E0M0X0,80:85FD:E0M0X0
80:85FD:E0M0X0,80:85FE:E0M0X0
80:85FE:E0M0X0,80:85FF:E0M0X0
80:85FF:E0M0X0,80:8600:E0M0X0
80:8600:E0M0X0,80:8603:E0M0X0
80:8603:E0M0X0,80:8605:E0M0X0
80:8605:E0M0X0,80:8607:E0M1X0
80:8607:E0M1X0,80:8609:E0M1X0
80:8609:E0M1X0,80:860B:E0M1X0
80:860B:E0M1X0,80:860D:E0M1X0
80:860D:E0M1X0,80:860F:E0M0X0
80:860F:E0M0X0,80:8611:E0M0X0
80:8611:E0M0X0,80:85B5:E0M0X0
80:8611:E0M0X0,80:8613:E0M0X0
80:8613:E0M0X0,80:8615:E0M0X0
80:8615:E0M0X0,80:8617:E0M0X0
80:8615:E0M0X0,80:8619:E0M0X0
80:8617:E0M0X0,80:8619:E0M0X0
80:8619:E0M0X0,80:861B:E0M0X0
80:861B:E0M0X0,80:861D:E0M0X0
80:861B:E0M0X0,80:861F:E0M0X0
80:861D:E0M0X0,80:861F:E0M0X0
80:861F:E0M0X0,80:8620:E0M0X0
80:8620:E0M0X0,80:8623:E0M0X0
80:8623:E0M0X0,80:8625:E0M0X0
80:8623:E0M0X0,80:8628:E0M0X0
80:8625:E0M0X0,80:8628:E0M0X0
80:8628:E0M0X0,80:8629:E0M0X0
80:8629:E0M0X0,80:862B:E0M0X0
80:8629:E0M0X0,80:8632:E0M0X0
80:862B:E0M0X0,80:862E:E0M0X0
80:862E:E0M0X0,80:8630:E0M0X0
80:8630:E0M0X0,80:8632:E0M0X0
80:8632:E0M0X0,80:8634:E0M0X0
80:8634:E0M0X0,80:8605:E0M0X0
80:8634:E0M0X0,80:8636:E0M0X0
80:8636:E0M0X0,80:857D:E0M0X0
80:887D:E0M1X1,80:887F:E0M0X1
80:887F:E0M0X1,80:8882:E0M0X1
80:8882:E0M0X1,80:8885:E0M0X1
80:8885:E0M0X1,80:8888:E0M0X1
80:8888:E0M0X1,80:888B:E0M0X1
80:888B:E0M0X1,80:888E:E0M0X1
80:888E:E0M0X1,80:8890:E0M1X1
80:8890:E0M1X1,80:8892:E0M1X1
80:8892:E0M1X1,80:8967:E0M1X1
80:8895:E0M1X1,80:8896:E0M1X1
80:8896:E0M1X1,80:8967:E0M1X1
80:8899:E0M1X1,80:889A:E0M1X1
80:889A:E0M1X1,80:8967:E0M1X1
80:889D:E0M1X1,80:889E:E0M1X1
80:889E:E0M1X1,80:8967:E0M1X1
80:88A1:E0M1X1,80:88A4:E0M1X1
80:88A4:E0M1X1,80:88A7:E0M1X1
80:88A7:E0M1X1,80:88A9:E0M0X1
80:88A9:E0M0X1,80:88AC:E0M0X1
80:88AC:E0M0X1,80:88AF:E0M0X1
80:88AF:E0M0X1,80:88B2:E0M0X1
80:88B2:E0M0X1,80:88B5:E0M0X1
80:88B5:E0M0X1,80:88B7:E0M1X1
80:88B7:E0M1X1,80:88B9:E0M1X1
80:88B9:E0M1X1,80:88BC:E0M1X1
80:88BC:E0M1X1,80:88BF:E0M1X1
80:88BF:E0M1X1,80:88C2:E0M1X1
80:88C2:E0M1X1,80:88C5:E0M1X1
80:88C5:E0M1X1,80:88C8:E0M1X1
80:88C8:E0M1X1,80:88CB:E0M1X1
80:88CB:E0M1X1,80:88CE:E0M1X1
80:88CE:E0M1X1,80:88D1:E0M1X1
80:88D1:E0M1X1,80:88D4:E0M1X1
80:88D4:E0M1X1,80:88D7:E0M1X1
80:88D7:E0M1X1,80:88D9:E0M0X0
80:88D9:E0M0X0,80:88DC:E0M0X0
80:88DC:E0M0X0,80:88DF:E0M0X0
80:88DF:E0M0X0,80:88E2:E0M0X0
80:88E2:E0M0X0,80:88E5:E0M0X0
80:88E5:E0M0X0,80:88E8:E0M0X0
80:88E8:E0M0X0,80:88EB:E0M0X0
80:88EB:E0M0X0,80:88EE:E0M0X0
80:88EE:E0M0X0,80:88F1:E0M0X0
80:88F1:E0M0X0,80:88F4:E0M0X0
80:88F4:E0M0X0,80:88F7:E0M0X0
80:88F7:E0M0X0,80:88FA:E0M0X0
80:88FA:E0M0X0,80:88FD:E0M0X0
80:88FD:E0M0X0,80:8900:E0M0X0
80:8900:E0M0X0,80:8903:E0M0X0
80:8903:E0M0X0,80:8906:E0M0X0
80:8906:E0M0X0,80:8909:E0M0X0
80:8909:E0M0X0,80:890C:E0M0X0
80:890C:E0M0X0,80:890F:E0M0X0
80:890F:E0M0X0,80:8912:E0M0X0
80:8912:E0M0X0,80:8915:E0M0X0
80:8915:E0M0X0,80:8918:E0M0X0
80:8918:E0M0X0,80:891B:E0M0X0
80:891B:E0M0X0,80:891C:E0M0X0
80:891C:E0M0X0,80:891D:E0M0X0
80:891D:E0M0X0,80:891E:E0M0X0
80:891E:E0M0X0,80:8918:E0M0X0
80:891E:E0M0X0,80:8920:E0M0X0
80:8920:E0M0X0,80:8923:E0M0X0
80:8923:E0M0X0,80:8926:E0M0X0
80:8926:E0M0X0,80:8927:E0M0X0
80:8927:E0M0X0,80:8928:E0M0X0
80:8928:E0M0X0,80:8929:E0M0X0
80:8929:E0M0X0,80:892C:E0M0X0
80:892C:E0M0X0,80:892F:E0M0X0
80:892F:E0M0X0,80:8932:E0M0X0
80:8932:E0M0X0,80:8935:E0M0X0
80:8935:E0M0X0,80:8938:E0M0X0
80:8938:E0M0X0,80:893B:E0M0X0
80:893B:E0M0X0,80:893E:E0M0X0
80:893E:E0M0X0,80:8941:E0M0X0
80:8941:E0M0X0,80:8944:E0M0X0
80:8944:E0M0X0,80:8947:E0M0X0
80:8947:E0M0X0,80:894A:E0M0X0
80:894A:E0M0X0,80:894D:E0M0X0
80:894D:E0M0X0,80:8951:E0M0X0
80:8951:E0M0X0,80:8952:E0M0X0
80:8952:E0M0X0,80:8955:E0M0X0
80:8955:E0M0X0,80:8956:E0M0X0
80:8956:E0M0X0,80:8957:E0M0X0
80:8957:E0M0X0,80:895A:E0M0X0
80:895A:E0M0X0,80:894D:E0M0X0
80:895A:E0M0X0,80:895C:E0M0X0
80:895C:E0M0X0,80:895E:E0M1X1
80:895E:E0M1X1,80:8961:E0M1X1
80:8961:E0M1X1,80:8963:E0M1X1
80:8963:E0M1X1,80:8966:E0M1X1
80:8966:E0M1X1,80:B996:E0M1X1
80:8967:E0M1X1,80:8969:E0M1X1
80:8969:E0M1X1,80:896C:E0M1X1
80:896C:E0M1X1,80:896E:E0M1X1
80:896C:E0M1X1,80:8970:E0M1X1
80:896E:E0M1X1,80:8970:E0M1X1
80:8970:E0M1X1,80:8971:E0M1X1
80:8971:E0M1X1,80:8974:E0M1X1
80:8974:E0M1X1,80:8977:E0M1X1
80:8977:E0M1X1,80:897A:E0M1X1
80:897A:E0M1X1,80:897D:E0M1X1
80:897D:E0M1X1,80:8980:E0M1X1
80:8980:E0M1X1,80:8983:E0M1X1
80:8983:E0M1X1,80:8986:E0M1X1
80:8986:E0M1X1,80:8989:E0M1X1
80:8989:E0M1X1,80:898B:E0M1X1
80:898B:E0M1X1,80:898E:E0M1X1
80:898E:E0M1X1,80:8991:E0M1X1
80:8991:E0M1X1,80:8994:E0M1X1
80:8994:E0M1X1,80:8996:E0M1X1
80:8996:E0M1X1,80:8999:E0M1X1
80:8999:E0M1X1,80:899C:E0M1X1
80:899C:E0M1X1,80:899F:E0M1X1
80:899F:E0M1X1,80:89A2:E0M1X1
80:89A2:E0M1X1,80:89A5:E0M1X1
80:89A5:E0M1X1,80:89A8:E0M1X1
80:89A8:E0M1X1,80:89AB:E0M1X1
80:89AB:E0M1X1,80:89AE:E0M1X1
80:89AE:E0M1X1,81:C585:E0M1X1
80:89B2:E0M1X1,80:89B5:E0M1X1
80:89B5:E0M1X1,80:89B8:E0M1X1
80:89B8:E0M1X1,80:89BB:E0M1X1
80:89BB:E0M1X1,80:89BE:E0M1X1
80:89BE:E0M1X1,80:89C1:E0M1X1
80:89C1:E0M1X1,80:89C4:E0M1X1
80:89C4:E0M1X1,80:89C7:E0M1X1
80:89C7:E0M1X1,80:89CA:E0M1X1
80:89CA:E0M1X1,80:89CD:E0M1X1
80:89CD:E0M1X1,80:89D0:E0M1X1
80:89D0:E0M1X1,80:89D3:E0M1X1
80:89D3:E0M1X1,80:89D6:E0M1X1
80:89D6:E0M1X1,80:89D9:E0M1X1
80:89D9:E0M1X1,80:89DC:E0M1X1
80:89DC:E0M1X1,80:89DF:E0M1X1
80:89DF:E0M1X1,80:89E2:E0M1X1
80:89E2:E0M1X1,80:89E5:E0M1X1
80:89E5:E0M1X1,80:89E8:E0M1X1
80:89E8:E0M1X1,80:89EB:E0M1X1
80:89EB:E0M1X1,80:89EE:E0M1X1
80:89EE:E0M1X1,80:89F1:E0M1X1
80:89F1:E0M1X1,80:89F4:E0M1X1
80:89F4:E0M1X1,80:89F7:E0M1X1
80:89F7:E0M1X1,80:89FA:E0M1X1
80:89FA:E0M1X1,80:89FD:E0M1X1
80:89FD:E0M1X1,80:8A00:E0M1X1
80:8A00:E0M1X1,80:8A03:E0M1X1
80:8A03:E0M1X1,80:8A06:E0M1X1
80:8A06:E0M1X1,80:8A09:E0M1X1
80:8A09:E0M1X1,80:8A0C:E0M1X1
80:8A0C:E0M1X1,80:8A0F:E0M1X1
80:8A0F:E0M1X1,80:8A12:E0M1X1
80:8A12:E0M1X1,80:8A14:E0M1X1
80:8A14:E0M1X1,80:8A16:E0M1X1
80:8A16:E0M1X1,80:8A18:E0M1X1
80:8A18:E0M1X1,80:8A1B:E0M1X1
80:8A1B:E0M1X1,80:8A1E:E0M1X1
80:8A1E:E0M1X1,80:8A21:E0M1X1
80:8A21:E0M1X1,80:8A24:E0M1X1
80:8A24:E0M1X1,80:8A27:E0M1X1
80:8A27:E0M1X1,80:8A2A:E0M1X1
80:8A2A:E0M1X1,80:8A2D:E0M1X1
80:8A2D:E0M1X1,80:8A30:E0M1X1
80:8A30:E0M1X1,80:8A33:E0M1X1
80:8A33:E0M1X1,80:8A36:E0M1X1
80:8A36:E0M1X1,80:8A39:E0M1X1
80:8A39:E0M1X1,80:8A3C:E0M1X1
80:8A3C:E0M1X1,80:8A3F:E0M1X1
80:8A3F:E0M1X1,80:8A42:E0M1X1
80:8A42:E0M1X1,80:8A45:E0M1X1
80:8A45:E0M1X1,80:8A48:E0M1X1
80:8A48:E0M1X1,80:8A4B:E0M1X1
80:8A4B:E0M1X1,80:8A4E:E0M1X1
80:8A4E:E0M1X1,80:8A51:E0M1X1
80:8A51:E0M1X1,80:8A53:E0M1X1
80:8A51:E0M1X1,80:8A68:E0M1X1
80:8A53:E0M1X1,80:8A56:E0M1X1
80:8A56:E0M1X1,80:8A59:E0M1X1
80:8A59:E0M1X1,80:8ACE:E0M1X1
80:8A5C:E0M1X1,80:8A5F:E0M1X1
80:8A5F:E0M1X1,92:E593:E0M1X1
80:8A63:E0M1X1,81:ABBC:E0M1X1
80:8A67:E0M1X1,80:8895:E0M1X1
80:8A67:E0M1X1,80:8899:E0M1X1
80:8A67:E0M1X1,80:889D:E0M1X1
80:8A67:E0M1X1,80:88A1:E0M1X1
80:8A68:E0M1X1,80:8A6B:E0M1X1
80:8A6B:E0M1X1,80:8A6E:E0M1X1
80:8A6E:E0M1X1,80:8A71:E0M1X1
80:8A71:E0M1X1,80:8A72:E0M1X1
80:8A72:E0M1X1,80:8A75:E0M1X1
80:8A75:E0M1X1,80:8A78:E0M1X1
80:8A78:E0M1X1,80:8A79:E0M1X1
80:8A79:E0M1X1,80:8A7C:E0M1X1
80:8A7C:E0M1X1,80:8A7D:E0M1X1
80:8A7D:E0M1X1,80:8A7E:E0M1X1
80:8A7E:E0M1X1,80:8A81:E0M1X1
80:8A81:E0M1X1,80:8A82:E0M1X1
80:8A82:E0M1X1,80:8A85:E0M1X1
80:8A85:E0M1X1,80:8A88:E0M1X1
80:8A88:E0M1X1,80:8A89:E0M1X1
80:8A89:E0M1X1,80:8A8C:E0M1X1
80:8A8C:E0M1X1,80:8A8F:E0M1X1
80:8A8F:E0M1X1,80:8A92:E0M1X1
80:8A92:E0M1X1,80:8A95:E0M1X1
80:8A95:E0M1X1,80:8A98:E0M1X1
80:8A98:E0M1X1,80:8A9B:E0M1X1
80:8A9B:E0M1X1,80:8A9E:E0M1X1
80:8A9E:E0M1X1,80:8AA1:E0M1X1
80:8AA1:E0M1X1,80:8AA3:E0M1X1
80:8AA1:E0M1X1,80:8AC3:E0M1X1
80:8AA3:E0M1X1,80:8AA5:E0M1X1
80:8AA5:E0M1X1,80:8AA8:E0M1X1
80:8AA8:E0M1X1,80:8AAA:E0M1X1
80:8AAA:E0M1X1,80:8AAD:E0M1X1
80:8AAD:E0M1X1,80:8AAF:E0M1X1
80:8AAF:E0M1X1,80:8AB2:E0M1X1
80:8AB2:E0M1X1,80:8AB4:E0M1X1
80:8AB4:E0M1X1,80:8AB7:E0M1X1
80:8AB7:E0M1X1,80:8AB9:E0M1X1
80:8AB9:E0M1X1,80:8ABC:E0M1X1
80:8ABC:E0M1X1,80:8ABE:E0M1X1
80:8ABE:E0M1X1,80:8AC1:E0M1X1
80:8AC1:E0M1X1,80:8AC7:E0M1X1
80:8AC3:E0M1X1,92:E60B:E0M1X1
80:8AC7:E0M1X1,80:8ACE:E0M1X1
80:8ACA:E0M1X1,80:8ACD:E0M1X1
80:8ACD:E0M1X1,80:8895:E0M1X1
80:8ACD:E0M1X1,80:8899:E0M1X1
80:8ACD:E0M1X1,80:889D:E0M1X1
80:8ACD:E0M1X1,80:88A1:E0M1X1
80:8ACE:E0M1X1,80:8AD1:E0M1X1
80:8AD1:E0M1X1,80:8AD4:E0M1X1
80:8AD4:E0M1X1,80:8A5C:E0M1X1
80:8AD4:E0M1X1,80:8ACA:E0M1X1
80:8AD4:E0M1X1,80:9958:E0M1X1
80:8AD5:E0M1X1,80:8AD8:E0M1X1
80:8AD8:E0M1X1,80:8ADA:E0M1X1
80:8AD8:E0M1X1,80:8AFE:E0M1X1
80:8ADA:E0M1X1,80:8ADD:E0M1X1
80:8ADD:E0M1X1,80:8ADF:E0M1X1
80:8ADD:E0M1X1,80:8AF3:E0M1X1
80:8ADF:E0M1X1,80:8AE1:E0M1X1
80:8AE1:E0M1X1,80:8AE3:E0M1X1
80:8AE1:E0M1X1,80:8AFE:E0M1X1
80:8AE3:E0M1X1,80:8AE6:E0M1X1
80:8AE6:E0M1X1,80:8AE8:E0M1X1
80:8AE8:E0M1X1,80:8AEB:E0M1X1
80:8AEB:E0M1X1,80:8AEC:E0M1X1
80:8AEC:E0M1X1,80:8AEE:E0M1X1
80:8AEE:E0M1X1,80:F998:E0M1X1
80:8AF1:E0M1X1,80:8AFE:E0M1X1
80:8AF3:E0M1X1,80:8AF6:E0M1X1
80:8AF6:E0M1X1,80:8AF8:E0M1X1
80:8AF8:E0M1X1,80:8AFB:E0M1X1
80:8AFB:E0M1X1,80:8AFC:E0M1X1
80:8AFC:E0M1X1,80:8AF8:E0M1X1
80:8AFC:E0M1X1,80:8AFE:E0M1X1
80:8AFE:E0M1X1,80:8B00:E0M1X1
80:8B00:E0M1X1,80:8B0F:E0M1X1
80:8B03:E0M1X1,80:8B05:E0M1X1
80:8B05:E0M1X1,80:8B0F:E0M1X1
80:8B08:E0M1X1,80:8B0A:E0M1X1
80:8B0A:E0M1X1,80:8B0F:E0M1X1
80:8B0D:E0M1X1,80:8B0F:E0M1X1
80:8B0F:E0M1X1,80:8B12:E0M1X1
80:8B12:E0M1X1,80:8B15:E0M1X1
80:8B15:E0M1X1,80:8B17:E0M1X1
80:8B15:E0M1X1,80:8B41:E0M1X1
80:8B17:E0M1X1,80:8B1A:E0M1X1
80:8B1A:E0M1X1,80:8B1D:E0M1X1
80:8B1D:E0M1X1,80:8B20:E0M1X1
80:8B20:E0M1X1,80:8B23:E0M1X1
80:8B23:E0M1X1,80:8B26:E0M1X1
80:8B26:E0M1X1,80:8B28:E0M1X1
80:8B26:E0M1X1,80:8B41:E0M1X1
80:8B28:E0M1X1,80:8B2B:E0M1X1
80:8B2B:E0M1X1,80:8B2D:E0M1X1
80:8B2D:E0M1X1,80:8B2F:E0M1X1
80:8B2D:E0M1X1,80:8B3E:E0M1X1
80:8B2F:E0M1X1,80:8B32:E0M1X1
80:8B32:E0M1X1,80:8B34:E0M1X1
80:8B34:E0M1X1,80:8B36:E0M1X1
80:8B34:E0M1X1,80:8B41:E0M1X1
80:8B36:E0M1X1,80:8B39:E0M1X1
80:8B39:E0M1X1,80:8B3B:E0M1X1
80:8B3B:E0M1X1,80:CD91:E0M1X1
80:8B3E:E0M1X1,80:8B41:E0M1X1
80:8B41:E0M1X1,80:8B44:E0M1X1
80:8B44:E0M1X1,80:8B47:E0M1X1
80:8B47:E0M1X1,80:8B49:E0M1X1
80:8B49:E0M1X1,80:8B4C:E0M1X1
80:8B4C:E0M1X1,80:8B4F:E0M1X1
80:8B4F:E0M1X1,80:8B52:E0M1X1
80:8B52:E0M1X1,80:8B55:E0M1X1
80:8B55:E0M1X1,80:8B58:E0M1X1
80:8B58:E0M1X1,80:9073:E0M1X1
80:8B5B:E0M1X1,80:8B5E:E0M1X1
80:8B5E:E0M1X1,80:8B61:E0M1X1
80:8B61:E0M1X1,80:8B64:E0M1X1
80:8B64:E0M1X1,80:8B67:E0M1X1
80:8B67:E0M1X1,80:8B69:E0M1X1
80:8B69:E0M1X1,80:8B6C:E0M1X1
80:8B6C:E0M1X1,80:8B6E:E0M1X1
80:8B6E:E0M1X1,80:8B71:E0M1X1
80:8B71:E0M1X1,80:8B74:E0M1X1
80:8B74:E0M1X1,80:8B77:E0M1X1
80:8B77:E0M1X1,80:8B7A:E0M1X1
80:8B7A:E0M1X1,80:8B7D:E0M1X1
80:8B7D:E0M1X1,80:8B80:E0M1X1
80:8B80:E0M1X1,80:8B83:E0M1X1
80:8B83:E0M1X1,80:8B86:E0M1X1
80:8B86:E0M1X1,80:8B89:E0M1X1
80:8B89:E0M1X1,80:8B8C:E0M1X1
80:8B8C:E0M1X1,80:8B8F:E0M1X1
80:8B8F:E0M1X1,80:A009:E0M1X1
80:8B92:E0M1X1,80:8B95:E0M1X1
80:8B95:E0M1X1,80:8B98:E0M1X1
80:8B98:E0M1X1,80:8B9B:E0M1X1
80:8B9B:E0M1X1,80:8B9E:E0M1X1
80:8B9E:E0M1X1,80:8BA1:E0M1X1
80:8BA1:E0M1X1,80:8BA4:E0M1X1
80:8BA4:E0M1X1,80:8C9A:E0M1X1
80:8BA7:E0M1X1,80:8BAA:E0M1X1
80:8BAA:E0M1X1,80:8BAD:E0M1X1
80:8BAD:E0M1X1,80:8BB0:E0M1X1
80:8BB0:E0M1X1,80:8BB3:E0M1X1
80:8BB3:E0M1X1,80:8BB6:E0M1X1
80:8BB6:E0M1X1,80:8BB9:E0M1X1
80:8BB9:E0M1X1,80:8BBC:E0M1X1
80:8BBC:E0M1X1,80:8BBF:E0M1X1
80:8BBF:E0M1X1,80:8BC2:E0M1X1
80:8BC2:E0M1X1,80:8BC4:E0M1X1
80:8BC4:E0M1X1,80:8BC7:E0M1X1
80:8BC7:E0M1X1,80:8BC9:E0M1X1
80:8BC9:E0M1X1,80:8BCC:E0M1X1
80:8BCC:E0M1X1,80:8BCE:E0M1X1
80:8BCE:E0M1X1,80:8B03:E0M1X1
80:8BCE:E0M1X1,80:8B08:E0M1X1
80:8BCE:E0M1X1,80:8B0D:E0M1X1
80:8BCE:E0M1X1,80:B9E1:E0M1X1
80:8BCE:E0M1X1,80:BA56:E0M1X1
80:8BCF:E0M1X1,80:8BD1:E0M1X1
80:8BD1:E0M1X1,80:8BE0:E0M1X1
80:8BD4:E0M1X1,80:8BD6:E0M1X1
80:8BD6:E0M1X1,80:8BE0:E0M1X1
80:8BD9:E0M1X1,80:8BDB:E0M1X1
80:8BDB:E0M1X1,80:8BE0:E0M1X1
80:8BDE:E0M1X1,80:8BE0:E0M1X1
80:8BE0:E0M1X1,80:8BE3:E0M1X1
80:8BE3:E0M1X1,80:8BE5:E0M1X1
80:8BE3:E0M1X1,80:8BF9:E0M1X1
80:8BE5:E0M1X1,80:8BE8:E0M1X1
80:8BE8:E0M1X1,80:8BEB:E0M1X1
80:8BEB:E0M1X1,80:8BEE:E0M1X1
80:8BEE:E0M1X1,80:8BD4:E0M1X1
80:8BEE:E0M1X1,80:8BD9:E0M1X1
80:8BEE:E0M1X1,80:8BDE:E0M1X1
80:8BEE:E0M1X1,80:B9EA:E0M1X1
80:8BEE:E0M1X1,80:BA89:E0M1X1
80:8BF9:E0M1X1,80:8BFC:E0M1X1
80:8BFC:E0M1X1,80:8BFE:E0M1X1
80:8BFC:E0M1X1,80:8C16:E0M1X1
80:8BFE:E0M1X1,80:8C01:E0M1X1
80:8C01:E0M1X1,80:8C03:E0M1X1
80:8C01:E0M1X1,80:8C06:E0M1X1
80:8C03:E0M1X1,80:8C76:E0M1X1
80:8C06:E0M1X1,80:8C09:E0M1X1
80:8C09:E0M1X1,80:8C0C:E0M1X1
80:8C0C:E0M1X1,80:8C0F:E0M1X1
80:8C0F:E0M1X1,80:8C12:E0M1X1
80:8C12:E0M1X1,80:8C15:E0M1X1
80:8C15:E0M1X1,80:8BD4:E0M1X1
80:8C15:E0M1X1,80:8BD9:E0M1X1
80:8C15:E0M1X1,80:8BDE:E0M1X1
80:8C15:E0M1X1,80:B9EA:E0M1X1
80:8C15:E0M1X1,80:BA89:E0M1X1
80:8C16:E0M1X1,80:8C19:E0M1X1
80:8C19:E0M1X1,80:8C1B:E0M1X1
80:8C19:E0M1X1,80:8C1F:E0M1X1
80:8C1B:E0M1X1,80:8C1D:E0M1X1
80:8C1D:E0M1X1,80:8C66:E0M1X1
80:8C1F:E0M1X1,80:8C22:E0M1X1
80:8C22:E0M1X1,80:8C23:E0M1X1
80:8C23:E0M1X1,80:8C25:E0M1X1
80:8C25:E0M1X1,80:8C27:E0M1X1
80:8C27:E0M1X1,80:8C29:E0M1X1
80:8C27:E0M1X1,80:8C2D:E0M1X1
80:8C29:E0M1X1,80:8C2B:E0M1X1
80:8C2B:E0M1X1,80:8C66:E0M1X1
80:8C2D:E0M1X1,80:8C2F:E0M1X1
80:8C2F:E0M1X1,80:8C31:E0M1X1
80:8C2F:E0M1X1,80:8C35:E0M1X1
80:8C31:E0M1X1,80:8C33:E0M1X1
80:8C33:E0M1X1,80:8C66:E0M1X1
80:8C35:E0M1X1,80:8C37:E0M1X1
80:8C37:E0M1X1,80:8C39:E0M1X1
80:8C37:E0M1X1,80:8C3D:E0M1X1
80:8C39:E0M1X1,80:8C3B:E0M1X1
80:8C3B:E0M1X1,80:8C66:E0M1X1
80:8C3D:E0M1X1,80:8C3F:E0M1X1
80:8C3F:E0M1X1,80:8C41:E0M1X1
80:8C3F:E0M1X1,80:8C45:E0M1X1
80:8C41:E0M1X1,80:8C43:E0M1X1
80:8C43:E0M1X1,80:8C66:E0M1X1
80:8C45:E0M1X1,80:8C47:E0M1X1
80:8C47:E0M1X1,80:8C49:E0M1X1
80:8C47:E0M1X1,80:8C4C:E0M1X1
80:8C49:E0M1X1,80:8C06:E0M1X1
80:8C4C:E0M1X1,80:8C4E:E0M1X1
80:8C4E:E0M1X1,80:8C50:E0M1X1
80:8C4E:E0M1X1,80:8C54:E0M1X1
80:8C50:E0M1X1,80:8C52:E0M1X1
80:8C52:E0M1X1,80:8C66:E0M1X1
80:8C54:E0M1X1,80:8C56:E0M1X1
80:8C56:E0M1X1,80:8C58:E0M1X1
80:8C56:E0M1X1,80:8C5C:E0M1X1
80:8C58:E0M1X1,80:8C5A:E0M1X1
80:8C5A:E0M1X1,80:8C66:E0M1X1
80:8C5C:E0M1X1,80:8C5E:E0M1X1
80:8C5E:E0M1X1,80:8C60:E0M1X1
80:8C5E:E0M1X1,80:8C64:E0M1X1
80:8C60:E0M1X1,80:8C62:E0M1X1
80:8C62:E0M1X1,80:8C66:E0M1X1
80:8C64:E0M1X1,80:8C66:E0M1X1
80:8C66:E0M1X1,80:8C69:E0M1X1
80:8C69:E0M1X1,80:8C6B:E0M1X1
80:8C6B:E0M1X1,80:8C6D:E0M1X1
80:8C6B:E0M1X1,80:8C77:E0M1X1
80:8C6D:E0M1X1,80:8C6F:E0M1X1
80:8C6F:E0M1X1,80:8C71:E0M1X1
80:8C6F:E0M1X1,80:8C77:E0M1X1
80:8C71:E0M1X1,80:8C73:E0M1X1
80:8C73:E0M1X1,80:8C74:E0M1X1
80:8C74:E0M1X1,80:8C77:E0M1X1
80:8C76:E0M1X1,80:8C77:E0M1X1
80:8C77:E0M1X1,80:8C78:E0M1X1
80:8C78:E0M1X1,80:8C7A:E0M1X1
80:8C7A:E0M1X1,80:8C7C:E0M1X1
80:8C7C:E0M1X1,80:8C7E:E0M1X1
80:8C7C:E0M1X1,80:8C7F:E0M1X1
80:8C7E:E0M1X1,80:8C7F:E0M1X1
80:8C7F:E0M1X1,80:8C80:E0M1X1
80:8C80:E0M1X1,80:8C81:E0M1X1
80:8C81:E0M1X1,80:8C82:E0M1X1
80:8C82:E0M1X1,80:8C83:E0M1X1
80:8C83:E0M1X1,80:8C84:E0M1X1
80:8C84:E0M1X1,80:8C87:E0M1X1
80:8C87:E0M1X1,80:8C88:E0M1X1
80:8C88:E0M1X1,80:8C8B:E0M1X1
80:8C8B:E0M1X1,80:8C8D:E0M1X1
80:8C8D:E0M1X1,80:8C90:E0M1X1
80:8C90:E0M1X1,80:8C93:E0M1X1
80:8C93:E0M1X1,80:8C96:E0M1X1
80:8C96:E0M1X1,80:8C99:E0M1X1
80:8C99:E0M1X1,80:8BD4:E0M1X1
80:8C99:E0M1X1,80:8BD9:E0M1X1
80:8C99:E0M1X1,80:8BDE:E0M1X1
80:8C99:E0M1X1,80:B9EA:E0M1X1
80:8C99:E0M1X1,80:BA89:E0M1X1
80:8C9A:E0M1X1,80:8C9D:E0M1X1
80:8C9D:E0M1X1,80:8C9F:E0M1X1
80:8C9D:E0M1X1,80:8CA0:E0M1X1
80:8C9F:E0M1X1,80:8BA7:E0M1X1
80:8CA0:E0M1X1,80:8CA3:E0M1X1
80:8CA3:E0M1X1,80:8CA5:E0M1X1
80:8CA3:E0M1X1,80:8CA6:E0M1X1
80:8CA5:E0M1X1,80:8BA7:E0M1X1
80:8CA6:E0M1X1,80:8CA9:E0M1X1
80:8CA9:E0M1X1,80:8CAA:E0M1X1
80:8CAA:E0M1X1,80:8CAD:E0M1X1
80:8CAD:E0M1X1,80:8CB0:E0M1X1
80:8CB0:E0M1X1,80:8CB2:E0M1X1
80:8CB2:E0M1X1,80:8CB3:E0M1X1
80:8CB3:E0M1X1,80:8CB6:E0M1X1
80:8CB6:E0M1X1,80:8CB9:E0M1X1
80:8CB9:E0M1X1,80:8CBC:E0M1X1
80:8CBC:E0M1X1,80:8CBF:E0M1X1
80:8CBF:E0M1X1,80:8CC2:E0M1X1
80:8CC2:E0M1X1,80:8CC5:E0M1X1
80:8CC5:E0M1X1,80:8CC8:E0M1X1
80:8CC8:E0M1X1,80:8CCB:E0M1X1
80:8CCB:E0M1X1,80:8CCE:E0M1X1
80:8CCE:E0M1X1,80:8CD0:E0M1X1
80:8CCE:E0M1X1,80:8CDD:E0M1X1
80:8CD0:E0M1X1,80:8CD2:E0M1X1
80:8CD2:E0M1X1,80:8CD5:E0M1X1
80:8CD5:E0M1X1,80:8CD8:E0M1X1
80:8CD8:E0M1X1,80:8CDA:E0M1X1
80:8CDA:E0M1X1,80:8CDD:E0M1X1
80:8CDD:E0M1X1,80:8CE0:E0M1X1
80:8CE0:E0M1X1,80:8CE2:E0M1X1
80:8CE0:E0M1X1,80:8D51:E0M1X1
80:8CE2:E0M1X1,80:8CE5:E0M1X1
80:8CE5:E0M1X1,80:8CE7:E0M1X1
80:8CE7:E0M1X1,80:8CE9:E0M1X1
80:8CE7:E0M1X1,80:8D00:E0M1X1
80:8CE9:E0M1X1,80:8CEC:E0M1X1
80:8CEC:E0M1X1,80:8CEF:E0M1X1
80:8CEF:E0M1X1,80:8CF1:E0M1X1
80:8CF1:E0M1X1,80:8CF3:E0M1X1
80:8CF1:E0M1X1,80:8CF8:E0M1X1
80:8CF3:E0M1X1,80:8CF4:E0M1X1
80:8CF4:E0M1X1,80:8CF6:E0M1X1
80:8CF6:E0M1X1,80:8CFB:E0M1X1
80:8CF8:E0M1X1,80:8CF9:E0M1X1
80:8CF9:E0M1X1,80:8CFB:E0M1X1
80:8CFB:E0M1X1,80:8CFE:E0M1X1
80:8CFE:E0M1X1,80:8D00:E0M1X1
80:8CFE:E0M1X1,80:8D51:E0M1X1
80:8D00:E0M1X1,80:8D03:E0M1X1
80:8D03:E0M1X1,80:8D05:E0M1X1
80:8D05:E0M1X1,80:8D07:E0M1X1
80:8D05:E0M1X1,80:8D0B:E0M1X1
80:8D07:E0M1X1,80:8D09:E0M1X1
80:8D09:E0M1X1,80:8D0B:E0M1X1
80:8D09:E0M1X1,80:8D51:E0M1X1
80:8D0B:E0M1X1,80:8D0C:E0M1X1
80:8D0C:E0M1X1,80:8D0E:E0M1X1
80:8D0E:E0M1X1,80:8D0F:E0M1X1
80:8D0F:E0M1X1,80:8D10:E0M1X1
80:8D10:E0M1X1,80:8D11:E0M1X1
80:8D11:E0M1X1,80:8D12:E0M1X1
80:8D12:E0M1X1,80:8D13:E0M1X1
80:8D13:E0M1X1,80:8D16:E0M1X1
80:8D16:E0M1X1,80:8D17:E0M1X1
80:8D17:E0M1X1,80:8D18:E0M1X1
80:8D18:E0M1X1,80:8D1B:E0M1X1
80:8D1B:E0M1X1,80:8D1C:E0M1X1
80:8D1C:E0M1X1,80:8D1F:E0M1X1
80:8D1F:E0M1X1,80:8D21:E0M1X1
80:8D21:E0M1X1,80:8D22:E0M1X1
80:8D22:E0M1X1,80:9DE9:E0M1X1
80:8D25:E0M1X1,80:8D28:E0M1X1
80:8D28:E0M1X1,80:8D2A:E0M1X1
80:8D2A:E0M1X1,80:8D2C:E0M1X1
80:8D2A:E0M1X1,80:8D2D:E0M1X1
80:8D2C:E0M1X1,80:8D2D:E0M1X1
80:8D2D:E0M1X1,80:8D2E:E0M1X1
80:8D2E:E0M1X1,80:8D31:E0M1X1
80:8D31:E0M1X1,80:8D34:E0M1X1
80:8D34:E0M1X1,80:8D35:E0M1X1
80:8D35:E0M1X1,80:8D38:E0M1X1
80:8D38:E0M1X1,80:8D39:E0M1X1
80:8D39:E0M1X1,80:8D3C:E0M1X1
80:8D3C:E0M1X1,80:8D3E:E0M1X1
80:8D3E:E0M1X1,80:8D3F:E0M1X1
80:8D3F:E0M1X1,80:9DE9:E0M1X1
80:8D42:E0M1X1,80:8D45:E0M1X1
80:8D45:E0M1X1,80:8D47:E0M1X1
80:8D47:E0M1X1,80:8D49:E0M1X1
80:8D47:E0M1X1,80:8D4A:E0M1X1
80:8D49:E0M1X1,80:8D4A:E0M1X1
80:8D4A:E0M1X1,80:8D4B:E0M1X1
80:8D4B:E0M1X1,80:8D4E:E0M1X1
80:8D4E:E0M1X1,80:8D51:E0M1X1
80:8D51:E0M1X1,80:8D54:E0M1X1
80:8D54:E0M1X1,80:8D55:E0M1X1
80:8D55:E0M1X1,80:8D56:E0M1X1
80:8D56:E0M1X1,80:8D58:E0M1X1
80:8D58:E0M1X1,80:8D59:E0M1X1
80:8D59:E0M1X1,80:8D5A:E0M1X1
80:8D5A:E0M1X1,80:8D5C:E0M0X0
80:8D5C:E0M0X0,80:8D5F:E0M0X0
80:8D5F:E0M0X0,80:8D62:E0M0X0
80:8D62:E0M0X0,80:8D64:E0M1X1
80:8D64:E0M1X1,80:8D67:E0M1X1
80:8D67:E0M1X1,80:8D6A:E0M1X1
80:8D6A:E0M1X1,80:9D9C:E0M1X1
80:8D6D:E0M1X1,80:8D6F:E0M0X0
80:8D6F:E0M0X0,80:8D72:E0M0X0
80:8D72:E0M0X0,80:8D75:E0M0X0
80:8D75:E0M0X0,80:8D77:E0M1X1
80:8D77:E0M1X1,80:8D7A:E0M1X1
80:8D7A:E0M1X1,80:8D7B:E0M1X1
80:8D7B:E0M1X1,80:8D7C:E0M1X1
80:8D7C:E0M1X1,80:8D7E:E0M1X1
80:8D7E:E0M1X1,80:8D7F:E0M1X1
80:8D7F:E0M1X1,80:8D80:E0M1X1
80:8D80:E0M1X1,80:8D82:E0M0X0
80:8D82:E0M0X0,80:8D85:E0M0X0
80:8D85:E0M0X0,80:8D88:E0M0X0
80:8D88:E0M0X0,80:8D8A:E0M1X1
80:8D8A:E0M1X1,80:8D8D:E0M1X1
80:8D8D:E0M1X1,80:8D90:E0M1X1
80:8D90:E0M1X1,80:9D9C:E0M1X1
80:8D93:E0M1X1,80:8D95:E0M0X0
80:8D95:E0M0X0,80:8D98:E0M0X0
80:8D98:E0M0X0,80:8D99:E0M0X0
80:8D99:E0M0X0,80:8D9C:E0M0X0
80:8D9C:E0M0X0,80:8D9F:E0M0X0
80:8D9F:E0M0X0,80:8DA2:E0M0X0
80:8DA2:E0M0X0,80:8DA4:E0M1X1
80:8DA4:E0M1X1,80:8DA7:E0M1X1
80:8DA7:E0M1X1,80:8DAA:E0M1X1
80:8DAA:E0M1X1,80:8DAD:E0M1X1
80:8DAD:E0M1X1,80:8DAF:E0M1X1
80:8DAD:E0M1X1,80:8DC1:E0M1X1
80:8DAF:E0M1X1,80:8DB2:E0M1X1
80:8DB2:E0M1X1,80:8DB4:E0M1X1
80:8DB2:E0M1X1,80:8DC0:E0M1X1
80:8DB4:E0M1X1,80:8DB7:E0M1X1
80:8DB7:E0M1X1,80:8DB8:E0M1X1
80:8DB8:E0M1X1,80:8DBB:E0M1X1
80:8DBB:E0M1X1,80:8DBE:E0M1X1
80:8DBE:E0M1X1,80:8DC0:E0M1X1
80:8DBE:E0M1X1,80:8DC1:E0M1X1
80:8DC0:E0M1X1,80:8BA7:E0M1X1
80:8DC1:E0M1X1,80:8DC4:E0M1X1
80:8DC4:E0M1X1,80:8DC6:E0M1X1
80:8DC6:E0M1X1,80:8DC7:E0M1X1
80:8DC7:E0M1X1,80:8DC9:E0M0X0
80:8DC9:E0M0X0,80:8DCC:E0M0X0
80:8DCC:E0M0X0,80:8DCF:E0M0X0
80:8DCF:E0M0X0,80:8DD1:E0M1X1
80:8DD1:E0M1X1,80:8DD4:E0M1X1
80:8DD4:E0M1X1,80:8DD7:E0M1X1
80:8DD7:E0M1X1,80:9D9C:E0M1X1
80:8DDA:E0M1X1,80:8DDC:E0M0X0
80:8DDC:E0M0X0,80:8DDF:E0M0X0
80:8DDF:E0M0X0,80:8DE2:E0M0X0
80:8DE2:E0M0X0,80:8DE4:E0M1X1
80:8DE4:E0M1X1,80:8DE7:E0M1X1
80:8DE7:E0M1X1,80:8DE8:E0M1X1
80:8DE8:E0M1X1,80:8DE9:E0M1X1
80:8DE9:E0M1X1,80:8DEB:E0M1X1
80:8DEB:E0M1X1,80:8DEC:E0M1X1
80:8DEC:E0M1X1,80:8DED:E0M1X1
80:8DED:E0M1X1,80:8DEF:E0M0X0
80:8DEF:E0M0X0,80:8DF2:E0M0X0
80:8DF2:E0M0X0,80:8DF5:E0M0X0
80:8DF5:E0M0X0,80:8DF7:E0M1X1
80:8DF7:E0M1X1,80:8DFA:E0M1X1
80:8DFA:E0M1X1,80:8DFD:E0M1X1
80:8DFD:E0M1X1,80:9D9C:E0M1X1
80:8E00:E0M1X1,80:8E02:E0M0X0
80:8E02:E0M0X0,80:8E05:E0M0X0
80:8E05:E0M0X0,80:8E06:E0M0X0
80:8E06:E0M0X0,80:8E09:E0M0X0
80:8E09:E0M0X0,80:8E0C:E0M0X0
80:8E0C:E0M0X0,80:8E0F:E0M0X0
80:8E0F:E0M0X0,80:8E11:E0M1X1
80:8E11:E0M1X1,80:8E14:E0M1X1
80:8E14:E0M1X1,80:8E17:E0M1X1
80:8E17:E0M1X1,80:8E1A:E0M1X1
80:8E1A:E0M1X1,80:8E1C:E0M1X1
80:8E1A:E0M1X1,80:8E1F:E0M1X1
80:8E1C:E0M1X1,80:8EF5:E0M1X1
80:8E1F:E0M1X1,80:8E22:E0M1X1
80:8E22:E0M1X1,80:8E24:E0M1X1
80:8E22:E0M1X1,80:8E27:E0M1X1
80:8E24:E0M1X1,80:8E26:E0M1X1
80:8E26:E0M1X1,80:8E27:E0M1X1
80:8E27:E0M1X1,80:8E29:E0M1X1
80:8E29:E0M1X1,80:8E2B:E0M1X1
80:8E29:E0M1X1,80:8E33:E0M1X1
80:8E2B:E0M1X1,80:8E2E:E0M1X1
80:8E2E:E0M1X1,80:8E31:E0M1X1
80:8E31:E0M1X1,80:8E60:E0M1X1
80:8E33:E0M1X1,80:8E35:E0M1X1
80:8E35:E0M1X1,80:8E37:E0M1X1
80:8E35:E0M1X1,80:8E52:E0M1X1
80:8E37:E0M1X1,80:8E3A:E0M1X1
80:8E3A:E0M1X1,80:8E3D:E0M1X1
80:8E3D:E0M1X1,80:8E3F:E0M1X1
80:8E3F:E0M1X1,80:8E41:E0M1X1
80:8E3F:E0M1X1,80:8E4A:E0M1X1
80:8E41:E0M1X1,80:8E43:E0M1X1
80:8E43:E0M1X1,80:8E45:E0M1X1
80:8E43:E0M1X1,80:8E4A:E0M1X1
80:8E45:E0M1X1,80:8E47:E0M1X1
80:8E47:E0M1X1,80:F966:E0M1X1
80:8E4A:E0M1X1,80:8E4D:E0M1X1
80:8E4D:E0M1X1,80:8E4F:E0M1X1
80:8E4F:E0M1X1,80:C7B0:E0M1X1
80:8E52:E0M1X1,80:8E55:E0M1X1
80:8E55:E0M1X1,80:8E58:E0M1X1
80:8E58:E0M1X1,80:8E5A:E0M1X1
80:8E58:E0M1X1,80:8E5D:E0M1X1
80:8E5A:E0M1X1,80:8E5C:E0M1X1
80:8E5C:E0M1X1,80:8E5D:E0M1X1
80:8E5D:E0M1X1,80:8E60:E0M1X1
80:8E60:E0M1X1,80:8E63:E0M1X1
80:8E63:E0M1X1,80:8E65:E0M1X1
80:8E63:E0M1X1,80:8E86:E0M1X1
80:8E65:E0M1X1,80:8E67:E0M1X1
80:8E67:E0M1X1,80:8E69:E0M1X1
80:8E67:E0M1X1,80:8E6B:E0M1X1
80:8E69:E0M1X1,80:8E6B:E0M1X1
80:8E6B:E0M1X1,80:8E6C:E0M1X1
80:8E6C:E0M1X1,80:8E6F:E0M1X1
80:8E6F:E0M1X1,80:8E71:E0M1X1
80:8E71:E0M1X1,80:8E73:E0M1X1
80:8E71:E0M1X1,80:8E75:E0M1X1
80:8E73:E0M1X1,80:8E75:E0M1X1
80:8E75:E0M1X1,80:8E78:E0M1X1
80:8E78:E0M1X1,80:8E7A:E0M1X1
80:8E7A:E0M1X1,80:8E7B:E0M1X1
80:8E7B:E0M1X1,80:8E7E:E0M1X1
80:8E7E:E0M1X1,80:8E80:E0M1X1
80:8E80:E0M1X1,80:8E83:E0M1X1
80:8E83:E0M1X1,80:8F18:E0M1X1
80:8E86:E0M1X1,80:8E89:E0M1X1
80:8E89:E0M1X1,80:8E8B:E0M1X1
80:8E89:E0M1X1,80:8EC0:E0M1X1
80:8E8B:E0M1X1,80:8E8E:E0M1X1
80:8E8E:E0M1X1,80:8E8F:E0M1X1
80:8E8F:E0M1X1,80:8E92:E0M1X1
80:8E92:E0M1X1,80:8E95:E0M1X1
80:8E95:E0M1X1,80:8E97:E0M1X1
80:8E95:E0M1X1,80:8EA6:E0M1X1
80:8E97:E0M1X1,80:8E9A:E0M1X1
80:8E9A:E0M1X1,80:8E9C:E0M1X1
80:8E9A:E0M1X1,80:8E9F:E0M1X1
80:8E9C:E0M1X1,80:8E9E:E0M1X1
80:8E9E:E0M1X1,80:8E9F:E0M1X1
80:8E9F:E0M1X1,80:8EA1:E0M1X1
80:8EA1:E0M1X1,80:8EA3:E0M1X1
80:8EA1:E0M1X1,80:8EAB:E0M1X1
80:8EA3:E0M1X1,80:8EA6:E0M1X1
80:8EA6:E0M1X1,80:8EA9:E0M1X1
80:8EA9:E0M1X1,80:8F18:E0M1X1
80:8EAB:E0M1X1,80:8EAD:E0M1X1
80:8EAD:E0M1X1,80:8EB0:E0M1X1
80:8EB0:E0M1X1,80:8EB3:E0M1X1
80:8EB3:E0M1X1,80:8EB5:E0M1X1
80:8EB3:E0M1X1,80:8F18:E0M1X1
80:8EB5:E0M1X1,80:8EB8:E0M1X1
80:8EB8:E0M1X1,80:8EBA:E0M1X1
80:8EBA:E0M1X1,80:8EBB:E0M1X1
80:8EBB:E0M1X1,80:8EBE:E0M1X1
80:8EBE:E0M1X1,80:8F18:E0M1X1
80:8EC0:E0M1X1,80:8EC3:E0M1X1
80:8EC3:E0M1X1,80:8EC5:E0M1X1
80:8EC3:E0M1X1,80:8F07:E0M1X1
80:8EC5:E0M1X1,80:8EC8:E0M1X1
80:8EC8:E0M1X1,80:8ECA:E0M1X1
80:8EC8:E0M1X1,80:8ECB:E0M1X1
80:8ECA:E0M1X1,80:8BA7:E0M1X1
80:8ECB:E0M1X1,80:8ECE:E0M1X1
80:8ECE:E0M1X1,80:8ED0:E0M1X1
80:8ECE:E0M1X1,80:8ED3:E0M1X1
80:8ED0:E0M1X1,80:8ED2:E0M1X1
80:8ED2:E0M1X1,80:8ED3:E0M1X1
80:8ED3:E0M1X1,80:8ED5:E0M1X1
80:8ED5:E0M1X1,80:8ED7:E0M1X1
80:8ED5:E0M1X1,80:8EDF:E0M1X1
80:8ED7:E0M1X1,80:8EDA:E0M1X1
80:8EDA:E0M1X1,80:8EDD:E0M1X1
80:8EDD:E0M1X1,80:8F18:E0M1X1
80:8EDF:E0M1X1,80:8EE2:E0M1X1
80:8EE2:E0M1X1,80:8EE5:E0M1X1
80:8EE5:E0M1X1,80:8EE8:E0M1X1
80:8EE8:E0M1X1,80:8EEA:E0M1X1
80:8EE8:E0M1X1,80:8F18:E0M1X1
80:8EEA:E0M1X1,80:8EED:E0M1X1
80:8EED:E0M1X1,80:8EEF:E0M1X1
80:8EEF:E0M1X1,80:8EF0:E0M1X1
80:8EF0:E0M1X1,80:8EF3:E0M1X1
80:8EF3:E0M1X1,80:8F18:E0M1X1
80:8EF5:E0M1X1,80:8EF8:E0M1X1
80:8EF8:E0M1X1,80:8EFB:E0M1X1
80:8EFB:E0M1X1,80:8EFD:E0M1X1
80:8EFD:E0M1X1,80:8F00:E0M1X1
80:8F00:E0M1X1,80:8F02:E0M1X1
80:8F02:E0M1X1,80:8F05:E0M1X1
80:8F05:E0M1X1,80:8F18:E0M1X1
80:8F07:E0M1X1,80:8F0A:E0M1X1
80:8F0A:E0M1X1,80:8F0B:E0M1X1
80:8F0B:E0M1X1,80:8F0E:E0M1X1
80:8F0E:E0M1X1,80:8F11:E0M1X1
80:8F11:E0M1X1,80:8EA6:E0M1X1
80:8F11:E0M1X1,80:8F13:E0M1X1
80:8F13:E0M1X1,80:8F15:E0M1X1
80:8F15:E0M1X1,80:8F18:E0M1X1
80:8F18:E0M1X1,80:8F19:E0M1X1
80:8F19:E0M1X1,80:8F1C:E0M1X1
80:8F1C:E0M1X1,80:8F1F:E0M1X1
80:8F1F:E0M1X1,80:8F22:E0M1X1
80:8F22:E0M1X1,80:8F23:E0M1X1
80:8F23:E0M1X1,80:8F26:E0M1X1
80:8F26:E0M1X1,80:8F29:E0M1X1
80:8F29:E0M1X1,80:8F2C:E0M1X1
80:8F2C:E0M1X1,80:8F2F:E0M1X1
80:8F2F:E0M1X1,80:905E:E0M1X1
80:8F32:E0M1X1,80:8F35:E0M1X1
80:8F35:E0M1X1,80:8F38:E0M1X1
80:8F38:E0M1X1,80:905E:E0M1X1
80:8F3B:E0M1X1,80:8F3E:E0M1X1
80:8F3E:E0M1X1,80:8F41:E0M1X1
80:8F41:E0M1X1,80:8F42:E0M1X1
80:8F42:E0M1X1,80:8F43:E0M1X1
80:8F43:E0M1X1,80:8F45:E0M1X1
80:8F45:E0M1X1,80:8F46:E0M1X1
80:8F46:E0M1X1,80:8F47:E0M1X1
80:8F47:E0M1X1,80:8F49:E0M0X0
80:8F49:E0M0X0,80:8F4C:E0M0X0
80:8F4C:E0M0X0,80:8F4F:E0M0X0
80:8F4F:E0M0X0,80:8F51:E0M1X1
80:8F51:E0M1X1,80:8F54:E0M1X1
80:8F54:E0M1X1,80:8F57:E0M1X1
80:8F57:E0M1X1,80:9D9C:E0M1X1
80:8F5A:E0M1X1,80:8F5C:E0M0X0
80:8F5C:E0M0X0,80:8F5F:E0M0X0
80:8F5F:E0M0X0,80:8F62:E0M0X0
80:8F62:E0M0X0,80:8F64:E0M1X1
80:8F64:E0M1X1,80:8F67:E0M1X1
80:8F67:E0M1X1,80:8F69:E0M1X1
80:8F69:E0M1X1,80:8F6A:E0M1X1
80:8F6A:E0M1X1,80:8F6C:E0M0X0
80:8F6C:E0M0X0,80:8F6F:E0M0X0
80:8F6F:E0M0X0,80:8F72:E0M0X0
80:8F72:E0M0X0,80:8F74:E0M1X1
80:8F74:E0M1X1,80:8F77:E0M1X1
80:8F77:E0M1X1,80:8F7A:E0M1X1
80:8F7A:E0M1X1,80:9D9C:E0M1X1
80:8F7D:E0M1X1,80:8F7F:E0M0X0
80:8F7F:E0M0X0,80:8F82:E0M0X0
80:8F82:E0M0X0,80:8F83:E0M0X0
80:8F83:E0M0X0,80:8F86:E0M0X0
80:8F86:E0M0X0,80:8F89:E0M0X0
80:8F89:E0M0X0,80:8F8C:E0M0X0
80:8F8C:E0M0X0,80:8F8E:E0M1X1
80:8F8E:E0M1X1,80:8F91:E0M1X1
80:8F91:E0M1X1,80:8F94:E0M1X1
80:8F94:E0M1X1,80:8F97:E0M1X1
80:8F97:E0M1X1,80:8F98:E0M1X1
80:8F98:E0M1X1,80:8F99:E0M1X1
80:8F99:E0M1X1,80:8F9B:E0M1X1
80:8F9B:E0M1X1,80:8F9C:E0M1X1
80:8F9C:E0M1X1,80:8F9D:E0M1X1
80:8F9D:E0M1X1,80:8F9F:E0M0X0
80:8F9F:E0M0X0,80:8FA2:E0M0X0
80:8FA2:E0M0X0,80:8FA5:E0M0X0
80:8FA5:E0M0X0,80:8FA7:E0M1X1
80:8FA7:E0M1X1,80:8FAA:E0M1X1
80:8FAA:E0M1X1,80:8FAD:E0M1X1
80:8FAD:E0M1X1,80:9D9C:E0M1X1
80:8FB0:E0M1X1,80:8FB2:E0M0X0
80:8FB2:E0M0X0,80:8FB5:E0M0X0
80:8FB5:E0M0X0,80:8FB8:E0M0X0
80:8FB8:E0M0X0,80:8FBA:E0M1X1
80:8FBA:E0M1X1,80:8FBD:E0M1X1
80:8FBD:E0M1X1,80:8FBE:E0M1X1
80:8FBE:E0M1X1,80:8FBF:E0M1X1
80:8FBF:E0M1X1,80:8FC1:E0M1X1
80:8FC1:E0M1X1,80:8FC2:E0M1X1
80:8FC2:E0M1X1,80:8FC3:E0M1X1
80:8FC3:E0M1X1,80:8FC5:E0M0X0
80:8FC5:E0M0X0,80:8FC8:E0M0X0
80:8FC8:E0M0X0,80:8FCB:E0M0X0
80:8FCB:E0M0X0,80:8FCD:E0M1X1
80:8FCD:E0M1X1,80:8FD0:E0M1X1
80:8FD0:E0M1X1,80:8FD3:E0M1X1
80:8FD3:E0M1X1,80:9D9C:E0M1X1
80:8FD6:E0M1X1,80:8FD8:E0M0X0
80:8FD8:E0M0X0,80:8FDB:E0M0X0
80:8FDB:E0M0X0,80:8FDC:E0M0X0
80:8FDC:E0M0X0,80:8FDF:E0M0X0
80:8FDF:E0M0X0,80:8FE2:E0M0X0
80:8FE2:E0M0X0,80:8FE5:E0M0X0
80:8FE5:E0M0X0,80:8FE7:E0M1X1
80:8FE7:E0M1X1,80:8FEA:E0M1X1
80:8FEA:E0M1X1,80:8FED:E0M1X1
80:8FED:E0M1X1,80:8BA7:E0M1X1
80:905E:E0M1X1,80:9061:E0M1X1
80:9061:E0M1X1,80:9063:E0M1X1
80:9061:E0M1X1,80:9072:E0M1X1
80:9063:E0M1X1,80:9066:E0M1X1
80:9066:E0M1X1,80:9068:E0M1X1
80:9066:E0M1X1,80:9072:E0M1X1
80:9068:E0M1X1,80:9069:E0M1X1
80:9069:E0M1X1,80:906B:E0M1X1
80:9069:E0M1X1,80:906F:E0M1X1
80:906B:E0M1X1,80:906E:E0M1X1
80:906E:E0M1X1,80:8F32:E0M1X1
80:906E:E0M1X1,80:8F3B:E0M1X1
80:906F:E0M1X1,80:9072:E0M1X1
80:9072:E0M1X1,80:8F32:E0M1X1
80:9072:E0M1X1,80:8F3B:E0M1X1
80:9073:E0M1X1,80:9076:E0M1X1
80:9076:E0M1X1,80:9079:E0M1X1
80:9079:E0M1X1,80:907B:E0M1X1
80:9079:E0M1X1,80:90A4:E0M1X1
80:907B:E0M1X1,80:907E:E0M1X1
80:907E:E0M1X1,80:9080:E0M1X1
80:907E:E0M1X1,80:90A4:E0M1X1
80:9080:E0M1X1,80:9083:E0M1X1
80:9083:E0M1X1,80:9085:E0M1X1
80:9083:E0M1X1,80:90A5:E0M1X1
80:9085:E0M1X1,80:9088:E0M1X1
80:9088:E0M1X1,80:9089:E0M1X1
80:9089:E0M1X1,80:908C:E0M1X1
80:908C:E0M1X1,80:908E:E0M1X1
80:908E:E0M1X1,80:9090:E0M1X1
80:908E:E0M1X1,80:90A4:E0M1X1
80:9090:E0M1X1,80:9092:E0M1X1
80:9092:E0M1X1,80:9094:E0M1X1
80:9092:E0M1X1,80:9099:E0M1X1
80:9094:E0M1X1,80:9097:E0M1X1
80:9097:E0M1X1,80:909C:E0M1X1
80:9099:E0M1X1,80:909C:E0M1X1
80:909C:E0M1X1,80:909F:E0M1X1
80:909F:E0M1X1,80:90A1:E0M1X1
80:90A1:E0M1X1,80:90A4:E0M1X1
80:90A4:E0M1X1,80:8B5B:E0M1X1
80:90A5:E0M1X1,80:90A8:E0M1X1
80:90A8:E0M1X1,80:90AB:E0M1X1
80:90AB:E0M1X1,80:90AD:E0M1X1
80:90AB:E0M1X1,80:90B3:E0M1X1
80:90AD:E0M1X1,80:90AF:E0M1X1
80:90AF:E0M1X1,80:90B2:E0M1X1
80:90B2:E0M1X1,80:8B5B:E0M1X1
80:90B3:E0M1X1,80:90B5:E0M1X1
80:90B5:E0M1X1,80:90B8:E0M1X1
80:90B8:E0M1X1,80:90BA:E0M1X1
80:90B8:E0M1X1,80:90BC:E0M1X1
80:90BA:E0M1X1,80:90BC:E0M1X1
80:90BC:E0M1X1,80:90BF:E0M1X1
80:90BF:E0M1X1,80:90C2:E0M1X1
80:90C2:E0M1X1,80:90C3:E0M1X1
80:90C3:E0M1X1,80:90C6:E0M1X1
80:90C6:E0M1X1,80:90C9:E0M1X1
80:90C9:E0M1X1,80:90A4:E0M1X1
80:90C9:E0M1X1,80:90CB:E0M1X1
80:90CB:E0M1X1,80:90CE:E0M1X1
80:90CE:E0M1X1,80:90D0:E0M1X1
80:90CE:E0M1X1,80:90FD:E0M1X1
80:90D0:E0M1X1,80:90D3:E0M1X1
80:90D3:E0M1X1,80:90A4:E0M1X1
80:90D3:E0M1X1,80:90D5:E0M1X1
80:90D5:E0M1X1,80:90D8:E0M1X1
80:90D8:E0M1X1,80:90DB:E0M1X1
80:90DB:E0M1X1,80:90DD:E0M1X1
80:90DD:E0M1X1,80:90D5:E0M1X1
80:90DD:E0M1X1,80:90DF:E0M1X1
80:90DF:E0M1X1,80:90E1:E0M1X1
80:90E1:E0M1X1,80:90D5:E0M1X1
80:90E1:E0M1X1,80:90E3:E0M1X1
80:90E3:E0M1X1,80:90E5:E0M1X1
80:90E5:E0M1X1,80:90D5:E0M1X1
80:90E5:E0M1X1,80:90E7:E0M1X1
80:90E7:E0M1X1,80:90E9:E0M1X1
80:90E9:E0M1X1,80:90D5:E0M1X1
80:90E9:E0M1X1,80:90EB:E0M1X1
80:90EB:E0M1X1,80:90ED:E0M1X1
80:90ED:E0M1X1,80:90D5:E0M1X1
80:90ED:E0M1X1,80:90EF:E0M1X1
80:90EF:E0M1X1,80:90F1:E0M1X1
80:90F1:E0M1X1,80:90D5:E0M1X1
80:90F1:E0M1X1,80:90F3:E0M1X1
80:90F3:E0M1X1,80:90F5:E0M1X1
80:90F5:E0M1X1,80:90D5:E0M1X1
80:90F5:E0M1X1,80:90F7:E0M1X1
80:90F7:E0M1X1,80:90F9:E0M1X1
80:90F9:E0M1X1,80:90D5:E0M1X1
80:90F9:E0M1X1,80:90FB:E0M1X1
80:90FB:E0M1X1,80:9123:E0M1X1
80:90FD:E0M1X1,80:9100:E0M1X1
80:9100:E0M1X1,80:9103:E0M1X1
80:9103:E0M1X1,80:9105:E0M1X1
80:9105:E0M1X1,80:90FD:E0M1X1
80:9105:E0M1X1,80:9107:E0M1X1
80:9107:E0M1X1,80:9109:E0M1X1
80:9109:E0M1X1,80:90FD:E0M1X1
80:9109:E0M1X1,80:910B:E0M1X1
80:910B:E0M1X1,80:910D:E0M1X1
80:910D:E0M1X1,80:90FD:E0M1X1
80:910D:E0M1X1,80:910F:E0M1X1
80:910F:E0M1X1,80:9111:E0M1X1
80:9111:E0M1X1,80:90FD:E0M1X1
80:9111:E0M1X1,80:9113:E0M1X1
80:9113:E0M1X1,80:9115:E0M1X1
80:9115:E0M1X1,80:90FD:E0M1X1
80:9115:E0M1X1,80:9117:E0M1X1
80:9117:E0M1X1,80:9119:E0M1X1
80:9119:E0M1X1,80:90FD:E0M1X1
80:9119:E0M1X1,80:911B:E0M1X1
80:911B:E0M1X1,80:911D:E0M1X1
80:911D:E0M1X1,80:90FD:E0M1X1
80:911D:E0M1X1,80:911F:E0M1X1
80:911F:E0M1X1,80:9121:E0M1X1
80:9121:E0M1X1,80:90FD:E0M1X1
80:9121:E0M1X1,80:9123:E0M1X1
80:9123:E0M1X1,80:9126:E0M1X1
80:9126:E0M1X1,80:9128:E0M1X1
80:9128:E0M1X1,80:912B:E0M1X1
80:912B:E0M1X1,80:8B5B:E0M1X1
80:912C:E0M1X1,80:912E:E0M1X1
80:912E:E0M1X1,80:9144:E0M1X1
80:9131:E0M1X1,80:9133:E0M1X1
80:9133:E0M1X1,80:9144:E0M1X1
80:9136:E0M1X1,80:9138:E0M1X1
80:9138:E0M1X1,80:9144:E0M1X1
80:913B:E0M1X1,80:913D:E0M1X1
80:913D:E0M1X1,80:9144:E0M1X1
80:9140:E0M1X1,80:DD5F:E0M1X1
80:9143:E0M1X1,80:B9E4:E0M1X1
80:9143:E0M1X1,80:BA59:E0M1X1
80:9144:E0M1X1,80:9147:E0M1X1
80:9147:E0M1X1,80:914A:E0M1X1
80:914A:E0M1X1,80:914D:E0M1X1
80:914D:E0M1X1,80:9150:E0M1X1
80:9150:E0M1X1,80:9153:E0M1X1
80:9153:E0M1X1,80:9156:E0M1X1
80:9156:E0M1X1,80:9159:E0M1X1
80:9159:E0M1X1,80:915C:E0M1X1
80:915C:E0M1X1,80:915F:E0M1X1
80:915F:E0M1X1,80:9162:E0M1X1
80:9162:E0M1X1,80:9165:E0M1X1
80:9165:E0M1X1,80:9168:E0M1X1
80:9168:E0M1X1,80:916B:E0M1X1
80:916B:E0M1X1,80:9365:E0M1X1
80:916E:E0M1X1,80:9171:E0M1X1
80:9171:E0M1X1,80:9174:E0M1X1
80:9174:E0M1X1,80:9177:E0M1X1
80:9177:E0M1X1,80:917A:E0M1X1
80:917A:E0M1X1,80:917D:E0M1X1
80:917D:E0M1X1,80:9180:E0M1X1
80:9180:E0M1X1,80:9183:E0M1X1
80:9183:E0M1X1,80:9186:E0M1X1
80:9186:E0M1X1,80:9189:E0M1X1
80:9189:E0M1X1,80:918C:E0M1X1
80:918C:E0M1X1,80:918E:E0M0X0
80:918E:E0M0X0,80:9191:E0M0X0
80:9191:E0M0X0,80:9194:E0M0X0
80:9194:E0M0X0,80:9197:E0M0X0
80:9197:E0M0X0,80:919A:E0M0X0
80:919A:E0M0X0,80:919C:E0M1X1
80:919C:E0M1X1,80:919E:E0M1X1
80:919E:E0M1X1,80:91A1:E0M1X1
80:91A1:E0M1X1,80:91A3:E0M1X1
80:91A3:E0M1X1,80:91A6:E0M1X1
80:91A6:E0M1X1,80:91A9:E0M1X1
80:91A9:E0M1X1,80:91AC:E0M1X1
80:91AC:E0M1X1,80:91AF:E0M1X1
80:91AF:E0M1X1,80:91B2:E0M1X1
80:91B2:E0M1X1,80:91B5:E0M1X1
80:91B5:E0M1X1,80:91B8:E0M1X1
80:91B8:E0M1X1,80:91BB:E0M1X1
80:91BB:E0M1X1,80:91BE:E0M1X1
80:91BE:E0M1X1,80:91C1:E0M1X1
80:91C1:E0M1X1,80:91C4:E0M1X1
80:91C4:E0M1X1,80:9ADD:E0M1X1
80:91C7:E0M1X1,80:91CA:E0M1X1
80:91CA:E0M1X1,80:91CD:E0M1X1
80:91CD:E0M1X1,80:91D0:E0M1X1
80:91D0:E0M1X1,80:91D2:E0M1X1
80:91D2:E0M1X1,80:91D5:E0M1X1
80:91D5:E0M1X1,80:91D7:E0M1X1
80:91D7:E0M1X1,80:91DA:E0M1X1
80:91DA:E0M1X1,80:91DD:E0M1X1
80:91DD:E0M1X1,80:91E0:E0M1X1
80:91E0:E0M1X1,80:91E3:E0M1X1
80:91E3:E0M1X1,80:91E6:E0M1X1
80:91E6:E0M1X1,80:91E9:E0M1X1
80:91E9:E0M1X1,80:91EC:E0M1X1
80:91EC:E0M1X1,80:91EF:E0M1X1
80:91EF:E0M1X1,80:91F2:E0M1X1
80:91F2:E0M1X1,80:91F5:E0M1X1
80:91F5:E0M1X1,80:91F8:E0M1X1
80:91F8:E0M1X1,80:91FA:E0M0X0
80:91FA:E0M0X0,80:91FD:E0M0X0
80:91FD:E0M0X0,80:9200:E0M0X0
80:9200:E0M0X0,80:9202:E0M1X1
80:9202:E0M1X1,80:9205:E0M1X1
80:9205:E0M1X1,80:9208:E0M1X1
80:9208:E0M1X1,80:920A:E0M1X1
80:920A:E0M1X1,80:920D:E0M1X1
80:920D:E0M1X1,80:9210:E0M1X1
80:9210:E0M1X1,80:9213:E0M1X1
80:9213:E0M1X1,80:9216:E0M1X1
80:9216:E0M1X1,80:9219:E0M1X1
80:9219:E0M1X1,80:921C:E0M1X1
80:921C:E0M1X1,80:921F:E0M1X1
80:921F:E0M1X1,80:F8AD:E0M1X1
80:9222:E0M1X1,80:9225:E0M1X1
80:9225:E0M1X1,80:9228:E0M1X1
80:9228:E0M1X1,80:922B:E0M1X1
80:922B:E0M1X1,80:922E:E0M1X1
80:922E:E0M1X1,80:922F:E0M1X1
80:922F:E0M1X1,80:A454:E0M1X1
80:9232:E0M1X1,80:9233:E0M1X1
80:9233:E0M1X1,80:9236:E0M1X1
80:9236:E0M1X1,80:9239:E0M1X1
80:9239:E0M1X1,80:923C:E0M1X1
80:923C:E0M1X1,80:923F:E0M1X1
80:923F:E0M1X1,80:9242:E0M1X1
80:9242:E0M1X1,80:9245:E0M1X1
80:9245:E0M1X1,80:9248:E0M1X1
80:9248:E0M1X1,80:924B:E0M1X1
80:924B:E0M1X1,80:924E:E0M1X1
80:924E:E0M1X1,80:9251:E0M1X1
80:9251:E0M1X1,80:9254:E0M1X1
80:9254:E0M1X1,80:9257:E0M1X1
80:9257:E0M1X1,80:9259:E0M0X0
80:9259:E0M0X0,80:925C:E0M0X0
80:925C:E0M0X0,80:925F:E0M0X0
80:925F:E0M0X0,80:9261:E0M1X1
80:9261:E0M1X1,80:9264:E0M1X1
80:9264:E0M1X1,80:9266:E0M1X1
80:9264:E0M1X1,80:926B:E0M1X1
80:9266:E0M1X1,80:9269:E0M1X1
80:9269:E0M1X1,80:926B:E0M1X1
80:9269:E0M1X1,80:9272:E0M1X1
80:926B:E0M1X1,80:926E:E0M1X1
80:926E:E0M1X1,80:926F:E0M1X1
80:926F:E0M1X1,80:FF17:E0M1X1
80:9272:E0M1X1,80:9275:E0M1X1
80:9275:E0M1X1,80:9278:E0M1X1
80:9278:E0M1X1,80:927B:E0M1X1
80:927B:E0M1X1,80:927E:E0M1X1
80:927E:E0M1X1,80:9281:E0M1X1
80:9281:E0M1X1,80:9284:E0M1X1
80:9284:E0M1X1,80:9287:E0M1X1
80:9287:E0M1X1,80:928A:E0M1X1
80:928A:E0M1X1,80:928D:E0M1X1
80:928D:E0M1X1,80:9290:E0M1X1
80:9290:E0M1X1,80:9293:E0M1X1
80:9293:E0M1X1,80:9296:E0M1X1
80:9296:E0M1X1,80:9299:E0M1X1
80:9299:E0M1X1,80:929C:E0M1X1
80:929C:E0M1X1,80:929F:E0M1X1
80:929F:E0M1X1,80:92A2:E0M1X1
80:92A2:E0M1X1,80:92A5:E0M1X1
80:92A5:E0M1X1,80:92A8:E0M1X1
80:92A8:E0M1X1,80:92AB:E0M1X1
80:92AB:E0M1X1,80:92AE:E0M1X1
80:92AE:E0M1X1,80:92B1:E0M1X1
80:92B1:E0M1X1,80:92B4:E0M1X1
80:92B4:E0M1X1,80:92B7:E0M1X1
80:92B7:E0M1X1,80:92BA:E0M1X1
80:92BA:E0M1X1,80:B5E0:E0M1X1
80:92BD:E0M1X1,80:92C0:E0M1X1
80:92C0:E0M1X1,80:92C3:E0M1X1
80:92C3:E0M1X1,80:92C6:E0M1X1
80:92C6:E0M1X1,80:92C9:E0M1X1
80:92C9:E0M1X1,80:92CC:E0M1X1
80:92CC:E0M1X1,80:92CF:E0M1X1
80:92CF:E0M1X1,80:92D2:E0M1X1
80:92D2:E0M1X1,80:92D5:E0M1X1
80:92D5:E0M1X1,80:92D8:E0M1X1
80:92D8:E0M1X1,80:92DB:E0M1X1
80:92DB:E0M1X1,80:92DE:E0M1X1
80:92DE:E0M1X1,80:92E1:E0M1X1
80:92E1:E0M1X1,80:92E4:E0M1X1
80:92E4:E0M1X1,80:92E7:E0M1X1
80:92E7:E0M1X1,80:92EA:E0M1X1
80:92EA:E0M1X1,80:92ED:E0M1X1
80:92ED:E0M1X1,80:92F0:E0M1X1
80:92F0:E0M1X1,80:92F3:E0M1X1
80:92F3:E0M1X1,80:92F6:E0M1X1
80:92F6:E0M1X1,80:92F9:E0M1X1
80:92F9:E0M1X1,80:92FC:E0M1X1
80:92FC:E0M1X1,80:92FF:E0M1X1
80:92FF:E0M1X1,80:9301:E0M1X1
80:9301:E0M1X1,80:9304:E0M1X1
80:9304:E0M1X1,80:9306:E0M1X1
80:9306:E0M1X1,80:9309:E0M1X1
80:9309:E0M1X1,80:930C:E0M1X1
80:930C:E0M1X1,80:930F:E0M1X1
80:930F:E0M1X1,80:9312:E0M1X1
80:9312:E0M1X1,80:9315:E0M1X1
80:9315:E0M1X1,80:9318:E0M1X1
80:9318:E0M1X1,80:931B:E0M1X1
80:931B:E0M1X1,80:931E:E0M1X1
80:931E:E0M1X1,80:9321:E0M1X1
80:9321:E0M1X1,80:9324:E0M1X1
80:9324:E0M1X1,80:9327:E0M1X1
80:9327:E0M1X1,80:9329:E0M1X1
80:9329:E0M1X1,80:932B:E0M1X1
80:9329:E0M1X1,80:9339:E0M1X1
80:932B:E0M1X1,80:932D:E0M1X1
80:932D:E0M1X1,80:932F:E0M1X1
80:932D:E0M1X1,80:9339:E0M1X1
80:932F:E0M1X1,80:9331:E0M1X1
80:9331:E0M1X1,80:9333:E0M1X1
80:9331:E0M1X1,80:9337:E0M1X1
80:9333:E0M1X1,80:9335:E0M1X1
80:9335:E0M1X1,80:9339:E0M1X1
80:9337:E0M1X1,80:9339:E0M1X1
80:9339:E0M1X1,80:933C:E0M1X1
80:933C:E0M1X1,80:933F:E0M1X1
80:933F:E0M1X1,80:9342:E0M1X1
80:9342:E0M1X1,80:9345:E0M1X1
80:9345:E0M1X1,80:9348:E0M1X1
80:9348:E0M1X1,80:934B:E0M1X1
80:934B:E0M1X1,80:934E:E0M1X1
80:934E:E0M1X1,80:9351:E0M1X1
80:9351:E0M1X1,80:9354:E0M1X1
80:9354:E0M1X1,80:9356:E0M1X1
80:9354:E0M1X1,80:9364:E0M1X1
80:9356:E0M1X1,80:9359:E0M1X1
80:9359:E0M1X1,80:935B:E0M1X1
80:9359:E0M1X1,80:9364:E0M1X1
80:935B:E0M1X1,80:935E:E0M1X1
80:935E:E0M1X1,80:9361:E0M1X1
80:9361:E0M1X1,80:9364:E0M1X1
80:9364:E0M1X1,80:9131:E0M1X1
80:9364:E0M1X1,80:9136:E0M1X1
80:9364:E0M1X1,80:913B:E0M1X1
80:9364:E0M1X1,80:9140:E0M1X1
80:9365:E0M1X1,80:9368:E0M1X1
80:9368:E0M1X1,80:936A:E0M1X1
80:9368:E0M1X1,80:936F:E0M1X1
80:936A:E0M1X1,80:936D:E0M1X1
80:936D:E0M1X1,80:936F:E0M1X1
80:936D:E0M1X1,80:9370:E0M1X1
80:936F:E0M1X1,80:916E:E0M1X1
80:9370:E0M1X1,80:9373:E0M1X1
80:9373:E0M1X1,80:9375:E0M1X1
80:9373:E0M1X1,80:9378:E0M1X1
80:9375:E0M1X1,80:9378:E0M1X1
80:9378:E0M1X1,80:937B:E0M1X1
80:937B:E0M1X1,80:937D:E0M1X1
80:937B:E0M1X1,80:9380:E0M1X1
80:937D:E0M1X1,80:9380:E0M1X1
80:9380:E0M1X1,80:9383:E0M1X1
80:9383:E0M1X1,80:9385:E0M1X1
80:9383:E0M1X1,80:9388:E0M1X1
80:9385:E0M1X1,80:9388:E0M1X1
80:9388:E0M1X1,80:938B:E0M1X1
80:938B:E0M1X1,80:938D:E0M1X1
80:938B:E0M1X1,80:9390:E0M1X1
80:938D:E0M1X1,80:9390:E0M1X1
80:9390:E0M1X1,80:9393:E0M1X1
80:9393:E0M1X1,80:9395:E0M1X1
80:9393:E0M1X1,80:939B:E0M1X1
80:9395:E0M1X1,80:93C5:E0M1X1
80:9398:E0M1X1,80:939B:E0M1X1
80:939B:E0M1X1,80:939E:E0M1X1
80:939E:E0M1X1,80:93A0:E0M1X1
80:939E:E0M1X1,80:93A6:E0M1X1
80:93A0:E0M1X1,80:94C2:E0M1X1
80:93A3:E0M1X1,80:93A6:E0M1X1
80:93A6:E0M1X1,80:93A9:E0M1X1
80:93A9:E0M1X1,80:93AB:E0M1X1
80:93A9:E0M1X1,80:93B1:E0M1X1
80:93AB:E0M1X1,80:9543:E0M1X1
80:93AE:E0M1X1,80:93B1:E0M1X1
80:93B1:E0M1X1,80:93B4:E0M1X1
80:93B4:E0M1X1,80:93B6:E0M1X1
80:93B4:E0M1X1,80:93BC:E0M1X1
80:93B6:E0M1X1,80:9446:E0M1X1
80:93B9:E0M1X1,80:93BC:E0M1X1
80:93BC:E0M1X1,80:93BF:E0M1X1
80:93BF:E0M1X1,80:93C1:E0M1X1
80:93BF:E0M1X1,80:93C4:E0M1X1
80:93C1:E0M1X1,80:98FB:E0M1X1
80:93C4:E0M1X1,80:916E:E0M1X1
80:93C5:E0M1X1,80:93C8:E0M1X1
80:93C8:E0M1X1,80:93CA:E0M1X1
80:93C8:E0M1X1,80:93D7:E0M1X1
80:93CA:E0M1X1,80:93CC:E0M0X0
80:93CC:E0M0X0,80:93CF:E0M0X0
80:93CF:E0M0X0,81:DE31:E0M0X0
80:93D3:E0M0X0,80:93D5:E0M1X1
80:93D5:E0M1X1,80:9443:E0M1X1
80:93D7:E0M1X1,80:93DA:E0M1X1
80:93DA:E0M1X1,80:93DC:E0M1X1
80:93DA:E0M1X1,80:9443:E0M1X1
80:93DC:E0M1X1,80:93DF:E0M1X1
80:93DF:E0M1X1,80:93E0:E0M1X1
80:93E0:E0M1X1,80:93E2:E0M1X1
80:93E2:E0M1X1,80:93E5:E0M1X1
80:93E5:E0M1X1,80:93E7:E0M0X0
80:93E7:E0M0X0,80:D1C7:E0M0X0
80:93EA:E0M0X0,80:93EC:E0M0X0
80:93EA:E0M0X0,80:9443:E0M0X0
80:93EC:E0M0X0,80:93EF:E0M0X0
80:93EF:E0M0X0,80:93F0:E0M0X0
80:93F0:E0M0X0,80:93F1:E0M0X0
80:93F1:E0M0X0,80:93F4:E0M0X0
80:93F4:E0M0X0,80:93F7:E0M0X0
80:93F7:E0M0X0,80:95CC:E0M0X0
80:93FA:E0M0X0,80:962E:E0M0X0
80:93FD:E0M0X0,80:9400:E0M0X0
80:9400:E0M0X0,80:9403:E0M0X0
80:9403:E0M0X0,80:9406:E0M0X0
80:9406:E0M0X0,80:9409:E0M0X0
80:9409:E0M0X0,80:940C:E0M0X0
80:940C:E0M0X0,80:9655:E0M0X0
80:940F:E0M0X0,80:9411:E0M1X1
80:9411:E0M1X1,80:9413:E0M1X1
80:9413:E0M1X1,80:F92A:E0M1X1
80:9416:E0M1X1,80:9419:E0M1X1
80:9419:E0M1X1,80:941C:E0M1X1
80:941C:E0M1X1,80:941E:E0M1X1
80:941C:E0M1X1,80:9421:E0M1X1
80:941E:E0M1X1,80:9421:E0M1X1
80:9421:E0M1X1,80:9423:E0M1X1
80:9423:E0M1X1,80:9426:E0M1X1
80:9426:E0M1X1,80:9429:E0M1X1
80:9429:E0M1X1,80:95E5:E0M1X1
80:942C:E0M1X1,80:95A7:E0M1X1
80:942F:E0M1X1,80:9432:E0M1X1
80:9432:E0M1X1,80:9435:E0M1X1
80:9435:E0M1X1,80:9437:E0M1X1
80:9437:E0M1X1,80:943A:E0M1X1
80:943A:E0M1X1,80:943D:E0M1X1
80:943D:E0M1X1,80:9440:E0M1X1
80:9440:E0M1X1,80:966B:E0M1X1
80:9443:E0M0X0,80:9445:E0M1X1
80:9443:E0M1X1,80:9445:E0M1X1
80:9445:E0M1X1,80:9398:E0M1X1
80:9446:E0M1X1,80:9449:E0M1X1
80:9449:E0M1X1,80:944B:E0M1X1
80:9449:E0M1X1,80:9458:E0M1X1
80:944B:E0M1X1,80:944D:E0M0X0
80:944D:E0M0X0,80:9450:E0M0X0
80:9450:E0M0X0,81:DE31:E0M0X0
80:9454:E0M0X0,80:9456:E0M1X1
80:9456:E0M1X1,80:94BF:E0M1X1
80:9458:E0M1X1,80:945B:E0M1X1
80:945B:E0M1X1,80:945D:E0M1X1
80:945B:E0M1X1,80:94BF:E0M1X1
80:945D:E0M1X1,80:9460:E0M1X1
80:9460:E0M1X1,80:9461:E0M1X1
80:9461:E0M1X1,80:9463:E0M1X1
80:9463:E0M1X1,80:9466:E0M1X1
80:9466:E0M1X1,80:9468:E0M0X0
80:9468:E0M0X0,80:D1C7:E0M0X0
80:946B:E0M0X0,80:946D:E0M0X0
80:946B:E0M0X0,80:94BF:E0M0X0
80:946D:E0M0X0,80:9470:E0M0X0
80:9470:E0M0X0,80:9471:E0M0X0
80:9471:E0M0X0,80:9472:E0M0X0
80:9472:E0M0X0,80:9475:E0M0X0
80:9475:E0M0X0,80:9478:E0M0X0
80:9478:E0M0X0,80:947B:E0M0X0
80:947B:E0M0X0,80:947E:E0M0X0
80:947E:E0M0X0,80:9481:E0M0X0
80:9481:E0M0X0,80:9484:E0M0X0
80:9484:E0M0X0,80:9487:E0M0X0
80:9487:E0M0X0,80:95CC:E0M0X0
80:948A:E0M0X0,80:962E:E0M0X0
80:948D:E0M0X0,80:9490:E0M0X0
80:9490:E0M0X0,80:9493:E0M0X0
80:9493:E0M0X0,80:9496:E0M0X0
80:9496:E0M0X0,80:9499:E0M0X0
80:9499:E0M0X0,80:949C:E0M0X0
80:949C:E0M0X0,80:949F:E0M0X0
80:949F:E0M0X0,80:94A2:E0M0X0
80:94A2:E0M0X0,80:94A4:E0M1X1
80:94A4:E0M1X1,80:94A6:E0M1X1
80:94A6:E0M1X1,80:F92A:E0M1X1
80:94A9:E0M1X1,80:94AC:E0M1X1
80:94AC:E0M1X1,80:94AF:E0M1X1
80:94AF:E0M1X1,80:94B1:E0M1X1
80:94AF:E0M1X1,80:94B4:E0M1X1
80:94B1:E0M1X1,80:94B4:E0M1X1
80:94B4:E0M1X1,80:94B6:E0M1X1
80:94B6:E0M1X1,80:94B9:E0M1X1
80:94B9:E0M1X1,80:94BC:E0M1X1
80:94BC:E0M1X1,80:95E5:E0M1X1
80:94BF:E0M0X0,80:94C1:E0M1X1
80:94BF:E0M1X1,80:94C1:E0M1X1
80:94C1:E0M1X1,80:93B9:E0M1X1
80:94C2:E0M1X1,80:94C5:E0M1X1
80:94C5:E0M1X1,80:94C7:E0M1X1
80:94C5:E0M1X1,80:94D4:E0M1X1
80:94C7:E0M1X1,80:94C9:E0M0X0
80:94C9:E0M0X0,80:94CC:E0M0X0
80:94CC:E0M0X0,81:DE31:E0M0X0
80:94D0:E0M0X0,80:94D2:E0M1X1
80:94D2:E0M1X1,80:9540:E0M1X1
80:94D4:E0M1X1,80:94D7:E0M1X1
80:94D7:E0M1X1,80:94D9:E0M1X1
80:94D7:E0M1X1,80:9540:E0M1X1
80:94D9:E0M1X1,80:94DC:E0M1X1
80:94DC:E0M1X1,80:94DD:E0M1X1
80:94DD:E0M1X1,80:94DF:E0M1X1
80:94DF:E0M1X1,80:94E2:E0M1X1
80:94E2:E0M1X1,80:94E4:E0M0X0
80:94E4:E0M0X0,80:D1C7:E0M0X0
80:94E7:E0M0X0,80:94E9:E0M0X0
80:94E7:E0M0X0,80:9540:E0M0X0
80:94E9:E0M0X0,80:94EC:E0M0X0
80:94EC:E0M0X0,80:94ED:E0M0X0
80:94ED:E0M0X0,80:94EE:E0M0X0
80:94EE:E0M0X0,80:94F1:E0M0X0
80:94F1:E0M0X0,80:94F4:E0M0X0
80:94F4:E0M0X0,80:95CC:E0M0X0
80:94F7:E0M0X0,80:962E:E0M0X0
80:94FA:E0M0X0,80:94FD:E0M0X0
80:94FD:E0M0X0,80:9500:E0M0X0
80:9500:E0M0X0,80:9503:E0M0X0
80:9503:E0M0X0,80:9506:E0M0X0
80:9506:E0M0X0,80:9509:E0M0X0
80:9509:E0M0X0,80:9655:E0M0X0
80:950C:E0M0X0,80:950E:E0M1X1
80:950E:E0M1X1,80:9510:E0M1X1
80:9510:E0M1X1,80:F92A:E0M1X1
80:9513:E0M1X1,80:9516:E0M1X1
80:9516:E0M1X1,80:9519:E0M1X1
80:9519:E0M1X1,80:951B:E0M1X1
80:9519:E0M1X1,80:951E:E0M1X1
80:951B:E0M1X1,80:951E:E0M1X1
80:951E:E0M1X1,80:9520:E0M1X1
80:9520:E0M1X1,80:9523:E0M1X1
80:9523:E0M1X1,80:9526:E0M1X1
80:9526:E0M1X1,80:95E5:E0M1X1
80:9529:E0M1X1,80:95A7:E0M1X1
80:952C:E0M1X1,80:952F:E0M1X1
80:952F:E0M1X1,80:9532:E0M1X1
80:9532:E0M1X1,80:9534:E0M1X1
80:9534:E0M1X1,80:9537:E0M1X1
80:9537:E0M1X1,80:953A:E0M1X1
80:953A:E0M1X1,80:953D:E0M1X1
80:953D:E0M1X1,80:966B:E0M1X1
80:9540:E0M0X0,80:9542:E0M1X1
80:9540:E0M1X1,80:9542:E0M1X1
80:9542:E0M1X1,80:93A3:E0M1X1
80:9543:E0M1X1,80:9546:E0M1X1
80:9546:E0M1X1,80:9548:E0M1X1
80:9546:E0M1X1,80:9555:E0M1X1
80:9548:E0M1X1,80:954A:E0M0X0
80:954A:E0M0X0,80:954D:E0M0X0
80:954D:E0M0X0,81:DE31:E0M0X0
80:9551:E0M0X0,80:9553:E0M1X1
80:9553:E0M1X1,80:95A4:E0M1X1
80:9555:E0M1X1,80:9558:E0M1X1
80:9558:E0M1X1,80:955A:E0M1X1
80:9558:E0M1X1,80:95A4:E0M1X1
80:955A:E0M1X1,80:955C:E0M0X0
80:955C:E0M0X0,80:D1C7:E0M0X0
80:955F:E0M0X0,80:9561:E0M0X0
80:955F:E0M0X0,80:95A4:E0M0X0
80:9561:E0M0X0,80:9564:E0M0X0
80:9564:E0M0X0,80:9565:E0M0X0
80:9565:E0M0X0,80:9566:E0M0X0
80:9566:E0M0X0,80:9569:E0M0X0
80:9569:E0M0X0,80:956C:E0M0X0
80:956C:E0M0X0,80:956F:E0M0X0
80:956F:E0M0X0,80:9572:E0M0X0
80:9572:E0M0X0,80:9575:E0M0X0
80:9575:E0M0X0,80:9578:E0M0X0
80:9578:E0M0X0,80:957B:E0M0X0
80:957B:E0M0X0,80:957E:E0M0X0
80:957E:E0M0X0,80:9581:E0M0X0
80:9581:E0M0X0,80:9584:E0M0X0
80:9584:E0M0X0,80:95CC:E0M0X0
80:9587:E0M0X0,80:9589:E0M1X1
80:9589:E0M1X1,80:958B:E0M1X1
80:958B:E0M1X1,80:F92A:E0M1X1
80:958E:E0M1X1,80:9591:E0M1X1
80:9591:E0M1X1,80:9594:E0M1X1
80:9594:E0M1X1,80:9596:E0M1X1
80:9594:E0M1X1,80:9599:E0M1X1
80:9596:E0M1X1,80:9599:E0M1X1
80:9599:E0M1X1,80:959B:E0M1X1
80:959B:E0M1X1,80:959E:E0M1X1
80:959E:E0M1X1,80:95A1:E0M1X1
80:95A1:E0M1X1,80:95E5:E0M1X1
80:95A4:E0M0X0,80:95A6:E0M1X1
80:95A4:E0M1X1,80:95A6:E0M1X1
80:95A6:E0M1X1,80:93AE:E0M1X1
80:95A7:E0M1X1,80:95AA:E0M1X1
80:95AA:E0M1X1,80:95AD:E0M1X1
80:95AD:E0M1X1,80:95B0:E0M1X1
80:95B0:E0M1X1,80:95B2:E0M1X1
80:95B2:E0M1X1,80:95B4:E0M1X1
80:95B2:E0M1X1,80:95BD:E0M1X1
80:95B4:E0M1X1,80:95B6:E0M1X1
80:95B6:E0M1X1,80:95B8:E0M1X1
80:95B6:E0M1X1,80:95BD:E0M1X1
80:95B8:E0M1X1,80:95BB:E0M1X1
80:95BB:E0M1X1,80:95C2:E0M1X1
80:95BD:E0M1X1,80:95C0:E0M1X1
80:95C0:E0M1X1,80:95C2:E0M1X1
80:95C2:E0M1X1,80:95C5:E0M1X1
80:95C5:E0M1X1,80:95C8:E0M1X1
80:95C8:E0M1X1,80:95CB:E0M1X1
80:95CB:E0M1X1,80:942F:E0M1X1
80:95CB:E0M1X1,80:952C:E0M1X1
80:95CC:E0M0X0,80:95CF:E0M0X0
80:95CF:E0M0X0,80:95D2:E0M0X0
80:95D2:E0M0X0,80:95D5:E0M0X0
80:95D5:E0M0X0,80:95D8:E0M0X0
80:95D8:E0M0X0,80:95DB:E0M0X0
80:95DB:E0M0X0,80:95DE:E0M0X0
80:95DE:E0M0X0,80:95E1:E0M0X0
80:95E1:E0M0X0,80:95E4:E0M0X0
80:95E4:E0M0X0,80:93FA:E0M0X0
80:95E4:E0M0X0,80:948A:E0M0X0
80:95E4:E0M0X0,80:94F7:E0M0X0
80:95E4:E0M0X0,80:9587:E0M0X0
80:95E5:E0M1X1,80:95E7:E0M1X1
80:95E7:E0M1X1,80:95E9:E0M1X1
80:95E7:E0M1X1,80:95ED:E0M1X1
80:95E9:E0M1X1,80:95EB:E0M1X1
80:95EB:E0M1X1,80:95EF:E0M1X1
80:95ED:E0M1X1,80:95EF:E0M1X1
80:95EF:E0M1X1,80:969D:E0M1X1
80:95F2:E0M1X1,80:95F4:E0M0X0
80:95F4:E0M0X0,80:95F7:E0M0X0
80:95F7:E0M0X0,80:95FA:E0M0X0
80:95FA:E0M0X0,80:95FD:E0M0X0
80:95FD:E0M0X0,80:95FE:E0M0X0
80:95FE:E0M0X0,80:9601:E0M0X0
80:9601:E0M0X0,80:9604:E0M0X0
80:9604:E0M0X0,80:9607:E0M0X0
80:9607:E0M0X0,80:9608:E0M0X0
80:9608:E0M0X0,80:960B:E0M0X0
80:960B:E0M0X0,80:960D:E0M0X0
80:960D:E0M0X0,80:9610:E0M0X0
80:9610:E0M0X0,80:9613:E0M0X0
80:9613:E0M0X0,80:9615:E0M0X0
80:9615:E0M0X0,80:9618:E0M0X0
80:9618:E0M0X0,80:961B:E0M0X0
80:961B:E0M0X0,80:961D:E0M0X0
80:961D:E0M0X0,80:961E:E0M0X0
80:961E:E0M0X0,80:9620:E0M0X0
80:9620:E0M0X0,80:9623:E0M0X0
80:9623:E0M0X0,80:9625:E0M0X0
80:9625:E0M0X0,80:9626:E0M0X0
80:9626:E0M0X0,80:9628:E0M0X0
80:9628:E0M0X0,80:962B:E0M0X0
80:962B:E0M0X0,80:962D:E0M1X1
80:962D:E0M1X1,80:942C:E0M1X1
80:962D:E0M1X1,80:94BF:E0M1X1
80:962D:E0M1X1,80:9529:E0M1X1
80:962D:E0M1X1,80:95A4:E0M1X1
80:962D:E0M1X1,80:A002:E0M1X1
80:962E:E0M0X0,80:9630:E0M1X1
80:9630:E0M1X1,80:9633:E0M1X1
80:9633:E0M1X1,80:9636:E0M1X1
80:9636:E0M1X1,80:9638:E0M1X1
80:9638:E0M1X1,80:963A:E0M1X1
80:9638:E0M1X1,80:9649:E0M1X1
80:963A:E0M1X1,80:963C:E0M1X1
80:963C:E0M1X1,80:963E:E0M1X1
80:963C:E0M1X1,80:9649:E0M1X1
80:963E:E0M1X1,80:9641:E0M1X1
80:9641:E0M1X1,80:9642:E0M1X1
80:9642:E0M1X1,80:9645:E0M1X1
80:9645:E0M1X1,80:9646:E0M1X1
80:9646:E0M1X1,80:9647:E0M1X1
80:9647:E0M1X1,80:9652:E0M1X1
80:9649:E0M1X1,80:964C:E0M1X1
80:964C:E0M1X1,80:964D:E0M1X1
80:964D:E0M1X1,80:9650:E0M1X1
80:9650:E0M1X1,80:9651:E0M1X1
80:9651:E0M1X1,80:9652:E0M1X1
80:9652:E0M1X1,80:9654:E0M0X0
80:9654:E0M0X0,80:93FD:E0M0X0
80:9654:E0M0X0,80:948D:E0M0X0
80:9654:E0M0X0,80:94FA:E0M0X0
80:9655:E0M0X0,80:9658:E0M0X0
80:9658:E0M0X0,80:965B:E0M0X0
80:965B:E0M0X0,80:965C:E0M0X0
80:965C:E0M0X0,80:965F:E0M0X0
80:965F:E0M0X0,80:9662:E0M0X0
80:9662:E0M0X0,80:9663:E0M0X0
80:9663:E0M0X0,80:9664:E0M0X0
80:9664:E0M0X0,80:9667:E0M0X0
80:9667:E0M0X0,80:966A:E0M0X0
80:966A:E0M0X0,80:940F:E0M0X0
80:966A:E0M0X0,80:950C:E0M0X0
80:966B:E0M1X1,80:966D:E0M1X1
80:966D:E0M1X1,80:966F:E0M1X1
80:966D:E0M1X1,80:969C:E0M1X1
80:966F:E0M1X1,80:9671:E0M0X0
80:9671:E0M0X0,80:9674:E0M0X0
80:9674:E0M0X0,80:9677:E0M0X0
80:9677:E0M0X0,80:9678:E0M0X0
80:9678:E0M0X0,80:967B:E0M0X0
80:967B:E0M0X0,80:967E:E0M0X0
80:967E:E0M0X0,80:9681:E0M0X0
80:9681:E0M0X0,80:9684:E0M0X0
80:9684:E0M0X0,80:9685:E0M0X0
80:9685:E0M0X0,80:9688:E0M0X0
80:9688:E0M0X0,80:968B:E0M0X0
80:968B:E0M0X0,80:968E:E0M0X0
80:968E:E0M0X0,80:968F:E0M0X0
80:968F:E0M0X0,80:9692:E0M0X0
80:9692:E0M0X0,80:9694:E0M1X1
80:9694:E0M1X1,80:9697:E0M1X1
80:9697:E0M1X1,80:9699:E0M1X1
80:9699:E0M1X1,80:969C:E0M1X1
80:969C:E0M1X1,80:9443:E0M1X1
80:969C:E0M1X1,80:9540:E0M1X1
80:969D:E0M1X1,80:C7E7:E0M1X1
80:98FB:E0M1X1,80:98FE:E0M1X1
80:98FE:E0M1X1,80:9900:E0M1X1
80:98FE:E0M1X1,80:9923:E0M1X1
80:9900:E0M1X1,80:9903:E0M1X1
80:9903:E0M1X1,80:9905:E0M1X1
80:9903:E0M1X1,80:9912:E0M1X1
80:9905:E0M1X1,80:9907:E0M0X0
80:9907:E0M0X0,80:990A:E0M0X0
80:990A:E0M0X0,81:DE31:E0M0X0
80:990E:E0M0X0,80:9910:E0M1X1
80:9910:E0M1X1,80:9923:E0M1X1
80:9912:E0M1X1,80:9914:E0M1X1
80:9914:E0M1X1,80:F92A:E0M1X1
80:9917:E0M1X1,80:991A:E0M1X1
80:991A:E0M1X1,80:991D:E0M1X1
80:991D:E0M1X1,80:991E:E0M1X1
80:991E:E0M1X1,80:9920:E0M1X1
80:9920:E0M1X1,80:9923:E0M1X1
80:9923:E0M1X1,80:93C4:E0M1X1
80:9924:E0M1X1,80:9926:E0M1X1
80:9926:E0M1X1,80:9935:E0M1X1
80:9929:E0M1X1,80:992B:E0M1X1
80:992B:E0M1X1,80:9935:E0M1X1
80:992E:E0M1X1,80:9930:E0M1X1
80:9930:E0M1X1,80:9935:E0M1X1
80:9933:E0M1X1,80:9935:E0M1X1
80:9935:E0M1X1,80:9938:E0M1X1
80:9938:E0M1X1,80:993A:E0M1X1
80:9938:E0M1X1,80:994E:E0M1X1
80:993A:E0M1X1,80:993D:E0M1X1
80:993D:E0M1X1,80:993F:E0M1X1
80:993D:E0M1X1,80:994E:E0M1X1
80:993F:E0M1X1,80:9942:E0M1X1
80:9942:E0M1X1,80:9944:E0M1X1
80:9942:E0M1X1,80:994E:E0M1X1
80:9944:E0M1X1,80:9945:E0M1X1
80:9945:E0M1X1,80:9948:E0M1X1
80:9948:E0M1X1,80:994A:E0M1X1
80:9948:E0M1X1,80:9955:E0M1X1
80:994A:E0M1X1,80:994C:E0M1X1
80:994C:E0M1X1,80:994E:E0M1X1
80:994C:E0M1X1,80:994F:E0M1X1
80:994E:E0M1X1,80:9929:E0M1X1
80:994E:E0M1X1,80:992E:E0M1X1
80:994E:E0M1X1,80:9933:E0M1X1
80:994E:E0M1X1,80:BA86:E0M1X1
80:994F:E0M1X1,80:9951:E0M1X1
80:9951:E0M1X1,80:CD91:E0M1X1
80:9954:E0M1X1,80:9929:E0M1X1
80:9954:E0M1X1,80:992E:E0M1X1
80:9954:E0M1X1,80:9933:E0M1X1
80:9954:E0M1X1,80:BA86:E0M1X1
80:9955:E0M1X1,80:8ACE:E0M1X1
80:9958:E0M1X1,80:995B:E0M1X1
80:995B:E0M1X1,80:995E:E0M1X1
80:995E:E0M1X1,80:9960:E0M1X1
80:9960:E0M1X1,80:9962:E0M1X1
80:9962:E0M1X1,80:9965:E0M1X1
80:9965:E0M1X1,80:9968:E0M1X1
80:9968:E0M1X1,80:996A:E0M1X1
80:9968:E0M1X1,80:999D:E0M1X1
80:996A:E0M1X1,80:996D:E0M1X1
80:996D:E0M1X1,80:9970:E0M1X1
80:9970:E0M1X1,80:9973:E0M1X1
80:9973:E0M1X1,80:9976:E0M1X1
80:9976:E0M1X1,80:9979:E0M1X1
80:9979:E0M1X1,80:997A:E0M1X1
80:997A:E0M1X1,80:997C:E0M1X1
80:997C:E0M1X1,80:997F:E0M1X1
80:997F:E0M1X1,80:9982:E0M1X1
80:9982:E0M1X1,80:9985:E0M1X1
80:9985:E0M1X1,80:9987:E0M1X1
80:9987:E0M1X1,80:998A:E0M1X1
80:998A:E0M1X1,80:998C:E0M1X1
80:998C:E0M1X1,80:998F:E0M1X1
80:998F:E0M1X1,80:9991:E0M1X1
80:9991:E0M1X1,80:9994:E0M1X1
80:9994:E0M1X1,80:9996:E0M1X1
80:9996:E0M1X1,80:9999:E0M1X1
80:9999:E0M1X1,80:999B:E0M1X1
80:999B:E0M1X1,80:99B2:E0M1X1
80:999D:E0M1X1,80:99A0:E0M1X1
80:99A0:E0M1X1,80:99A3:E0M1X1
80:99A3:E0M1X1,80:99A6:E0M1X1
80:99A6:E0M1X1,80:99A9:E0M1X1
80:99A9:E0M1X1,80:99AC:E0M1X1
80:99AC:E0M1X1,80:99AF:E0M1X1
80:99AF:E0M1X1,80:99B2:E0M1X1
80:99B2:E0M1X1,80:99B5:E0M1X1
80:99B5:E0M1X1,80:99B6:E0M1X1
80:99B6:E0M1X1,80:99B9:E0M1X1
80:99B9:E0M1X1,80:99BA:E0M1X1
80:99BA:E0M1X1,80:99BD:E0M1X1
80:99BD:E0M1X1,80:99BE:E0M1X1
80:99BE:E0M1X1,80:99C0:E0M1X1
80:99C0:E0M1X1,80:99C1:E0M1X1
80:99C1:E0M1X1,80:99C2:E0M1X1
80:99C2:E0M1X1,80:99C5:E0M1X1
80:99C5:E0M1X1,80:99C8:E0M1X1
80:99C8:E0M1X1,80:9929:E0M1X1
80:99C8:E0M1X1,80:992E:E0M1X1
80:99C8:E0M1X1,80:9933:E0M1X1
80:99C8:E0M1X1,80:BA86:E0M1X1
80:99D2:E0M1X1,80:99D4:E0M1X1
80:99D4:E0M1X1,80:99E3:E0M1X1
80:99D7:E0M1X1,80:99D9:E0M1X1
80:99D9:E0M1X1,80:99E3:E0M1X1
80:99DC:E0M1X1,80:99DE:E0M1X1
80:99DE:E0M1X1,80:99E3:E0M1X1
80:99E1:E0M1X1,80:99E3:E0M1X1
80:99E3:E0M1X1,80:99E6:E0M1X1
80:99E6:E0M1X1,80:99E8:E0M1X1
80:99E6:E0M1X1,80:9A04:E0M1X1
80:99E8:E0M1X1,80:99EB:E0M1X1
80:99EB:E0M1X1,80:99ED:E0M1X1
80:99EB:E0M1X1,80:9A6C:E0M1X1
80:99ED:E0M1X1,80:99EF:E0M1X1
80:99EF:E0M1X1,80:99F2:E0M1X1
80:99F2:E0M1X1,80:99F4:E0M1X1
80:99F4:E0M1X1,80:99F7:E0M1X1
80:99F7:E0M1X1,80:99F9:E0M1X1
80:99F9:E0M1X1,80:99FC:E0M1X1
80:99FC:E0M1X1,80:99FE:E0M1X1
80:99FE:E0M1X1,80:9A01:E0M1X1
80:9A01:E0M1X1,80:9A04:E0M1X1
80:9A04:E0M1X1,80:9A07:E0M1X1
80:9A07:E0M1X1,80:9A09:E0M1X1
80:9A07:E0M1X1,80:9A6C:E0M1X1
80:9A09:E0M1X1,80:9A0C:E0M1X1
80:9A0C:E0M1X1,80:9A0E:E0M1X1
80:9A0C:E0M1X1,80:9A34:E0M1X1
80:9A0E:E0M1X1,80:9A11:E0M1X1
80:9A11:E0M1X1,80:9A13:E0M1X1
80:9A11:E0M1X1,80:9A21:E0M1X1
80:9A13:E0M1X1,80:9A16:E0M1X1
80:9A16:E0M1X1,80:9A18:E0M1X1
80:9A16:E0M1X1,80:9A34:E0M1X1
80:9A18:E0M1X1,80:9A1B:E0M1X1
80:9A1B:E0M1X1,80:9A1D:E0M1X1
80:9A1D:E0M1X1,80:9A1F:E0M1X1
80:9A1D:E0M1X1,80:9A34:E0M1X1
80:9A1F:E0M1X1,80:9A21:E0M1X1
80:9A21:E0M1X1,80:9F07:E0M1X1
80:9A24:E0M1X1,80:9A27:E0M1X1
80:9A27:E0M1X1,80:9A29:E0M1X1
80:9A27:E0M1X1,80:9A34:E0M1X1
80:9A29:E0M1X1,80:9A2B:E0M1X1
80:9A2B:E0M1X1,80:9A2E:E0M1X1
80:9A2E:E0M1X1,80:9A31:E0M1X1
80:9A31:E0M1X1,80:9A34:E0M1X1
80:9A34:E0M1X1,80:9A37:E0M1X1
80:9A37:E0M1X1,80:9A39:E0M1X1
80:9A37:E0M1X1,80:9A3E:E0M1X1
80:9A39:E0M1X1,80:9A3C:E0M1X1
80:9A3C:E0M1X1,80:9A3E:E0M1X1
80:9A3C:E0M1X1,80:9A6C:E0M1X1
80:9A3E:E0M1X1,80:9F36:E0M1X1
80:9A41:E0M1X1,80:9A43:E0M1X1
80:9A43:E0M1X1,80:9A46:E0M1X1
80:9A46:E0M1X1,80:9A49:E0M1X1
80:9A49:E0M1X1,80:9A4C:E0M1X1
80:9A4C:E0M1X1,80:9A4E:E0M1X1
80:9A4E:E0M1X1,80:9A50:E0M1X1
80:9A50:E0M1X1,80:9A52:E0M1X1
80:9A52:E0M1X1,80:9A55:E0M1X1
80:9A55:E0M1X1,80:9A56:E0M1X1
80:9A56:E0M1X1,80:9A58:E0M1X1
80:9A58:E0M1X1,80:9A5B:E0M1X1
80:9A5B:E0M1X1,80:9A5C:E0M1X1
80:9A5C:E0M1X1,80:9A5F:E0M1X1
80:9A5F:E0M1X1,80:F9AD:E0M1X1
80:9A62:E0M1X1,80:9A64:E0M1X1
80:9A64:E0M1X1,80:CD91:E0M1X1
80:9A67:E0M1X1,80:9A69:E0M1X1
80:9A69:E0M1X1,80:F92A:E0M1X1
80:9A6C:E0M1X1,80:99D7:E0M1X1
80:9A6C:E0M1X1,80:99DC:E0M1X1
80:9A6C:E0M1X1,80:99E1:E0M1X1
80:9A6C:E0M1X1,80:BA83:E0M1X1
80:9A6C:E0M1X1,80:BA8C:E0M1X1
80:9A6D:E0M1X1,80:9A70:E0M1X1
80:9A70:E0M1X1,80:9A72:E0M1X1
80:9A70:E0M1X1,80:9A8C:E0M1X1
80:9A72:E0M1X1,80:9A75:E0M1X1
80:9A75:E0M1X1,80:9A78:E0M1X1
80:9A78:E0M1X1,80:9A7B:E0M1X1
80:9A7B:E0M1X1,80:9A7D:E0M1X1
80:9A7B:E0M1X1,80:9A8C:E0M1X1
80:9A7D:E0M1X1,80:9A80:E0M1X1
80:9A80:E0M1X1,80:9A6C:E0M1X1
80:9A80:E0M1X1,80:9A82:E0M1X1
80:9A82:E0M1X1,80:9A85:E0M1X1
80:9A85:E0M1X1,80:9A87:E0M1X1
80:9A87:E0M1X1,80:9A89:E0M1X1
80:9A89:E0M1X1,80:BD13:E0M1X1
80:9A8C:E0M1X1,80:9A8F:E0M1X1
80:9A8F:E0M1X1,80:9A91:E0M1X1
80:9A8F:E0M1X1,80:9AB0:E0M1X1
80:9A91:E0M1X1,80:9A93:E0M1X1
80:9A93:E0M1X1,80:9A95:E0M1X1
80:9A93:E0M1X1,80:9AA1:E0M1X1
80:9A95:E0M1X1,80:9A98:E0M1X1
80:9A98:E0M1X1,80:9A9A:E0M1X1
80:9A98:E0M1X1,80:9ABA:E0M1X1
80:9A9A:E0M1X1,80:9A9C:E0M1X1
80:9A9C:E0M1X1,80:9A9F:E0M1X1
80:9A9F:E0M1X1,80:9ABA:E0M1X1
80:9AA1:E0M1X1,80:9AA4:E0M1X1
80:9AA4:E0M1X1,80:9AA7:E0M1X1
80:9AA7:E0M1X1,80:9AA9:E0M1X1
80:9AA7:E0M1X1,80:9ABA:E0M1X1
80:9AA9:E0M1X1,80:9AAB:E0M1X1
80:9AAB:E0M1X1,80:9AAE:E0M1X1
80:9AAE:E0M1X1,80:9ABA:E0M1X1
80:9AB0:E0M1X1,80:9AB3:E0M1X1
80:9AB3:E0M1X1,80:9AB5:E0M1X1
80:9AB3:E0M1X1,80:9ABA:E0M1X1
80:9AB5:E0M1X1,80:9AB7:E0M1X1
80:9AB7:E0M1X1,80:9ABA:E0M1X1
80:9ABA:E0M1X1,80:9ABD:E0M1X1
80:9ABD:E0M1X1,80:9ABF:E0M1X1
80:9ABD:E0M1X1,80:9ADC:E0M1X1
80:9ABF:E0M1X1,80:9AC1:E0M1X1
80:9AC1:E0M1X1,80:9AC3:E0M1X1
80:9AC3:E0M1X1,80:9AC6:E0M1X1
80:9AC6:E0M1X1,80:9AC8:E0M1X1
80:9AC6:E0M1X1,80:9AD4:E0M1X1
80:9AC8:E0M1X1,80:9ACB:E0M1X1
80:9ACB:E0M1X1,80:9ACD:E0M1X1
80:9ACB:E0M1X1,80:9AD4:E0M1X1
80:9ACD:E0M1X1,80:9ACE:E0M1X1
80:9ACE:E0M1X1,80:9AD1:E0M1X1
80:9AD1:E0M1X1,80:9AD4:E0M1X1
80:9AD4:E0M1X1,80:9AD5:E0M1X1
80:9AD5:E0M1X1,80:9AD6:E0M1X1
80:9AD6:E0M1X1,80:9AD7:E0M1X1
80:9AD7:E0M1X1,80:9AD8:E0M1X1
80:9AD8:E0M1X1,80:9ADA:E0M1X1
80:9ADA:E0M1X1,80:9AC3:E0M1X1
80:9ADA:E0M1X1,80:9ADC:E0M1X1
80:9ADC:E0M1X1,80:BA8C:E0M1X1
80:9ADD:E0M1X1,80:9AE0:E0M1X1
80:9AE0:E0M1X1,80:9AE3:E0M1X1
80:9AE3:E0M1X1,80:9BD2:E0M1X1
80:9AE6:E0M1X1,80:9AE9:E0M1X1
80:9AE9:E0M1X1,80:9AEC:E0M1X1
80:9AEC:E0M1X1,80:9AEE:E0M1X1
80:9AEC:E0M1X1,80:9B3A:E0M1X1
80:9AEE:E0M1X1,80:9AF1:E0M1X1
80:9AF1:E0M1X1,80:9AF2:E0M1X1
80:9AF2:E0M1X1,80:9AF5:E0M1X1
80:9AF5:E0M1X1,80:9AF6:E0M1X1
80:9AF6:E0M1X1,80:9AF8:E0M1X1
80:9AF8:E0M1X1,80:9AFA:E0M1X1
80:9AF8:E0M1X1,80:9B07:E0M1X1
80:9AFA:E0M1X1,80:9AFD:E0M1X1
80:9AFD:E0M1X1,80:9B00:E0M1X1
80:9B00:E0M1X1,80:9B03:E0M1X1
80:9B03:E0M1X1,80:9B06:E0M1X1
80:9B06:E0M1X1,80:91C7:E0M1X1
80:9B07:E0M1X1,80:9B0A:E0M1X1
80:9B0A:E0M1X1,80:9B0C:E0M1X1
80:9B0C:E0M1X1,80:9B0F:E0M1X1
80:9B0F:E0M1X1,80:9B11:E0M1X1
80:9B11:E0M1X1,80:9B14:E0M1X1
80:9B14:E0M1X1,80:9B17:E0M1X1
80:9B17:E0M1X1,80:9B1A:E0M1X1
80:9B1A:E0M1X1,80:9B1C:E0M1X1
80:9B1A:E0M1X1,80:9B1F:E0M1X1
80:9B1C:E0M1X1,80:9B1F:E0M1X1
80:9B1F:E0M1X1,80:9B22:E0M1X1
80:9B22:E0M1X1,80:9B25:E0M1X1
80:9B25:E0M1X1,80:9B28:E0M1X1
80:9B28:E0M1X1,80:9B2B:E0M1X1
80:9B2B:E0M1X1,80:9B2E:E0M1X1
80:9B2E:E0M1X1,80:9B31:E0M1X1
80:9B31:E0M1X1,80:9B34:E0M1X1
80:9B34:E0M1X1,80:9B37:E0M1X1
80:9B37:E0M1X1,80:9B3A:E0M1X1
80:9B3A:E0M1X1,80:9B3D:E0M1X1
80:9B3D:E0M1X1,80:9B40:E0M1X1
80:9B40:E0M1X1,80:9B43:E0M1X1
80:9B43:E0M1X1,80:9B46:E0M1X1
80:9B46:E0M1X1,80:9D53:E0M1X1
80:9B49:E0M1X1,80:9B4C:E0M1X1
80:9B4C:E0M1X1,80:9B4D:E0M1X1
80:9B4D:E0M1X1,80:9B50:E0M1X1
80:9B50:E0M1X1,80:9B53:E0M1X1
80:9B53:E0M1X1,80:9B56:E0M1X1
80:9B56:E0M1X1,80:9B57:E0M1X1
80:9B57:E0M1X1,80:9B5A:E0M1X1
80:9B5A:E0M1X1,80:9B5C:E0M1X1
80:9B5C:E0M1X1,80:9B5E:E0M1X1
80:9B5C:E0M1X1,80:9B67:E0M1X1
80:9B5E:E0M1X1,80:9B61:E0M1X1
80:9B61:E0M1X1,80:9B64:E0M1X1
80:9B64:E0M1X1,80:9B00:E0M1X1
80:9B67:E0M1X1,80:9B6A:E0M1X1
80:9B6A:E0M1X1,80:9B6D:E0M1X1
80:9B6D:E0M1X1,80:9B70:E0M1X1
80:9B70:E0M1X1,80:9B73:E0M1X1
80:9B73:E0M1X1,80:9B76:E0M1X1
80:9B76:E0M1X1,80:9B79:E0M1X1
80:9B79:E0M1X1,80:9B7A:E0M1X1
80:9B7A:E0M1X1,80:9B7D:E0M1X1
80:9B7D:E0M1X1,80:9B80:E0M1X1
80:9B80:E0M1X1,80:9B82:E0M1X1
80:9B80:E0M1X1,80:9BC7:E0M1X1
80:9B82:E0M1X1,80:9B84:E0M1X1
80:9B84:E0M1X1,80:9B86:E0M1X1
80:9B84:E0M1X1,80:9BC7:E0M1X1
80:9B86:E0M1X1,80:9B89:E0M1X1
80:9B89:E0M1X1,80:9B8B:E0M1X1
80:9B8B:E0M1X1,80:9B8D:E0M1X1
80:9B8B:E0M1X1,80:9BC2:E0M1X1
80:9B8D:E0M1X1,80:9B8F:E0M1X1
80:9B8F:E0M1X1,80:9B92:E0M1X1
80:9B92:E0M1X1,80:9B95:E0M1X1
80:9B95:E0M1X1,80:9D4B:E0M1X1
80:9B98:E0M1X1,80:9B9B:E0M1X1
80:9B9B:E0M1X1,80:9D4B:E0M1X1
80:9B9E:E0M1X1,80:9B9F:E0M1X1
80:9B9F:E0M1X1,80:9BA2:E0M1X1
80:9BA2:E0M1X1,80:9BA5:E0M1X1
80:9BA5:E0M1X1,80:9BA8:E0M1X1
80:9BA8:E0M1X1,80:9D4B:E0M1X1
80:9BAB:E0M1X1,80:9BAE:E0M1X1
80:9BAE:E0M1X1,80:9D4B:E0M1X1
80:9BB1:E0M1X1,80:9BB2:E0M1X1
80:9BB2:E0M1X1,80:9BB5:E0M1X1
80:9BB5:E0M1X1,80:9BB8:E0M1X1
80:9BB8:E0M1X1,80:9BBA:E0M1X1
80:9BBA:E0M1X1,80:F966:E0M1X1
80:9BBD:E0M1X1,80:9BBF:E0M1X1
80:9BBF:E0M1X1,80:C7B0:E0M1X1
80:9BC2:E0M1X1,80:9BC4:E0M1X1
80:9BC4:E0M1X1,80:9BC7:E0M1X1
80:9BC7:E0M1X1,80:9AFA:E0M1X1
80:9BCA:E0M1X1,80:9BCB:E0M1X1
80:9BCB:E0M1X1,80:9BCC:E0M1X1
80:9BCC:E0M1X1,80:9BCD:E0M1X1
80:9BCD:E0M1X1,80:9BD2:E0M1X1
80:9BD0:E0M1X1,80:9BD1:E0M1X1
80:9BD1:E0M1X1,81:812B:E0M1X1
80:9BD2:E0M1X1,80:9BD4:E0M0X0
80:9BD4:E0M0X0,80:9BD7:E0M0X0
80:9BD7:E0M0X0,80:9BD8:E0M0X0
80:9BD8:E0M0X0,80:9BD9:E0M0X0
80:9BD9:E0M0X0,80:9BDC:E0M0X0
80:9BDC:E0M0X0,80:9BDD:E0M0X0
80:9BDD:E0M0X0,80:9BE0:E0M0X0
80:9BE0:E0M0X0,80:9BE3:E0M0X0
80:9BE3:E0M0X0,80:9BE4:E0M0X0
80:9BE4:E0M0X0,80:9BE5:E0M0X0
80:9BE5:E0M0X0,80:9BE8:E0M0X0
80:9BE8:E0M0X0,80:9BEA:E0M1X1
80:9BEA:E0M1X1,80:9BED:E0M1X1
80:9BED:E0M1X1,80:9BEE:E0M1X1
80:9BEE:E0M1X1,80:9BF0:E0M1X1
80:9BF0:E0M1X1,80:9BF1:E0M1X1
80:9BF1:E0M1X1,80:9BF4:E0M1X1
80:9BF4:E0M1X1,80:9BF5:E0M1X1
80:9BF5:E0M1X1,80:9BF8:E0M1X1
80:9BF8:E0M1X1,80:9BF9:E0M1X1
80:9BF9:E0M1X1,80:9BFA:E0M1X1
80:9BFA:E0M1X1,80:9BFD:E0M1X1
80:9BFD:E0M1X1,80:9C00:E0M1X1
80:9C00:E0M1X1,80:9C03:E0M1X1
80:9C03:E0M1X1,80:9C05:E0M0X0
80:9C05:E0M0X0,80:9C08:E0M0X0
80:9C08:E0M0X0,80:9C0B:E0M0X0
80:9C0B:E0M0X0,80:9C0D:E0M1X1
80:9C0D:E0M1X1,80:9C0E:E0M1X1
80:9C0E:E0M1X1,80:9C11:E0M1X1
80:9C11:E0M1X1,80:9C14:E0M1X1
80:9C14:E0M1X1,80:9C17:E0M1X1
80:9C17:E0M1X1,80:9C18:E0M1X1
80:9C18:E0M1X1,80:9C1A:E0M1X1
80:9C1A:E0M1X1,80:9C1C:E0M1X1
80:9C1A:E0M1X1,80:9C1E:E0M1X1
80:9C1C:E0M1X1,80:9C96:E0M1X1
80:9C1E:E0M1X1,80:9C1F:E0M1X1
80:9C1F:E0M1X1,80:9C20:E0M1X1
80:9C20:E0M1X1,80:9C21:E0M1X1
80:9C21:E0M1X1,80:9C24:E0M1X1
80:9C24:E0M1X1,80:9C26:E0M0X0
80:9C26:E0M0X0,80:9C29:E0M0X0
80:9C29:E0M0X0,80:9C2A:E0M0X0
80:9C2A:E0M0X0,80:9C2B:E0M0X0
80:9C2B:E0M0X0,80:9C2E:E0M0X0
80:9C2E:E0M0X0,80:9C31:E0M0X0
80:9C31:E0M0X0,80:9C34:E0M0X0
80:9C34:E0M0X0,80:9C35:E0M0X0
80:9C35:E0M0X0,80:9C36:E0M0X0
80:9C36:E0M0X0,80:9C39:E0M0X0
80:9C39:E0M0X0,80:9C3B:E0M1X1
80:9C3B:E0M1X1,80:9C3E:E0M1X1
80:9C3E:E0M1X1,80:9C3F:E0M1X1
80:9C3F:E0M1X1,80:9C41:E0M1X1
80:9C41:E0M1X1,80:9C42:E0M1X1
80:9C42:E0M1X1,80:9C45:E0M1X1
80:9C45:E0M1X1,80:9C46:E0M1X1
80:9C46:E0M1X1,80:9C49:E0M1X1
80:9C49:E0M1X1,80:9C4A:E0M1X1
80:9C4A:E0M1X1,80:9C4B:E0M1X1
80:9C4B:E0M1X1,80:9C4E:E0M1X1
80:9C4E:E0M1X1,80:9C51:E0M1X1
80:9C51:E0M1X1,80:9C54:E0M1X1
80:9C54:E0M1X1,80:9C56:E0M0X0
80:9C56:E0M0X0,80:9C59:E0M0X0
80:9C59:E0M0X0,80:9C5C:E0M0X0
80:9C5C:E0M0X0,80:9C5E:E0M1X1
80:9C5E:E0M1X1,80:9C5F:E0M1X1
80:9C5F:E0M1X1,80:9C62:E0M1X1
80:9C62:E0M1X1,80:9C65:E0M1X1
80:9C65:E0M1X1,80:9C68:E0M1X1
80:9C68:E0M1X1,80:9C69:E0M1X1
80:9C69:E0M1X1,80:9C6B:E0M1X1
80:9C6B:E0M1X1,80:9C6D:E0M1X1
80:9C6B:E0M1X1,80:9C6F:E0M1X1
80:9C6D:E0M1X1,80:9C96:E0M1X1
80:9C6F:E0M1X1,80:9C70:E0M1X1
80:9C70:E0M1X1,80:9C73:E0M1X1
80:9C73:E0M1X1,80:9C76:E0M1X1
80:9C76:E0M1X1,80:9C78:E0M0X0
80:9C78:E0M0X0,80:9C7B:E0M0X0
80:9C7B:E0M0X0,80:9C7E:E0M0X0
80:9C7E:E0M0X0,80:9C7F:E0M0X0
80:9C7F:E0M0X0,80:9C80:E0M0X0
80:9C80:E0M0X0,80:9C81:E0M0X0
80:9C81:E0M0X0,80:9C82:E0M0X0
80:9C82:E0M0X0,80:9C85:E0M0X0
80:9C85:E0M0X0,80:9C87:E0M0X0
80:9C87:E0M0X0,80:9C89:E0M1X1
80:9C89:E0M1X1,80:9C8B:E0M1X1
80:9C8B:E0M1X1,80:9C8D:E0M1X1
80:9C8D:E0M1X1,80:9C90:E0M1X1
80:9C90:E0M1X1,80:9C91:E0M1X1
80:9C91:E0M1X1,80:9C94:E0M1X1
80:9C94:E0M1X1,80:9C96:E0M1X1
80:9C94:E0M1X1,80:9CA5:E0M1X1
80:9C96:E0M1X1,80:9C98:E0M1X1
80:9C98:E0M1X1,80:9C9B:E0M1X1
80:9C9B:E0M1X1,80:9C9E:E0M1X1
80:9C9E:E0M1X1,80:9CA1:E0M1X1
80:9CA1:E0M1X1,80:9CA4:E0M1X1
80:9CA4:E0M1X1,80:9AE6:E0M1X1
80:9CA4:E0M1X1,80:9BD0:E0M1X1
80:9CA5:E0M1X1,80:9CA7:E0M1X1
80:9CA7:E0M1X1,80:9CA9:E0M1X1
80:9CA7:E0M1X1,80:9CB8:E0M1X1
80:9CA9:E0M1X1,80:9CAB:E0M1X1
80:9CAB:E0M1X1,80:9CAD:E0M1X1
80:9CAB:E0M1X1,80:9CC0:E0M1X1
80:9CAD:E0M1X1,80:9CAE:E0M1X1
80:9CAE:E0M1X1,80:9CB0:E0M1X1
80:9CB0:E0M1X1,80:9CB1:E0M1X1
80:9CB1:E0M1X1,80:9CB2:E0M1X1
80:9CB2:E0M1X1,80:9CB3:E0M1X1
80:9CB3:E0M1X1,80:9CB6:E0M1X1
80:9CB6:E0M1X1,80:9C9E:E0M1X1
80:9CB8:E0M1X1,80:9CBB:E0M1X1
80:9CBB:E0M1X1,80:9CBE:E0M1X1
80:9CBE:E0M1X1,80:9CC9:E0M1X1
80:9CC0:E0M1X1,80:9CC2:E0M1X1
80:9CC2:E0M1X1,80:9CC3:E0M1X1
80:9CC3:E0M1X1,80:9CC6:E0M1X1
80:9CC6:E0M1X1,80:9CC9:E0M1X1
80:9CC9:E0M1X1,80:9CCC:E0M1X1
80:9CCC:E0M1X1,80:9CCD:E0M1X1
80:9CCD:E0M1X1,80:9CCE:E0M1X1
80:9CCE:E0M1X1,80:9CCF:E0M1X1
80:9CCF:E0M1X1,80:9CD0:E0M1X1
80:9CD0:E0M1X1,80:9CD1:E0M1X1
80:9CD1:E0M1X1,80:9CD2:E0M1X1
80:9CD2:E0M1X1,80:9CD4:E0M1X1
80:9CD4:E0M1X1,80:9CD5:E0M1X1
80:9CD5:E0M1X1,80:9CD7:E0M1X1
80:9CD7:E0M1X1,80:9CD8:E0M1X1
80:9CD8:E0M1X1,80:9CD9:E0M1X1
80:9CD9:E0M1X1,80:9CDB:E0M1X1
80:9CDB:E0M1X1,80:9CDE:E0M1X1
80:9CDE:E0M1X1,80:9CDF:E0M1X1
80:9CDF:E0M1X1,80:9CE2:E0M1X1
80:9CE2:E0M1X1,80:9CE4:E0M1X1
80:9CE4:E0M1X1,80:9CE6:E0M1X1
80:9CE6:E0M1X1,80:9CE8:E0M1X1
80:9CE6:E0M1X1,80:9CED:E0M1X1
80:9CE8:E0M1X1,80:9CEA:E0M1X1
80:9CEA:E0M1X1,80:9CEC:E0M1X1
80:9CEA:E0M1X1,80:9CF0:E0M1X1
80:9CEC:E0M1X1,80:9CED:E0M1X1
80:9CED:E0M1X1,80:9CEE:E0M1X1
80:9CEE:E0M1X1,80:9D01:E0M1X1
80:9CF0:E0M1X1,80:9CF2:E0M1X1
80:9CF2:E0M1X1,80:9CF4:E0M1X1
80:9CF2:E0M1X1,80:9CF8:E0M1X1
80:9CF4:E0M1X1,80:9CF6:E0M1X1
80:9CF6:E0M1X1,80:9D01:E0M1X1
80:9CF8:E0M1X1,80:9CFA:E0M1X1
80:9CFA:E0M1X1,80:9CFC:E0M1X1
80:9CFA:E0M1X1,80:9CFD:E0M1X1
80:9CFC:E0M1X1,80:9CFD:E0M1X1
80:9CFD:E0M1X1,80:9CFE:E0M1X1
80:9CFE:E0M1X1,80:9D00:E0M1X1
80:9D00:E0M1X1,80:9D01:E0M1X1
80:9D01:E0M1X1,80:9D04:E0M1X1
80:9D04:E0M1X1,80:9D06:E0M1X1
80:9D06:E0M1X1,80:9D07:E0M1X1
80:9D07:E0M1X1,80:9D08:E0M1X1
80:9D08:E0M1X1,80:9D09:E0M1X1
80:9D09:E0M1X1,80:9D0C:E0M1X1
80:9D0C:E0M1X1,80:9D0F:E0M1X1
80:9D0F:E0M1X1,80:9D12:E0M1X1
80:9D12:E0M1X1,80:9D14:E0M1X1
80:9D14:E0M1X1,80:9D16:E0M1X1
80:9D14:E0M1X1,80:9D38:E0M1X1
80:9D16:E0M1X1,80:9D19:E0M1X1
80:9D19:E0M1X1,80:9D4B:E0M1X1
80:9D1C:E0M1X1,80:9D4B:E0M1X1
80:9D1F:E0M1X1,80:9D21:E0M1X1
80:9D21:E0M1X1,80:9D24:E0M1X1
80:9D24:E0M1X1,80:9D4B:E0M1X1
80:9D27:E0M1X1,80:9D4B:E0M1X1
80:9D2A:E0M1X1,80:9D2B:E0M1X1
80:9D2B:E0M1X1,80:9D2D:E0M1X1
80:9D2D:E0M1X1,80:9D2E:E0M1X1
80:9D2E:E0M1X1,80:9D31:E0M1X1
80:9D31:E0M1X1,80:9DC8:E0M1X1
80:9D34:E0M1X1,80:9D37:E0M1X1
80:9D37:E0M1X1,80:9AE6:E0M1X1
80:9D37:E0M1X1,80:9BD0:E0M1X1
80:9D38:E0M1X1,80:9D3B:E0M1X1
80:9D3B:E0M1X1,80:9D3D:E0M1X1
80:9D3D:E0M1X1,80:9D3E:E0M1X1
80:9D3E:E0M1X1,80:9D4B:E0M1X1
80:9D41:E0M1X1,80:9D4B:E0M1X1
80:9D44:E0M1X1,80:9D46:E0M1X1
80:9D46:E0M1X1,80:9D49:E0M1X1
80:9D49:E0M1X1,80:9D24:E0M1X1
80:9D4B:E0M1X1,80:9D4C:E0M1X1
80:9D4C:E0M1X1,80:9D4E:E0M1X1
80:9D4E:E0M1X1,80:9D50:E0M1X1
80:9D4E:E0M1X1,80:9D52:E0M1X1
80:9D50:E0M1X1,80:9D52:E0M1X1
80:9D52:E0M1X1,80:9B98:E0M1X1
80:9D52:E0M1X1,80:9B9E:E0M1X1
80:9D52:E0M1X1,80:9BAB:E0M1X1
80:9D52:E0M1X1,80:9BB1:E0M1X1
80:9D52:E0M1X1,80:9D1C:E0M1X1
80:9D52:E0M1X1,80:9D1F:E0M1X1
80:9D52:E0M1X1,80:9D27:E0M1X1
80:9D52:E0M1X1,80:9D2A:E0M1X1
80:9D52:E0M1X1,80:9D41:E0M1X1
80:9D52:E0M1X1,80:9D44:E0M1X1
80:9D53:E0M1X1,80:9D56:E0M1X1
80:9D56:E0M1X1,80:9D59:E0M1X1
80:9D59:E0M1X1,80:9D5C:E0M1X1
80:9D5C:E0M1X1,80:9D5E:E0M1X1
80:9D5C:E0M1X1,80:9D61:E0M1X1
80:9D5E:E0M1X1,80:9D61:E0M1X1
80:9D61:E0M1X1,80:9D63:E0M1X1
80:9D63:E0M1X1,80:9D66:E0M1X1
80:9D66:E0M1X1,80:9D69:E0M1X1
80:9D69:E0M1X1,80:9D6A:E0M1X1
80:9D6A:E0M1X1,80:9D63:E0M1X1
80:9D6A:E0M1X1,80:9D6C:E0M1X1
80:9D6C:E0M1X1,80:9D6F:E0M1X1
80:9D6F:E0M1X1,80:9D70:E0M1X1
80:9D70:E0M1X1,80:9D73:E0M1X1
80:9D73:E0M1X1,80:9D76:E0M1X1
80:9D76:E0M1X1,80:9D79:E0M1X1
80:9D79:E0M1X1,80:9D7C:E0M1X1
80:9D7C:E0M1X1,80:9D7F:E0M1X1
80:9D7F:E0M1X1,80:9B49:E0M1X1
80:9D94:E0M1X1,80:9D97:E0M1X1
80:9D97:E0M1X1,80:9D9A:E0M1X1
80:9D9A:E0M1X1,80:9DA7:E0M1X1
80:9D9C:E0M1X1,80:9D9F:E0M1X1
80:9D9F:E0M1X1,80:9DA2:E0M1X1
80:9DA2:E0M1X1,80:9DA4:E0M1X1
80:9DA2:E0M1X1,80:9DA7:E0M1X1
80:9DA4:E0M1X1,80:9DA7:E0M1X1
80:9DA7:E0M1X1,80:9DA9:E0M0X0
80:9DA9:E0M0X0,80:9DAC:E0M0X0
80:9DAC:E0M0X0,80:9DAF:E0M0X0
80:9DAF:E0M0X0,80:9DB2:E0M0X0
80:9DB2:E0M0X0,80:9DB5:E0M0X0
80:9DB5:E0M0X0,80:9DB6:E0M0X0
80:9DB6:E0M0X0,80:9DB9:E0M0X0
80:9DB9:E0M0X0,80:9DBB:E0M0X0
80:9DB9:E0M0X0,80:9DBF:E0M0X0
80:9DBB:E0M0X0,80:9DBC:E0M0X0
80:9DBC:E0M0X0,80:9DBF:E0M0X0
80:9DBF:E0M0X0,80:9DC0:E0M0X0
80:9DC0:E0M0X0,80:9DB5:E0M0X0
80:9DC0:E0M0X0,80:9DC2:E0M0X0
80:9DC2:E0M0X0,80:9DC5:E0M0X0
80:9DC5:E0M0X0,80:9DC7:E0M1X1
80:9DC7:E0M1X1,80:8D6D:E0M1X1
80:9DC7:E0M1X1,80:8D93:E0M1X1
80:9DC7:E0M1X1,80:8DDA:E0M1X1
80:9DC7:E0M1X1,80:8E00:E0M1X1
80:9DC7:E0M1X1,80:8F5A:E0M1X1
80:9DC7:E0M1X1,80:8F7D:E0M1X1
80:9DC7:E0M1X1,80:8FB0:E0M1X1
80:9DC7:E0M1X1,80:8FD6:E0M1X1
80:9DC7:E0M1X1,80:A5E5:E0M1X1
80:9DC7:E0M1X1,80:AB55:E0M1X1
80:9DC7:E0M1X1,80:AB6B:E0M1X1
80:9DC8:E0M1X1,80:9DCB:E0M1X1
80:9DCB:E0M1X1,80:9DCE:E0M1X1
80:9DCE:E0M1X1,80:9DD1:E0M1X1
80:9DD1:E0M1X1,80:9DD3:E0M1X1
80:9DD3:E0M1X1,80:9DD5:E0M1X1
80:9DD5:E0M1X1,80:9DD6:E0M1X1
80:9DD6:E0M1X1,80:9DD9:E0M1X1
80:9DD9:E0M1X1,80:9DDB:E0M1X1
80:9DD9:E0M1X1,80:9DDF:E0M1X1
80:9DDB:E0M1X1,80:9DDC:E0M1X1
80:9DDC:E0M1X1,80:9DDF:E0M1X1
80:9DDF:E0M1X1,80:9DE0:E0M1X1
80:9DE0:E0M1X1,80:9DD5:E0M1X1
80:9DE0:E0M1X1,80:9DE2:E0M1X1
80:9DE2:E0M1X1,80:9DE5:E0M1X1
80:9DE5:E0M1X1,80:9DE8:E0M1X1
80:9DE8:E0M1X1,80:9D34:E0M1X1
80:9DE9:E0M1X1,80:9DEB:E0M1X1
80:9DEB:E0M1X1,80:9DED:E0M1X1
80:9DEB:E0M1X1,80:9DF3:E0M1X1
80:9DED:E0M1X1,80:9DEF:E0M1X1
80:9DED:E0M1X1,80:9DF4:E0M1X1
80:9DEF:E0M1X1,80:9DF0:E0M1X1
80:9DF0:E0M1X1,80:9DF2:E0M1X1
80:9DF2:E0M1X1,80:9DF3:E0M1X1
80:9DF3:E0M1X1,80:8D25:E0M1X1
80:9DF3:E0M1X1,80:8D42:E0M1X1
80:9DF4:E0M1X1,80:9DF5:E0M1X1
80:9DF5:E0M1X1,80:8D25:E0M1X1
80:9DF5:E0M1X1,80:8D42:E0M1X1
80:9DF6:E0M1X1,80:9DF7:E0M1X1
80:9DF7:E0M1X1,80:9DF8:E0M1X1
80:9DF8:E0M1X1,80:9DFA:E0M1X1
80:9DFA:E0M1X1,80:9DFD:E0M1X1
80:9DFD:E0M1X1,80:9DFF:E0M1X1
80:9DFD:E0M1X1,80:9E03:E0M1X1
80:9DFF:E0M1X1,80:9E00:E0M1X1
80:9E00:E0M1X1,80:9E02:E0M1X1
80:9E02:E0M1X1,80:9E03:E0M1X1
80:9E03:E0M1X1,80:9E06:E0M1X1
80:9E06:E0M1X1,80:9E09:E0M1X1
80:9E09:E0M1X1,80:9E0B:E0M1X1
80:9E09:E0M1X1,80:9E0F:E0M1X1
80:9E0B:E0M1X1,80:9E0C:E0M1X1
80:9E0C:E0M1X1,80:9E0E:E0M1X1
80:9E0E:E0M1X1,80:9E0F:E0M1X1
80:9E0F:E0M1X1,80:9E12:E0M1X1
80:9E12:E0M1X1,80:9E14:E0M1X1
80:9E14:E0M1X1,80:9E17:E0M1X1
80:9E17:E0M1X1,80:9E1A:E0M1X1
80:9E1A:E0M1X1,80:9E1D:E0M1X1
80:9E1D:E0M1X1,80:9E20:E0M1X1
80:9E20:E0M1X1,80:9E23:E0M1X1
80:9E23:E0M1X1,80:9E25:E0M1X1
80:9E23:E0M1X1,80:9E37:E0M1X1
80:9E25:E0M1X1,80:9E26:E0M1X1
80:9E26:E0M1X1,80:9E29:E0M1X1
80:9E29:E0M1X1,80:9E2C:E0M1X1
80:9E2C:E0M1X1,80:9E2F:E0M1X1
80:9E2F:E0M1X1,80:9E32:E0M1X1
80:9E32:E0M1X1,80:9E34:E0M1X1
80:9E34:E0M1X1,80:9E37:E0M1X1
80:9E37:E0M1X1,80:9E38:E0M1X1
80:9E38:E0M1X1,80:9E1A:E0M1X1
80:9E38:E0M1X1,80:9E3A:E0M1X1
80:9E3A:E0M1X1,80:9E3B:E0M1X1
80:9E3B:E0M1X1,80:9E3D:E0M1X1
80:9E3D:E0M1X1,80:9E3F:E0M1X1
80:9E3D:E0M1X1,80:9E4D:E0M1X1
80:9E3F:E0M1X1,80:9E41:E0M0X0
80:9E41:E0M0X0,80:9E44:E0M0X0
80:9E44:E0M0X0,80:9E47:E0M0X0
80:9E47:E0M0X0,80:9E48:E0M0X0
80:9E48:E0M0X0,80:9E4B:E0M0X0
80:9E4B:E0M0X0,80:9E4D:E0M1X1
80:9E4D:E0M1X1,80:9E4E:E0M1X1
80:9E4E:E0M1X1,80:9E4F:E0M1X1
80:9E4F:E0M1X1,80:FE97:E0M1X1
80:9E50:E0M1X1,80:9E53:E0M1X1
80:9E53:E0M1X1,80:9E56:E0M1X1
80:9E56:E0M1X1,80:9E58:E0M1X1
80:9E56:E0M1X1,80:9E61:E0M1X1
80:9E58:E0M1X1,80:9E5A:E0M1X1
80:9E5A:E0M1X1,80:9E5D:E0M1X1
80:9E5D:E0M1X1,80:9E60:E0M1X1
80:9E60:E0M1X1,80:ABA1:E0M1X1
80:9E60:E0M1X1,80:FEA5:E0M1X1
80:9E61:E0M1X1,80:9E64:E0M1X1
80:9E64:E0M1X1,80:9E67:E0M1X1
80:9E67:E0M1X1,80:9E6A:E0M1X1
80:9E6A:E0M1X1,80:9E6D:E0M1X1
80:9E6D:E0M1X1,80:9E6F:E0M1X1
80:9E6D:E0M1X1,80:9E83:E0M1X1
80:9E6F:E0M1X1,80:9E72:E0M1X1
80:9E72:E0M1X1,80:9E74:E0M1X1
80:9E74:E0M1X1,80:9E75:E0M1X1
80:9E75:E0M1X1,80:9E78:E0M1X1
80:9E78:E0M1X1,80:9E7B:E0M1X1
80:9E7B:E0M1X1,80:9E7E:E0M1X1
80:9E7E:E0M1X1,80:9E80:E0M1X1
80:9E80:E0M1X1,80:9E83:E0M1X1
80:9E83:E0M1X1,80:9E86:E0M1X1
80:9E86:E0M1X1,80:9E89:E0M1X1
80:9E89:E0M1X1,80:9E8C:E0M1X1
80:9E8C:E0M1X1,80:9E8F:E0M1X1
80:9E8F:E0M1X1,80:9E92:E0M1X1
80:9E92:E0M1X1,80:9E94:E0M1X1
80:9E94:E0M1X1,80:9E95:E0M1X1
80:9E95:E0M1X1,80:9E98:E0M1X1
80:9E98:E0M1X1,80:9E9B:E0M1X1
80:9E9B:E0M1X1,80:9E94:E0M1X1
80:9E9B:E0M1X1,80:9E9D:E0M1X1
80:9E9D:E0M1X1,80:9E9E:E0M1X1
80:9E9E:E0M1X1,80:9EA0:E0M1X1
80:9EA0:E0M1X1,80:9EA1:E0M1X1
80:9EA1:E0M1X1,80:9EA4:E0M1X1
80:9EA4:E0M1X1,80:9EA7:E0M1X1
80:9EA7:E0M1X1,80:9EAA:E0M1X1
80:9EAA:E0M1X1,80:9EAD:E0M1X1
80:9EAD:E0M1X1,80:9EB0:E0M1X1
80:9EB0:E0M1X1,80:9EB3:E0M1X1
80:9EB3:E0M1X1,80:9EB5:E0M1X1
80:9EB3:E0M1X1,80:9EC9:E0M1X1
80:9EB5:E0M1X1,80:9EB6:E0M1X1
80:9EB6:E0M1X1,80:9EB9:E0M1X1
80:9EB9:E0M1X1,80:9EBC:E0M1X1
80:9EBC:E0M1X1,80:9EBF:E0M1X1
80:9EBF:E0M1X1,80:9EC2:E0M1X1
80:9EC2:E0M1X1,80:9EC5:E0M1X1
80:9EC5:E0M1X1,80:9EC8:E0M1X1
80:9EC8:E0M1X1,80:9EC9:E0M1X1
80:9EC9:E0M1X1,80:9ECC:E0M1X1
80:9ECC:E0M1X1,80:9ECF:E0M1X1
80:9ECF:E0M1X1,80:9ED2:E0M1X1
80:9ED2:E0M1X1,80:9ED5:E0M1X1
80:9ED5:E0M1X1,80:9ED6:E0M1X1
80:9ED6:E0M1X1,80:9ED8:E0M1X1
80:9ED8:E0M1X1,80:9EA0:E0M1X1
80:9ED8:E0M1X1,80:9EDA:E0M1X1
80:9EDA:E0M1X1,80:9EDB:E0M1X1
80:9EDB:E0M1X1,80:9EDD:E0M1X1
80:9EDD:E0M1X1,80:9EDE:E0M1X1
80:9EDE:E0M1X1,80:9EE1:E0M1X1
80:9EE1:E0M1X1,80:9EE4:E0M1X1
80:9EE4:E0M1X1,80:9EE5:E0M1X1
80:9EE5:E0M1X1,80:9EE7:E0M1X1
80:9EE5:E0M1X1,80:9EF0:E0M1X1
80:9EE7:E0M1X1,80:9EEA:E0M1X1
80:9EEA:E0M1X1,80:9EED:E0M1X1
80:9EED:E0M1X1,80:9EEE:E0M1X1
80:9EEE:E0M1X1,80:9EE5:E0M1X1
80:9EEE:E0M1X1,80:9EF0:E0M1X1
80:9EF0:E0M1X1,80:9EF3:E0M1X1
80:9EF3:E0M1X1,80:9EF5:E0M1X1
80:9EF3:E0M1X1,80:9F06:E0M1X1
80:9EF5:E0M1X1,80:9EF7:E0M1X1
80:9EF7:E0M1X1,80:9EF8:E0M1X1
80:9EF8:E0M1X1,80:9EFB:E0M1X1
80:9EFB:E0M1X1,80:9EFE:E0M1X1
80:9EFE:E0M1X1,80:9F00:E0M1X1
80:9F00:E0M1X1,80:9F03:E0M1X1
80:9F03:E0M1X1,80:9F06:E0M1X1
80:9F06:E0M1X1,80:ABA1:E0M1X1
80:9F06:E0M1X1,80:FEA5:E0M1X1
80:9F07:E0M1X1,80:9F08:E0M1X1
80:9F08:E0M1X1,80:9F0B:E0M1X1
80:9F0B:E0M1X1,80:9F0D:E0M1X1
80:9F0D:E0M1X1,80:9F10:E0M1X1
80:9F10:E0M1X1,80:9F12:E0M1X1
80:9F12:E0M1X1,80:9F15:E0M1X1
80:9F15:E0M1X1,80:9F17:E0M1X1
80:9F17:E0M1X1,80:9F19:E0M1X1
80:9F17:E0M1X1,80:9F22:E0M1X1
80:9F19:E0M1X1,80:9F1A:E0M1X1
80:9F1A:E0M1X1,80:9F1C:E0M1X1
80:9F1C:E0M1X1,80:9F1E:E0M1X1
80:9F1C:E0M1X1,80:9F29:E0M1X1
80:9F1E:E0M1X1,80:9F20:E0M1X1
80:9F20:E0M1X1,80:9F29:E0M1X1
80:9F22:E0M1X1,80:9F23:E0M1X1
80:9F23:E0M1X1,80:9F25:E0M1X1
80:9F25:E0M1X1,80:9F27:E0M1X1
80:9F25:E0M1X1,80:9F29:E0M1X1
80:9F27:E0M1X1,80:9F29:E0M1X1
80:9F29:E0M1X1,80:9F2B:E0M1X1
80:9F2B:E0M1X1,80:9F2D:E0M1X1
80:9F2D:E0M1X1,80:9F2E:E0M1X1
80:9F2E:E0M1X1,80:9F30:E0M1X1
80:9F30:E0M1X1,80:9F32:E0M1X1
80:9F32:E0M1X1,80:9F35:E0M1X1
80:9F35:E0M1X1,80:9A24:E0M1X1
80:9F36:E0M1X1,80:9F39:E0M1X1
80:9F39:E0M1X1,80:9F3B:E0M1X1
80:9F3B:E0M1X1,80:9F3D:E0M1X1
80:9F3B:E0M1X1,80:9F45:E0M1X1
80:9F3D:E0M1X1,80:9F3F:E0M1X1
80:9F3F:E0M1X1,80:9F42:E0M1X1
80:9F42:E0M1X1,80:9F45:E0M1X1
80:9F45:E0M1X1,80:9F48:E0M1X1
80:9F48:E0M1X1,80:9F4A:E0M1X1
80:9F48:E0M1X1,80:9F4B:E0M1X1
80:9F4A:E0M1X1,80:9A41:E0M1X1
80:9F4B:E0M1X1,80:DC26:E0M1X1
80:9F4E:E0M1X1,80:9F50:E0M1X1
80:9F50:E0M1X1,80:9F53:E0M1X1
80:9F53:E0M1X1,80:9F55:E0M1X1
80:9F55:E0M1X1,80:9F57:E0M1X1
80:9F55:E0M1X1,80:9F5B:E0M1X1
80:9F57:E0M1X1,80:9F59:E0M1X1
80:9F59:E0M1X1,80:9F5B:E0M1X1
80:9F59:E0M1X1,80:9F5D:E0M1X1
80:9F5B:E0M1X1,80:9F5D:E0M1X1
80:9F5D:E0M1X1,80:9F5E:E0M1X1
80:9F5E:E0M1X1,80:9F5F:E0M1X1
80:9F5F:E0M1X1,80:9F60:E0M1X1
80:9F60:E0M1X1,80:9F63:E0M1X1
80:9F63:E0M1X1,80:9F98:E0M1X1
80:9F66:E0M1X1,80:9F69:E0M1X1
80:9F69:E0M1X1,80:9F98:E0M1X1
80:9F6C:E0M1X1,80:9F6F:E0M1X1
80:9F6F:E0M1X1,80:9F98:E0M1X1
80:9F72:E0M1X1,80:9F75:E0M1X1
80:9F75:E0M1X1,80:9F98:E0M1X1
80:9F98:E0M1X1,80:9F9A:E0M1X1
80:9F9A:E0M1X1,80:9F9B:E0M1X1
80:9F9B:E0M1X1,80:9F9E:E0M1X1
80:9F9E:E0M1X1,80:9FA0:E0M0X0
80:9FA0:E0M0X0,80:9FA3:E0M0X0
80:9FA3:E0M0X0,80:9FA6:E0M0X0
80:9FA6:E0M0X0,80:9FA8:E0M0X0
80:9FA6:E0M0X0,80:A005:E0M0X0
80:9FA8:E0M0X0,80:D1C7:E0M0X0
80:9FAB:E0M0X0,80:9FAE:E0M0X0
80:9FAE:E0M0X0,80:9FAF:E0M0X0
80:9FAF:E0M0X0,80:9FB0:E0M0X0
80:9FB0:E0M0X0,80:9FB3:E0M0X0
80:9FB3:E0M0X0,80:9FB6:E0M0X0
80:9FB6:E0M0X0,80:9FB9:E0M0X0
80:9FB9:E0M0X0,80:9FBC:E0M0X0
80:9FBC:E0M0X0,80:9FBF:E0M0X0
80:9FBF:E0M0X0,80:9FC2:E0M0X0
80:9FC2:E0M0X0,80:9FC5:E0M0X0
80:9FC5:E0M0X0,80:DC26:E0M0X0
80:9FC8:E0M0X0,80:9FCB:E0M0X0
80:9FCB:E0M0X0,80:9FCC:E0M0X0
80:9FCC:E0M0X0,80:9FCD:E0M0X0
80:9FCD:E0M0X0,80:9FD0:E0M0X0
80:9FD0:E0M0X0,80:9FD3:E0M0X0
80:9FD3:E0M0X0,80:9FD6:E0M0X0
80:9FD6:E0M0X0,80:DC26:E0M0X0
80:9FD9:E0M0X0,80:9FDC:E0M0X0
80:9FDC:E0M0X0,80:9FDD:E0M0X0
80:9FDD:E0M0X0,80:9FE0:E0M0X0
80:9FE0:E0M0X0,80:9FE3:E0M0X0
80:9FE3:E0M0X0,80:9FE5:E0M0X0
80:9FE5:E0M0X0,80:9FE8:E0M0X0
80:9FE8:E0M0X0,80:9FE9:E0M0X0
80:9FE9:E0M0X0,80:9FEC:E0M0X0
80:9FEC:E0M0X0,80:9FEF:E0M0X0
80:9FEF:E0M0X0,80:9FF2:E0M0X0
80:9FF2:E0M0X0,80:9FF5:E0M0X0
80:9FF5:E0M0X0,80:9FF8:E0M0X0
80:9FF8:E0M0X0,80:9FFA:E0M1X1
80:9FFA:E0M1X1,80:9FFD:E0M1X1
80:9FFD:E0M1X1,80:9FFF:E0M1X1
80:9FFF:E0M1X1,80:95E5:E0M1X1
80:A002:E0M1X1,80:A005:E0M1X1
80:A005:E0M0X0,80:A007:E0M1X1
80:A005:E0M1X1,80:A007:E0M1X1
80:A007:E0M1X1,80:A008:E0M1X1
80:A008:E0M1X1,80:9A41:E0M1X1
80:A008:E0M1X1,80:9F66:E0M1X1
80:A008:E0M1X1,80:9F6C:E0M1X1
80:A008:E0M1X1,80:9F72:E0M1X1
80:A009:E0M1X1,80:A00C:E0M1X1
80:A00C:E0M1X1,80:A00F:E0M1X1
80:A00F:E0M1X1,80:A012:E0M1X1
80:A012:E0M1X1,80:A013:E0M1X1
80:A013:E0M1X1,80:A016:E0M1X1
80:A016:E0M1X1,80:A017:E0M1X1
80:A017:E0M1X1,80:A01A:E0M1X1
80:A01A:E0M1X1,80:A01D:E0M1X1
80:A01D:E0M1X1,80:8B92:E0M1X1
80:A1F2:E0M1X1,80:A1F3:E0M1X1
80:A1F3:E0M1X1,80:A1F4:E0M1X1
80:A1F4:E0M1X1,80:A1F5:E0M1X1
80:A1F5:E0M1X1,80:A1FA:E0M1X1
80:A1F8:E0M1X1,80:A1F9:E0M1X1
80:A1F9:E0M1X1,81:9E11:E0M1X1
80:A1F9:E0M1X1,81:F901:E0M1X1
80:A1FA:E0M1X1,80:A1FC:E0M0X0
80:A1FC:E0M0X0,80:A1FF:E0M0X0
80:A1FF:E0M0X0,80:A202:E0M0X0
80:A202:E0M0X0,80:A205:E0M0X0
80:A205:E0M0X0,80:A208:E0M0X0
80:A208:E0M0X0,80:A20B:E0M0X0
80:A20B:E0M0X0,80:A20E:E0M0X0
80:A20E:E0M0X0,80:A211:E0M0X0
80:A211:E0M0X0,80:A214:E0M0X0
80:A214:E0M0X0,80:A215:E0M0X0
80:A215:E0M0X0,80:A211:E0M0X0
80:A215:E0M0X0,80:A217:E0M0X0
80:A217:E0M0X0,80:A219:E0M1X1
80:A219:E0M1X1,80:A1F8:E0M1X1
80:A219:E0M1X1,80:C2F1:E0M1X1
80:A21A:E0M0X0,80:A21B:E0M0X0
80:A21B:E0M0X0,80:A21C:E0M0X0
80:A21C:E0M0X0,80:A21D:E0M0X0
80:A21D:E0M0X0,80:A21E:E0M0X0
80:A21E:E0M0X0,80:A21F:E0M0X0
80:A21F:E0M0X0,80:A226:E0M0X0
80:A222:E0M0X0,80:A223:E0M0X0
80:A223:E0M0X0,80:A224:E0M0X0
80:A224:E0M0X0,80:A225:E0M0X0
80:A225:E0M0X0,81:90E1:E0M0X0
80:A225:E0M0X0,81:9EBF:E0M0X0
80:A225:E0M0X0,81:B36F:E0M0X0
80:A225:E0M0X0,81:B388:E0M0X0
80:A225:E0M0X0,81:B392:E0M0X0
80:A225:E0M0X0,81:B418:E0M0X0
80:A225:E0M0X0,81:FB91:E0M0X0
80:A225:E0M0X0,81:FBFB:E0M0X0
80:A225:E0M0X0,81:FC46:E0M0X0
80:A225:E0M0X0,81:FC86:E0M0X0
80:A225:E0M0X0,81:FCC4:E0M0X0
80:A226:E0M0X0,80:A229:E0M0X0
80:A229:E0M0X0,80:A22C:E0M0X0
80:A22C:E0M0X0,80:A22E:E0M0X0
80:A22E:E0M0X0,80:A22F:E0M0X0
80:A22F:E0M0X0,80:A230:E0M0X0
80:A230:E0M0X0,80:A231:E0M0X0
80:A231:E0M0X0,80:A232:E0M0X0
80:A232:E0M0X0,80:A233:E0M0X0
80:A233:E0M0X0,80:A236:E0M0X0
80:A236:E0M0X0,80:A238:E0M0X0
80:A238:E0M0X0,80:A23A:E0M0X0
80:A23A:E0M0X0,80:A23C:E0M0X0
80:A23C:E0M0X0,80:A23E:E0M1X1
80:A23E:E0M1X1,80:A240:E0M1X1
80:A240:E0M1X1,80:A242:E0M1X1
80:A242:E0M1X1,80:A245:E0M1X1
80:A245:E0M1X1,80:A247:E0M1X1
80:A247:E0M1X1,80:A24A:E0M1X1
80:A24A:E0M1X1,80:A24C:E0M1X1
80:A24C:E0M1X1,80:A24F:E0M1X1
80:A24F:E0M1X1,80:A251:E0M1X1
80:A251:E0M1X1,80:A254:E0M1X1
80:A254:E0M1X1,80:A256:E0M1X1
80:A256:E0M1X1,80:A259:E0M1X1
80:A259:E0M1X1,80:A25B:E0M1X1
80:A25B:E0M1X1,80:A25E:E0M1X1
80:A25E:E0M1X1,80:A260:E0M1X1
80:A260:E0M1X1,80:A263:E0M1X1
80:A263:E0M1X1,80:A265:E0M1X1
80:A265:E0M1X1,80:A268:E0M1X1
80:A268:E0M1X1,80:A26A:E0M1X1
80:A26A:E0M1X1,80:A26D:E0M1X1
80:A26D:E0M1X1,80:A26F:E0M1X1
80:A26F:E0M1X1,80:A272:E0M1X1
80:A272:E0M1X1,80:A274:E0M1X1
80:A274:E0M1X1,80:A276:E0M1X1
80:A276:E0M1X1,80:A277:E0M1X1
80:A277:E0M1X1,80:A279:E0M1X1
80:A279:E0M1X1,80:A240:E0M1X1
80:A279:E0M1X1,80:A27B:E0M1X1
80:A27B:E0M1X1,80:A27D:E0M0X0
80:A27D:E0M0X0,80:A222:E0M0X0
80:A27E:E0M0X0,80:A27F:E0M0X0
80:A27F:E0M0X0,80:A280:E0M0X0
80:A280:E0M0X0,80:A281:E0M0X0
80:A281:E0M0X0,80:A282:E0M0X0
80:A282:E0M0X0,80:A283:E0M0X0
80:A283:E0M0X0,80:A28A:E0M0X0
80:A286:E0M0X0,80:A287:E0M0X0
80:A287:E0M0X0,80:A288:E0M0X0
80:A288:E0M0X0,80:A289:E0M0X0
80:A289:E0M0X0,81:90F6:E0M0X0
80:A289:E0M0X0,81:9206:E0M0X0
80:A289:E0M0X0,81:B61D:E0M0X0
80:A289:E0M0X0,81:B627:E0M0X0
80:A28A:E0M0X0,80:A28C:E0M0X0
80:A28C:E0M0X0,80:A28D:E0M0X0
80:A28D:E0M0X0,80:A28E:E0M0X0
80:A28E:E0M0X0,80:A28F:E0M0X0
80:A28F:E0M0X0,80:A290:E0M0X0
80:A290:E0M0X0,80:A293:E0M0X0
80:A293:E0M0X0,80:A295:E0M0X0
80:A295:E0M0X0,80:A297:E0M0X0
80:A297:E0M0X0,80:A299:E0M0X0
80:A299:E0M0X0,80:A29B:E0M1X1
80:A29B:E0M1X1,80:A29D:E0M1X1
80:A29D:E0M1X1,80:A2A0:E0M1X1
80:A2A0:E0M1X1,80:A2A2:E0M1X1
80:A2A2:E0M1X1,80:A2A5:E0M1X1
80:A2A5:E0M1X1,80:A2A7:E0M1X1
80:A2A7:E0M1X1,80:A2AA:E0M1X1
80:A2AA:E0M1X1,80:A2AC:E0M1X1
80:A2AC:E0M1X1,80:A2AF:E0M1X1
80:A2AF:E0M1X1,80:A2B1:E0M0X0
80:A2B1:E0M0X0,80:A2B4:E0M0X0
80:A2B4:E0M0X0,80:A2B6:E0M0X0
80:A2B6:E0M0X0,80:A2B9:E0M0X0
80:A2B9:E0M0X0,80:A2BB:E0M0X0
80:A2BB:E0M0X0,80:A2BE:E0M0X0
80:A2BE:E0M0X0,80:A2C1:E0M0X0
80:A2C1:E0M0X0,80:A2C4:E0M0X0
80:A2C4:E0M0X0,80:A2C6:E0M1X1
80:A2C6:E0M1X1,80:A2C8:E0M1X1
80:A2C8:E0M1X1,80:A2CB:E0M1X1
80:A2CB:E0M1X1,80:A2CD:E0M0X0
80:A2CD:E0M0X0,80:A2CF:E0M0X0
80:A2CF:E0M0X0,80:A2D0:E0M0X0
80:A2D0:E0M0X0,80:A2D3:E0M0X0
80:A2D3:E0M0X0,80:A2D5:E0M0X0
80:A2D5:E0M0X0,80:A2D7:E0M0X0
80:A2D7:E0M0X0,80:A2D8:E0M0X0
80:A2D8:E0M0X0,80:A2B4:E0M0X0
80:A2D8:E0M0X0,80:A2DA:E0M0X0
80:A2DA:E0M0X0,80:A286:E0M0X0
80:A2DA:E0M0X0,80:C047:E0M0X0
80:A2DA:E0M0X0,80:C05B:E0M0X0
80:A2DB:E0M0X0,80:A2DC:E0M0X0
80:A2DC:E0M0X0,80:A2DD:E0M0X0
80:A2DD:E0M0X0,80:A2DE:E0M0X0
80:A2DE:E0M0X0,80:A2DF:E0M0X0
80:A2DF:E0M0X0,80:A2E0:E0M0X0
80:A2E0:E0M0X0,80:A2E7:E0M0X0
80:A2E3:E0M0X0,80:A2E4:E0M0X0
80:A2E4:E0M0X0,80:A2E5:E0M0X0
80:A2E5:E0M0X0,80:A2E6:E0M0X0
80:A2E6:E0M0X0,81:9ED3:E0M0X0
80:A2E7:E0M0X0,80:A2E9:E0M0X0
80:A2E9:E0M0X0,80:A2EA:E0M0X0
80:A2EA:E0M0X0,80:A2EB:E0M0X0
80:A2EB:E0M0X0,80:A2EC:E0M0X0
80:A2EC:E0M0X0,80:A2ED:E0M0X0
80:A2ED:E0M0X0,80:A2F0:E0M0X0
80:A2F0:E0M0X0,80:A2F2:E0M0X0
80:A2F2:E0M0X0,80:A2F4:E0M0X0
80:A2F4:E0M0X0,80:A2F6:E0M0X0
80:A2F6:E0M0X0,80:A2F8:E0M1X1
80:A2F8:E0M1X1,80:A2FA:E0M1X1
80:A2FA:E0M1X1,80:A2FD:E0M1X1
80:A2FD:E0M1X1,80:A2FF:E0M1X1
80:A2FF:E0M1X1,80:A302:E0M1X1
80:A302:E0M1X1,80:A304:E0M1X1
80:A304:E0M1X1,80:A307:E0M1X1
80:A307:E0M1X1,80:A309:E0M1X1
80:A309:E0M1X1,80:A30C:E0M1X1
80:A30C:E0M1X1,80:A30E:E0M0X0
80:A30E:E0M0X0,80:A311:E0M0X0
80:A311:E0M0X0,80:A313:E0M0X0
80:A313:E0M0X0,80:A316:E0M0X0
80:A316:E0M0X0,80:A318:E0M0X0
80:A318:E0M0X0,80:A31B:E0M0X0
80:A31B:E0M0X0,80:A31E:E0M0X0
80:A31E:E0M0X0,80:A321:E0M0X0
80:A321:E0M0X0,80:A323:E0M1X1
80:A323:E0M1X1,80:A325:E0M1X1
80:A325:E0M1X1,80:A328:E0M1X1
80:A328:E0M1X1,80:A32A:E0M0X0
80:A32A:E0M0X0,80:A32C:E0M0X0
80:A32C:E0M0X0,80:A32D:E0M0X0
80:A32D:E0M0X0,80:A330:E0M0X0
80:A330:E0M0X0,80:A332:E0M0X0
80:A332:E0M0X0,80:A334:E0M0X0
80:A334:E0M0X0,80:A335:E0M0X0
80:A335:E0M0X0,80:A311:E0M0X0
80:A335:E0M0X0,80:A337:E0M0X0
80:A337:E0M0X0,80:A2E3:E0M0X0
80:A337:E0M0X0,80:C085:E0M0X0
80:A337:E0M0X0,80:CB64:E0M0X0
80:A338:E0M0X0,80:A339:E0M0X0
80:A339:E0M0X0,80:A33A:E0M0X0
80:A33A:E0M0X0,80:A33B:E0M0X0
80:A33B:E0M0X0,80:A33C:E0M0X0
80:A33C:E0M0X0,80:A33D:E0M0X0
80:A33D:E0M0X0,80:A344:E0M0X0
80:A340:E0M0X0,80:A341:E0M0X0
80:A341:E0M0X0,80:A342:E0M0X0
80:A342:E0M0X0,80:A343:E0M0X0
80:A343:E0M0X0,81:9EC9:E0M0X0
80:A344:E0M0X0,80:A346:E0M0X0
80:A346:E0M0X0,80:A347:E0M0X0
80:A347:E0M0X0,80:A348:E0M0X0
80:A348:E0M0X0,80:A349:E0M0X0
80:A349:E0M0X0,80:A34A:E0M0X0
80:A34A:E0M0X0,80:A34D:E0M0X0
80:A34D:E0M0X0,80:A34F:E0M0X0
80:A34F:E0M0X0,80:A351:E0M0X0
80:A351:E0M0X0,80:A353:E0M0X0
80:A353:E0M0X0,80:A355:E0M1X1
80:A355:E0M1X1,80:A357:E0M1X1
80:A357:E0M1X1,80:A35A:E0M1X1
80:A35A:E0M1X1,80:A35C:E0M1X1
80:A35C:E0M1X1,80:A35F:E0M1X1
80:A35F:E0M1X1,80:A361:E0M1X1
80:A361:E0M1X1,80:A364:E0M1X1
80:A364:E0M1X1,80:A366:E0M1X1
80:A366:E0M1X1,80:A369:E0M1X1
80:A369:E0M1X1,80:A36B:E0M0X0
80:A36B:E0M0X0,80:A36E:E0M0X0
80:A36E:E0M0X0,80:A370:E0M0X0
80:A370:E0M0X0,80:A373:E0M0X0
80:A373:E0M0X0,80:A375:E0M0X0
80:A375:E0M0X0,80:A378:E0M0X0
80:A378:E0M0X0,80:A37B:E0M0X0
80:A37B:E0M0X0,80:A37E:E0M0X0
80:A37E:E0M0X0,80:A380:E0M1X1
80:A380:E0M1X1,80:A382:E0M1X1
80:A382:E0M1X1,80:A385:E0M1X1
80:A385:E0M1X1,80:A387:E0M0X0
80:A387:E0M0X0,80:A389:E0M0X0
80:A389:E0M0X0,80:A38A:E0M0X0
80:A38A:E0M0X0,80:A38D:E0M0X0
80:A38D:E0M0X0,80:A38F:E0M0X0
80:A38F:E0M0X0,80:A391:E0M0X0
80:A391:E0M0X0,80:A392:E0M0X0
80:A392:E0M0X0,80:A36E:E0M0X0
80:A392:E0M0X0,80:A394:E0M0X0
80:A394:E0M0X0,80:A340:E0M0X0
80:A395:E0M1X1,80:A397:E0M0X0
80:A397:E0M0X0,80:A39A:E0M0X0
80:A39A:E0M0X0,80:83A3:E0M0X0
80:A39D:E0M0X0,80:A39F:E0M1X1
80:A39F:E0M1X1,80:B981:E0M1X1
80:A3A0:E0M1X1,80:A3A1:E0M1X1
80:A3A1:E0M1X1,80:A3A2:E0M1X1
80:A3A2:E0M1X1,80:A3A3:E0M1X1
80:A3A3:E0M1X1,80:A3A8:E0M1X1
80:A3A6:E0M1X1,80:A3A7:E0M1X1
80:A3A7:E0M1X1,81:8DC4:E0M1X1
80:A3A7:E0M1X1,81:948A:E0M1X1
80:A3A7:E0M1X1,81:A615:E0M1X1
80:A3A7:E0M1X1,81:A6DB:E0M1X1
80:A3A7:E0M1X1,81:AD66:E0M1X1
80:A3A7:E0M1X1,81:AFE4:E0M1X1
80:A3A7:E0M1X1,81:B7B0:E0M1X1
80:A3A7:E0M1X1,81:BB06:E0M1X1
80:A3A7:E0M1X1,81:C652:E0M1X1
80:A3A7:E0M1X1,81:C888:E0M1X1
80:A3A7:E0M1X1,81:D0B7:E0M1X1
80:A3A7:E0M1X1,81:F4C2:E0M1X1
80:A3A7:E0M1X1,81:F4F6:E0M1X1
80:A3A7:E0M1X1,81:F94C:E0M1X1
80:A3A7:E0M1X1,9F:F692:E0M1X1
80:A3A7:E0M1X1,9F:F711:E0M1X1
80:A3A7:E0M1X1,9F:F820:E0M1X1
80:A3A7:E0M1X1,9F:F963:E0M1X1
80:A3A8:E0M1X1,80:A3AA:E0M1X1
80:A3AA:E0M1X1,80:A3AB:E0M1X1
80:A3AB:E0M1X1,80:A444:E0M1X1
80:A3AE:E0M1X1,80:A3AF:E0M1X1
80:A3AF:E0M1X1,80:A3B2:E0M1X1
80:A3B2:E0M1X1,80:A3B5:E0M1X1
80:A3B5:E0M1X1,80:A3B7:E0M1X1
80:A3B7:E0M1X1,80:A3B9:E0M1X1
80:A3B9:E0M1X1,80:A3BA:E0M1X1
80:A3BA:E0M1X1,80:A3B9:E0M1X1
80:A3BA:E0M1X1,80:A3BC:E0M1X1
80:A3BC:E0M1X1,80:A3BD:E0M1X1
80:A3BD:E0M1X1,80:A3B9:E0M1X1
80:A3BD:E0M1X1,80:A3BF:E0M1X1
80:A3BF:E0M1X1,80:A3C2:E0M1X1
80:A3C2:E0M1X1,80:A3C3:E0M1X1
80:A3C3:E0M1X1,80:A3C5:E0M1X1
80:A3C5:E0M1X1,80:A3AA:E0M1X1
80:A3C5:E0M1X1,80:A3C7:E0M1X1
80:A3C7:E0M1X1,80:A3A6:E0M1X1
80:A3C7:E0M1X1,80:BA2F:E0M1X1
80:A3EA:E0M1X1,80:A3EB:E0M1X1
80:A3EB:E0M1X1,80:A3EC:E0M1X1
80:A3EC:E0M1X1,80:A3ED:E0M1X1
80:A3ED:E0M1X1,80:A3F2:E0M1X1
80:A3F0:E0M1X1,80:A3F1:E0M1X1
80:A3F1:E0M1X1,81:8E75:E0M1X1
80:A3F1:E0M1X1,81:94CF:E0M1X1
80:A3F1:E0M1X1,81:A645:E0M1X1
80:A3F1:E0M1X1,81:A701:E0M1X1
80:A3F1:E0M1X1,81:AD6D:E0M1X1
80:A3F1:E0M1X1,81:B035:E0M1X1
80:A3F1:E0M1X1,81:B07D:E0M1X1
80:A3F1:E0M1X1,81:B8C3:E0M1X1
80:A3F1:E0M1X1,81:BB4E:E0M1X1
80:A3F1:E0M1X1,81:BE5F:E0M1X1
80:A3F1:E0M1X1,81:C85E:E0M1X1
80:A3F1:E0M1X1,81:D0F2:E0M1X1
80:A3F1:E0M1X1,81:F51B:E0M1X1
80:A3F1:E0M1X1,81:F987:E0M1X1
80:A3F1:E0M1X1,9F:F60D:E0M1X1
80:A3F1:E0M1X1,9F:F639:E0M1X1
80:A3F1:E0M1X1,9F:F66E:E0M1X1
80:A3F1:E0M1X1,9F:F6E2:E0M1X1
80:A3F1:E0M1X1,9F:F8E9:E0M1X1
80:A3F1:E0M1X1,9F:FA8A:E0M1X1
80:A3F2:E0M1X1,80:A3F4:E0M1X1
80:A3F4:E0M1X1,80:A3F7:E0M1X1
80:A3F7:E0M1X1,80:A444:E0M1X1
80:A3FA:E0M1X1,80:A3FD:E0M1X1
80:A3FD:E0M1X1,80:A400:E0M1X1
80:A400:E0M1X1,80:A402:E0M1X1
80:A402:E0M1X1,80:A404:E0M1X1
80:A404:E0M1X1,80:A405:E0M1X1
80:A405:E0M1X1,80:A404:E0M1X1
80:A405:E0M1X1,80:A407:E0M1X1
80:A407:E0M1X1,80:A408:E0M1X1
80:A408:E0M1X1,80:A404:E0M1X1
80:A408:E0M1X1,80:A40A:E0M1X1
80:A40A:E0M1X1,80:A40D:E0M1X1
80:A40D:E0M1X1,80:A3F7:E0M1X1
80:A40D:E0M1X1,80:A40F:E0M1X1
80:A40F:E0M1X1,80:A411:E0M1X1
80:A411:E0M1X1,80:A414:E0M1X1
80:A414:E0M1X1,80:A3F0:E0M1X1
80:A414:E0M1X1,80:BD2B:E0M1X1
80:A415:E0M1X1,80:A416:E0M1X1
80:A416:E0M1X1,80:A417:E0M1X1
80:A417:E0M1X1,80:A418:E0M1X1
80:A418:E0M1X1,80:A41D:E0M1X1
80:A41B:E0M1X1,80:A41C:E0M1X1
80:A41C:E0M1X1,81:9E0D:E0M1X1
80:A41C:E0M1X1,81:F458:E0M1X1
80:A41D:E0M1X1,80:A41F:E0M0X0
80:A41F:E0M0X0,80:A422:E0M0X0
80:A422:E0M0X0,80:A424:E0M1X1
80:A424:E0M1X1,80:A426:E0M1X1
80:A426:E0M1X1,80:A428:E0M1X1
80:A428:E0M1X1,80:A42B:E0M1X1
80:A42B:E0M1X1,80:A42D:E0M1X1
80:A42D:E0M1X1,80:A430:E0M1X1
80:A430:E0M1X1,80:A433:E0M1X1
80:A433:E0M1X1,80:A436:E0M1X1
80:A436:E0M1X1,80:A437:E0M1X1
80:A437:E0M1X1,80:A426:E0M1X1
80:A437:E0M1X1,80:A439:E0M1X1
80:A439:E0M1X1,80:A43B:E0M1X1
80:A43B:E0M1X1,80:A43D:E0M1X1
80:A43D:E0M1X1,80:A440:E0M1X1
80:A440:E0M1X1,80:A441:E0M1X1
80:A441:E0M1X1,80:A43D:E0M1X1
80:A441:E0M1X1,80:A443:E0M1X1
80:A443:E0M1X1,80:A41B:E0M1X1
80:A443:E0M1X1,80:C2EE:E0M1X1
80:A444:E0M1X1,80:A447:E0M1X1
80:A447:E0M1X1,80:A449:E0M1X1
80:A449:E0M1X1,80:A444:E0M1X1
80:A449:E0M1X1,80:A44B:E0M1X1
80:A44B:E0M1X1,80:A3AE:E0M1X1
80:A44B:E0M1X1,80:A3FA:E0M1X1
80:A454:E0M1X1,80:A457:E0M1X1
80:A457:E0M1X1,80:A459:E0M1X1
80:A457:E0M1X1,80:A4B4:E0M1X1
80:A459:E0M1X1,80:A45C:E0M1X1
80:A45C:E0M1X1,80:A45E:E0M1X1
80:A45C:E0M1X1,80:A4B4:E0M1X1
80:A45E:E0M1X1,80:A461:E0M1X1
80:A461:E0M1X1,80:A463:E0M1X1
80:A461:E0M1X1,80:A468:E0M1X1
80:A463:E0M1X1,80:A466:E0M1X1
80:A466:E0M1X1,80:A468:E0M1X1
80:A466:E0M1X1,80:A4B4:E0M1X1
80:A468:E0M1X1,80:A4B5:E0M1X1
80:A46B:E0M1X1,80:A46E:E0M1X1
80:A46E:E0M1X1,80:A470:E0M1X1
80:A46E:E0M1X1,80:A473:E0M1X1
80:A470:E0M1X1,80:ABC2:E0M1X1
80:A473:E0M1X1,80:A476:E0M1X1
80:A476:E0M1X1,80:A479:E0M1X1
80:A479:E0M1X1,80:A47A:E0M1X1
80:A47A:E0M1X1,80:A47D:E0M1X1
80:A47D:E0M1X1,80:A47F:E0M1X1
80:A47D:E0M1X1,80:A484:E0M1X1
80:A47F:E0M1X1,80:A481:E0M1X1
80:A481:E0M1X1,80:A483:E0M1X1
80:A481:E0M1X1,80:A484:E0M1X1
80:A483:E0M1X1,80:9232:E0M1X1
80:A484:E0M1X1,80:A487:E0M1X1
80:A487:E0M1X1,80:A488:E0M1X1
80:A488:E0M1X1,80:A489:E0M1X1
80:A489:E0M1X1,80:A484:E0M1X1
80:A489:E0M1X1,80:A4B4:E0M1X1
80:A489:E0M1X1,80:A632:E0M1X1
80:A489:E0M1X1,80:A668:E0M1X1
80:A489:E0M1X1,80:A69E:E0M1X1
80:A489:E0M1X1,80:A6F8:E0M1X1
80:A489:E0M1X1,80:A751:E0M1X1
80:A489:E0M1X1,80:A7AB:E0M1X1
80:A489:E0M1X1,80:A804:E0M1X1
80:A489:E0M1X1,80:A877:E0M1X1
80:A489:E0M1X1,80:A931:E0M1X1
80:A489:E0M1X1,80:A9EB:E0M1X1
80:A489:E0M1X1,80:AA9B:E0M1X1
80:A4B4:E0M1X1,80:9232:E0M1X1
80:A4B5:E0M1X1,80:A540:E0M1X1
80:A4B8:E0M1X1,80:A4BB:E0M1X1
80:A4BB:E0M1X1,80:A4BE:E0M1X1
80:A4BE:E0M1X1,80:A4C1:E0M1X1
80:A4C1:E0M1X1,80:A4C3:E0M1X1
80:A4C1:E0M1X1,80:A4C5:E0M1X1
80:A4C3:E0M1X1,80:A4C8:E0M1X1
80:A4C5:E0M1X1,80:A4C7:E0M1X1
80:A4C7:E0M1X1,80:A4C8:E0M1X1
80:A4C8:E0M1X1,80:A4CB:E0M1X1
80:A4CB:E0M1X1,80:A4CE:E0M1X1
80:A4CE:E0M1X1,80:A4D0:E0M1X1
80:A4CE:E0M1X1,80:A4DB:E0M1X1
80:A4D0:E0M1X1,80:A4D2:E0M1X1
80:A4D0:E0M1X1,80:A4E4:E0M1X1
80:A4D2:E0M1X1,80:A4D5:E0M1X1
80:A4D5:E0M1X1,80:A4D7:E0M1X1
80:A4D5:E0M1X1,80:A513:E0M1X1
80:A4D7:E0M1X1,80:A4D9:E0M1X1
80:A4D7:E0M1X1,80:A4F7:E0M1X1
80:A4D9:E0M1X1,80:A50B:E0M1X1
80:A4DB:E0M1X1,80:A4DE:E0M1X1
80:A4DE:E0M1X1,80:A4E0:E0M1X1
80:A4DE:E0M1X1,80:A503:E0M1X1
80:A4E0:E0M1X1,80:A4E2:E0M1X1
80:A4E0:E0M1X1,80:A4F3:E0M1X1
80:A4E2:E0M1X1,80:A4FB:E0M1X1
80:A4E4:E0M1X1,80:A4E7:E0M1X1
80:A4E7:E0M1X1,80:A4E9:E0M1X1
80:A4E7:E0M1X1,80:A4EF:E0M1X1
80:A4E9:E0M1X1,80:A4EB:E0M1X1
80:A4E9:E0M1X1,80:A4F7:E0M1X1
80:A4EB:E0M1X1,80:A4ED:E0M1X1
80:A4ED:E0M1X1,80:A53C:E0M1X1
80:A4EF:E0M1X1,80:A4F1:E0M1X1
80:A4F1:E0M1X1,80:A53C:E0M1X1
80:A4F3:E0M1X1,80:A4F5:E0M1X1
80:A4F5:E0M1X1,80:A53C:E0M1X1
80:A4F7:E0M1X1,80:A4F9:E0M1X1
80:A4F9:E0M1X1,80:A53C:E0M1X1
80:A4FB:E0M1X1,80:A4FD:E0M1X1
80:A4FD:E0M1X1,80:A4FF:E0M1X1
80:A4FF:E0M1X1,80:A501:E0M1X1
80:A501:E0M1X1,80:A519:E0M1X1
80:A503:E0M1X1,80:A505:E0M1X1
80:A505:E0M1X1,80:A507:E0M1X1
80:A507:E0M1X1,80:A509:E0M1X1
80:A509:E0M1X1,80:A519:E0M1X1
80:A50B:E0M1X1,80:A50D:E0M1X1
80:A50D:E0M1X1,80:A50F:E0M1X1
80:A50F:E0M1X1,80:A511:E0M1X1
80:A511:E0M1X1,80:A519:E0M1X1
80:A513:E0M1X1,80:A515:E0M1X1
80:A515:E0M1X1,80:A517:E0M1X1
80:A517:E0M1X1,80:A519:E0M1X1
80:A519:E0M1X1,80:A51C:E0M1X1
80:A51C:E0M1X1,80:A51F:E0M1X1
80:A51F:E0M1X1,80:A521:E0M1X1
80:A51F:E0M1X1,80:A524:E0M1X1
80:A521:E0M1X1,80:A523:E0M1X1
80:A523:E0M1X1,80:A524:E0M1X1
80:A524:E0M1X1,80:A526:E0M1X1
80:A526:E0M1X1,80:A529:E0M1X1
80:A529:E0M1X1,80:A52B:E0M1X1
80:A529:E0M1X1,80:A52E:E0M1X1
80:A52B:E0M1X1,80:A52D:E0M1X1
80:A52D:E0M1X1,80:A52E:E0M1X1
80:A52E:E0M1X1,80:A530:E0M1X1
80:A530:E0M1X1,80:A532:E0M1X1
80:A530:E0M1X1,80:A53B:E0M1X1
80:A532:E0M1X1,80:A534:E0M1X1
80:A532:E0M1X1,80:A538:E0M1X1
80:A534:E0M1X1,80:A537:E0M1X1
80:A537:E0M1X1,80:A46B:E0M1X1
80:A538:E0M1X1,80:A53B:E0M1X1
80:A53B:E0M1X1,80:A46B:E0M1X1
80:A53C:E0M1X1,80:A53F:E0M1X1
80:A53F:E0M1X1,80:A46B:E0M1X1
80:A540:E0M1X1,80:A543:E0M1X1
80:A543:E0M1X1,80:A546:E0M1X1
80:A546:E0M1X1,80:A549:E0M1X1
80:A549:E0M1X1,80:A54C:E0M1X1
80:A54C:E0M1X1,80:A54F:E0M1X1
80:A54F:E0M1X1,80:A552:E0M1X1
80:A552:E0M1X1,80:A554:E0M1X1
80:A552:E0M1X1,80:A557:E0M1X1
80:A554:E0M1X1,80:A5AD:E0M1X1
80:A557:E0M1X1,80:A55A:E0M1X1
80:A55A:E0M1X1,80:A55C:E0M1X1
80:A55A:E0M1X1,80:A55F:E0M1X1
80:A55C:E0M1X1,80:A5BC:E0M1X1
80:A55F:E0M1X1,80:A562:E0M1X1
80:A562:E0M1X1,80:A564:E0M1X1
80:A562:E0M1X1,80:A567:E0M1X1
80:A564:E0M1X1,80:A5C6:E0M1X1
80:A567:E0M1X1,80:A56A:E0M1X1
80:A56A:E0M1X1,80:A56D:E0M1X1
80:A56D:E0M1X1,80:A570:E0M1X1
80:A570:E0M1X1,80:A573:E0M1X1
80:A573:E0M1X1,80:A4B8:E0M1X1
80:A5AD:E0M1X1,80:A5B0:E0M1X1
80:A5B0:E0M1X1,80:A5B1:E0M1X1
80:A5B1:E0M1X1,80:A5B4:E0M1X1
80:A5B4:E0M1X1,80:A5B7:E0M1X1
80:A5B7:E0M1X1,80:A5B8:E0M1X1
80:A5B8:E0M1X1,80:A5BB:E0M1X1
80:A5BB:E0M1X1,80:A557:E0M1X1
80:A5BC:E0M1X1,80:A5BE:E0M1X1
80:A5BE:E0M1X1,80:A5BF:E0M1X1
80:A5BF:E0M1X1,80:A5C2:E0M1X1
80:A5C2:E0M1X1,80:A5C5:E0M1X1
80:A5C5:E0M1X1,80:A55F:E0M1X1
80:A5C6:E0M1X1,80:A5C8:E0M1X1
80:A5C8:E0M1X1,80:A5C9:E0M1X1
80:A5C9:E0M1X1,80:A5CC:E0M1X1
80:A5CC:E0M1X1,80:A5CF:E0M1X1
80:A5CF:E0M1X1,80:A567:E0M1X1
80:A5D0:E0M1X1,80:A5D3:E0M1X1
80:A5D3:E0M1X1,80:A5D6:E0M1X1
80:A5D6:E0M1X1,80:A5D9:E0M1X1
80:A5D9:E0M1X1,80:A5DC:E0M1X1
80:A5DC:E0M1X1,80:A5DF:E0M1X1
80:A5DF:E0M1X1,80:A5E2:E0M1X1
80:A5E2:E0M1X1,80:9D94:E0M1X1
80:A5E5:E0M1X1,80:A5E8:E0M1X1
80:A5E8:E0M1X1,80:A5EA:E0M1X1
80:A5EA:E0M1X1,80:A5EC:E0M1X1
80:A5EA:E0M1X1,80:A5EE:E0M1X1
80:A5EC:E0M1X1,80:A5EE:E0M1X1
80:A5EE:E0M1X1,80:A5F1:E0M1X1
80:A5F1:E0M1X1,80:A5F4:E0M1X1
80:A5F4:E0M1X1,80:A5F7:E0M1X1
80:A5F7:E0M1X1,80:A5FA:E0M1X1
80:A5FA:E0M1X1,80:A5FD:E0M1X1
80:A5FD:E0M1X1,80:A5FE:E0M1X1
80:A5FE:E0M1X1,80:A601:E0M1X1
80:A601:E0M1X1,80:ABD1:E0M1X1
80:A604:E0M1X1,80:A607:E0M1X1
80:A607:E0M1X1,80:A60A:E0M1X1
80:A60A:E0M1X1,80:A60D:E0M1X1
80:A60D:E0M1X1,80:A610:E0M1X1
80:A610:E0M1X1,80:A613:E0M1X1
80:A613:E0M1X1,80:A616:E0M1X1
80:A616:E0M1X1,80:A617:E0M1X1
80:A617:E0M1X1,80:A61A:E0M1X1
80:A61A:E0M1X1,80:ABD1:E0M1X1
80:A61D:E0M1X1,80:A620:E0M1X1
80:A620:E0M1X1,80:A623:E0M1X1
80:A623:E0M1X1,80:A626:E0M1X1
80:A626:E0M1X1,80:A629:E0M1X1
80:A629:E0M1X1,80:A62C:E0M1X1
80:A62C:E0M1X1,80:A62E:E0M1X1
80:A62E:E0M1X1,80:F966:E0M1X1
80:A631:E0M1X1,80:9232:E0M1X1
80:A632:E0M1X1,80:A635:E0M1X1
80:A635:E0M1X1,80:A637:E0M1X1
80:A637:E0M1X1,80:A639:E0M1X1
80:A637:E0M1X1,80:A653:E0M1X1
80:A639:E0M1X1,80:A63B:E0M1X1
80:A63B:E0M1X1,80:A63D:E0M1X1
80:A63B:E0M1X1,80:A63E:E0M1X1
80:A63D:E0M1X1,80:9232:E0M1X1
80:A63E:E0M1X1,80:A641:E0M1X1
80:A641:E0M1X1,80:A644:E0M1X1
80:A644:E0M1X1,80:A647:E0M1X1
80:A647:E0M1X1,80:A64A:E0M1X1
80:A64A:E0M1X1,80:A64D:E0M1X1
80:A64D:E0M1X1,80:A650:E0M1X1
80:A650:E0M1X1,80:A5D0:E0M1X1
80:A653:E0M1X1,80:A656:E0M1X1
80:A656:E0M1X1,80:A659:E0M1X1
80:A659:E0M1X1,80:A65C:E0M1X1
80:A65C:E0M1X1,80:A65F:E0M1X1
80:A65F:E0M1X1,80:A662:E0M1X1
80:A662:E0M1X1,80:A665:E0M1X1
80:A665:E0M1X1,80:A5D0:E0M1X1
80:A668:E0M1X1,80:A66B:E0M1X1
80:A66B:E0M1X1,80:A66D:E0M1X1
80:A66D:E0M1X1,80:A66F:E0M1X1
80:A66D:E0M1X1,80:A689:E0M1X1
80:A66F:E0M1X1,80:A671:E0M1X1
80:A671:E0M1X1,80:A673:E0M1X1
80:A671:E0M1X1,80:A674:E0M1X1
80:A673:E0M1X1,80:9232:E0M1X1
80:A674:E0M1X1,80:A677:E0M1X1
80:A677:E0M1X1,80:A67A:E0M1X1
80:A67A:E0M1X1,80:A67D:E0M1X1
80:A67D:E0M1X1,80:A680:E0M1X1
80:A680:E0M1X1,80:A683:E0M1X1
80:A683:E0M1X1,80:A686:E0M1X1
80:A686:E0M1X1,80:A5D0:E0M1X1
80:A689:E0M1X1,80:A68C:E0M1X1
80:A68C:E0M1X1,80:A68F:E0M1X1
80:A68F:E0M1X1,80:A692:E0M1X1
80:A692:E0M1X1,80:A695:E0M1X1
80:A695:E0M1X1,80:A698:E0M1X1
80:A698:E0M1X1,80:A69B:E0M1X1
80:A69B:E0M1X1,80:A5D0:E0M1X1
80:A69E:E0M1X1,80:A6A1:E0M1X1
80:A6A1:E0M1X1,80:A6A4:E0M1X1
80:A6A4:E0M1X1,80:A6A6:E0M1X1
80:A6A6:E0M1X1,80:A6A8:E0M1X1
80:A6A6:E0M1X1,80:A6E3:E0M1X1
80:A6A8:E0M1X1,80:A6AA:E0M1X1
80:A6AA:E0M1X1,80:A6AC:E0M1X1
80:A6AA:E0M1X1,80:A6B7:E0M1X1
80:A6AC:E0M1X1,80:A6AF:E0M1X1
80:A6AF:E0M1X1,80:A6B1:E0M1X1
80:A6B1:E0M1X1,80:A6B3:E0M1X1
80:A6B1:E0M1X1,80:A6B8:E0M1X1
80:A6B3:E0M1X1,80:A6B5:E0M1X1
80:A6B5:E0M1X1,80:A6B7:E0M1X1
80:A6B5:E0M1X1,80:A6CD:E0M1X1
80:A6B7:E0M1X1,80:9232:E0M1X1
80:A6B8:E0M1X1,80:A6BB:E0M1X1
80:A6BB:E0M1X1,80:A6BE:E0M1X1
80:A6BE:E0M1X1,80:A6C1:E0M1X1
80:A6C1:E0M1X1,80:A6C4:E0M1X1
80:A6C4:E0M1X1,80:A6C7:E0M1X1
80:A6C7:E0M1X1,80:A6CA:E0M1X1
80:A6CA:E0M1X1,80:A5D0:E0M1X1
80:A6CD:E0M1X1,80:A6D0:E0M1X1
80:A6D0:E0M1X1,80:A6D3:E0M1X1
80:A6D3:E0M1X1,80:A6D6:E0M1X1
80:A6D6:E0M1X1,80:A6D9:E0M1X1
80:A6D9:E0M1X1,80:A6DC:E0M1X1
80:A6DC:E0M1X1,80:A6DF:E0M1X1
80:A6DF:E0M1X1,80:A5D0:E0M1X1
80:A6E3:E0M1X1,80:A6E6:E0M1X1
80:A6E6:E0M1X1,80:A6E9:E0M1X1
80:A6E9:E0M1X1,80:A6EC:E0M1X1
80:A6EC:E0M1X1,80:A6EF:E0M1X1
80:A6EF:E0M1X1,80:A6F2:E0M1X1
80:A6F2:E0M1X1,80:A6F5:E0M1X1
80:A6F5:E0M1X1,80:A5D0:E0M1X1
80:A6F8:E0M1X1,80:A6FB:E0M1X1
80:A6FB:E0M1X1,80:A6FE:E0M1X1
80:A6FE:E0M1X1,80:A700:E0M1X1
80:A700:E0M1X1,80:A702:E0M1X1
80:A700:E0M1X1,80:A73C:E0M1X1
80:A702:E0M1X1,80:A704:E0M1X1
80:A704:E0M1X1,80:A706:E0M1X1
80:A704:E0M1X1,80:A711:E0M1X1
80:A706:E0M1X1,80:A709:E0M1X1
80:A709:E0M1X1,80:A70B:E0M1X1
80:A70B:E0M1X1,80:A70D:E0M1X1
80:A70B:E0M1X1,80:A712:E0M1X1
80:A70D:E0M1X1,80:A70F:E0M1X1
80:A70F:E0M1X1,80:A711:E0M1X1
80:A70F:E0M1X1,80:A727:E0M1X1
80:A711:E0M1X1,80:9232:E0M1X1
80:A712:E0M1X1,80:A715:E0M1X1
80:A715:E0M1X1,80:A718:E0M1X1
80:A718:E0M1X1,80:A71B:E0M1X1
80:A71B:E0M1X1,80:A71E:E0M1X1
80:A71E:E0M1X1,80:A721:E0M1X1
80:A721:E0M1X1,80:A724:E0M1X1
80:A724:E0M1X1,80:A5D0:E0M1X1
80:A727:E0M1X1,80:A72A:E0M1X1
80:A72A:E0M1X1,80:A72D:E0M1X1
80:A72D:E0M1X1,80:A730:E0M1X1
80:A730:E0M1X1,80:A733:E0M1X1
80:A733:E0M1X1,80:A736:E0M1X1
80:A736:E0M1X1,80:A739:E0M1X1
80:A739:E0M1X1,80:A5D0:E0M1X1
80:A73C:E0M1X1,80:A73F:E0M1X1
80:A73F:E0M1X1,80:A742:E0M1X1
80:A742:E0M1X1,80:A745:E0M1X1
80:A745:E0M1X1,80:A748:E0M1X1
80:A748:E0M1X1,80:A74B:E0M1X1
80:A74B:E0M1X1,80:A74E:E0M1X1
80:A74E:E0M1X1,80:A5D0:E0M1X1
80:A751:E0M1X1,80:A754:E0M1X1
80:A754:E0M1X1,80:A757:E0M1X1
80:A757:E0M1X1,80:A759:E0M1X1
80:A759:E0M1X1,80:A75B:E0M1X1
80:A759:E0M1X1,80:A796:E0M1X1
80:A75B:E0M1X1,80:A75D:E0M1X1
80:A75D:E0M1X1,80:A75F:E0M1X1
80:A75D:E0M1X1,80:A76A:E0M1X1
80:A75F:E0M1X1,80:A762:E0M1X1
80:A762:E0M1X1,80:A764:E0M1X1
80:A764:E0M1X1,80:A766:E0M1X1
80:A764:E0M1X1,80:A780:E0M1X1
80:A766:E0M1X1,80:A768:E0M1X1
80:A768:E0M1X1,80:A76A:E0M1X1
80:A768:E0M1X1,80:A76B:E0M1X1
80:A76A:E0M1X1,80:9232:E0M1X1
80:A76B:E0M1X1,80:A76E:E0M1X1
80:A76E:E0M1X1,80:A771:E0M1X1
80:A771:E0M1X1,80:A774:E0M1X1
80:A774:E0M1X1,80:A777:E0M1X1
80:A777:E0M1X1,80:A77A:E0M1X1
80:A77A:E0M1X1,80:A77D:E0M1X1
80:A77D:E0M1X1,80:A5D0:E0M1X1
80:A780:E0M1X1,80:A783:E0M1X1
80:A783:E0M1X1,80:A786:E0M1X1
80:A786:E0M1X1,80:A789:E0M1X1
80:A789:E0M1X1,80:A78C:E0M1X1
80:A78C:E0M1X1,80:A78F:E0M1X1
80:A78F:E0M1X1,80:A792:E0M1X1
80:A792:E0M1X1,80:A5D0:E0M1X1
80:A796:E0M1X1,80:A799:E0M1X1
80:A799:E0M1X1,80:A79C:E0M1X1
80:A79C:E0M1X1,80:A79F:E0M1X1
80:A79F:E0M1X1,80:A7A2:E0M1X1
80:A7A2:E0M1X1,80:A7A5:E0M1X1
80:A7A5:E0M1X1,80:A7A8:E0M1X1
80:A7A8:E0M1X1,80:A5D0:E0M1X1
80:A7AB:E0M1X1,80:A7AE:E0M1X1
80:A7AE:E0M1X1,80:A7B1:E0M1X1
80:A7B1:E0M1X1,80:A7B3:E0M1X1
80:A7B3:E0M1X1,80:A7B5:E0M1X1
80:A7B3:E0M1X1,80:A7EF:E0M1X1
80:A7B5:E0M1X1,80:A7B7:E0M1X1
80:A7B7:E0M1X1,80:A7B9:E0M1X1
80:A7B7:E0M1X1,80:A7C4:E0M1X1
80:A7B9:E0M1X1,80:A7BC:E0M1X1
80:A7BC:E0M1X1,80:A7BE:E0M1X1
80:A7BE:E0M1X1,80:A7C0:E0M1X1
80:A7BE:E0M1X1,80:A7C5:E0M1X1
80:A7C0:E0M1X1,80:A7C2:E0M1X1
80:A7C2:E0M1X1,80:A7C4:E0M1X1
80:A7C2:E0M1X1,80:A7DA:E0M1X1
80:A7C4:E0M1X1,80:9232:E0M1X1
80:A7C5:E0M1X1,80:A7C8:E0M1X1
80:A7C8:E0M1X1,80:A7CB:E0M1X1
80:A7CB:E0M1X1,80:A7CE:E0M1X1
80:A7CE:E0M1X1,80:A7D1:E0M1X1
80:A7D1:E0M1X1,80:A7D4:E0M1X1
80:A7D4:E0M1X1,80:A7D7:E0M1X1
80:A7D7:E0M1X1,80:A5D0:E0M1X1
80:A7DA:E0M1X1,80:A7DD:E0M1X1
80:A7DD:E0M1X1,80:A7E0:E0M1X1
80:A7E0:E0M1X1,80:A7E3:E0M1X1
80:A7E3:E0M1X1,80:A7E6:E0M1X1
80:A7E6:E0M1X1,80:A7E9:E0M1X1
80:A7E9:E0M1X1,80:A7EC:E0M1X1
80:A7EC:E0M1X1,80:A5D0:E0M1X1
80:A7EF:E0M1X1,80:A7F2:E0M1X1
80:A7F2:E0M1X1,80:A7F5:E0M1X1
80:A7F5:E0M1X1,80:A7F8:E0M1X1
80:A7F8:E0M1X1,80:A7FB:E0M1X1
80:A7FB:E0M1X1,80:A7FE:E0M1X1
80:A7FE:E0M1X1,80:A801:E0M1X1
80:A801:E0M1X1,80:A5D0:E0M1X1
80:A804:E0M1X1,80:A807:E0M1X1
80:A807:E0M1X1,80:A80A:E0M1X1
80:A80A:E0M1X1,80:A80C:E0M1X1
80:A80C:E0M1X1,80:A80E:E0M1X1
80:A80C:E0M1X1,80:A813:E0M1X1
80:A80E:E0M1X1,80:A810:E0M1X1
80:A810:E0M1X1,80:A812:E0M1X1
80:A810:E0M1X1,80:A845:E0M1X1
80:A812:E0M1X1,80:9232:E0M1X1
80:A813:E0M1X1,80:A815:E0M1X1
80:A815:E0M1X1,80:A817:E0M1X1
80:A815:E0M1X1,80:A830:E0M1X1
80:A817:E0M1X1,80:A819:E0M1X1
80:A819:E0M1X1,80:A812:E0M1X1
80:A819:E0M1X1,80:A81B:E0M1X1
80:A81B:E0M1X1,80:A81E:E0M1X1
80:A81E:E0M1X1,80:A821:E0M1X1
80:A821:E0M1X1,80:A824:E0M1X1
80:A824:E0M1X1,80:A827:E0M1X1
80:A827:E0M1X1,80:A82A:E0M1X1
80:A82A:E0M1X1,80:A82D:E0M1X1
80:A82D:E0M1X1,80:A5D0:E0M1X1
80:A830:E0M1X1,80:A833:E0M1X1
80:A833:E0M1X1,80:A836:E0M1X1
80:A836:E0M1X1,80:A839:E0M1X1
80:A839:E0M1X1,80:A83C:E0M1X1
80:A83C:E0M1X1,80:A83F:E0M1X1
80:A83F:E0M1X1,80:A842:E0M1X1
80:A842:E0M1X1,80:A5D0:E0M1X1
80:A845:E0M1X1,80:A847:E0M1X1
80:A847:E0M1X1,80:A849:E0M1X1
80:A847:E0M1X1,80:A862:E0M1X1
80:A849:E0M1X1,80:A84B:E0M1X1
80:A84B:E0M1X1,80:A812:E0M1X1
80:A84B:E0M1X1,80:A84D:E0M1X1
80:A84D:E0M1X1,80:A850:E0M1X1
80:A850:E0M1X1,80:A853:E0M1X1
80:A853:E0M1X1,80:A856:E0M1X1
80:A856:E0M1X1,80:A859:E0M1X1
80:A859:E0M1X1,80:A85C:E0M1X1
80:A85C:E0M1X1,80:A85F:E0M1X1
80:A85F:E0M1X1,80:A5D0:E0M1X1
80:A862:E0M1X1,80:A865:E0M1X1
80:A865:E0M1X1,80:A868:E0M1X1
80:A868:E0M1X1,80:A86B:E0M1X1
80:A86B:E0M1X1,80:A86E:E0M1X1
80:A86E:E0M1X1,80:A871:E0M1X1
80:A871:E0M1X1,80:A874:E0M1X1
80:A874:E0M1X1,80:A5D0:E0M1X1
80:A877:E0M1X1,80:A87A:E0M1X1
80:A87A:E0M1X1,80:A87D:E0M1X1
80:A87D:E0M1X1,80:AB4B:E0M1X1
80:A880:E0M1X1,80:A882:E0M0X1
80:A882:E0M0X1,80:A885:E0M0X1
80:A885:E0M0X1,80:A888:E0M0X1
80:A888:E0M0X1,80:A88A:E0M0X1
80:A888:E0M0X1,80:A89C:E0M0X1
80:A88A:E0M0X1,80:A88D:E0M0X1
80:A88D:E0M0X1,80:A88F:E0M0X1
80:A88D:E0M0X1,80:A897:E0M0X1
80:A88F:E0M0X1,80:A892:E0M0X1
80:A892:E0M0X1,80:A894:E0M0X1
80:A892:E0M0X1,80:A8B3:E0M0X1
80:A894:E0M0X1,80:A896:E0M1X1
80:A896:E0M1X1,80:9232:E0M1X1
80:A897:E0M0X1,80:A899:E0M1X1
80:A899:E0M1X1,80:ABC2:E0M1X1
80:A89C:E0M0X1,80:A89E:E0M1X1
80:A89E:E0M1X1,80:A8A1:E0M1X1
80:A8A1:E0M1X1,80:A8A4:E0M1X1
80:A8A4:E0M1X1,80:A8A7:E0M1X1
80:A8A7:E0M1X1,80:A8AA:E0M1X1
80:A8AA:E0M1X1,80:A8AD:E0M1X1
80:A8AD:E0M1X1,80:A8B0:E0M1X1
80:A8B0:E0M1X1,80:A5D0:E0M1X1
80:A8B3:E0M0X1,80:A8B5:E0M1X1
80:A8B5:E0M1X1,80:AB7F:E0M1X1
80:A8B8:E0M1X1,80:A8B9:E0M1X1
80:A8B9:E0M1X1,80:A8BA:E0M1X1
80:A8BA:E0M1X1,80:A8BB:E0M1X1
80:A8BB:E0M1X1,80:A8C8:E0M1X1
80:A8BB:E0M1X1,80:A8DD:E0M1X1
80:A8BB:E0M1X1,80:A8F2:E0M1X1
80:A8BB:E0M1X1,80:A907:E0M1X1
80:A8BB:E0M1X1,80:A91C:E0M1X1
80:A8C8:E0M1X1,80:A8CB:E0M1X1
80:A8CB:E0M1X1,80:A8CE:E0M1X1
80:A8CE:E0M1X1,80:A8D1:E0M1X1
80:A8D1:E0M1X1,80:A8D4:E0M1X1
80:A8D4:E0M1X1,80:A8D7:E0M1X1
80:A8D7:E0M1X1,80:A8DA:E0M1X1
80:A8DA:E0M1X1,80:A5D0:E0M1X1
80:A8DD:E0M1X1,80:A8E0:E0M1X1
80:A8E0:E0M1X1,80:A8E3:E0M1X1
80:A8E3:E0M1X1,80:A8E6:E0M1X1
80:A8E6:E0M1X1,80:A8E9:E0M1X1
80:A8E9:E0M1X1,80:A8EC:E0M1X1
80:A8EC:E0M1X1,80:A8EF:E0M1X1
80:A8EF:E0M1X1,80:A5D0:E0M1X1
80:A8F2:E0M1X1,80:A8F5:E0M1X1
80:A8F5:E0M1X1,80:A8F8:E0M1X1
80:A8F8:E0M1X1,80:A8FB:E0M1X1
80:A8FB:E0M1X1,80:A8FE:E0M1X1
80:A8FE:E0M1X1,80:A901:E0M1X1
80:A901:E0M1X1,80:A904:E0M1X1
80:A904:E0M1X1,80:A5D0:E0M1X1
80:A907:E0M1X1,80:A90A:E0M1X1
80:A90A:E0M1X1,80:A90D:E0M1X1
80:A90D:E0M1X1,80:A910:E0M1X1
80:A910:E0M1X1,80:A913:E0M1X1
80:A913:E0M1X1,80:A916:E0M1X1
80:A916:E0M1X1,80:A919:E0M1X1
80:A919:E0M1X1,80:A5D0:E0M1X1
80:A91C:E0M1X1,80:A91F:E0M1X1
80:A91F:E0M1X1,80:A922:E0M1X1
80:A922:E0M1X1,80:A925:E0M1X1
80:A925:E0M1X1,80:A928:E0M1X1
80:A928:E0M1X1,80:A92B:E0M1X1
80:A92B:E0M1X1,80:A92E:E0M1X1
80:A92E:E0M1X1,80:A5D0:E0M1X1
80:A931:E0M1X1,80:A934:E0M1X1
80:A934:E0M1X1,80:A937:E0M1X1
80:A937:E0M1X1,80:AB4B:E0M1X1
80:A93A:E0M1X1,80:A93C:E0M0X1
80:A93C:E0M0X1,80:A93F:E0M0X1
80:A93F:E0M0X1,80:A942:E0M0X1
80:A942:E0M0X1,80:A944:E0M0X1
80:A942:E0M0X1,80:A956:E0M0X1
80:A944:E0M0X1,80:A947:E0M0X1
80:A947:E0M0X1,80:A949:E0M0X1
80:A947:E0M0X1,80:A951:E0M0X1
80:A949:E0M0X1,80:A94C:E0M0X1
80:A94C:E0M0X1,80:A94E:E0M0X1
80:A94C:E0M0X1,80:A96D:E0M0X1
80:A94E:E0M0X1,80:A950:E0M1X1
80:A950:E0M1X1,80:9232:E0M1X1
80:A951:E0M0X1,80:A953:E0M1X1
80:A953:E0M1X1,80:ABC2:E0M1X1
80:A956:E0M0X1,80:A958:E0M1X1
80:A958:E0M1X1,80:A95B:E0M1X1
80:A95B:E0M1X1,80:A95E:E0M1X1
80:A95E:E0M1X1,80:A961:E0M1X1
80:A961:E0M1X1,80:A964:E0M1X1
80:A964:E0M1X1,80:A967:E0M1X1
80:A967:E0M1X1,80:A96A:E0M1X1
80:A96A:E0M1X1,80:A5D0:E0M1X1
80:A96D:E0M0X1,80:A96F:E0M1X1
80:A96F:E0M1X1,80:AB7F:E0M1X1
80:A972:E0M1X1,80:A973:E0M1X1
80:A973:E0M1X1,80:A974:E0M1X1
80:A974:E0M1X1,80:A975:E0M1X1
80:A975:E0M1X1,80:A982:E0M1X1
80:A975:E0M1X1,80:A997:E0M1X1
80:A975:E0M1X1,80:A9AC:E0M1X1
80:A975:E0M1X1,80:A9C1:E0M1X1
80:A975:E0M1X1,80:A9D6:E0M1X1
80:A982:E0M1X1,80:A985:E0M1X1
80:A985:E0M1X1,80:A988:E0M1X1
80:A988:E0M1X1,80:A98B:E0M1X1
80:A98B:E0M1X1,80:A98E:E0M1X1
80:A98E:E0M1X1,80:A991:E0M1X1
80:A991:E0M1X1,80:A994:E0M1X1
80:A994:E0M1X1,80:A5D0:E0M1X1
80:A997:E0M1X1,80:A99A:E0M1X1
80:A99A:E0M1X1,80:A99D:E0M1X1
80:A99D:E0M1X1,80:A9A0:E0M1X1
80:A9A0:E0M1X1,80:A9A3:E0M1X1
80:A9A3:E0M1X1,80:A9A6:E0M1X1
80:A9A6:E0M1X1,80:A9A9:E0M1X1
80:A9A9:E0M1X1,80:A5D0:E0M1X1
80:A9AC:E0M1X1,80:A9AF:E0M1X1
80:A9AF:E0M1X1,80:A9B2:E0M1X1
80:A9B2:E0M1X1,80:A9B5:E0M1X1
80:A9B5:E0M1X1,80:A9B8:E0M1X1
80:A9B8:E0M1X1,80:A9BB:E0M1X1
80:A9BB:E0M1X1,80:A9BE:E0M1X1
80:A9BE:E0M1X1,80:A5D0:E0M1X1
80:A9C1:E0M1X1,80:A9C4:E0M1X1
80:A9C4:E0M1X1,80:A9C7:E0M1X1
80:A9C7:E0M1X1,80:A9CA:E0M1X1
80:A9CA:E0M1X1,80:A9CD:E0M1X1
80:A9CD:E0M1X1,80:A9D0:E0M1X1
80:A9D0:E0M1X1,80:A9D3:E0M1X1
80:A9D3:E0M1X1,80:A5D0:E0M1X1
80:A9D6:E0M1X1,80:A9D9:E0M1X1
80:A9D9:E0M1X1,80:A9DC:E0M1X1
80:A9DC:E0M1X1,80:A9DF:E0M1X1
80:A9DF:E0M1X1,80:A9E2:E0M1X1
80:A9E2:E0M1X1,80:A9E5:E0M1X1
80:A9E5:E0M1X1,80:A9E8:E0M1X1
80:A9E8:E0M1X1,80:A5D0:E0M1X1
80:A9EB:E0M1X1,80:A9EE:E0M1X1
80:A9EE:E0M1X1,80:A9F1:E0M1X1
80:A9F1:E0M1X1,80:AB4B:E0M1X1
80:A9F4:E0M1X1,80:A9F6:E0M0X1
80:A9F6:E0M0X1,80:A9F9:E0M0X1
80:A9F9:E0M0X1,80:A9FC:E0M0X1
80:A9FC:E0M0X1,80:A9FE:E0M0X1
80:A9FC:E0M0X1,80:AA06:E0M0X1
80:A9FE:E0M0X1,80:AA01:E0M0X1
80:AA01:E0M0X1,80:AA03:E0M0X1
80:AA01:E0M0X1,80:AA1D:E0M0X1
80:AA03:E0M0X1,80:AA05:E0M1X1
80:AA05:E0M1X1,80:9232:E0M1X1
80:AA06:E0M0X1,80:AA08:E0M1X1
80:AA08:E0M1X1,80:AA0B:E0M1X1
80:AA0B:E0M1X1,80:AA0E:E0M1X1
80:AA0E:E0M1X1,80:AA11:E0M1X1
80:AA11:E0M1X1,80:AA14:E0M1X1
80:AA14:E0M1X1,80:AA17:E0M1X1
80:AA17:E0M1X1,80:AA1A:E0M1X1
80:AA1A:E0M1X1,80:A5D0:E0M1X1
80:AA1D:E0M0X1,80:AA1F:E0M1X1
80:AA1F:E0M1X1,80:AB7F:E0M1X1
80:AA22:E0M1X1,80:AA23:E0M1X1
80:AA23:E0M1X1,80:AA24:E0M1X1
80:AA24:E0M1X1,80:AA25:E0M1X1
80:AA25:E0M1X1,80:AA32:E0M1X1
80:AA25:E0M1X1,80:AA47:E0M1X1
80:AA25:E0M1X1,80:AA5C:E0M1X1
80:AA25:E0M1X1,80:AA71:E0M1X1
80:AA25:E0M1X1,80:AA86:E0M1X1
80:AA32:E0M1X1,80:AA35:E0M1X1
80:AA35:E0M1X1,80:AA38:E0M1X1
80:AA38:E0M1X1,80:AA3B:E0M1X1
80:AA3B:E0M1X1,80:AA3E:E0M1X1
80:AA3E:E0M1X1,80:AA41:E0M1X1
80:AA41:E0M1X1,80:AA44:E0M1X1
80:AA44:E0M1X1,80:A5D0:E0M1X1
80:AA47:E0M1X1,80:AA4A:E0M1X1
80:AA4A:E0M1X1,80:AA4D:E0M1X1
80:AA4D:E0M1X1,80:AA50:E0M1X1
80:AA50:E0M1X1,80:AA53:E0M1X1
80:AA53:E0M1X1,80:AA56:E0M1X1
80:AA56:E0M1X1,80:AA59:E0M1X1
80:AA59:E0M1X1,80:A5D0:E0M1X1
80:AA5C:E0M1X1,80:AA5F:E0M1X1
80:AA5F:E0M1X1,80:AA62:E0M1X1
80:AA62:E0M1X1,80:AA65:E0M1X1
80:AA65:E0M1X1,80:AA68:E0M1X1
80:AA68:E0M1X1,80:AA6B:E0M1X1
80:AA6B:E0M1X1,80:AA6E:E0M1X1
80:AA6E:E0M1X1,80:A5D0:E0M1X1
80:AA71:E0M1X1,80:AA74:E0M1X1
80:AA74:E0M1X1,80:AA77:E0M1X1
80:AA77:E0M1X1,80:AA7A:E0M1X1
80:AA7A:E0M1X1,80:AA7D:E0M1X1
80:AA7D:E0M1X1,80:AA80:E0M1X1
80:AA80:E0M1X1,80:AA83:E0M1X1
80:AA83:E0M1X1,80:A5D0:E0M1X1
80:AA86:E0M1X1,80:AA89:E0M1X1
80:AA89:E0M1X1,80:AA8C:E0M1X1
80:AA8C:E0M1X1,80:AA8F:E0M1X1
80:AA8F:E0M1X1,80:AA92:E0M1X1
80:AA92:E0M1X1,80:AA95:E0M1X1
80:AA95:E0M1X1,80:AA98:E0M1X1
80:AA98:E0M1X1,80:A5D0:E0M1X1
80:AA9B:E0M1X1,80:AA9E:E0M1X1
80:AA9E:E0M1X1,80:AAA1:E0M1X1
80:AAA1:E0M1X1,80:AB4B:E0M1X1
80:AAA4:E0M1X1,80:AAA6:E0M0X1
80:AAA6:E0M0X1,80:AAA9:E0M0X1
80:AAA9:E0M0X1,80:AAAC:E0M0X1
80:AAAC:E0M0X1,80:AAAE:E0M0X1
80:AAAC:E0M0X1,80:AAB6:E0M0X1
80:AAAE:E0M0X1,80:AAB1:E0M0X1
80:AAB1:E0M0X1,80:AAB3:E0M0X1
80:AAB1:E0M0X1,80:AACD:E0M0X1
80:AAB3:E0M0X1,80:AAB5:E0M1X1
80:AAB5:E0M1X1,80:9232:E0M1X1
80:AAB6:E0M0X1,80:AAB8:E0M1X1
80:AAB8:E0M1X1,80:AABB:E0M1X1
80:AABB:E0M1X1,80:AABE:E0M1X1
80:AABE:E0M1X1,80:AAC1:E0M1X1
80:AAC1:E0M1X1,80:AAC4:E0M1X1
80:AAC4:E0M1X1,80:AAC7:E0M1X1
80:AAC7:E0M1X1,80:AACA:E0M1X1
80:AACA:E0M1X1,80:A5D0:E0M1X1
80:AACD:E0M0X1,80:AACF:E0M1X1
80:AACF:E0M1X1,80:AB7F:E0M1X1
80:AAD2:E0M1X1,80:AAD3:E0M1X1
80:AAD3:E0M1X1,80:AAD4:E0M1X1
80:AAD4:E0M1X1,80:AAD5:E0M1X1
80:AAD5:E0M1X1,80:AAE2:E0M1X1
80:AAD5:E0M1X1,80:AAF7:E0M1X1
80:AAD5:E0M1X1,80:AB0C:E0M1X1
80:AAD5:E0M1X1,80:AB21:E0M1X1
80:AAD5:E0M1X1,80:AB36:E0M1X1
80:AAE2:E0M1X1,80:AAE5:E0M1X1
80:AAE5:E0M1X1,80:AAE8:E0M1X1
80:AAE8:E0M1X1,80:AAEB:E0M1X1
80:AAEB:E0M1X1,80:AAEE:E0M1X1
80:AAEE:E0M1X1,80:AAF1:E0M1X1
80:AAF1:E0M1X1,80:AAF4:E0M1X1
80:AAF4:E0M1X1,80:A5D0:E0M1X1
80:AAF7:E0M1X1,80:AAFA:E0M1X1
80:AAFA:E0M1X1,80:AAFD:E0M1X1
80:AAFD:E0M1X1,80:AB00:E0M1X1
80:AB00:E0M1X1,80:AB03:E0M1X1
80:AB03:E0M1X1,80:AB06:E0M1X1
80:AB06:E0M1X1,80:AB09:E0M1X1
80:AB09:E0M1X1,80:A5D0:E0M1X1
80:AB0C:E0M1X1,80:AB0F:E0M1X1
80:AB0F:E0M1X1,80:AB12:E0M1X1
80:AB12:E0M1X1,80:AB15:E0M1X1
80:AB15:E0M1X1,80:AB18:E0M1X1
80:AB18:E0M1X1,80:AB1B:E0M1X1
80:AB1B:E0M1X1,80:AB1E:E0M1X1
80:AB1E:E0M1X1,80:A5D0:E0M1X1
80:AB21:E0M1X1,80:AB24:E0M1X1
80:AB24:E0M1X1,80:AB27:E0M1X1
80:AB27:E0M1X1,80:AB2A:E0M1X1
80:AB2A:E0M1X1,80:AB2D:E0M1X1
80:AB2D:E0M1X1,80:AB30:E0M1X1
80:AB30:E0M1X1,80:AB33:E0M1X1
80:AB33:E0M1X1,80:A5D0:E0M1X1
80:AB36:E0M1X1,80:AB39:E0M1X1
80:AB39:E0M1X1,80:AB3C:E0M1X1
80:AB3C:E0M1X1,80:AB3F:E0M1X1
80:AB3F:E0M1X1,80:AB42:E0M1X1
80:AB42:E0M1X1,80:AB45:E0M1X1
80:AB45:E0M1X1,80:AB48:E0M1X1
80:AB48:E0M1X1,80:A5D0:E0M1X1
80:AB4B:E0M1X1,80:AB4C:E0M1X1
80:AB4C:E0M1X1,80:AB4F:E0M1X1
80:AB4F:E0M1X1,80:AB52:E0M1X1
80:AB52:E0M1X1,80:9D94:E0M1X1
80:AB55:E0M1X1,80:AB58:E0M1X1
80:AB58:E0M1X1,80:AB5B:E0M1X1
80:AB5B:E0M1X1,80:AB5E:E0M1X1
80:AB5E:E0M1X1,80:AB61:E0M1X1
80:AB61:E0M1X1,80:AB62:E0M1X1
80:AB62:E0M1X1,80:AB65:E0M1X1
80:AB65:E0M1X1,80:AB68:E0M1X1
80:AB68:E0M1X1,80:9D94:E0M1X1
80:AB6B:E0M1X1,80:AB6E:E0M1X1
80:AB6E:E0M1X1,80:AB6F:E0M1X1
80:AB6F:E0M1X1,80:AB72:E0M1X1
80:AB72:E0M1X1,80:AB75:E0M1X1
80:AB75:E0M1X1,80:AB78:E0M1X1
80:AB78:E0M1X1,80:AB7B:E0M1X1
80:AB7B:E0M1X1,80:AB7E:E0M1X1
80:AB7E:E0M1X1,80:A880:E0M1X1
80:AB7E:E0M1X1,80:A93A:E0M1X1
80:AB7E:E0M1X1,80:A9F4:E0M1X1
80:AB7E:E0M1X1,80:AAA4:E0M1X1
80:AB7F:E0M1X1,80:AB81:E0M0X1
80:AB81:E0M0X1,80:AB84:E0M0X1
80:AB84:E0M0X1,80:AB87:E0M0X1
80:AB87:E0M0X1,80:AB8A:E0M0X1
80:AB8A:E0M0X1,80:AB8B:E0M0X1
80:AB8B:E0M0X1,80:AB8C:E0M0X1
80:AB8C:E0M0X1,80:AB8D:E0M0X1
80:AB8D:E0M0X1,80:AB8E:E0M0X1
80:AB8E:E0M0X1,80:AB8F:E0M0X1
80:AB8F:E0M0X1,80:AB92:E0M0X1
80:AB92:E0M0X1,80:AB93:E0M0X1
80:AB93:E0M0X1,80:AB96:E0M0X1
80:AB96:E0M0X1,80:AB98:E0M1X1
80:AB98:E0M1X1,80:AB9B:E0M1X1
80:AB9B:E0M1X1,80:AB9E:E0M1X1
80:AB9E:E0M1X1,80:9E50:E0M1X1
80:ABA1:E0M1X1,80:ABA3:E0M1X1
80:ABA3:E0M1X1,80:ABA6:E0M1X1
80:ABA6:E0M1X1,80:ABA8:E0M1X1
80:ABA6:E0M1X1,80:ABBD:E0M1X1
80:ABA8:E0M1X1,80:ABAB:E0M1X1
80:ABAB:E0M1X1,80:ABAD:E0M1X1
80:ABAD:E0M1X1,80:ABAF:E0M1X1
80:ABAD:E0M1X1,80:ABBD:E0M1X1
80:ABAF:E0M1X1,80:ABB1:E0M1X1
80:ABB1:E0M1X1,80:ABB3:E0M1X1
80:ABB1:E0M1X1,80:ABBE:E0M1X1
80:ABB3:E0M1X1,80:ABB5:E0M1X1
80:ABB5:E0M1X1,80:ABB7:E0M1X1
80:ABB5:E0M1X1,80:ABBF:E0M1X1
80:ABB7:E0M1X1,80:ABB9:E0M1X1
80:ABB9:E0M1X1,80:ABBB:E0M1X1
80:ABB9:E0M1X1,80:ABC0:E0M1X1
80:ABBB:E0M1X1,80:ABBD:E0M1X1
80:ABBB:E0M1X1,80:ABC1:E0M1X1
80:ABBD:E0M1X1,80:ABBE:E0M1X1
80:ABBE:E0M1X1,80:ABBF:E0M1X1
80:ABBF:E0M1X1,80:ABC0:E0M1X1
80:ABC0:E0M1X1,80:ABC1:E0M1X1
80:ABC1:E0M1X1,80:A8B8:E0M1X1
80:ABC1:E0M1X1,80:A972:E0M1X1
80:ABC1:E0M1X1,80:AA22:E0M1X1
80:ABC1:E0M1X1,80:AAD2:E0M1X1
80:ABC2:E0M1X1,80:ABC4:E0M1X1
80:ABC4:E0M1X1,80:ABC7:E0M1X1
80:ABC7:E0M1X1,80:ABCA:E0M1X1
80:ABCA:E0M1X1,80:ABCD:E0M1X1
80:ABCD:E0M1X1,80:ABD0:E0M1X1
80:ABD0:E0M1X1,80:9232:E0M1X1
80:ABD1:E0M1X1,80:ABD3:E0M1X1
80:ABD3:E0M1X1,80:ABD6:E0M1X1
80:ABD6:E0M1X1,80:ABD8:E0M1X1
80:ABD6:E0M1X1,80:ABDC:E0M1X1
80:ABD8:E0M1X1,80:ABD9:E0M1X1
80:ABD9:E0M1X1,80:ABDB:E0M1X1
80:ABDB:E0M1X1,80:ABDC:E0M1X1
80:ABDC:E0M1X1,80:ABDF:E0M1X1
80:ABDF:E0M1X1,80:ABE2:E0M1X1
80:ABE2:E0M1X1,80:ABE4:E0M1X1
80:ABE2:E0M1X1,80:ABE8:E0M1X1
80:ABE4:E0M1X1,80:ABE5:E0M1X1
80:ABE5:E0M1X1,80:ABE7:E0M1X1
80:ABE7:E0M1X1,80:ABE8:E0M1X1
80:ABE8:E0M1X1,80:ABEB:E0M1X1
80:ABEB:E0M1X1,80:ABED:E0M1X1
80:ABED:E0M1X1,80:ABF0:E0M1X1
80:ABF0:E0M1X1,80:ABF3:E0M1X1
80:ABF3:E0M1X1,80:ABF6:E0M1X1
80:ABF6:E0M1X1,80:ABF9:E0M1X1
80:ABF9:E0M1X1,80:ABFC:E0M1X1
80:ABFC:E0M1X1,80:ABFE:E0M1X1
80:ABFC:E0M1X1,80:AC10:E0M1X1
80:ABFE:E0M1X1,80:AC01:E0M1X1
80:AC01:E0M1X1,80:AC02:E0M1X1
80:AC02:E0M1X1,80:AC05:E0M1X1
80:AC05:E0M1X1,80:AC08:E0M1X1
80:AC08:E0M1X1,80:AC0B:E0M1X1
80:AC0B:E0M1X1,80:AC0D:E0M1X1
80:AC0D:E0M1X1,80:AC10:E0M1X1
80:AC10:E0M1X1,80:AC11:E0M1X1
80:AC11:E0M1X1,80:ABF3:E0M1X1
80:AC11:E0M1X1,80:AC13:E0M1X1
80:AC13:E0M1X1,80:AC14:E0M1X1
80:AC14:E0M1X1,80:AC16:E0M1X1
80:AC16:E0M1X1,80:AC18:E0M1X1
80:AC16:E0M1X1,80:AC26:E0M1X1
80:AC18:E0M1X1,80:AC1A:E0M0X1
80:AC1A:E0M0X1,80:AC1D:E0M0X1
80:AC1D:E0M0X1,80:AC20:E0M0X1
80:AC20:E0M0X1,80:AC21:E0M0X1
80:AC21:E0M0X1,80:AC24:E0M0X1
80:AC24:E0M0X1,80:AC26:E0M1X1
80:AC26:E0M1X1,80:A604:E0M1X1
80:AC26:E0M1X1,80:A61D:E0M1X1
80:AF4C:E0M1X1,80:B05A:E0M1X1
80:AF4F:E0M1X1,80:AF51:E0M1X1
80:AF51:E0M1X1,80:AF60:E0M1X1
80:AF54:E0M1X1,80:AF56:E0M1X1
80:AF56:E0M1X1,80:AF60:E0M1X1
80:AF59:E0M1X1,80:AF5B:E0M1X1
80:AF5B:E0M1X1,80:AF60:E0M1X1
80:AF5E:E0M1X1,80:AF60:E0M1X1
80:AF60:E0M1X1,80:AF63:E0M1X1
80:AF63:E0M1X1,80:AF65:E0M1X1
80:AF63:E0M1X1,80:AF68:E0M1X1
80:AF65:E0M1X1,80:B115:E0M1X1
80:AF68:E0M1X1,80:AF6B:E0M1X1
80:AF6B:E0M1X1,80:AF6D:E0M1X1
80:AF6B:E0M1X1,80:AF91:E0M1X1
80:AF6D:E0M1X1,80:AF6F:E0M1X1
80:AF6F:E0M1X1,80:AF71:E0M1X1
80:AF6F:E0M1X1,80:AF91:E0M1X1
80:AF71:E0M1X1,80:AF73:E0M1X1
80:AF73:E0M1X1,80:AF75:E0M1X1
80:AF73:E0M1X1,80:AFAD:E0M1X1
80:AF75:E0M1X1,80:B0ED:E0M1X1
80:AF78:E0M1X1,80:AF7B:E0M1X1
80:AF7B:E0M1X1,80:AF7E:E0M1X1
80:AF7E:E0M1X1,80:AFC9:E0M1X1
80:AF81:E0M1X1,80:AF84:E0M1X1
80:AF84:E0M1X1,80:AF87:E0M1X1
80:AF87:E0M1X1,80:B029:E0M1X1
80:AF8A:E0M1X1,80:AF8D:E0M1X1
80:AF8D:E0M1X1,80:AF90:E0M1X1
80:AF90:E0M1X1,80:AF54:E0M1X1
80:AF90:E0M1X1,80:AF59:E0M1X1
80:AF90:E0M1X1,80:AF5E:E0M1X1
80:AF90:E0M1X1,80:B9DE:E0M1X1
80:AF90:E0M1X1,80:BA50:E0M1X1
80:AF91:E0M1X1,80:B0ED:E0M1X1
80:AF94:E0M1X1,80:AF97:E0M1X1
80:AF97:E0M1X1,80:AF9A:E0M1X1
80:AF9A:E0M1X1,80:AFC9:E0M1X1
80:AF9D:E0M1X1,80:AFA0:E0M1X1
80:AFA0:E0M1X1,80:AFA3:E0M1X1
80:AFA3:E0M1X1,80:B029:E0M1X1
80:AFA6:E0M1X1,80:AFA9:E0M1X1
80:AFA9:E0M1X1,80:AFAC:E0M1X1
80:AFAC:E0M1X1,80:AF54:E0M1X1
80:AFAC:E0M1X1,80:AF59:E0M1X1
80:AFAC:E0M1X1,80:AF5E:E0M1X1
80:AFAC:E0M1X1,80:B9DE:E0M1X1
80:AFAC:E0M1X1,80:BA50:E0M1X1
80:AFAD:E0M1X1,80:B0ED:E0M1X1
80:AFB0:E0M1X1,80:AFB3:E0M1X1
80:AFB3:E0M1X1,80:AFB6:E0M1X1
80:AFB6:E0M1X1,80:AFC9:E0M1X1
80:AFB9:E0M1X1,80:AFBC:E0M1X1
80:AFBC:E0M1X1,80:AFBF:E0M1X1
80:AFBF:E0M1X1,80:B029:E0M1X1
80:AFC2:E0M1X1,80:AFC5:E0M1X1
80:AFC5:E0M1X1,80:AFC8:E0M1X1
80:AFC8:E0M1X1,80:AF54:E0M1X1
80:AFC8:E0M1X1,80:AF59:E0M1X1
80:AFC8:E0M1X1,80:AF5E:E0M1X1
80:AFC8:E0M1X1,80:B9DE:E0M1X1
80:AFC8:E0M1X1,80:BA50:E0M1X1
80:AFC9:E0M1X1,80:AFCB:E0M1X1
80:AFCB:E0M1X1,80:AFCE:E0M1X1
80:AFCE:E0M1X1,80:AFD0:E0M1X1
80:AFCE:E0M1X1,80:B028:E0M1X1
80:AFD0:E0M1X1,80:AFD2:E0M1X1
80:AFD2:E0M1X1,80:AFD4:E0M1X1
80:AFD4:E0M1X1,80:AFD6:E0M1X1
80:AFD4:E0M1X1,80:AFD9:E0M1X1
80:AFD6:E0M1X1,80:AFD9:E0M1X1
80:AFD9:E0M1X1,80:AFDB:E0M1X1
80:AFDB:E0M1X1,80:AFDD:E0M1X1
80:AFDB:E0M1X1,80:AFE0:E0M1X1
80:AFDD:E0M1X1,80:AFE0:E0M1X1
80:AFE0:E0M1X1,80:AFE2:E0M1X1
80:AFE2:E0M1X1,80:AFE4:E0M1X1
80:AFE2:E0M1X1,80:AFE7:E0M1X1
80:AFE4:E0M1X1,80:AFE7:E0M1X1
80:AFE7:E0M1X1,80:AFE9:E0M1X1
80:AFE9:E0M1X1,80:AFEB:E0M1X1
80:AFE9:E0M1X1,80:AFF6:E0M1X1
80:AFEB:E0M1X1,80:AFEE:E0M1X1
80:AFEE:E0M1X1,80:AFF1:E0M1X1
80:AFF1:E0M1X1,80:AFF3:E0M1X1
80:AFF1:E0M1X1,80:AFF6:E0M1X1
80:AFF3:E0M1X1,80:AFF6:E0M1X1
80:AFF6:E0M1X1,80:AFF9:E0M1X1
80:AFF9:E0M1X1,80:AFFB:E0M1X1
80:AFFB:E0M1X1,80:AFFD:E0M1X1
80:AFFB:E0M1X1,80:B005:E0M1X1
80:AFFD:E0M1X1,80:AFFE:E0M1X1
80:AFFE:E0M1X1,80:B000:E0M1X1
80:B000:E0M1X1,80:B002:E0M1X1
80:B000:E0M1X1,80:B005:E0M1X1
80:B002:E0M1X1,80:B0BE:E0M1X1
80:B005:E0M1X1,80:B006:E0M1X1
80:B006:E0M1X1,80:B008:E0M1X1
80:B008:E0M1X1,80:B00A:E0M1X1
80:B008:E0M1X1,80:B017:E0M1X1
80:B00A:E0M1X1,80:B00D:E0M1X1
80:B00D:E0M1X1,80:B010:E0M1X1
80:B010:E0M1X1,80:B012:E0M1X1
80:B012:E0M1X1,80:B014:E0M1X1
80:B012:E0M1X1,80:B017:E0M1X1
80:B014:E0M1X1,80:B017:E0M1X1
80:B017:E0M1X1,80:B019:E0M1X1
80:B019:E0M1X1,80:B01B:E0M1X1
80:B019:E0M1X1,80:B028:E0M1X1
80:B01B:E0M1X1,80:B01E:E0M1X1
80:B01E:E0M1X1,80:B021:E0M1X1
80:B021:E0M1X1,80:B023:E0M1X1
80:B023:E0M1X1,80:B025:E0M1X1
80:B023:E0M1X1,80:B028:E0M1X1
80:B025:E0M1X1,80:B028:E0M1X1
80:B028:E0M1X1,80:AF81:E0M1X1
80:B028:E0M1X1,80:AF9D:E0M1X1
80:B028:E0M1X1,80:AFB9:E0M1X1
80:B029:E0M1X1,80:B02B:E0M1X1
80:B02B:E0M1X1,80:B02D:E0M1X1
80:B02D:E0M1X1,80:B02F:E0M1X1
80:B02D:E0M1X1,80:B034:E0M1X1
80:B02F:E0M1X1,80:B031:E0M1X1
80:B031:E0M1X1,80:B034:E0M1X1
80:B034:E0M1X1,80:B037:E0M1X1
80:B037:E0M1X1,80:B039:E0M1X1
80:B037:E0M1X1,80:B059:E0M1X1
80:B039:E0M1X1,80:B03B:E0M1X1
80:B03B:E0M1X1,80:B03D:E0M1X1
80:B03D:E0M1X1,80:B03F:E0M1X1
80:B03D:E0M1X1,80:B042:E0M1X1
80:B03F:E0M1X1,80:B0B1:E0M1X1
80:B042:E0M1X1,80:B045:E0M1X1
80:B045:E0M1X1,80:B047:E0M1X1
80:B047:E0M1X1,80:B049:E0M1X1
80:B047:E0M1X1,80:B051:E0M1X1
80:B049:E0M1X1,80:B04A:E0M1X1
80:B04A:E0M1X1,80:B04C:E0M1X1
80:B04C:E0M1X1,80:B04E:E0M1X1
80:B04C:E0M1X1,80:B051:E0M1X1
80:B04E:E0M1X1,80:B0BE:E0M1X1
80:B051:E0M1X1,80:B052:E0M1X1
80:B052:E0M1X1,80:B054:E0M1X1
80:B054:E0M1X1,80:B056:E0M1X1
80:B054:E0M1X1,80:B059:E0M1X1
80:B056:E0M1X1,80:B0CB:E0M1X1
80:B059:E0M1X1,80:AF8A:E0M1X1
80:B059:E0M1X1,80:AFA6:E0M1X1
80:B059:E0M1X1,80:AFC2:E0M1X1
80:B05A:E0M1X1,80:B05D:E0M1X1
80:B05D:E0M1X1,80:B05F:E0M1X1
80:B05D:E0M1X1,80:B06E:E0M1X1
80:B05F:E0M1X1,80:B061:E0M1X1
80:B061:E0M1X1,80:B06F:E0M1X1
80:B064:E0M1X1,80:B066:E0M1X1
80:B066:E0M1X1,80:B06F:E0M1X1
80:B069:E0M1X1,80:B06B:E0M1X1
80:B06B:E0M1X1,80:B06F:E0M1X1
80:B06E:E0M1X1,80:AF4F:E0M1X1
80:B06F:E0M1X1,80:B071:E0M0X0
80:B071:E0M0X0,80:B074:E0M0X0
80:B074:E0M0X0,80:B076:E0M0X0
80:B074:E0M0X0,80:B092:E0M0X0
80:B076:E0M0X0,80:B079:E0M0X0
80:B079:E0M0X0,80:B07D:E0M0X0
80:B07D:E0M0X0,80:B07E:E0M0X0
80:B07E:E0M0X0,80:B07F:E0M0X0
80:B07F:E0M0X0,80:B082:E0M0X0
80:B082:E0M0X0,80:B086:E0M0X0
80:B086:E0M0X0,80:B087:E0M0X0
80:B087:E0M0X0,80:B088:E0M0X0
80:B088:E0M0X0,80:B08B:E0M0X0
80:B08B:E0M0X0,80:B08C:E0M0X0
80:B08C:E0M0X0,80:B08F:E0M0X0
80:B08F:E0M0X0,80:B092:E0M0X0
80:B092:E0M0X0,80:B093:E0M0X0
80:B093:E0M0X0,80:B096:E0M0X0
80:B096:E0M0X0,80:B099:E0M0X0
80:B099:E0M0X0,80:B09C:E0M0X0
80:B09C:E0M0X0,80:B09F:E0M0X0
80:B09F:E0M0X0,80:B0A2:E0M0X0
80:B0A2:E0M0X0,80:B0A5:E0M0X0
80:B0A5:E0M0X0,80:B0A8:E0M0X0
80:B0A8:E0M0X0,80:B0AB:E0M0X0
80:B0AB:E0M0X0,80:B0AE:E0M0X0
80:B0AE:E0M0X0,80:B0B0:E0M1X1
80:B0B0:E0M1X1,80:B064:E0M1X1
80:B0B0:E0M1X1,80:B069:E0M1X1
80:B0B0:E0M1X1,80:B06E:E0M1X1
80:B0B1:E0M1X1,80:B0B2:E0M1X1
80:B0B2:E0M1X1,80:B0B3:E0M1X1
80:B0B3:E0M1X1,80:B0B6:E0M1X1
80:B0B6:E0M1X1,80:B0B8:E0M1X1
80:B0B8:E0M1X1,80:B0DB:E0M1X1
80:B0BB:E0M1X1,80:B0BC:E0M1X1
80:B0BC:E0M1X1,80:B0BD:E0M1X1
80:B0BD:E0M1X1,80:B042:E0M1X1
80:B0BD:E0M1X1,80:B36E:E0M1X1
80:B0BD:E0M1X1,80:B375:E0M1X1
80:B0BD:E0M1X1,80:B37C:E0M1X1
80:B0BD:E0M1X1,80:B383:E0M1X1
80:B0BD:E0M1X1,80:B38A:E0M1X1
80:B0BD:E0M1X1,80:B391:E0M1X1
80:B0BD:E0M1X1,80:B398:E0M1X1
80:B0BD:E0M1X1,80:B39F:E0M1X1
80:B0BD:E0M1X1,80:B3A6:E0M1X1
80:B0BD:E0M1X1,80:B3AD:E0M1X1
80:B0BD:E0M1X1,80:B3B4:E0M1X1
80:B0BD:E0M1X1,80:BA53:E0M1X1
80:B0BE:E0M1X1,80:B0BF:E0M1X1
80:B0BF:E0M1X1,80:B0C0:E0M1X1
80:B0C0:E0M1X1,80:B0C3:E0M1X1
80:B0C3:E0M1X1,80:B0C5:E0M1X1
80:B0C5:E0M1X1,80:B0DB:E0M1X1
80:B0C8:E0M1X1,80:B0C9:E0M1X1
80:B0C9:E0M1X1,80:B0CA:E0M1X1
80:B0CA:E0M1X1,80:B005:E0M1X1
80:B0CA:E0M1X1,80:B051:E0M1X1
80:B0CA:E0M1X1,80:B36E:E0M1X1
80:B0CA:E0M1X1,80:B375:E0M1X1
80:B0CA:E0M1X1,80:B37C:E0M1X1
80:B0CA:E0M1X1,80:B383:E0M1X1
80:B0CA:E0M1X1,80:B38A:E0M1X1
80:B0CA:E0M1X1,80:B391:E0M1X1
80:B0CA:E0M1X1,80:B398:E0M1X1
80:B0CA:E0M1X1,80:B39F:E0M1X1
80:B0CA:E0M1X1,80:B3A6:E0M1X1
80:B0CA:E0M1X1,80:B3AD:E0M1X1
80:B0CA:E0M1X1,80:B3B4:E0M1X1
80:B0CA:E0M1X1,80:BA53:E0M1X1
80:B0CB:E0M1X1,80:B0CC:E0M1X1
80:B0CC:E0M1X1,80:B0CD:E0M1X1
80:B0CD:E0M1X1,80:B0D0:E0M1X1
80:B0D0:E0M1X1,80:B0D1:E0M1X1
80:B0D1:E0M1X1,80:B0D3:E0M1X1
80:B0D3:E0M1X1,80:B0D5:E0M1X1
80:B0D5:E0M1X1,80:B0DB:E0M1X1
80:B0D8:E0M1X1,80:B0D9:E0M1X1
80:B0D9:E0M1X1,80:B0DA:E0M1X1
80:B0DA:E0M1X1,80:B059:E0M1X1
80:B0DB:E0M1X1,80:B0DC:E0M1X1
80:B0DC:E0M1X1,80:B0DD:E0M1X1
80:B0DD:E0M1X1,80:B0DE:E0M1X1
80:B0DE:E0M1X1,80:B0E1:E0M1X1
80:B0E1:E0M1X1,80:B0E2:E0M1X1
80:B0E2:E0M1X1,80:B0E3:E0M1X1
80:B0E3:E0M1X1,80:B0E6:E0M1X1
80:B0E6:E0M1X1,80:B0E7:E0M1X1
80:B0E7:E0M1X1,80:B0E8:E0M1X1
80:B0E8:E0M1X1,80:B0EB:E0M1X1
80:B0EB:E0M1X1,80:B0EC:E0M1X1
80:B0EC:E0M1X1,80:B0BB:E0M1X1
80:B0EC:E0M1X1,80:B0C8:E0M1X1
80:B0EC:E0M1X1,80:B0D8:E0M1X1
80:B0ED:E0M1X1,80:B0F0:E0M1X1
80:B0F0:E0M1X1,80:B0F3:E0M1X1
80:B0F3:E0M1X1,80:B0F6:E0M1X1
80:B0F6:E0M1X1,80:B0F9:E0M1X1
80:B0F9:E0M1X1,80:B0FC:E0M1X1
80:B0FC:E0M1X1,80:B0FF:E0M1X1
80:B0FF:E0M1X1,80:B102:E0M1X1
80:B102:E0M1X1,80:B105:E0M1X1
80:B105:E0M1X1,80:B108:E0M1X1
80:B108:E0M1X1,80:B10B:E0M1X1
80:B10B:E0M1X1,80:B10E:E0M1X1
80:B10E:E0M1X1,80:B111:E0M1X1
80:B111:E0M1X1,80:B114:E0M1X1
80:B114:E0M1X1,80:AF78:E0M1X1
80:B114:E0M1X1,80:AF94:E0M1X1
80:B114:E0M1X1,80:AFB0:E0M1X1
80:B114:E0M1X1,80:B118:E0M1X1
80:B115:E0M1X1,80:B0ED:E0M1X1
80:B118:E0M1X1,80:B11B:E0M1X1
80:B11B:E0M1X1,80:B11D:E0M1X1
80:B11B:E0M1X1,80:B11E:E0M1X1
80:B11D:E0M1X1,80:AF54:E0M1X1
80:B11D:E0M1X1,80:AF59:E0M1X1
80:B11D:E0M1X1,80:AF5E:E0M1X1
80:B11D:E0M1X1,80:B9DE:E0M1X1
80:B11D:E0M1X1,80:BA50:E0M1X1
80:B11E:E0M1X1,80:B120:E0M1X1
80:B120:E0M1X1,80:B123:E0M1X1
80:B123:E0M1X1,80:B126:E0M1X1
80:B126:E0M1X1,80:B129:E0M1X1
80:B129:E0M1X1,80:B12B:E0M1X1
80:B12B:E0M1X1,80:B12D:E0M1X1
80:B12B:E0M1X1,80:B157:E0M1X1
80:B12D:E0M1X1,80:B12F:E0M1X1
80:B12F:E0M1X1,80:B131:E0M1X1
80:B12F:E0M1X1,80:B136:E0M1X1
80:B131:E0M1X1,80:B134:E0M1X1
80:B134:E0M1X1,80:B151:E0M1X1
80:B136:E0M1X1,80:B138:E0M1X1
80:B138:E0M1X1,80:B13A:E0M1X1
80:B138:E0M1X1,80:B157:E0M1X1
80:B13A:E0M1X1,80:B13D:E0M1X1
80:B13D:E0M1X1,80:B13F:E0M1X1
80:B13F:E0M1X1,80:B141:E0M1X1
80:B13F:E0M1X1,80:B151:E0M1X1
80:B141:E0M1X1,80:B144:E0M1X1
80:B144:E0M1X1,80:B146:E0M1X1
80:B146:E0M1X1,80:B148:E0M1X1
80:B146:E0M1X1,80:B157:E0M1X1
80:B148:E0M1X1,80:B14B:E0M1X1
80:B14B:E0M1X1,80:B14C:E0M1X1
80:B14C:E0M1X1,80:B33E:E0M1X1
80:B14F:E0M1X1,80:B151:E0M1X1
80:B14F:E0M1X1,80:B157:E0M1X1
80:B151:E0M1X1,80:B153:E0M1X1
80:B153:E0M1X1,80:B154:E0M1X1
80:B154:E0M1X1,80:B157:E0M1X1
80:B157:E0M1X1,80:B15A:E0M1X1
80:B15A:E0M1X1,80:B15C:E0M1X1
80:B15A:E0M1X1,80:B172:E0M1X1
80:B15C:E0M1X1,80:B15F:E0M1X1
80:B15F:E0M1X1,80:B161:E0M1X1
80:B15F:E0M1X1,80:B179:E0M1X1
80:B161:E0M1X1,80:B163:E0M1X1
80:B163:E0M1X1,80:B165:E0M1X1
80:B163:E0M1X1,80:B16A:E0M1X1
80:B165:E0M1X1,80:B168:E0M1X1
80:B168:E0M1X1,80:B194:E0M1X1
80:B16A:E0M1X1,80:B16D:E0M1X1
80:B16D:E0M1X1,80:B170:E0M1X1
80:B170:E0M1X1,80:B1AC:E0M1X1
80:B172:E0M1X1,80:B175:E0M1X1
80:B175:E0M1X1,80:B177:E0M1X1
80:B175:E0M1X1,80:B194:E0M1X1
80:B177:E0M1X1,80:B17E:E0M1X1
80:B179:E0M1X1,80:B17B:E0M1X1
80:B17B:E0M1X1,80:B17E:E0M1X1
80:B17E:E0M1X1,80:B180:E0M1X1
80:B180:E0M1X1,80:B182:E0M1X1
80:B180:E0M1X1,80:B187:E0M1X1
80:B182:E0M1X1,80:B184:E0M1X1
80:B184:E0M1X1,80:B187:E0M1X1
80:B187:E0M1X1,80:B18A:E0M1X1
80:B18A:E0M1X1,80:B18D:E0M1X1
80:B18D:E0M1X1,80:B18F:E0M1X1
80:B18F:E0M1X1,80:B192:E0M1X1
80:B192:E0M1X1,80:B1AC:E0M1X1
80:B194:E0M1X1,80:B196:E0M1X1
80:B196:E0M1X1,80:B198:E0M1X1
80:B196:E0M1X1,80:B19F:E0M1X1
80:B198:E0M1X1,80:B19A:E0M1X1
80:B19A:E0M1X1,80:B19D:E0M1X1
80:B19D:E0M1X1,80:B157:E0M1X1
80:B19F:E0M1X1,80:B1A2:E0M1X1
80:B1A2:E0M1X1,80:B18A:E0M1X1
80:B1A2:E0M1X1,80:B1A4:E0M1X1
80:B1A4:E0M1X1,80:B1A7:E0M1X1
80:B1A7:E0M1X1,80:B1A9:E0M1X1
80:B1A9:E0M1X1,80:B1AC:E0M1X1
80:B1AC:E0M1X1,80:B1AF:E0M1X1
80:B1AF:E0M1X1,80:B1B1:E0M1X1
80:B1B1:E0M1X1,80:B1B3:E0M1X1
80:B1B1:E0M1X1,80:B1B9:E0M1X1
80:B1B3:E0M1X1,80:B1B5:E0M1X1
80:B1B5:E0M1X1,80:B1B7:E0M1X1
80:B1B7:E0M1X1,80:B1B9:E0M1X1
80:B1B7:E0M1X1,80:B1BE:E0M1X1
80:B1B9:E0M1X1,80:B1BB:E0M1X1
80:B1BB:E0M1X1,80:B1BE:E0M1X1
80:B1BE:E0M1X1,80:B1C0:E0M1X1
80:B1C0:E0M1X1,80:B1B9:E0M1X1
80:B1C0:E0M1X1,80:B1C2:E0M1X1
80:B1C2:E0M1X1,80:B1C5:E0M1X1
80:B1C5:E0M1X1,80:B1C7:E0M1X1
80:B1C7:E0M1X1,80:B1C9:E0M1X1
80:B1C7:E0M1X1,80:B1CD:E0M1X1
80:B1C9:E0M1X1,80:B1CB:E0M1X1
80:B1CB:E0M1X1,80:B1CD:E0M1X1
80:B1CB:E0M1X1,80:B1D0:E0M1X1
80:B1CD:E0M1X1,80:B265:E0M1X1
80:B1D0:E0M1X1,80:B1D3:E0M1X1
80:B1D3:E0M1X1,80:B1D5:E0M1X1
80:B1D3:E0M1X1,80:B1FC:E0M1X1
80:B1D5:E0M1X1,80:B1D8:E0M1X1
80:B1D8:E0M1X1,80:B1D9:E0M1X1
80:B1D9:E0M1X1,80:B1DC:E0M1X1
80:B1DC:E0M1X1,80:B1DE:E0M1X1
80:B1DE:E0M1X1,80:B1E0:E0M1X1
80:B1DE:E0M1X1,80:B1FC:E0M1X1
80:B1E0:E0M1X1,80:B1E3:E0M1X1
80:B1E3:E0M1X1,80:B1E5:E0M1X1
80:B1E5:E0M1X1,80:B1CD:E0M1X1
80:B1E5:E0M1X1,80:B1E7:E0M1X1
80:B1E7:E0M1X1,80:B33E:E0M1X1
80:B1EA:E0M1X1,80:B1EC:E0M1X1
80:B1EA:E0M1X1,80:B255:E0M1X1
80:B1EC:E0M1X1,80:B1EF:E0M1X1
80:B1EF:E0M1X1,80:B1F0:E0M1X1
80:B1F0:E0M1X1,80:B1F3:E0M1X1
80:B1F3:E0M1X1,80:B1F6:E0M1X1
80:B1F6:E0M1X1,80:B1F8:E0M1X1
80:B1F8:E0M1X1,80:B1FB:E0M1X1
80:B1FB:E0M1X1,80:AF54:E0M1X1
80:B1FB:E0M1X1,80:AF59:E0M1X1
80:B1FB:E0M1X1,80:AF5E:E0M1X1
80:B1FB:E0M1X1,80:B9DE:E0M1X1
80:B1FB:E0M1X1,80:BA50:E0M1X1
80:B1FC:E0M1X1,80:B1FF:E0M1X1
80:B1FF:E0M1X1,80:B201:E0M1X1
80:B1FF:E0M1X1,80:B204:E0M1X1
80:B201:E0M1X1,80:B2E5:E0M1X1
80:B204:E0M1X1,80:B205:E0M1X1
80:B205:E0M1X1,80:B206:E0M1X1
80:B206:E0M1X1,80:B207:E0M1X1
80:B207:E0M1X1,80:B20A:E0M1X1
80:B20A:E0M1X1,80:B20C:E0M1X1
80:B20C:E0M1X1,80:B20E:E0M1X1
80:B20C:E0M1X1,80:B255:E0M1X1
80:B20E:E0M1X1,80:B211:E0M1X1
80:B211:E0M1X1,80:B213:E0M1X1
80:B213:E0M1X1,80:B215:E0M1X1
80:B213:E0M1X1,80:B21F:E0M1X1
80:B215:E0M1X1,80:B217:E0M1X1
80:B217:E0M1X1,80:B219:E0M1X1
80:B217:E0M1X1,80:B21C:E0M1X1
80:B219:E0M1X1,80:B2C1:E0M1X1
80:B21C:E0M1X1,80:B2CE:E0M1X1
80:B21F:E0M1X1,80:B222:E0M1X1
80:B222:E0M1X1,80:B224:E0M1X1
80:B224:E0M1X1,80:B226:E0M1X1
80:B224:E0M1X1,80:B229:E0M1X1
80:B226:E0M1X1,80:B229:E0M1X1
80:B229:E0M1X1,80:B22C:E0M1X1
80:B22C:E0M1X1,80:B22F:E0M1X1
80:B22F:E0M1X1,80:B230:E0M1X1
80:B230:E0M1X1,80:B233:E0M1X1
80:B233:E0M1X1,80:B235:E0M1X1
80:B235:E0M1X1,80:B238:E0M1X1
80:B238:E0M1X1,80:B23B:E0M1X1
80:B23B:E0M1X1,80:B23D:E0M1X1
80:B23D:E0M1X1,80:B23F:E0M1X1
80:B23D:E0M1X1,80:B243:E0M1X1
80:B23F:E0M1X1,80:B240:E0M1X1
80:B240:E0M1X1,80:B242:E0M1X1
80:B242:E0M1X1,80:B243:E0M1X1
80:B243:E0M1X1,80:B245:E0M1X1
80:B245:E0M1X1,80:B248:E0M1X1
80:B248:E0M1X1,80:B24A:E0M1X1
80:B248:E0M1X1,80:B25B:E0M1X1
80:B24A:E0M1X1,80:B24C:E0M1X1
80:B24C:E0M1X1,80:B24E:E0M1X1
80:B24C:E0M1X1,80:B25B:E0M1X1
80:B24E:E0M1X1,80:B251:E0M1X1
80:B251:E0M1X1,80:B253:E0M1X1
80:B253:E0M1X1,80:B255:E0M1X1
80:B253:E0M1X1,80:B258:E0M1X1
80:B255:E0M1X1,80:B2DE:E0M1X1
80:B258:E0M1X1,80:B2CA:E0M1X1
80:B25B:E0M1X1,80:B25E:E0M1X1
80:B25E:E0M1X1,80:B260:E0M1X1
80:B260:E0M1X1,80:B255:E0M1X1
80:B260:E0M1X1,80:B262:E0M1X1
80:B262:E0M1X1,80:B2BD:E0M1X1
80:B265:E0M1X1,80:B268:E0M1X1
80:B268:E0M1X1,80:B26B:E0M1X1
80:B26B:E0M1X1,80:B26E:E0M1X1
80:B26E:E0M1X1,80:B26F:E0M1X1
80:B26F:E0M1X1,80:B272:E0M1X1
80:B272:E0M1X1,80:B274:E0M1X1
80:B272:E0M1X1,80:B277:E0M1X1
80:B274:E0M1X1,80:B277:E0M1X1
80:B277:E0M1X1,80:B279:E0M1X1
80:B279:E0M1X1,80:B27B:E0M1X1
80:B279:E0M1X1,80:B27F:E0M1X1
80:B27B:E0M1X1,80:B27D:E0M1X1
80:B27D:E0M1X1,80:B27F:E0M1X1
80:B27D:E0M1X1,80:B282:E0M1X1
80:B27F:E0M1X1,80:B282:E0M1X1
80:B282:E0M1X1,80:B284:E0M1X1
80:B284:E0M1X1,80:B286:E0M1X1
80:B284:E0M1X1,80:B291:E0M1X1
80:B286:E0M1X1,80:B289:E0M1X1
80:B289:E0M1X1,80:B28C:E0M1X1
80:B28C:E0M1X1,80:B28F:E0M1X1
80:B28F:E0M1X1,80:B29A:E0M1X1
80:B291:E0M1X1,80:B294:E0M1X1
80:B294:E0M1X1,80:B297:E0M1X1
80:B297:E0M1X1,80:B29A:E0M1X1
80:B29A:E0M1X1,80:B29D:E0M1X1
80:B29D:E0M1X1,80:B29F:E0M1X1
80:B29D:E0M1X1,80:B2A8:E0M1X1
80:B29F:E0M1X1,80:B2A1:E0M1X1
80:B2A1:E0M1X1,80:B2A2:E0M1X1
80:B2A2:E0M1X1,80:B2A5:E0M1X1
80:B2A5:E0M1X1,80:B2A8:E0M1X1
80:B2A8:E0M1X1,80:B2AB:E0M1X1
80:B2AB:E0M1X1,80:B2AD:E0M1X1
80:B2AD:E0M1X1,80:B2AF:E0M1X1
80:B2AD:E0M1X1,80:B2EB:E0M1X1
80:B2AF:E0M1X1,80:B2B0:E0M1X1
80:B2B0:E0M1X1,80:B2B2:E0M1X1
80:B2B2:E0M1X1,80:B2B4:E0M1X1
80:B2B2:E0M1X1,80:B2D7:E0M1X1
80:B2B4:E0M1X1,80:B2B6:E0M1X1
80:B2B6:E0M1X1,80:B2B8:E0M1X1
80:B2B6:E0M1X1,80:B2DE:E0M1X1
80:B2B8:E0M1X1,80:B2BB:E0M1X1
80:B2BB:E0M1X1,80:B2BD:E0M1X1
80:B2BB:E0M1X1,80:B2CA:E0M1X1
80:B2BD:E0M1X1,80:B2BF:E0M1X1
80:B2BF:E0M1X1,80:B2C1:E0M1X1
80:B2BF:E0M1X1,80:B2CE:E0M1X1
80:B2C1:E0M1X1,80:B2C4:E0M1X1
80:B2C4:E0M1X1,80:B2C6:E0M1X1
80:B2C6:E0M1X1,80:B2C9:E0M1X1
80:B2C9:E0M1X1,80:AF54:E0M1X1
80:B2C9:E0M1X1,80:AF59:E0M1X1
80:B2C9:E0M1X1,80:AF5E:E0M1X1
80:B2C9:E0M1X1,80:B9DE:E0M1X1
80:B2C9:E0M1X1,80:BA50:E0M1X1
80:B2CA:E0M1X1,80:B2CC:E0M1X1
80:B2CC:E0M1X1,80:B2C1:E0M1X1
80:B2CC:E0M1X1,80:B2CE:E0M1X1
80:B2CE:E0M1X1,80:B2D0:E0M1X1
80:B2D0:E0M1X1,80:B2D3:E0M1X1
80:B2D3:E0M1X1,80:B2D6:E0M1X1
80:B2D6:E0M1X1,80:AF54:E0M1X1
80:B2D6:E0M1X1,80:AF59:E0M1X1
80:B2D6:E0M1X1,80:AF5E:E0M1X1
80:B2D6:E0M1X1,80:B9DE:E0M1X1
80:B2D6:E0M1X1,80:BA50:E0M1X1
80:B2D7:E0M1X1,80:B2DA:E0M1X1
80:B2DA:E0M1X1,80:B2CA:E0M1X1
80:B2DA:E0M1X1,80:B2DC:E0M1X1
80:B2DC:E0M1X1,80:B2BD:E0M1X1
80:B2DC:E0M1X1,80:B2DE:E0M1X1
80:B2DE:E0M1X1,80:B2E1:E0M1X1
80:B2E1:E0M1X1,80:B2E4:E0M1X1
80:B2E4:E0M1X1,80:AF54:E0M1X1
80:B2E4:E0M1X1,80:AF59:E0M1X1
80:B2E4:E0M1X1,80:AF5E:E0M1X1
80:B2E4:E0M1X1,80:B9DE:E0M1X1
80:B2E4:E0M1X1,80:BA50:E0M1X1
80:B2E5:E0M1X1,80:B2E8:E0M1X1
80:B2E8:E0M1X1,80:B2EA:E0M1X1
80:B2E8:E0M1X1,80:B2EB:E0M1X1
80:B2EA:E0M1X1,80:AF54:E0M1X1
80:B2EA:E0M1X1,80:AF59:E0M1X1
80:B2EA:E0M1X1,80:AF5E:E0M1X1
80:B2EA:E0M1X1,80:B9DE:E0M1X1
80:B2EA:E0M1X1,80:BA50:E0M1X1
80:B2EB:E0M1X1,80:B2EE:E0M1X1
80:B2EE:E0M1X1,80:B2F1:E0M1X1
80:B2F1:E0M1X1,80:B2F3:E0M1X1
80:B2F3:E0M1X1,80:B2F5:E0M1X1
80:B2F3:E0M1X1,80:B2F8:E0M1X1
80:B2F5:E0M1X1,80:B2F8:E0M1X1
80:B2F8:E0M1X1,80:B2FB:E0M1X1
80:B2FB:E0M1X1,80:B2FC:E0M1X1
80:B2FC:E0M1X1,80:B2FF:E0M1X1
80:B2FF:E0M1X1,80:B302:E0M1X1
80:B302:E0M1X1,80:B304:E0M1X1
80:B304:E0M1X1,80:B2DE:E0M1X1
80:B304:E0M1X1,80:B306:E0M1X1
80:B306:E0M1X1,80:B308:E0M1X1
80:B308:E0M1X1,80:B2DE:E0M1X1
80:B308:E0M1X1,80:B30A:E0M1X1
80:B30A:E0M1X1,80:B30D:E0M1X1
80:B30D:E0M1X1,80:B30E:E0M1X1
80:B30E:E0M1X1,80:B311:E0M1X1
80:B311:E0M1X1,80:B312:E0M1X1
80:B312:E0M1X1,80:B314:E0M1X1
80:B314:E0M1X1,80:B315:E0M1X1
80:B315:E0M1X1,80:B318:E0M1X1
80:B318:E0M1X1,80:B319:E0M1X1
80:B319:E0M1X1,80:B31C:E0M1X1
80:B31C:E0M1X1,80:B31D:E0M1X1
80:B31D:E0M1X1,80:B320:E0M1X1
80:B320:E0M1X1,80:B322:E0M1X1
80:B322:E0M1X1,80:B2DE:E0M1X1
80:B322:E0M1X1,80:B324:E0M1X1
80:B324:E0M1X1,80:B326:E0M1X1
80:B326:E0M1X1,80:B328:E0M1X1
80:B326:E0M1X1,80:B32B:E0M1X1
80:B328:E0M1X1,80:B1F3:E0M1X1
80:B32B:E0M1X1,80:B32E:E0M1X1
80:B32E:E0M1X1,80:B331:E0M1X1
80:B331:E0M1X1,80:B33E:E0M1X1
80:B334:E0M1X1,80:B2DE:E0M1X1
80:B334:E0M1X1,80:B336:E0M1X1
80:B336:E0M1X1,80:B339:E0M1X1
80:B339:E0M1X1,80:B33B:E0M1X1
80:B33B:E0M1X1,80:B1F3:E0M1X1
80:B33E:E0M1X1,80:B33F:E0M1X1
80:B33F:E0M1X1,80:B340:E0M1X1
80:B340:E0M1X1,80:B343:E0M1X1
80:B343:E0M1X1,80:B346:E0M1X1
80:B346:E0M1X1,80:B348:E0M1X1
80:B346:E0M1X1,80:B34B:E0M1X1
80:B348:E0M1X1,80:B34A:E0M1X1
80:B34A:E0M1X1,80:B14F:E0M1X1
80:B34A:E0M1X1,80:B1EA:E0M1X1
80:B34A:E0M1X1,80:B334:E0M1X1
80:B34B:E0M1X1,80:B34D:E0M1X1
80:B34D:E0M1X1,80:B14F:E0M1X1
80:B34D:E0M1X1,80:B1EA:E0M1X1
80:B34D:E0M1X1,80:B334:E0M1X1
80:B356:E0M1X1,80:B358:E0M1X1
80:B358:E0M1X1,80:B4FE:E0M1X1
80:B35B:E0M1X1,80:B35C:E0M1X1
80:B35C:E0M1X1,80:B4FE:E0M1X1
80:B35F:E0M1X1,80:B360:E0M1X1
80:B360:E0M1X1,80:B4FE:E0M1X1
80:B363:E0M1X1,80:B364:E0M1X1
80:B364:E0M1X1,80:B4FE:E0M1X1
80:B367:E0M1X1,80:B369:E0M1X1
80:B369:E0M1X1,80:B36B:E0M1X1
80:B36B:E0M1X1,80:B3B8:E0M1X1
80:B36E:E0M1X1,80:B370:E0M1X1
80:B370:E0M1X1,80:B372:E0M1X1
80:B372:E0M1X1,80:B3B8:E0M1X1
80:B375:E0M1X1,80:B377:E0M1X1
80:B377:E0M1X1,80:B379:E0M1X1
80:B379:E0M1X1,80:B3B8:E0M1X1
80:B37C:E0M1X1,80:B37E:E0M1X1
80:B37E:E0M1X1,80:B380:E0M1X1
80:B380:E0M1X1,80:B3B8:E0M1X1
80:B383:E0M1X1,80:B385:E0M1X1
80:B385:E0M1X1,80:B387:E0M1X1
80:B387:E0M1X1,80:B3B8:E0M1X1
80:B38A:E0M1X1,80:B38C:E0M1X1
80:B38C:E0M1X1,80:B38E:E0M1X1
80:B38E:E0M1X1,80:B3B8:E0M1X1
80:B391:E0M1X1,80:B393:E0M1X1
80:B393:E0M1X1,80:B395:E0M1X1
80:B395:E0M1X1,80:B3B8:E0M1X1
80:B398:E0M1X1,80:B39A:E0M1X1
80:B39A:E0M1X1,80:B39C:E0M1X1
80:B39C:E0M1X1,80:B3B8:E0M1X1
80:B39F:E0M1X1,80:B3A1:E0M1X1
80:B3A1:E0M1X1,80:B3A3:E0M1X1
80:B3A3:E0M1X1,80:B3B8:E0M1X1
80:B3A6:E0M1X1,80:B3A8:E0M1X1
80:B3A8:E0M1X1,80:B3AA:E0M1X1
80:B3AA:E0M1X1,80:B3B8:E0M1X1
80:B3AD:E0M1X1,80:B3AF:E0M1X1
80:B3AF:E0M1X1,80:B3B1:E0M1X1
80:B3B1:E0M1X1,80:B3B8:E0M1X1
80:B3B4:E0M1X1,80:B3B6:E0M1X1
80:B3B6:E0M1X1,80:B3B8:E0M1X1
80:B3B8:E0M1X1,80:B3BB:E0M1X1
80:B3BB:E0M1X1,80:B3BD:E0M1X1
80:B3BB:E0M1X1,80:B3CC:E0M1X1
80:B3BD:E0M1X1,80:B3C0:E0M1X1
80:B3C0:E0M1X1,80:B3C2:E0M1X1
80:B3C0:E0M1X1,80:B3CC:E0M1X1
80:B3C2:E0M1X1,80:B3C5:E0M1X1
80:B3C5:E0M1X1,80:B3C7:E0M1X1
80:B3C5:E0M1X1,80:B3CC:E0M1X1
80:B3C7:E0M1X1,80:B3CA:E0M1X1
80:B3CA:E0M1X1,80:B3CC:E0M1X1
80:B3CA:E0M1X1,80:B3CD:E0M1X1
80:B3CC:E0M1X1,80:B36E:E0M1X1
80:B3CC:E0M1X1,80:B375:E0M1X1
80:B3CC:E0M1X1,80:B37C:E0M1X1
80:B3CC:E0M1X1,80:B383:E0M1X1
80:B3CC:E0M1X1,80:B38A:E0M1X1
80:B3CC:E0M1X1,80:B391:E0M1X1
80:B3CC:E0M1X1,80:B398:E0M1X1
80:B3CC:E0M1X1,80:B39F:E0M1X1
80:B3CC:E0M1X1,80:B3A6:E0M1X1
80:B3CC:E0M1X1,80:B3AD:E0M1X1
80:B3CC:E0M1X1,80:B3B4:E0M1X1
80:B3CC:E0M1X1,80:BA53:E0M1X1
80:B3CD:E0M1X1,80:B3D0:E0M1X1
80:B3D0:E0M1X1,80:B3D2:E0M1X1
80:B3D2:E0M1X1,80:B3CC:E0M1X1
80:B3D2:E0M1X1,80:B3D4:E0M1X1
80:B3D4:E0M1X1,80:B3D7:E0M1X1
80:B3D7:E0M1X1,80:B3D9:E0M1X1
80:B3D9:E0M1X1,80:B3CC:E0M1X1
80:B3D9:E0M1X1,80:B3DB:E0M1X1
80:B3DB:E0M1X1,80:B3DE:E0M1X1
80:B3DE:E0M1X1,80:B3E1:E0M1X1
80:B3E1:E0M1X1,80:B3E4:E0M1X1
80:B3E4:E0M1X1,80:B3E7:E0M1X1
80:B3E7:E0M1X1,80:B3EA:E0M1X1
80:B3EA:E0M1X1,80:B3EB:E0M1X1
80:B3EB:E0M1X1,80:B3EE:E0M1X1
80:B3EE:E0M1X1,80:B3F1:E0M1X1
80:B3F1:E0M1X1,80:B3F3:E0M1X1
80:B3F3:E0M1X1,80:B3F5:E0M1X1
80:B3F3:E0M1X1,80:B401:E0M1X1
80:B3F5:E0M1X1,80:B3F8:E0M1X1
80:B3F8:E0M1X1,80:B3FB:E0M1X1
80:B3FB:E0M1X1,80:B3FE:E0M1X1
80:B3FE:E0M1X1,80:B401:E0M1X1
80:B401:E0M1X1,80:B404:E0M1X1
80:B404:E0M1X1,80:B405:E0M1X1
80:B405:E0M1X1,80:B406:E0M1X1
80:B406:E0M1X1,80:B408:E0M1X1
80:B408:E0M1X1,80:B40A:E0M1X1
80:B40A:E0M1X1,80:B40D:E0M1X1
80:B40D:E0M1X1,80:B410:E0M1X1
80:B410:E0M1X1,80:B411:E0M1X1
80:B411:E0M1X1,80:B412:E0M1X1
80:B412:E0M1X1,80:B414:E0M1X1
80:B414:E0M1X1,80:B416:E0M1X1
80:B416:E0M1X1,80:B419:E0M1X1
80:B419:E0M1X1,80:B41B:E0M1X1
80:B419:E0M1X1,80:B42D:E0M1X1
80:B41B:E0M1X1,80:B41D:E0M1X1
80:B41D:E0M1X1,80:B41E:E0M1X1
80:B41E:E0M1X1,80:B421:E0M1X1
80:B421:E0M1X1,80:B424:E0M1X1
80:B424:E0M1X1,80:B426:E0M1X1
80:B426:E0M1X1,80:B427:E0M1X1
80:B427:E0M1X1,80:B42A:E0M1X1
80:B42A:E0M1X1,80:B42D:E0M1X1
80:B42D:E0M1X1,80:B430:E0M1X1
80:B430:E0M1X1,80:B431:E0M1X1
80:B431:E0M1X1,80:B434:E0M1X1
80:B434:E0M1X1,80:B437:E0M1X1
80:B437:E0M1X1,80:B43A:E0M1X1
80:B43A:E0M1X1,80:B43C:E0M1X1
80:B43C:E0M1X1,80:B43E:E0M1X1
80:B43C:E0M1X1,80:B442:E0M1X1
80:B43E:E0M1X1,80:B440:E0M1X1
80:B440:E0M1X1,80:B442:E0M1X1
80:B440:E0M1X1,80:B463:E0M1X1
80:B442:E0M1X1,80:B445:E0M1X1
80:B445:E0M1X1,80:B448:E0M1X1
80:B448:E0M1X1,80:B44A:E0M1X1
80:B44A:E0M1X1,80:B44C:E0M1X1
80:B44A:E0M1X1,80:B464:E0M1X1
80:B44C:E0M1X1,80:B44F:E0M1X1
80:B44F:E0M1X1,80:B451:E0M1X1
80:B44F:E0M1X1,80:B459:E0M1X1
80:B451:E0M1X1,80:B453:E0M1X1
80:B453:E0M1X1,80:B455:E0M1X1
80:B453:E0M1X1,80:B459:E0M1X1
80:B455:E0M1X1,80:B457:E0M1X1
80:B457:E0M1X1,80:B459:E0M1X1
80:B457:E0M1X1,80:B463:E0M1X1
80:B459:E0M1X1,80:B45C:E0M1X1
80:B45C:E0M1X1,80:B45D:E0M1X1
80:B45D:E0M1X1,80:B460:E0M1X1
80:B460:E0M1X1,80:B478:E0M1X1
80:B463:E0M1X1,80:B36E:E0M1X1
80:B463:E0M1X1,80:B375:E0M1X1
80:B463:E0M1X1,80:B37C:E0M1X1
80:B463:E0M1X1,80:B383:E0M1X1
80:B463:E0M1X1,80:B38A:E0M1X1
80:B463:E0M1X1,80:B391:E0M1X1
80:B463:E0M1X1,80:B398:E0M1X1
80:B463:E0M1X1,80:B39F:E0M1X1
80:B463:E0M1X1,80:B3A6:E0M1X1
80:B463:E0M1X1,80:B3AD:E0M1X1
80:B463:E0M1X1,80:B3B4:E0M1X1
80:B463:E0M1X1,80:BA53:E0M1X1
80:B464:E0M1X1,80:B467:E0M1X1
80:B467:E0M1X1,80:B469:E0M1X1
80:B467:E0M1X1,80:B471:E0M1X1
80:B469:E0M1X1,80:B46B:E0M1X1
80:B46B:E0M1X1,80:B46D:E0M1X1
80:B46B:E0M1X1,80:B471:E0M1X1
80:B46D:E0M1X1,80:B46F:E0M1X1
80:B46F:E0M1X1,80:B463:E0M1X1
80:B46F:E0M1X1,80:B471:E0M1X1
80:B471:E0M1X1,80:B474:E0M1X1
80:B474:E0M1X1,80:B475:E0M1X1
80:B475:E0M1X1,80:B478:E0M1X1
80:B478:E0M1X1,80:B47B:E0M1X1
80:B47B:E0M1X1,80:B47D:E0M1X1
80:B47B:E0M1X1,80:B485:E0M1X1
80:B47D:E0M1X1,80:B47F:E0M1X1
80:B47F:E0M1X1,80:B480:E0M1X1
80:B480:E0M1X1,80:B483:E0M1X1
80:B483:E0M1X1,80:B485:E0M1X1
80:B483:E0M1X1,80:B495:E0M1X1
80:B485:E0M1X1,80:B488:E0M1X1
80:B488:E0M1X1,80:B48A:E0M1X1
80:B48A:E0M1X1,80:B48C:E0M1X1
80:B48A:E0M1X1,80:B495:E0M1X1
80:B48C:E0M1X1,80:B48E:E0M1X1
80:B48E:E0M1X1,80:B490:E0M1X1
80:B48E:E0M1X1,80:B495:E0M1X1
80:B490:E0M1X1,80:B492:E0M1X1
80:B492:E0M1X1,80:B495:E0M1X1
80:B495:E0M1X1,80:B498:E0M1X1
80:B498:E0M1X1,80:B499:E0M1X1
80:B499:E0M1X1,80:B49C:E0M1X1
80:B49C:E0M1X1,80:B49E:E0M1X1
80:B49E:E0M1X1,80:B463:E0M1X1
80:B49E:E0M1X1,80:B4A0:E0M1X1
80:B4A0:E0M1X1,80:B4A2:E0M1X1
80:B4A2:E0M1X1,80:B4A4:E0M1X1
80:B4A2:E0M1X1,80:B4AC:E0M1X1
80:B4A4:E0M1X1,80:B4A7:E0M1X1
80:B4A7:E0M1X1,80:B4A9:E0M1X1
80:B4A9:E0M1X1,80:B4AC:E0M1X1
80:B4AC:E0M1X1,80:B4AF:E0M1X1
80:B4AF:E0M1X1,80:B4B1:E0M1X1
80:B4AF:E0M1X1,80:B4CD:E0M1X1
80:B4B1:E0M1X1,80:B4B4:E0M1X1
80:B4B4:E0M1X1,80:B4B5:E0M1X1
80:B4B5:E0M1X1,80:B4B8:E0M1X1
80:B4B8:E0M1X1,80:B4BA:E0M1X1
80:B4B8:E0M1X1,80:B4C8:E0M1X1
80:B4BA:E0M1X1,80:B4BC:E0M1X1
80:B4BC:E0M1X1,80:B4BE:E0M1X1
80:B4BC:E0M1X1,80:B4CC:E0M1X1
80:B4BE:E0M1X1,80:DC26:E0M1X1
80:B4C1:E0M1X1,80:B4C3:E0M1X1
80:B4C3:E0M1X1,80:B4C5:E0M1X1
80:B4C3:E0M1X1,80:B4CC:E0M1X1
80:B4C5:E0M1X1,80:B0BE:E0M1X1
80:B4C8:E0M1X1,80:B4CA:E0M1X1
80:B4CA:E0M1X1,80:B4BE:E0M1X1
80:B4CA:E0M1X1,80:B4CC:E0M1X1
80:B4CC:E0M1X1,80:B36E:E0M1X1
80:B4CC:E0M1X1,80:B375:E0M1X1
80:B4CC:E0M1X1,80:B37C:E0M1X1
80:B4CC:E0M1X1,80:B383:E0M1X1
80:B4CC:E0M1X1,80:B38A:E0M1X1
80:B4CC:E0M1X1,80:B391:E0M1X1
80:B4CC:E0M1X1,80:B398:E0M1X1
80:B4CC:E0M1X1,80:B39F:E0M1X1
80:B4CC:E0M1X1,80:B3A6:E0M1X1
80:B4CC:E0M1X1,80:B3AD:E0M1X1
80:B4CC:E0M1X1,80:B3B4:E0M1X1
80:B4CC:E0M1X1,80:BA53:E0M1X1
80:B4CD:E0M1X1,80:B4D0:E0M1X1
80:B4D0:E0M1X1,80:B4D2:E0M1X1
80:B4D0:E0M1X1,80:B4EF:E0M1X1
80:B4D2:E0M1X1,80:B4D5:E0M1X1
80:B4D5:E0M1X1,80:B4D7:E0M1X1
80:B4D7:E0M1X1,80:B4D9:E0M1X1
80:B4D7:E0M1X1,80:B4E5:E0M1X1
80:B4D9:E0M1X1,80:B4DB:E0M1X1
80:B4DB:E0M1X1,80:B4DD:E0M1X1
80:B4DB:E0M1X1,80:B4E5:E0M1X1
80:B4DD:E0M1X1,80:B4DF:E0M1X1
80:B4DF:E0M1X1,80:B4E1:E0M1X1
80:B4DF:E0M1X1,80:B4E5:E0M1X1
80:B4E1:E0M1X1,80:B4E3:E0M1X1
80:B4E3:E0M1X1,80:B4E5:E0M1X1
80:B4E3:E0M1X1,80:B4EF:E0M1X1
80:B4E5:E0M1X1,80:DC26:E0M1X1
80:B4E8:E0M1X1,80:B4EA:E0M1X1
80:B4EA:E0M1X1,80:B4EC:E0M1X1
80:B4EA:E0M1X1,80:B4EF:E0M1X1
80:B4EC:E0M1X1,80:B0B1:E0M1X1
80:B4EF:E0M1X1,80:B4F2:E0M1X1
80:B4F2:E0M1X1,80:B4CC:E0M1X1
80:B4F2:E0M1X1,80:B4F4:E0M1X1
80:B4F4:E0M1X1,80:DC26:E0M1X1
80:B4F7:E0M1X1,80:B4F9:E0M1X1
80:B4F9:E0M1X1,80:B4CC:E0M1X1
80:B4F9:E0M1X1,80:B4FB:E0M1X1
80:B4FB:E0M1X1,80:B4FD:E0M1X1
80:B4FD:E0M1X1,80:B36E:E0M1X1
80:B4FD:E0M1X1,80:B375:E0M1X1
80:B4FD:E0M1X1,80:B37C:E0M1X1
80:B4FD:E0M1X1,80:B383:E0M1X1
80:B4FD:E0M1X1,80:B38A:E0M1X1
80:B4FD:E0M1X1,80:B391:E0M1X1
80:B4FD:E0M1X1,80:B398:E0M1X1
80:B4FD:E0M1X1,80:B39F:E0M1X1
80:B4FD:E0M1X1,80:B3A6:E0M1X1
80:B4FD:E0M1X1,80:B3AD:E0M1X1
80:B4FD:E0M1X1,80:B3B4:E0M1X1
80:B4FD:E0M1X1,80:BA53:E0M1X1
80:B4FE:E0M1X1,80:B501:E0M1X1
80:B501:E0M1X1,80:B503:E0M1X1
80:B501:E0M1X1,80:B559:E0M1X1
80:B503:E0M1X1,80:B506:E0M1X1
80:B506:E0M1X1,80:B508:E0M1X1
80:B506:E0M1X1,80:B559:E0M1X1
80:B508:E0M1X1,80:B50B:E0M1X1
80:B50B:E0M1X1,80:B50D:E0M1X1
80:B50B:E0M1X1,80:B559:E0M1X1
80:B50D:E0M1X1,80:B510:E0M1X1
80:B510:E0M1X1,80:B55A:E0M1X1
80:B513:E0M1X1,80:B515:E0M1X1
80:B513:E0M1X1,80:B559:E0M1X1
80:B515:E0M1X1,80:B517:E0M0X0
80:B517:E0M0X0,80:B51A:E0M0X0
80:B51A:E0M0X0,80:B51D:E0M0X0
80:B51D:E0M0X0,80:B51E:E0M0X0
80:B51E:E0M0X0,80:B51F:E0M0X0
80:B51F:E0M0X0,80:B520:E0M0X0
80:B520:E0M0X0,80:B521:E0M0X0
80:B521:E0M0X0,80:B522:E0M0X0
80:B522:E0M0X0,80:B525:E0M0X0
80:B525:E0M0X0,80:B527:E0M1X1
80:B527:E0M1X1,80:B55A:E0M1X1
80:B52A:E0M1X1,80:B52C:E0M1X1
80:B52A:E0M1X1,80:B559:E0M1X1
80:B52C:E0M1X1,80:B52F:E0M1X1
80:B52F:E0M1X1,80:B530:E0M1X1
80:B530:E0M1X1,80:B533:E0M1X1
80:B533:E0M1X1,80:B534:E0M1X1
80:B534:E0M1X1,80:B537:E0M1X1
80:B537:E0M1X1,80:B539:E0M0X0
80:B539:E0M0X0,80:B53C:E0M0X0
80:B53C:E0M0X0,80:B53D:E0M0X0
80:B53D:E0M0X0,80:B53E:E0M0X0
80:B53E:E0M0X0,80:B53F:E0M0X0
80:B53F:E0M0X0,80:B540:E0M0X0
80:B540:E0M0X0,80:B541:E0M0X0
80:B541:E0M0X0,80:B544:E0M0X0
80:B544:E0M0X0,80:B546:E0M1X1
80:B546:E0M1X1,80:B55A:E0M1X1
80:B549:E0M1X1,80:B54B:E0M1X1
80:B549:E0M1X1,80:B559:E0M1X1
80:B54B:E0M1X1,80:DC26:E0M1X1
80:B54E:E0M1X1,80:B550:E0M1X1
80:B550:E0M1X1,80:B552:E0M1X1
80:B552:E0M1X1,80:B554:E0M1X1
80:B552:E0M1X1,80:B559:E0M1X1
80:B554:E0M1X1,80:B556:E0M1X1
80:B556:E0M1X1,80:B559:E0M1X1
80:B559:E0M1X1,80:B35B:E0M1X1
80:B559:E0M1X1,80:B35F:E0M1X1
80:B559:E0M1X1,80:B363:E0M1X1
80:B559:E0M1X1,80:B367:E0M1X1
80:B55A:E0M1X1,80:B55C:E0M1X1
80:B55C:E0M1X1,80:B55E:E0M1X1
80:B55C:E0M1X1,80:B568:E0M1X1
80:B55E:E0M1X1,80:B560:E0M1X1
80:B560:E0M1X1,80:B562:E0M1X1
80:B560:E0M1X1,80:B566:E0M1X1
80:B562:E0M1X1,80:B564:E0M1X1
80:B564:E0M1X1,80:B566:E0M1X1
80:B564:E0M1X1,80:B568:E0M1X1
80:B566:E0M1X1,80:B567:E0M1X1
80:B567:E0M1X1,80:B513:E0M1X1
80:B567:E0M1X1,80:B52A:E0M1X1
80:B567:E0M1X1,80:B549:E0M1X1
80:B568:E0M1X1,80:B569:E0M1X1
80:B569:E0M1X1,80:B513:E0M1X1
80:B569:E0M1X1,80:B52A:E0M1X1
80:B569:E0M1X1,80:B549:E0M1X1
80:B5E0:E0M1X1,80:B5E3:E0M1X1
80:B5E3:E0M1X1,80:B5E5:E0M1X1
80:B5E3:E0M1X1,80:B65C:E0M1X1
80:B5E5:E0M1X1,80:B5E8:E0M1X1
80:B5E8:E0M1X1,80:B5EA:E0M1X1
80:B5E8:E0M1X1,80:B65C:E0M1X1
80:B5EA:E0M1X1,80:B5ED:E0M1X1
80:B5ED:E0M1X1,80:B5EF:E0M1X1
80:B5ED:E0M1X1,80:B65C:E0M1X1
80:B5EF:E0M1X1,80:B5F2:E0M1X1
80:B5F2:E0M1X1,80:B695:E0M1X1
80:B5F5:E0M1X1,80:B70C:E0M1X1
80:B5F8:E0M1X1,80:B767:E0M1X1
80:B5FB:E0M1X1,80:B5FE:E0M1X1
80:B5FE:E0M1X1,80:B601:E0M1X1
80:B601:E0M1X1,80:B603:E0M1X1
80:B603:E0M1X1,80:B605:E0M1X1
80:B603:E0M1X1,80:B657:E0M1X1
80:B605:E0M1X1,80:B608:E0M1X1
80:B608:E0M1X1,80:B60A:E0M1X1
80:B60A:E0M1X1,80:B60C:E0M1X1
80:B60A:E0M1X1,80:B61F:E0M1X1
80:B60C:E0M1X1,80:B60E:E0M1X1
80:B60E:E0M1X1,80:B610:E0M1X1
80:B60E:E0M1X1,80:B612:E0M1X1
80:B610:E0M1X1,80:B657:E0M1X1
80:B612:E0M1X1,80:B615:E0M1X1
80:B615:E0M1X1,80:B617:E0M1X1
80:B617:E0M1X1,80:B619:E0M1X1
80:B617:E0M1X1,80:B657:E0M1X1
80:B619:E0M1X1,80:B61B:E0M1X1
80:B61B:E0M1X1,80:B61D:E0M1X1
80:B61B:E0M1X1,80:B657:E0M1X1
80:B61D:E0M1X1,80:B62A:E0M1X1
80:B61F:E0M1X1,80:B622:E0M1X1
80:B622:E0M1X1,80:B624:E0M1X1
80:B624:E0M1X1,80:B626:E0M1X1
80:B624:E0M1X1,80:B657:E0M1X1
80:B626:E0M1X1,80:B628:E0M1X1
80:B628:E0M1X1,80:B62A:E0M1X1
80:B628:E0M1X1,80:B657:E0M1X1
80:B62A:E0M1X1,80:B62D:E0M1X1
80:B62D:E0M1X1,81:C585:E0M1X1
80:B631:E0M1X1,80:B634:E0M1X1
80:B634:E0M1X1,80:B635:E0M1X1
80:B635:E0M1X1,80:B638:E0M1X1
80:B638:E0M1X1,80:B63A:E0M1X1
80:B63A:E0M1X1,80:B63C:E0M1X1
80:B63A:E0M1X1,80:B64E:E0M1X1
80:B63C:E0M1X1,80:B63E:E0M1X1
80:B63E:E0M1X1,80:F9AD:E0M1X1
80:B641:E0M1X1,80:B643:E0M0X0
80:B643:E0M0X0,80:B644:E0M0X0
80:B644:E0M0X0,80:B647:E0M0X0
80:B647:E0M0X0,81:DE31:E0M0X0
80:B64B:E0M0X0,80:B64C:E0M0X0
80:B64C:E0M0X0,80:B64E:E0M1X1
80:B64E:E0M1X1,80:B651:E0M1X1
80:B651:E0M1X1,80:B654:E0M1X1
80:B654:E0M1X1,80:B657:E0M1X1
80:B657:E0M1X1,80:B65A:E0M1X1
80:B65A:E0M1X1,80:B65C:E0M1X1
80:B65A:E0M1X1,80:B65D:E0M1X1
80:B65C:E0M1X1,80:92BD:E0M1X1
80:B65D:E0M1X1,80:B660:E0M1X1
80:B660:E0M1X1,80:B663:E0M1X1
80:B663:E0M1X1,80:B665:E0M1X1
80:B663:E0M1X1,80:B668:E0M1X1
80:B665:E0M1X1,80:B668:E0M1X1
80:B668:E0M1X1,80:B66B:E0M1X1
80:B66B:E0M1X1,80:B66E:E0M1X1
80:B66E:E0M1X1,80:B671:E0M1X1
80:B671:E0M1X1,80:B673:E0M1X1
80:B673:E0M1X1,80:B675:E0M1X1
80:B673:E0M1X1,80:B684:E0M1X1
80:B675:E0M1X1,80:B678:E0M1X1
80:B678:E0M1X1,80:B67B:E0M1X1
80:B67B:E0M1X1,80:B67E:E0M1X1
80:B67E:E0M1X1,80:B680:E0M1X1
80:B680:E0M1X1,80:B683:E0M1X1
80:B683:E0M1X1,80:92BD:E0M1X1
80:B684:E0M1X1,80:B687:E0M1X1
80:B687:E0M1X1,80:B688:E0M1X1
80:B688:E0M1X1,80:B689:E0M1X1
80:B689:E0M1X1,80:B68C:E0M1X1
80:B68C:E0M1X1,80:B68F:E0M1X1
80:B68F:E0M1X1,80:B691:E0M1X1
80:B691:E0M1X1,80:B694:E0M1X1
80:B694:E0M1X1,80:92BD:E0M1X1
80:B695:E0M1X1,80:B698:E0M1X1
80:B698:E0M1X1,80:B69A:E0M1X1
80:B698:E0M1X1,80:B70B:E0M1X1
80:B69A:E0M1X1,80:B69D:E0M1X1
80:B69D:E0M1X1,80:B69F:E0M1X1
80:B69D:E0M1X1,80:B70B:E0M1X1
80:B69F:E0M1X1,80:B6A2:E0M1X1
80:B6A2:E0M1X1,80:B6A3:E0M1X1
80:B6A3:E0M1X1,80:B6A6:E0M1X1
80:B6A6:E0M1X1,80:B6A8:E0M1X1
80:B6A6:E0M1X1,80:B6AE:E0M1X1
80:B6A8:E0M1X1,80:B6AA:E0M1X1
80:B6AA:E0M1X1,80:B6AC:E0M1X1
80:B6AA:E0M1X1,80:B6AE:E0M1X1
80:B6AC:E0M1X1,80:B6D9:E0M1X1
80:B6AE:E0M1X1,80:B6B1:E0M1X1
80:B6B1:E0M1X1,80:B6B2:E0M1X1
80:B6B2:E0M1X1,80:B6B5:E0M1X1
80:B6B5:E0M1X1,80:B6B7:E0M1X1
80:B6B5:E0M1X1,80:B6BD:E0M1X1
80:B6B7:E0M1X1,80:B6B9:E0M1X1
80:B6B9:E0M1X1,80:B6BB:E0M1X1
80:B6B9:E0M1X1,80:B6BD:E0M1X1
80:B6BB:E0M1X1,80:B6D9:E0M1X1
80:B6BD:E0M1X1,80:B6C0:E0M1X1
80:B6C0:E0M1X1,80:B6C1:E0M1X1
80:B6C1:E0M1X1,80:B6C4:E0M1X1
80:B6C4:E0M1X1,80:B6C6:E0M1X1
80:B6C4:E0M1X1,80:B6CC:E0M1X1
80:B6C6:E0M1X1,80:B6C8:E0M1X1
80:B6C8:E0M1X1,80:B6CA:E0M1X1
80:B6C8:E0M1X1,80:B6CC:E0M1X1
80:B6CA:E0M1X1,80:B6D9:E0M1X1
80:B6CC:E0M1X1,80:B6CF:E0M1X1
80:B6CF:E0M1X1,80:B6D0:E0M1X1
80:B6D0:E0M1X1,80:B6D3:E0M1X1
80:B6D3:E0M1X1,80:B6D5:E0M1X1
80:B6D3:E0M1X1,80:B70B:E0M1X1
80:B6D5:E0M1X1,80:B6D7:E0M1X1
80:B6D7:E0M1X1,80:B6D9:E0M1X1
80:B6D7:E0M1X1,80:B70B:E0M1X1
80:B6D9:E0M1X1,80:B6DC:E0M1X1
80:B6DC:E0M1X1,80:B6DE:E0M0X0
80:B6DE:E0M0X0,80:B6E1:E0M0X0
80:B6E1:E0M0X0,80:B6E3:E0M0X0
80:B6E1:E0M0X0,80:B6EC:E0M0X0
80:B6E3:E0M0X0,80:B6E4:E0M0X0
80:B6E4:E0M0X0,80:B6E7:E0M0X0
80:B6E7:E0M0X0,81:DE31:E0M0X0
80:B6EB:E0M0X0,80:B6EC:E0M0X0
80:B6EC:E0M0X0,80:B6EE:E0M1X1
80:B6EE:E0M1X1,80:B6EF:E0M1X1
80:B6EF:E0M1X1,80:B6F0:E0M1X1
80:B6F0:E0M1X1,80:B6F1:E0M1X1
80:B6F1:E0M1X1,80:B6F2:E0M1X1
80:B6F2:E0M1X1,80:B6F4:E0M0X1
80:B6F4:E0M0X1,80:B6F5:E0M0X1
80:B6F5:E0M0X1,80:B6F8:E0M0X1
80:B6F8:E0M0X1,80:B6F9:E0M0X1
80:B6F9:E0M0X1,80:B6FC:E0M0X1
80:B6FC:E0M0X1,80:B6FF:E0M0X1
80:B6FF:E0M0X1,80:B702:E0M0X1
80:B702:E0M0X1,80:B705:E0M0X1
80:B705:E0M0X1,80:B708:E0M0X1
80:B708:E0M0X1,80:B709:E0M0X1
80:B709:E0M0X1,80:B70B:E0M1X1
80:B70B:E0M1X1,80:B5F5:E0M1X1
80:B70C:E0M1X1,80:B70F:E0M1X1
80:B70F:E0M1X1,80:B712:E0M1X1
80:B712:E0M1X1,80:B714:E0M1X1
80:B712:E0M1X1,80:B75A:E0M1X1
80:B714:E0M1X1,80:B717:E0M1X1
80:B717:E0M1X1,80:B719:E0M1X1
80:B719:E0M1X1,80:B71B:E0M1X1
80:B719:E0M1X1,80:B723:E0M1X1
80:B71B:E0M1X1,80:B71D:E0M1X1
80:B71D:E0M1X1,80:B71F:E0M1X1
80:B71D:E0M1X1,80:B723:E0M1X1
80:B71F:E0M1X1,80:B721:E0M1X1
80:B721:E0M1X1,80:B723:E0M1X1
80:B721:E0M1X1,80:B75A:E0M1X1
80:B723:E0M1X1,80:B725:E0M0X0
80:B725:E0M0X0,80:B728:E0M0X0
80:B728:E0M0X0,80:B72B:E0M0X0
80:B72B:E0M0X0,80:B72C:E0M0X0
80:B72C:E0M0X0,80:B72D:E0M0X0
80:B72D:E0M0X0,80:B72E:E0M0X0
80:B72E:E0M0X0,80:B72F:E0M0X0
80:B72F:E0M0X0,80:B730:E0M0X0
80:B730:E0M0X0,80:B733:E0M0X0
80:B733:E0M0X0,80:B735:E0M1X1
80:B735:E0M1X1,80:B737:E0M1X1
80:B735:E0M1X1,80:B75A:E0M1X1
80:B737:E0M1X1,80:B73A:E0M1X1
80:B73A:E0M1X1,80:B73D:E0M1X1
80:B73D:E0M1X1,80:B740:E0M1X1
80:B740:E0M1X1,80:B741:E0M1X1
80:B741:E0M1X1,80:B742:E0M1X1
80:B742:E0M1X1,80:B744:E0M0X1
80:B744:E0M0X1,80:B747:E0M0X1
80:B747:E0M0X1,80:B74A:E0M0X1
80:B74A:E0M0X1,80:B74D:E0M0X1
80:B74D:E0M0X1,80:B750:E0M0X1
80:B750:E0M0X1,80:B752:E0M1X1
80:B752:E0M1X1,80:B754:E0M1X1
80:B754:E0M1X1,80:B757:E0M1X1
80:B757:E0M1X1,80:B75A:E0M1X1
80:B75A:E0M1X1,80:B75D:E0M1X1
80:B75D:E0M1X1,80:B760:E0M1X1
80:B760:E0M1X1,80:B762:E0M1X1
80:B760:E0M1X1,80:B766:E0M1X1
80:B762:E0M1X1,80:B763:E0M1X1
80:B763:E0M1X1,80:B766:E0M1X1
80:B766:E0M1X1,80:B5F8:E0M1X1
80:B767:E0M1X1,80:B76A:E0M1X1
80:B76A:E0M1X1,80:B76C:E0M1X1
80:B76C:E0M1X1,80:B76E:E0M1X1
80:B76C:E0M1X1,80:B79D:E0M1X1
80:B76E:E0M1X1,80:B771:E0M1X1
80:B771:E0M1X1,80:B773:E0M1X1
80:B773:E0M1X1,80:B775:E0M1X1
80:B773:E0M1X1,80:B77B:E0M1X1
80:B775:E0M1X1,80:B777:E0M1X1
80:B777:E0M1X1,80:B77A:E0M1X1
80:B77A:E0M1X1,80:B5FB:E0M1X1
80:B77B:E0M1X1,80:B77E:E0M1X1
80:B77E:E0M1X1,80:B780:E0M1X1
80:B77E:E0M1X1,80:B790:E0M1X1
80:B780:E0M1X1,80:B783:E0M1X1
80:B783:E0M1X1,80:B785:E0M1X1
80:B785:E0M1X1,80:B775:E0M1X1
80:B785:E0M1X1,80:B787:E0M1X1
80:B787:E0M1X1,80:B78A:E0M1X1
80:B78A:E0M1X1,80:B78C:E0M1X1
80:B78A:E0M1X1,80:B79D:E0M1X1
80:B78C:E0M1X1,80:B78F:E0M1X1
80:B78F:E0M1X1,80:B790:E0M1X1
80:B790:E0M1X1,80:B793:E0M1X1
80:B793:E0M1X1,80:B794:E0M1X1
80:B794:E0M1X1,80:B797:E0M1X1
80:B797:E0M1X1,80:B79A:E0M1X1
80:B79A:E0M1X1,80:B79E:E0M1X1
80:B79D:E0M1X1,80:B5FB:E0M1X1
80:B79E:E0M1X1,80:B7A1:E0M1X1
80:B7A1:E0M1X1,80:B7A3:E0M1X1
80:B7A3:E0M1X1,80:B7A5:E0M1X1
80:B7A3:E0M1X1,80:B7AB:E0M1X1
80:B7A5:E0M1X1,80:B7A6:E0M1X1
80:B7A6:E0M1X1,80:B7A7:E0M1X1
80:B7A7:E0M1X1,80:B7AA:E0M1X1
80:B7AA:E0M1X1,80:B79D:E0M1X1
80:B7AB:E0M1X1,81:C585:E0M1X1
80:B7AF:E0M1X1,80:B79D:E0M1X1
80:B961:E0M1X1,80:B962:E0M1X1
80:B962:E0M1X1,80:B963:E0M1X1
80:B963:E0M1X1,80:B964:E0M1X1
80:B964:E0M1X1,80:B969:E0M1X1
80:B967:E0M1X1,80:B968:E0M1X1
80:B968:E0M1X1,92:F10E:E0M1X1
80:B969:E0M1X1,80:B96B:E0M1X1
80:B96B:E0M1X1,80:B96E:E0M1X1
80:B96E:E0M1X1,80:B970:E0M1X1
80:B970:E0M1X1,80:B973:E0M1X1
80:B973:E0M1X1,80:B975:E0M0X0
80:B975:E0M0X0,80:B976:E0M0X0
80:B976:E0M0X0,80:B979:E0M0X0
80:B979:E0M0X0,80:B97B:E0M1X1
80:B97B:E0M1X1,80:C6EC:E0M1X1
80:B97E:E0M1X1,80:C2AF:E0M1X1
80:B981:E0M1X1,80:C70C:E0M1X1
80:B984:E0M1X1,80:C197:E0M1X1
80:B987:E0M1X1,80:CB53:E0M1X1
80:B98A:E0M1X1,80:CD68:E0M1X1
80:B98D:E0M1X1,80:C1F2:E0M1X1
80:B990:E0M1X1,80:CD60:E0M1X1
80:B993:E0M1X1,80:887D:E0M1X1
80:B996:E0M1X1,80:C9C0:E0M1X1
80:B999:E0M1X1,80:DCBF:E0M1X1
80:B99C:E0M1X1,80:B99E:E0M1X1
80:B99E:E0M1X1,81:8000:E0M1X1
80:B9A2:E0M1X1,80:B9A5:E0M1X1
80:B9A5:E0M1X1,80:B9A7:E0M1X1
80:B9A5:E0M1X1,80:B9B5:E0M1X1
80:B9A7:E0M1X1,80:B9A9:E0M1X1
80:B9A9:E0M1X1,80:B9AC:E0M1X1
80:B9AC:E0M1X1,80:B9AF:E0M1X1
80:B9AF:E0M1X1,80:B9B2:E0M1X1
80:B9B2:E0M1X1,80:B9B5:E0M1X1
80:B9B5:E0M1X1,80:B9B8:E0M1X1
80:B9B8:E0M1X1,80:B9BA:E0M1X1
80:B9B8:E0M1X1,80:B9C1:E0M1X1
80:B9BA:E0M1X1,80:B9BC:E0M1X1
80:B9BC:E0M1X1,80:C364:E0M1X1
80:B9BF:E0M1X1,80:B9C9:E0M1X1
80:B9C1:E0M1X1,92:F151:E0M1X1
80:B9C5:E0M1X1,92:F267:E0M1X1
80:B9C9:E0M1X1,80:CE10:E0M1X1
80:B9CC:E0M1X1,80:D420:E0M1X1
80:B9CF:E0M1X1,80:C039:E0M1X1
80:B9D2:E0M1X1,80:D420:E0M1X1
80:B9D5:E0M1X1,80:CB97:E0M1X1
80:B9D8:E0M1X1,80:C039:E0M1X1
80:B9DB:E0M1X1,80:AF4C:E0M1X1
80:B9DE:E0M1X1,80:8AD5:E0M1X1
80:B9E1:E0M1X1,80:912C:E0M1X1
80:B9E4:E0M1X1,80:E3B9:E0M1X1
80:B9E7:E0M1X1,80:8BCF:E0M1X1
80:B9EA:E0M1X1,80:D420:E0M1X1
80:B9ED:E0M1X1,80:CE7F:E0M1X1
80:B9F0:E0M1X1,80:C039:E0M1X1
80:B9F3:E0M1X1,80:D420:E0M1X1
80:B9F6:E0M1X1,80:C2FC:E0M1X1
80:B9F9:E0M1X1,80:C039:E0M1X1
80:B9FC:E0M1X1,80:C06E:E0M1X1
80:B9FF:E0M1X1,80:BA01:E0M0X0
80:BA01:E0M0X0,80:C077:E0M0X0
80:BA04:E0M0X0,80:C08B:E0M0X0
80:BA07:E0M0X0,80:C0CF:E0M0X0
80:BA0A:E0M0X0,80:C142:E0M0X0
80:BA0D:E0M0X0,80:C143:E0M0X0
80:BA10:E0M0X0,80:C168:E0M0X0
80:BA13:E0M0X0,80:E6D7:E0M0X0
80:BA16:E0M0X0,80:F131:E0M0X0
80:BA19:E0M0X0,80:BA1B:E0M1X1
80:BA1B:E0M1X1,80:C866:E0M1X1
80:BA1E:E0M1X1,80:C74F:E0M1X1
80:BA21:E0M1X1,80:BD36:E0M1X1
80:BA24:E0M1X1,80:BA27:E0M1X1
80:BA27:E0M1X1,80:BA29:E0M1X1
80:BA27:E0M1X1,80:BA2C:E0M1X1
80:BA29:E0M1X1,80:BA2C:E0M1X1
80:BA2C:E0M1X1,80:A3A8:E0M1X1
80:BA2F:E0M1X1,80:BA31:E0M1X1
80:BA31:E0M1X1,81:8A7A:E0M1X1
80:BA35:E0M1X1,80:BA37:E0M1X1
80:BA37:E0M1X1,81:8A7A:E0M1X1
80:BA3B:E0M1X1,80:BA3D:E0M1X1
80:BA3D:E0M1X1,80:BA40:E0M1X1
80:BA40:E0M1X1,80:BA43:E0M1X1
80:BA43:E0M1X1,80:BA45:E0M1X1
80:BA45:E0M1X1,92:FB3A:E0M1X1
80:BA49:E0M1X1,80:FCC0:E0M1X1
80:BA4D:E0M1X1,80:AF4C:E0M1X1
80:BA50:E0M1X1,80:B356:E0M1X1
80:BA53:E0M1X1,80:8AD5:E0M1X1
80:BA56:E0M1X1,80:912C:E0M1X1
80:BA59:E0M1X1,81:8B48:E0M1X1
80:BA5D:E0M1X1,80:BAEC:E0M1X1
80:BA60:E0M1X1,80:C74F:E0M1X1
80:BA63:E0M1X1,80:BA65:E0M0X0
80:BA65:E0M0X0,81:DE00:E0M0X0
80:BA69:E0M0X0,80:BA6B:E0M1X1
80:BA6B:E0M1X1,80:BD06:E0M1X1
80:BA6E:E0M1X1,80:BA70:E0M1X1
80:BA70:E0M1X1,80:BA73:E0M1X1
80:BA73:E0M1X1,80:FCC0:E0M1X1
80:BA77:E0M1X1,80:C662:E0M1X1
80:BA7A:E0M1X1,80:E3B9:E0M1X1
80:BA7D:E0M1X1,80:FCFF:E0M1X1
80:BA80:E0M1X1,80:99D2:E0M1X1
80:BA83:E0M1X1,80:9924:E0M1X1
80:BA86:E0M1X1,80:8BCF:E0M1X1
80:BA89:E0M1X1,80:9A6D:E0M1X1
80:BA8C:E0M1X1,80:BA8E:E0M0X0
80:BA8E:E0M0X0,80:E5BA:E0M0X0
80:BA91:E0M0X0,80:F014:E0M0X0
80:BA94:E0M0X0,80:EC10:E0M0X0
80:BA97:E0M0X0,80:F439:E0M0X0
80:BA9A:E0M0X0,81:DE00:E0M0X0
80:BA9E:E0M0X0,80:BAA0:E0M1X1
80:BAA0:E0M1X1,80:C74F:E0M1X1
80:BAA3:E0M1X1,80:BD06:E0M1X1
80:BAA6:E0M1X1,80:BAA8:E0M1X1
80:BAA8:E0M1X1,80:BAAB:E0M1X1
80:BAAB:E0M1X1,80:FCC0:E0M1X1
80:BAAF:E0M1X1,80:BBE5:E0M1X1
80:BAB2:E0M1X1,80:D420:E0M1X1
80:BAB5:E0M1X1,80:CB97:E0M1X1
80:BAB8:E0M1X1,80:CE7F:E0M1X1
80:BABB:E0M1X1,80:BABD:E0M1X1
80:BABD:E0M1X1,81:8000:E0M1X1
80:BAC1:E0M1X1,80:C866:E0M1X1
80:BAC4:E0M1X1,81:C595:E0M1X1
80:BAC8:E0M1X1,81:8A01:E0M1X1
80:BACC:E0M1X1,81:806D:E0M1X1
80:BAD0:E0M1X1,80:D216:E0M1X1
80:BAD3:E0M1X1,80:C2FC:E0M1X1
80:BAD6:E0M1X1,80:C74F:E0M1X1
80:BAD9:E0M1X1,80:BADB:E0M0X0
80:BADB:E0M0X0,81:DE00:E0M0X0
80:BADF:E0M0X0,80:BAE1:E0M1X1
80:BAE1:E0M1X1,80:BD06:E0M1X1
80:BAE4:E0M1X1,80:BAE6:E0M1X1
80:BAE6:E0M1X1,80:BAE9:E0M1X1
80:BAE9:E0M1X1,80:BA40:E0M1X1
80:BAEC:E0M1X1,80:BAEE:E0M1X1
80:BAEE:E0M1X1,80:BAF1:E0M1X1
80:BAF1:E0M1X1,80:BAF3:E0M1X1
80:BAF1:E0M1X1,80:BAF7:E0M1X1
80:BAF3:E0M1X1,80:BAF4:E0M1X1
80:BAF4:E0M1X1,80:BAF7:E0M1X1
80:BAF7:E0M1X1,80:BAF8:E0M1X1
80:BAF8:E0M1X1,80:BAEE:E0M1X1
80:BAF8:E0M1X1,80:BAFA:E0M1X1
80:BAFA:E0M1X1,80:BAFC:E0M1X1
80:BAFC:E0M1X1,80:BAFF:E0M1X1
80:BAFF:E0M1X1,80:BB01:E0M1X1
80:BAFF:E0M1X1,80:BB3C:E0M1X1
80:BB01:E0M1X1,80:BB04:E0M1X1
80:BB04:E0M1X1,80:BB06:E0M1X1
80:BB04:E0M1X1,80:BB3C:E0M1X1
80:BB06:E0M1X1,80:BB08:E0M1X1
80:BB08:E0M1X1,80:BB0A:E0M1X1
80:BB08:E0M1X1,80:BB3C:E0M1X1
80:BB0A:E0M1X1,80:BB0D:E0M1X1
80:BB0D:E0M1X1,80:BB0F:E0M1X1
80:BB0D:E0M1X1,80:BB3C:E0M1X1
80:BB0F:E0M1X1,80:BB12:E0M1X1
80:BB12:E0M1X1,80:BB14:E0M1X1
80:BB12:E0M1X1,80:BB3C:E0M1X1
80:BB14:E0M1X1,80:BB17:E0M1X1
80:BB17:E0M1X1,80:BB19:E0M0X0
80:BB19:E0M0X0,80:BB1C:E0M0X0
80:BB1C:E0M0X0,80:BB1F:E0M0X0
80:BB1F:E0M0X0,80:BB21:E0M0X0
80:BB1F:E0M0X0,80:BB41:E0M0X0
80:BB21:E0M0X0,80:D1C7:E0M0X0
80:BB24:E0M0X0,80:BB27:E0M0X0
80:BB27:E0M0X0,80:BB28:E0M0X0
80:BB28:E0M0X0,80:BB29:E0M0X0
80:BB29:E0M0X0,80:BB2C:E0M0X0
80:BB2C:E0M0X0,80:BB2E:E0M1X1
80:BB2E:E0M1X1,80:BB30:E0M1X1
80:BB30:E0M1X1,80:BB33:E0M1X1
80:BB33:E0M1X1,80:C7E7:E0M1X1
80:BB36:E0M1X1,80:BB44:E0M1X1
80:BB39:E0M1X1,80:BB3C:E0M1X1
80:BB3C:E0M1X1,80:BB3D:E0M1X1
80:BB3D:E0M1X1,80:BB3F:E0M1X1
80:BB3F:E0M1X1,80:BAFC:E0M1X1
80:BB3F:E0M1X1,80:BB41:E0M1X1
80:BB41:E0M0X0,80:BB43:E0M1X1
80:BB41:E0M1X1,80:BB43:E0M1X1
80:BB43:E0M1X1,80:BA60:E0M1X1
80:BB44:E0M1X1,92:FB1B:E0M1X1
80:BB48:E0M1X1,80:BB4A:E0M1X1
80:BB4A:E0M1X1,80:BB4D:E0M1X1
80:BB4D:E0M1X1,80:BB50:E0M1X1
80:BB50:E0M1X1,80:BB52:E0M1X1
80:BB52:E0M1X1,80:BB53:E0M1X1
80:BB53:E0M1X1,80:BB55:E0M1X1
80:BB55:E0M1X1,80:BB56:E0M1X1
80:BB56:E0M1X1,80:BB58:E0M1X1
80:BB58:E0M1X1,80:BB5A:E0M1X1
80:BB5A:E0M1X1,80:BB5C:E0M1X1
80:BB5C:E0M1X1,80:BB5E:E0M1X1
80:BB5E:E0M1X1,80:BB61:E0M1X1
80:BB61:E0M1X1,80:BB64:E0M1X1
80:BB64:E0M1X1,80:BB66:E0M0X0
80:BB66:E0M0X0,80:BB69:E0M0X0
80:BB69:E0M0X0,80:BB6A:E0M0X0
80:BB6A:E0M0X0,80:BB6B:E0M0X0
80:BB6B:E0M0X0,80:BB6E:E0M0X0
80:BB6E:E0M0X0,80:BB71:E0M0X0
80:BB71:E0M0X0,80:BB74:E0M0X0
80:BB74:E0M0X0,80:BB75:E0M0X0
80:BB75:E0M0X0,80:BB77:E0M0X0
80:BB77:E0M0X0,80:BB7A:E0M0X0
80:BB7A:E0M0X0,80:BB7D:E0M0X0
80:BB7D:E0M0X0,80:BB80:E0M0X0
80:BB80:E0M0X0,80:BB81:E0M0X0
80:BB81:E0M0X0,80:BB83:E0M0X0
80:BB83:E0M0X0,80:BB86:E0M0X0
80:BB86:E0M0X0,80:BB89:E0M0X0
80:BB89:E0M0X0,80:BB8C:E0M0X0
80:BB8C:E0M0X0,80:BB8F:E0M0X0
80:BB8F:E0M0X0,80:BB92:E0M0X0
80:BB92:E0M0X0,80:BB95:E0M0X0
80:BB95:E0M0X0,80:BB96:E0M0X0
80:BB96:E0M0X0,80:BB99:E0M0X0
80:BB99:E0M0X0,80:BB9B:E0M0X0
80:BB9B:E0M0X0,80:BB9E:E0M0X0
80:BB9E:E0M0X0,80:BBA1:E0M0X0
80:BBA1:E0M0X0,80:BBA2:E0M0X0
80:BBA2:E0M0X0,80:BBA5:E0M0X0
80:BBA5:E0M0X0,80:BBA6:E0M0X0
80:BBA6:E0M0X0,80:BBA9:E0M0X0
80:BBA9:E0M0X0,80:BBAA:E0M0X0
80:BBAA:E0M0X0,80:BBAC:E0M0X0
80:BBAC:E0M0X0,80:BBAF:E0M0X0
80:BBAF:E0M0X0,80:BBB0:E0M0X0
80:BBB0:E0M0X0,80:BBB2:E0M0X0
80:BBB2:E0M0X0,80:BBB5:E0M0X0
80:BBB5:E0M0X0,80:BBB7:E0M0X0
80:BBB7:E0M0X0,80:BBBA:E0M0X0
80:BBBA:E0M0X0,80:BBBD:E0M0X0
80:BBBD:E0M0X0,80:BBBE:E0M0X0
80:BBBE:E0M0X0,80:BBC1:E0M0X0
80:BBC1:E0M0X0,80:BBC2:E0M0X0
80:BBC2:E0M0X0,80:BBC5:E0M0X0
80:BBC5:E0M0X0,80:BBC6:E0M0X0
80:BBC6:E0M0X0,80:BBC9:E0M0X0
80:BBC9:E0M0X0,80:BBCA:E0M0X0
80:BBCA:E0M0X0,80:BBCD:E0M0X0
80:BBCD:E0M0X0,80:BBD0:E0M0X0
80:BBD0:E0M0X0,80:BBD3:E0M0X0
80:BBD3:E0M0X0,80:BBD6:E0M0X0
80:BBD6:E0M0X0,80:BBD9:E0M0X0
80:BBD9:E0M0X0,80:BBDC:E0M0X0
80:BBDC:E0M0X0,80:BBDF:E0M0X0
80:BBDF:E0M0X0,80:BBE2:E0M0X0
80:BBE2:E0M0X0,80:BBE4:E0M1X1
80:BBE4:E0M1X1,80:BB39:E0M1X1
80:BBE4:E0M1X1,80:C7D9:E0M1X1
80:BBE5:E0M1X1,80:BBE8:E0M1X1
80:BBE8:E0M1X1,80:BBEA:E0M1X1
80:BBE8:E0M1X1,80:BC22:E0M1X1
80:BBEA:E0M1X1,80:BBED:E0M1X1
80:BBED:E0M1X1,80:BBEF:E0M1X1
80:BBED:E0M1X1,80:BC04:E0M1X1
80:BBEF:E0M1X1,80:BBF1:E0M0X0
80:BBF1:E0M0X0,80:BBF4:E0M0X0
80:BBF4:E0M0X0,80:BBF7:E0M0X0
80:BBF7:E0M0X0,80:BBF9:E0M1X1
80:BBF9:E0M1X1,80:BBFB:E0M1X1
80:BBF9:E0M1X1,80:BC22:E0M1X1
80:BBFB:E0M1X1,80:BD06:E0M1X1
80:BBFE:E0M1X1,80:BC01:E0M1X1
80:BC01:E0M1X1,80:9A89:E0M1X1
80:BC04:E0M1X1,80:BC07:E0M1X1
80:BC07:E0M1X1,80:BC0A:E0M1X1
80:BC0A:E0M1X1,80:BC0C:E0M1X1
80:BC0A:E0M1X1,80:BC11:E0M1X1
80:BC0C:E0M1X1,80:BC0F:E0M1X1
80:BC0F:E0M1X1,80:BC11:E0M1X1
80:BC0F:E0M1X1,80:BC26:E0M1X1
80:BC11:E0M1X1,80:BC14:E0M1X1
80:BC14:E0M1X1,80:BC16:E0M1X1
80:BC16:E0M1X1,80:BC18:E0M1X1
80:BC16:E0M1X1,80:BC22:E0M1X1
80:BC18:E0M1X1,80:BC1B:E0M1X1
80:BC1B:E0M1X1,80:BC1D:E0M1X1
80:BC1B:E0M1X1,80:BC22:E0M1X1
80:BC1D:E0M1X1,80:BC20:E0M1X1
80:BC20:E0M1X1,80:BC22:E0M1X1
80:BC20:E0M1X1,80:BC23:E0M1X1
80:BC22:E0M1X1,80:BAB2:E0M1X1
80:BC23:E0M1X1,80:BC26:E0M1X1
80:BC26:E0M1X1,80:BD06:E0M1X1
80:BC29:E0M1X1,80:BC2C:E0M1X1
80:BC2C:E0M1X1,80:BC2F:E0M1X1
80:BC2F:E0M1X1,80:BC32:E0M1X1
80:BC32:E0M1X1,80:BC33:E0M1X1
80:BC33:E0M1X1,80:BC36:E0M1X1
80:BC36:E0M1X1,80:BC38:E0M1X1
80:BC38:E0M1X1,80:F97B:E0M1X1
80:BC3B:E0M1X1,80:FB42:E0M1X1
80:BC3E:E0M1X1,80:BC40:E0M1X1
80:BC40:E0M1X1,80:BC43:E0M1X1
80:BC43:E0M1X1,80:BC45:E0M1X1
80:BC45:E0M1X1,80:BC48:E0M1X1
80:BC48:E0M1X1,80:BC4B:E0M1X1
80:BC4B:E0M1X1,80:BC4D:E0M1X1
80:BC4D:E0M1X1,80:BC48:E0M1X1
80:BC4D:E0M1X1,80:BC4F:E0M1X1
80:BC4F:E0M1X1,80:F986:E0M1X1
80:BC52:E0M1X1,80:BC99:E0M1X1
80:BC55:E0M1X1,80:BC58:E0M1X1
80:BC58:E0M1X1,80:BC5A:E0M1X1
80:BC58:E0M1X1,80:BC80:E0M1X1
80:BC5A:E0M1X1,80:BC5D:E0M1X1
80:BC5D:E0M1X1,80:BC60:E0M1X1
80:BC60:E0M1X1,80:BC62:E0M1X1
80:BC62:E0M1X1,80:BC65:E0M1X1
80:BC65:E0M1X1,80:BC68:E0M1X1
80:BC68:E0M1X1,80:BC6A:E0M1X1
80:BC6A:E0M1X1,80:BC6C:E0M1X1
80:BC6A:E0M1X1,80:BC73:E0M1X1
80:BC6C:E0M1X1,80:BC6E:E0M1X1
80:BC6E:E0M1X1,80:BC71:E0M1X1
80:BC71:E0M1X1,80:BC78:E0M1X1
80:BC73:E0M1X1,80:BC75:E0M1X1
80:BC75:E0M1X1,80:BC78:E0M1X1
80:BC78:E0M1X1,80:BC79:E0M1X1
80:BC79:E0M1X1,80:BC7C:E0M1X1
80:BC7C:E0M1X1,80:BC7D:E0M1X1
80:BC7D:E0M1X1,80:BC80:E0M1X1
80:BC80:E0M1X1,80:F986:E0M1X1
80:BC83:E0M1X1,80:BC85:E0M1X1
80:BC85:E0M1X1,80:F97B:E0M1X1
80:BC88:E0M1X1,80:BC8A:E0M1X1
80:BC8A:E0M1X1,80:BC8D:E0M1X1
80:BC8D:E0M1X1,80:FB42:E0M1X1
80:BC90:E0M1X1,80:BC91:E0M1X1
80:BC91:E0M1X1,80:BC94:E0M1X1
80:BC94:E0M1X1,81:9F58:E0M1X1
80:BC98:E0M1X1,80:BAB2:E0M1X1
80:BC99:E0M1X1,81:9F58:E0M1X1
80:BC9D:E0M1X1,80:BC9F:E0M1X0
80:BC9F:E0M1X0,80:BCA2:E0M1X0
80:BCA2:E0M1X0,80:BCA5:E0M1X0
80:BCA5:E0M1X0,80:F9F6:E0M1X0
80:BCA8:E0M1X0,80:BCEA:E0M1X0
80:BCAB:E0M1X0,80:BCAE:E0M1X0
80:BCAE:E0M1X0,80:BCB0:E0M1X0
80:BCAE:E0M1X0,80:BCC1:E0M1X0
80:BCB0:E0M1X0,80:BCB3:E0M1X0
80:BCB3:E0M1X0,80:BCB6:E0M1X0
80:BCB6:E0M1X0,80:BCB9:E0M1X0
80:BCB9:E0M1X0,80:BCBB:E0M1X0
80:BCBB:E0M1X0,80:BCBE:E0M1X0
80:BCBE:E0M1X0,80:FB56:E0M1X0
80:BCC1:E0M1X0,80:BCC4:E0M1X0
80:BCC4:E0M1X0,80:BCC6:E0M1X0
80:BCC4:E0M1X0,80:BCD7:E0M1X0
80:BCC6:E0M1X0,80:BCC9:E0M1X0
80:BCC9:E0M1X0,80:BCCC:E0M1X0
80:BCCC:E0M1X0,80:BCCF:E0M1X0
80:BCCF:E0M1X0,80:BCD1:E0M1X0
80:BCD1:E0M1X0,80:BCD4:E0M1X0
80:BCD4:E0M1X0,80:FB56:E0M1X0
80:BCD7:E0M1X0,80:BCDA:E0M1X0
80:BCDA:E0M1X0,80:BCDD:E0M1X0
80:BCDD:E0M1X0,80:BCDA:E0M1X0
80:BCDD:E0M1X0,80:BCDF:E0M1X0
80:BCDF:E0M1X0,80:BCE2:E0M1X0
80:BCE2:E0M1X0,80:BCA5:E0M1X0
80:BCE2:E0M1X0,80:BCE4:E0M1X0
80:BCE4:E0M1X0,80:BCE7:E0M1X0
80:BCE7:E0M1X0,80:BCE9:E0M1X1
80:BCE9:E0M1X1,80:BC55:E0M1X1
80:BCEA:E0M1X0,80:BCED:E0M1X0
80:BCED:E0M1X0,80:BCEF:E0M1X0
80:BCED:E0M1X0,80:BCFA:E0M1X0
80:BCEF:E0M1X0,80:BCF2:E0M1X0
80:BCF2:E0M1X0,80:BCF3:E0M1X0
80:BCF3:E0M1X0,80:BCF5:E0M1X0
80:BCF5:E0M1X0,80:BCF8:E0M1X0
80:BCF8:E0M1X0,80:BCFF:E0M1X0
80:BCFA:E0M1X0,80:BCFC:E0M1X0
80:BCFC:E0M1X0,80:BCFF:E0M1X0
80:BCFF:E0M1X0,80:BD00:E0M1X0
80:BD00:E0M1X0,80:BD02:E0M1X0
80:BD00:E0M1X0,80:BD05:E0M1X0
80:BD02:E0M1X0,80:BD05:E0M1X0
80:BD05:E0M1X0,80:BCAB:E0M1X0
80:BD06:E0M1X1,80:BD09:E0M1X1
80:BD09:E0M1X1,80:BD0B:E0M1X1
80:BD0B:E0M1X1,80:BD0D:E0M1X1
80:BD0B:E0M1X1,80:BD12:E0M1X1
80:BD0D:E0M1X1,80:F9F6:E0M1X1
80:BD10:E0M1X1,80:BD06:E0M1X1
80:BD12:E0M1X1,80:BA6E:E0M1X1
80:BD12:E0M1X1,80:BAA6:E0M1X1
80:BD12:E0M1X1,80:BAE4:E0M1X1
80:BD12:E0M1X1,80:BBFE:E0M1X1
80:BD12:E0M1X1,80:BC29:E0M1X1
80:BD13:E0M1X1,80:BD15:E0M1X1
80:BD15:E0M1X1,80:BD18:E0M1X1
80:BD18:E0M1X1,80:F986:E0M1X1
80:BD1B:E0M1X1,80:BD1E:E0M1X1
80:BD1E:E0M1X1,80:BD1B:E0M1X1
80:BD1E:E0M1X1,80:BD20:E0M1X1
80:BD20:E0M1X1,80:BD22:E0M0X0
80:BD22:E0M0X0,80:BD25:E0M0X0
80:BD25:E0M0X0,80:BD26:E0M0X0
80:BD26:E0M0X0,80:BD28:E0M1X1
80:BD28:E0M1X1,80:A3F2:E0M1X1
80:BD2B:E0M1X1,80:BD2E:E0M1X1
80:BD2E:E0M1X1,80:BD31:E0M1X1
80:BD31:E0M1X1,80:BD34:E0M1X1
80:BD34:E0M1X1,80:BD35:E0M1X1
80:BD35:E0M1X1,80:80BA:E0M1X1
80:BD35:E0M1X1,80:810D:E0M1X1
80:BD35:E0M1X1,80:B967:E0M1X1
80:BD36:E0M1X1,80:BD38:E0M1X1
80:BD38:E0M1X1,80:BD3B:E0M1X1
80:BD3B:E0M1X1,80:BD3D:E0M1X1
80:BD3D:E0M1X1,80:BD40:E0M1X1
80:BD40:E0M1X1,80:BD42:E0M1X1
80:BD42:E0M1X1,80:BD45:E0M1X1
80:BD45:E0M1X1,80:BD48:E0M1X1
80:BD48:E0M1X1,80:BD4B:E0M1X1
80:BD4B:E0M1X1,80:BD4E:E0M1X1
80:BD4E:E0M1X1,80:BD50:E0M1X1
80:BD50:E0M1X1,80:BD53:E0M1X1
80:BD53:E0M1X1,80:BD54:E0M1X1
80:BD54:E0M1X1,80:BA24:E0M1X1
80:BD55:E0M1X1,80:BD57:E0M1X1
80:BD57:E0M1X1,80:BD5A:E0M1X1
80:BD5A:E0M1X1,80:BD5D:E0M1X1
80:BD5D:E0M1X1,80:BD5F:E0M0X0
80:BD5F:E0M0X0,80:BD62:E0M0X0
80:BD62:E0M0X0,80:BD65:E0M0X0
80:BD65:E0M0X0,80:BD68:E0M0X0
80:BD68:E0M0X0,80:BD6A:E0M0X0
80:BD68:E0M0X0,80:BD6D:E0M0X0
80:BD6A:E0M0X0,80:BD6D:E0M0X0
80:BD6D:E0M0X0,80:BD70:E0M0X0
80:BD70:E0M0X0,80:BD73:E0M0X0
80:BD73:E0M0X0,80:BD76:E0M0X0
80:BD76:E0M0X0,80:BD79:E0M0X0
80:BD79:E0M0X0,80:BD7C:E0M0X0
80:BD7C:E0M0X0,80:BD7F:E0M0X0
80:BD7F:E0M0X0,80:BD82:E0M0X0
80:BD82:E0M0X0,80:BD85:E0M0X0
80:BD85:E0M0X0,80:BD88:E0M0X0
80:BD88:E0M0X0,80:BD8B:E0M0X0
80:BD8B:E0M0X0,80:BD8E:E0M0X0
80:BD8E:E0M0X0,80:BD91:E0M0X0
80:BD91:E0M0X0,80:BD94:E0M0X0
80:BD94:E0M0X0,80:BD97:E0M0X0
80:BD97:E0M0X0,80:BD9A:E0M0X0
80:BD9A:E0M0X0,80:BD9D:E0M0X0
80:BD9D:E0M0X0,80:BDA0:E0M0X0
80:BDA0:E0M0X0,80:BDA2:E0M1X1
80:BDA2:E0M1X1,80:BF91:E0M1X1
80:BDA3:E0M1X1,80:BDA5:E0M0X0
80:BDA5:E0M0X0,80:BDA8:E0M0X0
80:BDA8:E0M0X0,80:BDAB:E0M0X0
80:BDAB:E0M0X0,80:BDAE:E0M0X0
80:BDAE:E0M0X0,80:BDB0:E0M0X0
80:BDAE:E0M0X0,80:BDB3:E0M0X0
80:BDB0:E0M0X0,80:BDB3:E0M0X0
80:BDB3:E0M0X0,80:BDB6:E0M0X0
80:BDB6:E0M0X0,80:BDB8:E0M0X0
80:BDB6:E0M0X0,80:BDBE:E0M0X0
80:BDB8:E0M0X0,80:BDB9:E0M0X0
80:BDB9:E0M0X0,80:BDBA:E0M0X0
80:BDBA:E0M0X0,80:BDBD:E0M0X0
80:BDBD:E0M0X0,80:BDBE:E0M0X0
80:BDBE:E0M0X0,80:BDC1:E0M0X0
80:BDC1:E0M0X0,80:BDC4:E0M0X0
80:BDC4:E0M0X0,80:BDC7:E0M0X0
80:BDC7:E0M0X0,80:BDCA:E0M0X0
80:BDCA:E0M0X0,80:BDCB:E0M0X0
80:BDCB:E0M0X0,80:BDC7:E0M0X0
80:BDCB:E0M0X0,80:BDCD:E0M0X0
80:BDCD:E0M0X0,80:BDCF:E0M1X1
80:BDCF:E0M1X1,80:BF6E:E0M1X1
80:BDCF:E0M1X1,80:BF73:E0M1X1
80:BDCF:E0M1X1,80:BF81:E0M1X1
80:BDCF:E0M1X1,80:BF8A:E0M1X1
80:BDD0:E0M1X1,80:BDD2:E0M0X0
80:BDD2:E0M0X0,80:BDD5:E0M0X0
80:BDD5:E0M0X0,80:BDD8:E0M0X0
80:BDD8:E0M0X0,80:BDDB:E0M0X0
80:BDDB:E0M0X0,80:BDDD:E0M0X0
80:BDDB:E0M0X0,80:BDE0:E0M0X0
80:BDDD:E0M0X0,80:BDE0:E0M0X0
80:BDE0:E0M0X0,80:BDE3:E0M0X0
80:BDE3:E0M0X0,80:BDE6:E0M0X0
80:BDE6:E0M0X0,80:BDE9:E0M0X0
80:BDE9:E0M0X0,80:BDEC:E0M0X0
80:BDEC:E0M0X0,80:BDEF:E0M0X0
80:BDEF:E0M0X0,80:BDF2:E0M0X0
80:BDF2:E0M0X0,80:BDF5:E0M0X0
80:BDF5:E0M0X0,80:BDF7:E0M1X1
80:BDF7:E0M1X1,80:BF84:E0M1X1
80:BDF7:E0M1X1,80:BF94:E0M1X1
80:BDF8:E0M1X1,80:BDFA:E0M0X0
80:BDFA:E0M0X0,80:BDFD:E0M0X0
80:BDFD:E0M0X0,80:BE00:E0M0X0
80:BE00:E0M0X0,80:BE03:E0M0X0
80:BE03:E0M0X0,80:BE05:E0M0X0
80:BE03:E0M0X0,80:BE08:E0M0X0
80:BE05:E0M0X0,80:BE08:E0M0X0
80:BE08:E0M0X0,80:BE0B:E0M0X0
80:BE0B:E0M0X0,80:BE0E:E0M0X0
80:BE0E:E0M0X0,80:BE11:E0M0X0
80:BE11:E0M0X0,80:BE14:E0M0X0
80:BE14:E0M0X0,80:BE17:E0M0X0
80:BE17:E0M0X0,80:BE19:E0M1X1
80:BE19:E0M1X1,80:BF8D:E0M1X1
80:BE19:E0M1X1,80:BF97:E0M1X1
80:BE1A:E0M1X1,80:BE1C:E0M1X1
80:BE1C:E0M1X1,80:BE1F:E0M1X1
80:BE1F:E0M1X1,80:BECE:E0M1X1
80:BE22:E0M1X1,80:BE24:E0M0X0
80:BE24:E0M0X0,81:DEF9:E0M0X0
80:BE28:E0M0X0,92:F4DA:E0M0X0
80:BE2C:E0M0X0,80:BE2E:E0M1X1
80:BE2E:E0M1X1,80:BE79:E0M1X1
80:BE31:E0M1X1,80:BE33:E0M1X1
80:BE33:E0M1X1,80:BE36:E0M1X1
80:BE36:E0M1X1,80:BE38:E0M0X0
80:BE38:E0M0X0,80:E574:E0M0X0
80:BE3B:E0M0X0,80:EFCE:E0M0X0
80:BE3E:E0M0X0,81:DEF9:E0M0X0
80:BE42:E0M0X0,80:BE44:E0M1X1
80:BE44:E0M1X1,80:BECE:E0M1X1
80:BE47:E0M1X1,80:BE79:E0M1X1
80:BE4A:E0M1X1,80:BE4C:E0M1X1
80:BE4C:E0M1X1,80:BE4F:E0M1X1
80:BE4F:E0M1X1,80:BECE:E0M1X1
80:BE52:E0M1X1,80:C039:E0M1X1
80:BE55:E0M1X1,80:C06E:E0M1X1
80:BE58:E0M1X1,80:BE5A:E0M0X0
80:BE5A:E0M0X0,80:C077:E0M0X0
80:BE5D:E0M0X0,80:C08B:E0M0X0
80:BE60:E0M0X0,80:C0CF:E0M0X0
80:BE63:E0M0X0,80:C142:E0M0X0
80:BE66:E0M0X0,80:C143:E0M0X0
80:BE69:E0M0X0,80:C168:E0M0X0
80:BE6C:E0M0X0,81:DEF9:E0M0X0
80:BE70:E0M0X0,80:BE72:E0M1X1
80:BE72:E0M1X1,81:9342:E0M1X1
80:BE76:E0M1X1,80:BE79:E0M1X1
80:BE79:E0M1X1,80:BE7C:E0M1X1
80:BE7C:E0M1X1,80:BE7E:E0M1X1
80:BE7C:E0M1X1,80:BEC2:E0M1X1
80:BE7E:E0M1X1,80:BE81:E0M1X1
80:BE81:E0M1X1,80:BE83:E0M1X1
80:BE83:E0M1X1,80:BE85:E0M1X1
80:BE83:E0M1X1,80:BE93:E0M1X1
80:BE85:E0M1X1,80:BE88:E0M1X1
80:BE88:E0M1X1,80:BE8A:E0M1X1
80:BE8A:E0M1X1,80:BE8C:E0M1X1
80:BE8A:E0M1X1,80:BE93:E0M1X1
80:BE8C:E0M1X1,80:BE8F:E0M1X1
80:BE8F:E0M1X1,80:BE91:E0M1X1
80:BE91:E0M1X1,80:BE93:E0M1X1
80:BE91:E0M1X1,80:BEC2:E0M1X1
80:BE93:E0M1X1,80:BE94:E0M1X1
80:BE94:E0M1X1,80:BE97:E0M1X1
80:BE97:E0M1X1,80:BE99:E0M1X1
80:BE99:E0M1X1,80:BE9A:E0M1X1
80:BE9A:E0M1X1,80:BE9D:E0M1X1
80:BE9D:E0M1X1,80:BE9E:E0M1X1
80:BE9E:E0M1X1,80:BEA1:E0M1X1
80:BEA1:E0M1X1,80:BEA4:E0M1X1
80:BEA4:E0M1X1,80:BEA6:E0M1X1
80:BEA4:E0M1X1,80:BEC2:E0M1X1
80:BEA6:E0M1X1,80:BEA9:E0M1X1
80:BEA9:E0M1X1,80:BEAC:E0M1X1
80:BEAC:E0M1X1,80:BEAD:E0M1X1
80:BEAD:E0M1X1,80:BEAF:E0M1X1
80:BEAF:E0M1X1,80:BEB2:E0M1X1
80:BEB2:E0M1X1,80:BEB4:E0M1X1
80:BEB4:E0M1X1,80:BEB6:E0M1X1
80:BEB4:E0M1X1,80:BEC2:E0M1X1
80:BEB6:E0M1X1,80:BEB9:E0M1X1
80:BEB9:E0M1X1,80:BEBC:E0M1X1
80:BEBC:E0M1X1,80:BEBD:E0M1X1
80:BEBD:E0M1X1,80:BEBF:E0M1X1
80:BEBF:E0M1X1,80:BEC2:E0M1X1
80:BEC2:E0M1X1,80:BEC3:E0M1X1
80:BEC3:E0M1X1,80:8184:E0M1X1
80:BECE:E0M1X1,80:BED0:E0M1X1
80:BED0:E0M1X1,80:BED3:E0M1X1
80:BED3:E0M1X1,80:BED5:E0M1X1
80:BED5:E0M1X1,80:BED8:E0M1X1
80:BED8:E0M1X1,80:BEDA:E0M1X1
80:BEDA:E0M1X1,80:BEDD:E0M1X1
80:BEDD:E0M1X1,80:BEDF:E0M1X1
80:BEDF:E0M1X1,80:BEE2:E0M1X1
80:BEE2:E0M1X1,80:BEE4:E0M1X1
80:BEE4:E0M1X1,80:BEE7:E0M1X1
80:BEE7:E0M1X1,80:BEE9:E0M1X1
80:BEE9:E0M1X1,80:BEEC:E0M1X1
80:BEEC:E0M1X1,80:BEEF:E0M1X1
80:BEEF:E0M1X1,80:BEF2:E0M1X1
80:BEF2:E0M1X1,80:BEF5:E0M1X1
80:BEF5:E0M1X1,80:BEF8:E0M1X1
80:BEF8:E0M1X1,80:BEFB:E0M1X1
80:BEFB:E0M1X1,80:BEFE:E0M1X1
80:BEFE:E0M1X1,80:BF01:E0M1X1
80:BF01:E0M1X1,80:BF04:E0M1X1
80:BF04:E0M1X1,80:BF06:E0M0X0
80:BF06:E0M0X0,80:BF09:E0M0X0
80:BF09:E0M0X0,80:BF0C:E0M0X0
80:BF0C:E0M0X0,80:BF0F:E0M0X0
80:BF0F:E0M0X0,80:BF12:E0M0X0
80:BF12:E0M0X0,80:BF15:E0M0X0
80:BF15:E0M0X0,80:BF18:E0M0X0
80:BF18:E0M0X0,80:BF1A:E0M1X1
80:BF1A:E0M1X1,80:BF1C:E0M1X1
80:BF1C:E0M1X1,80:BF1F:E0M1X1
80:BF1F:E0M1X1,80:BF21:E0M0X0
80:BF21:E0M0X0,80:BF24:E0M0X0
80:BF24:E0M0X0,80:BF27:E0M0X0
80:BF27:E0M0X0,80:BF2A:E0M0X0
80:BF2A:E0M0X0,80:BF2D:E0M0X0
80:BF2D:E0M0X0,80:BF30:E0M0X0
80:BF30:E0M0X0,80:BF33:E0M0X0
80:BF33:E0M0X0,80:BF36:E0M0X0
80:BF36:E0M0X0,80:BF38:E0M1X1
80:BF38:E0M1X1,80:BF3A:E0M1X1
80:BF3A:E0M1X1,80:BF3D:E0M1X1
80:BF3D:E0M1X1,80:BE22:E0M1X1
80:BF3D:E0M1X1,80:BE47:E0M1X1
80:BF3D:E0M1X1,80:BE52:E0M1X1
80:BF3D:E0M1X1,80:BF51:E0M1X1
80:BF4E:E0M1X1,80:BECE:E0M1X1
80:BF51:E0M1X1,81:9ED7:E0M1X1
80:BF55:E0M1X1,80:BF58:E0M1X1
80:BF58:E0M1X1,80:BF59:E0M1X1
80:BF59:E0M1X1,80:BF5A:E0M1X1
80:BF5A:E0M1X1,80:BF69:E0M1X1
80:BF5A:E0M1X1,80:BF7C:E0M1X1
80:BF5A:E0M1X1,80:BF85:E0M1X1
80:BF5A:E0M1X1,80:BF8E:E0M1X1
80:BF5A:E0M1X1,80:BF91:E0M1X1
80:BF5A:E0M1X1,80:BF97:E0M1X1
80:BF69:E0M1X1,80:BF6B:E0M1X1
80:BF6B:E0M1X1,80:BDA3:E0M1X1
80:BF6E:E0M1X1,80:BF70:E0M1X1
80:BF70:E0M1X1,80:BDA3:E0M1X1
80:BF73:E0M1X1,80:BF76:E0M1X1
80:BF76:E0M1X1,80:BF78:E0M1X1
80:BF78:E0M1X1,80:BF7B:E0M1X1
80:BF7B:E0M1X1,80:8184:E0M1X1
80:BF7C:E0M1X1,80:BF7E:E0M1X1
80:BF7E:E0M1X1,80:BDA3:E0M1X1
80:BF81:E0M1X1,80:BDD0:E0M1X1
80:BF84:E0M1X1,80:8184:E0M1X1
80:BF85:E0M1X1,80:BF87:E0M1X1
80:BF87:E0M1X1,80:BDA3:E0M1X1
80:BF8A:E0M1X1,80:BDF8:E0M1X1
80:BF8D:E0M1X1,80:8184:E0M1X1
80:BF8E:E0M1X1,80:BD55:E0M1X1
80:BF91:E0M1X1,80:BDD0:E0M1X1
80:BF94:E0M1X1,80:BDF8:E0M1X1
80:BF97:E0M1X1,80:8184:E0M1X1
80:BF98:E0M1X1,80:BF9B:E0M1X1
80:BF9B:E0M1X1,80:BF9D:E0M1X1
80:BF9D:E0M1X1,80:BF98:E0M1X1
80:BF9D:E0M1X1,80:BF9F:E0M1X1
80:BF9F:E0M1X1,80:BFA1:E0M1X1
80:BFA1:E0M1X1,80:BFA4:E0M1X1
80:BFA4:E0M1X1,80:BFA6:E0M1X1
80:BFA6:E0M1X1,80:BFA9:E0M1X1
80:BFA9:E0M1X1,80:BFAB:E0M1X1
80:BFAB:E0M1X1,80:BFAE:E0M1X1
80:BFAE:E0M1X1,80:BFB0:E0M1X1
80:BFB0:E0M1X1,80:BFB3:E0M1X1
80:BFB3:E0M1X1,80:BFB5:E0M1X1
80:BFB5:E0M1X1,80:BFB8:E0M1X1
80:BFB8:E0M1X1,80:BFBA:E0M1X1
80:BFBA:E0M1X1,80:BFBB:E0M1X1
80:BFBB:E0M1X1,80:BFBD:E0M1X1
80:BFBD:E0M1X1,80:BFC0:E0M1X1
80:BFC0:E0M1X1,80:BFC2:E0M1X1
80:BFC2:E0M1X1,80:BFC4:E0M1X1
80:BFC4:E0M1X1,80:BFC7:E0M1X1
80:BFC7:E0M1X1,80:BFCA:E0M1X1
80:BFCA:E0M1X1,80:BFCD:E0M1X1
80:BFCD:E0M1X1,80:BFD0:E0M1X1
80:BFD0:E0M1X1,80:BFD3:E0M1X1
80:BFD3:E0M1X1,80:BFD6:E0M1X1
80:BFD6:E0M1X1,80:BFD7:E0M1X1
80:BFD7:E0M1X1,80:BFD9:E0M1X1
80:BFD9:E0M1X1,80:BFDC:E0M1X1
80:BFDC:E0M1X1,80:BFDF:E0M1X1
80:BFDF:E0M1X1,80:BFE1:E0M1X1
80:BFE1:E0M1X1,80:BFE4:E0M1X1
80:BFE4:E0M1X1,80:BFE6:E0M0X0
80:BFE6:E0M0X0,80:BFE9:E0M0X0
80:BFE9:E0M0X0,80:BFEC:E0M0X0
80:BFEC:E0M0X0,80:BFEF:E0M0X0
80:BFEF:E0M0X0,80:BFF2:E0M0X0
80:BFF2:E0M0X0,80:BFF5:E0M0X0
80:BFF5:E0M0X0,80:BFF8:E0M0X0
80:BFF8:E0M0X0,80:BFFA:E0M1X1
80:BFFA:E0M1X1,80:BFFC:E0M1X1
80:BFFC:E0M1X1,80:BFFF:E0M1X1
80:BFFF:E0M1X1,80:C001:E0M0X0
80:C001:E0M0X0,80:C004:E0M0X0
80:C004:E0M0X0,80:C007:E0M0X0
80:C007:E0M0X0,80:C00A:E0M0X0
80:C00A:E0M0X0,80:C00D:E0M0X0
80:C00D:E0M0X0,80:C010:E0M0X0
80:C010:E0M0X0,80:C013:E0M0X0
80:C013:E0M0X0,80:C016:E0M0X0
80:C016:E0M0X0,80:C018:E0M1X1
80:C018:E0M1X1,80:C01A:E0M1X1
80:C01A:E0M1X1,80:C01D:E0M1X1
80:C01D:E0M1X1,80:C020:E0M1X1
80:C020:E0M1X1,80:C022:E0M1X1
80:C022:E0M1X1,80:C01D:E0M1X1
80:C022:E0M1X1,80:C024:E0M1X1
80:C024:E0M1X1,80:C027:E0M1X1
80:C027:E0M1X1,80:C029:E0M1X1
80:C029:E0M1X1,80:C024:E0M1X1
80:C029:E0M1X1,80:C02B:E0M1X1
80:C02B:E0M1X1,80:C02E:E0M1X1
80:C02E:E0M1X1,80:C030:E0M1X1
80:C030:E0M1X1,80:C02B:E0M1X1
80:C030:E0M1X1,80:C032:E0M1X1
80:C032:E0M1X1,80:C035:E0M1X1
80:C035:E0M1X1,80:C038:E0M1X1
80:C038:E0M1X1,80:821D:E0M1X1
80:C039:E0M1X1,80:C03B:E0M0X0
80:C03B:E0M0X0,80:C03E:E0M0X0
80:C03E:E0M0X0,80:C040:E0M0X0
80:C03E:E0M0X0,80:C063:E0M0X0
80:C040:E0M0X0,80:C043:E0M0X0
80:C043:E0M0X0,80:C044:E0M0X0
80:C044:E0M0X0,80:A28A:E0M0X0
80:C047:E0M0X0,80:C048:E0M0X0
80:C048:E0M0X0,80:C049:E0M0X0
80:C049:E0M0X0,80:C04C:E0M0X0
80:C04C:E0M0X0,80:C04F:E0M0X0
80:C04F:E0M0X0,80:C052:E0M0X0
80:C052:E0M0X0,80:C054:E0M0X0
80:C052:E0M0X0,80:C063:E0M0X0
80:C054:E0M0X0,80:C057:E0M0X0
80:C057:E0M0X0,80:C058:E0M0X0
80:C058:E0M0X0,80:A28A:E0M0X0
80:C05B:E0M0X0,80:C05C:E0M0X0
80:C05C:E0M0X0,80:C05D:E0M0X0
80:C05D:E0M0X0,80:C060:E0M0X0
80:C060:E0M0X0,80:C063:E0M0X0
80:C063:E0M0X0,80:C065:E0M1X1
80:C065:E0M1X1,80:B9D2:E0M1X1
80:C065:E0M1X1,80:B9DB:E0M1X1
80:C065:E0M1X1,80:B9F3:E0M1X1
80:C065:E0M1X1,80:B9FC:E0M1X1
80:C065:E0M1X1,80:BE55:E0M1X1
80:C066:E0M1X1,80:C067:E0M1X1
80:C067:E0M1X1,80:C068:E0M1X1
80:C068:E0M1X1,80:C069:E0M1X1
80:C069:E0M1X1,80:C06E:E0M1X1
80:C06C:E0M1X1,80:C06D:E0M1X1
80:C06D:E0M1X1,81:91C2:E0M1X1
80:C06D:E0M1X1,81:947B:E0M1X1
80:C06D:E0M1X1,81:9D96:E0M1X1
80:C06D:E0M1X1,81:9E78:E0M1X1
80:C06D:E0M1X1,81:A611:E0M1X1
80:C06D:E0M1X1,81:A6D7:E0M1X1
80:C06D:E0M1X1,81:AB55:E0M1X1
80:C06D:E0M1X1,81:AB89:E0M1X1
80:C06D:E0M1X1,81:ABAE:E0M1X1
80:C06D:E0M1X1,81:AFD2:E0M1X1
80:C06D:E0M1X1,81:B7A1:E0M1X1
80:C06D:E0M1X1,81:BAF0:E0M1X1
80:C06D:E0M1X1,81:D090:E0M1X1
80:C06D:E0M1X1,81:D90E:E0M1X1
80:C06D:E0M1X1,81:F92A:E0M1X1
80:C06D:E0M1X1,9F:F68B:E0M1X1
80:C06D:E0M1X1,9F:F70A:E0M1X1
80:C06D:E0M1X1,9F:F803:E0M1X1
80:C06D:E0M1X1,9F:F946:E0M1X1
80:C06E:E0M1X1,80:C071:E0M1X1
80:C071:E0M1X1,80:C073:E0M1X1
80:C073:E0M1X1,80:C076:E0M1X1
80:C076:E0M1X1,80:B9FF:E0M1X1
80:C076:E0M1X1,80:BE58:E0M1X1
80:C076:E0M1X1,80:C06C:E0M1X1
80:C077:E0M0X0,80:C07A:E0M0X0
80:C07A:E0M0X0,80:C07C:E0M0X0
80:C07A:E0M0X0,80:C08A:E0M0X0
80:C07C:E0M0X0,80:C07F:E0M0X0
80:C07F:E0M0X0,80:C082:E0M0X0
80:C082:E0M0X0,80:A2E7:E0M0X0
80:C085:E0M0X0,80:C086:E0M0X0
80:C086:E0M0X0,80:C087:E0M0X0
80:C087:E0M0X0,80:C08A:E0M0X0
80:C08A:E0M0X0,80:BA04:E0M0X0
80:C08A:E0M0X0,80:BE5D:E0M0X0
80:C08B:E0M0X0,80:C08E:E0M0X0
80:C08E:E0M0X0,80:C091:E0M0X0
80:C091:E0M0X0,80:C093:E0M1X0
80:C093:E0M1X0,80:C095:E0M1X0
80:C095:E0M1X0,80:C098:E0M1X0
80:C098:E0M1X0,80:C09A:E0M1X0
80:C09A:E0M1X0,80:C09D:E0M1X0
80:C09D:E0M1X0,80:C09F:E0M0X0
80:C09F:E0M0X0,80:C0A2:E0M0X0
80:C0A2:E0M0X0,80:C0A4:E0M0X0
80:C0A2:E0M0X0,80:C0CE:E0M0X0
80:C0A4:E0M0X0,80:C0A7:E0M0X0
80:C0A7:E0M0X0,80:C0AA:E0M0X0
80:C0AA:E0M0X0,80:C0AD:E0M0X0
80:C0AD:E0M0X0,80:C0B0:E0M0X0
80:C0B0:E0M0X0,80:C0B3:E0M0X0
80:C0B3:E0M0X0,80:C0B6:E0M0X0
80:C0B6:E0M0X0,80:C0B8:E0M1X0
80:C0B8:E0M1X0,80:C0BA:E0M1X0
80:C0BA:E0M1X0,80:C0BD:E0M1X0
80:C0BD:E0M1X0,80:C0BF:E0M1X0
80:C0BF:E0M1X0,80:C0C2:E0M1X0
80:C0C2:E0M1X0,80:C0C4:E0M1X0
80:C0C4:E0M1X0,80:C0C7:E0M1X0
80:C0C7:E0M1X0,80:C0C9:E0M1X0
80:C0C9:E0M1X0,80:C0CC:E0M1X0
80:C0CC:E0M1X0,80:C0CE:E0M0X0
80:C0CE:E0M0X0,80:BA07:E0M0X0
80:C0CE:E0M0X0,80:BE60:E0M0X0
80:C0CF:E0M0X0,80:C0D2:E0M0X0
80:C0D2:E0M0X0,80:C0D5:E0M0X0
80:C0D5:E0M0X0,80:C0D8:E0M0X0
80:C0D8:E0M0X0,80:C0DB:E0M0X0
80:C0DB:E0M0X0,80:C0DC:E0M0X0
80:C0DC:E0M0X0,80:C0DF:E0M0X0
80:C0DF:E0M0X0,80:C0E2:E0M0X0
80:C0E2:E0M0X0,80:C0E5:E0M0X0
80:C0E5:E0M0X0,80:C0E8:E0M0X0
80:C0E8:E0M0X0,80:C0EB:E0M0X0
80:C0EB:E0M0X0,80:C0EE:E0M0X0
80:C0EE:E0M0X0,80:C0F1:E0M0X0
80:C0F1:E0M0X0,80:C0F4:E0M0X0
80:C0F4:E0M0X0,80:C0F7:E0M0X0
80:C0F7:E0M0X0,80:C0FA:E0M0X0
80:C0FA:E0M0X0,80:C0FD:E0M0X0
80:C0FD:E0M0X0,80:C100:E0M0X0
80:C100:E0M0X0,80:C103:E0M0X0
80:C103:E0M0X0,80:C106:E0M0X0
80:C106:E0M0X0,80:C109:E0M0X0
80:C109:E0M0X0,80:C10B:E0M0X0
80:C109:E0M0X0,80:C141:E0M0X0
80:C10B:E0M0X0,80:C10E:E0M0X0
80:C10E:E0M0X0,80:C111:E0M0X0
80:C111:E0M0X0,80:C114:E0M0X0
80:C114:E0M0X0,80:C117:E0M0X0
80:C117:E0M0X0,80:C11A:E0M0X0
80:C11A:E0M0X0,80:C11D:E0M0X0
80:C11D:E0M0X0,80:C120:E0M0X0
80:C120:E0M0X0,80:C123:E0M0X0
80:C123:E0M0X0,80:C126:E0M0X0
80:C126:E0M0X0,80:C129:E0M0X0
80:C129:E0M0X0,80:C12C:E0M0X0
80:C12C:E0M0X0,80:C12F:E0M0X0
80:C12F:E0M0X0,80:C132:E0M0X0
80:C132:E0M0X0,80:C135:E0M0X0
80:C135:E0M0X0,80:C138:E0M0X0
80:C138:E0M0X0,80:C13B:E0M0X0
80:C13B:E0M0X0,80:C13E:E0M0X0
80:C13E:E0M0X0,80:C141:E0M0X0
80:C141:E0M0X0,80:BA0A:E0M0X0
80:C141:E0M0X0,80:BE63:E0M0X0
80:C142:E0M0X0,80:BA0D:E0M0X0
80:C142:E0M0X0,80:BE66:E0M0X0
80:C143:E0M0X0,80:C145:E0M1X0
80:C145:E0M1X0,80:C147:E0M1X0
80:C147:E0M1X0,80:C14A:E0M1X0
80:C14A:E0M1X0,80:C14C:E0M0X0
80:C14C:E0M0X0,80:C14F:E0M0X0
80:C14F:E0M0X0,80:C152:E0M0X0
80:C152:E0M0X0,80:C154:E0M0X0
80:C154:E0M0X0,80:C157:E0M0X0
80:C157:E0M0X0,80:C15A:E0M0X0
80:C15A:E0M0X0,80:C15C:E0M0X0
80:C15A:E0M0X0,80:C167:E0M0X0
80:C15C:E0M0X0,80:C15F:E0M0X0
80:C15F:E0M0X0,80:C162:E0M0X0
80:C162:E0M0X0,80:C164:E0M0X0
80:C164:E0M0X0,80:C167:E0M0X0
80:C167:E0M0X0,80:BA10:E0M0X0
80:C167:E0M0X0,80:BE69:E0M0X0
80:C168:E0M0X0,80:C16B:E0M0X0
80:C16B:E0M0X0,80:C16D:E0M0X0
80:C16B:E0M0X0,80:C196:E0M0X0
80:C16D:E0M0X0,80:C16F:E0M1X1
80:C16F:E0M1X1,80:C171:E0M1X1
80:C171:E0M1X1,80:C174:E0M1X1
80:C174:E0M1X1,80:C176:E0M0X0
80:C176:E0M0X0,80:C179:E0M0X0
80:C179:E0M0X0,80:C17A:E0M0X0
80:C17A:E0M0X0,80:C17C:E0M0X0
80:C17C:E0M0X0,80:C17F:E0M0X0
80:C17F:E0M0X0,80:C181:E0M0X0
80:C181:E0M0X0,80:C183:E0M0X0
80:C181:E0M0X0,80:C193:E0M0X0
80:C183:E0M0X0,80:C186:E0M0X0
80:C186:E0M0X0,80:C189:E0M0X0
80:C189:E0M0X0,80:C18C:E0M0X0
80:C18C:E0M0X0,80:C18F:E0M0X0
80:C18F:E0M0X0,80:C190:E0M0X0
80:C190:E0M0X0,80:C191:E0M0X0
80:C191:E0M0X0,80:C17F:E0M0X0
80:C193:E0M0X0,80:C196:E0M0X0
80:C196:E0M0X0,80:BA13:E0M0X0
80:C196:E0M0X0,80:BE6C:E0M0X0
80:C197:E0M1X1,80:C19A:E0M1X1
80:C19A:E0M1X1,80:C19C:E0M1X1
80:C19A:E0M1X1,80:C1F1:E0M1X1
80:C19C:E0M1X1,80:C19E:E0M1X1
80:C19E:E0M1X1,80:C1A0:E0M1X1
80:C1A0:E0M1X1,80:C1A3:E0M1X1
80:C1A3:E0M1X1,80:C1A6:E0M1X1
80:C1A6:E0M1X1,80:C1A9:E0M1X1
80:C1A9:E0M1X1,80:C1AC:E0M1X1
80:C1AC:E0M1X1,80:C1AE:E0M1X1
80:C1AE:E0M1X1,80:C1B1:E0M1X1
80:C1B1:E0M1X1,80:C1B4:E0M1X1
80:C1B4:E0M1X1,80:C1B7:E0M1X1
80:C1B7:E0M1X1,80:C1BA:E0M1X1
80:C1BA:E0M1X1,80:C1BC:E0M1X1
80:C1BC:E0M1X1,80:C1BF:E0M1X1
80:C1BF:E0M1X1,80:C1C1:E0M1X1
80:C1C1:E0M1X1,80:C1C4:E0M1X1
80:C1C4:E0M1X1,80:C1C7:E0M1X1
80:C1C7:E0M1X1,80:C1C9:E0M1X1
80:C1C7:E0M1X1,80:C1EB:E0M1X1
80:C1C9:E0M1X1,80:C1CB:E0M1X1
80:C1CB:E0M1X1,80:C1CC:E0M1X1
80:C1CC:E0M1X1,80:C1CE:E0M1X1
80:C1CC:E0M1X1,80:C1E2:E0M1X1
80:C1CE:E0M1X1,80:C1D0:E0M1X1
80:C1D0:E0M1X1,80:C1D3:E0M1X1
80:C1D3:E0M1X1,80:C1D6:E0M1X1
80:C1D6:E0M1X1,80:C1D9:E0M1X1
80:C1D9:E0M1X1,80:C1DC:E0M1X1
80:C1DC:E0M1X1,80:C1DF:E0M1X1
80:C1DF:E0M1X1,80:C1E2:E0M1X1
80:C1E2:E0M1X1,80:C1E5:E0M1X1
80:C1E5:E0M1X1,80:C1E8:E0M1X1
80:C1E8:E0M1X1,80:C1EB:E0M1X1
80:C1EB:E0M1X1,80:C1EE:E0M1X1
80:C1EE:E0M1X1,80:C1F1:E0M1X1
80:C1F1:E0M1X1,80:B987:E0M1X1
80:C1F2:E0M1X1,80:C1F5:E0M1X1
80:C1F5:E0M1X1,80:C1F8:E0M1X1
80:C1F8:E0M1X1,80:C1FB:E0M1X1
80:C1FB:E0M1X1,80:C1FE:E0M1X1
80:C1FE:E0M1X1,80:C201:E0M1X1
80:C201:E0M1X1,80:C204:E0M1X1
80:C204:E0M1X1,80:C205:E0M1X1
80:C205:E0M1X1,80:C206:E0M1X1
80:C206:E0M1X1,80:C208:E0M0X0
80:C208:E0M0X0,80:C209:E0M0X0
80:C209:E0M0X0,80:C20C:E0M0X0
80:C20C:E0M0X0,80:837A:E0M0X0
80:C20F:E0M0X0,80:C212:E0M0X0
80:C212:E0M0X0,80:C214:E0M0X0
80:C214:E0M0X0,80:C217:E0M0X0
80:C217:E0M0X0,80:C219:E0M0X0
80:C219:E0M0X0,80:C21A:E0M0X0
80:C21A:E0M0X0,80:C21B:E0M0X0
80:C21B:E0M0X0,80:C21E:E0M0X0
80:C21E:E0M0X0,80:837A:E0M0X0
80:C221:E0M0X0,80:C224:E0M0X0
80:C224:E0M0X0,80:C226:E0M0X0
80:C226:E0M0X0,80:C229:E0M0X0
80:C229:E0M0X0,80:C22B:E0M0X0
80:C22B:E0M0X0,80:C22C:E0M0X0
80:C22C:E0M0X0,80:C22D:E0M0X0
80:C22D:E0M0X0,80:C230:E0M0X0
80:C230:E0M0X0,80:C233:E0M0X0
80:C233:E0M0X0,80:82FF:E0M0X0
80:C236:E0M0X0,80:C239:E0M0X0
80:C239:E0M0X0,80:C23D:E0M0X0
80:C23D:E0M0X0,80:C23E:E0M0X0
80:C23E:E0M0X0,80:C23F:E0M0X0
80:C23F:E0M0X0,80:C242:E0M0X0
80:C242:E0M0X0,80:C245:E0M0X0
80:C245:E0M0X0,80:8363:E0M0X0
80:C248:E0M0X0,80:C249:E0M0X0
80:C249:E0M0X0,80:C24C:E0M0X0
80:C24C:E0M0X0,80:C24F:E0M0X0
80:C24F:E0M0X0,80:8363:E0M0X0
80:C252:E0M0X0,80:C254:E0M1X1
80:C254:E0M1X1,92:8B00:E0M1X1
80:C258:E0M1X1,80:C25B:E0M1X1
80:C25B:E0M1X1,80:C25E:E0M1X1
80:C25E:E0M1X1,80:C260:E0M1X1
80:C260:E0M1X1,80:C262:E0M1X0
80:C262:E0M1X0,80:C265:E0M1X0
80:C265:E0M1X0,80:C268:E0M1X0
80:C268:E0M1X0,80:C26B:E0M1X0
80:C26B:E0M1X0,80:C26D:E0M1X0
80:C26D:E0M1X0,80:C26F:E0M1X0
80:C26D:E0M1X0,80:C28B:E0M1X0
80:C26F:E0M1X0,80:C271:E0M1X0
80:C271:E0M1X0,80:C273:E0M1X0
80:C271:E0M1X0,80:C28B:E0M1X0
80:C273:E0M1X0,80:C275:E0M1X0
80:C275:E0M1X0,80:C277:E0M1X0
80:C275:E0M1X0,80:C27D:E0M1X0
80:C277:E0M1X0,80:C279:E0M1X0
80:C279:E0M1X0,80:C27B:E0M1X0
80:C279:E0M1X0,80:C284:E0M1X0
80:C27B:E0M1X0,80:C28D:E0M1X0
80:C27D:E0M1X0,80:C280:E0M1X0
80:C280:E0M1X0,80:C282:E0M1X0
80:C282:E0M1X0,80:C28D:E0M1X0
80:C284:E0M1X0,80:C287:E0M1X0
80:C287:E0M1X0,80:C289:E0M1X0
80:C289:E0M1X0,80:C28D:E0M1X0
80:C28B:E0M1X0,80:C28D:E0M1X0
80:C28D:E0M1X0,80:C290:E0M1X0
80:C290:E0M1X0,80:C293:E0M1X0
80:C293:E0M1X0,80:C295:E0M1X0
80:C295:E0M1X0,80:C297:E0M1X0
80:C295:E0M1X0,80:C29F:E0M1X0
80:C297:E0M1X0,80:C299:E0M1X0
80:C299:E0M1X0,80:C29C:E0M1X0
80:C29C:E0M1X0,80:C29F:E0M1X0
80:C29F:E0M1X0,80:C2A1:E0M0X0
80:C2A1:E0M0X0,80:C2A2:E0M0X0
80:C2A2:E0M0X0,80:C2A3:E0M0X0
80:C2A3:E0M0X0,80:C2A6:E0M0X0
80:C2A6:E0M0X0,80:C2A7:E0M0X0
80:C2A7:E0M0X0,80:C2A9:E0M1X0
80:C2A9:E0M1X0,80:C2AA:E0M1X0
80:C2AA:E0M1X0,80:C268:E0M1X0
80:C2AA:E0M1X0,80:C2AC:E0M1X0
80:C2AC:E0M1X0,80:C2AE:E0M1X1
80:C2AE:E0M1X1,80:B990:E0M1X1
80:C2AF:E0M1X1,80:C2B2:E0M1X1
80:C2B2:E0M1X1,80:C2B5:E0M1X1
80:C2B5:E0M1X1,80:C2B8:E0M1X1
80:C2B8:E0M1X1,80:C2BB:E0M1X1
80:C2BB:E0M1X1,80:C2BD:E0M1X1
80:C2BD:E0M1X1,80:C2C0:E0M1X1
80:C2C0:E0M1X1,80:C2C2:E0M1X1
80:C2C2:E0M1X1,80:C2C5:E0M1X1
80:C2C5:E0M1X1,80:C2C7:E0M1X1
80:C2C7:E0M1X1,80:C2CA:E0M1X1
80:C2CA:E0M1X1,80:C2CD:E0M1X1
80:C2CD:E0M1X1,80:C2CF:E0M1X1
80:C2CF:E0M1X1,80:C2D2:E0M1X1
80:C2D2:E0M1X1,80:C2D4:E0M1X1
80:C2D2:E0M1X1,80:C2D6:E0M1X1
80:C2D4:E0M1X1,80:C2D6:E0M1X1
80:C2D6:E0M1X1,80:C2D9:E0M1X1
80:C2D9:E0M1X1,80:C2DC:E0M1X1
80:C2DC:E0M1X1,80:C2DE:E0M1X1
80:C2DE:E0M1X1,80:C2E1:E0M1X1
80:C2E1:E0M1X1,80:C2E3:E0M0X1
80:C2E3:E0M0X1,80:C2E6:E0M0X1
80:C2E6:E0M0X1,80:C2E9:E0M0X1
80:C2E9:E0M0X1,80:C2EB:E0M1X1
80:C2EB:E0M1X1,80:A41D:E0M1X1
80:C2EE:E0M1X1,80:A1FA:E0M1X1
80:C2F1:E0M1X1,80:A395:E0M1X1
80:C2F4:E0M1X1,80:C2F5:E0M1X1
80:C2F5:E0M1X1,80:C2F6:E0M1X1
80:C2F6:E0M1X1,80:C2F7:E0M1X1
80:C2F7:E0M1X1,80:C2FC:E0M1X1
80:C2FA:E0M1X1,80:C2FB:E0M1X1
80:C2FB:E0M1X1,81:91C9:E0M1X1
80:C2FB:E0M1X1,81:9D92:E0M1X1
80:C2FB:E0M1X1,81:A60D:E0M1X1
80:C2FB:E0M1X1,81:A6D3:E0M1X1
80:C2FB:E0M1X1,81:AB51:E0M1X1
80:C2FB:E0M1X1,81:AB85:E0M1X1
80:C2FB:E0M1X1,81:ABAA:E0M1X1
80:C2FB:E0M1X1,81:AFCE:E0M1X1
80:C2FB:E0M1X1,81:B79D:E0M1X1
80:C2FB:E0M1X1,81:BAEC:E0M1X1
80:C2FB:E0M1X1,81:D08C:E0M1X1
80:C2FB:E0M1X1,81:D90A:E0M1X1
80:C2FB:E0M1X1,9F:F687:E0M1X1
80:C2FB:E0M1X1,9F:F706:E0M1X1
80:C2FB:E0M1X1,9F:F7FF:E0M1X1
80:C2FB:E0M1X1,9F:F942:E0M1X1
80:C2FC:E0M1X1,80:C2FF:E0M1X1
80:C2FF:E0M1X1,80:C301:E0M1X1
80:C301:E0M1X1,80:C304:E0M1X1
80:C304:E0M1X1,80:C306:E0M1X1
80:C306:E0M1X1,80:C309:E0M1X1
80:C309:E0M1X1,80:C30B:E0M0X0
80:C30B:E0M0X0,80:C30E:E0M0X0
80:C30E:E0M0X0,80:C311:E0M0X0
80:C311:E0M0X0,80:C314:E0M0X0
80:C314:E0M0X0,80:C317:E0M0X0
80:C317:E0M0X0,80:C319:E0M1X1
80:C319:E0M1X1,80:B9F9:E0M1X1
80:C319:E0M1X1,80:BAD6:E0M1X1
80:C319:E0M1X1,80:C2FA:E0M1X1
80:C35C:E0M1X1,80:C35D:E0M1X1
80:C35D:E0M1X1,80:C35E:E0M1X1
80:C35E:E0M1X1,80:C35F:E0M1X1
80:C35F:E0M1X1,80:C364:E0M1X1
80:C362:E0M1X1,80:C363:E0M1X1
80:C363:E0M1X1,92:F169:E0M1X1
80:C363:E0M1X1,92:F17E:E0M1X1
80:C363:E0M1X1,92:F193:E0M1X1
80:C363:E0M1X1,92:F1A8:E0M1X1
80:C364:E0M1X1,80:C367:E0M1X1
80:C367:E0M1X1,80:C369:E0M1X1
80:C369:E0M1X1,80:C36C:E0M1X1
80:C36C:E0M1X1,80:C36F:E0M1X1
80:C36F:E0M1X1,80:C371:E0M1X1
80:C36F:E0M1X1,80:C380:E0M1X1
80:C371:E0M1X1,80:C374:E0M1X1
80:C374:E0M1X1,80:C377:E0M1X1
80:C377:E0M1X1,80:C37A:E0M1X1
80:C37A:E0M1X1,80:C37D:E0M1X1
80:C37D:E0M1X1,80:C380:E0M1X1
80:C380:E0M1X1,80:C381:E0M1X1
80:C381:E0M1X1,80:C369:E0M1X1
80:C381:E0M1X1,80:C383:E0M1X1
80:C383:E0M1X1,80:C386:E0M1X1
80:C386:E0M1X1,80:C388:E0M1X1
80:C388:E0M1X1,80:C389:E0M1X1
80:C389:E0M1X1,80:C38B:E0M1X1
80:C38B:E0M1X1,80:C38E:E0M1X1
80:C38E:E0M1X1,80:C38F:E0M1X1
80:C38F:E0M1X1,80:C390:E0M1X1
80:C390:E0M1X1,80:C391:E0M1X1
80:C391:E0M1X1,80:C392:E0M1X1
80:C392:E0M1X1,80:C395:E0M1X1
80:C395:E0M1X1,80:C397:E0M1X1
80:C397:E0M1X1,80:C399:E0M1X1
80:C399:E0M1X1,80:C39B:E0M1X1
80:C39B:E0M1X1,80:C39D:E0M1X1
80:C39D:E0M1X1,80:C39F:E0M1X1
80:C39F:E0M1X1,80:C3A1:E0M1X1
80:C3A1:E0M1X1,80:C3A3:E0M1X1
80:C3A3:E0M1X1,80:C3A4:E0M1X1
80:C3A4:E0M1X1,80:C3A6:E0M1X1
80:C3A6:E0M1X1,80:C3A8:E0M1X1
80:C3A8:E0M1X1,80:C3AA:E0M1X1
80:C3AA:E0M1X1,80:C3AC:E0M1X1
80:C3AC:E0M1X1,80:C3AE:E0M1X1
80:C3AE:E0M1X1,80:C3B0:E0M1X1
80:C3B0:E0M1X1,80:C3B2:E0M1X1
80:C3B2:E0M1X1,80:C3B4:E0M1X1
80:C3B2:E0M1X1,80:C3BD:E0M1X1
80:C3B4:E0M1X1,80:C3B6:E0M1X1
80:C3B6:E0M1X1,80:C3B8:E0M1X1
80:C3B6:E0M1X1,80:C3BD:E0M1X1
80:C3B8:E0M1X1,80:C3B9:E0M1X1
80:C3B9:E0M1X1,80:C3BB:E0M1X1
80:C3BB:E0M1X1,80:C3C0:E0M1X1
80:C3BD:E0M1X1,80:C3BE:E0M1X1
80:C3BE:E0M1X1,80:C3C0:E0M1X1
80:C3C0:E0M1X1,80:C3C3:E0M1X1
80:C3C3:E0M1X1,80:C3C5:E0M1X1
80:C3C5:E0M1X1,80:C3C8:E0M1X1
80:C3C8:E0M1X1,80:C3CB:E0M1X1
80:C3CB:E0M1X1,80:C3CD:E0M1X1
80:C3CB:E0M1X1,80:C3D2:E0M1X1
80:C3CD:E0M1X1,80:C3CF:E0M1X1
80:C3CF:E0M1X1,80:C3D2:E0M1X1
80:C3D2:E0M1X1,80:C3D3:E0M1X1
80:C3D3:E0M1X1,80:C3C5:E0M1X1
80:C3D3:E0M1X1,80:C3D5:E0M1X1
80:C3D5:E0M1X1,80:C3D8:E0M1X1
80:C3D8:E0M1X1,80:C3D9:E0M1X1
80:C3D9:E0M1X1,80:C3DA:E0M1X1
80:C3DA:E0M1X1,80:C3DC:E0M1X1
80:C3DC:E0M1X1,80:C3DD:E0M1X1
80:C3DD:E0M1X1,80:C3DE:E0M1X1
80:C3DE:E0M1X1,80:C3E0:E0M1X1
80:C3E0:E0M1X1,80:C3E3:E0M1X1
80:C3E3:E0M1X1,80:C3E6:E0M1X1
80:C3E6:E0M1X1,80:C3E7:E0M1X1
80:C3E7:E0M1X1,80:C3E8:E0M1X1
80:C3E8:E0M1X1,80:C3EA:E0M1X1
80:C3EA:E0M1X1,80:C3EB:E0M1X1
80:C3EB:E0M1X1,80:C3EC:E0M1X1
80:C3EC:E0M1X1,80:C3EE:E0M1X1
80:C3EE:E0M1X1,80:C3F1:E0M1X1
80:C3F1:E0M1X1,80:C3F4:E0M1X1
80:C3F4:E0M1X1,80:C3F5:E0M1X1
80:C3F5:E0M1X1,80:C3F6:E0M1X1
80:C3F6:E0M1X1,80:C3F9:E0M1X1
80:C3F9:E0M1X1,80:C3FA:E0M1X1
80:C3FA:E0M1X1,80:C3FB:E0M1X1
80:C3FB:E0M1X1,80:C3FC:E0M1X1
80:C3FC:E0M1X1,80:C3FD:E0M1X1
80:C3FD:E0M1X1,80:C400:E0M1X1
80:C400:E0M1X1,80:C401:E0M1X1
80:C401:E0M1X1,80:C404:E0M1X1
80:C404:E0M1X1,80:C405:E0M1X1
80:C405:E0M1X1,80:C408:E0M1X1
80:C408:E0M1X1,80:C40B:E0M1X1
80:C40B:E0M1X1,80:C40E:E0M1X1
80:C40E:E0M1X1,80:C40F:E0M1X1
80:C40F:E0M1X1,80:C412:E0M1X1
80:C412:E0M1X1,80:C413:E0M1X1
80:C413:E0M1X1,80:C414:E0M1X1
80:C414:E0M1X1,80:C417:E0M1X1
80:C417:E0M1X1,80:C41A:E0M1X1
80:C41A:E0M1X1,80:C41C:E0M1X1
80:C41C:E0M1X1,80:C41D:E0M1X1
80:C41D:E0M1X1,80:C420:E0M1X1
80:C420:E0M1X1,80:C422:E0M1X1
80:C422:E0M1X1,80:C425:E0M1X1
80:C425:E0M1X1,80:C427:E0M1X1
80:C427:E0M1X1,80:C429:E0M1X1
80:C427:E0M1X1,80:C43D:E0M1X1
80:C429:E0M1X1,80:C42B:E0M1X1
80:C42B:E0M1X1,80:C5E8:E0M1X1
80:C42E:E0M1X1,80:C430:E0M1X1
80:C430:E0M1X1,80:C432:E0M1X1
80:C432:E0M1X1,80:C433:E0M1X1
80:C433:E0M1X1,80:C435:E0M1X1
80:C435:E0M1X1,80:C437:E0M1X1
80:C437:E0M1X1,80:C439:E0M1X1
80:C439:E0M1X1,80:C43B:E0M1X1
80:C43B:E0M1X1,80:C43D:E0M1X1
80:C43D:E0M1X1,80:C43F:E0M1X1
80:C43F:E0M1X1,80:C440:E0M1X1
80:C440:E0M1X1,80:C443:E0M1X1
80:C443:E0M1X1,80:C445:E0M1X1
80:C445:E0M1X1,80:C448:E0M1X1
80:C448:E0M1X1,80:C44A:E0M1X1
80:C44A:E0M1X1,80:C44C:E0M1X1
80:C44A:E0M1X1,80:C460:E0M1X1
80:C44C:E0M1X1,80:C44E:E0M1X1
80:C44E:E0M1X1,80:C5E8:E0M1X1
80:C451:E0M1X1,80:C453:E0M1X1
80:C453:E0M1X1,80:C455:E0M1X1
80:C455:E0M1X1,80:C456:E0M1X1
80:C456:E0M1X1,80:C458:E0M1X1
80:C458:E0M1X1,80:C45A:E0M1X1
80:C45A:E0M1X1,80:C45C:E0M1X1
80:C45C:E0M1X1,80:C45E:E0M1X1
80:C45E:E0M1X1,80:C460:E0M1X1
80:C460:E0M1X1,80:C463:E0M1X1
80:C463:E0M1X1,80:C465:E0M1X1
80:C465:E0M1X1,80:C467:E0M1X1
80:C465:E0M1X1,80:C497:E0M1X1
80:C467:E0M1X1,80:C469:E0M1X1
80:C469:E0M1X1,80:C46A:E0M1X1
80:C46A:E0M1X1,80:C46D:E0M1X1
80:C46D:E0M1X1,80:C5E8:E0M1X1
80:C470:E0M1X1,80:C472:E0M1X1
80:C472:E0M1X1,80:C474:E0M1X1
80:C474:E0M1X1,80:C475:E0M1X1
80:C475:E0M1X1,80:C477:E0M1X1
80:C477:E0M1X1,80:C479:E0M1X1
80:C479:E0M1X1,80:C47B:E0M1X1
80:C47B:E0M1X1,80:C47D:E0M1X1
80:C47D:E0M1X1,80:C47F:E0M1X1
80:C47F:E0M1X1,80:C481:E0M1X1
80:C481:E0M1X1,80:C482:E0M1X1
80:C482:E0M1X1,80:C485:E0M1X1
80:C485:E0M1X1,80:C5E8:E0M1X1
80:C488:E0M1X1,80:C48A:E0M1X1
80:C48A:E0M1X1,80:C48C:E0M1X1
80:C48C:E0M1X1,80:C48D:E0M1X1
80:C48D:E0M1X1,80:C48F:E0M1X1
80:C48F:E0M1X1,80:C491:E0M1X1
80:C491:E0M1X1,80:C493:E0M1X1
80:C493:E0M1X1,80:C495:E0M1X1
80:C495:E0M1X1,80:C497:E0M1X1
80:C497:E0M1X1,80:C49A:E0M1X1
80:C49A:E0M1X1,80:C49B:E0M1X1
80:C49B:E0M1X1,80:C49E:E0M1X1
80:C49E:E0M1X1,80:C49F:E0M1X1
80:C49F:E0M1X1,80:C4A2:E0M1X1
80:C4A2:E0M1X1,80:C4A5:E0M1X1
80:C4A5:E0M1X1,80:C4A8:E0M1X1
80:C4A8:E0M1X1,80:C4A9:E0M1X1
80:C4A9:E0M1X1,80:C4AC:E0M1X1
80:C4AC:E0M1X1,80:C4AD:E0M1X1
80:C4AD:E0M1X1,80:C4AE:E0M1X1
80:C4AE:E0M1X1,80:C4B1:E0M1X1
80:C4B1:E0M1X1,80:C4B4:E0M1X1
80:C4B4:E0M1X1,80:C4B6:E0M1X1
80:C4B6:E0M1X1,80:C4B7:E0M1X1
80:C4B7:E0M1X1,80:C4BA:E0M1X1
80:C4BA:E0M1X1,80:C4BC:E0M1X1
80:C4BC:E0M1X1,80:C4BF:E0M1X1
80:C4BF:E0M1X1,80:C4C1:E0M1X1
80:C4C1:E0M1X1,80:C4C3:E0M1X1
80:C4C1:E0M1X1,80:C4D7:E0M1X1
80:C4C3:E0M1X1,80:C4C5:E0M1X1
80:C4C5:E0M1X1,80:C5E8:E0M1X1
80:C4C8:E0M1X1,80:C4CA:E0M1X1
80:C4CA:E0M1X1,80:C4CC:E0M1X1
80:C4CC:E0M1X1,80:C4CD:E0M1X1
80:C4CD:E0M1X1,80:C4CF:E0M1X1
80:C4CF:E0M1X1,80:C4D1:E0M1X1
80:C4D1:E0M1X1,80:C4D3:E0M1X1
80:C4D3:E0M1X1,80:C4D5:E0M1X1
80:C4D5:E0M1X1,80:C4D7:E0M1X1
80:C4D7:E0M1X1,80:C4D9:E0M1X1
80:C4D9:E0M1X1,80:C4DA:E0M1X1
80:C4DA:E0M1X1,80:C4DD:E0M1X1
80:C4DD:E0M1X1,80:C4DF:E0M1X1
80:C4DF:E0M1X1,80:C4E2:E0M1X1
80:C4E2:E0M1X1,80:C4E4:E0M1X1
80:C4E4:E0M1X1,80:C4E6:E0M1X1
80:C4E4:E0M1X1,80:C4FA:E0M1X1
80:C4E6:E0M1X1,80:C4E8:E0M1X1
80:C4E8:E0M1X1,80:C5E8:E0M1X1
80:C4EB:E0M1X1,80:C4ED:E0M1X1
80:C4ED:E0M1X1,80:C4EF:E0M1X1
80:C4EF:E0M1X1,80:C4F0:E0M1X1
80:C4F0:E0M1X1,80:C4F2:E0M1X1
80:C4F2:E0M1X1,80:C4F4:E0M1X1
80:C4F4:E0M1X1,80:C4F6:E0M1X1
80:C4F6:E0M1X1,80:C4F8:E0M1X1
80:C4F8:E0M1X1,80:C4FA:E0M1X1
80:C4FA:E0M1X1,80:C4FD:E0M1X1
80:C4FD:E0M1X1,80:C4FF:E0M1X1
80:C4FF:E0M1X1,80:C501:E0M1X1
80:C4FF:E0M1X1,80:C531:E0M1X1
80:C501:E0M1X1,80:C503:E0M1X1
80:C503:E0M1X1,80:C504:E0M1X1
80:C504:E0M1X1,80:C507:E0M1X1
80:C507:E0M1X1,80:C5E8:E0M1X1
80:C50A:E0M1X1,80:C50C:E0M1X1
80:C50C:E0M1X1,80:C50E:E0M1X1
80:C50E:E0M1X1,80:C50F:E0M1X1
80:C50F:E0M1X1,80:C511:E0M1X1
80:C511:E0M1X1,80:C513:E0M1X1
80:C513:E0M1X1,80:C515:E0M1X1
80:C515:E0M1X1,80:C517:E0M1X1
80:C517:E0M1X1,80:C519:E0M1X1
80:C519:E0M1X1,80:C51B:E0M1X1
80:C51B:E0M1X1,80:C51C:E0M1X1
80:C51C:E0M1X1,80:C51F:E0M1X1
80:C51F:E0M1X1,80:C5E8:E0M1X1
80:C522:E0M1X1,80:C524:E0M1X1
80:C524:E0M1X1,80:C526:E0M1X1
80:C526:E0M1X1,80:C527:E0M1X1
80:C527:E0M1X1,80:C529:E0M1X1
80:C529:E0M1X1,80:C52B:E0M1X1
80:C52B:E0M1X1,80:C52D:E0M1X1
80:C52D:E0M1X1,80:C52F:E0M1X1
80:C52F:E0M1X1,80:C531:E0M1X1
80:C531:E0M1X1,80:C534:E0M1X1
80:C534:E0M1X1,80:C536:E0M1X1
80:C534:E0M1X1,80:C544:E0M1X1
80:C536:E0M1X1,80:C539:E0M1X1
80:C539:E0M1X1,80:C53B:E0M1X1
80:C53B:E0M1X1,80:C53D:E0M1X1
80:C53B:E0M1X1,80:C544:E0M1X1
80:C53D:E0M1X1,80:C53F:E0M1X1
80:C53F:E0M1X1,80:C540:E0M1X1
80:C540:E0M1X1,80:C542:E0M1X1
80:C542:E0M1X1,80:C544:E0M1X1
80:C544:E0M1X1,80:C547:E0M1X1
80:C547:E0M1X1,80:C549:E0M1X1
80:C549:E0M1X1,80:C54B:E0M1X1
80:C549:E0M1X1,80:C55A:E0M1X1
80:C54B:E0M1X1,80:C54E:E0M1X1
80:C54E:E0M1X1,80:C551:E0M1X1
80:C551:E0M1X1,80:C554:E0M1X1
80:C554:E0M1X1,80:C557:E0M1X1
80:C557:E0M1X1,80:C55A:E0M1X1
80:C55A:E0M1X1,80:C55D:E0M1X1
80:C55D:E0M1X1,80:C55F:E0M1X1
80:C55F:E0M1X1,80:C561:E0M1X1
80:C55F:E0M1X1,80:C570:E0M1X1
80:C561:E0M1X1,80:C564:E0M1X1
80:C564:E0M1X1,80:C567:E0M1X1
80:C567:E0M1X1,80:C56A:E0M1X1
80:C56A:E0M1X1,80:C56D:E0M1X1
80:C56D:E0M1X1,80:C570:E0M1X1
80:C570:E0M1X1,80:C573:E0M1X1
80:C573:E0M1X1,80:C575:E0M1X1
80:C575:E0M1X1,80:C577:E0M1X1
80:C575:E0M1X1,80:C586:E0M1X1
80:C577:E0M1X1,80:C57A:E0M1X1
80:C57A:E0M1X1,80:C57D:E0M1X1
80:C57D:E0M1X1,80:C580:E0M1X1
80:C580:E0M1X1,80:C583:E0M1X1
80:C583:E0M1X1,80:C586:E0M1X1
80:C586:E0M1X1,80:C589:E0M1X1
80:C589:E0M1X1,80:C58B:E0M1X1
80:C58B:E0M1X1,80:C58D:E0M1X1
80:C58B:E0M1X1,80:C59C:E0M1X1
80:C58D:E0M1X1,80:C590:E0M1X1
80:C590:E0M1X1,80:C593:E0M1X1
80:C593:E0M1X1,80:C596:E0M1X1
80:C596:E0M1X1,80:C599:E0M1X1
80:C599:E0M1X1,80:C59C:E0M1X1
80:C59C:E0M1X1,80:C59E:E0M1X1
80:C59E:E0M1X1,80:C5A1:E0M1X1
80:C5A1:E0M1X1,80:C5A4:E0M1X1
80:C5A4:E0M1X1,80:C5A6:E0M1X1
80:C5A4:E0M1X1,80:C5BE:E0M1X1
80:C5A6:E0M1X1,80:C5A8:E0M0X1
80:C5A8:E0M0X1,80:C5AA:E0M0X1
80:C5AA:E0M0X1,80:C5AD:E0M0X1
80:C5AD:E0M0X1,80:C5AF:E0M0X1
80:C5AF:E0M0X1,80:C5B2:E0M0X1
80:C5B2:E0M0X1,80:C5B4:E0M1X1
80:C5B4:E0M1X1,80:C5B6:E0M1X1
80:C5B6:E0M1X1,80:C5B9:E0M1X1
80:C5B9:E0M1X1,80:C5BB:E0M1X1
80:C5BB:E0M1X1,80:C5BE:E0M1X1
80:C5BE:E0M1X1,80:C5BF:E0M1X1
80:C5BF:E0M1X1,80:C59E:E0M1X1
80:C5BF:E0M1X1,80:C5C1:E0M1X1
80:C5C1:E0M1X1,80:C5C3:E0M1X1
80:C5C3:E0M1X1,80:C5C6:E0M1X1
80:C5C6:E0M1X1,80:C5C9:E0M1X1
80:C5C9:E0M1X1,80:C5CB:E0M1X1
80:C5C9:E0M1X1,80:C5E2:E0M1X1
80:C5CB:E0M1X1,80:C5CE:E0M1X1
80:C5CE:E0M1X1,80:C5CF:E0M1X1
80:C5CF:E0M1X1,80:C5D0:E0M1X1
80:C5D0:E0M1X1,80:C5D1:E0M1X1
80:C5D1:E0M1X1,80:C5D2:E0M1X1
80:C5D2:E0M1X1,80:C5D5:E0M1X1
80:C5D5:E0M1X1,80:C5D6:E0M1X1
80:C5D6:E0M1X1,80:C5D9:E0M1X1
80:C5D9:E0M1X1,80:C5DC:E0M1X1
80:C5DC:E0M1X1,80:C5DF:E0M1X1
80:C5DF:E0M1X1,80:C5E2:E0M1X1
80:C5E2:E0M1X1,80:C5E3:E0M1X1
80:C5E3:E0M1X1,80:C5E5:E0M1X1
80:C5E5:E0M1X1,80:C5C3:E0M1X1
80:C5E5:E0M1X1,80:C5E7:E0M1X1
80:C5E7:E0M1X1,80:B9BF:E0M1X1
80:C5E7:E0M1X1,80:C362:E0M1X1
80:C5E8:E0M1X1,80:C5EB:E0M1X1
80:C5EB:E0M1X1,80:C5EE:E0M1X1
80:C5EE:E0M1X1,80:C5F0:E0M1X1
80:C5F0:E0M1X1,80:C5F3:E0M1X1
80:C5F3:E0M1X1,80:C5F6:E0M1X1
80:C5F6:E0M1X1,80:C5F9:E0M1X1
80:C5F9:E0M1X1,80:C42E:E0M1X1
80:C5F9:E0M1X1,80:C451:E0M1X1
80:C5F9:E0M1X1,80:C470:E0M1X1
80:C5F9:E0M1X1,80:C488:E0M1X1
80:C5F9:E0M1X1,80:C4C8:E0M1X1
80:C5F9:E0M1X1,80:C4EB:E0M1X1
80:C5F9:E0M1X1,80:C50A:E0M1X1
80:C5F9:E0M1X1,80:C522:E0M1X1
80:C662:E0M1X1,80:C665:E0M1X1
80:C665:E0M1X1,80:C668:E0M1X1
80:C668:E0M1X1,80:C66B:E0M1X1
80:C66B:E0M1X1,80:C66E:E0M1X1
80:C66E:E0M1X1,80:C670:E0M1X1
80:C66E:E0M1X1,80:C679:E0M1X1
80:C670:E0M1X1,80:C673:E0M1X1
80:C673:E0M1X1,80:C674:E0M1X1
80:C674:E0M1X1,80:C677:E0M1X1
80:C677:E0M1X1,80:C680:E0M1X1
80:C679:E0M1X1,80:C67C:E0M1X1
80:C67C:E0M1X1,80:C67D:E0M1X1
80:C67D:E0M1X1,80:C680:E0M1X1
80:C680:E0M1X1,80:C683:E0M1X1
80:C683:E0M1X1,80:C686:E0M1X1
80:C686:E0M1X1,80:C689:E0M1X1
80:C689:E0M1X1,80:C68C:E0M1X1
80:C68C:E0M1X1,80:C68E:E0M1X1
80:C68E:E0M1X1,80:C68F:E0M1X1
80:C68F:E0M1X1,80:C692:E0M1X1
80:C692:E0M1X1,80:C695:E0M1X1
80:C695:E0M1X1,80:C697:E0M1X1
80:C697:E0M1X1,80:C699:E0M1X1
80:C699:E0M1X1,80:C6A0:E0M1X1
80:C69C:E0M1X1,80:C69E:E0M1X1
80:C69E:E0M1X1,80:C6A0:E0M1X1
80:C6A0:E0M1X1,80:C6A3:E0M1X1
80:C6A3:E0M1X1,80:C6A6:E0M1X1
80:C6A6:E0M1X1,80:C6A9:E0M1X1
80:C6A9:E0M1X1,80:C6AC:E0M1X1
80:C6AC:E0M1X1,80:C6AF:E0M1X1
80:C6AF:E0M1X1,80:C6B1:E0M1X1
80:C6AF:E0M1X1,80:C6EB:E0M1X1
80:C6B1:E0M1X1,80:C6B4:E0M1X1
80:C6B4:E0M1X1,80:C6B6:E0M1X1
80:C6B4:E0M1X1,80:C6EB:E0M1X1
80:C6B6:E0M1X1,80:C6B9:E0M1X1
80:C6B9:E0M1X1,80:C6BB:E0M1X1
80:C6B9:E0M1X1,80:C6EB:E0M1X1
80:C6BB:E0M1X1,80:C6BE:E0M1X1
80:C6BE:E0M1X1,80:C6C1:E0M1X1
80:C6C1:E0M1X1,80:C6C3:E0M1X1
80:C6C1:E0M1X1,80:C6D3:E0M1X1
80:C6C3:E0M1X1,80:C6C5:E0M1X1
80:C6C3:E0M1X1,80:C6CD:E0M1X1
80:C6C5:E0M1X1,80:C6C8:E0M1X1
80:C6C8:E0M1X1,80:C6CB:E0M1X1
80:C6CB:E0M1X1,80:C6D3:E0M1X1
80:C6CD:E0M1X1,80:C6D0:E0M1X1
80:C6D0:E0M1X1,80:C6D3:E0M1X1
80:C6D3:E0M1X1,80:C6D6:E0M1X1
80:C6D6:E0M1X1,80:C6D9:E0M1X1
80:C6D9:E0M1X1,80:C6DB:E0M1X1
80:C6D9:E0M1X1,80:C6EB:E0M1X1
80:C6DB:E0M1X1,80:C6DD:E0M1X1
80:C6DB:E0M1X1,80:C6E5:E0M1X1
80:C6DD:E0M1X1,80:C6E0:E0M1X1
80:C6E0:E0M1X1,80:C6E3:E0M1X1
80:C6E3:E0M1X1,80:C6EB:E0M1X1
80:C6E5:E0M1X1,80:C6E8:E0M1X1
80:C6E8:E0M1X1,80:C6EB:E0M1X1
80:C6EB:E0M1X1,80:BA7A:E0M1X1
80:C6EB:E0M1X1,80:C69C:E0M1X1
80:C6EC:E0M1X1,80:C6ED:E0M1X1
80:C6ED:E0M1X1,80:C6EF:E0M1X1
80:C6EF:E0M1X1,80:C6F2:E0M1X1
80:C6F2:E0M1X1,80:C6F5:E0M1X1
80:C6F5:E0M1X1,80:C6F8:E0M1X1
80:C6F8:E0M1X1,80:C6FA:E0M1X1
80:C6F8:E0M1X1,80:C700:E0M1X1
80:C6FA:E0M1X1,80:C6FB:E0M1X1
80:C6FB:E0M1X1,80:C6FD:E0M1X1
80:C6FB:E0M1X1,80:C707:E0M1X1
80:C6FD:E0M1X1,80:C6FE:E0M1X1
80:C6FE:E0M1X1,80:C700:E0M1X1
80:C6FE:E0M1X1,80:C70A:E0M1X1
80:C700:E0M1X1,80:C703:E0M1X1
80:C703:E0M1X1,80:C705:E0M1X1
80:C705:E0M1X1,80:C707:E0M1X1
80:C705:E0M1X1,80:C70A:E0M1X1
80:C707:E0M1X1,80:C70A:E0M1X1
80:C70A:E0M1X1,80:C70B:E0M1X1
80:C70B:E0M1X1,80:B97E:E0M1X1
80:C70C:E0M1X1,80:C70E:E0M0X0
80:C70E:E0M0X0,80:C711:E0M0X0
80:C711:E0M0X0,80:C714:E0M0X0
80:C714:E0M0X0,80:C717:E0M0X0
80:C717:E0M0X0,80:C71A:E0M0X0
80:C71A:E0M0X0,80:C71B:E0M0X0
80:C71B:E0M0X0,80:C71C:E0M0X0
80:C71C:E0M0X0,80:C71F:E0M0X0
80:C71F:E0M0X0,80:C722:E0M0X0
80:C722:E0M0X0,80:C723:E0M0X0
80:C723:E0M0X0,80:C724:E0M0X0
80:C724:E0M0X0,80:C727:E0M0X0
80:C727:E0M0X0,80:C714:E0M0X0
80:C727:E0M0X0,80:C729:E0M0X0
80:C729:E0M0X0,80:C72C:E0M0X0
80:C72C:E0M0X0,80:C72F:E0M0X0
80:C72F:E0M0X0,80:C732:E0M0X0
80:C732:E0M0X0,80:C735:E0M0X0
80:C735:E0M0X0,80:C736:E0M0X0
80:C736:E0M0X0,80:C737:E0M0X0
80:C737:E0M0X0,80:C73A:E0M0X0
80:C73A:E0M0X0,80:C72F:E0M0X0
80:C73A:E0M0X0,80:C73C:E0M0X0
80:C73C:E0M0X0,80:C73F:E0M0X0
80:C73F:E0M0X0,80:C741:E0M1X1
80:C741:E0M1X1,80:C744:E0M1X1
80:C744:E0M1X1,80:C746:E0M1X1
80:C746:E0M1X1,80:C749:E0M1X1
80:C749:E0M1X1,80:C74B:E0M1X1
80:C74B:E0M1X1,80:C74E:E0M1X1
80:C74E:E0M1X1,80:B984:E0M1X1
80:C74F:E0M1X1,80:C751:E0M0X0
80:C751:E0M0X0,80:C754:E0M0X0
80:C754:E0M0X0,80:C756:E0M0X0
80:C754:E0M0X0,80:C77E:E0M0X0
80:C756:E0M0X0,80:C759:E0M0X0
80:C759:E0M0X0,80:C75C:E0M0X0
80:C75C:E0M0X0,80:C75F:E0M0X0
80:C75F:E0M0X0,80:C762:E0M0X0
80:C762:E0M0X0,80:C765:E0M0X0
80:C765:E0M0X0,80:C766:E0M0X0
80:C766:E0M0X0,80:C767:E0M0X0
80:C767:E0M0X0,80:C759:E0M0X0
80:C767:E0M0X0,80:C769:E0M0X0
80:C769:E0M0X0,80:C76C:E0M0X0
80:C76C:E0M0X0,80:C76F:E0M0X0
80:C76F:E0M0X0,80:C772:E0M0X0
80:C772:E0M0X0,80:C775:E0M0X0
80:C775:E0M0X0,80:C778:E0M0X0
80:C778:E0M0X0,80:C779:E0M0X0
80:C779:E0M0X0,80:C77A:E0M0X0
80:C77A:E0M0X0,80:C76C:E0M0X0
80:C77A:E0M0X0,80:C77C:E0M0X0
80:C77C:E0M0X0,80:C7A4:E0M0X0
80:C77E:E0M0X0,80:C781:E0M0X0
80:C781:E0M0X0,80:C784:E0M0X0
80:C784:E0M0X0,80:C787:E0M0X0
80:C787:E0M0X0,80:C78A:E0M0X0
80:C78A:E0M0X0,80:C78D:E0M0X0
80:C78D:E0M0X0,80:C78E:E0M0X0
80:C78E:E0M0X0,80:C78F:E0M0X0
80:C78F:E0M0X0,80:C781:E0M0X0
80:C78F:E0M0X0,80:C791:E0M0X0
80:C791:E0M0X0,80:C794:E0M0X0
80:C794:E0M0X0,80:C797:E0M0X0
80:C797:E0M0X0,80:C79A:E0M0X0
80:C79A:E0M0X0,80:C79D:E0M0X0
80:C79D:E0M0X0,80:C7A0:E0M0X0
80:C7A0:E0M0X0,80:C7A1:E0M0X0
80:C7A1:E0M0X0,80:C7A2:E0M0X0
80:C7A2:E0M0X0,80:C794:E0M0X0
80:C7A2:E0M0X0,80:C7A4:E0M0X0
80:C7A4:E0M0X0,80:C7A7:E0M0X0
80:C7A7:E0M0X0,80:C7AA:E0M0X0
80:C7AA:E0M0X0,80:C7AD:E0M0X0
80:C7AD:E0M0X0,80:C7AF:E0M1X1
80:C7AF:E0M1X1,80:BA21:E0M1X1
80:C7AF:E0M1X1,80:BA63:E0M1X1
80:C7AF:E0M1X1,80:BAA3:E0M1X1
80:C7AF:E0M1X1,80:BAD9:E0M1X1
80:C7B0:E0M1X1,80:C7B3:E0M1X1
80:C7B3:E0M1X1,80:C7B5:E0M0X0
80:C7B5:E0M0X0,80:C7B8:E0M0X0
80:C7B8:E0M0X0,80:C7BB:E0M0X0
80:C7BB:E0M0X0,80:C7BD:E0M0X0
80:C7BB:E0M0X0,80:C7D9:E0M0X0
80:C7BD:E0M0X0,80:C7BE:E0M0X0
80:C7BE:E0M0X0,80:D1C7:E0M0X0
80:C7C1:E0M0X0,80:C7C4:E0M0X0
80:C7C4:E0M0X0,80:C7C5:E0M0X0
80:C7C5:E0M0X0,80:C7C6:E0M0X0
80:C7C6:E0M0X0,80:C7C9:E0M0X0
80:C7C9:E0M0X0,80:C7CA:E0M0X0
80:C7CA:E0M0X0,80:C7CC:E0M1X1
80:C7CC:E0M1X1,80:C7CF:E0M1X1
80:C7CF:E0M1X1,80:C7E7:E0M1X1
80:C7D2:E0M1X1,80:C7D4:E0M1X1
80:C7D4:E0M1X1,80:C7D6:E0M1X1
80:C7D6:E0M1X1,80:BB5E:E0M1X1
80:C7D9:E0M0X0,80:C7DB:E0M1X1
80:C7D9:E0M1X1,80:C7DB:E0M1X1
80:C7DB:E0M1X1,80:C7DE:E0M1X1
80:C7DE:E0M1X1,80:8E52:E0M1X1
80:C7DE:E0M1X1,80:9BC2:E0M1X1
80:C7DF:E0M1X1,80:C7E0:E0M1X1
80:C7E0:E0M1X1,80:C7E1:E0M1X1
80:C7E1:E0M1X1,80:C7E2:E0M1X1
80:C7E2:E0M1X1,80:C7E7:E0M1X1
80:C7E5:E0M1X1,80:C7E6:E0M1X1
80:C7E6:E0M1X1,81:897F:E0M1X1
80:C7E6:E0M1X1,81:8BC7:E0M1X1
80:C7E7:E0M1X1,80:C7E8:E0M1X1
80:C7E8:E0M1X1,80:C7E9:E0M1X1
80:C7E9:E0M1X1,80:C7EB:E0M1X1
80:C7EB:E0M1X1,80:C7ED:E0M1X1
80:C7ED:E0M1X1,80:C7EF:E0M1X1
80:C7EF:E0M1X1,80:C7F1:E0M1X1
80:C7EF:E0M1X1,80:C800:E0M1X1
80:C7F1:E0M1X1,80:C7F4:E0M1X1
80:C7F4:E0M1X1,80:C7F7:E0M1X1
80:C7F7:E0M1X1,80:C7F9:E0M1X1
80:C7F9:E0M1X1,80:C7FC:E0M1X1
80:C7FC:E0M1X1,80:C7FE:E0M1X1
80:C7FE:E0M1X1,80:C82E:E0M1X1
80:C800:E0M1X1,80:C802:E0M1X1
80:C802:E0M1X1,80:C804:E0M1X1
80:C802:E0M1X1,80:C813:E0M1X1
80:C804:E0M1X1,80:C807:E0M1X1
80:C807:E0M1X1,80:C80A:E0M1X1
80:C80A:E0M1X1,80:C80C:E0M1X1
80:C80C:E0M1X1,80:C80F:E0M1X1
80:C80F:E0M1X1,80:C811:E0M1X1
80:C811:E0M1X1,80:C82E:E0M1X1
80:C813:E0M1X1,80:C815:E0M1X1
80:C815:E0M1X1,80:C817:E0M1X1
80:C815:E0M1X1,80:C826:E0M1X1
80:C817:E0M1X1,80:C81A:E0M1X1
80:C81A:E0M1X1,80:C81D:E0M1X1
80:C81D:E0M1X1,80:C81F:E0M1X1
80:C81F:E0M1X1,80:C822:E0M1X1
80:C822:E0M1X1,80:C824:E0M1X1
80:C824:E0M1X1,80:C82E:E0M1X1
80:C826:E0M1X1,80:C828:E0M1X1
80:C828:E0M1X1,80:C82A:E0M1X1
80:C82A:E0M1X1,80:C82C:E0M1X1
80:C82C:E0M1X1,80:C82E:E0M1X1
80:C82E:E0M1X1,80:C831:E0M1X1
80:C831:E0M1X1,80:C833:E0M1X1
80:C831:E0M1X1,80:C83D:E0M1X1
80:C833:E0M1X1,80:C835:E0M1X1
80:C835:E0M1X1,80:C836:E0M1X1
80:C836:E0M1X1,80:C838:E0M1X1
80:C838:E0M1X1,80:C839:E0M1X1
80:C839:E0M1X1,80:C83B:E0M1X1
80:C83B:E0M1X1,80:C83D:E0M1X1
80:C83D:E0M1X1,80:C83F:E0M1X1
80:C83F:E0M1X1,80:C841:E0M1X1
80:C83F:E0M1X1,80:C843:E0M1X1
80:C841:E0M1X1,80:C843:E0M1X1
80:C843:E0M1X1,80:C845:E0M1X1
80:C845:E0M1X1,80:C847:E0M1X1
80:C845:E0M1X1,80:C849:E0M1X1
80:C847:E0M1X1,80:C849:E0M1X1
80:C849:E0M1X1,80:C84B:E0M0X0
80:C84B:E0M0X0,80:C84D:E0M0X0
80:C84D:E0M0X0,80:C850:E0M0X0
80:C850:E0M0X0,80:C852:E0M0X0
80:C852:E0M0X0,80:C854:E0M0X0
80:C854:E0M0X0,80:C856:E0M0X0
80:C856:E0M0X0,80:C858:E0M0X0
80:C858:E0M0X0,80:C85B:E0M0X0
80:C85B:E0M0X0,80:C85D:E0M0X0
80:C85D:E0M0X0,80:C85F:E0M0X0
80:C85F:E0M0X0,80:C861:E0M0X0
80:C861:E0M0X0,80:C863:E0M1X1
80:C863:E0M1X1,80:C864:E0M1X1
80:C864:E0M1X1,80:C865:E0M1X1
80:C865:E0M1X1,80:95F2:E0M1X1
80:C865:E0M1X1,80:BB36:E0M1X1
80:C865:E0M1X1,80:C7D2:E0M1X1
80:C865:E0M1X1,80:C7E5:E0M1X1
80:C866:E0M1X1,80:C87D:E0M1X1
80:C869:E0M1X1,80:C86B:E0M0X0
80:C86B:E0M0X0,80:C8D2:E0M0X0
80:C86E:E0M0X0,80:C952:E0M0X0
80:C871:E0M0X0,80:D6C7:E0M0X0
80:C874:E0M0X0,80:CAE4:E0M0X0
80:C877:E0M0X0,80:CAAE:E0M0X0
80:C87A:E0M0X0,80:C87C:E0M1X1
80:C87C:E0M1X1,80:BA1E:E0M1X1
80:C87C:E0M1X1,80:BAC4:E0M1X1
80:C87D:E0M1X1,80:C880:E0M1X1
80:C880:E0M1X1,80:C881:E0M1X1
80:C881:E0M1X1,80:C882:E0M1X1
80:C882:E0M1X1,80:C883:E0M1X1
80:C883:E0M1X1,80:C886:E0M1X1
80:C886:E0M1X1,80:C889:E0M1X1
80:C889:E0M1X1,80:C88C:E0M1X1
80:C88C:E0M1X1,80:C88D:E0M1X1
80:C88D:E0M1X1,80:C88E:E0M1X1
80:C88E:E0M1X1,80:C88F:E0M1X1
80:C88F:E0M1X1,80:C892:E0M1X1
80:C892:E0M1X1,80:C895:E0M1X1
80:C895:E0M1X1,80:C898:E0M1X1
80:C898:E0M1X1,80:C899:E0M1X1
80:C899:E0M1X1,80:C89A:E0M1X1
80:C89A:E0M1X1,80:C89B:E0M1X1
80:C89B:E0M1X1,80:C89E:E0M1X1
80:C89E:E0M1X1,80:C8A0:E0M1X1
80:C8A0:E0M1X1,80:C8A2:E0M1X1
80:C8A0:E0M1X1,80:C8A4:E0M1X1
80:C8A2:E0M1X1,80:C8A3:E0M1X1
80:C8A3:E0M1X1,80:C8A4:E0M1X1
80:C8A4:E0M1X1,80:C8A7:E0M1X1
80:C8A7:E0M1X1,80:C8AA:E0M1X1
80:C8AA:E0M1X1,80:C8AB:E0M1X1
80:C8AB:E0M1X1,80:C8AC:E0M1X1
80:C8AC:E0M1X1,80:C8AD:E0M1X1
80:C8AD:E0M1X1,80:C8B0:E0M1X1
80:C8B0:E0M1X1,80:C8B3:E0M1X1
80:C8B3:E0M1X1,80:C8B6:E0M1X1
80:C8B6:E0M1X1,80:C8B7:E0M1X1
80:C8B7:E0M1X1,80:C8B8:E0M1X1
80:C8B8:E0M1X1,80:C8B9:E0M1X1
80:C8B9:E0M1X1,80:C8BC:E0M1X1
80:C8BC:E0M1X1,80:C8BF:E0M1X1
80:C8BF:E0M1X1,80:C8C2:E0M1X1
80:C8C2:E0M1X1,80:C8C3:E0M1X1
80:C8C3:E0M1X1,80:C8C4:E0M1X1
80:C8C4:E0M1X1,80:C8C5:E0M1X1
80:C8C5:E0M1X1,80:C8C8:E0M1X1
80:C8C8:E0M1X1,80:C8CA:E0M1X1
80:C8CA:E0M1X1,80:C8CC:E0M1X1
80:C8CA:E0M1X1,80:C8CE:E0M1X1
80:C8CC:E0M1X1,80:C8CD:E0M1X1
80:C8CD:E0M1X1,80:C8CE:E0M1X1
80:C8CE:E0M1X1,80:C8D1:E0M1X1
80:C8D1:E0M1X1,80:C869:E0M1X1
80:C8D1:E0M1X1,80:CD6B:E0M1X1
80:C8D2:E0M0X0,80:C8D5:E0M0X0
80:C8D5:E0M0X0,80:C8D7:E0M0X0
80:C8D5:E0M0X0,80:C903:E0M0X0
80:C8D7:E0M0X0,80:C8D9:E0M1X1
80:C8D9:E0M1X1,80:C8DC:E0M1X1
80:C8DC:E0M1X1,80:C8DD:E0M1X1
80:C8DD:E0M1X1,80:C8DF:E0M1X1
80:C8DF:E0M1X1,80:C8E2:E0M1X1
80:C8E2:E0M1X1,80:C8E3:E0M1X1
80:C8E3:E0M1X1,80:C8E4:E0M1X1
80:C8E4:E0M1X1,80:C8E6:E0M1X1
80:C8E6:E0M1X1,80:C904:E0M1X1
80:C8E9:E0M1X1,80:C8EB:E0M1X1
80:C8EB:E0M1X1,80:C8EC:E0M1X1
80:C8EC:E0M1X1,80:C8EE:E0M1X1
80:C8EE:E0M1X1,80:C904:E0M1X1
80:C8F1:E0M1X1,80:C8F3:E0M1X1
80:C8F3:E0M1X1,80:C8F4:E0M1X1
80:C8F4:E0M1X1,80:C8F6:E0M1X1
80:C8F6:E0M1X1,80:C904:E0M1X1
80:C8F9:E0M1X1,80:C8FB:E0M1X1
80:C8FB:E0M1X1,80:C8FC:E0M1X1
80:C8FC:E0M1X1,80:C8FE:E0M1X1
80:C8FE:E0M1X1,80:C904:E0M1X1
80:C901:E0M1X1,80:C903:E0M0X0
80:C903:E0M0X0,80:C86E:E0M0X0
80:C904:E0M1X1,80:C906:E0M1X1
80:C906:E0M1X1,80:C907:E0M1X1
80:C907:E0M1X1,80:C90A:E0M1X1
80:C90A:E0M1X1,80:C90C:E0M1X1
80:C90A:E0M1X1,80:C943:E0M1X1
80:C90C:E0M1X1,80:C90F:E0M1X1
80:C90F:E0M1X1,80:C911:E0M1X1
80:C90F:E0M1X1,80:C943:E0M1X1
80:C911:E0M1X1,80:C914:E0M1X1
80:C914:E0M1X1,80:C916:E0M1X1
80:C914:E0M1X1,80:C943:E0M1X1
80:C916:E0M1X1,80:C919:E0M1X1
80:C919:E0M1X1,80:C91A:E0M1X1
80:C91A:E0M1X1,80:C91C:E0M1X1
80:C91C:E0M1X1,80:C91D:E0M1X1
80:C91D:E0M1X1,80:C91E:E0M1X1
80:C91E:E0M1X1,80:C91F:E0M1X1
80:C91F:E0M1X1,80:C920:E0M1X1
80:C920:E0M1X1,80:C923:E0M1X1
80:C923:E0M1X1,80:C926:E0M1X1
80:C926:E0M1X1,80:C927:E0M1X1
80:C927:E0M1X1,80:C929:E0M1X1
80:C929:E0M1X1,80:C92A:E0M1X1
80:C92A:E0M1X1,80:C92C:E0M1X1
80:C92C:E0M1X1,80:C92F:E0M1X1
80:C92F:E0M1X1,80:C930:E0M1X1
80:C930:E0M1X1,80:C932:E0M1X1
80:C932:E0M1X1,80:C935:E0M1X1
80:C935:E0M1X1,80:C937:E0M1X1
80:C937:E0M1X1,80:C93A:E0M1X1
80:C93A:E0M1X1,80:C93D:E0M1X1
80:C93D:E0M1X1,80:C940:E0M1X1
80:C940:E0M1X1,80:C942:E0M1X1
80:C942:E0M1X1,80:C8E9:E0M1X1
80:C942:E0M1X1,80:C8F1:E0M1X1
80:C942:E0M1X1,80:C8F9:E0M1X1
80:C942:E0M1X1,80:C901:E0M1X1
80:C943:E0M1X1,80:C945:E0M1X1
80:C945:E0M1X1,80:C948:E0M1X1
80:C948:E0M1X1,80:C94B:E0M1X1
80:C94B:E0M1X1,80:C94D:E0M1X1
80:C94D:E0M1X1,80:C8E9:E0M1X1
80:C94D:E0M1X1,80:C8F1:E0M1X1
80:C94D:E0M1X1,80:C8F9:E0M1X1
80:C94D:E0M1X1,80:C901:E0M1X1
80:C952:E0M0X0,80:C955:E0M0X0
80:C955:E0M0X0,80:C958:E0M0X0
80:C958:E0M0X0,80:C95B:E0M0X0
80:C95B:E0M0X0,80:C98A:E0M0X0
80:C95E:E0M0X0,80:C961:E0M0X0
80:C961:E0M0X0,80:C964:E0M0X0
80:C964:E0M0X0,80:C967:E0M0X0
80:C967:E0M0X0,80:C98A:E0M0X0
80:C96A:E0M0X0,80:C96D:E0M0X0
80:C96D:E0M0X0,80:C970:E0M0X0
80:C970:E0M0X0,80:C973:E0M0X0
80:C973:E0M0X0,80:C976:E0M0X0
80:C976:E0M0X0,80:C978:E0M1X1
80:C978:E0M1X1,80:C97A:E0M1X1
80:C97A:E0M1X1,80:C97D:E0M1X1
80:C97D:E0M1X1,80:C97F:E0M1X1
80:C97F:E0M1X1,80:C982:E0M1X1
80:C982:E0M1X1,80:C984:E0M1X1
80:C984:E0M1X1,80:C987:E0M1X1
80:C987:E0M1X1,80:C989:E0M0X0
80:C989:E0M0X0,80:C871:E0M0X0
80:C989:E0M0X0,80:CD73:E0M0X0
80:C98A:E0M0X0,80:C98D:E0M0X0
80:C98D:E0M0X0,80:C990:E0M0X0
80:C990:E0M0X0,80:C992:E0M0X0
80:C990:E0M0X0,80:C995:E0M0X0
80:C992:E0M0X0,80:C995:E0M0X0
80:C995:E0M0X0,80:C997:E0M0X0
80:C997:E0M0X0,80:C99A:E0M0X0
80:C99A:E0M0X0,80:C99D:E0M0X0
80:C99D:E0M0X0,80:C99F:E0M0X0
80:C99D:E0M0X0,80:C9AF:E0M0X0
80:C99F:E0M0X0,80:C9A0:E0M0X0
80:C9A0:E0M0X0,80:C9A2:E0M0X0
80:C9A0:E0M0X0,80:C9A9:E0M0X0
80:C9A2:E0M0X0,80:C9A3:E0M0X0
80:C9A3:E0M0X0,80:C9A4:E0M0X0
80:C9A4:E0M0X0,80:C9A7:E0M0X0
80:C9A7:E0M0X0,80:C9B3:E0M0X0
80:C9A9:E0M0X0,80:C9AA:E0M0X0
80:C9AA:E0M0X0,80:C9AD:E0M0X0
80:C9AD:E0M0X0,80:C9B3:E0M0X0
80:C9AF:E0M0X0,80:C9B0:E0M0X0
80:C9B0:E0M0X0,80:C9B3:E0M0X0
80:C9B3:E0M0X0,80:C9B4:E0M0X0
80:C9B4:E0M0X0,80:C9B6:E0M0X0
80:C9B6:E0M0X0,80:C9B9:E0M0X0
80:C9B9:E0M0X0,80:C9BA:E0M0X0
80:C9BA:E0M0X0,80:C9BB:E0M0X0
80:C9BB:E0M0X0,80:C9BC:E0M0X0
80:C9BC:E0M0X0,80:C9BD:E0M0X0
80:C9BD:E0M0X0,80:C99A:E0M0X0
80:C9BD:E0M0X0,80:C9BF:E0M0X0
80:C9BF:E0M0X0,80:C95E:E0M0X0
80:C9BF:E0M0X0,80:C96A:E0M0X0
80:C9C0:E0M1X1,80:C9C2:E0M0X0
80:C9C2:E0M0X0,80:C9C5:E0M0X0
80:C9C5:E0M0X0,80:83A3:E0M0X0
80:C9C8:E0M0X0,80:C9CA:E0M1X1
80:C9CA:E0M1X1,80:C9CC:E0M1X1
80:C9CC:E0M1X1,80:C9CF:E0M1X1
80:C9CF:E0M1X1,80:C9D1:E0M0X0
80:C9D1:E0M0X0,80:C9D4:E0M0X0
80:C9D4:E0M0X0,80:C9D7:E0M0X0
80:C9D7:E0M0X0,80:C9DA:E0M0X0
80:C9DA:E0M0X0,80:C9DD:E0M0X0
80:C9DD:E0M0X0,80:CA3B:E0M0X0
80:C9E0:E0M0X0,80:C9E3:E0M0X0
80:C9E3:E0M0X0,80:C9E6:E0M0X0
80:C9E6:E0M0X0,80:C9E9:E0M0X0
80:C9E9:E0M0X0,80:C9EC:E0M0X0
80:C9EC:E0M0X0,80:C9ED:E0M0X0
80:C9ED:E0M0X0,80:C9F0:E0M0X0
80:C9F0:E0M0X0,80:CA3B:E0M0X0
80:C9F3:E0M0X0,80:C9F6:E0M0X0
80:C9F6:E0M0X0,80:C9F9:E0M0X0
80:C9F9:E0M0X0,80:C9FC:E0M0X0
80:C9FC:E0M0X0,80:C9FF:E0M0X0
80:C9FF:E0M0X0,80:CA3B:E0M0X0
80:CA02:E0M0X0,80:CA05:E0M0X0
80:CA05:E0M0X0,80:CA07:E0M0X0
80:CA05:E0M0X0,80:CA38:E0M0X0
80:CA07:E0M0X0,80:CA0A:E0M0X0
80:CA0A:E0M0X0,80:CA0D:E0M0X0
80:CA0D:E0M0X0,80:CA10:E0M0X0
80:CA10:E0M0X0,80:CA13:E0M0X0
80:CA13:E0M0X0,80:CA3B:E0M0X0
80:CA16:E0M0X0,80:CA19:E0M0X0
80:CA19:E0M0X0,80:CA1C:E0M0X0
80:CA1C:E0M0X0,80:CA1F:E0M0X0
80:CA1F:E0M0X0,80:CA22:E0M0X0
80:CA22:E0M0X0,80:CA23:E0M0X0
80:CA23:E0M0X0,80:CA26:E0M0X0
80:CA26:E0M0X0,80:CA3B:E0M0X0
80:CA29:E0M0X0,80:CA2C:E0M0X0
80:CA2C:E0M0X0,80:CA2F:E0M0X0
80:CA2F:E0M0X0,80:CA32:E0M0X0
80:CA32:E0M0X0,80:CA35:E0M0X0
80:CA35:E0M0X0,80:CA3B:E0M0X0
80:CA38:E0M0X0,80:CA3A:E0M1X1
80:CA3A:E0M1X1,80:B999:E0M1X1
80:CA3B:E0M0X0,80:CA3C:E0M0X0
80:CA3C:E0M0X0,80:CA3F:E0M0X0
80:CA3F:E0M0X0,80:CA42:E0M0X0
80:CA42:E0M0X0,80:CA43:E0M0X0
80:CA43:E0M0X0,80:CA44:E0M0X0
80:CA44:E0M0X0,80:CA45:E0M0X0
80:CA45:E0M0X0,80:CA48:E0M0X0
80:CA48:E0M0X0,80:CA4B:E0M0X0
80:CA4B:E0M0X0,80:CA4C:E0M0X0
80:CA4C:E0M0X0,80:CA4F:E0M0X0
80:CA4F:E0M0X0,80:CA50:E0M0X0
80:CA50:E0M0X0,80:CA53:E0M0X0
80:CA53:E0M0X0,80:CA54:E0M0X0
80:CA54:E0M0X0,80:CA57:E0M0X0
80:CA57:E0M0X0,80:CA5A:E0M0X0
80:CA5A:E0M0X0,80:CA5B:E0M0X0
80:CA5B:E0M0X0,80:CA5C:E0M0X0
80:CA5C:E0M0X0,80:CA5F:E0M0X0
80:CA5F:E0M0X0,80:CA62:E0M0X0
80:CA62:E0M0X0,80:CA63:E0M0X0
80:CA63:E0M0X0,80:CA66:E0M0X0
80:CA66:E0M0X0,80:C9E0:E0M0X0
80:CA66:E0M0X0,80:C9F3:E0M0X0
80:CA66:E0M0X0,80:CA02:E0M0X0
80:CA66:E0M0X0,80:CA16:E0M0X0
80:CA66:E0M0X0,80:CA29:E0M0X0
80:CA66:E0M0X0,80:CA38:E0M0X0
80:CA67:E0M0X0,80:CA69:E0M1X0
80:CA69:E0M1X0,80:CA6B:E0M1X0
80:CA6B:E0M1X0,80:CA6E:E0M1X0
80:CA6E:E0M1X0,80:CA71:E0M1X0
80:CA71:E0M1X0,80:CA74:E0M1X0
80:CA74:E0M1X0,80:CA77:E0M1X0
80:CA77:E0M1X0,80:CA79:E0M0X0
80:CA79:E0M0X0,80:CAD9:E0M0X0
80:CA7C:E0M0X0,80:CA7E:E0M0X0
80:CA7E:E0M0X0,80:CA80:E0M0X0
80:CA80:E0M0X0,80:CA83:E0M0X0
80:CA83:E0M0X0,80:CA92:E0M0X0
80:CA86:E0M0X0,80:CA89:E0M0X0
80:CA89:E0M0X0,80:CA8B:E0M0X0
80:CA89:E0M0X0,80:CA91:E0M0X0
80:CA8B:E0M0X0,80:CA8E:E0M0X0
80:CA8E:E0M0X0,80:CA92:E0M0X0
80:CA91:E0M0X0,80:CD7C:E0M0X0
80:CA92:E0M0X0,80:CA95:E0M0X0
80:CA95:E0M0X0,80:CA98:E0M0X0
80:CA98:E0M0X0,80:CA9B:E0M0X0
80:CA9B:E0M0X0,80:CA9E:E0M0X0
80:CA9E:E0M0X0,80:CAA1:E0M0X0
80:CAA1:E0M0X0,80:CAA4:E0M0X0
80:CAA4:E0M0X0,80:CAA7:E0M0X0
80:CAA7:E0M0X0,80:CAAA:E0M0X0
80:CAAA:E0M0X0,80:CAAD:E0M0X0
80:CAAD:E0M0X0,80:CA86:E0M0X0
80:CAAD:E0M0X0,80:CA91:E0M0X0
80:CAAE:E0M0X0,80:CAB0:E0M1X0
80:CAB0:E0M1X0,80:CAB3:E0M1X0
80:CAB3:E0M1X0,80:CAB6:E0M1X0
80:CAB6:E0M1X0,80:CAB8:E0M1X0
80:CAB6:E0M1X0,80:CAC2:E0M1X0
80:CAB8:E0M1X0,80:CABB:E0M1X0
80:CABB:E0M1X0,80:CABD:E0M0X0
80:CABD:E0M0X0,80:CAD9:E0M0X0
80:CAC0:E0M0X0,80:CAC2:E0M0X0
80:CAC2:E0M0X0,80:CAC4:E0M1X0
80:CAC2:E0M1X0,80:CAC4:E0M1X0
80:CAC4:E0M1X0,80:CAC7:E0M1X0
80:CAC7:E0M1X0,80:CACA:E0M1X0
80:CACA:E0M1X0,80:CACC:E0M1X0
80:CACA:E0M1X0,80:CAD6:E0M1X0
80:CACC:E0M1X0,80:CACF:E0M1X0
80:CACF:E0M1X0,80:CAD1:E0M0X0
80:CAD1:E0M0X0,80:CAD9:E0M0X0
80:CAD4:E0M0X0,80:CAD6:E0M0X0
80:CAD6:E0M0X0,80:CAD8:E0M0X0
80:CAD6:E0M1X0,80:CAD8:E0M0X0
80:CAD8:E0M0X0,80:C87A:E0M0X0
80:CAD9:E0M0X0,80:CADA:E0M0X0
80:CADA:E0M0X0,80:CADD:E0M0X0
80:CADD:E0M0X0,80:CADE:E0M0X0
80:CADE:E0M0X0,80:CADF:E0M0X0
80:CADF:E0M0X0,80:CAE2:E0M0X0
80:CAE2:E0M0X0,80:CAE3:E0M0X0
80:CAE3:E0M0X0,80:CA7C:E0M0X0
80:CAE3:E0M0X0,80:CAC0:E0M0X0
80:CAE3:E0M0X0,80:CAD4:E0M0X0
80:CAE3:E0M0X0,80:CB04:E0M0X0
80:CAE3:E0M0X0,80:CB11:E0M0X0
80:CAE3:E0M0X0,80:CB1A:E0M0X0
80:CAE3:E0M0X0,80:CB27:E0M0X0
80:CAE3:E0M0X0,80:CB30:E0M0X0
80:CAE4:E0M0X0,80:CAE7:E0M0X0
80:CAE7:E0M0X0,80:CAEA:E0M0X0
80:CAEA:E0M0X0,80:CAF3:E0M0X0
80:CAED:E0M0X0,80:CAF0:E0M0X0
80:CAF0:E0M0X0,80:CAF3:E0M0X0
80:CAF3:E0M0X0,80:CAF6:E0M0X0
80:CAF6:E0M0X0,80:CAF9:E0M0X0
80:CAF9:E0M0X0,80:CAFB:E0M0X0
80:CAF9:E0M0X0,80:CB33:E0M0X0
80:CAFB:E0M0X0,80:CB34:E0M0X0
80:CAFE:E0M0X0,80:CB01:E0M0X0
80:CB01:E0M0X0,80:CAD9:E0M0X0
80:CB04:E0M0X0,80:CB07:E0M0X0
80:CB07:E0M0X0,80:CB0A:E0M0X0
80:CB0A:E0M0X0,80:CB0B:E0M0X0
80:CB0B:E0M0X0,80:CB0C:E0M0X0
80:CB0C:E0M0X0,80:CB0D:E0M0X0
80:CB0D:E0M0X0,80:CB0E:E0M0X0
80:CB0E:E0M0X0,80:CAD9:E0M0X0
80:CB11:E0M0X0,80:CB14:E0M0X0
80:CB14:E0M0X0,80:CB17:E0M0X0
80:CB17:E0M0X0,80:CAD9:E0M0X0
80:CB1A:E0M0X0,80:CB1D:E0M0X0
80:CB1D:E0M0X0,80:CB20:E0M0X0
80:CB20:E0M0X0,80:CB21:E0M0X0
80:CB21:E0M0X0,80:CB22:E0M0X0
80:CB22:E0M0X0,80:CB23:E0M0X0
80:CB23:E0M0X0,80:CB24:E0M0X0
80:CB24:E0M0X0,80:CAD9:E0M0X0
80:CB27:E0M0X0,80:CB2A:E0M0X0
80:CB2A:E0M0X0,80:CB2D:E0M0X0
80:CB2D:E0M0X0,80:CAD9:E0M0X0
80:CB30:E0M0X0,80:CB33:E0M0X0
80:CB33:E0M0X0,80:C877:E0M0X0
80:CB33:E0M0X0,80:CAED:E0M0X0
80:CB33:E0M0X0,80:CD79:E0M0X0
80:CB34:E0M0X0,80:CB37:E0M0X0
80:CB37:E0M0X0,80:CB39:E0M0X0
80:CB37:E0M0X0,80:CB46:E0M0X0
80:CB39:E0M0X0,80:CB3C:E0M0X0
80:CB3C:E0M0X0,80:CB3F:E0M0X0
80:CB3F:E0M0X0,80:CB42:E0M0X0
80:CB42:E0M0X0,80:CB45:E0M0X0
80:CB45:E0M0X0,80:CAFE:E0M0X0
80:CB46:E0M0X0,80:CB49:E0M0X0
80:CB49:E0M0X0,80:CB4C:E0M0X0
80:CB4C:E0M0X0,80:CB4F:E0M0X0
80:CB4F:E0M0X0,80:CB52:E0M0X0
80:CB52:E0M0X0,80:CAFE:E0M0X0
80:CB53:E0M1X1,80:CB55:E0M0X0
80:CB55:E0M0X0,80:CB58:E0M0X0
80:CB58:E0M0X0,80:83A3:E0M0X0
80:CB5B:E0M0X0,80:CB5E:E0M0X0
80:CB5E:E0M0X0,80:CB61:E0M0X0
80:CB61:E0M0X0,80:A2E7:E0M0X0
80:CB64:E0M0X0,80:CB65:E0M0X0
80:CB65:E0M0X0,80:CB66:E0M0X0
80:CB66:E0M0X0,80:CB68:E0M1X1
80:CB68:E0M1X1,80:CB6A:E0M1X1
80:CB6A:E0M1X1,80:CB6D:E0M1X1
80:CB6D:E0M1X1,80:CB70:E0M1X1
80:CB70:E0M1X1,80:CB73:E0M1X1
80:CB73:E0M1X1,80:CB76:E0M1X1
80:CB76:E0M1X1,80:CB78:E0M1X1
80:CB78:E0M1X1,80:CB7B:E0M1X1
80:CB7B:E0M1X1,80:CB7E:E0M1X1
80:CB7E:E0M1X1,80:CB80:E0M1X1
80:CB80:E0M1X1,80:CB83:E0M1X1
80:CB83:E0M1X1,80:CB86:E0M1X1
80:CB86:E0M1X1,80:CB87:E0M1X1
80:CB87:E0M1X1,80:CB88:E0M1X1
80:CB88:E0M1X1,80:CB89:E0M1X1
80:CB89:E0M1X1,80:CB8A:E0M1X1
80:CB8A:E0M1X1,80:CB8C:E0M1X1
80:CB8C:E0M1X1,80:CB6A:E0M1X1
80:CB8C:E0M1X1,80:CB8E:E0M1X1
80:CB8E:E0M1X1,80:CB90:E0M1X1
80:CB90:E0M1X1,80:CB93:E0M1X1
80:CB93:E0M1X1,80:CB96:E0M1X1
80:CB96:E0M1X1,80:B98A:E0M1X1
80:CB97:E0M1X1,80:CB99:E0M1X1
80:CB99:E0M1X1,80:CB9B:E0M1X1
80:CB9B:E0M1X1,80:CB9E:E0M1X1
80:CB9E:E0M1X1,80:CBA0:E0M1X1
80:CB9E:E0M1X1,80:CBA5:E0M1X1
80:CBA0:E0M1X1,80:CBA3:E0M1X1
80:CBA3:E0M1X1,80:CBA5:E0M1X1
80:CBA3:E0M1X1,80:CBB0:E0M1X1
80:CBA5:E0M1X1,80:CBA7:E0M1X1
80:CBA7:E0M1X1,80:CBAA:E0M1X1
80:CBAA:E0M1X1,80:CBAD:E0M1X1
80:CBAD:E0M1X1,80:CC35:E0M1X1
80:CBB0:E0M1X1,80:CBB3:E0M1X1
80:CBB3:E0M1X1,80:CBB4:E0M1X1
80:CBB4:E0M1X1,80:CBB6:E0M1X1
80:CBB6:E0M1X1,80:CBB9:E0M1X1
80:CBB9:E0M1X1,80:CBBB:E0M1X1
80:CBBB:E0M1X1,80:CBBE:E0M1X1
80:CBBE:E0M1X1,80:CBBF:E0M1X1
80:CBBF:E0M1X1,80:CBC0:E0M1X1
80:CBC0:E0M1X1,80:CBC1:E0M1X1
80:CBC1:E0M1X1,80:CBC2:E0M1X1
80:CBC2:E0M1X1,80:CBC3:E0M1X1
80:CBC3:E0M1X1,80:CBC5:E0M1X1
80:CBC5:E0M1X1,80:CBC6:E0M1X1
80:CBC6:E0M1X1,80:CBC7:E0M1X1
80:CBC7:E0M1X1,80:D147:E0M1X1
80:CBCA:E0M1X1,80:CBCB:E0M1X1
80:CBCB:E0M1X1,80:CBCC:E0M1X1
80:CBCC:E0M1X1,80:CBCF:E0M1X1
80:CBCF:E0M1X1,80:CBD0:E0M1X1
80:CBD0:E0M1X1,80:CBD2:E0M1X1
80:CBD2:E0M1X1,80:CBD5:E0M1X1
80:CBD5:E0M1X1,80:CBD7:E0M1X1
80:CBD7:E0M1X1,80:CBDA:E0M1X1
80:CBDA:E0M1X1,80:CBDB:E0M1X1
80:CBDB:E0M1X1,80:CBDC:E0M1X1
80:CBDC:E0M1X1,80:CBDD:E0M1X1
80:CBDD:E0M1X1,80:CBDE:E0M1X1
80:CBDE:E0M1X1,80:CBDF:E0M1X1
80:CBDF:E0M1X1,80:CBE1:E0M1X1
80:CBE1:E0M1X1,80:CBE2:E0M1X1
80:CBE2:E0M1X1,80:CBE3:E0M1X1
80:CBE3:E0M1X1,80:D183:E0M1X1
80:CBE6:E0M1X1,80:CBE7:E0M1X1
80:CBE7:E0M1X1,80:CBE8:E0M1X1
80:CBE8:E0M1X1,80:CBEA:E0M1X1
80:CBEA:E0M1X1,80:CBED:E0M1X1
80:CBED:E0M1X1,80:CBEF:E0M1X1
80:CBED:E0M1X1,80:CBF3:E0M1X1
80:CBEF:E0M1X1,80:CBF1:E0M1X1
80:CBF1:E0M1X1,80:CBF3:E0M1X1
80:CBF3:E0M1X1,80:CBF6:E0M1X1
80:CBF6:E0M1X1,80:CBF8:E0M1X1
80:CBF8:E0M1X1,80:CBFB:E0M1X1
80:CBFB:E0M1X1,80:CBFD:E0M1X1
80:CBFD:E0M1X1,80:CBFF:E0M1X1
80:CBFF:E0M1X1,80:CC02:E0M1X1
80:CC02:E0M1X1,80:CC04:E0M1X1
80:CC04:E0M1X1,80:CC06:E0M1X1
80:CC06:E0M1X1,80:CC08:E0M0X1
80:CC08:E0M0X1,80:CC0A:E0M0X1
80:CC0A:E0M0X1,80:CC0B:E0M0X1
80:CC0B:E0M0X1,80:CC0D:E0M0X1
80:CC0D:E0M0X1,80:CC10:E0M0X1
80:CC10:E0M0X1,80:CC11:E0M0X1
80:CC11:E0M0X1,80:CC13:E0M0X1
80:CC13:E0M0X1,80:CC16:E0M0X1
80:CC16:E0M0X1,80:CC18:E0M0X1
80:CC16:E0M0X1,80:CC20:E0M0X1
80:CC18:E0M0X1,80:CC1B:E0M0X1
80:CC1B:E0M0X1,80:CC1D:E0M0X1
80:CC1B:E0M0X1,80:CC20:E0M0X1
80:CC1D:E0M0X1,80:CC20:E0M0X1
80:CC20:E0M0X1,80:CC22:E0M1X1
80:CC22:E0M1X1,80:CC25:E0M1X1
80:CC25:E0M1X1,80:CC28:E0M1X1
80:CC28:E0M1X1,80:CC29:E0M1X1
80:CC29:E0M1X1,80:CC2C:E0M1X1
80:CC2C:E0M1X1,80:CC2E:E0M1X1
80:CC2E:E0M1X1,80:CC2F:E0M1X1
80:CC2F:E0M1X1,80:CC32:E0M1X1
80:CC32:E0M1X1,80:CC35:E0M1X1
80:CC35:E0M1X1,80:CC36:E0M1X1
80:CC36:E0M1X1,80:CC37:E0M1X1
80:CC37:E0M1X1,80:CC38:E0M1X1
80:CC38:E0M1X1,80:CC39:E0M1X1
80:CC39:E0M1X1,80:CC3A:E0M1X1
80:CC3A:E0M1X1,80:CC3C:E0M1X1
80:CC3C:E0M1X1,80:CC3E:E0M1X1
80:CC3C:E0M1X1,80:CC41:E0M1X1
80:CC3E:E0M1X1,80:CB9B:E0M1X1
80:CC41:E0M1X1,80:B9D8:E0M1X1
80:CC41:E0M1X1,80:BAB8:E0M1X1
80:CC42:E0M0X0,80:CC45:E0M0X0
80:CC45:E0M0X0,80:CC47:E0M0X0
80:CC45:E0M0X0,80:CC78:E0M0X0
80:CC47:E0M0X0,80:CC4A:E0M0X0
80:CC4A:E0M0X0,80:CC4D:E0M0X0
80:CC4D:E0M0X0,80:CC99:E0M0X0
80:CC50:E0M0X0,80:CC53:E0M0X0
80:CC53:E0M0X0,80:CC55:E0M0X0
80:CC53:E0M0X0,80:CC5B:E0M0X0
80:CC55:E0M0X0,80:CC58:E0M0X0
80:CC58:E0M0X0,80:CC99:E0M0X0
80:CC5B:E0M0X0,80:CC5D:E0M1X1
80:CC5D:E0M1X1,80:CC5F:E0M1X1
80:CC5F:E0M1X1,80:CC62:E0M1X1
80:CC62:E0M1X1,80:CC65:E0M1X1
80:CC65:E0M1X1,80:CC68:E0M1X1
80:CC68:E0M1X1,80:CC6B:E0M1X1
80:CC6B:E0M1X1,80:CC6C:E0M1X1
80:CC6C:E0M1X1,80:CC6E:E0M1X1
80:CC6E:E0M1X1,80:CC5F:E0M1X1
80:CC6E:E0M1X1,80:CC70:E0M1X1
80:CC70:E0M1X1,80:CC73:E0M1X1
80:CC73:E0M1X1,80:CC76:E0M1X1
80:CC76:E0M1X1,80:CC78:E0M0X0
80:CC78:E0M0X0,80:CD70:E0M0X0
80:CC99:E0M0X0,80:CC9B:E0M0X0
80:CC9B:E0M0X0,80:CC9E:E0M0X0
80:CC9E:E0M0X0,80:CCA1:E0M0X0
80:CCA1:E0M0X0,80:CCF2:E0M0X0
80:CCA4:E0M0X0,80:CCA6:E0M0X0
80:CCA6:E0M0X0,80:CCA9:E0M0X0
80:CCA9:E0M0X0,80:CCAC:E0M0X0
80:CCAC:E0M0X0,80:CCF2:E0M0X0
80:CCAF:E0M0X0,80:CCB1:E0M0X0
80:CCB1:E0M0X0,80:CCB4:E0M0X0
80:CCB4:E0M0X0,80:CCB7:E0M0X0
80:CCB7:E0M0X0,80:CCF2:E0M0X0
80:CCBA:E0M0X0,80:CCBC:E0M0X0
80:CCBC:E0M0X0,80:CCBF:E0M0X0
80:CCBF:E0M0X0,80:CCC2:E0M0X0
80:CCC2:E0M0X0,80:CCF2:E0M0X0
80:CCC5:E0M0X0,80:CCC7:E0M0X0
80:CCC7:E0M0X0,80:CCCA:E0M0X0
80:CCCA:E0M0X0,80:CCCD:E0M0X0
80:CCCD:E0M0X0,80:CCF2:E0M0X0
80:CCD0:E0M0X0,80:CCD2:E0M0X0
80:CCD2:E0M0X0,80:CCD5:E0M0X0
80:CCD5:E0M0X0,80:CCD8:E0M0X0
80:CCD8:E0M0X0,80:CCF2:E0M0X0
80:CCDB:E0M0X0,80:CCDD:E0M0X0
80:CCDD:E0M0X0,80:CCE0:E0M0X0
80:CCE0:E0M0X0,80:CCE3:E0M0X0
80:CCE3:E0M0X0,80:CCF2:E0M0X0
80:CCE6:E0M0X0,80:CCE8:E0M0X0
80:CCE8:E0M0X0,80:CCEB:E0M0X0
80:CCEB:E0M0X0,80:CCEE:E0M0X0
80:CCEE:E0M0X0,80:CCF2:E0M0X0
80:CCF1:E0M0X0,80:CC50:E0M0X0
80:CCF1:E0M0X0,80:CC5B:E0M0X0
80:CCF2:E0M0X0,80:CCF4:E0M0X0
80:CCF4:E0M0X0,80:CCF7:E0M0X0
80:CCF7:E0M0X0,80:CCF8:E0M0X0
80:CCF8:E0M0X0,80:CCFB:E0M0X0
80:CCFB:E0M0X0,80:CCFD:E0M0X0
80:CCFD:E0M0X0,80:CD00:E0M0X0
80:CD00:E0M0X0,80:CD03:E0M0X0
80:CD03:E0M0X0,80:CD04:E0M0X0
80:CD04:E0M0X0,80:CD05:E0M0X0
80:CD05:E0M0X0,80:CD08:E0M0X0
80:CD08:E0M0X0,80:CD0B:E0M0X0
80:CD0B:E0M0X0,80:CD0C:E0M0X0
80:CD0C:E0M0X0,80:CD0D:E0M0X0
80:CD0D:E0M0X0,80:CD10:E0M0X0
80:CD10:E0M0X0,80:CD11:E0M0X0
80:CD11:E0M0X0,80:CD13:E0M0X0
80:CD13:E0M0X0,80:CCFD:E0M0X0
80:CD13:E0M0X0,80:CD15:E0M0X0
80:CD15:E0M0X0,80:CCA4:E0M0X0
80:CD15:E0M0X0,80:CCAF:E0M0X0
80:CD15:E0M0X0,80:CCBA:E0M0X0
80:CD15:E0M0X0,80:CCC5:E0M0X0
80:CD15:E0M0X0,80:CCD0:E0M0X0
80:CD15:E0M0X0,80:CCDB:E0M0X0
80:CD15:E0M0X0,80:CCE6:E0M0X0
80:CD15:E0M0X0,80:CCF1:E0M0X0
80:CD42:E0M0X0,80:CD45:E0M0X0
80:CD45:E0M0X0,80:83A3:E0M0X0
80:CD48:E0M0X0,80:CD4B:E0M0X0
80:CD4B:E0M0X0,80:83A3:E0M0X0
80:CD4E:E0M0X0,80:CD51:E0M0X0
80:CD51:E0M0X0,80:CD54:E0M0X0
80:CD54:E0M0X0,80:82FF:E0M0X0
80:CD57:E0M0X0,80:CD5A:E0M0X0
80:CD5A:E0M0X0,80:CD5D:E0M0X0
80:CD5D:E0M0X0,80:82FF:E0M0X0
80:CD60:E0M1X1,80:CD62:E0M0X0
80:CD62:E0M0X0,80:CD42:E0M0X0
80:CD65:E0M0X0,80:CD67:E0M1X1
80:CD67:E0M1X1,80:B993:E0M1X1
80:CD68:E0M1X1,80:C87D:E0M1X1
80:CD6B:E0M1X1,80:CD6D:E0M0X0
80:CD6D:E0M0X0,80:CC42:E0M0X0
80:CD70:E0M0X0,80:C952:E0M0X0
80:CD73:E0M0X0,80:D75B:E0M0X0
80:CD76:E0M0X0,80:CAE4:E0M0X0
80:CD79:E0M0X0,80:CA67:E0M0X0
80:CD7C:E0M0X0,80:CD7E:E0M1X1
80:CD7E:E0M1X1,80:B98D:E0M1X1
80:CD7F:E0M1X1,80:CD80:E0M1X1
80:CD80:E0M1X1,80:CD81:E0M1X1
80:CD81:E0M1X1,80:CD82:E0M1X1
80:CD82:E0M1X1,80:CD91:E0M1X1
80:CD85:E0M1X1,80:CD86:E0M1X1
80:CD86:E0M1X1,81:8ECE:E0M1X1
80:CD86:E0M1X1,81:8ED6:E0M1X1
80:CD86:E0M1X1,81:8EDE:E0M1X1
80:CD87:E0M1X1,80:CD88:E0M1X1
80:CD88:E0M1X1,80:CD89:E0M1X1
80:CD89:E0M1X1,80:CD8A:E0M1X1
80:CD8A:E0M1X1,80:CD8F:E0M1X1
80:CD8D:E0M1X1,80:CD8E:E0M1X1
80:CD8E:E0M1X1,81:90FD:E0M1X1
80:CD8E:E0M1X1,81:AFC1:E0M1X1
80:CD8E:E0M1X1,81:AFC7:E0M1X1
80:CD8E:E0M1X1,81:B39D:E0M1X1
80:CD8E:E0M1X1,81:B3A3:E0M1X1
80:CD8F:E0M1X1,80:CD91:E0M1X1
80:CD91:E0M1X1,80:CD93:E0M0X0
80:CD93:E0M0X0,80:CD96:E0M0X0
80:CD96:E0M0X0,80:CD98:E0M0X0
80:CD98:E0M0X0,80:CD99:E0M0X0
80:CD99:E0M0X0,80:CD9A:E0M0X0
80:CD9A:E0M0X0,80:CD9B:E0M0X0
80:CD9B:E0M0X0,80:CD9E:E0M0X0
80:CD9E:E0M0X0,80:CDA0:E0M0X0
80:CDA0:E0M0X0,80:CDA3:E0M0X0
80:CDA3:E0M0X0,80:CDA5:E0M0X0
80:CDA5:E0M0X0,80:CDA8:E0M0X0
80:CDA8:E0M0X0,80:CDAB:E0M0X0
80:CDAB:E0M0X0,80:CDAC:E0M0X0
80:CDAC:E0M0X0,80:CDAD:E0M0X0
80:CDAD:E0M0X0,80:CDAE:E0M0X0
80:CDAE:E0M0X0,80:CDAF:E0M0X0
80:CDAF:E0M0X0,80:CDB0:E0M0X0
80:CDB0:E0M0X0,80:CDB3:E0M0X0
80:CDB3:E0M0X0,80:CDB5:E0M0X0
80:CDB5:E0M0X0,80:CDB8:E0M0X0
80:CDB8:E0M0X0,80:CDBA:E0M0X0
80:CDBA:E0M0X0,80:CDBC:E0M0X0
80:CDBC:E0M0X0,80:CDBD:E0M0X0
80:CDBD:E0M0X0,80:CDBE:E0M0X0
80:CDBE:E0M0X0,80:CDC1:E0M0X0
80:CDC1:E0M0X0,80:CDB8:E0M0X0
80:CDC1:E0M0X0,80:CDC3:E0M0X0
80:CDC3:E0M0X0,80:CDC5:E0M0X0
80:CDC5:E0M0X0,80:CDC8:E0M0X0
80:CDC8:E0M0X0,80:CDCA:E0M0X0
80:CDC8:E0M0X0,80:CDCF:E0M0X0
80:CDCA:E0M0X0,80:CDCD:E0M0X0
80:CDCD:E0M0X0,80:CDD5:E0M0X0
80:CDCF:E0M0X0,80:CDD2:E0M0X0
80:CDD2:E0M0X0,80:CDD5:E0M0X0
80:CDD5:E0M0X0,80:CDD8:E0M0X0
80:CDD8:E0M0X0,80:CDD9:E0M0X0
80:CDD9:E0M0X0,80:CDDA:E0M0X0
80:CDDA:E0M0X0,80:CDDB:E0M0X0
80:CDDB:E0M0X0,80:CDDC:E0M0X0
80:CDDC:E0M0X0,80:CDDD:E0M0X0
80:CDDD:E0M0X0,80:CDE0:E0M0X0
80:CDE0:E0M0X0,80:CDE2:E0M0X0
80:CDE2:E0M0X0,80:CDE5:E0M0X0
80:CDE5:E0M0X0,80:CDE7:E0M0X0
80:CDE7:E0M0X0,80:CDE9:E0M0X0
80:CDE9:E0M0X0,80:CDEA:E0M0X0
80:CDEA:E0M0X0,80:CDEB:E0M0X0
80:CDEB:E0M0X0,80:CDEE:E0M0X0
80:CDEE:E0M0X0,80:CDE5:E0M0X0
80:CDEE:E0M0X0,80:CDF0:E0M0X0
80:CDF0:E0M0X0,80:CDF2:E0M0X0
80:CDF2:E0M0X0,80:CDF5:E0M0X0
80:CDF5:E0M0X0,80:CDF7:E0M0X0
80:CDF5:E0M0X0,80:CE09:E0M0X0
80:CDF7:E0M0X0,80:CDFA:E0M0X0
80:CDFA:E0M0X0,80:CDFC:E0M0X0
80:CDFC:E0M0X0,80:CDFD:E0M0X0
80:CDFD:E0M0X0,80:CE00:E0M0X0
80:CE00:E0M0X0,80:CE02:E0M0X0
80:CE02:E0M0X0,80:CE03:E0M0X0
80:CE03:E0M0X0,80:CE04:E0M0X0
80:CE04:E0M0X0,80:CE07:E0M0X0
80:CE07:E0M0X0,80:CDFA:E0M0X0
80:CE07:E0M0X0,80:CE09:E0M0X0
80:CE09:E0M0X0,80:CE0B:E0M1X1
80:CE0B:E0M1X1,80:8B3E:E0M1X1
80:CE0B:E0M1X1,80:9954:E0M1X1
80:CE0B:E0M1X1,80:9A67:E0M1X1
80:CE0B:E0M1X1,80:CD85:E0M1X1
80:CE0B:E0M1X1,80:CD8D:E0M1X1
80:CE0B:E0M1X1,80:CE4E:E0M1X1
80:CE0B:E0M1X1,80:CE53:E0M1X1
80:CE0B:E0M1X1,80:CE58:E0M1X1
80:CE0B:E0M1X1,80:CE5D:E0M1X1
80:CE10:E0M1X1,80:CE12:E0M0X0
80:CE12:E0M0X0,80:CE15:E0M0X0
80:CE15:E0M0X0,80:CE18:E0M0X0
80:CE18:E0M0X0,80:CE1B:E0M0X0
80:CE1B:E0M0X0,80:CE1E:E0M0X0
80:CE1E:E0M0X0,80:CE21:E0M0X0
80:CE21:E0M0X0,80:CE24:E0M0X0
80:CE24:E0M0X0,80:CE27:E0M0X0
80:CE27:E0M0X0,80:CE2A:E0M0X0
80:CE2A:E0M0X0,80:CE2D:E0M0X0
80:CE2D:E0M0X0,80:CE30:E0M0X0
80:CE30:E0M0X0,80:CE32:E0M0X0
80:CE30:E0M0X0,80:CE35:E0M0X0
80:CE32:E0M0X0,80:CE35:E0M0X0
80:CE35:E0M0X0,80:CE38:E0M0X0
80:CE38:E0M0X0,80:CE3B:E0M0X0
80:CE3B:E0M0X0,80:CE3E:E0M0X0
80:CE3E:E0M0X0,80:CE41:E0M0X0
80:CE41:E0M0X0,80:CE44:E0M0X0
80:CE44:E0M0X0,80:CE47:E0M0X0
80:CE47:E0M0X0,80:CE49:E0M1X1
80:CE49:E0M1X1,80:CE4B:E0M1X1
80:CE4B:E0M1X1,80:CD8F:E0M1X1
80:CE4E:E0M1X1,80:CE50:E0M1X1
80:CE50:E0M1X1,80:CD8F:E0M1X1
80:CE53:E0M1X1,80:CE55:E0M1X1
80:CE55:E0M1X1,80:CD8F:E0M1X1
80:CE58:E0M1X1,80:CE5A:E0M1X1
80:CE5A:E0M1X1,80:CD8F:E0M1X1
80:CE5D:E0M1X1,80:CE60:E0M1X1
80:CE60:E0M1X1,80:CE62:E0M1X1
80:CE62:E0M1X1,80:CE65:E0M1X1
80:CE65:E0M1X1,80:CE67:E0M1X1
80:CE67:E0M1X1,80:CE6A:E0M1X1
80:CE6A:E0M1X1,80:CE6D:E0M1X1
80:CE6D:E0M1X1,80:CE70:E0M1X1
80:CE70:E0M1X1,80:CE73:E0M1X1
80:CE73:E0M1X1,80:CE76:E0M1X1
80:CE76:E0M1X1,80:CE78:E0M1X1
80:CE78:E0M1X1,80:CE7B:E0M1X1
80:CE7B:E0M1X1,80:CE7C:E0M1X1
80:CE7C:E0M1X1,80:CE67:E0M1X1
80:CE7C:E0M1X1,80:CE7E:E0M1X1
80:CE7E:E0M1X1,80:B9CC:E0M1X1
80:CE7F:E0M1X1,80:CE81:E0M0X0
80:CE81:E0M0X0,80:CE84:E0M0X0
80:CE84:E0M0X0,80:CE86:E0M0X0
80:CE86:E0M0X0,80:CE87:E0M0X0
80:CE87:E0M0X0,80:CE89:E0M0X0
80:CE89:E0M0X0,80:CE8A:E0M0X0
80:CE8A:E0M0X0,80:CE8C:E0M0X0
80:CE8C:E0M0X0,80:CE8D:E0M0X0
80:CE8D:E0M0X0,80:CE8F:E0M0X0
80:CE8F:E0M0X0,80:CE91:E0M0X0
80:CE91:E0M0X0,80:CE92:E0M0X0
80:CE92:E0M0X0,80:CE95:E0M0X0
80:CE95:E0M0X0,80:CE97:E0M0X0
80:CE97:E0M0X0,80:CE99:E0M0X0
80:CE99:E0M0X0,80:CE9A:E0M0X0
80:CE9A:E0M0X0,80:CE9D:E0M0X0
80:CE9D:E0M0X0,80:CE9F:E0M0X0
80:CE9F:E0M0X0,80:CEA1:E0M0X0
80:CEA1:E0M0X0,80:CEA2:E0M0X0
80:CEA2:E0M0X0,80:CEA5:E0M0X0
80:CEA5:E0M0X0,80:CEA7:E0M0X0
80:CEA7:E0M0X0,80:CEA9:E0M0X0
80:CEA9:E0M0X0,80:CEAA:E0M0X0
80:CEAA:E0M0X0,80:CEAD:E0M0X0
80:CEAD:E0M0X0,80:CEAF:E0M0X0
80:CEAF:E0M0X0,80:CEB1:E0M0X0
80:CEB1:E0M0X0,80:CEB4:E0M0X0
80:CEB4:E0M0X0,80:CEB6:E0M0X0
80:CEB6:E0M0X0,80:CEB8:E0M0X0
80:CEB8:E0M0X0,80:CEBA:E0M0X0
80:CEB8:E0M0X0,80:CECA:E0M0X0
80:CEBA:E0M0X0,80:CEBC:E0M0X0
80:CEBC:E0M0X0,80:CEBE:E0M0X0
80:CEBE:E0M0X0,80:CEC0:E0M0X0
80:CEC0:E0M0X0,80:CEC2:E0M0X0
80:CEC2:E0M0X0,80:CEC4:E0M0X0
80:CEC4:E0M0X0,80:CEC6:E0M0X0
80:CEC6:E0M0X0,80:CEC8:E0M0X0
80:CEC8:E0M0X0,80:CECA:E0M0X0
80:CECA:E0M0X0,80:CECB:E0M0X0
80:CECB:E0M0X0,80:CECC:E0M0X0
80:CECC:E0M0X0,80:CECF:E0M0X0
80:CECF:E0M0X0,80:CEB4:E0M0X0
80:CECF:E0M0X0,80:CED1:E0M0X0
80:CED1:E0M0X0,80:CED3:E0M0X0
80:CED3:E0M0X0,80:CEAF:E0M0X0
80:CED3:E0M0X0,80:CED5:E0M0X0
80:CED5:E0M0X0,80:CED7:E0M1X1
80:CED7:E0M1X1,80:CED9:E0M1X1
80:CED9:E0M1X1,80:CEDB:E0M1X1
80:CEDB:E0M1X1,80:CEED:E0M1X1
80:CEDE:E0M1X1,80:CEE0:E0M1X1
80:CEE0:E0M1X1,80:CEED:E0M1X1
80:CEE3:E0M1X1,80:CEE5:E0M1X1
80:CEE5:E0M1X1,80:CEED:E0M1X1
80:CEE8:E0M1X1,80:CEEA:E0M1X1
80:CEEA:E0M1X1,80:CEED:E0M1X1
80:CEED:E0M1X1,80:CEEE:E0M1X1
80:CEEE:E0M1X1,80:CEF1:E0M1X1
80:CEF1:E0M1X1,80:CEF3:E0M1X1
80:CEF3:E0M1X1,80:CEF5:E0M1X1
80:CEF5:E0M1X1,80:CEF8:E0M1X1
80:CEF8:E0M1X1,80:CEFA:E0M1X1
80:CEFA:E0M1X1,80:CEFC:E0M1X1
80:CEFC:E0M1X1,80:CEFD:E0M1X1
80:CEFD:E0M1X1,80:CF00:E0M1X1
80:CF00:E0M1X1,80:CF01:E0M1X1
80:CF01:E0M1X1,80:CF02:E0M1X1
80:CF02:E0M1X1,80:CF03:E0M1X1
80:CF03:E0M1X1,80:CF15:E0M1X1
80:CF06:E0M1X1,80:CFC0:E0M1X1
80:CF09:E0M1X1,80:D041:E0M1X1
80:CF0C:E0M1X1,80:D0A2:E0M1X1
80:CF0F:E0M1X1,80:CF10:E0M1X1
80:CF10:E0M1X1,80:CF11:E0M1X1
80:CF11:E0M1X1,80:CF13:E0M1X1
80:CF13:E0M1X1,80:CF14:E0M1X1
80:CF14:E0M1X1,80:B9F0:E0M1X1
80:CF14:E0M1X1,80:BABB:E0M1X1
80:CF14:E0M1X1,80:CEDE:E0M1X1
80:CF14:E0M1X1,80:CEE3:E0M1X1
80:CF14:E0M1X1,80:CEE8:E0M1X1
80:CF15:E0M1X1,80:CF18:E0M1X1
80:CF18:E0M1X1,80:CF1A:E0M1X1
80:CF18:E0M1X1,80:CF6D:E0M1X1
80:CF1A:E0M1X1,80:CF1D:E0M1X1
80:CF1D:E0M1X1,80:CF1E:E0M1X1
80:CF1E:E0M1X1,80:CF21:E0M1X1
80:CF21:E0M1X1,80:CF24:E0M1X1
80:CF24:E0M1X1,80:CF27:E0M1X1
80:CF27:E0M1X1,80:CF28:E0M1X1
80:CF28:E0M1X1,80:CF2A:E0M1X1
80:CF2A:E0M1X1,80:CF2D:E0M1X1
80:CF2D:E0M1X1,80:CF2F:E0M1X1
80:CF2D:E0M1X1,80:CF33:E0M1X1
80:CF2F:E0M1X1,80:CF31:E0M1X1
80:CF31:E0M1X1,80:CF33:E0M1X1
80:CF33:E0M1X1,80:CF34:E0M1X1
80:CF34:E0M1X1,80:CF36:E0M1X1
80:CF36:E0M1X1,80:CF39:E0M1X1
80:CF39:E0M1X1,80:CF3C:E0M1X1
80:CF3C:E0M1X1,80:CF3F:E0M1X1
80:CF3F:E0M1X1,80:CF41:E0M1X1
80:CF3F:E0M1X1,80:CF43:E0M1X1
80:CF41:E0M1X1,80:CF43:E0M1X1
80:CF43:E0M1X1,80:CF46:E0M1X1
80:CF46:E0M1X1,80:CF47:E0M1X1
80:CF47:E0M1X1,80:CF4A:E0M1X1
80:CF4A:E0M1X1,80:CF4D:E0M1X1
80:CF4D:E0M1X1,80:CF50:E0M1X1
80:CF50:E0M1X1,80:CF51:E0M1X1
80:CF51:E0M1X1,80:CF53:E0M1X1
80:CF53:E0M1X1,80:CF56:E0M1X1
80:CF56:E0M1X1,80:CF58:E0M1X1
80:CF56:E0M1X1,80:CF5C:E0M1X1
80:CF58:E0M1X1,80:CF5A:E0M1X1
80:CF5A:E0M1X1,80:CF5C:E0M1X1
80:CF5C:E0M1X1,80:CF5D:E0M1X1
80:CF5D:E0M1X1,80:CF5F:E0M1X1
80:CF5F:E0M1X1,80:CF62:E0M1X1
80:CF62:E0M1X1,80:CF65:E0M1X1
80:CF65:E0M1X1,80:CF68:E0M1X1
80:CF68:E0M1X1,80:CF6A:E0M1X1
80:CF68:E0M1X1,80:CF6C:E0M1X1
80:CF6A:E0M1X1,80:CF6C:E0M1X1
80:CF6C:E0M1X1,80:CF06:E0M1X1
80:CF6D:E0M1X1,80:CF70:E0M1X1
80:CF70:E0M1X1,80:CF71:E0M1X1
80:CF71:E0M1X1,80:CF74:E0M1X1
80:CF74:E0M1X1,80:CF77:E0M1X1
80:CF77:E0M1X1,80:CF7A:E0M1X1
80:CF7A:E0M1X1,80:CF7D:E0M1X1
80:CF7D:E0M1X1,80:CF7E:E0M1X1
80:CF7E:E0M1X1,80:CF80:E0M1X1
80:CF80:E0M1X1,80:CF83:E0M1X1
80:CF83:E0M1X1,80:CF86:E0M1X1
80:CF86:E0M1X1,80:CF88:E0M1X1
80:CF86:E0M1X1,80:CF8C:E0M1X1
80:CF88:E0M1X1,80:CF8A:E0M1X1
80:CF8A:E0M1X1,80:CF8C:E0M1X1
80:CF8C:E0M1X1,80:CF8D:E0M1X1
80:CF8D:E0M1X1,80:CF8F:E0M1X1
80:CF8F:E0M1X1,80:CF92:E0M1X1
80:CF92:E0M1X1,80:CF94:E0M1X1
80:CF92:E0M1X1,80:CF96:E0M1X1
80:CF94:E0M1X1,80:CF96:E0M1X1
80:CF96:E0M1X1,80:CF99:E0M1X1
80:CF99:E0M1X1,80:CF9A:E0M1X1
80:CF9A:E0M1X1,80:CF9D:E0M1X1
80:CF9D:E0M1X1,80:CFA0:E0M1X1
80:CFA0:E0M1X1,80:CFA3:E0M1X1
80:CFA3:E0M1X1,80:CFA6:E0M1X1
80:CFA6:E0M1X1,80:CFA7:E0M1X1
80:CFA7:E0M1X1,80:CFA9:E0M1X1
80:CFA9:E0M1X1,80:CFAC:E0M1X1
80:CFAC:E0M1X1,80:CFAF:E0M1X1
80:CFAF:E0M1X1,80:CFB1:E0M1X1
80:CFAF:E0M1X1,80:CFB5:E0M1X1
80:CFB1:E0M1X1,80:CFB3:E0M1X1
80:CFB3:E0M1X1,80:CFB5:E0M1X1
80:CFB5:E0M1X1,80:CFB6:E0M1X1
80:CFB6:E0M1X1,80:CFB8:E0M1X1
80:CFB8:E0M1X1,80:CFBB:E0M1X1
80:CFBB:E0M1X1,80:CFBD:E0M1X1
80:CFBB:E0M1X1,80:CFBF:E0M1X1
80:CFBD:E0M1X1,80:CFBF:E0M1X1
80:CFBF:E0M1X1,80:CF06:E0M1X1
80:CFC0:E0M1X1,80:CFC3:E0M1X1
80:CFC3:E0M1X1,80:CFC5:E0M1X1
80:CFC3:E0M1X1,80:CFF6:E0M1X1
80:CFC5:E0M1X1,80:CFC8:E0M1X1
80:CFC8:E0M1X1,80:CFCB:E0M1X1
80:CFCB:E0M1X1,80:CFCE:E0M1X1
80:CFCE:E0M1X1,80:CFCF:E0M1X1
80:CFCF:E0M1X1,80:CFD1:E0M1X1
80:CFD1:E0M1X1,80:CFD4:E0M1X1
80:CFD4:E0M1X1,80:CFD7:E0M1X1
80:CFD7:E0M1X1,80:CFD9:E0M1X1
80:CFD9:E0M1X1,80:CFDB:E0M1X1
80:CFD9:E0M1X1,80:CFE9:E0M1X1
80:CFDB:E0M1X1,80:CFDC:E0M1X1
80:CFDC:E0M1X1,80:CFDE:E0M1X1
80:CFDE:E0M1X1,80:CFE1:E0M1X1
80:CFE1:E0M1X1,80:CFE4:E0M1X1
80:CFE4:E0M1X1,80:CFE7:E0M1X1
80:CFE7:E0M1X1,80:D025:E0M1X1
80:CFE9:E0M1X1,80:CFEB:E0M1X1
80:CFEB:E0M1X1,80:CFEE:E0M1X1
80:CFEE:E0M1X1,80:CFF1:E0M1X1
80:CFF1:E0M1X1,80:CFF4:E0M1X1
80:CFF4:E0M1X1,80:D025:E0M1X1
80:CFF6:E0M1X1,80:CFF9:E0M1X1
80:CFF9:E0M1X1,80:CFFA:E0M1X1
80:CFFA:E0M1X1,80:CFFC:E0M1X1
80:CFFC:E0M1X1,80:CFFF:E0M1X1
80:CFFF:E0M1X1,80:D002:E0M1X1
80:D002:E0M1X1,80:D005:E0M1X1
80:D005:E0M1X1,80:D008:E0M1X1
80:D008:E0M1X1,80:D00A:E0M1X1
80:D00A:E0M1X1,80:D00C:E0M1X1
80:D00A:E0M1X1,80:D01A:E0M1X1
80:D00C:E0M1X1,80:D00F:E0M1X1
80:D00F:E0M1X1,80:D012:E0M1X1
80:D012:E0M1X1,80:D013:E0M1X1
80:D013:E0M1X1,80:D015:E0M1X1
80:D015:E0M1X1,80:D018:E0M1X1
80:D018:E0M1X1,80:D025:E0M1X1
80:D01A:E0M1X1,80:D01C:E0M1X1
80:D01C:E0M1X1,80:D01F:E0M1X1
80:D01F:E0M1X1,80:D022:E0M1X1
80:D022:E0M1X1,80:D025:E0M1X1
80:D025:E0M1X1,80:D028:E0M1X1
80:D028:E0M1X1,80:D02B:E0M1X1
80:D02B:E0M1X1,80:D02E:E0M1X1
80:D02E:E0M1X1,80:D02F:E0M1X1
80:D02F:E0M1X1,80:D031:E0M1X1
80:D031:E0M1X1,80:D034:E0M1X1
80:D034:E0M1X1,80:D035:E0M1X1
80:D035:E0M1X1,80:D037:E0M1X1
80:D037:E0M1X1,80:D03A:E0M1X1
80:D03A:E0M1X1,80:D03D:E0M1X1
80:D03D:E0M1X1,80:D040:E0M1X1
80:D040:E0M1X1,80:CF09:E0M1X1
80:D041:E0M1X1,80:D044:E0M1X1
80:D044:E0M1X1,80:D047:E0M1X1
80:D047:E0M1X1,80:D04A:E0M1X1
80:D04A:E0M1X1,80:D04B:E0M1X1
80:D04B:E0M1X1,80:D04D:E0M1X1
80:D04D:E0M1X1,80:D050:E0M1X1
80:D050:E0M1X1,80:D053:E0M1X1
80:D053:E0M1X1,80:D055:E0M1X1
80:D055:E0M1X1,80:D058:E0M1X1
80:D058:E0M1X1,80:D05B:E0M1X1
80:D05B:E0M1X1,80:D05D:E0M1X1
80:D05D:E0M1X1,80:D060:E0M1X1
80:D060:E0M1X1,80:D063:E0M1X1
80:D063:E0M1X1,80:D065:E0M1X1
80:D065:E0M1X1,80:D068:E0M1X1
80:D068:E0M1X1,80:D06B:E0M1X1
80:D06B:E0M1X1,80:D06D:E0M1X1
80:D06D:E0M1X1,80:D070:E0M1X1
80:D070:E0M1X1,80:D073:E0M1X1
80:D073:E0M1X1,80:D076:E0M1X1
80:D076:E0M1X1,80:D078:E0M1X1
80:D076:E0M1X1,80:D07A:E0M1X1
80:D078:E0M1X1,80:D07A:E0M1X1
80:D07A:E0M1X1,80:D07D:E0M1X1
80:D07D:E0M1X1,80:D080:E0M1X1
80:D080:E0M1X1,80:D083:E0M1X1
80:D083:E0M1X1,80:D086:E0M1X1
80:D086:E0M1X1,80:D089:E0M1X1
80:D089:E0M1X1,80:D08C:E0M1X1
80:D08C:E0M1X1,80:D08F:E0M1X1
80:D08F:E0M1X1,80:D092:E0M1X1
80:D092:E0M1X1,80:D095:E0M1X1
80:D095:E0M1X1,80:D098:E0M1X1
80:D098:E0M1X1,80:D09B:E0M1X1
80:D09B:E0M1X1,80:D09E:E0M1X1
80:D09E:E0M1X1,80:D0A1:E0M1X1
80:D0A1:E0M1X1,80:CF0C:E0M1X1
80:D0A2:E0M1X1,80:D0A5:E0M1X1
80:D0A5:E0M1X1,80:D0A7:E0M1X1
80:D0A5:E0M1X1,80:D0F7:E0M1X1
80:D0A7:E0M1X1,80:D0AA:E0M1X1
80:D0AA:E0M1X1,80:D0AD:E0M1X1
80:D0AD:E0M1X1,80:D0AF:E0M1X1
80:D0AF:E0M1X1,80:D147:E0M1X1
80:D0B2:E0M1X1,80:D0B3:E0M1X1
80:D0B3:E0M1X1,80:D0B5:E0M1X1
80:D0B5:E0M1X1,80:D147:E0M1X1
80:D0B8:E0M1X1,80:D0B9:E0M1X1
80:D0B9:E0M1X1,80:D147:E0M1X1
80:D0BC:E0M1X1,80:D0BD:E0M1X1
80:D0BD:E0M1X1,80:D0C0:E0M1X1
80:D0C0:E0M1X1,80:D147:E0M1X1
80:D0C3:E0M1X1,80:D0C4:E0M1X1
80:D0C4:E0M1X1,80:D0C6:E0M1X1
80:D0C6:E0M1X1,80:D147:E0M1X1
80:D0C9:E0M1X1,80:D0CA:E0M1X1
80:D0CA:E0M1X1,80:D0CC:E0M1X1
80:D0CC:E0M1X1,80:D147:E0M1X1
80:D0CF:E0M1X1,80:D0D2:E0M1X1
80:D0D2:E0M1X1,80:D0D5:E0M1X1
80:D0D5:E0M1X1,80:D0D7:E0M1X1
80:D0D7:E0M1X1,80:D183:E0M1X1
80:D0DA:E0M1X1,80:D0DB:E0M1X1
80:D0DB:E0M1X1,80:D0DD:E0M1X1
80:D0DD:E0M1X1,80:D183:E0M1X1
80:D0E0:E0M1X1,80:D0E1:E0M1X1
80:D0E1:E0M1X1,80:D183:E0M1X1
80:D0E4:E0M1X1,80:D0E5:E0M1X1
80:D0E5:E0M1X1,80:D0E8:E0M1X1
80:D0E8:E0M1X1,80:D183:E0M1X1
80:D0EB:E0M1X1,80:D0EC:E0M1X1
80:D0EC:E0M1X1,80:D0EE:E0M1X1
80:D0EE:E0M1X1,80:D183:E0M1X1
80:D0F1:E0M1X1,80:D0F2:E0M1X1
80:D0F2:E0M1X1,80:D0F4:E0M1X1
80:D0F4:E0M1X1,80:D183:E0M1X1
80:D0F7:E0M1X1,80:D0FA:E0M1X1
80:D0FA:E0M1X1,80:D0FC:E0M1X1
80:D0FC:E0M1X1,80:D0FE:E0M1X1
80:D0FE:E0M1X1,80:D147:E0M1X1
80:D101:E0M1X1,80:D102:E0M1X1
80:D102:E0M1X1,80:D105:E0M1X1
80:D105:E0M1X1,80:D147:E0M1X1
80:D108:E0M1X1,80:D109:E0M1X1
80:D109:E0M1X1,80:D147:E0M1X1
80:D10C:E0M1X1,80:D10D:E0M1X1
80:D10D:E0M1X1,80:D10F:E0M1X1
80:D10F:E0M1X1,80:D147:E0M1X1
80:D112:E0M1X1,80:D113:E0M1X1
80:D113:E0M1X1,80:D115:E0M1X1
80:D115:E0M1X1,80:D147:E0M1X1
80:D118:E0M1X1,80:D119:E0M1X1
80:D119:E0M1X1,80:D11C:E0M1X1
80:D11C:E0M1X1,80:D147:E0M1X1
80:D11F:E0M1X1,80:D122:E0M1X1
80:D122:E0M1X1,80:D124:E0M1X1
80:D124:E0M1X1,80:D126:E0M1X1
80:D126:E0M1X1,80:D183:E0M1X1
80:D129:E0M1X1,80:D12A:E0M1X1
80:D12A:E0M1X1,80:D12D:E0M1X1
80:D12D:E0M1X1,80:D183:E0M1X1
80:D130:E0M1X1,80:D131:E0M1X1
80:D131:E0M1X1,80:D183:E0M1X1
80:D134:E0M1X1,80:D135:E0M1X1
80:D135:E0M1X1,80:D137:E0M1X1
80:D137:E0M1X1,80:D183:E0M1X1
80:D13A:E0M1X1,80:D13B:E0M1X1
80:D13B:E0M1X1,80:D13D:E0M1X1
80:D13D:E0M1X1,80:D183:E0M1X1
80:D140:E0M1X1,80:D141:E0M1X1
80:D141:E0M1X1,80:D144:E0M1X1
80:D144:E0M1X1,80:D183:E0M1X1
80:D147:E0M1X1,80:D149:E0M1X1
80:D149:E0M1X1,80:D14B:E0M1X1
80:D14B:E0M1X1,80:D14D:E0M1X1
80:D14D:E0M1X1,80:D14F:E0M1X1
80:D14F:E0M1X1,80:D151:E0M1X1
80:D151:E0M1X1,80:D152:E0M1X1
80:D152:E0M1X1,80:D154:E0M1X1
80:D154:E0M1X1,80:D155:E0M1X1
80:D155:E0M1X1,80:D156:E0M1X1
80:D156:E0M1X1,80:D157:E0M1X1
80:D157:E0M1X1,80:D158:E0M1X1
80:D158:E0M1X1,80:D159:E0M1X1
80:D159:E0M1X1,80:D15C:E0M1X1
80:D15C:E0M1X1,80:D15F:E0M1X1
80:D15F:E0M1X1,80:D162:E0M1X1
80:D162:E0M1X1,80:D164:E0M1X1
80:D164:E0M1X1,80:D166:E0M1X1
80:D164:E0M1X1,80:D16F:E0M1X1
80:D166:E0M1X1,80:D169:E0M1X1
80:D169:E0M1X1,80:D16C:E0M1X1
80:D16C:E0M1X1,80:D16F:E0M1X1
80:D16F:E0M1X1,80:D171:E0M1X1
80:D171:E0M1X1,80:D173:E0M1X1
80:D171:E0M1X1,80:D17C:E0M1X1
80:D173:E0M1X1,80:D176:E0M1X1
80:D176:E0M1X1,80:D179:E0M1X1
80:D179:E0M1X1,80:D17C:E0M1X1
80:D17C:E0M1X1,80:D17E:E0M1X1
80:D17E:E0M1X1,80:D180:E0M1X1
80:D180:E0M1X1,80:D182:E0M1X1
80:D182:E0M1X1,80:CBCA:E0M1X1
80:D182:E0M1X1,80:D0B2:E0M1X1
80:D182:E0M1X1,80:D0B8:E0M1X1
80:D182:E0M1X1,80:D0BC:E0M1X1
80:D182:E0M1X1,80:D0C3:E0M1X1
80:D182:E0M1X1,80:D0C9:E0M1X1
80:D182:E0M1X1,80:D0CF:E0M1X1
80:D182:E0M1X1,80:D101:E0M1X1
80:D182:E0M1X1,80:D108:E0M1X1
80:D182:E0M1X1,80:D10C:E0M1X1
80:D182:E0M1X1,80:D112:E0M1X1
80:D182:E0M1X1,80:D118:E0M1X1
80:D182:E0M1X1,80:D11F:E0M1X1
80:D183:E0M1X1,80:D185:E0M1X1
80:D185:E0M1X1,80:D187:E0M1X1
80:D187:E0M1X1,80:D189:E0M1X1
80:D189:E0M1X1,80:D18B:E0M1X1
80:D18B:E0M1X1,80:D18D:E0M1X1
80:D18D:E0M1X1,80:D18E:E0M1X1
80:D18E:E0M1X1,80:D190:E0M1X1
80:D190:E0M1X1,80:D191:E0M1X1
80:D191:E0M1X1,80:D192:E0M1X1
80:D192:E0M1X1,80:D193:E0M1X1
80:D193:E0M1X1,80:D194:E0M1X1
80:D194:E0M1X1,80:D195:E0M1X1
80:D195:E0M1X1,80:D198:E0M1X1
80:D198:E0M1X1,80:D19B:E0M1X1
80:D19B:E0M1X1,80:D19E:E0M1X1
80:D19E:E0M1X1,80:D1A0:E0M1X1
80:D1A0:E0M1X1,80:D1A2:E0M1X1
80:D1A0:E0M1X1,80:D1AB:E0M1X1
80:D1A2:E0M1X1,80:D1A5:E0M1X1
80:D1A5:E0M1X1,80:D1A8:E0M1X1
80:D1A8:E0M1X1,80:D1AB:E0M1X1
80:D1AB:E0M1X1,80:D1AD:E0M1X1
80:D1AD:E0M1X1,80:D1AF:E0M1X1
80:D1AD:E0M1X1,80:D1B8:E0M1X1
80:D1AF:E0M1X1,80:D1B2:E0M1X1
80:D1B2:E0M1X1,80:D1B5:E0M1X1
80:D1B5:E0M1X1,80:D1B8:E0M1X1
80:D1B8:E0M1X1,80:D1BA:E0M1X1
80:D1BA:E0M1X1,80:D1BC:E0M1X1
80:D1BC:E0M1X1,80:D1BE:E0M1X1
80:D1BE:E0M1X1,80:CBE6:E0M1X1
80:D1BE:E0M1X1,80:CF0F:E0M1X1
80:D1BE:E0M1X1,80:D0DA:E0M1X1
80:D1BE:E0M1X1,80:D0E0:E0M1X1
80:D1BE:E0M1X1,80:D0E4:E0M1X1
80:D1BE:E0M1X1,80:D0EB:E0M1X1
80:D1BE:E0M1X1,80:D0F1:E0M1X1
80:D1BE:E0M1X1,80:D129:E0M1X1
80:D1BE:E0M1X1,80:D130:E0M1X1
80:D1BE:E0M1X1,80:D134:E0M1X1
80:D1BE:E0M1X1,80:D13A:E0M1X1
80:D1BE:E0M1X1,80:D140:E0M1X1
80:D1BF:E0M0X0,80:D1C0:E0M0X0
80:D1C0:E0M0X0,80:D1C1:E0M0X0
80:D1C1:E0M0X0,80:D1C2:E0M0X0
80:D1C2:E0M0X0,80:D1C7:E0M0X0
80:D1C5:E0M0X0,80:D1C6:E0M0X0
80:D1C6:E0M0X0,81:857A:E0M0X0
80:D1C6:E0M0X0,81:864C:E0M0X0
80:D1C6:E0M0X0,81:896A:E0M0X0
80:D1C6:E0M0X0,81:8A87:E0M0X0
80:D1C6:E0M0X0,81:8BB0:E0M0X0
80:D1C7:E0M0X0,80:D1CA:E0M0X0
80:D1CA:E0M0X0,80:D1CD:E0M0X0
80:D1CD:E0M0X0,80:D1CF:E0M0X0
80:D1CD:E0M0X0,80:D1D1:E0M0X0
80:D1CF:E0M0X0,80:D1D0:E0M0X0
80:D1D0:E0M0X0,80:93EA:E0M0X0
80:D1D0:E0M0X0,80:946B:E0M0X0
80:D1D0:E0M0X0,80:94E7:E0M0X0
80:D1D0:E0M0X0,80:955F:E0M0X0
80:D1D0:E0M0X0,80:9FAB:E0M0X0
80:D1D0:E0M0X0,80:BB24:E0M0X0
80:D1D0:E0M0X0,80:C7C1:E0M0X0
80:D1D0:E0M0X0,80:D1C5:E0M0X0
80:D1D1:E0M0X0,80:D1D4:E0M0X0
80:D1D4:E0M0X0,80:D1D7:E0M0X0
80:D1D7:E0M0X0,80:D1D9:E0M0X0
80:D1D7:E0M0X0,80:D1DD:E0M0X0
80:D1D9:E0M0X0,80:D1DA:E0M0X0
80:D1DA:E0M0X0,80:D1DB:E0M0X0
80:D1DB:E0M0X0,80:D1D4:E0M0X0
80:D1DD:E0M0X0,80:D1DE:E0M0X0
80:D1DE:E0M0X0,80:93EA:E0M0X0
80:D1DE:E0M0X0,80:946B:E0M0X0
80:D1DE:E0M0X0,80:94E7:E0M0X0
80:D1DE:E0M0X0,80:955F:E0M0X0
80:D1DE:E0M0X0,80:9FAB:E0M0X0
80:D1DE:E0M0X0,80:BB24:E0M0X0
80:D1DE:E0M0X0,80:C7C1:E0M0X0
80:D1DE:E0M0X0,80:D1C5:E0M0X0
80:D216:E0M1X1,80:D218:E0M1X1
80:D218:E0M1X1,80:D21A:E0M1X1
80:D21A:E0M1X1,80:D2FB:E0M1X1
80:D21D:E0M1X1,80:D21F:E0M1X1
80:D21F:E0M1X1,80:D221:E0M1X1
80:D221:E0M1X1,80:D2FB:E0M1X1
80:D224:E0M1X1,80:D226:E0M1X1
80:D226:E0M1X1,80:D228:E0M1X1
80:D228:E0M1X1,80:D2FB:E0M1X1
80:D22B:E0M1X1,80:D22D:E0M1X1
80:D22D:E0M1X1,80:D22F:E0M1X1
80:D22F:E0M1X1,80:D2FB:E0M1X1
80:D232:E0M1X1,80:D234:E0M1X1
80:D234:E0M1X1,80:D237:E0M1X1
80:D237:E0M1X1,80:D239:E0M1X1
80:D239:E0M1X1,80:D23C:E0M1X1
80:D23C:E0M1X1,80:D23E:E0M1X1
80:D23E:E0M1X1,80:D240:E0M1X1
80:D240:E0M1X1,80:D2FB:E0M1X1
80:D243:E0M1X1,80:D245:E0M1X1
80:D245:E0M1X1,80:D247:E0M1X1
80:D247:E0M1X1,80:D2FB:E0M1X1
80:D24A:E0M1X1,80:D24C:E0M1X1
80:D24C:E0M1X1,80:D24E:E0M1X1
80:D24E:E0M1X1,80:D2FB:E0M1X1
80:D251:E0M1X1,80:D253:E0M1X1
80:D253:E0M1X1,80:D255:E0M1X1
80:D255:E0M1X1,80:D2FB:E0M1X1
80:D258:E0M1X1,80:D25A:E0M1X1
80:D25A:E0M1X1,80:D25D:E0M1X1
80:D25D:E0M1X1,80:D25F:E0M1X1
80:D25F:E0M1X1,80:D262:E0M1X1
80:D262:E0M1X1,80:D264:E0M1X1
80:D264:E0M1X1,80:D266:E0M1X1
80:D266:E0M1X1,80:D2FB:E0M1X1
80:D269:E0M1X1,80:D26B:E0M1X1
80:D26B:E0M1X1,80:D26D:E0M1X1
80:D26D:E0M1X1,80:D2FB:E0M1X1
80:D270:E0M1X1,80:D272:E0M1X1
80:D272:E0M1X1,80:D274:E0M1X1
80:D274:E0M1X1,80:D2FB:E0M1X1
80:D277:E0M1X1,80:D279:E0M1X1
80:D279:E0M1X1,80:D27B:E0M1X1
80:D27B:E0M1X1,80:D2FB:E0M1X1
80:D27E:E0M1X1,80:D280:E0M1X1
80:D280:E0M1X1,80:D283:E0M1X1
80:D283:E0M1X1,80:D285:E0M1X1
80:D285:E0M1X1,80:D288:E0M1X1
80:D288:E0M1X1,80:D28A:E0M1X1
80:D28A:E0M1X1,80:D28C:E0M1X1
80:D28C:E0M1X1,80:D2FB:E0M1X1
80:D28F:E0M1X1,80:D291:E0M1X1
80:D291:E0M1X1,80:D293:E0M1X1
80:D293:E0M1X1,80:D2FB:E0M1X1
80:D296:E0M1X1,80:D298:E0M1X1
80:D298:E0M1X1,80:D29A:E0M1X1
80:D29A:E0M1X1,80:D2FB:E0M1X1
80:D29D:E0M1X1,80:D29F:E0M1X1
80:D29F:E0M1X1,80:D2A1:E0M1X1
80:D2A1:E0M1X1,80:D2FB:E0M1X1
80:D2A4:E0M1X1,80:D2A6:E0M1X1
80:D2A6:E0M1X1,80:D2A9:E0M1X1
80:D2A9:E0M1X1,80:D2AB:E0M1X1
80:D2AB:E0M1X1,80:D2AE:E0M1X1
80:D2AE:E0M1X1,80:D2B0:E0M1X1
80:D2B0:E0M1X1,80:D2B2:E0M1X1
80:D2B2:E0M1X1,80:D2FB:E0M1X1
80:D2B5:E0M1X1,80:D2B7:E0M1X1
80:D2B7:E0M1X1,80:D2B9:E0M1X1
80:D2B9:E0M1X1,80:D2FB:E0M1X1
80:D2BC:E0M1X1,80:D2BE:E0M1X1
80:D2BE:E0M1X1,80:D2C0:E0M1X1
80:D2C0:E0M1X1,80:D2FB:E0M1X1
80:D2C3:E0M1X1,80:D2C5:E0M1X1
80:D2C5:E0M1X1,80:D2C7:E0M1X1
80:D2C7:E0M1X1,80:D2FB:E0M1X1
80:D2CA:E0M1X1,80:D2CC:E0M1X1
80:D2CC:E0M1X1,80:D2CF:E0M1X1
80:D2CF:E0M1X1,80:D2D1:E0M1X1
80:D2D1:E0M1X1,80:D2D4:E0M1X1
80:D2D4:E0M1X1,80:D2D6:E0M1X1
80:D2D6:E0M1X1,80:D2D8:E0M1X1
80:D2D8:E0M1X1,80:D2FB:E0M1X1
80:D2DB:E0M1X1,80:D2DD:E0M1X1
80:D2DD:E0M1X1,80:D2DF:E0M1X1
80:D2DF:E0M1X1,80:D2FB:E0M1X1
80:D2E2:E0M1X1,80:D2E4:E0M1X1
80:D2E4:E0M1X1,80:D2E6:E0M1X1
80:D2E6:E0M1X1,80:D2FB:E0M1X1
80:D2E9:E0M1X1,80:D2EB:E0M1X1
80:D2EB:E0M1X1,80:D2ED:E0M1X1
80:D2ED:E0M1X1,80:D2FB:E0M1X1
80:D2F0:E0M1X1,80:D2F2:E0M1X1
80:D2F2:E0M1X1,80:D2F5:E0M1X1
80:D2F5:E0M1X1,80:D2F7:E0M1X1
80:D2F7:E0M1X1,80:D2FA:E0M1X1
80:D2FA:E0M1X1,80:BAD3:E0M1X1
80:D2FB:E0M1X1,80:D2FE:E0M1X1
80:D2FE:E0M1X1,80:D300:E0M1X1
80:D2FE:E0M1X1,80:D343:E0M1X1
80:D300:E0M1X1,80:D356:E0M1X1
80:D303:E0M1X1,80:D305:E0M1X1
80:D305:E0M1X1,80:D306:E0M1X1
80:D306:E0M1X1,80:D308:E0M1X1
80:D308:E0M1X1,80:D30B:E0M1X1
80:D30B:E0M1X1,80:D30C:E0M1X1
80:D30C:E0M1X1,80:D30E:E0M1X1
80:D30E:E0M1X1,80:D310:E0M1X1
80:D310:E0M1X1,80:D313:E0M1X1
80:D313:E0M1X1,80:D315:E0M1X1
80:D315:E0M1X1,80:D318:E0M1X1
80:D318:E0M1X1,80:D3BB:E0M1X1
80:D31B:E0M1X1,80:D31D:E0M1X1
80:D31D:E0M1X1,80:D31E:E0M1X1
80:D31E:E0M1X1,80:D320:E0M1X1
80:D320:E0M1X1,80:D323:E0M1X1
80:D323:E0M1X1,80:D324:E0M1X1
80:D324:E0M1X1,80:D326:E0M1X1
80:D326:E0M1X1,80:D328:E0M1X1
80:D328:E0M1X1,80:D32B:E0M1X1
80:D32B:E0M1X1,80:D32D:E0M1X1
80:D32D:E0M1X1,80:D330:E0M1X1
80:D330:E0M1X1,80:D333:E0M1X1
80:D333:E0M1X1,80:D336:E0M1X1
80:D336:E0M1X1,80:D339:E0M1X1
80:D339:E0M1X1,80:D33C:E0M1X1
80:D33C:E0M1X1,80:D33F:E0M1X1
80:D33F:E0M1X1,80:D342:E0M1X1
80:D342:E0M1X1,80:D21D:E0M1X1
80:D342:E0M1X1,80:D224:E0M1X1
80:D342:E0M1X1,80:D22B:E0M1X1
80:D342:E0M1X1,80:D232:E0M1X1
80:D342:E0M1X1,80:D243:E0M1X1
80:D342:E0M1X1,80:D24A:E0M1X1
80:D342:E0M1X1,80:D251:E0M1X1
80:D342:E0M1X1,80:D258:E0M1X1
80:D342:E0M1X1,80:D269:E0M1X1
80:D342:E0M1X1,80:D270:E0M1X1
80:D342:E0M1X1,80:D277:E0M1X1
80:D342:E0M1X1,80:D27E:E0M1X1
80:D342:E0M1X1,80:D28F:E0M1X1
80:D342:E0M1X1,80:D296:E0M1X1
80:D342:E0M1X1,80:D29D:E0M1X1
80:D342:E0M1X1,80:D2A4:E0M1X1
80:D342:E0M1X1,80:D2B5:E0M1X1
80:D342:E0M1X1,80:D2BC:E0M1X1
80:D342:E0M1X1,80:D2C3:E0M1X1
80:D342:E0M1X1,80:D2CA:E0M1X1
80:D342:E0M1X1,80:D2DB:E0M1X1
80:D342:E0M1X1,80:D2E2:E0M1X1
80:D342:E0M1X1,80:D2E9:E0M1X1
80:D342:E0M1X1,80:D2F0:E0M1X1
80:D343:E0M1X1,80:D345:E0M1X1
80:D345:E0M1X1,80:D348:E0M1X1
80:D348:E0M1X1,80:D34B:E0M1X1
80:D34B:E0M1X1,80:D34C:E0M1X1
80:D34C:E0M1X1,80:D34E:E0M1X1
80:D34E:E0M1X1,80:D350:E0M1X1
80:D350:E0M1X1,80:D351:E0M1X1
80:D351:E0M1X1,80:D353:E0M1X1
80:D353:E0M1X1,80:D355:E0M1X1
80:D355:E0M1X1,80:D21D:E0M1X1
80:D355:E0M1X1,80:D224:E0M1X1
80:D355:E0M1X1,80:D22B:E0M1X1
80:D355:E0M1X1,80:D232:E0M1X1
80:D355:E0M1X1,80:D243:E0M1X1
80:D355:E0M1X1,80:D24A:E0M1X1
80:D355:E0M1X1,80:D251:E0M1X1
80:D355:E0M1X1,80:D258:E0M1X1
80:D355:E0M1X1,80:D269:E0M1X1
80:D355:E0M1X1,80:D270:E0M1X1
80:D355:E0M1X1,80:D277:E0M1X1
80:D355:E0M1X1,80:D27E:E0M1X1
80:D355:E0M1X1,80:D28F:E0M1X1
80:D355:E0M1X1,80:D296:E0M1X1
80:D355:E0M1X1,80:D29D:E0M1X1
80:D355:E0M1X1,80:D2A4:E0M1X1
80:D355:E0M1X1,80:D2B5:E0M1X1
80:D355:E0M1X1,80:D2BC:E0M1X1
80:D355:E0M1X1,80:D2C3:E0M1X1
80:D355:E0M1X1,80:D2CA:E0M1X1
80:D355:E0M1X1,80:D2DB:E0M1X1
80:D355:E0M1X1,80:D2E2:E0M1X1
80:D355:E0M1X1,80:D2E9:E0M1X1
80:D355:E0M1X1,80:D2F0:E0M1X1
80:D356:E0M1X1,80:D357:E0M1X1
80:D357:E0M1X1,80:D358:E0M1X1
80:D358:E0M1X1,80:D359:E0M1X1
80:D359:E0M1X1,80:D35A:E0M1X1
80:D35A:E0M1X1,80:D35D:E0M1X1
80:D35D:E0M1X1,80:D35E:E0M1X1
80:D35E:E0M1X1,80:D360:E0M1X1
80:D360:E0M1X1,80:D362:E0M0X0
80:D362:E0M0X0,80:D364:E0M0X0
80:D364:E0M0X0,80:D367:E0M0X0
80:D367:E0M0X0,80:D369:E0M0X0
80:D369:E0M0X0,80:D36A:E0M0X0
80:D36A:E0M0X0,80:D36D:E0M0X0
80:D36D:E0M0X0,80:D36E:E0M0X0
80:D36E:E0M0X0,80:D371:E0M0X0
80:D371:E0M0X0,80:D374:E0M0X0
80:D374:E0M0X0,80:D376:E0M0X0
80:D374:E0M0X0,80:D384:E0M0X0
80:D376:E0M0X0,80:D379:E0M0X0
80:D379:E0M0X0,80:D37B:E0M0X0
80:D379:E0M0X0,80:D384:E0M0X0
80:D37B:E0M0X0,80:D37D:E0M0X0
80:D37D:E0M0X0,80:D380:E0M0X0
80:D380:E0M0X0,80:D382:E0M0X0
80:D382:E0M0X0,80:D3B7:E0M0X0
80:D384:E0M0X0,80:D386:E0M0X0
80:D386:E0M0X0,80:D388:E0M1X1
80:D388:E0M1X1,80:D38B:E0M1X1
80:D38B:E0M1X1,80:D38C:E0M1X1
80:D38C:E0M1X1,80:D38E:E0M1X1
80:D38E:E0M1X1,80:D390:E0M0X0
80:D390:E0M0X0,80:D393:E0M0X0
80:D393:E0M0X0,80:D395:E0M0X0
80:D395:E0M0X0,80:D397:E0M0X0
80:D395:E0M0X0,80:D39D:E0M0X0
80:D397:E0M0X0,80:D398:E0M0X0
80:D398:E0M0X0,80:D39B:E0M0X0
80:D39B:E0M0X0,80:D3A1:E0M0X0
80:D39D:E0M0X0,80:D39E:E0M0X0
80:D39E:E0M0X0,80:D3A1:E0M0X0
80:D3A1:E0M0X0,80:D3A2:E0M0X0
80:D3A2:E0M0X0,80:D3A5:E0M0X0
80:D3A5:E0M0X0,80:D3A8:E0M0X0
80:D3A8:E0M0X0,80:D3AA:E0M0X0
80:D3A8:E0M0X0,80:D3B3:E0M0X0
80:D3AA:E0M0X0,80:D3AD:E0M0X0
80:D3AD:E0M0X0,80:D37B:E0M0X0
80:D3AD:E0M0X0,80:D3AF:E0M0X0
80:D3AF:E0M0X0,80:D3B1:E0M0X0
80:D3B1:E0M0X0,80:D3B7:E0M0X0
80:D3B3:E0M0X0,80:D3B5:E0M0X0
80:D3B5:E0M0X0,80:D3B7:E0M0X0
80:D3B7:E0M0X0,80:D3B9:E0M1X1
80:D3B9:E0M1X1,80:D3BA:E0M1X1
80:D3BA:E0M1X1,80:D303:E0M1X1
80:D3BB:E0M1X1,80:D3BC:E0M1X1
80:D3BC:E0M1X1,80:D3BD:E0M1X1
80:D3BD:E0M1X1,80:D3BE:E0M1X1
80:D3BE:E0M1X1,80:D3BF:E0M1X1
80:D3BF:E0M1X1,80:D3C2:E0M1X1
80:D3C2:E0M1X1,80:D3C3:E0M1X1
80:D3C3:E0M1X1,80:D3C5:E0M1X1
80:D3C5:E0M1X1,80:D3C7:E0M0X0
80:D3C7:E0M0X0,80:D3C9:E0M0X0
80:D3C9:E0M0X0,80:D3CC:E0M0X0
80:D3CC:E0M0X0,80:D3CE:E0M0X0
80:D3CE:E0M0X0,80:D3CF:E0M0X0
80:D3CF:E0M0X0,80:D3D2:E0M0X0
80:D3D2:E0M0X0,80:D3D3:E0M0X0
80:D3D3:E0M0X0,80:D3D6:E0M0X0
80:D3D6:E0M0X0,80:D3D9:E0M0X0
80:D3D9:E0M0X0,80:D3DB:E0M0X0
80:D3D9:E0M0X0,80:D3E0:E0M0X0
80:D3DB:E0M0X0,80:D3DE:E0M0X0
80:D3DE:E0M0X0,80:D3E0:E0M0X0
80:D3DE:E0M0X0,80:D3E9:E0M0X0
80:D3E0:E0M0X0,80:D3E2:E0M0X0
80:D3E2:E0M0X0,80:D3E5:E0M0X0
80:D3E5:E0M0X0,80:D3E7:E0M0X0
80:D3E7:E0M0X0,80:D41C:E0M0X0
80:D3E9:E0M0X0,80:D3EB:E0M0X0
80:D3EB:E0M0X0,80:D3ED:E0M1X1
80:D3ED:E0M1X1,80:D3F0:E0M1X1
80:D3F0:E0M1X1,80:D3F1:E0M1X1
80:D3F1:E0M1X1,80:D3F3:E0M1X1
80:D3F3:E0M1X1,80:D3F5:E0M0X0
80:D3F5:E0M0X0,80:D3F8:E0M0X0
80:D3F8:E0M0X0,80:D3FA:E0M0X0
80:D3FA:E0M0X0,80:D3FC:E0M0X0
80:D3FA:E0M0X0,80:D402:E0M0X0
80:D3FC:E0M0X0,80:D3FD:E0M0X0
80:D3FD:E0M0X0,80:D400:E0M0X0
80:D400:E0M0X0,80:D406:E0M0X0
80:D402:E0M0X0,80:D403:E0M0X0
80:D403:E0M0X0,80:D406:E0M0X0
80:D406:E0M0X0,80:D407:E0M0X0
80:D407:E0M0X0,80:D40A:E0M0X0
80:D40A:E0M0X0,80:D40D:E0M0X0
80:D40D:E0M0X0,80:D40F:E0M0X0
80:D40D:E0M0X0,80:D418:E0M0X0
80:D40F:E0M0X0,80:D412:E0M0X0
80:D412:E0M0X0,80:D3E0:E0M0X0
80:D412:E0M0X0,80:D414:E0M0X0
80:D414:E0M0X0,80:D416:E0M0X0
80:D416:E0M0X0,80:D41C:E0M0X0
80:D418:E0M0X0,80:D41A:E0M0X0
80:D41A:E0M0X0,80:D41C:E0M0X0
80:D41C:E0M0X0,80:D41E:E0M1X1
80:D41E:E0M1X1,80:D41F:E0M1X1
80:D41F:E0M1X1,80:D31B:E0M1X1
80:D420:E0M1X1,80:D422:E0M1X1
80:D422:E0M1X1,80:D444:E0M1X1
80:D425:E0M1X1,80:D427:E0M1X1
80:D427:E0M1X1,80:D444:E0M1X1
80:D42A:E0M1X1,80:D42C:E0M1X1
80:D42C:E0M1X1,80:D444:E0M1X1
80:D42F:E0M1X1,80:D431:E0M1X1
80:D431:E0M1X1,80:D444:E0M1X1
80:D434:E0M1X1,80:D436:E0M1X1
80:D436:E0M1X1,80:D439:E0M1X1
80:D439:E0M1X1,80:D5AD:E0M1X1
80:D43C:E0M1X1,80:D43E:E0M1X1
80:D43E:E0M1X1,80:D441:E0M1X1
80:D441:E0M1X1,80:D5AD:E0M1X1
80:D444:E0M1X1,80:D447:E0M1X1
80:D447:E0M1X1,80:D44A:E0M1X1
80:D44A:E0M1X1,80:D44D:E0M1X1
80:D44D:E0M1X1,80:D44F:E0M1X1
80:D44D:E0M1X1,80:D456:E0M1X1
80:D44F:E0M1X1,80:D451:E0M0X0
80:D451:E0M0X0,80:D459:E0M0X0
80:D454:E0M0X0,80:D456:E0M1X1
80:D456:E0M1X1,80:D5AD:E0M1X1
80:D459:E0M0X0,80:D45C:E0M0X0
80:D45C:E0M0X0,80:D45F:E0M0X0
80:D45F:E0M0X0,80:D461:E0M0X0
80:D45F:E0M0X0,80:D46A:E0M0X0
80:D461:E0M0X0,80:D464:E0M0X0
80:D464:E0M0X0,80:D467:E0M0X0
80:D467:E0M0X0,80:D469:E0M0X0
80:D467:E0M0X0,80:D46A:E0M0X0
80:D469:E0M0X0,80:D454:E0M0X0
80:D46A:E0M0X0,80:D46B:E0M0X0
80:D46B:E0M0X0,80:D46E:E0M0X0
80:D46E:E0M0X0,80:D471:E0M0X0
80:D471:E0M0X0,80:D474:E0M0X0
80:D474:E0M0X0,80:D476:E0M1X0
80:D476:E0M1X0,80:D479:E0M1X0
80:D479:E0M1X0,80:D47C:E0M1X0
80:D47C:E0M1X0,80:D47E:E0M0X0
80:D47E:E0M0X0,80:D481:E0M0X0
80:D481:E0M0X0,80:D484:E0M0X0
80:D484:E0M0X0,80:D486:E0M0X0
80:D484:E0M0X0,80:D48C:E0M0X0
80:D486:E0M0X0,80:D487:E0M0X0
80:D487:E0M0X0,80:D48A:E0M0X0
80:D48A:E0M0X0,80:D499:E0M0X0
80:D48C:E0M0X0,80:D48D:E0M0X0
80:D48D:E0M0X0,80:D490:E0M0X0
80:D490:E0M0X0,80:D493:E0M0X0
80:D493:E0M0X0,80:D494:E0M0X0
80:D494:E0M0X0,80:D495:E0M0X0
80:D495:E0M0X0,80:D496:E0M0X0
80:D496:E0M0X0,80:D499:E0M0X0
80:D499:E0M0X0,80:D49A:E0M0X0
80:D49A:E0M0X0,80:D4A5:E0M0X0
80:D49D:E0M0X0,80:D49E:E0M0X0
80:D49E:E0M0X0,80:D49F:E0M0X0
80:D49F:E0M0X0,80:D4A0:E0M0X0
80:D4A0:E0M0X0,80:D4A5:E0M0X0
80:D4A3:E0M0X0,80:D4A4:E0M0X0
80:D4A4:E0M0X0,81:90E9:E0M0X0
80:D4A4:E0M0X0,81:9123:E0M0X0
80:D4A4:E0M0X0,81:B5E4:E0M0X0
80:D4A4:E0M0X0,81:B601:E0M0X0
80:D4A5:E0M0X0,80:D4A7:E0M0X0
80:D4A7:E0M0X0,80:D4AA:E0M0X0
80:D4AA:E0M0X0,80:D4AC:E0M0X0
80:D4AC:E0M0X0,80:D53B:E0M0X0
80:D4AF:E0M0X0,80:D4B2:E0M0X0
80:D4B2:E0M0X0,80:D4B5:E0M0X0
80:D4B5:E0M0X0,80:D4B7:E0M0X0
80:D4B7:E0M0X0,80:D4BA:E0M0X0
80:D4BA:E0M0X0,80:D4BD:E0M0X0
80:D4BD:E0M0X0,80:D4BF:E0M0X0
80:D4BD:E0M0X0,80:D4D9:E0M0X0
80:D4BF:E0M0X0,80:D4C2:E0M0X0
80:D4C2:E0M0X0,80:D4C5:E0M0X0
80:D4C5:E0M0X0,80:D4C7:E0M0X0
80:D4C7:E0M0X0,80:D4CA:E0M0X0
80:D4CA:E0M0X0,80:D4CD:E0M0X0
80:D4CD:E0M0X0,80:D4CF:E0M0X0
80:D4CF:E0M0X0,80:D4D0:E0M0X0
80:D4D0:E0M0X0,80:D4D2:E0M0X0
80:D4D2:E0M0X0,80:D4D4:E0M0X0
80:D4D4:E0M0X0,80:D4D7:E0M0X0
80:D4D7:E0M0X0,80:D523:E0M0X0
80:D4D9:E0M0X0,80:D4DB:E0M0X0
80:D4DB:E0M0X0,80:D4DE:E0M0X0
80:D4DE:E0M0X0,80:D4DF:E0M0X0
80:D4DF:E0M0X0,80:D4E1:E0M0X0
80:D4E1:E0M0X0,80:D4E3:E0M0X0
80:D4E3:E0M0X0,80:D4E6:E0M0X0
80:D4E6:E0M0X0,80:D4E8:E0M0X0
80:D4E8:E0M0X0,80:D4EB:E0M0X0
80:D4EB:E0M0X0,80:D4EE:E0M0X0
80:D4EE:E0M0X0,80:D4F0:E0M0X0
80:D4F0:E0M0X0,80:D4F1:E0M0X0
80:D4F1:E0M0X0,80:D4F3:E0M0X0
80:D4F3:E0M0X0,80:D4F5:E0M0X0
80:D4F5:E0M0X0,80:D4F8:E0M0X0
80:D4F8:E0M0X0,80:D4FA:E0M0X0
80:D4FA:E0M0X0,80:D4FC:E0M1X0
80:D4FC:E0M1X0,80:D4FF:E0M1X0
80:D4FF:E0M1X0,80:D502:E0M1X0
80:D502:E0M1X0,80:D504:E0M1X0
80:D504:E0M1X0,80:D507:E0M1X0
80:D507:E0M1X0,80:D50A:E0M1X0
80:D50A:E0M1X0,80:D50C:E0M1X0
80:D50C:E0M1X0,80:D50F:E0M1X0
80:D50F:E0M1X0,80:D511:E0M0X0
80:D511:E0M0X0,80:D514:E0M0X0
80:D514:E0M0X0,80:D515:E0M0X0
80:D515:E0M0X0,80:D517:E0M0X0
80:D517:E0M0X0,80:D51A:E0M0X0
80:D51A:E0M0X0,80:D51D:E0M0X0
80:D51D:E0M0X0,80:D520:E0M0X0
80:D520:E0M0X0,80:D522:E0M0X0
80:D522:E0M0X0,80:D523:E0M0X0
80:D523:E0M0X0,80:D525:E0M1X0
80:D525:E0M1X0,80:D528:E0M1X0
80:D528:E0M1X0,80:D52B:E0M1X0
80:D52B:E0M1X0,80:D52D:E0M1X0
80:D52D:E0M1X0,80:D530:E0M1X0
80:D530:E0M1X0,80:D533:E0M1X0
80:D533:E0M1X0,80:D535:E0M1X0
80:D535:E0M1X0,80:D538:E0M1X0
80:D538:E0M1X0,80:D53A:E0M0X0
80:D53A:E0M0X0,80:D454:E0M0X0
80:D53A:E0M0X0,80:D4A3:E0M0X0
80:D53B:E0M0X0,80:D53D:E0M1X0
80:D53D:E0M1X0,80:D53F:E0M1X0
80:D53F:E0M1X0,80:D542:E0M1X0
80:D542:E0M1X0,80:D544:E0M1X0
80:D544:E0M1X0,80:D547:E0M1X0
80:D547:E0M1X0,80:D549:E0M0X0
80:D549:E0M0X0,80:D54A:E0M0X0
80:D54A:E0M0X0,80:D54B:E0M0X0
80:D54B:E0M0X0,80:D54C:E0M0X0
80:D54C:E0M0X0,80:D54F:E0M0X0
80:D54F:E0M0X0,80:D551:E0M0X0
80:D551:E0M0X0,80:D553:E0M1X0
80:D553:E0M1X0,80:D555:E0M1X0
80:D555:E0M1X0,80:D558:E0M1X0
80:D558:E0M1X0,80:D55A:E0M1X0
80:D55A:E0M1X0,80:D55D:E0M1X0
80:D55D:E0M1X0,80:D55F:E0M0X0
80:D55F:E0M0X0,80:D560:E0M0X0
80:D560:E0M0X0,80:D561:E0M0X0
80:D561:E0M0X0,80:D562:E0M0X0
80:D562:E0M0X0,80:D565:E0M0X0
80:D565:E0M0X0,80:D567:E0M0X0
80:D567:E0M0X0,80:D569:E0M1X0
80:D569:E0M1X0,80:D56B:E0M1X0
80:D56B:E0M1X0,80:D56E:E0M1X0
80:D56E:E0M1X0,80:D570:E0M1X0
80:D570:E0M1X0,80:D573:E0M1X0
80:D573:E0M1X0,80:D575:E0M0X0
80:D575:E0M0X0,80:D576:E0M0X0
80:D576:E0M0X0,80:D577:E0M0X0
80:D577:E0M0X0,80:D578:E0M0X0
80:D578:E0M0X0,80:D57B:E0M0X0
80:D57B:E0M0X0,80:D57C:E0M0X0
80:D57C:E0M0X0,80:D57E:E0M0X0
80:D57E:E0M0X0,80:D580:E0M0X0
80:D580:E0M0X0,80:D582:E0M0X0
80:D580:E0M0X0,80:D584:E0M0X0
80:D582:E0M0X0,80:D584:E0M0X0
80:D584:E0M0X0,80:D586:E0M1X0
80:D586:E0M1X0,80:D588:E0M1X0
80:D588:E0M1X0,80:D58B:E0M1X0
80:D58B:E0M1X0,80:D58D:E0M1X0
80:D58D:E0M1X0,80:D590:E0M1X0
80:D590:E0M1X0,80:D592:E0M0X0
80:D592:E0M0X0,80:D593:E0M0X0
80:D593:E0M0X0,80:D594:E0M0X0
80:D594:E0M0X0,80:D595:E0M0X0
80:D595:E0M0X0,80:D598:E0M0X0
80:D598:E0M0X0,80:D599:E0M0X0
80:D599:E0M0X0,80:D59B:E0M0X0
80:D59B:E0M0X0,80:D59D:E0M0X0
80:D59D:E0M0X0,80:D59F:E0M0X0
80:D59D:E0M0X0,80:D5A1:E0M0X0
80:D59F:E0M0X0,80:D5A1:E0M0X0
80:D5A1:E0M0X0,80:D4AF:E0M0X0
80:D5A2:E0M1X1,80:D5A4:E0M1X1
80:D5A4:E0M1X1,80:D5A7:E0M1X1
80:D5A7:E0M1X1,80:D5A9:E0M1X1
80:D5A9:E0M1X1,80:D5AC:E0M1X1
80:D5AC:E0M1X1,80:B9CF:E0M1X1
80:D5AC:E0M1X1,80:B9D5:E0M1X1
80:D5AC:E0M1X1,80:B9ED:E0M1X1
80:D5AC:E0M1X1,80:B9F6:E0M1X1
80:D5AC:E0M1X1,80:BAB5:E0M1X1
80:D5AC:E0M1X1,80:D425:E0M1X1
80:D5AC:E0M1X1,80:D42A:E0M1X1
80:D5AC:E0M1X1,80:D42F:E0M1X1
80:D5AC:E0M1X1,80:D434:E0M1X1
80:D5AC:E0M1X1,80:D43C:E0M1X1
80:D5AC:E0M1X1,80:D5FB:E0M1X1
80:D5AC:E0M1X1,80:D641:E0M1X1
80:D5AD:E0M1X1,80:D5AF:E0M1X1
80:D5AF:E0M1X1,80:D5B1:E0M1X1
80:D5AF:E0M1X1,80:D5C0:E0M1X1
80:D5B1:E0M1X1,80:D5B4:E0M1X1
80:D5B4:E0M1X1,80:D5B6:E0M1X1
80:D5B4:E0M1X1,80:D5C6:E0M1X1
80:D5B6:E0M1X1,80:D5B9:E0M1X1
80:D5B9:E0M1X1,80:D5BB:E0M1X1
80:D5B9:E0M1X1,80:D5CE:E0M1X1
80:D5BB:E0M1X1,80:D5BE:E0M1X1
80:D5BE:E0M1X1,80:D5C0:E0M1X1
80:D5BE:E0M1X1,80:D5CE:E0M1X1
80:D5C0:E0M1X1,80:D5C3:E0M1X1
80:D5C3:E0M1X1,80:D5C5:E0M1X1
80:D5C3:E0M1X1,80:D5CE:E0M1X1
80:D5C5:E0M1X1,80:B9CF:E0M1X1
80:D5C5:E0M1X1,80:B9D5:E0M1X1
80:D5C5:E0M1X1,80:B9ED:E0M1X1
80:D5C5:E0M1X1,80:B9F6:E0M1X1
80:D5C5:E0M1X1,80:BAB5:E0M1X1
80:D5C5:E0M1X1,80:D425:E0M1X1
80:D5C5:E0M1X1,80:D42A:E0M1X1
80:D5C5:E0M1X1,80:D42F:E0M1X1
80:D5C5:E0M1X1,80:D434:E0M1X1
80:D5C5:E0M1X1,80:D43C:E0M1X1
80:D5C6:E0M1X1,80:D5C8:E0M1X1
80:D5C8:E0M1X1,80:D5CB:E0M1X1
80:D5CB:E0M1X1,80:D5A2:E0M1X1
80:D5CE:E0M1X1,80:D5D1:E0M1X1
80:D5D1:E0M1X1,80:D5D4:E0M1X1
80:D5D4:E0M1X1,80:D5D6:E0M1X1
80:D5D6:E0M1X1,80:D5D8:E0M1X1
80:D5D8:E0M1X1,80:D5DB:E0M1X1
80:D5DB:E0M1X1,80:D5DC:E0M1X1
80:D5DC:E0M1X1,80:D5DE:E0M1X1
80:D5DE:E0M1X1,80:D5E0:E0M0X0
80:D5E0:E0M0X0,80:D5E3:E0M0X0
80:D5E3:E0M0X0,80:D5E5:E0M0X0
80:D5E5:E0M0X0,80:D5E6:E0M0X0
80:D5E6:E0M0X0,80:D5E8:E0M0X0
80:D5E8:E0M0X0,80:D5E9:E0M0X0
80:D5E9:E0M0X0,80:D5EC:E0M0X0
80:D5EC:E0M0X0,80:D5EF:E0M0X0
80:D5EF:E0M0X0,80:D5F1:E0M0X0
80:D5EF:E0M0X0,80:D5FF:E0M0X0
80:D5F1:E0M0X0,80:D5F4:E0M0X0
80:D5F4:E0M0X0,80:D5F6:E0M0X0
80:D5F4:E0M0X0,80:D60D:E0M0X0
80:D5F6:E0M0X0,80:D5F8:E0M1X1
80:D5F8:E0M1X1,80:D5A2:E0M1X1
80:D5FB:E0M1X1,80:D657:E0M1X1
80:D5FF:E0M0X0,80:D601:E0M1X1
80:D601:E0M1X1,80:D604:E0M1X1
80:D604:E0M1X1,80:D606:E0M1X1
80:D606:E0M1X1,80:D609:E0M1X1
80:D609:E0M1X1,80:D615:E0M1X1
80:D60D:E0M0X0,80:D60F:E0M1X1
80:D60F:E0M1X1,80:D612:E0M1X1
80:D612:E0M1X1,80:D615:E0M1X1
80:D615:E0M1X1,80:D618:E0M1X1
80:D618:E0M1X1,80:D619:E0M1X1
80:D619:E0M1X1,80:D61B:E0M1X1
80:D61B:E0M1X1,80:D61D:E0M0X0
80:D61D:E0M0X0,80:D620:E0M0X0
80:D620:E0M0X0,80:D622:E0M0X0
80:D622:E0M0X0,80:D624:E0M0X0
80:D622:E0M0X0,80:D62A:E0M0X0
80:D624:E0M0X0,80:D625:E0M0X0
80:D625:E0M0X0,80:D628:E0M0X0
80:D628:E0M0X0,80:D62E:E0M0X0
80:D62A:E0M0X0,80:D62B:E0M0X0
80:D62B:E0M0X0,80:D62E:E0M0X0
80:D62E:E0M0X0,80:D62F:E0M0X0
80:D62F:E0M0X0,80:D632:E0M0X0
80:D632:E0M0X0,80:D635:E0M0X0
80:D635:E0M0X0,80:D637:E0M0X0
80:D635:E0M0X0,80:D64D:E0M0X0
80:D637:E0M0X0,80:D63A:E0M0X0
80:D63A:E0M0X0,80:D63C:E0M0X0
80:D63A:E0M0X0,80:D643:E0M0X0
80:D63C:E0M0X0,80:D63E:E0M1X1
80:D63E:E0M1X1,80:D5A2:E0M1X1
80:D641:E0M1X1,80:D657:E0M1X1
80:D643:E0M0X0,80:D645:E0M1X1
80:D645:E0M1X1,80:D648:E0M1X1
80:D648:E0M1X1,80:D64B:E0M1X1
80:D64B:E0M1X1,80:D657:E0M1X1
80:D64D:E0M0X0,80:D64F:E0M1X1
80:D64F:E0M1X1,80:D652:E0M1X1
80:D652:E0M1X1,80:D654:E0M1X1
80:D654:E0M1X1,80:D657:E0M1X1
80:D657:E0M1X1,80:D65A:E0M1X1
80:D65A:E0M1X1,80:D65C:E0M1X1
80:D65C:E0M1X1,80:D65E:E0M1X1
80:D65E:E0M1X1,80:D661:E0M1X1
80:D661:E0M1X1,80:D662:E0M1X1
80:D662:E0M1X1,80:D664:E0M1X1
80:D664:E0M1X1,80:D666:E0M0X0
80:D666:E0M0X0,80:D669:E0M0X0
80:D669:E0M0X0,80:D66B:E0M0X0
80:D66B:E0M0X0,80:D66C:E0M0X0
80:D66C:E0M0X0,80:D66E:E0M0X0
80:D66E:E0M0X0,80:D66F:E0M0X0
80:D66F:E0M0X0,80:D672:E0M0X0
80:D672:E0M0X0,80:D675:E0M0X0
80:D675:E0M0X0,80:D677:E0M0X0
80:D675:E0M0X0,80:D67C:E0M0X0
80:D677:E0M0X0,80:D67A:E0M0X0
80:D67A:E0M0X0,80:D67C:E0M0X0
80:D67A:E0M0X0,80:D67F:E0M0X0
80:D67C:E0M0X0,80:D67F:E0M0X0
80:D67F:E0M0X0,80:D681:E0M1X1
80:D681:E0M1X1,80:D684:E0M1X1
80:D684:E0M1X1,80:D687:E0M1X1
80:D687:E0M1X1,80:D688:E0M1X1
80:D688:E0M1X1,80:D68A:E0M1X1
80:D68A:E0M1X1,80:D68C:E0M0X0
80:D68C:E0M0X0,80:D68F:E0M0X0
80:D68F:E0M0X0,80:D691:E0M0X0
80:D691:E0M0X0,80:D693:E0M0X0
80:D691:E0M0X0,80:D699:E0M0X0
80:D693:E0M0X0,80:D694:E0M0X0
80:D694:E0M0X0,80:D697:E0M0X0
80:D697:E0M0X0,80:D69D:E0M0X0
80:D699:E0M0X0,80:D69A:E0M0X0
80:D69A:E0M0X0,80:D69D:E0M0X0
80:D69D:E0M0X0,80:D69E:E0M0X0
80:D69E:E0M0X0,80:D6A1:E0M0X0
80:D6A1:E0M0X0,80:D6A4:E0M0X0
80:D6A4:E0M0X0,80:D6A6:E0M0X0
80:D6A4:E0M0X0,80:D6BC:E0M0X0
80:D6A6:E0M0X0,80:D6A9:E0M0X0
80:D6A9:E0M0X0,80:D6AB:E0M0X0
80:D6A9:E0M0X0,80:D6B3:E0M0X0
80:D6AB:E0M0X0,80:D6AD:E0M1X1
80:D6AD:E0M1X1,80:D6AF:E0M1X1
80:D6AF:E0M1X1,80:D6B2:E0M1X1
80:D6B2:E0M1X1,80:B9CF:E0M1X1
80:D6B2:E0M1X1,80:B9D5:E0M1X1
80:D6B2:E0M1X1,80:B9ED:E0M1X1
80:D6B2:E0M1X1,80:B9F6:E0M1X1
80:D6B2:E0M1X1,80:BAB5:E0M1X1
80:D6B2:E0M1X1,80:D425:E0M1X1
80:D6B2:E0M1X1,80:D42A:E0M1X1
80:D6B2:E0M1X1,80:D42F:E0M1X1
80:D6B2:E0M1X1,80:D434:E0M1X1
80:D6B2:E0M1X1,80:D43C:E0M1X1
80:D6B3:E0M0X0,80:D6B5:E0M1X1
80:D6B5:E0M1X1,80:D6B8:E0M1X1
80:D6B8:E0M1X1,80:D6BB:E0M1X1
80:D6BB:E0M1X1,80:B9CF:E0M1X1
80:D6BB:E0M1X1,80:B9D5:E0M1X1
80:D6BB:E0M1X1,80:B9ED:E0M1X1
80:D6BB:E0M1X1,80:B9F6:E0M1X1
80:D6BB:E0M1X1,80:BAB5:E0M1X1
80:D6BB:E0M1X1,80:D425:E0M1X1
80:D6BB:E0M1X1,80:D42A:E0M1X1
80:D6BB:E0M1X1,80:D42F:E0M1X1
80:D6BB:E0M1X1,80:D434:E0M1X1
80:D6BB:E0M1X1,80:D43C:E0M1X1
80:D6BC:E0M0X0,80:D6BE:E0M1X1
80:D6BE:E0M1X1,80:D6C1:E0M1X1
80:D6C1:E0M1X1,80:D6C3:E0M1X1
80:D6C3:E0M1X1,80:D6C6:E0M1X1
80:D6C6:E0M1X1,80:B9CF:E0M1X1
80:D6C6:E0M1X1,80:B9D5:E0M1X1
80:D6C6:E0M1X1,80:B9ED:E0M1X1
80:D6C6:E0M1X1,80:B9F6:E0M1X1
80:D6C6:E0M1X1,80:BAB5:E0M1X1
80:D6C6:E0M1X1,80:D425:E0M1X1
80:D6C6:E0M1X1,80:D42A:E0M1X1
80:D6C6:E0M1X1,80:D42F:E0M1X1
80:D6C6:E0M1X1,80:D434:E0M1X1
80:D6C6:E0M1X1,80:D43C:E0M1X1
80:D6C7:E0M0X0,80:D6CA:E0M0X0
80:D6CA:E0M0X0,80:D6DF:E0M0X0
80:D6CD:E0M0X0,80:D6D0:E0M0X0
80:D6D0:E0M0X0,80:D6DF:E0M0X0
80:D6D3:E0M0X0,80:D6D6:E0M0X0
80:D6D6:E0M0X0,80:D6DF:E0M0X0
80:D6D9:E0M0X0,80:D6DC:E0M0X0
80:D6DC:E0M0X0,80:D6DF:E0M0X0
80:D6DF:E0M0X0,80:D6E2:E0M0X0
80:D6E2:E0M0X0,80:D6E5:E0M0X0
80:D6E5:E0M0X0,80:D6E7:E0M0X0
80:D6E5:E0M0X0,80:D75A:E0M0X0
80:D6E7:E0M0X0,80:D6E8:E0M0X0
80:D6E8:E0M0X0,80:D6E9:E0M0X0
80:D6E9:E0M0X0,80:D6EA:E0M0X0
80:D6EA:E0M0X0,80:D6EC:E0M0X0
80:D6EC:E0M0X0,80:D6EF:E0M0X0
80:D6EF:E0M0X0,80:D6F2:E0M0X0
80:D6F2:E0M0X0,80:D6F4:E0M0X0
80:D6F2:E0M0X0,80:D6FB:E0M0X0
80:D6F4:E0M0X0,80:D6F7:E0M0X0
80:D6F7:E0M0X0,80:D6FA:E0M0X0
80:D6FA:E0M0X0,80:D6FB:E0M0X0
80:D6FB:E0M0X0,80:D6FC:E0M0X0
80:D6FC:E0M0X0,80:D6FF:E0M0X0
80:D6FF:E0M0X0,80:D702:E0M0X0
80:D702:E0M0X0,80:D705:E0M0X0
80:D705:E0M0X0,80:D707:E0M0X0
80:D705:E0M0X0,80:D75A:E0M0X0
80:D707:E0M0X0,80:D70A:E0M0X0
80:D70A:E0M0X0,80:D70D:E0M0X0
80:D70D:E0M0X0,80:D70F:E0M0X0
80:D70F:E0M0X0,80:D712:E0M0X0
80:D712:E0M0X0,80:D714:E0M0X0
80:D712:E0M0X0,80:D72A:E0M0X0
80:D714:E0M0X0,80:D717:E0M0X0
80:D717:E0M0X0,80:D718:E0M0X0
80:D718:E0M0X0,80:D71B:E0M0X0
80:D71B:E0M0X0,80:D71E:E0M0X0
80:D71E:E0M0X0,80:D721:E0M0X0
80:D721:E0M0X0,80:D724:E0M0X0
80:D724:E0M0X0,80:D725:E0M0X0
80:D725:E0M0X0,80:D728:E0M0X0
80:D728:E0M0X0,80:D73E:E0M0X0
80:D72A:E0M0X0,80:D72D:E0M0X0
80:D72D:E0M0X0,80:D72E:E0M0X0
80:D72E:E0M0X0,80:D731:E0M0X0
80:D731:E0M0X0,80:D734:E0M0X0
80:D734:E0M0X0,80:D737:E0M0X0
80:D737:E0M0X0,80:D73A:E0M0X0
80:D73A:E0M0X0,80:D73B:E0M0X0
80:D73B:E0M0X0,80:D73E:E0M0X0
80:D73E:E0M0X0,80:D73F:E0M0X0
80:D73F:E0M0X0,80:D740:E0M0X0
80:D740:E0M0X0,80:D741:E0M0X0
80:D741:E0M0X0,80:D742:E0M0X0
80:D742:E0M0X0,80:D743:E0M0X0
80:D743:E0M0X0,80:D744:E0M0X0
80:D744:E0M0X0,80:D745:E0M0X0
80:D745:E0M0X0,80:D748:E0M0X0
80:D748:E0M0X0,80:D74C:E0M0X0
80:D74C:E0M0X0,80:D74F:E0M0X0
80:D74F:E0M0X0,80:D753:E0M0X0
80:D753:E0M0X0,80:D756:E0M0X0
80:D756:E0M0X0,80:D75A:E0M0X0
80:D75A:E0M0X0,80:C874:E0M0X0
80:D75A:E0M0X0,80:D6CD:E0M0X0
80:D75A:E0M0X0,80:D6D3:E0M0X0
80:D75A:E0M0X0,80:D6D9:E0M0X0
80:D75B:E0M0X0,80:D75E:E0M0X0
80:D75E:E0M0X0,80:D761:E0M0X0
80:D761:E0M0X0,80:D764:E0M0X0
80:D764:E0M0X0,80:D767:E0M0X0
80:D767:E0M0X0,80:D76A:E0M0X0
80:D76A:E0M0X0,80:D76D:E0M0X0
80:D76D:E0M0X0,80:D770:E0M0X0
80:D770:E0M0X0,80:D771:E0M0X0
80:D771:E0M0X0,80:D772:E0M0X0
80:D772:E0M0X0,80:D775:E0M0X0
80:D775:E0M0X0,80:D776:E0M0X0
80:D776:E0M0X0,80:D777:E0M0X0
80:D777:E0M0X0,80:D778:E0M0X0
80:D778:E0M0X0,80:D77B:E0M0X0
80:D77B:E0M0X0,80:D761:E0M0X0
80:D77B:E0M0X0,80:D77D:E0M0X0
80:D77D:E0M0X0,80:D780:E0M0X0
80:D780:E0M0X0,80:D783:E0M0X0
80:D783:E0M0X0,80:D786:E0M0X0
80:D786:E0M0X0,80:D789:E0M0X0
80:D789:E0M0X0,80:D78C:E0M0X0
80:D78C:E0M0X0,80:CD76:E0M0X0
80:DC26:E0M0X0,80:DC27:E0M0X0
80:DC26:E0M1X1,80:DC27:E0M1X1
80:DC27:E0M0X0,80:DC29:E0M0X0
80:DC27:E0M1X1,80:DC29:E0M0X1
80:DC29:E0M0X0,80:DC2C:E0M0X0
80:DC29:E0M0X1,80:DC2C:E0M0X1
80:DC2C:E0M0X0,80:DC2E:E0M0X0
80:DC2C:E0M0X0,80:DC33:E0M0X0
80:DC2C:E0M0X1,80:DC2E:E0M0X1
80:DC2C:E0M0X1,80:DC33:E0M0X1
80:DC2E:E0M0X0,80:DC31:E0M0X0
80:DC2E:E0M0X1,80:DC31:E0M0X1
80:DC31:E0M0X0,80:DC32:E0M0X0
80:DC31:E0M0X1,80:DC32:E0M1X1
80:DC32:E0M0X0,80:9FC8:E0M0X0
80:DC32:E0M0X0,80:9FD9:E0M0X0
80:DC32:E0M0X0,80:DD3D:E0M0X0
80:DC32:E0M0X0,80:DD49:E0M0X0
80:DC32:E0M1X1,80:9F4E:E0M1X1
80:DC32:E0M1X1,80:B4C1:E0M1X1
80:DC32:E0M1X1,80:B4E8:E0M1X1
80:DC32:E0M1X1,80:B4F7:E0M1X1
80:DC32:E0M1X1,80:B54E:E0M1X1
80:DC32:E0M1X1,80:DF26:E0M1X1
80:DC33:E0M0X0,80:DC36:E0M0X0
80:DC33:E0M0X1,80:DC36:E0M0X1
80:DC36:E0M0X0,80:DC37:E0M0X0
80:DC36:E0M0X1,80:DC37:E0M0X1
80:DC37:E0M0X0,80:DC38:E0M0X0
80:DC37:E0M0X1,80:DC38:E0M0X1
80:DC38:E0M0X0,80:DC3B:E0M0X0
80:DC38:E0M0X1,80:DC3B:E0M0X1
80:DC3B:E0M0X0,80:DC3E:E0M0X0
80:DC3B:E0M0X1,80:DC3E:E0M0X1
80:DC3E:E0M0X0,80:DC41:E0M0X0
80:DC3E:E0M0X1,80:DC41:E0M0X1
80:DC41:E0M0X0,80:DC44:E0M0X0
80:DC41:E0M0X1,80:DC44:E0M0X1
80:DC44:E0M0X0,80:DC47:E0M0X0
80:DC44:E0M0X1,80:DC47:E0M0X1
80:DC47:E0M0X0,80:DC4A:E0M0X0
80:DC47:E0M0X1,80:DC4A:E0M0X1
80:DC4A:E0M0X0,80:DC4D:E0M0X0
80:DC4A:E0M0X1,80:DC4D:E0M0X1
80:DC4D:E0M0X0,80:DC50:E0M0X0
80:DC4D:E0M0X1,80:DC50:E0M0X1
80:DC50:E0M0X0,80:DC53:E0M0X0
80:DC50:E0M0X1,80:DC53:E0M0X1
80:DC53:E0M0X0,80:DC56:E0M0X0
80:DC53:E0M0X1,80:DC56:E0M0X1
80:DC56:E0M0X0,80:DC59:E0M0X0
80:DC56:E0M0X1,80:DC59:E0M0X1
80:DC59:E0M0X0,80:DC5C:E0M0X0
80:DC59:E0M0X1,80:DC5C:E0M0X1
80:DC5C:E0M0X0,80:DC5D:E0M0X0
80:DC5C:E0M0X1,80:DC5D:E0M1X1
80:DC5D:E0M0X0,80:9FC8:E0M0X0
80:DC5D:E0M0X0,80:9FD9:E0M0X0
80:DC5D:E0M0X0,80:DD3D:E0M0X0
80:DC5D:E0M0X0,80:DD49:E0M0X0
80:DC5D:E0M1X1,80:9F4E:E0M1X1
80:DC5D:E0M1X1,80:B4C1:E0M1X1
80:DC5D:E0M1X1,80:B4E8:E0M1X1
80:DC5D:E0M1X1,80:B4F7:E0M1X1
80:DC5D:E0M1X1,80:B54E:E0M1X1
80:DC5D:E0M1X1,80:DF26:E0M1X1
80:DC5E:E0M1X1,80:DC61:E0M1X1
80:DC61:E0M1X1,80:DC64:E0M1X1
80:DC64:E0M1X1,80:DC67:E0M1X1
80:DC67:E0M1X1,80:DC6A:E0M1X1
80:DC6A:E0M1X1,80:DC6D:E0M1X1
80:DC6D:E0M1X1,80:DC70:E0M1X1
80:DC70:E0M1X1,80:DC73:E0M1X1
80:DC73:E0M1X1,80:DC76:E0M1X1
80:DC76:E0M1X1,80:DC79:E0M1X1
80:DC79:E0M1X1,80:DC7C:E0M1X1
80:DC7C:E0M1X1,80:8063:E0M1X1
80:DC7C:E0M1X1,80:8074:E0M1X1
80:DC7D:E0M1X1,80:DC7E:E0M1X1
80:DC7E:E0M1X1,80:DC80:E0M0X0
80:DC80:E0M0X0,80:DC83:E0M0X0
80:DC83:E0M0X0,80:DC86:E0M0X0
80:DC86:E0M0X0,80:DC80:E0M0X0
80:DC86:E0M0X0,80:DC88:E0M0X0
80:DC88:E0M0X0,80:DC8B:E0M0X0
80:DC8B:E0M0X0,80:DC8D:E0M0X0
80:DC8B:E0M0X0,80:DCBD:E0M0X0
80:DC8D:E0M0X0,80:DC90:E0M0X0
80:DC90:E0M0X0,80:DC93:E0M0X0
80:DC93:E0M0X0,80:DC96:E0M0X0
80:DC96:E0M0X0,80:DC99:E0M0X0
80:DC99:E0M0X0,80:DC9C:E0M0X0
80:DC9C:E0M0X0,80:DC9F:E0M0X0
80:DC9F:E0M0X0,80:DCA2:E0M0X0
80:DCA2:E0M0X0,80:DCA5:E0M0X0
80:DCA5:E0M0X0,80:DCA8:E0M0X0
80:DCA8:E0M0X0,80:DCAB:E0M0X0
80:DCAB:E0M0X0,80:DCAE:E0M0X0
80:DCAE:E0M0X0,80:DCB1:E0M0X0
80:DCB1:E0M0X0,80:DCB4:E0M0X0
80:DCB4:E0M0X0,80:DCB7:E0M0X0
80:DCB7:E0M0X0,80:DCBA:E0M0X0
80:DCBA:E0M0X0,80:DCBD:E0M0X0
80:DCBD:E0M0X0,80:DCBE:E0M1X1
80:DCBE:E0M1X1,80:8187:E0M1X1
80:DCBF:E0M1X1,80:DCC2:E0M1X1
80:DCC2:E0M1X1,80:DCC4:E0M1X1
80:DCC2:E0M1X1,80:DCFD:E0M1X1
80:DCC4:E0M1X1,80:DCC6:E0M1X1
80:DCC6:E0M1X1,80:DCC9:E0M1X1
80:DCC9:E0M1X1,80:DCCB:E0M1X1
80:DCC9:E0M1X1,80:DCD8:E0M1X1
80:DCCB:E0M1X1,80:DCCE:E0M1X1
80:DCCE:E0M1X1,80:DCCF:E0M1X1
80:DCCF:E0M1X1,80:DCD0:E0M1X1
80:DCD0:E0M1X1,80:DCD1:E0M1X1
80:DCD1:E0M1X1,80:DCD4:E0M1X1
80:DCD4:E0M1X1,80:DCD5:E0M1X1
80:DCD5:E0M1X1,80:DCD8:E0M1X1
80:DCD8:E0M1X1,80:DCDB:E0M1X1
80:DCDB:E0M1X1,80:DCDD:E0M1X1
80:DCDD:E0M0X0,80:DCDF:E0M0X0
80:DCDD:E0M1X1,80:DCDF:E0M0X0
80:DCDF:E0M0X0,80:DCE2:E0M0X0
80:DCE2:E0M0X0,80:DCE5:E0M0X0
80:DCE5:E0M0X0,80:DCE8:E0M0X0
80:DCE8:E0M0X0,80:DCEB:E0M0X0
80:DCEB:E0M0X0,80:DCEE:E0M0X0
80:DCEE:E0M0X0,80:DCF1:E0M0X0
80:DCF1:E0M0X0,80:DD33:E0M0X0
80:DCF4:E0M0X0,80:DCF5:E0M0X0
80:DCF5:E0M0X0,80:DCF6:E0M0X0
80:DCF6:E0M0X0,80:DCF9:E0M0X0
80:DCF9:E0M0X0,80:DCDD:E0M0X0
80:DCF9:E0M0X0,80:DCFB:E0M0X0
80:DCFB:E0M0X0,80:DCFD:E0M1X1
80:DCFD:E0M1X1,80:B99C:E0M1X1
80:DD33:E0M0X0,80:DD34:E0M0X0
80:DD34:E0M0X0,80:DD35:E0M0X0
80:DD35:E0M0X0,80:DD38:E0M0X0
80:DD38:E0M0X0,80:DD3A:E0M0X0
80:DD38:E0M0X0,80:DD5C:E0M0X0
80:DD3A:E0M0X0,80:DC26:E0M0X0
80:DD3D:E0M0X0,80:DD40:E0M0X0
80:DD40:E0M0X0,80:DD43:E0M0X0
80:DD43:E0M0X0,80:DD3A:E0M0X0
80:DD43:E0M0X0,80:DD45:E0M0X0
80:DD45:E0M0X0,80:DD46:E0M0X0
80:DD46:E0M0X0,80:DC26:E0M0X0
80:DD49:E0M0X0,80:DD4C:E0M0X0
80:DD4C:E0M0X0,80:DD4F:E0M0X0
80:DD4F:E0M0X0,80:DD46:E0M0X0
80:DD4F:E0M0X0,80:DD51:E0M0X0
80:DD51:E0M0X0,80:DD52:E0M0X0
80:DD52:E0M0X0,80:DD55:E0M0X0
80:DD55:E0M0X0,80:E328:E0M0X0
80:DD58:E0M0X0,80:DD35:E0M0X0
80:DD58:E0M0X0,80:DD5A:E0M0X0
80:DD5A:E0M0X0,80:DD3A:E0M0X0
80:DD5C:E0M0X0,80:DD5D:E0M0X0
80:DD5D:E0M0X0,80:DD5E:E0M0X0
80:DD5E:E0M0X0,80:DCF4:E0M0X0
80:DD5F:E0M1X1,80:DD62:E0M1X1
80:DD62:E0M1X1,80:DD64:E0M1X1
80:DD62:E0M1X1,80:DD65:E0M1X1
80:DD64:E0M1X1,80:9143:E0M1X1
80:DD65:E0M1X1,80:DD67:E0M1X1
80:DD67:E0M1X1,80:DDF2:E0M1X1
80:DD6A:E0M1X1,80:DD96:E0M1X1
80:DD6D:E0M1X1,81:C36F:E0M1X1
80:DD71:E0M1X1,80:DD73:E0M1X1
80:DD73:E0M1X1,80:DDF2:E0M1X1
80:DD76:E0M1X1,80:DD96:E0M1X1
80:DD79:E0M1X1,81:C36F:E0M1X1
80:DD7D:E0M1X1,80:DD7F:E0M1X1
80:DD7F:E0M1X1,80:DDF2:E0M1X1
80:DD82:E0M1X1,80:DD96:E0M1X1
80:DD85:E0M1X1,81:C36F:E0M1X1
80:DD89:E0M1X1,80:DD8B:E0M1X1
80:DD8B:E0M1X1,80:DDF2:E0M1X1
80:DD8E:E0M1X1,80:DD96:E0M1X1
80:DD91:E0M1X1,81:C36F:E0M1X1
80:DD95:E0M1X1,80:9143:E0M1X1
80:DD96:E0M1X1,80:DD99:E0M1X1
80:DD99:E0M1X1,80:DD9C:E0M1X1
80:DD9C:E0M1X1,80:DD9E:E0M1X1
80:DD9C:E0M1X1,80:DDD4:E0M1X1
80:DD9E:E0M1X1,80:DDA1:E0M1X1
80:DDA1:E0M1X1,80:DDA3:E0M1X1
80:DDA1:E0M1X1,80:DDD4:E0M1X1
80:DDA3:E0M1X1,80:DDA6:E0M1X1
80:DDA6:E0M1X1,80:DDA8:E0M1X1
80:DDA6:E0M1X1,80:DDAD:E0M1X1
80:DDA8:E0M1X1,80:DDAB:E0M1X1
80:DDAB:E0M1X1,80:DDD4:E0M1X1
80:DDAD:E0M1X1,80:DDB0:E0M1X1
80:DDB0:E0M1X1,80:DDB2:E0M1X1
80:DDB0:E0M1X1,80:DDD4:E0M1X1
80:DDB2:E0M1X1,80:DDB5:E0M1X1
80:DDB5:E0M1X1,80:DDB7:E0M1X1
80:DDB5:E0M1X1,80:DDC7:E0M1X1
80:DDB7:E0M1X1,80:DDB9:E0M0X0
80:DDB9:E0M0X0,80:DDBC:E0M0X0
80:DDBC:E0M0X0,81:DE31:E0M0X0
80:DDC0:E0M0X0,80:DDC2:E0M1X1
80:DDC2:E0M1X1,80:DDC5:E0M1X1
80:DDC5:E0M1X1,80:DDD4:E0M1X1
80:DDC7:E0M1X1,80:DDCA:E0M1X1
80:DDCA:E0M1X1,80:DDCC:E0M1X1
80:DDCC:E0M1X1,80:DDCF:E0M1X1
80:DDCF:E0M1X1,80:DDD1:E0M1X1
80:DDD1:E0M1X1,80:F92A:E0M1X1
80:DDD4:E0M1X1,80:DD6D:E0M1X1
80:DDD4:E0M1X1,80:DD79:E0M1X1
80:DDD4:E0M1X1,80:DD85:E0M1X1
80:DDD4:E0M1X1,80:DD91:E0M1X1
80:DDD5:E0M0X0,80:DDD7:E0M0X0
80:DDD5:E0M0X0,80:DDF1:E0M0X0
80:DDD7:E0M0X0,80:DDD9:E0M1X1
80:DDD9:E0M1X1,80:DDDC:E0M1X1
80:DDDC:E0M1X1,80:DDDF:E0M1X1
80:DDDF:E0M1X1,80:DDE1:E0M0X0
80:DDE1:E0M0X0,80:DDE3:E0M0X0
80:DDE1:E0M0X0,80:DDEA:E0M0X0
80:DDE3:E0M0X0,80:DDE5:E0M0X0
80:DDE5:E0M0X0,80:DDE8:E0M0X0
80:DDE8:E0M0X0,80:DDEA:E0M0X0
80:DDE8:E0M0X0,80:DDEE:E0M0X0
80:DDEA:E0M0X0,80:DDEC:E0M0X0
80:DDEC:E0M0X0,80:DDED:E0M0X0
80:DDED:E0M0X0,80:DE71:E0M0X0
80:DDED:E0M0X0,80:DE83:E0M0X0
80:DDED:E0M0X0,80:DE96:E0M0X0
80:DDEE:E0M0X0,80:DDF0:E0M0X0
80:DDF0:E0M0X0,80:DDF1:E0M0X0
80:DDF1:E0M0X0,80:DE71:E0M0X0
80:DDF1:E0M0X0,80:DE83:E0M0X0
80:DDF1:E0M0X0,80:DE96:E0M0X0
80:DDF2:E0M1X1,80:DDF5:E0M1X1
80:DDF5:E0M1X1,80:DDF8:E0M1X1
80:DDF8:E0M1X1,80:DDFA:E0M1X1
80:DDF8:E0M1X1,80:DE15:E0M1X1
80:DDFA:E0M1X1,80:DDFD:E0M1X1
80:DDFD:E0M1X1,80:DDFF:E0M1X1
80:DDFD:E0M1X1,80:DE14:E0M1X1
80:DDFF:E0M1X1,80:DE02:E0M1X1
80:DE02:E0M1X1,80:DE04:E0M1X1
80:DE02:E0M1X1,80:DE14:E0M1X1
80:DE04:E0M1X1,80:DE07:E0M1X1
80:DE07:E0M1X1,80:DE09:E0M1X1
80:DE07:E0M1X1,80:DE14:E0M1X1
80:DE09:E0M1X1,80:DE0C:E0M1X1
80:DE0C:E0M1X1,80:DE0D:E0M1X1
80:DE0D:E0M1X1,80:DE10:E0M1X1
80:DE10:E0M1X1,80:DE12:E0M1X1
80:DE12:E0M1X1,80:DE14:E0M1X1
80:DE12:E0M1X1,80:DE15:E0M1X1
80:DE14:E0M1X1,80:DD6A:E0M1X1
80:DE14:E0M1X1,80:DD76:E0M1X1
80:DE14:E0M1X1,80:DD82:E0M1X1
80:DE14:E0M1X1,80:DD8E:E0M1X1
80:DE15:E0M1X1,80:DE17:E0M0X0
80:DE17:E0M0X0,80:DE1A:E0M0X0
80:DE1A:E0M0X0,80:DE1D:E0M0X0
80:DE1D:E0M0X0,80:DE20:E0M0X0
80:DE20:E0M0X0,80:DE22:E0M0X0
80:DE20:E0M0X0,80:DE25:E0M0X0
80:DE22:E0M0X0,80:DE25:E0M0X0
80:DE25:E0M0X0,80:DE26:E0M0X0
80:DE26:E0M0X0,80:DE29:E0M0X0
80:DE29:E0M0X0,80:DE2B:E0M0X0
80:DE29:E0M0X0,80:DE2F:E0M0X0
80:DE2B:E0M0X0,80:DE2C:E0M0X0
80:DE2C:E0M0X0,80:DE2F:E0M0X0
80:DE2F:E0M0X0,80:DE31:E0M0X0
80:DE31:E0M0X0,80:DE34:E0M0X0
80:DE34:E0M0X0,80:DE37:E0M0X0
80:DE37:E0M0X0,80:DE39:E0M0X0
80:DE39:E0M0X0,80:DE3C:E0M0X0
80:DE3C:E0M0X0,80:DE3F:E0M0X0
80:DE3F:E0M0X0,80:DE40:E0M0X0
80:DE40:E0M0X0,80:DE43:E0M0X0
80:DE43:E0M0X0,80:DE44:E0M0X0
80:DE44:E0M0X0,80:DE45:E0M0X0
80:DE45:E0M0X0,80:DE48:E0M0X0
80:DE48:E0M0X0,80:DE49:E0M0X0
80:DE49:E0M0X0,80:DE4A:E0M0X0
80:DE4A:E0M0X0,80:DE4B:E0M0X0
80:DE4B:E0M0X0,80:DE4E:E0M0X0
80:DE4E:E0M0X0,80:DE51:E0M0X0
80:DE51:E0M0X0,80:DE52:E0M0X0
80:DE52:E0M0X0,80:DE55:E0M0X0
80:DE55:E0M0X0,80:DE56:E0M0X0
80:DE56:E0M0X0,80:DE58:E0M0X0
80:DE58:E0M0X0,80:DE59:E0M0X0
80:DE59:E0M0X0,80:DE5B:E0M0X0
80:DE5B:E0M0X0,80:DE5C:E0M0X0
80:DE5C:E0M0X0,80:DE5F:E0M0X0
80:DE5F:E0M0X0,80:DE60:E0M0X0
80:DE60:E0M0X0,80:DE61:E0M0X0
80:DE61:E0M0X0,80:DE62:E0M0X0
80:DE62:E0M0X0,80:DE65:E0M0X0
80:DE65:E0M0X0,80:DE68:E0M0X0
80:DE68:E0M0X0,80:DE6B:E0M0X0
80:DE6B:E0M0X0,80:F7F0:E0M0X0
80:DE6E:E0M0X0,80:DDD5:E0M0X0
80:DE71:E0M0X0,80:DE73:E0M0X0
80:DE71:E0M0X0,80:DEC1:E0M0X0
80:DE73:E0M0X0,80:DE76:E0M0X0
80:DE76:E0M0X0,80:DE77:E0M0X0
80:DE77:E0M0X0,80:DE7A:E0M0X0
80:DE7A:E0M0X0,80:DE7D:E0M0X0
80:DE7D:E0M0X0,80:F7F0:E0M0X0
80:DE80:E0M0X0,80:DDD5:E0M0X0
80:DE83:E0M0X0,80:DE85:E0M0X0
80:DE83:E0M0X0,80:DEC1:E0M0X0
80:DE85:E0M0X0,80:DE88:E0M0X0
80:DE88:E0M0X0,80:DE89:E0M0X0
80:DE89:E0M0X0,80:DE8A:E0M0X0
80:DE8A:E0M0X0,80:DE8D:E0M0X0
80:DE8D:E0M0X0,80:DE90:E0M0X0
80:DE90:E0M0X0,80:F7F0:E0M0X0
80:DE93:E0M0X0,80:DDD5:E0M0X0
80:DE96:E0M0X0,80:DE98:E0M0X0
80:DE96:E0M0X0,80:DEC1:E0M0X0
80:DE98:E0M0X0,80:DE9B:E0M0X0
80:DE9B:E0M0X0,80:DE9C:E0M0X0
80:DE9C:E0M0X0,80:DE9F:E0M0X0
80:DE9F:E0M0X0,80:DEA2:E0M0X0
80:DEA2:E0M0X0,80:DEA3:E0M0X0
80:DEA3:E0M0X0,80:DEA6:E0M0X0
80:DEA6:E0M0X0,80:F7F0:E0M0X0
80:DEA9:E0M0X0,80:DEAB:E0M0X0
80:DEA9:E0M0X0,80:DEC1:E0M0X0
80:DEAB:E0M0X0,80:DEAE:E0M0X0
80:DEAE:E0M0X0,80:DEB1:E0M0X0
80:DEB1:E0M0X0,80:DEB2:E0M0X0
80:DEB2:E0M0X0,80:DEB3:E0M0X0
80:DEB3:E0M0X0,80:DEB6:E0M0X0
80:DEB6:E0M0X0,80:F7F0:E0M0X0
80:DEB9:E0M0X0,80:DEBB:E0M0X0
80:DEB9:E0M0X0,80:DEC1:E0M0X0
80:DEBB:E0M0X0,80:DEBE:E0M0X0
80:DEBE:E0M0X0,80:E0A3:E0M0X0
80:DEC1:E0M0X0,80:DEC3:E0M0X1
80:DEC3:E0M0X1,80:DEC6:E0M0X1
80:DEC6:E0M0X1,80:DEC8:E0M0X0
80:DEC8:E0M0X0,80:DECB:E0M0X0
80:DECB:E0M0X0,80:DECE:E0M0X0
80:DECE:E0M0X0,80:DED0:E0M0X0
80:DECE:E0M0X0,80:DED8:E0M0X0
80:DED0:E0M0X0,80:DED2:E0M1X1
80:DED2:E0M1X1,80:DED4:E0M1X1
80:DED4:E0M1X1,80:DED7:E0M1X1
80:DED7:E0M1X1,80:DD6A:E0M1X1
80:DED7:E0M1X1,80:DD76:E0M1X1
80:DED7:E0M1X1,80:DD82:E0M1X1
80:DED7:E0M1X1,80:DD8E:E0M1X1
80:DED8:E0M0X0,80:DEDA:E0M0X0
80:DEDA:E0M0X0,80:DEDD:E0M0X0
80:DEDD:E0M0X0,80:DEDF:E0M0X0
80:DEDD:E0M0X0,80:DEE4:E0M0X0
80:DEDF:E0M0X0,80:DEE2:E0M0X0
80:DEE2:E0M0X0,80:DEE4:E0M0X0
80:DEE2:E0M0X0,80:DF4D:E0M0X0
80:DEE4:E0M0X0,80:DEE6:E0M1X1
80:DEE6:E0M1X1,80:DEE9:E0M1X1
80:DEE9:E0M1X1,80:DEEC:E0M1X1
80:DEEC:E0M1X1,80:DEEE:E0M1X1
80:DEEC:E0M1X1,80:DEF1:E0M1X1
80:DEEE:E0M1X1,80:E0A3:E0M1X1
80:DEF1:E0M1X1,80:DEF4:E0M1X1
80:DEF4:E0M1X1,80:DEF6:E0M1X1
80:DEF4:E0M1X1,80:DEF9:E0M1X1
80:DEF6:E0M1X1,80:E0A3:E0M1X1
80:DEF9:E0M1X1,80:DEFC:E0M1X1
80:DEFC:E0M1X1,80:DEFE:E0M1X1
80:DEFE:E0M1X1,80:DF00:E0M1X1
80:DEFE:E0M1X1,80:DF03:E0M1X1
80:DF00:E0M1X1,80:E0A3:E0M1X1
80:DF03:E0M1X1,80:DF05:E0M1X1
80:DF05:E0M1X1,80:DF07:E0M1X1
80:DF05:E0M1X1,80:DF0A:E0M1X1
80:DF07:E0M1X1,80:E0A3:E0M1X1
80:DF0A:E0M1X1,80:DF0C:E0M1X1
80:DF0C:E0M1X1,80:DF0E:E0M1X1
80:DF0E:E0M1X1,80:DF10:E0M1X1
80:DF0E:E0M1X1,80:DF3F:E0M1X1
80:DF10:E0M1X1,80:DF13:E0M1X1
80:DF13:E0M1X1,80:DF15:E0M1X1
80:DF13:E0M1X1,80:DF3F:E0M1X1
80:DF15:E0M1X1,80:DF18:E0M1X1
80:DF18:E0M1X1,80:DF1A:E0M1X1
80:DF18:E0M1X1,80:DF40:E0M1X1
80:DF1A:E0M1X1,80:DF1C:E0M1X1
80:DF1C:E0M1X1,80:DF1F:E0M1X1
80:DF1F:E0M1X1,80:DF21:E0M1X1
80:DF21:E0M1X1,80:DF23:E0M1X1
80:DF23:E0M1X1,80:DC26:E0M1X1
80:DF26:E0M1X1,80:DF28:E0M1X1
80:DF28:E0M1X1,80:DF2A:E0M1X1
80:DF28:E0M1X1,80:DF2E:E0M1X1
80:DF2A:E0M1X1,80:DF2C:E0M1X1
80:DF2C:E0M1X1,80:DF30:E0M1X1
80:DF2E:E0M1X1,80:DF30:E0M1X1
80:DF30:E0M1X1,80:DF33:E0M1X1
80:DF33:E0M1X1,80:DF34:E0M1X1
80:DF34:E0M1X1,80:DF37:E0M1X1
80:DF37:E0M1X1,80:DF38:E0M1X1
80:DF38:E0M1X1,80:DF3A:E0M1X1
80:DF3A:E0M1X1,80:DF3C:E0M1X1
80:DF3C:E0M1X1,80:DF3F:E0M1X1
80:DF3F:E0M1X1,80:DD6A:E0M1X1
80:DF3F:E0M1X1,80:DD76:E0M1X1
80:DF3F:E0M1X1,80:DD82:E0M1X1
80:DF3F:E0M1X1,80:DD8E:E0M1X1
80:DF40:E0M1X1,80:DF43:E0M1X1
80:DF43:E0M1X1,80:DF44:E0M1X1
80:DF44:E0M1X1,80:DF45:E0M1X1
80:DF45:E0M1X1,80:DF48:E0M1X1
80:DF48:E0M1X1,80:DF4B:E0M1X1
80:DF4B:E0M1X1,80:DF33:E0M1X1
80:DF4D:E0M0X0,80:DF50:E0M0X0
80:DF50:E0M0X0,80:DF52:E0M0X0
80:DF50:E0M0X0,80:DF57:E0M0X0
80:DF52:E0M0X0,80:DF55:E0M0X0
80:DF55:E0M0X0,80:DF57:E0M0X0
80:DF55:E0M0X0,80:DFB0:E0M0X0
80:DF57:E0M0X0,80:DF59:E0M1X1
80:DF59:E0M1X1,80:DF5C:E0M1X1
80:DF5C:E0M1X1,80:DF5F:E0M1X1
80:DF5F:E0M1X1,80:DF61:E0M1X1
80:DF5F:E0M1X1,80:DF64:E0M1X1
80:DF61:E0M1X1,80:E0A3:E0M1X1
80:DF64:E0M1X1,80:DF67:E0M1X1
80:DF67:E0M1X1,80:DF69:E0M1X1
80:DF67:E0M1X1,80:DF6C:E0M1X1
80:DF69:E0M1X1,80:E0A3:E0M1X1
80:DF6C:E0M1X1,80:DF6F:E0M1X1
80:DF6F:E0M1X1,80:DF70:E0M1X1
80:DF70:E0M1X1,80:DF72:E0M1X1
80:DF72:E0M1X1,80:DF75:E0M1X1
80:DF75:E0M1X1,80:DF77:E0M1X1
80:DF77:E0M1X1,80:F92A:E0M1X1
80:DF7A:E0M1X1,81:895E:E0M1X1
80:DF7E:E0M1X1,80:DF81:E0M1X1
80:DF81:E0M1X1,80:DF84:E0M1X1
80:DF84:E0M1X1,80:DF85:E0M1X1
80:DF85:E0M1X1,80:DF87:E0M1X1
80:DF87:E0M1X1,80:DF89:E0M1X1
80:DF87:E0M1X1,80:DF8B:E0M1X1
80:DF89:E0M1X1,80:DF8B:E0M1X1
80:DF89:E0M1X1,80:DF92:E0M1X1
80:DF8B:E0M1X1,80:DF8D:E0M1X1
80:DF8D:E0M1X1,80:DF90:E0M1X1
80:DF90:E0M1X1,80:DF92:E0M1X1
80:DF92:E0M1X1,80:DF95:E0M1X1
80:DF95:E0M1X1,80:DF97:E0M1X1
80:DF95:E0M1X1,80:DFA2:E0M1X1
80:DF97:E0M1X1,80:DF9A:E0M1X1
80:DF9A:E0M1X1,80:DF9D:E0M1X1
80:DF9D:E0M1X1,80:DF9F:E0M1X1
80:DF9F:E0M1X1,80:FB70:E0M1X1
80:DFA2:E0M1X1,80:DFA4:E0M0X0
80:DFA4:E0M0X0,80:DFA7:E0M0X0
80:DFA7:E0M0X0,80:DFAA:E0M0X0
80:DFAA:E0M0X0,80:E264:E0M0X0
80:DFAD:E0M0X0,80:DFAF:E0M1X1
80:DFAF:E0M1X1,80:DD6A:E0M1X1
80:DFAF:E0M1X1,80:DD76:E0M1X1
80:DFAF:E0M1X1,80:DD82:E0M1X1
80:DFAF:E0M1X1,80:DD8E:E0M1X1
80:DFB0:E0M0X0,80:DFB3:E0M0X0
80:DFB3:E0M0X0,80:DFB5:E0M0X0
80:DFB3:E0M0X0,80:DFBA:E0M0X0
80:DFB5:E0M0X0,80:DFB8:E0M0X0
80:DFB8:E0M0X0,80:DFBA:E0M0X0
80:DFB8:E0M0X0,80:E001:E0M0X0
80:DFBA:E0M0X0,80:DFBC:E0M1X1
80:DFBC:E0M1X1,80:DFBF:E0M1X1
80:DFBF:E0M1X1,80:DFC1:E0M1X1
80:DFC1:E0M1X1,80:F966:E0M1X1
80:DFC4:E0M1X1,80:DFC7:E0M1X1
80:DFC7:E0M1X1,80:DFC9:E0M1X1
80:DFC9:E0M1X1,80:DFCB:E0M1X1
80:DFC9:E0M1X1,80:DFF3:E0M1X1
80:DFCB:E0M1X1,80:DFCC:E0M1X1
80:DFCC:E0M1X1,80:DFCD:E0M1X1
80:DFCD:E0M1X1,80:DFCE:E0M1X1
80:DFCE:E0M1X1,80:DFD0:E0M0X0
80:DFD0:E0M0X0,80:DFD1:E0M0X0
80:DFD1:E0M0X0,80:DFD4:E0M0X0
80:DFD4:E0M0X0,80:DFD5:E0M0X0
80:DFD5:E0M0X0,80:DFD8:E0M0X0
80:DFD8:E0M0X0,80:DFDB:E0M0X0
80:DFDB:E0M0X0,80:DFDE:E0M0X0
80:DFDE:E0M0X0,80:DFE1:E0M0X0
80:DFE1:E0M0X0,80:DFE4:E0M0X0
80:DFE4:E0M0X0,80:DFE5:E0M0X0
80:DFE5:E0M0X0,80:DFE8:E0M0X0
80:DFE8:E0M0X0,80:DFEB:E0M0X0
80:DFEB:E0M0X0,80:DFEC:E0M0X0
80:DFEC:E0M0X0,80:DFEF:E0M0X0
80:DFEF:E0M0X0,81:DE31:E0M0X0
80:DFF3:E0M0X0,80:DFF5:E0M0X0
80:DFF3:E0M1X1,80:DFF5:E0M0X0
80:DFF5:E0M0X0,80:DFF8:E0M0X0
80:DFF8:E0M0X0,80:DFFB:E0M0X0
80:DFFB:E0M0X0,80:E264:E0M0X0
80:DFFE:E0M0X0,80:E000:E0M1X1
80:E000:E0M1X1,80:DD6A:E0M1X1
80:E000:E0M1X1,80:DD76:E0M1X1
80:E000:E0M1X1,80:DD82:E0M1X1
80:E000:E0M1X1,80:DD8E:E0M1X1
80:E001:E0M0X0,80:E004:E0M0X0
80:E004:E0M0X0,80:E006:E0M0X0
80:E004:E0M0X0,80:E00B:E0M0X0
80:E006:E0M0X0,80:E009:E0M0X0
80:E009:E0M0X0,80:E00B:E0M0X0
80:E009:E0M0X0,80:E068:E0M0X0
80:E00B:E0M0X0,80:E00D:E0M1X1
80:E00D:E0M1X1,80:E010:E0M1X1
80:E010:E0M1X1,80:E012:E0M1X1
80:E012:E0M1X1,80:F966:E0M1X1
80:E015:E0M1X1,80:E018:E0M1X1
80:E018:E0M1X1,80:E01B:E0M1X1
80:E01B:E0M1X1,80:E01C:E0M1X1
80:E01C:E0M1X1,80:E01D:E0M1X1
80:E01D:E0M1X1,80:E020:E0M1X1
80:E020:E0M1X1,80:E021:E0M1X1
80:E021:E0M1X1,80:E024:E0M1X1
80:E024:E0M1X1,80:E025:E0M1X1
80:E025:E0M1X1,80:E027:E0M1X1
80:E027:E0M1X1,80:E029:E0M1X1
80:E027:E0M1X1,80:E02B:E0M1X1
80:E029:E0M1X1,80:E02B:E0M1X1
80:E02B:E0M1X1,80:E02E:E0M1X1
80:E02E:E0M1X1,80:E031:E0M1X1
80:E031:E0M1X1,80:E032:E0M1X1
80:E032:E0M1X1,80:E033:E0M1X1
80:E033:E0M1X1,80:E036:E0M1X1
80:E036:E0M1X1,80:E037:E0M1X1
80:E037:E0M1X1,80:E03A:E0M1X1
80:E03A:E0M1X1,80:E03B:E0M1X1
80:E03B:E0M1X1,80:E03D:E0M1X1
80:E03D:E0M1X1,80:E03F:E0M1X1
80:E03D:E0M1X1,80:E041:E0M1X1
80:E03F:E0M1X1,80:E041:E0M1X1
80:E041:E0M1X1,80:E044:E0M1X1
80:E044:E0M1X1,80:E047:E0M1X1
80:E047:E0M1X1,80:E048:E0M1X1
80:E048:E0M1X1,80:E049:E0M1X1
80:E049:E0M1X1,80:E04C:E0M1X1
80:E04C:E0M1X1,80:E04D:E0M1X1
80:E04D:E0M1X1,80:E050:E0M1X1
80:E050:E0M1X1,80:E051:E0M1X1
80:E051:E0M1X1,80:E053:E0M1X1
80:E053:E0M1X1,80:E055:E0M1X1
80:E053:E0M1X1,80:E057:E0M1X1
80:E055:E0M1X1,80:E057:E0M1X1
80:E057:E0M1X1,80:E05A:E0M1X1
80:E05A:E0M1X1,80:E05C:E0M0X0
80:E05C:E0M0X0,80:E05F:E0M0X0
80:E05F:E0M0X0,80:E062:E0M0X0
80:E062:E0M0X0,80:E264:E0M0X0
80:E065:E0M0X0,80:E067:E0M1X1
80:E067:E0M1X1,80:DD6A:E0M1X1
80:E067:E0M1X1,80:DD76:E0M1X1
80:E067:E0M1X1,80:DD82:E0M1X1
80:E067:E0M1X1,80:DD8E:E0M1X1
80:E068:E0M0X0,80:E06B:E0M0X0
80:E06B:E0M0X0,80:E06D:E0M0X0
80:E06B:E0M0X0,80:E072:E0M0X0
80:E06D:E0M0X0,80:E070:E0M0X0
80:E070:E0M0X0,80:E072:E0M0X0
80:E070:E0M0X0,80:E0A3:E0M0X0
80:E072:E0M0X0,80:E074:E0M1X1
80:E074:E0M1X1,80:E077:E0M1X1
80:E077:E0M1X1,80:E079:E0M1X1
80:E079:E0M1X1,80:F966:E0M1X1
80:E07C:E0M1X1,80:E07F:E0M1X1
80:E07F:E0M1X1,80:E082:E0M1X1
80:E082:E0M1X1,80:E083:E0M1X1
80:E083:E0M1X1,80:E084:E0M1X1
80:E084:E0M1X1,80:E086:E0M1X1
80:E086:E0M1X1,80:E089:E0M1X1
80:E089:E0M1X1,80:E08B:E0M0X0
80:E08B:E0M0X0,80:E08E:E0M0X0
80:E08E:E0M0X0,80:E090:E0M0X0
80:E08E:E0M0X0,80:E097:E0M0X0
80:E090:E0M0X0,80:E093:E0M0X0
80:E093:E0M0X0,81:DE31:E0M0X0
80:E097:E0M0X0,80:E09A:E0M0X0
80:E09A:E0M0X0,80:E09D:E0M0X0
80:E09D:E0M0X0,80:E264:E0M0X0
80:E0A0:E0M0X0,80:E0A2:E0M1X1
80:E0A2:E0M1X1,80:DD6A:E0M1X1
80:E0A2:E0M1X1,80:DD76:E0M1X1
80:E0A2:E0M1X1,80:DD82:E0M1X1
80:E0A2:E0M1X1,80:DD8E:E0M1X1
80:E0A3:E0M0X0,80:E0A5:E0M1X1
80:E0A3:E0M1X1,80:E0A5:E0M1X1
80:E0A5:E0M1X1,80:E0A8:E0M1X1
80:E0A8:E0M1X1,80:E0AB:E0M1X1
80:E0AB:E0M1X1,80:E0AD:E0M1X1
80:E0AB:E0M1X1,80:E0B1:E0M1X1
80:E0AD:E0M1X1,80:E0AE:E0M1X1
80:E0AE:E0M1X1,80:E0B1:E0M1X1
80:E0B1:E0M1X1,80:E0B4:E0M1X1
80:E0B4:E0M1X1,80:E0B6:E0M1X1
80:E0B4:E0M1X1,80:E0BA:E0M1X1
80:E0B6:E0M1X1,80:E0B7:E0M1X1
80:E0B7:E0M1X1,80:E0BA:E0M1X1
80:E0BA:E0M1X1,80:E0BC:E0M1X1
80:E0BA:E0M1X1,80:E115:E0M1X1
80:E0BC:E0M1X1,80:E0BF:E0M1X1
80:E0BF:E0M1X1,80:E0C1:E0M1X1
80:E0BF:E0M1X1,80:E115:E0M1X1
80:E0C1:E0M1X1,80:E0C4:E0M1X1
80:E0C4:E0M1X1,80:E0C6:E0M1X1
80:E0C4:E0M1X1,80:E0D3:E0M1X1
80:E0C6:E0M1X1,80:E0C8:E0M0X0
80:E0C8:E0M0X0,80:E0CB:E0M0X0
80:E0CB:E0M0X0,81:DE31:E0M0X0
80:E0CF:E0M0X0,80:E0D1:E0M1X1
80:E0D1:E0M1X1,80:E115:E0M1X1
80:E0D3:E0M1X1,80:E0D5:E0M0X0
80:E0D5:E0M0X0,80:E0D8:E0M0X0
80:E0D8:E0M0X0,80:E0DB:E0M0X0
80:E0DB:E0M0X0,80:E0DE:E0M0X0
80:E0DE:E0M0X0,80:E328:E0M0X0
80:E0E1:E0M0X0,80:E0E3:E0M0X0
80:E0E1:E0M0X0,80:E101:E0M0X0
80:E0E3:E0M0X0,80:E0E6:E0M0X0
80:E0E6:E0M0X0,80:E0E7:E0M0X0
80:E0E7:E0M0X0,80:E0EA:E0M0X0
80:E0EA:E0M0X0,80:E0ED:E0M0X0
80:E0ED:E0M0X0,80:E328:E0M0X0
80:E0F0:E0M0X0,80:E0F2:E0M0X0
80:E0F0:E0M0X0,80:E101:E0M0X0
80:E0F2:E0M0X0,80:E0F5:E0M0X0
80:E0F5:E0M0X0,80:E0F6:E0M0X0
80:E0F6:E0M0X0,80:E0F9:E0M0X0
80:E0F9:E0M0X0,80:E0FC:E0M0X0
80:E0FC:E0M0X0,80:E328:E0M0X0
80:E0FF:E0M0X0,80:E101:E0M0X0
80:E0FF:E0M0X0,80:E115:E0M0X0
80:E101:E0M0X0,80:E103:E0M1X1
80:E103:E0M1X1,80:E106:E0M1X1
80:E106:E0M1X1,80:E109:E0M1X1
80:E109:E0M1X1,80:E10B:E0M1X1
80:E10B:E0M1X1,80:E10E:E0M1X1
80:E10E:E0M1X1,80:E110:E0M1X1
80:E110:E0M1X1,80:F92A:E0M1X1
80:E113:E0M1X1,80:E17B:E0M1X1
80:E115:E0M0X0,80:E117:E0M1X1
80:E115:E0M1X1,80:E117:E0M1X1
80:E117:E0M1X1,80:E11A:E0M1X1
80:E11A:E0M1X1,80:E11D:E0M1X1
80:E11D:E0M1X1,80:E11F:E0M1X1
80:E11D:E0M1X1,80:E124:E0M1X1
80:E11F:E0M1X1,80:E122:E0M1X1
80:E122:E0M1X1,80:E183:E0M1X1
80:E124:E0M1X1,80:E127:E0M1X1
80:E127:E0M1X1,80:E129:E0M1X1
80:E127:E0M1X1,80:E183:E0M1X1
80:E129:E0M1X1,80:E12C:E0M1X1
80:E12C:E0M1X1,80:E12E:E0M1X1
80:E12C:E0M1X1,80:E13B:E0M1X1
80:E12E:E0M1X1,80:E130:E0M0X0
80:E130:E0M0X0,80:E133:E0M0X0
80:E133:E0M0X0,81:DE31:E0M0X0
80:E137:E0M0X0,80:E139:E0M1X1
80:E139:E0M1X1,80:E183:E0M1X1
80:E13B:E0M1X1,80:E13D:E0M0X0
80:E13D:E0M0X0,80:E140:E0M0X0
80:E140:E0M0X0,80:E143:E0M0X0
80:E143:E0M0X0,80:E146:E0M0X0
80:E146:E0M0X0,80:E328:E0M0X0
80:E149:E0M0X0,80:E14B:E0M0X0
80:E149:E0M0X0,80:E169:E0M0X0
80:E14B:E0M0X0,80:E14E:E0M0X0
80:E14E:E0M0X0,80:E14F:E0M0X0
80:E14F:E0M0X0,80:E152:E0M0X0
80:E152:E0M0X0,80:E155:E0M0X0
80:E155:E0M0X0,80:E328:E0M0X0
80:E158:E0M0X0,80:E15A:E0M0X0
80:E158:E0M0X0,80:E169:E0M0X0
80:E15A:E0M0X0,80:E15D:E0M0X0
80:E15D:E0M0X0,80:E15E:E0M0X0
80:E15E:E0M0X0,80:E161:E0M0X0
80:E161:E0M0X0,80:E164:E0M0X0
80:E164:E0M0X0,80:E328:E0M0X0
80:E167:E0M0X0,80:E169:E0M0X0
80:E167:E0M0X0,80:E183:E0M0X0
80:E169:E0M0X0,80:E16B:E0M1X1
80:E16B:E0M1X1,80:E16E:E0M1X1
80:E16E:E0M1X1,80:E171:E0M1X1
80:E171:E0M1X1,80:E173:E0M1X1
80:E173:E0M1X1,80:E176:E0M1X1
80:E176:E0M1X1,80:E178:E0M1X1
80:E178:E0M1X1,80:F92A:E0M1X1
80:E17B:E0M1X1,80:E17E:E0M1X1
80:E17E:E0M1X1,80:E180:E0M1X1
80:E180:E0M1X1,80:E183:E0M1X1
80:E183:E0M0X0,80:E185:E0M1X1
80:E183:E0M1X1,80:E185:E0M1X1
80:E185:E0M1X1,80:DD6A:E0M1X1
80:E185:E0M1X1,80:DD76:E0M1X1
80:E185:E0M1X1,80:DD82:E0M1X1
80:E185:E0M1X1,80:DD8E:E0M1X1
80:E186:E0M0X0,80:E189:E0M0X0
80:E189:E0M0X0,80:E18C:E0M0X0
80:E18C:E0M0X0,80:E18F:E0M0X0
80:E18F:E0M0X0,80:E192:E0M0X0
80:E192:E0M0X0,80:E193:E0M0X0
80:E193:E0M0X0,80:E196:E0M0X0
80:E196:E0M0X0,80:E199:E0M0X0
80:E199:E0M0X0,80:E19B:E0M0X0
80:E199:E0M0X0,80:E1F6:E0M0X0
80:E19B:E0M0X0,80:E19D:E0M0X0
80:E19D:E0M0X0,80:E1A0:E0M0X0
80:E1A0:E0M0X0,80:E1A1:E0M0X0
80:E1A1:E0M0X0,80:E1A4:E0M0X0
80:E1A4:E0M0X0,80:E1A7:E0M0X0
80:E1A7:E0M0X0,80:E1A9:E0M0X0
80:E1A7:E0M0X0,80:E1F6:E0M0X0
80:E1A9:E0M0X0,80:E1AB:E0M0X0
80:E1AB:E0M0X0,80:E1AE:E0M0X0
80:E1AE:E0M0X0,80:E1B1:E0M0X0
80:E1B1:E0M0X0,80:E1B3:E0M0X0
80:E1B1:E0M0X0,80:E1F6:E0M0X0
80:E1B3:E0M0X0,80:E1B4:E0M0X0
80:E1B4:E0M0X0,80:E1B5:E0M0X0
80:E1B5:E0M0X0,80:E1B8:E0M0X0
80:E1B8:E0M0X0,80:E1BB:E0M0X0
80:E1BB:E0M0X0,80:E1BE:E0M0X0
80:E1BE:E0M0X0,80:E1BF:E0M0X0
80:E1BF:E0M0X0,80:E1C1:E0M0X0
80:E1C1:E0M0X0,80:E1C4:E0M0X0
80:E1C4:E0M0X0,80:E1C7:E0M0X0
80:E1C7:E0M0X0,80:E1C9:E0M0X0
80:E1C7:E0M0X0,80:E1CF:E0M0X0
80:E1C9:E0M0X0,80:E1CC:E0M0X0
80:E1CC:E0M0X0,80:E1CF:E0M0X0
80:E1CF:E0M0X0,80:E1D0:E0M0X0
80:E1D0:E0M0X0,80:E1D2:E0M0X0
80:E1D2:E0M0X0,80:E1D4:E0M0X0
80:E1D4:E0M0X0,80:E1D6:E0M0X0
80:E1D6:E0M0X0,80:E1D9:E0M0X0
80:E1D9:E0M0X0,80:E1DC:E0M0X0
80:E1DC:E0M0X0,80:E1DD:E0M0X0
80:E1DD:E0M0X0,80:E1DF:E0M0X0
80:E1DF:E0M0X0,80:E1E2:E0M0X0
80:E1E2:E0M0X0,80:E1E3:E0M0X0
80:E1E3:E0M0X0,80:E1E4:E0M0X0
80:E1E4:E0M0X0,80:E1E5:E0M0X0
80:E1E5:E0M0X0,80:E1E6:E0M0X0
80:E1E6:E0M0X0,80:E1E7:E0M0X0
80:E1E7:E0M0X0,80:E1E8:E0M0X0
80:E1E8:E0M0X0,80:E1EA:E0M0X0
80:E1EA:E0M0X0,80:E1ED:E0M0X0
80:E1ED:E0M0X0,80:E1F0:E0M0X0
80:E1F0:E0M0X0,80:E1F3:E0M0X0
80:E1F3:E0M0X0,80:E1F6:E0M0X0
80:E1F6:E0M0X0,80:E1F9:E0M0X0
80:E1F9:E0M0X0,80:E1FA:E0M0X0
80:E1FA:E0M0X0,80:E1FD:E0M0X0
80:E1FD:E0M0X0,80:E200:E0M0X0
80:E200:E0M0X0,80:E202:E0M0X0
80:E200:E0M0X0,80:E25D:E0M0X0
80:E202:E0M0X0,80:E204:E0M0X0
80:E204:E0M0X0,80:E207:E0M0X0
80:E207:E0M0X0,80:E208:E0M0X0
80:E208:E0M0X0,80:E20B:E0M0X0
80:E20B:E0M0X0,80:E20E:E0M0X0
80:E20E:E0M0X0,80:E210:E0M0X0
80:E20E:E0M0X0,80:E25D:E0M0X0
80:E210:E0M0X0,80:E212:E0M0X0
80:E212:E0M0X0,80:E215:E0M0X0
80:E215:E0M0X0,80:E218:E0M0X0
80:E218:E0M0X0,80:E21A:E0M0X0
80:E218:E0M0X0,80:E25D:E0M0X0
80:E21A:E0M0X0,80:E21B:E0M0X0
80:E21B:E0M0X0,80:E21C:E0M0X0
80:E21C:E0M0X0,80:E21F:E0M0X0
80:E21F:E0M0X0,80:E222:E0M0X0
80:E222:E0M0X0,80:E225:E0M0X0
80:E225:E0M0X0,80:E226:E0M0X0
80:E226:E0M0X0,80:E228:E0M0X0
80:E228:E0M0X0,80:E22B:E0M0X0
80:E22B:E0M0X0,80:E22E:E0M0X0
80:E22E:E0M0X0,80:E230:E0M0X0
80:E22E:E0M0X0,80:E236:E0M0X0
80:E230:E0M0X0,80:E233:E0M0X0
80:E233:E0M0X0,80:E236:E0M0X0
80:E236:E0M0X0,80:E237:E0M0X0
80:E237:E0M0X0,80:E239:E0M0X0
80:E239:E0M0X0,80:E23B:E0M0X0
80:E23B:E0M0X0,80:E23D:E0M0X0
80:E23D:E0M0X0,80:E240:E0M0X0
80:E240:E0M0X0,80:E243:E0M0X0
80:E243:E0M0X0,80:E244:E0M0X0
80:E244:E0M0X0,80:E246:E0M0X0
80:E246:E0M0X0,80:E249:E0M0X0
80:E249:E0M0X0,80:E24A:E0M0X0
80:E24A:E0M0X0,80:E24B:E0M0X0
80:E24B:E0M0X0,80:E24C:E0M0X0
80:E24C:E0M0X0,80:E24D:E0M0X0
80:E24D:E0M0X0,80:E24E:E0M0X0
80:E24E:E0M0X0,80:E24F:E0M0X0
80:E24F:E0M0X0,80:E251:E0M0X0
80:E251:E0M0X0,80:E254:E0M0X0
80:E254:E0M0X0,80:E257:E0M0X0
80:E257:E0M0X0,80:E25A:E0M0X0
80:E25A:E0M0X0,80:E25D:E0M0X0
80:E25D:E0M0X0,80:E260:E0M0X0
80:E260:E0M0X0,80:E263:E0M0X0
80:E263:E0M0X0,80:DFAD:E0M0X0
80:E263:E0M0X0,80:DFFE:E0M0X0
80:E263:E0M0X0,80:E065:E0M0X0
80:E263:E0M0X0,80:E0A0:E0M0X0
80:E263:E0M0X0,80:E293:E0M0X0
80:E263:E0M0X0,80:E384:E0M0X0
80:E263:E0M0X0,80:E38B:E0M0X0
80:E264:E0M0X0,80:E267:E0M0X0
80:E267:E0M0X0,80:E26A:E0M0X0
80:E26A:E0M0X0,80:E26B:E0M0X0
80:E26B:E0M0X0,80:E26E:E0M0X0
80:E26E:E0M0X0,80:E26F:E0M0X0
80:E26F:E0M0X0,80:E271:E0M0X0
80:E271:E0M0X0,80:E3A3:E0M0X0
80:E274:E0M0X0,80:E278:E0M0X0
80:E278:E0M0X0,80:E279:E0M0X0
80:E279:E0M0X0,80:E27D:E0M0X0
80:E27D:E0M0X0,80:E27E:E0M0X0
80:E27E:E0M0X0,80:E280:E0M0X0
80:E280:E0M0X0,80:E281:E0M0X0
80:E281:E0M0X0,80:E285:E0M0X0
80:E285:E0M0X0,80:E288:E0M0X0
80:E288:E0M0X0,80:E28A:E0M0X0
80:E288:E0M0X0,80:E28D:E0M0X0
80:E28A:E0M0X0,80:E28D:E0M0X0
80:E28D:E0M0X0,80:E290:E0M0X0
80:E290:E0M0X0,80:E297:E0M0X0
80:E293:E0M0X0,80:E294:E0M0X0
80:E294:E0M0X0,80:E297:E0M0X0
80:E297:E0M0X0,80:E298:E0M0X0
80:E298:E0M0X0,80:E299:E0M0X0
80:E299:E0M0X0,80:E29C:E0M0X0
80:E29C:E0M0X0,80:E29D:E0M0X0
80:E29D:E0M0X0,80:E29F:E0M0X0
80:E29F:E0M0X0,80:E3A3:E0M0X0
80:E2A2:E0M0X0,80:E2A6:E0M0X0
80:E2A6:E0M0X0,80:E2A7:E0M0X0
80:E2A7:E0M0X0,80:E2AB:E0M0X0
80:E2AB:E0M0X0,80:E2AC:E0M0X0
80:E2AC:E0M0X0,80:E2AE:E0M0X0
80:E2AE:E0M0X0,80:E2AF:E0M0X0
80:E2AF:E0M0X0,80:E2B2:E0M0X0
80:E2B2:E0M0X0,80:E2B6:E0M0X0
80:E2B6:E0M0X0,80:E2B7:E0M0X0
80:E2B7:E0M0X0,80:E186:E0M0X0
80:E2BA:E0M0X0,80:E2BB:E0M0X0
80:E2BB:E0M0X0,80:E2BF:E0M0X0
80:E2BF:E0M0X0,80:E2C0:E0M0X0
80:E2C0:E0M0X0,80:E2C4:E0M0X0
80:E2C4:E0M0X0,80:E2C5:E0M0X0
80:E2C5:E0M0X0,80:E2C9:E0M0X0
80:E2C9:E0M0X0,80:E2CA:E0M0X0
80:E2CA:E0M0X0,80:E2CE:E0M0X0
80:E2CE:E0M0X0,80:E2CF:E0M0X0
80:E2CF:E0M0X0,80:E2D3:E0M0X0
80:E2D3:E0M0X0,80:E2D4:E0M0X0
80:E2D4:E0M0X0,80:E2D8:E0M0X0
80:E2D8:E0M0X0,80:E2DB:E0M0X0
80:E2DB:E0M0X0,80:E2DF:E0M0X0
80:E2DF:E0M0X0,80:E2E0:E0M0X0
80:E2E0:E0M0X0,80:E2E4:E0M0X0
80:E2E4:E0M0X0,80:E2E5:E0M0X0
80:E2E5:E0M0X0,80:E2E9:E0M0X0
80:E2E9:E0M0X0,80:E2EA:E0M0X0
80:E2EA:E0M0X0,80:E2EE:E0M0X0
80:E2EE:E0M0X0,80:E2EF:E0M0X0
80:E2EF:E0M0X0,80:E2F0:E0M0X0
80:E2F0:E0M0X0,80:E2F3:E0M0X0
80:E2F3:E0M0X0,80:E2F6:E0M0X0
80:E2F6:E0M0X0,80:E2F7:E0M0X0
80:E2F7:E0M0X0,80:E2FA:E0M0X0
80:E2FA:E0M0X0,80:E2FE:E0M0X0
80:E2FE:E0M0X0,80:E2FF:E0M0X0
80:E2FF:E0M0X0,80:E302:E0M0X0
80:E302:E0M0X0,80:E305:E0M0X0
80:E305:E0M0X0,80:E361:E0M0X0
80:E305:E0M0X0,80:E373:E0M0X0
80:E306:E0M0X0,80:E307:E0M0X0
80:E307:E0M0X0,80:E308:E0M0X0
80:E308:E0M0X0,80:E309:E0M0X0
80:E309:E0M0X0,80:E30C:E0M0X0
80:E30C:E0M0X0,80:E30D:E0M0X0
80:E30D:E0M0X0,80:E30F:E0M0X0
80:E30F:E0M0X0,80:E3A3:E0M0X0
80:E312:E0M0X0,80:E316:E0M0X0
80:E316:E0M0X0,80:E317:E0M0X0
80:E317:E0M0X0,80:E31B:E0M0X0
80:E31B:E0M0X0,80:E31C:E0M0X0
80:E31C:E0M0X0,80:E31E:E0M0X0
80:E31E:E0M0X0,80:E31F:E0M0X0
80:E31F:E0M0X0,80:E320:E0M0X0
80:E320:E0M0X0,80:E324:E0M0X0
80:E324:E0M0X0,80:E325:E0M0X0
80:E325:E0M0X0,80:E186:E0M0X0
80:E328:E0M0X0,80:E32B:E0M0X0
80:E32B:E0M0X0,80:E32E:E0M0X0
80:E32E:E0M0X0,80:E331:E0M0X0
80:E331:E0M0X0,80:F7F0:E0M0X0
80:E334:E0M0X0,80:E336:E0M0X0
80:E334:E0M0X0,80:E38D:E0M0X0
80:E336:E0M0X0,80:E339:E0M0X0
80:E339:E0M0X0,80:E33C:E0M0X0
80:E33C:E0M0X0,80:E33E:E0M0X0
80:E33C:E0M0X0,80:E38D:E0M0X0
80:E33E:E0M0X0,80:E33F:E0M0X0
80:E33F:E0M0X0,80:F7F0:E0M0X0
80:E342:E0M0X0,80:E344:E0M0X0
80:E342:E0M0X0,80:E38D:E0M0X0
80:E344:E0M0X0,80:E347:E0M0X0
80:E347:E0M0X0,80:E34A:E0M0X0
80:E34A:E0M0X0,80:E34C:E0M0X0
80:E34A:E0M0X0,80:E38D:E0M0X0
80:E34C:E0M0X0,80:E34D:E0M0X0
80:E34D:E0M0X0,80:E350:E0M0X0
80:E350:E0M0X0,80:E352:E0M0X0
80:E350:E0M0X0,80:E361:E0M0X0
80:E352:E0M0X0,80:E3A3:E0M0X0
80:E355:E0M0X0,80:E359:E0M0X0
80:E359:E0M0X0,80:E35C:E0M0X0
80:E35C:E0M0X0,80:E35E:E0M0X0
80:E35C:E0M0X0,80:E361:E0M0X0
80:E35E:E0M0X0,80:E2BA:E0M0X0
80:E361:E0M0X0,80:E364:E0M0X0
80:E364:E0M0X0,80:E3A3:E0M0X0
80:E367:E0M0X0,80:E36B:E0M0X0
80:E36B:E0M0X0,80:E36E:E0M0X0
80:E36E:E0M0X0,80:E370:E0M0X0
80:E36E:E0M0X0,80:E373:E0M0X0
80:E370:E0M0X0,80:E2BA:E0M0X0
80:E373:E0M0X0,80:E376:E0M0X0
80:E376:E0M0X0,80:E379:E0M0X0
80:E379:E0M0X0,80:E37A:E0M0X0
80:E37A:E0M0X0,80:E37D:E0M0X0
80:E37D:E0M0X0,80:E380:E0M0X0
80:E380:E0M0X0,80:E381:E0M0X0
80:E381:E0M0X0,80:E306:E0M0X0
80:E384:E0M0X0,80:E387:E0M0X0
80:E387:E0M0X0,80:E388:E0M0X0
80:E388:E0M0X0,80:E306:E0M0X0
80:E38B:E0M0X0,80:E38C:E0M0X0
80:E38C:E0M0X0,80:DD58:E0M0X0
80:E38C:E0M0X0,80:E0E1:E0M0X0
80:E38C:E0M0X0,80:E0F0:E0M0X0
80:E38C:E0M0X0,80:E0FF:E0M0X0
80:E38C:E0M0X0,80:E149:E0M0X0
80:E38C:E0M0X0,80:E158:E0M0X0
80:E38C:E0M0X0,80:E167:E0M0X0
80:E38D:E0M0X0,80:E38E:E0M0X0
80:E38E:E0M0X0,80:DD58:E0M0X0
80:E38E:E0M0X0,80:E0E1:E0M0X0
80:E38E:E0M0X0,80:E0F0:E0M0X0
80:E38E:E0M0X0,80:E0FF:E0M0X0
80:E38E:E0M0X0,80:E149:E0M0X0
80:E38E:E0M0X0,80:E158:E0M0X0
80:E38E:E0M0X0,80:E167:E0M0X0
80:E3A3:E0M0X0,80:E3A4:E0M0X0
80:E3A4:E0M0X0,80:E3A6:E0M1X1
80:E3A6:E0M1X1,80:E3A9:E0M1X1
80:E3A9:E0M1X1,80:E3AB:E0M1X1
80:E3AB:E0M1X1,80:E3AE:E0M1X1
80:E3AE:E0M1X1,80:E3B0:E0M0X0
80:E3B0:E0M0X0,80:E3B1:E0M0X0
80:E3B1:E0M0X0,80:E3B2:E0M0X0
80:E3B2:E0M0X0,80:E3B3:E0M0X0
80:E3B3:E0M0X0,80:E3B4:E0M0X0
80:E3B4:E0M0X0,80:E3B7:E0M0X0
80:E3B7:E0M0X0,80:E3B8:E0M0X0
80:E3B8:E0M0X0,80:E274:E0M0X0
80:E3B8:E0M0X0,80:E2A2:E0M0X0
80:E3B8:E0M0X0,80:E312:E0M0X0
80:E3B8:E0M0X0,80:E355:E0M0X0
80:E3B8:E0M0X0,80:E367:E0M0X0
80:E3B9:E0M1X1,80:E3BC:E0M1X1
80:E3BC:E0M1X1,80:E3BE:E0M1X1
80:E3BC:E0M1X1,80:E3C6:E0M1X1
80:E3BE:E0M1X1,80:E3C0:E0M1X1
80:E3C0:E0M1X1,80:E3E8:E0M1X1
80:E3C3:E0M1X1,80:E478:E0M1X1
80:E3C6:E0M1X1,80:E3C9:E0M1X1
80:E3C9:E0M1X1,80:E3CB:E0M1X1
80:E3C9:E0M1X1,80:E3D3:E0M1X1
80:E3CB:E0M1X1,80:E3CD:E0M1X1
80:E3CD:E0M1X1,80:E3E8:E0M1X1
80:E3D0:E0M1X1,80:E478:E0M1X1
80:E3D3:E0M1X1,80:E3D6:E0M1X1
80:E3D6:E0M1X1,80:E3D8:E0M1X1
80:E3D6:E0M1X1,80:E3DD:E0M1X1
80:E3D8:E0M1X1,80:E3DA:E0M1X1
80:E3DA:E0M1X1,80:E3E8:E0M1X1
80:E3DD:E0M1X1,80:E3E0:E0M1X1
80:E3E0:E0M1X1,80:E3E2:E0M1X1
80:E3E0:E0M1X1,80:E3E7:E0M1X1
80:E3E2:E0M1X1,80:E3E4:E0M1X1
80:E3E4:E0M1X1,80:E3E8:E0M1X1
80:E3E7:E0M1X1,80:B9E7:E0M1X1
80:E3E7:E0M1X1,80:BA7D:E0M1X1
80:E3E8:E0M1X1,80:E3EB:E0M1X1
80:E3EB:E0M1X1,80:E3ED:E0M1X1
80:E3EB:E0M1X1,80:E3F3:E0M1X1
80:E3ED:E0M1X1,80:E3F0:E0M1X1
80:E3F0:E0M1X1,80:E3F2:E0M1X1
80:E3F0:E0M1X1,80:E3F6:E0M1X1
80:E3F2:E0M1X1,80:E3C3:E0M1X1
80:E3F2:E0M1X1,80:E3D0:E0M1X1
80:E3F2:E0M1X1,80:E3DD:E0M1X1
80:E3F2:E0M1X1,80:E3E7:E0M1X1
80:E3F3:E0M1X1,80:E4D4:E0M1X1
80:E3F6:E0M1X1,80:E3F8:E0M1X1
80:E3F8:E0M1X1,80:E3FA:E0M1X1
80:E3FA:E0M1X1,80:E3FC:E0M1X1
80:E3FC:E0M1X1,80:E3FE:E0M1X1
80:E3FE:E0M1X1,80:E400:E0M1X1
80:E400:E0M1X1,80:E402:E0M1X1
80:E402:E0M1X1,80:E404:E0M1X1
80:E404:E0M1X1,80:E406:E0M1X1
80:E406:E0M1X1,80:E408:E0M1X1
80:E408:E0M1X1,80:E40A:E0M1X1
80:E408:E0M1X1,80:E40E:E0M1X1
80:E40A:E0M1X1,80:E40C:E0M1X1
80:E40C:E0M1X1,80:E40E:E0M1X1
80:E40E:E0M1X1,80:E410:E0M1X1
80:E410:E0M1X1,80:E412:E0M1X1
80:E410:E0M1X1,80:E416:E0M1X1
80:E412:E0M1X1,80:E414:E0M1X1
80:E414:E0M1X1,80:E416:E0M1X1
80:E416:E0M1X1,80:E418:E0M1X1
80:E418:E0M1X1,80:E41A:E0M1X1
80:E41A:E0M1X1,80:E41C:E0M1X1
80:E41C:E0M1X1,80:E41E:E0M1X1
80:E41E:E0M1X1,80:E41F:E0M1X1
80:E41F:E0M1X1,80:E418:E0M1X1
80:E41F:E0M1X1,80:E421:E0M1X1
80:E421:E0M1X1,80:E423:E0M1X1
80:E423:E0M1X1,80:E425:E0M1X1
80:E423:E0M1X1,80:E433:E0M1X1
80:E425:E0M1X1,80:E427:E0M1X1
80:E427:E0M1X1,80:E429:E0M1X1
80:E429:E0M1X1,80:E42B:E0M1X1
80:E429:E0M1X1,80:E43F:E0M1X1
80:E42B:E0M1X1,80:E42D:E0M1X1
80:E42D:E0M1X1,80:E42F:E0M1X1
80:E42F:E0M1X1,80:E431:E0M1X1
80:E431:E0M1X1,80:E43F:E0M1X1
80:E433:E0M1X1,80:E435:E0M1X1
80:E435:E0M1X1,80:E437:E0M1X1
80:E437:E0M1X1,80:E439:E0M1X1
80:E437:E0M1X1,80:E43F:E0M1X1
80:E439:E0M1X1,80:E43B:E0M1X1
80:E43B:E0M1X1,80:E43D:E0M1X1
80:E43D:E0M1X1,80:E43F:E0M1X1
80:E43F:E0M1X1,80:E441:E0M1X1
80:E441:E0M1X1,80:E443:E0M1X1
80:E443:E0M1X1,80:E445:E0M1X1
80:E445:E0M1X1,80:E447:E0M1X1
80:E447:E0M1X1,80:E448:E0M1X1
80:E448:E0M1X1,80:E441:E0M1X1
80:E448:E0M1X1,80:E44A:E0M1X1
80:E44A:E0M1X1,80:E44D:E0M1X1
80:E44D:E0M1X1,80:E450:E0M1X1
80:E450:E0M1X1,80:E451:E0M1X1
80:E451:E0M1X1,80:E453:E0M1X1
80:E453:E0M1X1,80:E456:E0M1X1
80:E456:E0M1X1,80:E458:E0M0X0
80:E458:E0M0X0,80:E45B:E0M0X0
80:E45B:E0M0X0,80:E45D:E0M0X0
80:E45D:E0M0X0,80:E460:E0M0X0
80:E460:E0M0X0,80:E462:E0M1X1
80:E462:E0M1X1,80:E465:E0M1X1
80:E465:E0M1X1,80:E466:E0M1X1
80:E466:E0M1X1,80:E468:E0M1X1
80:E468:E0M1X1,80:E46B:E0M1X1
80:E46B:E0M1X1,80:E46D:E0M0X0
80:E46D:E0M0X0,80:E470:E0M0X0
80:E470:E0M0X0,80:E472:E0M0X0
80:E472:E0M0X0,80:E475:E0M0X0
80:E475:E0M0X0,80:E477:E0M1X1
80:E477:E0M1X1,80:E3C3:E0M1X1
80:E477:E0M1X1,80:E3D0:E0M1X1
80:E477:E0M1X1,80:E3DD:E0M1X1
80:E477:E0M1X1,80:E3E7:E0M1X1
80:E478:E0M1X1,80:E47B:E0M1X1
80:E47B:E0M1X1,80:E47D:E0M1X1
80:E47B:E0M1X1,80:E482:E0M1X1
80:E47D:E0M1X1,80:E480:E0M1X1
80:E480:E0M1X1,80:E482:E0M1X1
80:E480:E0M1X1,80:E4D3:E0M1X1
80:E482:E0M1X1,80:E483:E0M1X1
80:E483:E0M1X1,80:E484:E0M1X1
80:E484:E0M1X1,80:E485:E0M1X1
80:E485:E0M1X1,80:E486:E0M1X1
80:E486:E0M1X1,80:E488:E0M1X1
80:E488:E0M1X1,80:E48A:E0M1X1
80:E48A:E0M1X1,80:E48C:E0M1X1
80:E48C:E0M1X1,80:E48E:E0M1X1
80:E48E:E0M1X1,80:E48F:E0M1X1
80:E48F:E0M1X1,80:E492:E0M1X1
80:E492:E0M1X1,80:E495:E0M1X1
80:E495:E0M1X1,80:E498:E0M1X1
80:E498:E0M1X1,80:E49A:E0M0X0
80:E49A:E0M0X0,80:E49C:E0M0X0
80:E49C:E0M0X0,80:E49F:E0M0X0
80:E49F:E0M0X0,80:E4A0:E0M0X0
80:E4A0:E0M0X0,80:E4A3:E0M0X0
80:E4A3:E0M0X0,80:E4A4:E0M0X0
80:E4A4:E0M0X0,80:E4A7:E0M0X0
80:E4A7:E0M0X0,80:E4AA:E0M0X0
80:E4AA:E0M0X0,80:E4AD:E0M0X0
80:E4AD:E0M0X0,80:E4AF:E0M1X1
80:E4AF:E0M1X1,80:E4B2:E0M1X1
80:E4B2:E0M1X1,80:E4B3:E0M1X1
80:E4B3:E0M1X1,80:E4B5:E0M1X1
80:E4B5:E0M1X1,80:E4B8:E0M1X1
80:E4B8:E0M1X1,80:E4BB:E0M1X1
80:E4BB:E0M1X1,80:E4BD:E0M0X0
80:E4BD:E0M0X0,80:E4BF:E0M0X0
80:E4BF:E0M0X0,80:E4C2:E0M0X0
80:E4C2:E0M0X0,80:E4C3:E0M0X0
80:E4C3:E0M0X0,80:E4C6:E0M0X0
80:E4C6:E0M0X0,80:E4C7:E0M0X0
80:E4C7:E0M0X0,80:E4CA:E0M0X0
80:E4CA:E0M0X0,80:E4CD:E0M0X0
80:E4CD:E0M0X0,80:E4D0:E0M0X0
80:E4D0:E0M0X0,80:E4D2:E0M1X1
80:E4D2:E0M1X1,80:E4D3:E0M1X1
80:E4D3:E0M1X1,80:E3C6:E0M1X1
80:E4D3:E0M1X1,80:E3D3:E0M1X1
80:E4D4:E0M1X1,80:E4D5:E0M1X1
80:E4D5:E0M1X1,80:E4D8:E0M1X1
80:E4D8:E0M1X1,80:E4DA:E0M0X1
80:E4DA:E0M0X1,80:E4DD:E0M0X1
80:E4DD:E0M0X1,80:E4E0:E0M0X1
80:E4E0:E0M0X1,80:E4E2:E0M0X1
80:E4E0:E0M0X1,80:E4EA:E0M0X1
80:E4E2:E0M0X1,80:E4E5:E0M0X1
80:E4E5:E0M0X1,80:E4E8:E0M0X1
80:E4E8:E0M0X1,80:E4EA:E0M0X1
80:E4E8:E0M0X1,80:E55A:E0M0X1
80:E4EA:E0M0X1,80:E4ED:E0M0X1
80:E4ED:E0M0X1,80:E4EE:E0M0X1
80:E4EE:E0M0X1,80:E4F1:E0M0X1
80:E4F1:E0M0X1,80:E4F3:E0M0X1
80:E4F1:E0M0X1,80:E503:E0M0X1
80:E4F3:E0M0X1,80:E4F5:E0M0X1
80:E4F3:E0M0X1,80:E508:E0M0X1
80:E4F5:E0M0X1,80:E4F8:E0M0X1
80:E4F8:E0M0X1,80:E4FA:E0M0X1
80:E4F8:E0M0X1,80:E4FF:E0M0X1
80:E4FA:E0M0X1,80:E4FD:E0M0X1
80:E4FD:E0M0X1,80:E51C:E0M0X1
80:E4FF:E0M0X1,80:E500:E0M0X1
80:E500:E0M0X1,80:E501:E0M0X1
80:E501:E0M0X1,80:E51C:E0M0X1
80:E503:E0M0X1,80:E506:E0M0X1
80:E506:E0M0X1,80:E51C:E0M0X1
80:E508:E0M0X1,80:E50B:E0M0X1
80:E50B:E0M0X1,80:E50D:E0M0X1
80:E50B:E0M0X1,80:E519:E0M0X1
80:E50D:E0M0X1,80:E510:E0M0X1
80:E510:E0M0X1,80:E511:E0M0X1
80:E511:E0M0X1,80:E512:E0M0X1
80:E512:E0M0X1,80:E513:E0M0X1
80:E513:E0M0X1,80:E516:E0M0X1
80:E516:E0M0X1,80:E517:E0M0X1
80:E517:E0M0X1,80:E51C:E0M0X1
80:E519:E0M0X1,80:E51C:E0M0X1
80:E51C:E0M0X1,80:E51E:E0M1X1
80:E51E:E0M1X1,80:E520:E0M1X1
80:E520:E0M1X1,80:E522:E0M0X1
80:E522:E0M0X1,80:E525:E0M0X1
80:E525:E0M0X1,80:E526:E0M0X1
80:E526:E0M0X1,80:E529:E0M0X1
80:E529:E0M0X1,80:E52B:E0M0X1
80:E529:E0M0X1,80:E53B:E0M0X1
80:E52B:E0M0X1,80:E52D:E0M0X1
80:E52B:E0M0X1,80:E540:E0M0X1
80:E52D:E0M0X1,80:E530:E0M0X1
80:E530:E0M0X1,80:E532:E0M0X1
80:E530:E0M0X1,80:E537:E0M0X1
80:E532:E0M0X1,80:E535:E0M0X1
80:E535:E0M0X1,80:E554:E0M0X1
80:E537:E0M0X1,80:E538:E0M0X1
80:E538:E0M0X1,80:E539:E0M0X1
80:E539:E0M0X1,80:E554:E0M0X1
80:E53B:E0M0X1,80:E53E:E0M0X1
80:E53E:E0M0X1,80:E554:E0M0X1
80:E540:E0M0X1,80:E543:E0M0X1
80:E543:E0M0X1,80:E545:E0M0X1
80:E543:E0M0X1,80:E551:E0M0X1
80:E545:E0M0X1,80:E548:E0M0X1
80:E548:E0M0X1,80:E549:E0M0X1
80:E549:E0M0X1,80:E54A:E0M0X1
80:E54A:E0M0X1,80:E54B:E0M0X1
80:E54B:E0M0X1,80:E54E:E0M0X1
80:E54E:E0M0X1,80:E54F:E0M0X1
80:E54F:E0M0X1,80:E554:E0M0X1
80:E551:E0M0X1,80:E554:E0M0X1
80:E554:E0M0X1,80:E556:E0M1X1
80:E556:E0M1X1,80:E558:E0M1X1
80:E558:E0M1X1,80:E568:E0M1X1
80:E55A:E0M0X1,80:E55C:E0M1X1
80:E55C:E0M1X1,80:E55E:E0M1X1
80:E55E:E0M1X1,80:E560:E0M1X1
80:E560:E0M1X1,80:E563:E0M1X1
80:E563:E0M1X1,80:E565:E0M1X1
80:E565:E0M1X1,80:E568:E0M1X1
80:E568:E0M1X1,80:E56B:E0M1X1
80:E56B:E0M1X1,80:E56C:E0M1X1
80:E56C:E0M1X1,80:E3F6:E0M1X1
80:E56D:E0M0X0,80:E570:E0M0X0
80:E570:E0M0X0,80:E573:E0M0X0
80:E573:E0M0X0,80:E5D0:E0M0X0
80:E573:E0M0X0,80:E5D5:E0M0X0
80:E573:E0M0X0,80:E5EB:E0M0X0
80:E573:E0M0X0,80:E5F0:E0M0X0
80:E573:E0M0X0,80:EC28:E0M0X0
80:E573:E0M0X0,80:EC2D:E0M0X0
80:E573:E0M0X0,80:EC45:E0M0X0
80:E573:E0M0X0,80:EC4A:E0M0X0
80:E574:E0M0X0,80:E576:E0M0X0
80:E576:E0M0X0,80:E578:E0M0X0
80:E578:E0M0X0,80:E57A:E0M0X0
80:E57A:E0M0X0,80:E57C:E0M0X0
80:E57C:E0M0X0,80:E57F:E0M0X0
80:E57F:E0M0X0,80:E582:E0M0X0
80:E582:E0M0X0,80:E585:E0M0X0
80:E585:E0M0X0,80:E588:E0M0X0
80:E588:E0M0X0,80:E58B:E0M0X0
80:E58B:E0M0X0,80:E58D:E0M0X0
80:E58B:E0M0X0,80:E5B9:E0M0X0
80:E58D:E0M0X0,80:E590:E0M0X0
80:E590:E0M0X0,80:E592:E0M0X0
80:E590:E0M0X0,80:E595:E0M0X0
80:E592:E0M0X0,80:EA6B:E0M0X0
80:E595:E0M0X0,80:E598:E0M0X0
80:E598:E0M0X0,80:E59B:E0M0X0
80:E59B:E0M0X0,80:E59D:E0M0X0
80:E59B:E0M0X0,80:E5A0:E0M0X0
80:E59D:E0M0X0,80:EB57:E0M0X0
80:E5A0:E0M0X0,80:E5A3:E0M0X0
80:E5A3:E0M0X0,80:E5A6:E0M0X0
80:E5A6:E0M0X0,80:E5A8:E0M0X0
80:E5A6:E0M0X0,80:E5AB:E0M0X0
80:E5A8:E0M0X0,80:EE22:E0M0X0
80:E5AB:E0M0X0,80:E5AE:E0M0X0
80:E5AE:E0M0X0,80:E5B1:E0M0X0
80:E5B1:E0M0X0,80:E5B3:E0M0X0
80:E5B1:E0M0X0,80:E5B6:E0M0X0
80:E5B3:E0M0X0,80:EF0E:E0M0X0
80:E5B6:E0M0X0,80:E5B9:E0M0X0
80:E5B9:E0M0X0,80:BE3B:E0M0X0
80:E5BA:E0M0X0,80:E5BC:E0M0X0
80:E5BC:E0M0X0,80:E5BF:E0M0X0
80:E5BF:E0M0X0,80:E5C1:E0M0X0
80:E5C1:E0M0X0,80:E5C3:E0M0X0
80:E5C3:E0M0X0,80:E5C6:E0M0X0
80:E5C6:E0M0X0,80:E5C7:E0M0X0
80:E5C7:E0M0X0,80:E5C9:E0M0X0
80:E5C9:E0M0X0,80:E5CB:E0M0X0
80:E5C9:E0M0X0,80:E5D5:E0M0X0
80:E5CB:E0M0X0,80:E5CD:E0M0X0
80:E5CB:E0M0X0,80:E5D2:E0M0X0
80:E5CD:E0M0X0,80:E68D:E0M0X0
80:E5D0:E0M0X0,80:E5D5:E0M0X0
80:E5D2:E0M0X0,80:E63B:E0M0X0
80:E5D5:E0M0X0,80:E5D7:E0M0X0
80:E5D7:E0M0X0,80:E5DA:E0M0X0
80:E5DA:E0M0X0,80:E5DC:E0M0X0
80:E5DC:E0M0X0,80:E5DE:E0M0X0
80:E5DE:E0M0X0,80:E5E1:E0M0X0
80:E5E1:E0M0X0,80:E5E2:E0M0X0
80:E5E2:E0M0X0,80:E5E4:E0M0X0
80:E5E4:E0M0X0,80:E5E6:E0M0X0
80:E5E4:E0M0X0,80:E5F0:E0M0X0
80:E5E6:E0M0X0,80:E5E8:E0M0X0
80:E5E6:E0M0X0,80:E5ED:E0M0X0
80:E5E8:E0M0X0,80:E618:E0M0X0
80:E5EB:E0M0X0,80:E5F0:E0M0X0
80:E5ED:E0M0X0,80:E5F1:E0M0X0
80:E5F0:E0M0X0,80:BA91:E0M0X0
80:E5F1:E0M0X0,80:E5F4:E0M0X0
80:E5F4:E0M0X0,80:E5F5:E0M0X0
80:E5F5:E0M0X0,80:E5F8:E0M0X0
80:E5F8:E0M0X0,80:E5FB:E0M0X0
80:E5FB:E0M0X0,80:E5FC:E0M0X0
80:E5FC:E0M0X0,80:E5FF:E0M0X0
80:E5FF:E0M0X0,80:E600:E0M0X0
80:E600:E0M0X0,80:E603:E0M0X0
80:E603:E0M0X0,80:E605:E0M0X0
80:E605:E0M0X0,80:E608:E0M0X0
80:E608:E0M0X0,80:E60A:E0M0X0
80:E608:E0M0X0,80:E60C:E0M0X0
80:E60A:E0M0X0,80:E60B:E0M0X0
80:E60B:E0M0X0,80:E60C:E0M0X0
80:E60C:E0M0X0,80:E60F:E0M0X0
80:E60F:E0M0X0,80:E755:E0M0X0
80:E612:E0M0X0,80:E615:E0M0X0
80:E615:E0M0X0,80:E56D:E0M0X0
80:E618:E0M0X0,80:E61B:E0M0X0
80:E61B:E0M0X0,80:E61C:E0M0X0
80:E61C:E0M0X0,80:E61F:E0M0X0
80:E61F:E0M0X0,80:E622:E0M0X0
80:E622:E0M0X0,80:E623:E0M0X0
80:E623:E0M0X0,80:E626:E0M0X0
80:E626:E0M0X0,80:E628:E0M0X0
80:E628:E0M0X0,80:E62B:E0M0X0
80:E62B:E0M0X0,80:E62D:E0M0X0
80:E62B:E0M0X0,80:E62F:E0M0X0
80:E62D:E0M0X0,80:E62E:E0M0X0
80:E62E:E0M0X0,80:E62F:E0M0X0
80:E62F:E0M0X0,80:E632:E0M0X0
80:E632:E0M0X0,80:E755:E0M0X0
80:E635:E0M0X0,80:E638:E0M0X0
80:E638:E0M0X0,80:E56D:E0M0X0
80:E63B:E0M0X0,80:E63D:E0M0X0
80:E63D:E0M0X0,80:E63E:E0M0X0
80:E63E:E0M0X0,80:E63F:E0M0X0
80:E63F:E0M0X0,80:E640:E0M0X0
80:E640:E0M0X0,80:E643:E0M0X0
80:E643:E0M0X0,80:E645:E0M0X0
80:E645:E0M0X0,80:E647:E0M0X0
80:E645:E0M0X0,80:E64A:E0M0X0
80:E647:E0M0X0,80:E64A:E0M0X0
80:E64A:E0M0X0,80:E64D:E0M0X0
80:E64D:E0M0X0,80:E64F:E0M0X0
80:E64F:E0M0X0,80:E652:E0M0X0
80:E652:E0M0X0,80:E654:E0M0X0
80:E652:E0M0X0,80:E66B:E0M0X0
80:E654:E0M0X0,80:E657:E0M0X0
80:E657:E0M0X0,80:E658:E0M0X0
80:E658:E0M0X0,80:E65B:E0M0X0
80:E65B:E0M0X0,80:E65C:E0M0X0
80:E65C:E0M0X0,80:E65F:E0M0X0
80:E65F:E0M0X0,80:E662:E0M0X0
80:E662:E0M0X0,80:E8E0:E0M0X0
80:E665:E0M0X0,80:E668:E0M0X0
80:E668:E0M0X0,80:E56D:E0M0X0
80:E66B:E0M0X0,80:E66D:E0M0X0
80:E66D:E0M0X0,80:E66E:E0M0X0
80:E66E:E0M0X0,80:E670:E0M0X0
80:E670:E0M0X0,80:E673:E0M0X0
80:E673:E0M0X0,80:E675:E0M0X0
80:E673:E0M0X0,80:E68C:E0M0X0
80:E675:E0M0X0,80:E678:E0M0X0
80:E678:E0M0X0,80:E679:E0M0X0
80:E679:E0M0X0,80:E67C:E0M0X0
80:E67C:E0M0X0,80:E67D:E0M0X0
80:E67D:E0M0X0,80:E680:E0M0X0
80:E680:E0M0X0,80:E683:E0M0X0
80:E683:E0M0X0,80:E8E0:E0M0X0
80:E686:E0M0X0,80:E689:E0M0X0
80:E689:E0M0X0,80:E56D:E0M0X0
80:E68C:E0M0X0,80:E5D5:E0M0X0
80:E68D:E0M0X0,80:E68F:E0M0X0
80:E68F:E0M0X0,80:E690:E0M0X0
80:E690:E0M0X0,80:E691:E0M0X0
80:E691:E0M0X0,80:E692:E0M0X0
80:E692:E0M0X0,80:E695:E0M0X0
80:E695:E0M0X0,80:E697:E0M0X0
80:E697:E0M0X0,80:E699:E0M0X0
80:E697:E0M0X0,80:E69C:E0M0X0
80:E699:E0M0X0,80:E69C:E0M0X0
80:E69C:E0M0X0,80:E69F:E0M0X0
80:E69F:E0M0X0,80:E6A1:E0M0X0
80:E6A1:E0M0X0,80:E6A4:E0M0X0
80:E6A4:E0M0X0,80:E6A6:E0M0X0
80:E6A4:E0M0X0,80:E6BA:E0M0X0
80:E6A6:E0M0X0,80:E6A9:E0M0X0
80:E6A9:E0M0X0,80:E6AA:E0M0X0
80:E6AA:E0M0X0,80:E6AB:E0M0X0
80:E6AB:E0M0X0,80:E6AE:E0M0X0
80:E6AE:E0M0X0,80:E6B1:E0M0X0
80:E6B1:E0M0X0,80:E8E0:E0M0X0
80:E6B4:E0M0X0,80:E6B7:E0M0X0
80:E6B7:E0M0X0,80:E56D:E0M0X0
80:E6BA:E0M0X0,80:E6BC:E0M0X0
80:E6BC:E0M0X0,80:E6BD:E0M0X0
80:E6BD:E0M0X0,80:E6BF:E0M0X0
80:E6BF:E0M0X0,80:E6C2:E0M0X0
80:E6C2:E0M0X0,80:E6C4:E0M0X0
80:E6C2:E0M0X0,80:E6D6:E0M0X0
80:E6C4:E0M0X0,80:E6C7:E0M0X0
80:E6C7:E0M0X0,80:E6CA:E0M0X0
80:E6CA:E0M0X0,80:E6CD:E0M0X0
80:E6CD:E0M0X0,80:E8E0:E0M0X0
80:E6D0:E0M0X0,80:E6D3:E0M0X0
80:E6D3:E0M0X0,80:E56D:E0M0X0
80:E6D6:E0M0X0,80:E5D0:E0M0X0
80:E6D7:E0M0X0,80:E6D9:E0M0X0
80:E6D9:E0M0X0,80:E6DB:E0M0X0
80:E6DB:E0M0X0,80:E6DE:E0M0X0
80:E6DE:E0M0X0,80:E6E1:E0M0X0
80:E6E1:E0M0X0,80:E6E4:E0M0X0
80:E6E4:E0M0X0,80:E6E6:E0M0X0
80:E6E6:E0M0X0,80:E6E9:E0M0X0
80:E6E9:E0M0X0,80:E6EA:E0M0X0
80:E6EA:E0M0X0,80:E6EB:E0M0X0
80:E6EB:E0M0X0,80:E6EC:E0M0X0
80:E6EC:E0M0X0,80:E6ED:E0M0X0
80:E6ED:E0M0X0,80:E6EF:E0M0X0
80:E6EF:E0M0X0,80:E6F1:E0M0X0
80:E6F1:E0M0X0,80:E6F4:E0M0X0
80:E6F4:E0M0X0,80:E6F7:E0M0X0
80:E6F7:E0M0X0,80:E6F8:E0M0X0
80:E6F8:E0M0X0,80:E6F9:E0M0X0
80:E6F9:E0M0X0,80:E6FA:E0M0X0
80:E6FA:E0M0X0,80:E6FD:E0M0X0
80:E6FD:E0M0X0,80:E700:E0M0X0
80:E700:E0M0X0,80:E703:E0M0X0
80:E703:E0M0X0,80:E704:E0M0X0
80:E704:E0M0X0,80:E706:E0M0X0
80:E706:E0M0X0,80:E709:E0M0X0
80:E709:E0M0X0,80:E70A:E0M0X0
80:E70A:E0M0X0,80:E70B:E0M0X0
80:E70B:E0M0X0,80:E70C:E0M0X0
80:E70C:E0M0X0,80:E70E:E0M0X0
80:E70E:E0M0X0,80:E710:E0M0X0
80:E710:E0M0X0,80:E713:E0M0X0
80:E713:E0M0X0,80:E716:E0M0X0
80:E716:E0M0X0,80:E717:E0M0X0
80:E717:E0M0X0,80:E718:E0M0X0
80:E718:E0M0X0,80:E719:E0M0X0
80:E719:E0M0X0,80:E71C:E0M0X0
80:E71C:E0M0X0,80:E71F:E0M0X0
80:E71F:E0M0X0,80:E722:E0M0X0
80:E722:E0M0X0,80:E723:E0M0X0
80:E723:E0M0X0,80:E725:E0M0X0
80:E725:E0M0X0,80:E728:E0M0X0
80:E728:E0M0X0,80:E72A:E0M0X0
80:E728:E0M0X0,80:E72C:E0M0X0
80:E72A:E0M0X0,80:E72B:E0M0X0
80:E72B:E0M0X0,80:E72C:E0M0X0
80:E72C:E0M0X0,80:E72F:E0M0X0
80:E72F:E0M0X0,80:E730:E0M0X0
80:E730:E0M0X0,80:E731:E0M0X0
80:E731:E0M0X0,80:E732:E0M0X0
80:E732:E0M0X0,80:E755:E0M0X0
80:E735:E0M0X0,80:EA6B:E0M0X0
80:E738:E0M0X0,80:E739:E0M0X0
80:E739:E0M0X0,80:E73A:E0M0X0
80:E73A:E0M0X0,80:E73B:E0M0X0
80:E73B:E0M0X0,80:E73C:E0M0X0
80:E73C:E0M0X0,80:E73D:E0M0X0
80:E73D:E0M0X0,80:E73E:E0M0X0
80:E73E:E0M0X0,80:ED3D:E0M0X0
80:E741:E0M0X0,80:EE22:E0M0X0
80:E744:E0M0X0,80:E745:E0M0X0
80:E745:E0M0X0,80:E746:E0M0X0
80:E746:E0M0X0,80:E747:E0M0X0
80:E747:E0M0X0,80:E748:E0M0X0
80:E748:E0M0X0,80:E749:E0M0X0
80:E749:E0M0X0,80:E74A:E0M0X0
80:E74A:E0M0X0,80:E74B:E0M0X0
80:E74B:E0M0X0,80:E74C:E0M0X0
80:E74C:E0M0X0,80:E74D:E0M0X0
80:E74D:E0M0X0,80:E74E:E0M0X0
80:E74E:E0M0X0,80:E74F:E0M0X0
80:E74F:E0M0X0,80:E752:E0M0X0
80:E752:E0M0X0,80:E72F:E0M0X0
80:E752:E0M0X0,80:E754:E0M0X0
80:E754:E0M0X0,80:BA16:E0M0X0
80:E755:E0M0X0,80:E756:E0M0X0
80:E756:E0M0X0,80:E757:E0M0X0
80:E757:E0M0X0,80:E75A:E0M0X0
80:E75A:E0M0X0,80:E75C:E0M0X0
80:E75C:E0M0X0,80:E75F:E0M0X0
80:E75F:E0M0X0,80:E761:E0M0X0
80:E761:E0M0X0,80:E764:E0M0X0
80:E764:E0M0X0,80:E766:E0M0X0
80:E766:E0M0X0,80:E7B0:E0M0X0
80:E769:E0M0X0,80:E76C:E0M0X0
80:E76C:E0M0X0,80:E76D:E0M0X0
80:E76D:E0M0X0,80:E76E:E0M0X0
80:E76E:E0M0X0,80:E771:E0M0X0
80:E771:E0M0X0,80:E774:E0M0X0
80:E774:E0M0X0,80:E777:E0M0X0
80:E777:E0M0X0,80:E779:E0M0X0
80:E777:E0M0X0,80:E77F:E0M0X0
80:E779:E0M0X0,80:E77C:E0M0X0
80:E77C:E0M0X0,80:E77F:E0M0X0
80:E77F:E0M0X0,80:E781:E0M0X0
80:E781:E0M0X0,80:E782:E0M0X0
80:E782:E0M0X0,80:E784:E0M0X0
80:E784:E0M0X0,80:E787:E0M0X0
80:E787:E0M0X0,80:E78A:E0M0X0
80:E78A:E0M0X0,80:E78B:E0M0X0
80:E78B:E0M0X0,80:E78E:E0M0X0
80:E78E:E0M0X0,80:E78F:E0M0X0
80:E78F:E0M0X0,80:E791:E0M0X0
80:E791:E0M0X0,80:E792:E0M0X0
80:E792:E0M0X0,80:E795:E0M0X0
80:E795:E0M0X0,80:E796:E0M0X0
80:E796:E0M0X0,80:E799:E0M0X0
80:E799:E0M0X0,80:E79C:E0M0X0
80:E79C:E0M0X0,80:E79F:E0M0X0
80:E79F:E0M0X0,80:E7A0:E0M0X0
80:E7A0:E0M0X0,80:E7A2:E0M0X0
80:E7A2:E0M0X0,80:E7A5:E0M0X0
80:E7A5:E0M0X0,80:E7A8:E0M0X0
80:E7A8:E0M0X0,80:E7A9:E0M0X0
80:E7A9:E0M0X0,80:E7AC:E0M0X0
80:E7AC:E0M0X0,80:E7AF:E0M0X0
80:E7AF:E0M0X0,80:E612:E0M0X0
80:E7AF:E0M0X0,80:E635:E0M0X0
80:E7AF:E0M0X0,80:E735:E0M0X0
80:E7B0:E0M0X0,80:E7B1:E0M0X0
80:E7B1:E0M0X0,80:E7B2:E0M0X0
80:E7B2:E0M0X0,80:E7B3:E0M0X0
80:E7B3:E0M0X0,80:E7B4:E0M0X0
80:E7B4:E0M0X0,80:E7B5:E0M0X0
80:E7B5:E0M0X0,80:E7B6:E0M0X0
80:E7B6:E0M0X0,80:E7B7:E0M0X0
80:E7B7:E0M0X0,80:E7B8:E0M0X0
80:E7B8:E0M0X0,80:E7B9:E0M0X0
80:E7B9:E0M0X0,80:E7BA:E0M0X0
80:E7BA:E0M0X0,80:E7BD:E0M0X0
80:E7BD:E0M0X0,80:E7BF:E0M0X0
80:E7BF:E0M0X0,80:E7D0:E0M0X0
80:E7C2:E0M0X0,80:E7C3:E0M0X0
80:E7C3:E0M0X0,80:E7C5:E0M0X0
80:E7C5:E0M0X0,80:E7C6:E0M0X0
80:E7C6:E0M0X0,80:E7C9:E0M0X0
80:E7C9:E0M0X0,80:E7CB:E0M0X0
80:E7CB:E0M0X0,80:E7CD:E0M0X0
80:E7CD:E0M0X0,80:E7BF:E0M0X0
80:E7CD:E0M0X0,80:E7CF:E0M0X0
80:E7CF:E0M0X0,80:E769:E0M0X0
80:E7CF:E0M0X0,80:ED51:E0M0X0
80:E7CF:E0M0X0,80:F1C3:E0M0X0
80:E7CF:E0M0X0,80:F57A:E0M0X0
80:E7D0:E0M0X0,80:E7D2:E0M0X0
80:E7D2:E0M0X0,80:E7D4:E0M0X0
80:E7D4:E0M0X0,80:E7D7:E0M0X0
80:E7D7:E0M0X0,80:E7D9:E0M0X0
80:E7D7:E0M0X0,80:E7E1:E0M0X0
80:E7D9:E0M0X0,80:E7DC:E0M0X0
80:E7DC:E0M0X0,80:E7DE:E0M0X0
80:E7DC:E0M0X0,80:E7E1:E0M0X0
80:E7DE:E0M0X0,80:E873:E0M0X0
80:E7E1:E0M0X0,80:E7E3:E0M0X0
80:E7E3:E0M0X0,80:E7E5:E0M0X0
80:E7E5:E0M0X0,80:E7E6:E0M0X0
80:E7E6:E0M0X0,80:E7E8:E0M0X0
80:E7E6:E0M0X0,80:E82C:E0M0X0
80:E7E8:E0M0X0,80:E7EC:E0M0X0
80:E7EC:E0M0X0,80:E7ED:E0M0X0
80:E7ED:E0M0X0,80:E7F1:E0M0X0
80:E7F1:E0M0X0,80:E7F4:E0M0X0
80:E7F4:E0M0X0,80:E7F8:E0M0X0
80:E7F8:E0M0X0,80:E7FB:E0M0X0
80:E7FB:E0M0X0,80:E7FF:E0M0X0
80:E7FF:E0M0X0,80:E802:E0M0X0
80:E802:E0M0X0,80:E806:E0M0X0
80:E806:E0M0X0,80:E809:E0M0X0
80:E809:E0M0X0,80:E80D:E0M0X0
80:E80D:E0M0X0,80:E80E:E0M0X0
80:E80E:E0M0X0,80:E812:E0M0X0
80:E812:E0M0X0,80:E815:E0M0X0
80:E815:E0M0X0,80:E819:E0M0X0
80:E819:E0M0X0,80:E81C:E0M0X0
80:E81C:E0M0X0,80:E820:E0M0X0
80:E820:E0M0X0,80:E823:E0M0X0
80:E823:E0M0X0,80:E827:E0M0X0
80:E827:E0M0X0,80:E82A:E0M0X0
80:E82A:E0M0X0,80:E86E:E0M0X0
80:E82C:E0M0X0,80:E830:E0M0X0
80:E830:E0M0X0,80:E831:E0M0X0
80:E831:E0M0X0,80:E835:E0M0X0
80:E835:E0M0X0,80:E838:E0M0X0
80:E838:E0M0X0,80:E83C:E0M0X0
80:E83C:E0M0X0,80:E83F:E0M0X0
80:E83F:E0M0X0,80:E843:E0M0X0
80:E843:E0M0X0,80:E846:E0M0X0
80:E846:E0M0X0,80:E84A:E0M0X0
80:E84A:E0M0X0,80:E84D:E0M0X0
80:E84D:E0M0X0,80:E851:E0M0X0
80:E851:E0M0X0,80:E852:E0M0X0
80:E852:E0M0X0,80:E856:E0M0X0
80:E856:E0M0X0,80:E859:E0M0X0
80:E859:E0M0X0,80:E85D:E0M0X0
80:E85D:E0M0X0,80:E860:E0M0X0
80:E860:E0M0X0,80:E864:E0M0X0
80:E864:E0M0X0,80:E867:E0M0X0
80:E867:E0M0X0,80:E86B:E0M0X0
80:E86B:E0M0X0,80:E86E:E0M0X0
80:E86E:E0M0X0,80:E870:E0M0X0
80:E870:E0M0X0,80:E872:E0M0X0
80:E872:E0M0X0,80:E7C2:E0M0X0
80:E873:E0M0X0,80:E875:E0M1X1
80:E875:E0M1X1,80:E876:E0M1X1
80:E876:E0M1X1,80:E877:E0M1X1
80:E877:E0M1X1,80:E87A:E0M1X1
80:E87A:E0M1X1,80:E87C:E0M1X1
80:E87C:E0M1X1,80:E87F:E0M1X1
80:E87F:E0M1X1,80:E881:E0M0X0
80:E881:E0M0X0,80:E882:E0M0X0
80:E882:E0M0X0,80:E883:E0M0X0
80:E883:E0M0X0,80:E884:E0M0X0
80:E884:E0M0X0,80:E887:E0M0X0
80:E887:E0M0X0,80:E888:E0M0X0
80:E888:E0M0X0,80:E889:E0M0X0
80:E889:E0M0X0,80:E88B:E0M0X0
80:E88B:E0M0X0,80:E88C:E0M0X0
80:E88C:E0M0X0,80:E890:E0M0X0
80:E890:E0M0X0,80:E891:E0M0X0
80:E891:E0M0X0,80:E893:E0M0X0
80:E893:E0M0X0,80:E897:E0M0X0
80:E897:E0M0X0,80:E89A:E0M0X0
80:E89A:E0M0X0,80:E89E:E0M0X0
80:E89E:E0M0X0,80:E8A1:E0M0X0
80:E8A1:E0M0X0,80:E8A5:E0M0X0
80:E8A5:E0M0X0,80:E8A8:E0M0X0
80:E8A8:E0M0X0,80:E8AC:E0M0X0
80:E8AC:E0M0X0,80:E8AF:E0M0X0
80:E8AF:E0M0X0,80:E8B0:E0M0X0
80:E8B0:E0M0X0,80:E8B1:E0M0X0
80:E8B1:E0M0X0,80:E8B4:E0M0X0
80:E8B4:E0M0X0,80:E8B5:E0M0X0
80:E8B5:E0M0X0,80:E8B7:E0M0X0
80:E8B7:E0M0X0,80:E8B8:E0M0X0
80:E8B8:E0M0X0,80:E8BC:E0M0X0
80:E8BC:E0M0X0,80:E8BD:E0M0X0
80:E8BD:E0M0X0,80:E8BF:E0M0X0
80:E8BF:E0M0X0,80:E8C3:E0M0X0
80:E8C3:E0M0X0,80:E8C6:E0M0X0
80:E8C6:E0M0X0,80:E8CA:E0M0X0
80:E8CA:E0M0X0,80:E8CD:E0M0X0
80:E8CD:E0M0X0,80:E8D1:E0M0X0
80:E8D1:E0M0X0,80:E8D4:E0M0X0
80:E8D4:E0M0X0,80:E8D8:E0M0X0
80:E8D8:E0M0X0,80:E8DB:E0M0X0
80:E8DB:E0M0X0,80:E8DD:E0M0X0
80:E8DD:E0M0X0,80:E8DF:E0M0X0
80:E8DF:E0M0X0,80:E7C2:E0M0X0
80:E8E0:E0M0X0,80:E8E1:E0M0X0
80:E8E1:E0M0X0,80:E8E2:E0M0X0
80:E8E2:E0M0X0,80:E8E5:E0M0X0
80:E8E5:E0M0X0,80:E8E7:E0M0X0
80:E8E7:E0M0X0,80:E8EA:E0M0X0
80:E8EA:E0M0X0,80:E8EC:E0M0X0
80:E8EC:E0M0X0,80:E8EF:E0M0X0
80:E8EF:E0M0X0,80:E8F1:E0M0X0
80:E8F1:E0M0X0,80:E96A:E0M0X0
80:E8F4:E0M0X0,80:E8F7:E0M0X0
80:E8F7:E0M0X0,80:E8FA:E0M0X0
80:E8FA:E0M0X0,80:E8FB:E0M0X0
80:E8FB:E0M0X0,80:E8FE:E0M0X0
80:E8FE:E0M0X0,80:E901:E0M0X0
80:E901:E0M0X0,80:E903:E0M0X0
80:E901:E0M0X0,80:E90C:E0M0X0
80:E903:E0M0X0,80:E906:E0M0X0
80:E906:E0M0X0,80:E909:E0M0X0
80:E909:E0M0X0,80:E90C:E0M0X0
80:E90C:E0M0X0,80:E90E:E0M0X0
80:E90E:E0M0X0,80:E911:E0M0X0
80:E911:E0M0X0,80:E914:E0M0X0
80:E914:E0M0X0,80:E917:E0M0X0
80:E917:E0M0X0,80:E918:E0M0X0
80:E918:E0M0X0,80:E91B:E0M0X0
80:E91B:E0M0X0,80:E91E:E0M0X0
80:E91E:E0M0X0,80:E91F:E0M0X0
80:E91F:E0M0X0,80:E920:E0M0X0
80:E920:E0M0X0,80:E923:E0M0X0
80:E923:E0M0X0,80:E926:E0M0X0
80:E926:E0M0X0,80:E927:E0M0X0
80:E927:E0M0X0,80:E928:E0M0X0
80:E928:E0M0X0,80:E92B:E0M0X0
80:E92B:E0M0X0,80:E92C:E0M0X0
80:E92C:E0M0X0,80:E92F:E0M0X0
80:E92F:E0M0X0,80:E932:E0M0X0
80:E932:E0M0X0,80:E933:E0M0X0
80:E933:E0M0X0,80:E936:E0M0X0
80:E936:E0M0X0,80:E939:E0M0X0
80:E939:E0M0X0,80:E93A:E0M0X0
80:E93A:E0M0X0,80:E93D:E0M0X0
80:E93D:E0M0X0,80:E940:E0M0X0
80:E940:E0M0X0,80:E943:E0M0X0
80:E943:E0M0X0,80:E944:E0M0X0
80:E944:E0M0X0,80:E946:E0M0X0
80:E946:E0M0X0,80:E947:E0M0X0
80:E947:E0M0X0,80:E94A:E0M0X0
80:E94A:E0M0X0,80:E94D:E0M0X0
80:E94D:E0M0X0,80:E94E:E0M0X0
80:E94E:E0M0X0,80:E951:E0M0X0
80:E951:E0M0X0,80:E954:E0M0X0
80:E954:E0M0X0,80:E956:E0M0X0
80:E954:E0M0X0,80:E963:E0M0X0
80:E956:E0M0X0,80:E959:E0M0X0
80:E959:E0M0X0,80:E95C:E0M0X0
80:E95C:E0M0X0,80:E95F:E0M0X0
80:E95F:E0M0X0,80:E962:E0M0X0
80:E962:E0M0X0,80:E665:E0M0X0
80:E962:E0M0X0,80:E686:E0M0X0
80:E962:E0M0X0,80:E6B4:E0M0X0
80:E962:E0M0X0,80:E6D0:E0M0X0
80:E963:E0M0X0,80:E966:E0M0X0
80:E966:E0M0X0,80:E969:E0M0X0
80:E969:E0M0X0,80:E665:E0M0X0
80:E969:E0M0X0,80:E686:E0M0X0
80:E969:E0M0X0,80:E6B4:E0M0X0
80:E969:E0M0X0,80:E6D0:E0M0X0
80:E96A:E0M0X0,80:E96B:E0M0X0
80:E96B:E0M0X0,80:E96C:E0M0X0
80:E96C:E0M0X0,80:E96D:E0M0X0
80:E96D:E0M0X0,80:E96E:E0M0X0
80:E96E:E0M0X0,80:E96F:E0M0X0
80:E96F:E0M0X0,80:E970:E0M0X0
80:E970:E0M0X0,80:E971:E0M0X0
80:E971:E0M0X0,80:E972:E0M0X0
80:E972:E0M0X0,80:E973:E0M0X0
80:E973:E0M0X0,80:E974:E0M0X0
80:E974:E0M0X0,80:E977:E0M0X0
80:E977:E0M0X0,80:E979:E0M0X0
80:E979:E0M0X0,80:E98A:E0M0X0
80:E97C:E0M0X0,80:E97D:E0M0X0
80:E97D:E0M0X0,80:E97F:E0M0X0
80:E97F:E0M0X0,80:E980:E0M0X0
80:E980:E0M0X0,80:E983:E0M0X0
80:E983:E0M0X0,80:E985:E0M0X0
80:E985:E0M0X0,80:E987:E0M0X0
80:E987:E0M0X0,80:E979:E0M0X0
80:E987:E0M0X0,80:E989:E0M0X0
80:E989:E0M0X0,80:E8F4:E0M0X0
80:E989:E0M0X0,80:EDAC:E0M0X0
80:E989:E0M0X0,80:F21E:E0M0X0
80:E989:E0M0X0,80:F5D5:E0M0X0
80:E98A:E0M0X0,80:E98C:E0M0X0
80:E98C:E0M0X0,80:E98E:E0M0X0
80:E98E:E0M0X0,80:E991:E0M0X0
80:E991:E0M0X0,80:E993:E0M0X0
80:E991:E0M0X0,80:E998:E0M0X0
80:E993:E0M0X0,80:E996:E0M0X0
80:E996:E0M0X0,80:E998:E0M0X0
80:E996:E0M0X0,80:EA0A:E0M0X0
80:E998:E0M0X0,80:E99B:E0M0X0
80:E99B:E0M0X0,80:E99C:E0M0X0
80:E99C:E0M0X0,80:E99D:E0M0X0
80:E99D:E0M0X0,80:E99F:E0M0X0
80:E99D:E0M0X0,80:E9A2:E0M0X0
80:E99F:E0M0X0,80:E9A2:E0M0X0
80:E9A2:E0M0X0,80:E9A4:E0M0X0
80:E9A4:E0M0X0,80:E9A6:E0M0X0
80:E9A6:E0M0X0,80:E9A8:E0M0X0
80:E9A8:E0M0X0,80:E9A9:E0M0X0
80:E9A9:E0M0X0,80:E9AB:E0M0X0
80:E9A9:E0M0X0,80:E9D9:E0M0X0
80:E9AB:E0M0X0,80:E9AF:E0M0X0
80:E9AF:E0M0X0,80:E9B0:E0M0X0
80:E9B0:E0M0X0,80:E9B2:E0M0X0
80:E9B2:E0M0X0,80:E9B3:E0M0X0
80:E9B3:E0M0X0,80:E9B7:E0M0X0
80:E9B7:E0M0X0,80:E9BA:E0M0X0
80:E9BA:E0M0X0,80:E9BE:E0M0X0
80:E9BE:E0M0X0,80:E9C1:E0M0X0
80:E9C1:E0M0X0,80:E9C5:E0M0X0
80:E9C5:E0M0X0,80:E9C6:E0M0X0
80:E9C6:E0M0X0,80:E9C8:E0M0X0
80:E9C8:E0M0X0,80:E9C9:E0M0X0
80:E9C9:E0M0X0,80:E9CD:E0M0X0
80:E9CD:E0M0X0,80:E9D0:E0M0X0
80:E9D0:E0M0X0,80:E9D4:E0M0X0
80:E9D4:E0M0X0,80:E9D7:E0M0X0
80:E9D7:E0M0X0,80:EA05:E0M0X0
80:E9D9:E0M0X0,80:E9DD:E0M0X0
80:E9DD:E0M0X0,80:E9DE:E0M0X0
80:E9DE:E0M0X0,80:E9E0:E0M0X0
80:E9E0:E0M0X0,80:E9E1:E0M0X0
80:E9E1:E0M0X0,80:E9E5:E0M0X0
80:E9E5:E0M0X0,80:E9E8:E0M0X0
80:E9E8:E0M0X0,80:E9EC:E0M0X0
80:E9EC:E0M0X0,80:E9EF:E0M0X0
80:E9EF:E0M0X0,80:E9F3:E0M0X0
80:E9F3:E0M0X0,80:E9F4:E0M0X0
80:E9F4:E0M0X0,80:E9F6:E0M0X0
80:E9F6:E0M0X0,80:E9F7:E0M0X0
80:E9F7:E0M0X0,80:E9FB:E0M0X0
80:E9FB:E0M0X0,80:E9FE:E0M0X0
80:E9FE:E0M0X0,80:EA02:E0M0X0
80:EA02:E0M0X0,80:EA05:E0M0X0
80:EA05:E0M0X0,80:EA07:E0M0X0
80:EA07:E0M0X0,80:EA09:E0M0X0
80:EA09:E0M0X0,80:E97C:E0M0X0
80:EA0A:E0M0X0,80:EA0C:E0M1X1
80:EA0C:E0M1X1,80:EA0D:E0M1X1
80:EA0D:E0M1X1,80:EA0E:E0M1X1
80:EA0E:E0M1X1,80:EA11:E0M1X1
80:EA11:E0M1X1,80:EA13:E0M1X1
80:EA13:E0M1X1,80:EA16:E0M1X1
80:EA16:E0M1X1,80:EA18:E0M0X0
80:EA18:E0M0X0,80:EA1B:E0M0X0
80:EA1B:E0M0X0,80:EA1C:E0M0X0
80:EA1C:E0M0X0,80:EA1D:E0M0X0
80:EA1D:E0M0X0,80:EA1F:E0M0X0
80:EA1D:E0M0X0,80:EA22:E0M0X0
80:EA1F:E0M0X0,80:EA22:E0M0X0
80:EA22:E0M0X0,80:EA24:E0M0X0
80:EA24:E0M0X0,80:EA25:E0M0X0
80:EA25:E0M0X0,80:EA28:E0M0X0
80:EA28:E0M0X0,80:EA29:E0M0X0
80:EA29:E0M0X0,80:EA2A:E0M0X0
80:EA2A:E0M0X0,80:EA2C:E0M0X0
80:EA2C:E0M0X0,80:EA2D:E0M0X0
80:EA2D:E0M0X0,80:EA31:E0M0X0
80:EA31:E0M0X0,80:EA32:E0M0X0
80:EA32:E0M0X0,80:EA34:E0M0X0
80:EA34:E0M0X0,80:EA35:E0M0X0
80:EA35:E0M0X0,80:EA39:E0M0X0
80:EA39:E0M0X0,80:EA3B:E0M0X0
80:EA3B:E0M0X0,80:EA3E:E0M0X0
80:EA3E:E0M0X0,80:EA42:E0M0X0
80:EA42:E0M0X0,80:EA45:E0M0X0
80:EA45:E0M0X0,80:EA46:E0M0X0
80:EA46:E0M0X0,80:EA47:E0M0X0
80:EA47:E0M0X0,80:EA4A:E0M0X0
80:EA4A:E0M0X0,80:EA4B:E0M0X0
80:EA4B:E0M0X0,80:EA4D:E0M0X0
80:EA4D:E0M0X0,80:EA4E:E0M0X0
80:EA4E:E0M0X0,80:EA52:E0M0X0
80:EA52:E0M0X0,80:EA53:E0M0X0
80:EA53:E0M0X0,80:EA55:E0M0X0
80:EA55:E0M0X0,80:EA56:E0M0X0
80:EA56:E0M0X0,80:EA5A:E0M0X0
80:EA5A:E0M0X0,80:EA5C:E0M0X0
80:EA5C:E0M0X0,80:EA5F:E0M0X0
80:EA5F:E0M0X0,80:EA63:E0M0X0
80:EA63:E0M0X0,80:EA66:E0M0X0
80:EA66:E0M0X0,80:EA68:E0M0X0
80:EA68:E0M0X0,80:EA6A:E0M0X0
80:EA6A:E0M0X0,80:E97C:E0M0X0
80:EA6B:E0M0X0,80:EA6D:E0M1X1
80:EA6D:E0M1X1,80:EA6F:E0M1X1
80:EA6F:E0M1X1,80:EA72:E0M1X1
80:EA72:E0M1X1,80:EA74:E0M1X1
80:EA74:E0M1X1,80:EA77:E0M1X1
80:EA77:E0M1X1,80:EA7A:E0M1X1
80:EA7A:E0M1X1,80:EA7C:E0M1X1
80:EA7C:E0M1X1,80:EA7F:E0M1X1
80:EA7F:E0M1X1,80:EA82:E0M1X1
80:EA82:E0M1X1,80:EA84:E0M0X0
80:EA84:E0M0X0,80:EA87:E0M0X0
80:EA87:E0M0X0,80:EA8A:E0M0X0
80:EA8A:E0M0X0,80:EA8D:E0M0X0
80:EA8D:E0M0X0,80:EA90:E0M0X0
80:EA90:E0M0X0,80:EA93:E0M0X0
80:EA93:E0M0X0,80:EA96:E0M0X0
80:EA96:E0M0X0,80:EA99:E0M0X0
80:EA99:E0M0X0,80:EA9C:E0M0X0
80:EA9C:E0M0X0,80:EA9F:E0M0X0
80:EA9F:E0M0X0,80:EAA1:E0M1X1
80:EAA1:E0M1X1,80:EAA3:E0M1X1
80:EAA3:E0M1X1,80:EAA6:E0M1X1
80:EAA6:E0M1X1,80:EAA9:E0M1X1
80:EAA9:E0M1X1,80:EAAB:E0M1X1
80:EAAB:E0M1X1,80:EAAE:E0M1X1
80:EAAE:E0M1X1,80:EAB0:E0M0X0
80:EAB0:E0M0X0,80:EAB3:E0M0X0
80:EAB3:E0M0X0,80:EAB4:E0M0X0
80:EAB4:E0M0X0,80:EAB5:E0M0X0
80:EAB5:E0M0X0,80:EAB8:E0M0X0
80:EAB8:E0M0X0,80:EABA:E0M1X1
80:EABA:E0M1X1,80:EABC:E0M1X1
80:EABC:E0M1X1,80:EABF:E0M1X1
80:EABF:E0M1X1,80:EAC2:E0M1X1
80:EAC2:E0M1X1,80:EAC4:E0M1X1
80:EAC2:E0M1X1,80:EAED:E0M1X1
80:EAC4:E0M1X1,80:EAC6:E0M0X0
80:EAC6:E0M0X0,80:EAC9:E0M0X0
80:EAC9:E0M0X0,80:EACC:E0M0X0
80:EACC:E0M0X0,80:EACF:E0M0X0
80:EACF:E0M0X0,80:EAD2:E0M0X0
80:EAD2:E0M0X0,80:EAD5:E0M0X0
80:EAD5:E0M0X0,80:EAD7:E0M1X1
80:EAD7:E0M1X1,80:EAD9:E0M1X1
80:EAD9:E0M1X1,80:EADC:E0M1X1
80:EADC:E0M1X1,80:EADE:E0M0X0
80:EADE:E0M0X0,80:EAE1:E0M0X0
80:EAE1:E0M0X0,80:EAE2:E0M0X0
80:EAE2:E0M0X0,80:EAE3:E0M0X0
80:EAE3:E0M0X0,80:EAE6:E0M0X0
80:EAE6:E0M0X0,80:EAE8:E0M1X1
80:EAE8:E0M1X1,80:EAEA:E0M1X1
80:EAEA:E0M1X1,80:EAED:E0M1X1
80:EAED:E0M1X1,80:EAEF:E0M0X0
80:EAEF:E0M0X0,80:EAF2:E0M0X0
80:EAF2:E0M0X0,80:EAF3:E0M0X0
80:EAF3:E0M0X0,80:EAF6:E0M0X0
80:EAF6:E0M0X0,80:EAF9:E0M0X0
80:EAF9:E0M0X0,80:EAFC:E0M0X0
80:EAFC:E0M0X0,80:EAFF:E0M0X0
80:EAFF:E0M0X0,80:EB02:E0M0X0
80:EB02:E0M0X0,80:EB05:E0M0X0
80:EB05:E0M0X0,80:EB08:E0M0X0
80:EB08:E0M0X0,80:EB0B:E0M0X0
80:EB0B:E0M0X0,80:EB0D:E0M1X1
80:EB0D:E0M1X1,80:EB0F:E0M1X1
80:EB0F:E0M1X1,80:EB12:E0M1X1
80:EB12:E0M1X1,80:EB14:E0M0X0
80:EB14:E0M0X0,80:EB17:E0M0X0
80:EB17:E0M0X0,80:EB18:E0M0X0
80:EB18:E0M0X0,80:EB19:E0M0X0
80:EB19:E0M0X0,80:EB1A:E0M0X0
80:EB1A:E0M0X0,80:EB1D:E0M0X0
80:EB1D:E0M0X0,80:EB1F:E0M1X1
80:EB1F:E0M1X1,80:EB21:E0M1X1
80:EB21:E0M1X1,80:EB24:E0M1X1
80:EB24:E0M1X1,80:EB27:E0M1X1
80:EB27:E0M1X1,80:EB29:E0M1X1
80:EB27:E0M1X1,80:EB54:E0M1X1
80:EB29:E0M1X1,80:EB2B:E0M0X0
80:EB2B:E0M0X0,80:EB2E:E0M0X0
80:EB2E:E0M0X0,80:EB2F:E0M0X0
80:EB2F:E0M0X0,80:EB32:E0M0X0
80:EB32:E0M0X0,80:EB35:E0M0X0
80:EB35:E0M0X0,80:EB38:E0M0X0
80:EB38:E0M0X0,80:EB3B:E0M0X0
80:EB3B:E0M0X0,80:EB3D:E0M1X1
80:EB3D:E0M1X1,80:EB3F:E0M1X1
80:EB3F:E0M1X1,80:EB42:E0M1X1
80:EB42:E0M1X1,80:EB44:E0M0X0
80:EB44:E0M0X0,80:EB47:E0M0X0
80:EB47:E0M0X0,80:EB48:E0M0X0
80:EB48:E0M0X0,80:EB49:E0M0X0
80:EB49:E0M0X0,80:EB4A:E0M0X0
80:EB4A:E0M0X0,80:EB4D:E0M0X0
80:EB4D:E0M0X0,80:EB4F:E0M1X1
80:EB4F:E0M1X1,80:EB51:E0M1X1
80:EB51:E0M1X1,80:EB54:E0M1X1
80:EB54:E0M1X1,80:EB56:E0M0X0
80:EB56:E0M0X0,80:E595:E0M0X0
80:EB56:E0M0X0,80:E738:E0M0X0
80:EB57:E0M0X0,80:EB59:E0M1X1
80:EB59:E0M1X1,80:EB5B:E0M1X1
80:EB5B:E0M1X1,80:EB5E:E0M1X1
80:EB5E:E0M1X1,80:EB60:E0M1X1
80:EB60:E0M1X1,80:EB63:E0M1X1
80:EB63:E0M1X1,80:EB65:E0M1X1
80:EB65:E0M1X1,80:EB68:E0M1X1
80:EB68:E0M1X1,80:EB6A:E0M0X0
80:EB6A:E0M0X0,80:EB6D:E0M0X0
80:EB6D:E0M0X0,80:EB70:E0M0X0
80:EB70:E0M0X0,80:EB73:E0M0X0
80:EB73:E0M0X0,80:EB76:E0M0X0
80:EB76:E0M0X0,80:EB79:E0M0X0
80:EB79:E0M0X0,80:EB7C:E0M0X0
80:EB7C:E0M0X0,80:EB7E:E0M1X1
80:EB7E:E0M1X1,80:EB80:E0M1X1
80:EB80:E0M1X1,80:EB83:E0M1X1
80:EB83:E0M1X1,80:EB85:E0M1X1
80:EB85:E0M1X1,80:EB88:E0M1X1
80:EB88:E0M1X1,80:EB8A:E0M0X0
80:EB8A:E0M0X0,80:EB8D:E0M0X0
80:EB8D:E0M0X0,80:EB90:E0M0X0
80:EB90:E0M0X0,80:EB93:E0M0X0
80:EB93:E0M0X0,80:EB96:E0M0X0
80:EB96:E0M0X0,80:EB98:E0M1X1
80:EB98:E0M1X1,80:EB9A:E0M1X1
80:EB9A:E0M1X1,80:EB9D:E0M1X1
80:EB9D:E0M1X1,80:EBA0:E0M1X1
80:EBA0:E0M1X1,80:EBA2:E0M1X1
80:EBA0:E0M1X1,80:EBB7:E0M1X1
80:EBA2:E0M1X1,80:EBA4:E0M0X0
80:EBA4:E0M0X0,80:EBA7:E0M0X0
80:EBA7:E0M0X0,80:EBAA:E0M0X0
80:EBAA:E0M0X0,80:EBAD:E0M0X0
80:EBAD:E0M0X0,80:EBB0:E0M0X0
80:EBB0:E0M0X0,80:EBB2:E0M1X1
80:EBB2:E0M1X1,80:EBB4:E0M1X1
80:EBB4:E0M1X1,80:EBB7:E0M1X1
80:EBB7:E0M1X1,80:EBB9:E0M0X0
80:EBB9:E0M0X0,80:EBBC:E0M0X0
80:EBBC:E0M0X0,80:EBBD:E0M0X0
80:EBBD:E0M0X0,80:EBC0:E0M0X0
80:EBC0:E0M0X0,80:EBC3:E0M0X0
80:EBC3:E0M0X0,80:EBC6:E0M0X0
80:EBC6:E0M0X0,80:EBC9:E0M0X0
80:EBC9:E0M0X0,80:EBCC:E0M0X0
80:EBCC:E0M0X0,80:EBCF:E0M0X0
80:EBCF:E0M0X0,80:EBD1:E0M1X1
80:EBD1:E0M1X1,80:EBD3:E0M1X1
80:EBD3:E0M1X1,80:EBD6:E0M1X1
80:EBD6:E0M1X1,80:EBD8:E0M0X0
80:EBD8:E0M0X0,80:EBDB:E0M0X0
80:EBDB:E0M0X0,80:EBDC:E0M0X0
80:EBDC:E0M0X0,80:EBDF:E0M0X0
80:EBDF:E0M0X0,80:EBE2:E0M0X0
80:EBE2:E0M0X0,80:EBE5:E0M0X0
80:EBE5:E0M0X0,80:EBE8:E0M0X0
80:EBE8:E0M0X0,80:EBEA:E0M1X1
80:EBEA:E0M1X1,80:EBEC:E0M1X1
80:EBEC:E0M1X1,80:EBEF:E0M1X1
80:EBEF:E0M1X1,80:EBF2:E0M1X1
80:EBF2:E0M1X1,80:EBF4:E0M1X1
80:EBF2:E0M1X1,80:EC0D:E0M1X1
80:EBF4:E0M1X1,80:EBF6:E0M0X0
80:EBF6:E0M0X0,80:EBF9:E0M0X0
80:EBF9:E0M0X0,80:EBFA:E0M0X0
80:EBFA:E0M0X0,80:EBFD:E0M0X0
80:EBFD:E0M0X0,80:EC00:E0M0X0
80:EC00:E0M0X0,80:EC03:E0M0X0
80:EC03:E0M0X0,80:EC06:E0M0X0
80:EC06:E0M0X0,80:EC08:E0M1X1
80:EC08:E0M1X1,80:EC0A:E0M1X1
80:EC0A:E0M1X1,80:EC0D:E0M1X1
80:EC0D:E0M1X1,80:EC0F:E0M0X0
80:EC0F:E0M0X0,80:E5A0:E0M0X0
80:EC10:E0M0X0,80:EC13:E0M0X0
80:EC13:E0M0X0,80:EC16:E0M0X0
80:EC16:E0M0X0,80:EC18:E0M0X0
80:EC18:E0M0X0,80:EC1B:E0M0X0
80:EC1B:E0M0X0,80:EC1E:E0M0X0
80:EC1E:E0M0X0,80:EC1F:E0M0X0
80:EC1F:E0M0X0,80:EC21:E0M0X0
80:EC21:E0M0X0,80:EC23:E0M0X0
80:EC21:E0M0X0,80:EC2D:E0M0X0
80:EC23:E0M0X0,80:EC25:E0M0X0
80:EC23:E0M0X0,80:EC2A:E0M0X0
80:EC25:E0M0X0,80:ECEE:E0M0X0
80:EC28:E0M0X0,80:EC2D:E0M0X0
80:EC2A:E0M0X0,80:EC97:E0M0X0
80:EC2D:E0M0X0,80:EC30:E0M0X0
80:EC30:E0M0X0,80:EC33:E0M0X0
80:EC33:E0M0X0,80:EC35:E0M0X0
80:EC35:E0M0X0,80:EC38:E0M0X0
80:EC38:E0M0X0,80:EC3B:E0M0X0
80:EC3B:E0M0X0,80:EC3C:E0M0X0
80:EC3C:E0M0X0,80:EC3E:E0M0X0
80:EC3E:E0M0X0,80:EC40:E0M0X0
80:EC3E:E0M0X0,80:EC4A:E0M0X0
80:EC40:E0M0X0,80:EC42:E0M0X0
80:EC40:E0M0X0,80:EC47:E0M0X0
80:EC42:E0M0X0,80:EC73:E0M0X0
80:EC45:E0M0X0,80:EC4A:E0M0X0
80:EC47:E0M0X0,80:EC4B:E0M0X0
80:EC4A:E0M0X0,80:BA97:E0M0X0
80:EC4B:E0M0X0,80:EC4E:E0M0X0
80:EC4E:E0M0X0,80:EC4F:E0M0X0
80:EC4F:E0M0X0,80:EC52:E0M0X0
80:EC52:E0M0X0,80:EC55:E0M0X0
80:EC55:E0M0X0,80:EC56:E0M0X0
80:EC56:E0M0X0,80:EC59:E0M0X0
80:EC59:E0M0X0,80:EC5A:E0M0X0
80:EC5A:E0M0X0,80:EC5D:E0M0X0
80:EC5D:E0M0X0,80:EC60:E0M0X0
80:EC60:E0M0X0,80:EC63:E0M0X0
80:EC63:E0M0X0,80:EC65:E0M0X0
80:EC63:E0M0X0,80:EC67:E0M0X0
80:EC65:E0M0X0,80:EC66:E0M0X0
80:EC66:E0M0X0,80:EC67:E0M0X0
80:EC67:E0M0X0,80:EC6A:E0M0X0
80:EC6A:E0M0X0,80:ED3D:E0M0X0
80:EC6D:E0M0X0,80:EC70:E0M0X0
80:EC70:E0M0X0,80:E56D:E0M0X0
80:EC73:E0M0X0,80:EC76:E0M0X0
80:EC76:E0M0X0,80:EC77:E0M0X0
80:EC77:E0M0X0,80:EC7A:E0M0X0
80:EC7A:E0M0X0,80:EC7D:E0M0X0
80:EC7D:E0M0X0,80:EC7E:E0M0X0
80:EC7E:E0M0X0,80:EC81:E0M0X0
80:EC81:E0M0X0,80:EC84:E0M0X0
80:EC84:E0M0X0,80:EC87:E0M0X0
80:EC87:E0M0X0,80:EC89:E0M0X0
80:EC87:E0M0X0,80:EC8B:E0M0X0
80:EC89:E0M0X0,80:EC8A:E0M0X0
80:EC8A:E0M0X0,80:EC8B:E0M0X0
80:EC8B:E0M0X0,80:EC8E:E0M0X0
80:EC8E:E0M0X0,80:ED3D:E0M0X0
80:EC91:E0M0X0,80:EC94:E0M0X0
80:EC94:E0M0X0,80:E56D:E0M0X0
80:EC97:E0M0X0,80:EC9A:E0M0X0
80:EC9A:E0M0X0,80:EC9B:E0M0X0
80:EC9B:E0M0X0,80:EC9C:E0M0X0
80:EC9C:E0M0X0,80:EC9D:E0M0X0
80:EC9D:E0M0X0,80:ECA0:E0M0X0
80:ECA0:E0M0X0,80:ECA3:E0M0X0
80:ECA3:E0M0X0,80:ECA5:E0M0X0
80:ECA3:E0M0X0,80:ECA8:E0M0X0
80:ECA5:E0M0X0,80:ECA8:E0M0X0
80:ECA8:E0M0X0,80:ECAB:E0M0X0
80:ECAB:E0M0X0,80:ECAE:E0M0X0
80:ECAE:E0M0X0,80:ECB1:E0M0X0
80:ECB1:E0M0X0,80:ECB3:E0M0X0
80:ECB1:E0M0X0,80:ECCA:E0M0X0
80:ECB3:E0M0X0,80:ECB6:E0M0X0
80:ECB6:E0M0X0,80:ECB7:E0M0X0
80:ECB7:E0M0X0,80:ECBA:E0M0X0
80:ECBA:E0M0X0,80:ECBB:E0M0X0
80:ECBB:E0M0X0,80:ECBE:E0M0X0
80:ECBE:E0M0X0,80:ECC1:E0M0X0
80:ECC1:E0M0X0,80:ED98:E0M0X0
80:ECC4:E0M0X0,80:ECC7:E0M0X0
80:ECC7:E0M0X0,80:E56D:E0M0X0
80:ECCA:E0M0X0,80:ECCD:E0M0X0
80:ECCD:E0M0X0,80:ECCE:E0M0X0
80:ECCE:E0M0X0,80:ECD1:E0M0X0
80:ECD1:E0M0X0,80:ECD4:E0M0X0
80:ECD4:E0M0X0,80:ECD6:E0M0X0
80:ECD4:E0M0X0,80:ECED:E0M0X0
80:ECD6:E0M0X0,80:ECD9:E0M0X0
80:ECD9:E0M0X0,80:ECDA:E0M0X0
80:ECDA:E0M0X0,80:ECDD:E0M0X0
80:ECDD:E0M0X0,80:ECDE:E0M0X0
80:ECDE:E0M0X0,80:ECE1:E0M0X0
80:ECE1:E0M0X0,80:ECE4:E0M0X0
80:ECE4:E0M0X0,80:ED98:E0M0X0
80:ECE7:E0M0X0,80:ECEA:E0M0X0
80:ECEA:E0M0X0,80:E56D:E0M0X0
80:ECED:E0M0X0,80:EC2D:E0M0X0
80:ECEE:E0M0X0,80:ECF1:E0M0X0
80:ECF1:E0M0X0,80:ECF2:E0M0X0
80:ECF2:E0M0X0,80:ECF3:E0M0X0
80:ECF3:E0M0X0,80:ECF4:E0M0X0
80:ECF4:E0M0X0,80:ECF7:E0M0X0
80:ECF7:E0M0X0,80:ECFA:E0M0X0
80:ECFA:E0M0X0,80:ECFC:E0M0X0
80:ECFA:E0M0X0,80:ECFF:E0M0X0
80:ECFC:E0M0X0,80:ECFF:E0M0X0
80:ECFF:E0M0X0,80:ED02:E0M0X0
80:ED02:E0M0X0,80:ED05:E0M0X0
80:ED05:E0M0X0,80:ED08:E0M0X0
80:ED08:E0M0X0,80:ED0A:E0M0X0
80:ED08:E0M0X0,80:ED1E:E0M0X0
80:ED0A:E0M0X0,80:ED0D:E0M0X0
80:ED0D:E0M0X0,80:ED0E:E0M0X0
80:ED0E:E0M0X0,80:ED0F:E0M0X0
80:ED0F:E0M0X0,80:ED12:E0M0X0
80:ED12:E0M0X0,80:ED15:E0M0X0
80:ED15:E0M0X0,80:ED98:E0M0X0
80:ED18:E0M0X0,80:ED1B:E0M0X0
80:ED1B:E0M0X0,80:E56D:E0M0X0
80:ED1E:E0M0X0,80:ED21:E0M0X0
80:ED21:E0M0X0,80:ED22:E0M0X0
80:ED22:E0M0X0,80:ED25:E0M0X0
80:ED25:E0M0X0,80:ED28:E0M0X0
80:ED28:E0M0X0,80:ED2A:E0M0X0
80:ED28:E0M0X0,80:ED3C:E0M0X0
80:ED2A:E0M0X0,80:ED2D:E0M0X0
80:ED2D:E0M0X0,80:ED30:E0M0X0
80:ED30:E0M0X0,80:ED33:E0M0X0
80:ED33:E0M0X0,80:ED98:E0M0X0
80:ED36:E0M0X0,80:ED39:E0M0X0
80:ED39:E0M0X0,80:E56D:E0M0X0
80:ED3C:E0M0X0,80:EC28:E0M0X0
80:ED3D:E0M0X0,80:ED3E:E0M0X0
80:ED3E:E0M0X0,80:ED3F:E0M0X0
80:ED3F:E0M0X0,80:ED42:E0M0X0
80:ED42:E0M0X0,80:ED44:E0M0X0
80:ED44:E0M0X0,80:ED47:E0M0X0
80:ED47:E0M0X0,80:ED49:E0M0X0
80:ED49:E0M0X0,80:ED4C:E0M0X0
80:ED4C:E0M0X0,80:ED4E:E0M0X0
80:ED4E:E0M0X0,80:E7B0:E0M0X0
80:ED51:E0M0X0,80:ED54:E0M0X0
80:ED54:E0M0X0,80:ED55:E0M0X0
80:ED55:E0M0X0,80:ED56:E0M0X0
80:ED56:E0M0X0,80:ED59:E0M0X0
80:ED59:E0M0X0,80:ED5C:E0M0X0
80:ED5C:E0M0X0,80:ED5F:E0M0X0
80:ED5F:E0M0X0,80:ED61:E0M0X0
80:ED5F:E0M0X0,80:ED67:E0M0X0
80:ED61:E0M0X0,80:ED64:E0M0X0
80:ED64:E0M0X0,80:ED67:E0M0X0
80:ED67:E0M0X0,80:ED69:E0M0X0
80:ED69:E0M0X0,80:ED6A:E0M0X0
80:ED6A:E0M0X0,80:ED6C:E0M0X0
80:ED6C:E0M0X0,80:ED6F:E0M0X0
80:ED6F:E0M0X0,80:ED72:E0M0X0
80:ED72:E0M0X0,80:ED73:E0M0X0
80:ED73:E0M0X0,80:ED76:E0M0X0
80:ED76:E0M0X0,80:ED77:E0M0X0
80:ED77:E0M0X0,80:ED79:E0M0X0
80:ED79:E0M0X0,80:ED7A:E0M0X0
80:ED7A:E0M0X0,80:ED7D:E0M0X0
80:ED7D:E0M0X0,80:ED7E:E0M0X0
80:ED7E:E0M0X0,80:ED81:E0M0X0
80:ED81:E0M0X0,80:ED84:E0M0X0
80:ED84:E0M0X0,80:ED87:E0M0X0
80:ED87:E0M0X0,80:ED88:E0M0X0
80:ED88:E0M0X0,80:ED8A:E0M0X0
80:ED8A:E0M0X0,80:ED8D:E0M0X0
80:ED8D:E0M0X0,80:ED90:E0M0X0
80:ED90:E0M0X0,80:ED91:E0M0X0
80:ED91:E0M0X0,80:ED94:E0M0X0
80:ED94:E0M0X0,80:ED97:E0M0X0
80:ED97:E0M0X0,80:E741:E0M0X0
80:ED97:E0M0X0,80:EC6D:E0M0X0
80:ED97:E0M0X0,80:EC91:E0M0X0
80:ED98:E0M0X0,80:ED99:E0M0X0
80:ED99:E0M0X0,80:ED9A:E0M0X0
80:ED9A:E0M0X0,80:ED9D:E0M0X0
80:ED9D:E0M0X0,80:ED9F:E0M0X0
80:ED9F:E0M0X0,80:EDA2:E0M0X0
80:EDA2:E0M0X0,80:EDA4:E0M0X0
80:EDA4:E0M0X0,80:EDA7:E0M0X0
80:EDA7:E0M0X0,80:EDA9:E0M0X0
80:EDA9:E0M0X0,80:E96A:E0M0X0
80:EDAC:E0M0X0,80:EDAF:E0M0X0
80:EDAF:E0M0X0,80:EDB2:E0M0X0
80:EDB2:E0M0X0,80:EDB3:E0M0X0
80:EDB3:E0M0X0,80:EDB6:E0M0X0
80:EDB6:E0M0X0,80:EDB9:E0M0X0
80:EDB9:E0M0X0,80:EDBB:E0M0X0
80:EDB9:E0M0X0,80:EDC4:E0M0X0
80:EDBB:E0M0X0,80:EDBE:E0M0X0
80:EDBE:E0M0X0,80:EDC1:E0M0X0
80:EDC1:E0M0X0,80:EDC4:E0M0X0
80:EDC4:E0M0X0,80:EDC6:E0M0X0
80:EDC6:E0M0X0,80:EDC9:E0M0X0
80:EDC9:E0M0X0,80:EDCC:E0M0X0
80:EDCC:E0M0X0,80:EDCF:E0M0X0
80:EDCF:E0M0X0,80:EDD0:E0M0X0
80:EDD0:E0M0X0,80:EDD3:E0M0X0
80:EDD3:E0M0X0,80:EDD6:E0M0X0
80:EDD6:E0M0X0,80:EDD7:E0M0X0
80:EDD7:E0M0X0,80:EDD8:E0M0X0
80:EDD8:E0M0X0,80:EDDB:E0M0X0
80:EDDB:E0M0X0,80:EDDE:E0M0X0
80:EDDE:E0M0X0,80:EDDF:E0M0X0
80:EDDF:E0M0X0,80:EDE0:E0M0X0
80:EDE0:E0M0X0,80:EDE3:E0M0X0
80:EDE3:E0M0X0,80:EDE4:E0M0X0
80:EDE4:E0M0X0,80:EDE7:E0M0X0
80:EDE7:E0M0X0,80:EDEA:E0M0X0
80:EDEA:E0M0X0,80:EDEB:E0M0X0
80:EDEB:E0M0X0,80:EDEE:E0M0X0
80:EDEE:E0M0X0,80:EDF1:E0M0X0
80:EDF1:E0M0X0,80:EDF2:E0M0X0
80:EDF2:E0M0X0,80:EDF5:E0M0X0
80:EDF5:E0M0X0,80:EDF8:E0M0X0
80:EDF8:E0M0X0,80:EDFB:E0M0X0
80:EDFB:E0M0X0,80:EDFC:E0M0X0
80:EDFC:E0M0X0,80:EDFE:E0M0X0
80:EDFE:E0M0X0,80:EDFF:E0M0X0
80:EDFF:E0M0X0,80:EE02:E0M0X0
80:EE02:E0M0X0,80:EE05:E0M0X0
80:EE05:E0M0X0,80:EE06:E0M0X0
80:EE06:E0M0X0,80:EE09:E0M0X0
80:EE09:E0M0X0,80:EE0C:E0M0X0
80:EE0C:E0M0X0,80:EE0E:E0M0X0
80:EE0C:E0M0X0,80:EE1B:E0M0X0
80:EE0E:E0M0X0,80:EE11:E0M0X0
80:EE11:E0M0X0,80:EE14:E0M0X0
80:EE14:E0M0X0,80:EE17:E0M0X0
80:EE17:E0M0X0,80:EE1A:E0M0X0
80:EE1A:E0M0X0,80:ECC4:E0M0X0
80:EE1A:E0M0X0,80:ECE7:E0M0X0
80:EE1A:E0M0X0,80:ED18:E0M0X0
80:EE1A:E0M0X0,80:ED36:E0M0X0
80:EE1B:E0M0X0,80:EE1E:E0M0X0
80:EE1E:E0M0X0,80:EE21:E0M0X0
80:EE21:E0M0X0,80:ECC4:E0M0X0
80:EE21:E0M0X0,80:ECE7:E0M0X0
80:EE21:E0M0X0,80:ED18:E0M0X0
80:EE21:E0M0X0,80:ED36:E0M0X0
80:EE22:E0M0X0,80:EE24:E0M1X1
80:EE24:E0M1X1,80:EE26:E0M1X1
80:EE26:E0M1X1,80:EE29:E0M1X1
80:EE29:E0M1X1,80:EE2B:E0M1X1
80:EE2B:E0M1X1,80:EE2E:E0M1X1
80:EE2E:E0M1X1,80:EE31:E0M1X1
80:EE31:E0M1X1,80:EE33:E0M1X1
80:EE33:E0M1X1,80:EE36:E0M1X1
80:EE36:E0M1X1,80:EE39:E0M1X1
80:EE39:E0M1X1,80:EE3B:E0M0X0
80:EE3B:E0M0X0,80:EE3E:E0M0X0
80:EE3E:E0M0X0,80:EE41:E0M0X0
80:EE41:E0M0X0,80:EE44:E0M0X0
80:EE44:E0M0X0,80:EE47:E0M0X0
80:EE47:E0M0X0,80:EE4A:E0M0X0
80:EE4A:E0M0X0,80:EE4D:E0M0X0
80:EE4D:E0M0X0,80:EE50:E0M0X0
80:EE50:E0M0X0,80:EE53:E0M0X0
80:EE53:E0M0X0,80:EE56:E0M0X0
80:EE56:E0M0X0,80:EE58:E0M1X1
80:EE58:E0M1X1,80:EE5A:E0M1X1
80:EE5A:E0M1X1,80:EE5D:E0M1X1
80:EE5D:E0M1X1,80:EE60:E0M1X1
80:EE60:E0M1X1,80:EE62:E0M1X1
80:EE62:E0M1X1,80:EE65:E0M1X1
80:EE65:E0M1X1,80:EE67:E0M0X0
80:EE67:E0M0X0,80:EE6A:E0M0X0
80:EE6A:E0M0X0,80:EE6B:E0M0X0
80:EE6B:E0M0X0,80:EE6C:E0M0X0
80:EE6C:E0M0X0,80:EE6F:E0M0X0
80:EE6F:E0M0X0,80:EE71:E0M1X1
80:EE71:E0M1X1,80:EE73:E0M1X1
80:EE73:E0M1X1,80:EE76:E0M1X1
80:EE76:E0M1X1,80:EE79:E0M1X1
80:EE79:E0M1X1,80:EE7B:E0M1X1
80:EE79:E0M1X1,80:EEA4:E0M1X1
80:EE7B:E0M1X1,80:EE7D:E0M0X0
80:EE7D:E0M0X0,80:EE80:E0M0X0
80:EE80:E0M0X0,80:EE83:E0M0X0
80:EE83:E0M0X0,80:EE86:E0M0X0
80:EE86:E0M0X0,80:EE89:E0M0X0
80:EE89:E0M0X0,80:EE8C:E0M0X0
80:EE8C:E0M0X0,80:EE8E:E0M1X1
80:EE8E:E0M1X1,80:EE90:E0M1X1
80:EE90:E0M1X1,80:EE93:E0M1X1
80:EE93:E0M1X1,80:EE95:E0M0X0
80:EE95:E0M0X0,80:EE98:E0M0X0
80:EE98:E0M0X0,80:EE99:E0M0X0
80:EE99:E0M0X0,80:EE9A:E0M0X0
80:EE9A:E0M0X0,80:EE9D:E0M0X0
80:EE9D:E0M0X0,80:EE9F:E0M1X1
80:EE9F:E0M1X1,80:EEA1:E0M1X1
80:EEA1:E0M1X1,80:EEA4:E0M1X1
80:EEA4:E0M1X1,80:EEA6:E0M0X0
80:EEA6:E0M0X0,80:EEA9:E0M0X0
80:EEA9:E0M0X0,80:EEAA:E0M0X0
80:EEAA:E0M0X0,80:EEAD:E0M0X0
80:EEAD:E0M0X0,80:EEB0:E0M0X0
80:EEB0:E0M0X0,80:EEB3:E0M0X0
80:EEB3:E0M0X0,80:EEB6:E0M0X0
80:EEB6:E0M0X0,80:EEB9:E0M0X0
80:EEB9:E0M0X0,80:EEBC:E0M0X0
80:EEBC:E0M0X0,80:EEBF:E0M0X0
80:EEBF:E0M0X0,80:EEC2:E0M0X0
80:EEC2:E0M0X0,80:EEC4:E0M1X1
80:EEC4:E0M1X1,80:EEC6:E0M1X1
80:EEC6:E0M1X1,80:EEC9:E0M1X1
80:EEC9:E0M1X1,80:EECB:E0M0X0
80:EECB:E0M0X0,80:EECE:E0M0X0
80:EECE:E0M0X0,80:EECF:E0M0X0
80:EECF:E0M0X0,80:EED0:E0M0X0
80:EED0:E0M0X0,80:EED1:E0M0X0
80:EED1:E0M0X0,80:EED4:E0M0X0
80:EED4:E0M0X0,80:EED6:E0M1X1
80:EED6:E0M1X1,80:EED8:E0M1X1
80:EED8:E0M1X1,80:EEDB:E0M1X1
80:EEDB:E0M1X1,80:EEDE:E0M1X1
80:EEDE:E0M1X1,80:EEE0:E0M1X1
80:EEDE:E0M1X1,80:EF0B:E0M1X1
80:EEE0:E0M1X1,80:EEE2:E0M0X0
80:EEE2:E0M0X0,80:EEE5:E0M0X0
80:EEE5:E0M0X0,80:EEE6:E0M0X0
80:EEE6:E0M0X0,80:EEE9:E0M0X0
80:EEE9:E0M0X0,80:EEEC:E0M0X0
80:EEEC:E0M0X0,80:EEEF:E0M0X0
80:EEEF:E0M0X0,80:EEF2:E0M0X0
80:EEF2:E0M0X0,80:EEF4:E0M1X1
80:EEF4:E0M1X1,80:EEF6:E0M1X1
80:EEF6:E0M1X1,80:EEF9:E0M1X1
80:EEF9:E0M1X1,80:EEFB:E0M0X0
80:EEFB:E0M0X0,80:EEFE:E0M0X0
80:EEFE:E0M0X0,80:EEFF:E0M0X0
80:EEFF:E0M0X0,80:EF00:E0M0X0
80:EF00:E0M0X0,80:EF01:E0M0X0
80:EF01:E0M0X0,80:EF04:E0M0X0
80:EF04:E0M0X0,80:EF06:E0M1X1
80:EF06:E0M1X1,80:EF08:E0M1X1
80:EF08:E0M1X1,80:EF0B:E0M1X1
80:EF0B:E0M1X1,80:EF0D:E0M0X0
80:EF0D:E0M0X0,80:E5AB:E0M0X0
80:EF0D:E0M0X0,80:E744:E0M0X0
80:EF0E:E0M0X0,80:EF10:E0M1X1
80:EF10:E0M1X1,80:EF12:E0M1X1
80:EF12:E0M1X1,80:EF15:E0M1X1
80:EF15:E0M1X1,80:EF17:E0M1X1
80:EF17:E0M1X1,80:EF1A:E0M1X1
80:EF1A:E0M1X1,80:EF1C:E0M1X1
80:EF1C:E0M1X1,80:EF1F:E0M1X1
80:EF1F:E0M1X1,80:EF21:E0M0X0
80:EF21:E0M0X0,80:EF24:E0M0X0
80:EF24:E0M0X0,80:EF27:E0M0X0
80:EF27:E0M0X0,80:EF2A:E0M0X0
80:EF2A:E0M0X0,80:EF2D:E0M0X0
80:EF2D:E0M0X0,80:EF30:E0M0X0
80:EF30:E0M0X0,80:EF33:E0M0X0
80:EF33:E0M0X0,80:EF35:E0M1X1
80:EF35:E0M1X1,80:EF37:E0M1X1
80:EF37:E0M1X1,80:EF3A:E0M1X1
80:EF3A:E0M1X1,80:EF3C:E0M1X1
80:EF3C:E0M1X1,80:EF3F:E0M1X1
80:EF3F:E0M1X1,80:EF41:E0M0X0
80:EF41:E0M0X0,80:EF44:E0M0X0
80:EF44:E0M0X0,80:EF47:E0M0X0
80:EF47:E0M0X0,80:EF4A:E0M0X0
80:EF4A:E0M0X0,80:EF4D:E0M0X0
80:EF4D:E0M0X0,80:EF4F:E0M1X1
80:EF4F:E0M1X1,80:EF51:E0M1X1
80:EF51:E0M1X1,80:EF54:E0M1X1
80:EF54:E0M1X1,80:EF57:E0M1X1
80:EF57:E0M1X1,80:EF59:E0M1X1
80:EF57:E0M1X1,80:EF6E:E0M1X1
80:EF59:E0M1X1,80:EF5B:E0M0X0
80:EF5B:E0M0X0,80:EF5E:E0M0X0
80:EF5E:E0M0X0,80:EF61:E0M0X0
80:EF61:E0M0X0,80:EF64:E0M0X0
80:EF64:E0M0X0,80:EF67:E0M0X0
80:EF67:E0M0X0,80:EF69:E0M1X1
80:EF69:E0M1X1,80:EF6B:E0M1X1
80:EF6B:E0M1X1,80:EF6E:E0M1X1
80:EF6E:E0M1X1,80:EF70:E0M0X0
80:EF70:E0M0X0,80:EF73:E0M0X0
80:EF73:E0M0X0,80:EF74:E0M0X0
80:EF74:E0M0X0,80:EF77:E0M0X0
80:EF77:E0M0X0,80:EF7A:E0M0X0
80:EF7A:E0M0X0,80:EF7D:E0M0X0
80:EF7D:E0M0X0,80:EF80:E0M0X0
80:EF80:E0M0X0,80:EF83:E0M0X0
80:EF83:E0M0X0,80:EF86:E0M0X0
80:EF86:E0M0X0,80:EF88:E0M1X1
80:EF88:E0M1X1,80:EF8A:E0M1X1
80:EF8A:E0M1X1,80:EF8D:E0M1X1
80:EF8D:E0M1X1,80:EF8F:E0M0X0
80:EF8F:E0M0X0,80:EF92:E0M0X0
80:EF92:E0M0X0,80:EF93:E0M0X0
80:EF93:E0M0X0,80:EF96:E0M0X0
80:EF96:E0M0X0,80:EF99:E0M0X0
80:EF99:E0M0X0,80:EF9C:E0M0X0
80:EF9C:E0M0X0,80:EF9F:E0M0X0
80:EF9F:E0M0X0,80:EFA1:E0M1X1
80:EFA1:E0M1X1,80:EFA3:E0M1X1
80:EFA3:E0M1X1,80:EFA6:E0M1X1
80:EFA6:E0M1X1,80:EFA9:E0M1X1
80:EFA9:E0M1X1,80:EFAB:E0M1X1
80:EFA9:E0M1X1,80:EFC4:E0M1X1
80:EFAB:E0M1X1,80:EFAD:E0M0X0
80:EFAD:E0M0X0,80:EFB0:E0M0X0
80:EFB0:E0M0X0,80:EFB1:E0M0X0
80:EFB1:E0M0X0,80:EFB4:E0M0X0
80:EFB4:E0M0X0,80:EFB7:E0M0X0
80:EFB7:E0M0X0,80:EFBA:E0M0X0
80:EFBA:E0M0X0,80:EFBD:E0M0X0
80:EFBD:E0M0X0,80:EFBF:E0M1X1
80:EFBF:E0M1X1,80:EFC1:E0M1X1
80:EFC1:E0M1X1,80:EFC4:E0M1X1
80:EFC4:E0M1X1,80:EFC6:E0M0X0
80:EFC6:E0M0X0,80:E5B6:E0M0X0
80:EFC7:E0M0X0,80:EFCA:E0M0X0
80:EFCA:E0M0X0,80:EFCD:E0M0X0
80:EFCD:E0M0X0,80:F02A:E0M0X0
80:EFCD:E0M0X0,80:F02F:E0M0X0
80:EFCD:E0M0X0,80:F045:E0M0X0
80:EFCD:E0M0X0,80:F04A:E0M0X0
80:EFCD:E0M0X0,80:F451:E0M0X0
80:EFCD:E0M0X0,80:F456:E0M0X0
80:EFCD:E0M0X0,80:F46E:E0M0X0
80:EFCD:E0M0X0,80:F473:E0M0X0
80:EFCE:E0M0X0,80:EFD0:E0M0X0
80:EFD0:E0M0X0,80:EFD2:E0M0X0
80:EFD2:E0M0X0,80:EFD4:E0M0X0
80:EFD4:E0M0X0,80:EFD6:E0M0X0
80:EFD6:E0M0X0,80:EFD9:E0M0X0
80:EFD9:E0M0X0,80:EFDC:E0M0X0
80:EFDC:E0M0X0,80:EFDF:E0M0X0
80:EFDF:E0M0X0,80:EFE2:E0M0X0
80:EFE2:E0M0X0,80:EFE5:E0M0X0
80:EFE5:E0M0X0,80:EFE7:E0M0X0
80:EFE5:E0M0X0,80:F013:E0M0X0
80:EFE7:E0M0X0,80:EFEA:E0M0X0
80:EFEA:E0M0X0,80:EFEC:E0M0X0
80:EFEA:E0M0X0,80:EFEF:E0M0X0
80:EFEC:E0M0X0,80:F294:E0M0X0
80:EFEF:E0M0X0,80:EFF2:E0M0X0
80:EFF2:E0M0X0,80:EFF5:E0M0X0
80:EFF5:E0M0X0,80:EFF7:E0M0X0
80:EFF5:E0M0X0,80:EFFA:E0M0X0
80:EFF7:E0M0X0,80:F380:E0M0X0
80:EFFA:E0M0X0,80:EFFD:E0M0X0
80:EFFD:E0M0X0,80:F000:E0M0X0
80:F000:E0M0X0,80:F002:E0M0X0
80:F000:E0M0X0,80:F005:E0M0X0
80:F002:E0M0X0,80:F64B:E0M0X0
80:F005:E0M0X0,80:F008:E0M0X0
80:F008:E0M0X0,80:F00B:E0M0X0
80:F00B:E0M0X0,80:F00D:E0M0X0
80:F00B:E0M0X0,80:F010:E0M0X0
80:F00D:E0M0X0,80:F737:E0M0X0
80:F010:E0M0X0,80:F013:E0M0X0
80:F013:E0M0X0,80:BE3E:E0M0X0
80:F014:E0M0X0,80:F016:E0M0X0
80:F016:E0M0X0,80:F019:E0M0X0
80:F019:E0M0X0,80:F01B:E0M0X0
80:F01B:E0M0X0,80:F01D:E0M0X0
80:F01D:E0M0X0,80:F020:E0M0X0
80:F020:E0M0X0,80:F021:E0M0X0
80:F021:E0M0X0,80:F023:E0M0X0
80:F023:E0M0X0,80:F025:E0M0X0
80:F023:E0M0X0,80:F02F:E0M0X0
80:F025:E0M0X0,80:F027:E0M0X0
80:F025:E0M0X0,80:F02C:E0M0X0
80:F027:E0M0X0,80:F0E7:E0M0X0
80:F02A:E0M0X0,80:F02F:E0M0X0
80:F02C:E0M0X0,80:F095:E0M0X0
80:F02F:E0M0X0,80:F031:E0M0X0
80:F031:E0M0X0,80:F034:E0M0X0
80:F034:E0M0X0,80:F036:E0M0X0
80:F036:E0M0X0,80:F038:E0M0X0
80:F038:E0M0X0,80:F03B:E0M0X0
80:F03B:E0M0X0,80:F03C:E0M0X0
80:F03C:E0M0X0,80:F03E:E0M0X0
80:F03E:E0M0X0,80:F040:E0M0X0
80:F03E:E0M0X0,80:F04A:E0M0X0
80:F040:E0M0X0,80:F042:E0M0X0
80:F040:E0M0X0,80:F047:E0M0X0
80:F042:E0M0X0,80:F072:E0M0X0
80:F045:E0M0X0,80:F04A:E0M0X0
80:F047:E0M0X0,80:F04B:E0M0X0
80:F04A:E0M0X0,80:BA94:E0M0X0
80:F04B:E0M0X0,80:F04E:E0M0X0
80:F04E:E0M0X0,80:F04F:E0M0X0
80:F04F:E0M0X0,80:F052:E0M0X0
80:F052:E0M0X0,80:F055:E0M0X0
80:F055:E0M0X0,80:F056:E0M0X0
80:F056:E0M0X0,80:F059:E0M0X0
80:F059:E0M0X0,80:F05A:E0M0X0
80:F05A:E0M0X0,80:F05D:E0M0X0
80:F05D:E0M0X0,80:F05F:E0M0X0
80:F05F:E0M0X0,80:F062:E0M0X0
80:F062:E0M0X0,80:F064:E0M0X0
80:F062:E0M0X0,80:F066:E0M0X0
80:F064:E0M0X0,80:F065:E0M0X0
80:F065:E0M0X0,80:F066:E0M0X0
80:F066:E0M0X0,80:F069:E0M0X0
80:F069:E0M0X0,80:F1AF:E0M0X0
80:F06C:E0M0X0,80:F06F:E0M0X0
80:F06F:E0M0X0,80:EFC7:E0M0X0
80:F072:E0M0X0,80:F075:E0M0X0
80:F075:E0M0X0,80:F076:E0M0X0
80:F076:E0M0X0,80:F079:E0M0X0
80:F079:E0M0X0,80:F07C:E0M0X0
80:F07C:E0M0X0,80:F07D:E0M0X0
80:F07D:E0M0X0,80:F080:E0M0X0
80:F080:E0M0X0,80:F082:E0M0X0
80:F082:E0M0X0,80:F085:E0M0X0
80:F085:E0M0X0,80:F087:E0M0X0
80:F085:E0M0X0,80:F089:E0M0X0
80:F087:E0M0X0,80:F088:E0M0X0
80:F088:E0M0X0,80:F089:E0M0X0
80:F089:E0M0X0,80:F08C:E0M0X0
80:F08C:E0M0X0,80:F1AF:E0M0X0
80:F08F:E0M0X0,80:F092:E0M0X0
80:F092:E0M0X0,80:EFC7:E0M0X0
80:F095:E0M0X0,80:F097:E0M0X0
80:F097:E0M0X0,80:F098:E0M0X0
80:F098:E0M0X0,80:F099:E0M0X0
80:F099:E0M0X0,80:F09A:E0M0X0
80:F09A:E0M0X0,80:F09D:E0M0X0
80:F09D:E0M0X0,80:F09F:E0M0X0
80:F09F:E0M0X0,80:F0A1:E0M0X0
80:F09F:E0M0X0,80:F0A4:E0M0X0
80:F0A1:E0M0X0,80:F0A4:E0M0X0
80:F0A4:E0M0X0,80:F0A7:E0M0X0
80:F0A7:E0M0X0,80:F0A9:E0M0X0
80:F0A9:E0M0X0,80:F0AC:E0M0X0
80:F0AC:E0M0X0,80:F0AE:E0M0X0
80:F0AC:E0M0X0,80:F0C5:E0M0X0
80:F0AE:E0M0X0,80:F0B1:E0M0X0
80:F0B1:E0M0X0,80:F0B2:E0M0X0
80:F0B2:E0M0X0,80:F0B5:E0M0X0
80:F0B5:E0M0X0,80:F0B6:E0M0X0
80:F0B6:E0M0X0,80:F0B9:E0M0X0
80:F0B9:E0M0X0,80:F0BC:E0M0X0
80:F0BC:E0M0X0,80:F20A:E0M0X0
80:F0BF:E0M0X0,80:F0C2:E0M0X0
80:F0C2:E0M0X0,80:EFC7:E0M0X0
80:F0C5:E0M0X0,80:F0C7:E0M0X0
80:F0C7:E0M0X0,80:F0C8:E0M0X0
80:F0C8:E0M0X0,80:F0CA:E0M0X0
80:F0CA:E0M0X0,80:F0CD:E0M0X0
80:F0CD:E0M0X0,80:F0CF:E0M0X0
80:F0CD:E0M0X0,80:F0E6:E0M0X0
80:F0CF:E0M0X0,80:F0D2:E0M0X0
80:F0D2:E0M0X0,80:F0D3:E0M0X0
80:F0D3:E0M0X0,80:F0D6:E0M0X0
80:F0D6:E0M0X0,80:F0D7:E0M0X0
80:F0D7:E0M0X0,80:F0DA:E0M0X0
80:F0DA:E0M0X0,80:F0DD:E0M0X0
80:F0DD:E0M0X0,80:F20A:E0M0X0
80:F0E0:E0M0X0,80:F0E3:E0M0X0
80:F0E3:E0M0X0,80:EFC7:E0M0X0
80:F0E6:E0M0X0,80:F02F:E0M0X0
80:F0E7:E0M0X0,80:F0E9:E0M0X0
80:F0E9:E0M0X0,80:F0EA:E0M0X0
80:F0EA:E0M0X0,80:F0EB:E0M0X0
80:F0EB:E0M0X0,80:F0EC:E0M0X0
80:F0EC:E0M0X0,80:F0EF:E0M0X0
80:F0EF:E0M0X0,80:F0F1:E0M0X0
80:F0F1:E0M0X0,80:F0F3:E0M0X0
80:F0F1:E0M0X0,80:F0F6:E0M0X0
80:F0F3:E0M0X0,80:F0F6:E0M0X0
80:F0F6:E0M0X0,80:F0F9:E0M0X0
80:F0F9:E0M0X0,80:F0FB:E0M0X0
80:F0FB:E0M0X0,80:F0FE:E0M0X0
80:F0FE:E0M0X0,80:F100:E0M0X0
80:F0FE:E0M0X0,80:F114:E0M0X0
80:F100:E0M0X0,80:F103:E0M0X0
80:F103:E0M0X0,80:F104:E0M0X0
80:F104:E0M0X0,80:F105:E0M0X0
80:F105:E0M0X0,80:F108:E0M0X0
80:F108:E0M0X0,80:F10B:E0M0X0
80:F10B:E0M0X0,80:F20A:E0M0X0
80:F10E:E0M0X0,80:F111:E0M0X0
80:F111:E0M0X0,80:EFC7:E0M0X0
80:F114:E0M0X0,80:F116:E0M0X0
80:F116:E0M0X0,80:F117:E0M0X0
80:F117:E0M0X0,80:F119:E0M0X0
80:F119:E0M0X0,80:F11C:E0M0X0
80:F11C:E0M0X0,80:F11E:E0M0X0
80:F11C:E0M0X0,80:F130:E0M0X0
80:F11E:E0M0X0,80:F121:E0M0X0
80:F121:E0M0X0,80:F124:E0M0X0
80:F124:E0M0X0,80:F127:E0M0X0
80:F127:E0M0X0,80:F20A:E0M0X0
80:F12A:E0M0X0,80:F12D:E0M0X0
80:F12D:E0M0X0,80:EFC7:E0M0X0
80:F130:E0M0X0,80:F02A:E0M0X0
80:F131:E0M0X0,80:F133:E0M0X0
80:F133:E0M0X0,80:F135:E0M0X0
80:F135:E0M0X0,80:F138:E0M0X0
80:F138:E0M0X0,80:F13B:E0M0X0
80:F13B:E0M0X0,80:F13E:E0M0X0
80:F13E:E0M0X0,80:F140:E0M0X0
80:F140:E0M0X0,80:F143:E0M0X0
80:F143:E0M0X0,80:F144:E0M0X0
80:F144:E0M0X0,80:F145:E0M0X0
80:F145:E0M0X0,80:F146:E0M0X0
80:F146:E0M0X0,80:F147:E0M0X0
80:F147:E0M0X0,80:F149:E0M0X0
80:F149:E0M0X0,80:F14B:E0M0X0
80:F14B:E0M0X0,80:F14E:E0M0X0
80:F14E:E0M0X0,80:F151:E0M0X0
80:F151:E0M0X0,80:F152:E0M0X0
80:F152:E0M0X0,80:F153:E0M0X0
80:F153:E0M0X0,80:F154:E0M0X0
80:F154:E0M0X0,80:F157:E0M0X0
80:F157:E0M0X0,80:F15A:E0M0X0
80:F15A:E0M0X0,80:F15D:E0M0X0
80:F15D:E0M0X0,80:F15E:E0M0X0
80:F15E:E0M0X0,80:F160:E0M0X0
80:F160:E0M0X0,80:F163:E0M0X0
80:F163:E0M0X0,80:F164:E0M0X0
80:F164:E0M0X0,80:F165:E0M0X0
80:F165:E0M0X0,80:F166:E0M0X0
80:F166:E0M0X0,80:F168:E0M0X0
80:F168:E0M0X0,80:F16A:E0M0X0
80:F16A:E0M0X0,80:F16D:E0M0X0
80:F16D:E0M0X0,80:F170:E0M0X0
80:F170:E0M0X0,80:F171:E0M0X0
80:F171:E0M0X0,80:F172:E0M0X0
80:F172:E0M0X0,80:F173:E0M0X0
80:F173:E0M0X0,80:F176:E0M0X0
80:F176:E0M0X0,80:F179:E0M0X0
80:F179:E0M0X0,80:F17C:E0M0X0
80:F17C:E0M0X0,80:F17D:E0M0X0
80:F17D:E0M0X0,80:F17F:E0M0X0
80:F17F:E0M0X0,80:F182:E0M0X0
80:F182:E0M0X0,80:F184:E0M0X0
80:F182:E0M0X0,80:F186:E0M0X0
80:F184:E0M0X0,80:F185:E0M0X0
80:F185:E0M0X0,80:F186:E0M0X0
80:F186:E0M0X0,80:F189:E0M0X0
80:F189:E0M0X0,80:F18A:E0M0X0
80:F18A:E0M0X0,80:F18B:E0M0X0
80:F18B:E0M0X0,80:F18C:E0M0X0
80:F18C:E0M0X0,80:F1AF:E0M0X0
80:F18F:E0M0X0,80:F294:E0M0X0
80:F192:E0M0X0,80:F193:E0M0X0
80:F193:E0M0X0,80:F194:E0M0X0
80:F194:E0M0X0,80:F195:E0M0X0
80:F195:E0M0X0,80:F196:E0M0X0
80:F196:E0M0X0,80:F197:E0M0X0
80:F197:E0M0X0,80:F198:E0M0X0
80:F198:E0M0X0,80:F566:E0M0X0
80:F19B:E0M0X0,80:F64B:E0M0X0
80:F19E:E0M0X0,80:F19F:E0M0X0
80:F19F:E0M0X0,80:F1A0:E0M0X0
80:F1A0:E0M0X0,80:F1A1:E0M0X0
80:F1A1:E0M0X0,80:F1A2:E0M0X0
80:F1A2:E0M0X0,80:F1A3:E0M0X0
80:F1A3:E0M0X0,80:F1A4:E0M0X0
80:F1A4:E0M0X0,80:F1A5:E0M0X0
80:F1A5:E0M0X0,80:F1A6:E0M0X0
80:F1A6:E0M0X0,80:F1A7:E0M0X0
80:F1A7:E0M0X0,80:F1A8:E0M0X0
80:F1A8:E0M0X0,80:F1A9:E0M0X0
80:F1A9:E0M0X0,80:F1AC:E0M0X0
80:F1AC:E0M0X0,80:F189:E0M0X0
80:F1AC:E0M0X0,80:F1AE:E0M0X0
80:F1AE:E0M0X0,80:BA19:E0M0X0
80:F1AF:E0M0X0,80:F1B0:E0M0X0
80:F1B0:E0M0X0,80:F1B1:E0M0X0
80:F1B1:E0M0X0,80:F1B4:E0M0X0
80:F1B4:E0M0X0,80:F1B6:E0M0X0
80:F1B6:E0M0X0,80:F1B9:E0M0X0
80:F1B9:E0M0X0,80:F1BB:E0M0X0
80:F1BB:E0M0X0,80:F1BE:E0M0X0
80:F1BE:E0M0X0,80:F1C0:E0M0X0
80:F1C0:E0M0X0,80:E7B0:E0M0X0
80:F1C3:E0M0X0,80:F1C6:E0M0X0
80:F1C6:E0M0X0,80:F1C7:E0M0X0
80:F1C7:E0M0X0,80:F1C8:E0M0X0
80:F1C8:E0M0X0,80:F1CB:E0M0X0
80:F1CB:E0M0X0,80:F1CE:E0M0X0
80:F1CE:E0M0X0,80:F1D1:E0M0X0
80:F1D1:E0M0X0,80:F1D3:E0M0X0
80:F1D1:E0M0X0,80:F1D9:E0M0X0
80:F1D3:E0M0X0,80:F1D6:E0M0X0
80:F1D6:E0M0X0,80:F1D9:E0M0X0
80:F1D9:E0M0X0,80:F1DB:E0M0X0
80:F1DB:E0M0X0,80:F1DC:E0M0X0
80:F1DC:E0M0X0,80:F1DE:E0M0X0
80:F1DE:E0M0X0,80:F1E1:E0M0X0
80:F1E1:E0M0X0,80:F1E4:E0M0X0
80:F1E4:E0M0X0,80:F1E5:E0M0X0
80:F1E5:E0M0X0,80:F1E8:E0M0X0
80:F1E8:E0M0X0,80:F1E9:E0M0X0
80:F1E9:E0M0X0,80:F1EB:E0M0X0
80:F1EB:E0M0X0,80:F1EC:E0M0X0
80:F1EC:E0M0X0,80:F1EF:E0M0X0
80:F1EF:E0M0X0,80:F1F0:E0M0X0
80:F1F0:E0M0X0,80:F1F3:E0M0X0
80:F1F3:E0M0X0,80:F1F6:E0M0X0
80:F1F6:E0M0X0,80:F1F9:E0M0X0
80:F1F9:E0M0X0,80:F1FA:E0M0X0
80:F1FA:E0M0X0,80:F1FC:E0M0X0
80:F1FC:E0M0X0,80:F1FF:E0M0X0
80:F1FF:E0M0X0,80:F202:E0M0X0
80:F202:E0M0X0,80:F203:E0M0X0
80:F203:E0M0X0,80:F206:E0M0X0
80:F206:E0M0X0,80:F209:E0M0X0
80:F209:E0M0X0,80:F06C:E0M0X0
80:F209:E0M0X0,80:F08F:E0M0X0
80:F209:E0M0X0,80:F18F:E0M0X0
80:F20A:E0M0X0,80:F20B:E0M0X0
80:F20B:E0M0X0,80:F20C:E0M0X0
80:F20C:E0M0X0,80:F20F:E0M0X0
80:F20F:E0M0X0,80:F211:E0M0X0
80:F211:E0M0X0,80:F214:E0M0X0
80:F214:E0M0X0,80:F216:E0M0X0
80:F216:E0M0X0,80:F219:E0M0X0
80:F219:E0M0X0,80:F21B:E0M0X0
80:F21B:E0M0X0,80:E96A:E0M0X0
80:F21E:E0M0X0,80:F221:E0M0X0
80:F221:E0M0X0,80:F224:E0M0X0
80:F224:E0M0X0,80:F225:E0M0X0
80:F225:E0M0X0,80:F228:E0M0X0
80:F228:E0M0X0,80:F22B:E0M0X0
80:F22B:E0M0X0,80:F22D:E0M0X0
80:F22B:E0M0X0,80:F236:E0M0X0
80:F22D:E0M0X0,80:F230:E0M0X0
80:F230:E0M0X0,80:F233:E0M0X0
80:F233:E0M0X0,80:F236:E0M0X0
80:F236:E0M0X0,80:F238:E0M0X0
80:F238:E0M0X0,80:F23B:E0M0X0
80:F23B:E0M0X0,80:F23E:E0M0X0
80:F23E:E0M0X0,80:F241:E0M0X0
80:F241:E0M0X0,80:F242:E0M0X0
80:F242:E0M0X0,80:F245:E0M0X0
80:F245:E0M0X0,80:F248:E0M0X0
80:F248:E0M0X0,80:F249:E0M0X0
80:F249:E0M0X0,80:F24A:E0M0X0
80:F24A:E0M0X0,80:F24D:E0M0X0
80:F24D:E0M0X0,80:F250:E0M0X0
80:F250:E0M0X0,80:F251:E0M0X0
80:F251:E0M0X0,80:F252:E0M0X0
80:F252:E0M0X0,80:F255:E0M0X0
80:F255:E0M0X0,80:F256:E0M0X0
80:F256:E0M0X0,80:F259:E0M0X0
80:F259:E0M0X0,80:F25C:E0M0X0
80:F25C:E0M0X0,80:F25D:E0M0X0
80:F25D:E0M0X0,80:F260:E0M0X0
80:F260:E0M0X0,80:F263:E0M0X0
80:F263:E0M0X0,80:F264:E0M0X0
80:F264:E0M0X0,80:F267:E0M0X0
80:F267:E0M0X0,80:F26A:E0M0X0
80:F26A:E0M0X0,80:F26D:E0M0X0
80:F26D:E0M0X0,80:F26E:E0M0X0
80:F26E:E0M0X0,80:F270:E0M0X0
80:F270:E0M0X0,80:F271:E0M0X0
80:F271:E0M0X0,80:F274:E0M0X0
80:F274:E0M0X0,80:F277:E0M0X0
80:F277:E0M0X0,80:F278:E0M0X0
80:F278:E0M0X0,80:F27B:E0M0X0
80:F27B:E0M0X0,80:F27E:E0M0X0
80:F27E:E0M0X0,80:F280:E0M0X0
80:F27E:E0M0X0,80:F28D:E0M0X0
80:F280:E0M0X0,80:F283:E0M0X0
80:F283:E0M0X0,80:F286:E0M0X0
80:F286:E0M0X0,80:F289:E0M0X0
80:F289:E0M0X0,80:F28C:E0M0X0
80:F28C:E0M0X0,80:F0BF:E0M0X0
80:F28C:E0M0X0,80:F0E0:E0M0X0
80:F28C:E0M0X0,80:F10E:E0M0X0
80:F28C:E0M0X0,80:F12A:E0M0X0
80:F28D:E0M0X0,80:F290:E0M0X0
80:F290:E0M0X0,80:F293:E0M0X0
80:F293:E0M0X0,80:F0BF:E0M0X0
80:F293:E0M0X0,80:F0E0:E0M0X0
80:F293:E0M0X0,80:F10E:E0M0X0
80:F293:E0M0X0,80:F12A:E0M0X0
80:F294:E0M0X0,80:F296:E0M1X1
80:F296:E0M1X1,80:F298:E0M1X1
80:F298:E0M1X1,80:F29B:E0M1X1
80:F29B:E0M1X1,80:F29D:E0M1X1
80:F29D:E0M1X1,80:F2A0:E0M1X1
80:F2A0:E0M1X1,80:F2A3:E0M1X1
80:F2A3:E0M1X1,80:F2A5:E0M1X1
80:F2A5:E0M1X1,80:F2A8:E0M1X1
80:F2A8:E0M1X1,80:F2AB:E0M1X1
80:F2AB:E0M1X1,80:F2AD:E0M0X0
80:F2AD:E0M0X0,80:F2B0:E0M0X0
80:F2B0:E0M0X0,80:F2B3:E0M0X0
80:F2B3:E0M0X0,80:F2B6:E0M0X0
80:F2B6:E0M0X0,80:F2B9:E0M0X0
80:F2B9:E0M0X0,80:F2BC:E0M0X0
80:F2BC:E0M0X0,80:F2BF:E0M0X0
80:F2BF:E0M0X0,80:F2C2:E0M0X0
80:F2C2:E0M0X0,80:F2C5:E0M0X0
80:F2C5:E0M0X0,80:F2C8:E0M0X0
80:F2C8:E0M0X0,80:F2CA:E0M1X1
80:F2CA:E0M1X1,80:F2CC:E0M1X1
80:F2CC:E0M1X1,80:F2CF:E0M1X1
80:F2CF:E0M1X1,80:F2D2:E0M1X1
80:F2D2:E0M1X1,80:F2D4:E0M1X1
80:F2D4:E0M1X1,80:F2D7:E0M1X1
80:F2D7:E0M1X1,80:F2D9:E0M0X0
80:F2D9:E0M0X0,80:F2DC:E0M0X0
80:F2DC:E0M0X0,80:F2DD:E0M0X0
80:F2DD:E0M0X0,80:F2DE:E0M0X0
80:F2DE:E0M0X0,80:F2E1:E0M0X0
80:F2E1:E0M0X0,80:F2E3:E0M1X1
80:F2E3:E0M1X1,80:F2E5:E0M1X1
80:F2E5:E0M1X1,80:F2E8:E0M1X1
80:F2E8:E0M1X1,80:F2EB:E0M1X1
80:F2EB:E0M1X1,80:F2ED:E0M1X1
80:F2EB:E0M1X1,80:F316:E0M1X1
80:F2ED:E0M1X1,80:F2EF:E0M0X0
80:F2EF:E0M0X0,80:F2F2:E0M0X0
80:F2F2:E0M0X0,80:F2F5:E0M0X0
80:F2F5:E0M0X0,80:F2F8:E0M0X0
80:F2F8:E0M0X0,80:F2FB:E0M0X0
80:F2FB:E0M0X0,80:F2FE:E0M0X0
80:F2FE:E0M0X0,80:F300:E0M1X1
80:F300:E0M1X1,80:F302:E0M1X1
80:F302:E0M1X1,80:F305:E0M1X1
80:F305:E0M1X1,80:F307:E0M0X0
80:F307:E0M0X0,80:F30A:E0M0X0
80:F30A:E0M0X0,80:F30B:E0M0X0
80:F30B:E0M0X0,80:F30C:E0M0X0
80:F30C:E0M0X0,80:F30F:E0M0X0
80:F30F:E0M0X0,80:F311:E0M1X1
80:F311:E0M1X1,80:F313:E0M1X1
80:F313:E0M1X1,80:F316:E0M1X1
80:F316:E0M1X1,80:F318:E0M0X0
80:F318:E0M0X0,80:F31B:E0M0X0
80:F31B:E0M0X0,80:F31C:E0M0X0
80:F31C:E0M0X0,80:F31F:E0M0X0
80:F31F:E0M0X0,80:F322:E0M0X0
80:F322:E0M0X0,80:F325:E0M0X0
80:F325:E0M0X0,80:F328:E0M0X0
80:F328:E0M0X0,80:F32B:E0M0X0
80:F32B:E0M0X0,80:F32E:E0M0X0
80:F32E:E0M0X0,80:F331:E0M0X0
80:F331:E0M0X0,80:F334:E0M0X0
80:F334:E0M0X0,80:F336:E0M1X1
80:F336:E0M1X1,80:F338:E0M1X1
80:F338:E0M1X1,80:F33B:E0M1X1
80:F33B:E0M1X1,80:F33D:E0M0X0
80:F33D:E0M0X0,80:F340:E0M0X0
80:F340:E0M0X0,80:F341:E0M0X0
80:F341:E0M0X0,80:F342:E0M0X0
80:F342:E0M0X0,80:F343:E0M0X0
80:F343:E0M0X0,80:F346:E0M0X0
80:F346:E0M0X0,80:F348:E0M1X1
80:F348:E0M1X1,80:F34A:E0M1X1
80:F34A:E0M1X1,80:F34D:E0M1X1
80:F34D:E0M1X1,80:F350:E0M1X1
80:F350:E0M1X1,80:F352:E0M1X1
80:F350:E0M1X1,80:F37D:E0M1X1
80:F352:E0M1X1,80:F354:E0M0X0
80:F354:E0M0X0,80:F357:E0M0X0
80:F357:E0M0X0,80:F358:E0M0X0
80:F358:E0M0X0,80:F35B:E0M0X0
80:F35B:E0M0X0,80:F35E:E0M0X0
80:F35E:E0M0X0,80:F361:E0M0X0
80:F361:E0M0X0,80:F364:E0M0X0
80:F364:E0M0X0,80:F366:E0M1X1
80:F366:E0M1X1,80:F368:E0M1X1
80:F368:E0M1X1,80:F36B:E0M1X1
80:F36B:E0M1X1,80:F36D:E0M0X0
80:F36D:E0M0X0,80:F370:E0M0X0
80:F370:E0M0X0,80:F371:E0M0X0
80:F371:E0M0X0,80:F372:E0M0X0
80:F372:E0M0X0,80:F373:E0M0X0
80:F373:E0M0X0,80:F376:E0M0X0
80:F376:E0M0X0,80:F378:E0M1X1
80:F378:E0M1X1,80:F37A:E0M1X1
80:F37A:E0M1X1,80:F37D:E0M1X1
80:F37D:E0M1X1,80:F37F:E0M0X0
80:F37F:E0M0X0,80:EFEF:E0M0X0
80:F37F:E0M0X0,80:F192:E0M0X0
80:F380:E0M0X0,80:F382:E0M1X1
80:F382:E0M1X1,80:F384:E0M1X1
80:F384:E0M1X1,80:F387:E0M1X1
80:F387:E0M1X1,80:F389:E0M1X1
80:F389:E0M1X1,80:F38C:E0M1X1
80:F38C:E0M1X1,80:F38E:E0M1X1
80:F38E:E0M1X1,80:F391:E0M1X1
80:F391:E0M1X1,80:F393:E0M0X0
80:F393:E0M0X0,80:F396:E0M0X0
80:F396:E0M0X0,80:F399:E0M0X0
80:F399:E0M0X0,80:F39C:E0M0X0
80:F39C:E0M0X0,80:F39F:E0M0X0
80:F39F:E0M0X0,80:F3A2:E0M0X0
80:F3A2:E0M0X0,80:F3A5:E0M0X0
80:F3A5:E0M0X0,80:F3A7:E0M1X1
80:F3A7:E0M1X1,80:F3A9:E0M1X1
80:F3A9:E0M1X1,80:F3AC:E0M1X1
80:F3AC:E0M1X1,80:F3AE:E0M1X1
80:F3AE:E0M1X1,80:F3B1:E0M1X1
80:F3B1:E0M1X1,80:F3B3:E0M0X0
80:F3B3:E0M0X0,80:F3B6:E0M0X0
80:F3B6:E0M0X0,80:F3B9:E0M0X0
80:F3B9:E0M0X0,80:F3BC:E0M0X0
80:F3BC:E0M0X0,80:F3BF:E0M0X0
80:F3BF:E0M0X0,80:F3C1:E0M1X1
80:F3C1:E0M1X1,80:F3C3:E0M1X1
80:F3C3:E0M1X1,80:F3C6:E0M1X1
80:F3C6:E0M1X1,80:F3C9:E0M1X1
80:F3C9:E0M1X1,80:F3CB:E0M1X1
80:F3C9:E0M1X1,80:F3E0:E0M1X1
80:F3CB:E0M1X1,80:F3CD:E0M0X0
80:F3CD:E0M0X0,80:F3D0:E0M0X0
80:F3D0:E0M0X0,80:F3D3:E0M0X0
80:F3D3:E0M0X0,80:F3D6:E0M0X0
80:F3D6:E0M0X0,80:F3D9:E0M0X0
80:F3D9:E0M0X0,80:F3DB:E0M1X1
80:F3DB:E0M1X1,80:F3DD:E0M1X1
80:F3DD:E0M1X1,80:F3E0:E0M1X1
80:F3E0:E0M1X1,80:F3E2:E0M0X0
80:F3E2:E0M0X0,80:F3E5:E0M0X0
80:F3E5:E0M0X0,80:F3E6:E0M0X0
80:F3E6:E0M0X0,80:F3E9:E0M0X0
80:F3E9:E0M0X0,80:F3EC:E0M0X0
80:F3EC:E0M0X0,80:F3EF:E0M0X0
80:F3EF:E0M0X0,80:F3F2:E0M0X0
80:F3F2:E0M0X0,80:F3F5:E0M0X0
80:F3F5:E0M0X0,80:F3F8:E0M0X0
80:F3F8:E0M0X0,80:F3FA:E0M1X1
80:F3FA:E0M1X1,80:F3FC:E0M1X1
80:F3FC:E0M1X1,80:F3FF:E0M1X1
80:F3FF:E0M1X1,80:F401:E0M0X0
80:F401:E0M0X0,80:F404:E0M0X0
80:F404:E0M0X0,80:F405:E0M0X0
80:F405:E0M0X0,80:F408:E0M0X0
80:F408:E0M0X0,80:F40B:E0M0X0
80:F40B:E0M0X0,80:F40E:E0M0X0
80:F40E:E0M0X0,80:F411:E0M0X0
80:F411:E0M0X0,80:F413:E0M1X1
80:F413:E0M1X1,80:F415:E0M1X1
80:F415:E0M1X1,80:F418:E0M1X1
80:F418:E0M1X1,80:F41B:E0M1X1
80:F41B:E0M1X1,80:F41D:E0M1X1
80:F41B:E0M1X1,80:F436:E0M1X1
80:F41D:E0M1X1,80:F41F:E0M0X0
80:F41F:E0M0X0,80:F422:E0M0X0
80:F422:E0M0X0,80:F423:E0M0X0
80:F423:E0M0X0,80:F426:E0M0X0
80:F426:E0M0X0,80:F429:E0M0X0
80:F429:E0M0X0,80:F42C:E0M0X0
80:F42C:E0M0X0,80:F42F:E0M0X0
80:F42F:E0M0X0,80:F431:E0M1X1
80:F431:E0M1X1,80:F433:E0M1X1
80:F433:E0M1X1,80:F436:E0M1X1
80:F436:E0M1X1,80:F438:E0M0X0
80:F438:E0M0X0,80:EFFA:E0M0X0
80:F439:E0M0X0,80:F43C:E0M0X0
80:F43C:E0M0X0,80:F43F:E0M0X0
80:F43F:E0M0X0,80:F441:E0M0X0
80:F441:E0M0X0,80:F444:E0M0X0
80:F444:E0M0X0,80:F447:E0M0X0
80:F447:E0M0X0,80:F448:E0M0X0
80:F448:E0M0X0,80:F44A:E0M0X0
80:F44A:E0M0X0,80:F44C:E0M0X0
80:F44A:E0M0X0,80:F456:E0M0X0
80:F44C:E0M0X0,80:F44E:E0M0X0
80:F44C:E0M0X0,80:F453:E0M0X0
80:F44E:E0M0X0,80:F517:E0M0X0
80:F451:E0M0X0,80:F456:E0M0X0
80:F453:E0M0X0,80:F4C0:E0M0X0
80:F456:E0M0X0,80:F459:E0M0X0
80:F459:E0M0X0,80:F45C:E0M0X0
80:F45C:E0M0X0,80:F45E:E0M0X0
80:F45E:E0M0X0,80:F461:E0M0X0
80:F461:E0M0X0,80:F464:E0M0X0
80:F464:E0M0X0,80:F465:E0M0X0
80:F465:E0M0X0,80:F467:E0M0X0
80:F467:E0M0X0,80:F469:E0M0X0
80:F467:E0M0X0,80:F473:E0M0X0
80:F469:E0M0X0,80:F46B:E0M0X0
80:F469:E0M0X0,80:F470:E0M0X0
80:F46B:E0M0X0,80:F49C:E0M0X0
80:F46E:E0M0X0,80:F473:E0M0X0
80:F470:E0M0X0,80:F474:E0M0X0
80:F473:E0M0X0,80:BA9A:E0M0X0
80:F474:E0M0X0,80:F477:E0M0X0
80:F477:E0M0X0,80:F478:E0M0X0
80:F478:E0M0X0,80:F47B:E0M0X0
80:F47B:E0M0X0,80:F47E:E0M0X0
80:F47E:E0M0X0,80:F47F:E0M0X0
80:F47F:E0M0X0,80:F482:E0M0X0
80:F482:E0M0X0,80:F483:E0M0X0
80:F483:E0M0X0,80:F486:E0M0X0
80:F486:E0M0X0,80:F489:E0M0X0
80:F489:E0M0X0,80:F48C:E0M0X0
80:F48C:E0M0X0,80:F48E:E0M0X0
80:F48C:E0M0X0,80:F490:E0M0X0
80:F48E:E0M0X0,80:F48F:E0M0X0
80:F48F:E0M0X0,80:F490:E0M0X0
80:F490:E0M0X0,80:F493:E0M0X0
80:F493:E0M0X0,80:F566:E0M0X0
80:F496:E0M0X0,80:F499:E0M0X0
80:F499:E0M0X0,80:EFC7:E0M0X0
80:F49C:E0M0X0,80:F49F:E0M0X0
80:F49F:E0M0X0,80:F4A0:E0M0X0
80:F4A0:E0M0X0,80:F4A3:E0M0X0
80:F4A3:E0M0X0,80:F4A6:E0M0X0
80:F4A6:E0M0X0,80:F4A7:E0M0X0
80:F4A7:E0M0X0,80:F4AA:E0M0X0
80:F4AA:E0M0X0,80:F4AD:E0M0X0
80:F4AD:E0M0X0,80:F4B0:E0M0X0
80:F4B0:E0M0X0,80:F4B2:E0M0X0
80:F4B0:E0M0X0,80:F4B4:E0M0X0
80:F4B2:E0M0X0,80:F4B3:E0M0X0
80:F4B3:E0M0X0,80:F4B4:E0M0X0
80:F4B4:E0M0X0,80:F4B7:E0M0X0
80:F4B7:E0M0X0,80:F566:E0M0X0
80:F4BA:E0M0X0,80:F4BD:E0M0X0
80:F4BD:E0M0X0,80:EFC7:E0M0X0
80:F4C0:E0M0X0,80:F4C3:E0M0X0
80:F4C3:E0M0X0,80:F4C4:E0M0X0
80:F4C4:E0M0X0,80:F4C5:E0M0X0
80:F4C5:E0M0X0,80:F4C6:E0M0X0
80:F4C6:E0M0X0,80:F4C9:E0M0X0
80:F4C9:E0M0X0,80:F4CC:E0M0X0
80:F4CC:E0M0X0,80:F4CE:E0M0X0
80:F4CC:E0M0X0,80:F4D1:E0M0X0
80:F4CE:E0M0X0,80:F4D1:E0M0X0
80:F4D1:E0M0X0,80:F4D4:E0M0X0
80:F4D4:E0M0X0,80:F4D7:E0M0X0
80:F4D7:E0M0X0,80:F4DA:E0M0X0
80:F4DA:E0M0X0,80:F4DC:E0M0X0
80:F4DA:E0M0X0,80:F4F3:E0M0X0
80:F4DC:E0M0X0,80:F4DF:E0M0X0
80:F4DF:E0M0X0,80:F4E0:E0M0X0
80:F4E0:E0M0X0,80:F4E3:E0M0X0
80:F4E3:E0M0X0,80:F4E4:E0M0X0
80:F4E4:E0M0X0,80:F4E7:E0M0X0
80:F4E7:E0M0X0,80:F4EA:E0M0X0
80:F4EA:E0M0X0,80:F5C1:E0M0X0
80:F4ED:E0M0X0,80:F4F0:E0M0X0
80:F4F0:E0M0X0,80:EFC7:E0M0X0
80:F4F3:E0M0X0,80:F4F6:E0M0X0
80:F4F6:E0M0X0,80:F4F7:E0M0X0
80:F4F7:E0M0X0,80:F4FA:E0M0X0
80:F4FA:E0M0X0,80:F4FD:E0M0X0
80:F4FD:E0M0X0,80:F4FF:E0M0X0
80:F4FD:E0M0X0,80:F516:E0M0X0
80:F4FF:E0M0X0,80:F502:E0M0X0
80:F502:E0M0X0,80:F503:E0M0X0
80:F503:E0M0X0,80:F506:E0M0X0
80:F506:E0M0X0,80:F507:E0M0X0
80:F507:E0M0X0,80:F50A:E0M0X0
80:F50A:E0M0X0,80:F50D:E0M0X0
80:F50D:E0M0X0,80:F5C1:E0M0X0
80:F510:E0M0X0,80:F513:E0M0X0
80:F513:E0M0X0,80:EFC7:E0M0X0
80:F516:E0M0X0,80:F456:E0M0X0
80:F517:E0M0X0,80:F51A:E0M0X0
80:F51A:E0M0X0,80:F51B:E0M0X0
80:F51B:E0M0X0,80:F51C:E0M0X0
80:F51C:E0M0X0,80:F51D:E0M0X0
80:F51D:E0M0X0,80:F520:E0M0X0
80:F520:E0M0X0,80:F523:E0M0X0
80:F523:E0M0X0,80:F525:E0M0X0
80:F523:E0M0X0,80:F528:E0M0X0
80:F525:E0M0X0,80:F528:E0M0X0
80:F528:E0M0X0,80:F52B:E0M0X0
80:F52B:E0M0X0,80:F52E:E0M0X0
80:F52E:E0M0X0,80:F531:E0M0X0
80:F531:E0M0X0,80:F533:E0M0X0
80:F531:E0M0X0,80:F547:E0M0X0
80:F533:E0M0X0,80:F536:E0M0X0
80:F536:E0M0X0,80:F537:E0M0X0
80:F537:E0M0X0,80:F538:E0M0X0
80:F538:E0M0X0,80:F53B:E0M0X0
80:F53B:E0M0X0,80:F53E:E0M0X0
80:F53E:E0M0X0,80:F5C1:E0M0X0
80:F541:E0M0X0,80:F544:E0M0X0
80:F544:E0M0X0,80:EFC7:E0M0X0
80:F547:E0M0X0,80:F54A:E0M0X0
80:F54A:E0M0X0,80:F54B:E0M0X0
80:F54B:E0M0X0,80:F54E:E0M0X0
80:F54E:E0M0X0,80:F551:E0M0X0
80:F551:E0M0X0,80:F553:E0M0X0
80:F551:E0M0X0,80:F565:E0M0X0
80:F553:E0M0X0,80:F556:E0M0X0
80:F556:E0M0X0,80:F559:E0M0X0
80:F559:E0M0X0,80:F55C:E0M0X0
80:F55C:E0M0X0,80:F5C1:E0M0X0
80:F55F:E0M0X0,80:F562:E0M0X0
80:F562:E0M0X0,80:EFC7:E0M0X0
80:F565:E0M0X0,80:F451:E0M0X0
80:F566:E0M0X0,80:F567:E0M0X0
80:F567:E0M0X0,80:F568:E0M0X0
80:F568:E0M0X0,80:F56B:E0M0X0
80:F56B:E0M0X0,80:F56D:E0M0X0
80:F56D:E0M0X0,80:F570:E0M0X0
80:F570:E0M0X0,80:F572:E0M0X0
80:F572:E0M0X0,80:F575:E0M0X0
80:F575:E0M0X0,80:F577:E0M0X0
80:F577:E0M0X0,80:E7B0:E0M0X0
80:F57A:E0M0X0,80:F57D:E0M0X0
80:F57D:E0M0X0,80:F57E:E0M0X0
80:F57E:E0M0X0,80:F57F:E0M0X0
80:F57F:E0M0X0,80:F582:E0M0X0
80:F582:E0M0X0,80:F585:E0M0X0
80:F585:E0M0X0,80:F588:E0M0X0
80:F588:E0M0X0,80:F58A:E0M0X0
80:F588:E0M0X0,80:F590:E0M0X0
80:F58A:E0M0X0,80:F58D:E0M0X0
80:F58D:E0M0X0,80:F590:E0M0X0
80:F590:E0M0X0,80:F592:E0M0X0
80:F592:E0M0X0,80:F593:E0M0X0
80:F593:E0M0X0,80:F595:E0M0X0
80:F595:E0M0X0,80:F598:E0M0X0
80:F598:E0M0X0,80:F59B:E0M0X0
80:F59B:E0M0X0,80:F59C:E0M0X0
80:F59C:E0M0X0,80:F59F:E0M0X0
80:F59F:E0M0X0,80:F5A0:E0M0X0
80:F5A0:E0M0X0,80:F5A2:E0M0X0
80:F5A2:E0M0X0,80:F5A3:E0M0X0
80:F5A3:E0M0X0,80:F5A6:E0M0X0
80:F5A6:E0M0X0,80:F5A7:E0M0X0
80:F5A7:E0M0X0,80:F5AA:E0M0X0
80:F5AA:E0M0X0,80:F5AD:E0M0X0
80:F5AD:E0M0X0,80:F5B0:E0M0X0
80:F5B0:E0M0X0,80:F5B1:E0M0X0
80:F5B1:E0M0X0,80:F5B3:E0M0X0
80:F5B3:E0M0X0,80:F5B6:E0M0X0
80:F5B6:E0M0X0,80:F5B9:E0M0X0
80:F5B9:E0M0X0,80:F5BA:E0M0X0
80:F5BA:E0M0X0,80:F5BD:E0M0X0
80:F5BD:E0M0X0,80:F5C0:E0M0X0
80:F5C0:E0M0X0,80:F19B:E0M0X0
80:F5C0:E0M0X0,80:F496:E0M0X0
80:F5C0:E0M0X0,80:F4BA:E0M0X0
80:F5C1:E0M0X0,80:F5C2:E0M0X0
80:F5C2:E0M0X0,80:F5C3:E0M0X0
80:F5C3:E0M0X0,80:F5C6:E0M0X0
80:F5C6:E0M0X0,80:F5C8:E0M0X0
80:F5C8:E0M0X0,80:F5CB:E0M0X0
80:F5CB:E0M0X0,80:F5CD:E0M0X0
80:F5CD:E0M0X0,80:F5D0:E0M0X0
80:F5D0:E0M0X0,80:F5D2:E0M0X0
80:F5D2:E0M0X0,80:E96A:E0M0X0
80:F5D5:E0M0X0,80:F5D8:E0M0X0
80:F5D8:E0M0X0,80:F5DB:E0M0X0
80:F5DB:E0M0X0,80:F5DC:E0M0X0
80:F5DC:E0M0X0,80:F5DF:E0M0X0
80:F5DF:E0M0X0,80:F5E2:E0M0X0
80:F5E2:E0M0X0,80:F5E4:E0M0X0
80:F5E2:E0M0X0,80:F5ED:E0M0X0
80:F5E4:E0M0X0,80:F5E7:E0M0X0
80:F5E7:E0M0X0,80:F5EA:E0M0X0
80:F5EA:E0M0X0,80:F5ED:E0M0X0
80:F5ED:E0M0X0,80:F5EF:E0M0X0
80:F5EF:E0M0X0,80:F5F2:E0M0X0
80:F5F2:E0M0X0,80:F5F5:E0M0X0
80:F5F5:E0M0X0,80:F5F8:E0M0X0
80:F5F8:E0M0X0,80:F5F9:E0M0X0
80:F5F9:E0M0X0,80:F5FC:E0M0X0
80:F5FC:E0M0X0,80:F5FF:E0M0X0
80:F5FF:E0M0X0,80:F600:E0M0X0
80:F600:E0M0X0,80:F601:E0M0X0
80:F601:E0M0X0,80:F604:E0M0X0
80:F604:E0M0X0,80:F607:E0M0X0
80:F607:E0M0X0,80:F608:E0M0X0
80:F608:E0M0X0,80:F609:E0M0X0
80:F609:E0M0X0,80:F60C:E0M0X0
80:F60C:E0M0X0,80:F60D:E0M0X0
80:F60D:E0M0X0,80:F610:E0M0X0
80:F610:E0M0X0,80:F613:E0M0X0
80:F613:E0M0X0,80:F614:E0M0X0
80:F614:E0M0X0,80:F617:E0M0X0
80:F617:E0M0X0,80:F61A:E0M0X0
80:F61A:E0M0X0,80:F61B:E0M0X0
80:F61B:E0M0X0,80:F61E:E0M0X0
80:F61E:E0M0X0,80:F621:E0M0X0
80:F621:E0M0X0,80:F624:E0M0X0
80:F624:E0M0X0,80:F625:E0M0X0
80:F625:E0M0X0,80:F627:E0M0X0
80:F627:E0M0X0,80:F628:E0M0X0
80:F628:E0M0X0,80:F62B:E0M0X0
80:F62B:E0M0X0,80:F62E:E0M0X0
80:F62E:E0M0X0,80:F62F:E0M0X0
80:F62F:E0M0X0,80:F632:E0M0X0
80:F632:E0M0X0,80:F635:E0M0X0
80:F635:E0M0X0,80:F637:E0M0X0
80:F635:E0M0X0,80:F644:E0M0X0
80:F637:E0M0X0,80:F63A:E0M0X0
80:F63A:E0M0X0,80:F63D:E0M0X0
80:F63D:E0M0X0,80:F640:E0M0X0
80:F640:E0M0X0,80:F643:E0M0X0
80:F643:E0M0X0,80:F4ED:E0M0X0
80:F643:E0M0X0,80:F510:E0M0X0
80:F643:E0M0X0,80:F541:E0M0X0
80:F643:E0M0X0,80:F55F:E0M0X0
80:F644:E0M0X0,80:F647:E0M0X0
80:F647:E0M0X0,80:F64A:E0M0X0
80:F64A:E0M0X0,80:F4ED:E0M0X0
80:F64A:E0M0X0,80:F510:E0M0X0
80:F64A:E0M0X0,80:F541:E0M0X0
80:F64A:E0M0X0,80:F55F:E0M0X0
80:F64B:E0M0X0,80:F64D:E0M1X1
80:F64D:E0M1X1,80:F64F:E0M1X1
80:F64F:E0M1X1,80:F652:E0M1X1
80:F652:E0M1X1,80:F654:E0M1X1
80:F654:E0M1X1,80:F657:E0M1X1
80:F657:E0M1X1,80:F65A:E0M1X1
80:F65A:E0M1X1,80:F65C:E0M1X1
80:F65C:E0M1X1,80:F65F:E0M1X1
80:F65F:E0M1X1,80:F662:E0M1X1
80:F662:E0M1X1,80:F664:E0M0X0
80:F664:E0M0X0,80:F667:E0M0X0
80:F667:E0M0X0,80:F66A:E0M0X0
80:F66A:E0M0X0,80:F66D:E0M0X0
80:F66D:E0M0X0,80:F670:E0M0X0
80:F670:E0M0X0,80:F673:E0M0X0
80:F673:E0M0X0,80:F676:E0M0X0
80:F676:E0M0X0,80:F679:E0M0X0
80:F679:E0M0X0,80:F67C:E0M0X0
80:F67C:E0M0X0,80:F67F:E0M0X0
80:F67F:E0M0X0,80:F681:E0M1X1
80:F681:E0M1X1,80:F683:E0M1X1
80:F683:E0M1X1,80:F686:E0M1X1
80:F686:E0M1X1,80:F689:E0M1X1
80:F689:E0M1X1,80:F68B:E0M1X1
80:F68B:E0M1X1,80:F68E:E0M1X1
80:F68E:E0M1X1,80:F690:E0M0X0
80:F690:E0M0X0,80:F693:E0M0X0
80:F693:E0M0X0,80:F694:E0M0X0
80:F694:E0M0X0,80:F695:E0M0X0
80:F695:E0M0X0,80:F698:E0M0X0
80:F698:E0M0X0,80:F69A:E0M1X1
80:F69A:E0M1X1,80:F69C:E0M1X1
80:F69C:E0M1X1,80:F69F:E0M1X1
80:F69F:E0M1X1,80:F6A2:E0M1X1
80:F6A2:E0M1X1,80:F6A4:E0M1X1
80:F6A2:E0M1X1,80:F6CD:E0M1X1
80:F6A4:E0M1X1,80:F6A6:E0M0X0
80:F6A6:E0M0X0,80:F6A9:E0M0X0
80:F6A9:E0M0X0,80:F6AC:E0M0X0
80:F6AC:E0M0X0,80:F6AF:E0M0X0
80:F6AF:E0M0X0,80:F6B2:E0M0X0
80:F6B2:E0M0X0,80:F6B5:E0M0X0
80:F6B5:E0M0X0,80:F6B7:E0M1X1
80:F6B7:E0M1X1,80:F6B9:E0M1X1
80:F6B9:E0M1X1,80:F6BC:E0M1X1
80:F6BC:E0M1X1,80:F6BE:E0M0X0
80:F6BE:E0M0X0,80:F6C1:E0M0X0
80:F6C1:E0M0X0,80:F6C2:E0M0X0
80:F6C2:E0M0X0,80:F6C3:E0M0X0
80:F6C3:E0M0X0,80:F6C6:E0M0X0
80:F6C6:E0M0X0,80:F6C8:E0M1X1
80:F6C8:E0M1X1,80:F6CA:E0M1X1
80:F6CA:E0M1X1,80:F6CD:E0M1X1
80:F6CD:E0M1X1,80:F6CF:E0M0X0
80:F6CF:E0M0X0,80:F6D2:E0M0X0
80:F6D2:E0M0X0,80:F6D3:E0M0X0
80:F6D3:E0M0X0,80:F6D6:E0M0X0
80:F6D6:E0M0X0,80:F6D9:E0M0X0
80:F6D9:E0M0X0,80:F6DC:E0M0X0
80:F6DC:E0M0X0,80:F6DF:E0M0X0
80:F6DF:E0M0X0,80:F6E2:E0M0X0
80:F6E2:E0M0X0,80:F6E5:E0M0X0
80:F6E5:E0M0X0,80:F6E8:E0M0X0
80:F6E8:E0M0X0,80:F6EB:E0M0X0
80:F6EB:E0M0X0,80:F6ED:E0M1X1
80:F6ED:E0M1X1,80:F6EF:E0M1X1
80:F6EF:E0M1X1,80:F6F2:E0M1X1
80:F6F2:E0M1X1,80:F6F4:E0M0X0
80:F6F4:E0M0X0,80:F6F7:E0M0X0
80:F6F7:E0M0X0,80:F6F8:E0M0X0
80:F6F8:E0M0X0,80:F6F9:E0M0X0
80:F6F9:E0M0X0,80:F6FA:E0M0X0
80:F6FA:E0M0X0,80:F6FD:E0M0X0
80:F6FD:E0M0X0,80:F6FF:E0M1X1
80:F6FF:E0M1X1,80:F701:E0M1X1
80:F701:E0M1X1,80:F704:E0M1X1
80:F704:E0M1X1,80:F707:E0M1X1
80:F707:E0M1X1,80:F709:E0M1X1
80:F707:E0M1X1,80:F734:E0M1X1
80:F709:E0M1X1,80:F70B:E0M0X0
80:F70B:E0M0X0,80:F70E:E0M0X0
80:F70E:E0M0X0,80:F70F:E0M0X0
80:F70F:E0M0X0,80:F712:E0M0X0
80:F712:E0M0X0,80:F715:E0M0X0
80:F715:E0M0X0,80:F718:E0M0X0
80:F718:E0M0X0,80:F71B:E0M0X0
80:F71B:E0M0X0,80:F71D:E0M1X1
80:F71D:E0M1X1,80:F71F:E0M1X1
80:F71F:E0M1X1,80:F722:E0M1X1
80:F722:E0M1X1,80:F724:E0M0X0
80:F724:E0M0X0,80:F727:E0M0X0
80:F727:E0M0X0,80:F728:E0M0X0
80:F728:E0M0X0,80:F729:E0M0X0
80:F729:E0M0X0,80:F72A:E0M0X0
80:F72A:E0M0X0,80:F72D:E0M0X0
80:F72D:E0M0X0,80:F72F:E0M1X1
80:F72F:E0M1X1,80:F731:E0M1X1
80:F731:E0M1X1,80:F734:E0M1X1
80:F734:E0M1X1,80:F736:E0M0X0
80:F736:E0M0X0,80:F005:E0M0X0
80:F736:E0M0X0,80:F19E:E0M0X0
80:F737:E0M0X0,80:F739:E0M1X1
80:F739:E0M1X1,80:F73B:E0M1X1
80:F73B:E0M1X1,80:F73E:E0M1X1
80:F73E:E0M1X1,80:F740:E0M1X1
80:F740:E0M1X1,80:F743:E0M1X1
80:F743:E0M1X1,80:F745:E0M1X1
80:F745:E0M1X1,80:F748:E0M1X1
80:F748:E0M1X1,80:F74A:E0M0X0
80:F74A:E0M0X0,80:F74D:E0M0X0
80:F74D:E0M0X0,80:F750:E0M0X0
80:F750:E0M0X0,80:F753:E0M0X0
80:F753:E0M0X0,80:F756:E0M0X0
80:F756:E0M0X0,80:F759:E0M0X0
80:F759:E0M0X0,80:F75C:E0M0X0
80:F75C:E0M0X0,80:F75E:E0M1X1
80:F75E:E0M1X1,80:F760:E0M1X1
80:F760:E0M1X1,80:F763:E0M1X1
80:F763:E0M1X1,80:F765:E0M1X1
80:F765:E0M1X1,80:F768:E0M1X1
80:F768:E0M1X1,80:F76A:E0M0X0
80:F76A:E0M0X0,80:F76D:E0M0X0
80:F76D:E0M0X0,80:F770:E0M0X0
80:F770:E0M0X0,80:F773:E0M0X0
80:F773:E0M0X0,80:F776:E0M0X0
80:F776:E0M0X0,80:F778:E0M1X1
80:F778:E0M1X1,80:F77A:E0M1X1
80:F77A:E0M1X1,80:F77D:E0M1X1
80:F77D:E0M1X1,80:F780:E0M1X1
80:F780:E0M1X1,80:F782:E0M1X1
80:F780:E0M1X1,80:F797:E0M1X1
80:F782:E0M1X1,80:F784:E0M0X0
80:F784:E0M0X0,80:F787:E0M0X0
80:F787:E0M0X0,80:F78A:E0M0X0
80:F78A:E0M0X0,80:F78D:E0M0X0
80:F78D:E0M0X0,80:F790:E0M0X0
80:F790:E0M0X0,80:F792:E0M1X1
80:F792:E0M1X1,80:F794:E0M1X1
80:F794:E0M1X1,80:F797:E0M1X1
80:F797:E0M1X1,80:F799:E0M0X0
80:F799:E0M0X0,80:F79C:E0M0X0
80:F79C:E0M0X0,80:F79D:E0M0X0
80:F79D:E0M0X0,80:F7A0:E0M0X0
80:F7A0:E0M0X0,80:F7A3:E0M0X0
80:F7A3:E0M0X0,80:F7A6:E0M0X0
80:F7A6:E0M0X0,80:F7A9:E0M0X0
80:F7A9:E0M0X0,80:F7AC:E0M0X0
80:F7AC:E0M0X0,80:F7AF:E0M0X0
80:F7AF:E0M0X0,80:F7B1:E0M1X1
80:F7B1:E0M1X1,80:F7B3:E0M1X1
80:F7B3:E0M1X1,80:F7B6:E0M1X1
80:F7B6:E0M1X1,80:F7B8:E0M0X0
80:F7B8:E0M0X0,80:F7BB:E0M0X0
80:F7BB:E0M0X0,80:F7BC:E0M0X0
80:F7BC:E0M0X0,80:F7BF:E0M0X0
80:F7BF:E0M0X0,80:F7C2:E0M0X0
80:F7C2:E0M0X0,80:F7C5:E0M0X0
80:F7C5:E0M0X0,80:F7C8:E0M0X0
80:F7C8:E0M0X0,80:F7CA:E0M1X1
80:F7CA:E0M1X1,80:F7CC:E0M1X1
80:F7CC:E0M1X1,80:F7CF:E0M1X1
80:F7CF:E0M1X1,80:F7D2:E0M1X1
80:F7D2:E0M1X1,80:F7D4:E0M1X1
80:F7D2:E0M1X1,80:F7ED:E0M1X1
80:F7D4:E0M1X1,80:F7D6:E0M0X0
80:F7D6:E0M0X0,80:F7D9:E0M0X0
80:F7D9:E0M0X0,80:F7DA:E0M0X0
80:F7DA:E0M0X0,80:F7DD:E0M0X0
80:F7DD:E0M0X0,80:F7E0:E0M0X0
80:F7E0:E0M0X0,80:F7E3:E0M0X0
80:F7E3:E0M0X0,80:F7E6:E0M0X0
80:F7E6:E0M0X0,80:F7E8:E0M1X1
80:F7E8:E0M1X1,80:F7EA:E0M1X1
80:F7EA:E0M1X1,80:F7ED:E0M1X1
80:F7ED:E0M1X1,80:F7EF:E0M0X0
80:F7EF:E0M0X0,80:F010:E0M0X0
80:F7F0:E0M0X0,80:F7F2:E0M0X0
80:F7F2:E0M0X0,80:F7F4:E0M0X0
80:F7F4:E0M0X0,80:F7F7:E0M0X0
80:F7F7:E0M0X0,80:F7F9:E0M0X0
80:F7F7:E0M0X0,80:F7FE:E0M0X0
80:F7F9:E0M0X0,80:F7FC:E0M0X0
80:F7FC:E0M0X0,80:F7FE:E0M0X0
80:F7FC:E0M0X0,80:F805:E0M0X0
80:F7FE:E0M0X0,80:F801:E0M0X0
80:F801:E0M0X0,80:F803:E0M0X0
80:F803:E0M0X0,80:F804:E0M0X0
80:F804:E0M0X0,80:DE6E:E0M0X0
80:F804:E0M0X0,80:DE80:E0M0X0
80:F804:E0M0X0,80:DE93:E0M0X0
80:F804:E0M0X0,80:DEA9:E0M0X0
80:F804:E0M0X0,80:DEB9:E0M0X0
80:F804:E0M0X0,80:E334:E0M0X0
80:F804:E0M0X0,80:E342:E0M0X0
80:F805:E0M0X0,80:F806:E0M0X0
80:F806:E0M0X0,80:F809:E0M0X0
80:F809:E0M0X0,80:F80A:E0M0X0
80:F80A:E0M0X0,80:F80C:E0M0X0
80:F80C:E0M0X0,80:F80E:E0M1X1
80:F80E:E0M1X1,80:F811:E0M1X1
80:F811:E0M1X1,80:F813:E0M1X1
80:F813:E0M1X1,80:F816:E0M1X1
80:F816:E0M1X1,80:F818:E0M0X0
80:F818:E0M0X0,80:F81A:E0M0X0
80:F81A:E0M0X0,80:F81B:E0M0X0
80:F81B:E0M0X0,80:F81C:E0M0X0
80:F81C:E0M0X0,80:F81D:E0M0X0
80:F81D:E0M0X0,80:F820:E0M0X0
80:F820:E0M0X0,80:F821:E0M0X0
80:F821:E0M0X0,80:F822:E0M0X0
80:F822:E0M0X0,80:F826:E0M0X0
80:F826:E0M0X0,80:F827:E0M0X0
80:F827:E0M0X0,80:F82B:E0M0X0
80:F82B:E0M0X0,80:F82C:E0M0X0
80:F82C:E0M0X0,80:F82E:E0M0X0
80:F82E:E0M0X0,80:F82F:E0M0X0
80:F82F:E0M0X0,80:F833:E0M0X0
80:F833:E0M0X0,80:F834:E0M0X0
80:F834:E0M0X0,80:F837:E0M0X0
80:F837:E0M0X0,80:F839:E0M0X0
80:F837:E0M0X0,80:F854:E0M0X0
80:F839:E0M0X0,80:F83C:E0M0X0
80:F83C:E0M0X0,80:F83F:E0M0X0
80:F83F:E0M0X0,80:F841:E0M0X0
80:F83F:E0M0X0,80:F849:E0M0X0
80:F841:E0M0X0,80:F843:E0M0X0
80:F843:E0M0X0,80:F845:E0M0X0
80:F845:E0M0X0,80:F847:E0M0X0
80:F847:E0M0X0,80:F848:E0M0X0
80:F848:E0M0X0,80:DE6E:E0M0X0
80:F848:E0M0X0,80:DE80:E0M0X0
80:F848:E0M0X0,80:DE93:E0M0X0
80:F848:E0M0X0,80:DEA9:E0M0X0
80:F848:E0M0X0,80:DEB9:E0M0X0
80:F848:E0M0X0,80:E334:E0M0X0
80:F848:E0M0X0,80:E342:E0M0X0
80:F849:E0M0X0,80:F84C:E0M0X0
80:F84C:E0M0X0,80:F84E:E0M0X0
80:F84E:E0M0X0,80:F850:E0M0X0
80:F850:E0M0X0,80:F852:E0M0X0
80:F852:E0M0X0,80:F853:E0M0X0
80:F853:E0M0X0,80:DE6E:E0M0X0
80:F853:E0M0X0,80:DE80:E0M0X0
80:F853:E0M0X0,80:DE93:E0M0X0
80:F853:E0M0X0,80:DEA9:E0M0X0
80:F853:E0M0X0,80:DEB9:E0M0X0
80:F853:E0M0X0,80:E334:E0M0X0
80:F853:E0M0X0,80:E342:E0M0X0
80:F854:E0M0X0,80:F858:E0M0X0
80:F858:E0M0X0,80:F859:E0M0X0
80:F859:E0M0X0,80:F85D:E0M0X0
80:F85D:E0M0X0,80:F85E:E0M0X0
80:F85E:E0M0X0,80:F860:E0M0X0
80:F860:E0M0X0,80:F861:E0M0X0
80:F861:E0M0X0,80:F865:E0M0X0
80:F865:E0M0X0,80:F867:E0M0X0
80:F867:E0M0X0,80:F869:E0M0X0
80:F869:E0M0X0,80:F86B:E0M0X0
80:F86B:E0M0X0,80:F86C:E0M0X0
80:F86C:E0M0X0,80:DE6E:E0M0X0
80:F86C:E0M0X0,80:DE80:E0M0X0
80:F86C:E0M0X0,80:DE93:E0M0X0
80:F86C:E0M0X0,80:DEA9:E0M0X0
80:F86C:E0M0X0,80:DEB9:E0M0X0
80:F86C:E0M0X0,80:E334:E0M0X0
80:F86C:E0M0X0,80:E342:E0M0X0
80:F8AD:E0M1X1,80:F8B0:E0M1X1
80:F8B0:E0M1X1,80:F8B2:E0M1X1
80:F8B0:E0M1X1,80:F8B7:E0M1X1
80:F8B2:E0M1X1,80:F8B3:E0M1X1
80:F8B3:E0M1X1,80:F8B6:E0M1X1
80:F8B6:E0M1X1,80:9222:E0M1X1
80:F8B7:E0M1X1,80:F8BA:E0M1X1
80:F8BA:E0M1X1,80:F8BC:E0M1X1
80:F8BC:E0M1X1,80:F8BE:E0M1X1
80:F8BC:E0M1X1,80:F8D1:E0M1X1
80:F8BE:E0M1X1,80:F8C1:E0M1X1
80:F8C1:E0M1X1,80:F8C2:E0M1X1
80:F8C2:E0M1X1,80:F8C3:E0M1X1
80:F8C3:E0M1X1,80:F8C6:E0M1X1
80:F8C6:E0M1X1,80:F8C7:E0M1X1
80:F8C7:E0M1X1,80:F8C9:E0M1X1
80:F8C9:E0M1X1,80:F8CA:E0M1X1
80:F8CA:E0M1X1,80:F8CB:E0M1X1
80:F8CB:E0M1X1,80:F8CE:E0M1X1
80:F8CE:E0M1X1,80:F8D1:E0M1X1
80:F8D1:E0M1X1,80:9222:E0M1X1
80:F8DB:E0M1X1,80:FB2F:E0M1X1
80:F8DE:E0M1X1,80:F8E0:E0M1X1
80:F8E0:E0M1X1,80:FA38:E0M1X1
80:F8E3:E0M1X1,80:F8E5:E0M1X1
80:F8E5:E0M1X1,80:FA38:E0M1X1
80:F8E8:E0M1X1,80:F8EA:E0M1X1
80:F8EA:E0M1X1,80:FA38:E0M1X1
80:F8ED:E0M1X1,80:F8EF:E0M1X1
80:F8EF:E0M1X1,80:FA38:E0M1X1
80:F8F2:E0M1X1,80:F8F4:E0M1X1
80:F8F4:E0M1X1,80:F8F7:E0M1X1
80:F8F7:E0M1X1,80:F8F9:E0M1X1
80:F8F9:E0M1X1,80:F8FC:E0M1X1
80:F8FC:E0M1X1,80:F8FF:E0M1X1
80:F8FF:E0M1X1,80:804A:E0M1X1
80:F900:E0M1X1,80:F904:E0M1X1
80:F903:E0M1X1,81:D895:E0M1X1
80:F904:E0M1X1,80:F907:E0M1X1
80:F907:E0M1X1,80:F909:E0M1X1
80:F907:E0M1X1,80:F918:E0M1X1
80:F909:E0M1X1,80:F90B:E0M1X1
80:F90B:E0M1X1,80:F90D:E0M1X1
80:F90B:E0M1X1,80:F910:E0M1X1
80:F90D:E0M1X1,80:FA38:E0M1X1
80:F910:E0M1X1,80:F912:E0M1X1
80:F912:E0M1X1,80:F913:E0M1X1
80:F913:E0M1X1,80:F915:E0M1X1
80:F915:E0M1X1,80:F9C2:E0M1X1
80:F918:E0M1X1,80:812C:E0M1X1
80:F918:E0M1X1,80:F903:E0M1X1
80:F919:E0M1X1,80:F91D:E0M1X1
80:F91C:E0M1X1,81:B883:E0M1X1
80:F91D:E0M1X1,80:F91F:E0M1X1
80:F91F:E0M1X1,80:F920:E0M1X1
80:F920:E0M1X1,80:F922:E0M1X1
80:F922:E0M1X1,80:F9C2:E0M1X1
80:F925:E0M1X1,80:80C1:E0M1X1
80:F925:E0M1X1,80:8110:E0M1X1
80:F925:E0M1X1,80:F91C:E0M1X1
80:F926:E0M0X0,80:F92A:E0M0X0
80:F926:E0M1X1,80:F92A:E0M1X1
80:F929:E0M0X0,81:82D9:E0M0X0
80:F929:E0M0X0,81:8368:E0M0X0
80:F929:E0M0X0,81:8568:E0M0X0
80:F929:E0M0X0,81:8627:E0M0X0
80:F929:E0M1X1,81:8E6D:E0M1X1
80:F929:E0M1X1,81:8EBB:E0M1X1
80:F929:E0M1X1,81:9016:E0M1X1
80:F929:E0M1X1,81:9510:E0M1X1
80:F929:E0M1X1,81:9D3A:E0M1X1
80:F929:E0M1X1,81:C845:E0M1X1
80:F929:E0M1X1,81:C84B:E0M1X1
80:F929:E0M1X1,81:C851:E0M1X1
80:F929:E0M1X1,81:CB7E:E0M1X1
80:F929:E0M1X1,81:CB84:E0M1X1
80:F929:E0M1X1,81:CB98:E0M1X1
80:F929:E0M1X1,81:CBA2:E0M1X1
80:F929:E0M1X1,81:D0AF:E0M1X1
80:F929:E0M1X1,81:D0E5:E0M1X1
80:F929:E0M1X1,81:F581:E0M1X1
80:F929:E0M1X1,81:F5B8:E0M1X1
80:F929:E0M1X1,9F:F818:E0M1X1
80:F929:E0M1X1,9F:F8E1:E0M1X1
80:F929:E0M1X1,9F:F95B:E0M1X1
80:F929:E0M1X1,9F:FA82:E0M1X1
80:F92A:E0M0X0,80:F92B:E0M0X0
80:F92A:E0M1X0,80:F92B:E0M1X0
80:F92A:E0M1X1,80:F92B:E0M1X1
80:F92B:E0M0X0,80:F92C:E0M0X0
80:F92B:E0M1X0,80:F92C:E0M1X0
80:F92B:E0M1X1,80:F92C:E0M1X1
80:F92C:E0M0X0,80:F92E:E0M1X0
80:F92C:E0M1X0,80:F92E:E0M1X0
80:F92C:E0M1X1,80:F92E:E0M1X1
80:F92E:E0M1X0,80:F931:E0M1X0
80:F92E:E0M1X1,80:F931:E0M1X1
80:F931:E0M1X0,80:F933:E0M1X0
80:F931:E0M1X0,80:F93D:E0M1X0
80:F931:E0M1X1,80:F933:E0M1X1
80:F931:E0M1X1,80:F93D:E0M1X1
80:F933:E0M1X0,80:F935:E0M1X0
80:F933:E0M1X1,80:F935:E0M1X1
80:F935:E0M1X0,80:F937:E0M1X0
80:F935:E0M1X0,80:F940:E0M1X0
80:F935:E0M1X1,80:F937:E0M1X1
80:F935:E0M1X1,80:F940:E0M1X1
80:F937:E0M1X0,80:F938:E0M1X0
80:F937:E0M1X1,80:F938:E0M1X1
80:F938:E0M1X0,80:F93A:E0M1X0
80:F938:E0M1X1,80:F93A:E0M1X1
80:F93A:E0M1X0,80:F9C2:E0M1X0
80:F93A:E0M1X1,80:F9C2:E0M1X1
80:F93D:E0M1X0,80:F93E:E0M0X0
80:F93D:E0M1X0,80:F93E:E0M1X0
80:F93D:E0M1X1,80:F93E:E0M1X1
80:F93E:E0M0X0,80:F93F:E0M0X0
80:F93E:E0M1X0,80:F93F:E0M1X0
80:F93E:E0M1X1,80:F93F:E0M1X1
80:F93F:E0M0X0,80:F929:E0M0X0
80:F93F:E0M1X0,80:FB5B:E0M1X0
80:F93F:E0M1X1,80:9416:E0M1X1
80:F93F:E0M1X1,80:94A9:E0M1X1
80:F93F:E0M1X1,80:9513:E0M1X1
80:F93F:E0M1X1,80:958E:E0M1X1
80:F93F:E0M1X1,80:9917:E0M1X1
80:F93F:E0M1X1,80:9A6C:E0M1X1
80:F93F:E0M1X1,80:DDD4:E0M1X1
80:F93F:E0M1X1,80:DF7A:E0M1X1
80:F93F:E0M1X1,80:E113:E0M1X1
80:F93F:E0M1X1,80:E17B:E0M1X1
80:F93F:E0M1X1,80:F929:E0M1X1
80:F93F:E0M1X1,80:F978:E0M1X1
80:F93F:E0M1X1,80:FB47:E0M1X1
80:F93F:E0M1X1,80:FB51:E0M1X1
80:F93F:E0M1X1,80:FB5B:E0M1X1
80:F940:E0M1X0,80:F941:E0M1X0
80:F940:E0M1X1,80:F941:E0M1X1
80:F941:E0M1X0,80:F943:E0M1X0
80:F941:E0M1X1,80:F943:E0M1X1
80:F943:E0M1X0,80:F944:E0M1X0
80:F943:E0M1X1,80:F944:E0M1X1
80:F944:E0M1X0,80:F946:E0M1X0
80:F944:E0M1X1,80:F946:E0M1X1
80:F946:E0M1X0,80:F93A:E0M1X0
80:F946:E0M1X1,80:F93A:E0M1X1
80:F948:E0M1X1,80:F94C:E0M1X1
80:F94B:E0M1X1,81:CB74:E0M1X1
80:F94B:E0M1X1,81:CB92:E0M1X1
80:F94B:E0M1X1,81:D0A3:E0M1X1
80:F94B:E0M1X1,9F:F80C:E0M1X1
80:F94B:E0M1X1,9F:F94F:E0M1X1
80:F94C:E0M1X1,80:F94D:E0M1X1
80:F94D:E0M1X1,80:F94F:E0M1X1
80:F94F:E0M1X1,80:F950:E0M1X1
80:F950:E0M1X1,80:F952:E0M1X1
80:F952:E0M1X1,80:F9C2:E0M1X1
80:F955:E0M1X1,80:F956:E0M1X1
80:F956:E0M1X1,80:F94B:E0M1X1
80:F957:E0M1X1,80:F95B:E0M1X1
80:F95A:E0M1X1,81:D0A9:E0M1X1
80:F95A:E0M1X1,9F:F812:E0M1X1
80:F95A:E0M1X1,9F:F955:E0M1X1
80:F95B:E0M1X1,80:F95C:E0M1X1
80:F95C:E0M1X1,80:F95E:E0M1X1
80:F95E:E0M1X1,80:F95F:E0M1X1
80:F95F:E0M1X1,80:F961:E0M1X1
80:F961:E0M1X1,80:F9C2:E0M1X1
80:F964:E0M1X1,80:F965:E0M1X1
80:F965:E0M1X1,80:F95A:E0M1X1
80:F966:E0M1X1,80:F967:E0M1X1
80:F967:E0M1X1,80:F968:E0M1X1
80:F968:E0M1X1,80:F96B:E0M1X1
80:F96B:E0M1X1,80:F96D:E0M1X1
80:F96B:E0M1X1,80:F971:E0M1X1
80:F96D:E0M1X1,80:F96F:E0M1X1
80:F96F:E0M1X1,80:F971:E0M1X1
80:F96F:E0M1X1,80:F978:E0M1X1
80:F971:E0M1X1,80:F973:E0M1X1
80:F973:E0M1X1,80:F975:E0M1X1
80:F973:E0M1X1,80:F978:E0M1X1
80:F975:E0M1X1,80:F92A:E0M1X1
80:F978:E0M1X1,80:F979:E0M1X1
80:F979:E0M1X1,80:F97A:E0M1X1
80:F97A:E0M1X1,80:8E4A:E0M1X1
80:F97A:E0M1X1,80:9BBD:E0M1X1
80:F97A:E0M1X1,80:A631:E0M1X1
80:F97A:E0M1X1,80:DFC4:E0M1X1
80:F97A:E0M1X1,80:E015:E0M1X1
80:F97A:E0M1X1,80:E07C:E0M1X1
80:F97A:E0M1X1,80:FDB4:E0M1X1
80:F97B:E0M1X1,80:F97C:E0M1X1
80:F97C:E0M1X1,80:F97E:E0M1X1
80:F97E:E0M1X1,80:F9C2:E0M1X1
80:F981:E0M1X1,80:8119:E0M1X1
80:F981:E0M1X1,80:BC3B:E0M1X1
80:F981:E0M1X1,80:BC88:E0M1X1
80:F982:E0M1X1,80:F986:E0M1X1
80:F985:E0M1X1,81:8DD5:E0M1X1
80:F985:E0M1X1,81:8E71:E0M1X1
80:F985:E0M1X1,81:94CB:E0M1X1
80:F985:E0M1X1,81:9514:E0M1X1
80:F985:E0M1X1,81:9FAA:E0M1X1
80:F985:E0M1X1,81:A641:E0M1X1
80:F985:E0M1X1,81:A6FD:E0M1X1
80:F985:E0M1X1,81:AD9B:E0M1X1
80:F985:E0M1X1,81:B023:E0M1X1
80:F985:E0M1X1,81:B87F:E0M1X1
80:F985:E0M1X1,81:B8BA:E0M1X1
80:F985:E0M1X1,81:BB45:E0M1X1
80:F985:E0M1X1,81:C6AD:E0M1X1
80:F985:E0M1X1,81:C6BC:E0M1X1
80:F985:E0M1X1,81:C855:E0M1X1
80:F985:E0M1X1,81:CB88:E0M1X1
80:F985:E0M1X1,81:D0B3:E0M1X1
80:F985:E0M1X1,81:D0E9:E0M1X1
80:F985:E0M1X1,81:D899:E0M1X1
80:F985:E0M1X1,81:F585:E0M1X1
80:F985:E0M1X1,81:F5BC:E0M1X1
80:F985:E0M1X1,81:F623:E0M1X1
80:F985:E0M1X1,81:F779:E0M1X1
80:F985:E0M1X1,81:F7E3:E0M1X1
80:F985:E0M1X1,81:F97E:E0M1X1
80:F985:E0M1X1,9F:F81C:E0M1X1
80:F985:E0M1X1,9F:F8E5:E0M1X1
80:F985:E0M1X1,9F:F95F:E0M1X1
80:F985:E0M1X1,9F:FA86:E0M1X1
80:F986:E0M1X1,80:F987:E0M1X1
80:F987:E0M1X1,80:F989:E0M0X1
80:F989:E0M0X1,80:F98C:E0M0X1
80:F98C:E0M0X1,80:F98F:E0M0X1
80:F98F:E0M0X1,80:F991:E0M0X1
80:F98F:E0M0X1,80:F996:E0M0X1
80:F991:E0M0X1,80:F9F6:E0M0X1
80:F994:E0M0X1,80:F989:E0M0X1
80:F996:E0M0X1,80:F997:E0M1X1
80:F997:E0M1X1,80:80C4:E0M1X1
80:F997:E0M1X1,80:8113:E0M1X1
80:F997:E0M1X1,80:812F:E0M1X1
80:F997:E0M1X1,80:BC52:E0M1X1
80:F997:E0M1X1,80:BC83:E0M1X1
80:F997:E0M1X1,80:BD1B:E0M1X1
80:F997:E0M1X1,80:F985:E0M1X1
80:F998:E0M1X1,80:F999:E0M1X1
80:F999:E0M1X1,80:F99B:E0M1X1
80:F99B:E0M1X1,80:F99E:E0M1X1
80:F99E:E0M1X1,80:F9A0:E0M1X1
80:F99E:E0M1X1,80:F9A3:E0M1X1
80:F9A0:E0M1X1,80:FBAD:E0M1X1
80:F9A3:E0M1X1,80:F9A4:E0M1X1
80:F9A4:E0M1X1,80:8AF1:E0M1X1
80:F9A4:E0M1X1,80:F9BF:E0M1X1
80:F9A5:E0M1X1,80:F9A6:E0M1X1
80:F9A6:E0M1X1,80:F9A7:E0M1X1
80:F9A7:E0M1X1,80:F9A8:E0M1X1
80:F9A8:E0M1X1,80:F9AD:E0M1X1
80:F9AB:E0M1X1,80:F9AC:E0M1X1
80:F9AC:E0M1X1,81:C438:E0M1X1
80:F9AD:E0M1X1,80:F9AE:E0M1X1
80:F9AE:E0M1X1,80:F9AF:E0M1X1
80:F9AF:E0M1X1,80:F9B2:E0M1X1
80:F9B2:E0M1X1,80:F9B4:E0M1X1
80:F9B2:E0M1X1,80:F9B8:E0M1X1
80:F9B4:E0M1X1,80:F9B6:E0M1X1
80:F9B6:E0M1X1,80:F9B8:E0M1X1
80:F9B6:E0M1X1,80:F9BF:E0M1X1
80:F9B8:E0M1X1,80:F9BA:E0M1X1
80:F9BA:E0M1X1,80:F9BC:E0M1X1
80:F9BA:E0M1X1,80:F9BF:E0M1X1
80:F9BC:E0M1X1,80:F998:E0M1X1
80:F9BF:E0M1X1,80:F9C0:E0M1X1
80:F9C0:E0M1X1,80:F9C1:E0M1X1
80:F9C1:E0M1X1,80:9A62:E0M1X1
80:F9C1:E0M1X1,80:B641:E0M1X1
80:F9C1:E0M1X1,80:F9AB:E0M1X1
80:F9C2:E0M1X0,80:F9C3:E0M1X0
80:F9C2:E0M1X1,80:F9C3:E0M1X1
80:F9C3:E0M1X0,80:F9C5:E0M0X0
80:F9C3:E0M1X1,80:F9C5:E0M0X0
80:F9C5:E0M0X0,80:F9C6:E0M0X0
80:F9C6:E0M0X0,80:F9C7:E0M0X0
80:F9C7:E0M0X0,80:F9C8:E0M0X0
80:F9C8:E0M0X0,80:F9CA:E0M1X1
80:F9CA:E0M1X1,80:F9CD:E0M1X1
80:F9CD:E0M1X1,80:F9CE:E0M1X1
80:F9CE:E0M1X1,80:F9CF:E0M1X1
80:F9CF:E0M1X1,80:F9D1:E0M1X1
80:F9D1:E0M1X1,80:F9D4:E0M1X1
80:F9D4:E0M1X1,80:F9D6:E0M1X1
80:F9D4:E0M1X1,80:F9EB:E0M1X1
80:F9D6:E0M1X1,80:F9D7:E0M1X1
80:F9D7:E0M1X1,80:F9DA:E0M1X1
80:F9DA:E0M1X1,80:F9DB:E0M1X1
80:F9DB:E0M1X1,80:F9DE:E0M1X1
80:F9DE:E0M1X1,80:F9DF:E0M1X1
80:F9DF:E0M1X1,80:F9E0:E0M1X1
80:F9E0:E0M1X1,80:F9E2:E0M1X1
80:F9E2:E0M1X1,80:F9E5:E0M1X1
80:F9E5:E0M1X1,80:F9E7:E0M0X0
80:F9E7:E0M0X0,80:F9E8:E0M0X0
80:F9E8:E0M0X0,80:F9E9:E0M0X0
80:F9E9:E0M0X0,80:F9EA:E0M1X0
80:F9E9:E0M0X0,80:F9EA:E0M1X1
80:F9EA:E0M1X0,80:F93D:E0M1X0
80:F9EA:E0M1X1,80:F918:E0M1X1
80:F9EA:E0M1X1,80:F925:E0M1X1
80:F9EA:E0M1X1,80:F93D:E0M1X1
80:F9EA:E0M1X1,80:F955:E0M1X1
80:F9EA:E0M1X1,80:F964:E0M1X1
80:F9EA:E0M1X1,80:F981:E0M1X1
80:F9EB:E0M1X1,80:F9ED:E0M0X0
80:F9ED:E0M0X0,80:F9EE:E0M0X0
80:F9EE:E0M0X0,80:F9EF:E0M0X0
80:F9EF:E0M0X0,80:F9F0:E0M0X0
80:F9F0:E0M0X0,80:F9F1:E0M1X0
80:F9F0:E0M0X0,80:F9F1:E0M1X1
80:F9F1:E0M1X0,80:F93D:E0M1X0
80:F9F1:E0M1X1,80:F918:E0M1X1
80:F9F1:E0M1X1,80:F925:E0M1X1
80:F9F1:E0M1X1,80:F93D:E0M1X1
80:F9F1:E0M1X1,80:F955:E0M1X1
80:F9F1:E0M1X1,80:F964:E0M1X1
80:F9F1:E0M1X1,80:F981:E0M1X1
80:F9F2:E0M1X1,80:F9F6:E0M1X1
80:F9F5:E0M1X1,81:9498:E0M1X1
80:F9F5:E0M1X1,81:B7C7:E0M1X1
80:F9F5:E0M1X1,81:BB11:E0M1X1
80:F9F5:E0M1X1,81:C668:E0M1X1
80:F9F5:E0M1X1,81:F966:E0M1X1
80:F9F6:E0M0X1,80:F9F7:E0M0X1
80:F9F6:E0M1X0,80:F9F7:E0M1X0
80:F9F6:E0M1X1,80:F9F7:E0M1X1
80:F9F7:E0M0X1,80:F9F9:E0M0X0
80:F9F7:E0M1X0,80:F9F9:E0M0X0
80:F9F7:E0M1X1,80:F9F9:E0M0X0
80:F9F9:E0M0X0,80:F9FA:E0M0X0
80:F9FA:E0M0X0,80:F9FB:E0M0X0
80:F9FB:E0M0X0,80:F9FD:E0M1X1
80:F9FD:E0M1X1,80:FA00:E0M1X1
80:FA00:E0M1X1,80:FA03:E0M1X1
80:FA03:E0M1X1,80:FA05:E0M1X1
80:FA03:E0M1X1,80:FA31:E0M1X1
80:FA05:E0M1X1,80:FA06:E0M1X1
80:FA06:E0M1X1,80:FA09:E0M1X1
80:FA09:E0M1X1,80:FA0C:E0M1X1
80:FA0C:E0M1X1,80:FA0E:E0M1X1
80:FA0C:E0M1X1,80:FA31:E0M1X1
80:FA0E:E0M1X1,80:FA0F:E0M1X1
80:FA0F:E0M1X1,80:FA12:E0M1X1
80:FA12:E0M1X1,80:FA13:E0M1X1
80:FA13:E0M1X1,80:FA14:E0M1X1
80:FA14:E0M1X1,80:FA16:E0M1X1
80:FA16:E0M1X1,80:FA19:E0M1X1
80:FA19:E0M1X1,80:FA1C:E0M1X1
80:FA1C:E0M1X1,80:FA1D:E0M1X1
80:FA1D:E0M1X1,80:FA1E:E0M1X1
80:FA1E:E0M1X1,80:FA1F:E0M1X1
80:FA1F:E0M1X1,80:FA21:E0M1X1
80:FA21:E0M1X1,80:FA24:E0M1X1
80:FA24:E0M1X1,80:FA26:E0M0X1
80:FA26:E0M0X1,80:FA27:E0M0X1
80:FA27:E0M0X1,80:FA2A:E0M0X1
80:FA2A:E0M0X1,80:FA2C:E0M0X0
80:FA2C:E0M0X0,80:FA2D:E0M0X0
80:FA2D:E0M0X0,80:FA2E:E0M0X0
80:FA2E:E0M0X0,80:FA2F:E0M0X1
80:FA2E:E0M0X0,80:FA2F:E0M1X0
80:FA2E:E0M0X0,80:FA2F:E0M1X1
80:FA2F:E0M0X1,80:FA30:E0M0X1
80:FA2F:E0M1X0,80:FA30:E0M1X0
80:FA2F:E0M1X1,80:FA30:E0M1X1
80:FA30:E0M0X1,80:F994:E0M0X1
80:FA30:E0M1X0,80:BCA8:E0M1X0
80:FA30:E0M1X1,80:BD10:E0M1X1
80:FA30:E0M1X1,80:F9F5:E0M1X1
80:FA31:E0M1X1,80:FA33:E0M0X0
80:FA33:E0M0X0,80:FA34:E0M0X0
80:FA34:E0M0X0,80:FA35:E0M0X0
80:FA35:E0M0X0,80:FA36:E0M0X1
80:FA35:E0M0X0,80:FA36:E0M1X0
80:FA35:E0M0X0,80:FA36:E0M1X1
80:FA36:E0M0X1,80:FA37:E0M0X1
80:FA36:E0M1X0,80:FA37:E0M1X0
80:FA36:E0M1X1,80:FA37:E0M1X1
80:FA37:E0M0X1,80:F994:E0M0X1
80:FA37:E0M1X0,80:BCA8:E0M1X0
80:FA37:E0M1X1,80:BD10:E0M1X1
80:FA37:E0M1X1,80:F9F5:E0M1X1
80:FA38:E0M1X1,80:FA39:E0M1X1
80:FA39:E0M1X1,80:FA3B:E0M0X0
80:FA3B:E0M0X0,80:FA3C:E0M0X0
80:FA3C:E0M0X0,80:FA3D:E0M0X0
80:FA3D:E0M0X0,80:FA3E:E0M0X0
80:FA3E:E0M0X0,80:FA40:E0M1X0
80:FA40:E0M1X0,80:FA42:E0M1X0
80:FA42:E0M1X0,80:FA45:E0M1X0
80:FA45:E0M1X0,80:FAEA:E0M1X0
80:FA48:E0M1X0,80:FA4A:E0M0X0
80:FA4A:E0M0X0,80:FA4D:E0M0X0
80:FA4D:E0M0X0,80:FA50:E0M0X0
80:FA50:E0M0X0,80:FA4D:E0M0X0
80:FA50:E0M0X0,80:FA52:E0M0X0
80:FA52:E0M0X0,80:FA54:E0M0X0
80:FA54:E0M0X0,80:FA55:E0M0X0
80:FA55:E0M0X0,80:FB1D:E0M0X0
80:FA58:E0M0X0,80:FB1D:E0M0X0
80:FA5B:E0M0X0,80:FA5D:E0M1X0
80:FA5D:E0M1X0,80:FA5F:E0M1X0
80:FA5F:E0M1X0,80:FA61:E0M1X0
80:FA61:E0M1X0,80:FA64:E0M1X0
80:FA64:E0M1X0,80:FB1D:E0M1X0
80:FA67:E0M1X0,80:FA69:E0M1X0
80:FA69:E0M1X0,80:FA6C:E0M1X0
80:FA6C:E0M1X0,80:FB1D:E0M1X0
80:FA6F:E0M1X0,80:FA71:E0M0X0
80:FA71:E0M0X0,80:FA73:E0M0X0
80:FA73:E0M0X0,80:FA74:E0M0X0
80:FA74:E0M0X0,80:FA76:E0M1X0
80:FA76:E0M1X0,80:FB1D:E0M1X0
80:FA79:E0M1X0,80:FA7B:E0M1X0
80:FA7B:E0M1X0,80:FA7E:E0M1X0
80:FA7E:E0M1X0,80:FA80:E0M1X0
80:FA80:E0M1X0,80:FA83:E0M1X0
80:FA83:E0M1X0,80:FA86:E0M1X0
80:FA86:E0M1X0,80:FA7E:E0M1X0
80:FA86:E0M1X0,80:FA88:E0M1X0
80:FA88:E0M1X0,80:FB1D:E0M1X0
80:FA8B:E0M1X0,80:FA8D:E0M1X0
80:FA8D:E0M1X0,80:FA90:E0M1X0
80:FA90:E0M1X0,80:FA92:E0M1X0
80:FA92:E0M1X0,80:FA95:E0M1X0
80:FA95:E0M1X0,80:FA98:E0M1X0
80:FA98:E0M1X0,80:FA95:E0M1X0
80:FA98:E0M1X0,80:FA9A:E0M1X0
80:FA9A:E0M1X0,80:FA9C:E0M1X0
80:FA9C:E0M1X0,80:FA9D:E0M1X0
80:FA9D:E0M1X0,80:FA88:E0M1X0
80:FA9D:E0M1X0,80:FA9F:E0M1X0
80:FA9F:E0M1X0,80:FAA1:E0M0X0
80:FAA1:E0M0X0,80:FAA2:E0M0X0
80:FAA2:E0M0X0,80:FAA4:E0M0X0
80:FAA2:E0M0X0,80:FAA7:E0M0X0
80:FAA4:E0M0X0,80:FAA7:E0M0X0
80:FAA7:E0M0X0,80:FAA8:E0M0X0
80:FAA8:E0M0X0,80:FAAB:E0M0X0
80:FAAB:E0M0X0,80:FAAD:E0M1X0
80:FAAD:E0M1X0,80:FAB0:E0M1X0
80:FAB0:E0M1X0,80:FAB2:E0M1X0
80:FAB2:E0M1X0,80:FAB3:E0M1X0
80:FAB3:E0M1X0,80:FAB5:E0M1X0
80:FAB5:E0M1X0,80:FAB8:E0M1X0
80:FAB8:E0M1X0,80:FABA:E0M0X0
80:FABA:E0M0X0,80:FABB:E0M0X0
80:FABB:E0M0X0,80:FABE:E0M0X0
80:FABE:E0M0X0,80:FAC0:E0M0X0
80:FABE:E0M0X0,80:FADC:E0M0X0
80:FAC0:E0M0X0,80:FAC2:E0M1X0
80:FAC2:E0M1X0,80:FAC4:E0M1X0
80:FAC4:E0M1X0,80:FAC7:E0M1X0
80:FAC7:E0M1X0,80:FAC4:E0M1X0
80:FAC7:E0M1X0,80:FAC9:E0M1X0
80:FAC9:E0M1X0,80:FACC:E0M1X0
80:FACC:E0M1X0,80:FACF:E0M1X0
80:FACF:E0M1X0,80:FAD1:E0M0X0
80:FAD1:E0M0X0,80:FAD4:E0M0X0
80:FAD4:E0M0X0,80:FAD7:E0M0X0
80:FAD7:E0M0X0,80:FADA:E0M0X0
80:FADA:E0M0X0,80:FAE3:E0M0X0
80:FADC:E0M0X0,80:FADE:E0M1X0
80:FADE:E0M1X0,80:FAE1:E0M1X0
80:FAE1:E0M1X0,80:FADE:E0M1X0
80:FAE1:E0M1X0,80:FAE3:E0M1X0
80:FAE3:E0M0X0,80:FAE5:E0M0X0
80:FAE3:E0M1X0,80:FAE5:E0M0X0
80:FAE5:E0M0X0,80:FAE6:E0M0X0
80:FAE6:E0M0X0,80:FAE7:E0M0X0
80:FAE7:E0M0X0,80:FAE8:E0M0X0
80:FAE8:E0M0X0,80:FAE9:E0M1X1
80:FAE9:E0M1X1,80:F8E3:E0M1X1
80:FAE9:E0M1X1,80:F8E8:E0M1X1
80:FAE9:E0M1X1,80:F8ED:E0M1X1
80:FAE9:E0M1X1,80:F8F2:E0M1X1
80:FAE9:E0M1X1,80:F910:E0M1X1
80:FAEA:E0M0X0,80:FAEB:E0M0X0
80:FAEA:E0M1X0,80:FAEB:E0M1X0
80:FAEB:E0M0X0,80:FAED:E0M1X0
80:FAEB:E0M1X0,80:FAED:E0M1X0
80:FAED:E0M1X0,80:FAEF:E0M1X0
80:FAEF:E0M1X0,80:FAF1:E0M1X0
80:FAF1:E0M1X0,80:FAF3:E0M0X0
80:FAF3:E0M0X0,80:FAF4:E0M0X0
80:FAF4:E0M0X0,80:FAF7:E0M0X0
80:FAF7:E0M0X0,80:FAF8:E0M0X0
80:FAF8:E0M0X0,80:FAFB:E0M0X0
80:FAFB:E0M0X0,80:FAFD:E0M0X0
80:FAFD:E0M0X0,80:FAFE:E0M0X0
80:FAFE:E0M0X0,80:FB00:E0M0X0
80:FAFE:E0M0X0,80:FB1B:E0M0X0
80:FB00:E0M0X0,80:FB01:E0M0X0
80:FB01:E0M0X0,80:FB03:E0M0X0
80:FB03:E0M0X0,80:FB05:E0M0X0
80:FB03:E0M0X0,80:FB0B:E0M0X0
80:FB05:E0M0X0,80:FB07:E0M0X0
80:FB07:E0M0X0,80:FB08:E0M0X0
80:FB08:E0M0X0,80:FB0B:E0M0X0
80:FB0B:E0M0X0,80:FB0C:E0M0X0
80:FB0C:E0M0X0,80:FB0F:E0M0X0
80:FB0F:E0M0X0,80:FB11:E0M0X0
80:FB0F:E0M0X0,80:FB17:E0M0X0
80:FB11:E0M0X0,80:FB13:E0M0X0
80:FB13:E0M0X0,80:FB14:E0M0X0
80:FB14:E0M0X0,80:FB17:E0M0X0
80:FB17:E0M0X0,80:FB19:E0M0X0
80:FB19:E0M0X0,80:FAFD:E0M0X0
80:FB1B:E0M0X0,80:FB1C:E0M0X0
80:FB1B:E0M0X0,80:FB1C:E0M1X0
80:FB1C:E0M0X0,80:FBCB:E0M0X0
80:FB1C:E0M1X0,80:FA48:E0M1X0
80:FB1D:E0M0X0,80:FB1E:E0M0X0
80:FB1D:E0M1X0,80:FB1E:E0M1X0
80:FB1E:E0M0X0,80:FB20:E0M0X0
80:FB1E:E0M1X0,80:FB20:E0M0X0
80:FB20:E0M0X0,80:FB22:E0M0X0
80:FB22:E0M0X0,80:FB24:E0M0X0
80:FB22:E0M0X0,80:FB2D:E0M0X0
80:FB24:E0M0X0,80:FB27:E0M0X0
80:FB27:E0M0X0,80:FB29:E0M0X0
80:FB29:E0M0X0,80:FB2B:E0M1X0
80:FB2B:E0M1X0,80:FB2D:E0M1X0
80:FB2D:E0M0X0,80:FB2E:E0M0X0
80:FB2D:E0M0X0,80:FB2E:E0M1X0
80:FB2D:E0M1X0,80:FB2E:E0M0X0
80:FB2D:E0M1X0,80:FB2E:E0M1X0
80:FB2E:E0M0X0,80:FA58:E0M0X0
80:FB2E:E0M0X0,80:FA5B:E0M0X0
80:FB2E:E0M1X0,80:FA67:E0M1X0
80:FB2E:E0M1X0,80:FA6F:E0M1X0
80:FB2E:E0M1X0,80:FA79:E0M1X0
80:FB2E:E0M1X0,80:FA8B:E0M1X0
80:FB2F:E0M1X1,80:FB30:E0M1X1
80:FB30:E0M1X1,80:FB32:E0M1X1
80:FB32:E0M1X1,80:FB34:E0M1X1
80:FB34:E0M1X1,80:FB36:E0M0X1
80:FB36:E0M0X1,80:FB39:E0M0X1
80:FB39:E0M0X1,80:FB3C:E0M0X1
80:FB3C:E0M0X1,80:FB3D:E0M1X1
80:FB3D:E0M1X1,80:F8DE:E0M1X1
80:FB3E:E0M1X1,80:FB42:E0M1X1
80:FB41:E0M1X1,81:8E67:E0M1X1
80:FB41:E0M1X1,81:94C7:E0M1X1
80:FB41:E0M1X1,81:97B9:E0M1X1
80:FB41:E0M1X1,81:A63D:E0M1X1
80:FB41:E0M1X1,81:A6F9:E0M1X1
80:FB41:E0M1X1,81:AD97:E0M1X1
80:FB41:E0M1X1,81:B01F:E0M1X1
80:FB41:E0M1X1,81:B864:E0M1X1
80:FB41:E0M1X1,81:BC32:E0M1X1
80:FB41:E0M1X1,81:BC44:E0M1X1
80:FB41:E0M1X1,81:BC6B:E0M1X1
80:FB41:E0M1X1,81:C6A9:E0M1X1
80:FB41:E0M1X1,81:C6B8:E0M1X1
80:FB41:E0M1X1,81:F61F:E0M1X1
80:FB41:E0M1X1,81:F775:E0M1X1
80:FB41:E0M1X1,81:F7DF:E0M1X1
80:FB41:E0M1X1,81:F97A:E0M1X1
80:FB42:E0M1X1,80:FB44:E0M1X1
80:FB44:E0M1X1,80:F92A:E0M1X1
80:FB47:E0M1X1,80:BC3E:E0M1X1
80:FB47:E0M1X1,80:BC90:E0M1X1
80:FB47:E0M1X1,80:FB41:E0M1X1
80:FB48:E0M1X1,80:FB4C:E0M1X1
80:FB4B:E0M1X1,81:8E44:E0M1X1
80:FB4B:E0M1X1,81:8EB4:E0M1X1
80:FB4B:E0M1X1,81:8FA6:E0M1X1
80:FB4B:E0M1X1,81:8FE3:E0M1X1
80:FB4B:E0M1X1,81:97C5:E0M1X1
80:FB4B:E0M1X1,81:BC65:E0M1X1
80:FB4B:E0M1X1,81:BC7E:E0M1X1
80:FB4B:E0M1X1,81:BC98:E0M1X1
80:FB4B:E0M1X1,81:C696:E0M1X1
80:FB4C:E0M1X1,80:FB4E:E0M1X1
80:FB4E:E0M1X1,80:F92A:E0M1X1
80:FB51:E0M1X1,80:FB4B:E0M1X1
80:FB52:E0M1X1,80:FB56:E0M1X1
80:FB55:E0M1X1,81:9FA6:E0M1X1
80:FB55:E0M1X1,81:BC8A:E0M1X1
80:FB55:E0M1X1,81:BCA4:E0M1X1
80:FB56:E0M1X0,80:FB58:E0M1X0
80:FB56:E0M1X1,80:FB58:E0M1X1
80:FB58:E0M1X0,80:F92A:E0M1X0
80:FB58:E0M1X1,80:F92A:E0M1X1
80:FB5B:E0M1X0,80:BCC1:E0M1X0
80:FB5B:E0M1X0,80:BCD7:E0M1X0
80:FB5B:E0M1X1,80:FB55:E0M1X1
80:FB5C:E0M0X0,80:FB5D:E0M0X0
80:FB5D:E0M0X0,80:FB5F:E0M1X0
80:FB5F:E0M1X0,80:FB61:E0M1X0
80:FB61:E0M1X0,80:FB63:E0M1X0
80:FB61:E0M1X0,80:FB66:E0M1X0
80:FB63:E0M1X0,80:FB66:E0M1X0
80:FB66:E0M1X0,80:FB67:E0M0X0
80:FB67:E0M0X0,80:FBA1:E0M0X0
80:FB67:E0M0X0,81:B7F8:E0M0X0
80:FB67:E0M0X0,92:FAF6:E0M0X0
80:FB68:E0M1X1,80:FB69:E0M1X1
80:FB69:E0M1X1,80:FB6A:E0M1X1
80:FB6A:E0M1X1,80:FB6B:E0M1X1
80:FB6B:E0M1X1,80:FB70:E0M1X1
80:FB6E:E0M1X1,80:FB6F:E0M1X1
80:FB6F:E0M1X1,81:C4D6:E0M1X1
80:FB6F:E0M1X1,92:FB1A:E0M1X1
80:FB6F:E0M1X1,92:FBF5:E0M1X1
80:FB70:E0M1X1,80:FB71:E0M1X1
80:FB71:E0M1X1,80:FB73:E0M1X1
80:FB73:E0M1X1,80:FB76:E0M1X1
80:FB76:E0M1X1,80:FB78:E0M1X1
80:FB76:E0M1X1,80:FBA3:E0M1X1
80:FB78:E0M1X1,80:FB7B:E0M1X1
80:FB7B:E0M1X1,80:FB7D:E0M1X1
80:FB7B:E0M1X1,80:FBA3:E0M1X1
80:FB7D:E0M1X1,80:FB80:E0M1X1
80:FB80:E0M1X1,80:FB82:E0M1X1
80:FB80:E0M1X1,80:FB86:E0M1X1
80:FB82:E0M1X1,80:FB84:E0M1X1
80:FB84:E0M1X1,80:FB86:E0M1X1
80:FB84:E0M1X1,80:FBA3:E0M1X1
80:FB86:E0M1X1,80:FB88:E0M1X1
80:FB88:E0M1X1,80:FB8A:E0M1X1
80:FB88:E0M1X1,80:FBA3:E0M1X1
80:FB8A:E0M1X1,80:FB8C:E0M1X1
80:FB8C:E0M1X1,80:FB8E:E0M0X0
80:FB8E:E0M0X0,80:FB91:E0M0X0
80:FB91:E0M0X0,80:FB94:E0M0X0
80:FB94:E0M0X0,80:FB97:E0M0X0
80:FB97:E0M0X0,80:FB9A:E0M0X0
80:FB9A:E0M0X0,80:FB9D:E0M0X0
80:FB9D:E0M0X0,80:FB5C:E0M0X0
80:FBA1:E0M0X0,80:FBA3:E0M1X1
80:FBA3:E0M1X1,80:FBA4:E0M1X1
80:FBA4:E0M1X1,80:DFA2:E0M1X1
80:FBA4:E0M1X1,80:FB6E:E0M1X1
80:FBA5:E0M1X1,80:FBA6:E0M1X1
80:FBA6:E0M1X1,80:FBA7:E0M1X1
80:FBA7:E0M1X1,80:FBA8:E0M1X1
80:FBA8:E0M1X1,80:FBAD:E0M1X1
80:FBAB:E0M1X1,80:FBAC:E0M1X1
80:FBAC:E0M1X1,81:B81A:E0M1X1
80:FBAC:E0M1X1,81:B83C:E0M1X1
80:FBAC:E0M1X1,81:B89A:E0M1X1
80:FBAC:E0M1X1,81:B8AC:E0M1X1
80:FBAC:E0M1X1,81:F9B2:E0M1X1
80:FBAC:E0M1X1,81:FDFF:E0M1X1
80:FBAD:E0M0X0,80:FBAE:E0M0X0
80:FBAD:E0M1X1,80:FBAE:E0M1X1
80:FBAE:E0M0X0,80:FBB0:E0M0X1
80:FBAE:E0M1X1,80:FBB0:E0M1X1
80:FBB0:E0M0X1,80:FBB3:E0M0X1
80:FBB0:E0M1X1,80:FBB3:E0M1X1
80:FBB3:E0M0X1,80:FBB5:E0M0X1
80:FBB3:E0M0X1,80:FC1A:E0M0X1
80:FBB3:E0M1X1,80:FBB5:E0M1X1
80:FBB3:E0M1X1,80:FC1A:E0M1X1
80:FBB5:E0M0X1,80:FBB7:E0M0X0
80:FBB5:E0M1X1,80:FBB7:E0M0X0
80:FBB7:E0M0X0,80:FBBA:E0M0X0
80:FBBA:E0M0X0,80:FBBB:E0M0X0
80:FBBB:E0M0X0,80:FBBC:E0M0X0
80:FBBC:E0M0X0,80:FBBF:E0M0X0
80:FBBF:E0M0X0,80:FBC2:E0M0X0
80:FBC2:E0M0X0,80:FBC5:E0M0X0
80:FBC5:E0M0X0,80:FBC8:E0M0X0
80:FBC8:E0M0X0,80:FAEA:E0M0X0
80:FBCB:E0M0X0,80:FBCE:E0M0X0
80:FBCE:E0M0X0,80:FBD0:E0M0X0
80:FBD0:E0M0X0,80:FBD3:E0M0X0
80:FBD3:E0M0X0,80:FBD4:E0M0X0
80:FBD4:E0M0X0,80:FBD6:E0M0X0
80:FBD6:E0M0X0,80:FBD8:E0M0X0
80:FBD6:E0M0X0,80:FBE3:E0M0X0
80:FBD8:E0M0X0,80:FBD9:E0M0X0
80:FBD9:E0M0X0,80:FBDC:E0M0X0
80:FBDC:E0M0X0,80:FBDE:E0M1X0
80:FBDE:E0M1X0,80:FBE1:E0M1X0
80:FBE1:E0M1X0,80:FBE3:E0M0X0
80:FBE3:E0M0X0,80:FBE6:E0M0X0
80:FBE6:E0M0X0,80:FBE7:E0M0X0
80:FBE7:E0M0X0,80:FBE9:E0M0X0
80:FBE9:E0M0X0,80:FBEC:E0M0X0
80:FBEC:E0M0X0,80:FBED:E0M0X0
80:FBED:E0M0X0,80:FBEF:E0M1X0
80:FBEF:E0M1X0,80:FBF0:E0M1X0
80:FBF0:E0M1X0,80:FBF1:E0M1X0
80:FBF1:E0M1X0,80:FBF4:E0M1X0
80:FBF4:E0M1X0,80:FBF6:E0M1X0
80:FBF6:E0M1X0,80:FBF9:E0M1X0
80:FBF9:E0M1X0,80:FBFB:E0M0X0
80:FBFB:E0M0X0,80:FBFC:E0M0X0
80:FBFC:E0M0X0,80:FBFD:E0M0X0
80:FBFD:E0M0X0,80:FBFF:E0M0X0
80:FBFF:E0M0X0,80:FC00:E0M0X0
80:FC00:E0M0X0,80:FC01:E0M0X0
80:FC01:E0M0X0,80:FC02:E0M0X0
80:FC02:E0M0X0,80:FC03:E0M0X0
80:FC03:E0M0X0,80:FC05:E0M0X0
80:FC05:E0M0X0,80:FC08:E0M0X0
80:FC08:E0M0X0,80:FC0B:E0M0X0
80:FC0B:E0M0X0,80:FC0D:E0M0X0
80:FC0D:E0M0X0,80:FC0F:E0M1X0
80:FC0F:E0M1X0,80:FC12:E0M1X0
80:FC12:E0M1X0,80:FC15:E0M1X0
80:FC15:E0M1X0,80:FC18:E0M1X0
80:FC18:E0M1X0,80:FC1A:E0M1X0
80:FC1A:E0M0X1,80:FC1B:E0M0X0
80:FC1A:E0M1X0,80:FC1B:E0M0X0
80:FC1A:E0M1X0,80:FC1B:E0M1X1
80:FC1A:E0M1X1,80:FC1B:E0M1X1
80:FC1B:E0M0X0,80:FCE5:E0M0X0
80:FC1B:E0M1X1,80:F9A3:E0M1X1
80:FC1B:E0M1X1,80:FBAB:E0M1X1
80:FC1C:E0M1X1,80:FC1D:E0M1X1
80:FC1D:E0M1X1,80:FC1F:E0M1X1
80:FC1F:E0M1X1,80:FC22:E0M1X1
80:FC22:E0M1X1,80:FC23:E0M1X1
80:FC23:E0M1X1,80:FC24:E0M1X1
80:FC24:E0M1X1,80:FC28:E0M1X1
80:FC24:E0M1X1,80:FC3B:E0M1X1
80:FC24:E0M1X1,80:FC46:E0M1X1
80:FC24:E0M1X1,80:FC4F:E0M1X1
80:FC24:E0M1X1,80:FC94:E0M1X1
80:FC24:E0M1X1,80:FCBC:E0M1X1
80:FC27:E0M0X0,80:FC28:E0M1X1
80:FC27:E0M1X0,80:FC28:E0M1X1
80:FC27:E0M1X1,80:FC28:E0M1X1
80:FC28:E0M1X1,80:818A:E0M1X1
80:FC28:E0M1X1,80:FC27:E0M1X1
80:FC3B:E0M1X1,80:FC3D:E0M1X1
80:FC3D:E0M1X1,80:FC3F:E0M1X1
80:FC3F:E0M1X1,80:FCAE:E0M1X1
80:FC42:E0M1X1,80:FC45:E0M1X1
80:FC45:E0M1X1,80:FC27:E0M1X1
80:FC46:E0M1X1,80:FC48:E0M1X1
80:FC48:E0M1X1,80:FCAE:E0M1X1
80:FC4B:E0M1X1,80:FC4E:E0M1X1
80:FC4E:E0M1X1,80:FC27:E0M1X1
80:FC4F:E0M1X1,80:FC51:E0M1X1
80:FC51:E0M1X1,80:FC53:E0M1X1
80:FC53:E0M1X1,80:FC55:E0M1X1
80:FC53:E0M1X1,80:FC93:E0M1X1
80:FC55:E0M1X1,80:FC57:E0M1X1
80:FC57:E0M1X1,80:FC59:E0M1X1
80:FC59:E0M1X1,80:FC5B:E0M1X1
80:FC5B:E0M1X1,80:FC5E:E0M1X1
80:FC5E:E0M1X1,80:FC61:E0M1X1
80:FC61:E0M1X1,80:FC63:E0M1X1
80:FC63:E0M1X1,80:FC65:E0M1X1
80:FC63:E0M1X1,80:FC6F:E0M1X1
80:FC65:E0M1X1,80:FC67:E0M1X1
80:FC67:E0M1X1,80:FC69:E0M1X1
80:FC67:E0M1X1,80:FC6F:E0M1X1
80:FC69:E0M1X1,80:FC6B:E0M1X1
80:FC6B:E0M1X1,80:FC6D:E0M1X1
80:FC6D:E0M1X1,80:FC6F:E0M1X1
80:FC6F:E0M1X1,80:FC72:E0M1X1
80:FC72:E0M1X1,80:FC6F:E0M1X1
80:FC72:E0M1X1,80:FC74:E0M1X1
80:FC74:E0M1X1,80:FC75:E0M1X1
80:FC75:E0M1X1,80:FC76:E0M1X1
80:FC76:E0M1X1,80:FC59:E0M1X1
80:FC76:E0M1X1,80:FC78:E0M1X1
80:FC78:E0M1X1,80:FC7B:E0M1X1
80:FC7B:E0M1X1,80:FC7E:E0M1X1
80:FC7E:E0M1X1,80:FC80:E0M0X0
80:FC80:E0M0X0,80:FC83:E0M0X0
80:FC83:E0M0X0,80:FC84:E0M0X0
80:FC84:E0M0X0,80:FC87:E0M0X0
80:FC87:E0M0X0,80:FC8A:E0M0X0
80:FC8A:E0M0X0,80:FC8C:E0M0X0
80:FC8A:E0M0X0,80:FC93:E0M0X0
80:FC8C:E0M0X0,80:FC8E:E0M1X0
80:FC8E:E0M1X0,80:FC90:E0M1X0
80:FC90:E0M1X0,80:FC93:E0M1X0
80:FC93:E0M0X0,80:FC27:E0M0X0
80:FC93:E0M1X0,80:FC27:E0M1X0
80:FC93:E0M1X1,80:FC27:E0M1X1
80:FC94:E0M1X1,80:FC96:E0M1X1
80:FC96:E0M1X1,80:FC98:E0M1X1
80:FC98:E0M1X1,80:FC9B:E0M1X1
80:FC9B:E0M1X1,80:FC9E:E0M1X1
80:FC9E:E0M1X1,80:FCA1:E0M1X1
80:FCA1:E0M1X1,80:FC9E:E0M1X1
80:FCA1:E0M1X1,80:FCA3:E0M1X1
80:FCA3:E0M1X1,80:FCA4:E0M1X1
80:FCA4:E0M1X1,80:FCA5:E0M1X1
80:FCA5:E0M1X1,80:FC9B:E0M1X1
80:FCA5:E0M1X1,80:FCA7:E0M1X1
80:FCA7:E0M1X1,80:FCAA:E0M1X1
80:FCAA:E0M1X1,80:FCAD:E0M1X1
80:FCAD:E0M1X1,80:FC27:E0M1X1
80:FCAE:E0M1X1,80:FCB0:E0M1X1
80:FCB0:E0M1X1,80:FCB3:E0M1X1
80:FCB3:E0M1X1,80:FCB6:E0M1X1
80:FCB6:E0M1X1,80:FCB3:E0M1X1
80:FCB6:E0M1X1,80:FCB8:E0M1X1
80:FCB8:E0M1X1,80:FCBB:E0M1X1
80:FCBB:E0M1X1,80:FC42:E0M1X1
80:FCBB:E0M1X1,80:FC4B:E0M1X1
80:FCBC:E0M1X1,80:FCBF:E0M1X1
80:FCBF:E0M1X1,80:FC27:E0M1X1
80:FCC0:E0M1X1,80:FCC1:E0M1X1
80:FCC1:E0M1X1,80:FCC2:E0M1X1
80:FCC2:E0M1X1,80:FCC3:E0M1X1
80:FCC3:E0M1X1,80:FCC4:E0M1X1
80:FCC4:E0M1X1,80:FCC6:E0M1X1
80:FCC6:E0M1X1,80:FCC9:E0M1X1
80:FCC9:E0M1X1,80:FCCB:E0M1X1
80:FCC9:E0M1X1,80:FCEB:E0M1X1
80:FCCB:E0M1X1,80:FCCD:E0M0X0
80:FCCD:E0M0X0,80:FCD0:E0M0X0
80:FCD0:E0M0X0,80:FCD2:E0M0X0
80:FCD0:E0M0X0,80:FCEB:E0M0X0
80:FCD2:E0M0X0,80:FCD5:E0M0X0
80:FCD5:E0M0X0,80:FCD8:E0M0X0
80:FCD8:E0M0X0,80:FCDA:E0M0X0
80:FCD8:E0M0X0,80:FCE2:E0M0X0
80:FCDA:E0M0X0,80:FCDD:E0M0X0
80:FCDD:E0M0X0,80:FCE0:E0M0X0
80:FCE0:E0M0X0,80:FCEB:E0M0X0
80:FCE2:E0M0X0,80:FBAD:E0M0X0
80:FCE5:E0M0X0,80:FCE8:E0M0X0
80:FCE8:E0M0X0,80:FCEB:E0M0X0
80:FCEB:E0M0X0,80:FCEC:E0M0X0
80:FCEB:E0M1X1,80:FCEC:E0M1X1
80:FCEC:E0M0X0,80:FCED:E0M1X1
80:FCEC:E0M1X1,80:FCED:E0M1X1
80:FCED:E0M1X1,80:BA4D:E0M1X1
80:FCED:E0M1X1,80:BA77:E0M1X1
80:FCED:E0M1X1,80:BAAF:E0M1X1
80:FCED:E0M1X1,81:B7C3:E0M1X1
80:FCFF:E0M1X1,80:FD01:E0M1X1
80:FD01:E0M1X1,80:FD04:E0M1X1
80:FD04:E0M1X1,80:FD06:E0M1X1
80:FD04:E0M1X1,80:FD09:E0M1X1
80:FD06:E0M1X1,80:FD09:E0M1X1
80:FD09:E0M1X1,80:FD0A:E0M1X1
80:FD0A:E0M1X1,80:FD01:E0M1X1
80:FD0A:E0M1X1,80:FD0C:E0M1X1
80:FD0C:E0M1X1,80:FD0E:E0M1X1
80:FD0E:E0M1X1,80:FD10:E0M1X1
80:FD10:E0M1X1,80:FD13:E0M1X1
80:FD13:E0M1X1,80:FD16:E0M1X1
80:FD16:E0M1X1,80:FD19:E0M1X1
80:FD19:E0M1X1,80:FD1C:E0M1X1
80:FD1C:E0M1X1,80:FD1F:E0M1X1
80:FD1F:E0M1X1,80:FD22:E0M1X1
80:FD22:E0M1X1,80:FD24:E0M1X1
80:FD22:E0M1X1,80:FD7F:E0M1X1
80:FD24:E0M1X1,80:FD27:E0M1X1
80:FD27:E0M1X1,80:FD29:E0M1X1
80:FD27:E0M1X1,80:FD7F:E0M1X1
80:FD29:E0M1X1,80:FD2C:E0M1X1
80:FD2C:E0M1X1,80:FD2E:E0M1X1
80:FD2C:E0M1X1,80:FD7F:E0M1X1
80:FD2E:E0M1X1,80:FD31:E0M1X1
80:FD31:E0M1X1,80:FD33:E0M1X1
80:FD31:E0M1X1,80:FD7F:E0M1X1
80:FD33:E0M1X1,80:FD36:E0M1X1
80:FD36:E0M1X1,80:FD38:E0M1X1
80:FD36:E0M1X1,80:FD7F:E0M1X1
80:FD38:E0M1X1,80:FD3B:E0M1X1
80:FD3B:E0M1X1,80:FD3C:E0M1X1
80:FD3C:E0M1X1,80:FD3F:E0M1X1
80:FD3F:E0M1X1,80:FD40:E0M1X1
80:FD40:E0M1X1,80:FD42:E0M0X0
80:FD42:E0M0X0,80:FD44:E0M0X0
80:FD44:E0M0X0,80:FD45:E0M0X0
80:FD45:E0M0X0,80:FD48:E0M0X0
80:FD48:E0M0X0,80:FDA5:E0M0X0
80:FD4B:E0M0X0,80:FD4E:E0M0X0
80:FD4E:E0M0X0,80:FD50:E0M0X0
80:FD4E:E0M0X0,80:FD7F:E0M0X0
80:FD50:E0M0X0,80:FD52:E0M0X0
80:FD52:E0M0X0,80:FD53:E0M0X0
80:FD53:E0M0X0,80:FD56:E0M0X0
80:FD56:E0M0X0,80:FDA5:E0M0X0
80:FD59:E0M0X0,80:FD5C:E0M0X0
80:FD5C:E0M0X0,80:FD5E:E0M0X0
80:FD5C:E0M0X0,80:FD7F:E0M0X0
80:FD5E:E0M0X0,80:FD60:E0M1X1
80:FD60:E0M1X1,80:FD63:E0M1X1
80:FD63:E0M1X1,80:FD66:E0M1X1
80:FD66:E0M1X1,80:FD69:E0M1X1
80:FD69:E0M1X1,80:FD6A:E0M1X1
80:FD6A:E0M1X1,80:FD6D:E0M1X1
80:FD6D:E0M1X1,80:FD9D:E0M1X1
80:FD70:E0M1X1,80:FD72:E0M1X1
80:FD72:E0M1X1,80:FD74:E0M1X1
80:FD72:E0M1X1,80:FD7F:E0M1X1
80:FD74:E0M1X1,80:FD76:E0M1X1
80:FD76:E0M1X1,80:FD79:E0M1X1
80:FD79:E0M1X1,80:FD7C:E0M1X1
80:FD7C:E0M1X1,80:FDAF:E0M1X1
80:FD7F:E0M0X0,80:FD81:E0M1X1
80:FD7F:E0M1X1,80:FD81:E0M1X1
80:FD81:E0M1X1,80:FD84:E0M1X1
80:FD84:E0M1X1,80:FD87:E0M1X1
80:FD87:E0M1X1,80:FD89:E0M1X1
80:FD89:E0M1X1,80:FD16:E0M1X1
80:FD89:E0M1X1,80:FD8B:E0M1X1
80:FD8B:E0M1X1,80:FD8E:E0M1X1
80:FD8E:E0M1X1,80:FD91:E0M1X1
80:FD91:E0M1X1,80:FD92:E0M1X1
80:FD92:E0M1X1,80:FD95:E0M1X1
80:FD95:E0M1X1,80:FD97:E0M1X1
80:FD97:E0M1X1,80:FD99:E0M1X1
80:FD97:E0M1X1,80:FD9C:E0M1X1
80:FD99:E0M1X1,80:FD16:E0M1X1
80:FD9C:E0M1X1,80:BA80:E0M1X1
80:FD9D:E0M1X1,80:FD9F:E0M1X1
80:FD9F:E0M1X1,80:FDA1:E0M1X1
80:FD9F:E0M1X1,80:FDA4:E0M1X1
80:FDA1:E0M1X1,80:FDA3:E0M1X1
80:FDA3:E0M1X1,80:FDA4:E0M1X1
80:FDA4:E0M1X1,80:FD70:E0M1X1
80:FDA5:E0M0X0,80:FDA8:E0M0X0
80:FDA8:E0M0X0,80:FDAA:E0M0X0
80:FDA8:E0M0X0,80:FDAE:E0M0X0
80:FDAA:E0M0X0,80:FDAD:E0M0X0
80:FDAD:E0M0X0,80:FDAE:E0M0X0
80:FDAE:E0M0X0,80:FD4B:E0M0X0
80:FDAE:E0M0X0,80:FD59:E0M0X0
80:FDAF:E0M1X1,80:FDB1:E0M1X1
80:FDB1:E0M1X1,80:F966:E0M1X1
80:FDB4:E0M1X1,80:FDB6:E0M1X1
80:FDB6:E0M1X1,80:FDB9:E0M1X1
80:FDB9:E0M1X1,80:FDBC:E0M1X1
80:FDBC:E0M1X1,80:FDBF:E0M1X1
80:FDBF:E0M1X1,80:FDC2:E0M1X1
80:FDC2:E0M1X1,80:FDC5:E0M1X1
80:FDC5:E0M1X1,80:FDC6:E0M1X1
80:FDC6:E0M1X1,80:FDC8:E0M1X1
80:FDC8:E0M1X1,80:FDCA:E0M1X1
80:FDCA:E0M1X1,80:FDCC:E0M1X1
80:FDCC:E0M1X1,80:FDCF:E0M1X1
80:FDCF:E0M1X1,80:FDD1:E0M1X1
80:FDD1:E0M1X1,80:FDD4:E0M1X1
80:FDD4:E0M1X1,80:FDD6:E0M1X1
80:FDD6:E0M1X1,80:FDD9:E0M1X1
80:FDD9:E0M1X1,80:FDDC:E0M1X1
80:FDDC:E0M1X1,80:FDDF:E0M1X1
80:FDDF:E0M1X1,80:FE7E:E0M1X1
80:FDE2:E0M1X1,80:FDE5:E0M1X1
80:FDE5:E0M1X1,80:FDE7:E0M1X1
80:FDE7:E0M1X1,80:FDEA:E0M1X1
80:FDEA:E0M1X1,80:FDED:E0M1X1
80:FDED:E0M1X1,80:FDF0:E0M1X1
80:FDF0:E0M1X1,80:FDF3:E0M1X1
80:FDF3:E0M1X1,80:FEC2:E0M1X1
80:FDF6:E0M1X1,80:FDF9:E0M1X1
80:FDF9:E0M1X1,80:FDFC:E0M1X1
80:FDFC:E0M1X1,80:FE5C:E0M1X1
80:FDFC:E0M1X1,80:FE69:E0M1X1
80:FDFC:E0M1X1,80:FE77:E0M1X1
80:FDFF:E0M1X1,80:FE02:E0M1X1
80:FE02:E0M1X1,80:FE05:E0M1X1
80:FE05:E0M1X1,80:FEC2:E0M1X1
80:FE08:E0M1X1,80:FE0B:E0M1X1
80:FE0B:E0M1X1,80:FE0E:E0M1X1
80:FE0E:E0M1X1,80:FE5C:E0M1X1
80:FE0E:E0M1X1,80:FE69:E0M1X1
80:FE0E:E0M1X1,80:FE77:E0M1X1
80:FE11:E0M1X1,80:FE14:E0M1X1
80:FE14:E0M1X1,80:FE17:E0M1X1
80:FE17:E0M1X1,80:FE19:E0M1X1
80:FE19:E0M1X1,80:FE1C:E0M1X1
80:FE1C:E0M1X1,80:FE1F:E0M1X1
80:FE1F:E0M1X1,80:FE22:E0M1X1
80:FE22:E0M1X1,80:FE7E:E0M1X1
80:FE25:E0M1X1,80:FE28:E0M1X1
80:FE28:E0M1X1,80:FE2A:E0M1X1
80:FE2A:E0M1X1,80:FE2D:E0M1X1
80:FE2D:E0M1X1,80:FE30:E0M1X1
80:FE30:E0M1X1,80:FE32:E0M1X1
80:FE32:E0M1X1,80:FE34:E0M1X1
80:FE34:E0M1X1,80:FE36:E0M1X1
80:FE36:E0M1X1,80:FE38:E0M1X1
80:FE38:E0M1X1,80:FE3B:E0M1X1
80:FE3B:E0M1X1,80:FE3C:E0M1X1
80:FE3C:E0M1X1,80:FE3D:E0M1X1
80:FE3D:E0M1X1,80:FE40:E0M1X1
80:FE40:E0M1X1,80:FE43:E0M1X1
80:FE43:E0M1X1,80:FE44:E0M1X1
80:FE44:E0M1X1,80:FE45:E0M1X1
80:FE45:E0M1X1,80:FE48:E0M1X1
80:FE48:E0M1X1,80:FE4A:E0M1X1
80:FE4A:E0M1X1,80:FE4D:E0M1X1
80:FE4D:E0M1X1,80:FE50:E0M1X1
80:FE50:E0M1X1,80:FE53:E0M1X1
80:FE53:E0M1X1,80:FF17:E0M1X1
80:FE56:E0M1X1,80:FE59:E0M1X1
80:FE59:E0M1X1,80:FF17:E0M1X1
80:FE5C:E0M1X1,80:FE5D:E0M1X1
80:FE5D:E0M1X1,80:FE60:E0M1X1
80:FE60:E0M1X1,80:FE63:E0M1X1
80:FE63:E0M1X1,80:FE65:E0M1X1
80:FE65:E0M1X1,80:FE68:E0M1X1
80:FE68:E0M1X1,80:FDFF:E0M1X1
80:FE68:E0M1X1,80:FE11:E0M1X1
80:FE69:E0M1X1,80:FE6A:E0M1X1
80:FE6A:E0M1X1,80:FE6D:E0M1X1
80:FE6D:E0M1X1,80:FE6F:E0M1X1
80:FE6D:E0M1X1,80:FE76:E0M1X1
80:FE6F:E0M1X1,80:FE72:E0M1X1
80:FE72:E0M1X1,80:FE73:E0M1X1
80:FE73:E0M1X1,80:FE76:E0M1X1
80:FE76:E0M1X1,80:FDFF:E0M1X1
80:FE76:E0M1X1,80:FE11:E0M1X1
80:FE76:E0M1X1,80:FE7B:E0M1X1
80:FE77:E0M1X1,80:FE78:E0M1X1
80:FE78:E0M1X1,80:FE6A:E0M1X1
80:FE7B:E0M1X1,80:FE6A:E0M1X1
80:FE7E:E0M1X1,80:FE7F:E0M1X1
80:FE7F:E0M1X1,80:FE80:E0M1X1
80:FE80:E0M1X1,80:FE83:E0M1X1
80:FE83:E0M1X1,80:FE84:E0M1X1
80:FE84:E0M1X1,80:FE87:E0M1X1
80:FE87:E0M1X1,80:FE8A:E0M1X1
80:FE8A:E0M1X1,80:FE8D:E0M1X1
80:FE8D:E0M1X1,80:FE8E:E0M1X1
80:FE8E:E0M1X1,80:FE91:E0M1X1
80:FE91:E0M1X1,80:FE94:E0M1X1
80:FE94:E0M1X1,80:9DF6:E0M1X1
80:FE97:E0M1X1,80:FE9A:E0M1X1
80:FE9A:E0M1X1,80:FE9B:E0M1X1
80:FE9B:E0M1X1,80:FE9E:E0M1X1
80:FE9E:E0M1X1,80:FE9F:E0M1X1
80:FE9F:E0M1X1,80:FEA2:E0M1X1
80:FEA2:E0M1X1,80:9E50:E0M1X1
80:FEA5:E0M1X1,80:FEA8:E0M1X1
80:FEA8:E0M1X1,80:FEA9:E0M1X1
80:FEA9:E0M1X1,80:FEAC:E0M1X1
80:FEAC:E0M1X1,80:FF06:E0M1X1
80:FEAF:E0M1X1,80:FEB2:E0M1X1
80:FEB2:E0M1X1,80:FEB5:E0M1X1
80:FEB5:E0M1X1,80:FEB6:E0M1X1
80:FEB6:E0M1X1,80:FEB9:E0M1X1
80:FEB9:E0M1X1,80:FF06:E0M1X1
80:FEBC:E0M1X1,80:FEBF:E0M1X1
80:FEBF:E0M1X1,80:FEC0:E0M1X1
80:FEC0:E0M1X1,80:FEC1:E0M1X1
80:FEC1:E0M1X1,80:FDE2:E0M1X1
80:FEC1:E0M1X1,80:FE25:E0M1X1
80:FEC2:E0M1X1,80:FEC5:E0M1X1
80:FEC5:E0M1X1,80:FEC8:E0M1X1
80:FEC8:E0M1X1,80:FEC9:E0M1X1
80:FEC9:E0M1X1,80:FECB:E0M1X1
80:FEC9:E0M1X1,80:FECE:E0M1X1
80:FECB:E0M1X1,80:FECE:E0M1X1
80:FECE:E0M1X1,80:FED1:E0M1X1
80:FED1:E0M1X1,80:FED2:E0M1X1
80:FED2:E0M1X1,80:FED4:E0M1X1
80:FED2:E0M1X1,80:FED7:E0M1X1
80:FED4:E0M1X1,80:FED7:E0M1X1
80:FED7:E0M1X1,80:FED8:E0M1X1
80:FED8:E0M1X1,80:FEDB:E0M1X1
80:FEDB:E0M1X1,80:FEDC:E0M1X1
80:FEDC:E0M1X1,80:FEDF:E0M1X1
80:FEDF:E0M1X1,80:FEE1:E0M1X1
80:FEE1:E0M1X1,80:FEE4:E0M1X1
80:FEE4:E0M1X1,80:FEE6:E0M1X1
80:FEE4:E0M1X1,80:FEF3:E0M1X1
80:FEE6:E0M1X1,80:FEE8:E0M1X1
80:FEE8:E0M1X1,80:FEEA:E0M1X1
80:FEE8:E0M1X1,80:FEF2:E0M1X1
80:FEEA:E0M1X1,80:FEEB:E0M1X1
80:FEEB:E0M1X1,80:FEEC:E0M1X1
80:FEEC:E0M1X1,80:FEEE:E0M1X1
80:FEEE:E0M1X1,80:FEF0:E0M1X1
80:FEEE:E0M1X1,80:FEF2:E0M1X1
80:FEF0:E0M1X1,80:FEF1:E0M1X1
80:FEF1:E0M1X1,80:FEF2:E0M1X1
80:FEF2:E0M1X1,80:FDF6:E0M1X1
80:FEF2:E0M1X1,80:FE08:E0M1X1
80:FEF3:E0M1X1,80:FEF5:E0M1X1
80:FEF5:E0M1X1,80:FEF2:E0M1X1
80:FEF5:E0M1X1,80:FEF7:E0M1X1
80:FEF7:E0M1X1,80:FEF8:E0M1X1
80:FEF8:E0M1X1,80:FEF9:E0M1X1
80:FEF9:E0M1X1,80:FEFB:E0M1X1
80:FEFB:E0M1X1,80:FEF2:E0M1X1
80:FEFB:E0M1X1,80:FEFD:E0M1X1
80:FEFD:E0M1X1,80:FEFE:E0M1X1
80:FEFE:E0M1X1,80:FEFF:E0M1X1
80:FEFF:E0M1X1,80:FDF6:E0M1X1
80:FEFF:E0M1X1,80:FE08:E0M1X1
80:FF06:E0M1X1,80:FF07:E0M1X1
80:FF07:E0M1X1,80:FF09:E0M1X1
80:FF07:E0M1X1,80:FF10:E0M1X1
80:FF09:E0M1X1,80:FF0B:E0M1X1
80:FF0B:E0M1X1,80:FF0D:E0M1X1
80:FF0B:E0M1X1,80:FF16:E0M1X1
80:FF0D:E0M1X1,80:FF0F:E0M1X1
80:FF0F:E0M1X1,80:FEAF:E0M1X1
80:FF0F:E0M1X1,80:FEBC:E0M1X1
80:FF10:E0M1X1,80:FF12:E0M1X1
80:FF12:E0M1X1,80:FF14:E0M1X1
80:FF12:E0M1X1,80:FF16:E0M1X1
80:FF14:E0M1X1,80:FF16:E0M1X1
80:FF16:E0M1X1,80:FEAF:E0M1X1
80:FF16:E0M1X1,80:FEBC:E0M1X1
80:FF17:E0M1X1,80:FF19:E0M1X1
80:FF19:E0M1X1,80:FF1C:E0M1X1
80:FF1C:E0M1X1,80:FF1E:E0M1X1
80:FF1C:E0M1X1,80:FF23:E0M1X1
80:FF1E:E0M1X1,80:FF20:E0M1X1
80:FF20:E0M1X1,80:FF23:E0M1X1
80:FF23:E0M1X1,80:FF24:E0M1X1
80:FF24:E0M1X1,80:FF19:E0M1X1
80:FF24:E0M1X1,80:FF26:E0M1X1
80:FF26:E0M1X1,80:9272:E0M1X1
80:FF26:E0M1X1,80:FD7F:E0M1X1
80:FF26:E0M1X1,80:FE56:E0M1X1
81:8000:E0M1X1,81:8002:E0M1X1
81:8002:E0M1X1,81:8004:E0M1X1
81:8004:E0M1X1,81:8006:E0M1X1
81:8006:E0M1X1,81:8008:E0M1X1
81:8006:E0M1X1,81:8035:E0M1X1
81:8008:E0M1X1,81:800B:E0M1X1
81:800B:E0M1X1,81:800D:E0M1X1
81:800B:E0M1X1,81:8050:E0M1X1
81:800D:E0M1X1,81:8010:E0M1X1
81:8010:E0M1X1,81:8012:E0M1X1
81:8012:E0M1X1,81:8014:E0M1X1
81:8012:E0M1X1,81:8027:E0M1X1
81:8014:E0M1X1,81:8016:E0M1X1
81:8016:E0M1X1,81:8018:E0M1X1
81:8016:E0M1X1,81:801A:E0M1X1
81:8018:E0M1X1,81:8050:E0M1X1
81:801A:E0M1X1,81:801D:E0M1X1
81:801D:E0M1X1,81:801F:E0M1X1
81:801F:E0M1X1,81:8021:E0M1X1
81:801F:E0M1X1,81:8050:E0M1X1
81:8021:E0M1X1,81:8023:E0M1X1
81:8023:E0M1X1,81:8025:E0M1X1
81:8023:E0M1X1,81:8050:E0M1X1
81:8025:E0M1X1,81:8032:E0M1X1
81:8027:E0M1X1,81:802A:E0M1X1
81:802A:E0M1X1,81:802C:E0M1X1
81:802C:E0M1X1,81:802E:E0M1X1
81:802C:E0M1X1,81:8050:E0M1X1
81:802E:E0M1X1,81:8030:E0M1X1
81:8030:E0M1X1,81:8032:E0M1X1
81:8030:E0M1X1,81:8050:E0M1X1
81:8032:E0M1X1,81:8035:E0M1X1
81:8035:E0M1X1,81:8037:E0M1X1
81:8037:E0M1X1,81:803A:E0M1X1
81:803A:E0M1X1,81:8054:E0M1X1
81:803D:E0M1X1,81:8040:E0M1X1
81:8040:E0M1X1,81:8054:E0M1X1
81:8043:E0M1X1,81:8046:E0M1X1
81:8046:E0M1X1,81:8047:E0M1X1
81:8047:E0M1X1,81:8049:E0M1X1
81:8049:E0M1X1,81:8054:E0M1X1
81:804C:E0M1X1,92:FAFA:E0M1X1
81:8050:E0M1X1,81:8051:E0M1X1
81:8051:E0M1X1,81:8004:E0M1X1
81:8051:E0M1X1,81:8053:E0M1X1
81:8053:E0M1X1,80:B9A2:E0M1X1
81:8053:E0M1X1,80:BAC1:E0M1X1
81:8054:E0M1X1,81:8055:E0M1X1
81:8055:E0M1X1,81:8056:E0M1X1
81:8056:E0M1X1,81:8058:E0M1X1
81:8058:E0M1X1,81:8059:E0M1X1
81:8059:E0M1X1,81:805C:E0M1X1
81:805C:E0M1X1,81:805E:E0M1X1
81:805E:E0M1X1,81:8060:E0M1X1
81:805E:E0M1X1,81:8064:E0M1X1
81:8060:E0M1X1,81:8062:E0M1X1
81:8062:E0M1X1,81:8064:E0M1X1
81:8062:E0M1X1,81:8065:E0M1X1
81:8064:E0M1X1,81:8065:E0M1X1
81:8065:E0M1X1,81:8068:E0M1X1
81:8068:E0M1X1,81:806A:E0M1X1
81:8068:E0M1X1,81:806C:E0M1X1
81:806A:E0M1X1,81:806C:E0M1X1
81:806C:E0M1X1,81:803D:E0M1X1
81:806C:E0M1X1,81:8043:E0M1X1
81:806C:E0M1X1,81:804C:E0M1X1
81:806D:E0M1X1,81:806E:E0M1X1
81:806E:E0M1X1,81:806F:E0M1X1
81:806F:E0M1X1,81:8070:E0M1X1
81:8070:E0M1X1,81:8072:E0M0X0
81:8072:E0M0X0,81:8075:E0M0X0
81:8075:E0M0X0,81:8078:E0M0X0
81:8078:E0M0X0,81:8079:E0M0X0
81:8079:E0M0X0,81:807A:E0M0X0
81:807A:E0M0X0,81:807D:E0M0X0
81:807D:E0M0X0,81:807F:E0M0X0
81:807D:E0M0X0,81:8084:E0M0X0
81:807F:E0M0X0,81:8080:E0M0X0
81:8080:E0M0X0,81:808B:E0M0X0
81:8083:E0M0X0,81:8084:E0M0X0
81:8084:E0M0X0,81:8085:E0M0X0
81:8085:E0M0X0,81:8078:E0M0X0
81:8085:E0M0X0,81:8087:E0M0X0
81:8087:E0M0X0,81:8089:E0M1X1
81:8089:E0M1X1,81:808A:E0M1X1
81:808A:E0M1X1,80:BAD0:E0M1X1
81:808B:E0M0X0,81:808E:E0M0X0
81:808E:E0M0X0,81:808F:E0M0X0
81:808F:E0M0X0,81:8090:E0M0X0
81:8090:E0M0X0,81:8093:E0M0X0
81:8093:E0M0X0,81:8096:E0M0X0
81:8096:E0M0X0,81:8099:E0M0X0
81:8099:E0M0X0,81:809A:E0M0X0
81:809A:E0M0X0,81:809B:E0M0X0
81:809B:E0M0X0,81:8083:E0M0X0
81:809B:E0M0X0,81:829A:E0M0X0
81:809B:E0M0X0,81:82A7:E0M0X0
81:809B:E0M0X0,81:82C7:E0M0X0
81:809B:E0M0X0,81:82DF:E0M0X0
81:809B:E0M0X0,81:82EC:E0M0X0
81:809B:E0M0X0,81:830C:E0M0X0
81:809B:E0M0X0,81:8356:E0M0X0
81:809B:E0M0X0,81:8526:E0M0X0
81:809B:E0M0X0,81:8533:E0M0X0
81:809B:E0M0X0,81:8556:E0M0X0
81:809B:E0M0X0,81:85E5:E0M0X0
81:809B:E0M0X0,81:85EB:E0M0X0
81:809B:E0M0X0,81:85F2:E0M0X0
81:809B:E0M0X0,81:8615:E0M0X0
81:809B:E0M0X0,81:86D5:E0M0X0
81:809B:E0M0X0,81:86F4:E0M0X0
81:809B:E0M0X0,81:871D:E0M0X0
81:809B:E0M0X0,81:8724:E0M0X0
81:809B:E0M0X0,81:872B:E0M0X0
81:809B:E0M0X0,81:8738:E0M0X0
81:809B:E0M0X0,81:873F:E0M0X0
81:809B:E0M0X0,81:8746:E0M0X0
81:809B:E0M0X0,81:8753:E0M0X0
81:809B:E0M0X0,81:875A:E0M0X0
81:809B:E0M0X0,81:8761:E0M0X0
81:809B:E0M0X0,81:8768:E0M0X0
81:809B:E0M0X0,81:8775:E0M0X0
81:809B:E0M0X0,81:877F:E0M0X0
81:809B:E0M0X0,81:8789:E0M0X0
81:809B:E0M0X0,81:8799:E0M0X0
81:809B:E0M0X0,81:87A3:E0M0X0
81:809B:E0M0X0,81:87AD:E0M0X0
81:809B:E0M0X0,81:87BD:E0M0X0
81:809B:E0M0X0,81:87C7:E0M0X0
81:809B:E0M0X0,81:87D1:E0M0X0
81:809B:E0M0X0,81:87F5:E0M0X0
81:809B:E0M0X0,81:880E:E0M0X0
81:809B:E0M0X0,81:881B:E0M0X0
81:809B:E0M0X0,81:8828:E0M0X0
81:809B:E0M0X0,81:8835:E0M0X0
81:809B:E0M0X0,81:8842:E0M0X0
81:809B:E0M0X0,81:887C:E0M0X0
81:809B:E0M0X0,81:8889:E0M0X0
81:809B:E0M0X0,81:8896:E0M0X0
81:809B:E0M0X0,81:88DC:E0M0X0
81:809B:E0M0X0,81:88E8:E0M0X0
81:809B:E0M0X0,81:8905:E0M0X0
81:809B:E0M0X0,81:8912:E0M0X0
81:809B:E0M0X0,81:8ABA:E0M0X0
81:809B:E0M0X0,81:8B18:E0M0X0
81:809B:E0M0X0,81:8B27:E0M0X0
81:809B:E0M0X0,81:8C5B:E0M0X0
81:809B:E0M0X0,81:8C65:E0M0X0
81:809C:E0M0X0,81:809E:E0M0X0
81:809E:E0M0X0,81:80A0:E0M0X0
81:80A0:E0M0X0,81:80A3:E0M0X0
81:80A3:E0M0X0,81:80A5:E0M1X0
81:80A5:E0M1X0,81:80A8:E0M1X0
81:80A8:E0M1X0,81:80A9:E0M1X0
81:80A9:E0M1X0,81:80AB:E0M1X0
81:80AB:E0M1X0,81:80AD:E0M1X0
81:80AB:E0M1X0,81:80C8:E0M1X0
81:80AD:E0M1X0,81:80AF:E0M1X0
81:80AD:E0M1X0,81:80C8:E0M1X0
81:80AF:E0M1X0,81:80B2:E0M1X0
81:80B2:E0M1X0,81:80B5:E0M1X0
81:80B5:E0M1X0,81:80B6:E0M1X0
81:80B6:E0M1X0,81:80B8:E0M1X0
81:80B8:E0M1X0,81:80BB:E0M1X0
81:80BB:E0M1X0,81:80BE:E0M1X0
81:80BE:E0M1X0,81:80BF:E0M1X0
81:80BF:E0M1X0,81:80C1:E0M1X0
81:80C1:E0M1X0,81:80C3:E0M1X0
81:80C3:E0M1X0,81:80C6:E0M1X0
81:80C6:E0M1X0,81:8113:E0M1X0
81:80C8:E0M1X0,81:80CA:E0M1X0
81:80CA:E0M1X0,81:80CC:E0M1X0
81:80CC:E0M1X0,81:80CE:E0M1X0
81:80CC:E0M1X0,81:8109:E0M1X0
81:80CE:E0M1X0,81:80CF:E0M1X0
81:80CF:E0M1X0,81:80D0:E0M1X0
81:80D0:E0M1X0,81:80D1:E0M1X0
81:80D1:E0M1X0,81:80D2:E0M1X0
81:80D2:E0M1X0,81:80D4:E0M0X0
81:80D4:E0M0X0,81:80D5:E0M0X0
81:80D5:E0M0X0,81:80D8:E0M0X0
81:80D8:E0M0X0,81:80D9:E0M0X0
81:80D9:E0M0X0,81:80DC:E0M0X0
81:80DC:E0M0X0,81:80DF:E0M0X0
81:80DF:E0M0X0,81:80E2:E0M0X0
81:80E2:E0M0X0,81:80E5:E0M0X0
81:80E5:E0M0X0,81:80E8:E0M0X0
81:80E8:E0M0X0,81:80E9:E0M0X0
81:80E9:E0M0X0,81:80EA:E0M0X0
81:80EA:E0M0X0,81:80EC:E0M0X0
81:80EC:E0M0X0,81:80EF:E0M0X0
81:80EF:E0M0X0,81:80F0:E0M0X0
81:80F0:E0M0X0,81:80F3:E0M0X0
81:80F3:E0M0X0,81:80F5:E0M0X0
81:80F3:E0M0X0,81:80FD:E0M0X0
81:80F5:E0M0X0,81:80F6:E0M0X0
81:80F6:E0M0X0,81:80F9:E0M0X0
81:80F9:E0M0X0,81:DE31:E0M0X0
81:80FD:E0M0X0,81:80FE:E0M0X0
81:80FE:E0M0X0,81:8101:E0M0X0
81:8101:E0M0X0,92:FB9F:E0M0X0
81:8105:E0M0X0,81:8106:E0M0X0
81:8106:E0M0X0,81:8108:E0M1X0
81:8108:E0M1X0,81:8109:E0M1X0
81:8109:E0M1X0,81:810B:E0M1X0
81:810B:E0M1X0,81:810E:E0M1X0
81:810E:E0M1X0,81:8110:E0M1X0
81:8110:E0M1X0,81:8113:E0M1X0
81:8113:E0M1X0,81:8115:E0M0X0
81:8115:E0M0X0,81:82D2:E0M0X0
81:8115:E0M0X0,81:8361:E0M0X0
81:8115:E0M0X0,81:8561:E0M0X0
81:8115:E0M0X0,81:8620:E0M0X0
81:8116:E0M0X0,81:8119:E0M0X0
81:8119:E0M0X0,81:811C:E0M0X0
81:811C:E0M0X0,81:811F:E0M0X0
81:811F:E0M0X0,81:8122:E0M0X0
81:8122:E0M0X0,81:8125:E0M0X0
81:8125:E0M0X0,81:8127:E0M1X1
81:8127:E0M1X1,80:9BCA:E0M1X1
81:812B:E0M1X1,81:812D:E0M0X0
81:812D:E0M0X0,81:8130:E0M0X0
81:8130:E0M0X0,81:8133:E0M0X0
81:8133:E0M0X0,81:8136:E0M0X0
81:8136:E0M0X0,81:8139:E0M0X0
81:8139:E0M0X0,81:82B2:E0M0X0
81:8139:E0M0X0,81:82F7:E0M0X0
81:8139:E0M0X0,81:8341:E0M0X0
81:8139:E0M0X0,81:8541:E0M0X0
81:8139:E0M0X0,81:85FD:E0M0X0
81:8139:E0M0X0,81:8918:E0M0X0
81:813A:E0M0X0,81:813D:E0M0X0
81:813D:E0M0X0,81:8140:E0M0X0
81:8140:E0M0X0,81:8143:E0M0X0
81:8143:E0M0X0,81:8145:E0M0X0
81:8143:E0M0X0,81:8166:E0M0X0
81:8145:E0M0X0,81:8148:E0M0X0
81:8148:E0M0X0,81:814B:E0M0X0
81:814B:E0M0X0,81:814D:E0M0X0
81:814B:E0M0X0,81:8166:E0M0X0
81:814D:E0M0X0,81:8150:E0M0X0
81:8150:E0M0X0,81:8153:E0M0X0
81:8153:E0M0X0,81:8155:E0M0X0
81:8153:E0M0X0,81:8166:E0M0X0
81:8155:E0M0X0,81:8158:E0M0X0
81:8158:E0M0X0,81:815B:E0M0X0
81:815B:E0M0X0,81:815E:E0M0X0
81:815E:E0M0X0,81:81A4:E0M0X0
81:8161:E0M0X0,81:8162:E0M0X0
81:8162:E0M0X0,81:8163:E0M0X0
81:8163:E0M0X0,81:8164:E0M0X0
81:8164:E0M0X0,81:8166:E0M0X0
81:8164:E0M0X0,81:816E:E0M0X0
81:8166:E0M0X0,81:8167:E0M0X0
81:8167:E0M0X0,81:816A:E0M0X0
81:816A:E0M0X0,81:8140:E0M0X0
81:816A:E0M0X0,81:816C:E0M0X0
81:816C:E0M0X0,81:816D:E0M0X0
81:816D:E0M0X0,81:82BE:E0M0X0
81:816D:E0M0X0,81:8303:E0M0X0
81:816D:E0M0X0,81:834D:E0M0X0
81:816D:E0M0X0,81:854D:E0M0X0
81:816D:E0M0X0,81:860C:E0M0X0
81:816E:E0M0X0,81:8171:E0M0X0
81:8171:E0M0X0,81:8172:E0M0X0
81:8172:E0M0X0,81:82BE:E0M0X0
81:8172:E0M0X0,81:8303:E0M0X0
81:8172:E0M0X0,81:834D:E0M0X0
81:8172:E0M0X0,81:854D:E0M0X0
81:8172:E0M0X0,81:860C:E0M0X0
81:8173:E0M0X0,81:8176:E0M0X0
81:8176:E0M0X0,81:8179:E0M0X0
81:8179:E0M0X0,81:817C:E0M0X0
81:817C:E0M0X0,81:817E:E0M0X0
81:817C:E0M0X0,81:8197:E0M0X0
81:817E:E0M0X0,81:8181:E0M0X0
81:8181:E0M0X0,81:8184:E0M0X0
81:8184:E0M0X0,81:8186:E0M0X0
81:8184:E0M0X0,81:8197:E0M0X0
81:8186:E0M0X0,81:8189:E0M0X0
81:8189:E0M0X0,81:818C:E0M0X0
81:818C:E0M0X0,81:818F:E0M0X0
81:818F:E0M0X0,81:81A4:E0M0X0
81:8192:E0M0X0,81:8193:E0M0X0
81:8193:E0M0X0,81:8194:E0M0X0
81:8194:E0M0X0,81:8195:E0M0X0
81:8195:E0M0X0,81:8197:E0M0X0
81:8195:E0M0X0,81:819F:E0M0X0
81:8197:E0M0X0,81:8198:E0M0X0
81:8198:E0M0X0,81:819B:E0M0X0
81:819B:E0M0X0,81:8176:E0M0X0
81:819B:E0M0X0,81:819D:E0M0X0
81:819D:E0M0X0,81:819E:E0M0X0
81:819E:E0M0X0,81:88DF:E0M0X0
81:819F:E0M0X0,81:81A2:E0M0X0
81:81A2:E0M0X0,81:81A3:E0M0X0
81:81A3:E0M0X0,81:88DF:E0M0X0
81:81A4:E0M0X0,81:81A6:E0M0X0
81:81A6:E0M0X0,81:81A7:E0M0X0
81:81A7:E0M0X0,81:81A8:E0M0X0
81:81A8:E0M0X0,81:81AA:E0M0X0
81:81AA:E0M0X0,81:81AB:E0M0X0
81:81AB:E0M0X0,81:81AE:E0M0X0
81:81AE:E0M0X0,81:81B1:E0M0X0
81:81B1:E0M0X0,81:81B2:E0M0X0
81:81B2:E0M0X0,81:81B5:E0M0X0
81:81B5:E0M0X0,81:81B6:E0M0X0
81:81B6:E0M0X0,81:81B9:E0M0X0
81:81B9:E0M0X0,81:8290:E0M0X0
81:81BC:E0M0X0,81:81BE:E0M0X0
81:81BE:E0M0X0,81:81C0:E0M0X0
81:81BE:E0M0X0,81:81EA:E0M0X0
81:81C0:E0M0X0,81:81C3:E0M0X0
81:81C3:E0M0X0,81:81C4:E0M0X0
81:81C4:E0M0X0,81:81C7:E0M0X0
81:81C7:E0M0X0,81:81C8:E0M0X0
81:81C8:E0M0X0,81:81CB:E0M0X0
81:81CB:E0M0X0,81:8290:E0M0X0
81:81CE:E0M0X0,81:81D0:E0M0X0
81:81D0:E0M0X0,81:81D2:E0M0X0
81:81D0:E0M0X0,81:81EA:E0M0X0
81:81D2:E0M0X0,81:81D4:E0M0X0
81:81D4:E0M0X0,81:81D7:E0M0X0
81:81D7:E0M0X0,81:81DA:E0M0X0
81:81DA:E0M0X0,81:81DD:E0M0X0
81:81DD:E0M0X0,81:81DE:E0M0X0
81:81DE:E0M0X0,81:81E1:E0M0X0
81:81E1:E0M0X0,81:8290:E0M0X0
81:81E4:E0M0X0,81:81E6:E0M0X0
81:81E6:E0M0X0,81:81E8:E0M0X0
81:81E6:E0M0X0,81:81EA:E0M0X0
81:81E8:E0M0X0,81:81E9:E0M0X0
81:81E9:E0M0X0,81:8161:E0M0X0
81:81E9:E0M0X0,81:8192:E0M0X0
81:81EA:E0M0X0,81:81EC:E0M0X0
81:81EC:E0M0X0,81:81EF:E0M0X0
81:81EF:E0M0X0,81:81F0:E0M0X0
81:81F0:E0M0X0,81:8161:E0M0X0
81:81F0:E0M0X0,81:8192:E0M0X0
81:8227:E0M0X0,81:822A:E0M0X0
81:822A:E0M0X0,81:822D:E0M0X0
81:822D:E0M0X0,81:822F:E0M0X0
81:822D:E0M0X0,81:8242:E0M0X0
81:822F:E0M0X0,81:8230:E0M0X0
81:8230:E0M0X0,81:8233:E0M0X0
81:8233:E0M0X0,81:8236:E0M0X0
81:8236:E0M0X0,81:8238:E0M1X0
81:8238:E0M1X0,81:823B:E0M1X0
81:823B:E0M1X0,81:823D:E0M1X0
81:823D:E0M1X0,81:8240:E0M1X0
81:8240:E0M1X0,81:8253:E0M1X0
81:8242:E0M0X0,81:8243:E0M0X0
81:8243:E0M0X0,81:8246:E0M0X0
81:8246:E0M0X0,81:8249:E0M0X0
81:8249:E0M0X0,81:824B:E0M1X0
81:824B:E0M1X0,81:824E:E0M1X0
81:824E:E0M1X0,81:8250:E0M1X0
81:8250:E0M1X0,81:8253:E0M1X0
81:8253:E0M1X0,81:8255:E0M0X0
81:8255:E0M0X0,81:8258:E0M0X0
81:8258:E0M0X0,81:825A:E0M0X0
81:8258:E0M0X0,81:826D:E0M0X0
81:825A:E0M0X0,81:825B:E0M0X0
81:825B:E0M0X0,81:825E:E0M0X0
81:825E:E0M0X0,81:8261:E0M0X0
81:8261:E0M0X0,81:8263:E0M1X0
81:8263:E0M1X0,81:8266:E0M1X0
81:8266:E0M1X0,81:8268:E0M1X0
81:8268:E0M1X0,81:826B:E0M1X0
81:826B:E0M1X0,81:827E:E0M1X0
81:826D:E0M0X0,81:826E:E0M0X0
81:826E:E0M0X0,81:8271:E0M0X0
81:8271:E0M0X0,81:8274:E0M0X0
81:8274:E0M0X0,81:8276:E0M1X0
81:8276:E0M1X0,81:8279:E0M1X0
81:8279:E0M1X0,81:827B:E0M1X0
81:827B:E0M1X0,81:827E:E0M1X0
81:827E:E0M1X0,81:8280:E0M0X0
81:8280:E0M0X0,81:8283:E0M0X0
81:8283:E0M0X0,81:8284:E0M0X0
81:8284:E0M0X0,81:8287:E0M0X0
81:8287:E0M0X0,81:8289:E0M0X0
81:8287:E0M0X0,81:828C:E0M0X0
81:8289:E0M0X0,81:828C:E0M0X0
81:828C:E0M0X0,81:828F:E0M0X0
81:828F:E0M0X0,81:82AF:E0M0X0
81:828F:E0M0X0,81:82F4:E0M0X0
81:828F:E0M0X0,81:833E:E0M0X0
81:828F:E0M0X0,81:853E:E0M0X0
81:828F:E0M0X0,81:85FA:E0M0X0
81:828F:E0M0X0,81:8778:E0M0X0
81:828F:E0M0X0,81:8782:E0M0X0
81:828F:E0M0X0,81:878C:E0M0X0
81:828F:E0M0X0,81:879C:E0M0X0
81:828F:E0M0X0,81:87A6:E0M0X0
81:828F:E0M0X0,81:87B0:E0M0X0
81:828F:E0M0X0,81:87C0:E0M0X0
81:828F:E0M0X0,81:87CA:E0M0X0
81:828F:E0M0X0,81:87D4:E0M0X0
81:828F:E0M0X0,81:8915:E0M0X0
81:828F:E0M0X0,81:8C5E:E0M0X0
81:8290:E0M0X0,81:8293:E0M0X0
81:8293:E0M0X0,81:8295:E0M0X0
81:8293:E0M0X0,81:8299:E0M0X0
81:8295:E0M0X0,81:8298:E0M0X0
81:8298:E0M0X0,81:8299:E0M0X0
81:8299:E0M0X0,81:81BC:E0M0X0
81:8299:E0M0X0,81:81CE:E0M0X0
81:8299:E0M0X0,81:81E4:E0M0X0
81:8299:E0M0X0,81:844D:E0M0X0
81:8299:E0M0X0,81:8458:E0M0X0
81:8299:E0M0X0,81:847B:E0M0X0
81:8299:E0M0X0,81:8486:E0M0X0
81:8299:E0M0X0,81:84A9:E0M0X0
81:8299:E0M0X0,81:84B4:E0M0X0
81:8299:E0M0X0,81:84D7:E0M0X0
81:8299:E0M0X0,81:84E2:E0M0X0
81:829A:E0M0X0,81:829D:E0M0X0
81:829D:E0M0X0,81:82A0:E0M0X0
81:82A0:E0M0X0,81:82A3:E0M0X0
81:82A3:E0M0X0,81:82A6:E0M0X0
81:82A6:E0M0X0,81:809B:E0M0X0
81:82A7:E0M0X0,81:82AA:E0M0X0
81:82AA:E0M0X0,81:82AC:E0M0X0
81:82AA:E0M0X0,81:82DC:E0M0X0
81:82AC:E0M0X0,81:8227:E0M0X0
81:82AF:E0M0X0,81:8116:E0M0X0
81:82B2:E0M0X0,81:82B5:E0M0X0
81:82B5:E0M0X0,81:85C2:E0M0X0
81:82B8:E0M0X0,81:82BB:E0M0X0
81:82BB:E0M0X0,81:813A:E0M0X0
81:82BE:E0M0X0,81:82C0:E0M0X0
81:82BE:E0M0X0,81:82C9:E0M0X0
81:82C0:E0M0X0,81:82C3:E0M0X0
81:82C3:E0M0X0,81:82C6:E0M0X0
81:82C6:E0M0X0,81:809B:E0M0X0
81:82C7:E0M0X0,81:82A7:E0M0X0
81:82C9:E0M0X0,81:82CC:E0M0X0
81:82CC:E0M0X0,81:82CF:E0M0X0
81:82CF:E0M0X0,81:809C:E0M0X0
81:82D2:E0M0X0,81:82D5:E0M0X0
81:82D5:E0M0X0,80:F926:E0M0X0
81:82D9:E0M0X0,81:87DB:E0M0X0
81:82DC:E0M0X0,81:8849:E0M0X0
81:82DF:E0M0X0,81:82E2:E0M0X0
81:82E2:E0M0X0,81:82E5:E0M0X0
81:82E5:E0M0X0,81:82E8:E0M0X0
81:82E8:E0M0X0,81:82EB:E0M0X0
81:82EB:E0M0X0,81:809B:E0M0X0
81:82EC:E0M0X0,81:82EF:E0M0X0
81:82EF:E0M0X0,81:82F1:E0M0X0
81:82EF:E0M0X0,81:830E:E0M0X0
81:82F1:E0M0X0,81:8227:E0M0X0
81:82F4:E0M0X0,81:8116:E0M0X0
81:82F7:E0M0X0,81:82FA:E0M0X0
81:82FA:E0M0X0,81:85C2:E0M0X0
81:82FD:E0M0X0,81:8300:E0M0X0
81:8300:E0M0X0,81:813A:E0M0X0
81:8303:E0M0X0,81:8305:E0M0X0
81:8303:E0M0X0,81:8358:E0M0X0
81:8305:E0M0X0,81:8308:E0M0X0
81:8308:E0M0X0,81:830B:E0M0X0
81:830B:E0M0X0,81:809B:E0M0X0
81:830C:E0M0X0,81:82EC:E0M0X0
81:830E:E0M0X0,81:8311:E0M0X0
81:8311:E0M0X0,81:8314:E0M0X0
81:8314:E0M0X0,81:8317:E0M0X0
81:8317:E0M0X0,81:831A:E0M0X0
81:831A:E0M0X0,81:841D:E0M0X0
81:831D:E0M0X0,81:831F:E0M0X0
81:831D:E0M0X0,81:836B:E0M0X0
81:831F:E0M0X0,81:8322:E0M0X0
81:8322:E0M0X0,81:8324:E0M0X0
81:8322:E0M0X0,81:836B:E0M0X0
81:8324:E0M0X0,81:836E:E0M0X0
81:8327:E0M0X0,81:8329:E0M0X0
81:8327:E0M0X0,81:836B:E0M0X0
81:8329:E0M0X0,81:832C:E0M0X0
81:832C:E0M0X0,81:832E:E0M0X0
81:832C:E0M0X0,81:833B:E0M0X0
81:832E:E0M0X0,81:8331:E0M0X0
81:8331:E0M0X0,81:8333:E0M0X0
81:8331:E0M0X0,81:833B:E0M0X0
81:8333:E0M0X0,81:8336:E0M0X0
81:8336:E0M0X0,81:8338:E0M0X0
81:8336:E0M0X0,81:836B:E0M0X0
81:8338:E0M0X0,81:833B:E0M0X0
81:833B:E0M0X0,81:8227:E0M0X0
81:833E:E0M0X0,81:8116:E0M0X0
81:8341:E0M0X0,81:8344:E0M0X0
81:8344:E0M0X0,81:85C2:E0M0X0
81:8347:E0M0X0,81:834A:E0M0X0
81:834A:E0M0X0,81:813A:E0M0X0
81:834D:E0M0X0,81:834F:E0M0X0
81:834D:E0M0X0,81:8358:E0M0X0
81:834F:E0M0X0,81:8352:E0M0X0
81:8352:E0M0X0,81:8355:E0M0X0
81:8355:E0M0X0,81:809B:E0M0X0
81:8356:E0M0X0,81:831F:E0M0X0
81:8358:E0M0X0,81:835B:E0M0X0
81:835B:E0M0X0,81:835E:E0M0X0
81:835E:E0M0X0,81:809C:E0M0X0
81:8361:E0M0X0,81:8364:E0M0X0
81:8364:E0M0X0,80:F926:E0M0X0
81:8368:E0M0X0,81:87DB:E0M0X0
81:836B:E0M0X0,81:8849:E0M0X0
81:836E:E0M0X0,81:8371:E0M0X0
81:8371:E0M0X0,81:8374:E0M0X0
81:8374:E0M0X0,81:8377:E0M0X0
81:8377:E0M0X0,81:8379:E0M0X0
81:8377:E0M0X0,81:8381:E0M0X0
81:8379:E0M0X0,81:837C:E0M0X0
81:837C:E0M0X0,81:837F:E0M0X0
81:837F:E0M0X0,81:8381:E0M0X0
81:837F:E0M0X0,81:8387:E0M0X0
81:8381:E0M0X0,81:841D:E0M0X0
81:8384:E0M0X0,81:8386:E0M0X0
81:8384:E0M0X0,81:8387:E0M0X0
81:8386:E0M0X0,81:8327:E0M0X0
81:8387:E0M0X0,81:838A:E0M0X0
81:838A:E0M0X0,81:838C:E0M0X0
81:838C:E0M0X0,81:838D:E0M0X0
81:838D:E0M0X0,81:838E:E0M0X0
81:838E:E0M0X0,81:8390:E0M0X0
81:8390:E0M0X0,81:8391:E0M0X0
81:8391:E0M0X0,81:8394:E0M0X0
81:8394:E0M0X0,81:8397:E0M0X0
81:8397:E0M0X0,81:8398:E0M0X0
81:8398:E0M0X0,81:839B:E0M0X0
81:839B:E0M0X0,81:839D:E0M0X0
81:839D:E0M0X0,81:83A0:E0M0X0
81:83A0:E0M0X0,81:83A2:E0M0X0
81:83A2:E0M0X0,81:83A5:E0M0X0
81:83A5:E0M0X0,81:83A7:E0M0X0
81:83A7:E0M0X0,81:83AA:E0M0X0
81:83AA:E0M0X0,81:83AC:E0M0X0
81:83AC:E0M0X0,81:83AF:E0M0X0
81:83AF:E0M0X0,81:83B2:E0M0X0
81:83B2:E0M0X0,81:851A:E0M0X0
81:83B5:E0M0X0,81:83E7:E0M0X0
81:83B8:E0M0X0,81:83BB:E0M0X0
81:83BB:E0M0X0,81:83BE:E0M0X0
81:83BE:E0M0X0,81:83C1:E0M0X0
81:83C1:E0M0X0,81:83C2:E0M0X0
81:83C2:E0M0X0,81:83C5:E0M0X0
81:83C5:E0M0X0,81:83C7:E0M0X0
81:83C7:E0M0X0,81:83CA:E0M0X0
81:83CA:E0M0X0,81:83CC:E0M0X0
81:83CC:E0M0X0,81:83CF:E0M0X0
81:83CF:E0M0X0,81:83D1:E0M0X0
81:83D1:E0M0X0,81:83D4:E0M0X0
81:83D4:E0M0X0,81:83D6:E0M0X0
81:83D6:E0M0X0,81:83D9:E0M0X0
81:83D9:E0M0X0,81:83DC:E0M0X0
81:83DC:E0M0X0,81:851A:E0M0X0
81:83DF:E0M0X0,81:83E7:E0M0X0
81:83E2:E0M0X0,81:83E5:E0M0X0
81:83E5:E0M0X0,81:83E6:E0M0X0
81:83E6:E0M0X0,81:8327:E0M0X0
81:83E7:E0M0X0,81:83E9:E0M0X0
81:83E9:E0M0X0,81:83EB:E0M0X0
81:83EB:E0M0X0,81:83EC:E0M0X0
81:83EC:E0M0X0,81:83EE:E0M0X0
81:83EE:E0M0X0,81:83EF:E0M0X0
81:83EF:E0M0X0,81:83F1:E0M0X0
81:83F1:E0M0X0,81:83F3:E0M0X0
81:83F1:E0M0X0,81:83FD:E0M0X0
81:83F3:E0M0X0,81:83F6:E0M0X0
81:83F6:E0M0X0,81:83F8:E0M0X0
81:83F6:E0M0X0,81:8405:E0M0X0
81:83F8:E0M0X0,81:83FB:E0M0X0
81:83FB:E0M0X0,81:8405:E0M0X0
81:83FD:E0M0X0,81:8400:E0M0X0
81:8400:E0M0X0,81:8402:E0M0X0
81:8400:E0M0X0,81:8405:E0M0X0
81:8402:E0M0X0,81:8405:E0M0X0
81:8405:E0M0X0,81:8406:E0M0X0
81:8406:E0M0X0,81:8408:E0M0X0
81:8408:E0M0X0,81:8409:E0M0X0
81:8409:E0M0X0,81:840C:E0M0X0
81:840C:E0M0X0,81:840E:E0M0X0
81:840C:E0M0X0,81:8416:E0M0X0
81:840E:E0M0X0,81:8410:E0M0X0
81:8410:E0M0X0,81:8412:E0M0X0
81:8410:E0M0X0,81:841C:E0M0X0
81:8412:E0M0X0,81:8414:E0M0X0
81:8414:E0M0X0,81:841C:E0M0X0
81:8416:E0M0X0,81:8418:E0M0X0
81:8418:E0M0X0,81:841A:E0M0X0
81:8418:E0M0X0,81:841C:E0M0X0
81:841A:E0M0X0,81:841C:E0M0X0
81:841C:E0M0X0,81:83B8:E0M0X0
81:841C:E0M0X0,81:83E2:E0M0X0
81:841D:E0M0X0,81:8420:E0M0X0
81:8420:E0M0X0,81:8422:E0M0X0
81:8422:E0M0X0,81:8424:E0M0X0
81:8424:E0M0X0,81:8426:E0M0X0
81:8426:E0M0X0,81:8428:E0M0X0
81:8428:E0M0X0,81:842B:E0M0X0
81:842B:E0M0X0,81:842C:E0M0X0
81:842C:E0M0X0,81:842F:E0M0X0
81:842F:E0M0X0,81:8432:E0M0X0
81:8432:E0M0X0,81:8434:E0M0X0
81:8432:E0M0X0,81:845D:E0M0X0
81:8434:E0M0X0,81:8437:E0M0X0
81:8437:E0M0X0,81:843A:E0M0X0
81:843A:E0M0X0,81:843C:E0M0X0
81:843A:E0M0X0,81:845D:E0M0X0
81:843C:E0M0X0,81:843F:E0M0X0
81:843F:E0M0X0,81:8442:E0M0X0
81:8442:E0M0X0,81:8444:E0M0X0
81:8442:E0M0X0,81:845D:E0M0X0
81:8444:E0M0X0,81:8446:E0M0X0
81:8446:E0M0X0,81:8447:E0M0X0
81:8447:E0M0X0,81:844A:E0M0X0
81:844A:E0M0X0,81:8290:E0M0X0
81:844D:E0M0X0,81:844F:E0M0X0
81:844F:E0M0X0,81:8451:E0M0X0
81:8451:E0M0X0,81:8452:E0M0X0
81:8452:E0M0X0,81:8455:E0M0X0
81:8455:E0M0X0,81:8290:E0M0X0
81:8458:E0M0X0,81:8459:E0M0X0
81:8459:E0M0X0,81:845B:E0M0X0
81:845B:E0M0X0,81:845D:E0M0X0
81:845D:E0M0X0,81:8460:E0M0X0
81:8460:E0M0X0,81:8462:E0M0X0
81:8460:E0M0X0,81:848B:E0M0X0
81:8462:E0M0X0,81:8465:E0M0X0
81:8465:E0M0X0,81:8468:E0M0X0
81:8468:E0M0X0,81:846A:E0M0X0
81:8468:E0M0X0,81:848B:E0M0X0
81:846A:E0M0X0,81:846D:E0M0X0
81:846D:E0M0X0,81:8470:E0M0X0
81:8470:E0M0X0,81:8472:E0M0X0
81:8470:E0M0X0,81:848B:E0M0X0
81:8472:E0M0X0,81:8474:E0M0X0
81:8474:E0M0X0,81:8475:E0M0X0
81:8475:E0M0X0,81:8478:E0M0X0
81:8478:E0M0X0,81:8290:E0M0X0
81:847B:E0M0X0,81:847D:E0M0X0
81:847D:E0M0X0,81:847F:E0M0X0
81:847F:E0M0X0,81:8480:E0M0X0
81:8480:E0M0X0,81:8483:E0M0X0
81:8483:E0M0X0,81:8290:E0M0X0
81:8486:E0M0X0,81:8487:E0M0X0
81:8487:E0M0X0,81:8489:E0M0X0
81:8489:E0M0X0,81:848B:E0M0X0
81:848B:E0M0X0,81:848E:E0M0X0
81:848E:E0M0X0,81:8490:E0M0X0
81:848E:E0M0X0,81:84B9:E0M0X0
81:8490:E0M0X0,81:8493:E0M0X0
81:8493:E0M0X0,81:8496:E0M0X0
81:8496:E0M0X0,81:8498:E0M0X0
81:8496:E0M0X0,81:84B9:E0M0X0
81:8498:E0M0X0,81:849B:E0M0X0
81:849B:E0M0X0,81:849E:E0M0X0
81:849E:E0M0X0,81:84A0:E0M0X0
81:849E:E0M0X0,81:84B9:E0M0X0
81:84A0:E0M0X0,81:84A2:E0M0X0
81:84A2:E0M0X0,81:84A3:E0M0X0
81:84A3:E0M0X0,81:84A6:E0M0X0
81:84A6:E0M0X0,81:8290:E0M0X0
81:84A9:E0M0X0,81:84AB:E0M0X0
81:84AB:E0M0X0,81:84AD:E0M0X0
81:84AD:E0M0X0,81:84AE:E0M0X0
81:84AE:E0M0X0,81:84B1:E0M0X0
81:84B1:E0M0X0,81:8290:E0M0X0
81:84B4:E0M0X0,81:84B5:E0M0X0
81:84B5:E0M0X0,81:84B7:E0M0X0
81:84B7:E0M0X0,81:84B9:E0M0X0
81:84B9:E0M0X0,81:84BC:E0M0X0
81:84BC:E0M0X0,81:84BE:E0M0X0
81:84BC:E0M0X0,81:84E7:E0M0X0
81:84BE:E0M0X0,81:84C1:E0M0X0
81:84C1:E0M0X0,81:84C4:E0M0X0
81:84C4:E0M0X0,81:84C6:E0M0X0
81:84C4:E0M0X0,81:84E7:E0M0X0
81:84C6:E0M0X0,81:84C9:E0M0X0
81:84C9:E0M0X0,81:84CC:E0M0X0
81:84CC:E0M0X0,81:84CE:E0M0X0
81:84CC:E0M0X0,81:84E7:E0M0X0
81:84CE:E0M0X0,81:84D0:E0M0X0
81:84D0:E0M0X0,81:84D1:E0M0X0
81:84D1:E0M0X0,81:84D4:E0M0X0
81:84D4:E0M0X0,81:8290:E0M0X0
81:84D7:E0M0X0,81:84D9:E0M0X0
81:84D9:E0M0X0,81:84DB:E0M0X0
81:84DB:E0M0X0,81:84DC:E0M0X0
81:84DC:E0M0X0,81:84DF:E0M0X0
81:84DF:E0M0X0,81:8290:E0M0X0
81:84E2:E0M0X0,81:84E3:E0M0X0
81:84E3:E0M0X0,81:84E5:E0M0X0
81:84E5:E0M0X0,81:84E7:E0M0X0
81:84E7:E0M0X0,81:84EA:E0M0X0
81:84EA:E0M0X0,81:84EC:E0M0X0
81:84EC:E0M0X0,81:84EE:E0M0X0
81:84EE:E0M0X0,81:84F0:E0M0X0
81:84EE:E0M0X0,81:84F5:E0M0X0
81:84F0:E0M0X0,81:84F3:E0M0X0
81:84F3:E0M0X0,81:84F5:E0M0X0
81:84F5:E0M0X0,81:84F7:E0M0X0
81:84F7:E0M0X0,81:84F9:E0M0X0
81:84F7:E0M0X0,81:84FE:E0M0X0
81:84F9:E0M0X0,81:84FC:E0M0X0
81:84FC:E0M0X0,81:84FE:E0M0X0
81:84FE:E0M0X0,81:8500:E0M0X0
81:8500:E0M0X0,81:8502:E0M0X0
81:8500:E0M0X0,81:8507:E0M0X0
81:8502:E0M0X0,81:8505:E0M0X0
81:8505:E0M0X0,81:8507:E0M0X0
81:8507:E0M0X0,81:850A:E0M0X0
81:850A:E0M0X0,81:850C:E0M0X0
81:850A:E0M0X0,81:8515:E0M0X0
81:850C:E0M0X0,81:850D:E0M0X0
81:850D:E0M0X0,81:8510:E0M0X0
81:8510:E0M0X0,81:8513:E0M0X0
81:8513:E0M0X0,81:8514:E0M0X0
81:8514:E0M0X0,81:831D:E0M0X0
81:8514:E0M0X0,81:8384:E0M0X0
81:8515:E0M0X0,81:8518:E0M0X0
81:8518:E0M0X0,81:8519:E0M0X0
81:8519:E0M0X0,81:831D:E0M0X0
81:8519:E0M0X0,81:8384:E0M0X0
81:851A:E0M0X0,81:851D:E0M0X0
81:851D:E0M0X0,81:851F:E0M0X0
81:851D:E0M0X0,81:8521:E0M0X0
81:851F:E0M0X0,81:8520:E0M0X0
81:8520:E0M0X0,81:83B5:E0M0X0
81:8520:E0M0X0,81:83DF:E0M0X0
81:8521:E0M0X0,81:8522:E0M0X0
81:8522:E0M0X0,81:8525:E0M0X0
81:8525:E0M0X0,81:83B5:E0M0X0
81:8525:E0M0X0,81:83DF:E0M0X0
81:8526:E0M0X0,81:8529:E0M0X0
81:8529:E0M0X0,81:852C:E0M0X0
81:852C:E0M0X0,81:852F:E0M0X0
81:852F:E0M0X0,81:8532:E0M0X0
81:8532:E0M0X0,81:809B:E0M0X0
81:8533:E0M0X0,81:8536:E0M0X0
81:8536:E0M0X0,81:8538:E0M0X0
81:8536:E0M0X0,81:856B:E0M0X0
81:8538:E0M0X0,81:856E:E0M0X0
81:853B:E0M0X0,81:8227:E0M0X0
81:853E:E0M0X0,81:8116:E0M0X0
81:8541:E0M0X0,81:8544:E0M0X0
81:8544:E0M0X0,81:85C2:E0M0X0
81:8547:E0M0X0,81:854A:E0M0X0
81:854A:E0M0X0,81:813A:E0M0X0
81:854D:E0M0X0,81:854F:E0M0X0
81:854D:E0M0X0,81:8558:E0M0X0
81:854F:E0M0X0,81:8552:E0M0X0
81:8552:E0M0X0,81:8555:E0M0X0
81:8555:E0M0X0,81:809B:E0M0X0
81:8556:E0M0X0,81:8533:E0M0X0
81:8558:E0M0X0,81:855B:E0M0X0
81:855B:E0M0X0,81:855E:E0M0X0
81:855E:E0M0X0,81:809C:E0M0X0
81:8561:E0M0X0,81:8564:E0M0X0
81:8564:E0M0X0,80:F926:E0M0X0
81:8568:E0M0X0,81:87DB:E0M0X0
81:856B:E0M0X0,81:8849:E0M0X0
81:856E:E0M0X0,81:8571:E0M0X0
81:8571:E0M0X0,81:8574:E0M0X0
81:8574:E0M0X0,81:8576:E0M0X0
81:8574:E0M0X0,81:85BE:E0M0X0
81:8576:E0M0X0,80:D1BF:E0M0X0
81:857A:E0M0X0,81:857C:E0M0X0
81:857A:E0M0X0,81:85BE:E0M0X0
81:857C:E0M0X0,81:857F:E0M0X0
81:857F:E0M0X0,81:8582:E0M0X0
81:8582:E0M0X0,81:8585:E0M0X0
81:8585:E0M0X0,81:8588:E0M0X0
81:8588:E0M0X0,81:858B:E0M0X0
81:858B:E0M0X0,81:858E:E0M0X0
81:858E:E0M0X0,81:8591:E0M0X0
81:8591:E0M0X0,81:8594:E0M0X0
81:8594:E0M0X0,81:8597:E0M0X0
81:8597:E0M0X0,81:859A:E0M0X0
81:859A:E0M0X0,81:859D:E0M0X0
81:859D:E0M0X0,81:85A0:E0M0X0
81:85A0:E0M0X0,81:85A1:E0M0X0
81:85A1:E0M0X0,81:85A2:E0M0X0
81:85A2:E0M0X0,81:85A3:E0M0X0
81:85A3:E0M0X0,81:85A6:E0M0X0
81:85A6:E0M0X0,81:85A9:E0M0X0
81:85A9:E0M0X0,81:85AC:E0M0X0
81:85AC:E0M0X0,81:85AF:E0M0X0
81:85AF:E0M0X0,81:85B2:E0M0X0
81:85B2:E0M0X0,81:85B5:E0M0X0
81:85B5:E0M0X0,81:85B8:E0M0X0
81:85B8:E0M0X0,81:85BB:E0M0X0
81:85BB:E0M0X0,81:85BE:E0M0X0
81:85BE:E0M0X0,81:85C1:E0M0X0
81:85C1:E0M0X0,81:853B:E0M0X0
81:85C2:E0M0X0,81:85C3:E0M0X0
81:85C3:E0M0X0,81:85C5:E0M0X0
81:85C5:E0M0X0,81:85C8:E0M0X0
81:85C8:E0M0X0,81:85C9:E0M0X0
81:85C9:E0M0X0,81:85CC:E0M0X0
81:85CC:E0M0X0,81:85CE:E0M0X0
81:85CC:E0M0X0,81:85D2:E0M0X0
81:85CE:E0M0X0,81:85D0:E0M0X0
81:85D0:E0M0X0,81:85D2:E0M0X0
81:85D0:E0M0X0,81:85DA:E0M0X0
81:85D2:E0M0X0,81:85D5:E0M0X0
81:85D5:E0M0X0,81:85D6:E0M0X0
81:85D6:E0M0X0,81:85D9:E0M0X0
81:85D9:E0M0X0,81:82B8:E0M0X0
81:85D9:E0M0X0,81:82FD:E0M0X0
81:85D9:E0M0X0,81:8347:E0M0X0
81:85D9:E0M0X0,81:8547:E0M0X0
81:85D9:E0M0X0,81:8603:E0M0X0
81:85DA:E0M0X0,81:85DD:E0M0X0
81:85DD:E0M0X0,81:85DE:E0M0X0
81:85DE:E0M0X0,81:85E0:E0M0X0
81:85E0:E0M0X0,81:85E1:E0M0X0
81:85E1:E0M0X0,81:85E4:E0M0X0
81:85E4:E0M0X0,81:82B8:E0M0X0
81:85E4:E0M0X0,81:82FD:E0M0X0
81:85E4:E0M0X0,81:8347:E0M0X0
81:85E4:E0M0X0,81:8547:E0M0X0
81:85E4:E0M0X0,81:8603:E0M0X0
81:85E5:E0M0X0,81:85E8:E0M0X0
81:85E8:E0M0X0,81:85EB:E0M0X0
81:85EB:E0M0X0,81:85EE:E0M0X0
81:85EE:E0M0X0,81:85F1:E0M0X0
81:85F1:E0M0X0,81:809B:E0M0X0
81:85F2:E0M0X0,81:85F5:E0M0X0
81:85F5:E0M0X0,81:85F7:E0M0X0
81:85F5:E0M0X0,81:862A:E0M0X0
81:85F7:E0M0X0,81:8227:E0M0X0
81:85FA:E0M0X0,81:8116:E0M0X0
81:85FD:E0M0X0,81:8600:E0M0X0
81:8600:E0M0X0,81:85C2:E0M0X0
81:8603:E0M0X0,81:862D:E0M0X0
81:8606:E0M0X0,81:8609:E0M0X0
81:8609:E0M0X0,81:813A:E0M0X0
81:860C:E0M0X0,81:860E:E0M0X0
81:860C:E0M0X0,81:8617:E0M0X0
81:860E:E0M0X0,81:8611:E0M0X0
81:8611:E0M0X0,81:8614:E0M0X0
81:8614:E0M0X0,81:809B:E0M0X0
81:8615:E0M0X0,81:85F2:E0M0X0
81:8617:E0M0X0,81:861A:E0M0X0
81:861A:E0M0X0,81:861D:E0M0X0
81:861D:E0M0X0,81:809C:E0M0X0
81:8620:E0M0X0,81:8623:E0M0X0
81:8623:E0M0X0,80:F926:E0M0X0
81:8627:E0M0X0,81:87DB:E0M0X0
81:862A:E0M0X0,81:8849:E0M0X0
81:862D:E0M0X0,81:8630:E0M0X0
81:8630:E0M0X0,81:8633:E0M0X0
81:8633:E0M0X0,81:8635:E0M0X0
81:8633:E0M0X0,81:863C:E0M0X0
81:8635:E0M0X0,81:8638:E0M0X0
81:8638:E0M0X0,81:863B:E0M0X0
81:863B:E0M0X0,81:8606:E0M0X0
81:863C:E0M0X0,81:863F:E0M0X0
81:863F:E0M0X0,81:8641:E0M0X0
81:863F:E0M0X0,81:86B9:E0M0X0
81:8641:E0M0X0,81:8644:E0M0X0
81:8644:E0M0X0,81:8646:E0M0X0
81:8646:E0M0X0,81:8648:E0M0X0
81:8648:E0M0X0,80:D1BF:E0M0X0
81:864C:E0M0X0,81:864E:E0M0X0
81:864C:E0M0X0,81:86B9:E0M0X0
81:864E:E0M0X0,81:8651:E0M0X0
81:8651:E0M0X0,81:8654:E0M0X0
81:8654:E0M0X0,81:8657:E0M0X0
81:8657:E0M0X0,81:865A:E0M0X0
81:865A:E0M0X0,81:865D:E0M0X0
81:865D:E0M0X0,81:8660:E0M0X0
81:8660:E0M0X0,81:8663:E0M0X0
81:8663:E0M0X0,81:8666:E0M0X0
81:8666:E0M0X0,81:8669:E0M0X0
81:8669:E0M0X0,81:866C:E0M0X0
81:866C:E0M0X0,81:866F:E0M0X0
81:866F:E0M0X0,81:8672:E0M0X0
81:8672:E0M0X0,81:8675:E0M0X0
81:8675:E0M0X0,81:8678:E0M0X0
81:8678:E0M0X0,81:8679:E0M0X0
81:8679:E0M0X0,81:867C:E0M0X0
81:867C:E0M0X0,81:867F:E0M0X0
81:867F:E0M0X0,81:8682:E0M0X0
81:8682:E0M0X0,81:8684:E0M0X0
81:8684:E0M0X0,81:8687:E0M0X0
81:8687:E0M0X0,81:868A:E0M0X0
81:868A:E0M0X0,81:868D:E0M0X0
81:868D:E0M0X0,81:8690:E0M0X0
81:8690:E0M0X0,81:8693:E0M0X0
81:8693:E0M0X0,81:8694:E0M0X0
81:8694:E0M0X0,81:8695:E0M0X0
81:8695:E0M0X0,81:8697:E0M0X0
81:8697:E0M0X0,81:8698:E0M0X0
81:8698:E0M0X0,81:8699:E0M0X0
81:8699:E0M0X0,81:869A:E0M0X0
81:869A:E0M0X0,81:869D:E0M0X0
81:869D:E0M0X0,81:86A0:E0M0X0
81:86A0:E0M0X0,81:86A3:E0M0X0
81:86A3:E0M0X0,81:86A6:E0M0X0
81:86A6:E0M0X0,81:86A9:E0M0X0
81:86A9:E0M0X0,81:86AC:E0M0X0
81:86AC:E0M0X0,81:86AF:E0M0X0
81:86AF:E0M0X0,81:86B2:E0M0X0
81:86B2:E0M0X0,81:86B5:E0M0X0
81:86B5:E0M0X0,81:86B7:E0M0X0
81:86B7:E0M0X0,81:8648:E0M0X0
81:86B7:E0M0X0,81:86B9:E0M0X0
81:86B9:E0M0X0,81:86BC:E0M0X0
81:86BC:E0M0X0,81:8606:E0M0X0
81:86D5:E0M0X0,81:86D8:E0M0X0
81:86D8:E0M0X0,81:86DB:E0M0X0
81:86DB:E0M0X0,81:86DE:E0M0X0
81:86DE:E0M0X0,81:86DF:E0M0X0
81:86DF:E0M0X0,81:86E0:E0M0X0
81:86E0:E0M0X0,81:86E1:E0M0X0
81:86E1:E0M0X0,81:86E4:E0M0X0
81:86E4:E0M0X0,81:86E7:E0M0X0
81:86E7:E0M0X0,81:86EA:E0M0X0
81:86EA:E0M0X0,81:86ED:E0M0X0
81:86ED:E0M0X0,81:86F0:E0M0X0
81:86F0:E0M0X0,81:86F3:E0M0X0
81:86F3:E0M0X0,81:809B:E0M0X0
81:86F4:E0M0X0,81:86F7:E0M0X0
81:86F7:E0M0X0,81:86ED:E0M0X0
81:86F7:E0M0X0,81:86F9:E0M0X0
81:86F9:E0M0X0,81:86FC:E0M0X0
81:86FC:E0M0X0,81:86FF:E0M0X0
81:86FF:E0M0X0,81:809B:E0M0X0
81:871D:E0M0X0,81:8720:E0M0X0
81:8720:E0M0X0,81:8723:E0M0X0
81:8723:E0M0X0,81:809B:E0M0X0
81:8724:E0M0X0,81:8727:E0M0X0
81:8727:E0M0X0,81:872A:E0M0X0
81:872A:E0M0X0,81:809B:E0M0X0
81:872B:E0M0X0,81:872E:E0M0X0
81:872E:E0M0X0,81:8731:E0M0X0
81:8731:E0M0X0,81:8734:E0M0X0
81:8734:E0M0X0,81:8737:E0M0X0
81:8737:E0M0X0,81:809B:E0M0X0
81:8738:E0M0X0,81:873B:E0M0X0
81:873B:E0M0X0,81:873E:E0M0X0
81:873E:E0M0X0,81:809B:E0M0X0
81:873F:E0M0X0,81:8742:E0M0X0
81:8742:E0M0X0,81:8745:E0M0X0
81:8745:E0M0X0,81:809B:E0M0X0
81:8746:E0M0X0,81:8749:E0M0X0
81:8749:E0M0X0,81:874C:E0M0X0
81:874C:E0M0X0,81:874F:E0M0X0
81:874F:E0M0X0,81:8752:E0M0X0
81:8752:E0M0X0,81:809B:E0M0X0
81:8753:E0M0X0,81:8756:E0M0X0
81:8756:E0M0X0,81:8759:E0M0X0
81:8759:E0M0X0,81:809B:E0M0X0
81:875A:E0M0X0,81:875D:E0M0X0
81:875D:E0M0X0,81:8760:E0M0X0
81:8760:E0M0X0,81:809B:E0M0X0
81:8761:E0M0X0,81:8764:E0M0X0
81:8764:E0M0X0,81:8767:E0M0X0
81:8767:E0M0X0,81:809B:E0M0X0
81:8768:E0M0X0,81:876B:E0M0X0
81:876B:E0M0X0,81:876E:E0M0X0
81:876E:E0M0X0,81:8771:E0M0X0
81:8771:E0M0X0,81:8774:E0M0X0
81:8774:E0M0X0,81:809B:E0M0X0
81:8775:E0M0X0,81:8227:E0M0X0
81:8778:E0M0X0,81:877B:E0M0X0
81:877B:E0M0X0,81:877E:E0M0X0
81:877E:E0M0X0,81:809B:E0M0X0
81:877F:E0M0X0,81:8227:E0M0X0
81:8782:E0M0X0,81:8785:E0M0X0
81:8785:E0M0X0,81:8788:E0M0X0
81:8788:E0M0X0,81:809B:E0M0X0
81:8789:E0M0X0,81:8227:E0M0X0
81:878C:E0M0X0,81:878F:E0M0X0
81:878F:E0M0X0,81:8792:E0M0X0
81:8792:E0M0X0,81:8795:E0M0X0
81:8795:E0M0X0,81:8798:E0M0X0
81:8798:E0M0X0,81:809B:E0M0X0
81:8799:E0M0X0,81:8227:E0M0X0
81:879C:E0M0X0,81:879F:E0M0X0
81:879F:E0M0X0,81:87A2:E0M0X0
81:87A2:E0M0X0,81:809B:E0M0X0
81:87A3:E0M0X0,81:8227:E0M0X0
81:87A6:E0M0X0,81:87A9:E0M0X0
81:87A9:E0M0X0,81:87AC:E0M0X0
81:87AC:E0M0X0,81:809B:E0M0X0
81:87AD:E0M0X0,81:8227:E0M0X0
81:87B0:E0M0X0,81:87B3:E0M0X0
81:87B3:E0M0X0,81:87B6:E0M0X0
81:87B6:E0M0X0,81:87B9:E0M0X0
81:87B9:E0M0X0,81:87BC:E0M0X0
81:87BC:E0M0X0,81:809B:E0M0X0
81:87BD:E0M0X0,81:8227:E0M0X0
81:87C0:E0M0X0,81:87C3:E0M0X0
81:87C3:E0M0X0,81:87C6:E0M0X0
81:87C6:E0M0X0,81:809B:E0M0X0
81:87C7:E0M0X0,81:8227:E0M0X0
81:87CA:E0M0X0,81:87CD:E0M0X0
81:87CD:E0M0X0,81:87D0:E0M0X0
81:87D0:E0M0X0,81:809B:E0M0X0
81:87D1:E0M0X0,81:8227:E0M0X0
81:87D4:E0M0X0,81:87D7:E0M0X0
81:87D7:E0M0X0,81:87DA:E0M0X0
81:87DA:E0M0X0,81:809B:E0M0X0
81:87DB:E0M0X0,81:87DE:E0M0X0
81:87DE:E0M0X0,81:87E1:E0M0X0
81:87E1:E0M0X0,81:87E2:E0M0X0
81:87E2:E0M0X0,81:87E5:E0M0X0
81:87E5:E0M0X0,81:87E8:E0M0X0
81:87E8:E0M0X0,81:87EB:E0M0X0
81:87EB:E0M0X0,81:87EC:E0M0X0
81:87EC:E0M0X0,81:87EF:E0M0X0
81:87EF:E0M0X0,81:87F2:E0M0X0
81:87F2:E0M0X0,81:87F5:E0M0X0
81:87F5:E0M0X0,81:87F8:E0M0X0
81:87F8:E0M0X0,81:87FB:E0M0X0
81:87FB:E0M0X0,81:87FE:E0M0X0
81:87FE:E0M0X0,81:8801:E0M0X0
81:8801:E0M0X0,81:8804:E0M0X0
81:8804:E0M0X0,81:8807:E0M0X0
81:8807:E0M0X0,81:880A:E0M0X0
81:880A:E0M0X0,81:880D:E0M0X0
81:880D:E0M0X0,81:809B:E0M0X0
81:880E:E0M0X0,81:8811:E0M0X0
81:8811:E0M0X0,81:8814:E0M0X0
81:8814:E0M0X0,81:8817:E0M0X0
81:8817:E0M0X0,81:881A:E0M0X0
81:881A:E0M0X0,81:809B:E0M0X0
81:881B:E0M0X0,81:881E:E0M0X0
81:881E:E0M0X0,81:8821:E0M0X0
81:8821:E0M0X0,81:8824:E0M0X0
81:8824:E0M0X0,81:8827:E0M0X0
81:8827:E0M0X0,81:809B:E0M0X0
81:8828:E0M0X0,81:882B:E0M0X0
81:882B:E0M0X0,81:882E:E0M0X0
81:882E:E0M0X0,81:8831:E0M0X0
81:8831:E0M0X0,81:8834:E0M0X0
81:8834:E0M0X0,81:809B:E0M0X0
81:8835:E0M0X0,81:8838:E0M0X0
81:8838:E0M0X0,81:883B:E0M0X0
81:883B:E0M0X0,81:883E:E0M0X0
81:883E:E0M0X0,81:8841:E0M0X0
81:8841:E0M0X0,81:809B:E0M0X0
81:8842:E0M0X0,81:8845:E0M0X0
81:8845:E0M0X0,81:8848:E0M0X0
81:8848:E0M0X0,81:809B:E0M0X0
81:8849:E0M0X0,81:884C:E0M0X0
81:884C:E0M0X0,81:884F:E0M0X0
81:884F:E0M0X0,81:8850:E0M0X0
81:8850:E0M0X0,81:8853:E0M0X0
81:8853:E0M0X0,81:8856:E0M0X0
81:8856:E0M0X0,81:8859:E0M0X0
81:8859:E0M0X0,81:885A:E0M0X0
81:885A:E0M0X0,81:885D:E0M0X0
81:885D:E0M0X0,81:8860:E0M0X0
81:8860:E0M0X0,81:8863:E0M0X0
81:8863:E0M0X0,81:8866:E0M0X0
81:8866:E0M0X0,81:8869:E0M0X0
81:8869:E0M0X0,81:886C:E0M0X0
81:886C:E0M0X0,81:886F:E0M0X0
81:886F:E0M0X0,81:8872:E0M0X0
81:8872:E0M0X0,81:8875:E0M0X0
81:8875:E0M0X0,81:8878:E0M0X0
81:8878:E0M0X0,81:887B:E0M0X0
81:887B:E0M0X0,81:809B:E0M0X0
81:887C:E0M0X0,81:887F:E0M0X0
81:887F:E0M0X0,81:8882:E0M0X0
81:8882:E0M0X0,81:8885:E0M0X0
81:8885:E0M0X0,81:8888:E0M0X0
81:8888:E0M0X0,81:809B:E0M0X0
81:8889:E0M0X0,81:888C:E0M0X0
81:888C:E0M0X0,81:888F:E0M0X0
81:888F:E0M0X0,81:8892:E0M0X0
81:8892:E0M0X0,81:8895:E0M0X0
81:8895:E0M0X0,81:809B:E0M0X0
81:8896:E0M0X0,81:8899:E0M0X0
81:8899:E0M0X0,81:889C:E0M0X0
81:889C:E0M0X0,81:809B:E0M0X0
81:88DC:E0M0X0,81:8173:E0M0X0
81:88DF:E0M0X0,81:88E1:E0M0X0
81:88DF:E0M0X0,81:88EA:E0M0X0
81:88E1:E0M0X0,81:88E4:E0M0X0
81:88E4:E0M0X0,81:88E7:E0M0X0
81:88E7:E0M0X0,81:809B:E0M0X0
81:88E8:E0M0X0,81:88DC:E0M0X0
81:88EA:E0M0X0,81:88ED:E0M0X0
81:88ED:E0M0X0,81:88EF:E0M1X0
81:88EF:E0M1X0,81:88F2:E0M1X0
81:88F2:E0M1X0,81:88F4:E0M1X0
81:88F4:E0M1X0,81:88F5:E0M1X0
81:88F5:E0M1X0,81:88F8:E0M1X0
81:88F8:E0M1X0,81:88FB:E0M1X0
81:88FB:E0M1X0,81:88FD:E0M1X0
81:88FD:E0M1X0,81:88FE:E0M1X0
81:88FE:E0M1X0,81:8901:E0M1X0
81:8901:E0M1X0,81:8903:E0M0X0
81:8903:E0M0X0,81:88E1:E0M0X0
81:8905:E0M0X0,81:8908:E0M0X0
81:8908:E0M0X0,81:890B:E0M0X0
81:890B:E0M0X0,81:890E:E0M0X0
81:890E:E0M0X0,81:8911:E0M0X0
81:8911:E0M0X0,81:809B:E0M0X0
81:8912:E0M0X0,81:8227:E0M0X0
81:8915:E0M0X0,81:8116:E0M0X0
81:8918:E0M0X0,81:891B:E0M0X0
81:891B:E0M0X0,81:891D:E0M0X0
81:891B:E0M0X0,81:893A:E0M0X0
81:891D:E0M0X0,81:8920:E0M0X0
81:8920:E0M0X0,81:8923:E0M0X0
81:8923:E0M0X0,81:8924:E0M0X0
81:8924:E0M0X0,81:8925:E0M0X0
81:8925:E0M0X0,81:8928:E0M0X0
81:8928:E0M0X0,81:892B:E0M0X0
81:892B:E0M0X0,81:892E:E0M0X0
81:892E:E0M0X0,81:892F:E0M0X0
81:892F:E0M0X0,81:8932:E0M0X0
81:8932:E0M0X0,81:8935:E0M0X0
81:8935:E0M0X0,81:8938:E0M0X0
81:8938:E0M0X0,81:890B:E0M0X0
81:893A:E0M0X0,81:893D:E0M0X0
81:893D:E0M0X0,81:893F:E0M0X0
81:893D:E0M0X0,81:894F:E0M0X0
81:893F:E0M0X0,81:8942:E0M0X0
81:8942:E0M0X0,81:8945:E0M0X0
81:8945:E0M0X0,81:8948:E0M0X0
81:8948:E0M0X0,81:8949:E0M0X0
81:8949:E0M0X0,81:894A:E0M0X0
81:894A:E0M0X0,81:894D:E0M0X0
81:894D:E0M0X0,81:890B:E0M0X0
81:894F:E0M0X0,81:8952:E0M0X0
81:8952:E0M0X0,81:8955:E0M0X0
81:8955:E0M0X0,81:809B:E0M0X0
81:895E:E0M1X1,81:895F:E0M1X1
81:895F:E0M1X1,81:8960:E0M1X1
81:8960:E0M1X1,81:8961:E0M1X1
81:8961:E0M1X1,81:8964:E0M1X1
81:8964:E0M1X1,81:8966:E0M0X0
81:8966:E0M0X0,80:D1BF:E0M0X0
81:896A:E0M0X0,81:896C:E0M0X0
81:896A:E0M0X0,81:89DB:E0M0X0
81:896C:E0M0X0,81:896F:E0M0X0
81:896F:E0M0X0,81:8970:E0M0X0
81:8970:E0M0X0,81:8971:E0M0X0
81:8971:E0M0X0,81:8974:E0M0X0
81:8974:E0M0X0,81:8976:E0M1X1
81:8976:E0M1X1,81:8978:E0M1X1
81:8978:E0M1X1,81:897B:E0M1X1
81:897B:E0M1X1,80:C7DF:E0M1X1
81:897F:E0M1X1,81:8982:E0M1X1
81:8982:E0M1X1,81:8983:E0M1X1
81:8983:E0M1X1,81:8984:E0M1X1
81:8984:E0M1X1,81:8987:E0M1X1
81:8987:E0M1X1,81:8988:E0M1X1
81:8988:E0M1X1,81:898A:E0M0X0
81:898A:E0M0X0,81:898D:E0M0X0
81:898D:E0M0X0,81:8990:E0M0X0
81:8990:E0M0X0,81:8991:E0M0X0
81:8991:E0M0X0,81:8992:E0M0X0
81:8992:E0M0X0,81:8995:E0M0X0
81:8995:E0M0X0,81:8998:E0M0X0
81:8998:E0M0X0,81:899B:E0M0X0
81:899B:E0M0X0,81:899C:E0M0X0
81:899C:E0M0X0,81:899E:E0M0X0
81:899E:E0M0X0,81:89A1:E0M0X0
81:89A1:E0M0X0,81:89A4:E0M0X0
81:89A4:E0M0X0,81:89A7:E0M0X0
81:89A7:E0M0X0,81:89A8:E0M0X0
81:89A8:E0M0X0,81:89AA:E0M0X0
81:89AA:E0M0X0,81:89AD:E0M0X0
81:89AD:E0M0X0,81:89B0:E0M0X0
81:89B0:E0M0X0,81:89B3:E0M0X0
81:89B3:E0M0X0,81:89B6:E0M0X0
81:89B6:E0M0X0,81:89B9:E0M0X0
81:89B9:E0M0X0,81:89BC:E0M0X0
81:89BC:E0M0X0,81:89BD:E0M0X0
81:89BD:E0M0X0,81:89C0:E0M0X0
81:89C0:E0M0X0,81:89C3:E0M0X0
81:89C3:E0M0X0,81:89C6:E0M0X0
81:89C6:E0M0X0,81:89C9:E0M0X0
81:89C9:E0M0X0,81:89CC:E0M0X0
81:89CC:E0M0X0,81:89CF:E0M0X0
81:89CF:E0M0X0,81:89D2:E0M0X0
81:89D2:E0M0X0,81:89D5:E0M0X0
81:89D5:E0M0X0,81:89D8:E0M0X0
81:89D8:E0M0X0,81:89DB:E0M0X0
81:89DB:E0M0X0,81:89DD:E0M1X1
81:89DD:E0M1X1,81:89DE:E0M1X1
81:89DE:E0M1X1,80:DF7E:E0M1X1
81:89DF:E0M1X1,81:89E1:E0M1X1
81:89E1:E0M1X1,81:89E3:E0M1X1
81:89E3:E0M1X1,81:89E6:E0M1X1
81:89E6:E0M1X1,81:89E9:E0M1X1
81:89E9:E0M1X1,81:89EB:E0M1X1
81:89E9:E0M1X1,81:89F1:E0M1X1
81:89EB:E0M1X1,81:89ED:E0M1X1
81:89EB:E0M1X1,81:89FB:E0M1X1
81:89ED:E0M1X1,81:89EF:E0M1X1
81:89EF:E0M1X1,81:89FB:E0M1X1
81:89F1:E0M1X1,81:89F4:E0M1X1
81:89F4:E0M1X1,81:89F7:E0M1X1
81:89F7:E0M1X1,81:89F9:E0M1X1
81:89F7:E0M1X1,81:89FB:E0M1X1
81:89F9:E0M1X1,81:89FB:E0M1X1
81:89FB:E0M1X1,81:89FC:E0M1X1
81:89FC:E0M1X1,81:89E3:E0M1X1
81:89FC:E0M1X1,81:89FE:E0M1X1
81:89FE:E0M1X1,81:8A00:E0M1X1
81:8A00:E0M1X1,81:8A17:E0M1X1
81:8A01:E0M1X1,81:8A02:E0M1X1
81:8A02:E0M1X1,81:8A03:E0M1X1
81:8A03:E0M1X1,81:8A04:E0M1X1
81:8A04:E0M1X1,81:8A06:E0M1X1
81:8A06:E0M1X1,81:8A09:E0M1X1
81:8A09:E0M1X1,81:8A0A:E0M1X1
81:8A0A:E0M1X1,81:8A06:E0M1X1
81:8A0A:E0M1X1,81:8A0C:E0M1X1
81:8A0C:E0M1X1,81:8A0E:E0M1X1
81:8A0E:E0M1X1,81:8A11:E0M1X1
81:8A11:E0M1X1,81:8A14:E0M1X1
81:8A14:E0M1X1,81:89DF:E0M1X1
81:8A17:E0M1X1,81:8A1A:E0M1X1
81:8A1A:E0M1X1,81:8A1B:E0M1X1
81:8A1B:E0M1X1,81:8A1E:E0M1X1
81:8A1E:E0M1X1,81:8A1F:E0M1X1
81:8A1F:E0M1X1,81:8A22:E0M1X1
81:8A22:E0M1X1,81:8A23:E0M1X1
81:8A23:E0M1X1,81:8A0E:E0M1X1
81:8A23:E0M1X1,81:8A25:E0M1X1
81:8A25:E0M1X1,81:8A26:E0M1X1
81:8A26:E0M1X1,80:BACC:E0M1X1
81:8A27:E0M0X0,81:8A2A:E0M0X0
81:8A2A:E0M0X0,81:8A2C:E0M0X0
81:8A2A:E0M0X0,81:8A52:E0M0X0
81:8A2C:E0M0X0,81:8A2F:E0M0X0
81:8A2F:E0M0X0,81:8A32:E0M0X0
81:8A32:E0M0X0,81:8A35:E0M0X0
81:8A35:E0M0X0,81:8A38:E0M0X0
81:8A38:E0M0X0,81:8A3A:E0M0X0
81:8A3A:E0M0X0,81:8A3D:E0M0X0
81:8A3D:E0M0X0,81:8A3F:E0M0X0
81:8A3F:E0M0X0,81:8A42:E0M0X0
81:8A42:E0M0X0,81:8A44:E0M1X0
81:8A44:E0M1X0,81:8A46:E0M1X0
81:8A46:E0M1X0,81:8A49:E0M1X0
81:8A49:E0M1X0,81:8A4B:E0M1X0
81:8A4B:E0M1X0,81:8A4E:E0M1X0
81:8A4E:E0M1X0,81:8A50:E0M0X0
81:8A50:E0M0X0,81:8A76:E0M0X0
81:8A52:E0M0X0,81:8A55:E0M0X0
81:8A55:E0M0X0,81:8A58:E0M0X0
81:8A58:E0M0X0,81:8A5B:E0M0X0
81:8A5B:E0M0X0,81:8A5E:E0M0X0
81:8A5E:E0M0X0,81:8A60:E0M0X0
81:8A60:E0M0X0,81:8A63:E0M0X0
81:8A63:E0M0X0,81:8A65:E0M0X0
81:8A65:E0M0X0,81:8A68:E0M0X0
81:8A68:E0M0X0,81:8A6A:E0M1X0
81:8A6A:E0M1X0,81:8A6C:E0M1X0
81:8A6C:E0M1X0,81:8A6F:E0M1X0
81:8A6F:E0M1X0,81:8A71:E0M1X0
81:8A71:E0M1X0,81:8A74:E0M1X0
81:8A74:E0M1X0,81:8A76:E0M0X0
81:8A76:E0M0X0,81:8A79:E0M0X0
81:8A79:E0M0X0,81:8AB4:E0M0X0
81:8A79:E0M0X0,81:8AC0:E0M0X0
81:8A7A:E0M1X1,81:8A7B:E0M1X1
81:8A7B:E0M1X1,81:8A7C:E0M1X1
81:8A7C:E0M1X1,81:8A7D:E0M1X1
81:8A7D:E0M1X1,81:8A7F:E0M0X0
81:8A7F:E0M0X0,81:8A82:E0M0X0
81:8A82:E0M0X0,81:8A83:E0M0X0
81:8A83:E0M0X0,80:D1BF:E0M0X0
81:8A87:E0M0X0,81:8A88:E0M0X0
81:8A88:E0M0X0,81:8A89:E0M0X0
81:8A89:E0M0X0,81:8A8C:E0M0X0
81:8A8C:E0M0X0,81:8A8F:E0M0X0
81:8A8F:E0M0X0,81:8A92:E0M0X0
81:8A92:E0M0X0,81:8A95:E0M0X0
81:8A95:E0M0X0,81:8A98:E0M0X0
81:8A98:E0M0X0,81:8A9B:E0M0X0
81:8A9B:E0M0X0,81:8A9E:E0M0X0
81:8A9E:E0M0X0,81:8AA1:E0M0X0
81:8AA1:E0M0X0,81:8AA4:E0M0X0
81:8AA4:E0M0X0,81:8AA7:E0M0X0
81:8AA7:E0M0X0,81:8AAA:E0M0X0
81:8AAA:E0M0X0,81:8AAD:E0M0X0
81:8AAD:E0M0X0,81:8AAE:E0M0X0
81:8AAE:E0M0X0,81:8AB1:E0M0X0
81:8AB1:E0M0X0,81:8A27:E0M0X0
81:8AB4:E0M0X0,81:8AB6:E0M1X1
81:8AB6:E0M1X1,81:8AB7:E0M1X1
81:8AB7:E0M1X1,80:BA35:E0M1X1
81:8AB7:E0M1X1,80:BA3B:E0M1X1
81:8ABA:E0M0X0,81:8ABD:E0M0X0
81:8ABD:E0M0X0,81:8A27:E0M0X0
81:8AC0:E0M0X0,81:8AC3:E0M0X0
81:8AC3:E0M0X0,81:8AC6:E0M0X0
81:8AC6:E0M0X0,81:8AC9:E0M0X0
81:8AC9:E0M0X0,81:8ACB:E0M0X0
81:8AC9:E0M0X0,81:8B29:E0M0X0
81:8ACB:E0M0X0,81:8B30:E0M0X0
81:8ACE:E0M0X0,81:8AD0:E0M0X0
81:8ACE:E0M0X0,81:8B1A:E0M0X0
81:8AD0:E0M0X0,81:8AD3:E0M0X0
81:8AD3:E0M0X0,81:8AD6:E0M0X0
81:8AD6:E0M0X0,81:8AD8:E0M0X0
81:8AD6:E0M0X0,81:8AEF:E0M0X0
81:8AD8:E0M0X0,81:8ADB:E0M0X0
81:8ADB:E0M0X0,81:8ADD:E0M0X0
81:8ADB:E0M0X0,81:8AF5:E0M0X0
81:8ADD:E0M0X0,81:8AE0:E0M0X0
81:8AE0:E0M0X0,81:8AE3:E0M0X0
81:8AE3:E0M0X0,81:8AE5:E0M0X0
81:8AE5:E0M0X0,81:8AE8:E0M0X0
81:8AE8:E0M0X0,81:8AEB:E0M0X0
81:8AEB:E0M0X0,81:8AED:E0M0X0
81:8AED:E0M0X0,81:8AEF:E0M0X0
81:8AED:E0M0X0,81:8B1A:E0M0X0
81:8AEF:E0M0X0,81:8AF2:E0M0X0
81:8AF2:E0M0X0,81:8AF5:E0M0X0
81:8AF5:E0M0X0,81:8AF8:E0M0X0
81:8AF8:E0M0X0,81:8AFB:E0M0X0
81:8AFB:E0M0X0,81:8AFC:E0M0X0
81:8AFC:E0M0X0,81:8AFF:E0M0X0
81:8AFF:E0M0X0,81:8B02:E0M0X0
81:8B02:E0M0X0,81:8B03:E0M0X0
81:8B03:E0M0X0,81:8B05:E0M0X0
81:8B03:E0M0X0,81:8B1A:E0M0X0
81:8B05:E0M0X0,81:8B08:E0M0X0
81:8B08:E0M0X0,81:8B0B:E0M0X0
81:8B0B:E0M0X0,81:8B0E:E0M0X0
81:8B0E:E0M0X0,81:8B11:E0M0X0
81:8B11:E0M0X0,81:8B14:E0M0X0
81:8B14:E0M0X0,81:8B17:E0M0X0
81:8B17:E0M0X0,81:809B:E0M0X0
81:8B18:E0M0X0,81:8ABA:E0M0X0
81:8B1A:E0M0X0,81:8B1D:E0M0X0
81:8B1D:E0M0X0,81:8B20:E0M0X0
81:8B20:E0M0X0,81:8B23:E0M0X0
81:8B23:E0M0X0,81:8B26:E0M0X0
81:8B26:E0M0X0,81:809B:E0M0X0
81:8B27:E0M0X0,81:8ABA:E0M0X0
81:8B29:E0M0X0,81:8B2C:E0M0X0
81:8B2C:E0M0X0,81:8B2F:E0M0X0
81:8B2F:E0M0X0,81:809B:E0M0X0
81:8B30:E0M0X0,81:8B33:E0M0X0
81:8B33:E0M0X0,81:8B36:E0M0X0
81:8B36:E0M0X0,81:8B38:E0M0X0
81:8B36:E0M0X0,81:8B42:E0M0X0
81:8B38:E0M0X0,81:8B3B:E0M0X0
81:8B3B:E0M0X0,81:8B3E:E0M0X0
81:8B3E:E0M0X0,81:8B40:E0M0X0
81:8B3E:E0M0X0,81:8B42:E0M0X0
81:8B40:E0M0X0,81:8B41:E0M0X0
81:8B41:E0M0X0,81:8ACE:E0M0X0
81:8B42:E0M0X0,81:8B43:E0M0X0
81:8B43:E0M0X0,81:8ACE:E0M0X0
81:8B48:E0M1X1,81:8B49:E0M1X1
81:8B49:E0M1X1,81:8B4A:E0M1X1
81:8B4A:E0M1X1,81:8B4B:E0M1X1
81:8B4B:E0M1X1,81:8B4D:E0M1X1
81:8B4D:E0M1X1,81:8B50:E0M1X1
81:8B50:E0M1X1,81:8B53:E0M1X1
81:8B53:E0M1X1,81:8B55:E0M1X1
81:8B53:E0M1X1,81:8B67:E0M1X1
81:8B55:E0M1X1,81:8B58:E0M1X1
81:8B58:E0M1X1,81:8B5A:E0M1X1
81:8B58:E0M1X1,81:8B67:E0M1X1
81:8B5A:E0M1X1,81:8B5D:E0M1X1
81:8B5D:E0M1X1,81:8B5F:E0M1X1
81:8B5D:E0M1X1,81:8B67:E0M1X1
81:8B5F:E0M1X1,81:8B62:E0M1X1
81:8B62:E0M1X1,81:8B64:E0M1X1
81:8B62:E0M1X1,81:8B67:E0M1X1
81:8B64:E0M1X1,81:8B6F:E0M1X1
81:8B67:E0M1X1,81:8B6A:E0M1X1
81:8B6A:E0M1X1,81:8B6B:E0M1X1
81:8B6B:E0M1X1,81:8B4D:E0M1X1
81:8B6B:E0M1X1,81:8B6D:E0M1X1
81:8B6D:E0M1X1,81:8B6E:E0M1X1
81:8B6E:E0M1X1,80:BA5D:E0M1X1
81:8B6F:E0M1X1,81:8B72:E0M1X1
81:8B72:E0M1X1,81:8B74:E0M1X1
81:8B72:E0M1X1,81:8B8F:E0M1X1
81:8B74:E0M1X1,81:8B75:E0M1X1
81:8B75:E0M1X1,81:8B78:E0M1X1
81:8B78:E0M1X1,81:8B7A:E0M0X0
81:8B7A:E0M0X0,81:8B7D:E0M0X0
81:8B7D:E0M0X0,81:8B80:E0M0X0
81:8B80:E0M0X0,81:8BAA:E0M0X0
81:8B83:E0M0X0,81:8B86:E0M0X0
81:8B86:E0M0X0,81:8B89:E0M0X0
81:8B89:E0M0X0,81:8BAA:E0M0X0
81:8B8C:E0M0X0,81:8B8E:E0M1X1
81:8B8E:E0M1X1,81:8B67:E0M1X1
81:8B8F:E0M1X1,81:8B90:E0M1X1
81:8B90:E0M1X1,81:8B93:E0M1X1
81:8B93:E0M1X1,81:8B95:E0M0X0
81:8B95:E0M0X0,81:8B98:E0M0X0
81:8B98:E0M0X0,81:8B9B:E0M0X0
81:8B9B:E0M0X0,81:8BAA:E0M0X0
81:8B9E:E0M0X0,81:8BA1:E0M0X0
81:8BA1:E0M0X0,81:8BA4:E0M0X0
81:8BA4:E0M0X0,81:8BAA:E0M0X0
81:8BA7:E0M0X0,81:8BA9:E0M1X1
81:8BA9:E0M1X1,81:8B67:E0M1X1
81:8BAA:E0M0X0,81:8BAC:E0M0X0
81:8BAC:E0M0X0,80:D1BF:E0M0X0
81:8BB0:E0M0X0,81:8BB2:E0M0X0
81:8BB0:E0M0X0,81:8BB5:E0M0X0
81:8BB2:E0M0X0,81:8C5A:E0M0X0
81:8BB5:E0M0X0,81:8BB8:E0M0X0
81:8BB8:E0M0X0,81:8BB9:E0M0X0
81:8BB9:E0M0X0,81:8BBA:E0M0X0
81:8BBA:E0M0X0,81:8BBD:E0M0X0
81:8BBD:E0M0X0,81:8BBF:E0M1X1
81:8BBF:E0M1X1,81:8BC0:E0M1X1
81:8BC0:E0M1X1,81:8BC3:E0M1X1
81:8BC3:E0M1X1,80:C7DF:E0M1X1
81:8BC7:E0M1X1,81:8BCA:E0M1X1
81:8BCA:E0M1X1,81:8BCB:E0M1X1
81:8BCB:E0M1X1,81:8BCC:E0M1X1
81:8BCC:E0M1X1,81:8BCF:E0M1X1
81:8BCF:E0M1X1,81:8BD0:E0M1X1
81:8BD0:E0M1X1,81:8BD2:E0M0X0
81:8BD2:E0M0X0,81:8BD5:E0M0X0
81:8BD5:E0M0X0,81:8BD8:E0M0X0
81:8BD8:E0M0X0,81:8BD9:E0M0X0
81:8BD9:E0M0X0,81:8BDA:E0M0X0
81:8BDA:E0M0X0,81:8BDD:E0M0X0
81:8BDD:E0M0X0,81:8BE0:E0M0X0
81:8BE0:E0M0X0,81:8BE3:E0M0X0
81:8BE3:E0M0X0,81:8BE4:E0M0X0
81:8BE4:E0M0X0,81:8BE6:E0M0X0
81:8BE6:E0M0X0,81:8BE9:E0M0X0
81:8BE9:E0M0X0,81:8BEC:E0M0X0
81:8BEC:E0M0X0,81:8BEF:E0M0X0
81:8BEF:E0M0X0,81:8BF0:E0M0X0
81:8BF0:E0M0X0,81:8BF2:E0M0X0
81:8BF2:E0M0X0,81:8BF3:E0M0X0
81:8BF3:E0M0X0,81:8BF6:E0M0X0
81:8BF6:E0M0X0,81:8BF9:E0M0X0
81:8BF9:E0M0X0,81:8BFC:E0M0X0
81:8BFC:E0M0X0,81:8BFF:E0M0X0
81:8BFF:E0M0X0,81:8C02:E0M0X0
81:8C02:E0M0X0,81:8C05:E0M0X0
81:8C05:E0M0X0,81:8C08:E0M0X0
81:8C08:E0M0X0,81:8C09:E0M0X0
81:8C09:E0M0X0,81:8C0C:E0M0X0
81:8C0C:E0M0X0,81:8C0F:E0M0X0
81:8C0F:E0M0X0,81:8C12:E0M0X0
81:8C12:E0M0X0,81:8C13:E0M0X0
81:8C13:E0M0X0,81:8C16:E0M0X0
81:8C16:E0M0X0,81:8C19:E0M0X0
81:8C19:E0M0X0,81:8C1C:E0M0X0
81:8C1C:E0M0X0,81:8C1D:E0M0X0
81:8C1D:E0M0X0,81:8C20:E0M0X0
81:8C20:E0M0X0,81:8C21:E0M0X0
81:8C21:E0M0X0,81:8C24:E0M0X0
81:8C24:E0M0X0,81:8C25:E0M0X0
81:8C25:E0M0X0,81:8C27:E0M0X0
81:8C27:E0M0X0,81:8C2A:E0M0X0
81:8C2A:E0M0X0,81:8C2B:E0M0X0
81:8C2B:E0M0X0,81:8C2D:E0M0X0
81:8C2D:E0M0X0,81:8C30:E0M0X0
81:8C30:E0M0X0,81:8C33:E0M0X0
81:8C33:E0M0X0,81:8C36:E0M0X0
81:8C36:E0M0X0,81:8C39:E0M0X0
81:8C39:E0M0X0,81:8C3A:E0M0X0
81:8C3A:E0M0X0,81:8C3D:E0M0X0
81:8C3D:E0M0X0,81:8C3E:E0M0X0
81:8C3E:E0M0X0,81:8C41:E0M0X0
81:8C41:E0M0X0,81:8C42:E0M0X0
81:8C42:E0M0X0,81:8C45:E0M0X0
81:8C45:E0M0X0,81:8C46:E0M0X0
81:8C46:E0M0X0,81:8C49:E0M0X0
81:8C49:E0M0X0,81:8C4C:E0M0X0
81:8C4C:E0M0X0,81:8C4E:E0M0X0
81:8C4E:E0M0X0,81:8C51:E0M0X0
81:8C51:E0M0X0,81:8C54:E0M0X0
81:8C54:E0M0X0,81:8C57:E0M0X0
81:8C57:E0M0X0,81:8C5A:E0M0X0
81:8C5A:E0M0X0,81:8B83:E0M0X0
81:8C5A:E0M0X0,81:8B8C:E0M0X0
81:8C5A:E0M0X0,81:8B9E:E0M0X0
81:8C5A:E0M0X0,81:8BA7:E0M0X0
81:8C5B:E0M0X0,81:8227:E0M0X0
81:8C5E:E0M0X0,81:8C61:E0M0X0
81:8C61:E0M0X0,81:8C64:E0M0X0
81:8C64:E0M0X0,81:809B:E0M0X0
81:8C65:E0M0X0,81:8C68:E0M0X0
81:8C68:E0M0X0,81:8C6B:E0M0X0
81:8C6B:E0M0X0,81:809B:E0M0X0
81:8C6C:E0M1X1,81:8C6D:E0M1X1
81:8C6D:E0M1X1,81:9C46:E0M1X1
81:8C70:E0M1X1,81:8C72:E0M1X1
81:8C72:E0M1X1,81:8C75:E0M1X1
81:8C75:E0M1X1,81:8C77:E0M1X1
81:8C77:E0M1X1,81:8C7A:E0M1X1
81:8C7A:E0M1X1,81:8C7C:E0M1X1
81:8C7C:E0M1X1,81:9DB1:E0M1X1
81:8C7F:E0M1X1,81:8C81:E0M1X1
81:8C81:E0M1X1,81:8C84:E0M1X1
81:8C84:E0M1X1,81:8C86:E0M1X1
81:8C86:E0M1X1,81:8C89:E0M1X1
81:8C89:E0M1X1,81:8C8B:E0M1X1
81:8C8B:E0M1X1,81:8C8E:E0M1X1
81:8C8E:E0M1X1,81:8C90:E0M1X1
81:8C90:E0M1X1,81:8C93:E0M1X1
81:8C93:E0M1X1,81:8C95:E0M0X0
81:8C95:E0M0X0,81:8C98:E0M0X0
81:8C98:E0M0X0,80:839B:E0M0X0
81:8C9C:E0M0X0,81:8C9F:E0M0X0
81:8C9F:E0M0X0,81:8CA2:E0M0X0
81:8CA2:E0M0X0,80:82F7:E0M0X0
81:8CA6:E0M0X0,81:8CA9:E0M0X0
81:8CA9:E0M0X0,81:8CAD:E0M0X0
81:8CAD:E0M0X0,81:8CB0:E0M0X0
81:8CB0:E0M0X0,81:8CB3:E0M0X0
81:8CB3:E0M0X0,80:835B:E0M0X0
81:8CB7:E0M0X0,81:8CBA:E0M0X0
81:8CBA:E0M0X0,81:9E50:E0M0X0
81:8CBD:E0M0X0,81:8CC0:E0M0X0
81:8CC0:E0M0X0,81:9E12:E0M0X0
81:8CC3:E0M0X0,81:8CC6:E0M0X0
81:8CC6:E0M0X0,81:8CC9:E0M0X0
81:8CC9:E0M0X0,80:835B:E0M0X0
81:8CCD:E0M0X0,81:8CCF:E0M1X1
81:8CCF:E0M1X1,81:8CD0:E0M1X1
81:8CD0:E0M1X1,81:8CD3:E0M1X1
81:8CD3:E0M1X1,81:8CD6:E0M1X1
81:8CD6:E0M1X1,81:8CD8:E0M1X1
81:8CD6:E0M1X1,81:8CE2:E0M1X1
81:8CD8:E0M1X1,81:8CDB:E0M1X1
81:8CDB:E0M1X1,81:8CDD:E0M1X1
81:8CDD:E0M1X1,81:8CDF:E0M1X1
81:8CDD:E0M1X1,81:8CE2:E0M1X1
81:8CDF:E0M1X1,81:8CE2:E0M1X1
81:8CE2:E0M1X1,81:9129:E0M1X1
81:8CE5:E0M1X1,81:8CE8:E0M1X1
81:8CE8:E0M1X1,81:8CEB:E0M1X1
81:8CEB:E0M1X1,81:8CEE:E0M1X1
81:8CEE:E0M1X1,81:8CF1:E0M1X1
81:8CF1:E0M1X1,81:8CF4:E0M1X1
81:8CF4:E0M1X1,81:8CF7:E0M1X1
81:8CF7:E0M1X1,81:8CFA:E0M1X1
81:8CFA:E0M1X1,81:8CFD:E0M1X1
81:8CFD:E0M1X1,81:8D00:E0M1X1
81:8D00:E0M1X1,81:8D03:E0M1X1
81:8D03:E0M1X1,81:8D06:E0M1X1
81:8D06:E0M1X1,81:8D09:E0M1X1
81:8D09:E0M1X1,81:8D0C:E0M1X1
81:8D0C:E0M1X1,81:8D0D:E0M1X1
81:8D0D:E0M1X1,81:8D10:E0M1X1
81:8D10:E0M1X1,81:8D12:E0M1X1
81:8D10:E0M1X1,81:8D14:E0M1X1
81:8D12:E0M1X1,81:8D14:E0M1X1
81:8D14:E0M1X1,81:8D17:E0M1X1
81:8D17:E0M1X1,81:8D1A:E0M1X1
81:8D1A:E0M1X1,81:8D1D:E0M1X1
81:8D1D:E0M1X1,81:8D20:E0M1X1
81:8D20:E0M1X1,81:8D23:E0M1X1
81:8D23:E0M1X1,81:8D25:E0M1X1
81:8D25:E0M1X1,81:8D28:E0M1X1
81:8D28:E0M1X1,81:9017:E0M1X1
81:8D2B:E0M1X1,81:8D2D:E0M0X0
81:8D2D:E0M0X0,81:8D30:E0M0X0
81:8D30:E0M0X0,81:8D33:E0M0X0
81:8D33:E0M0X0,81:8D34:E0M0X0
81:8D34:E0M0X0,81:8D35:E0M0X0
81:8D35:E0M0X0,81:8D38:E0M0X0
81:8D38:E0M0X0,81:8D39:E0M0X0
81:8D39:E0M0X0,81:8D3A:E0M0X0
81:8D3A:E0M0X0,81:8D3B:E0M0X0
81:8D3B:E0M0X0,81:8D3E:E0M0X0
81:8D3E:E0M0X0,81:8D41:E0M0X0
81:8D41:E0M0X0,81:8D42:E0M0X0
81:8D42:E0M0X0,81:8D43:E0M0X0
81:8D43:E0M0X0,81:8D46:E0M0X0
81:8D46:E0M0X0,81:8D47:E0M0X0
81:8D47:E0M0X0,81:8D48:E0M0X0
81:8D48:E0M0X0,81:8D49:E0M0X0
81:8D49:E0M0X0,81:8D4C:E0M0X0
81:8D4C:E0M0X0,81:8D4F:E0M0X0
81:8D4F:E0M0X0,81:8D50:E0M0X0
81:8D50:E0M0X0,81:8D51:E0M0X0
81:8D51:E0M0X0,81:8D54:E0M0X0
81:8D54:E0M0X0,81:8D55:E0M0X0
81:8D55:E0M0X0,81:8D56:E0M0X0
81:8D56:E0M0X0,81:8D57:E0M0X0
81:8D57:E0M0X0,81:8D5A:E0M0X0
81:8D5A:E0M0X0,81:8D5B:E0M0X0
81:8D5B:E0M0X0,81:8D5E:E0M0X0
81:8D5E:E0M0X0,81:90D2:E0M0X0
81:8D61:E0M0X0,81:8D64:E0M0X0
81:8D64:E0M0X0,81:8D65:E0M0X0
81:8D65:E0M0X0,81:8D68:E0M0X0
81:8D68:E0M0X0,81:90D2:E0M0X0
81:8D6B:E0M0X0,81:8D6E:E0M0X0
81:8D6E:E0M0X0,81:8D6F:E0M0X0
81:8D6F:E0M0X0,81:8D72:E0M0X0
81:8D72:E0M0X0,81:90D2:E0M0X0
81:8D75:E0M0X0,81:8D78:E0M0X0
81:8D78:E0M0X0,81:8D7B:E0M0X0
81:8D7B:E0M0X0,81:8D7E:E0M0X0
81:8D7E:E0M0X0,81:DE80:E0M0X0
81:8D81:E0M0X0,81:8D84:E0M0X0
81:8D84:E0M0X0,81:8D87:E0M0X0
81:8D87:E0M0X0,81:8D88:E0M0X0
81:8D88:E0M0X0,81:8D8B:E0M0X0
81:8D8B:E0M0X0,81:8D8E:E0M0X0
81:8D8E:E0M0X0,81:8D91:E0M0X0
81:8D91:E0M0X0,81:DDDF:E0M0X0
81:8D94:E0M0X0,81:DF8D:E0M0X0
81:8D97:E0M0X0,81:8D99:E0M1X1
81:8D99:E0M1X1,81:8D9C:E0M1X1
81:8D9C:E0M1X1,81:8D9F:E0M1X1
81:8D9F:E0M1X1,81:8DA1:E0M1X1
81:8DA1:E0M1X1,81:8DA4:E0M1X1
81:8DA4:E0M1X1,92:E3E7:E0M1X1
81:8DA8:E0M1X1,81:8DAA:E0M1X1
81:8DAA:E0M1X1,81:8DAD:E0M1X1
81:8DAD:E0M1X1,81:8DAF:E0M1X1
81:8DAF:E0M1X1,81:8DB2:E0M1X1
81:8DB2:E0M1X1,81:9100:E0M1X1
81:8DB5:E0M1X1,81:9C8C:E0M1X1
81:8DB8:E0M1X1,81:9CB6:E0M1X1
81:8DBB:E0M1X1,81:8DBD:E0M1X1
81:8DBD:E0M1X1,81:8DC0:E0M1X1
81:8DC0:E0M1X1,80:A3A0:E0M1X1
81:8DC4:E0M1X1,81:9F5C:E0M1X1
81:8DC7:E0M1X1,92:ED31:E0M1X1
81:8DCB:E0M1X1,81:8F3F:E0M1X1
81:8DCE:E0M1X1,81:9D31:E0M1X1
81:8DD1:E0M1X1,80:F982:E0M1X1
81:8DD5:E0M1X1,81:9100:E0M1X1
81:8DD8:E0M1X1,81:9F9D:E0M1X1
81:8DDB:E0M1X1,81:9017:E0M1X1
81:8DDE:E0M1X1,81:9C8C:E0M1X1
81:8DE1:E0M1X1,81:8DE4:E0M1X1
81:8DE4:E0M1X1,81:8DE1:E0M1X1
81:8DE4:E0M1X1,81:8DE6:E0M1X1
81:8DE6:E0M1X1,81:8DE9:E0M1X1
81:8DE9:E0M1X1,81:8DEB:E0M1X1
81:8DEB:E0M1X1,81:8DED:E0M1X1
81:8DEB:E0M1X1,81:8E07:E0M1X1
81:8DED:E0M1X1,81:8DF0:E0M1X1
81:8DF0:E0M1X1,81:8DC7:E0M1X1
81:8DF0:E0M1X1,81:8DF2:E0M1X1
81:8DF2:E0M1X1,81:8DF5:E0M1X1
81:8DF5:E0M1X1,81:8DF8:E0M1X1
81:8DF8:E0M1X1,81:8DFA:E0M1X1
81:8DF8:E0M1X1,81:8E3B:E0M1X1
81:8DFA:E0M1X1,81:8DFB:E0M1X1
81:8DFB:E0M1X1,81:8DFD:E0M1X1
81:8DFB:E0M1X1,81:8E02:E0M1X1
81:8DFD:E0M1X1,81:8E91:E0M1X1
81:8E00:E0M1X1,81:8DC7:E0M1X1
81:8E02:E0M1X1,81:8F84:E0M1X1
81:8E05:E0M1X1,81:8DC7:E0M1X1
81:8E07:E0M1X1,81:8E0A:E0M1X1
81:8E0A:E0M1X1,81:8E0D:E0M1X1
81:8E0D:E0M1X1,81:8E10:E0M1X1
81:8E10:E0M1X1,81:8E13:E0M1X1
81:8E13:E0M1X1,81:8E16:E0M1X1
81:8E16:E0M1X1,81:8E17:E0M1X1
81:8E17:E0M1X1,81:8E1A:E0M1X1
81:8E1A:E0M1X1,81:8E1D:E0M1X1
81:8E1D:E0M1X1,81:8E20:E0M1X1
81:8E20:E0M1X1,81:8E23:E0M1X1
81:8E23:E0M1X1,81:8E26:E0M1X1
81:8E26:E0M1X1,81:8E29:E0M1X1
81:8E29:E0M1X1,81:8E2C:E0M1X1
81:8E2C:E0M1X1,81:8E2F:E0M1X1
81:8E2F:E0M1X1,81:8E32:E0M1X1
81:8E32:E0M1X1,81:8EDF:E0M1X1
81:8E35:E0M1X1,81:8E36:E0M1X1
81:8E36:E0M1X1,81:B67D:E0M1X1
81:8E39:E0M1X1,81:8E67:E0M1X1
81:8E3B:E0M1X1,81:8E3E:E0M1X1
81:8E3E:E0M1X1,81:8E40:E0M1X1
81:8E3E:E0M1X1,81:8E63:E0M1X1
81:8E40:E0M1X1,80:FB48:E0M1X1
81:8E44:E0M1X1,81:8E46:E0M0X0
81:8E46:E0M0X0,81:8E49:E0M0X0
81:8E49:E0M0X0,81:8E4C:E0M0X0
81:8E4C:E0M0X0,81:8E4F:E0M0X0
81:8E4F:E0M0X0,81:DE80:E0M0X0
81:8E52:E0M0X0,81:8E55:E0M0X0
81:8E55:E0M0X0,81:8E58:E0M0X0
81:8E58:E0M0X0,81:8E5B:E0M0X0
81:8E5B:E0M0X0,81:DE80:E0M0X0
81:8E5E:E0M0X0,81:8E60:E0M1X1
81:8E60:E0M1X1,81:8DC7:E0M1X1
81:8E63:E0M1X1,80:FB3E:E0M1X1
81:8E67:E0M1X1,81:8E69:E0M1X1
81:8E69:E0M1X1,80:F926:E0M1X1
81:8E6D:E0M1X1,80:F982:E0M1X1
81:8E71:E0M1X1,80:A3EA:E0M1X1
81:8E75:E0M1X1,81:8E77:E0M1X1
81:8E77:E0M1X1,81:8E7A:E0M1X1
81:8E7A:E0M1X1,81:8E7C:E0M1X1
81:8E7C:E0M1X1,81:8E7F:E0M1X1
81:8E7F:E0M1X1,81:8E81:E0M1X1
81:8E81:E0M1X1,81:8E84:E0M1X1
81:8E84:E0M1X1,81:8E86:E0M1X1
81:8E86:E0M1X1,81:8E89:E0M1X1
81:8E89:E0M1X1,81:8E8B:E0M1X1
81:8E8B:E0M1X1,81:8E8E:E0M1X1
81:8E8E:E0M1X1,81:9D40:E0M1X1
81:8E91:E0M1X1,81:8E94:E0M1X1
81:8E94:E0M1X1,81:8E95:E0M1X1
81:8E95:E0M1X1,81:8E96:E0M1X1
81:8E96:E0M1X1,81:8E97:E0M1X1
81:8E97:E0M1X1,81:8E9A:E0M1X1
81:8E9A:E0M1X1,81:8E9C:E0M1X1
81:8E9C:E0M1X1,81:8E9F:E0M1X1
81:8E9F:E0M1X1,81:8EA1:E0M1X1
81:8EA1:E0M1X1,81:8EA3:E0M1X1
81:8EA1:E0M1X1,81:8EB5:E0M1X1
81:8EA3:E0M1X1,81:8EA6:E0M1X1
81:8EA6:E0M1X1,81:8EA8:E0M1X1
81:8EA8:E0M1X1,81:8EA9:E0M1X1
81:8EA9:E0M1X1,81:8EAC:E0M1X1
81:8EAC:E0M1X1,81:8EAE:E0M1X1
81:8EAE:E0M1X1,81:8EB0:E0M1X1
81:8EAE:E0M1X1,81:8EB5:E0M1X1
81:8EB0:E0M1X1,80:FB48:E0M1X1
81:8EB4:E0M1X1,81:8E00:E0M1X1
81:8EB5:E0M1X1,81:8EB7:E0M1X1
81:8EB7:E0M1X1,80:F926:E0M1X1
81:8EBB:E0M1X1,81:8EBD:E0M1X1
81:8EBD:E0M1X1,81:8EC0:E0M1X1
81:8EC0:E0M1X1,81:8EC3:E0M1X1
81:8EC3:E0M1X1,81:8EC6:E0M1X1
81:8EC6:E0M1X1,81:8EC8:E0M1X1
81:8EC8:E0M1X1,81:8ECA:E0M1X1
81:8ECA:E0M1X1,80:CD7F:E0M1X1
81:8ECE:E0M1X1,81:8ED0:E0M1X1
81:8ED0:E0M1X1,81:8ED2:E0M1X1
81:8ED2:E0M1X1,80:CD7F:E0M1X1
81:8ED6:E0M1X1,81:8ED8:E0M1X1
81:8ED8:E0M1X1,81:8EDA:E0M1X1
81:8EDA:E0M1X1,80:CD7F:E0M1X1
81:8EDE:E0M1X1,81:8E00:E0M1X1
81:8EDF:E0M1X1,81:8EE2:E0M1X1
81:8EE2:E0M1X1,81:8EE5:E0M1X1
81:8EE5:E0M1X1,81:8EE8:E0M1X1
81:8EE8:E0M1X1,81:8EEB:E0M1X1
81:8EEB:E0M1X1,81:8EEE:E0M1X1
81:8EEE:E0M1X1,81:8EF1:E0M1X1
81:8EF1:E0M1X1,81:8EF4:E0M1X1
81:8EF4:E0M1X1,81:8EF7:E0M1X1
81:8EF7:E0M1X1,81:8EFA:E0M1X1
81:8EFA:E0M1X1,81:8EFD:E0M1X1
81:8EFD:E0M1X1,81:8EFF:E0M1X1
81:8EFD:E0M1X1,81:8F3E:E0M1X1
81:8EFF:E0M1X1,81:8F00:E0M1X1
81:8F00:E0M1X1,81:8F03:E0M1X1
81:8F03:E0M1X1,81:8F06:E0M1X1
81:8F06:E0M1X1,81:8F09:E0M1X1
81:8F09:E0M1X1,81:8F0C:E0M1X1
81:8F0C:E0M1X1,81:8F0E:E0M1X1
81:8F0E:E0M1X1,81:8F11:E0M1X1
81:8F11:E0M1X1,81:8F14:E0M1X1
81:8F14:E0M1X1,81:8F17:E0M1X1
81:8F17:E0M1X1,81:8F1A:E0M1X1
81:8F1A:E0M1X1,81:8F1D:E0M1X1
81:8F1D:E0M1X1,81:8F20:E0M1X1
81:8F20:E0M1X1,81:8F23:E0M1X1
81:8F23:E0M1X1,81:8F26:E0M1X1
81:8F26:E0M1X1,81:8F29:E0M1X1
81:8F29:E0M1X1,81:8F2C:E0M1X1
81:8F2C:E0M1X1,81:8F2F:E0M1X1
81:8F2F:E0M1X1,81:8F32:E0M1X1
81:8F32:E0M1X1,81:8F35:E0M1X1
81:8F35:E0M1X1,81:8F38:E0M1X1
81:8F38:E0M1X1,81:8F3B:E0M1X1
81:8F3B:E0M1X1,81:8F3E:E0M1X1
81:8F3E:E0M1X1,81:8E35:E0M1X1
81:8F3F:E0M1X1,81:8F42:E0M1X1
81:8F42:E0M1X1,81:8F44:E0M1X1
81:8F42:E0M1X1,81:8F6B:E0M1X1
81:8F44:E0M1X1,81:8F47:E0M1X1
81:8F47:E0M1X1,81:8F49:E0M0X0
81:8F49:E0M0X0,81:8F4C:E0M0X0
81:8F4C:E0M0X0,81:8F4F:E0M0X0
81:8F4F:E0M0X0,81:8F52:E0M0X0
81:8F52:E0M0X0,81:DE80:E0M0X0
81:8F55:E0M0X0,81:8F58:E0M0X0
81:8F58:E0M0X0,81:8F5B:E0M0X0
81:8F5B:E0M0X0,81:8F5C:E0M0X0
81:8F5C:E0M0X0,81:8F5F:E0M0X0
81:8F5F:E0M0X0,81:8F62:E0M0X0
81:8F62:E0M0X0,81:8F65:E0M0X0
81:8F65:E0M0X0,81:DE80:E0M0X0
81:8F68:E0M0X0,81:8F6A:E0M1X1
81:8F6A:E0M1X1,81:8DCE:E0M1X1
81:8F6B:E0M1X1,81:8F6E:E0M1X1
81:8F6E:E0M1X1,81:8F70:E0M1X1
81:8F6E:E0M1X1,81:8F83:E0M1X1
81:8F70:E0M1X1,81:8F73:E0M1X1
81:8F73:E0M1X1,81:8F75:E0M0X0
81:8F75:E0M0X0,81:8F78:E0M0X0
81:8F78:E0M0X0,81:8F7B:E0M0X0
81:8F7B:E0M0X0,81:8F7E:E0M0X0
81:8F7E:E0M0X0,81:DE80:E0M0X0
81:8F81:E0M0X0,81:8F83:E0M1X1
81:8F83:E0M1X1,81:8DCE:E0M1X1
81:8F84:E0M1X1,81:8F87:E0M1X1
81:8F87:E0M1X1,81:8F89:E0M1X1
81:8F87:E0M1X1,81:8F8C:E0M1X1
81:8F89:E0M1X1,81:900D:E0M1X1
81:8F8C:E0M1X1,81:8F8F:E0M1X1
81:8F8F:E0M1X1,81:8F92:E0M1X1
81:8F92:E0M1X1,81:8F95:E0M1X1
81:8F95:E0M1X1,81:8F98:E0M1X1
81:8F98:E0M1X1,81:8F9A:E0M1X1
81:8F98:E0M1X1,81:8FC3:E0M1X1
81:8F9A:E0M1X1,81:8F9D:E0M1X1
81:8F9D:E0M1X1,81:8FA0:E0M1X1
81:8FA0:E0M1X1,81:8FA2:E0M1X1
81:8FA0:E0M1X1,81:8FC3:E0M1X1
81:8FA2:E0M1X1,80:FB48:E0M1X1
81:8FA6:E0M1X1,81:8FA8:E0M0X0
81:8FA8:E0M0X0,81:8FAB:E0M0X0
81:8FAB:E0M0X0,81:8FAE:E0M0X0
81:8FAE:E0M0X0,81:8FB1:E0M0X0
81:8FB1:E0M0X0,81:DE80:E0M0X0
81:8FB4:E0M0X0,81:8FB7:E0M0X0
81:8FB7:E0M0X0,81:8FBA:E0M0X0
81:8FBA:E0M0X0,81:8FBD:E0M0X0
81:8FBD:E0M0X0,81:DE80:E0M0X0
81:8FC0:E0M0X0,81:8FC2:E0M1X1
81:8FC2:E0M1X1,81:8E05:E0M1X1
81:8FC3:E0M1X1,81:8FC6:E0M1X1
81:8FC6:E0M1X1,81:8FC7:E0M1X1
81:8FC7:E0M1X1,81:8FC8:E0M1X1
81:8FC8:E0M1X1,81:8FCB:E0M1X1
81:8FCB:E0M1X1,81:8FCC:E0M1X1
81:8FCC:E0M1X1,81:8FCF:E0M1X1
81:8FCF:E0M1X1,81:8FD0:E0M1X1
81:8FD0:E0M1X1,81:8FD2:E0M0X0
81:8FD2:E0M0X0,81:8FD5:E0M0X0
81:8FD5:E0M0X0,81:8FD8:E0M0X0
81:8FD8:E0M0X0,81:B6BE:E0M0X0
81:8FDB:E0M0X0,81:8FDD:E0M1X1
81:8FDD:E0M1X1,81:8FDF:E0M1X1
81:8FDD:E0M1X1,81:9000:E0M1X1
81:8FDF:E0M1X1,80:FB48:E0M1X1
81:8FE3:E0M1X1,81:8FE5:E0M0X0
81:8FE5:E0M0X0,81:8FE8:E0M0X0
81:8FE8:E0M0X0,81:8FEB:E0M0X0
81:8FEB:E0M0X0,81:8FEE:E0M0X0
81:8FEE:E0M0X0,81:DE80:E0M0X0
81:8FF1:E0M0X0,81:8FF4:E0M0X0
81:8FF4:E0M0X0,81:8FF7:E0M0X0
81:8FF7:E0M0X0,81:8FFA:E0M0X0
81:8FFA:E0M0X0,81:DE80:E0M0X0
81:8FFD:E0M0X0,81:8FFF:E0M1X1
81:8FFF:E0M1X1,81:8E05:E0M1X1
81:9000:E0M1X1,81:9002:E0M0X0
81:9002:E0M0X0,81:9005:E0M0X0
81:9005:E0M0X0,81:9008:E0M0X0
81:9008:E0M0X0,81:B691:E0M0X0
81:900B:E0M0X0,81:900D:E0M1X1
81:900D:E0M1X1,81:9010:E0M1X1
81:9010:E0M1X1,81:9012:E0M1X1
81:9012:E0M1X1,80:F926:E0M1X1
81:9016:E0M1X1,81:8E05:E0M1X1
81:9017:E0M1X1,81:901A:E0M1X1
81:901A:E0M1X1,81:901C:E0M1X1
81:901A:E0M1X1,81:9038:E0M1X1
81:901C:E0M1X1,81:901F:E0M1X1
81:901F:E0M1X1,81:9021:E0M0X0
81:9021:E0M0X0,81:9039:E0M0X0
81:9024:E0M0X0,81:905C:E0M0X0
81:9027:E0M0X0,81:9082:E0M0X0
81:902A:E0M0X0,81:902D:E0M0X0
81:902D:E0M0X0,81:9030:E0M0X0
81:9030:E0M0X0,81:9033:E0M0X0
81:9033:E0M0X0,81:DE80:E0M0X0
81:9036:E0M0X0,81:9038:E0M1X1
81:9038:E0M1X1,81:8D2B:E0M1X1
81:9038:E0M1X1,81:8DDE:E0M1X1
81:9039:E0M0X0,81:903C:E0M0X0
81:903C:E0M0X0,81:903F:E0M0X0
81:903F:E0M0X0,81:9042:E0M0X0
81:9042:E0M0X0,81:9045:E0M0X0
81:9045:E0M0X0,81:9047:E0M0X0
81:9045:E0M0X0,81:9056:E0M0X0
81:9047:E0M0X0,81:904A:E0M0X0
81:904A:E0M0X0,81:DE80:E0M0X0
81:904D:E0M0X0,81:9050:E0M0X0
81:9050:E0M0X0,81:9053:E0M0X0
81:9053:E0M0X0,81:DC76:E0M0X0
81:9056:E0M0X0,81:9059:E0M0X0
81:9059:E0M0X0,81:DE80:E0M0X0
81:905C:E0M0X0,81:905F:E0M0X0
81:905F:E0M0X0,81:9062:E0M0X0
81:9062:E0M0X0,81:9065:E0M0X0
81:9065:E0M0X0,81:DE80:E0M0X0
81:9068:E0M0X0,81:906B:E0M0X0
81:906B:E0M0X0,81:906E:E0M0X0
81:906E:E0M0X0,81:906F:E0M0X0
81:906F:E0M0X0,81:9072:E0M0X0
81:9072:E0M0X0,81:9075:E0M0X0
81:9075:E0M0X0,81:9076:E0M0X0
81:9076:E0M0X0,81:9079:E0M0X0
81:9079:E0M0X0,81:907C:E0M0X0
81:907C:E0M0X0,81:907F:E0M0X0
81:907F:E0M0X0,81:DE80:E0M0X0
81:9082:E0M0X0,81:9085:E0M0X0
81:9085:E0M0X0,81:9088:E0M0X0
81:9088:E0M0X0,81:908B:E0M0X0
81:908B:E0M0X0,81:908E:E0M0X0
81:908E:E0M0X0,81:9090:E0M0X0
81:908E:E0M0X0,81:90CC:E0M0X0
81:9090:E0M0X0,81:9093:E0M0X0
81:9093:E0M0X0,81:DE80:E0M0X0
81:9096:E0M0X0,81:9098:E0M1X1
81:9098:E0M1X1,81:909B:E0M1X1
81:909B:E0M1X1,81:909C:E0M1X1
81:909C:E0M1X1,81:909D:E0M1X1
81:909D:E0M1X1,81:90A0:E0M1X1
81:90A0:E0M1X1,81:90A1:E0M1X1
81:90A1:E0M1X1,81:90A4:E0M1X1
81:90A4:E0M1X1,81:90A5:E0M1X1
81:90A5:E0M1X1,81:90A7:E0M0X0
81:90A7:E0M0X0,81:90AA:E0M0X0
81:90AA:E0M0X0,81:90AB:E0M0X0
81:90AB:E0M0X0,81:90AE:E0M0X0
81:90AE:E0M0X0,81:90AF:E0M0X0
81:90AF:E0M0X0,81:90B2:E0M0X0
81:90B2:E0M0X0,81:90B3:E0M0X0
81:90B3:E0M0X0,81:90B6:E0M0X0
81:90B6:E0M0X0,81:90B7:E0M0X0
81:90B7:E0M0X0,81:90BA:E0M0X0
81:90BA:E0M0X0,81:90BB:E0M0X0
81:90BB:E0M0X0,81:90BE:E0M0X0
81:90BE:E0M0X0,81:90BF:E0M0X0
81:90BF:E0M0X0,81:90C2:E0M0X0
81:90C2:E0M0X0,81:90C3:E0M0X0
81:90C3:E0M0X0,81:90C6:E0M0X0
81:90C6:E0M0X0,81:90C9:E0M0X0
81:90C9:E0M0X0,81:DCB3:E0M0X0
81:90CC:E0M0X0,81:90CF:E0M0X0
81:90CF:E0M0X0,81:DE80:E0M0X0
81:90D2:E0M0X0,81:90D3:E0M0X0
81:90D3:E0M0X0,81:90D4:E0M0X0
81:90D4:E0M0X0,81:90D5:E0M0X0
81:90D5:E0M0X0,81:90D6:E0M0X0
81:90D6:E0M0X0,81:B313:E0M0X0
81:90D9:E0M0X0,81:90DA:E0M0X0
81:90DA:E0M0X0,81:90DD:E0M0X0
81:90DD:E0M0X0,80:A21A:E0M0X0
81:90E1:E0M0X0,81:90E2:E0M0X0
81:90E2:E0M0X0,81:90E5:E0M0X0
81:90E5:E0M0X0,80:D49D:E0M0X0
81:90E9:E0M0X0,81:90EA:E0M0X0
81:90EA:E0M0X0,81:90EB:E0M0X0
81:90EB:E0M0X0,81:90EE:E0M0X0
81:90EE:E0M0X0,81:90EF:E0M0X0
81:90EF:E0M0X0,81:90F2:E0M0X0
81:90F2:E0M0X0,80:A27E:E0M0X0
81:90F6:E0M0X0,81:90F7:E0M0X0
81:90F7:E0M0X0,81:90F9:E0M1X1
81:90F9:E0M1X1,80:CD87:E0M1X1
81:90FD:E0M1X1,81:90FF:E0M0X0
81:90FF:E0M0X0,81:8D61:E0M0X0
81:90FF:E0M0X0,81:8D6B:E0M0X0
81:90FF:E0M0X0,81:8D75:E0M0X0
81:90FF:E0M0X0,81:B76D:E0M0X0
81:90FF:E0M0X0,81:B779:E0M0X0
81:90FF:E0M0X0,81:B785:E0M0X0
81:90FF:E0M0X0,81:B791:E0M0X0
81:90FF:E0M0X0,81:BAD1:E0M0X0
81:90FF:E0M0X0,81:BADD:E0M0X0
81:9100:E0M1X1,81:9103:E0M1X1
81:9103:E0M1X1,81:9105:E0M1X1
81:9103:E0M1X1,81:9128:E0M1X1
81:9105:E0M1X1,81:9108:E0M1X1
81:9108:E0M1X1,81:910B:E0M1X1
81:910B:E0M1X1,81:910C:E0M1X1
81:910C:E0M1X1,81:910D:E0M1X1
81:910D:E0M1X1,81:9110:E0M1X1
81:9110:E0M1X1,81:9113:E0M1X1
81:9113:E0M1X1,81:9115:E0M0X0
81:9115:E0M0X0,81:9118:E0M0X0
81:9118:E0M0X0,81:9119:E0M0X0
81:9119:E0M0X0,81:911C:E0M0X0
81:911C:E0M0X0,81:911F:E0M0X0
81:911F:E0M0X0,80:D49D:E0M0X0
81:9123:E0M0X0,81:9125:E0M1X1
81:9125:E0M1X1,81:9128:E0M1X1
81:9128:E0M1X1,81:8DB5:E0M1X1
81:9128:E0M1X1,81:8DD8:E0M1X1
81:9129:E0M1X1,81:912B:E0M1X1
81:912B:E0M1X1,81:912E:E0M1X1
81:912E:E0M1X1,81:9131:E0M1X1
81:9131:E0M1X1,81:9134:E0M1X1
81:9134:E0M1X1,81:9137:E0M1X1
81:9137:E0M1X1,81:8CE5:E0M1X1
81:9137:E0M1X1,81:91BB:E0M1X1
81:9138:E0M1X1,81:913A:E0M1X1
81:913A:E0M1X1,81:913D:E0M1X1
81:913D:E0M1X1,81:9146:E0M1X1
81:913D:E0M1X1,81:91BB:E0M1X1
81:913E:E0M1X1,81:9141:E0M1X1
81:9141:E0M1X1,81:9143:E0M1X1
81:9141:E0M1X1,81:9159:E0M1X1
81:9143:E0M1X1,81:9138:E0M1X1
81:9146:E0M1X1,81:9149:E0M1X1
81:9149:E0M1X1,81:914C:E0M1X1
81:914C:E0M1X1,81:914F:E0M1X1
81:914F:E0M1X1,81:9152:E0M1X1
81:9152:E0M1X1,81:9155:E0M1X1
81:9155:E0M1X1,81:9158:E0M1X1
81:9158:E0M1X1,81:91BB:E0M1X1
81:9159:E0M1X1,81:915B:E0M1X1
81:915B:E0M1X1,81:9FE6:E0M1X1
81:915E:E0M1X1,81:9160:E0M1X1
81:9160:E0M1X1,81:9FF8:E0M1X1
81:9163:E0M1X1,81:9166:E0M1X1
81:9166:E0M1X1,81:9168:E0M1X1
81:9166:E0M1X1,81:9179:E0M1X1
81:9168:E0M1X1,81:916B:E0M1X1
81:916B:E0M1X1,81:916D:E0M1X1
81:916D:E0M1X1,81:916F:E0M1X1
81:916D:E0M1X1,81:9176:E0M1X1
81:916F:E0M1X1,81:9170:E0M1X1
81:9170:E0M1X1,81:9173:E0M1X1
81:9173:E0M1X1,81:9176:E0M1X1
81:9176:E0M1X1,81:9179:E0M1X1
81:9179:E0M1X1,81:917C:E0M1X1
81:917C:E0M1X1,81:917E:E0M1X1
81:917C:E0M1X1,81:918D:E0M1X1
81:917E:E0M1X1,81:9181:E0M1X1
81:9181:E0M1X1,81:9183:E0M1X1
81:9181:E0M1X1,81:918A:E0M1X1
81:9183:E0M1X1,81:9184:E0M1X1
81:9184:E0M1X1,81:9187:E0M1X1
81:9187:E0M1X1,81:918A:E0M1X1
81:918A:E0M1X1,81:918D:E0M1X1
81:918D:E0M1X1,81:A001:E0M1X1
81:9190:E0M1X1,81:9192:E0M1X1
81:9190:E0M1X1,81:919B:E0M1X1
81:9192:E0M1X1,81:9193:E0M1X1
81:9193:E0M1X1,81:9195:E0M1X1
81:9193:E0M1X1,81:9198:E0M1X1
81:9195:E0M1X1,81:9138:E0M1X1
81:9198:E0M1X1,81:9129:E0M1X1
81:919B:E0M1X1,81:91BB:E0M1X1
81:919C:E0M1X1,81:9CF2:E0M1X1
81:919F:E0M1X1,81:91A1:E0M1X1
81:919F:E0M1X1,81:91AA:E0M1X1
81:91A1:E0M1X1,81:91A3:E0M1X1
81:91A1:E0M1X1,81:91A7:E0M1X1
81:91A3:E0M1X1,81:91A6:E0M1X1
81:91A6:E0M1X1,81:91B1:E0M1X1
81:91A7:E0M1X1,81:91AA:E0M1X1
81:91AA:E0M1X1,81:91B1:E0M1X1
81:91AB:E0M1X1,81:91AC:E0M1X1
81:91AC:E0M1X1,81:91AD:E0M1X1
81:91AD:E0M1X1,81:91AE:E0M1X1
81:91AE:E0M1X1,81:919C:E0M1X1
81:91B1:E0M1X1,81:9EDB:E0M1X1
81:91B4:E0M1X1,92:E536:E0M1X1
81:91B8:E0M1X1,81:913E:E0M1X1
81:91BB:E0M1X1,81:91D2:E0M1X1
81:91BE:E0M1X1,80:C066:E0M1X1
81:91C2:E0M1X1,81:9CB6:E0M1X1
81:91C5:E0M1X1,80:C2F4:E0M1X1
81:91C9:E0M1X1,81:91CB:E0M0X0
81:91CB:E0M0X0,81:DF01:E0M0X0
81:91CE:E0M0X0,81:91D0:E0M1X1
81:91D0:E0M1X1,81:91D1:E0M1X1
81:91D1:E0M1X1,80:81CF:E0M1X1
81:91D2:E0M1X1,81:91D5:E0M1X1
81:91D5:E0M1X1,81:91D7:E0M1X1
81:91D5:E0M1X1,81:923F:E0M1X1
81:91D7:E0M1X1,81:91DA:E0M1X1
81:91DA:E0M1X1,81:91DC:E0M1X1
81:91DC:E0M1X1,81:91DE:E0M1X1
81:91DC:E0M1X1,81:923F:E0M1X1
81:91DE:E0M1X1,81:91E1:E0M1X1
81:91E1:E0M1X1,81:91E3:E0M1X1
81:91E3:E0M1X1,81:91E5:E0M1X1
81:91E3:E0M1X1,81:91EA:E0M1X1
81:91E5:E0M1X1,81:91E8:E0M1X1
81:91E8:E0M1X1,81:91EA:E0M1X1
81:91E8:E0M1X1,81:923F:E0M1X1
81:91EA:E0M1X1,81:91ED:E0M1X1
81:91ED:E0M1X1,81:91F0:E0M1X1
81:91F0:E0M1X1,81:91F3:E0M1X1
81:91F3:E0M1X1,81:91F5:E0M0X0
81:91F5:E0M0X0,81:91F8:E0M0X0
81:91F8:E0M0X0,81:91F9:E0M0X0
81:91F9:E0M0X0,81:91FA:E0M0X0
81:91FA:E0M0X0,81:91FB:E0M0X0
81:91FB:E0M0X0,81:91FE:E0M0X0
81:91FE:E0M0X0,81:91FF:E0M0X0
81:91FF:E0M0X0,81:9202:E0M0X0
81:9202:E0M0X0,80:A27E:E0M0X0
81:9206:E0M0X0,81:9207:E0M0X0
81:9207:E0M0X0,81:9208:E0M0X0
81:9208:E0M0X0,81:9209:E0M0X0
81:9209:E0M0X0,81:920A:E0M0X0
81:920A:E0M0X0,81:920B:E0M0X0
81:920B:E0M0X0,81:920D:E0M1X1
81:920D:E0M1X1,81:9210:E0M1X1
81:9210:E0M1X1,81:9213:E0M1X1
81:9213:E0M1X1,81:9215:E0M1X1
81:9215:E0M1X1,81:9217:E0M1X1
81:9215:E0M1X1,81:921C:E0M1X1
81:9217:E0M1X1,81:921A:E0M1X1
81:921A:E0M1X1,81:921F:E0M1X1
81:921C:E0M1X1,81:921F:E0M1X1
81:921F:E0M1X1,81:9222:E0M1X1
81:9222:E0M1X1,81:9225:E0M1X1
81:9225:E0M1X1,81:9226:E0M1X1
81:9226:E0M1X1,81:9228:E0M1X1
81:9228:E0M1X1,81:922A:E0M1X1
81:9228:E0M1X1,81:922C:E0M1X1
81:922A:E0M1X1,81:922C:E0M1X1
81:922C:E0M1X1,81:922F:E0M1X1
81:922F:E0M1X1,81:9232:E0M1X1
81:9232:E0M1X1,81:9235:E0M1X1
81:9235:E0M1X1,81:9237:E0M1X1
81:9237:E0M1X1,81:9239:E0M1X1
81:9237:E0M1X1,81:923F:E0M1X1
81:9239:E0M1X1,81:923C:E0M1X1
81:923C:E0M1X1,81:923F:E0M1X1
81:923F:E0M1X1,81:91BE:E0M1X1
81:9342:E0M1X1,80:BE76:E0M1X1
81:93DF:E0M1X1,81:9C46:E0M1X1
81:93E2:E0M1X1,81:93E4:E0M1X1
81:93E4:E0M1X1,81:9DB1:E0M1X1
81:93E7:E0M1X1,81:93E9:E0M1X1
81:93E9:E0M1X1,81:93EC:E0M1X1
81:93EC:E0M1X1,81:93EE:E0M1X1
81:93EE:E0M1X1,81:93F1:E0M1X1
81:93F1:E0M1X1,81:93F3:E0M1X1
81:93F3:E0M1X1,81:93F6:E0M1X1
81:93F6:E0M1X1,81:93F8:E0M1X1
81:93F8:E0M1X1,81:93FB:E0M1X1
81:93FB:E0M1X1,81:93FD:E0M1X1
81:93FD:E0M1X1,81:9400:E0M1X1
81:9400:E0M1X1,81:9515:E0M1X1
81:9403:E0M1X1,81:9405:E0M0X0
81:9405:E0M0X0,81:9408:E0M0X0
81:9408:E0M0X0,81:940B:E0M0X0
81:940B:E0M0X0,81:940E:E0M0X0
81:940E:E0M0X0,81:9411:E0M0X0
81:9411:E0M0X0,81:9412:E0M0X0
81:9412:E0M0X0,81:9413:E0M0X0
81:9413:E0M0X0,81:9416:E0M0X0
81:9416:E0M0X0,81:9419:E0M0X0
81:9419:E0M0X0,81:941C:E0M0X0
81:941C:E0M0X0,81:9D72:E0M0X0
81:941F:E0M0X0,81:9420:E0M0X0
81:9420:E0M0X0,81:9421:E0M0X0
81:9421:E0M0X0,81:9424:E0M0X0
81:9424:E0M0X0,80:833C:E0M0X0
81:9428:E0M0X0,81:942B:E0M0X0
81:942B:E0M0X0,81:9E50:E0M0X0
81:942E:E0M0X0,81:9431:E0M0X0
81:9431:E0M0X0,81:9E12:E0M0X0
81:9434:E0M0X0,81:9437:E0M0X0
81:9437:E0M0X0,81:943A:E0M0X0
81:943A:E0M0X0,80:835B:E0M0X0
81:943E:E0M0X0,81:9441:E0M0X0
81:9441:E0M0X0,81:9444:E0M0X0
81:9444:E0M0X0,81:9446:E0M0X0
81:9444:E0M0X0,81:945B:E0M0X0
81:9446:E0M0X0,81:9449:E0M0X0
81:9449:E0M0X0,81:944C:E0M0X0
81:944C:E0M0X0,81:944F:E0M0X0
81:944F:E0M0X0,81:DE80:E0M0X0
81:9452:E0M0X0,81:9455:E0M0X0
81:9455:E0M0X0,81:9458:E0M0X0
81:9458:E0M0X0,81:DC76:E0M0X0
81:945B:E0M0X0,81:945E:E0M0X0
81:945E:E0M0X0,81:9461:E0M0X0
81:9461:E0M0X0,81:9464:E0M0X0
81:9464:E0M0X0,81:DE80:E0M0X0
81:9467:E0M0X0,81:DF8D:E0M0X0
81:946A:E0M0X0,81:946C:E0M1X1
81:946C:E0M1X1,81:953F:E0M1X1
81:946F:E0M1X1,81:9471:E0M1X1
81:9471:E0M1X1,81:A02D:E0M1X1
81:9474:E0M1X1,81:9855:E0M1X1
81:9477:E0M1X1,80:C066:E0M1X1
81:947B:E0M1X1,81:9C8C:E0M1X1
81:947E:E0M1X1,81:9CB6:E0M1X1
81:9481:E0M1X1,81:9483:E0M1X1
81:9483:E0M1X1,81:9486:E0M1X1
81:9486:E0M1X1,80:A3A0:E0M1X1
81:948A:E0M1X1,81:9F5C:E0M1X1
81:948D:E0M1X1,81:94FB:E0M1X1
81:9490:E0M1X1,92:ED31:E0M1X1
81:9494:E0M1X1,80:F9F2:E0M1X1
81:9498:E0M1X1,81:99D3:E0M1X1
81:949B:E0M1X1,81:9855:E0M1X1
81:949E:E0M1X1,81:94A1:E0M1X1
81:94A1:E0M1X1,81:94A3:E0M1X1
81:94A1:E0M1X1,81:94A9:E0M1X1
81:94A3:E0M1X1,81:9F9D:E0M1X1
81:94A6:E0M1X1,81:9576:E0M1X1
81:94A9:E0M1X1,81:9C8C:E0M1X1
81:94AC:E0M1X1,81:94AF:E0M1X1
81:94AF:E0M1X1,81:94AC:E0M1X1
81:94AF:E0M1X1,81:94B1:E0M1X1
81:94B1:E0M1X1,81:94B4:E0M1X1
81:94B4:E0M1X1,81:948D:E0M1X1
81:94B4:E0M1X1,81:94B6:E0M1X1
81:94B6:E0M1X1,81:94B9:E0M1X1
81:94B9:E0M1X1,81:94BC:E0M1X1
81:94BC:E0M1X1,81:94BE:E0M1X1
81:94BC:E0M1X1,81:94C3:E0M1X1
81:94BE:E0M1X1,81:977B:E0M1X1
81:94C1:E0M1X1,81:948D:E0M1X1
81:94C3:E0M1X1,80:FB3E:E0M1X1
81:94C7:E0M1X1,80:F982:E0M1X1
81:94CB:E0M1X1,80:A3EA:E0M1X1
81:94CF:E0M1X1,81:94D1:E0M1X1
81:94D1:E0M1X1,81:94D4:E0M1X1
81:94D4:E0M1X1,81:9D40:E0M1X1
81:94D7:E0M1X1,81:94D9:E0M1X1
81:94D9:E0M1X1,81:94DC:E0M1X1
81:94DC:E0M1X1,81:94DE:E0M1X1
81:94DE:E0M1X1,81:94E1:E0M1X1
81:94E1:E0M1X1,81:94E3:E0M1X1
81:94E3:E0M1X1,81:94E6:E0M1X1
81:94E6:E0M1X1,81:94E8:E0M1X1
81:94E8:E0M1X1,81:94EB:E0M1X1
81:94EB:E0M1X1,81:94ED:E0M1X1
81:94ED:E0M1X1,81:94F0:E0M1X1
81:94F0:E0M1X1,81:94F2:E0M0X1
81:94F2:E0M0X1,81:94F5:E0M0X1
81:94F5:E0M0X1,81:94F8:E0M0X1
81:94F8:E0M0X1,81:94FA:E0M1X1
81:94FA:E0M1X1,81:B042:E0M1X1
81:94FA:E0M1X1,81:B04D:E0M1X1
81:94FB:E0M1X1,81:94FE:E0M1X1
81:94FE:E0M1X1,81:9500:E0M1X1
81:94FE:E0M1X1,81:9514:E0M1X1
81:9500:E0M1X1,81:9503:E0M1X1
81:9503:E0M1X1,81:9505:E0M1X1
81:9503:E0M1X1,81:9514:E0M1X1
81:9505:E0M1X1,81:9507:E0M1X1
81:9507:E0M1X1,81:950A:E0M1X1
81:950A:E0M1X1,81:950C:E0M1X1
81:950C:E0M1X1,80:F926:E0M1X1
81:9510:E0M1X1,80:F982:E0M1X1
81:9514:E0M1X1,81:9490:E0M1X1
81:9515:E0M1X1,81:9518:E0M1X1
81:9518:E0M1X1,81:951B:E0M1X1
81:951B:E0M1X1,81:951E:E0M1X1
81:951E:E0M1X1,81:9521:E0M1X1
81:9521:E0M1X1,81:9524:E0M1X1
81:9524:E0M1X1,81:9527:E0M1X1
81:9527:E0M1X1,81:952A:E0M1X1
81:952A:E0M1X1,81:952D:E0M1X1
81:952D:E0M1X1,81:9530:E0M1X1
81:9530:E0M1X1,81:9533:E0M1X1
81:9533:E0M1X1,81:9536:E0M1X1
81:9536:E0M1X1,81:9539:E0M1X1
81:9539:E0M1X1,81:953C:E0M1X1
81:953C:E0M1X1,81:AEA7:E0M1X1
81:953F:E0M1X1,81:9541:E0M0X0
81:9541:E0M0X0,81:9544:E0M0X0
81:9544:E0M0X0,81:9547:E0M0X0
81:9547:E0M0X0,80:82F7:E0M0X0
81:954B:E0M0X0,81:954D:E0M1X1
81:954D:E0M1X1,81:9550:E0M1X1
81:9550:E0M1X1,81:9553:E0M1X1
81:9553:E0M1X1,81:9554:E0M1X1
81:9554:E0M1X1,81:9556:E0M1X1
81:9556:E0M1X1,81:9557:E0M1X1
81:9557:E0M1X1,81:9558:E0M1X1
81:9558:E0M1X1,81:955A:E0M0X0
81:955A:E0M0X0,81:955D:E0M0X0
81:955D:E0M0X0,81:9560:E0M0X0
81:9560:E0M0X0,81:9563:E0M0X0
81:9563:E0M0X0,81:9564:E0M0X0
81:9564:E0M0X0,81:9565:E0M0X0
81:9565:E0M0X0,81:9566:E0M0X0
81:9566:E0M0X0,81:9567:E0M0X0
81:9567:E0M0X0,81:956A:E0M0X0
81:956A:E0M0X0,81:955D:E0M0X0
81:956A:E0M0X0,81:956C:E0M0X0
81:956C:E0M0X0,81:956E:E0M1X1
81:956E:E0M1X1,81:956F:E0M1X1
81:956F:E0M1X1,81:946F:E0M1X1
81:9576:E0M1X1,81:999C:E0M1X1
81:9579:E0M1X1,81:957C:E0M1X1
81:957C:E0M1X1,81:957E:E0M1X1
81:957C:E0M1X1,81:9580:E0M1X1
81:957E:E0M1X1,81:9580:E0M1X1
81:9580:E0M1X1,81:9583:E0M1X1
81:9583:E0M1X1,81:9584:E0M1X1
81:9584:E0M1X1,81:9585:E0M1X1
81:9585:E0M1X1,81:9586:E0M1X1
81:9586:E0M1X1,81:9589:E0M1X1
81:9589:E0M1X1,81:958B:E0M1X1
81:958B:E0M1X1,81:958D:E0M1X1
81:958B:E0M1X1,81:959A:E0M1X1
81:958D:E0M1X1,81:958F:E0M1X1
81:958F:E0M1X1,81:9591:E0M1X1
81:958F:E0M1X1,81:95A8:E0M1X1
81:9591:E0M1X1,81:9593:E0M1X1
81:9591:E0M1X1,81:95B6:E0M1X1
81:9593:E0M1X1,81:9595:E0M0X0
81:9595:E0M0X0,81:9598:E0M0X0
81:9598:E0M0X0,81:95C2:E0M0X0
81:959A:E0M1X1,81:959C:E0M0X0
81:959C:E0M0X0,81:959F:E0M0X0
81:959F:E0M0X0,81:95A2:E0M0X0
81:95A2:E0M0X0,81:95A3:E0M0X0
81:95A3:E0M0X0,81:95A6:E0M0X0
81:95A6:E0M0X0,81:95C2:E0M0X0
81:95A8:E0M1X1,81:95AA:E0M0X0
81:95AA:E0M0X0,81:95AD:E0M0X0
81:95AD:E0M0X0,81:95B0:E0M0X0
81:95B0:E0M0X0,81:95B1:E0M0X0
81:95B1:E0M0X0,81:95B4:E0M0X0
81:95B4:E0M0X0,81:95C2:E0M0X0
81:95B6:E0M1X1,81:95B8:E0M0X0
81:95B8:E0M0X0,81:95BB:E0M0X0
81:95BB:E0M0X0,81:95BE:E0M0X0
81:95BE:E0M0X0,81:95BF:E0M0X0
81:95BF:E0M0X0,81:95C2:E0M0X0
81:95C2:E0M0X0,81:95C5:E0M0X0
81:95C5:E0M0X0,81:95C8:E0M0X0
81:95C8:E0M0X0,81:DE80:E0M0X0
81:95CB:E0M0X0,81:95CD:E0M1X1
81:95CD:E0M1X1,81:95D0:E0M1X1
81:95D0:E0M1X1,81:95D1:E0M1X1
81:95D1:E0M1X1,81:95D2:E0M1X1
81:95D2:E0M1X1,81:95D4:E0M0X0
81:95D4:E0M0X0,81:95D7:E0M0X0
81:95D7:E0M0X0,81:95DA:E0M0X0
81:95DA:E0M0X0,81:95DD:E0M0X0
81:95DD:E0M0X0,81:DE80:E0M0X0
81:95E0:E0M0X0,81:95E2:E0M1X1
81:95E2:E0M1X1,81:95E5:E0M1X1
81:95E5:E0M1X1,81:95E6:E0M1X1
81:95E6:E0M1X1,81:95E7:E0M1X1
81:95E7:E0M1X1,81:95E8:E0M1X1
81:95E8:E0M1X1,81:95EB:E0M1X1
81:95EB:E0M1X1,81:95ED:E0M1X1
81:95ED:E0M1X1,81:95EF:E0M1X1
81:95ED:E0M1X1,81:9603:E0M1X1
81:95EF:E0M1X1,81:95F1:E0M1X1
81:95F1:E0M1X1,81:95F3:E0M1X1
81:95F1:E0M1X1,81:9617:E0M1X1
81:95F3:E0M1X1,81:95F5:E0M1X1
81:95F3:E0M1X1,81:962F:E0M1X1
81:95F5:E0M1X1,81:95F7:E0M0X0
81:95F7:E0M0X0,81:95FA:E0M0X0
81:95FA:E0M0X0,81:9649:E0M0X0
81:95FC:E0M0X0,81:95FE:E0M0X0
81:95FC:E0M1X1,81:95FE:E0M0X0
81:95FE:E0M0X0,81:9601:E0M0X0
81:9601:E0M0X0,81:9649:E0M0X0
81:9603:E0M1X1,81:9605:E0M0X0
81:9605:E0M0X0,81:9608:E0M0X0
81:9608:E0M0X0,81:960B:E0M0X0
81:960B:E0M0X0,81:960E:E0M0X0
81:960E:E0M0X0,81:95FC:E0M0X0
81:960E:E0M0X0,81:9610:E0M0X0
81:9610:E0M0X0,81:9611:E0M0X0
81:9611:E0M0X0,81:9614:E0M0X0
81:9614:E0M0X0,81:9615:E0M0X0
81:9615:E0M0X0,81:9649:E0M0X0
81:9617:E0M1X1,81:961A:E0M1X1
81:961A:E0M1X1,81:961D:E0M1X1
81:961D:E0M1X1,81:961F:E0M1X1
81:961F:E0M1X1,81:95FC:E0M1X1
81:961F:E0M1X1,81:9621:E0M1X1
81:9621:E0M1X1,81:9623:E0M0X0
81:9623:E0M0X0,81:9626:E0M0X0
81:9626:E0M0X0,81:9629:E0M0X0
81:9629:E0M0X0,81:962A:E0M0X0
81:962A:E0M0X0,81:962D:E0M0X0
81:962D:E0M0X0,81:9649:E0M0X0
81:962F:E0M1X1,81:9632:E0M1X1
81:9632:E0M1X1,81:9633:E0M1X1
81:9633:E0M1X1,81:9635:E0M1X1
81:9635:E0M1X1,81:9636:E0M1X1
81:9636:E0M1X1,81:9639:E0M1X1
81:9639:E0M1X1,81:963B:E0M1X1
81:963B:E0M1X1,81:95FC:E0M1X1
81:963B:E0M1X1,81:963D:E0M1X1
81:963D:E0M1X1,81:963F:E0M0X0
81:963F:E0M0X0,81:9642:E0M0X0
81:9642:E0M0X0,81:9645:E0M0X0
81:9645:E0M0X0,81:9646:E0M0X0
81:9646:E0M0X0,81:9649:E0M0X0
81:9649:E0M0X0,81:964C:E0M0X0
81:964C:E0M0X0,81:964F:E0M0X0
81:964F:E0M0X0,81:DE80:E0M0X0
81:9652:E0M0X0,81:9654:E0M1X1
81:9654:E0M1X1,81:966F:E0M1X1
81:966F:E0M1X1,81:9671:E0M0X0
81:9671:E0M0X0,81:96AB:E0M0X0
81:9674:E0M0X0,81:9676:E0M0X0
81:9674:E0M0X0,81:9684:E0M0X0
81:9676:E0M0X0,81:9679:E0M0X0
81:9679:E0M0X0,81:967C:E0M0X0
81:967C:E0M0X0,81:967F:E0M0X0
81:967F:E0M0X0,81:DE80:E0M0X0
81:9682:E0M0X0,81:96A8:E0M0X0
81:9684:E0M0X0,81:9689:E0M0X0
81:9687:E0M0X0,81:96A8:E0M0X0
81:9689:E0M0X0,81:968A:E0M0X0
81:968A:E0M0X0,81:968B:E0M0X0
81:968B:E0M0X0,81:968C:E0M0X0
81:968C:E0M0X0,81:968D:E0M0X0
81:968D:E0M0X0,81:968E:E0M0X0
81:968E:E0M0X0,81:968F:E0M0X0
81:968F:E0M0X0,81:9690:E0M0X0
81:9690:E0M0X0,81:9691:E0M0X0
81:9691:E0M0X0,81:9692:E0M0X0
81:9692:E0M0X0,81:9693:E0M0X0
81:9693:E0M0X0,81:9696:E0M0X0
81:9696:E0M0X0,81:9699:E0M0X0
81:9699:E0M0X0,81:969C:E0M0X0
81:969C:E0M0X0,81:DE80:E0M0X0
81:969F:E0M0X0,81:96A2:E0M0X0
81:96A2:E0M0X0,81:96A5:E0M0X0
81:96A5:E0M0X0,81:DCB3:E0M0X0
81:96A8:E0M0X0,81:96AA:E0M1X1
81:96AA:E0M1X1,81:94A9:E0M1X1
81:96AA:E0M1X1,81:94C1:E0M1X1
81:96AB:E0M0X0,81:96AD:E0M1X1
81:96AD:E0M1X1,81:999C:E0M1X1
81:96B0:E0M1X1,81:96B3:E0M1X1
81:96B3:E0M1X1,81:96B5:E0M1X1
81:96B3:E0M1X1,81:96C8:E0M1X1
81:96B5:E0M1X1,81:96B6:E0M1X1
81:96B6:E0M1X1,81:96B7:E0M1X1
81:96B7:E0M1X1,81:96CC:E0M1X1
81:96B7:E0M1X1,81:96E1:E0M1X1
81:96B7:E0M1X1,81:96F6:E0M1X1
81:96B7:E0M1X1,81:970B:E0M1X1
81:96B7:E0M1X1,81:9720:E0M1X1
81:96B7:E0M1X1,81:973D:E0M1X1
81:96B7:E0M1X1,81:975A:E0M1X1
81:96C8:E0M1X1,81:96CA:E0M0X0
81:96CA:E0M0X0,81:96CB:E0M0X0
81:96CB:E0M0X0,81:9674:E0M0X0
81:96CB:E0M0X0,81:9780:E0M0X0
81:96CC:E0M1X1,81:96CF:E0M1X1
81:96CF:E0M1X1,81:96D1:E0M1X1
81:96D1:E0M1X1,81:96C8:E0M1X1
81:96D1:E0M1X1,81:96D3:E0M1X1
81:96D3:E0M1X1,81:96D4:E0M1X1
81:96D4:E0M1X1,81:96D5:E0M1X1
81:96D5:E0M1X1,81:96D6:E0M1X1
81:96D6:E0M1X1,81:96D8:E0M0X0
81:96D8:E0M0X0,81:96DB:E0M0X0
81:96DB:E0M0X0,81:96DE:E0M0X0
81:96DE:E0M0X0,81:9779:E0M0X0
81:96E1:E0M1X1,81:96E4:E0M1X1
81:96E4:E0M1X1,81:96E6:E0M1X1
81:96E6:E0M1X1,81:96C8:E0M1X1
81:96E6:E0M1X1,81:96E8:E0M1X1
81:96E8:E0M1X1,81:96E9:E0M1X1
81:96E9:E0M1X1,81:96EA:E0M1X1
81:96EA:E0M1X1,81:96EB:E0M1X1
81:96EB:E0M1X1,81:96ED:E0M0X0
81:96ED:E0M0X0,81:96F0:E0M0X0
81:96F0:E0M0X0,81:96F3:E0M0X0
81:96F3:E0M0X0,81:9779:E0M0X0
81:96F6:E0M1X1,81:96F9:E0M1X1
81:96F9:E0M1X1,81:96FB:E0M1X1
81:96FB:E0M1X1,81:96C8:E0M1X1
81:96FB:E0M1X1,81:96FD:E0M1X1
81:96FD:E0M1X1,81:96FE:E0M1X1
81:96FE:E0M1X1,81:96FF:E0M1X1
81:96FF:E0M1X1,81:9700:E0M1X1
81:9700:E0M1X1,81:9702:E0M0X0
81:9702:E0M0X0,81:9705:E0M0X0
81:9705:E0M0X0,81:9708:E0M0X0
81:9708:E0M0X0,81:9779:E0M0X0
81:970B:E0M1X1,81:970E:E0M1X1
81:970E:E0M1X1,81:9710:E0M1X1
81:9710:E0M1X1,81:96C8:E0M1X1
81:9710:E0M1X1,81:9712:E0M1X1
81:9712:E0M1X1,81:9713:E0M1X1
81:9713:E0M1X1,81:9714:E0M1X1
81:9714:E0M1X1,81:9715:E0M1X1
81:9715:E0M1X1,81:9717:E0M0X0
81:9717:E0M0X0,81:971A:E0M0X0
81:971A:E0M0X0,81:971D:E0M0X0
81:971D:E0M0X0,81:9779:E0M0X0
81:9720:E0M1X1,81:9723:E0M1X1
81:9723:E0M1X1,81:9726:E0M1X1
81:9726:E0M1X1,81:9728:E0M1X1
81:9728:E0M1X1,81:972A:E0M1X1
81:9728:E0M1X1,81:972D:E0M1X1
81:972A:E0M1X1,81:96C8:E0M1X1
81:972D:E0M1X1,81:9730:E0M1X1
81:9730:E0M1X1,81:9731:E0M1X1
81:9731:E0M1X1,81:9732:E0M1X1
81:9732:E0M1X1,81:9733:E0M1X1
81:9733:E0M1X1,81:9735:E0M0X0
81:9735:E0M0X0,81:9738:E0M0X0
81:9738:E0M0X0,81:973B:E0M0X0
81:973B:E0M0X0,81:9779:E0M0X0
81:973D:E0M1X1,81:9740:E0M1X1
81:9740:E0M1X1,81:9743:E0M1X1
81:9743:E0M1X1,81:9745:E0M1X1
81:9745:E0M1X1,81:9747:E0M1X1
81:9745:E0M1X1,81:974A:E0M1X1
81:9747:E0M1X1,81:96C8:E0M1X1
81:974A:E0M1X1,81:974D:E0M1X1
81:974D:E0M1X1,81:974E:E0M1X1
81:974E:E0M1X1,81:974F:E0M1X1
81:974F:E0M1X1,81:9750:E0M1X1
81:9750:E0M1X1,81:9752:E0M0X0
81:9752:E0M0X0,81:9755:E0M0X0
81:9755:E0M0X0,81:9758:E0M0X0
81:9758:E0M0X0,81:9779:E0M0X0
81:975A:E0M1X1,81:975D:E0M1X1
81:975D:E0M1X1,81:975E:E0M1X1
81:975E:E0M1X1,81:9760:E0M1X1
81:9760:E0M1X1,81:9761:E0M1X1
81:9761:E0M1X1,81:9764:E0M1X1
81:9764:E0M1X1,81:9766:E0M1X1
81:9766:E0M1X1,81:9768:E0M1X1
81:9766:E0M1X1,81:976B:E0M1X1
81:9768:E0M1X1,81:96C8:E0M1X1
81:976B:E0M1X1,81:976E:E0M1X1
81:976E:E0M1X1,81:976F:E0M1X1
81:976F:E0M1X1,81:9770:E0M1X1
81:9770:E0M1X1,81:9771:E0M1X1
81:9771:E0M1X1,81:9773:E0M0X0
81:9773:E0M0X0,81:9776:E0M0X0
81:9776:E0M0X0,81:9779:E0M0X0
81:9779:E0M0X0,81:977A:E0M0X0
81:977A:E0M0X0,81:9674:E0M0X0
81:977A:E0M0X0,81:9780:E0M0X0
81:977B:E0M1X1,81:977D:E0M0X0
81:977D:E0M0X0,81:96AB:E0M0X0
81:9780:E0M0X0,81:9782:E0M0X0
81:9780:E0M0X0,81:97BF:E0M0X0
81:9782:E0M0X0,81:9783:E0M0X0
81:9783:E0M0X0,81:9784:E0M0X0
81:9784:E0M0X0,81:9785:E0M0X0
81:9785:E0M0X0,81:9786:E0M0X0
81:9786:E0M0X0,81:B6BE:E0M0X0
81:9789:E0M0X0,81:978A:E0M0X0
81:978A:E0M0X0,81:978B:E0M0X0
81:978B:E0M0X0,81:978D:E0M0X0
81:978B:E0M0X0,81:97A7:E0M0X0
81:978D:E0M0X0,81:9790:E0M0X0
81:9790:E0M0X0,81:9793:E0M0X0
81:9793:E0M0X0,81:9796:E0M0X0
81:9796:E0M0X0,81:DE80:E0M0X0
81:9799:E0M0X0,81:979C:E0M0X0
81:979C:E0M0X0,81:979F:E0M0X0
81:979F:E0M0X0,81:97A2:E0M0X0
81:97A2:E0M0X0,81:DE80:E0M0X0
81:97A5:E0M0X0,81:97BF:E0M0X0
81:97A7:E0M0X0,81:B691:E0M0X0
81:97AA:E0M0X0,81:97AD:E0M0X0
81:97AD:E0M0X0,81:97B0:E0M0X0
81:97B0:E0M0X0,81:DC76:E0M0X0
81:97B3:E0M0X0,81:97B5:E0M1X1
81:97B5:E0M1X1,80:FB3E:E0M1X1
81:97B9:E0M1X1,81:97C6:E0M1X1
81:97BC:E0M1X1,81:9576:E0M1X1
81:97BF:E0M0X0,81:97C1:E0M1X1
81:97C1:E0M1X1,80:FB48:E0M1X1
81:97C5:E0M1X1,81:94C1:E0M1X1
81:97C6:E0M1X1,81:97C9:E0M1X1
81:97C9:E0M1X1,81:999C:E0M1X1
81:97CC:E0M1X1,81:97CF:E0M1X1
81:97CF:E0M1X1,81:97D0:E0M1X1
81:97D0:E0M1X1,81:97D1:E0M1X1
81:97D1:E0M1X1,81:97E2:E0M1X1
81:97D1:E0M1X1,81:97EC:E0M1X1
81:97D1:E0M1X1,81:97F6:E0M1X1
81:97D1:E0M1X1,81:9800:E0M1X1
81:97D1:E0M1X1,81:980A:E0M1X1
81:97D1:E0M1X1,81:9823:E0M1X1
81:97D1:E0M1X1,81:983C:E0M1X1
81:97E2:E0M1X1,81:97E5:E0M1X1
81:97E5:E0M1X1,81:97E8:E0M1X1
81:97E8:E0M1X1,81:97EB:E0M1X1
81:97EB:E0M1X1,81:97BC:E0M1X1
81:97EC:E0M1X1,81:97EF:E0M1X1
81:97EF:E0M1X1,81:97F2:E0M1X1
81:97F2:E0M1X1,81:97F5:E0M1X1
81:97F5:E0M1X1,81:97BC:E0M1X1
81:97F6:E0M1X1,81:97F9:E0M1X1
81:97F9:E0M1X1,81:97FC:E0M1X1
81:97FC:E0M1X1,81:97FF:E0M1X1
81:97FF:E0M1X1,81:97BC:E0M1X1
81:9800:E0M1X1,81:9803:E0M1X1
81:9803:E0M1X1,81:9806:E0M1X1
81:9806:E0M1X1,81:9809:E0M1X1
81:9809:E0M1X1,81:97BC:E0M1X1
81:980A:E0M1X1,81:980D:E0M1X1
81:980D:E0M1X1,81:9810:E0M1X1
81:9810:E0M1X1,81:9813:E0M1X1
81:9813:E0M1X1,81:9814:E0M1X1
81:9814:E0M1X1,81:9817:E0M1X1
81:9817:E0M1X1,81:9818:E0M1X1
81:9818:E0M1X1,81:9819:E0M1X1
81:9819:E0M1X1,81:981A:E0M1X1
81:981A:E0M1X1,81:981D:E0M1X1
81:981D:E0M1X1,81:981E:E0M1X1
81:981E:E0M1X1,81:981F:E0M1X1
81:981F:E0M1X1,81:9822:E0M1X1
81:9822:E0M1X1,81:97BC:E0M1X1
81:9823:E0M1X1,81:9826:E0M1X1
81:9826:E0M1X1,81:9829:E0M1X1
81:9829:E0M1X1,81:982C:E0M1X1
81:982C:E0M1X1,81:982D:E0M1X1
81:982D:E0M1X1,81:9830:E0M1X1
81:9830:E0M1X1,81:9831:E0M1X1
81:9831:E0M1X1,81:9832:E0M1X1
81:9832:E0M1X1,81:9833:E0M1X1
81:9833:E0M1X1,81:9836:E0M1X1
81:9836:E0M1X1,81:9837:E0M1X1
81:9837:E0M1X1,81:9838:E0M1X1
81:9838:E0M1X1,81:983B:E0M1X1
81:983B:E0M1X1,81:97BC:E0M1X1
81:983C:E0M1X1,81:983F:E0M1X1
81:983F:E0M1X1,81:9842:E0M1X1
81:9842:E0M1X1,81:9845:E0M1X1
81:9845:E0M1X1,81:9846:E0M1X1
81:9846:E0M1X1,81:9849:E0M1X1
81:9849:E0M1X1,81:984A:E0M1X1
81:984A:E0M1X1,81:984B:E0M1X1
81:984B:E0M1X1,81:984C:E0M1X1
81:984C:E0M1X1,81:984F:E0M1X1
81:984F:E0M1X1,81:9850:E0M1X1
81:9850:E0M1X1,81:9851:E0M1X1
81:9851:E0M1X1,81:9854:E0M1X1
81:9854:E0M1X1,81:97BC:E0M1X1
81:9855:E0M1X1,81:9858:E0M1X1
81:9858:E0M1X1,81:985B:E0M1X1
81:985B:E0M1X1,81:985D:E0M1X1
81:985D:E0M1X1,81:98D8:E0M1X1
81:9860:E0M1X1,81:9861:E0M1X1
81:9861:E0M1X1,81:9864:E0M1X1
81:9864:E0M1X1,81:9866:E0M1X1
81:9864:E0M1X1,81:988F:E0M1X1
81:9866:E0M1X1,81:9867:E0M1X1
81:9867:E0M1X1,81:9868:E0M1X1
81:9868:E0M1X1,81:987B:E0M1X1
81:9868:E0M1X1,81:9890:E0M1X1
81:9868:E0M1X1,81:98A8:E0M1X1
81:9868:E0M1X1,81:98C0:E0M1X1
81:9868:E0M1X1,81:98E5:E0M1X1
81:9868:E0M1X1,81:98FD:E0M1X1
81:9868:E0M1X1,81:9915:E0M1X1
81:986B:E0M1X1,81:9860:E0M1X1
81:987B:E0M1X1,81:987D:E0M1X1
81:987D:E0M1X1,81:98D8:E0M1X1
81:9880:E0M1X1,81:9883:E0M1X1
81:9883:E0M1X1,81:9884:E0M1X1
81:9884:E0M1X1,81:9885:E0M1X1
81:9885:E0M1X1,81:9886:E0M1X1
81:9886:E0M1X1,81:9889:E0M1X1
81:9889:E0M1X1,81:988C:E0M1X1
81:988C:E0M1X1,81:988F:E0M1X1
81:988F:E0M1X1,81:9477:E0M1X1
81:988F:E0M1X1,81:949E:E0M1X1
81:988F:E0M1X1,81:986B:E0M1X1
81:9890:E0M1X1,81:9892:E0M1X1
81:9892:E0M1X1,81:98D8:E0M1X1
81:9895:E0M1X1,81:9898:E0M1X1
81:9898:E0M1X1,81:9899:E0M1X1
81:9899:E0M1X1,81:989A:E0M1X1
81:989A:E0M1X1,81:989B:E0M1X1
81:989B:E0M1X1,81:989C:E0M1X1
81:989C:E0M1X1,81:989E:E0M1X1
81:989E:E0M1X1,81:98A1:E0M1X1
81:98A1:E0M1X1,81:98A4:E0M1X1
81:98A4:E0M1X1,81:98A7:E0M1X1
81:98A7:E0M1X1,81:986B:E0M1X1
81:98A8:E0M1X1,81:98AA:E0M1X1
81:98AA:E0M1X1,81:98D8:E0M1X1
81:98AD:E0M1X1,81:98B0:E0M1X1
81:98B0:E0M1X1,81:98B1:E0M1X1
81:98B1:E0M1X1,81:98B2:E0M1X1
81:98B2:E0M1X1,81:98B3:E0M1X1
81:98B3:E0M1X1,81:98B4:E0M1X1
81:98B4:E0M1X1,81:98B6:E0M1X1
81:98B6:E0M1X1,81:98B9:E0M1X1
81:98B9:E0M1X1,81:98BC:E0M1X1
81:98BC:E0M1X1,81:98BF:E0M1X1
81:98BF:E0M1X1,81:986B:E0M1X1
81:98C0:E0M1X1,81:98C2:E0M1X1
81:98C2:E0M1X1,81:98D8:E0M1X1
81:98C5:E0M1X1,81:98C8:E0M1X1
81:98C8:E0M1X1,81:98C9:E0M1X1
81:98C9:E0M1X1,81:98CA:E0M1X1
81:98CA:E0M1X1,81:98CB:E0M1X1
81:98CB:E0M1X1,81:98CC:E0M1X1
81:98CC:E0M1X1,81:98CE:E0M1X1
81:98CE:E0M1X1,81:98D1:E0M1X1
81:98D1:E0M1X1,81:98D4:E0M1X1
81:98D4:E0M1X1,81:98D7:E0M1X1
81:98D7:E0M1X1,81:986B:E0M1X1
81:98D8:E0M1X1,81:98DB:E0M1X1
81:98DB:E0M1X1,81:98DE:E0M1X1
81:98DE:E0M1X1,81:98E1:E0M1X1
81:98E1:E0M1X1,81:98E4:E0M1X1
81:98E4:E0M1X1,81:9860:E0M1X1
81:98E4:E0M1X1,81:9880:E0M1X1
81:98E4:E0M1X1,81:9895:E0M1X1
81:98E4:E0M1X1,81:98AD:E0M1X1
81:98E4:E0M1X1,81:98C5:E0M1X1
81:98E4:E0M1X1,81:98EA:E0M1X1
81:98E4:E0M1X1,81:9902:E0M1X1
81:98E4:E0M1X1,81:991A:E0M1X1
81:98E5:E0M1X1,81:98E7:E0M1X1
81:98E7:E0M1X1,81:98D8:E0M1X1
81:98EA:E0M1X1,81:98ED:E0M1X1
81:98ED:E0M1X1,81:98F0:E0M1X1
81:98F0:E0M1X1,81:98F3:E0M1X1
81:98F3:E0M1X1,81:98F6:E0M1X1
81:98F6:E0M1X1,81:98F9:E0M1X1
81:98F9:E0M1X1,81:98FB:E0M1X1
81:98FB:E0M1X1,81:992F:E0M1X1
81:98FD:E0M1X1,81:98FF:E0M1X1
81:98FF:E0M1X1,81:98D8:E0M1X1
81:9902:E0M1X1,81:9905:E0M1X1
81:9905:E0M1X1,81:9908:E0M1X1
81:9908:E0M1X1,81:990B:E0M1X1
81:990B:E0M1X1,81:990E:E0M1X1
81:990E:E0M1X1,81:9911:E0M1X1
81:9911:E0M1X1,81:9913:E0M1X1
81:9913:E0M1X1,81:992F:E0M1X1
81:9915:E0M1X1,81:9917:E0M1X1
81:9917:E0M1X1,81:98D8:E0M1X1
81:991A:E0M1X1,81:991D:E0M1X1
81:991D:E0M1X1,81:991E:E0M1X1
81:991E:E0M1X1,81:9920:E0M1X1
81:9920:E0M1X1,81:9921:E0M1X1
81:9921:E0M1X1,81:9924:E0M1X1
81:9924:E0M1X1,81:9927:E0M1X1
81:9927:E0M1X1,81:992A:E0M1X1
81:992A:E0M1X1,81:992D:E0M1X1
81:992D:E0M1X1,81:992F:E0M1X1
81:992F:E0M1X1,81:9930:E0M1X1
81:9930:E0M1X1,81:9931:E0M1X1
81:9931:E0M1X1,81:9934:E0M1X1
81:9934:E0M1X1,81:9937:E0M1X1
81:9937:E0M1X1,81:993A:E0M1X1
81:993A:E0M1X1,81:993B:E0M1X1
81:993B:E0M1X1,81:993E:E0M1X1
81:993E:E0M1X1,81:9941:E0M1X1
81:9941:E0M1X1,81:9942:E0M1X1
81:9942:E0M1X1,81:9944:E0M1X1
81:9944:E0M1X1,81:9947:E0M1X1
81:9947:E0M1X1,81:9948:E0M1X1
81:9948:E0M1X1,81:994A:E0M1X1
81:994A:E0M1X1,81:994D:E0M1X1
81:994D:E0M1X1,81:9950:E0M1X1
81:9950:E0M1X1,81:9951:E0M1X1
81:9951:E0M1X1,81:9953:E0M1X1
81:9953:E0M1X1,81:9956:E0M1X1
81:9956:E0M1X1,81:9959:E0M1X1
81:9959:E0M1X1,81:995C:E0M1X1
81:995C:E0M1X1,81:995F:E0M1X1
81:995F:E0M1X1,81:9961:E0M1X1
81:995F:E0M1X1,81:996D:E0M1X1
81:9961:E0M1X1,81:9963:E0M1X1
81:9963:E0M1X1,81:9966:E0M1X1
81:9966:E0M1X1,81:9968:E0M1X1
81:9966:E0M1X1,81:996D:E0M1X1
81:9968:E0M1X1,81:996A:E0M1X1
81:996A:E0M1X1,81:996D:E0M1X1
81:996D:E0M1X1,81:996E:E0M1X1
81:996E:E0M1X1,81:9970:E0M1X1
81:9970:E0M1X1,81:9973:E0M1X1
81:9973:E0M1X1,81:9975:E0M1X1
81:9975:E0M1X1,81:9978:E0M1X1
81:9978:E0M1X1,81:9979:E0M1X1
81:9979:E0M1X1,81:997A:E0M1X1
81:997A:E0M1X1,81:997C:E0M1X1
81:997C:E0M1X1,81:997D:E0M1X1
81:997D:E0M1X1,81:997E:E0M1X1
81:997E:E0M1X1,81:994A:E0M1X1
81:997E:E0M1X1,81:9980:E0M1X1
81:9980:E0M1X1,81:9983:E0M1X1
81:9983:E0M1X1,81:9986:E0M1X1
81:9986:E0M1X1,81:9989:E0M1X1
81:9989:E0M1X1,81:998C:E0M1X1
81:998C:E0M1X1,81:998F:E0M1X1
81:998F:E0M1X1,81:9990:E0M1X1
81:9990:E0M1X1,81:9992:E0M1X1
81:9992:E0M1X1,81:9995:E0M1X1
81:9995:E0M1X1,81:9997:E0M1X1
81:9997:E0M1X1,81:999A:E0M1X1
81:999A:E0M1X1,81:999B:E0M1X1
81:999B:E0M1X1,81:986B:E0M1X1
81:999C:E0M1X1,81:999F:E0M1X1
81:999F:E0M1X1,81:99A2:E0M1X1
81:99A2:E0M1X1,81:99A3:E0M1X1
81:99A3:E0M1X1,81:99A6:E0M1X1
81:99A6:E0M1X1,81:99A7:E0M1X1
81:99A7:E0M1X1,81:9579:E0M1X1
81:99A7:E0M1X1,81:96B0:E0M1X1
81:99A7:E0M1X1,81:97CC:E0M1X1
81:99A7:E0M1X1,81:99BD:E0M1X1
81:99A7:E0M1X1,81:99DE:E0M1X1
81:99A7:E0M1X1,81:99F7:E0M1X1
81:99A7:E0M1X1,81:9A10:E0M1X1
81:99A7:E0M1X1,81:9A29:E0M1X1
81:99A8:E0M1X1,81:99AB:E0M1X1
81:99AB:E0M1X1,81:99AD:E0M1X1
81:99AD:E0M1X1,81:99B0:E0M1X1
81:99B0:E0M1X1,81:99B3:E0M1X1
81:99B3:E0M1X1,81:99B6:E0M1X1
81:99B6:E0M1X1,81:949B:E0M1X1
81:99B6:E0M1X1,81:99BA:E0M1X1
81:99B7:E0M1X1,81:99A8:E0M1X1
81:99BA:E0M1X1,81:999C:E0M1X1
81:99BD:E0M1X1,81:99BF:E0M1X1
81:99BF:E0M1X1,81:99C2:E0M1X1
81:99C2:E0M1X1,81:99C4:E0M1X1
81:99C2:E0M1X1,81:99C6:E0M1X1
81:99C4:E0M1X1,81:99C6:E0M1X1
81:99C6:E0M1X1,81:99C9:E0M1X1
81:99C9:E0M1X1,81:99CC:E0M1X1
81:99CC:E0M1X1,81:99CF:E0M1X1
81:99CF:E0M1X1,81:99D2:E0M1X1
81:99D2:E0M1X1,81:949B:E0M1X1
81:99D3:E0M1X1,81:99D6:E0M1X1
81:99D6:E0M1X1,81:99D8:E0M1X1
81:99D6:E0M1X1,81:99EC:E0M1X1
81:99D8:E0M1X1,81:99DB:E0M1X1
81:99DB:E0M1X1,81:999C:E0M1X1
81:99DE:E0M1X1,81:99E1:E0M1X1
81:99E1:E0M1X1,81:99E3:E0M1X1
81:99E1:E0M1X1,81:99EC:E0M1X1
81:99E3:E0M1X1,81:99E6:E0M1X1
81:99E6:E0M1X1,81:99E9:E0M1X1
81:99E9:E0M1X1,81:99EC:E0M1X1
81:99EC:E0M1X1,81:99EF:E0M1X1
81:99EF:E0M1X1,81:99F1:E0M1X1
81:99EF:E0M1X1,81:9A05:E0M1X1
81:99F1:E0M1X1,81:99F4:E0M1X1
81:99F4:E0M1X1,81:999C:E0M1X1
81:99F7:E0M1X1,81:99FA:E0M1X1
81:99FA:E0M1X1,81:99FC:E0M1X1
81:99FA:E0M1X1,81:9A05:E0M1X1
81:99FC:E0M1X1,81:99FF:E0M1X1
81:99FF:E0M1X1,81:9A02:E0M1X1
81:9A02:E0M1X1,81:9A05:E0M1X1
81:9A05:E0M1X1,81:9A08:E0M1X1
81:9A08:E0M1X1,81:9A0A:E0M1X1
81:9A08:E0M1X1,81:9A1E:E0M1X1
81:9A0A:E0M1X1,81:9A0D:E0M1X1
81:9A0D:E0M1X1,81:999C:E0M1X1
81:9A10:E0M1X1,81:9A13:E0M1X1
81:9A13:E0M1X1,81:9A15:E0M1X1
81:9A13:E0M1X1,81:9A1E:E0M1X1
81:9A15:E0M1X1,81:9A18:E0M1X1
81:9A18:E0M1X1,81:9A1B:E0M1X1
81:9A1B:E0M1X1,81:9A1E:E0M1X1
81:9A1E:E0M1X1,81:9A21:E0M1X1
81:9A21:E0M1X1,81:9A23:E0M1X1
81:9A21:E0M1X1,81:9A37:E0M1X1
81:9A23:E0M1X1,81:9A26:E0M1X1
81:9A26:E0M1X1,81:999C:E0M1X1
81:9A29:E0M1X1,81:9A2C:E0M1X1
81:9A2C:E0M1X1,81:9A2E:E0M1X1
81:9A2C:E0M1X1,81:9A37:E0M1X1
81:9A2E:E0M1X1,81:9A31:E0M1X1
81:9A31:E0M1X1,81:9A34:E0M1X1
81:9A34:E0M1X1,81:9A37:E0M1X1
81:9A37:E0M1X1,81:A001:E0M1X1
81:9A3A:E0M1X1,81:9A3C:E0M1X1
81:9A3A:E0M1X1,81:9A45:E0M1X1
81:9A3C:E0M1X1,81:9A3D:E0M1X1
81:9A3D:E0M1X1,81:9A3F:E0M1X1
81:9A3D:E0M1X1,81:9A42:E0M1X1
81:9A3F:E0M1X1,81:99A8:E0M1X1
81:9A42:E0M1X1,81:99B7:E0M1X1
81:9A45:E0M1X1,81:949B:E0M1X1
81:9A46:E0M1X1,81:9A47:E0M1X1
81:9A47:E0M1X1,81:9A48:E0M1X1
81:9A48:E0M1X1,81:9A49:E0M1X1
81:9A49:E0M1X1,81:9A4E:E0M1X1
81:9A4C:E0M1X1,81:9A4D:E0M1X1
81:9A4D:E0M1X1,80:81CA:E0M1X1
81:9A4E:E0M1X1,81:A0E1:E0M1X1
81:9A51:E0M1X1,81:9CB6:E0M1X1
81:9A54:E0M1X1,81:9A56:E0M0X0
81:9A56:E0M0X0,81:9A58:E0M0X0
81:9A58:E0M0X0,81:9A5A:E0M0X0
81:9A5A:E0M0X0,81:9A5C:E0M0X0
81:9A5A:E0M0X0,81:9A62:E0M0X0
81:9A5C:E0M0X0,81:DF01:E0M0X0
81:9A5F:E0M0X0,81:9A61:E0M1X1
81:9A61:E0M1X1,81:9A4C:E0M1X1
81:9A62:E0M0X0,81:9A64:E0M1X1
81:9A64:E0M1X1,81:9EDB:E0M1X1
81:9A67:E0M1X1,81:9A69:E0M0X0
81:9A69:E0M0X0,81:9A6C:E0M0X0
81:9A6C:E0M0X0,81:9BFC:E0M0X0
81:9A6F:E0M0X0,81:9A71:E0M1X1
81:9A71:E0M1X1,81:9A4C:E0M1X1
81:9BFC:E0M0X0,81:9BFF:E0M0X0
81:9BFF:E0M0X0,81:9C01:E0M0X0
81:9BFF:E0M0X0,81:9C3D:E0M0X0
81:9C01:E0M0X0,81:9C03:E0M0X0
81:9C03:E0M0X0,81:9C06:E0M0X0
81:9C06:E0M0X0,81:9C09:E0M0X0
81:9C09:E0M0X0,81:9C0B:E0M0X0
81:9C09:E0M0X0,81:9C10:E0M0X0
81:9C0B:E0M0X0,81:9C0E:E0M0X0
81:9C0E:E0M0X0,81:9C13:E0M0X0
81:9C10:E0M0X0,81:9C13:E0M0X0
81:9C13:E0M0X0,81:9C15:E0M0X0
81:9C15:E0M0X0,81:9C17:E0M0X0
81:9C15:E0M0X0,81:9C3D:E0M0X0
81:9C17:E0M0X0,81:9C1A:E0M0X0
81:9C1A:E0M0X0,81:9C1C:E0M0X0
81:9C1C:E0M0X0,81:9C1E:E0M0X0
81:9C1E:E0M0X0,81:9C20:E0M0X0
81:9C1E:E0M0X0,81:9C2E:E0M0X0
81:9C20:E0M0X0,81:9C21:E0M0X0
81:9C21:E0M0X0,81:9C22:E0M0X0
81:9C22:E0M0X0,81:9C24:E0M0X0
81:9C22:E0M0X0,81:9C2A:E0M0X0
81:9C24:E0M0X0,81:9C26:E0M0X0
81:9C26:E0M0X0,81:9C28:E0M0X0
81:9C28:E0M0X0,81:9C2A:E0M0X0
81:9C28:E0M0X0,81:9C3D:E0M0X0
81:9C2A:E0M0X0,81:9C2D:E0M0X0
81:9C2D:E0M0X0,81:9A6F:E0M0X0
81:9C2D:E0M0X0,81:B588:E0M0X0
81:9C2D:E0M0X0,81:B9E8:E0M0X0
81:9C2D:E0M0X0,81:CF17:E0M0X0
81:9C2E:E0M0X0,81:9C2F:E0M0X0
81:9C2F:E0M0X0,81:9C30:E0M0X0
81:9C30:E0M0X0,81:9C33:E0M0X0
81:9C33:E0M0X0,81:9C35:E0M0X0
81:9C35:E0M0X0,81:9C38:E0M0X0
81:9C38:E0M0X0,81:9C3A:E0M0X0
81:9C38:E0M0X0,81:9C3D:E0M0X0
81:9C3A:E0M0X0,81:9C3D:E0M0X0
81:9C3D:E0M0X0,81:9A6F:E0M0X0
81:9C3D:E0M0X0,81:B588:E0M0X0
81:9C3D:E0M0X0,81:B9E8:E0M0X0
81:9C3D:E0M0X0,81:CF17:E0M0X0
81:9C3E:E0M1X1,81:9C3F:E0M1X1
81:9C3F:E0M1X1,81:9C40:E0M1X1
81:9C40:E0M1X1,81:9C41:E0M1X1
81:9C41:E0M1X1,81:9C46:E0M1X1
81:9C44:E0M1X1,81:9C45:E0M1X1
81:9C45:E0M1X1,9F:FA9C:E0M1X1
81:9C46:E0M1X1,81:9C48:E0M0X0
81:9C48:E0M0X0,81:9C4B:E0M0X0
81:9C4B:E0M0X0,81:9C4E:E0M0X0
81:9C4E:E0M0X0,81:9C51:E0M0X0
81:9C51:E0M0X0,81:9C52:E0M0X0
81:9C52:E0M0X0,81:9C53:E0M0X0
81:9C53:E0M0X0,81:9C56:E0M0X0
81:9C56:E0M0X0,81:9C57:E0M0X0
81:9C57:E0M0X0,81:9C58:E0M0X0
81:9C58:E0M0X0,81:9C5B:E0M0X0
81:9C5B:E0M0X0,81:9C4E:E0M0X0
81:9C5B:E0M0X0,81:9C5D:E0M0X0
81:9C5D:E0M0X0,81:9C60:E0M0X0
81:9C60:E0M0X0,81:9C63:E0M0X0
81:9C63:E0M0X0,81:9C66:E0M0X0
81:9C66:E0M0X0,81:9C67:E0M0X0
81:9C67:E0M0X0,81:9C68:E0M0X0
81:9C68:E0M0X0,81:9C6B:E0M0X0
81:9C6B:E0M0X0,81:9C63:E0M0X0
81:9C6B:E0M0X0,81:9C6D:E0M0X0
81:9C6D:E0M0X0,81:9C6F:E0M1X1
81:9C6F:E0M1X1,81:9C72:E0M1X1
81:9C72:E0M1X1,81:9C74:E0M1X1
81:9C74:E0M1X1,81:9C77:E0M1X1
81:9C77:E0M1X1,81:9C79:E0M1X1
81:9C79:E0M1X1,81:9C7C:E0M1X1
81:9C7C:E0M1X1,81:9C7F:E0M1X1
81:9C7F:E0M1X1,81:8C70:E0M1X1
81:9C7F:E0M1X1,81:93E2:E0M1X1
81:9C7F:E0M1X1,81:9C44:E0M1X1
81:9C7F:E0M1X1,81:A55A:E0M1X1
81:9C7F:E0M1X1,81:A66D:E0M1X1
81:9C7F:E0M1X1,81:AF43:E0M1X1
81:9C7F:E0M1X1,81:B704:E0M1X1
81:9C7F:E0M1X1,81:BA3B:E0M1X1
81:9C7F:E0M1X1,81:C74D:E0M1X1
81:9C7F:E0M1X1,81:CF70:E0M1X1
81:9C7F:E0M1X1,81:F45B:E0M1X1
81:9C7F:E0M1X1,81:F8B2:E0M1X1
81:9C80:E0M0X0,81:9C81:E0M0X0
81:9C80:E0M1X1,81:9C81:E0M1X1
81:9C81:E0M0X0,81:9C83:E0M1X1
81:9C81:E0M1X1,81:9C83:E0M1X1
81:9C83:E0M1X1,81:9C84:E0M1X1
81:9C84:E0M1X1,81:9C85:E0M1X1
81:9C85:E0M1X1,81:9C86:E0M1X1
81:9C86:E0M1X1,81:9C8C:E0M1X1
81:9C89:E0M1X1,81:9C8A:E0M1X1
81:9C8A:E0M1X1,81:9C8B:E0M0X0
81:9C8A:E0M1X1,81:9C8B:E0M1X1
81:9C8B:E0M0X0,9F:F6C0:E0M0X0
81:9C8B:E0M0X0,9F:F86F:E0M0X0
81:9C8B:E0M0X0,9F:F8CF:E0M0X0
81:9C8B:E0M0X0,9F:F991:E0M0X0
81:9C8B:E0M0X0,9F:F9D8:E0M0X0
81:9C8B:E0M0X0,9F:FA14:E0M0X0
81:9C8B:E0M0X0,9F:FA70:E0M0X0
81:9C8B:E0M1X1,9F:F67F:E0M1X1
81:9C8B:E0M1X1,9F:F6FE:E0M1X1
81:9C8B:E0M1X1,9F:F7F7:E0M1X1
81:9C8B:E0M1X1,9F:F93A:E0M1X1
81:9C8C:E0M1X1,81:9C8E:E0M0X0
81:9C8E:E0M0X0,81:9C91:E0M0X0
81:9C91:E0M0X0,81:9C94:E0M0X0
81:9C94:E0M0X0,81:9C97:E0M0X0
81:9C97:E0M0X0,81:9C98:E0M0X0
81:9C98:E0M0X0,81:9C99:E0M0X0
81:9C99:E0M0X0,81:9C91:E0M0X0
81:9C99:E0M0X0,81:9C9B:E0M0X0
81:9C9B:E0M0X0,81:9C9E:E0M0X0
81:9C9E:E0M0X0,81:9CA1:E0M0X0
81:9CA1:E0M0X0,81:9CA4:E0M0X0
81:9CA4:E0M0X0,81:9CA5:E0M0X0
81:9CA5:E0M0X0,81:9CA6:E0M0X0
81:9CA6:E0M0X0,81:9C9E:E0M0X0
81:9CA6:E0M0X0,81:9CA8:E0M0X0
81:9CA8:E0M0X0,81:9CAA:E0M1X1
81:9CAA:E0M1X1,81:9CAD:E0M1X1
81:9CAD:E0M1X1,81:8DB8:E0M1X1
81:9CAD:E0M1X1,81:8DE1:E0M1X1
81:9CAD:E0M1X1,81:947E:E0M1X1
81:9CAD:E0M1X1,81:94AC:E0M1X1
81:9CAD:E0M1X1,81:9C89:E0M1X1
81:9CAD:E0M1X1,81:A606:E0M1X1
81:9CAD:E0M1X1,81:A62F:E0M1X1
81:9CAD:E0M1X1,81:A6CC:E0M1X1
81:9CAD:E0M1X1,81:A6EB:E0M1X1
81:9CAD:E0M1X1,81:AFD8:E0M1X1
81:9CAD:E0M1X1,81:B00E:E0M1X1
81:9CAD:E0M1X1,81:B7A4:E0M1X1
81:9CAD:E0M1X1,81:B7CD:E0M1X1
81:9CAD:E0M1X1,81:BAE5:E0M1X1
81:9CAD:E0M1X1,81:BB17:E0M1X1
81:9CAD:E0M1X1,81:C83C:E0M1X1
81:9CAD:E0M1X1,81:CB4C:E0M1X1
81:9CAD:E0M1X1,81:D07F:E0M1X1
81:9CAD:E0M1X1,81:D0CB:E0M1X1
81:9CAD:E0M1X1,81:F4BB:E0M1X1
81:9CAD:E0M1X1,81:F4EF:E0M1X1
81:9CAD:E0M1X1,81:F568:E0M1X1
81:9CAD:E0M1X1,81:F58F:E0M1X1
81:9CAD:E0M1X1,81:F5AD:E0M1X1
81:9CAD:E0M1X1,81:F663:E0M1X1
81:9CAD:E0M1X1,81:F75B:E0M1X1
81:9CAD:E0M1X1,81:F7C5:E0M1X1
81:9CAD:E0M1X1,81:F92D:E0M1X1
81:9CAD:E0M1X1,81:F96C:E0M1X1
81:9CAE:E0M1X1,81:9CAF:E0M1X1
81:9CAF:E0M1X1,81:9CB0:E0M1X1
81:9CB0:E0M1X1,81:9CB1:E0M1X1
81:9CB1:E0M1X1,81:9CB6:E0M1X1
81:9CB4:E0M1X1,81:9CB5:E0M1X1
81:9CB5:E0M1X1,9F:F683:E0M1X1
81:9CB5:E0M1X1,9F:F702:E0M1X1
81:9CB5:E0M1X1,9F:F7FB:E0M1X1
81:9CB5:E0M1X1,9F:F93E:E0M1X1
81:9CB5:E0M1X1,9F:FC41:E0M1X1
81:9CB6:E0M1X1,81:9CB9:E0M1X1
81:9CB9:E0M1X1,81:9CBB:E0M1X1
81:9CB9:E0M1X1,81:9CF1:E0M1X1
81:9CBB:E0M1X1,81:9CBE:E0M1X1
81:9CBE:E0M1X1,81:9CC0:E0M0X0
81:9CC0:E0M0X0,81:9CC3:E0M0X0
81:9CC3:E0M0X0,81:9CC6:E0M0X0
81:9CC6:E0M0X0,81:9CC9:E0M0X0
81:9CC9:E0M0X0,81:9CCC:E0M0X0
81:9CCC:E0M0X0,81:9CCF:E0M0X0
81:9CCF:E0M0X0,81:9CD1:E0M1X1
81:9CD1:E0M1X1,81:9CD3:E0M1X1
81:9CD3:E0M1X1,81:9CD6:E0M1X1
81:9CD6:E0M1X1,81:9CD8:E0M0X0
81:9CD8:E0M0X0,81:9CDB:E0M0X0
81:9CDB:E0M0X0,81:9CDE:E0M0X0
81:9CDE:E0M0X0,81:9CE1:E0M0X0
81:9CE1:E0M0X0,81:9CE4:E0M0X0
81:9CE4:E0M0X0,81:9CE7:E0M0X0
81:9CE7:E0M0X0,81:9CEA:E0M0X0
81:9CEA:E0M0X0,81:9CEC:E0M1X1
81:9CEC:E0M1X1,81:9CEE:E0M1X1
81:9CEE:E0M1X1,81:9CF1:E0M1X1
81:9CF1:E0M1X1,81:8DBB:E0M1X1
81:9CF1:E0M1X1,81:91C5:E0M1X1
81:9CF1:E0M1X1,81:9481:E0M1X1
81:9CF1:E0M1X1,81:9A54:E0M1X1
81:9CF1:E0M1X1,81:9CB4:E0M1X1
81:9CF1:E0M1X1,81:A609:E0M1X1
81:9CF1:E0M1X1,81:A6CF:E0M1X1
81:9CF1:E0M1X1,81:AB29:E0M1X1
81:9CF1:E0M1X1,81:AFDB:E0M1X1
81:9CF1:E0M1X1,81:B593:E0M1X1
81:9CF1:E0M1X1,81:B7A7:E0M1X1
81:9CF1:E0M1X1,81:B9F0:E0M1X1
81:9CF1:E0M1X1,81:BAE8:E0M1X1
81:9CF1:E0M1X1,81:C29C:E0M1X1
81:9CF1:E0M1X1,81:C649:E0M1X1
81:9CF1:E0M1X1,81:C87C:E0M1X1
81:9CF1:E0M1X1,81:CEEF:E0M1X1
81:9CF1:E0M1X1,81:CF0C:E0M1X1
81:9CF1:E0M1X1,81:D082:E0M1X1
81:9CF1:E0M1X1,81:D8DF:E0M1X1
81:9CF1:E0M1X1,81:D8F0:E0M1X1
81:9CF1:E0M1X1,81:F4BE:E0M1X1
81:9CF1:E0M1X1,81:F4F2:E0M1X1
81:9CF1:E0M1X1,81:F883:E0M1X1
81:9CF1:E0M1X1,81:F930:E0M1X1
81:9CF1:E0M1X1,81:FE7B:E0M1X1
81:9CF2:E0M1X1,81:9CF5:E0M1X1
81:9CF5:E0M1X1,81:9CF7:E0M1X1
81:9CF5:E0M1X1,81:9D2F:E0M1X1
81:9CF7:E0M1X1,81:9CF9:E0M1X1
81:9CF9:E0M1X1,81:9CFB:E0M1X1
81:9CF9:E0M1X1,81:9D0C:E0M1X1
81:9CFB:E0M1X1,81:9CFE:E0M1X1
81:9CFE:E0M1X1,81:9D00:E0M1X1
81:9CFE:E0M1X1,81:9D2B:E0M1X1
81:9D00:E0M1X1,81:9D02:E0M1X1
81:9D02:E0M1X1,81:9D05:E0M1X1
81:9D05:E0M1X1,81:9D08:E0M1X1
81:9D08:E0M1X1,81:9D0A:E0M1X1
81:9D0A:E0M1X1,81:9D0B:E0M1X1
81:9D0B:E0M1X1,81:919F:E0M1X1
81:9D0B:E0M1X1,81:AACF:E0M1X1
81:9D0B:E0M1X1,81:B51C:E0M1X1
81:9D0C:E0M1X1,81:9D0F:E0M1X1
81:9D0F:E0M1X1,81:9D11:E0M1X1
81:9D0F:E0M1X1,81:9D2B:E0M1X1
81:9D11:E0M1X1,81:9D14:E0M1X1
81:9D14:E0M1X1,81:9D16:E0M1X1
81:9D16:E0M1X1,81:9D18:E0M1X1
81:9D16:E0M1X1,81:9D24:E0M1X1
81:9D18:E0M1X1,81:9D1A:E0M1X1
81:9D1A:E0M1X1,81:9D1D:E0M1X1
81:9D1D:E0M1X1,81:9D20:E0M1X1
81:9D20:E0M1X1,81:9D22:E0M1X1
81:9D22:E0M1X1,81:9D23:E0M1X1
81:9D23:E0M1X1,81:919F:E0M1X1
81:9D23:E0M1X1,81:AACF:E0M1X1
81:9D23:E0M1X1,81:B51C:E0M1X1
81:9D24:E0M1X1,81:9D27:E0M1X1
81:9D27:E0M1X1,81:9D29:E0M1X1
81:9D29:E0M1X1,81:9D2A:E0M1X1
81:9D2A:E0M1X1,81:919F:E0M1X1
81:9D2A:E0M1X1,81:AACF:E0M1X1
81:9D2A:E0M1X1,81:B51C:E0M1X1
81:9D2B:E0M1X1,81:9D2C:E0M1X1
81:9D2C:E0M1X1,81:9D2F:E0M1X1
81:9D2F:E0M1X1,81:9D30:E0M1X1
81:9D30:E0M1X1,81:919F:E0M1X1
81:9D30:E0M1X1,81:AACF:E0M1X1
81:9D30:E0M1X1,81:B51C:E0M1X1
81:9D31:E0M1X1,81:9D34:E0M1X1
81:9D34:E0M1X1,81:9D36:E0M1X1
81:9D34:E0M1X1,81:9D3F:E0M1X1
81:9D36:E0M1X1,80:F926:E0M1X1
81:9D3A:E0M1X1,81:9D3C:E0M1X1
81:9D3C:E0M1X1,81:9D3F:E0M1X1
81:9D3F:E0M1X1,81:8DD1:E0M1X1
81:9D3F:E0M1X1,81:F969:E0M1X1
81:9D40:E0M1X1,81:9D42:E0M1X1
81:9D42:E0M1X1,81:9D45:E0M1X1
81:9D45:E0M1X1,81:9D47:E0M1X1
81:9D47:E0M1X1,81:9D4A:E0M1X1
81:9D4A:E0M1X1,81:9D4D:E0M1X1
81:9D4D:E0M1X1,81:9D4F:E0M1X1
81:9D4F:E0M1X1,81:9D52:E0M1X1
81:9D52:E0M1X1,81:9D54:E0M0X0
81:9D54:E0M0X0,81:9D57:E0M0X0
81:9D57:E0M0X0,81:9D5A:E0M0X0
81:9D5A:E0M0X0,81:9D5D:E0M0X0
81:9D5D:E0M0X0,80:839B:E0M0X0
81:9D61:E0M0X0,81:9D64:E0M0X0
81:9D64:E0M0X0,81:9D67:E0M0X0
81:9D67:E0M0X0,81:9D69:E0M1X1
81:9D69:E0M1X1,81:94D7:E0M1X1
81:9D69:E0M1X1,81:A7DA:E0M1X1
81:9D69:E0M1X1,81:AC4C:E0M1X1
81:9D69:E0M1X1,81:ACCF:E0M1X1
81:9D69:E0M1X1,81:ACE1:E0M1X1
81:9D69:E0M1X1,81:B042:E0M1X1
81:9D69:E0M1X1,81:B04D:E0M1X1
81:9D69:E0M1X1,81:C6CB:E0M1X1
81:9D69:E0M1X1,81:C750:E0M1X1
81:9D69:E0M1X1,81:C86F:E0M1X1
81:9D6A:E0M0X0,81:9D6B:E0M0X0
81:9D6B:E0M0X0,81:9D6C:E0M0X0
81:9D6C:E0M0X0,81:9D6D:E0M0X0
81:9D6D:E0M0X0,81:9D72:E0M0X0
81:9D70:E0M0X0,81:9D71:E0M0X0
81:9D71:E0M0X0,9F:F743:E0M0X0
81:9D71:E0M0X0,9F:F750:E0M0X0
81:9D71:E0M0X0,9F:FAF5:E0M0X0
81:9D71:E0M0X0,9F:FB02:E0M0X0
81:9D72:E0M0X0,81:9D73:E0M0X0
81:9D73:E0M0X0,81:9D74:E0M0X0
81:9D74:E0M0X0,80:839B:E0M0X0
81:9D78:E0M0X0,81:9D79:E0M0X0
81:9D79:E0M0X0,80:839B:E0M0X0
81:9D7D:E0M0X0,81:9D7E:E0M0X0
81:9D7E:E0M0X0,81:9D81:E0M0X0
81:9D81:E0M0X0,80:82F7:E0M0X0
81:9D85:E0M0X0,81:9D88:E0M0X0
81:9D88:E0M0X0,81:9D8C:E0M0X0
81:9D8C:E0M0X0,81:9D8E:E0M1X1
81:9D8E:E0M1X1,80:C2F4:E0M1X1
81:9D92:E0M1X1,80:C066:E0M1X1
81:9D96:E0M1X1,81:9D98:E0M0X0
81:9D98:E0M0X0,81:941F:E0M0X0
81:9D98:E0M0X0,81:9D70:E0M0X0
81:9D98:E0M0X0,81:AD38:E0M0X0
81:9D98:E0M0X0,81:B728:E0M0X0
81:9D98:E0M0X0,81:BA60:E0M0X0
81:9D98:E0M0X0,81:C796:E0M0X0
81:9D98:E0M0X0,81:F491:E0M0X0
81:9D98:E0M0X0,81:F8E0:E0M0X0
81:9D99:E0M0X0,81:9D9A:E0M0X0
81:9D99:E0M1X1,81:9D9A:E0M1X1
81:9D9A:E0M0X0,81:9D9C:E0M1X0
81:9D9A:E0M1X1,81:9D9C:E0M1X1
81:9D9C:E0M1X0,81:9D9F:E0M1X0
81:9D9C:E0M1X1,81:9D9F:E0M1X1
81:9D9F:E0M1X0,81:9DA1:E0M1X0
81:9D9F:E0M1X1,81:9DA1:E0M1X1
81:9DA1:E0M1X0,81:9DA3:E0M1X0
81:9DA1:E0M1X0,81:9DA6:E0M1X0
81:9DA1:E0M1X1,81:9DA3:E0M1X1
81:9DA1:E0M1X1,81:9DA6:E0M1X1
81:9DA3:E0M1X0,81:9DA4:E0M0X0
81:9DA3:E0M1X1,81:9DA4:E0M1X1
81:9DA4:E0M0X0,81:9DA5:E0M0X0
81:9DA4:E0M1X1,81:9DA5:E0M1X1
81:9DA5:E0M0X0,81:C7C0:E0M0X0
81:9DA5:E0M0X0,81:C809:E0M0X0
81:9DA5:E0M1X1,81:ACAE:E0M1X1
81:9DA5:E0M1X1,81:ACD2:E0M1X1
81:9DA5:E0M1X1,81:ACF4:E0M1X1
81:9DA6:E0M1X0,81:9DA7:E0M0X0
81:9DA6:E0M1X1,81:9DA7:E0M1X1
81:9DA7:E0M0X0,81:9DA8:E0M0X0
81:9DA7:E0M1X1,81:9DA8:E0M1X1
81:9DA8:E0M0X0,81:C7C0:E0M0X0
81:9DA8:E0M0X0,81:C809:E0M0X0
81:9DA8:E0M1X1,81:ACAE:E0M1X1
81:9DA8:E0M1X1,81:ACD2:E0M1X1
81:9DA8:E0M1X1,81:ACF4:E0M1X1
81:9DA9:E0M1X1,81:9DAA:E0M1X1
81:9DAA:E0M1X1,81:9DAB:E0M1X1
81:9DAB:E0M1X1,81:9DAC:E0M1X1
81:9DAC:E0M1X1,81:9DB1:E0M1X1
81:9DAF:E0M1X1,81:9DB0:E0M1X1
81:9DB0:E0M1X1,9F:FAA2:E0M1X1
81:9DB1:E0M1X1,81:9DB4:E0M1X1
81:9DB4:E0M1X1,81:9DB7:E0M1X1
81:9DB7:E0M1X1,81:9DBA:E0M1X1
81:9DBA:E0M1X1,81:9DBD:E0M1X1
81:9DBD:E0M1X1,81:9DC0:E0M1X1
81:9DC0:E0M1X1,81:9DC3:E0M1X1
81:9DC3:E0M1X1,81:9DC6:E0M1X1
81:9DC6:E0M1X1,81:9DC8:E0M1X1
81:9DC8:E0M1X1,81:9DCB:E0M1X1
81:9DCB:E0M1X1,81:9DCE:E0M1X1
81:9DCE:E0M1X1,81:9DD1:E0M1X1
81:9DD1:E0M1X1,81:9DD4:E0M1X1
81:9DD4:E0M1X1,81:9DD7:E0M1X1
81:9DD7:E0M1X1,81:9DDA:E0M1X1
81:9DDA:E0M1X1,81:9DDD:E0M1X1
81:9DDD:E0M1X1,81:9DE0:E0M1X1
81:9DE0:E0M1X1,81:9DE3:E0M1X1
81:9DE3:E0M1X1,81:9DE6:E0M1X1
81:9DE6:E0M1X1,81:9DE9:E0M1X1
81:9DE9:E0M1X1,81:9DEC:E0M1X1
81:9DEC:E0M1X1,81:9DEF:E0M1X1
81:9DEF:E0M1X1,81:9DF1:E0M0X0
81:9DF1:E0M0X0,81:9DF4:E0M0X0
81:9DF4:E0M0X0,81:9DF7:E0M0X0
81:9DF7:E0M0X0,81:9DF9:E0M0X0
81:9DF9:E0M0X0,81:9DFB:E0M0X0
81:9DFB:E0M0X0,81:9DFE:E0M0X0
81:9DFE:E0M0X0,81:9E01:E0M0X0
81:9E01:E0M0X0,81:9E03:E0M1X1
81:9E03:E0M1X1,81:A057:E0M1X1
81:9E06:E0M1X1,81:9F5C:E0M1X1
81:9E09:E0M1X1,80:A415:E0M1X1
81:9E0D:E0M1X1,80:A1F2:E0M1X1
81:9E11:E0M1X1,81:8C7F:E0M1X1
81:9E11:E0M1X1,81:93E7:E0M1X1
81:9E11:E0M1X1,81:9DAF:E0M1X1
81:9E11:E0M1X1,81:A55D:E0M1X1
81:9E11:E0M1X1,81:A670:E0M1X1
81:9E11:E0M1X1,81:AC4F:E0M1X1
81:9E11:E0M1X1,81:AD08:E0M1X1
81:9E11:E0M1X1,81:AF57:E0M1X1
81:9E11:E0M1X1,81:B709:E0M1X1
81:9E11:E0M1X1,81:BA4F:E0M1X1
81:9E11:E0M1X1,81:C75F:E0M1X1
81:9E11:E0M1X1,81:CF7F:E0M1X1
81:9E11:E0M1X1,81:F460:E0M1X1
81:9E11:E0M1X1,81:F8B7:E0M1X1
81:9E12:E0M0X0,81:9E13:E0M0X0
81:9E13:E0M0X0,81:9E14:E0M0X0
81:9E14:E0M0X0,81:9E17:E0M0X0
81:9E17:E0M0X0,81:9E19:E0M0X0
81:9E19:E0M0X0,81:9E1C:E0M0X0
81:9E1C:E0M0X0,81:9E1E:E0M0X0
81:9E1E:E0M0X0,81:9E20:E0M0X0
81:9E20:E0M0X0,81:9E23:E0M0X0
81:9E23:E0M0X0,81:9E24:E0M0X0
81:9E24:E0M0X0,81:9E25:E0M0X0
81:9E25:E0M0X0,81:9E27:E0M0X0
81:9E27:E0M0X0,81:9E2A:E0M0X0
81:9E2A:E0M0X0,81:9E2B:E0M0X0
81:9E2B:E0M0X0,81:9E2C:E0M0X0
81:9E2C:E0M0X0,81:9E2D:E0M0X0
81:9E2D:E0M0X0,81:9E25:E0M0X0
81:9E2D:E0M0X0,81:9E2F:E0M0X0
81:9E2F:E0M0X0,81:9E30:E0M0X0
81:9E30:E0M0X0,81:9E31:E0M0X0
81:9E31:E0M0X0,81:9E33:E0M0X0
81:9E33:E0M0X0,81:9E35:E0M0X0
81:9E35:E0M0X0,81:9E38:E0M0X0
81:9E38:E0M0X0,81:9E3A:E0M0X0
81:9E3A:E0M0X0,81:9E3C:E0M0X0
81:9E3C:E0M0X0,81:9E3F:E0M0X0
81:9E3F:E0M0X0,81:9E41:E0M0X0
81:9E41:E0M0X0,81:9E43:E0M1X1
81:9E43:E0M1X1,81:9E45:E0M1X1
81:9E45:E0M1X1,81:9E48:E0M1X1
81:9E48:E0M1X1,81:9E49:E0M1X1
81:9E49:E0M1X1,81:9E4B:E0M1X1
81:9E4B:E0M1X1,81:9E43:E0M1X1
81:9E4B:E0M1X1,81:9E4D:E0M1X1
81:9E4D:E0M1X1,81:9E4F:E0M0X0
81:9E4F:E0M0X0,81:8CC3:E0M0X0
81:9E4F:E0M0X0,81:9434:E0M0X0
81:9E4F:E0M0X0,81:A771:E0M0X0
81:9E4F:E0M0X0,81:AFA4:E0M0X0
81:9E4F:E0M0X0,81:B734:E0M0X0
81:9E4F:E0M0X0,81:BA6C:E0M0X0
81:9E4F:E0M0X0,81:C7A2:E0M0X0
81:9E4F:E0M0X0,81:CFC4:E0M0X0
81:9E4F:E0M0X0,81:F4A1:E0M0X0
81:9E4F:E0M0X0,81:F8EC:E0M0X0
81:9E50:E0M0X0,81:9E51:E0M0X0
81:9E51:E0M0X0,81:9E52:E0M0X0
81:9E52:E0M0X0,81:9E55:E0M0X0
81:9E55:E0M0X0,81:9E57:E0M0X0
81:9E57:E0M0X0,81:9E5A:E0M0X0
81:9E5A:E0M0X0,81:9E5C:E0M0X0
81:9E5C:E0M0X0,81:9E5D:E0M0X0
81:9E5D:E0M0X0,81:9E5E:E0M0X0
81:9E5E:E0M0X0,81:9E61:E0M0X0
81:9E61:E0M0X0,81:9E63:E0M0X0
81:9E61:E0M0X0,81:9E7B:E0M0X0
81:9E63:E0M0X0,81:9E66:E0M0X0
81:9E66:E0M0X0,81:9E68:E0M0X0
81:9E66:E0M0X0,81:9E82:E0M0X0
81:9E68:E0M0X0,81:9E6B:E0M0X0
81:9E6B:E0M0X0,81:9E6D:E0M0X0
81:9E6B:E0M0X0,81:9EA1:E0M0X0
81:9E6D:E0M0X0,81:9E70:E0M0X0
81:9E70:E0M0X0,81:9E72:E0M0X0
81:9E70:E0M0X0,81:9E8F:E0M0X0
81:9E72:E0M0X0,81:9E74:E0M1X1
81:9E74:E0M1X1,80:C066:E0M1X1
81:9E78:E0M1X1,81:9E7A:E0M0X0
81:9E7A:E0M0X0,81:8CBD:E0M0X0
81:9E7A:E0M0X0,81:942E:E0M0X0
81:9E7A:E0M0X0,81:A76B:E0M0X0
81:9E7A:E0M0X0,81:AF9E:E0M0X0
81:9E7A:E0M0X0,81:B72E:E0M0X0
81:9E7A:E0M0X0,81:BA66:E0M0X0
81:9E7A:E0M0X0,81:C79C:E0M0X0
81:9E7A:E0M0X0,81:CFBE:E0M0X0
81:9E7A:E0M0X0,81:F49B:E0M0X0
81:9E7A:E0M0X0,81:F8E6:E0M0X0
81:9E7B:E0M0X0,81:9E7C:E0M0X0
81:9E7C:E0M0X0,81:9E7D:E0M0X0
81:9E7D:E0M0X0,81:9E7E:E0M0X0
81:9E7E:E0M0X0,81:9E7F:E0M0X0
81:9E7F:E0M0X0,81:9E5A:E0M0X0
81:9E82:E0M0X0,81:9E84:E0M0X0
81:9E84:E0M0X0,81:9E85:E0M0X0
81:9E85:E0M0X0,81:9E86:E0M0X0
81:9E86:E0M0X0,81:9E87:E0M0X0
81:9E87:E0M0X0,80:839B:E0M0X0
81:9E8B:E0M0X0,81:9E8C:E0M0X0
81:9E8C:E0M0X0,81:9E5A:E0M0X0
81:9E8F:E0M0X0,81:9E91:E0M0X0
81:9E91:E0M0X0,81:9E92:E0M0X0
81:9E92:E0M0X0,81:9E93:E0M0X0
81:9E93:E0M0X0,81:9E94:E0M0X0
81:9E94:E0M0X0,81:9E96:E0M0X0
81:9E96:E0M0X0,81:9E97:E0M0X0
81:9E97:E0M0X0,81:9E98:E0M0X0
81:9E98:E0M0X0,81:9E99:E0M0X0
81:9E99:E0M0X0,80:82F7:E0M0X0
81:9E9D:E0M0X0,81:9E9E:E0M0X0
81:9E9E:E0M0X0,81:9E5A:E0M0X0
81:9EA1:E0M0X0,81:9EA3:E0M0X0
81:9EA3:E0M0X0,81:9EA4:E0M0X0
81:9EA4:E0M0X0,81:9EA5:E0M0X0
81:9EA5:E0M0X0,81:9EA6:E0M0X0
81:9EA6:E0M0X0,81:9EA8:E0M0X0
81:9EA8:E0M0X0,81:9EA9:E0M0X0
81:9EA9:E0M0X0,81:9EAA:E0M0X0
81:9EAA:E0M0X0,81:9EAB:E0M0X0
81:9EAB:E0M0X0,81:9EAD:E0M0X0
81:9EAD:E0M0X0,81:9EAE:E0M0X0
81:9EAE:E0M0X0,81:9EAF:E0M0X0
81:9EAF:E0M0X0,81:9EB2:E0M0X0
81:9EB2:E0M0X0,81:9EB4:E0M0X0
81:9EB2:E0M0X0,81:9EC3:E0M0X0
81:9EB4:E0M0X0,81:9EB7:E0M0X0
81:9EB7:E0M0X0,81:9EB9:E0M0X0
81:9EB7:E0M0X0,81:9ECD:E0M0X0
81:9EB9:E0M0X0,81:9EBA:E0M0X0
81:9EBA:E0M0X0,81:9EBB:E0M0X0
81:9EBB:E0M0X0,80:A21A:E0M0X0
81:9EBF:E0M0X0,81:9EC0:E0M0X0
81:9EC0:E0M0X0,81:9E5A:E0M0X0
81:9EC3:E0M0X0,81:9EC4:E0M0X0
81:9EC4:E0M0X0,81:9EC5:E0M0X0
81:9EC5:E0M0X0,80:A338:E0M0X0
81:9EC9:E0M0X0,81:9ECA:E0M0X0
81:9ECA:E0M0X0,81:9E5A:E0M0X0
81:9ECD:E0M0X0,81:9ECE:E0M0X0
81:9ECE:E0M0X0,81:9ECF:E0M0X0
81:9ECF:E0M0X0,80:A2DB:E0M0X0
81:9ED3:E0M0X0,81:9ED4:E0M0X0
81:9ED4:E0M0X0,81:9E5A:E0M0X0
81:9ED7:E0M1X1,81:9EDB:E0M1X1
81:9EDA:E0M1X1,80:BF55:E0M1X1
81:9EDB:E0M1X1,81:9EDE:E0M1X1
81:9EDE:E0M1X1,81:9EE0:E0M1X1
81:9EDE:E0M1X1,81:9EEE:E0M1X1
81:9EE0:E0M1X1,81:9EE3:E0M1X1
81:9EE3:E0M1X1,81:9EE6:E0M1X1
81:9EE6:E0M1X1,81:9EE9:E0M1X1
81:9EE9:E0M1X1,81:9EEC:E0M1X1
81:9EEC:E0M1X1,81:9EFF:E0M1X1
81:9EEE:E0M1X1,81:9EF1:E0M1X1
81:9EF1:E0M1X1,81:9EE0:E0M1X1
81:9EF1:E0M1X1,81:9EF3:E0M1X1
81:9EF3:E0M1X1,81:9EF6:E0M1X1
81:9EF6:E0M1X1,81:9EF9:E0M1X1
81:9EF9:E0M1X1,81:9EFC:E0M1X1
81:9EFC:E0M1X1,81:9EFF:E0M1X1
81:9EFF:E0M1X1,81:9F00:E0M1X1
81:9F00:E0M1X1,81:9F02:E0M1X1
81:9F00:E0M1X1,81:9F08:E0M1X1
81:9F02:E0M1X1,81:9F05:E0M1X1
81:9F05:E0M1X1,81:9F08:E0M1X1
81:9F08:E0M1X1,81:9F09:E0M1X1
81:9F09:E0M1X1,81:9F0B:E0M1X1
81:9F09:E0M1X1,81:9F11:E0M1X1
81:9F0B:E0M1X1,81:9F0E:E0M1X1
81:9F0E:E0M1X1,81:9F11:E0M1X1
81:9F11:E0M1X1,81:9F12:E0M1X1
81:9F12:E0M1X1,81:9F14:E0M1X1
81:9F12:E0M1X1,81:9F17:E0M1X1
81:9F14:E0M1X1,81:9F17:E0M1X1
81:9F17:E0M1X1,81:9F18:E0M1X1
81:9F18:E0M1X1,81:9F1A:E0M1X1
81:9F18:E0M1X1,81:9F20:E0M1X1
81:9F1A:E0M1X1,81:9F1D:E0M1X1
81:9F1D:E0M1X1,81:9F20:E0M1X1
81:9F20:E0M1X1,81:9F21:E0M1X1
81:9F21:E0M1X1,81:9F23:E0M1X1
81:9F21:E0M1X1,81:9F26:E0M1X1
81:9F23:E0M1X1,81:9F26:E0M1X1
81:9F26:E0M1X1,81:9F27:E0M1X1
81:9F27:E0M1X1,81:9F29:E0M1X1
81:9F27:E0M1X1,81:9F2C:E0M1X1
81:9F29:E0M1X1,81:9F2C:E0M1X1
81:9F2C:E0M1X1,81:9F2D:E0M1X1
81:9F2D:E0M1X1,81:9F2F:E0M1X1
81:9F2D:E0M1X1,81:9F32:E0M1X1
81:9F2F:E0M1X1,81:9F32:E0M1X1
81:9F32:E0M1X1,81:9F33:E0M1X1
81:9F33:E0M1X1,81:9F35:E0M1X1
81:9F33:E0M1X1,81:9F38:E0M1X1
81:9F35:E0M1X1,81:9F38:E0M1X1
81:9F38:E0M1X1,81:9F39:E0M1X1
81:9F39:E0M1X1,81:9F3A:E0M1X1
81:9F3A:E0M1X1,81:9F3C:E0M1X1
81:9F3A:E0M1X1,81:9F42:E0M1X1
81:9F3C:E0M1X1,81:9F3F:E0M1X1
81:9F3F:E0M1X1,81:9F42:E0M1X1
81:9F42:E0M1X1,81:9F43:E0M1X1
81:9F43:E0M1X1,81:9F45:E0M1X1
81:9F43:E0M1X1,81:9F4B:E0M1X1
81:9F45:E0M1X1,81:9F48:E0M1X1
81:9F48:E0M1X1,81:9F4B:E0M1X1
81:9F4B:E0M1X1,81:9F4C:E0M1X1
81:9F4C:E0M1X1,81:9F4E:E0M1X1
81:9F4C:E0M1X1,81:9F51:E0M1X1
81:9F4E:E0M1X1,81:9F51:E0M1X1
81:9F51:E0M1X1,81:9F52:E0M1X1
81:9F52:E0M1X1,81:9F54:E0M1X1
81:9F52:E0M1X1,81:9F57:E0M1X1
81:9F54:E0M1X1,81:9F57:E0M1X1
81:9F57:E0M1X1,81:91B4:E0M1X1
81:9F57:E0M1X1,81:9A67:E0M1X1
81:9F57:E0M1X1,81:9EDA:E0M1X1
81:9F57:E0M1X1,81:A629:E0M1X1
81:9F57:E0M1X1,81:A6E5:E0M1X1
81:9F57:E0M1X1,81:AD27:E0M1X1
81:9F57:E0M1X1,81:B580:E0M1X1
81:9F57:E0M1X1,81:B9F3:E0M1X1
81:9F57:E0M1X1,81:C299:E0M1X1
81:9F57:E0M1X1,81:CEF2:E0M1X1
81:9F57:E0M1X1,81:CF0F:E0M1X1
81:9F57:E0M1X1,81:D8EA:E0M1X1
81:9F57:E0M1X1,81:F87A:E0M1X1
81:9F57:E0M1X1,81:FE80:E0M1X1
81:9F58:E0M0X0,81:9F5C:E0M0X0
81:9F58:E0M1X1,81:9F5C:E0M1X1
81:9F5B:E0M1X0,92:EEC5:E0M1X0
81:9F5B:E0M1X1,80:BC98:E0M1X1
81:9F5B:E0M1X1,80:BC9D:E0M1X1
81:9F5C:E0M0X0,81:9F5E:E0M0X0
81:9F5C:E0M1X1,81:9F5E:E0M0X1
81:9F5E:E0M0X0,81:9F61:E0M0X0
81:9F5E:E0M0X1,81:9F61:E0M0X1
81:9F61:E0M0X0,81:9F64:E0M0X0
81:9F61:E0M0X1,81:9F64:E0M0X1
81:9F64:E0M0X0,81:9F67:E0M0X0
81:9F64:E0M0X1,81:9F67:E0M0X1
81:9F67:E0M0X0,81:9F6A:E0M0X0
81:9F67:E0M0X1,81:9F6A:E0M0X1
81:9F6A:E0M0X0,81:9F6D:E0M0X0
81:9F6A:E0M0X1,81:9F6D:E0M0X1
81:9F6D:E0M0X0,81:9F70:E0M0X0
81:9F6D:E0M0X1,81:9F70:E0M0X1
81:9F70:E0M0X0,81:9F72:E0M1X0
81:9F70:E0M0X1,81:9F72:E0M1X1
81:9F72:E0M1X0,81:9F75:E0M1X0
81:9F72:E0M1X1,81:9F75:E0M1X1
81:9F75:E0M1X0,81:9F78:E0M1X0
81:9F75:E0M1X1,81:9F78:E0M1X1
81:9F78:E0M1X0,81:9F7B:E0M1X0
81:9F78:E0M1X1,81:9F7B:E0M1X1
81:9F7B:E0M1X0,81:9F7E:E0M1X0
81:9F7B:E0M1X1,81:9F7E:E0M1X1
81:9F7E:E0M1X0,81:9F81:E0M1X0
81:9F7E:E0M1X1,81:9F81:E0M1X1
81:9F81:E0M1X0,81:9F84:E0M1X0
81:9F81:E0M1X1,81:9F84:E0M1X1
81:9F84:E0M1X0,81:9F87:E0M1X0
81:9F84:E0M1X1,81:9F87:E0M1X1
81:9F87:E0M1X0,81:9F8A:E0M1X0
81:9F87:E0M1X1,81:9F8A:E0M1X1
81:9F8A:E0M1X0,81:9F8D:E0M1X0
81:9F8A:E0M1X1,81:9F8D:E0M1X1
81:9F8D:E0M1X0,81:9F90:E0M1X0
81:9F8D:E0M1X1,81:9F90:E0M1X1
81:9F90:E0M1X0,81:9F93:E0M1X0
81:9F90:E0M1X1,81:9F93:E0M1X1
81:9F93:E0M1X0,81:9F96:E0M1X0
81:9F93:E0M1X1,81:9F96:E0M1X1
81:9F96:E0M1X0,81:9F99:E0M1X0
81:9F96:E0M1X1,81:9F99:E0M1X1
81:9F99:E0M1X0,81:9F9C:E0M1X0
81:9F99:E0M1X1,81:9F9C:E0M1X1
81:9F9C:E0M1X0,81:9F5B:E0M1X0
81:9F9C:E0M1X1,81:8DC7:E0M1X1
81:9F9C:E0M1X1,81:948D:E0M1X1
81:9F9C:E0M1X1,81:9E09:E0M1X1
81:9F9C:E0M1X1,81:9F5B:E0M1X1
81:9F9C:E0M1X1,81:A618:E0M1X1
81:9F9C:E0M1X1,81:A6DE:E0M1X1
81:9F9C:E0M1X1,81:AFE7:E0M1X1
81:9F9C:E0M1X1,81:B7B3:E0M1X1
81:9F9C:E0M1X1,81:BB09:E0M1X1
81:9F9C:E0M1X1,81:C655:E0M1X1
81:9F9C:E0M1X1,81:C88B:E0M1X1
81:9F9C:E0M1X1,81:D0BA:E0M1X1
81:9F9C:E0M1X1,81:F4C5:E0M1X1
81:9F9C:E0M1X1,81:F94F:E0M1X1
81:9F9D:E0M1X1,81:9FA0:E0M1X1
81:9FA0:E0M1X1,81:9FA2:E0M1X1
81:9FA0:E0M1X1,81:9FAD:E0M1X1
81:9FA2:E0M1X1,80:FB52:E0M1X1
81:9FA6:E0M1X1,80:F982:E0M1X1
81:9FAA:E0M1X1,81:9FAD:E0M1X1
81:9FAD:E0M1X1,81:8DDB:E0M1X1
81:9FAD:E0M1X1,81:94A6:E0M1X1
81:9FAD:E0M1X1,81:A650:E0M1X1
81:9FAD:E0M1X1,81:A713:E0M1X1
81:9FAD:E0M1X1,81:B004:E0M1X1
81:9FAD:E0M1X1,81:B7CA:E0M1X1
81:9FAD:E0M1X1,81:C670:E0M1X1
81:9FAD:E0M1X1,81:F76C:E0M1X1
81:9FAD:E0M1X1,81:F7D6:E0M1X1
81:9FAE:E0M1X1,81:9FB1:E0M1X1
81:9FB1:E0M1X1,81:9FB4:E0M1X1
81:9FB4:E0M1X1,81:9FB6:E0M1X1
81:9FB4:E0M1X1,81:9FB9:E0M1X1
81:9FB6:E0M1X1,81:9FB9:E0M1X1
81:9FB9:E0M1X1,81:9FBC:E0M1X1
81:9FBC:E0M1X1,81:9FBF:E0M1X1
81:9FBF:E0M1X1,81:9FC2:E0M1X1
81:9FC2:E0M1X1,81:9FC5:E0M1X1
81:9FC5:E0M1X1,81:915E:E0M1X1
81:9FC5:E0M1X1,81:B4F9:E0M1X1
81:9FC5:E0M1X1,81:B9BD:E0M1X1
81:9FC5:E0M1X1,81:CB20:E0M1X1
81:9FC5:E0M1X1,81:CBFE:E0M1X1
81:9FC5:E0M1X1,81:F746:E0M1X1
81:9FC5:E0M1X1,81:F7B0:E0M1X1
81:9FC6:E0M1X1,81:9FC9:E0M1X1
81:9FC9:E0M1X1,81:9FCA:E0M1X1
81:9FCA:E0M1X1,81:9FCC:E0M1X1
81:9FCA:E0M1X1,81:9FCD:E0M1X1
81:9FCC:E0M1X1,81:9FCD:E0M1X1
81:9FCD:E0M1X1,81:9FD0:E0M1X1
81:9FD0:E0M1X1,81:9FD3:E0M1X1
81:9FD3:E0M1X1,81:9FD6:E0M1X1
81:9FD6:E0M1X1,81:9FD9:E0M1X1
81:9FD9:E0M1X1,81:9FDC:E0M1X1
81:9FDC:E0M1X1,81:9163:E0M1X1
81:9FDC:E0M1X1,81:B4FE:E0M1X1
81:9FDC:E0M1X1,81:B9C2:E0M1X1
81:9FDC:E0M1X1,81:CC03:E0M1X1
81:9FDC:E0M1X1,81:CEFA:E0M1X1
81:9FDC:E0M1X1,81:CF31:E0M1X1
81:9FDC:E0M1X1,81:F741:E0M1X1
81:9FDC:E0M1X1,81:F7AB:E0M1X1
81:9FDD:E0M1X1,81:9FE0:E0M1X1
81:9FE0:E0M1X1,81:9FE2:E0M1X1
81:9FE0:E0M1X1,81:9FE5:E0M1X1
81:9FE2:E0M1X1,81:9FAE:E0M1X1
81:9FE5:E0M1X1,81:B4F9:E0M1X1
81:9FE5:E0M1X1,81:CB20:E0M1X1
81:9FE5:E0M1X1,81:CBFE:E0M1X1
81:9FE6:E0M1X1,81:9FE9:E0M1X1
81:9FE9:E0M1X1,81:9FEB:E0M1X1
81:9FE9:E0M1X1,81:9FEE:E0M1X1
81:9FEB:E0M1X1,81:9FAE:E0M1X1
81:9FEE:E0M1X1,81:915E:E0M1X1
81:9FEE:E0M1X1,81:B9BD:E0M1X1
81:9FEE:E0M1X1,81:F746:E0M1X1
81:9FEE:E0M1X1,81:F7B0:E0M1X1
81:9FEF:E0M1X1,81:9FF2:E0M1X1
81:9FF2:E0M1X1,81:9FF4:E0M1X1
81:9FF2:E0M1X1,81:9FF7:E0M1X1
81:9FF4:E0M1X1,81:9FC6:E0M1X1
81:9FF7:E0M1X1,81:B4FE:E0M1X1
81:9FF7:E0M1X1,81:CC03:E0M1X1
81:9FF7:E0M1X1,81:CEFA:E0M1X1
81:9FF7:E0M1X1,81:CF31:E0M1X1
81:9FF8:E0M1X1,81:9FFB:E0M1X1
81:9FFB:E0M1X1,81:9FFD:E0M1X1
81:9FFB:E0M1X1,81:A000:E0M1X1
81:9FFD:E0M1X1,81:9FC6:E0M1X1
81:A000:E0M1X1,81:9163:E0M1X1
81:A000:E0M1X1,81:B9C2:E0M1X1
81:A000:E0M1X1,81:F741:E0M1X1
81:A000:E0M1X1,81:F7AB:E0M1X1
81:A001:E0M1X1,81:A004:E0M1X1
81:A004:E0M1X1,81:A006:E0M1X1
81:A004:E0M1X1,81:A00D:E0M1X1
81:A006:E0M1X1,81:A007:E0M1X1
81:A007:E0M1X1,81:A00A:E0M1X1
81:A00A:E0M1X1,81:A00C:E0M1X1
81:A00C:E0M1X1,81:9190:E0M1X1
81:A00C:E0M1X1,81:9A3A:E0M1X1
81:A00C:E0M1X1,81:B504:E0M1X1
81:A00C:E0M1X1,81:B9C5:E0M1X1
81:A00C:E0M1X1,81:CC06:E0M1X1
81:A00C:E0M1X1,81:F749:E0M1X1
81:A00C:E0M1X1,81:F7B3:E0M1X1
81:A00D:E0M1X1,81:A00F:E0M1X1
81:A00F:E0M1X1,81:A011:E0M1X1
81:A00F:E0M1X1,81:A018:E0M1X1
81:A011:E0M1X1,81:A012:E0M1X1
81:A012:E0M1X1,81:A015:E0M1X1
81:A015:E0M1X1,81:A017:E0M1X1
81:A017:E0M1X1,81:9190:E0M1X1
81:A017:E0M1X1,81:9A3A:E0M1X1
81:A017:E0M1X1,81:B504:E0M1X1
81:A017:E0M1X1,81:B9C5:E0M1X1
81:A017:E0M1X1,81:CC06:E0M1X1
81:A017:E0M1X1,81:F749:E0M1X1
81:A017:E0M1X1,81:F7B3:E0M1X1
81:A018:E0M1X1,81:A019:E0M1X1
81:A019:E0M1X1,81:A01B:E0M1X1
81:A01B:E0M1X1,81:A01D:E0M1X1
81:A01B:E0M1X1,81:A01F:E0M1X1
81:A01D:E0M1X1,81:A01F:E0M1X1
81:A01F:E0M1X1,81:A022:E0M1X1
81:A022:E0M1X1,81:A024:E0M1X1
81:A024:E0M1X1,81:9190:E0M1X1
81:A024:E0M1X1,81:9A3A:E0M1X1
81:A024:E0M1X1,81:B504:E0M1X1
81:A024:E0M1X1,81:B9C5:E0M1X1
81:A024:E0M1X1,81:CC06:E0M1X1
81:A024:E0M1X1,81:F749:E0M1X1
81:A024:E0M1X1,81:F7B3:E0M1X1
81:A025:E0M1X1,81:A026:E0M1X1
81:A026:E0M1X1,81:A027:E0M1X1
81:A027:E0M1X1,81:A028:E0M1X1
81:A028:E0M1X1,81:A02D:E0M1X1
81:A02B:E0M1X1,81:A02C:E0M1X1
81:A02C:E0M1X1,9F:FAD2:E0M1X1
81:A02C:E0M1X1,9F:FADA:E0M1X1
81:A02C:E0M1X1,9F:FAE0:E0M1X1
81:A02C:E0M1X1,9F:FAE6:E0M1X1
81:A02D:E0M1X1,81:A02E:E0M1X1
81:A02E:E0M1X1,81:A030:E0M1X1
81:A030:E0M1X1,81:A033:E0M1X1
81:A033:E0M1X1,81:A035:E0M1X1
81:A033:E0M1X1,81:A038:E0M1X1
81:A035:E0M1X1,81:A036:E0M1X1
81:A036:E0M1X1,81:A030:E0M1X1
81:A038:E0M1X1,81:A039:E0M1X1
81:A039:E0M1X1,81:A03C:E0M1X1
81:A03C:E0M1X1,81:A03F:E0M1X1
81:A03F:E0M1X1,81:A042:E0M1X1
81:A042:E0M1X1,81:9474:E0M1X1
81:A042:E0M1X1,81:A02B:E0M1X1
81:A042:E0M1X1,81:D03B:E0M1X1
81:A057:E0M1X1,81:A059:E0M1X1
81:A059:E0M1X1,81:A05B:E0M1X1
81:A05B:E0M1X1,81:A05E:E0M1X1
81:A05E:E0M1X1,81:A05F:E0M1X1
81:A05F:E0M1X1,81:A05B:E0M1X1
81:A05F:E0M1X1,81:A061:E0M1X1
81:A061:E0M1X1,81:9E06:E0M1X1
81:A062:E0M1X1,81:A063:E0M1X1
81:A063:E0M1X1,81:A064:E0M1X1
81:A064:E0M1X1,81:A067:E0M1X1
81:A067:E0M1X1,81:A069:E0M1X1
81:A067:E0M1X1,81:A06E:E0M1X1
81:A069:E0M1X1,81:A06A:E0M1X1
81:A06A:E0M1X1,81:A06D:E0M1X1
81:A06D:E0M1X1,81:A0EB:E0M1X1
81:A06E:E0M1X1,81:A070:E0M0X1
81:A070:E0M0X1,81:A073:E0M0X1
81:A073:E0M0X1,81:A075:E0M0X1
81:A075:E0M0X1,81:A077:E0M1X1
81:A077:E0M1X1,81:A079:E0M1X1
81:A079:E0M1X1,81:A07B:E0M1X1
81:A07B:E0M1X1,81:A07D:E0M1X1
81:A07D:E0M1X1,81:A080:E0M1X1
81:A080:E0M1X1,81:A081:E0M1X1
81:A081:E0M1X1,81:A083:E0M1X1
81:A083:E0M1X1,81:A084:E0M1X1
81:A084:E0M1X1,81:A086:E0M1X1
81:A086:E0M1X1,81:A087:E0M1X1
81:A087:E0M1X1,81:A089:E0M1X1
81:A089:E0M1X1,81:A08C:E0M1X1
81:A08C:E0M1X1,81:A08D:E0M1X1
81:A08D:E0M1X1,81:A08F:E0M1X1
81:A08F:E0M1X1,81:A091:E0M1X1
81:A091:E0M1X1,81:A092:E0M1X1
81:A092:E0M1X1,81:A094:E0M1X1
81:A094:E0M1X1,81:A096:E0M1X1
81:A096:E0M1X1,81:A099:E0M1X1
81:A099:E0M1X1,81:A09B:E0M1X1
81:A09B:E0M1X1,81:A0C9:E0M1X1
81:A09E:E0M1X1,81:A0A1:E0M1X1
81:A0A1:E0M1X1,81:A0A3:E0M1X1
81:A0A3:E0M1X1,81:A0A5:E0M1X1
81:A0A5:E0M1X1,81:A0A7:E0M1X1
81:A0A5:E0M1X1,81:A0C8:E0M1X1
81:A0A7:E0M1X1,81:A0A9:E0M1X1
81:A0A9:E0M1X1,81:A0AA:E0M1X1
81:A0AA:E0M1X1,81:A0AB:E0M1X1
81:A0AB:E0M1X1,81:A0AD:E0M1X1
81:A0AD:E0M1X1,81:A0AE:E0M1X1
81:A0AE:E0M1X1,81:A0B0:E0M1X1
81:A0B0:E0M1X1,81:A0B3:E0M1X1
81:A0B3:E0M1X1,81:A0B4:E0M1X1
81:A0B4:E0M1X1,81:A0B6:E0M1X1
81:A0B6:E0M1X1,81:A0B9:E0M1X1
81:A0B9:E0M1X1,81:A0BB:E0M1X1
81:A0BB:E0M1X1,81:A0BC:E0M1X1
81:A0BC:E0M1X1,81:A0BE:E0M1X1
81:A0BE:E0M1X1,81:A0C0:E0M1X1
81:A0BE:E0M1X1,81:A0C2:E0M1X1
81:A0C0:E0M1X1,81:A0C2:E0M1X1
81:A0C2:E0M1X1,81:A0C4:E0M1X1
81:A0C4:E0M1X1,81:A0C6:E0M1X1
81:A0C6:E0M1X1,81:A0A1:E0M1X1
81:A0C8:E0M1X1,81:A0EB:E0M1X1
81:A0C9:E0M1X1,81:A0CA:E0M1X1
81:A0CA:E0M1X1,81:A0CC:E0M1X1
81:A0CC:E0M1X1,81:A0CE:E0M1X1
81:A0CC:E0M1X1,81:A0D5:E0M1X1
81:A0CE:E0M1X1,81:A0D0:E0M1X1
81:A0D0:E0M1X1,81:A0D2:E0M1X1
81:A0D0:E0M1X1,81:A0D8:E0M1X1
81:A0D2:E0M1X1,81:A0D4:E0M1X1
81:A0D4:E0M1X1,81:A09E:E0M1X1
81:A0D5:E0M1X1,81:A0D7:E0M1X1
81:A0D7:E0M1X1,81:A0D8:E0M1X1
81:A0D8:E0M1X1,81:A09E:E0M1X1
81:A0D9:E0M1X1,81:A0DA:E0M1X1
81:A0DA:E0M1X1,81:A0DB:E0M1X1
81:A0DB:E0M1X1,81:A0DC:E0M1X1
81:A0DC:E0M1X1,81:A0E1:E0M1X1
81:A0DF:E0M1X1,81:A0E0:E0M1X1
81:A0E0:E0M1X1,9F:FC3D:E0M1X1
81:A0E1:E0M1X1,81:A0E3:E0M1X1
81:A0E3:E0M1X1,81:A0E6:E0M1X1
81:A0E6:E0M1X1,81:A0E8:E0M1X1
81:A0E6:E0M1X1,81:A0EB:E0M1X1
81:A0E8:E0M1X1,81:A062:E0M1X1
81:A0EB:E0M1X1,81:A0EC:E0M1X1
81:A0EC:E0M1X1,81:A0E3:E0M1X1
81:A0EC:E0M1X1,81:A0EE:E0M1X1
81:A0EE:E0M1X1,81:9A51:E0M1X1
81:A0EE:E0M1X1,81:A0DF:E0M1X1
81:A0EE:E0M1X1,81:CEEC:E0M1X1
81:A0EE:E0M1X1,81:CF09:E0M1X1
81:A0EE:E0M1X1,81:D8B4:E0M1X1
81:A0EE:E0M1X1,81:F87D:E0M1X1
81:A557:E0M1X1,81:9C46:E0M1X1
81:A55A:E0M1X1,81:A750:E0M1X1
81:A55D:E0M1X1,81:A55F:E0M0X0
81:A55F:E0M0X0,81:A562:E0M0X0
81:A562:E0M0X0,81:A565:E0M0X0
81:A565:E0M0X0,80:839B:E0M0X0
81:A569:E0M0X0,81:A56C:E0M0X0
81:A56C:E0M0X0,81:A56F:E0M0X0
81:A56F:E0M0X0,80:82F7:E0M0X0
81:A573:E0M0X0,81:A576:E0M0X0
81:A576:E0M0X0,81:A57A:E0M0X0
81:A57A:E0M0X0,81:A57D:E0M0X0
81:A57D:E0M0X0,81:A580:E0M0X0
81:A580:E0M0X0,80:835B:E0M0X0
81:A584:E0M0X0,81:A765:E0M0X0
81:A587:E0M0X0,81:A58A:E0M0X0
81:A58A:E0M0X0,81:A58D:E0M0X0
81:A58D:E0M0X0,81:A590:E0M0X0
81:A590:E0M0X0,81:DE80:E0M0X0
81:A593:E0M0X0,81:A596:E0M0X0
81:A596:E0M0X0,81:A597:E0M0X0
81:A597:E0M0X0,81:A59A:E0M0X0
81:A59A:E0M0X0,81:A59D:E0M0X0
81:A59D:E0M0X0,81:A5A0:E0M0X0
81:A5A0:E0M0X0,81:DDDF:E0M0X0
81:A5A3:E0M0X0,81:A5A5:E0M1X1
81:A5A5:E0M1X1,81:A5A8:E0M1X1
81:A5A8:E0M1X1,81:A5AA:E0M1X1
81:A5A8:E0M1X1,81:A5D2:E0M1X1
81:A5AA:E0M1X1,81:A5AC:E0M1X1
81:A5AC:E0M1X1,81:A5AF:E0M1X1
81:A5AF:E0M1X1,81:A5B1:E0M1X1
81:A5B1:E0M1X1,81:A5B4:E0M1X1
81:A5B4:E0M1X1,81:A5B6:E0M1X1
81:A5B6:E0M1X1,81:A5B9:E0M1X1
81:A5B9:E0M1X1,81:A5BB:E0M1X1
81:A5BB:E0M1X1,81:A5BE:E0M1X1
81:A5BE:E0M1X1,81:A5C0:E0M1X1
81:A5C0:E0M1X1,81:A5C3:E0M1X1
81:A5C3:E0M1X1,81:A5C5:E0M1X1
81:A5C5:E0M1X1,81:A5C8:E0M1X1
81:A5C8:E0M1X1,81:A5CA:E0M1X1
81:A5CA:E0M1X1,81:A5CD:E0M1X1
81:A5CD:E0M1X1,81:A5CF:E0M1X1
81:A5CF:E0M1X1,81:A5D2:E0M1X1
81:A5D2:E0M1X1,81:A78B:E0M1X1
81:A5D5:E0M1X1,81:A5D8:E0M1X1
81:A5D8:E0M1X1,81:A9D7:E0M1X1
81:A5DB:E0M1X1,81:A5DE:E0M1X1
81:A5DE:E0M1X1,81:A5E0:E0M1X1
81:A5E0:E0M1X1,81:A5E3:E0M1X1
81:A5E3:E0M1X1,81:A5E5:E0M1X1
81:A5E3:E0M1X1,81:A5EC:E0M1X1
81:A5E5:E0M1X1,81:A5E8:E0M1X1
81:A5E8:E0M1X1,81:A5EA:E0M1X1
81:A5E8:E0M1X1,81:A5EC:E0M1X1
81:A5EA:E0M1X1,81:A5EC:E0M1X1
81:A5EC:E0M1X1,81:A5EF:E0M1X1
81:A5EF:E0M1X1,81:A5F2:E0M1X1
81:A5F2:E0M1X1,81:A7F4:E0M1X1
81:A5F5:E0M1X1,81:A84D:E0M1X1
81:A5F8:E0M1X1,81:A835:E0M1X1
81:A5FB:E0M1X1,81:A5FD:E0M1X1
81:A5FD:E0M1X1,81:A600:E0M1X1
81:A600:E0M1X1,81:A7AA:E0M1X1
81:A603:E0M1X1,81:9C8C:E0M1X1
81:A606:E0M1X1,81:9CB6:E0M1X1
81:A609:E0M1X1,80:C2F4:E0M1X1
81:A60D:E0M1X1,80:C066:E0M1X1
81:A611:E0M1X1,80:A3A0:E0M1X1
81:A615:E0M1X1,81:9F5C:E0M1X1
81:A618:E0M1X1,81:A61B:E0M1X1
81:A61B:E0M1X1,81:A61D:E0M1X1
81:A61D:E0M1X1,81:A61F:E0M1X1
81:A61D:E0M1X1,81:A622:E0M1X1
81:A61F:E0M1X1,81:A622:E0M1X1
81:A622:E0M1X1,92:ED31:E0M1X1
81:A626:E0M1X1,81:9EDB:E0M1X1
81:A629:E0M1X1,81:A648:E0M1X1
81:A62C:E0M1X1,81:9C8C:E0M1X1
81:A62F:E0M1X1,81:A632:E0M1X1
81:A632:E0M1X1,81:A62F:E0M1X1
81:A632:E0M1X1,81:A634:E0M1X1
81:A634:E0M1X1,81:A637:E0M1X1
81:A637:E0M1X1,81:A622:E0M1X1
81:A637:E0M1X1,81:A639:E0M1X1
81:A639:E0M1X1,80:FB3E:E0M1X1
81:A63D:E0M1X1,80:F982:E0M1X1
81:A641:E0M1X1,80:A3EA:E0M1X1
81:A645:E0M1X1,81:A7D1:E0M1X1
81:A648:E0M1X1,81:A64B:E0M1X1
81:A64B:E0M1X1,81:A64D:E0M1X1
81:A64B:E0M1X1,81:A669:E0M1X1
81:A64D:E0M1X1,81:9F9D:E0M1X1
81:A650:E0M1X1,81:A652:E0M1X1
81:A652:E0M1X1,81:A655:E0M1X1
81:A655:E0M1X1,81:A658:E0M1X1
81:A658:E0M1X1,81:A65B:E0M1X1
81:A65B:E0M1X1,81:A727:E0M1X1
81:A65E:E0M1X1,81:A84D:E0M1X1
81:A661:E0M1X1,81:A835:E0M1X1
81:A664:E0M1X1,81:A666:E0M1X1
81:A666:E0M1X1,81:A669:E0M1X1
81:A669:E0M1X1,81:A62C:E0M1X1
81:A66A:E0M1X1,81:9C46:E0M1X1
81:A66D:E0M1X1,81:A750:E0M1X1
81:A670:E0M1X1,81:A672:E0M0X0
81:A672:E0M0X0,81:A675:E0M0X0
81:A675:E0M0X0,81:A678:E0M0X0
81:A678:E0M0X0,81:A67B:E0M0X0
81:A67B:E0M0X0,80:839B:E0M0X0
81:A67F:E0M0X0,81:A682:E0M0X0
81:A682:E0M0X0,81:A685:E0M0X0
81:A685:E0M0X0,80:82F7:E0M0X0
81:A689:E0M0X0,81:A68C:E0M0X0
81:A68C:E0M0X0,81:A690:E0M0X0
81:A690:E0M0X0,81:A693:E0M0X0
81:A693:E0M0X0,81:A696:E0M0X0
81:A696:E0M0X0,80:835B:E0M0X0
81:A69A:E0M0X0,81:A765:E0M0X0
81:A69D:E0M0X0,81:A6A0:E0M0X0
81:A6A0:E0M0X0,80:839B:E0M0X0
81:A6A4:E0M0X0,81:A6A6:E0M1X1
81:A6A6:E0M1X1,81:A78B:E0M1X1
81:A6A9:E0M1X1,81:A6AC:E0M1X1
81:A6AC:E0M1X1,81:A9D7:E0M1X1
81:A6AF:E0M1X1,81:A6B2:E0M1X1
81:A6B2:E0M1X1,81:A6B5:E0M1X1
81:A6B5:E0M1X1,81:A6B8:E0M1X1
81:A6B8:E0M1X1,81:A7F4:E0M1X1
81:A6BB:E0M1X1,81:A86D:E0M1X1
81:A6BE:E0M1X1,81:A81D:E0M1X1
81:A6C1:E0M1X1,81:A6C3:E0M1X1
81:A6C3:E0M1X1,81:A6C6:E0M1X1
81:A6C6:E0M1X1,81:A7AA:E0M1X1
81:A6C9:E0M1X1,81:9C8C:E0M1X1
81:A6CC:E0M1X1,81:9CB6:E0M1X1
81:A6CF:E0M1X1,80:C2F4:E0M1X1
81:A6D3:E0M1X1,80:C066:E0M1X1
81:A6D7:E0M1X1,80:A3A0:E0M1X1
81:A6DB:E0M1X1,81:9F5C:E0M1X1
81:A6DE:E0M1X1,92:ED31:E0M1X1
81:A6E2:E0M1X1,81:9EDB:E0M1X1
81:A6E5:E0M1X1,81:A70B:E0M1X1
81:A6E8:E0M1X1,81:9C8C:E0M1X1
81:A6EB:E0M1X1,81:A6EE:E0M1X1
81:A6EE:E0M1X1,81:A6EB:E0M1X1
81:A6EE:E0M1X1,81:A6F0:E0M1X1
81:A6F0:E0M1X1,81:A6F3:E0M1X1
81:A6F3:E0M1X1,81:A6DE:E0M1X1
81:A6F3:E0M1X1,81:A6F5:E0M1X1
81:A6F5:E0M1X1,80:FB3E:E0M1X1
81:A6F9:E0M1X1,80:F982:E0M1X1
81:A6FD:E0M1X1,80:A3EA:E0M1X1
81:A701:E0M1X1,81:A7D1:E0M1X1
81:A704:E0M1X1,81:A707:E0M1X1
81:A707:E0M1X1,81:A70A:E0M1X1
81:A70A:E0M1X1,81:B04D:E0M1X1
81:A70A:E0M1X1,81:F909:E0M1X1
81:A70A:E0M1X1,81:F90E:E0M1X1
81:A70A:E0M1X1,81:F913:E0M1X1
81:A70B:E0M1X1,81:A70E:E0M1X1
81:A70E:E0M1X1,81:A710:E0M1X1
81:A70E:E0M1X1,81:A726:E0M1X1
81:A710:E0M1X1,81:9F9D:E0M1X1
81:A713:E0M1X1,81:A715:E0M1X1
81:A715:E0M1X1,81:A718:E0M1X1
81:A718:E0M1X1,81:A727:E0M1X1
81:A71B:E0M1X1,81:A86D:E0M1X1
81:A71E:E0M1X1,81:A81D:E0M1X1
81:A721:E0M1X1,81:A723:E0M1X1
81:A723:E0M1X1,81:A726:E0M1X1
81:A726:E0M1X1,81:A6E8:E0M1X1
81:A727:E0M1X1,81:A72A:E0M1X1
81:A72A:E0M1X1,81:A72C:E0M1X1
81:A72A:E0M1X1,81:A737:E0M1X1
81:A72C:E0M1X1,81:A72F:E0M1X1
81:A72F:E0M1X1,81:A732:E0M1X1
81:A732:E0M1X1,81:A735:E0M1X1
81:A735:E0M1X1,81:A74F:E0M1X1
81:A737:E0M1X1,81:A739:E0M1X1
81:A739:E0M1X1,81:A73B:E0M1X1
81:A739:E0M1X1,81:A746:E0M1X1
81:A73B:E0M1X1,81:A73D:E0M1X1
81:A73D:E0M1X1,81:A73F:E0M1X1
81:A73D:E0M1X1,81:A74F:E0M1X1
81:A73F:E0M1X1,81:A741:E0M1X1
81:A741:E0M1X1,81:A744:E0M1X1
81:A744:E0M1X1,81:A74F:E0M1X1
81:A746:E0M1X1,81:A748:E0M1X1
81:A748:E0M1X1,81:A74A:E0M1X1
81:A748:E0M1X1,81:A74F:E0M1X1
81:A74A:E0M1X1,81:A74C:E0M1X1
81:A74C:E0M1X1,81:A74F:E0M1X1
81:A74F:E0M1X1,81:A65E:E0M1X1
81:A74F:E0M1X1,81:A71B:E0M1X1
81:A750:E0M1X1,81:A752:E0M0X1
81:A752:E0M0X1,81:A755:E0M0X1
81:A755:E0M0X1,81:A758:E0M0X1
81:A758:E0M0X1,81:A75B:E0M0X1
81:A75B:E0M0X1,81:A75E:E0M0X1
81:A75E:E0M0X1,81:A760:E0M1X1
81:A760:E0M1X1,81:A762:E0M1X1
81:A762:E0M1X1,81:9DB1:E0M1X1
81:A765:E0M0X0,81:A768:E0M0X0
81:A768:E0M0X0,81:9E50:E0M0X0
81:A76B:E0M0X0,81:A76E:E0M0X0
81:A76E:E0M0X0,81:9E12:E0M0X0
81:A771:E0M0X0,81:A774:E0M0X0
81:A774:E0M0X0,81:A777:E0M0X0
81:A777:E0M0X0,81:A77A:E0M0X0
81:A77A:E0M0X0,81:A77D:E0M0X0
81:A77D:E0M0X0,81:A780:E0M0X0
81:A780:E0M0X0,81:A783:E0M0X0
81:A783:E0M0X0,81:A786:E0M0X0
81:A786:E0M0X0,80:835B:E0M0X0
81:A78A:E0M0X0,81:A587:E0M0X0
81:A78A:E0M0X0,81:A69D:E0M0X0
81:A78B:E0M1X1,81:A78D:E0M1X1
81:A78D:E0M1X1,81:A790:E0M1X1
81:A790:E0M1X1,81:A792:E0M1X1
81:A792:E0M1X1,81:A795:E0M1X1
81:A795:E0M1X1,81:A797:E0M1X1
81:A797:E0M1X1,81:A79A:E0M1X1
81:A79A:E0M1X1,81:A79C:E0M1X1
81:A79C:E0M1X1,81:A79F:E0M1X1
81:A79F:E0M1X1,81:A7A1:E0M1X1
81:A7A1:E0M1X1,81:A7A4:E0M1X1
81:A7A4:E0M1X1,81:A7A6:E0M1X1
81:A7A6:E0M1X1,81:A7A9:E0M1X1
81:A7A9:E0M1X1,81:A5D5:E0M1X1
81:A7A9:E0M1X1,81:A6A9:E0M1X1
81:A7AA:E0M1X1,81:A7AC:E0M1X1
81:A7AC:E0M1X1,81:A7AF:E0M1X1
81:A7AF:E0M1X1,81:A7B2:E0M1X1
81:A7B2:E0M1X1,81:A7B5:E0M1X1
81:A7B5:E0M1X1,81:A7B8:E0M1X1
81:A7B8:E0M1X1,81:A7BA:E0M1X1
81:A7BA:E0M1X1,81:A7BD:E0M1X1
81:A7BD:E0M1X1,81:A7BF:E0M1X1
81:A7BF:E0M1X1,81:A7C2:E0M1X1
81:A7C2:E0M1X1,81:A7C4:E0M1X1
81:A7C4:E0M1X1,81:A7C7:E0M1X1
81:A7C7:E0M1X1,81:A7CA:E0M1X1
81:A7CA:E0M1X1,81:A7CC:E0M1X1
81:A7CC:E0M1X1,81:A7CF:E0M1X1
81:A7CF:E0M1X1,81:A7D0:E0M1X1
81:A7D0:E0M1X1,81:A603:E0M1X1
81:A7D0:E0M1X1,81:A6C9:E0M1X1
81:A7D1:E0M1X1,81:A7D3:E0M1X1
81:A7D3:E0M1X1,81:A7D6:E0M1X1
81:A7D6:E0M1X1,81:A7D7:E0M1X1
81:A7D7:E0M1X1,81:9D40:E0M1X1
81:A7DA:E0M1X1,81:A7DC:E0M1X1
81:A7DC:E0M1X1,81:A7DF:E0M1X1
81:A7DF:E0M1X1,81:A7E1:E0M1X1
81:A7E1:E0M1X1,81:A7E4:E0M1X1
81:A7E4:E0M1X1,81:A7E6:E0M1X1
81:A7E6:E0M1X1,81:A7E9:E0M1X1
81:A7E9:E0M1X1,81:A7EB:E0M1X1
81:A7EB:E0M1X1,81:A7EE:E0M1X1
81:A7EE:E0M1X1,81:A7F0:E0M1X1
81:A7F0:E0M1X1,81:A7F3:E0M1X1
81:A7F3:E0M1X1,81:A704:E0M1X1
81:A7F3:E0M1X1,81:AC9F:E0M1X1
81:A7F3:E0M1X1,81:ACB6:E0M1X1
81:A7F4:E0M1X1,81:A7F5:E0M1X1
81:A7F5:E0M1X1,81:A7F7:E0M1X1
81:A7F7:E0M1X1,81:A7F8:E0M1X1
81:A7F8:E0M1X1,81:A7F9:E0M1X1
81:A7F9:E0M1X1,81:A7FB:E0M0X0
81:A7FB:E0M0X0,81:A7FE:E0M0X0
81:A7FE:E0M0X0,81:A801:E0M0X0
81:A801:E0M0X0,81:A802:E0M0X0
81:A802:E0M0X0,81:A803:E0M0X0
81:A803:E0M0X0,81:A804:E0M0X0
81:A804:E0M0X0,81:A805:E0M0X0
81:A805:E0M0X0,81:A806:E0M0X0
81:A806:E0M0X0,81:A807:E0M0X0
81:A807:E0M0X0,81:A80A:E0M0X0
81:A80A:E0M0X0,81:A80D:E0M0X0
81:A80D:E0M0X0,81:A810:E0M0X0
81:A810:E0M0X0,81:A811:E0M0X0
81:A811:E0M0X0,81:A812:E0M0X0
81:A812:E0M0X0,81:A813:E0M0X0
81:A813:E0M0X0,81:A814:E0M0X0
81:A814:E0M0X0,81:A817:E0M0X0
81:A817:E0M0X0,81:A80A:E0M0X0
81:A817:E0M0X0,81:A819:E0M0X0
81:A819:E0M0X0,81:A81B:E0M1X1
81:A81B:E0M1X1,81:A81C:E0M1X1
81:A81C:E0M1X1,81:A5F5:E0M1X1
81:A81C:E0M1X1,81:A6BB:E0M1X1
81:A81C:E0M1X1,81:AB4D:E0M1X1
81:A81C:E0M1X1,81:AB81:E0M1X1
81:A81D:E0M1X1,81:A81F:E0M0X0
81:A81F:E0M0X0,81:A822:E0M0X0
81:A822:E0M0X0,81:A825:E0M0X0
81:A825:E0M0X0,81:A826:E0M0X0
81:A826:E0M0X0,81:A829:E0M0X0
81:A829:E0M0X0,81:A82C:E0M0X0
81:A82C:E0M0X0,81:A82F:E0M0X0
81:A82F:E0M0X0,81:DE80:E0M0X0
81:A832:E0M0X0,81:A834:E0M1X1
81:A834:E0M1X1,81:A6C1:E0M1X1
81:A834:E0M1X1,81:A721:E0M1X1
81:A835:E0M1X1,81:A837:E0M0X0
81:A837:E0M0X0,81:A83A:E0M0X0
81:A83A:E0M0X0,81:A83D:E0M0X0
81:A83D:E0M0X0,81:A83E:E0M0X0
81:A83E:E0M0X0,81:A841:E0M0X0
81:A841:E0M0X0,81:A844:E0M0X0
81:A844:E0M0X0,81:A847:E0M0X0
81:A847:E0M0X0,81:DE80:E0M0X0
81:A84A:E0M0X0,81:A84C:E0M1X1
81:A84C:E0M1X1,81:A5FB:E0M1X1
81:A84C:E0M1X1,81:A664:E0M1X1
81:A84D:E0M1X1,81:A84F:E0M0X0
81:A84F:E0M0X0,81:A852:E0M0X0
81:A852:E0M0X0,81:A855:E0M0X0
81:A855:E0M0X0,81:A856:E0M0X0
81:A856:E0M0X0,81:A857:E0M0X0
81:A857:E0M0X0,81:A85A:E0M0X0
81:A85A:E0M0X0,80:839B:E0M0X0
81:A85E:E0M0X0,81:A85F:E0M0X0
81:A85F:E0M0X0,81:A860:E0M0X0
81:A860:E0M0X0,81:A863:E0M0X0
81:A863:E0M0X0,81:A866:E0M0X0
81:A866:E0M0X0,80:82F7:E0M0X0
81:A86A:E0M0X0,81:A86C:E0M1X1
81:A86C:E0M1X1,81:A5F8:E0M1X1
81:A86C:E0M1X1,81:A661:E0M1X1
81:A86D:E0M1X1,81:A86F:E0M0X0
81:A86F:E0M0X0,81:A872:E0M0X0
81:A872:E0M0X0,81:A875:E0M0X0
81:A875:E0M0X0,81:A876:E0M0X0
81:A876:E0M0X0,81:A877:E0M0X0
81:A877:E0M0X0,81:A87A:E0M0X0
81:A87A:E0M0X0,80:839B:E0M0X0
81:A87E:E0M0X0,81:A87F:E0M0X0
81:A87F:E0M0X0,81:A880:E0M0X0
81:A880:E0M0X0,81:A883:E0M0X0
81:A883:E0M0X0,81:A886:E0M0X0
81:A886:E0M0X0,80:82F7:E0M0X0
81:A88A:E0M0X0,81:A88C:E0M1X1
81:A88C:E0M1X1,81:A6BE:E0M1X1
81:A88C:E0M1X1,81:A71E:E0M1X1
81:A88D:E0M1X1,81:A890:E0M1X1
81:A890:E0M1X1,81:A892:E0M1X1
81:A890:E0M1X1,81:A895:E0M1X1
81:A892:E0M1X1,81:A898:E0M1X1
81:A895:E0M1X1,81:A8EB:E0M1X1
81:A898:E0M1X1,81:A89B:E0M1X1
81:A89B:E0M1X1,81:A89D:E0M1X1
81:A89B:E0M1X1,81:A8CF:E0M1X1
81:A89D:E0M1X1,81:A8A0:E0M1X1
81:A8A0:E0M1X1,81:A8A1:E0M1X1
81:A8A1:E0M1X1,81:A8A3:E0M1X1
81:A8A3:E0M1X1,81:A8A5:E0M1X1
81:A8A3:E0M1X1,81:A8A7:E0M1X1
81:A8A5:E0M1X1,81:A8A7:E0M1X1
81:A8A7:E0M1X1,81:A8AA:E0M1X1
81:A8AA:E0M1X1,81:A8AC:E0M1X1
81:A8AC:E0M1X1,81:A8AE:E0M1X1
81:A8AC:E0M1X1,81:A8C4:E0M1X1
81:A8AE:E0M1X1,81:A8B1:E0M1X1
81:A8B1:E0M1X1,81:A8B2:E0M1X1
81:A8B2:E0M1X1,81:A8B3:E0M1X1
81:A8B3:E0M1X1,81:A8B5:E0M0X1
81:A8B5:E0M0X1,81:A8B8:E0M0X1
81:A8B8:E0M0X1,81:A8BB:E0M0X1
81:A8BB:E0M0X1,81:A8BD:E0M1X1
81:A8BD:E0M1X1,81:A8BF:E0M1X1
81:A8BD:E0M1X1,81:A8C4:E0M1X1
81:A8BF:E0M1X1,81:A8C1:E0M1X1
81:A8C1:E0M1X1,81:A8C4:E0M1X1
81:A8C4:E0M1X1,81:A8C7:E0M1X1
81:A8C7:E0M1X1,81:A8CA:E0M1X1
81:A8CA:E0M1X1,81:A8CC:E0M1X1
81:A8CC:E0M1X1,81:A8CF:E0M1X1
81:A8CF:E0M1X1,81:A8D2:E0M1X1
81:A8D2:E0M1X1,81:A8D4:E0M1X1
81:A8D2:E0M1X1,81:A8EA:E0M1X1
81:A8D4:E0M1X1,81:A8D7:E0M1X1
81:A8D7:E0M1X1,81:A8D8:E0M1X1
81:A8D8:E0M1X1,81:A8DA:E0M1X1
81:A8D8:E0M1X1,81:A8DC:E0M1X1
81:A8DA:E0M1X1,81:A8DC:E0M1X1
81:A8DC:E0M1X1,81:A8DF:E0M1X1
81:A8DF:E0M1X1,81:A8E2:E0M1X1
81:A8E2:E0M1X1,81:A8E5:E0M1X1
81:A8E5:E0M1X1,81:A8E7:E0M1X1
81:A8E7:E0M1X1,81:A8EA:E0M1X1
81:A8EA:E0M1X1,81:ABB4:E0M1X1
81:A8EB:E0M1X1,81:A8EE:E0M1X1
81:A8EE:E0M1X1,81:A8F0:E0M1X1
81:A8EE:E0M1X1,81:A936:E0M1X1
81:A8F0:E0M1X1,81:A8F3:E0M1X1
81:A8F3:E0M1X1,81:A8F4:E0M1X1
81:A8F4:E0M1X1,81:A8F6:E0M1X1
81:A8F6:E0M1X1,81:A8F8:E0M1X1
81:A8F6:E0M1X1,81:A8FA:E0M1X1
81:A8F8:E0M1X1,81:A8FA:E0M1X1
81:A8FA:E0M1X1,81:A8FD:E0M1X1
81:A8FD:E0M1X1,81:A8FF:E0M1X1
81:A8FD:E0M1X1,81:A907:E0M1X1
81:A8FF:E0M1X1,81:A902:E0M1X1
81:A902:E0M1X1,81:A904:E0M1X1
81:A902:E0M1X1,81:A907:E0M1X1
81:A904:E0M1X1,81:A905:E0M1X1
81:A905:E0M1X1,81:A8F4:E0M1X1
81:A907:E0M1X1,81:A909:E0M1X1
81:A909:E0M1X1,81:A90B:E0M1X1
81:A909:E0M1X1,81:A922:E0M1X1
81:A90B:E0M1X1,81:A90E:E0M1X1
81:A90E:E0M1X1,81:A90F:E0M1X1
81:A90F:E0M1X1,81:A910:E0M1X1
81:A910:E0M1X1,81:A912:E0M0X1
81:A912:E0M0X1,81:A915:E0M0X1
81:A915:E0M0X1,81:A918:E0M0X1
81:A918:E0M0X1,81:A91A:E0M1X1
81:A91A:E0M1X1,81:A91C:E0M1X1
81:A91A:E0M1X1,81:A920:E0M1X1
81:A91C:E0M1X1,81:A91E:E0M1X1
81:A91E:E0M1X1,81:A8F4:E0M1X1
81:A920:E0M1X1,81:A922:E0M1X1
81:A922:E0M1X1,81:A925:E0M1X1
81:A925:E0M1X1,81:A928:E0M1X1
81:A928:E0M1X1,81:A92B:E0M1X1
81:A92B:E0M1X1,81:A92E:E0M1X1
81:A92E:E0M1X1,81:A931:E0M1X1
81:A931:E0M1X1,81:A933:E0M1X1
81:A933:E0M1X1,81:A936:E0M1X1
81:A936:E0M1X1,81:A939:E0M1X1
81:A939:E0M1X1,81:A93B:E0M1X1
81:A939:E0M1X1,81:A966:E0M1X1
81:A93B:E0M1X1,81:A93E:E0M1X1
81:A93E:E0M1X1,81:A93F:E0M1X1
81:A93F:E0M1X1,81:A941:E0M1X1
81:A941:E0M1X1,81:A943:E0M1X1
81:A941:E0M1X1,81:A945:E0M1X1
81:A943:E0M1X1,81:A945:E0M1X1
81:A945:E0M1X1,81:A948:E0M1X1
81:A948:E0M1X1,81:A94A:E0M1X1
81:A948:E0M1X1,81:A952:E0M1X1
81:A94A:E0M1X1,81:A94D:E0M1X1
81:A94D:E0M1X1,81:A94F:E0M1X1
81:A94D:E0M1X1,81:A952:E0M1X1
81:A94F:E0M1X1,81:A950:E0M1X1
81:A950:E0M1X1,81:A93F:E0M1X1
81:A952:E0M1X1,81:A955:E0M1X1
81:A955:E0M1X1,81:A958:E0M1X1
81:A958:E0M1X1,81:A95B:E0M1X1
81:A95B:E0M1X1,81:A95E:E0M1X1
81:A95E:E0M1X1,81:A961:E0M1X1
81:A961:E0M1X1,81:A963:E0M1X1
81:A963:E0M1X1,81:A966:E0M1X1
81:A966:E0M1X1,81:ABB4:E0M1X1
81:A967:E0M1X1,81:A969:E0M0X0
81:A969:E0M0X0,81:A96C:E0M0X0
81:A96C:E0M0X0,81:A96D:E0M0X0
81:A96D:E0M0X0,81:A970:E0M0X0
81:A970:E0M0X0,81:A973:E0M0X0
81:A973:E0M0X0,81:A976:E0M0X0
81:A976:E0M0X0,81:A978:E0M0X0
81:A976:E0M0X0,81:A983:E0M0X0
81:A978:E0M0X0,81:A97B:E0M0X0
81:A97B:E0M0X0,81:A97E:E0M0X0
81:A97E:E0M0X0,81:A980:E0M1X1
81:A980:E0M1X1,81:A983:E0M1X1
81:A983:E0M0X0,81:A985:E0M1X1
81:A983:E0M1X1,81:A985:E0M1X1
81:A985:E0M1X1,81:AB3F:E0M1X1
81:A986:E0M1X1,81:A988:E0M0X0
81:A988:E0M0X0,81:A98B:E0M0X0
81:A98B:E0M0X0,81:A98C:E0M0X0
81:A98C:E0M0X0,81:A98F:E0M0X0
81:A98F:E0M0X0,81:A992:E0M0X0
81:A992:E0M0X0,81:A995:E0M0X0
81:A995:E0M0X0,81:A997:E0M0X0
81:A995:E0M0X0,81:A9A2:E0M0X0
81:A997:E0M0X0,81:A99A:E0M0X0
81:A99A:E0M0X0,81:A99D:E0M0X0
81:A99D:E0M0X0,81:A99F:E0M1X1
81:A99F:E0M1X1,81:A9A2:E0M1X1
81:A9A2:E0M0X0,81:A9A4:E0M1X1
81:A9A2:E0M1X1,81:A9A4:E0M1X1
81:A9A4:E0M1X1,81:AB73:E0M1X1
81:A9A5:E0M1X1,81:A9A7:E0M0X0
81:A9A7:E0M0X0,81:A9AA:E0M0X0
81:A9AA:E0M0X0,81:A9AB:E0M0X0
81:A9AB:E0M0X0,81:A9AE:E0M0X0
81:A9AE:E0M0X0,81:A9B1:E0M0X0
81:A9B1:E0M0X0,81:A9B4:E0M0X0
81:A9B4:E0M0X0,81:A9B6:E0M0X0
81:A9B4:E0M0X0,81:A9BB:E0M0X0
81:A9B6:E0M0X0,81:A9B8:E0M1X1
81:A9B8:E0M1X1,81:A9BB:E0M1X1
81:A9BB:E0M0X0,81:A9BD:E0M1X1
81:A9BB:E0M1X1,81:A9BD:E0M1X1
81:A9BD:E0M1X1,81:AB63:E0M1X1
81:A9BE:E0M1X1,81:A9C0:E0M0X0
81:A9C0:E0M0X0,81:A9C3:E0M0X0
81:A9C3:E0M0X0,81:A9C4:E0M0X0
81:A9C4:E0M0X0,81:A9C7:E0M0X0
81:A9C7:E0M0X0,81:A9CA:E0M0X0
81:A9CA:E0M0X0,81:A9CD:E0M0X0
81:A9CD:E0M0X0,81:A9CF:E0M0X0
81:A9CD:E0M0X0,81:A9D4:E0M0X0
81:A9CF:E0M0X0,81:A9D1:E0M1X1
81:A9D1:E0M1X1,81:A9D4:E0M1X1
81:A9D4:E0M0X0,81:A9D6:E0M1X1
81:A9D4:E0M1X1,81:A9D6:E0M1X1
81:A9D6:E0M1X1,81:AB97:E0M1X1
81:A9D7:E0M1X1,81:A9D9:E0M1X1
81:A9D9:E0M1X1,81:A9DB:E0M1X1
81:A9DB:E0M1X1,81:A9DE:E0M1X1
81:A9DE:E0M1X1,81:A9DF:E0M1X1
81:A9DF:E0M1X1,81:A9E2:E0M1X1
81:A9E2:E0M1X1,81:A9E5:E0M1X1
81:A9E5:E0M1X1,81:A9E8:E0M1X1
81:A9E8:E0M1X1,81:A9E9:E0M1X1
81:A9E9:E0M1X1,81:A9EC:E0M1X1
81:A9EC:E0M1X1,81:A9EF:E0M1X1
81:A9EF:E0M1X1,81:A9F2:E0M1X1
81:A9F2:E0M1X1,81:A9F3:E0M1X1
81:A9F3:E0M1X1,81:A9F6:E0M1X1
81:A9F6:E0M1X1,81:A9F9:E0M1X1
81:A9F9:E0M1X1,81:A9FC:E0M1X1
81:A9FC:E0M1X1,81:A9FE:E0M1X1
81:A9FE:E0M1X1,81:AA01:E0M1X1
81:AA01:E0M1X1,81:AA04:E0M1X1
81:AA04:E0M1X1,81:AA05:E0M1X1
81:AA05:E0M1X1,81:AA06:E0M1X1
81:AA06:E0M1X1,81:AA07:E0M1X1
81:AA07:E0M1X1,81:AA08:E0M1X1
81:AA08:E0M1X1,81:AA09:E0M1X1
81:AA09:E0M1X1,81:AA0B:E0M1X1
81:AA0B:E0M1X1,81:A9DB:E0M1X1
81:AA0B:E0M1X1,81:AA0D:E0M1X1
81:AA0D:E0M1X1,81:AA10:E0M1X1
81:AA10:E0M1X1,81:A5DB:E0M1X1
81:AA10:E0M1X1,81:A6AF:E0M1X1
81:AA10:E0M1X1,81:AB3C:E0M1X1
81:AA10:E0M1X1,81:AB5B:E0M1X1
81:AA10:E0M1X1,81:AB60:E0M1X1
81:AA10:E0M1X1,81:AB70:E0M1X1
81:AA10:E0M1X1,81:AB8F:E0M1X1
81:AA10:E0M1X1,81:AB94:E0M1X1
81:AA11:E0M1X1,81:AA14:E0M1X1
81:AA14:E0M1X1,81:AA17:E0M1X1
81:AA17:E0M1X1,81:A9D7:E0M1X1
81:AA1A:E0M1X1,81:AA1D:E0M1X1
81:AA1D:E0M1X1,81:AA20:E0M1X1
81:AA20:E0M1X1,81:A9D7:E0M1X1
81:AA23:E0M0X0,81:AA26:E0M0X0
81:AA26:E0M0X0,81:AA29:E0M0X0
81:AA29:E0M0X0,81:AA2C:E0M0X0
81:AA2C:E0M0X0,81:AA2E:E0M0X0
81:AA2E:E0M0X0,81:AA31:E0M0X0
81:AA31:E0M0X0,81:AA33:E0M0X0
81:AA33:E0M0X0,81:AA35:E0M1X1
81:AA35:E0M1X1,81:AA37:E0M1X1
81:AA37:E0M1X1,81:AA39:E0M1X1
81:AA39:E0M1X1,81:AA3C:E0M1X1
81:AA3C:E0M1X1,81:AA3E:E0M1X1
81:AA3E:E0M1X1,81:AA41:E0M1X1
81:AA41:E0M1X1,81:AA43:E0M1X1
81:AA43:E0M1X1,81:AA46:E0M1X1
81:AA46:E0M1X1,81:AA48:E0M1X1
81:AA48:E0M1X1,81:AA4B:E0M1X1
81:AA4B:E0M1X1,81:AA4D:E0M1X1
81:AA4D:E0M1X1,81:AA50:E0M1X1
81:AA50:E0M1X1,81:AA52:E0M1X1
81:AA52:E0M1X1,81:AA55:E0M1X1
81:AA55:E0M1X1,81:AA57:E0M1X1
81:AA57:E0M1X1,81:AA5A:E0M1X1
81:AA5A:E0M1X1,81:AA5C:E0M1X1
81:AA5C:E0M1X1,81:AA5F:E0M1X1
81:AA5F:E0M1X1,81:AA61:E0M1X1
81:AA61:E0M1X1,81:AA64:E0M1X1
81:AA64:E0M1X1,81:AA66:E0M1X1
81:AA66:E0M1X1,81:AA69:E0M1X1
81:AA69:E0M1X1,81:AA6B:E0M1X1
81:AA6B:E0M1X1,81:AA6D:E0M1X1
81:AA6D:E0M1X1,81:AA6E:E0M1X1
81:AA6E:E0M1X1,81:AA70:E0M1X1
81:AA70:E0M1X1,81:AA37:E0M1X1
81:AA70:E0M1X1,81:AA72:E0M1X1
81:AA72:E0M1X1,81:AA74:E0M0X0
81:AA74:E0M0X0,81:ABA4:E0M0X0
81:AA75:E0M1X1,81:AA78:E0M1X1
81:AA78:E0M1X1,81:AA7A:E0M1X1
81:AA7A:E0M1X1,81:AA7B:E0M1X1
81:AA7B:E0M1X1,81:AA7E:E0M1X1
81:AA7E:E0M1X1,81:AA81:E0M1X1
81:AA81:E0M1X1,81:AA84:E0M1X1
81:AA84:E0M1X1,81:AA86:E0M1X1
81:AA86:E0M1X1,81:AA89:E0M1X1
81:AA89:E0M1X1,81:AA8C:E0M1X1
81:AA8C:E0M1X1,81:AA8E:E0M1X1
81:AA8E:E0M1X1,81:AA8F:E0M1X1
81:AA8F:E0M1X1,81:AA92:E0M1X1
81:AA92:E0M1X1,81:AA95:E0M1X1
81:AA95:E0M1X1,81:AA98:E0M1X1
81:AA98:E0M1X1,81:AA9A:E0M1X1
81:AA9A:E0M1X1,81:AA9D:E0M1X1
81:AA9D:E0M1X1,81:AAA0:E0M1X1
81:AAA0:E0M1X1,81:AAA2:E0M1X1
81:AAA2:E0M1X1,81:AAA3:E0M1X1
81:AAA3:E0M1X1,81:AAA6:E0M1X1
81:AAA6:E0M1X1,81:AAA9:E0M1X1
81:AAA9:E0M1X1,81:AAAC:E0M1X1
81:AAAC:E0M1X1,81:AAAE:E0M1X1
81:AAAE:E0M1X1,81:AAB1:E0M1X1
81:AAB1:E0M1X1,81:AAB4:E0M1X1
81:AAB4:E0M1X1,81:AAB6:E0M1X1
81:AAB6:E0M1X1,81:AAB7:E0M1X1
81:AAB7:E0M1X1,81:AABA:E0M1X1
81:AABA:E0M1X1,81:AABD:E0M1X1
81:AABD:E0M1X1,81:AAC0:E0M1X1
81:AAC0:E0M1X1,81:AAC2:E0M1X1
81:AAC2:E0M1X1,81:AAC5:E0M1X1
81:AAC5:E0M1X1,81:AAC8:E0M1X1
81:AAC8:E0M1X1,81:AACB:E0M1X1
81:AACB:E0M1X1,81:AB26:E0M1X1
81:AACC:E0M1X1,81:9CF2:E0M1X1
81:AACF:E0M1X1,81:AAD1:E0M1X1
81:AACF:E0M1X1,81:AB0C:E0M1X1
81:AAD1:E0M1X1,81:AAD3:E0M1X1
81:AAD1:E0M1X1,81:AAF0:E0M1X1
81:AAD3:E0M1X1,81:AAD5:E0M1X1
81:AAD5:E0M1X1,81:AAD8:E0M1X1
81:AAD8:E0M1X1,81:AADB:E0M1X1
81:AADB:E0M1X1,81:AADE:E0M1X1
81:AADE:E0M1X1,81:AAE1:E0M1X1
81:AAE1:E0M1X1,81:AAE4:E0M1X1
81:AAE4:E0M1X1,81:AAE7:E0M1X1
81:AAE7:E0M1X1,81:AAEA:E0M1X1
81:AAEA:E0M1X1,81:AAEC:E0M1X1
81:AAEC:E0M1X1,81:AAEF:E0M1X1
81:AAEF:E0M1X1,81:AB13:E0M1X1
81:AAF0:E0M1X1,81:AAF2:E0M1X1
81:AAF2:E0M1X1,81:AAF5:E0M1X1
81:AAF5:E0M1X1,81:AAF7:E0M1X1
81:AAF7:E0M1X1,81:AAFA:E0M1X1
81:AAFA:E0M1X1,81:AAFD:E0M1X1
81:AAFD:E0M1X1,81:AB00:E0M1X1
81:AB00:E0M1X1,81:AB03:E0M1X1
81:AB03:E0M1X1,81:AB06:E0M1X1
81:AB06:E0M1X1,81:AB09:E0M1X1
81:AB09:E0M1X1,81:AB0C:E0M1X1
81:AB0C:E0M1X1,81:AB13:E0M1X1
81:AB0D:E0M1X1,81:AB0E:E0M1X1
81:AB0E:E0M1X1,81:AB0F:E0M1X1
81:AB0F:E0M1X1,81:AB10:E0M1X1
81:AB10:E0M1X1,81:AACC:E0M1X1
81:AB13:E0M1X1,81:D6CB:E0M1X1
81:AB16:E0M1X1,81:AB18:E0M1X1
81:AB18:E0M1X1,81:AB1B:E0M1X1
81:AB1B:E0M1X1,81:AB1E:E0M1X1
81:AB1E:E0M1X1,81:AB21:E0M1X1
81:AB21:E0M1X1,81:AB22:E0M1X1
81:AB22:E0M1X1,81:AB23:E0M1X1
81:AB23:E0M1X1,81:AB39:E0M1X1
81:AB23:E0M1X1,81:AB41:E0M1X1
81:AB23:E0M1X1,81:AB5D:E0M1X1
81:AB23:E0M1X1,81:AB63:E0M1X1
81:AB23:E0M1X1,81:AB6D:E0M1X1
81:AB23:E0M1X1,81:AB75:E0M1X1
81:AB23:E0M1X1,81:AB91:E0M1X1
81:AB26:E0M1X1,81:9CB6:E0M1X1
81:AB29:E0M1X1,81:AB2A:E0M1X1
81:AB2A:E0M1X1,80:81FC:E0M1X1
81:AB39:E0M1X1,81:AA11:E0M1X1
81:AB3C:E0M1X1,81:A967:E0M1X1
81:AB3F:E0M1X1,81:AB63:E0M1X1
81:AB41:E0M1X1,81:AB44:E0M1X1
81:AB44:E0M1X1,81:AB45:E0M1X1
81:AB45:E0M1X1,81:AB48:E0M1X1
81:AB48:E0M1X1,81:AB4A:E0M1X1
81:AB48:E0M1X1,81:AB58:E0M1X1
81:AB4A:E0M1X1,81:A7F4:E0M1X1
81:AB4D:E0M1X1,80:C2F4:E0M1X1
81:AB51:E0M1X1,80:C066:E0M1X1
81:AB55:E0M1X1,81:AB58:E0M1X1
81:AB58:E0M1X1,81:AA11:E0M1X1
81:AB5B:E0M1X1,81:AB63:E0M1X1
81:AB5D:E0M1X1,81:AA11:E0M1X1
81:AB60:E0M1X1,81:A9A5:E0M1X1
81:AB63:E0M1X1,81:AB66:E0M1X1
81:AB66:E0M1X1,81:AB68:E0M1X1
81:AB66:E0M1X1,81:ABB1:E0M1X1
81:AB68:E0M1X1,81:AB6B:E0M1X1
81:AB6B:E0M1X1,81:AB9F:E0M1X1
81:AB6D:E0M1X1,81:AA1A:E0M1X1
81:AB70:E0M1X1,81:A986:E0M1X1
81:AB73:E0M1X1,81:AB97:E0M1X1
81:AB75:E0M1X1,81:AB78:E0M1X1
81:AB78:E0M1X1,81:AB79:E0M1X1
81:AB79:E0M1X1,81:AB7C:E0M1X1
81:AB7C:E0M1X1,81:AB7E:E0M1X1
81:AB7C:E0M1X1,81:AB8C:E0M1X1
81:AB7E:E0M1X1,81:A7F4:E0M1X1
81:AB81:E0M1X1,80:C2F4:E0M1X1
81:AB85:E0M1X1,80:C066:E0M1X1
81:AB89:E0M1X1,81:AB8C:E0M1X1
81:AB8C:E0M1X1,81:AA1A:E0M1X1
81:AB8F:E0M1X1,81:AB97:E0M1X1
81:AB91:E0M1X1,81:AA1A:E0M1X1
81:AB94:E0M1X1,81:A9BE:E0M1X1
81:AB97:E0M1X1,81:AB9A:E0M1X1
81:AB9A:E0M1X1,81:AB9C:E0M1X1
81:AB9A:E0M1X1,81:ABB1:E0M1X1
81:AB9C:E0M1X1,81:AB9F:E0M1X1
81:AB9F:E0M1X1,81:ABA1:E0M0X0
81:ABA1:E0M0X0,81:AA23:E0M0X0
81:ABA4:E0M0X0,81:ABA6:E0M1X1
81:ABA6:E0M1X1,80:C2F4:E0M1X1
81:ABAA:E0M1X1,80:C066:E0M1X1
81:ABAE:E0M1X1,81:AA75:E0M1X1
81:ABB1:E0M1X1,81:A88D:E0M1X1
81:ABB4:E0M1X1,81:ABB6:E0M0X0
81:ABB6:E0M0X0,81:DF01:E0M0X0
81:ABB9:E0M0X0,81:ABBB:E0M1X1
81:ABBB:E0M1X1,81:AB26:E0M1X1
81:ABBC:E0M1X1,81:ABBD:E0M1X1
81:ABBD:E0M1X1,81:ABBE:E0M1X1
81:ABBE:E0M1X1,81:ABBF:E0M1X1
81:ABBF:E0M1X1,81:ABC2:E0M1X1
81:ABC2:E0M1X1,81:ABC3:E0M1X1
81:ABC3:E0M1X1,81:ABC6:E0M1X1
81:ABC6:E0M1X1,81:ABC7:E0M1X1
81:ABC7:E0M1X1,81:ABCA:E0M1X1
81:ABCA:E0M1X1,81:ABCD:E0M1X1
81:ABCD:E0M1X1,81:ABD0:E0M1X1
81:ABD0:E0M1X1,81:ABD1:E0M1X1
81:ABD1:E0M1X1,81:ABD4:E0M1X1
81:ABD4:E0M1X1,81:ABD7:E0M1X1
81:ABD7:E0M1X1,81:ABDA:E0M1X1
81:ABDA:E0M1X1,81:ABDB:E0M1X1
81:ABDB:E0M1X1,81:ABDE:E0M1X1
81:ABDE:E0M1X1,81:ABE1:E0M1X1
81:ABE1:E0M1X1,81:ABE4:E0M1X1
81:ABE4:E0M1X1,81:ABE5:E0M1X1
81:ABE5:E0M1X1,81:ABE8:E0M1X1
81:ABE8:E0M1X1,81:ABEB:E0M1X1
81:ABEB:E0M1X1,81:ABEC:E0M1X1
81:ABEC:E0M1X1,80:8A67:E0M1X1
81:AC40:E0M1X1,81:AC41:E0M1X1
81:AC41:E0M1X1,81:AC42:E0M1X1
81:AC42:E0M1X1,81:AC43:E0M1X1
81:AC43:E0M1X1,81:AC48:E0M1X1
81:AC46:E0M1X1,81:AC47:E0M1X1
81:AC47:E0M1X1,80:8058:E0M1X1
81:AC47:E0M1X1,80:807A:E0M1X1
81:AC47:E0M1X1,80:8080:E0M1X1
81:AC48:E0M1X1,81:AC49:E0M1X1
81:AC49:E0M1X1,81:9D40:E0M1X1
81:AC4C:E0M1X1,81:9DB1:E0M1X1
81:AC4F:E0M1X1,81:AC50:E0M1X1
81:AC50:E0M1X1,81:AC52:E0M1X1
81:AC50:E0M1X1,81:AC58:E0M1X1
81:AC52:E0M1X1,81:AC53:E0M1X1
81:AC53:E0M1X1,81:AC55:E0M1X1
81:AC53:E0M1X1,81:AC8B:E0M1X1
81:AC55:E0M1X1,81:ACE4:E0M1X1
81:AC58:E0M1X1,81:AC5A:E0M0X0
81:AC5A:E0M0X0,81:AC5D:E0M0X0
81:AC5D:E0M0X0,81:AC5F:E0M0X0
81:AC5D:E0M0X0,81:AC6B:E0M0X0
81:AC5F:E0M0X0,81:AC62:E0M0X0
81:AC62:E0M0X0,81:AC65:E0M0X0
81:AC65:E0M0X0,81:AC68:E0M0X0
81:AC68:E0M0X0,81:AD29:E0M0X0
81:AC6B:E0M0X0,81:AC6E:E0M0X0
81:AC6E:E0M0X0,81:AC71:E0M0X0
81:AC71:E0M0X0,81:AC74:E0M0X0
81:AC74:E0M0X0,81:AD29:E0M0X0
81:AC77:E0M0X0,81:AC7A:E0M0X0
81:AC7A:E0M0X0,81:AC7D:E0M0X0
81:AC7D:E0M0X0,81:AC80:E0M0X0
81:AC80:E0M0X0,81:AD29:E0M0X0
81:AC83:E0M0X0,81:AC85:E0M1X1
81:AC85:E0M1X1,81:ADA6:E0M1X1
81:AC88:E0M1X1,81:F454:E0M1X1
81:AC8B:E0M1X1,81:AC8E:E0M1X1
81:AC8E:E0M1X1,81:AC91:E0M1X1
81:AC91:E0M1X1,81:AC93:E0M1X1
81:AC91:E0M1X1,81:AC96:E0M1X1
81:AC93:E0M1X1,81:BA19:E0M1X1
81:AC96:E0M1X1,81:AC99:E0M1X1
81:AC99:E0M1X1,81:AC9C:E0M1X1
81:AC9C:E0M1X1,81:A557:E0M1X1
81:AC9F:E0M1X1,81:ACA2:E0M1X1
81:ACA2:E0M1X1,81:ACA5:E0M1X1
81:ACA5:E0M1X1,81:ACA8:E0M1X1
81:ACA8:E0M1X1,81:ACAB:E0M1X1
81:ACAB:E0M1X1,81:9D99:E0M1X1
81:ACAE:E0M1X1,81:ACB0:E0M1X1
81:ACAE:E0M1X1,81:ACC2:E0M1X1
81:ACB0:E0M1X1,81:ACB3:E0M1X1
81:ACB3:E0M1X1,81:A557:E0M1X1
81:ACB6:E0M1X1,81:ACB9:E0M1X1
81:ACB9:E0M1X1,81:ACBC:E0M1X1
81:ACBC:E0M1X1,81:ACBF:E0M1X1
81:ACBF:E0M1X1,81:ACC2:E0M1X1
81:ACC2:E0M1X1,81:ACC5:E0M1X1
81:ACC5:E0M1X1,81:ACC7:E0M1X1
81:ACC7:E0M1X1,81:B669:E0M1X1
81:ACCA:E0M1X1,81:ACCC:E0M1X1
81:ACCC:E0M1X1,81:8C6C:E0M1X1
81:ACCF:E0M1X1,81:9D99:E0M1X1
81:ACD2:E0M1X1,81:ACD4:E0M1X1
81:ACD2:E0M1X1,81:ACE1:E0M1X1
81:ACD4:E0M1X1,81:ACD7:E0M1X1
81:ACD7:E0M1X1,81:ACD9:E0M1X1
81:ACD9:E0M1X1,81:B669:E0M1X1
81:ACDC:E0M1X1,81:ACDE:E0M1X1
81:ACDE:E0M1X1,81:8C6C:E0M1X1
81:ACE1:E0M1X1,81:BE76:E0M1X1
81:ACE4:E0M1X1,81:ACE6:E0M1X1
81:ACE6:E0M1X1,81:AE76:E0M1X1
81:ACE9:E0M1X1,81:AF2F:E0M1X1
81:ACEC:E0M1X1,81:ACEE:E0M1X1
81:ACEE:E0M1X1,81:AE21:E0M1X1
81:ACF1:E0M1X1,81:9D99:E0M1X1
81:ACF4:E0M1X1,81:ACF6:E0M1X1
81:ACF4:E0M1X1,81:AD03:E0M1X1
81:ACF6:E0M1X1,81:ACF8:E0M1X1
81:ACF8:E0M1X1,81:AE76:E0M1X1
81:ACFB:E0M1X1,81:AF2F:E0M1X1
81:ACFE:E0M1X1,81:AD00:E0M1X1
81:AD00:E0M1X1,81:AE21:E0M1X1
81:AD03:E0M1X1,81:AD05:E0M1X1
81:AD05:E0M1X1,81:9DB1:E0M1X1
81:AD08:E0M1X1,81:AD0B:E0M1X1
81:AD0B:E0M1X1,81:AD0E:E0M1X1
81:AD0E:E0M1X1,81:AD11:E0M1X1
81:AD11:E0M1X1,81:AD14:E0M1X1
81:AD14:E0M1X1,81:AD17:E0M1X1
81:AD17:E0M1X1,81:AD1A:E0M1X1
81:AD1A:E0M1X1,81:AD1D:E0M1X1
81:AD1D:E0M1X1,81:AD20:E0M1X1
81:AD20:E0M1X1,81:AC46:E0M1X1
81:AD21:E0M1X1,81:AD22:E0M1X1
81:AD22:E0M1X1,81:AD23:E0M1X1
81:AD23:E0M1X1,81:AD24:E0M1X1
81:AD24:E0M1X1,81:9EDB:E0M1X1
81:AD27:E0M1X1,81:AD28:E0M1X1
81:AD28:E0M1X1,80:81F2:E0M1X1
81:AD29:E0M0X0,81:AD2B:E0M0X0
81:AD2B:E0M0X0,81:AD2E:E0M0X0
81:AD2E:E0M0X0,81:AD31:E0M0X0
81:AD31:E0M0X0,81:AD33:E0M0X0
81:AD31:E0M0X0,81:AD74:E0M0X0
81:AD33:E0M0X0,81:AD35:E0M0X0
81:AD35:E0M0X0,81:9D72:E0M0X0
81:AD38:E0M0X0,81:AD3B:E0M0X0
81:AD3B:E0M0X0,81:AD3D:E0M0X0
81:AD3B:E0M0X0,81:AD4C:E0M0X0
81:AD3D:E0M0X0,81:AD40:E0M0X0
81:AD40:E0M0X0,81:AD43:E0M0X0
81:AD43:E0M0X0,81:AD46:E0M0X0
81:AD46:E0M0X0,81:DE80:E0M0X0
81:AD49:E0M0X0,81:DF8D:E0M0X0
81:AD4C:E0M0X0,81:AD4E:E0M1X1
81:AD4E:E0M1X1,81:AD50:E0M1X1
81:AD50:E0M1X1,81:AD53:E0M1X1
81:AD53:E0M1X1,81:AD55:E0M1X1
81:AD55:E0M1X1,81:AD58:E0M1X1
81:AD58:E0M1X1,81:AD5B:E0M1X1
81:AD5B:E0M1X1,81:AD5D:E0M1X1
81:AD5B:E0M1X1,81:AD62:E0M1X1
81:AD5D:E0M1X1,81:AD5F:E0M1X1
81:AD5F:E0M1X1,81:AD62:E0M1X1
81:AD62:E0M1X1,80:A3A0:E0M1X1
81:AD66:E0M1X1,81:AD75:E0M1X1
81:AD69:E0M1X1,80:A3EA:E0M1X1
81:AD6D:E0M1X1,81:AD6F:E0M1X1
81:AD6F:E0M1X1,81:AD72:E0M1X1
81:AD72:E0M1X1,81:AD74:E0M0X0
81:AD74:E0M0X0,81:AC6B:E0M0X0
81:AD74:E0M0X0,81:AC77:E0M0X0
81:AD74:E0M0X0,81:AC83:E0M0X0
81:AD75:E0M1X1,81:AD77:E0M0X0
81:AD77:E0M0X0,81:AD7A:E0M0X0
81:AD7A:E0M0X0,81:AD7A:E0M0X0
81:AD7A:E0M0X0,81:AD7C:E0M0X0
81:AD7C:E0M0X0,81:AD7F:E0M0X0
81:AD7F:E0M0X0,81:AD80:E0M0X0
81:AD80:E0M0X0,81:AD83:E0M0X0
81:AD83:E0M0X0,81:AD84:E0M0X0
81:AD84:E0M0X0,81:AD87:E0M0X0
81:AD87:E0M0X0,81:AD89:E0M0X0
81:AD87:E0M0X0,81:ADA3:E0M0X0
81:AD89:E0M0X0,81:AD8C:E0M0X0
81:AD8C:E0M0X0,81:AD8F:E0M0X0
81:AD8F:E0M0X0,81:AD84:E0M0X0
81:AD8F:E0M0X0,81:AD91:E0M0X0
81:AD91:E0M0X0,81:AD93:E0M1X1
81:AD93:E0M1X1,80:FB3E:E0M1X1
81:AD97:E0M1X1,80:F982:E0M1X1
81:AD9B:E0M1X1,81:AD9E:E0M1X1
81:AD9E:E0M1X1,81:ADA0:E0M1X1
81:AD9E:E0M1X1,81:ADA3:E0M1X1
81:ADA0:E0M1X1,81:ADA3:E0M1X1
81:ADA3:E0M0X0,81:ADA5:E0M1X1
81:ADA3:E0M1X1,81:ADA5:E0M1X1
81:ADA5:E0M1X1,81:AD69:E0M1X1
81:ADA6:E0M1X1,81:ADA9:E0M1X1
81:ADA9:E0M1X1,81:ADAB:E0M1X1
81:ADAB:E0M1X1,81:ADAE:E0M1X1
81:ADAE:E0M1X1,81:ADB1:E0M1X1
81:ADB1:E0M1X1,81:ADB3:E0M1X1
81:ADB3:E0M1X1,81:ADB6:E0M1X1
81:ADB6:E0M1X1,81:ADB8:E0M0X1
81:ADB8:E0M0X1,81:ADBB:E0M0X1
81:ADBB:E0M0X1,81:ADBE:E0M0X1
81:ADBE:E0M0X1,81:ADC1:E0M0X1
81:ADC1:E0M0X1,81:ADC4:E0M0X1
81:ADC4:E0M0X1,81:ADC7:E0M0X1
81:ADC7:E0M0X1,81:ADCA:E0M0X1
81:ADCA:E0M0X1,81:ADCD:E0M0X1
81:ADCD:E0M0X1,81:ADD0:E0M0X1
81:ADD0:E0M0X1,81:ADD3:E0M0X1
81:ADD3:E0M0X1,81:ADD6:E0M0X1
81:ADD6:E0M0X1,81:ADD9:E0M0X1
81:ADD9:E0M0X1,81:ADDC:E0M0X1
81:ADDC:E0M0X1,81:ADDF:E0M0X1
81:ADDF:E0M0X1,81:ADE2:E0M0X1
81:ADE2:E0M0X1,81:ADE5:E0M0X1
81:ADE5:E0M0X1,81:ADE8:E0M0X1
81:ADE8:E0M0X1,81:ADEB:E0M0X1
81:ADEB:E0M0X1,81:ADEE:E0M0X1
81:ADEE:E0M0X1,81:ADF1:E0M0X1
81:ADF1:E0M0X1,81:ADF4:E0M0X1
81:ADF4:E0M0X1,81:ADF7:E0M0X1
81:ADF7:E0M0X1,81:ADFA:E0M0X1
81:ADFA:E0M0X1,81:ADFD:E0M0X1
81:ADFD:E0M0X1,81:AE00:E0M0X1
81:AE00:E0M0X1,81:AE03:E0M0X1
81:AE03:E0M0X1,81:AE06:E0M0X1
81:AE06:E0M0X1,81:AE09:E0M0X1
81:AE09:E0M0X1,81:AE0C:E0M0X1
81:AE0C:E0M0X1,81:AE0F:E0M0X1
81:AE0F:E0M0X1,81:AE12:E0M0X1
81:AE12:E0M0X1,81:AE15:E0M0X1
81:AE15:E0M0X1,81:AE18:E0M0X1
81:AE18:E0M0X1,81:AE1B:E0M0X1
81:AE1B:E0M0X1,81:AE1E:E0M0X1
81:AE1E:E0M0X1,81:AE20:E0M1X1
81:AE20:E0M1X1,81:AC88:E0M1X1
81:AE21:E0M1X1,81:AE24:E0M1X1
81:AE24:E0M1X1,81:AE26:E0M1X1
81:AE24:E0M1X1,81:AE75:E0M1X1
81:AE26:E0M1X1,81:AE29:E0M1X1
81:AE29:E0M1X1,81:AE2C:E0M1X1
81:AE2C:E0M1X1,81:AE2F:E0M1X1
81:AE2F:E0M1X1,81:AE32:E0M1X1
81:AE32:E0M1X1,81:AE35:E0M1X1
81:AE35:E0M1X1,81:AE38:E0M1X1
81:AE38:E0M1X1,81:AE3B:E0M1X1
81:AE3B:E0M1X1,81:AE3E:E0M1X1
81:AE3E:E0M1X1,81:AE41:E0M1X1
81:AE41:E0M1X1,81:AE44:E0M1X1
81:AE44:E0M1X1,81:AE47:E0M1X1
81:AE47:E0M1X1,81:AE4A:E0M1X1
81:AE4A:E0M1X1,81:AE4D:E0M1X1
81:AE4D:E0M1X1,81:AE50:E0M1X1
81:AE50:E0M1X1,81:AE53:E0M1X1
81:AE53:E0M1X1,81:AE56:E0M1X1
81:AE56:E0M1X1,81:AE59:E0M1X1
81:AE59:E0M1X1,81:AE5C:E0M1X1
81:AE5C:E0M1X1,81:AE5F:E0M1X1
81:AE5F:E0M1X1,81:AE62:E0M1X1
81:AE62:E0M1X1,81:AE65:E0M1X1
81:AE65:E0M1X1,81:AE68:E0M1X1
81:AE68:E0M1X1,81:AE6B:E0M1X1
81:AE6B:E0M1X1,81:AE6E:E0M1X1
81:AE6E:E0M1X1,81:AE71:E0M1X1
81:AE71:E0M1X1,81:AE72:E0M1X1
81:AE72:E0M1X1,81:B67D:E0M1X1
81:AE75:E0M1X1,81:ACF1:E0M1X1
81:AE75:E0M1X1,81:AD03:E0M1X1
81:AE76:E0M1X1,81:AE79:E0M1X1
81:AE79:E0M1X1,81:AE7C:E0M1X1
81:AE7C:E0M1X1,81:AE7F:E0M1X1
81:AE7F:E0M1X1,81:AE82:E0M1X1
81:AE82:E0M1X1,81:AE85:E0M1X1
81:AE85:E0M1X1,81:AE88:E0M1X1
81:AE88:E0M1X1,81:AE8B:E0M1X1
81:AE8B:E0M1X1,81:AE8E:E0M1X1
81:AE8E:E0M1X1,81:AE90:E0M1X1
81:AE90:E0M1X1,81:AE92:E0M1X1
81:AE90:E0M1X1,81:AE97:E0M1X1
81:AE92:E0M1X1,81:AE95:E0M1X1
81:AE95:E0M1X1,81:AE9A:E0M1X1
81:AE97:E0M1X1,81:AE9A:E0M1X1
81:AE9A:E0M1X1,81:AE9D:E0M1X1
81:AE9D:E0M1X1,81:AEA7:E0M1X1
81:AEA0:E0M1X1,81:AEF3:E0M1X1
81:AEA3:E0M1X1,81:AEA4:E0M1X1
81:AEA4:E0M1X1,81:B669:E0M1X1
81:AEA7:E0M1X1,81:AEAA:E0M1X1
81:AEAA:E0M1X1,81:AEAD:E0M1X1
81:AEAD:E0M1X1,81:AEB0:E0M1X1
81:AEB0:E0M1X1,81:AEB3:E0M1X1
81:AEB3:E0M1X1,81:AEB6:E0M1X1
81:AEB6:E0M1X1,81:AEB9:E0M1X1
81:AEB9:E0M1X1,81:AEBC:E0M1X1
81:AEBC:E0M1X1,81:AEBF:E0M1X1
81:AEBF:E0M1X1,81:AEC2:E0M1X1
81:AEC2:E0M1X1,81:AEC5:E0M1X1
81:AEC5:E0M1X1,81:AEC8:E0M1X1
81:AEC8:E0M1X1,81:AECB:E0M1X1
81:AECB:E0M1X1,81:AECE:E0M1X1
81:AECE:E0M1X1,81:AED1:E0M1X1
81:AED1:E0M1X1,81:AED4:E0M1X1
81:AED4:E0M1X1,81:AED7:E0M1X1
81:AED7:E0M1X1,81:AEDA:E0M1X1
81:AEDA:E0M1X1,81:AEDD:E0M1X1
81:AEDD:E0M1X1,81:AEE0:E0M1X1
81:AEE0:E0M1X1,81:AEE3:E0M1X1
81:AEE3:E0M1X1,81:AEE6:E0M1X1
81:AEE6:E0M1X1,81:AEE9:E0M1X1
81:AEE9:E0M1X1,81:AEEC:E0M1X1
81:AEEC:E0M1X1,81:AEEF:E0M1X1
81:AEEF:E0M1X1,81:AEF2:E0M1X1
81:AEF2:E0M1X1,81:9403:E0M1X1
81:AEF2:E0M1X1,81:AEA0:E0M1X1
81:AEF3:E0M1X1,81:AEF6:E0M1X1
81:AEF6:E0M1X1,81:AEF9:E0M1X1
81:AEF9:E0M1X1,81:AEFC:E0M1X1
81:AEFC:E0M1X1,81:AEFF:E0M1X1
81:AEFF:E0M1X1,81:AF02:E0M1X1
81:AF02:E0M1X1,81:AF05:E0M1X1
81:AF05:E0M1X1,81:AF08:E0M1X1
81:AF08:E0M1X1,81:AF0B:E0M1X1
81:AF0B:E0M1X1,81:AEA3:E0M1X1
81:AF2F:E0M1X1,81:AF32:E0M1X1
81:AF32:E0M1X1,81:AF35:E0M1X1
81:AF35:E0M1X1,81:AF38:E0M1X1
81:AF38:E0M1X1,81:AF3A:E0M1X1
81:AF38:E0M1X1,81:AF40:E0M1X1
81:AF3A:E0M1X1,81:AF3D:E0M1X1
81:AF3D:E0M1X1,81:AF3F:E0M1X1
81:AF3D:E0M1X1,81:AF40:E0M1X1
81:AF3F:E0M1X1,81:ACEC:E0M1X1
81:AF3F:E0M1X1,81:ACFE:E0M1X1
81:AF40:E0M1X1,81:9C46:E0M1X1
81:AF43:E0M1X1,81:AF45:E0M1X1
81:AF45:E0M1X1,81:AF48:E0M1X1
81:AF48:E0M1X1,81:AF4A:E0M1X1
81:AF4A:E0M1X1,81:AF4D:E0M1X1
81:AF4D:E0M1X1,81:AF4F:E0M1X1
81:AF4F:E0M1X1,81:AF52:E0M1X1
81:AF52:E0M1X1,81:AF54:E0M1X1
81:AF54:E0M1X1,81:9DB1:E0M1X1
81:AF57:E0M1X1,81:AF5A:E0M1X1
81:AF5A:E0M1X1,81:AF5D:E0M1X1
81:AF5D:E0M1X1,81:AF60:E0M1X1
81:AF60:E0M1X1,81:AF62:E0M1X1
81:AF60:E0M1X1,81:AF71:E0M1X1
81:AF62:E0M1X1,81:AF65:E0M1X1
81:AF65:E0M1X1,81:AF67:E0M1X1
81:AF65:E0M1X1,81:AF71:E0M1X1
81:AF67:E0M1X1,81:AF6A:E0M1X1
81:AF6A:E0M1X1,81:AF6C:E0M1X1
81:AF6C:E0M1X1,81:AF6E:E0M1X1
81:AF6C:E0M1X1,81:AF71:E0M1X1
81:AF6E:E0M1X1,81:AF71:E0M1X1
81:AF71:E0M1X1,81:AF73:E0M0X0
81:AF73:E0M0X0,81:AF76:E0M0X0
81:AF76:E0M0X0,80:839B:E0M0X0
81:AF7A:E0M0X0,81:AF7D:E0M0X0
81:AF7D:E0M0X0,81:AF80:E0M0X0
81:AF80:E0M0X0,80:82F7:E0M0X0
81:AF84:E0M0X0,81:AF87:E0M0X0
81:AF87:E0M0X0,81:AF8B:E0M0X0
81:AF8B:E0M0X0,81:AF8E:E0M0X0
81:AF8E:E0M0X0,81:AF91:E0M0X0
81:AF91:E0M0X0,80:835B:E0M0X0
81:AF95:E0M0X0,81:B111:E0M0X0
81:AF98:E0M0X0,81:AF9B:E0M0X0
81:AF9B:E0M0X0,81:9E50:E0M0X0
81:AF9E:E0M0X0,81:AFA1:E0M0X0
81:AFA1:E0M0X0,81:9E12:E0M0X0
81:AFA4:E0M0X0,81:B0F2:E0M0X0
81:AFA7:E0M0X0,81:B32F:E0M0X0
81:AFAA:E0M0X0,81:DF8D:E0M0X0
81:AFAD:E0M0X0,81:AFAF:E0M1X1
81:AFAF:E0M1X1,81:B093:E0M1X1
81:AFB2:E0M1X1,81:B5C9:E0M1X1
81:AFB5:E0M1X1,81:B5B3:E0M1X1
81:AFB8:E0M1X1,81:B609:E0M1X1
81:AFBB:E0M1X1,81:AFBD:E0M1X1
81:AFBD:E0M1X1,80:CD87:E0M1X1
81:AFC1:E0M1X1,81:AFC3:E0M1X1
81:AFC3:E0M1X1,80:CD87:E0M1X1
81:AFC7:E0M1X1,81:B28B:E0M1X1
81:AFCA:E0M1X1,80:C2F4:E0M1X1
81:AFCE:E0M1X1,80:C066:E0M1X1
81:AFD2:E0M1X1,81:B29B:E0M1X1
81:AFD5:E0M1X1,81:9C8C:E0M1X1
81:AFD8:E0M1X1,81:9CB6:E0M1X1
81:AFDB:E0M1X1,81:AFDD:E0M1X1
81:AFDD:E0M1X1,81:AFE0:E0M1X1
81:AFE0:E0M1X1,80:A3A0:E0M1X1
81:AFE4:E0M1X1,81:9F5C:E0M1X1
81:AFE7:E0M1X1,81:AFEA:E0M1X1
81:AFEA:E0M1X1,81:AFEC:E0M1X1
81:AFEA:E0M1X1,81:AFEF:E0M1X1
81:AFEC:E0M1X1,81:B0D0:E0M1X1
81:AFEF:E0M1X1,92:ED31:E0M1X1
81:AFF3:E0M1X1,81:B598:E0M1X1
81:AFF6:E0M1X1,81:B519:E0M1X1
81:AFF9:E0M1X1,81:B53A:E0M1X1
81:AFFC:E0M1X1,81:AFFF:E0M1X1
81:AFFF:E0M1X1,81:B001:E0M1X1
81:AFFF:E0M1X1,81:B00B:E0M1X1
81:B001:E0M1X1,81:9F9D:E0M1X1
81:B004:E0M1X1,81:B006:E0M0X0
81:B006:E0M0X0,81:B0F2:E0M0X0
81:B009:E0M0X0,81:B00B:E0M1X1
81:B00B:E0M1X1,81:9C8C:E0M1X1
81:B00E:E0M1X1,81:B011:E0M1X1
81:B011:E0M1X1,81:B00E:E0M1X1
81:B011:E0M1X1,81:B013:E0M1X1
81:B013:E0M1X1,81:B016:E0M1X1
81:B016:E0M1X1,81:AFE7:E0M1X1
81:B016:E0M1X1,81:B018:E0M1X1
81:B018:E0M1X1,81:B01B:E0M1X1
81:B01B:E0M1X1,80:FB3E:E0M1X1
81:B01F:E0M1X1,80:F982:E0M1X1
81:B023:E0M1X1,81:B026:E0M1X1
81:B026:E0M1X1,81:B028:E0M1X1
81:B026:E0M1X1,81:B050:E0M1X1
81:B028:E0M1X1,81:B02B:E0M1X1
81:B02B:E0M1X1,81:B02C:E0M1X1
81:B02C:E0M1X1,81:B02E:E0M1X1
81:B02E:E0M1X1,81:B031:E0M1X1
81:B031:E0M1X1,80:A3EA:E0M1X1
81:B035:E0M1X1,81:B038:E0M1X1
81:B038:E0M1X1,81:B03A:E0M1X1
81:B038:E0M1X1,81:B045:E0M1X1
81:B03A:E0M1X1,81:B03B:E0M1X1
81:B03B:E0M1X1,81:B03C:E0M1X1
81:B03C:E0M1X1,81:B03D:E0M1X1
81:B03D:E0M1X1,81:B03F:E0M1X1
81:B03F:E0M1X1,81:8C6C:E0M1X1
81:B03F:E0M1X1,81:93DF:E0M1X1
81:B03F:E0M1X1,81:B701:E0M1X1
81:B03F:E0M1X1,81:C644:E0M1X1
81:B042:E0M1X1,81:AF40:E0M1X1
81:B045:E0M1X1,81:B046:E0M1X1
81:B046:E0M1X1,81:B047:E0M1X1
81:B047:E0M1X1,81:B048:E0M1X1
81:B048:E0M1X1,81:B04A:E0M1X1
81:B04A:E0M1X1,81:8C6C:E0M1X1
81:B04A:E0M1X1,81:93DF:E0M1X1
81:B04A:E0M1X1,81:A66A:E0M1X1
81:B04A:E0M1X1,81:B701:E0M1X1
81:B04D:E0M1X1,81:AF40:E0M1X1
81:B050:E0M1X1,81:B053:E0M1X1
81:B053:E0M1X1,81:B055:E0M1X1
81:B053:E0M1X1,81:B074:E0M1X1
81:B055:E0M1X1,81:B058:E0M1X1
81:B058:E0M1X1,81:B05A:E0M1X1
81:B05A:E0M1X1,81:B05C:E0M1X1
81:B05A:E0M1X1,81:B074:E0M1X1
81:B05C:E0M1X1,81:B05F:E0M1X1
81:B05F:E0M1X1,81:B061:E0M1X1
81:B061:E0M1X1,81:B064:E0M1X1
81:B064:E0M1X1,81:B067:E0M1X1
81:B067:E0M1X1,81:B069:E0M1X1
81:B067:E0M1X1,81:B06C:E0M1X1
81:B069:E0M1X1,81:AFE7:E0M1X1
81:B06C:E0M1X1,81:B06F:E0M1X1
81:B06F:E0M1X1,81:B071:E0M1X1
81:B06F:E0M1X1,81:B074:E0M1X1
81:B071:E0M1X1,81:AFE7:E0M1X1
81:B074:E0M1X1,81:B076:E0M1X1
81:B076:E0M1X1,81:B079:E0M1X1
81:B079:E0M1X1,80:A3EA:E0M1X1
81:B07D:E0M1X1,81:B07F:E0M1X1
81:B07F:E0M1X1,81:B082:E0M1X1
81:B082:E0M1X1,81:ACEC:E0M1X1
81:B082:E0M1X1,81:ACFE:E0M1X1
81:B093:E0M1X1,81:B096:E0M1X1
81:B096:E0M1X1,81:B099:E0M1X1
81:B099:E0M1X1,81:B09B:E0M1X1
81:B099:E0M1X1,81:B09D:E0M1X1
81:B09B:E0M1X1,81:B09D:E0M1X1
81:B09D:E0M1X1,81:B0A0:E0M1X1
81:B0A0:E0M1X1,81:B0A3:E0M1X1
81:B0A3:E0M1X1,81:B0A6:E0M1X1
81:B0A6:E0M1X1,81:B0A9:E0M1X1
81:B0A9:E0M1X1,81:B0AC:E0M1X1
81:B0AC:E0M1X1,81:B0AF:E0M1X1
81:B0AF:E0M1X1,81:B0B2:E0M1X1
81:B0B2:E0M1X1,81:B0B5:E0M1X1
81:B0B5:E0M1X1,81:B0B7:E0M1X1
81:B0B7:E0M1X1,81:B0BA:E0M1X1
81:B0BA:E0M1X1,81:B0BC:E0M1X1
81:B0BA:E0M1X1,81:B0C9:E0M1X1
81:B0BC:E0M1X1,81:B0BF:E0M1X1
81:B0BF:E0M1X1,81:B0C1:E0M1X1
81:B0C1:E0M1X1,81:B0C3:E0M1X1
81:B0C1:E0M1X1,81:B0C9:E0M1X1
81:B0C3:E0M1X1,81:B0C6:E0M1X1
81:B0C6:E0M1X1,81:B0C9:E0M1X1
81:B0C9:E0M1X1,81:B0CC:E0M1X1
81:B0CC:E0M1X1,81:B0CF:E0M1X1
81:B0CF:E0M1X1,81:AFB2:E0M1X1
81:B0D0:E0M1X1,81:B0D3:E0M1X1
81:B0D3:E0M1X1,81:B0D5:E0M1X1
81:B0D3:E0M1X1,81:B0F1:E0M1X1
81:B0D5:E0M1X1,81:B0D7:E0M0X0
81:B0D7:E0M0X0,81:B0DA:E0M0X0
81:B0DA:E0M0X0,81:B0DB:E0M0X0
81:B0DB:E0M0X0,81:B0DE:E0M0X0
81:B0DE:E0M0X0,81:B0DF:E0M0X0
81:B0DF:E0M0X0,81:B0E2:E0M0X0
81:B0E2:E0M0X0,81:B0E5:E0M0X0
81:B0E5:E0M0X0,81:B0E6:E0M0X0
81:B0E6:E0M0X0,81:B0E9:E0M0X0
81:B0E9:E0M0X0,81:B0EC:E0M0X0
81:B0EC:E0M0X0,81:DC76:E0M0X0
81:B0EF:E0M0X0,81:B0F1:E0M1X1
81:B0F1:E0M1X1,81:AFEF:E0M1X1
81:B0F2:E0M0X0,81:B0F5:E0M0X0
81:B0F5:E0M0X0,81:B0F8:E0M0X0
81:B0F8:E0M0X0,81:B0F9:E0M0X0
81:B0F9:E0M0X0,81:B0FA:E0M0X0
81:B0FA:E0M0X0,81:B0FD:E0M0X0
81:B0FD:E0M0X0,81:B100:E0M0X0
81:B100:E0M0X0,81:B101:E0M0X0
81:B101:E0M0X0,81:B104:E0M0X0
81:B104:E0M0X0,81:B107:E0M0X0
81:B107:E0M0X0,81:B10A:E0M0X0
81:B10A:E0M0X0,81:DE80:E0M0X0
81:B111:E0M0X0,81:B114:E0M0X0
81:B114:E0M0X0,81:B117:E0M0X0
81:B117:E0M0X0,81:B119:E0M0X0
81:B117:E0M0X0,81:B174:E0M0X0
81:B119:E0M0X0,81:B11C:E0M0X0
81:B11C:E0M0X0,81:B11F:E0M0X0
81:B11F:E0M0X0,81:B122:E0M0X0
81:B122:E0M0X0,81:DE80:E0M0X0
81:B125:E0M0X0,81:B128:E0M0X0
81:B128:E0M0X0,81:B12B:E0M0X0
81:B12B:E0M0X0,81:B12C:E0M0X0
81:B12C:E0M0X0,81:B12F:E0M0X0
81:B12F:E0M0X0,81:B132:E0M0X0
81:B132:E0M0X0,81:B135:E0M0X0
81:B135:E0M0X0,81:DE80:E0M0X0
81:B138:E0M0X0,81:B13B:E0M0X0
81:B13B:E0M0X0,81:B13E:E0M0X0
81:B13E:E0M0X0,81:B141:E0M0X0
81:B141:E0M0X0,81:DE80:E0M0X0
81:B144:E0M0X0,81:B147:E0M0X0
81:B147:E0M0X0,81:B14A:E0M0X0
81:B14A:E0M0X0,81:B14D:E0M0X0
81:B14D:E0M0X0,81:DC95:E0M0X0
81:B150:E0M0X0,81:B153:E0M0X0
81:B153:E0M0X0,81:B156:E0M0X0
81:B156:E0M0X0,81:B159:E0M0X0
81:B159:E0M0X0,81:B15B:E0M0X0
81:B159:E0M0X0,81:B173:E0M0X0
81:B15B:E0M0X0,81:B15E:E0M0X0
81:B15E:E0M0X0,81:B161:E0M0X0
81:B161:E0M0X0,81:B164:E0M0X0
81:B164:E0M0X0,81:DE80:E0M0X0
81:B167:E0M0X0,81:B16A:E0M0X0
81:B16A:E0M0X0,81:B16D:E0M0X0
81:B16D:E0M0X0,81:B170:E0M0X0
81:B170:E0M0X0,81:DC95:E0M0X0
81:B173:E0M0X0,81:AF98:E0M0X0
81:B174:E0M0X0,81:B177:E0M0X0
81:B177:E0M0X0,81:B17A:E0M0X0
81:B17A:E0M0X0,81:B17D:E0M0X0
81:B17D:E0M0X0,81:DE80:E0M0X0
81:B180:E0M0X0,81:B183:E0M0X0
81:B183:E0M0X0,81:B186:E0M0X0
81:B186:E0M0X0,81:B187:E0M0X0
81:B187:E0M0X0,81:B18A:E0M0X0
81:B18A:E0M0X0,81:B18D:E0M0X0
81:B18D:E0M0X0,81:B190:E0M0X0
81:B190:E0M0X0,81:DDDF:E0M0X0
81:B193:E0M0X0,81:B196:E0M0X0
81:B196:E0M0X0,81:B199:E0M0X0
81:B199:E0M0X0,81:B19A:E0M0X0
81:B19A:E0M0X0,81:B19D:E0M0X0
81:B19D:E0M0X0,81:B1A0:E0M0X0
81:B1A0:E0M0X0,81:B1A3:E0M0X0
81:B1A3:E0M0X0,81:DE80:E0M0X0
81:B1A6:E0M0X0,81:B1A9:E0M0X0
81:B1A9:E0M0X0,81:B1AC:E0M0X0
81:B1AC:E0M0X0,81:B1AF:E0M0X0
81:B1AF:E0M0X0,81:DE80:E0M0X0
81:B1B2:E0M0X0,81:B1B5:E0M0X0
81:B1B5:E0M0X0,81:B1B8:E0M0X0
81:B1B8:E0M0X0,81:B1B9:E0M0X0
81:B1B9:E0M0X0,81:B1BC:E0M0X0
81:B1BC:E0M0X0,81:B1BF:E0M0X0
81:B1BF:E0M0X0,81:B1C2:E0M0X0
81:B1C2:E0M0X0,81:DDDF:E0M0X0
81:B1C5:E0M0X0,81:B1C8:E0M0X0
81:B1C8:E0M0X0,81:B1CB:E0M0X0
81:B1CB:E0M0X0,81:B1CE:E0M0X0
81:B1CE:E0M0X0,81:DE80:E0M0X0
81:B1D1:E0M0X0,81:B1D4:E0M0X0
81:B1D4:E0M0X0,81:B1D7:E0M0X0
81:B1D7:E0M0X0,81:DC76:E0M0X0
81:B1DA:E0M0X0,81:B1DD:E0M0X0
81:B1DD:E0M0X0,81:B1E0:E0M0X0
81:B1E0:E0M0X0,81:B1E3:E0M0X0
81:B1E3:E0M0X0,81:DE80:E0M0X0
81:B1E6:E0M0X0,81:B1E9:E0M0X0
81:B1E9:E0M0X0,81:B1EC:E0M0X0
81:B1EC:E0M0X0,81:B1EF:E0M0X0
81:B1EF:E0M0X0,81:B1F2:E0M0X0
81:B1F2:E0M0X0,81:DD96:E0M0X0
81:B1F5:E0M0X0,81:B1F8:E0M0X0
81:B1F8:E0M0X0,81:B1FB:E0M0X0
81:B1FB:E0M0X0,81:B1FE:E0M0X0
81:B1FE:E0M0X0,81:DE80:E0M0X0
81:B201:E0M0X0,81:B204:E0M0X0
81:B204:E0M0X0,81:B207:E0M0X0
81:B207:E0M0X0,81:B208:E0M0X0
81:B208:E0M0X0,81:B20B:E0M0X0
81:B20B:E0M0X0,81:B20E:E0M0X0
81:B20E:E0M0X0,81:B211:E0M0X0
81:B211:E0M0X0,81:B214:E0M0X0
81:B214:E0M0X0,81:DD62:E0M0X0
81:B217:E0M0X0,81:B21A:E0M0X0
81:B21A:E0M0X0,81:B21D:E0M0X0
81:B21D:E0M0X0,81:B220:E0M0X0
81:B220:E0M0X0,81:DE80:E0M0X0
81:B223:E0M0X0,81:B226:E0M0X0
81:B226:E0M0X0,81:B229:E0M0X0
81:B229:E0M0X0,81:B22C:E0M0X0
81:B22C:E0M0X0,81:DE80:E0M0X0
81:B22F:E0M0X0,81:B232:E0M0X0
81:B232:E0M0X0,81:B235:E0M0X0
81:B235:E0M0X0,81:B238:E0M0X0
81:B238:E0M0X0,81:B23B:E0M0X0
81:B23B:E0M0X0,81:DD96:E0M0X0
81:B23E:E0M0X0,81:B241:E0M0X0
81:B241:E0M0X0,81:B244:E0M0X0
81:B244:E0M0X0,81:B247:E0M0X0
81:B247:E0M0X0,81:DDDF:E0M0X0
81:B24A:E0M0X0,81:B24D:E0M0X0
81:B24D:E0M0X0,81:B250:E0M0X0
81:B250:E0M0X0,81:B253:E0M0X0
81:B253:E0M0X0,81:DDDF:E0M0X0
81:B256:E0M0X0,81:B259:E0M0X0
81:B259:E0M0X0,81:B25C:E0M0X0
81:B25C:E0M0X0,81:B25F:E0M0X0
81:B25F:E0M0X0,81:DE80:E0M0X0
81:B262:E0M0X0,81:B265:E0M0X0
81:B265:E0M0X0,81:B268:E0M0X0
81:B268:E0M0X0,81:B26A:E0M0X0
81:B268:E0M0X0,81:B27F:E0M0X0
81:B26A:E0M0X0,81:B26D:E0M0X0
81:B26D:E0M0X0,81:B270:E0M0X0
81:B270:E0M0X0,81:DD96:E0M0X0
81:B273:E0M0X0,81:B276:E0M0X0
81:B276:E0M0X0,81:B279:E0M0X0
81:B279:E0M0X0,81:B27C:E0M0X0
81:B27C:E0M0X0,81:DDDF:E0M0X0
81:B27F:E0M0X0,81:B282:E0M0X0
81:B282:E0M0X0,81:B285:E0M0X0
81:B285:E0M0X0,81:B288:E0M0X0
81:B288:E0M0X0,81:DDDF:E0M0X0
81:B28B:E0M1X1,81:B28E:E0M1X1
81:B28E:E0M1X1,81:B290:E0M1X1
81:B28E:E0M1X1,81:B29A:E0M1X1
81:B290:E0M1X1,81:B292:E0M1X1
81:B292:E0M1X1,81:B295:E0M1X1
81:B295:E0M1X1,81:B297:E0M1X1
81:B297:E0M1X1,81:B29A:E0M1X1
81:B29A:E0M1X1,81:AFCA:E0M1X1
81:B29B:E0M1X1,81:B29E:E0M1X1
81:B29E:E0M1X1,81:B29F:E0M1X1
81:B29F:E0M1X1,81:B2A1:E0M1X1
81:B2A1:E0M1X1,81:B2A4:E0M1X1
81:B2A4:E0M1X1,81:B2A7:E0M1X1
81:B2A7:E0M1X1,81:B2AA:E0M1X1
81:B2AA:E0M1X1,81:B2AD:E0M1X1
81:B2AD:E0M1X1,81:B2B0:E0M1X1
81:B2B0:E0M1X1,81:B2B1:E0M1X1
81:B2B1:E0M1X1,81:B2B3:E0M1X1
81:B2B3:E0M1X1,81:B2B6:E0M1X1
81:B2B6:E0M1X1,81:B2B9:E0M1X1
81:B2B9:E0M1X1,81:B2BC:E0M1X1
81:B2BC:E0M1X1,81:B2BF:E0M1X1
81:B2BF:E0M1X1,81:B2C2:E0M1X1
81:B2C2:E0M1X1,81:B2C3:E0M1X1
81:B2C3:E0M1X1,81:B2C5:E0M1X1
81:B2C5:E0M1X1,81:B2C8:E0M1X1
81:B2C8:E0M1X1,81:B2CB:E0M1X1
81:B2CB:E0M1X1,81:B2CE:E0M1X1
81:B2CE:E0M1X1,81:B2D1:E0M1X1
81:B2D1:E0M1X1,81:B2D4:E0M1X1
81:B2D4:E0M1X1,81:B2D7:E0M1X1
81:B2D7:E0M1X1,81:B2D8:E0M1X1
81:B2D8:E0M1X1,81:B2D9:E0M1X1
81:B2D9:E0M1X1,81:B2DB:E0M1X1
81:B2DB:E0M1X1,81:B2DE:E0M1X1
81:B2DE:E0M1X1,81:B2DF:E0M1X1
81:B2DF:E0M1X1,81:B2E1:E0M1X1
81:B2E1:E0M1X1,81:B2E4:E0M1X1
81:B2E4:E0M1X1,81:B2E7:E0M1X1
81:B2E7:E0M1X1,81:B2EA:E0M1X1
81:B2EA:E0M1X1,81:B2EB:E0M1X1
81:B2EB:E0M1X1,81:B2EC:E0M1X1
81:B2EC:E0M1X1,81:B2EE:E0M1X1
81:B2EE:E0M1X1,81:B2F1:E0M1X1
81:B2F1:E0M1X1,81:B2F2:E0M1X1
81:B2F2:E0M1X1,81:B2F4:E0M1X1
81:B2F4:E0M1X1,81:B2F7:E0M1X1
81:B2F7:E0M1X1,81:B2FA:E0M1X1
81:B2FA:E0M1X1,81:B2FD:E0M1X1
81:B2FD:E0M1X1,81:B2FE:E0M1X1
81:B2FE:E0M1X1,81:B2FF:E0M1X1
81:B2FF:E0M1X1,81:B301:E0M1X1
81:B301:E0M1X1,81:B304:E0M1X1
81:B304:E0M1X1,81:B305:E0M1X1
81:B305:E0M1X1,81:B307:E0M1X1
81:B307:E0M1X1,81:B30A:E0M1X1
81:B30A:E0M1X1,81:AFD5:E0M1X1
81:B313:E0M0X0,81:B315:E0M1X0
81:B315:E0M1X0,81:B316:E0M1X0
81:B316:E0M1X0,81:B318:E0M1X0
81:B318:E0M1X0,81:B319:E0M1X0
81:B319:E0M1X0,81:B31A:E0M1X0
81:B31A:E0M1X0,81:B31C:E0M0X0
81:B31C:E0M0X0,81:B31F:E0M0X0
81:B31F:E0M0X0,81:B322:E0M0X0
81:B322:E0M0X0,81:B325:E0M0X0
81:B325:E0M0X0,81:B328:E0M0X0
81:B328:E0M0X0,81:B329:E0M0X0
81:B329:E0M0X0,81:B32A:E0M0X0
81:B32A:E0M0X0,81:B32B:E0M0X0
81:B32B:E0M0X0,81:B322:E0M0X0
81:B32B:E0M0X0,81:B32D:E0M0X0
81:B32D:E0M0X0,81:B32E:E0M0X0
81:B32E:E0M0X0,81:90D9:E0M0X0
81:B32E:E0M0X0,81:B37E:E0M0X0
81:B32F:E0M0X0,81:B331:E0M1X1
81:B331:E0M1X1,81:B333:E0M1X1
81:B333:E0M1X1,81:B334:E0M1X1
81:B334:E0M1X1,81:B337:E0M1X1
81:B337:E0M1X1,81:B33A:E0M1X1
81:B33A:E0M1X1,81:B33D:E0M1X1
81:B33D:E0M1X1,81:B3A6:E0M1X1
81:B340:E0M1X1,81:B342:E0M0X0
81:B342:E0M0X0,81:B345:E0M0X0
81:B345:E0M0X0,81:B348:E0M0X0
81:B348:E0M0X0,81:B349:E0M0X0
81:B349:E0M0X0,81:B34C:E0M0X0
81:B34C:E0M0X0,81:B34F:E0M0X0
81:B34F:E0M0X0,80:82F7:E0M0X0
81:B353:E0M0X0,81:B3D2:E0M0X0
81:B356:E0M0X0,81:B359:E0M0X0
81:B359:E0M0X0,81:B35C:E0M0X0
81:B35C:E0M0X0,81:B35D:E0M0X0
81:B35D:E0M0X0,81:B35E:E0M0X0
81:B35E:E0M0X0,81:B361:E0M0X0
81:B361:E0M0X0,80:839B:E0M0X0
81:B365:E0M0X0,81:B368:E0M0X0
81:B368:E0M0X0,81:B36B:E0M0X0
81:B36B:E0M0X0,80:A21A:E0M0X0
81:B36F:E0M0X0,81:B370:E0M0X0
81:B370:E0M0X0,81:B371:E0M0X0
81:B371:E0M0X0,81:B374:E0M0X0
81:B374:E0M0X0,81:B377:E0M0X0
81:B377:E0M0X0,80:82F7:E0M0X0
81:B37B:E0M0X0,81:B313:E0M0X0
81:B37E:E0M0X0,81:B381:E0M0X0
81:B381:E0M0X0,81:B384:E0M0X0
81:B384:E0M0X0,80:A21A:E0M0X0
81:B388:E0M0X0,81:B38B:E0M0X0
81:B38B:E0M0X0,81:B38E:E0M0X0
81:B38E:E0M0X0,80:A21A:E0M0X0
81:B392:E0M0X0,81:B394:E0M1X1
81:B394:E0M1X1,81:B397:E0M1X1
81:B397:E0M1X1,81:B399:E0M1X1
81:B399:E0M1X1,80:CD87:E0M1X1
81:B39D:E0M1X1,81:B39F:E0M1X1
81:B39F:E0M1X1,80:CD87:E0M1X1
81:B3A3:E0M1X1,81:B3A5:E0M0X0
81:B3A5:E0M0X0,81:AFAA:E0M0X0
81:B3A6:E0M1X1,81:B3A9:E0M1X1
81:B3A9:E0M1X1,81:B3AB:E0M1X1
81:B3A9:E0M1X1,81:B3C5:E0M1X1
81:B3AB:E0M1X1,81:B3AE:E0M1X1
81:B3AE:E0M1X1,81:B3B0:E0M1X1
81:B3B0:E0M1X1,81:B3B2:E0M1X1
81:B3B0:E0M1X1,81:B3C5:E0M1X1
81:B3B2:E0M1X1,81:B3B5:E0M1X1
81:B3B5:E0M1X1,81:B3B7:E0M1X1
81:B3B7:E0M1X1,81:B3BA:E0M1X1
81:B3BA:E0M1X1,81:B3BC:E0M1X1
81:B3BC:E0M1X1,81:B3BD:E0M1X1
81:B3BD:E0M1X1,81:B3C0:E0M1X1
81:B3C0:E0M1X1,81:B3C3:E0M1X1
81:B3C3:E0M1X1,81:B3CE:E0M1X1
81:B3C5:E0M1X1,81:B3C7:E0M1X1
81:B3C7:E0M1X1,81:B3C8:E0M1X1
81:B3C8:E0M1X1,81:B3CB:E0M1X1
81:B3CB:E0M1X1,81:B3CE:E0M1X1
81:B3CE:E0M1X1,81:B3D1:E0M1X1
81:B3D1:E0M1X1,81:B340:E0M1X1
81:B3D2:E0M0X0,81:B3D5:E0M0X0
81:B3D5:E0M0X0,81:B3D8:E0M0X0
81:B3D8:E0M0X0,81:B3DA:E0M0X0
81:B3D8:E0M0X0,81:B3F8:E0M0X0
81:B3DA:E0M0X0,81:B3DD:E0M0X0
81:B3DD:E0M0X0,81:B3E0:E0M0X0
81:B3E0:E0M0X0,81:B3E3:E0M0X0
81:B3E3:E0M0X0,81:B3E5:E0M0X0
81:B3E3:E0M0X0,81:B3F8:E0M0X0
81:B3E5:E0M0X0,81:B3E8:E0M0X0
81:B3E8:E0M0X0,81:B3EB:E0M0X0
81:B3EB:E0M0X0,81:B3EC:E0M0X0
81:B3EC:E0M0X0,81:B3ED:E0M0X0
81:B3ED:E0M0X0,81:B3F0:E0M0X0
81:B3F0:E0M0X0,81:B3F1:E0M0X0
81:B3F1:E0M0X0,81:B3F2:E0M0X0
81:B3F2:E0M0X0,81:B3F3:E0M0X0
81:B3F3:E0M0X0,81:B3F6:E0M0X0
81:B3F6:E0M0X0,81:B409:E0M0X0
81:B3F8:E0M0X0,81:B3FB:E0M0X0
81:B3FB:E0M0X0,81:B3FE:E0M0X0
81:B3FE:E0M0X0,81:B3FF:E0M0X0
81:B3FF:E0M0X0,81:B400:E0M0X0
81:B400:E0M0X0,81:B403:E0M0X0
81:B403:E0M0X0,81:B404:E0M0X0
81:B404:E0M0X0,81:B405:E0M0X0
81:B405:E0M0X0,81:B406:E0M0X0
81:B406:E0M0X0,81:B409:E0M0X0
81:B409:E0M0X0,81:B40A:E0M0X0
81:B40A:E0M0X0,80:839B:E0M0X0
81:B40E:E0M0X0,81:B411:E0M0X0
81:B411:E0M0X0,81:B414:E0M0X0
81:B414:E0M0X0,80:A21A:E0M0X0
81:B418:E0M0X0,81:B419:E0M0X0
81:B419:E0M0X0,81:B41C:E0M0X0
81:B41C:E0M0X0,80:82F7:E0M0X0
81:B420:E0M0X0,81:B356:E0M0X0
81:B421:E0M1X1,81:B424:E0M1X1
81:B424:E0M1X1,81:B426:E0M1X1
81:B424:E0M1X1,81:B42D:E0M1X1
81:B426:E0M1X1,81:B429:E0M1X1
81:B429:E0M1X1,81:B42B:E0M1X1
81:B42B:E0M1X1,81:B42D:E0M1X1
81:B42B:E0M1X1,81:B441:E0M1X1
81:B42D:E0M1X1,81:B430:E0M1X1
81:B430:E0M1X1,81:B433:E0M1X1
81:B433:E0M1X1,81:B436:E0M1X1
81:B436:E0M1X1,81:B438:E0M1X1
81:B438:E0M1X1,81:B43B:E0M1X1
81:B43B:E0M1X1,81:B43D:E0M1X1
81:B43D:E0M1X1,81:B440:E0M1X1
81:B440:E0M1X1,81:B4F4:E0M1X1
81:B441:E0M1X1,81:B444:E0M1X1
81:B444:E0M1X1,81:B447:E0M1X1
81:B447:E0M1X1,81:B44A:E0M1X1
81:B44A:E0M1X1,81:B44C:E0M1X1
81:B44C:E0M1X1,81:B44F:E0M1X1
81:B44F:E0M1X1,81:B451:E0M1X1
81:B451:E0M1X1,81:B454:E0M1X1
81:B454:E0M1X1,81:B457:E0M1X1
81:B457:E0M1X1,81:B45A:E0M1X1
81:B45A:E0M1X1,81:B45D:E0M1X1
81:B45D:E0M1X1,81:B45F:E0M1X1
81:B45F:E0M1X1,81:B462:E0M1X1
81:B462:E0M1X1,81:B464:E0M1X1
81:B464:E0M1X1,81:B467:E0M1X1
81:B467:E0M1X1,81:B4F4:E0M1X1
81:B468:E0M1X1,81:B46B:E0M1X1
81:B46B:E0M1X1,81:B46D:E0M1X1
81:B46B:E0M1X1,81:B474:E0M1X1
81:B46D:E0M1X1,81:B470:E0M1X1
81:B470:E0M1X1,81:B472:E0M1X1
81:B472:E0M1X1,81:B474:E0M1X1
81:B472:E0M1X1,81:B488:E0M1X1
81:B474:E0M1X1,81:B477:E0M1X1
81:B477:E0M1X1,81:B47A:E0M1X1
81:B47A:E0M1X1,81:B47D:E0M1X1
81:B47D:E0M1X1,81:B47F:E0M1X1
81:B47F:E0M1X1,81:B482:E0M1X1
81:B482:E0M1X1,81:B484:E0M1X1
81:B484:E0M1X1,81:B487:E0M1X1
81:B487:E0M1X1,81:B518:E0M1X1
81:B488:E0M1X1,81:B48B:E0M1X1
81:B48B:E0M1X1,81:B48D:E0M1X1
81:B48B:E0M1X1,81:B49A:E0M1X1
81:B48D:E0M1X1,81:B490:E0M1X1
81:B490:E0M1X1,81:B492:E0M1X1
81:B490:E0M1X1,81:B49A:E0M1X1
81:B492:E0M1X1,81:B495:E0M1X1
81:B495:E0M1X1,81:B498:E0M1X1
81:B498:E0M1X1,81:B49A:E0M1X1
81:B498:E0M1X1,81:B4CB:E0M1X1
81:B49A:E0M1X1,81:B49D:E0M1X1
81:B49D:E0M1X1,81:B49F:E0M1X1
81:B49D:E0M1X1,81:B4B2:E0M1X1
81:B49F:E0M1X1,81:B4A2:E0M1X1
81:B4A2:E0M1X1,81:B4A5:E0M1X1
81:B4A5:E0M1X1,81:B4A8:E0M1X1
81:B4A8:E0M1X1,81:B4AA:E0M1X1
81:B4AA:E0M1X1,81:B4AD:E0M1X1
81:B4AD:E0M1X1,81:B4AF:E0M1X1
81:B4AF:E0M1X1,81:B4B2:E0M1X1
81:B4B2:E0M1X1,81:B4B5:E0M1X1
81:B4B5:E0M1X1,81:B4B7:E0M1X1
81:B4B5:E0M1X1,81:B4CA:E0M1X1
81:B4B7:E0M1X1,81:B4BA:E0M1X1
81:B4BA:E0M1X1,81:B4BD:E0M1X1
81:B4BD:E0M1X1,81:B4C0:E0M1X1
81:B4C0:E0M1X1,81:B4C2:E0M1X1
81:B4C2:E0M1X1,81:B4C5:E0M1X1
81:B4C5:E0M1X1,81:B4C7:E0M1X1
81:B4C7:E0M1X1,81:B4CA:E0M1X1
81:B4CA:E0M1X1,81:B518:E0M1X1
81:B4CB:E0M1X1,81:B4CE:E0M1X1
81:B4CE:E0M1X1,81:B4D1:E0M1X1
81:B4D1:E0M1X1,81:B4D4:E0M1X1
81:B4D4:E0M1X1,81:B4D6:E0M1X1
81:B4D6:E0M1X1,81:B4D9:E0M1X1
81:B4D9:E0M1X1,81:B4DB:E0M1X1
81:B4DB:E0M1X1,81:B4DE:E0M1X1
81:B4DE:E0M1X1,81:B518:E0M1X1
81:B4DF:E0M1X1,81:B4E2:E0M1X1
81:B4E2:E0M1X1,81:B4E5:E0M1X1
81:B4E5:E0M1X1,81:B4E7:E0M1X1
81:B4E5:E0M1X1,81:B4F1:E0M1X1
81:B4E7:E0M1X1,81:B4EA:E0M1X1
81:B4EA:E0M1X1,81:B4ED:E0M1X1
81:B4ED:E0M1X1,81:B4F0:E0M1X1
81:B4F0:E0M1X1,81:B590:E0M1X1
81:B4F1:E0M1X1,81:B421:E0M1X1
81:B4F4:E0M1X1,81:B4F6:E0M1X1
81:B4F6:E0M1X1,81:9FDD:E0M1X1
81:B4F9:E0M1X1,81:B4FB:E0M1X1
81:B4FB:E0M1X1,81:9FEF:E0M1X1
81:B4FE:E0M1X1,81:B55E:E0M1X1
81:B501:E0M1X1,81:A001:E0M1X1
81:B504:E0M1X1,81:B507:E0M1X1
81:B507:E0M1X1,81:B509:E0M1X1
81:B507:E0M1X1,81:B511:E0M1X1
81:B509:E0M1X1,81:B50C:E0M1X1
81:B50C:E0M1X1,81:B50E:E0M1X1
81:B50E:E0M1X1,81:B511:E0M1X1
81:B511:E0M1X1,81:B513:E0M1X1
81:B513:E0M1X1,81:B515:E0M1X1
81:B513:E0M1X1,81:B518:E0M1X1
81:B515:E0M1X1,81:B468:E0M1X1
81:B518:E0M1X1,81:B590:E0M1X1
81:B519:E0M1X1,81:9CF2:E0M1X1
81:B51C:E0M1X1,81:B51E:E0M1X1
81:B51C:E0M1X1,81:B539:E0M1X1
81:B51E:E0M1X1,81:B520:E0M1X1
81:B51E:E0M1X1,81:B52C:E0M1X1
81:B520:E0M1X1,81:B523:E0M1X1
81:B523:E0M1X1,81:B526:E0M1X1
81:B526:E0M1X1,81:B528:E0M1X1
81:B528:E0M1X1,81:B52B:E0M1X1
81:B52B:E0M1X1,81:AFF9:E0M1X1
81:B52C:E0M1X1,81:B52E:E0M1X1
81:B52E:E0M1X1,81:B531:E0M1X1
81:B531:E0M1X1,81:B533:E0M1X1
81:B533:E0M1X1,81:B536:E0M1X1
81:B536:E0M1X1,81:B539:E0M1X1
81:B539:E0M1X1,81:AFF9:E0M1X1
81:B53A:E0M1X1,81:B53D:E0M1X1
81:B53D:E0M1X1,81:B53F:E0M1X1
81:B53D:E0M1X1,81:B55D:E0M1X1
81:B53F:E0M1X1,81:B542:E0M1X1
81:B542:E0M1X1,81:B544:E0M1X1
81:B544:E0M1X1,81:B546:E0M1X1
81:B544:E0M1X1,81:B55D:E0M1X1
81:B546:E0M1X1,81:B549:E0M1X1
81:B549:E0M1X1,81:B54B:E0M1X1
81:B54B:E0M1X1,81:B54E:E0M1X1
81:B54E:E0M1X1,81:B550:E0M1X1
81:B54E:E0M1X1,81:B557:E0M1X1
81:B550:E0M1X1,81:B553:E0M1X1
81:B553:E0M1X1,81:B556:E0M1X1
81:B556:E0M1X1,81:AFFC:E0M1X1
81:B557:E0M1X1,81:B55A:E0M1X1
81:B55A:E0M1X1,81:B55D:E0M1X1
81:B55D:E0M1X1,81:AFFC:E0M1X1
81:B55E:E0M1X1,81:B561:E0M1X1
81:B561:E0M1X1,81:B563:E0M1X1
81:B561:E0M1X1,81:B579:E0M1X1
81:B563:E0M1X1,81:B566:E0M1X1
81:B566:E0M1X1,81:B568:E0M1X1
81:B568:E0M1X1,81:B56A:E0M1X1
81:B568:E0M1X1,81:B579:E0M1X1
81:B56A:E0M1X1,81:B56D:E0M1X1
81:B56D:E0M1X1,81:B570:E0M1X1
81:B570:E0M1X1,81:B572:E0M1X1
81:B570:E0M1X1,81:B576:E0M1X1
81:B572:E0M1X1,81:B575:E0M1X1
81:B575:E0M1X1,81:B501:E0M1X1
81:B576:E0M1X1,81:B579:E0M1X1
81:B579:E0M1X1,81:B501:E0M1X1
81:B57A:E0M1X1,81:B57B:E0M1X1
81:B57B:E0M1X1,81:B57C:E0M1X1
81:B57C:E0M1X1,81:B57D:E0M1X1
81:B57D:E0M1X1,81:9EDB:E0M1X1
81:B580:E0M1X1,81:B582:E0M0X0
81:B582:E0M0X0,81:B585:E0M0X0
81:B585:E0M0X0,81:9BFC:E0M0X0
81:B588:E0M0X0,81:DF01:E0M0X0
81:B58B:E0M0X0,81:B58D:E0M1X1
81:B58D:E0M1X1,81:B4DF:E0M1X1
81:B590:E0M1X1,81:9CB6:E0M1X1
81:B593:E0M1X1,81:B609:E0M1X1
81:B596:E0M1X1,81:B597:E0M1X1
81:B597:E0M1X1,80:81D9:E0M1X1
81:B598:E0M1X1,81:B59B:E0M1X1
81:B59B:E0M1X1,81:B59D:E0M1X1
81:B59D:E0M1X1,81:B59F:E0M1X1
81:B59D:E0M1X1,81:B5B2:E0M1X1
81:B59F:E0M1X1,81:B5A2:E0M1X1
81:B5A2:E0M1X1,81:B5A3:E0M1X1
81:B5A3:E0M1X1,81:B5A5:E0M1X1
81:B5A5:E0M1X1,81:B5A7:E0M1X1
81:B5A5:E0M1X1,81:B5A9:E0M1X1
81:B5A7:E0M1X1,81:B5A9:E0M1X1
81:B5A9:E0M1X1,81:B5AC:E0M1X1
81:B5AC:E0M1X1,81:B5C9:E0M1X1
81:B5AF:E0M1X1,81:B5B3:E0M1X1
81:B5B2:E0M1X1,81:AFF6:E0M1X1
81:B5B3:E0M1X1,81:B5B5:E0M1X1
81:B5B5:E0M1X1,81:B5B7:E0M1X1
81:B5B7:E0M1X1,81:B5BA:E0M1X1
81:B5BA:E0M1X1,81:B5BC:E0M1X1
81:B5BC:E0M1X1,81:B5BE:E0M1X1
81:B5BC:E0M1X1,81:B5C2:E0M1X1
81:B5BE:E0M1X1,81:B5C0:E0M1X1
81:B5C0:E0M1X1,81:B5C2:E0M1X1
81:B5C2:E0M1X1,81:B5C5:E0M1X1
81:B5C5:E0M1X1,81:B5C8:E0M1X1
81:B5C8:E0M1X1,81:AFB8:E0M1X1
81:B5C8:E0M1X1,81:B5B2:E0M1X1
81:B5C9:E0M1X1,81:B5CC:E0M1X1
81:B5CC:E0M1X1,81:B5CD:E0M1X1
81:B5CD:E0M1X1,81:B5CE:E0M1X1
81:B5CE:E0M1X1,81:B5D1:E0M1X1
81:B5D1:E0M1X1,81:B5D2:E0M1X1
81:B5D2:E0M1X1,81:B5D5:E0M1X1
81:B5D5:E0M1X1,81:B5D8:E0M1X1
81:B5D8:E0M1X1,81:B5DA:E0M0X0
81:B5DA:E0M0X0,81:B5DD:E0M0X0
81:B5DD:E0M0X0,81:B5E0:E0M0X0
81:B5E0:E0M0X0,80:D49D:E0M0X0
81:B5E4:E0M0X0,81:B5E6:E0M1X1
81:B5E6:E0M1X1,81:B5E9:E0M1X1
81:B5E9:E0M1X1,81:B5EA:E0M1X1
81:B5EA:E0M1X1,81:B5EB:E0M1X1
81:B5EB:E0M1X1,81:B5EE:E0M1X1
81:B5EE:E0M1X1,81:B5EF:E0M1X1
81:B5EF:E0M1X1,81:B5F2:E0M1X1
81:B5F2:E0M1X1,81:B5F5:E0M1X1
81:B5F5:E0M1X1,81:B5F7:E0M0X0
81:B5F7:E0M0X0,81:B5FA:E0M0X0
81:B5FA:E0M0X0,81:B5FD:E0M0X0
81:B5FD:E0M0X0,80:D49D:E0M0X0
81:B601:E0M0X0,81:B603:E0M1X1
81:B603:E0M1X1,81:B605:E0M1X1
81:B605:E0M1X1,81:B608:E0M1X1
81:B608:E0M1X1,81:AFB5:E0M1X1
81:B608:E0M1X1,81:B5AF:E0M1X1
81:B609:E0M1X1,81:B60C:E0M1X1
81:B60C:E0M1X1,81:B60E:E0M1X1
81:B60C:E0M1X1,81:B629:E0M1X1
81:B60E:E0M1X1,81:B611:E0M1X1
81:B611:E0M1X1,81:B613:E0M0X0
81:B613:E0M0X0,81:B616:E0M0X0
81:B616:E0M0X0,81:B619:E0M0X0
81:B619:E0M0X0,80:A27E:E0M0X0
81:B61D:E0M0X0,81:B620:E0M0X0
81:B620:E0M0X0,81:B623:E0M0X0
81:B623:E0M0X0,80:A27E:E0M0X0
81:B627:E0M0X0,81:B629:E0M1X1
81:B629:E0M1X1,81:AFBB:E0M1X1
81:B629:E0M1X1,81:B596:E0M1X1
81:B669:E0M1X1,81:B66A:E0M1X1
81:B66A:E0M1X1,81:B66B:E0M1X1
81:B66B:E0M1X1,81:B66C:E0M1X1
81:B66C:E0M1X1,81:B66E:E0M0X1
81:B66E:E0M0X1,81:B671:E0M0X1
81:B671:E0M0X1,81:B674:E0M0X1
81:B674:E0M0X1,81:B677:E0M0X1
81:B677:E0M0X1,81:B67A:E0M0X1
81:B67A:E0M0X1,81:B67C:E0M1X1
81:B67C:E0M1X1,81:ACCA:E0M1X1
81:B67C:E0M1X1,81:ACDC:E0M1X1
81:B67C:E0M1X1,81:ACE9:E0M1X1
81:B67C:E0M1X1,81:ACFB:E0M1X1
81:B67C:E0M1X1,81:C907:E0M1X1
81:B67C:E0M1X1,81:C991:E0M1X1
81:B67C:E0M1X1,81:FA1C:E0M1X1
81:B67D:E0M1X1,81:B67E:E0M1X1
81:B67E:E0M1X1,81:B67F:E0M1X1
81:B67F:E0M1X1,81:B680:E0M1X1
81:B680:E0M1X1,81:B682:E0M0X1
81:B682:E0M0X1,81:B685:E0M0X1
81:B685:E0M0X1,81:B688:E0M0X1
81:B688:E0M0X1,81:B68B:E0M0X1
81:B68B:E0M0X1,81:B68E:E0M0X1
81:B68E:E0M0X1,81:B690:E0M1X1
81:B690:E0M1X1,81:8E39:E0M1X1
81:B690:E0M1X1,81:AE75:E0M1X1
81:B690:E0M1X1,81:C98B:E0M1X1
81:B690:E0M1X1,81:F997:E0M1X1
81:B690:E0M1X1,81:F9A3:E0M1X1
81:B691:E0M0X0,81:B692:E0M0X0
81:B692:E0M0X0,81:B694:E0M0X0
81:B694:E0M0X0,81:B695:E0M0X0
81:B695:E0M0X0,81:B698:E0M0X0
81:B698:E0M0X0,81:B699:E0M0X0
81:B699:E0M0X0,81:B69B:E0M0X0
81:B69B:E0M0X0,81:B69E:E0M0X0
81:B69E:E0M0X0,81:B69F:E0M0X0
81:B69F:E0M0X0,81:B6A1:E0M0X0
81:B6A1:E0M0X0,81:B6A4:E0M0X0
81:B6A4:E0M0X0,81:B6A6:E0M0X0
81:B6A6:E0M0X0,81:B6A9:E0M0X0
81:B6A9:E0M0X0,81:B6AA:E0M0X0
81:B6AA:E0M0X0,81:900B:E0M0X0
81:B6AA:E0M0X0,81:97AA:E0M0X0
81:B6AB:E0M0X0,81:B6AC:E0M0X0
81:B6AC:E0M0X0,81:B6AD:E0M0X0
81:B6AD:E0M0X0,81:B6AE:E0M0X0
81:B6AE:E0M0X0,81:B6AF:E0M0X0
81:B6AF:E0M0X0,81:B6B2:E0M0X0
81:B6B2:E0M0X0,81:B6B5:E0M0X0
81:B6B5:E0M0X0,81:B6B6:E0M0X0
81:B6B6:E0M0X0,81:B6B9:E0M0X0
81:B6B9:E0M0X0,81:B6BC:E0M0X0
81:B6BC:E0M0X0,81:B6BD:E0M0X0
81:B6BD:E0M0X0,81:FA2F:E0M0X0
81:B6BE:E0M0X0,81:B6C1:E0M0X0
81:B6C1:E0M0X0,81:B6C3:E0M0X0
81:B6C1:E0M0X0,81:B6D0:E0M0X0
81:B6C3:E0M0X0,81:B6C5:E0M0X0
81:B6C3:E0M0X0,81:B6C7:E0M0X0
81:B6C5:E0M0X0,81:B6CE:E0M0X0
81:B6C7:E0M0X0,81:B6CA:E0M0X0
81:B6CA:E0M0X0,81:B6CC:E0M0X0
81:B6CA:E0M0X0,81:B6D0:E0M0X0
81:B6CC:E0M0X0,81:B6CE:E0M0X0
81:B6CC:E0M0X0,81:B6D0:E0M0X0
81:B6CE:E0M0X0,81:B6CF:E0M0X0
81:B6CF:E0M0X0,81:8FDB:E0M0X0
81:B6CF:E0M0X0,81:9789:E0M0X0
81:B6D0:E0M0X0,81:B6D1:E0M0X0
81:B6D1:E0M0X0,81:8FDB:E0M0X0
81:B6D1:E0M0X0,81:9789:E0M0X0
81:B6D2:E0M1X1,81:B6D3:E0M1X1
81:B6D3:E0M1X1,81:B6D4:E0M1X1
81:B6D4:E0M1X1,81:B6D5:E0M1X1
81:B6D5:E0M1X1,81:B6DA:E0M1X1
81:B6D8:E0M1X1,81:B6D9:E0M1X1
81:B6D9:E0M1X1,80:80B7:E0M1X1
81:B6D9:E0M1X1,80:810A:E0M1X1
81:B6D9:E0M1X1,92:F105:E0M1X1
81:B6DA:E0M1X1,81:B6DB:E0M1X1
81:B6DB:E0M1X1,81:B6DD:E0M0X0
81:B6DD:E0M0X0,81:B6E0:E0M0X0
81:B6E0:E0M0X0,81:B6E1:E0M0X0
81:B6E1:E0M0X0,81:B6E4:E0M0X0
81:B6E4:E0M0X0,80:8318:E0M0X0
81:B6E8:E0M0X0,80:8514:E0M0X0
81:B6EC:E0M0X0,81:B6EF:E0M0X0
81:B6EF:E0M0X0,81:B6F1:E0M0X0
81:B6F1:E0M0X0,81:B6F4:E0M0X0
81:B6F4:E0M0X0,81:B6F6:E0M0X0
81:B6F6:E0M0X0,81:B6F9:E0M0X0
81:B6F9:E0M0X0,81:B6FB:E0M0X0
81:B6FB:E0M0X0,81:B6FD:E0M1X1
81:B6FD:E0M1X1,81:C51C:E0M1X1
81:B700:E0M1X1,81:B6D8:E0M1X1
81:B701:E0M1X1,81:9C46:E0M1X1
81:B704:E0M1X1,81:B706:E0M1X1
81:B706:E0M1X1,81:9DB1:E0M1X1
81:B709:E0M1X1,81:B70B:E0M1X1
81:B70B:E0M1X1,81:B70E:E0M1X1
81:B70E:E0M1X1,81:B710:E0M0X0
81:B710:E0M0X0,81:B713:E0M0X0
81:B713:E0M0X0,81:B716:E0M0X0
81:B716:E0M0X0,81:B719:E0M0X0
81:B719:E0M0X0,81:B71C:E0M0X0
81:B71C:E0M0X0,81:B71F:E0M0X0
81:B71F:E0M0X0,81:B722:E0M0X0
81:B722:E0M0X0,81:B725:E0M0X0
81:B725:E0M0X0,81:9D72:E0M0X0
81:B728:E0M0X0,81:B72B:E0M0X0
81:B72B:E0M0X0,81:9E50:E0M0X0
81:B72E:E0M0X0,81:B731:E0M0X0
81:B731:E0M0X0,81:9E12:E0M0X0
81:B734:E0M0X0,81:B737:E0M0X0
81:B737:E0M0X0,81:B73A:E0M0X0
81:B73A:E0M0X0,81:B73D:E0M0X0
81:B73D:E0M0X0,81:DE80:E0M0X0
81:B740:E0M0X0,81:B8C4:E0M0X0
81:B743:E0M0X0,81:B906:E0M0X0
81:B746:E0M0X0,81:DF8D:E0M0X0
81:B749:E0M0X0,81:B74C:E0M0X0
81:B74C:E0M0X0,81:B74F:E0M0X0
81:B74F:E0M0X0,81:B752:E0M0X0
81:B752:E0M0X0,81:B755:E0M0X0
81:B755:E0M0X0,81:B758:E0M0X0
81:B758:E0M0X0,81:B75B:E0M0X0
81:B75B:E0M0X0,81:B75E:E0M0X0
81:B75E:E0M0X0,81:B761:E0M0X0
81:B761:E0M0X0,81:B764:E0M0X0
81:B764:E0M0X0,81:B767:E0M0X0
81:B767:E0M0X0,81:B76A:E0M0X0
81:B76A:E0M0X0,81:90D2:E0M0X0
81:B76D:E0M0X0,81:B770:E0M0X0
81:B770:E0M0X0,81:B773:E0M0X0
81:B773:E0M0X0,81:B776:E0M0X0
81:B776:E0M0X0,81:90D2:E0M0X0
81:B779:E0M0X0,81:B77C:E0M0X0
81:B77C:E0M0X0,81:B77F:E0M0X0
81:B77F:E0M0X0,81:B782:E0M0X0
81:B782:E0M0X0,81:90D2:E0M0X0
81:B785:E0M0X0,81:B788:E0M0X0
81:B788:E0M0X0,81:B78B:E0M0X0
81:B78B:E0M0X0,81:B78E:E0M0X0
81:B78E:E0M0X0,81:90D2:E0M0X0
81:B791:E0M0X0,81:B793:E0M1X1
81:B793:E0M1X1,81:B796:E0M1X1
81:B796:E0M1X1,81:B9CD:E0M1X1
81:B799:E0M1X1,80:C2F4:E0M1X1
81:B79D:E0M1X1,80:C066:E0M1X1
81:B7A1:E0M1X1,81:9C8C:E0M1X1
81:B7A4:E0M1X1,81:9CB6:E0M1X1
81:B7A7:E0M1X1,81:B7A9:E0M1X1
81:B7A9:E0M1X1,81:B7AC:E0M1X1
81:B7AC:E0M1X1,80:A3A0:E0M1X1
81:B7B0:E0M1X1,81:9F5C:E0M1X1
81:B7B3:E0M1X1,81:B7B6:E0M1X1
81:B7B6:E0M1X1,81:B7B8:E0M1X1
81:B7B6:E0M1X1,81:B7BB:E0M1X1
81:B7B8:E0M1X1,81:B7BB:E0M1X1
81:B7BB:E0M1X1,92:ED31:E0M1X1
81:B7BF:E0M1X1,80:FCC0:E0M1X1
81:B7C3:E0M1X1,80:F9F2:E0M1X1
81:B7C7:E0M1X1,81:9F9D:E0M1X1
81:B7CA:E0M1X1,81:9C8C:E0M1X1
81:B7CD:E0M1X1,81:B7D0:E0M1X1
81:B7D0:E0M1X1,81:B7CD:E0M1X1
81:B7D0:E0M1X1,81:B7D2:E0M1X1
81:B7D2:E0M1X1,81:B7D5:E0M1X1
81:B7D5:E0M1X1,81:B7B3:E0M1X1
81:B7D5:E0M1X1,81:B7D7:E0M1X1
81:B7D7:E0M1X1,81:B7DA:E0M1X1
81:B7DA:E0M1X1,81:B7DC:E0M1X1
81:B7DA:E0M1X1,81:B7FC:E0M1X1
81:B7DC:E0M1X1,81:B7DF:E0M1X1
81:B7DF:E0M1X1,81:B7E2:E0M1X1
81:B7E2:E0M1X1,81:B7E4:E0M1X1
81:B7E4:E0M1X1,81:B7E6:E0M1X1
81:B7E4:E0M1X1,81:B7FC:E0M1X1
81:B7E6:E0M1X1,81:B7E8:E0M0X0
81:B7E8:E0M0X0,81:B7EB:E0M0X0
81:B7EB:E0M0X0,81:B7EE:E0M0X0
81:B7EE:E0M0X0,81:B7F1:E0M0X0
81:B7F1:E0M0X0,81:B7F4:E0M0X0
81:B7F4:E0M0X0,80:FB5C:E0M0X0
81:B7F8:E0M0X0,81:B7FA:E0M1X1
81:B7FA:E0M1X1,81:B7B3:E0M1X1
81:B7FC:E0M1X1,81:B7FF:E0M1X1
81:B7FF:E0M1X1,81:B801:E0M1X1
81:B7FF:E0M1X1,81:B81C:E0M1X1
81:B801:E0M1X1,81:B804:E0M1X1
81:B804:E0M1X1,81:B807:E0M1X1
81:B807:E0M1X1,81:B809:E0M1X1
81:B809:E0M1X1,81:B80B:E0M1X1
81:B809:E0M1X1,81:B81C:E0M1X1
81:B80B:E0M1X1,81:B80E:E0M1X1
81:B80E:E0M1X1,81:B80F:E0M1X1
81:B80F:E0M1X1,81:B811:E0M1X1
81:B80F:E0M1X1,81:B813:E0M1X1
81:B811:E0M1X1,81:B813:E0M1X1
81:B813:E0M1X1,81:B816:E0M1X1
81:B816:E0M1X1,80:FBA5:E0M1X1
81:B81A:E0M1X1,81:B7B3:E0M1X1
81:B81C:E0M1X1,81:B81F:E0M1X1
81:B81F:E0M1X1,81:B821:E0M1X1
81:B81F:E0M1X1,81:B83F:E0M1X1
81:B821:E0M1X1,81:B824:E0M1X1
81:B824:E0M1X1,81:B827:E0M1X1
81:B827:E0M1X1,81:B829:E0M1X1
81:B829:E0M1X1,81:B82B:E0M1X1
81:B829:E0M1X1,81:B83F:E0M1X1
81:B82B:E0M1X1,81:B82E:E0M1X1
81:B82E:E0M1X1,81:B82F:E0M1X1
81:B82F:E0M1X1,81:B831:E0M1X1
81:B831:E0M1X1,81:B833:E0M1X1
81:B831:E0M1X1,81:B835:E0M1X1
81:B833:E0M1X1,81:B835:E0M1X1
81:B835:E0M1X1,81:B838:E0M1X1
81:B838:E0M1X1,80:FBA5:E0M1X1
81:B83C:E0M1X1,81:B7B3:E0M1X1
81:B83F:E0M1X1,81:B842:E0M1X1
81:B842:E0M1X1,81:B844:E0M1X1
81:B842:E0M1X1,81:B858:E0M1X1
81:B844:E0M1X1,81:B847:E0M1X1
81:B847:E0M1X1,81:B849:E0M1X1
81:B847:E0M1X1,81:B858:E0M1X1
81:B849:E0M1X1,81:B84C:E0M1X1
81:B84C:E0M1X1,81:B84E:E0M1X1
81:B84C:E0M1X1,81:B851:E0M1X1
81:B84E:E0M1X1,81:B7B3:E0M1X1
81:B851:E0M1X1,81:B854:E0M1X1
81:B854:E0M1X1,81:B856:E0M1X1
81:B856:E0M1X1,81:B860:E0M1X1
81:B858:E0M1X1,81:B85B:E0M1X1
81:B85B:E0M1X1,81:B85E:E0M1X1
81:B85E:E0M1X1,81:B860:E0M1X1
81:B860:E0M1X1,80:FB3E:E0M1X1
81:B864:E0M1X1,81:B867:E0M1X1
81:B867:E0M1X1,81:B869:E0M1X1
81:B867:E0M1X1,81:B871:E0M1X1
81:B869:E0M1X1,81:B86A:E0M1X1
81:B86A:E0M1X1,81:B86C:E0M1X1
81:B86A:E0M1X1,81:B885:E0M1X1
81:B86C:E0M1X1,81:B86D:E0M1X1
81:B86D:E0M1X1,81:B86F:E0M1X1
81:B86D:E0M1X1,81:B88F:E0M1X1
81:B86F:E0M1X1,81:B8B6:E0M1X1
81:B871:E0M1X1,81:B874:E0M1X1
81:B874:E0M1X1,81:B876:E0M1X1
81:B876:E0M1X1,81:B879:E0M1X1
81:B879:E0M1X1,81:B87B:E0M1X1
81:B879:E0M1X1,81:B8AC:E0M1X1
81:B87B:E0M1X1,80:F982:E0M1X1
81:B87F:E0M1X1,80:F919:E0M1X1
81:B883:E0M1X1,81:B8AC:E0M1X1
81:B885:E0M1X1,81:B888:E0M1X1
81:B888:E0M1X1,81:B88A:E0M1X1
81:B88A:E0M1X1,81:B88D:E0M1X1
81:B88D:E0M1X1,81:B8AC:E0M1X1
81:B88F:E0M1X1,81:B892:E0M1X1
81:B892:E0M1X1,81:B894:E0M1X1
81:B892:E0M1X1,81:B8A1:E0M1X1
81:B894:E0M1X1,81:B896:E0M1X1
81:B896:E0M1X1,80:FBA5:E0M1X1
81:B89A:E0M1X1,81:B89C:E0M1X1
81:B89C:E0M1X1,81:B89F:E0M1X1
81:B89F:E0M1X1,81:B8AC:E0M1X1
81:B8A1:E0M1X1,81:B8A3:E0M1X1
81:B8A3:E0M1X1,81:B8A6:E0M1X1
81:B8A6:E0M1X1,81:B8A8:E0M1X1
81:B8A8:E0M1X1,80:FBA5:E0M1X1
81:B8AC:E0M1X1,81:B8AE:E0M0X0
81:B8AE:E0M0X0,81:B8C4:E0M0X0
81:B8B1:E0M0X0,81:B8B3:E0M1X1
81:B8B3:E0M1X1,81:B7B3:E0M1X1
81:B8B6:E0M1X1,80:F982:E0M1X1
81:B8BA:E0M1X1,81:B8BC:E0M1X1
81:B8BC:E0M1X1,81:B8BF:E0M1X1
81:B8BF:E0M1X1,80:A3EA:E0M1X1
81:B8C3:E0M1X1,81:B042:E0M1X1
81:B8C3:E0M1X1,81:B04D:E0M1X1
81:B8C4:E0M0X0,81:B8C7:E0M0X0
81:B8C7:E0M0X0,81:B8CA:E0M0X0
81:B8CA:E0M0X0,81:B8CD:E0M0X0
81:B8CD:E0M0X0,81:B8CE:E0M0X0
81:B8CE:E0M0X0,81:B8D1:E0M0X0
81:B8D1:E0M0X0,81:B8D4:E0M0X0
81:B8D4:E0M0X0,81:B8D7:E0M0X0
81:B8D7:E0M0X0,81:DE80:E0M0X0
81:B8DA:E0M0X0,81:B8DD:E0M0X0
81:B8DD:E0M0X0,81:B8E0:E0M0X0
81:B8E0:E0M0X0,81:B8E3:E0M0X0
81:B8E3:E0M0X0,81:B8E4:E0M0X0
81:B8E4:E0M0X0,81:B8E7:E0M0X0
81:B8E7:E0M0X0,81:B8EA:E0M0X0
81:B8EA:E0M0X0,81:B8ED:E0M0X0
81:B8ED:E0M0X0,81:DE80:E0M0X0
81:B8F0:E0M0X0,81:B8F3:E0M0X0
81:B8F3:E0M0X0,81:B8F6:E0M0X0
81:B8F6:E0M0X0,81:B8F9:E0M0X0
81:B8F9:E0M0X0,81:B8FA:E0M0X0
81:B8FA:E0M0X0,81:B8FD:E0M0X0
81:B8FD:E0M0X0,81:B900:E0M0X0
81:B900:E0M0X0,81:B903:E0M0X0
81:B903:E0M0X0,81:DE80:E0M0X0
81:B906:E0M0X0,81:B909:E0M0X0
81:B909:E0M0X0,81:B90C:E0M0X0
81:B90C:E0M0X0,81:B90E:E0M0X0
81:B90C:E0M0X0,81:B90F:E0M0X0
81:B90E:E0M0X0,81:B746:E0M0X0
81:B90F:E0M0X0,81:B912:E0M0X0
81:B912:E0M0X0,81:B915:E0M0X0
81:B915:E0M0X0,81:B916:E0M0X0
81:B916:E0M0X0,81:B917:E0M0X0
81:B917:E0M0X0,81:B91A:E0M0X0
81:B91A:E0M0X0,81:B91D:E0M0X0
81:B91D:E0M0X0,81:B920:E0M0X0
81:B920:E0M0X0,81:DE80:E0M0X0
81:B923:E0M0X0,81:B924:E0M0X0
81:B924:E0M0X0,81:B927:E0M0X0
81:B927:E0M0X0,81:B92A:E0M0X0
81:B92A:E0M0X0,81:B92B:E0M0X0
81:B92B:E0M0X0,81:B92E:E0M0X0
81:B92E:E0M0X0,81:B931:E0M0X0
81:B931:E0M0X0,81:DE80:E0M0X0
81:B934:E0M0X0,81:B937:E0M0X0
81:B937:E0M0X0,81:B93A:E0M0X0
81:B93A:E0M0X0,81:B93D:E0M0X0
81:B93D:E0M0X0,81:DE80:E0M0X0
81:B940:E0M0X0,81:B943:E0M0X0
81:B943:E0M0X0,81:B946:E0M0X0
81:B946:E0M0X0,81:B949:E0M0X0
81:B949:E0M0X0,81:DDDF:E0M0X0
81:B94C:E0M0X0,81:B94F:E0M0X0
81:B94F:E0M0X0,81:B950:E0M0X0
81:B950:E0M0X0,81:B953:E0M0X0
81:B953:E0M0X0,81:B956:E0M0X0
81:B956:E0M0X0,81:B957:E0M0X0
81:B957:E0M0X0,81:B95A:E0M0X0
81:B95A:E0M0X0,81:B95D:E0M0X0
81:B95D:E0M0X0,81:B960:E0M0X0
81:B960:E0M0X0,81:DDDF:E0M0X0
81:B963:E0M0X0,81:B964:E0M0X0
81:B964:E0M0X0,81:B965:E0M0X0
81:B965:E0M0X0,81:B968:E0M0X0
81:B968:E0M0X0,81:B94F:E0M0X0
81:B968:E0M0X0,81:B96A:E0M0X0
81:B96A:E0M0X0,81:B96D:E0M0X0
81:B96D:E0M0X0,81:B970:E0M0X0
81:B970:E0M0X0,81:B973:E0M0X0
81:B973:E0M0X0,81:B975:E0M0X0
81:B973:E0M0X0,81:B9AB:E0M0X0
81:B975:E0M0X0,81:B978:E0M0X0
81:B978:E0M0X0,81:B97B:E0M0X0
81:B97B:E0M0X0,81:B97E:E0M0X0
81:B97E:E0M0X0,81:DE80:E0M0X0
81:B981:E0M0X0,81:B984:E0M0X0
81:B984:E0M0X0,81:B987:E0M0X0
81:B987:E0M0X0,81:B98A:E0M0X0
81:B98A:E0M0X0,81:DDDF:E0M0X0
81:B98D:E0M0X0,81:B990:E0M0X0
81:B990:E0M0X0,81:B991:E0M0X0
81:B991:E0M0X0,81:B994:E0M0X0
81:B994:E0M0X0,81:B997:E0M0X0
81:B997:E0M0X0,81:B998:E0M0X0
81:B998:E0M0X0,81:B99B:E0M0X0
81:B99B:E0M0X0,81:B99E:E0M0X0
81:B99E:E0M0X0,81:B9A1:E0M0X0
81:B9A1:E0M0X0,81:DDDF:E0M0X0
81:B9A4:E0M0X0,81:B9A5:E0M0X0
81:B9A5:E0M0X0,81:B9A6:E0M0X0
81:B9A6:E0M0X0,81:B9A9:E0M0X0
81:B9A9:E0M0X0,81:B990:E0M0X0
81:B9A9:E0M0X0,81:B9AB:E0M0X0
81:B9AB:E0M0X0,81:B746:E0M0X0
81:B9B8:E0M1X1,81:B9BA:E0M1X1
81:B9BA:E0M1X1,81:9FE6:E0M1X1
81:B9BD:E0M1X1,81:B9BF:E0M1X1
81:B9BF:E0M1X1,81:9FF8:E0M1X1
81:B9C2:E0M1X1,81:A001:E0M1X1
81:B9C5:E0M1X1,81:B9C7:E0M1X1
81:B9C5:E0M1X1,81:B9CC:E0M1X1
81:B9C7:E0M1X1,81:B9C8:E0M1X1
81:B9C8:E0M1X1,81:B9CA:E0M1X1
81:B9C8:E0M1X1,81:B9CD:E0M1X1
81:B9CA:E0M1X1,81:B9D7:E0M1X1
81:B9CC:E0M1X1,81:B9F6:E0M1X1
81:B9CD:E0M1X1,81:B9D0:E0M1X1
81:B9D0:E0M1X1,81:B9D3:E0M1X1
81:B9D3:E0M1X1,81:B9D6:E0M1X1
81:B9D6:E0M1X1,81:B799:E0M1X1
81:B9D6:E0M1X1,81:B9F6:E0M1X1
81:B9D7:E0M1X1,81:B9D9:E0M1X1
81:B9D9:E0M1X1,81:B9DC:E0M1X1
81:B9DC:E0M1X1,81:B9F6:E0M1X1
81:B9DD:E0M1X1,81:B9DE:E0M1X1
81:B9DE:E0M1X1,81:B9DF:E0M1X1
81:B9DF:E0M1X1,81:B9E0:E0M1X1
81:B9E0:E0M1X1,81:B9E2:E0M0X0
81:B9E2:E0M0X0,81:B9E5:E0M0X0
81:B9E5:E0M0X0,81:9BFC:E0M0X0
81:B9E8:E0M0X0,81:DF8D:E0M0X0
81:B9EB:E0M0X0,81:B9ED:E0M1X1
81:B9ED:E0M1X1,81:9CB6:E0M1X1
81:B9F0:E0M1X1,81:9EDB:E0M1X1
81:B9F3:E0M1X1,81:B9B8:E0M1X1
81:B9F6:E0M1X1,81:B9F7:E0M1X1
81:B9F7:E0M1X1,80:81F7:E0M1X1
81:BA19:E0M1X1,81:BA1B:E0M0X1
81:BA1B:E0M0X1,81:BA1E:E0M0X1
81:BA1E:E0M0X1,81:BA21:E0M0X1
81:BA21:E0M0X1,81:BA24:E0M0X1
81:BA24:E0M0X1,81:BA27:E0M0X1
81:BA27:E0M0X1,81:BA2A:E0M0X1
81:BA2A:E0M0X1,81:BA2D:E0M0X1
81:BA2D:E0M0X1,81:BA30:E0M0X1
81:BA30:E0M0X1,81:BA33:E0M0X1
81:BA33:E0M0X1,81:BA36:E0M0X1
81:BA36:E0M0X1,81:BA38:E0M1X1
81:BA38:E0M1X1,81:9C46:E0M1X1
81:BA3B:E0M1X1,81:BA3D:E0M1X1
81:BA3D:E0M1X1,81:BA40:E0M1X1
81:BA40:E0M1X1,81:BA42:E0M1X1
81:BA42:E0M1X1,81:BA45:E0M1X1
81:BA45:E0M1X1,81:BA47:E0M1X1
81:BA47:E0M1X1,81:BA4A:E0M1X1
81:BA4A:E0M1X1,81:BA4C:E0M1X1
81:BA4C:E0M1X1,81:9DB1:E0M1X1
81:BA4F:E0M1X1,81:BA51:E0M0X0
81:BA51:E0M0X0,81:BDA9:E0M0X0
81:BA54:E0M0X0,81:BA57:E0M0X0
81:BA57:E0M0X0,81:BA5A:E0M0X0
81:BA5A:E0M0X0,81:BA5D:E0M0X0
81:BA5D:E0M0X0,81:9D72:E0M0X0
81:BA60:E0M0X0,81:BA63:E0M0X0
81:BA63:E0M0X0,81:9E50:E0M0X0
81:BA66:E0M0X0,81:BA69:E0M0X0
81:BA69:E0M0X0,81:9E12:E0M0X0
81:BA6C:E0M0X0,81:BA6F:E0M0X0
81:BA6F:E0M0X0,81:BA72:E0M0X0
81:BA72:E0M0X0,81:BA75:E0M0X0
81:BA75:E0M0X0,81:DE80:E0M0X0
81:BA78:E0M0X0,81:BA7B:E0M0X0
81:BA7B:E0M0X0,81:BA7E:E0M0X0
81:BA7E:E0M0X0,81:BA81:E0M0X0
81:BA81:E0M0X0,81:DE80:E0M0X0
81:BA84:E0M0X0,81:BA87:E0M0X0
81:BA87:E0M0X0,81:BA8A:E0M0X0
81:BA8A:E0M0X0,81:BA8D:E0M0X0
81:BA8D:E0M0X0,81:DDDF:E0M0X0
81:BA90:E0M0X0,81:BA93:E0M0X0
81:BA93:E0M0X0,81:BA95:E0M0X0
81:BA93:E0M0X0,81:BAAD:E0M0X0
81:BA95:E0M0X0,81:BA98:E0M0X0
81:BA98:E0M0X0,81:BA9B:E0M0X0
81:BA9B:E0M0X0,81:BA9E:E0M0X0
81:BA9E:E0M0X0,81:DE80:E0M0X0
81:BAA1:E0M0X0,81:BAA4:E0M0X0
81:BAA4:E0M0X0,81:BAA7:E0M0X0
81:BAA7:E0M0X0,81:BAAA:E0M0X0
81:BAAA:E0M0X0,81:DDDF:E0M0X0
81:BAAD:E0M0X0,81:BAB0:E0M0X0
81:BAB0:E0M0X0,81:BAB3:E0M0X0
81:BAB3:E0M0X0,81:BAB6:E0M0X0
81:BAB6:E0M0X0,81:DE80:E0M0X0
81:BAB9:E0M0X0,81:BABC:E0M0X0
81:BABC:E0M0X0,81:BABF:E0M0X0
81:BABF:E0M0X0,81:BAC2:E0M0X0
81:BAC2:E0M0X0,81:BAC5:E0M0X0
81:BAC5:E0M0X0,81:BAC8:E0M0X0
81:BAC8:E0M0X0,81:BACB:E0M0X0
81:BACB:E0M0X0,81:BACE:E0M0X0
81:BACE:E0M0X0,81:90D2:E0M0X0
81:BAD1:E0M0X0,81:BAD4:E0M0X0
81:BAD4:E0M0X0,81:BAD7:E0M0X0
81:BAD7:E0M0X0,81:BADA:E0M0X0
81:BADA:E0M0X0,81:90D2:E0M0X0
81:BADD:E0M0X0,81:BADF:E0M1X1
81:BADF:E0M1X1,81:BD60:E0M1X1
81:BAE2:E0M1X1,81:9C8C:E0M1X1
81:BAE5:E0M1X1,81:9CB6:E0M1X1
81:BAE8:E0M1X1,80:C2F4:E0M1X1
81:BAEC:E0M1X1,80:C066:E0M1X1
81:BAF0:E0M1X1,81:BE76:E0M1X1
81:BAF3:E0M1X1,81:BD38:E0M1X1
81:BAF6:E0M1X1,81:BAF8:E0M0X0
81:BAF8:E0M0X0,81:DF8D:E0M0X0
81:BAFB:E0M0X0,81:BAFD:E0M1X1
81:BAFD:E0M1X1,81:BAFF:E0M1X1
81:BAFF:E0M1X1,81:BB02:E0M1X1
81:BB02:E0M1X1,80:A3A0:E0M1X1
81:BB06:E0M1X1,81:9F5C:E0M1X1
81:BB09:E0M1X1,92:ED31:E0M1X1
81:BB0D:E0M1X1,80:F9F2:E0M1X1
81:BB11:E0M1X1,81:BD60:E0M1X1
81:BB14:E0M1X1,81:9C8C:E0M1X1
81:BB17:E0M1X1,81:BB1A:E0M1X1
81:BB1A:E0M1X1,81:BB17:E0M1X1
81:BB1A:E0M1X1,81:BB1C:E0M1X1
81:BB1C:E0M1X1,81:BB4F:E0M1X1
81:BB1F:E0M1X1,81:BB22:E0M1X1
81:BB22:E0M1X1,81:BB25:E0M1X1
81:BB25:E0M1X1,81:BB28:E0M1X1
81:BB28:E0M1X1,81:BB2B:E0M1X1
81:BB2B:E0M1X1,81:BB2E:E0M1X1
81:BB2E:E0M1X1,81:BB31:E0M1X1
81:BB31:E0M1X1,81:BB34:E0M1X1
81:BB34:E0M1X1,81:BB37:E0M1X1
81:BB37:E0M1X1,81:BB09:E0M1X1
81:BB37:E0M1X1,81:BB39:E0M1X1
81:BB39:E0M1X1,81:BB3C:E0M1X1
81:BB3C:E0M1X1,81:BB09:E0M1X1
81:BB3C:E0M1X1,81:BB3E:E0M1X1
81:BB3E:E0M1X1,81:C049:E0M1X1
81:BB41:E0M1X1,80:F982:E0M1X1
81:BB45:E0M1X1,81:BB47:E0M1X1
81:BB47:E0M1X1,81:BB4A:E0M1X1
81:BB4A:E0M1X1,80:A3EA:E0M1X1
81:BB4E:E0M1X1,81:AC46:E0M1X1
81:BB4F:E0M1X1,81:BB52:E0M1X1
81:BB52:E0M1X1,81:BB54:E0M1X1
81:BB52:E0M1X1,81:BB6C:E0M1X1
81:BB54:E0M1X1,81:BB57:E0M1X1
81:BB57:E0M1X1,81:BB59:E0M1X1
81:BB57:E0M1X1,81:BB88:E0M1X1
81:BB59:E0M1X1,81:BB5C:E0M1X1
81:BB5C:E0M1X1,81:BB5F:E0M1X1
81:BB5F:E0M1X1,81:BB89:E0M1X1
81:BB62:E0M1X1,81:BB65:E0M1X1
81:BB65:E0M1X1,81:BB68:E0M1X1
81:BB68:E0M1X1,81:BB6B:E0M1X1
81:BB6B:E0M1X1,81:BB1F:E0M1X1
81:BB6C:E0M1X1,81:BB6F:E0M1X1
81:BB6F:E0M1X1,81:BB71:E0M1X1
81:BB6F:E0M1X1,81:BB88:E0M1X1
81:BB71:E0M1X1,81:BB74:E0M1X1
81:BB74:E0M1X1,81:BB76:E0M1X1
81:BB74:E0M1X1,81:BB88:E0M1X1
81:BB76:E0M1X1,81:BB79:E0M1X1
81:BB79:E0M1X1,81:BB7C:E0M1X1
81:BB7C:E0M1X1,81:BB89:E0M1X1
81:BB7F:E0M1X1,81:BB82:E0M1X1
81:BB82:E0M1X1,81:BB85:E0M1X1
81:BB85:E0M1X1,81:BB88:E0M1X1
81:BB88:E0M1X1,81:BB1F:E0M1X1
81:BB89:E0M1X1,81:BB8C:E0M1X1
81:BB8C:E0M1X1,81:BB8F:E0M1X1
81:BB8F:E0M1X1,81:BB92:E0M1X1
81:BB92:E0M1X1,81:BB95:E0M1X1
81:BB95:E0M1X1,81:BB97:E0M1X1
81:BB95:E0M1X1,81:BBB5:E0M1X1
81:BB97:E0M1X1,81:BB9A:E0M1X1
81:BB9A:E0M1X1,81:BB9B:E0M1X1
81:BB9B:E0M1X1,81:BB9D:E0M1X1
81:BB9D:E0M1X1,81:BB9F:E0M1X1
81:BB9F:E0M1X1,81:BBA1:E0M1X1
81:BB9F:E0M1X1,81:BBA4:E0M1X1
81:BBA1:E0M1X1,81:BBA2:E0M1X1
81:BBA2:E0M1X1,81:BBA4:E0M1X1
81:BBA4:E0M1X1,81:BBA7:E0M1X1
81:BBA7:E0M1X1,81:BBA9:E0M1X1
81:BBA9:E0M1X1,81:BBAB:E0M1X1
81:BBA9:E0M1X1,81:BBB5:E0M1X1
81:BBAB:E0M1X1,81:BBAD:E0M1X1
81:BBAD:E0M1X1,81:BBAF:E0M1X1
81:BBAD:E0M1X1,81:BBB5:E0M1X1
81:BBAF:E0M1X1,81:BBB0:E0M1X1
81:BBB0:E0M1X1,81:BBB2:E0M1X1
81:BBB2:E0M1X1,81:BBB5:E0M1X1
81:BBB5:E0M1X1,81:BBB8:E0M1X1
81:BBB8:E0M1X1,81:BBBA:E0M1X1
81:BBB8:E0M1X1,81:BBD6:E0M1X1
81:BBBA:E0M1X1,81:BBBD:E0M1X1
81:BBBD:E0M1X1,81:BBBE:E0M1X1
81:BBBE:E0M1X1,81:BBC0:E0M1X1
81:BBC0:E0M1X1,81:BBC2:E0M1X1
81:BBC0:E0M1X1,81:BBC5:E0M1X1
81:BBC2:E0M1X1,81:BBC3:E0M1X1
81:BBC3:E0M1X1,81:BBC5:E0M1X1
81:BBC5:E0M1X1,81:BBC8:E0M1X1
81:BBC8:E0M1X1,81:BBCA:E0M1X1
81:BBCA:E0M1X1,81:BBCC:E0M1X1
81:BBCA:E0M1X1,81:BBD6:E0M1X1
81:BBCC:E0M1X1,81:BBCE:E0M1X1
81:BBCE:E0M1X1,81:BBD0:E0M1X1
81:BBCE:E0M1X1,81:BBD6:E0M1X1
81:BBD0:E0M1X1,81:BBD1:E0M1X1
81:BBD1:E0M1X1,81:BBD3:E0M1X1
81:BBD3:E0M1X1,81:BBD6:E0M1X1
81:BBD6:E0M1X1,81:BBD9:E0M1X1
81:BBD9:E0M1X1,81:BBDB:E0M1X1
81:BBD9:E0M1X1,81:BBF6:E0M1X1
81:BBDB:E0M1X1,81:BBDE:E0M1X1
81:BBDE:E0M1X1,81:BBE0:E0M1X1
81:BBE0:E0M1X1,81:BBE2:E0M1X1
81:BBE2:E0M1X1,81:BBE5:E0M1X1
81:BBE5:E0M1X1,81:BBE6:E0M1X1
81:BBE6:E0M1X1,81:BBE8:E0M1X1
81:BBE8:E0M1X1,81:BBEA:E0M1X1
81:BBEA:E0M1X1,81:BBED:E0M1X1
81:BBED:E0M1X1,81:BBEF:E0M1X1
81:BBEF:E0M1X1,81:BBF1:E0M1X1
81:BBEF:E0M1X1,81:BBF6:E0M1X1
81:BBF1:E0M1X1,81:BBF3:E0M1X1
81:BBF3:E0M1X1,81:BBF6:E0M1X1
81:BBF6:E0M1X1,81:BBF9:E0M1X1
81:BBF9:E0M1X1,81:BBFB:E0M1X1
81:BBF9:E0M1X1,81:BC16:E0M1X1
81:BBFB:E0M1X1,81:BBFE:E0M1X1
81:BBFE:E0M1X1,81:BC00:E0M1X1
81:BC00:E0M1X1,81:BC02:E0M1X1
81:BC02:E0M1X1,81:BC05:E0M1X1
81:BC05:E0M1X1,81:BC06:E0M1X1
81:BC06:E0M1X1,81:BC08:E0M1X1
81:BC08:E0M1X1,81:BC0A:E0M1X1
81:BC0A:E0M1X1,81:BC0D:E0M1X1
81:BC0D:E0M1X1,81:BC0F:E0M1X1
81:BC0F:E0M1X1,81:BC11:E0M1X1
81:BC0F:E0M1X1,81:BC16:E0M1X1
81:BC11:E0M1X1,81:BC13:E0M1X1
81:BC13:E0M1X1,81:BC16:E0M1X1
81:BC16:E0M1X1,81:BC19:E0M1X1
81:BC19:E0M1X1,81:BC1B:E0M1X1
81:BC19:E0M1X1,81:BC6E:E0M1X1
81:BC1B:E0M1X1,81:BC1E:E0M1X1
81:BC1E:E0M1X1,81:BC20:E0M1X1
81:BC20:E0M1X1,81:BC22:E0M1X1
81:BC20:E0M1X1,81:BC8F:E0M1X1
81:BC22:E0M1X1,81:BC24:E0M1X1
81:BC24:E0M1X1,81:BC26:E0M1X1
81:BC24:E0M1X1,81:BC73:E0M1X1
81:BC26:E0M1X1,81:BC28:E0M1X1
81:BC28:E0M1X1,81:BC2A:E0M1X1
81:BC28:E0M1X1,81:BC40:E0M1X1
81:BC2A:E0M1X1,81:BC2C:E0M1X1
81:BC2C:E0M1X1,81:BC2E:E0M1X1
81:BC2C:E0M1X1,81:BC4C:E0M1X1
81:BC2E:E0M1X1,80:FB3E:E0M1X1
81:BC32:E0M1X1,81:BCAE:E0M1X1
81:BC35:E0M1X1,81:BC38:E0M1X1
81:BC38:E0M1X1,81:BCE5:E0M1X1
81:BC3B:E0M1X1,81:BC3E:E0M1X1
81:BC3E:E0M1X1,81:BC6E:E0M1X1
81:BC40:E0M1X1,80:FB3E:E0M1X1
81:BC44:E0M1X1,81:BCCA:E0M1X1
81:BC47:E0M1X1,81:BC4A:E0M1X1
81:BC4A:E0M1X1,81:BC6E:E0M1X1
81:BC4C:E0M1X1,81:BDCE:E0M1X1
81:BC4F:E0M1X1,81:BC51:E0M1X1
81:BC4F:E0M1X1,81:BC67:E0M1X1
81:BC51:E0M1X1,81:BC53:E0M0X0
81:BC53:E0M0X0,81:BC56:E0M0X0
81:BC56:E0M0X0,81:BC59:E0M0X0
81:BC59:E0M0X0,81:BC5C:E0M0X0
81:BC5C:E0M0X0,81:DE80:E0M0X0
81:BC5F:E0M0X0,81:BC61:E0M1X1
81:BC61:E0M1X1,80:FB48:E0M1X1
81:BC65:E0M1X1,81:BC6E:E0M1X1
81:BC67:E0M1X1,80:FB3E:E0M1X1
81:BC6B:E0M1X1,81:BC6E:E0M1X1
81:BC6E:E0M1X1,81:BC71:E0M1X1
81:BC71:E0M1X1,81:BC73:E0M1X1
81:BC71:E0M1X1,81:BC8A:E0M1X1
81:BC73:E0M1X1,81:BC76:E0M1X1
81:BC76:E0M1X1,81:BC78:E0M1X1
81:BC78:E0M1X1,81:BC7A:E0M1X1
81:BC78:E0M1X1,81:BC80:E0M1X1
81:BC7A:E0M1X1,80:FB48:E0M1X1
81:BC7E:E0M1X1,81:BC8A:E0M1X1
81:BC80:E0M1X1,81:BCE5:E0M1X1
81:BC83:E0M1X1,81:BC86:E0M1X1
81:BC86:E0M1X1,80:FB52:E0M1X1
81:BC8A:E0M1X1,81:BC8D:E0M1X1
81:BC8D:E0M1X1,81:BC8F:E0M1X1
81:BC8D:E0M1X1,81:BCA4:E0M1X1
81:BC8F:E0M1X1,81:BC92:E0M1X1
81:BC92:E0M1X1,81:BC94:E0M1X1
81:BC92:E0M1X1,81:BC9A:E0M1X1
81:BC94:E0M1X1,80:FB48:E0M1X1
81:BC98:E0M1X1,81:BCA4:E0M1X1
81:BC9A:E0M1X1,81:BCEB:E0M1X1
81:BC9D:E0M1X1,81:BCA0:E0M1X1
81:BCA0:E0M1X1,80:FB52:E0M1X1
81:BCA4:E0M1X1,81:BCA7:E0M1X1
81:BCA7:E0M1X1,81:BCAA:E0M1X1
81:BCAA:E0M1X1,81:BCAD:E0M1X1
81:BCAD:E0M1X1,81:BB62:E0M1X1
81:BCAD:E0M1X1,81:BB7F:E0M1X1
81:BCAE:E0M1X1,81:BCB1:E0M1X1
81:BCB1:E0M1X1,81:BCB4:E0M1X1
81:BCB4:E0M1X1,81:BCB7:E0M1X1
81:BCB7:E0M1X1,81:BCBA:E0M1X1
81:BCBA:E0M1X1,81:BCBC:E0M1X1
81:BCBA:E0M1X1,81:BCC3:E0M1X1
81:BCBC:E0M1X1,81:BCBF:E0M1X1
81:BCBF:E0M1X1,81:BD44:E0M1X1
81:BCC2:E0M1X1,81:BC35:E0M1X1
81:BCC3:E0M1X1,81:BCC6:E0M1X1
81:BCC6:E0M1X1,81:BD52:E0M1X1
81:BCC9:E0M1X1,81:BC35:E0M1X1
81:BCCA:E0M1X1,81:BCCD:E0M1X1
81:BCCD:E0M1X1,81:BCCF:E0M1X1
81:BCCD:E0M1X1,81:BCDA:E0M1X1
81:BCCF:E0M1X1,81:BCD1:E0M0X0
81:BCD1:E0M0X0,81:BE81:E0M0X0
81:BCD4:E0M0X0,81:BCD6:E0M1X1
81:BCD6:E0M1X1,81:BD44:E0M1X1
81:BCD9:E0M1X1,81:BC47:E0M1X1
81:BCDA:E0M1X1,81:BCDC:E0M0X0
81:BCDC:E0M0X0,81:BEEF:E0M0X0
81:BCDF:E0M0X0,81:BCE1:E0M1X1
81:BCE1:E0M1X1,81:BD52:E0M1X1
81:BCE4:E0M1X1,81:BC47:E0M1X1
81:BCE5:E0M1X1,81:BCE7:E0M1X1
81:BCE7:E0M1X1,81:BCE9:E0M1X1
81:BCE7:E0M1X1,81:BCEA:E0M1X1
81:BCE9:E0M1X1,81:BCEA:E0M1X1
81:BCEA:E0M1X1,81:BC3B:E0M1X1
81:BCEA:E0M1X1,81:BC83:E0M1X1
81:BCEB:E0M1X1,81:BCED:E0M1X1
81:BCED:E0M1X1,81:BCEF:E0M1X1
81:BCED:E0M1X1,81:BCF0:E0M1X1
81:BCEF:E0M1X1,81:BCF0:E0M1X1
81:BCF0:E0M1X1,81:BC9D:E0M1X1
81:BCF1:E0M0X0,81:BCF3:E0M0X0
81:BCF3:E0M0X0,81:BCF5:E0M0X0
81:BCF5:E0M0X0,81:BCF8:E0M0X0
81:BCF8:E0M0X0,81:BCFB:E0M0X0
81:BCFB:E0M0X0,81:BCFE:E0M0X0
81:BCFE:E0M0X0,81:DE80:E0M0X0
81:BD01:E0M0X0,81:BD04:E0M0X0
81:BD04:E0M0X0,81:BD06:E0M0X0
81:BD06:E0M0X0,81:BD08:E0M0X0
81:BD08:E0M0X0,81:BD0B:E0M0X0
81:BD0B:E0M0X0,81:BD0E:E0M0X0
81:BD0E:E0M0X0,81:BD10:E0M0X0
81:BD10:E0M0X0,81:BD12:E0M0X0
81:BD12:E0M0X0,81:BD15:E0M0X0
81:BD15:E0M0X0,81:BD18:E0M0X0
81:BD18:E0M0X0,81:BD1A:E0M0X0
81:BD1A:E0M0X0,81:BD1C:E0M0X0
81:BD1C:E0M0X0,81:DDDF:E0M0X0
81:BD1F:E0M0X0,81:BD21:E0M0X0
81:BD21:E0M0X0,81:BD23:E0M0X0
81:BD23:E0M0X0,81:BD24:E0M0X0
81:BD24:E0M0X0,81:BD26:E0M0X0
81:BD26:E0M0X0,81:BD29:E0M0X0
81:BD29:E0M0X0,81:BD06:E0M0X0
81:BD29:E0M0X0,81:BD2B:E0M0X0
81:BD2B:E0M0X0,81:BD4F:E0M0X0
81:BD2B:E0M0X0,81:BD5D:E0M0X0
81:BD38:E0M1X1,81:BD44:E0M1X1
81:BD3B:E0M1X1,81:BD3E:E0M1X1
81:BD3E:E0M1X1,81:BD40:E0M1X1
81:BD3E:E0M1X1,81:BD43:E0M1X1
81:BD40:E0M1X1,81:BD52:E0M1X1
81:BD43:E0M1X1,81:BAF6:E0M1X1
81:BD44:E0M1X1,81:BD46:E0M0X0
81:BD46:E0M0X0,81:BD49:E0M0X0
81:BD49:E0M0X0,81:BD4C:E0M0X0
81:BD4C:E0M0X0,81:BCF1:E0M0X0
81:BD4F:E0M0X0,81:BD51:E0M1X1
81:BD51:E0M1X1,81:BCC2:E0M1X1
81:BD51:E0M1X1,81:BCD9:E0M1X1
81:BD51:E0M1X1,81:BD3B:E0M1X1
81:BD52:E0M1X1,81:BD54:E0M0X0
81:BD54:E0M0X0,81:BD57:E0M0X0
81:BD57:E0M0X0,81:BD5A:E0M0X0
81:BD5A:E0M0X0,81:BCF1:E0M0X0
81:BD5D:E0M0X0,81:BD5F:E0M1X1
81:BD5F:E0M1X1,81:BCC9:E0M1X1
81:BD5F:E0M1X1,81:BCE4:E0M1X1
81:BD5F:E0M1X1,81:BD43:E0M1X1
81:BD60:E0M1X1,81:BD63:E0M1X1
81:BD63:E0M1X1,81:BD66:E0M1X1
81:BD66:E0M1X1,81:BD69:E0M1X1
81:BD69:E0M1X1,81:BD6C:E0M1X1
81:BD6C:E0M1X1,81:BD6F:E0M1X1
81:BD6F:E0M1X1,81:BD72:E0M1X1
81:BD72:E0M1X1,81:BD75:E0M1X1
81:BD75:E0M1X1,81:BD78:E0M1X1
81:BD78:E0M1X1,81:BD7B:E0M1X1
81:BD7B:E0M1X1,81:BD7E:E0M1X1
81:BD7E:E0M1X1,81:BD81:E0M1X1
81:BD81:E0M1X1,81:BD84:E0M1X1
81:BD84:E0M1X1,81:BD87:E0M1X1
81:BD87:E0M1X1,81:BD8A:E0M1X1
81:BD8A:E0M1X1,81:BD8D:E0M1X1
81:BD8D:E0M1X1,81:BD90:E0M1X1
81:BD90:E0M1X1,81:BD92:E0M1X1
81:BD92:E0M1X1,81:BD95:E0M1X1
81:BD95:E0M1X1,81:BD97:E0M1X1
81:BD95:E0M1X1,81:BD9E:E0M1X1
81:BD97:E0M1X1,81:BD9A:E0M1X1
81:BD9A:E0M1X1,81:BD9C:E0M1X1
81:BD9A:E0M1X1,81:BD9E:E0M1X1
81:BD9C:E0M1X1,81:BD9E:E0M1X1
81:BD9E:E0M1X1,81:BDA1:E0M1X1
81:BDA1:E0M1X1,81:BDA3:E0M1X1
81:BDA1:E0M1X1,81:BDA5:E0M1X1
81:BDA3:E0M1X1,81:BDA5:E0M1X1
81:BDA5:E0M1X1,81:BDA8:E0M1X1
81:BDA8:E0M1X1,81:BAE2:E0M1X1
81:BDA8:E0M1X1,81:BB14:E0M1X1
81:BDA9:E0M0X0,81:BDAC:E0M0X0
81:BDAC:E0M0X0,81:BDAF:E0M0X0
81:BDAF:E0M0X0,81:BDB2:E0M0X0
81:BDB2:E0M0X0,81:BDB5:E0M0X0
81:BDB5:E0M0X0,81:BDB8:E0M0X0
81:BDB8:E0M0X0,81:BDBB:E0M0X0
81:BDBB:E0M0X0,81:BDBE:E0M0X0
81:BDBE:E0M0X0,81:BDC0:E0M0X0
81:BDBE:E0M0X0,81:BDC7:E0M0X0
81:BDC0:E0M0X0,81:BDC3:E0M0X0
81:BDC3:E0M0X0,81:BDC6:E0M0X0
81:BDC6:E0M0X0,81:BA54:E0M0X0
81:BDC7:E0M0X0,81:BDCA:E0M0X0
81:BDCA:E0M0X0,81:BDCD:E0M0X0
81:BDCD:E0M0X0,81:BA54:E0M0X0
81:BDCE:E0M1X1,81:BDD1:E0M1X1
81:BDD1:E0M1X1,81:BDD3:E0M1X1
81:BDD1:E0M1X1,81:BDDE:E0M1X1
81:BDD3:E0M1X1,81:BDD5:E0M0X0
81:BDD5:E0M0X0,81:BDD8:E0M0X0
81:BDD8:E0M0X0,81:BDE9:E0M0X0
81:BDDB:E0M0X0,81:BDDD:E0M1X1
81:BDDD:E0M1X1,81:BC4F:E0M1X1
81:BDDE:E0M1X1,81:BDE0:E0M0X0
81:BDE0:E0M0X0,81:BDE3:E0M0X0
81:BDE3:E0M0X0,81:BDE9:E0M0X0
81:BDE6:E0M0X0,81:BDE8:E0M1X1
81:BDE8:E0M1X1,81:BC4F:E0M1X1
81:BDE9:E0M0X0,81:BDEC:E0M0X0
81:BDEC:E0M0X0,81:BDEF:E0M0X0
81:BDEF:E0M0X0,81:BDF2:E0M0X0
81:BDF2:E0M0X0,81:BDF5:E0M0X0
81:BDF5:E0M0X0,81:BDF8:E0M0X0
81:BDF8:E0M0X0,81:BDFA:E0M0X0
81:BDFA:E0M0X0,81:BDFD:E0M0X0
81:BDFD:E0M0X0,81:BE00:E0M0X0
81:BE00:E0M0X0,81:BE01:E0M0X0
81:BE01:E0M0X0,81:BE04:E0M0X0
81:BE04:E0M0X0,81:BE07:E0M0X0
81:BE07:E0M0X0,81:C266:E0M0X0
81:BE0A:E0M0X0,81:BE0B:E0M0X0
81:BE0B:E0M0X0,81:BE0D:E0M0X0
81:BE0D:E0M0X0,81:BDFA:E0M0X0
81:BE0D:E0M0X0,81:BE0F:E0M0X0
81:BE0F:E0M0X0,81:C024:E0M0X0
81:BE12:E0M0X0,81:BE15:E0M0X0
81:BE15:E0M0X0,81:BE18:E0M0X0
81:BE18:E0M0X0,81:BE1A:E0M0X0
81:BE18:E0M0X0,81:BE63:E0M0X0
81:BE1A:E0M0X0,81:BE1D:E0M0X0
81:BE1D:E0M0X0,81:BE20:E0M0X0
81:BE20:E0M0X0,81:BE22:E0M0X0
81:BE20:E0M0X0,81:BE63:E0M0X0
81:BE22:E0M0X0,81:BE25:E0M0X0
81:BE25:E0M0X0,81:BE28:E0M0X0
81:BE28:E0M0X0,81:BE2A:E0M0X0
81:BE28:E0M0X0,81:BE63:E0M0X0
81:BE2A:E0M0X0,81:BE2D:E0M0X0
81:BE2D:E0M0X0,81:BE30:E0M0X0
81:BE30:E0M0X0,81:BE32:E0M0X0
81:BE30:E0M0X0,81:BE63:E0M0X0
81:BE32:E0M0X0,81:BE34:E0M1X1
81:BE34:E0M1X1,81:BE37:E0M1X1
81:BE37:E0M1X1,81:BE39:E0M1X1
81:BE39:E0M1X1,81:BE3C:E0M1X1
81:BE3C:E0M1X1,81:BE3F:E0M1X1
81:BE3F:E0M1X1,81:BE41:E0M1X1
81:BE41:E0M1X1,81:BE44:E0M1X1
81:BE44:E0M1X1,81:BE46:E0M1X1
81:BE46:E0M1X1,81:BE49:E0M1X1
81:BE49:E0M1X1,81:BE4B:E0M1X1
81:BE4B:E0M1X1,81:BE4E:E0M1X1
81:BE4E:E0M1X1,81:BE51:E0M1X1
81:BE51:E0M1X1,81:BE53:E0M1X1
81:BE53:E0M1X1,81:BE56:E0M1X1
81:BE56:E0M1X1,81:BE58:E0M1X1
81:BE58:E0M1X1,81:BE5B:E0M1X1
81:BE5B:E0M1X1,80:A3EA:E0M1X1
81:BE63:E0M0X0,81:BE66:E0M0X0
81:BE66:E0M0X0,81:C277:E0M0X0
81:BE69:E0M0X0,81:BE6B:E0M0X0
81:BE6B:E0M0X0,81:C256:E0M0X0
81:BE6E:E0M0X0,81:BE70:E0M0X0
81:BE70:E0M0X0,81:BE72:E0M0X0
81:BE70:E0M0X0,81:BE74:E0M0X0
81:BE72:E0M0X0,81:BE73:E0M0X0
81:BE73:E0M0X0,81:BDDB:E0M0X0
81:BE73:E0M0X0,81:BDE6:E0M0X0
81:BE73:E0M0X0,81:C1B1:E0M0X0
81:BE74:E0M0X0,81:BE75:E0M0X0
81:BE75:E0M0X0,81:BDDB:E0M0X0
81:BE75:E0M0X0,81:BDE6:E0M0X0
81:BE75:E0M0X0,81:C1B1:E0M0X0
81:BE76:E0M1X1,81:BE78:E0M0X0
81:BE78:E0M0X0,81:BE81:E0M0X0
81:BE7B:E0M0X0,81:BEEF:E0M0X0
81:BE7E:E0M0X0,81:BE80:E0M1X1
81:BE80:E0M1X1,81:AC46:E0M1X1
81:BE80:E0M1X1,81:BAF3:E0M1X1
81:BE80:E0M1X1,81:C6CE:E0M1X1
81:BE80:E0M1X1,81:C91C:E0M1X1
81:BE81:E0M0X0,81:BE82:E0M0X0
81:BE82:E0M0X0,81:BE85:E0M0X0
81:BE85:E0M0X0,81:BE88:E0M0X0
81:BE88:E0M0X0,81:BE89:E0M0X0
81:BE89:E0M0X0,81:BE8C:E0M0X0
81:BE8C:E0M0X0,81:BE8D:E0M0X0
81:BE8D:E0M0X0,81:BE90:E0M0X0
81:BE90:E0M0X0,81:BE91:E0M0X0
81:BE91:E0M0X0,81:BE94:E0M0X0
81:BE94:E0M0X0,81:BE95:E0M0X0
81:BE95:E0M0X0,81:BE98:E0M0X0
81:BE98:E0M0X0,81:BE99:E0M0X0
81:BE99:E0M0X0,81:BE9C:E0M0X0
81:BE9C:E0M0X0,81:BE9D:E0M0X0
81:BE9D:E0M0X0,81:BEA0:E0M0X0
81:BEA0:E0M0X0,81:BEA1:E0M0X0
81:BEA1:E0M0X0,81:BEA4:E0M0X0
81:BEA4:E0M0X0,81:BEA5:E0M0X0
81:BEA5:E0M0X0,81:BEA8:E0M0X0
81:BEA8:E0M0X0,81:BEA9:E0M0X0
81:BEA9:E0M0X0,81:BEAC:E0M0X0
81:BEAC:E0M0X0,81:BEAD:E0M0X0
81:BEAD:E0M0X0,81:BEB0:E0M0X0
81:BEB0:E0M0X0,81:BEB1:E0M0X0
81:BEB1:E0M0X0,81:BEB4:E0M0X0
81:BEB4:E0M0X0,81:BEB5:E0M0X0
81:BEB5:E0M0X0,81:BEB8:E0M0X0
81:BEB8:E0M0X0,81:BEB9:E0M0X0
81:BEB9:E0M0X0,81:BEBC:E0M0X0
81:BEBC:E0M0X0,81:BEBD:E0M0X0
81:BEBD:E0M0X0,81:BEC0:E0M0X0
81:BEC0:E0M0X0,81:BEC1:E0M0X0
81:BEC1:E0M0X0,81:BEC4:E0M0X0
81:BEC4:E0M0X0,81:BEC5:E0M0X0
81:BEC5:E0M0X0,81:BEC8:E0M0X0
81:BEC8:E0M0X0,81:BEC9:E0M0X0
81:BEC9:E0M0X0,81:BF5D:E0M0X0
81:BECC:E0M0X0,81:BECF:E0M0X0
81:BECF:E0M0X0,81:BED0:E0M0X0
81:BED0:E0M0X0,81:BED3:E0M0X0
81:BED3:E0M0X0,81:BED6:E0M0X0
81:BED6:E0M0X0,81:BED9:E0M0X0
81:BED9:E0M0X0,81:BEDC:E0M0X0
81:BEDC:E0M0X0,81:BEDF:E0M0X0
81:BEDF:E0M0X0,81:BEE2:E0M0X0
81:BEE2:E0M0X0,81:BEE5:E0M0X0
81:BEE5:E0M0X0,81:BEE8:E0M0X0
81:BEE8:E0M0X0,81:BEEB:E0M0X0
81:BEEB:E0M0X0,81:C236:E0M0X0
81:BEEE:E0M0X0,81:BCD4:E0M0X0
81:BEEE:E0M0X0,81:BE7B:E0M0X0
81:BEEF:E0M0X0,81:BEF0:E0M0X0
81:BEF0:E0M0X0,81:BEF3:E0M0X0
81:BEF3:E0M0X0,81:BEF6:E0M0X0
81:BEF6:E0M0X0,81:BEF7:E0M0X0
81:BEF7:E0M0X0,81:BEFA:E0M0X0
81:BEFA:E0M0X0,81:BEFB:E0M0X0
81:BEFB:E0M0X0,81:BEFE:E0M0X0
81:BEFE:E0M0X0,81:BEFF:E0M0X0
81:BEFF:E0M0X0,81:BF02:E0M0X0
81:BF02:E0M0X0,81:BF03:E0M0X0
81:BF03:E0M0X0,81:BF06:E0M0X0
81:BF06:E0M0X0,81:BF07:E0M0X0
81:BF07:E0M0X0,81:BF0A:E0M0X0
81:BF0A:E0M0X0,81:BF0B:E0M0X0
81:BF0B:E0M0X0,81:BF0E:E0M0X0
81:BF0E:E0M0X0,81:BF0F:E0M0X0
81:BF0F:E0M0X0,81:BF12:E0M0X0
81:BF12:E0M0X0,81:BF13:E0M0X0
81:BF13:E0M0X0,81:BF16:E0M0X0
81:BF16:E0M0X0,81:BF17:E0M0X0
81:BF17:E0M0X0,81:BF1A:E0M0X0
81:BF1A:E0M0X0,81:BF1B:E0M0X0
81:BF1B:E0M0X0,81:BF1E:E0M0X0
81:BF1E:E0M0X0,81:BF1F:E0M0X0
81:BF1F:E0M0X0,81:BF22:E0M0X0
81:BF22:E0M0X0,81:BF23:E0M0X0
81:BF23:E0M0X0,81:BF26:E0M0X0
81:BF26:E0M0X0,81:BF27:E0M0X0
81:BF27:E0M0X0,81:BF2A:E0M0X0
81:BF2A:E0M0X0,81:BF2B:E0M0X0
81:BF2B:E0M0X0,81:BF2E:E0M0X0
81:BF2E:E0M0X0,81:BF2F:E0M0X0
81:BF2F:E0M0X0,81:BF32:E0M0X0
81:BF32:E0M0X0,81:BF33:E0M0X0
81:BF33:E0M0X0,81:BF36:E0M0X0
81:BF36:E0M0X0,81:BF37:E0M0X0
81:BF37:E0M0X0,81:BF5D:E0M0X0
81:BF3A:E0M0X0,81:BF3D:E0M0X0
81:BF3D:E0M0X0,81:BF3E:E0M0X0
81:BF3E:E0M0X0,81:BF41:E0M0X0
81:BF41:E0M0X0,81:BF44:E0M0X0
81:BF44:E0M0X0,81:BF47:E0M0X0
81:BF47:E0M0X0,81:BF4A:E0M0X0
81:BF4A:E0M0X0,81:BF4D:E0M0X0
81:BF4D:E0M0X0,81:BF50:E0M0X0
81:BF50:E0M0X0,81:BF53:E0M0X0
81:BF53:E0M0X0,81:BF56:E0M0X0
81:BF56:E0M0X0,81:BF59:E0M0X0
81:BF59:E0M0X0,81:C236:E0M0X0
81:BF5C:E0M0X0,81:BCDF:E0M0X0
81:BF5C:E0M0X0,81:BE7E:E0M0X0
81:BF5D:E0M0X0,81:BF60:E0M0X0
81:BF60:E0M0X0,81:BF63:E0M0X0
81:BF63:E0M0X0,81:BF66:E0M0X0
81:BF66:E0M0X0,81:BF69:E0M0X0
81:BF69:E0M0X0,81:BF6B:E0M0X0
81:BF6B:E0M0X0,81:BF6D:E0M0X0
81:BF6D:E0M0X0,81:BF6F:E0M0X0
81:BF6F:E0M0X0,81:BF72:E0M0X0
81:BF72:E0M0X0,81:BF73:E0M0X0
81:BF73:E0M0X0,81:BF74:E0M0X0
81:BF74:E0M0X0,81:BF75:E0M0X0
81:BF75:E0M0X0,81:BF77:E0M0X0
81:BF77:E0M0X0,81:BF7A:E0M0X0
81:BF7A:E0M0X0,81:C266:E0M0X0
81:BF7D:E0M0X0,81:BF7F:E0M0X0
81:BF7F:E0M0X0,81:BF82:E0M0X0
81:BF82:E0M0X0,81:BF83:E0M0X0
81:BF83:E0M0X0,81:BF84:E0M0X0
81:BF84:E0M0X0,81:BF85:E0M0X0
81:BF85:E0M0X0,81:BF87:E0M0X0
81:BF87:E0M0X0,81:BF8A:E0M0X0
81:BF8A:E0M0X0,81:C266:E0M0X0
81:BF8D:E0M0X0,81:BF8F:E0M0X0
81:BF8F:E0M0X0,81:BF92:E0M0X0
81:BF92:E0M0X0,81:BF93:E0M0X0
81:BF93:E0M0X0,81:BF94:E0M0X0
81:BF94:E0M0X0,81:BF95:E0M0X0
81:BF95:E0M0X0,81:BF98:E0M0X0
81:BF98:E0M0X0,81:BF99:E0M0X0
81:BF99:E0M0X0,81:BF9B:E0M0X0
81:BF9B:E0M0X0,81:BF9E:E0M0X0
81:BF9E:E0M0X0,81:C266:E0M0X0
81:BFA1:E0M0X0,81:BFA3:E0M0X0
81:BFA3:E0M0X0,81:BFA6:E0M0X0
81:BFA6:E0M0X0,81:C266:E0M0X0
81:BFA9:E0M0X0,81:BFAB:E0M0X0
81:BFAB:E0M0X0,81:BFAE:E0M0X0
81:BFAE:E0M0X0,81:C266:E0M0X0
81:BFB1:E0M0X0,81:BFB3:E0M0X0
81:BFB3:E0M0X0,81:BFB6:E0M0X0
81:BFB6:E0M0X0,81:C266:E0M0X0
81:BFB9:E0M0X0,81:BFBB:E0M0X0
81:BFBB:E0M0X0,81:BFBE:E0M0X0
81:BFBE:E0M0X0,81:C266:E0M0X0
81:BFC1:E0M0X0,81:BFC3:E0M0X0
81:BFC3:E0M0X0,81:BFC6:E0M0X0
81:BFC6:E0M0X0,81:C266:E0M0X0
81:BFC9:E0M0X0,81:BFCB:E0M0X0
81:BFCB:E0M0X0,81:BFCE:E0M0X0
81:BFCE:E0M0X0,81:BFCF:E0M0X0
81:BFCF:E0M0X0,81:BFD2:E0M0X0
81:BFD2:E0M0X0,81:BFD5:E0M0X0
81:BFD5:E0M0X0,81:C266:E0M0X0
81:BFD8:E0M0X0,81:BFDA:E0M0X0
81:BFDA:E0M0X0,81:BFDD:E0M0X0
81:BFDD:E0M0X0,81:C266:E0M0X0
81:BFE0:E0M0X0,81:BFE2:E0M0X0
81:BFE2:E0M0X0,81:BFE5:E0M0X0
81:BFE5:E0M0X0,81:C266:E0M0X0
81:BFE8:E0M0X0,81:BFEA:E0M0X0
81:BFEA:E0M0X0,81:BFED:E0M0X0
81:BFED:E0M0X0,81:C266:E0M0X0
81:BFF0:E0M0X0,81:BFF2:E0M0X0
81:BFF2:E0M0X0,81:BFF3:E0M0X0
81:BFF3:E0M0X0,81:BFF4:E0M0X0
81:BFF4:E0M0X0,81:BFF5:E0M0X0
81:BFF5:E0M0X0,81:BFF6:E0M0X0
81:BFF6:E0M0X0,81:BFF9:E0M0X0
81:BFF9:E0M0X0,81:C266:E0M0X0
81:BFFC:E0M0X0,81:BFFE:E0M0X0
81:BFFE:E0M0X0,81:C001:E0M0X0
81:C001:E0M0X0,81:C266:E0M0X0
81:C004:E0M0X0,81:C006:E0M0X0
81:C006:E0M0X0,81:C007:E0M0X0
81:C007:E0M0X0,81:C008:E0M0X0
81:C008:E0M0X0,81:C009:E0M0X0
81:C009:E0M0X0,81:C00A:E0M0X0
81:C00A:E0M0X0,81:C00D:E0M0X0
81:C00D:E0M0X0,81:C266:E0M0X0
81:C010:E0M0X0,81:C012:E0M0X0
81:C012:E0M0X0,81:C015:E0M0X0
81:C015:E0M0X0,81:C266:E0M0X0
81:C018:E0M0X0,81:C256:E0M0X0
81:C01B:E0M0X0,81:C01E:E0M0X0
81:C01E:E0M0X0,81:C266:E0M0X0
81:C021:E0M0X0,81:C024:E0M0X0
81:C024:E0M0X0,81:C027:E0M0X0
81:C027:E0M0X0,81:C02A:E0M0X0
81:C02A:E0M0X0,81:C02D:E0M0X0
81:C02D:E0M0X0,81:C030:E0M0X0
81:C030:E0M0X0,81:C033:E0M0X0
81:C033:E0M0X0,81:C036:E0M0X0
81:C036:E0M0X0,81:C039:E0M0X0
81:C039:E0M0X0,81:C03C:E0M0X0
81:C03C:E0M0X0,81:C03F:E0M0X0
81:C03F:E0M0X0,81:C042:E0M0X0
81:C042:E0M0X0,81:C045:E0M0X0
81:C045:E0M0X0,81:C048:E0M0X0
81:C048:E0M0X0,81:BE12:E0M0X0
81:C048:E0M0X0,81:BECC:E0M0X0
81:C048:E0M0X0,81:BF3A:E0M0X0
81:C049:E0M1X1,81:C04B:E0M0X0
81:C04B:E0M0X0,81:C059:E0M0X0
81:C04E:E0M0X0,81:C051:E0M0X0
81:C051:E0M0X0,81:C053:E0M0X0
81:C051:E0M0X0,81:C056:E0M0X0
81:C053:E0M0X0,81:C0FD:E0M0X0
81:C056:E0M0X0,81:C058:E0M1X1
81:C058:E0M1X1,81:BB41:E0M1X1
81:C059:E0M0X0,81:C05A:E0M0X0
81:C05A:E0M0X0,81:C05B:E0M0X0
81:C05B:E0M0X0,81:C05E:E0M0X0
81:C05E:E0M0X0,81:C05F:E0M0X0
81:C05F:E0M0X0,81:C062:E0M0X0
81:C062:E0M0X0,81:C1AE:E0M0X0
81:C065:E0M0X0,81:C067:E0M1X1
81:C067:E0M1X1,81:C068:E0M1X1
81:C068:E0M1X1,81:C069:E0M1X1
81:C069:E0M1X1,81:C06C:E0M1X1
81:C06C:E0M1X1,81:C06D:E0M1X1
81:C06D:E0M1X1,81:C06E:E0M1X1
81:C06E:E0M1X1,81:C06F:E0M1X1
81:C06F:E0M1X1,81:C070:E0M1X1
81:C070:E0M1X1,81:C071:E0M1X1
81:C071:E0M1X1,81:C072:E0M1X1
81:C072:E0M1X1,81:C075:E0M1X1
81:C075:E0M1X1,81:C076:E0M1X1
81:C076:E0M1X1,81:C077:E0M1X1
81:C077:E0M1X1,81:C07A:E0M1X1
81:C07A:E0M1X1,81:C07D:E0M1X1
81:C07D:E0M1X1,81:C07E:E0M1X1
81:C07E:E0M1X1,81:C07F:E0M1X1
81:C07F:E0M1X1,81:C080:E0M1X1
81:C080:E0M1X1,81:C081:E0M1X1
81:C081:E0M1X1,81:C082:E0M1X1
81:C082:E0M1X1,81:C083:E0M1X1
81:C083:E0M1X1,81:C086:E0M1X1
81:C086:E0M1X1,81:C087:E0M1X1
81:C087:E0M1X1,81:C088:E0M1X1
81:C088:E0M1X1,81:C08B:E0M1X1
81:C08B:E0M1X1,81:C08E:E0M1X1
81:C08E:E0M1X1,81:C091:E0M1X1
81:C091:E0M1X1,81:C092:E0M1X1
81:C092:E0M1X1,81:C093:E0M1X1
81:C093:E0M1X1,81:C096:E0M1X1
81:C096:E0M1X1,81:C097:E0M1X1
81:C097:E0M1X1,81:C098:E0M1X1
81:C098:E0M1X1,81:C09B:E0M1X1
81:C09B:E0M1X1,81:C09C:E0M1X1
81:C09C:E0M1X1,81:C09D:E0M1X1
81:C09D:E0M1X1,81:C0A0:E0M1X1
81:C0A0:E0M1X1,81:C0A1:E0M1X1
81:C0A1:E0M1X1,81:C0A2:E0M1X1
81:C0A2:E0M1X1,81:C0A5:E0M1X1
81:C0A5:E0M1X1,81:C0A6:E0M1X1
81:C0A6:E0M1X1,81:C0A7:E0M1X1
81:C0A7:E0M1X1,81:C0AA:E0M1X1
81:C0AA:E0M1X1,81:C0AB:E0M1X1
81:C0AB:E0M1X1,81:C0AC:E0M1X1
81:C0AC:E0M1X1,81:C0AF:E0M1X1
81:C0AF:E0M1X1,81:C0B0:E0M1X1
81:C0B0:E0M1X1,81:C0B1:E0M1X1
81:C0B1:E0M1X1,81:C0B4:E0M1X1
81:C0B4:E0M1X1,81:C0B5:E0M1X1
81:C0B5:E0M1X1,81:C0B6:E0M1X1
81:C0B6:E0M1X1,81:C0B9:E0M1X1
81:C0B9:E0M1X1,81:C0BC:E0M1X1
81:C0BC:E0M1X1,81:C0BF:E0M1X1
81:C0BF:E0M1X1,81:C0C2:E0M1X1
81:C0C2:E0M1X1,81:C0C5:E0M1X1
81:C0C5:E0M1X1,81:C0C8:E0M1X1
81:C0C8:E0M1X1,81:C0CB:E0M1X1
81:C0CB:E0M1X1,81:C0CE:E0M1X1
81:C0CE:E0M1X1,81:C0D1:E0M1X1
81:C0D1:E0M1X1,81:C0D4:E0M1X1
81:C0D4:E0M1X1,81:C0D7:E0M1X1
81:C0D7:E0M1X1,81:C0DA:E0M1X1
81:C0DA:E0M1X1,81:C0DB:E0M1X1
81:C0DB:E0M1X1,81:C0DC:E0M1X1
81:C0DC:E0M1X1,81:C0DD:E0M1X1
81:C0DD:E0M1X1,81:C0DE:E0M1X1
81:C0DE:E0M1X1,81:C0DF:E0M1X1
81:C0DF:E0M1X1,81:C0E2:E0M1X1
81:C0E2:E0M1X1,81:C0E5:E0M1X1
81:C0E5:E0M1X1,81:C0E6:E0M1X1
81:C0E6:E0M1X1,81:C0E7:E0M1X1
81:C0E7:E0M1X1,81:C0E8:E0M1X1
81:C0E8:E0M1X1,81:C0E9:E0M1X1
81:C0E9:E0M1X1,81:C0EA:E0M1X1
81:C0EA:E0M1X1,81:C0ED:E0M1X1
81:C0ED:E0M1X1,81:C0F0:E0M1X1
81:C0F0:E0M1X1,81:C0F1:E0M1X1
81:C0F1:E0M1X1,81:C0F2:E0M1X1
81:C0F2:E0M1X1,81:C0F3:E0M1X1
81:C0F3:E0M1X1,81:C0F4:E0M1X1
81:C0F4:E0M1X1,81:C0F5:E0M1X1
81:C0F5:E0M1X1,81:C0F8:E0M1X1
81:C0F8:E0M1X1,81:C0F9:E0M1X1
81:C0F9:E0M1X1,81:C0FA:E0M1X1
81:C0FA:E0M1X1,81:C0FC:E0M0X0
81:C0FC:E0M0X0,81:C04E:E0M0X0
81:C0FD:E0M0X0,81:C0FE:E0M0X0
81:C0FE:E0M0X0,81:C0FF:E0M0X0
81:C0FF:E0M0X0,81:C102:E0M0X0
81:C102:E0M0X0,81:C103:E0M0X0
81:C103:E0M0X0,81:C106:E0M0X0
81:C106:E0M0X0,81:C1AE:E0M0X0
81:C109:E0M0X0,81:C10B:E0M1X1
81:C10B:E0M1X1,81:C10C:E0M1X1
81:C10C:E0M1X1,81:C10D:E0M1X1
81:C10D:E0M1X1,81:C110:E0M1X1
81:C110:E0M1X1,81:C112:E0M1X1
81:C110:E0M1X1,81:C115:E0M1X1
81:C112:E0M1X1,81:C115:E0M1X1
81:C115:E0M1X1,81:C116:E0M1X1
81:C116:E0M1X1,81:C117:E0M1X1
81:C117:E0M1X1,81:C118:E0M1X1
81:C118:E0M1X1,81:C119:E0M1X1
81:C119:E0M1X1,81:C11A:E0M1X1
81:C11A:E0M1X1,81:C11B:E0M1X1
81:C11B:E0M1X1,81:C11E:E0M1X1
81:C11E:E0M1X1,81:C11F:E0M1X1
81:C11F:E0M1X1,81:C120:E0M1X1
81:C120:E0M1X1,81:C123:E0M1X1
81:C123:E0M1X1,81:C126:E0M1X1
81:C126:E0M1X1,81:C127:E0M1X1
81:C127:E0M1X1,81:C128:E0M1X1
81:C128:E0M1X1,81:C129:E0M1X1
81:C129:E0M1X1,81:C12A:E0M1X1
81:C12A:E0M1X1,81:C12B:E0M1X1
81:C12B:E0M1X1,81:C12C:E0M1X1
81:C12C:E0M1X1,81:C12F:E0M1X1
81:C12F:E0M1X1,81:C130:E0M1X1
81:C130:E0M1X1,81:C131:E0M1X1
81:C131:E0M1X1,81:C134:E0M1X1
81:C134:E0M1X1,81:C137:E0M1X1
81:C137:E0M1X1,81:C13A:E0M1X1
81:C13A:E0M1X1,81:C13B:E0M1X1
81:C13B:E0M1X1,81:C13C:E0M1X1
81:C13C:E0M1X1,81:C13F:E0M1X1
81:C13F:E0M1X1,81:C142:E0M1X1
81:C142:E0M1X1,81:C143:E0M1X1
81:C143:E0M1X1,81:C144:E0M1X1
81:C144:E0M1X1,81:C147:E0M1X1
81:C147:E0M1X1,81:C149:E0M1X1
81:C147:E0M1X1,81:C14C:E0M1X1
81:C149:E0M1X1,81:C14C:E0M1X1
81:C14C:E0M1X1,81:C14D:E0M1X1
81:C14D:E0M1X1,81:C14E:E0M1X1
81:C14E:E0M1X1,81:C151:E0M1X1
81:C151:E0M1X1,81:C152:E0M1X1
81:C152:E0M1X1,81:C153:E0M1X1
81:C153:E0M1X1,81:C156:E0M1X1
81:C156:E0M1X1,81:C157:E0M1X1
81:C157:E0M1X1,81:C158:E0M1X1
81:C158:E0M1X1,81:C15B:E0M1X1
81:C15B:E0M1X1,81:C15C:E0M1X1
81:C15C:E0M1X1,81:C15D:E0M1X1
81:C15D:E0M1X1,81:C160:E0M1X1
81:C160:E0M1X1,81:C161:E0M1X1
81:C161:E0M1X1,81:C162:E0M1X1
81:C162:E0M1X1,81:C165:E0M1X1
81:C165:E0M1X1,81:C166:E0M1X1
81:C166:E0M1X1,81:C167:E0M1X1
81:C167:E0M1X1,81:C16A:E0M1X1
81:C16A:E0M1X1,81:C16D:E0M1X1
81:C16D:E0M1X1,81:C170:E0M1X1
81:C170:E0M1X1,81:C173:E0M1X1
81:C173:E0M1X1,81:C176:E0M1X1
81:C176:E0M1X1,81:C179:E0M1X1
81:C179:E0M1X1,81:C17C:E0M1X1
81:C17C:E0M1X1,81:C17F:E0M1X1
81:C17F:E0M1X1,81:C182:E0M1X1
81:C182:E0M1X1,81:C185:E0M1X1
81:C185:E0M1X1,81:C188:E0M1X1
81:C188:E0M1X1,81:C18B:E0M1X1
81:C18B:E0M1X1,81:C18C:E0M1X1
81:C18C:E0M1X1,81:C18D:E0M1X1
81:C18D:E0M1X1,81:C18E:E0M1X1
81:C18E:E0M1X1,81:C18F:E0M1X1
81:C18F:E0M1X1,81:C190:E0M1X1
81:C190:E0M1X1,81:C193:E0M1X1
81:C193:E0M1X1,81:C196:E0M1X1
81:C196:E0M1X1,81:C197:E0M1X1
81:C197:E0M1X1,81:C198:E0M1X1
81:C198:E0M1X1,81:C199:E0M1X1
81:C199:E0M1X1,81:C19A:E0M1X1
81:C19A:E0M1X1,81:C19B:E0M1X1
81:C19B:E0M1X1,81:C19E:E0M1X1
81:C19E:E0M1X1,81:C1A1:E0M1X1
81:C1A1:E0M1X1,81:C1A2:E0M1X1
81:C1A2:E0M1X1,81:C1A3:E0M1X1
81:C1A3:E0M1X1,81:C1A4:E0M1X1
81:C1A4:E0M1X1,81:C1A5:E0M1X1
81:C1A5:E0M1X1,81:C1A6:E0M1X1
81:C1A6:E0M1X1,81:C1A9:E0M1X1
81:C1A9:E0M1X1,81:C1AA:E0M1X1
81:C1AA:E0M1X1,81:C1AB:E0M1X1
81:C1AB:E0M1X1,81:C1AD:E0M0X0
81:C1AD:E0M0X0,81:C056:E0M0X0
81:C1AE:E0M0X0,81:BDE9:E0M0X0
81:C1B1:E0M0X0,81:C1B4:E0M0X0
81:C1B4:E0M0X0,81:C277:E0M0X0
81:C1B7:E0M0X0,81:C1B9:E0M0X0
81:C1B9:E0M0X0,81:C1BC:E0M0X0
81:C1BC:E0M0X0,81:C277:E0M0X0
81:C1BF:E0M0X0,81:C1C1:E0M0X0
81:C1C1:E0M0X0,81:C1C4:E0M0X0
81:C1C4:E0M0X0,81:C277:E0M0X0
81:C1C7:E0M0X0,81:C1C9:E0M0X0
81:C1C9:E0M0X0,81:C1CC:E0M0X0
81:C1CC:E0M0X0,81:C277:E0M0X0
81:C1CF:E0M0X0,81:C1D1:E0M0X0
81:C1D1:E0M0X0,81:C1D4:E0M0X0
81:C1D4:E0M0X0,81:C277:E0M0X0
81:C1D7:E0M0X0,81:C1D9:E0M0X0
81:C1D9:E0M0X0,81:C1DC:E0M0X0
81:C1DC:E0M0X0,81:C277:E0M0X0
81:C1DF:E0M0X0,81:C1E1:E0M0X0
81:C1E1:E0M0X0,81:C1E4:E0M0X0
81:C1E4:E0M0X0,81:C277:E0M0X0
81:C1E7:E0M0X0,81:C1E9:E0M0X0
81:C1E9:E0M0X0,81:C1EC:E0M0X0
81:C1EC:E0M0X0,81:C277:E0M0X0
81:C1EF:E0M0X0,81:C1F0:E0M0X0
81:C1F0:E0M0X0,81:C1F3:E0M0X0
81:C1F3:E0M0X0,81:C1F5:E0M0X0
81:C1F5:E0M0X0,81:C1F8:E0M0X0
81:C1F8:E0M0X0,81:C277:E0M0X0
81:C1FB:E0M0X0,81:C1FD:E0M0X0
81:C1FD:E0M0X0,81:C200:E0M0X0
81:C200:E0M0X0,81:C277:E0M0X0
81:C203:E0M0X0,81:C205:E0M0X0
81:C205:E0M0X0,81:C208:E0M0X0
81:C208:E0M0X0,81:C277:E0M0X0
81:C20B:E0M0X0,81:C20D:E0M0X0
81:C20D:E0M0X0,81:C210:E0M0X0
81:C210:E0M0X0,81:C277:E0M0X0
81:C213:E0M0X0,81:C215:E0M0X0
81:C215:E0M0X0,81:C218:E0M0X0
81:C218:E0M0X0,81:C277:E0M0X0
81:C21B:E0M0X0,81:C21D:E0M0X0
81:C21D:E0M0X0,81:C220:E0M0X0
81:C220:E0M0X0,81:C277:E0M0X0
81:C223:E0M0X0,81:C225:E0M0X0
81:C225:E0M0X0,81:C228:E0M0X0
81:C228:E0M0X0,81:C277:E0M0X0
81:C22B:E0M0X0,81:C22D:E0M0X0
81:C22D:E0M0X0,81:C230:E0M0X0
81:C230:E0M0X0,81:C277:E0M0X0
81:C233:E0M0X0,81:C235:E0M0X0
81:C235:E0M0X0,81:C065:E0M0X0
81:C235:E0M0X0,81:C109:E0M0X0
81:C236:E0M0X0,81:C239:E0M0X0
81:C239:E0M0X0,81:C23B:E0M0X0
81:C23B:E0M0X0,81:C23D:E0M0X0
81:C23D:E0M0X0,81:C240:E0M0X0
81:C240:E0M0X0,81:C277:E0M0X0
81:C243:E0M0X0,81:C244:E0M0X0
81:C244:E0M0X0,81:C247:E0M0X0
81:C247:E0M0X0,81:C249:E0M0X0
81:C249:E0M0X0,81:C24B:E0M1X0
81:C24B:E0M1X0,81:C24E:E0M1X0
81:C24E:E0M1X0,81:C250:E0M0X0
81:C250:E0M0X0,81:C251:E0M0X0
81:C251:E0M0X0,81:C253:E0M0X0
81:C253:E0M0X0,81:C23B:E0M0X0
81:C253:E0M0X0,81:C255:E0M0X0
81:C255:E0M0X0,81:BEEE:E0M0X0
81:C255:E0M0X0,81:BF5C:E0M0X0
81:C256:E0M0X0,81:C259:E0M0X0
81:C259:E0M0X0,81:C25C:E0M0X0
81:C25C:E0M0X0,81:C25F:E0M0X0
81:C25F:E0M0X0,81:C262:E0M0X0
81:C262:E0M0X0,81:C265:E0M0X0
81:C265:E0M0X0,81:BE6E:E0M0X0
81:C265:E0M0X0,81:C01B:E0M0X0
81:C266:E0M0X0,81:C267:E0M0X0
81:C267:E0M0X0,81:C26A:E0M0X0
81:C26A:E0M0X0,81:C26D:E0M0X0
81:C26D:E0M0X0,81:C270:E0M0X0
81:C270:E0M0X0,81:C273:E0M0X0
81:C273:E0M0X0,81:C274:E0M0X0
81:C274:E0M0X0,81:C266:E0M0X0
81:C274:E0M0X0,81:C276:E0M0X0
81:C276:E0M0X0,81:BE0A:E0M0X0
81:C276:E0M0X0,81:BF7D:E0M0X0
81:C276:E0M0X0,81:BF8D:E0M0X0
81:C276:E0M0X0,81:BFA1:E0M0X0
81:C276:E0M0X0,81:BFA9:E0M0X0
81:C276:E0M0X0,81:BFB1:E0M0X0
81:C276:E0M0X0,81:BFB9:E0M0X0
81:C276:E0M0X0,81:BFC1:E0M0X0
81:C276:E0M0X0,81:BFC9:E0M0X0
81:C276:E0M0X0,81:BFD8:E0M0X0
81:C276:E0M0X0,81:BFE0:E0M0X0
81:C276:E0M0X0,81:BFE8:E0M0X0
81:C276:E0M0X0,81:BFF0:E0M0X0
81:C276:E0M0X0,81:BFFC:E0M0X0
81:C276:E0M0X0,81:C004:E0M0X0
81:C276:E0M0X0,81:C010:E0M0X0
81:C276:E0M0X0,81:C018:E0M0X0
81:C276:E0M0X0,81:C021:E0M0X0
81:C277:E0M0X0,81:C27A:E0M0X0
81:C27A:E0M0X0,81:C27D:E0M0X0
81:C27D:E0M0X0,81:C280:E0M0X0
81:C280:E0M0X0,81:C283:E0M0X0
81:C283:E0M0X0,81:C286:E0M0X0
81:C286:E0M0X0,81:C287:E0M0X0
81:C287:E0M0X0,81:C288:E0M0X0
81:C288:E0M0X0,81:C27A:E0M0X0
81:C288:E0M0X0,81:C28A:E0M0X0
81:C28A:E0M0X0,81:BE69:E0M0X0
81:C28A:E0M0X0,81:C1B7:E0M0X0
81:C28A:E0M0X0,81:C1BF:E0M0X0
81:C28A:E0M0X0,81:C1C7:E0M0X0
81:C28A:E0M0X0,81:C1CF:E0M0X0
81:C28A:E0M0X0,81:C1D7:E0M0X0
81:C28A:E0M0X0,81:C1DF:E0M0X0
81:C28A:E0M0X0,81:C1E7:E0M0X0
81:C28A:E0M0X0,81:C1EF:E0M0X0
81:C28A:E0M0X0,81:C1FB:E0M0X0
81:C28A:E0M0X0,81:C203:E0M0X0
81:C28A:E0M0X0,81:C20B:E0M0X0
81:C28A:E0M0X0,81:C213:E0M0X0
81:C28A:E0M0X0,81:C21B:E0M0X0
81:C28A:E0M0X0,81:C223:E0M0X0
81:C28A:E0M0X0,81:C22B:E0M0X0
81:C28A:E0M0X0,81:C233:E0M0X0
81:C28A:E0M0X0,81:C243:E0M0X0
81:C28B:E0M1X1,81:C28C:E0M1X1
81:C28C:E0M1X1,81:C28D:E0M1X1
81:C28D:E0M1X1,81:C28E:E0M1X1
81:C28E:E0M1X1,81:C291:E0M1X1
81:C291:E0M1X1,81:C293:E0M1X1
81:C293:E0M1X1,81:C296:E0M1X1
81:C296:E0M1X1,81:9EDB:E0M1X1
81:C299:E0M1X1,81:9CB6:E0M1X1
81:C29C:E0M1X1,81:C29E:E0M0X0
81:C29E:E0M0X0,81:DF01:E0M0X0
81:C2A1:E0M0X0,81:C2A3:E0M1X1
81:C2A3:E0M1X1,81:C2A4:E0M1X1
81:C2A4:E0M1X1,80:81D4:E0M1X1
81:C36F:E0M1X1,81:C370:E0M1X1
81:C370:E0M1X1,81:C371:E0M1X1
81:C371:E0M1X1,81:C372:E0M1X1
81:C372:E0M1X1,81:C375:E0M1X1
81:C375:E0M1X1,81:C378:E0M1X1
81:C378:E0M1X1,81:C37A:E0M1X1
81:C378:E0M1X1,81:C388:E0M1X1
81:C37A:E0M1X1,81:C37B:E0M1X1
81:C37B:E0M1X1,81:C37E:E0M1X1
81:C37E:E0M1X1,81:C381:E0M1X1
81:C381:E0M1X1,81:C382:E0M1X1
81:C382:E0M1X1,81:C383:E0M1X1
81:C383:E0M1X1,81:C385:E0M1X1
81:C385:E0M1X1,81:C388:E0M1X1
81:C388:E0M1X1,81:C38B:E0M1X1
81:C38B:E0M1X1,81:C38D:E0M1X1
81:C38B:E0M1X1,81:C39F:E0M1X1
81:C38D:E0M1X1,81:C38E:E0M1X1
81:C38E:E0M1X1,81:C391:E0M1X1
81:C391:E0M1X1,81:C394:E0M1X1
81:C394:E0M1X1,81:C395:E0M1X1
81:C395:E0M1X1,81:C398:E0M1X1
81:C398:E0M1X1,81:C39A:E0M1X1
81:C39A:E0M1X1,81:C39D:E0M1X1
81:C39D:E0M1X1,81:C39F:E0M1X1
81:C39F:E0M1X1,81:C3A2:E0M1X1
81:C3A2:E0M1X1,81:C3A4:E0M1X1
81:C3A2:E0M1X1,81:C3A8:E0M1X1
81:C3A4:E0M1X1,81:C3A5:E0M1X1
81:C3A5:E0M1X1,81:C3A8:E0M1X1
81:C3A8:E0M1X1,81:C3AB:E0M1X1
81:C3AB:E0M1X1,81:C3AD:E0M1X1
81:C3AB:E0M1X1,81:C3F6:E0M1X1
81:C3AD:E0M1X1,81:C3B0:E0M1X1
81:C3B0:E0M1X1,81:C3B2:E0M1X1
81:C3B0:E0M1X1,81:C3F6:E0M1X1
81:C3B2:E0M1X1,81:C3B4:E0M0X1
81:C3B4:E0M0X1,81:C3B7:E0M0X1
81:C3B7:E0M0X1,81:C3BA:E0M0X1
81:C3BA:E0M0X1,81:C3BB:E0M0X1
81:C3BB:E0M0X1,81:C3BC:E0M0X1
81:C3BC:E0M0X1,81:C3BD:E0M0X1
81:C3BD:E0M0X1,81:C3BE:E0M0X1
81:C3BE:E0M0X1,81:C3C1:E0M0X1
81:C3C1:E0M0X1,81:C3C3:E0M0X1
81:C3C3:E0M0X1,81:C3C5:E0M1X1
81:C3C5:E0M1X1,81:C3C7:E0M1X1
81:C3C7:E0M1X1,81:C3C9:E0M1X1
81:C3C9:E0M1X1,81:C3CB:E0M1X1
81:C3C9:E0M1X1,81:C3F6:E0M1X1
81:C3CB:E0M1X1,81:C3CD:E0M1X1
81:C3CD:E0M1X1,81:C3CF:E0M1X1
81:C3CF:E0M1X1,81:C3D1:E0M1X1
81:C3D1:E0M1X1,81:C3D3:E0M1X1
81:C3D1:E0M1X1,81:C3E3:E0M1X1
81:C3D3:E0M1X1,81:C3D5:E0M1X1
81:C3D5:E0M1X1,81:C3D7:E0M1X1
81:C3D5:E0M1X1,81:C3F6:E0M1X1
81:C3D7:E0M1X1,81:C3D9:E0M1X1
81:C3D9:E0M1X1,81:C3DC:E0M1X1
81:C3DC:E0M1X1,81:C4D7:E0M1X1
81:C3DF:E0M1X1,81:C3E1:E0M1X1
81:C3DF:E0M1X1,81:C3F6:E0M1X1
81:C3E1:E0M1X1,81:C3ED:E0M1X1
81:C3E3:E0M1X1,81:C3E5:E0M1X1
81:C3E5:E0M1X1,81:C3E8:E0M1X1
81:C3E8:E0M1X1,81:C4D7:E0M1X1
81:C3EB:E0M1X1,81:C3ED:E0M1X1
81:C3EB:E0M1X1,81:C3F6:E0M1X1
81:C3ED:E0M1X1,81:C3EF:E0M1X1
81:C3EF:E0M1X1,81:C3F1:E0M1X1
81:C3F1:E0M1X1,81:C3F2:E0M1X1
81:C3F2:E0M1X1,81:C3F3:E0M1X1
81:C3F3:E0M1X1,81:C406:E0M1X1
81:C3F3:E0M1X1,81:C449:E0M1X1
81:C3F3:E0M1X1,81:C46B:E0M1X1
81:C3F3:E0M1X1,81:C493:E0M1X1
81:C3F3:E0M1X1,81:C4A6:E0M1X1
81:C3F6:E0M1X1,81:C3F7:E0M1X1
81:C3F7:E0M1X1,80:DD71:E0M1X1
81:C3F7:E0M1X1,80:DD7D:E0M1X1
81:C3F7:E0M1X1,80:DD89:E0M1X1
81:C3F7:E0M1X1,80:DD95:E0M1X1
81:C406:E0M1X1,81:C409:E0M1X1
81:C409:E0M1X1,81:C40C:E0M1X1
81:C40C:E0M1X1,81:C40E:E0M1X1
81:C40C:E0M1X1,81:C448:E0M1X1
81:C40E:E0M1X1,81:C411:E0M1X1
81:C411:E0M1X1,81:C413:E0M1X1
81:C413:E0M1X1,81:C415:E0M1X1
81:C413:E0M1X1,81:C448:E0M1X1
81:C415:E0M1X1,81:C417:E0M1X1
81:C417:E0M1X1,81:C419:E0M1X1
81:C419:E0M1X1,81:C41B:E0M1X1
81:C419:E0M1X1,81:C448:E0M1X1
81:C41B:E0M1X1,81:C41E:E0M1X1
81:C41E:E0M1X1,81:C420:E0M1X1
81:C41E:E0M1X1,81:C438:E0M1X1
81:C420:E0M1X1,81:C423:E0M1X1
81:C423:E0M1X1,81:C425:E0M1X1
81:C423:E0M1X1,81:C438:E0M1X1
81:C425:E0M1X1,81:C427:E0M0X1
81:C427:E0M0X1,81:C42A:E0M0X1
81:C42A:E0M0X1,81:C42D:E0M0X1
81:C42D:E0M0X1,81:C42F:E0M1X1
81:C42F:E0M1X1,81:C432:E0M1X1
81:C432:E0M1X1,81:C434:E0M1X1
81:C434:E0M1X1,80:F9A5:E0M1X1
81:C438:E0M1X1,81:C43B:E0M1X1
81:C43B:E0M1X1,81:C43D:E0M1X1
81:C43D:E0M1X1,81:C43F:E0M1X1
81:C43D:E0M1X1,81:C442:E0M1X1
81:C43F:E0M1X1,81:C441:E0M1X1
81:C441:E0M1X1,81:C442:E0M1X1
81:C442:E0M1X1,81:C445:E0M1X1
81:C445:E0M1X1,81:C448:E0M1X1
81:C448:E0M1X1,81:C3F6:E0M1X1
81:C449:E0M1X1,81:C44C:E0M1X1
81:C44C:E0M1X1,81:C44E:E0M1X1
81:C44E:E0M1X1,81:C45B:E0M1X1
81:C451:E0M1X1,81:C453:E0M1X1
81:C453:E0M1X1,81:C455:E0M1X1
81:C455:E0M1X1,81:C45B:E0M1X1
81:C458:E0M1X1,81:C45A:E0M1X1
81:C45A:E0M1X1,81:C3F6:E0M1X1
81:C45B:E0M1X1,81:C45D:E0M1X1
81:C45B:E0M1X1,81:C464:E0M1X1
81:C45D:E0M1X1,81:C45F:E0M1X1
81:C45F:E0M1X1,81:C461:E0M1X1
81:C45F:E0M1X1,81:C46A:E0M1X1
81:C461:E0M1X1,81:C463:E0M1X1
81:C463:E0M1X1,81:C451:E0M1X1
81:C463:E0M1X1,81:C458:E0M1X1
81:C464:E0M1X1,81:C466:E0M1X1
81:C466:E0M1X1,81:C468:E0M1X1
81:C466:E0M1X1,81:C46A:E0M1X1
81:C468:E0M1X1,81:C46A:E0M1X1
81:C46A:E0M1X1,81:C451:E0M1X1
81:C46A:E0M1X1,81:C458:E0M1X1
81:C46B:E0M1X1,81:C46E:E0M1X1
81:C46E:E0M1X1,81:C471:E0M1X1
81:C471:E0M1X1,81:C473:E0M1X1
81:C471:E0M1X1,81:C492:E0M1X1
81:C473:E0M1X1,81:C476:E0M1X1
81:C476:E0M1X1,81:C478:E0M1X1
81:C476:E0M1X1,81:C492:E0M1X1
81:C478:E0M1X1,81:C47B:E0M1X1
81:C47B:E0M1X1,81:C47D:E0M1X1
81:C47D:E0M1X1,81:C480:E0M1X1
81:C480:E0M1X1,81:C483:E0M1X1
81:C483:E0M1X1,81:C484:E0M1X1
81:C484:E0M1X1,81:C486:E0M1X1
81:C484:E0M1X1,81:C488:E0M1X1
81:C486:E0M1X1,81:C488:E0M1X1
81:C486:E0M1X1,81:C48F:E0M1X1
81:C488:E0M1X1,81:C48A:E0M1X1
81:C48A:E0M1X1,81:C48D:E0M1X1
81:C48D:E0M1X1,81:C48F:E0M1X1
81:C48F:E0M1X1,81:C492:E0M1X1
81:C492:E0M1X1,81:C3F6:E0M1X1
81:C493:E0M1X1,81:C496:E0M1X1
81:C496:E0M1X1,81:C498:E0M1X1
81:C498:E0M1X1,81:C499:E0M1X1
81:C499:E0M1X1,81:C49B:E0M1X1
81:C49B:E0M1X1,81:C49E:E0M1X1
81:C49E:E0M1X1,81:C4A0:E0M1X1
81:C4A0:E0M1X1,81:C4A3:E0M1X1
81:C4A3:E0M1X1,81:C4B9:E0M1X1
81:C4A6:E0M1X1,81:C4A9:E0M1X1
81:C4A9:E0M1X1,81:C4AB:E0M1X1
81:C4AB:E0M1X1,81:C4AC:E0M1X1
81:C4AC:E0M1X1,81:C4AE:E0M1X1
81:C4AE:E0M1X1,81:C4B1:E0M1X1
81:C4B1:E0M1X1,81:C4B3:E0M1X1
81:C4B3:E0M1X1,81:C4B6:E0M1X1
81:C4B6:E0M1X1,81:C4B9:E0M1X1
81:C4B9:E0M1X1,81:C4BC:E0M1X1
81:C4BC:E0M1X1,81:C4BE:E0M1X1
81:C4BC:E0M1X1,81:C4D6:E0M1X1
81:C4BE:E0M1X1,81:C4C1:E0M1X1
81:C4C1:E0M1X1,81:C4C3:E0M1X1
81:C4C1:E0M1X1,81:C4D6:E0M1X1
81:C4C3:E0M1X1,81:C4C5:E0M0X1
81:C4C5:E0M0X1,81:C4C8:E0M0X1
81:C4C8:E0M0X1,81:C4CB:E0M0X1
81:C4CB:E0M0X1,81:C4CD:E0M1X1
81:C4CD:E0M1X1,81:C4D0:E0M1X1
81:C4D0:E0M1X1,81:C4D2:E0M1X1
81:C4D2:E0M1X1,80:FB68:E0M1X1
81:C4D6:E0M1X1,81:C3F6:E0M1X1
81:C4D7:E0M1X1,81:C4D8:E0M1X1
81:C4D8:E0M1X1,81:C4DB:E0M1X1
81:C4DB:E0M1X1,81:C4DE:E0M1X1
81:C4DE:E0M1X1,81:C4E0:E0M1X1
81:C4DE:E0M1X1,81:C4F4:E0M1X1
81:C4E0:E0M1X1,81:C4E3:E0M1X1
81:C4E3:E0M1X1,81:C4E5:E0M1X1
81:C4E3:E0M1X1,81:C4F4:E0M1X1
81:C4E5:E0M1X1,81:C4E8:E0M1X1
81:C4E8:E0M1X1,81:C4EB:E0M1X1
81:C4EB:E0M1X1,81:C4ED:E0M1X1
81:C4EB:E0M1X1,81:C4F4:E0M1X1
81:C4ED:E0M1X1,81:C4F0:E0M1X1
81:C4F0:E0M1X1,81:C4F2:E0M1X1
81:C4F0:E0M1X1,81:C4F4:E0M1X1
81:C4F2:E0M1X1,81:C4F3:E0M1X1
81:C4F3:E0M1X1,81:C3DF:E0M1X1
81:C4F3:E0M1X1,81:C3EB:E0M1X1
81:C4F4:E0M1X1,81:C4F5:E0M1X1
81:C4F5:E0M1X1,81:C3DF:E0M1X1
81:C4F5:E0M1X1,81:C3EB:E0M1X1
81:C51C:E0M1X1,81:C51E:E0M1X0
81:C51E:E0M1X0,81:C521:E0M1X0
81:C521:E0M1X0,81:C524:E0M1X0
81:C524:E0M1X0,81:C526:E0M1X0
81:C526:E0M1X0,81:C529:E0M1X0
81:C529:E0M1X0,81:C52A:E0M1X0
81:C52A:E0M1X0,81:C52B:E0M1X0
81:C52B:E0M1X0,81:C52E:E0M1X0
81:C52E:E0M1X0,81:C524:E0M1X0
81:C52E:E0M1X0,81:C530:E0M1X0
81:C530:E0M1X0,81:C533:E0M1X0
81:C533:E0M1X0,81:C535:E0M1X0
81:C535:E0M1X0,81:C538:E0M1X0
81:C538:E0M1X0,81:C539:E0M1X0
81:C539:E0M1X0,81:C53A:E0M1X0
81:C53A:E0M1X0,81:C53D:E0M1X0
81:C53D:E0M1X0,81:C533:E0M1X0
81:C53D:E0M1X0,81:C53F:E0M1X0
81:C53F:E0M1X0,81:C542:E0M1X0
81:C542:E0M1X0,81:C544:E0M1X0
81:C544:E0M1X0,81:C547:E0M1X0
81:C547:E0M1X0,81:C548:E0M1X0
81:C548:E0M1X0,81:C549:E0M1X0
81:C549:E0M1X0,81:C54C:E0M1X0
81:C54C:E0M1X0,81:C542:E0M1X0
81:C54C:E0M1X0,81:C54E:E0M1X0
81:C54E:E0M1X0,81:C551:E0M1X0
81:C551:E0M1X0,81:C553:E0M1X0
81:C553:E0M1X0,81:C556:E0M1X0
81:C556:E0M1X0,81:C557:E0M1X0
81:C557:E0M1X0,81:C558:E0M1X0
81:C558:E0M1X0,81:C55B:E0M1X0
81:C55B:E0M1X0,81:C551:E0M1X0
81:C55B:E0M1X0,81:C55D:E0M1X0
81:C55D:E0M1X0,81:C560:E0M1X0
81:C560:E0M1X0,81:C562:E0M1X0
81:C562:E0M1X0,81:C565:E0M1X0
81:C565:E0M1X0,81:C566:E0M1X0
81:C566:E0M1X0,81:C567:E0M1X0
81:C567:E0M1X0,81:C56A:E0M1X0
81:C56A:E0M1X0,81:C560:E0M1X0
81:C56A:E0M1X0,81:C56C:E0M1X0
81:C56C:E0M1X0,81:C56E:E0M1X0
81:C56E:E0M1X0,81:C571:E0M1X0
81:C571:E0M1X0,81:C572:E0M1X0
81:C572:E0M1X0,81:C574:E0M1X0
81:C574:E0M1X0,81:C577:E0M1X0
81:C577:E0M1X0,81:C578:E0M1X0
81:C578:E0M1X0,81:C57A:E0M1X0
81:C57A:E0M1X0,81:C57D:E0M1X0
81:C57D:E0M1X0,81:C57F:E0M1X0
81:C57F:E0M1X0,81:C582:E0M1X0
81:C582:E0M1X0,81:C584:E0M1X1
81:C584:E0M1X1,81:B700:E0M1X1
81:C585:E0M1X1,81:C587:E0M1X1
81:C587:E0M1X1,81:C58A:E0M1X1
81:C58A:E0M1X1,81:C58C:E0M1X1
81:C58A:E0M1X1,81:C58F:E0M1X1
81:C58C:E0M1X1,81:C58D:E0M1X1
81:C58D:E0M1X1,81:C587:E0M1X1
81:C58F:E0M1X1,81:C590:E0M1X1
81:C590:E0M1X1,81:C591:E0M1X1
81:C591:E0M1X1,81:C594:E0M1X1
81:C594:E0M1X1,80:89B2:E0M1X1
81:C594:E0M1X1,80:B631:E0M1X1
81:C594:E0M1X1,80:B7AF:E0M1X1
81:C594:E0M1X1,92:FB71:E0M1X1
81:C595:E0M1X1,81:C596:E0M1X1
81:C596:E0M1X1,81:C597:E0M1X1
81:C597:E0M1X1,81:C598:E0M1X1
81:C598:E0M1X1,81:C59A:E0M1X1
81:C59A:E0M1X1,81:C59D:E0M1X1
81:C59D:E0M1X1,81:C59F:E0M1X1
81:C59D:E0M1X1,81:C5B6:E0M1X1
81:C59F:E0M1X1,81:C5A2:E0M1X1
81:C5A2:E0M1X1,81:C5A4:E0M1X1
81:C5A2:E0M1X1,81:C5AA:E0M1X1
81:C5A4:E0M1X1,81:C5A5:E0M1X1
81:C5A5:E0M1X1,81:C5A8:E0M1X1
81:C5A8:E0M1X1,81:C5B3:E0M1X1
81:C5AA:E0M1X1,81:C5AD:E0M1X1
81:C5AD:E0M1X1,81:C5B0:E0M1X1
81:C5B0:E0M1X1,81:C5B8:E0M1X1
81:C5B3:E0M1X1,81:C5B4:E0M1X1
81:C5B4:E0M1X1,81:C59A:E0M1X1
81:C5B6:E0M1X1,81:C5B7:E0M1X1
81:C5B7:E0M1X1,80:BAC8:E0M1X1
81:C5B8:E0M1X1,81:C5B9:E0M1X1
81:C5B9:E0M1X1,81:C5BA:E0M1X1
81:C5BA:E0M1X1,81:C5BB:E0M1X1
81:C5BB:E0M1X1,81:C5BC:E0M1X1
81:C5BC:E0M1X1,81:C5BD:E0M1X1
81:C5BD:E0M1X1,81:C5C0:E0M1X1
81:C5C0:E0M1X1,81:C5C2:E0M1X1
81:C5C0:E0M1X1,81:C5C7:E0M1X1
81:C5C2:E0M1X1,81:C5CC:E0M1X1
81:C5C5:E0M1X1,81:C5C6:E0M1X1
81:C5C6:E0M1X1,81:C5B3:E0M1X1
81:C5C7:E0M1X1,81:C5F0:E0M1X1
81:C5CA:E0M1X1,81:C5CB:E0M1X1
81:C5CB:E0M1X1,81:C5B3:E0M1X1
81:C5CC:E0M1X1,81:C5CE:E0M0X0
81:C5CE:E0M0X0,81:C5D1:E0M0X0
81:C5D1:E0M0X0,81:C5D5:E0M0X0
81:C5D5:E0M0X0,81:C5D6:E0M0X0
81:C5D6:E0M0X0,81:C5D7:E0M0X0
81:C5D7:E0M0X0,81:C5D8:E0M0X0
81:C5D8:E0M0X0,81:C5D9:E0M0X0
81:C5D9:E0M0X0,81:C5DC:E0M0X0
81:C5DC:E0M0X0,81:C5DE:E0M0X0
81:C5DC:E0M0X0,81:C5E8:E0M0X0
81:C5DE:E0M0X0,81:C5E2:E0M0X0
81:C5E2:E0M0X0,81:C5E6:E0M0X0
81:C5E6:E0M0X0,81:C5D6:E0M0X0
81:C5E8:E0M0X0,81:C5E9:E0M0X0
81:C5E9:E0M0X0,81:C5ED:E0M0X0
81:C5ED:E0M0X0,81:C5EF:E0M1X1
81:C5EF:E0M1X1,81:C5C5:E0M1X1
81:C5F0:E0M1X1,81:C5F2:E0M0X0
81:C5F2:E0M0X0,81:C5F5:E0M0X0
81:C5F5:E0M0X0,81:C5F9:E0M0X0
81:C5F9:E0M0X0,81:C5FA:E0M0X0
81:C5FA:E0M0X0,81:C5FB:E0M0X0
81:C5FB:E0M0X0,81:C5FC:E0M0X0
81:C5FC:E0M0X0,81:C5FD:E0M0X0
81:C5FD:E0M0X0,81:C600:E0M0X0
81:C600:E0M0X0,81:C602:E0M0X0
81:C600:E0M0X0,81:C606:E0M0X0
81:C602:E0M0X0,81:C604:E0M0X0
81:C602:E0M0X0,81:C606:E0M0X0
81:C604:E0M0X0,81:C610:E0M0X0
81:C606:E0M0X0,81:C60A:E0M0X0
81:C60A:E0M0X0,81:C60E:E0M0X0
81:C60E:E0M0X0,81:C5FA:E0M0X0
81:C610:E0M0X0,81:C611:E0M0X0
81:C611:E0M0X0,81:C615:E0M0X0
81:C615:E0M0X0,81:C617:E0M1X1
81:C617:E0M1X1,81:C5CA:E0M1X1
81:C644:E0M1X1,81:C646:E0M1X1
81:C646:E0M1X1,81:C748:E0M1X1
81:C649:E0M1X1,81:C64B:E0M1X1
81:C64B:E0M1X1,81:C64E:E0M1X1
81:C64E:E0M1X1,80:A3A0:E0M1X1
81:C652:E0M1X1,81:9F5C:E0M1X1
81:C655:E0M1X1,81:C658:E0M1X1
81:C658:E0M1X1,81:C65A:E0M1X1
81:C658:E0M1X1,81:C660:E0M1X1
81:C65A:E0M1X1,81:C73B:E0M1X1
81:C65D:E0M1X1,81:C6B4:E0M1X1
81:C660:E0M1X1,92:ED31:E0M1X1
81:C664:E0M1X1,80:F9F2:E0M1X1
81:C668:E0M1X1,81:C66B:E0M1X1
81:C66B:E0M1X1,81:C66D:E0M1X1
81:C66B:E0M1X1,81:C675:E0M1X1
81:C66D:E0M1X1,81:9F9D:E0M1X1
81:C670:E0M1X1,81:C672:E0M1X1
81:C672:E0M1X1,81:C6D8:E0M1X1
81:C675:E0M1X1,81:C678:E0M1X1
81:C678:E0M1X1,81:C67B:E0M1X1
81:C67B:E0M1X1,81:C678:E0M1X1
81:C67B:E0M1X1,81:C67D:E0M1X1
81:C67D:E0M1X1,81:C680:E0M1X1
81:C680:E0M1X1,81:C655:E0M1X1
81:C680:E0M1X1,81:C682:E0M1X1
81:C682:E0M1X1,81:C685:E0M1X1
81:C685:E0M1X1,81:C688:E0M1X1
81:C688:E0M1X1,81:C68A:E0M1X1
81:C688:E0M1X1,81:C6B4:E0M1X1
81:C68A:E0M1X1,81:C68D:E0M1X1
81:C68D:E0M1X1,81:C690:E0M1X1
81:C690:E0M1X1,81:C692:E0M1X1
81:C690:E0M1X1,81:C699:E0M1X1
81:C692:E0M1X1,80:FB48:E0M1X1
81:C696:E0M1X1,81:C655:E0M1X1
81:C699:E0M1X1,81:C69C:E0M1X1
81:C69C:E0M1X1,81:C69E:E0M1X1
81:C69E:E0M1X1,81:C6A0:E0M1X1
81:C69E:E0M1X1,81:C6A5:E0M1X1
81:C6A0:E0M1X1,81:C997:E0M1X1
81:C6A3:E0M1X1,81:C696:E0M1X1
81:C6A3:E0M1X1,81:C6A5:E0M1X1
81:C6A5:E0M1X1,80:FB3E:E0M1X1
81:C6A9:E0M1X1,80:F982:E0M1X1
81:C6AD:E0M1X1,81:CB25:E0M1X1
81:C6B0:E0M1X1,81:C6B2:E0M1X1
81:C6B2:E0M1X1,81:C6BE:E0M1X1
81:C6B4:E0M1X1,80:FB3E:E0M1X1
81:C6B8:E0M1X1,80:F982:E0M1X1
81:C6BC:E0M1X1,81:C6BE:E0M1X1
81:C6BE:E0M1X1,81:C6BF:E0M1X1
81:C6BF:E0M1X1,81:C83F:E0M1X1
81:C6C2:E0M1X1,81:C6C3:E0M1X1
81:C6C3:E0M1X1,81:C6C5:E0M1X1
81:C6C3:E0M1X1,81:C6D7:E0M1X1
81:C6C5:E0M1X1,81:CF64:E0M1X1
81:C6C8:E0M1X1,81:9D40:E0M1X1
81:C6CB:E0M1X1,81:C940:E0M1X1
81:C6CE:E0M1X1,81:C6D1:E0M1X1
81:C6D1:E0M1X1,81:C6D3:E0M1X1
81:C6D1:E0M1X1,81:C6D7:E0M1X1
81:C6D3:E0M1X1,9F:F588:E0M1X1
81:C6D7:E0M1X1,81:B042:E0M1X1
81:C6D7:E0M1X1,81:C86F:E0M1X1
81:C6D8:E0M1X1,81:C6DB:E0M1X1
81:C6DB:E0M1X1,81:C6DD:E0M1X1
81:C6DB:E0M1X1,81:C71E:E0M1X1
81:C6DD:E0M1X1,81:C6DE:E0M1X1
81:C6DE:E0M1X1,81:C6E0:E0M0X0
81:C6E0:E0M0X0,81:C6E3:E0M0X0
81:C6E3:E0M0X0,81:C6E6:E0M0X0
81:C6E6:E0M0X0,81:C6E9:E0M0X0
81:C6E9:E0M0X0,81:DE80:E0M0X0
81:C6EC:E0M0X0,81:C6EE:E0M1X1
81:C6EE:E0M1X1,81:C6EF:E0M1X1
81:C6EF:E0M1X1,81:C6F2:E0M1X1
81:C6F2:E0M1X1,81:C6F5:E0M1X1
81:C6F5:E0M1X1,81:C6F7:E0M1X1
81:C6F5:E0M1X1,81:C70F:E0M1X1
81:C6F7:E0M1X1,81:C6F9:E0M0X0
81:C6F9:E0M0X0,81:C6FC:E0M0X0
81:C6FC:E0M0X0,81:C6FF:E0M0X0
81:C6FF:E0M0X0,81:C700:E0M0X0
81:C700:E0M0X0,81:C703:E0M0X0
81:C703:E0M0X0,81:C706:E0M0X0
81:C706:E0M0X0,81:C709:E0M0X0
81:C709:E0M0X0,81:DE80:E0M0X0
81:C70C:E0M0X0,81:C70E:E0M1X1
81:C70E:E0M1X1,81:C675:E0M1X1
81:C70E:E0M1X1,81:C8BF:E0M1X1
81:C70E:E0M1X1,81:C8E4:E0M1X1
81:C70E:E0M1X1,81:C8F9:E0M1X1
81:C70F:E0M1X1,81:C711:E0M0X0
81:C711:E0M0X0,81:C712:E0M0X0
81:C712:E0M0X0,81:C715:E0M0X0
81:C715:E0M0X0,81:C718:E0M0X0
81:C718:E0M0X0,81:DE80:E0M0X0
81:C71B:E0M0X0,81:C71D:E0M1X1
81:C71D:E0M1X1,81:C675:E0M1X1
81:C71D:E0M1X1,81:C8BF:E0M1X1
81:C71D:E0M1X1,81:C8E4:E0M1X1
81:C71D:E0M1X1,81:C8F9:E0M1X1
81:C71E:E0M1X1,81:C720:E0M0X0
81:C720:E0M0X0,81:C723:E0M0X0
81:C723:E0M0X0,81:C726:E0M0X0
81:C726:E0M0X0,81:C729:E0M0X0
81:C729:E0M0X0,81:DE80:E0M0X0
81:C72C:E0M0X0,81:C72F:E0M0X0
81:C72F:E0M0X0,81:C732:E0M0X0
81:C732:E0M0X0,81:C735:E0M0X0
81:C735:E0M0X0,81:DE80:E0M0X0
81:C738:E0M0X0,81:C73A:E0M1X1
81:C73A:E0M1X1,81:C675:E0M1X1
81:C73A:E0M1X1,81:C8BF:E0M1X1
81:C73A:E0M1X1,81:C8E4:E0M1X1
81:C73A:E0M1X1,81:C8F9:E0M1X1
81:C73B:E0M1X1,81:C73E:E0M1X1
81:C73E:E0M1X1,81:C741:E0M1X1
81:C741:E0M1X1,81:C744:E0M1X1
81:C744:E0M1X1,81:C747:E0M1X1
81:C747:E0M1X1,81:C65D:E0M1X1
81:C748:E0M1X1,81:C749:E0M1X1
81:C749:E0M1X1,81:C74A:E0M1X1
81:C74A:E0M1X1,81:9C46:E0M1X1
81:C74D:E0M1X1,81:9D40:E0M1X1
81:C750:E0M1X1,81:C752:E0M0X1
81:C752:E0M0X1,81:C755:E0M0X1
81:C755:E0M0X1,81:C758:E0M0X1
81:C758:E0M0X1,81:C75A:E0M1X1
81:C75A:E0M1X1,81:C75C:E0M1X1
81:C75C:E0M1X1,81:9DB1:E0M1X1
81:C75F:E0M1X1,81:C761:E0M1X1
81:C761:E0M1X1,81:C764:E0M1X1
81:C764:E0M1X1,81:C766:E0M1X1
81:C766:E0M1X1,81:C769:E0M1X1
81:C769:E0M1X1,81:C76B:E0M1X1
81:C76B:E0M1X1,81:C76E:E0M1X1
81:C76E:E0M1X1,81:C770:E0M1X1
81:C770:E0M1X1,81:C773:E0M1X1
81:C773:E0M1X1,81:C775:E0M1X1
81:C775:E0M1X1,81:C778:E0M1X1
81:C778:E0M1X1,81:C77A:E0M1X1
81:C77A:E0M1X1,81:C77D:E0M1X1
81:C77D:E0M1X1,81:C780:E0M1X1
81:C780:E0M1X1,81:C783:E0M1X1
81:C783:E0M1X1,81:C785:E0M1X1
81:C785:E0M1X1,81:C788:E0M1X1
81:C788:E0M1X1,81:C78A:E0M0X0
81:C78A:E0M0X0,81:C78D:E0M0X0
81:C78D:E0M0X0,81:C790:E0M0X0
81:C790:E0M0X0,81:C793:E0M0X0
81:C793:E0M0X0,81:9D72:E0M0X0
81:C796:E0M0X0,81:C799:E0M0X0
81:C799:E0M0X0,81:9E50:E0M0X0
81:C79C:E0M0X0,81:C79F:E0M0X0
81:C79F:E0M0X0,81:9E12:E0M0X0
81:C7A2:E0M0X0,81:C7A3:E0M0X0
81:C7A3:E0M0X0,81:C7A5:E0M0X0
81:C7A3:E0M0X0,81:C7B1:E0M0X0
81:C7A5:E0M0X0,81:C7A8:E0M0X0
81:C7A8:E0M0X0,81:C7AB:E0M0X0
81:C7AB:E0M0X0,81:C7AE:E0M0X0
81:C7AE:E0M0X0,81:DE80:E0M0X0
81:C7B1:E0M0X0,81:C7B4:E0M0X0
81:C7B4:E0M0X0,81:C7B7:E0M0X0
81:C7B7:E0M0X0,81:C7BA:E0M0X0
81:C7BA:E0M0X0,81:DE80:E0M0X0
81:C7BD:E0M0X0,81:9D99:E0M0X0
81:C7C0:E0M0X0,81:C7C2:E0M0X0
81:C7C0:E0M0X0,81:C7CE:E0M0X0
81:C7C2:E0M0X0,81:C7C5:E0M0X0
81:C7C5:E0M0X0,81:C7C8:E0M0X0
81:C7C8:E0M0X0,81:C7CB:E0M0X0
81:C7CB:E0M0X0,81:DE80:E0M0X0
81:C7CE:E0M0X0,81:C7D1:E0M0X0
81:C7D1:E0M0X0,81:C7D4:E0M0X0
81:C7D4:E0M0X0,81:C7D7:E0M0X0
81:C7D7:E0M0X0,81:C7DA:E0M0X0
81:C7DA:E0M0X0,81:DD96:E0M0X0
81:C7DD:E0M0X0,81:C7E0:E0M0X0
81:C7E0:E0M0X0,81:C7E3:E0M0X0
81:C7E3:E0M0X0,81:C7E5:E0M0X0
81:C7E3:E0M0X0,81:C7FA:E0M0X0
81:C7E5:E0M0X0,81:C7E8:E0M0X0
81:C7E8:E0M0X0,81:C7EB:E0M0X0
81:C7EB:E0M0X0,81:DD96:E0M0X0
81:C7EE:E0M0X0,81:C7F1:E0M0X0
81:C7F1:E0M0X0,81:C7F4:E0M0X0
81:C7F4:E0M0X0,81:C7F7:E0M0X0
81:C7F7:E0M0X0,81:DDDF:E0M0X0
81:C7FA:E0M0X0,81:C7FD:E0M0X0
81:C7FD:E0M0X0,81:C800:E0M0X0
81:C800:E0M0X0,81:C803:E0M0X0
81:C803:E0M0X0,81:DDDF:E0M0X0
81:C806:E0M0X0,81:9D99:E0M0X0
81:C809:E0M0X0,81:C80B:E0M0X0
81:C809:E0M0X0,81:C834:E0M0X0
81:C80B:E0M0X0,81:C80E:E0M0X0
81:C80E:E0M0X0,81:C811:E0M0X0
81:C811:E0M0X0,81:C813:E0M0X0
81:C811:E0M0X0,81:C828:E0M0X0
81:C813:E0M0X0,81:C816:E0M0X0
81:C816:E0M0X0,81:C819:E0M0X0
81:C819:E0M0X0,81:DD96:E0M0X0
81:C81C:E0M0X0,81:C81F:E0M0X0
81:C81F:E0M0X0,81:C822:E0M0X0
81:C822:E0M0X0,81:C825:E0M0X0
81:C825:E0M0X0,81:DDDF:E0M0X0
81:C828:E0M0X0,81:C82B:E0M0X0
81:C82B:E0M0X0,81:C82E:E0M0X0
81:C82E:E0M0X0,81:C831:E0M0X0
81:C831:E0M0X0,81:DDDF:E0M0X0
81:C834:E0M0X0,81:DF8D:E0M0X0
81:C837:E0M0X0,81:C839:E0M1X1
81:C839:E0M1X1,81:9C8C:E0M1X1
81:C83C:E0M1X1,81:9CB6:E0M1X1
81:C83F:E0M1X1,81:C841:E0M1X1
81:C841:E0M1X1,80:F926:E0M1X1
81:C845:E0M1X1,81:C847:E0M1X1
81:C847:E0M1X1,80:F926:E0M1X1
81:C84B:E0M1X1,81:C84D:E0M1X1
81:C84D:E0M1X1,80:F926:E0M1X1
81:C851:E0M1X1,80:F982:E0M1X1
81:C855:E0M1X1,81:C857:E0M1X1
81:C857:E0M1X1,81:C85A:E0M1X1
81:C85A:E0M1X1,80:A3EA:E0M1X1
81:C85E:E0M1X1,81:C860:E0M1X1
81:C860:E0M1X1,81:C863:E0M1X1
81:C863:E0M1X1,81:C865:E0M1X1
81:C865:E0M1X1,81:C868:E0M1X1
81:C868:E0M1X1,81:C6C2:E0M1X1
81:C868:E0M1X1,81:C902:E0M1X1
81:C868:E0M1X1,81:C919:E0M1X1
81:C869:E0M1X1,81:C86A:E0M1X1
81:C86A:E0M1X1,81:C86B:E0M1X1
81:C86B:E0M1X1,81:C86C:E0M1X1
81:C86C:E0M1X1,81:C871:E0M1X1
81:C86F:E0M1X1,81:C870:E0M1X1
81:C870:E0M1X1,80:80D8:E0M1X1
81:C871:E0M1X1,81:C874:E0M1X1
81:C874:E0M1X1,81:C876:E0M1X1
81:C874:E0M1X1,81:C877:E0M1X1
81:C876:E0M1X1,81:C86F:E0M1X1
81:C877:E0M1X1,81:C879:E0M1X1
81:C879:E0M1X1,81:C748:E0M1X1
81:C87C:E0M1X1,81:C87F:E0M1X1
81:C87F:E0M1X1,81:C881:E0M1X1
81:C881:E0M1X1,81:C884:E0M1X1
81:C884:E0M1X1,80:A3A0:E0M1X1
81:C888:E0M1X1,81:9F5C:E0M1X1
81:C88B:E0M1X1,81:C88D:E0M0X0
81:C88D:E0M0X0,81:C890:E0M0X0
81:C890:E0M0X0,81:C893:E0M0X0
81:C893:E0M0X0,81:C896:E0M0X0
81:C896:E0M0X0,81:DE80:E0M0X0
81:C899:E0M0X0,81:C89C:E0M0X0
81:C89C:E0M0X0,81:C89F:E0M0X0
81:C89F:E0M0X0,81:C8A2:E0M0X0
81:C8A2:E0M0X0,81:DE80:E0M0X0
81:C8A5:E0M0X0,81:C8A7:E0M1X1
81:C8A7:E0M1X1,81:C91F:E0M1X1
81:C8AA:E0M1X1,81:C8AD:E0M1X1
81:C8AD:E0M1X1,81:C8B0:E0M1X1
81:C8B0:E0M1X1,81:C8B2:E0M1X1
81:C8B2:E0M1X1,81:C8B4:E0M1X1
81:C8B2:E0M1X1,81:C8CC:E0M1X1
81:C8B4:E0M1X1,81:C8B7:E0M1X1
81:C8B7:E0M1X1,81:C8BA:E0M1X1
81:C8BA:E0M1X1,81:C8BC:E0M1X1
81:C8BC:E0M1X1,81:C6D8:E0M1X1
81:C8BF:E0M1X1,81:C91F:E0M1X1
81:C8C2:E0M1X1,81:C8C5:E0M1X1
81:C8C5:E0M1X1,81:C8C8:E0M1X1
81:C8C8:E0M1X1,81:C8CA:E0M1X1
81:C8C8:E0M1X1,81:C8FC:E0M1X1
81:C8CA:E0M1X1,81:C90A:E0M1X1
81:C8CC:E0M1X1,81:C8CF:E0M1X1
81:C8CF:E0M1X1,81:C8D2:E0M1X1
81:C8D2:E0M1X1,81:C8D4:E0M1X1
81:C8D2:E0M1X1,81:C8E9:E0M1X1
81:C8D4:E0M1X1,81:C8D7:E0M1X1
81:C8D7:E0M1X1,81:C8DA:E0M1X1
81:C8DA:E0M1X1,81:C8DC:E0M1X1
81:C8DA:E0M1X1,81:C8E9:E0M1X1
81:C8DC:E0M1X1,81:C8DF:E0M1X1
81:C8DF:E0M1X1,81:C8E1:E0M1X1
81:C8E1:E0M1X1,81:C6D8:E0M1X1
81:C8E4:E0M1X1,81:C91F:E0M1X1
81:C8E7:E0M1X1,81:C90A:E0M1X1
81:C8E9:E0M1X1,81:C997:E0M1X1
81:C8EC:E0M1X1,81:C8EE:E0M1X1
81:C8EC:E0M1X1,81:C90A:E0M1X1
81:C8EE:E0M1X1,81:C8F0:E0M1X1
81:C8F0:E0M1X1,81:C8F3:E0M1X1
81:C8F3:E0M1X1,81:C8F6:E0M1X1
81:C8F6:E0M1X1,81:C6D8:E0M1X1
81:C8F9:E0M1X1,81:C91F:E0M1X1
81:C8FC:E0M1X1,81:CB25:E0M1X1
81:C8FF:E0M1X1,81:C83F:E0M1X1
81:C902:E0M1X1,81:C904:E0M1X1
81:C904:E0M1X1,81:B669:E0M1X1
81:C907:E0M1X1,81:C6C5:E0M1X1
81:C90A:E0M1X1,81:C90D:E0M1X1
81:C90D:E0M1X1,81:C910:E0M1X1
81:C910:E0M1X1,81:C913:E0M1X1
81:C913:E0M1X1,81:C916:E0M1X1
81:C916:E0M1X1,81:C83F:E0M1X1
81:C919:E0M1X1,81:BE76:E0M1X1
81:C91C:E0M1X1,81:9D40:E0M1X1
81:C91F:E0M1X1,81:C921:E0M0X0
81:C921:E0M0X0,81:C924:E0M0X0
81:C924:E0M0X0,81:C925:E0M0X0
81:C925:E0M0X0,81:C928:E0M0X0
81:C928:E0M0X0,81:C92A:E0M0X0
81:C92A:E0M0X0,81:C92C:E0M1X0
81:C92C:E0M1X0,81:C92F:E0M1X0
81:C92F:E0M1X0,81:C931:E0M1X0
81:C92F:E0M1X0,81:C936:E0M1X0
81:C931:E0M1X0,81:C934:E0M1X0
81:C934:E0M1X0,81:C93D:E0M1X0
81:C936:E0M1X0,81:C939:E0M1X0
81:C939:E0M1X0,81:C93B:E0M1X0
81:C93B:E0M1X0,81:C92C:E0M1X0
81:C93B:E0M1X0,81:C93D:E0M1X0
81:C93D:E0M1X0,81:C93F:E0M1X1
81:C93F:E0M1X1,81:C8AA:E0M1X1
81:C93F:E0M1X1,81:C8C2:E0M1X1
81:C93F:E0M1X1,81:C8E7:E0M1X1
81:C93F:E0M1X1,81:C8FC:E0M1X1
81:C940:E0M1X1,81:C943:E0M1X1
81:C943:E0M1X1,81:C945:E0M1X1
81:C945:E0M1X1,81:C947:E0M1X1
81:C945:E0M1X1,81:C962:E0M1X1
81:C947:E0M1X1,81:C94A:E0M1X1
81:C94A:E0M1X1,81:C94D:E0M1X1
81:C94D:E0M1X1,81:C94F:E0M1X1
81:C94D:E0M1X1,81:C957:E0M1X1
81:C94F:E0M1X1,81:C9C6:E0M1X1
81:C952:E0M1X1,81:C955:E0M1X1
81:C955:E0M1X1,81:C962:E0M1X1
81:C957:E0M1X1,81:C95A:E0M1X1
81:C95A:E0M1X1,81:C95D:E0M1X1
81:C95D:E0M1X1,81:C95F:E0M1X1
81:C95D:E0M1X1,81:C962:E0M1X1
81:C95F:E0M1X1,81:C962:E0M1X1
81:C962:E0M1X1,81:C965:E0M1X1
81:C965:E0M1X1,81:C968:E0M1X1
81:C968:E0M1X1,81:C96B:E0M1X1
81:C96B:E0M1X1,81:C96E:E0M1X1
81:C96E:E0M1X1,81:C971:E0M1X1
81:C971:E0M1X1,81:C973:E0M1X1
81:C973:E0M1X1,81:C976:E0M1X1
81:C976:E0M1X1,81:C978:E0M1X1
81:C976:E0M1X1,81:C985:E0M1X1
81:C978:E0M1X1,81:C97B:E0M1X1
81:C97B:E0M1X1,81:C97E:E0M1X1
81:C97E:E0M1X1,81:C980:E0M1X1
81:C97E:E0M1X1,81:C985:E0M1X1
81:C980:E0M1X1,81:C982:E0M1X1
81:C982:E0M1X1,81:C985:E0M1X1
81:C985:E0M1X1,81:C988:E0M1X1
81:C988:E0M1X1,81:B67D:E0M1X1
81:C98B:E0M1X1,81:C98E:E0M1X1
81:C98E:E0M1X1,81:AE76:E0M1X1
81:C991:E0M1X1,81:BE76:E0M1X1
81:C997:E0M1X1,81:C999:E0M1X1
81:C999:E0M1X1,81:C99C:E0M1X1
81:C99C:E0M1X1,81:C99F:E0M1X1
81:C99F:E0M1X1,81:C9A1:E0M1X1
81:C99F:E0M1X1,81:C9AB:E0M1X1
81:C9A1:E0M1X1,81:C9A4:E0M1X1
81:C9A4:E0M1X1,81:C9A7:E0M1X1
81:C9A7:E0M1X1,81:C9A9:E0M1X1
81:C9A7:E0M1X1,81:C9C4:E0M1X1
81:C9A9:E0M1X1,81:C9AB:E0M1X1
81:C9AB:E0M1X1,81:C9AC:E0M1X1
81:C9AC:E0M1X1,81:C9AE:E0M0X0
81:C9AE:E0M0X0,81:C9B1:E0M0X0
81:C9B1:E0M0X0,81:C9B4:E0M0X0
81:C9B4:E0M0X0,81:C9B7:E0M0X0
81:C9B7:E0M0X0,81:DE80:E0M0X0
81:C9BA:E0M0X0,81:C9BC:E0M1X1
81:C9BC:E0M1X1,81:C9BD:E0M1X1
81:C9BD:E0M1X1,81:CA57:E0M1X1
81:C9C0:E0M1X1,81:C9C2:E0M1X1
81:C9C0:E0M1X1,81:C9C4:E0M1X1
81:C9C2:E0M1X1,81:C9C3:E0M1X1
81:C9C3:E0M1X1,81:C6A3:E0M1X1
81:C9C3:E0M1X1,81:C8EC:E0M1X1
81:C9C4:E0M1X1,81:C9C5:E0M1X1
81:C9C5:E0M1X1,81:C6A3:E0M1X1
81:C9C5:E0M1X1,81:C8EC:E0M1X1
81:C9C6:E0M1X1,81:C9C9:E0M1X1
81:C9C9:E0M1X1,81:C9CC:E0M1X1
81:C9CC:E0M1X1,81:C9CF:E0M1X1
81:C9CF:E0M1X1,81:C9D2:E0M1X1
81:C9D2:E0M1X1,81:C9D5:E0M1X1
81:C9D5:E0M1X1,81:C9D8:E0M1X1
81:C9D8:E0M1X1,81:C9DB:E0M1X1
81:C9DB:E0M1X1,81:C9DE:E0M1X1
81:C9DE:E0M1X1,81:C9E1:E0M1X1
81:C9E1:E0M1X1,81:C9E4:E0M1X1
81:C9E4:E0M1X1,81:C9E7:E0M1X1
81:C9E7:E0M1X1,81:C9EA:E0M1X1
81:C9EA:E0M1X1,81:C9ED:E0M1X1
81:C9ED:E0M1X1,81:C9F0:E0M1X1
81:C9F0:E0M1X1,81:C9F3:E0M1X1
81:C9F3:E0M1X1,81:C9F6:E0M1X1
81:C9F6:E0M1X1,81:C9F9:E0M1X1
81:C9F9:E0M1X1,81:C9FC:E0M1X1
81:C9FC:E0M1X1,81:C9FF:E0M1X1
81:C9FF:E0M1X1,81:CA02:E0M1X1
81:CA02:E0M1X1,81:CA05:E0M1X1
81:CA05:E0M1X1,81:CA08:E0M1X1
81:CA08:E0M1X1,81:CA0B:E0M1X1
81:CA0B:E0M1X1,81:CA0E:E0M1X1
81:CA0E:E0M1X1,81:CA11:E0M1X1
81:CA11:E0M1X1,81:CA14:E0M1X1
81:CA14:E0M1X1,81:CA17:E0M1X1
81:CA17:E0M1X1,81:CA1A:E0M1X1
81:CA1A:E0M1X1,81:CA1D:E0M1X1
81:CA1D:E0M1X1,81:CA20:E0M1X1
81:CA20:E0M1X1,81:CA23:E0M1X1
81:CA23:E0M1X1,81:CA26:E0M1X1
81:CA26:E0M1X1,81:CA29:E0M1X1
81:CA29:E0M1X1,81:CA2C:E0M1X1
81:CA2C:E0M1X1,81:CA2F:E0M1X1
81:CA2F:E0M1X1,81:CA32:E0M1X1
81:CA32:E0M1X1,81:CA35:E0M1X1
81:CA35:E0M1X1,81:CA38:E0M1X1
81:CA38:E0M1X1,81:CA3B:E0M1X1
81:CA3B:E0M1X1,81:CA3E:E0M1X1
81:CA3E:E0M1X1,81:CA41:E0M1X1
81:CA41:E0M1X1,81:CA44:E0M1X1
81:CA44:E0M1X1,81:CA47:E0M1X1
81:CA47:E0M1X1,81:CA4A:E0M1X1
81:CA4A:E0M1X1,81:CA4D:E0M1X1
81:CA4D:E0M1X1,81:CA50:E0M1X1
81:CA50:E0M1X1,81:CA53:E0M1X1
81:CA53:E0M1X1,81:CA56:E0M1X1
81:CA56:E0M1X1,81:C952:E0M1X1
81:CA57:E0M1X1,81:CA5A:E0M1X1
81:CA5A:E0M1X1,81:CA5B:E0M1X1
81:CA5B:E0M1X1,81:CA5E:E0M1X1
81:CA5E:E0M1X1,81:CBC7:E0M1X1
81:CA61:E0M1X1,81:CA63:E0M1X1
81:CA63:E0M1X1,81:CA66:E0M1X1
81:CA66:E0M1X1,81:CA69:E0M1X1
81:CA69:E0M1X1,81:CA6B:E0M0X0
81:CA6B:E0M0X0,81:CA6E:E0M0X0
81:CA6E:E0M0X0,81:CA71:E0M0X0
81:CA71:E0M0X0,81:CA74:E0M0X0
81:CA74:E0M0X0,81:DE80:E0M0X0
81:CA77:E0M0X0,81:CA7A:E0M0X0
81:CA7A:E0M0X0,81:CA7D:E0M0X0
81:CA7D:E0M0X0,81:CA80:E0M0X0
81:CA80:E0M0X0,81:DE80:E0M0X0
81:CA83:E0M0X0,81:CA86:E0M0X0
81:CA86:E0M0X0,81:CA89:E0M0X0
81:CA89:E0M0X0,81:CA8C:E0M0X0
81:CA8C:E0M0X0,81:CA8E:E0M0X0
81:CA8C:E0M0X0,81:CA9C:E0M0X0
81:CA8E:E0M0X0,81:CA91:E0M0X0
81:CA91:E0M0X0,81:CA94:E0M0X0
81:CA94:E0M0X0,81:CA96:E0M0X0
81:CA94:E0M0X0,81:CA99:E0M0X0
81:CA96:E0M0X0,81:CA97:E0M0X0
81:CA97:E0M0X0,81:CB08:E0M0X0
81:CA99:E0M0X0,81:CA9A:E0M0X0
81:CA9A:E0M0X0,81:CB08:E0M0X0
81:CA9C:E0M0X0,81:CA9D:E0M0X0
81:CA9D:E0M0X0,81:CAA0:E0M0X0
81:CAA0:E0M0X0,81:CAA2:E0M0X0
81:CAA0:E0M0X0,81:CADC:E0M0X0
81:CAA2:E0M0X0,81:CAA5:E0M0X0
81:CAA5:E0M0X0,81:CAA8:E0M0X0
81:CAA8:E0M0X0,81:CAAA:E0M0X0
81:CAA8:E0M0X0,81:CAC4:E0M0X0
81:CAAA:E0M0X0,81:CAAD:E0M0X0
81:CAAD:E0M0X0,81:CAB0:E0M0X0
81:CAB0:E0M0X0,81:CAB3:E0M0X0
81:CAB3:E0M0X0,81:DE80:E0M0X0
81:CAB6:E0M0X0,81:CAB9:E0M0X0
81:CAB9:E0M0X0,81:CABC:E0M0X0
81:CABC:E0M0X0,81:CABF:E0M0X0
81:CABF:E0M0X0,81:DE80:E0M0X0
81:CAC2:E0M0X0,81:CADC:E0M0X0
81:CAC4:E0M0X0,81:CAC7:E0M0X0
81:CAC7:E0M0X0,81:CACA:E0M0X0
81:CACA:E0M0X0,81:CACD:E0M0X0
81:CACD:E0M0X0,81:DE80:E0M0X0
81:CAD0:E0M0X0,81:CAD3:E0M0X0
81:CAD3:E0M0X0,81:CAD6:E0M0X0
81:CAD6:E0M0X0,81:CAD9:E0M0X0
81:CAD9:E0M0X0,81:DE80:E0M0X0
81:CADC:E0M0X0,81:CADD:E0M0X0
81:CADD:E0M0X0,81:CADE:E0M0X0
81:CADE:E0M0X0,81:CAE1:E0M0X0
81:CAE1:E0M0X0,81:CAE3:E0M0X0
81:CAE1:E0M0X0,81:CAFB:E0M0X0
81:CAE3:E0M0X0,81:CAE6:E0M0X0
81:CAE6:E0M0X0,81:CAE9:E0M0X0
81:CAE9:E0M0X0,81:CAEC:E0M0X0
81:CAEC:E0M0X0,81:DE80:E0M0X0
81:CAEF:E0M0X0,81:CAF2:E0M0X0
81:CAF2:E0M0X0,81:CAF5:E0M0X0
81:CAF5:E0M0X0,81:CAF8:E0M0X0
81:CAF8:E0M0X0,81:DE80:E0M0X0
81:CAFB:E0M0X0,81:CAFC:E0M0X0
81:CAFC:E0M0X0,81:CAFD:E0M0X0
81:CAFD:E0M0X0,81:CB00:E0M0X0
81:CB00:E0M0X0,81:CB02:E0M0X0
81:CB00:E0M0X0,81:CB05:E0M0X0
81:CB02:E0M0X0,81:CB05:E0M0X0
81:CB05:E0M0X0,81:CA86:E0M0X0
81:CB08:E0M0X0,81:CB0A:E0M1X1
81:CB0A:E0M1X1,81:CB0B:E0M1X1
81:CB0B:E0M1X1,81:CB0E:E0M1X1
81:CB0E:E0M1X1,81:CB11:E0M1X1
81:CB11:E0M1X1,81:CB14:E0M1X1
81:CB14:E0M1X1,81:CB17:E0M1X1
81:CB17:E0M1X1,81:CB1A:E0M1X1
81:CB1A:E0M1X1,81:C9C0:E0M1X1
81:CB1B:E0M1X1,81:CB1D:E0M1X1
81:CB1D:E0M1X1,81:9FDD:E0M1X1
81:CB20:E0M1X1,81:CB22:E0M1X1
81:CB22:E0M1X1,81:9FEF:E0M1X1
81:CB25:E0M1X1,81:CB28:E0M1X1
81:CB28:E0M1X1,81:CB2A:E0M1X1
81:CB28:E0M1X1,81:CB53:E0M1X1
81:CB2A:E0M1X1,81:CB2C:E0M1X1
81:CB2C:E0M1X1,81:CB2F:E0M1X1
81:CB2F:E0M1X1,81:CB30:E0M1X1
81:CB30:E0M1X1,81:CB32:E0M1X1
81:CB32:E0M1X1,81:CB35:E0M1X1
81:CB35:E0M1X1,81:CB37:E0M1X1
81:CB37:E0M1X1,81:CB3A:E0M1X1
81:CB3A:E0M1X1,81:CB3D:E0M1X1
81:CB3D:E0M1X1,81:CB3F:E0M1X1
81:CB3D:E0M1X1,81:CB53:E0M1X1
81:CB3F:E0M1X1,81:CB42:E0M1X1
81:CB42:E0M1X1,81:CB44:E0M1X1
81:CB42:E0M1X1,81:CB53:E0M1X1
81:CB44:E0M1X1,81:CB45:E0M1X1
81:CB45:E0M1X1,81:CB46:E0M1X1
81:CB46:E0M1X1,81:CB53:E0M1X1
81:CB46:E0M1X1,81:CB6E:E0M1X1
81:CB46:E0M1X1,81:CB78:E0M1X1
81:CB46:E0M1X1,81:CB8C:E0M1X1
81:CB46:E0M1X1,81:CB9C:E0M1X1
81:CB46:E0M1X1,81:CBA6:E0M1X1
81:CB46:E0M1X1,81:CBAF:E0M1X1
81:CB46:E0M1X1,81:CBB5:E0M1X1
81:CB46:E0M1X1,81:CBBB:E0M1X1
81:CB46:E0M1X1,81:CBC1:E0M1X1
81:CB46:E0M1X1,81:CC41:E0M1X1
81:CB46:E0M1X1,81:CD3E:E0M1X1
81:CB46:E0M1X1,81:CD89:E0M1X1
81:CB49:E0M1X1,81:9C8C:E0M1X1
81:CB4C:E0M1X1,81:CB4F:E0M1X1
81:CB4F:E0M1X1,81:CB4C:E0M1X1
81:CB4F:E0M1X1,81:CB51:E0M1X1
81:CB51:E0M1X1,81:CB3A:E0M1X1
81:CB53:E0M1X1,81:C6B0:E0M1X1
81:CB53:E0M1X1,81:C8FF:E0M1X1
81:CB53:E0M1X1,81:CB49:E0M1X1
81:CB6E:E0M1X1,81:CB70:E0M1X1
81:CB70:E0M1X1,80:F948:E0M1X1
81:CB74:E0M1X1,81:CB76:E0M1X1
81:CB76:E0M1X1,81:CB80:E0M1X1
81:CB78:E0M1X1,81:CB7A:E0M1X1
81:CB7A:E0M1X1,80:F926:E0M1X1
81:CB7E:E0M1X1,81:CB80:E0M1X1
81:CB80:E0M1X1,80:F926:E0M1X1
81:CB84:E0M1X1,80:F982:E0M1X1
81:CB88:E0M1X1,81:CB8B:E0M1X1
81:CB8B:E0M1X1,81:CB49:E0M1X1
81:CB8C:E0M1X1,81:CB8E:E0M1X1
81:CB8E:E0M1X1,80:F948:E0M1X1
81:CB92:E0M1X1,81:CB94:E0M1X1
81:CB94:E0M1X1,80:F926:E0M1X1
81:CB98:E0M1X1,81:CB9A:E0M1X1
81:CB9A:E0M1X1,81:CB80:E0M1X1
81:CB9C:E0M1X1,81:CB9E:E0M1X1
81:CB9E:E0M1X1,80:F926:E0M1X1
81:CBA2:E0M1X1,81:CBA4:E0M1X1
81:CBA4:E0M1X1,81:CB80:E0M1X1
81:CBA6:E0M1X1,81:CBA8:E0M1X1
81:CBA8:E0M1X1,81:CBAB:E0M1X1
81:CBAB:E0M1X1,81:CBAD:E0M1X1
81:CBAD:E0M1X1,81:CB80:E0M1X1
81:CBAF:E0M1X1,81:CBB2:E0M1X1
81:CBB2:E0M1X1,81:CE94:E0M1X1
81:CBB5:E0M1X1,81:CEAA:E0M1X1
81:CBB8:E0M1X1,81:CE72:E0M1X1
81:CBBB:E0M1X1,81:CEAA:E0M1X1
81:CBBE:E0M1X1,81:CE60:E0M1X1
81:CBC1:E0M1X1,81:CEAA:E0M1X1
81:CBC4:E0M1X1,81:CE4E:E0M1X1
81:CBC7:E0M1X1,81:CBCA:E0M1X1
81:CBCA:E0M1X1,81:CBCD:E0M1X1
81:CBCD:E0M1X1,81:CBD0:E0M1X1
81:CBD0:E0M1X1,81:CBD2:E0M1X1
81:CBD2:E0M1X1,81:CBD5:E0M1X1
81:CBD5:E0M1X1,81:CBD7:E0M1X1
81:CBD7:E0M1X1,81:CBDA:E0M1X1
81:CBDA:E0M1X1,81:CA61:E0M1X1
81:CBDA:E0M1X1,81:CBF9:E0M1X1
81:CBDB:E0M1X1,81:CBDE:E0M1X1
81:CBDE:E0M1X1,81:CBE0:E0M1X1
81:CBE0:E0M1X1,81:CBE2:E0M1X1
81:CBE0:E0M1X1,81:CBF5:E0M1X1
81:CBE2:E0M1X1,81:CBE5:E0M1X1
81:CBE5:E0M1X1,81:CBE8:E0M1X1
81:CBE8:E0M1X1,81:CBEB:E0M1X1
81:CBEB:E0M1X1,81:CBED:E0M1X1
81:CBED:E0M1X1,81:CBF0:E0M1X1
81:CBF0:E0M1X1,81:CBF2:E0M1X1
81:CBF2:E0M1X1,81:CBF5:E0M1X1
81:CBF5:E0M1X1,81:CC10:E0M1X1
81:CBF6:E0M1X1,81:CBC7:E0M1X1
81:CBF9:E0M1X1,81:CBFB:E0M1X1
81:CBFB:E0M1X1,81:9FDD:E0M1X1
81:CBFE:E0M1X1,81:CC00:E0M1X1
81:CC00:E0M1X1,81:9FEF:E0M1X1
81:CC03:E0M1X1,81:A001:E0M1X1
81:CC06:E0M1X1,81:CC09:E0M1X1
81:CC09:E0M1X1,81:CC0B:E0M1X1
81:CC0B:E0M1X1,81:CC0D:E0M1X1
81:CC0B:E0M1X1,81:CC10:E0M1X1
81:CC0D:E0M1X1,81:CBDB:E0M1X1
81:CC10:E0M1X1,81:CF21:E0M1X1
81:CC11:E0M1X1,81:CC14:E0M1X1
81:CC14:E0M1X1,81:CC15:E0M1X1
81:CC15:E0M1X1,81:CC17:E0M1X1
81:CC17:E0M1X1,81:CC18:E0M1X1
81:CC18:E0M1X1,81:CC19:E0M1X1
81:CC19:E0M1X1,81:CC1B:E0M1X1
81:CC1B:E0M1X1,81:CC1E:E0M1X1
81:CC1E:E0M1X1,81:CC1F:E0M1X1
81:CC1F:E0M1X1,81:CC20:E0M1X1
81:CC20:E0M1X1,81:CC22:E0M1X1
81:CC22:E0M1X1,81:CC25:E0M1X1
81:CC25:E0M1X1,81:CC28:E0M1X1
81:CC28:E0M1X1,81:CC2B:E0M1X1
81:CC2B:E0M1X1,81:CC2C:E0M1X1
81:CC2C:E0M1X1,81:CC2D:E0M1X1
81:CC2D:E0M1X1,81:CC2F:E0M1X1
81:CC2F:E0M1X1,81:CC32:E0M1X1
81:CC32:E0M1X1,81:CC33:E0M1X1
81:CC33:E0M1X1,81:CC34:E0M1X1
81:CC34:E0M1X1,81:CC36:E0M1X1
81:CC36:E0M1X1,81:CC39:E0M1X1
81:CC39:E0M1X1,81:CC3A:E0M1X1
81:CC3A:E0M1X1,81:CC3B:E0M1X1
81:CC3B:E0M1X1,81:CC3D:E0M1X1
81:CC3D:E0M1X1,81:CC40:E0M1X1
81:CC40:E0M1X1,81:CB49:E0M1X1
81:CC40:E0M1X1,81:CCCE:E0M1X1
81:CC41:E0M1X1,81:CC44:E0M1X1
81:CC44:E0M1X1,81:CC46:E0M1X1
81:CC46:E0M1X1,81:CC48:E0M1X1
81:CC46:E0M1X1,81:CC4B:E0M1X1
81:CC48:E0M1X1,81:CC4B:E0M1X1
81:CC4B:E0M1X1,81:CC4E:E0M1X1
81:CC4E:E0M1X1,81:CC51:E0M1X1
81:CC51:E0M1X1,81:CC54:E0M1X1
81:CC54:E0M1X1,81:CC57:E0M1X1
81:CC57:E0M1X1,81:CC5A:E0M1X1
81:CC5A:E0M1X1,81:CC5D:E0M1X1
81:CC5D:E0M1X1,81:CC60:E0M1X1
81:CC60:E0M1X1,81:CC63:E0M1X1
81:CC63:E0M1X1,81:CC66:E0M1X1
81:CC66:E0M1X1,81:CC69:E0M1X1
81:CC69:E0M1X1,81:CC6C:E0M1X1
81:CC6C:E0M1X1,81:CC6F:E0M1X1
81:CC6F:E0M1X1,81:CC71:E0M0X1
81:CC71:E0M0X1,81:CC74:E0M0X1
81:CC74:E0M0X1,81:CC75:E0M0X1
81:CC75:E0M0X1,81:CC76:E0M0X1
81:CC76:E0M0X1,81:CC79:E0M0X1
81:CC79:E0M0X1,81:CC7C:E0M0X1
81:CC7C:E0M0X1,81:CC7D:E0M0X1
81:CC7D:E0M0X1,81:CC80:E0M0X1
81:CC80:E0M0X1,81:CC83:E0M0X1
81:CC83:E0M0X1,81:CC85:E0M0X1
81:CC83:E0M0X1,81:CC88:E0M0X1
81:CC85:E0M0X1,81:CC88:E0M0X1
81:CC88:E0M0X1,81:CC8B:E0M0X1
81:CC8B:E0M0X1,81:CC8E:E0M0X1
81:CC8E:E0M0X1,81:CC8F:E0M0X1
81:CC8F:E0M0X1,81:CC92:E0M0X1
81:CC92:E0M0X1,81:CC94:E0M1X1
81:CC94:E0M1X1,81:CC97:E0M1X1
81:CC97:E0M1X1,81:CC99:E0M1X1
81:CC97:E0M1X1,81:CC9E:E0M1X1
81:CC99:E0M1X1,81:CC9B:E0M1X1
81:CC9B:E0M1X1,81:CC9E:E0M1X1
81:CC9E:E0M1X1,81:CCA1:E0M1X1
81:CCA1:E0M1X1,81:CCA3:E0M1X1
81:CCA3:E0M1X1,81:CCA5:E0M1X1
81:CCA3:E0M1X1,81:CCA7:E0M1X1
81:CCA5:E0M1X1,81:CCA6:E0M1X1
81:CCA6:E0M1X1,81:CCA7:E0M1X1
81:CCA7:E0M1X1,81:CCAA:E0M1X1
81:CCAA:E0M1X1,81:CCAD:E0M1X1
81:CCAD:E0M1X1,81:CCB0:E0M1X1
81:CCB0:E0M1X1,81:CCB3:E0M1X1
81:CCB3:E0M1X1,81:CCB6:E0M1X1
81:CCB6:E0M1X1,81:CCB9:E0M1X1
81:CCB9:E0M1X1,81:CCBC:E0M1X1
81:CCBC:E0M1X1,81:CCBF:E0M1X1
81:CCBF:E0M1X1,81:CCC2:E0M1X1
81:CCC2:E0M1X1,81:CCC4:E0M1X1
81:CCC4:E0M1X1,81:CCC6:E0M1X1
81:CCC4:E0M1X1,81:CCCB:E0M1X1
81:CCC6:E0M1X1,81:CCC8:E0M1X1
81:CCC8:E0M1X1,81:CCCB:E0M1X1
81:CCCB:E0M1X1,81:CC11:E0M1X1
81:CCCE:E0M1X1,81:CCD0:E0M0X0
81:CCD0:E0M0X0,81:CCD3:E0M0X0
81:CCD3:E0M0X0,81:CCD4:E0M0X0
81:CCD4:E0M0X0,81:CCD7:E0M0X0
81:CCD7:E0M0X0,81:CCD8:E0M0X0
81:CCD8:E0M0X0,81:CCDB:E0M0X0
81:CCDB:E0M0X0,81:CCDE:E0M0X0
81:CCDE:E0M0X0,81:CCE0:E0M0X0
81:CCDE:E0M0X0,81:CD1A:E0M0X0
81:CCE0:E0M0X0,81:CCE1:E0M0X0
81:CCE1:E0M0X0,81:CCE4:E0M0X0
81:CCE4:E0M0X0,81:CD28:E0M0X0
81:CCE7:E0M0X0,81:CCE8:E0M0X0
81:CCE8:E0M0X0,81:CCE9:E0M0X0
81:CCE9:E0M0X0,81:CCEC:E0M0X0
81:CCEC:E0M0X0,81:CCEF:E0M0X0
81:CCEF:E0M0X0,81:CCF1:E0M0X0
81:CCEF:E0M0X0,81:CD1A:E0M0X0
81:CCF1:E0M0X0,81:CCF2:E0M0X0
81:CCF2:E0M0X0,81:CCF5:E0M0X0
81:CCF5:E0M0X0,81:CD28:E0M0X0
81:CCF8:E0M0X0,81:CCF9:E0M0X0
81:CCF9:E0M0X0,81:CCFA:E0M0X0
81:CCFA:E0M0X0,81:CCFD:E0M0X0
81:CCFD:E0M0X0,81:CD00:E0M0X0
81:CD00:E0M0X0,81:CD02:E0M0X0
81:CD00:E0M0X0,81:CD1A:E0M0X0
81:CD02:E0M0X0,81:CD03:E0M0X0
81:CD03:E0M0X0,81:CD06:E0M0X0
81:CD06:E0M0X0,81:CD28:E0M0X0
81:CD09:E0M0X0,81:CD0A:E0M0X0
81:CD0A:E0M0X0,81:CD0B:E0M0X0
81:CD0B:E0M0X0,81:CD0E:E0M0X0
81:CD0E:E0M0X0,81:CD11:E0M0X0
81:CD11:E0M0X0,81:CD13:E0M0X0
81:CD11:E0M0X0,81:CD1A:E0M0X0
81:CD13:E0M0X0,81:CD14:E0M0X0
81:CD14:E0M0X0,81:CD17:E0M0X0
81:CD17:E0M0X0,81:CD28:E0M0X0
81:CD1A:E0M0X0,81:CD1D:E0M0X0
81:CD1D:E0M0X0,81:CD20:E0M0X0
81:CD20:E0M0X0,81:CD22:E0M1X1
81:CD22:E0M1X1,81:CD24:E0M1X1
81:CD22:E0M1X1,81:CD27:E0M1X1
81:CD24:E0M1X1,81:CD27:E0M1X1
81:CD27:E0M1X1,81:CB49:E0M1X1
81:CD28:E0M0X0,81:CD2A:E0M1X1
81:CD2A:E0M1X1,81:CD2B:E0M1X1
81:CD2B:E0M1X1,81:CD2E:E0M1X1
81:CD2E:E0M1X1,81:CD31:E0M1X1
81:CD31:E0M1X1,81:CD33:E0M1X1
81:CD33:E0M1X1,81:CD36:E0M1X1
81:CD36:E0M1X1,81:CD38:E0M1X1
81:CD38:E0M1X1,81:CD3B:E0M1X1
81:CD3B:E0M1X1,81:CD3D:E0M0X0
81:CD3D:E0M0X0,81:CCE7:E0M0X0
81:CD3D:E0M0X0,81:CCF8:E0M0X0
81:CD3D:E0M0X0,81:CD09:E0M0X0
81:CD3D:E0M0X0,81:CD1A:E0M0X0
81:CD3E:E0M1X1,81:CD41:E0M1X1
81:CD41:E0M1X1,81:CD42:E0M1X1
81:CD42:E0M1X1,81:CD45:E0M1X1
81:CD45:E0M1X1,81:CD48:E0M1X1
81:CD48:E0M1X1,81:CD4B:E0M1X1
81:CD4B:E0M1X1,81:CD4C:E0M1X1
81:CD4C:E0M1X1,81:CD4E:E0M1X1
81:CD4E:E0M1X1,81:CD51:E0M1X1
81:CD51:E0M1X1,81:CD54:E0M1X1
81:CD54:E0M1X1,81:CD55:E0M1X1
81:CD55:E0M1X1,81:CD58:E0M1X1
81:CD58:E0M1X1,81:CD5B:E0M1X1
81:CD5B:E0M1X1,81:CD5E:E0M1X1
81:CD5E:E0M1X1,81:CD5F:E0M1X1
81:CD5F:E0M1X1,81:CD61:E0M1X1
81:CD61:E0M1X1,81:CD64:E0M1X1
81:CD64:E0M1X1,81:CD67:E0M1X1
81:CD67:E0M1X1,81:CD69:E0M1X1
81:CD69:E0M1X1,81:CD6B:E0M1X1
81:CD69:E0M1X1,81:CD88:E0M1X1
81:CD6B:E0M1X1,81:CD6E:E0M1X1
81:CD6E:E0M1X1,81:CD70:E0M0X1
81:CD70:E0M0X1,81:CD73:E0M0X1
81:CD73:E0M0X1,81:CD76:E0M0X1
81:CD76:E0M0X1,81:CD79:E0M0X1
81:CD79:E0M0X1,81:CD7C:E0M0X1
81:CD7C:E0M0X1,81:CD7E:E0M1X1
81:CD7E:E0M1X1,81:CD80:E0M1X1
81:CD80:E0M1X1,81:CD83:E0M1X1
81:CD83:E0M1X1,81:CD85:E0M1X1
81:CD85:E0M1X1,81:CD88:E0M1X1
81:CD88:E0M1X1,81:CB49:E0M1X1
81:CD89:E0M1X1,81:CD8C:E0M1X1
81:CD8C:E0M1X1,81:CD8E:E0M1X1
81:CD8E:E0M1X1,81:CD90:E0M1X1
81:CD8E:E0M1X1,81:CDA6:E0M1X1
81:CD90:E0M1X1,81:CD92:E0M1X1
81:CD92:E0M1X1,81:CD95:E0M1X1
81:CD95:E0M1X1,81:CD97:E0M1X1
81:CD97:E0M1X1,81:CD9A:E0M1X1
81:CD9A:E0M1X1,81:CD9C:E0M1X1
81:CD9C:E0M1X1,81:CD9F:E0M1X1
81:CD9F:E0M1X1,81:CDA2:E0M1X1
81:CDA2:E0M1X1,81:CDA5:E0M1X1
81:CDA5:E0M1X1,81:CB49:E0M1X1
81:CDA6:E0M1X1,81:CDA9:E0M1X1
81:CDA9:E0M1X1,81:CDAC:E0M1X1
81:CDAC:E0M1X1,81:CDAF:E0M1X1
81:CDAF:E0M1X1,81:CDB2:E0M1X1
81:CDB2:E0M1X1,81:CDB5:E0M1X1
81:CDB5:E0M1X1,81:CDB6:E0M1X1
81:CDB6:E0M1X1,81:CDB8:E0M1X1
81:CDB8:E0M1X1,81:CDBB:E0M1X1
81:CDBB:E0M1X1,81:CDBE:E0M1X1
81:CDBE:E0M1X1,81:CDBF:E0M1X1
81:CDBF:E0M1X1,81:CDC1:E0M1X1
81:CDC1:E0M1X1,81:CDC4:E0M1X1
81:CDC4:E0M1X1,81:CDC7:E0M1X1
81:CDC7:E0M1X1,81:CDC8:E0M1X1
81:CDC8:E0M1X1,81:CDCA:E0M1X1
81:CDCA:E0M1X1,81:CDCD:E0M1X1
81:CDCD:E0M1X1,81:CDD0:E0M1X1
81:CDD0:E0M1X1,81:CDD3:E0M1X1
81:CDD3:E0M1X1,81:CDD6:E0M1X1
81:CDD6:E0M1X1,81:CDD7:E0M1X1
81:CDD7:E0M1X1,81:CDD9:E0M1X1
81:CDD9:E0M1X1,81:CDDC:E0M1X1
81:CDDC:E0M1X1,81:CDDF:E0M1X1
81:CDDF:E0M1X1,81:CDE0:E0M1X1
81:CDE0:E0M1X1,81:CDE2:E0M1X1
81:CDE2:E0M1X1,81:CDE5:E0M1X1
81:CDE5:E0M1X1,81:CDE8:E0M1X1
81:CDE8:E0M1X1,81:CDE9:E0M1X1
81:CDE9:E0M1X1,81:CDEB:E0M1X1
81:CDEB:E0M1X1,81:CDEE:E0M1X1
81:CDEE:E0M1X1,81:CB49:E0M1X1
81:CDEF:E0M1X1,81:CDF1:E0M1X1
81:CDF1:E0M1X1,81:CDF4:E0M1X1
81:CDF4:E0M1X1,81:CDF7:E0M1X1
81:CDF7:E0M1X1,81:CDFA:E0M1X1
81:CDFA:E0M1X1,81:CDFC:E0M1X1
81:CDFC:E0M1X1,81:CDFF:E0M1X1
81:CDFF:E0M1X1,81:CE02:E0M1X1
81:CE02:E0M1X1,81:CE03:E0M1X1
81:CE03:E0M1X1,81:CE05:E0M1X1
81:CE05:E0M1X1,81:CE08:E0M1X1
81:CE08:E0M1X1,81:CE0B:E0M1X1
81:CE0B:E0M1X1,81:CE0E:E0M1X1
81:CE0E:E0M1X1,81:CE11:E0M1X1
81:CE11:E0M1X1,81:CE13:E0M1X1
81:CE13:E0M1X1,81:CE16:E0M1X1
81:CE16:E0M1X1,81:CE17:E0M1X1
81:CE17:E0M1X1,81:CE18:E0M1X1
81:CE18:E0M1X1,81:CE1A:E0M1X1
81:CE1A:E0M1X1,81:CE1C:E0M1X1
81:CE1A:E0M1X1,81:CE1E:E0M1X1
81:CE1C:E0M1X1,81:CE1E:E0M1X1
81:CE1E:E0M1X1,81:CE1F:E0M1X1
81:CE1F:E0M1X1,81:CE21:E0M1X1
81:CE21:E0M1X1,81:CE24:E0M1X1
81:CE24:E0M1X1,81:CE27:E0M1X1
81:CE27:E0M1X1,81:CE28:E0M1X1
81:CE28:E0M1X1,81:CE2A:E0M1X1
81:CE2A:E0M1X1,81:CE2D:E0M1X1
81:CE2D:E0M1X1,81:CE30:E0M1X1
81:CE30:E0M1X1,81:CE33:E0M1X1
81:CE33:E0M1X1,81:CE35:E0M1X1
81:CE35:E0M1X1,81:CE38:E0M1X1
81:CE38:E0M1X1,81:CE3B:E0M1X1
81:CE3B:E0M1X1,81:CE3D:E0M1X1
81:CE3D:E0M1X1,81:CE3F:E0M1X1
81:CE3D:E0M1X1,81:CE40:E0M1X1
81:CE3F:E0M1X1,81:CB49:E0M1X1
81:CE3F:E0M1X1,81:CE75:E0M1X1
81:CE40:E0M1X1,81:CE43:E0M1X1
81:CE43:E0M1X1,81:CE44:E0M1X1
81:CE44:E0M1X1,81:CE46:E0M1X1
81:CE46:E0M1X1,81:CE48:E0M1X1
81:CE46:E0M1X1,81:CE4A:E0M1X1
81:CE48:E0M1X1,81:CE4A:E0M1X1
81:CE4A:E0M1X1,81:CE4D:E0M1X1
81:CE4D:E0M1X1,81:CB49:E0M1X1
81:CE4D:E0M1X1,81:CE75:E0M1X1
81:CE4E:E0M1X1,81:CE51:E0M1X1
81:CE51:E0M1X1,81:CE53:E0M1X1
81:CE53:E0M1X1,81:CE55:E0M1X1
81:CE53:E0M1X1,81:CE59:E0M1X1
81:CE55:E0M1X1,81:CE58:E0M1X1
81:CE58:E0M1X1,81:CB49:E0M1X1
81:CE59:E0M1X1,81:CE5A:E0M1X1
81:CE5A:E0M1X1,81:CE5D:E0M1X1
81:CE5D:E0M1X1,81:CDFA:E0M1X1
81:CE60:E0M1X1,81:CE63:E0M1X1
81:CE63:E0M1X1,81:CE65:E0M1X1
81:CE65:E0M1X1,81:CE67:E0M1X1
81:CE65:E0M1X1,81:CE6B:E0M1X1
81:CE67:E0M1X1,81:CE6A:E0M1X1
81:CE6A:E0M1X1,81:CB49:E0M1X1
81:CE6B:E0M1X1,81:CE6C:E0M1X1
81:CE6C:E0M1X1,81:CE6F:E0M1X1
81:CE6F:E0M1X1,81:CDEF:E0M1X1
81:CE72:E0M1X1,81:CDEF:E0M1X1
81:CE75:E0M1X1,81:CE78:E0M1X1
81:CE78:E0M1X1,81:CE7A:E0M1X1
81:CE7A:E0M1X1,81:CE7C:E0M1X1
81:CE7A:E0M1X1,81:CE80:E0M1X1
81:CE7C:E0M1X1,81:CE7F:E0M1X1
81:CE7F:E0M1X1,81:CB49:E0M1X1
81:CE80:E0M1X1,81:CE81:E0M1X1
81:CE81:E0M1X1,81:CE84:E0M1X1
81:CE84:E0M1X1,81:CE87:E0M1X1
81:CE87:E0M1X1,81:CE8A:E0M1X1
81:CE8A:E0M1X1,81:CE8D:E0M1X1
81:CE8D:E0M1X1,81:CE90:E0M1X1
81:CE90:E0M1X1,81:CE93:E0M1X1
81:CE93:E0M1X1,81:CB49:E0M1X1
81:CE94:E0M1X1,81:CE97:E0M1X1
81:CE97:E0M1X1,81:CE99:E0M1X1
81:CE99:E0M1X1,81:CE9B:E0M1X1
81:CE99:E0M1X1,81:CE9E:E0M1X1
81:CE9B:E0M1X1,81:CC11:E0M1X1
81:CE9E:E0M1X1,81:CEA0:E0M1X1
81:CEA0:E0M1X1,81:CEA3:E0M1X1
81:CEA3:E0M1X1,81:CEA6:E0M1X1
81:CEA6:E0M1X1,81:CEA9:E0M1X1
81:CEA9:E0M1X1,81:CB49:E0M1X1
81:CEAA:E0M1X1,81:CEAC:E0M0X0
81:CEAC:E0M0X0,81:CEAF:E0M0X0
81:CEAF:E0M0X0,81:CEB2:E0M0X0
81:CEB2:E0M0X0,81:CEB4:E0M0X0
81:CEB2:E0M0X0,81:CEBF:E0M0X0
81:CEB4:E0M0X0,81:CEB7:E0M0X0
81:CEB7:E0M0X0,81:CEBA:E0M0X0
81:CEBA:E0M0X0,81:CEBD:E0M0X0
81:CEBD:E0M0X0,81:CEC8:E0M0X0
81:CEBF:E0M0X0,81:CEC2:E0M0X0
81:CEC2:E0M0X0,81:CEC5:E0M0X0
81:CEC5:E0M0X0,81:CEC8:E0M0X0
81:CEC8:E0M0X0,81:CECB:E0M0X0
81:CECB:E0M0X0,81:CECD:E0M1X1
81:CECD:E0M1X1,81:CED0:E0M1X1
81:CED0:E0M1X1,81:CED3:E0M1X1
81:CED3:E0M1X1,81:CED6:E0M1X1
81:CED6:E0M1X1,81:CED9:E0M1X1
81:CED9:E0M1X1,81:CEDC:E0M1X1
81:CEDC:E0M1X1,81:CEDF:E0M1X1
81:CEDF:E0M1X1,81:CEE2:E0M1X1
81:CEE2:E0M1X1,81:CEE5:E0M1X1
81:CEE5:E0M1X1,81:CBB8:E0M1X1
81:CEE5:E0M1X1,81:CBBE:E0M1X1
81:CEE5:E0M1X1,81:CBC4:E0M1X1
81:CEE6:E0M1X1,81:CEE7:E0M1X1
81:CEE7:E0M1X1,81:CEE8:E0M1X1
81:CEE8:E0M1X1,81:CEE9:E0M1X1
81:CEE9:E0M1X1,81:A0E1:E0M1X1
81:CEEC:E0M1X1,81:9CB6:E0M1X1
81:CEEF:E0M1X1,81:9EDB:E0M1X1
81:CEF2:E0M1X1,81:CEF5:E0M1X1
81:CEF5:E0M1X1,81:CEF7:E0M1X1
81:CEF5:E0M1X1,81:CEFA:E0M1X1
81:CEF7:E0M1X1,81:CB1B:E0M1X1
81:CEFA:E0M1X1,81:CEFC:E0M0X0
81:CEFC:E0M0X0,81:DF01:E0M0X0
81:CEFF:E0M0X0,81:CF01:E0M1X1
81:CF01:E0M1X1,81:CF02:E0M1X1
81:CF02:E0M1X1,80:81E3:E0M1X1
81:CF03:E0M1X1,81:CF04:E0M1X1
81:CF04:E0M1X1,81:CF05:E0M1X1
81:CF05:E0M1X1,81:CF06:E0M1X1
81:CF06:E0M1X1,81:A0E1:E0M1X1
81:CF09:E0M1X1,81:9CB6:E0M1X1
81:CF0C:E0M1X1,81:9EDB:E0M1X1
81:CF0F:E0M1X1,81:CF11:E0M0X0
81:CF11:E0M0X0,81:CF14:E0M0X0
81:CF14:E0M0X0,81:9BFC:E0M0X0
81:CF17:E0M0X0,81:CF19:E0M1X1
81:CF19:E0M1X1,81:CF1C:E0M1X1
81:CF1C:E0M1X1,81:CF1E:E0M1X1
81:CF1C:E0M1X1,81:CF2A:E0M1X1
81:CF1E:E0M1X1,81:CBF6:E0M1X1
81:CF21:E0M1X1,81:CF23:E0M0X0
81:CF23:E0M0X0,81:DF01:E0M0X0
81:CF26:E0M0X0,81:CF28:E0M1X1
81:CF28:E0M1X1,81:CF3D:E0M1X1
81:CF2A:E0M1X1,81:CF2C:E0M1X1
81:CF2C:E0M1X1,81:CF2E:E0M1X1
81:CF2C:E0M1X1,81:CF3A:E0M1X1
81:CF2E:E0M1X1,81:CB1B:E0M1X1
81:CF31:E0M1X1,81:CF33:E0M0X0
81:CF33:E0M0X0,81:DF01:E0M0X0
81:CF36:E0M0X0,81:CF38:E0M1X1
81:CF38:E0M1X1,81:CF3D:E0M1X1
81:CF3A:E0M1X1,81:D8A4:E0M1X1
81:CF3D:E0M1X1,81:CF3E:E0M1X1
81:CF3E:E0M1X1,80:81E8:E0M1X1
81:CF5C:E0M1X1,81:CF5D:E0M1X1
81:CF5D:E0M1X1,81:CF5E:E0M1X1
81:CF5E:E0M1X1,81:CF5F:E0M1X1
81:CF5F:E0M1X1,81:CF6D:E0M1X1
81:CF62:E0M1X1,81:CF63:E0M1X1
81:CF63:E0M1X1,9F:F5B2:E0M1X1
81:CF64:E0M1X1,81:CF67:E0M1X1
81:CF67:E0M1X1,81:CF69:E0M1X1
81:CF67:E0M1X1,81:CF6A:E0M1X1
81:CF69:E0M1X1,81:C6C8:E0M1X1
81:CF6A:E0M1X1,81:D863:E0M1X1
81:CF6D:E0M1X1,81:9C46:E0M1X1
81:CF70:E0M1X1,81:CF72:E0M0X0
81:CF72:E0M0X0,81:CF75:E0M0X0
81:CF75:E0M0X0,81:CF78:E0M0X0
81:CF78:E0M0X0,81:CF7A:E0M1X1
81:CF7A:E0M1X1,81:CF7C:E0M1X1
81:CF7C:E0M1X1,81:9DB1:E0M1X1
81:CF7F:E0M1X1,81:CF82:E0M1X1
81:CF82:E0M1X1,81:CF84:E0M1X1
81:CF84:E0M1X1,81:CF87:E0M1X1
81:CF87:E0M1X1,81:CF89:E0M1X1
81:CF89:E0M1X1,81:CF8C:E0M1X1
81:CF8C:E0M1X1,81:CF8E:E0M1X1
81:CF8E:E0M1X1,81:CF91:E0M1X1
81:CF91:E0M1X1,81:CF93:E0M1X1
81:CF93:E0M1X1,81:CF96:E0M1X1
81:CF96:E0M1X1,81:CF98:E0M1X1
81:CF98:E0M1X1,81:CF9B:E0M1X1
81:CF9B:E0M1X1,81:CF9D:E0M0X0
81:CF9D:E0M0X0,81:CFA0:E0M0X0
81:CFA0:E0M0X0,81:CFA3:E0M0X0
81:CFA3:E0M0X0,80:835B:E0M0X0
81:CFA7:E0M0X0,81:CFAA:E0M0X0
81:CFAA:E0M0X0,81:CFAD:E0M0X0
81:CFAD:E0M0X0,80:82F7:E0M0X0
81:CFB1:E0M0X0,81:CFB4:E0M0X0
81:CFB4:E0M0X0,80:839B:E0M0X0
81:CFB8:E0M0X0,81:CFBB:E0M0X0
81:CFBB:E0M0X0,81:9E50:E0M0X0
81:CFBE:E0M0X0,81:CFC1:E0M0X0
81:CFC1:E0M0X0,81:9E12:E0M0X0
81:CFC4:E0M0X0,81:CFC7:E0M0X0
81:CFC7:E0M0X0,81:CFCA:E0M0X0
81:CFCA:E0M0X0,81:CFCD:E0M0X0
81:CFCD:E0M0X0,81:CFD0:E0M0X0
81:CFD0:E0M0X0,81:CFD3:E0M0X0
81:CFD3:E0M0X0,81:CFD6:E0M0X0
81:CFD6:E0M0X0,81:CFD9:E0M0X0
81:CFD9:E0M0X0,81:CFDC:E0M0X0
81:CFDC:E0M0X0,81:CFDF:E0M0X0
81:CFDF:E0M0X0,81:CFE2:E0M0X0
81:CFE2:E0M0X0,81:CFE5:E0M0X0
81:CFE5:E0M0X0,81:CFE8:E0M0X0
81:CFE8:E0M0X0,81:CFEB:E0M0X0
81:CFEB:E0M0X0,81:CFEE:E0M0X0
81:CFEE:E0M0X0,81:CFF1:E0M0X0
81:CFF1:E0M0X0,81:CFF4:E0M0X0
81:CFF4:E0M0X0,81:CFF7:E0M0X0
81:CFF7:E0M0X0,81:CFFA:E0M0X0
81:CFFA:E0M0X0,81:CFFD:E0M0X0
81:CFFD:E0M0X0,81:D000:E0M0X0
81:D000:E0M0X0,81:D003:E0M0X0
81:D003:E0M0X0,81:D006:E0M0X0
81:D006:E0M0X0,81:D009:E0M0X0
81:D009:E0M0X0,81:D00C:E0M0X0
81:D00C:E0M0X0,81:D00F:E0M0X0
81:D00F:E0M0X0,81:D012:E0M0X0
81:D012:E0M0X0,81:D015:E0M0X0
81:D015:E0M0X0,81:D017:E0M0X0
81:D017:E0M0X0,81:D019:E0M0X0
81:D019:E0M0X0,81:D01B:E0M0X0
81:D01B:E0M0X0,81:D01D:E0M0X0
81:D01D:E0M0X0,81:D01F:E0M0X0
81:D01F:E0M0X0,81:D021:E0M0X0
81:D021:E0M0X0,81:D023:E0M0X0
81:D023:E0M0X0,81:D025:E0M0X0
81:D025:E0M0X0,81:D028:E0M0X0
81:D028:E0M0X0,81:D02B:E0M0X0
81:D02B:E0M0X0,81:D02E:E0M0X0
81:D02E:E0M0X0,81:D031:E0M0X0
81:D031:E0M0X0,81:D034:E0M0X0
81:D034:E0M0X0,81:D036:E0M1X1
81:D036:E0M1X1,81:D038:E0M1X1
81:D038:E0M1X1,81:A02D:E0M1X1
81:D03B:E0M1X1,81:D03D:E0M1X1
81:D03D:E0M1X1,81:D040:E0M1X1
81:D040:E0M1X1,81:D042:E0M1X1
81:D042:E0M1X1,81:D045:E0M1X1
81:D045:E0M1X1,81:D047:E0M1X1
81:D047:E0M1X1,81:D04A:E0M1X1
81:D04A:E0M1X1,81:D04C:E0M1X1
81:D04C:E0M1X1,81:D04F:E0M1X1
81:D04F:E0M1X1,81:D051:E0M1X1
81:D051:E0M1X1,81:D054:E0M1X1
81:D054:E0M1X1,81:D057:E0M1X1
81:D057:E0M1X1,81:D05A:E0M1X1
81:D05A:E0M1X1,81:D05D:E0M1X1
81:D05D:E0M1X1,81:D060:E0M1X1
81:D060:E0M1X1,81:D063:E0M1X1
81:D063:E0M1X1,81:D066:E0M1X1
81:D066:E0M1X1,81:D069:E0M1X1
81:D069:E0M1X1,81:D06B:E0M1X1
81:D06B:E0M1X1,81:D06E:E0M1X1
81:D06E:E0M1X1,81:D071:E0M1X1
81:D071:E0M1X1,81:D074:E0M1X1
81:D074:E0M1X1,81:D077:E0M1X1
81:D077:E0M1X1,81:D079:E0M1X1
81:D079:E0M1X1,81:D798:E0M1X1
81:D07C:E0M1X1,81:9C8C:E0M1X1
81:D07F:E0M1X1,81:9CB6:E0M1X1
81:D082:E0M1X1,81:D085:E0M1X1
81:D085:E0M1X1,81:D657:E0M1X1
81:D088:E0M1X1,80:C2F4:E0M1X1
81:D08C:E0M1X1,80:C066:E0M1X1
81:D090:E0M1X1,81:D093:E0M1X1
81:D093:E0M1X1,81:D095:E0M1X1
81:D095:E0M1X1,81:D098:E0M1X1
81:D098:E0M1X1,81:D09A:E0M1X1
81:D09A:E0M1X1,81:D09D:E0M1X1
81:D09D:E0M1X1,81:D09F:E0M1X1
81:D09F:E0M1X1,80:F948:E0M1X1
81:D0A3:E0M1X1,81:D0A5:E0M1X1
81:D0A5:E0M1X1,80:F957:E0M1X1
81:D0A9:E0M1X1,81:D0AB:E0M1X1
81:D0AB:E0M1X1,80:F926:E0M1X1
81:D0AF:E0M1X1,80:F982:E0M1X1
81:D0B3:E0M1X1,80:A3A0:E0M1X1
81:D0B7:E0M1X1,81:9F5C:E0M1X1
81:D0BA:E0M1X1,81:D0BC:E0M1X1
81:D0BC:E0M1X1,81:D0BF:E0M1X1
81:D0BF:E0M1X1,81:D0C2:E0M1X1
81:D0C2:E0M1X1,81:D32C:E0M1X1
81:D0C5:E0M1X1,81:D850:E0M1X1
81:D0C8:E0M1X1,81:9C8C:E0M1X1
81:D0CB:E0M1X1,81:D0CE:E0M1X1
81:D0CE:E0M1X1,81:D0CB:E0M1X1
81:D0CE:E0M1X1,81:D0D0:E0M1X1
81:D0D0:E0M1X1,81:D0D3:E0M1X1
81:D0D3:E0M1X1,81:D0D5:E0M1X1
81:D0D3:E0M1X1,81:D0DF:E0M1X1
81:D0D5:E0M1X1,81:D0D8:E0M1X1
81:D0D8:E0M1X1,81:D0BF:E0M1X1
81:D0D8:E0M1X1,81:D0DA:E0M1X1
81:D0DA:E0M1X1,81:D0DD:E0M1X1
81:D0DD:E0M1X1,81:D0BF:E0M1X1
81:D0DD:E0M1X1,81:D0DF:E0M1X1
81:D0DF:E0M1X1,81:D0E1:E0M1X1
81:D0E1:E0M1X1,80:F926:E0M1X1
81:D0E5:E0M1X1,80:F982:E0M1X1
81:D0E9:E0M1X1,81:D0EB:E0M1X1
81:D0EB:E0M1X1,81:D0EE:E0M1X1
81:D0EE:E0M1X1,80:A3EA:E0M1X1
81:D0F2:E0M1X1,81:D0F4:E0M1X1
81:D0F4:E0M1X1,81:D0F7:E0M1X1
81:D0F7:E0M1X1,81:D0F9:E0M1X1
81:D0F9:E0M1X1,81:D0FC:E0M1X1
81:D0FC:E0M1X1,81:D0FE:E0M1X1
81:D0FE:E0M1X1,81:D101:E0M1X1
81:D101:E0M1X1,81:D103:E0M1X1
81:D103:E0M1X1,81:D106:E0M1X1
81:D106:E0M1X1,81:C6C8:E0M1X1
81:D106:E0M1X1,81:CF62:E0M1X1
81:D323:E0M1X1,81:D326:E0M1X1
81:D326:E0M1X1,81:D327:E0M1X1
81:D327:E0M1X1,81:D328:E0M1X1
81:D328:E0M1X1,81:D32B:E0M1X1
81:D32B:E0M1X1,81:D334:E0M1X1
81:D32C:E0M1X1,81:D32E:E0M1X1
81:D32E:E0M1X1,81:D331:E0M1X1
81:D331:E0M1X1,81:D323:E0M1X1
81:D334:E0M1X1,81:D0C5:E0M1X1
81:D657:E0M1X1,81:D658:E0M1X1
81:D658:E0M1X1,81:D65A:E0M1X1
81:D65A:E0M1X1,81:D65B:E0M1X1
81:D65B:E0M1X1,81:D65C:E0M1X1
81:D65C:E0M1X1,81:D65E:E0M0X0
81:D65E:E0M0X0,81:D661:E0M0X0
81:D661:E0M0X0,81:D662:E0M0X0
81:D662:E0M0X0,81:D663:E0M0X0
81:D663:E0M0X0,81:D664:E0M0X0
81:D664:E0M0X0,81:D665:E0M0X0
81:D665:E0M0X0,81:D666:E0M0X0
81:D666:E0M0X0,81:D667:E0M0X0
81:D667:E0M0X0,81:D66A:E0M0X0
81:D66A:E0M0X0,81:D66D:E0M0X0
81:D66D:E0M0X0,81:D670:E0M0X0
81:D670:E0M0X0,81:D673:E0M0X0
81:D673:E0M0X0,81:D676:E0M0X0
81:D676:E0M0X0,81:D679:E0M0X0
81:D679:E0M0X0,81:D67C:E0M0X0
81:D67C:E0M0X0,81:D67F:E0M0X0
81:D67F:E0M0X0,81:D682:E0M0X0
81:D682:E0M0X0,81:D685:E0M0X0
81:D685:E0M0X0,81:D688:E0M0X0
81:D688:E0M0X0,81:D68B:E0M0X0
81:D68B:E0M0X0,81:D68E:E0M0X0
81:D68E:E0M0X0,81:D691:E0M0X0
81:D691:E0M0X0,81:D694:E0M0X0
81:D694:E0M0X0,81:D697:E0M0X0
81:D697:E0M0X0,81:D69A:E0M0X0
81:D69A:E0M0X0,81:D69D:E0M0X0
81:D69D:E0M0X0,81:D6A0:E0M0X0
81:D6A0:E0M0X0,81:D6A3:E0M0X0
81:D6A3:E0M0X0,81:D6A6:E0M0X0
81:D6A6:E0M0X0,81:D6A9:E0M0X0
81:D6A9:E0M0X0,81:D6AC:E0M0X0
81:D6AC:E0M0X0,81:D6AF:E0M0X0
81:D6AF:E0M0X0,81:D6B2:E0M0X0
81:D6B2:E0M0X0,81:D6B5:E0M0X0
81:D6B5:E0M0X0,81:D6B8:E0M0X0
81:D6B8:E0M0X0,81:D6BB:E0M0X0
81:D6BB:E0M0X0,81:D6BE:E0M0X0
81:D6BE:E0M0X0,81:D6C1:E0M0X0
81:D6C1:E0M0X0,81:D6C4:E0M0X0
81:D6C4:E0M0X0,81:D6C7:E0M0X0
81:D6C7:E0M0X0,81:D6C9:E0M1X1
81:D6C9:E0M1X1,81:D6CA:E0M1X1
81:D6CA:E0M1X1,81:D088:E0M1X1
81:D6CA:E0M1X1,81:D906:E0M1X1
81:D6CB:E0M1X1,81:D6CE:E0M1X1
81:D6CE:E0M1X1,81:D6D0:E0M1X0
81:D6D0:E0M1X0,81:D6D3:E0M1X0
81:D6D3:E0M1X0,81:D6D6:E0M1X0
81:D6D6:E0M1X0,81:D6D9:E0M1X0
81:D6D9:E0M1X0,81:D6DC:E0M1X0
81:D6DC:E0M1X0,81:D6DF:E0M1X0
81:D6DF:E0M1X0,81:D6E2:E0M1X0
81:D6E2:E0M1X0,81:D6E5:E0M1X0
81:D6E5:E0M1X0,81:D6E8:E0M1X0
81:D6E8:E0M1X0,81:D6EA:E0M1X0
81:D6EA:E0M1X0,81:D6ED:E0M1X0
81:D6ED:E0M1X0,81:D6EF:E0M1X0
81:D6EF:E0M1X0,81:D6F1:E0M0X0
81:D6F1:E0M0X0,81:D6F2:E0M0X0
81:D6F2:E0M0X0,81:D6F3:E0M0X0
81:D6F3:E0M0X0,81:D6F6:E0M0X0
81:D6F6:E0M0X0,81:D6F9:E0M0X0
81:D6F9:E0M0X0,81:D6FB:E0M0X0
81:D6F9:E0M0X0,81:D6FF:E0M0X0
81:D6FB:E0M0X0,81:D6FC:E0M0X0
81:D6FC:E0M0X0,81:D6FF:E0M0X0
81:D6FF:E0M0X0,81:D700:E0M0X0
81:D700:E0M0X0,81:D702:E0M1X0
81:D702:E0M1X0,81:D705:E0M1X0
81:D705:E0M1X0,81:D708:E0M1X0
81:D708:E0M1X0,81:D70B:E0M1X0
81:D70B:E0M1X0,81:D70E:E0M1X0
81:D70E:E0M1X0,81:D711:E0M1X0
81:D711:E0M1X0,81:D714:E0M1X0
81:D714:E0M1X0,81:D717:E0M1X0
81:D717:E0M1X0,81:D719:E0M1X0
81:D719:E0M1X0,81:D71C:E0M1X0
81:D71C:E0M1X0,81:D71E:E0M1X0
81:D71E:E0M1X0,81:D721:E0M1X0
81:D721:E0M1X0,81:D724:E0M1X0
81:D724:E0M1X0,81:D727:E0M1X0
81:D727:E0M1X0,81:D72A:E0M1X0
81:D72A:E0M1X0,81:D72C:E0M1X0
81:D72C:E0M1X0,81:D72D:E0M1X0
81:D72D:E0M1X0,81:D730:E0M1X0
81:D730:E0M1X0,81:D733:E0M1X0
81:D733:E0M1X0,81:D736:E0M1X0
81:D736:E0M1X0,81:D738:E0M1X0
81:D738:E0M1X0,81:D73B:E0M1X0
81:D73B:E0M1X0,81:D73D:E0M1X0
81:D73D:E0M1X0,81:D73F:E0M1X0
81:D73F:E0M1X0,81:D742:E0M1X0
81:D742:E0M1X0,81:D745:E0M1X0
81:D745:E0M1X0,81:D748:E0M1X0
81:D748:E0M1X0,81:D74B:E0M1X0
81:D74B:E0M1X0,81:D74E:E0M1X0
81:D74E:E0M1X0,81:D750:E0M1X0
81:D750:E0M1X0,81:D753:E0M1X0
81:D753:E0M1X0,81:D755:E0M1X0
81:D755:E0M1X0,81:D758:E0M1X0
81:D758:E0M1X0,81:D75A:E0M1X0
81:D75A:E0M1X0,81:D75D:E0M1X0
81:D75D:E0M1X0,81:D75F:E0M1X0
81:D75F:E0M1X0,81:D762:E0M1X0
81:D762:E0M1X0,81:D764:E0M1X0
81:D764:E0M1X0,81:D767:E0M1X0
81:D767:E0M1X0,81:D769:E0M1X0
81:D769:E0M1X0,81:D76C:E0M1X0
81:D76C:E0M1X0,81:D76E:E0M1X0
81:D76E:E0M1X0,81:D771:E0M1X0
81:D771:E0M1X0,81:D773:E0M1X0
81:D773:E0M1X0,81:D776:E0M1X0
81:D776:E0M1X0,81:D779:E0M1X0
81:D779:E0M1X0,81:D77A:E0M1X0
81:D77A:E0M1X0,81:D77D:E0M1X0
81:D77D:E0M1X0,81:D77F:E0M1X0
81:D77D:E0M1X0,81:D782:E0M1X0
81:D77F:E0M1X0,81:D782:E0M1X0
81:D782:E0M1X0,81:D785:E0M1X0
81:D785:E0M1X0,81:D787:E0M1X1
81:D787:E0M1X1,81:AB16:E0M1X1
81:D787:E0M1X1,81:D78B:E0M1X1
81:D788:E0M1X1,81:D6CB:E0M1X1
81:D78B:E0M1X1,81:D78E:E0M1X1
81:D78E:E0M1X1,81:D791:E0M1X1
81:D791:E0M1X1,81:D794:E0M1X1
81:D794:E0M1X1,81:D797:E0M1X1
81:D797:E0M1X1,81:D8ED:E0M1X1
81:D798:E0M1X1,81:D79A:E0M1X1
81:D79A:E0M1X1,81:D79C:E0M1X1
81:D79C:E0M1X1,81:D79E:E0M1X1
81:D79E:E0M1X1,81:D7A0:E0M1X1
81:D7A0:E0M1X1,81:D7A3:E0M1X1
81:D7A3:E0M1X1,81:D7A5:E0M1X1
81:D7A3:E0M1X1,81:D805:E0M1X1
81:D7A5:E0M1X1,81:D7A6:E0M1X1
81:D7A6:E0M1X1,81:D7A7:E0M1X1
81:D7A7:E0M1X1,81:D7A9:E0M0X1
81:D7A9:E0M0X1,81:D7AC:E0M0X1
81:D7AC:E0M0X1,81:D7AD:E0M0X1
81:D7AD:E0M0X1,81:D7B0:E0M0X1
81:D7B0:E0M0X1,81:D7B3:E0M0X1
81:D7B3:E0M0X1,81:D7B5:E0M1X1
81:D7B5:E0M1X1,81:D7B8:E0M1X1
81:D7B8:E0M1X1,81:D7BA:E0M1X1
81:D7BA:E0M1X1,81:D7BC:E0M0X1
81:D7BC:E0M0X1,81:D7BF:E0M0X1
81:D7BF:E0M0X1,81:D7C0:E0M0X1
81:D7C0:E0M0X1,81:D7C3:E0M0X1
81:D7C3:E0M0X1,81:D7C6:E0M0X1
81:D7C6:E0M0X1,81:D7C8:E0M1X1
81:D7C8:E0M1X1,81:D7CB:E0M1X1
81:D7CB:E0M1X1,81:D7CE:E0M1X1
81:D7CE:E0M1X1,81:D7D0:E0M1X1
81:D7D0:E0M1X1,81:D7D1:E0M1X1
81:D7D1:E0M1X1,81:D7D4:E0M1X1
81:D7D4:E0M1X1,81:D7D6:E0M1X1
81:D7D6:E0M1X1,81:D7D7:E0M1X1
81:D7D7:E0M1X1,81:D7DA:E0M1X1
81:D7DA:E0M1X1,81:D7DB:E0M1X1
81:D7DB:E0M1X1,81:D7DD:E0M1X1
81:D7DD:E0M1X1,81:D7E0:E0M1X1
81:D7E0:E0M1X1,81:D7E1:E0M1X1
81:D7E1:E0M1X1,81:D7E2:E0M1X1
81:D7E2:E0M1X1,81:D7E5:E0M1X1
81:D7E5:E0M1X1,81:D7E6:E0M1X1
81:D7E6:E0M1X1,81:D7E9:E0M1X1
81:D7E9:E0M1X1,81:D7EC:E0M1X1
81:D7EC:E0M1X1,81:D7ED:E0M1X1
81:D7ED:E0M1X1,81:D7EE:E0M1X1
81:D7EE:E0M1X1,81:D7F1:E0M1X1
81:D7F1:E0M1X1,81:D7F2:E0M1X1
81:D7F2:E0M1X1,81:D7F4:E0M1X1
81:D7F4:E0M1X1,81:D7F7:E0M1X1
81:D7F7:E0M1X1,81:D7F8:E0M1X1
81:D7F8:E0M1X1,81:D7FA:E0M1X1
81:D7FA:E0M1X1,81:D7FD:E0M1X1
81:D7FD:E0M1X1,81:D7FE:E0M1X1
81:D7FE:E0M1X1,81:D800:E0M1X1
81:D800:E0M1X1,81:D7D6:E0M1X1
81:D800:E0M1X1,81:D802:E0M1X1
81:D802:E0M1X1,81:D803:E0M1X1
81:D803:E0M1X1,81:D79E:E0M1X1
81:D805:E0M1X1,81:D07C:E0M1X1
81:D850:E0M1X1,81:D852:E0M0X0
81:D852:E0M0X0,81:D855:E0M0X0
81:D855:E0M0X0,9F:F000:E0M0X0
81:D859:E0M0X0,81:D85C:E0M0X0
81:D85C:E0M0X0,9F:F058:E0M0X0
81:D860:E0M0X0,81:D862:E0M1X1
81:D862:E0M1X1,81:D0C8:E0M1X1
81:D863:E0M1X1,81:D866:E0M1X1
81:D866:E0M1X1,81:D869:E0M1X1
81:D869:E0M1X1,81:D86C:E0M1X1
81:D86C:E0M1X1,81:D86E:E0M1X1
81:D86C:E0M1X1,81:D8A3:E0M1X1
81:D86E:E0M1X1,81:D871:E0M1X1
81:D871:E0M1X1,81:D874:E0M1X1
81:D874:E0M1X1,81:D876:E0M1X1
81:D876:E0M1X1,81:D878:E0M1X1
81:D876:E0M1X1,81:D883:E0M1X1
81:D878:E0M1X1,81:D87B:E0M1X1
81:D87B:E0M1X1,81:D87E:E0M1X1
81:D87E:E0M1X1,81:D880:E0M1X1
81:D87E:E0M1X1,81:D883:E0M1X1
81:D880:E0M1X1,81:D883:E0M1X1
81:D883:E0M1X1,81:D886:E0M1X1
81:D886:E0M1X1,81:D889:E0M1X1
81:D889:E0M1X1,81:D88C:E0M1X1
81:D88C:E0M1X1,81:D88F:E0M1X1
81:D88F:E0M1X1,81:D891:E0M1X1
81:D891:E0M1X1,80:F900:E0M1X1
81:D895:E0M1X1,80:F982:E0M1X1
81:D899:E0M1X1,9F:FCAF:E0M1X1
81:D89D:E0M1X1,81:D89F:E0M1X1
81:D89F:E0M1X1,81:D8A2:E0M1X1
81:D8A2:E0M1X1,81:D8A3:E0M1X1
81:D8A3:E0M1X1,81:CF6D:E0M1X1
81:D8A4:E0M1X1,81:D8A7:E0M1X1
81:D8A7:E0M1X1,81:D8A9:E0M1X1
81:D8A7:E0M1X1,81:D8AE:E0M1X1
81:D8A9:E0M1X1,81:D8B5:E0M1X1
81:D8AC:E0M1X1,81:D8B1:E0M1X1
81:D8AE:E0M1X1,81:D8E7:E0M1X1
81:D8B1:E0M1X1,81:A0E1:E0M1X1
81:D8B4:E0M1X1,81:CF3D:E0M1X1
81:D8B5:E0M1X1,81:D8B7:E0M1X1
81:D8B7:E0M1X1,81:D8BA:E0M1X1
81:D8BA:E0M1X1,81:D8BC:E0M1X1
81:D8BC:E0M1X1,81:D8BF:E0M1X1
81:D8BF:E0M1X1,81:D8C1:E0M1X1
81:D8C1:E0M1X1,81:D8C4:E0M1X1
81:D8C4:E0M1X1,81:D8C6:E0M1X1
81:D8C6:E0M1X1,81:D8C9:E0M1X1
81:D8C9:E0M1X1,81:D8CC:E0M1X1
81:D8CC:E0M1X1,81:D8CF:E0M1X1
81:D8CF:E0M1X1,81:D8D2:E0M1X1
81:D8D2:E0M1X1,81:D8D4:E0M1X1
81:D8D4:E0M1X1,81:D8D7:E0M1X1
81:D8D7:E0M1X1,81:D8D9:E0M1X1
81:D8D9:E0M1X1,81:D8DC:E0M1X1
81:D8DC:E0M1X1,81:9CB6:E0M1X1
81:D8DF:E0M1X1,81:D8E1:E0M0X0
81:D8E1:E0M0X0,81:DF8D:E0M0X0
81:D8E4:E0M0X0,81:D8E6:E0M1X1
81:D8E6:E0M1X1,81:D8AC:E0M1X1
81:D8E7:E0M1X1,81:9EDB:E0M1X1
81:D8EA:E0M1X1,81:D788:E0M1X1
81:D8ED:E0M1X1,81:9CB6:E0M1X1
81:D8F0:E0M1X1,81:D8F3:E0M1X1
81:D8F3:E0M1X1,81:D8F5:E0M1X1
81:D8F3:E0M1X1,81:D90E:E0M1X1
81:D8F5:E0M1X1,81:D8F8:E0M1X1
81:D8F8:E0M1X1,81:D8FB:E0M1X1
81:D8FB:E0M1X1,81:D8FC:E0M1X1
81:D8FC:E0M1X1,81:D8FF:E0M1X1
81:D8FF:E0M1X1,81:D901:E0M1X1
81:D8FF:E0M1X1,81:D903:E0M1X1
81:D901:E0M1X1,81:D903:E0M1X1
81:D903:E0M1X1,81:D657:E0M1X1
81:D906:E0M1X1,80:C2F4:E0M1X1
81:D90A:E0M1X1,80:C066:E0M1X1
81:D90E:E0M1X1,81:D910:E0M0X1
81:D910:E0M0X1,81:D913:E0M0X1
81:D913:E0M0X1,81:D915:E0M1X1
81:D915:E0M1X1,81:D8B1:E0M1X1
81:DC76:E0M0X0,81:DC79:E0M0X0
81:DC79:E0M0X0,81:DC7A:E0M0X0
81:DC7A:E0M0X0,81:DC7D:E0M0X0
81:DC7D:E0M0X0,81:DC7E:E0M0X0
81:DC7E:E0M0X0,81:DC81:E0M0X0
81:DC81:E0M0X0,81:DC82:E0M0X0
81:DC82:E0M0X0,81:DC85:E0M0X0
81:DC85:E0M0X0,81:DC86:E0M0X0
81:DC86:E0M0X0,81:DC89:E0M0X0
81:DC89:E0M0X0,81:DC8A:E0M0X0
81:DC8A:E0M0X0,81:DC8D:E0M0X0
81:DC8D:E0M0X0,81:DC8E:E0M0X0
81:DC8E:E0M0X0,81:DC91:E0M0X0
81:DC91:E0M0X0,81:DC92:E0M0X0
81:DC92:E0M0X0,81:DCB3:E0M0X0
81:DC95:E0M0X0,81:DC97:E0M0X0
81:DC97:E0M0X0,81:DC99:E0M0X0
81:DC99:E0M0X0,81:DC9B:E0M0X0
81:DC9B:E0M0X0,81:DC9D:E0M0X0
81:DC9D:E0M0X0,81:DCA0:E0M0X0
81:DCA0:E0M0X0,81:DCA1:E0M0X0
81:DCA1:E0M0X0,81:DCA4:E0M0X0
81:DCA4:E0M0X0,81:DCA5:E0M0X0
81:DCA5:E0M0X0,81:DCA7:E0M0X0
81:DCA7:E0M0X0,81:DCA8:E0M0X0
81:DCA8:E0M0X0,81:DCAA:E0M0X0
81:DCAA:E0M0X0,81:DCAB:E0M0X0
81:DCAB:E0M0X0,81:DCAD:E0M0X0
81:DCAD:E0M0X0,81:DCAE:E0M0X0
81:DCAE:E0M0X0,81:DCB0:E0M0X0
81:DCB0:E0M0X0,81:DCB1:E0M0X0
81:DCB1:E0M0X0,81:DCC6:E0M0X0
81:DCB3:E0M0X0,81:DCB5:E0M0X0
81:DCB5:E0M0X0,81:DCB7:E0M0X0
81:DCB7:E0M0X0,81:DCB9:E0M0X0
81:DCB9:E0M0X0,81:DD2A:E0M0X0
81:DCBC:E0M0X0,81:DCBD:E0M0X0
81:DCBD:E0M0X0,81:DCC0:E0M0X0
81:DCC0:E0M0X0,81:DD46:E0M0X0
81:DCC3:E0M0X0,81:DD33:E0M0X0
81:DCC6:E0M0X0,81:DCC7:E0M0X0
81:DCC7:E0M0X0,81:DCCA:E0M0X0
81:DCCA:E0M0X0,81:DCCB:E0M0X0
81:DCCB:E0M0X0,81:DCCC:E0M0X0
81:DCCC:E0M0X0,81:DCCD:E0M0X0
81:DCCD:E0M0X0,81:DCCE:E0M0X0
81:DCCE:E0M0X0,81:DD46:E0M0X0
81:DCD1:E0M0X0,81:DCD2:E0M0X0
81:DCD2:E0M0X0,81:DCD5:E0M0X0
81:DCD5:E0M0X0,81:DD46:E0M0X0
81:DCD8:E0M0X0,81:DCD9:E0M0X0
81:DCD9:E0M0X0,81:DCDC:E0M0X0
81:DCDC:E0M0X0,81:DCDD:E0M0X0
81:DCDD:E0M0X0,81:DCDE:E0M0X0
81:DCDE:E0M0X0,81:DCDF:E0M0X0
81:DCDF:E0M0X0,81:DCE0:E0M0X0
81:DCE0:E0M0X0,81:DD46:E0M0X0
81:DCE3:E0M0X0,81:DD33:E0M0X0
81:DCE6:E0M0X0,81:DCE7:E0M0X0
81:DCE7:E0M0X0,81:DCEA:E0M0X0
81:DCEA:E0M0X0,81:DD46:E0M0X0
81:DCED:E0M0X0,81:DCEE:E0M0X0
81:DCEE:E0M0X0,81:DCF1:E0M0X0
81:DCF1:E0M0X0,81:DCF2:E0M0X0
81:DCF2:E0M0X0,81:DCF3:E0M0X0
81:DCF3:E0M0X0,81:DCF4:E0M0X0
81:DCF4:E0M0X0,81:DCF5:E0M0X0
81:DCF5:E0M0X0,81:DD46:E0M0X0
81:DCF8:E0M0X0,81:DCF9:E0M0X0
81:DCF9:E0M0X0,81:DCFC:E0M0X0
81:DCFC:E0M0X0,81:DD46:E0M0X0
81:DCFF:E0M0X0,81:DD01:E0M0X0
81:DD01:E0M0X0,81:DD03:E0M0X0
81:DD01:E0M0X0,81:DD11:E0M0X0
81:DD03:E0M0X0,81:DD06:E0M0X0
81:DD06:E0M0X0,81:DD08:E0M0X0
81:DD08:E0M0X0,81:DD0A:E0M0X0
81:DD0A:E0M0X0,81:DDDF:E0M0X0
81:DD0D:E0M0X0,81:DD0F:E0M0X0
81:DD0F:E0M0X0,81:DD11:E0M0X0
81:DD11:E0M0X0,81:DD13:E0M0X0
81:DD13:E0M0X0,81:DD16:E0M0X0
81:DD16:E0M0X0,81:DD18:E0M0X0
81:DD16:E0M0X0,81:DD29:E0M0X0
81:DD18:E0M0X0,81:DD19:E0M0X0
81:DD19:E0M0X0,81:DD1B:E0M0X0
81:DD1B:E0M0X0,81:DD1E:E0M0X0
81:DD1E:E0M0X0,81:DD20:E0M0X0
81:DD20:E0M0X0,81:DD22:E0M0X0
81:DD22:E0M0X0,81:DDDF:E0M0X0
81:DD25:E0M0X0,81:DD27:E0M0X0
81:DD27:E0M0X0,81:DD11:E0M0X0
81:DD29:E0M0X0,81:9024:E0M0X0
81:DD29:E0M0X0,81:902A:E0M0X0
81:DD29:E0M0X0,81:945B:E0M0X0
81:DD29:E0M0X0,81:9687:E0M0X0
81:DD29:E0M0X0,81:97B3:E0M0X0
81:DD29:E0M0X0,81:B0EF:E0M0X0
81:DD29:E0M0X0,81:B150:E0M0X0
81:DD29:E0M0X0,81:B173:E0M0X0
81:DD29:E0M0X0,81:B1DA:E0M0X0
81:DD29:E0M0X0,81:FA60:E0M0X0
81:DD29:E0M0X0,81:FA63:E0M0X0
81:DD29:E0M0X0,81:FA66:E0M0X0
81:DD2A:E0M0X0,81:DD2D:E0M0X0
81:DD2D:E0M0X0,81:DDDF:E0M0X0
81:DD30:E0M0X0,81:DD32:E0M0X0
81:DD32:E0M0X0,81:DCBC:E0M0X0
81:DD33:E0M0X0,81:DD35:E0M0X0
81:DD35:E0M0X0,81:DD37:E0M0X0
81:DD35:E0M0X0,81:DD45:E0M0X0
81:DD37:E0M0X0,81:DD39:E0M0X0
81:DD39:E0M0X0,81:DD3C:E0M0X0
81:DD3C:E0M0X0,81:DD3E:E0M0X0
81:DD3E:E0M0X0,81:DD40:E0M0X0
81:DD40:E0M0X0,81:DDDF:E0M0X0
81:DD43:E0M0X0,81:DD45:E0M0X0
81:DD45:E0M0X0,81:DCC6:E0M0X0
81:DD45:E0M0X0,81:DCE6:E0M0X0
81:DD46:E0M0X0,81:DD47:E0M0X0
81:DD47:E0M0X0,81:DD4A:E0M0X0
81:DD4A:E0M0X0,81:DD4D:E0M0X0
81:DD4D:E0M0X0,81:DD4F:E0M0X0
81:DD4D:E0M0X0,81:DD56:E0M0X0
81:DD4F:E0M0X0,81:DD51:E0M0X0
81:DD51:E0M0X0,81:DD53:E0M0X0
81:DD51:E0M0X0,81:DD61:E0M0X0
81:DD53:E0M0X0,81:DD56:E0M0X0
81:DD56:E0M0X0,81:DD58:E0M0X0
81:DD58:E0M0X0,81:DD5A:E0M0X0
81:DD5A:E0M0X0,81:DD5C:E0M0X0
81:DD5C:E0M0X0,81:DDDF:E0M0X0
81:DD5F:E0M0X0,81:DD61:E0M0X0
81:DD61:E0M0X0,81:DCC3:E0M0X0
81:DD61:E0M0X0,81:DCD1:E0M0X0
81:DD61:E0M0X0,81:DCD8:E0M0X0
81:DD61:E0M0X0,81:DCE3:E0M0X0
81:DD61:E0M0X0,81:DCED:E0M0X0
81:DD61:E0M0X0,81:DCF8:E0M0X0
81:DD61:E0M0X0,81:DCFF:E0M0X0
81:DD62:E0M0X0,81:DD64:E0M0X0
81:DD64:E0M0X0,81:DD65:E0M0X0
81:DD65:E0M0X0,81:DD66:E0M0X0
81:DD66:E0M0X0,81:DD69:E0M0X0
81:DD69:E0M0X0,81:DD6C:E0M0X0
81:DD6C:E0M0X0,81:DD6E:E0M0X0
81:DD6C:E0M0X0,81:DD75:E0M0X0
81:DD6E:E0M0X0,81:DD6F:E0M0X0
81:DD6F:E0M0X0,81:DD72:E0M0X0
81:DD72:E0M0X0,81:DD73:E0M0X0
81:DD73:E0M0X0,81:DD69:E0M0X0
81:DD75:E0M0X0,81:DD77:E0M0X0
81:DD77:E0M0X0,81:DD78:E0M0X0
81:DD78:E0M0X0,81:DD79:E0M0X0
81:DD79:E0M0X0,81:DD7C:E0M0X0
81:DD7C:E0M0X0,81:DD7E:E0M0X0
81:DD7E:E0M0X0,81:DD7F:E0M0X0
81:DD7F:E0M0X0,81:DD82:E0M0X0
81:DD82:E0M0X0,81:DD84:E0M0X0
81:DD82:E0M0X0,81:DD89:E0M0X0
81:DD84:E0M0X0,81:DDDF:E0M0X0
81:DD87:E0M0X0,81:DD89:E0M0X0
81:DD89:E0M0X0,81:DD8B:E0M0X0
81:DD8B:E0M0X0,81:DD8C:E0M0X0
81:DD8C:E0M0X0,81:DD8F:E0M0X0
81:DD8F:E0M0X0,81:DD91:E0M0X0
81:DD91:E0M0X0,81:DD92:E0M0X0
81:DD92:E0M0X0,81:DDDF:E0M0X0
81:DD95:E0M0X0,81:B217:E0M0X0
81:DD96:E0M0X0,81:DD97:E0M0X0
81:DD97:E0M0X0,81:DD98:E0M0X0
81:DD98:E0M0X0,81:DD99:E0M0X0
81:DD99:E0M0X0,81:DD9A:E0M0X0
81:DD9A:E0M0X0,81:DD9B:E0M0X0
81:DD9B:E0M0X0,81:DD9C:E0M0X0
81:DD9C:E0M0X0,81:DD9F:E0M0X0
81:DD9F:E0M0X0,81:DDA2:E0M0X0
81:DDA2:E0M0X0,81:DDA4:E0M0X0
81:DDA2:E0M0X0,81:DDAB:E0M0X0
81:DDA4:E0M0X0,81:DDA5:E0M0X0
81:DDA5:E0M0X0,81:DDA8:E0M0X0
81:DDA8:E0M0X0,81:DDA9:E0M0X0
81:DDA9:E0M0X0,81:DD9F:E0M0X0
81:DDAB:E0M0X0,81:DDAD:E0M0X0
81:DDAD:E0M0X0,81:DDAE:E0M0X0
81:DDAE:E0M0X0,81:DDAF:E0M0X0
81:DDAF:E0M0X0,81:DDB2:E0M0X0
81:DDB2:E0M0X0,81:DDB3:E0M0X0
81:DDB3:E0M0X0,81:DDB4:E0M0X0
81:DDB4:E0M0X0,81:DDB7:E0M0X0
81:DDB7:E0M0X0,81:DDB9:E0M0X0
81:DDB7:E0M0X0,81:DDBC:E0M0X0
81:DDB9:E0M0X0,81:DDDF:E0M0X0
81:DDBC:E0M0X0,81:DDBE:E0M0X0
81:DDBE:E0M0X0,81:DDBF:E0M0X0
81:DDBF:E0M0X0,81:DDC2:E0M0X0
81:DDC2:E0M0X0,81:DDC3:E0M0X0
81:DDC3:E0M0X0,81:DDC4:E0M0X0
81:DDC4:E0M0X0,81:DDDF:E0M0X0
81:DDC7:E0M0X0,81:B1F5:E0M0X0
81:DDC7:E0M0X0,81:B23E:E0M0X0
81:DDC7:E0M0X0,81:B273:E0M0X0
81:DDC7:E0M0X0,81:C7DD:E0M0X0
81:DDC7:E0M0X0,81:C7EE:E0M0X0
81:DDC7:E0M0X0,81:C81C:E0M0X0
81:DDDF:E0M0X0,81:DDE0:E0M0X0
81:DDE0:E0M0X0,81:DDE1:E0M0X0
81:DDE1:E0M0X0,81:DDE2:E0M0X0
81:DDE2:E0M0X0,81:DDE5:E0M0X0
81:DDE5:E0M0X0,81:DDE7:E0M0X0
81:DDE7:E0M0X0,81:DDEA:E0M0X0
81:DDEA:E0M0X0,81:DDEC:E0M0X0
81:DDEC:E0M0X0,81:DDEE:E0M0X0
81:DDEE:E0M0X0,81:DDF1:E0M0X0
81:DDF1:E0M0X0,81:DEDD:E0M0X0
81:DDF4:E0M0X0,81:DDF5:E0M0X0
81:DDF5:E0M0X0,81:DDF6:E0M0X0
81:DDF6:E0M0X0,81:DEB2:E0M0X0
81:DDF9:E0M0X0,81:DDFA:E0M0X0
81:DDFA:E0M0X0,81:DEC1:E0M0X0
81:DDFD:E0M0X0,81:DDFF:E0M0X0
81:DDFF:E0M0X0,81:8D94:E0M0X0
81:DDFF:E0M0X0,81:A5A3:E0M0X0
81:DDFF:E0M0X0,81:AF98:E0M0X0
81:DDFF:E0M0X0,81:B193:E0M0X0
81:DDFF:E0M0X0,81:B1C5:E0M0X0
81:DDFF:E0M0X0,81:B24A:E0M0X0
81:DDFF:E0M0X0,81:B256:E0M0X0
81:DDFF:E0M0X0,81:B27F:E0M0X0
81:DDFF:E0M0X0,81:B94C:E0M0X0
81:DDFF:E0M0X0,81:B963:E0M0X0
81:DDFF:E0M0X0,81:B98D:E0M0X0
81:DDFF:E0M0X0,81:B9A4:E0M0X0
81:DDFF:E0M0X0,81:BA90:E0M0X0
81:DDFF:E0M0X0,81:BAAD:E0M0X0
81:DDFF:E0M0X0,81:BD1F:E0M0X0
81:DDFF:E0M0X0,81:C7FA:E0M0X0
81:DDFF:E0M0X0,81:C806:E0M0X0
81:DDFF:E0M0X0,81:C828:E0M0X0
81:DDFF:E0M0X0,81:C834:E0M0X0
81:DDFF:E0M0X0,81:DD0D:E0M0X0
81:DDFF:E0M0X0,81:DD25:E0M0X0
81:DDFF:E0M0X0,81:DD30:E0M0X0
81:DDFF:E0M0X0,81:DD43:E0M0X0
81:DDFF:E0M0X0,81:DD5F:E0M0X0
81:DDFF:E0M0X0,81:DD87:E0M0X0
81:DDFF:E0M0X0,81:DD95:E0M0X0
81:DDFF:E0M0X0,81:DDBC:E0M0X0
81:DDFF:E0M0X0,81:DDC7:E0M0X0
81:DDFF:E0M0X0,81:FB57:E0M0X0
81:DDFF:E0M0X0,81:FBC1:E0M0X0
81:DE00:E0M0X0,81:DE03:E0M0X0
81:DE03:E0M0X0,81:DE05:E0M0X0
81:DE03:E0M0X0,81:DE18:E0M0X0
81:DE05:E0M0X0,81:DE06:E0M0X0
81:DE06:E0M0X0,81:DE09:E0M0X0
81:DE09:E0M0X0,81:DE0B:E0M0X0
81:DE09:E0M0X0,81:DE18:E0M0X0
81:DE0B:E0M0X0,81:DE0E:E0M0X0
81:DE0E:E0M0X0,81:DE11:E0M0X0
81:DE11:E0M0X0,81:DE14:E0M0X0
81:DE14:E0M0X0,81:DE78:E0M0X0
81:DE18:E0M0X0,81:DE1B:E0M0X0
81:DE1B:E0M0X0,81:DE1D:E0M0X0
81:DE1B:E0M0X0,81:DE30:E0M0X0
81:DE1D:E0M0X0,81:DE1E:E0M0X0
81:DE1E:E0M0X0,81:DE21:E0M0X0
81:DE21:E0M0X0,81:DE23:E0M0X0
81:DE21:E0M0X0,81:DE30:E0M0X0
81:DE23:E0M0X0,81:DE26:E0M0X0
81:DE26:E0M0X0,81:DE29:E0M0X0
81:DE29:E0M0X0,81:DE2C:E0M0X0
81:DE2C:E0M0X0,81:DE78:E0M0X0
81:DE30:E0M0X0,80:BA69:E0M0X0
81:DE30:E0M0X0,80:BA9E:E0M0X0
81:DE30:E0M0X0,80:BADF:E0M0X0
81:DE31:E0M0X0,81:DE33:E0M0X0
81:DE33:E0M0X0,81:DE36:E0M0X0
81:DE36:E0M0X0,81:DE39:E0M0X0
81:DE39:E0M0X0,81:DE3B:E0M0X0
81:DE39:E0M0X0,81:DE77:E0M0X0
81:DE3B:E0M0X0,81:DE3D:E0M0X0
81:DE3D:E0M0X0,81:DE40:E0M0X0
81:DE40:E0M0X0,81:DE42:E0M0X0
81:DE40:E0M0X0,81:DE5D:E0M0X0
81:DE42:E0M0X0,81:DE45:E0M0X0
81:DE45:E0M0X0,81:DE47:E0M0X0
81:DE45:E0M0X0,81:DE77:E0M0X0
81:DE47:E0M0X0,81:DE4A:E0M0X0
81:DE4A:E0M0X0,81:DE4C:E0M0X0
81:DE4A:E0M0X0,81:DE77:E0M0X0
81:DE4C:E0M0X0,81:DE4F:E0M0X0
81:DE4F:E0M0X0,81:DE52:E0M0X0
81:DE52:E0M0X0,81:DE78:E0M0X0
81:DE56:E0M0X0,81:DE59:E0M0X0
81:DE59:E0M0X0,81:DE5C:E0M0X0
81:DE5C:E0M0X0,80:93D3:E0M0X0
81:DE5C:E0M0X0,80:9454:E0M0X0
81:DE5C:E0M0X0,80:94D0:E0M0X0
81:DE5C:E0M0X0,80:9551:E0M0X0
81:DE5C:E0M0X0,80:990E:E0M0X0
81:DE5C:E0M0X0,80:B64B:E0M0X0
81:DE5C:E0M0X0,80:B6EB:E0M0X0
81:DE5C:E0M0X0,80:DDC0:E0M0X0
81:DE5C:E0M0X0,80:DFF3:E0M0X0
81:DE5C:E0M0X0,80:E097:E0M0X0
81:DE5C:E0M0X0,80:E0CF:E0M0X0
81:DE5C:E0M0X0,80:E137:E0M0X0
81:DE5C:E0M0X0,81:80FD:E0M0X0
81:DE5D:E0M0X0,81:DE60:E0M0X0
81:DE60:E0M0X0,81:DE62:E0M0X0
81:DE60:E0M0X0,81:DE77:E0M0X0
81:DE62:E0M0X0,81:DE65:E0M0X0
81:DE65:E0M0X0,81:DE67:E0M0X0
81:DE65:E0M0X0,81:DE77:E0M0X0
81:DE67:E0M0X0,81:DE6A:E0M0X0
81:DE6A:E0M0X0,81:DE6D:E0M0X0
81:DE6D:E0M0X0,81:DE78:E0M0X0
81:DE71:E0M0X0,81:DE74:E0M0X0
81:DE74:E0M0X0,81:DE77:E0M0X0
81:DE77:E0M0X0,80:93D3:E0M0X0
81:DE77:E0M0X0,80:9454:E0M0X0
81:DE77:E0M0X0,80:94D0:E0M0X0
81:DE77:E0M0X0,80:9551:E0M0X0
81:DE77:E0M0X0,80:990E:E0M0X0
81:DE77:E0M0X0,80:B64B:E0M0X0
81:DE77:E0M0X0,80:B6EB:E0M0X0
81:DE77:E0M0X0,80:DDC0:E0M0X0
81:DE77:E0M0X0,80:DFF3:E0M0X0
81:DE77:E0M0X0,80:E097:E0M0X0
81:DE77:E0M0X0,80:E0CF:E0M0X0
81:DE77:E0M0X0,80:E137:E0M0X0
81:DE77:E0M0X0,81:80FD:E0M0X0
81:DE78:E0M0X0,81:DE79:E0M0X0
81:DE79:E0M0X0,81:DE7A:E0M0X0
81:DE7A:E0M0X0,81:DE7B:E0M0X0
81:DE7B:E0M0X0,81:DE80:E0M0X0
81:DE7E:E0M0X0,81:DE7F:E0M0X0
81:DE7F:E0M0X0,81:DE18:E0M0X0
81:DE7F:E0M0X0,81:DE30:E0M0X0
81:DE7F:E0M0X0,81:DE56:E0M0X0
81:DE7F:E0M0X0,81:DE71:E0M0X0
81:DE7F:E0M0X0,9F:FD32:E0M0X0
81:DE7F:E0M0X0,9F:FD45:E0M0X0
81:DE80:E0M0X0,81:DE81:E0M0X0
81:DE81:E0M0X0,81:DE82:E0M0X0
81:DE82:E0M0X0,81:DE83:E0M0X0
81:DE83:E0M0X0,81:DE86:E0M0X0
81:DE86:E0M0X0,81:DE88:E0M0X0
81:DE88:E0M0X0,81:DE8B:E0M0X0
81:DE8B:E0M0X0,81:DE8D:E0M0X0
81:DE8D:E0M0X0,81:DE90:E0M0X0
81:DE90:E0M0X0,81:DE92:E0M0X0
81:DE92:E0M0X0,81:DE93:E0M0X0
81:DE93:E0M0X0,81:DE95:E0M0X0
81:DE95:E0M0X0,81:DE98:E0M0X0
81:DE98:E0M0X0,81:DEB2:E0M0X0
81:DE9B:E0M0X0,81:DE9D:E0M0X0
81:DE9D:E0M0X0,81:DEA0:E0M0X0
81:DEA0:E0M0X0,81:DEA2:E0M0X0
81:DEA0:E0M0X0,81:DEA9:E0M0X0
81:DEA2:E0M0X0,81:DEC1:E0M0X0
81:DEA5:E0M0X0,81:DEA7:E0M0X0
81:DEA7:E0M0X0,81:DE9B:E0M0X0
81:DEA9:E0M0X0,81:DEAC:E0M0X0
81:DEAC:E0M0X0,81:DEC1:E0M0X0
81:DEAF:E0M0X0,81:DEB1:E0M0X0
81:DEB1:E0M0X0,81:8D81:E0M0X0
81:DEB1:E0M0X0,81:8E52:E0M0X0
81:DEB1:E0M0X0,81:8E5E:E0M0X0
81:DEB1:E0M0X0,81:8F55:E0M0X0
81:DEB1:E0M0X0,81:8F68:E0M0X0
81:DEB1:E0M0X0,81:8F81:E0M0X0
81:DEB1:E0M0X0,81:8FB4:E0M0X0
81:DEB1:E0M0X0,81:8FC0:E0M0X0
81:DEB1:E0M0X0,81:8FF1:E0M0X0
81:DEB1:E0M0X0,81:8FFD:E0M0X0
81:DEB1:E0M0X0,81:9024:E0M0X0
81:DEB1:E0M0X0,81:9027:E0M0X0
81:DEB1:E0M0X0,81:902A:E0M0X0
81:DEB1:E0M0X0,81:9036:E0M0X0
81:DEB1:E0M0X0,81:904D:E0M0X0
81:DEB1:E0M0X0,81:9068:E0M0X0
81:DEB1:E0M0X0,81:9096:E0M0X0
81:DEB1:E0M0X0,81:9452:E0M0X0
81:DEB1:E0M0X0,81:9467:E0M0X0
81:DEB1:E0M0X0,81:95CB:E0M0X0
81:DEB1:E0M0X0,81:95E0:E0M0X0
81:DEB1:E0M0X0,81:9652:E0M0X0
81:DEB1:E0M0X0,81:9682:E0M0X0
81:DEB1:E0M0X0,81:969F:E0M0X0
81:DEB1:E0M0X0,81:9799:E0M0X0
81:DEB1:E0M0X0,81:97A5:E0M0X0
81:DEB1:E0M0X0,81:A593:E0M0X0
81:DEB1:E0M0X0,81:A832:E0M0X0
81:DEB1:E0M0X0,81:A84A:E0M0X0
81:DEB1:E0M0X0,81:AD49:E0M0X0
81:DEB1:E0M0X0,81:AFA7:E0M0X0
81:DEB1:E0M0X0,81:B009:E0M0X0
81:DEB1:E0M0X0,81:B125:E0M0X0
81:DEB1:E0M0X0,81:B138:E0M0X0
81:DEB1:E0M0X0,81:B144:E0M0X0
81:DEB1:E0M0X0,81:B167:E0M0X0
81:DEB1:E0M0X0,81:B180:E0M0X0
81:DEB1:E0M0X0,81:B1A6:E0M0X0
81:DEB1:E0M0X0,81:B1B2:E0M0X0
81:DEB1:E0M0X0,81:B1D1:E0M0X0
81:DEB1:E0M0X0,81:B1E6:E0M0X0
81:DEB1:E0M0X0,81:B201:E0M0X0
81:DEB1:E0M0X0,81:B223:E0M0X0
81:DEB1:E0M0X0,81:B22F:E0M0X0
81:DEB1:E0M0X0,81:B262:E0M0X0
81:DEB1:E0M0X0,81:B740:E0M0X0
81:DEB1:E0M0X0,81:B743:E0M0X0
81:DEB1:E0M0X0,81:B8B1:E0M0X0
81:DEB1:E0M0X0,81:B8DA:E0M0X0
81:DEB1:E0M0X0,81:B8F0:E0M0X0
81:DEB1:E0M0X0,81:B923:E0M0X0
81:DEB1:E0M0X0,81:B934:E0M0X0
81:DEB1:E0M0X0,81:B940:E0M0X0
81:DEB1:E0M0X0,81:B981:E0M0X0
81:DEB1:E0M0X0,81:BA78:E0M0X0
81:DEB1:E0M0X0,81:BA84:E0M0X0
81:DEB1:E0M0X0,81:BAA1:E0M0X0
81:DEB1:E0M0X0,81:BAB9:E0M0X0
81:DEB1:E0M0X0,81:BC5F:E0M0X0
81:DEB1:E0M0X0,81:BD01:E0M0X0
81:DEB1:E0M0X0,81:C6EC:E0M0X0
81:DEB1:E0M0X0,81:C70C:E0M0X0
81:DEB1:E0M0X0,81:C71B:E0M0X0
81:DEB1:E0M0X0,81:C72C:E0M0X0
81:DEB1:E0M0X0,81:C738:E0M0X0
81:DEB1:E0M0X0,81:C7B1:E0M0X0
81:DEB1:E0M0X0,81:C7BD:E0M0X0
81:DEB1:E0M0X0,81:C7CE:E0M0X0
81:DEB1:E0M0X0,81:C899:E0M0X0
81:DEB1:E0M0X0,81:C8A5:E0M0X0
81:DEB1:E0M0X0,81:C9BA:E0M0X0
81:DEB1:E0M0X0,81:CA77:E0M0X0
81:DEB1:E0M0X0,81:CA83:E0M0X0
81:DEB1:E0M0X0,81:CAB6:E0M0X0
81:DEB1:E0M0X0,81:CAC2:E0M0X0
81:DEB1:E0M0X0,81:CAD0:E0M0X0
81:DEB1:E0M0X0,81:CADC:E0M0X0
81:DEB1:E0M0X0,81:CAEF:E0M0X0
81:DEB1:E0M0X0,81:CAFB:E0M0X0
81:DEB1:E0M0X0,81:DE7E:E0M0X0
81:DEB1:E0M0X0,81:FA45:E0M0X0
81:DEB1:E0M0X0,81:FA51:E0M0X0
81:DEB1:E0M0X0,81:FA5D:E0M0X0
81:DEB1:E0M0X0,81:FA8A:E0M0X0
81:DEB1:E0M0X0,81:FA93:E0M0X0
81:DEB1:E0M0X0,81:FB5F:E0M0X0
81:DEB1:E0M0X0,81:FB6F:E0M0X0
81:DEB1:E0M0X0,81:FBC9:E0M0X0
81:DEB1:E0M0X0,81:FBD9:E0M0X0
81:DEB1:E0M0X0,81:FC2A:E0M0X0
81:DEB1:E0M0X0,81:FC6C:E0M0X0
81:DEB1:E0M0X0,81:FCAA:E0M0X0
81:DEB2:E0M0X0,81:DEB4:E0M0X0
81:DEB4:E0M0X0,81:DEB5:E0M0X0
81:DEB5:E0M0X0,81:DEB6:E0M0X0
81:DEB6:E0M0X0,81:DEB7:E0M0X0
81:DEB7:E0M0X0,81:DEB8:E0M0X0
81:DEB8:E0M0X0,81:DEB9:E0M0X0
81:DEB9:E0M0X0,81:DEBB:E0M0X0
81:DEBB:E0M0X0,81:DEBE:E0M0X0
81:DEBE:E0M0X0,81:DEDD:E0M0X0
81:DEC1:E0M0X0,81:DEC4:E0M0X0
81:DEC4:E0M0X0,81:DEC7:E0M0X0
81:DEC7:E0M0X0,81:DEC9:E0M0X0
81:DEC7:E0M0X0,81:DECD:E0M0X0
81:DEC9:E0M0X0,81:DECA:E0M0X0
81:DECA:E0M0X0,81:DECD:E0M0X0
81:DECD:E0M0X0,81:DECF:E0M1X0
81:DECF:E0M1X0,81:DED1:E0M1X0
81:DED1:E0M1X0,81:DED3:E0M0X0
81:DED3:E0M0X0,81:DED4:E0M0X0
81:DED4:E0M0X0,81:DED7:E0M0X0
81:DED7:E0M0X0,81:DED9:E0M0X0
81:DED7:E0M0X0,81:DEDC:E0M0X0
81:DED9:E0M0X0,81:DEDC:E0M0X0
81:DEDC:E0M0X0,81:DDFD:E0M0X0
81:DEDC:E0M0X0,81:DEA5:E0M0X0
81:DEDC:E0M0X0,81:DEAF:E0M0X0
81:DEDD:E0M0X0,81:DEDF:E0M1X0
81:DEDF:E0M1X0,81:DEE1:E0M1X0
81:DEE1:E0M1X0,81:DEE2:E0M1X0
81:DEE2:E0M1X0,81:DEE5:E0M1X0
81:DEE5:E0M1X0,81:DEE7:E0M1X0
81:DEE5:E0M1X0,81:DEEA:E0M1X0
81:DEE7:E0M1X0,81:DEEA:E0M1X0
81:DEEA:E0M1X0,81:DEEB:E0M1X0
81:DEEB:E0M1X0,81:DEED:E0M1X0
81:DEED:E0M1X0,81:DEEE:E0M1X0
81:DEEE:E0M1X0,81:DEF1:E0M1X0
81:DEF1:E0M1X0,81:DEF3:E0M1X0
81:DEF1:E0M1X0,81:DEF6:E0M1X0
81:DEF3:E0M1X0,81:DEF6:E0M1X0
81:DEF6:E0M1X0,81:DEF8:E0M0X0
81:DEF8:E0M0X0,81:DDF4:E0M0X0
81:DEF8:E0M0X0,81:DDF9:E0M0X0
81:DEF8:E0M0X0,81:DE9B:E0M0X0
81:DEF9:E0M0X0,81:DEFA:E0M0X0
81:DEFA:E0M0X0,81:DEFB:E0M0X0
81:DEFB:E0M0X0,81:DEFC:E0M0X0
81:DEFC:E0M0X0,81:DF01:E0M0X0
81:DEFF:E0M0X0,81:DF00:E0M0X0
81:DF00:E0M0X0,80:BE28:E0M0X0
81:DF00:E0M0X0,80:BE42:E0M0X0
81:DF00:E0M0X0,80:BE70:E0M0X0
81:DF01:E0M0X0,81:DF03:E0M0X0
81:DF03:E0M0X0,81:DF05:E0M0X0
81:DF05:E0M0X0,81:DF07:E0M0X0
81:DF05:E0M0X0,81:DF09:E0M0X0
81:DF07:E0M0X0,81:DF08:E0M0X0
81:DF08:E0M0X0,81:91CE:E0M0X0
81:DF08:E0M0X0,81:9A5F:E0M0X0
81:DF08:E0M0X0,81:ABB9:E0M0X0
81:DF08:E0M0X0,81:B58B:E0M0X0
81:DF08:E0M0X0,81:C2A1:E0M0X0
81:DF08:E0M0X0,81:CEFF:E0M0X0
81:DF08:E0M0X0,81:CF26:E0M0X0
81:DF08:E0M0X0,81:CF36:E0M0X0
81:DF08:E0M0X0,81:DEFF:E0M0X0
81:DF08:E0M0X0,81:DF96:E0M0X0
81:DF09:E0M0X0,81:DF0C:E0M0X0
81:DF0C:E0M0X0,81:DF0F:E0M0X0
81:DF0F:E0M0X0,81:DF12:E0M0X0
81:DF12:E0M0X0,81:DF14:E0M0X0
81:DF14:E0M0X0,81:DF17:E0M0X0
81:DF17:E0M0X0,81:DF19:E0M0X0
81:DF19:E0M0X0,81:DF99:E0M0X0
81:DF1C:E0M0X0,81:DF1F:E0M0X0
81:DF1F:E0M0X0,81:DF21:E0M0X0
81:DF1F:E0M0X0,81:DF60:E0M0X0
81:DF21:E0M0X0,81:DF23:E0M0X0
81:DF23:E0M0X0,81:DF26:E0M0X0
81:DF26:E0M0X0,81:DF28:E0M0X0
81:DF28:E0M0X0,81:DF2B:E0M0X0
81:DF2B:E0M0X0,81:DF2E:E0M0X0
81:DF2E:E0M0X0,81:DF30:E0M0X0
81:DF2E:E0M0X0,81:DF53:E0M0X0
81:DF30:E0M0X0,81:DF33:E0M0X0
81:DF33:E0M0X0,81:DF35:E0M0X0
81:DF33:E0M0X0,81:DF42:E0M0X0
81:DF35:E0M0X0,81:DF37:E0M0X0
81:DF37:E0M0X0,81:DF38:E0M0X0
81:DF38:E0M0X0,81:DF3B:E0M0X0
81:DF3B:E0M0X0,81:DF3D:E0M0X0
81:DF3D:E0M0X0,81:DF40:E0M0X0
81:DF40:E0M0X0,81:DF48:E0M0X0
81:DF42:E0M0X0,81:DF45:E0M0X0
81:DF45:E0M0X0,81:DF48:E0M0X0
81:DF48:E0M0X0,81:DF49:E0M0X0
81:DF49:E0M0X0,81:DF4C:E0M0X0
81:DF4C:E0M0X0,81:DF26:E0M0X0
81:DF4C:E0M0X0,81:DF4E:E0M0X0
81:DF4E:E0M0X0,81:DF51:E0M0X0
81:DF51:E0M0X0,81:DF26:E0M0X0
81:DF53:E0M0X0,81:DF54:E0M0X0
81:DF54:E0M0X0,81:DF57:E0M0X0
81:DF57:E0M0X0,81:DF59:E0M0X0
81:DF57:E0M0X0,81:DF5C:E0M0X0
81:DF59:E0M0X0,81:DF5C:E0M0X0
81:DF5C:E0M0X0,81:DF5E:E0M0X0
81:DF5E:E0M0X0,81:DF5F:E0M0X0
81:DF5F:E0M0X0,81:91CE:E0M0X0
81:DF5F:E0M0X0,81:9A5F:E0M0X0
81:DF5F:E0M0X0,81:ABB9:E0M0X0
81:DF5F:E0M0X0,81:B58B:E0M0X0
81:DF5F:E0M0X0,81:C2A1:E0M0X0
81:DF5F:E0M0X0,81:CEFF:E0M0X0
81:DF5F:E0M0X0,81:CF26:E0M0X0
81:DF5F:E0M0X0,81:CF36:E0M0X0
81:DF5F:E0M0X0,81:DEFF:E0M0X0
81:DF5F:E0M0X0,81:DF96:E0M0X0
81:DF60:E0M0X0,81:DF63:E0M0X0
81:DF63:E0M0X0,81:DF66:E0M0X0
81:DF66:E0M0X0,81:DF99:E0M0X0
81:DF69:E0M0X0,81:DF6C:E0M0X0
81:DF6C:E0M0X0,81:DF6E:E0M0X0
81:DF6E:E0M0X0,81:DF71:E0M0X0
81:DF71:E0M0X0,81:DF74:E0M0X0
81:DF74:E0M0X0,81:DF77:E0M0X0
81:DF77:E0M0X0,81:DF78:E0M0X0
81:DF78:E0M0X0,81:DF7B:E0M0X0
81:DF7B:E0M0X0,81:DF7D:E0M0X0
81:DF7B:E0M0X0,81:DF80:E0M0X0
81:DF7D:E0M0X0,81:DF80:E0M0X0
81:DF80:E0M0X0,81:DF82:E0M0X0
81:DF82:E0M0X0,81:DF01:E0M0X0
81:DF85:E0M0X0,81:DF86:E0M0X0
81:DF86:E0M0X0,81:DF87:E0M0X0
81:DF87:E0M0X0,81:DF88:E0M0X0
81:DF88:E0M0X0,81:DF8D:E0M0X0
81:DF8B:E0M0X0,81:DF8C:E0M0X0
81:DF8C:E0M0X0,9F:FC37:E0M0X0
81:DF8D:E0M0X0,81:DF8F:E0M0X0
81:DF8F:E0M0X0,81:DF91:E0M0X0
81:DF91:E0M0X0,81:DF93:E0M0X0
81:DF91:E0M0X0,81:DF98:E0M0X0
81:DF93:E0M0X0,81:DF01:E0M0X0
81:DF96:E0M0X0,81:DF8D:E0M0X0
81:DF98:E0M0X0,81:8D97:E0M0X0
81:DF98:E0M0X0,81:946A:E0M0X0
81:DF98:E0M0X0,81:AD4C:E0M0X0
81:DF98:E0M0X0,81:AFAD:E0M0X0
81:DF98:E0M0X0,81:B749:E0M0X0
81:DF98:E0M0X0,81:B9EB:E0M0X0
81:DF98:E0M0X0,81:BAFB:E0M0X0
81:DF98:E0M0X0,81:C837:E0M0X0
81:DF98:E0M0X0,81:D8E4:E0M0X0
81:DF98:E0M0X0,81:DF8B:E0M0X0
81:DF98:E0M0X0,81:F918:E0M0X0
81:DF99:E0M0X0,81:DF9B:E0M1X0
81:DF9B:E0M1X0,81:DF9D:E0M1X0
81:DF9D:E0M1X0,81:DF9E:E0M1X0
81:DF9E:E0M1X0,81:DF9F:E0M1X0
81:DF9F:E0M1X0,81:DFA2:E0M1X0
81:DFA2:E0M1X0,81:DFA4:E0M1X0
81:DFA2:E0M1X0,81:DFA7:E0M1X0
81:DFA4:E0M1X0,81:DFA7:E0M1X0
81:DFA7:E0M1X0,81:DFA9:E0M1X0
81:DFA9:E0M1X0,81:DFAA:E0M1X0
81:DFAA:E0M1X0,81:DFAB:E0M1X0
81:DFAB:E0M1X0,81:DFAE:E0M1X0
81:DFAE:E0M1X0,81:DFB0:E0M1X0
81:DFAE:E0M1X0,81:DFB3:E0M1X0
81:DFB0:E0M1X0,81:DFB3:E0M1X0
81:DFB3:E0M1X0,81:DFB5:E0M0X0
81:DFB5:E0M0X0,81:DF1C:E0M0X0
81:DFB5:E0M0X0,81:DF69:E0M0X0
81:F454:E0M1X1,80:A415:E0M1X1
81:F458:E0M1X1,81:9C46:E0M1X1
81:F45B:E0M1X1,81:F45D:E0M1X1
81:F45D:E0M1X1,81:9DB1:E0M1X1
81:F460:E0M1X1,81:F462:E0M1X1
81:F462:E0M1X1,81:F466:E0M1X1
81:F466:E0M1X1,81:F46A:E0M1X1
81:F46A:E0M1X1,81:F46C:E0M1X1
81:F46C:E0M1X1,81:F46F:E0M1X1
81:F46F:E0M1X1,81:F471:E0M1X1
81:F471:E0M1X1,81:F474:E0M1X1
81:F474:E0M1X1,81:F476:E0M1X1
81:F476:E0M1X1,81:F479:E0M1X1
81:F479:E0M1X1,81:F47B:E0M1X1
81:F47B:E0M1X1,81:F47E:E0M1X1
81:F47E:E0M1X1,81:F481:E0M1X1
81:F481:E0M1X1,81:F483:E0M1X1
81:F481:E0M1X1,81:F493:E0M1X1
81:F483:E0M1X1,81:F485:E0M0X0
81:F485:E0M0X0,81:F488:E0M0X0
81:F488:E0M0X0,81:F48B:E0M0X0
81:F48B:E0M0X0,81:F48E:E0M0X0
81:F48E:E0M0X0,81:9D72:E0M0X0
81:F491:E0M0X0,81:F493:E0M1X1
81:F493:E0M1X1,81:F495:E0M0X0
81:F495:E0M0X0,81:F498:E0M0X0
81:F498:E0M0X0,81:9E50:E0M0X0
81:F49B:E0M0X0,81:F49E:E0M0X0
81:F49E:E0M0X0,81:9E12:E0M0X0
81:F4A1:E0M0X0,81:F4A3:E0M1X1
81:F4A3:E0M1X1,81:F4A6:E0M1X1
81:F4A6:E0M1X1,81:F4A9:E0M1X1
81:F4A9:E0M1X1,81:F4AB:E0M1X1
81:F4AB:E0M1X1,81:F4AE:E0M1X1
81:F4AE:E0M1X1,81:F4B0:E0M1X1
81:F4B0:E0M1X1,81:F4B3:E0M1X1
81:F4B3:E0M1X1,81:F4B6:E0M1X1
81:F4B6:E0M1X1,81:F4B8:E0M1X1
81:F4B6:E0M1X1,81:F4DC:E0M1X1
81:F4B8:E0M1X1,81:9C8C:E0M1X1
81:F4BB:E0M1X1,81:9CB6:E0M1X1
81:F4BE:E0M1X1,80:A3A0:E0M1X1
81:F4C2:E0M1X1,81:9F5C:E0M1X1
81:F4C5:E0M1X1,81:F4C7:E0M1X1
81:F4C7:E0M1X1,81:F5ED:E0M1X1
81:F4CA:E0M1X1,81:F538:E0M1X1
81:F4CD:E0M1X1,81:F4D0:E0M1X1
81:F4D0:E0M1X1,81:F4D2:E0M1X1
81:F4D2:E0M1X1,81:F5ED:E0M1X1
81:F4D5:E0M1X1,81:F4D7:E0M1X1
81:F4D5:E0M1X1,81:F50A:E0M1X1
81:F4D7:E0M1X1,81:F650:E0M1X1
81:F4DA:E0M1X1,81:F4F6:E0M1X1
81:F4DC:E0M1X1,81:F4DE:E0M1X1
81:F4DE:E0M1X1,81:F4E1:E0M1X1
81:F4E1:E0M1X1,81:F4E3:E0M1X1
81:F4E3:E0M1X1,81:F4E6:E0M1X1
81:F4E6:E0M1X1,81:F4E9:E0M1X1
81:F4E9:E0M1X1,81:F7F7:E0M1X1
81:F4EC:E0M1X1,81:9C8C:E0M1X1
81:F4EF:E0M1X1,81:9CB6:E0M1X1
81:F4F2:E0M1X1,80:A3A0:E0M1X1
81:F4F6:E0M1X1,81:F6A4:E0M1X1
81:F4F9:E0M1X1,81:F4FB:E0M1X1
81:F4F9:E0M1X1,81:F50A:E0M1X1
81:F4FB:E0M1X1,81:F786:E0M1X1
81:F4FE:E0M1X1,81:F500:E0M1X1
81:F4FE:E0M1X1,81:F50A:E0M1X1
81:F500:E0M1X1,81:F701:E0M1X1
81:F503:E0M1X1,81:F505:E0M1X1
81:F503:E0M1X1,81:F50A:E0M1X1
81:F505:E0M1X1,81:F508:E0M1X1
81:F508:E0M1X1,81:F512:E0M1X1
81:F50A:E0M1X1,81:F50D:E0M1X1
81:F50D:E0M1X1,81:F50F:E0M1X1
81:F50F:E0M1X1,81:F512:E0M1X1
81:F512:E0M1X1,81:F514:E0M1X1
81:F514:E0M1X1,81:F517:E0M1X1
81:F517:E0M1X1,80:A3EA:E0M1X1
81:F51B:E0M1X1,81:F51D:E0M1X1
81:F51D:E0M1X1,81:F520:E0M1X1
81:F520:E0M1X1,81:F522:E0M1X1
81:F522:E0M1X1,81:F525:E0M1X1
81:F525:E0M1X1,81:F527:E0M1X1
81:F527:E0M1X1,81:F52A:E0M1X1
81:F52A:E0M1X1,81:F52C:E0M1X1
81:F52C:E0M1X1,81:F52F:E0M1X1
81:F52F:E0M1X1,81:F531:E0M1X1
81:F531:E0M1X1,81:F534:E0M1X1
81:F534:E0M1X1,81:F537:E0M1X1
81:F537:E0M1X1,81:AC46:E0M1X1
81:F538:E0M1X1,81:F53A:E0M0X0
81:F53A:E0M0X0,81:F53D:E0M0X0
81:F53D:E0M0X0,81:F540:E0M0X0
81:F540:E0M0X0,81:F543:E0M0X0
81:F543:E0M0X0,81:F546:E0M0X0
81:F546:E0M0X0,81:F548:E0M1X1
81:F548:E0M1X1,81:F54B:E0M1X1
81:F54B:E0M1X1,81:F54E:E0M1X1
81:F54E:E0M1X1,81:F55F:E0M1X1
81:F551:E0M1X1,81:F553:E0M0X0
81:F553:E0M0X0,81:F556:E0M0X0
81:F556:E0M0X0,81:F559:E0M0X0
81:F559:E0M0X0,81:F55B:E0M1X1
81:F55B:E0M1X1,81:F586:E0M1X1
81:F55E:E0M1X1,81:F4CD:E0M1X1
81:F55F:E0M0X0,81:F5BD:E0M0X0
81:F55F:E0M1X1,81:F5BD:E0M1X1
81:F562:E0M1X1,81:F7F7:E0M1X1
81:F565:E0M1X1,81:9C8C:E0M1X1
81:F568:E0M1X1,81:F56B:E0M1X1
81:F56B:E0M1X1,81:F568:E0M1X1
81:F56B:E0M1X1,81:F56D:E0M1X1
81:F56D:E0M1X1,81:F56F:E0M0X0
81:F56F:E0M0X0,81:F572:E0M0X0
81:F572:E0M0X0,81:F55F:E0M0X0
81:F572:E0M0X0,81:F574:E0M0X0
81:F574:E0M0X0,81:F577:E0M0X0
81:F577:E0M0X0,81:F55F:E0M0X0
81:F577:E0M0X0,81:F579:E0M0X0
81:F579:E0M0X0,81:F57B:E0M1X1
81:F57B:E0M1X1,81:F57D:E0M1X1
81:F57D:E0M1X1,80:F926:E0M1X1
81:F581:E0M1X1,80:F982:E0M1X1
81:F585:E0M1X1,81:F551:E0M1X1
81:F586:E0M0X0,81:F5BD:E0M0X0
81:F586:E0M1X1,81:F5BD:E0M1X1
81:F589:E0M1X1,81:F7F7:E0M1X1
81:F58C:E0M1X1,81:9C8C:E0M1X1
81:F58F:E0M1X1,81:F592:E0M1X1
81:F592:E0M1X1,81:F58F:E0M1X1
81:F592:E0M1X1,81:F594:E0M1X1
81:F594:E0M1X1,81:F596:E0M0X0
81:F596:E0M0X0,81:F599:E0M0X0
81:F599:E0M0X0,81:F586:E0M0X0
81:F599:E0M0X0,81:F59B:E0M0X0
81:F59B:E0M0X0,81:F59E:E0M0X0
81:F59E:E0M0X0,81:F59F:E0M0X0
81:F59F:E0M0X0,81:F5A2:E0M0X0
81:F5A2:E0M0X0,81:F5A5:E0M0X0
81:F5A5:E0M0X0,81:F5A7:E0M1X1
81:F5A7:E0M1X1,81:F7F7:E0M1X1
81:F5AA:E0M1X1,81:9C8C:E0M1X1
81:F5AD:E0M1X1,81:F5B0:E0M1X1
81:F5B0:E0M1X1,81:F5AD:E0M1X1
81:F5B0:E0M1X1,81:F5B2:E0M1X1
81:F5B2:E0M1X1,81:F5B4:E0M1X1
81:F5B4:E0M1X1,80:F926:E0M1X1
81:F5B8:E0M1X1,80:F982:E0M1X1
81:F5BC:E0M1X1,81:F55E:E0M1X1
81:F5BD:E0M0X0,81:F5BF:E0M1X1
81:F5BD:E0M1X1,81:F5BF:E0M1X1
81:F5BF:E0M1X1,81:F5C2:E0M1X1
81:F5C2:E0M1X1,81:F5C3:E0M1X1
81:F5C3:E0M1X1,81:F5C6:E0M1X1
81:F5C6:E0M1X1,81:F5C9:E0M1X1
81:F5C9:E0M1X1,81:F5CB:E0M0X0
81:F5CB:E0M0X0,81:F5CE:E0M0X0
81:F5CE:E0M0X0,81:F5D1:E0M0X0
81:F5D1:E0M0X0,81:F5D4:E0M0X0
81:F5D4:E0M0X0,81:F5D6:E0M1X1
81:F5D6:E0M1X1,81:F5D9:E0M1X1
81:F5D9:E0M1X1,81:F5DA:E0M1X1
81:F5DA:E0M1X1,81:F5DC:E0M1X1
81:F5DC:E0M1X1,81:F5DF:E0M1X1
81:F5DF:E0M1X1,81:F5E1:E0M0X0
81:F5E1:E0M0X0,81:F5E4:E0M0X0
81:F5E4:E0M0X0,81:F5E7:E0M0X0
81:F5E7:E0M0X0,81:F5EA:E0M0X0
81:F5EA:E0M0X0,81:F5EC:E0M1X1
81:F5EC:E0M1X1,81:F562:E0M1X1
81:F5EC:E0M1X1,81:F589:E0M1X1
81:F5ED:E0M1X1,81:F5F0:E0M1X1
81:F5F0:E0M1X1,81:F5F2:E0M0X0
81:F5F2:E0M0X0,81:F5F5:E0M0X0
81:F5F5:E0M0X0,81:F5F6:E0M0X0
81:F5F6:E0M0X0,81:F5F7:E0M0X0
81:F5F7:E0M0X0,81:F5F8:E0M0X0
81:F5F8:E0M0X0,81:F5F9:E0M0X0
81:F5F9:E0M0X0,81:F5FA:E0M0X0
81:F5FA:E0M0X0,81:F5FB:E0M0X0
81:F5FB:E0M0X0,81:F5FE:E0M0X0
81:F5FE:E0M0X0,81:F600:E0M0X0
81:F5FE:E0M1X1,81:F600:E0M0X0
81:F600:E0M0X0,81:F603:E0M0X0
81:F603:E0M0X0,81:F605:E0M1X1
81:F605:E0M1X1,81:F607:E0M1X1
81:F605:E0M1X1,81:F625:E0M1X1
81:F607:E0M1X1,81:F60A:E0M1X1
81:F60A:E0M1X1,81:F60C:E0M1X1
81:F60A:E0M1X1,81:F611:E0M1X1
81:F60C:E0M1X1,81:F60F:E0M1X1
81:F60F:E0M1X1,81:F611:E0M1X1
81:F60F:E0M1X1,81:F61B:E0M1X1
81:F611:E0M1X1,81:F614:E0M1X1
81:F614:E0M1X1,81:F617:E0M1X1
81:F617:E0M1X1,81:F614:E0M1X1
81:F617:E0M1X1,81:F619:E0M1X1
81:F619:E0M1X1,81:F5FE:E0M1X1
81:F61B:E0M1X1,80:FB3E:E0M1X1
81:F61F:E0M1X1,80:F982:E0M1X1
81:F623:E0M1X1,81:F624:E0M1X1
81:F624:E0M1X1,81:F4CA:E0M1X1
81:F624:E0M1X1,81:F4D5:E0M1X1
81:F625:E0M1X1,81:F626:E0M1X1
81:F626:E0M1X1,81:F4CA:E0M1X1
81:F626:E0M1X1,81:F4D5:E0M1X1
81:F650:E0M1X1,81:F653:E0M1X1
81:F653:E0M1X1,81:F655:E0M1X1
81:F655:E0M1X1,81:F658:E0M1X1
81:F658:E0M1X1,81:F65B:E0M1X1
81:F65B:E0M1X1,81:F65D:E0M1X1
81:F65D:E0M1X1,81:F660:E0M1X1
81:F660:E0M1X1,81:9C8C:E0M1X1
81:F663:E0M1X1,81:F666:E0M1X1
81:F666:E0M1X1,81:F663:E0M1X1
81:F666:E0M1X1,81:F668:E0M1X1
81:F668:E0M1X1,81:F66B:E0M1X1
81:F66B:E0M1X1,81:F66E:E0M1X1
81:F66E:E0M1X1,81:F671:E0M1X1
81:F671:E0M1X1,81:F673:E0M1X1
81:F673:E0M1X1,81:F660:E0M1X1
81:F673:E0M1X1,81:F675:E0M1X1
81:F675:E0M1X1,81:F4DA:E0M1X1
81:F676:E0M1X1,81:F678:E0M0X1
81:F678:E0M0X1,81:F67B:E0M0X1
81:F67B:E0M0X1,81:F67E:E0M0X1
81:F67E:E0M0X1,81:F681:E0M0X1
81:F681:E0M0X1,81:F684:E0M0X1
81:F684:E0M0X1,81:F687:E0M0X1
81:F687:E0M0X1,81:F68A:E0M0X1
81:F68A:E0M0X1,81:F68C:E0M1X1
81:F68C:E0M1X1,81:F68E:E0M1X1
81:F68E:E0M1X1,81:F691:E0M1X1
81:F691:E0M1X1,81:F693:E0M1X1
81:F693:E0M1X1,81:F696:E0M1X1
81:F696:E0M1X1,81:F698:E0M1X1
81:F698:E0M1X1,81:F69B:E0M1X1
81:F69B:E0M1X1,81:F69E:E0M1X1
81:F69E:E0M1X1,81:F6A1:E0M1X1
81:F6A1:E0M1X1,81:F69E:E0M1X1
81:F6A1:E0M1X1,81:F6A3:E0M1X1
81:F6A3:E0M1X1,81:F70C:E0M1X1
81:F6A4:E0M1X1,81:F6A6:E0M1X1
81:F6A6:E0M1X1,81:F71C:E0M1X1
81:F6A9:E0M1X1,81:F6AB:E0M1X1
81:F6A9:E0M1X1,81:F6AC:E0M1X1
81:F6AB:E0M1X1,81:F4F9:E0M1X1
81:F6AC:E0M1X1,81:F6AF:E0M1X1
81:F6AF:E0M1X1,81:F6B1:E0M1X1
81:F6AF:E0M1X1,81:F6F7:E0M1X1
81:F6B1:E0M1X1,81:F6B2:E0M1X1
81:F6B2:E0M1X1,81:F6B4:E0M1X1
81:F6B2:E0M1X1,81:F6EF:E0M1X1
81:F6B4:E0M1X1,81:F6B7:E0M1X1
81:F6B7:E0M1X1,81:F6B9:E0M1X1
81:F6B9:E0M1X1,81:F6BC:E0M1X1
81:F6BC:E0M1X1,81:F6BE:E0M0X1
81:F6BE:E0M0X1,81:F6C1:E0M0X1
81:F6C1:E0M0X1,81:F6C4:E0M0X1
81:F6C4:E0M0X1,81:F6C7:E0M0X1
81:F6C7:E0M0X1,81:F6CA:E0M0X1
81:F6CA:E0M0X1,81:F6CD:E0M0X1
81:F6CD:E0M0X1,81:F6D0:E0M0X1
81:F6D0:E0M0X1,81:F6D3:E0M0X1
81:F6D3:E0M0X1,81:F6D6:E0M0X1
81:F6D6:E0M0X1,81:F6D9:E0M0X1
81:F6D9:E0M0X1,81:F6DC:E0M0X1
81:F6DC:E0M0X1,81:F6DF:E0M0X1
81:F6DF:E0M0X1,81:F6E2:E0M0X1
81:F6E2:E0M0X1,81:F6E5:E0M0X1
81:F6E5:E0M0X1,81:F6E8:E0M0X1
81:F6E8:E0M0X1,81:F6EB:E0M0X1
81:F6EB:E0M0X1,81:F6ED:E0M1X1
81:F6ED:E0M1X1,81:F6EE:E0M1X1
81:F6EE:E0M1X1,81:F4F9:E0M1X1
81:F6EF:E0M1X1,81:F6F2:E0M1X1
81:F6F2:E0M1X1,81:F6F5:E0M1X1
81:F6F5:E0M1X1,81:F6F6:E0M1X1
81:F6F6:E0M1X1,81:F4F9:E0M1X1
81:F6F7:E0M1X1,81:F6F9:E0M1X1
81:F6F9:E0M1X1,81:F6FC:E0M1X1
81:F6FC:E0M1X1,81:F6FF:E0M1X1
81:F6FF:E0M1X1,81:F700:E0M1X1
81:F700:E0M1X1,81:F4F9:E0M1X1
81:F701:E0M1X1,81:F704:E0M1X1
81:F704:E0M1X1,81:F707:E0M1X1
81:F707:E0M1X1,81:F709:E0M1X1
81:F707:E0M1X1,81:F71A:E0M1X1
81:F709:E0M1X1,81:F676:E0M1X1
81:F70C:E0M1X1,81:F70E:E0M1X1
81:F70E:E0M1X1,81:F71C:E0M1X1
81:F711:E0M1X1,81:F713:E0M1X1
81:F711:E0M1X1,81:F714:E0M1X1
81:F713:E0M1X1,81:F503:E0M1X1
81:F714:E0M1X1,81:F717:E0M1X1
81:F717:E0M1X1,81:F71A:E0M1X1
81:F71A:E0M1X1,81:F71B:E0M1X1
81:F71B:E0M1X1,81:F503:E0M1X1
81:F71C:E0M1X1,81:F71F:E0M1X1
81:F71F:E0M1X1,81:F721:E0M1X1
81:F721:E0M1X1,81:F724:E0M1X1
81:F724:E0M1X1,81:F727:E0M1X1
81:F727:E0M1X1,81:F728:E0M1X1
81:F728:E0M1X1,81:F72A:E0M1X1
81:F72A:E0M1X1,81:F721:E0M1X1
81:F72A:E0M1X1,81:F72C:E0M1X1
81:F72C:E0M1X1,81:F72E:E0M0X0
81:F72E:E0M0X0,81:F731:E0M0X0
81:F731:E0M0X0,81:F734:E0M0X0
81:F734:E0M0X0,81:F736:E0M1X1
81:F736:E0M1X1,81:F739:E0M1X1
81:F739:E0M1X1,81:F73C:E0M1X1
81:F73C:E0M1X1,81:F73E:E0M1X1
81:F73E:E0M1X1,81:9FF8:E0M1X1
81:F741:E0M1X1,81:F743:E0M1X1
81:F743:E0M1X1,81:9FE6:E0M1X1
81:F746:E0M1X1,81:A001:E0M1X1
81:F749:E0M1X1,81:F74B:E0M1X1
81:F749:E0M1X1,81:F758:E0M1X1
81:F74B:E0M1X1,81:F74C:E0M1X1
81:F74C:E0M1X1,81:F74E:E0M1X1
81:F74C:E0M1X1,81:F753:E0M1X1
81:F74E:E0M1X1,81:F830:E0M1X1
81:F751:E0M1X1,81:F758:E0M1X1
81:F753:E0M1X1,81:F755:E0M1X1
81:F755:E0M1X1,81:F836:E0M1X1
81:F758:E0M1X1,81:9C8C:E0M1X1
81:F75B:E0M1X1,81:F75E:E0M1X1
81:F75E:E0M1X1,81:F75B:E0M1X1
81:F75E:E0M1X1,81:F760:E0M1X1
81:F760:E0M1X1,81:F762:E0M0X0
81:F762:E0M0X0,81:F765:E0M0X0
81:F765:E0M0X0,81:F767:E0M1X1
81:F767:E0M1X1,81:F769:E0M1X1
81:F767:E0M1X1,81:F77B:E0M1X1
81:F769:E0M1X1,81:9F9D:E0M1X1
81:F76C:E0M1X1,81:F76F:E0M1X1
81:F76F:E0M1X1,81:F73C:E0M1X1
81:F76F:E0M1X1,81:F771:E0M1X1
81:F771:E0M1X1,80:FB3E:E0M1X1
81:F775:E0M1X1,80:F982:E0M1X1
81:F779:E0M1X1,81:F77A:E0M1X1
81:F77A:E0M1X1,81:F6A9:E0M1X1
81:F77A:E0M1X1,81:F711:E0M1X1
81:F77B:E0M1X1,81:F77C:E0M1X1
81:F77C:E0M1X1,81:F6A9:E0M1X1
81:F77C:E0M1X1,81:F711:E0M1X1
81:F786:E0M1X1,81:F788:E0M1X1
81:F788:E0M1X1,81:F78B:E0M1X1
81:F78B:E0M1X1,81:F78E:E0M1X1
81:F78E:E0M1X1,81:F78F:E0M1X1
81:F78F:E0M1X1,81:F791:E0M1X1
81:F791:E0M1X1,81:F788:E0M1X1
81:F791:E0M1X1,81:F793:E0M1X1
81:F793:E0M1X1,81:F795:E0M0X0
81:F795:E0M0X0,81:F798:E0M0X0
81:F798:E0M0X0,81:F79B:E0M0X0
81:F79B:E0M0X0,81:F79D:E0M1X1
81:F79D:E0M1X1,81:F7A0:E0M1X1
81:F7A0:E0M1X1,81:F7A3:E0M1X1
81:F7A3:E0M1X1,81:F7A6:E0M1X1
81:F7A6:E0M1X1,81:F7A8:E0M1X1
81:F7A8:E0M1X1,81:9FF8:E0M1X1
81:F7AB:E0M1X1,81:F7AD:E0M1X1
81:F7AD:E0M1X1,81:9FE6:E0M1X1
81:F7B0:E0M1X1,81:A001:E0M1X1
81:F7B3:E0M1X1,81:F7B5:E0M1X1
81:F7B3:E0M1X1,81:F7C2:E0M1X1
81:F7B5:E0M1X1,81:F7B6:E0M1X1
81:F7B6:E0M1X1,81:F7B8:E0M1X1
81:F7B6:E0M1X1,81:F7BD:E0M1X1
81:F7B8:E0M1X1,81:F830:E0M1X1
81:F7BB:E0M1X1,81:F7C2:E0M1X1
81:F7BD:E0M1X1,81:F7BF:E0M1X1
81:F7BF:E0M1X1,81:F836:E0M1X1
81:F7C2:E0M1X1,81:9C8C:E0M1X1
81:F7C5:E0M1X1,81:F7C8:E0M1X1
81:F7C8:E0M1X1,81:F7C5:E0M1X1
81:F7C8:E0M1X1,81:F7CA:E0M1X1
81:F7CA:E0M1X1,81:F7CC:E0M0X0
81:F7CC:E0M0X0,81:F7CF:E0M0X0
81:F7CF:E0M0X0,81:F7D1:E0M1X1
81:F7D1:E0M1X1,81:F7D3:E0M1X1
81:F7D1:E0M1X1,81:F7EC:E0M1X1
81:F7D3:E0M1X1,81:9F9D:E0M1X1
81:F7D6:E0M1X1,81:F7D9:E0M1X1
81:F7D9:E0M1X1,81:F7A6:E0M1X1
81:F7D9:E0M1X1,81:F7DB:E0M1X1
81:F7DB:E0M1X1,80:FB3E:E0M1X1
81:F7DF:E0M1X1,80:F982:E0M1X1
81:F7E3:E0M1X1,81:F7E6:E0M1X1
81:F7E6:E0M1X1,81:F7E7:E0M1X1
81:F7E7:E0M1X1,81:F7EA:E0M1X1
81:F7EA:E0M1X1,81:F7EB:E0M1X1
81:F7EB:E0M1X1,81:F4FE:E0M1X1
81:F7EC:E0M1X1,81:F7ED:E0M1X1
81:F7ED:E0M1X1,81:F4FE:E0M1X1
81:F7F7:E0M1X1,81:F7F9:E0M1X1
81:F7F9:E0M1X1,81:F7FC:E0M1X1
81:F7FC:E0M1X1,81:F7FF:E0M1X1
81:F7FF:E0M1X1,81:F808:E0M1X1
81:F802:E0M1X1,81:F803:E0M1X1
81:F803:E0M1X1,81:F805:E0M1X1
81:F805:E0M1X1,81:F7F9:E0M1X1
81:F805:E0M1X1,81:F807:E0M1X1
81:F807:E0M1X1,81:F4EC:E0M1X1
81:F807:E0M1X1,81:F565:E0M1X1
81:F807:E0M1X1,81:F58C:E0M1X1
81:F807:E0M1X1,81:F5AA:E0M1X1
81:F808:E0M1X1,81:F809:E0M1X1
81:F809:E0M1X1,81:F80B:E0M0X0
81:F80B:E0M0X0,81:F80E:E0M0X0
81:F80E:E0M0X0,81:F80F:E0M0X0
81:F80F:E0M0X0,81:F812:E0M0X0
81:F812:E0M0X0,81:F815:E0M0X0
81:F815:E0M0X0,81:F817:E0M0X0
81:F815:E0M0X0,81:F81F:E0M0X0
81:F817:E0M0X0,81:F81A:E0M0X0
81:F81A:E0M0X0,81:F81C:E0M0X0
81:F81A:E0M0X0,81:F81F:E0M0X0
81:F81C:E0M0X0,81:F81F:E0M0X0
81:F81F:E0M0X0,81:F821:E0M1X1
81:F821:E0M1X1,81:F822:E0M1X1
81:F822:E0M1X1,81:F823:E0M1X1
81:F823:E0M1X1,81:F824:E0M1X1
81:F824:E0M1X1,81:F825:E0M1X1
81:F825:E0M1X1,81:F826:E0M1X1
81:F826:E0M1X1,81:F827:E0M1X1
81:F827:E0M1X1,81:F82A:E0M1X1
81:F82A:E0M1X1,81:F82B:E0M1X1
81:F82B:E0M1X1,81:F82E:E0M1X1
81:F82E:E0M1X1,81:F82F:E0M1X1
81:F82F:E0M1X1,81:F802:E0M1X1
81:F830:E0M1X1,81:F832:E0M1X1
81:F832:E0M1X1,81:F835:E0M1X1
81:F835:E0M1X1,81:F751:E0M1X1
81:F835:E0M1X1,81:F7BB:E0M1X1
81:F836:E0M1X1,81:F838:E0M1X1
81:F838:E0M1X1,81:F83A:E0M1X1
81:F838:E0M1X1,81:F852:E0M1X1
81:F83A:E0M1X1,81:F83C:E0M1X1
81:F83C:E0M1X1,81:F83E:E0M1X1
81:F83C:E0M1X1,81:F848:E0M1X1
81:F83E:E0M1X1,81:F840:E0M1X1
81:F840:E0M1X1,81:F843:E0M1X1
81:F843:E0M1X1,81:F846:E0M1X1
81:F846:E0M1X1,81:F85A:E0M1X1
81:F848:E0M1X1,81:F84A:E0M1X1
81:F84A:E0M1X1,81:F84D:E0M1X1
81:F84D:E0M1X1,81:F850:E0M1X1
81:F850:E0M1X1,81:F85A:E0M1X1
81:F852:E0M1X1,81:F854:E0M1X1
81:F854:E0M1X1,81:F857:E0M1X1
81:F857:E0M1X1,81:F85A:E0M1X1
81:F85A:E0M1X1,81:F85D:E0M1X1
81:F85D:E0M1X1,81:F860:E0M1X1
81:F860:E0M1X1,81:F758:E0M1X1
81:F860:E0M1X1,81:F7C2:E0M1X1
81:F866:E0M1X1,81:F869:E0M1X1
81:F869:E0M1X1,81:F86B:E0M1X1
81:F869:E0M1X1,81:F873:E0M1X1
81:F86B:E0M1X1,81:F86D:E0M1X1
81:F86D:E0M1X1,81:F870:E0M1X1
81:F870:E0M1X1,81:F873:E0M1X1
81:F873:E0M1X1,81:F880:E0M1X1
81:F874:E0M1X1,81:F875:E0M1X1
81:F875:E0M1X1,81:F876:E0M1X1
81:F876:E0M1X1,81:F877:E0M1X1
81:F877:E0M1X1,81:9EDB:E0M1X1
81:F87A:E0M1X1,81:A0E1:E0M1X1
81:F87D:E0M1X1,81:F866:E0M1X1
81:F880:E0M1X1,81:9CB6:E0M1X1
81:F883:E0M1X1,81:F884:E0M1X1
81:F884:E0M1X1,80:81DE:E0M1X1
81:F8A7:E0M1X1,81:F8A8:E0M1X1
81:F8A8:E0M1X1,81:F8A9:E0M1X1
81:F8A9:E0M1X1,81:F8AA:E0M1X1
81:F8AA:E0M1X1,81:F8AF:E0M1X1
81:F8AD:E0M1X1,81:F8AE:E0M1X1
81:F8AE:E0M1X1,80:80BE:E0M1X1
81:F8AF:E0M1X1,81:9C46:E0M1X1
81:F8B2:E0M1X1,81:F8B4:E0M1X1
81:F8B4:E0M1X1,81:9DB1:E0M1X1
81:F8B7:E0M1X1,81:FD0F:E0M1X1
81:F8BA:E0M1X1,81:FCD9:E0M1X1
81:F8BD:E0M1X1,81:F8BF:E0M1X1
81:F8BF:E0M1X1,81:F8C2:E0M1X1
81:F8C2:E0M1X1,81:F8C4:E0M1X1
81:F8C4:E0M1X1,81:F8C7:E0M1X1
81:F8C7:E0M1X1,81:F8C9:E0M1X1
81:F8C9:E0M1X1,81:F8CC:E0M1X1
81:F8CC:E0M1X1,81:F8CE:E0M0X0
81:F8CE:E0M0X0,81:F8D1:E0M0X0
81:F8D1:E0M0X0,81:F8D4:E0M0X0
81:F8D4:E0M0X0,81:F8D7:E0M0X0
81:F8D7:E0M0X0,81:F8DA:E0M0X0
81:F8DA:E0M0X0,81:F8DD:E0M0X0
81:F8DD:E0M0X0,81:9D72:E0M0X0
81:F8E0:E0M0X0,81:F8E3:E0M0X0
81:F8E3:E0M0X0,81:9E50:E0M0X0
81:F8E6:E0M0X0,81:F8E9:E0M0X0
81:F8E9:E0M0X0,81:9E12:E0M0X0
81:F8EC:E0M0X0,81:F8EF:E0M0X0
81:F8EF:E0M0X0,81:F8F2:E0M0X0
81:F8F2:E0M0X0,81:F8F5:E0M0X0
81:F8F5:E0M0X0,81:F8F8:E0M0X0
81:F8F8:E0M0X0,81:F8FB:E0M0X0
81:F8FB:E0M0X0,81:F8FD:E0M1X1
81:F8FD:E0M1X1,80:A1F2:E0M1X1
81:F901:E0M1X1,81:FA37:E0M1X1
81:F904:E0M1X1,81:F906:E0M1X1
81:F906:E0M1X1,81:FB1F:E0M1X1
81:F909:E0M1X1,81:F90B:E0M1X1
81:F90B:E0M1X1,81:FB1F:E0M1X1
81:F90E:E0M1X1,81:F910:E0M1X1
81:F910:E0M1X1,81:FB1F:E0M1X1
81:F913:E0M1X1,81:F915:E0M0X0
81:F915:E0M0X0,81:DF8D:E0M0X0
81:F918:E0M0X0,81:F91A:E0M1X1
81:F91A:E0M1X1,81:F91D:E0M1X1
81:F91D:E0M1X1,81:F920:E0M1X1
81:F920:E0M1X1,81:F923:E0M1X1
81:F923:E0M1X1,81:F926:E0M1X1
81:F926:E0M1X1,80:C066:E0M1X1
81:F92A:E0M1X1,81:9C8C:E0M1X1
81:F92D:E0M1X1,81:9CB6:E0M1X1
81:F930:E0M1X1,81:F932:E0M1X1
81:F932:E0M1X1,81:F935:E0M1X1
81:F935:E0M1X1,81:F937:E0M1X1
81:F937:E0M1X1,81:F93A:E0M1X1
81:F93A:E0M1X1,81:F93C:E0M1X1
81:F93C:E0M1X1,81:F93F:E0M1X1
81:F93F:E0M1X1,81:F942:E0M1X1
81:F942:E0M1X1,81:F944:E0M1X1
81:F944:E0M1X1,81:F947:E0M1X1
81:F947:E0M1X1,81:F948:E0M1X1
81:F948:E0M1X1,80:A3A0:E0M1X1
81:F94C:E0M1X1,81:9F5C:E0M1X1
81:F94F:E0M1X1,81:F952:E0M1X1
81:F952:E0M1X1,81:F955:E0M1X1
81:F955:E0M1X1,92:ED31:E0M1X1
81:F959:E0M1X1,81:FD55:E0M1X1
81:F95C:E0M1X1,81:F9A4:E0M1X1
81:F95F:E0M1X1,81:FE00:E0M1X1
81:F962:E0M1X1,80:F9F2:E0M1X1
81:F966:E0M1X1,81:9D31:E0M1X1
81:F969:E0M1X1,81:9C8C:E0M1X1
81:F96C:E0M1X1,81:F96F:E0M1X1
81:F96F:E0M1X1,81:F96C:E0M1X1
81:F96F:E0M1X1,81:F971:E0M1X1
81:F971:E0M1X1,81:F974:E0M1X1
81:F974:E0M1X1,81:F955:E0M1X1
81:F974:E0M1X1,81:F976:E0M1X1
81:F976:E0M1X1,80:FB3E:E0M1X1
81:F97A:E0M1X1,80:F982:E0M1X1
81:F97E:E0M1X1,81:F981:E0M1X1
81:F981:E0M1X1,81:F97E:E0M1X1
81:F981:E0M1X1,81:F983:E0M1X1
81:F983:E0M1X1,80:A3EA:E0M1X1
81:F987:E0M1X1,81:F989:E0M1X1
81:F989:E0M1X1,81:F98C:E0M1X1
81:F98C:E0M1X1,81:F98D:E0M1X1
81:F98D:E0M1X1,81:F98F:E0M1X1
81:F98F:E0M1X1,81:F992:E0M1X1
81:F992:E0M1X1,81:F994:E0M1X1
81:F994:E0M1X1,81:F9B6:E0M1X1
81:F997:E0M1X1,81:F99A:E0M1X1
81:F99A:E0M1X1,81:F99C:E0M1X1
81:F99C:E0M1X1,81:F99E:E0M1X1
81:F99C:E0M1X1,81:F9A3:E0M1X1
81:F99E:E0M1X1,81:F9A0:E0M1X1
81:F9A0:E0M1X1,81:F9B6:E0M1X1
81:F9A3:E0M1X1,81:F8AD:E0M1X1
81:F9A4:E0M1X1,81:F9A7:E0M1X1
81:F9A7:E0M1X1,81:F9A9:E0M1X1
81:F9A7:E0M1X1,81:F9B5:E0M1X1
81:F9A9:E0M1X1,81:F9AC:E0M1X1
81:F9AC:E0M1X1,81:F9AE:E0M1X1
81:F9AC:E0M1X1,81:F9B5:E0M1X1
81:F9AE:E0M1X1,80:FBA5:E0M1X1
81:F9B2:E0M1X1,81:F9B5:E0M1X1
81:F9B5:E0M1X1,81:F95F:E0M1X1
81:F9B6:E0M1X1,81:F9B9:E0M1X1
81:F9B9:E0M1X1,81:F9BB:E0M1X1
81:F9B9:E0M1X1,81:F9C3:E0M1X1
81:F9BB:E0M1X1,81:F9BC:E0M1X1
81:F9BC:E0M1X1,81:F9BE:E0M1X1
81:F9BC:E0M1X1,81:F9D6:E0M1X1
81:F9BE:E0M1X1,81:F9BF:E0M1X1
81:F9BF:E0M1X1,81:F9C1:E0M1X1
81:F9BF:E0M1X1,81:F9E6:E0M1X1
81:F9C1:E0M1X1,81:F9F8:E0M1X1
81:F9C3:E0M1X1,81:F9C5:E0M1X1
81:F9C5:E0M1X1,81:F9F9:E0M1X1
81:F9C8:E0M1X1,81:F9CB:E0M1X1
81:F9CB:E0M1X1,81:F9CC:E0M1X1
81:F9CC:E0M1X1,81:F9CE:E0M1X1
81:F9CE:E0M1X1,81:F9D1:E0M1X1
81:F9D1:E0M1X1,81:F9D3:E0M1X1
81:F9D3:E0M1X1,81:FA13:E0M1X1
81:F9D6:E0M1X1,81:F9D8:E0M1X1
81:F9D8:E0M1X1,81:F9F9:E0M1X1
81:F9DB:E0M1X1,81:F9DE:E0M1X1
81:F9DE:E0M1X1,81:F9E1:E0M1X1
81:F9E1:E0M1X1,81:F9E3:E0M1X1
81:F9E3:E0M1X1,81:FA13:E0M1X1
81:F9E6:E0M1X1,81:F9E9:E0M1X1
81:F9E9:E0M1X1,81:F9EB:E0M1X1
81:F9E9:E0M1X1,81:F9F8:E0M1X1
81:F9EB:E0M1X1,81:F9ED:E0M1X1
81:F9ED:E0M1X1,81:F9F9:E0M1X1
81:F9F0:E0M1X1,81:F9F3:E0M1X1
81:F9F3:E0M1X1,81:F9F5:E0M1X1
81:F9F5:E0M1X1,81:FA13:E0M1X1
81:F9F8:E0M1X1,81:F997:E0M1X1
81:F9F8:E0M1X1,81:F9A3:E0M1X1
81:F9F9:E0M1X1,81:F9FA:E0M1X1
81:F9FA:E0M1X1,81:F9FC:E0M0X0
81:F9FC:E0M0X0,81:F9FF:E0M0X0
81:F9FF:E0M0X0,81:FA01:E0M0X0
81:FA01:E0M0X0,81:FA02:E0M0X0
81:FA02:E0M0X0,81:FA03:E0M0X0
81:FA03:E0M0X0,81:FA04:E0M0X0
81:FA04:E0M0X0,81:FA05:E0M0X0
81:FA05:E0M0X0,81:FA08:E0M0X0
81:FA08:E0M0X0,81:FA09:E0M0X0
81:FA09:E0M0X0,81:FA0B:E0M0X0
81:FA0B:E0M0X0,81:FA0E:E0M0X0
81:FA0E:E0M0X0,81:FA0F:E0M0X0
81:FA0F:E0M0X0,81:FA11:E0M1X1
81:FA11:E0M1X1,81:FA12:E0M1X1
81:FA12:E0M1X1,81:F9C8:E0M1X1
81:FA12:E0M1X1,81:F9DB:E0M1X1
81:FA12:E0M1X1,81:F9F0:E0M1X1
81:FA13:E0M1X1,81:FA16:E0M1X1
81:FA16:E0M1X1,81:FA18:E0M1X1
81:FA18:E0M1X1,81:FA19:E0M1X1
81:FA19:E0M1X1,81:B669:E0M1X1
81:FA1C:E0M1X1,81:FA1F:E0M1X1
81:FA1F:E0M1X1,81:FA20:E0M1X1
81:FA20:E0M1X1,81:FA21:E0M1X1
81:FA21:E0M1X1,81:FA23:E0M1X1
81:FA23:E0M1X1,81:FA24:E0M1X1
81:FA24:E0M1X1,81:FA26:E0M0X0
81:FA26:E0M0X0,81:FA29:E0M0X0
81:FA29:E0M0X0,81:FA2C:E0M0X0
81:FA2C:E0M0X0,81:B6AB:E0M0X0
81:FA2F:E0M0X0,81:FA31:E0M1X1
81:FA31:E0M1X1,81:FA34:E0M1X1
81:FA34:E0M1X1,81:B67D:E0M1X1
81:FA37:E0M1X1,81:FA39:E0M0X0
81:FA39:E0M0X0,81:FA3C:E0M0X0
81:FA3C:E0M0X0,81:FA3F:E0M0X0
81:FA3F:E0M0X0,81:FA42:E0M0X0
81:FA42:E0M0X0,81:DE80:E0M0X0
81:FA45:E0M0X0,81:FA48:E0M0X0
81:FA48:E0M0X0,81:FA4B:E0M0X0
81:FA4B:E0M0X0,81:FA4E:E0M0X0
81:FA4E:E0M0X0,81:DE80:E0M0X0
81:FA51:E0M0X0,81:FA54:E0M0X0
81:FA54:E0M0X0,81:FA57:E0M0X0
81:FA57:E0M0X0,81:FA5A:E0M0X0
81:FA5A:E0M0X0,81:DE80:E0M0X0
81:FA5D:E0M0X0,81:FA96:E0M0X0
81:FA60:E0M0X0,81:FAB1:E0M0X0
81:FA63:E0M0X0,81:FACC:E0M0X0
81:FA66:E0M0X0,81:FA68:E0M1X1
81:FA68:E0M1X1,81:FA6B:E0M1X1
81:FA6B:E0M1X1,81:FA6D:E0M1X1
81:FA6D:E0M1X1,81:FA80:E0M1X1
81:FA70:E0M1X1,81:FA73:E0M1X1
81:FA73:E0M1X1,81:FA75:E0M1X1
81:FA75:E0M1X1,81:FA80:E0M1X1
81:FA78:E0M1X1,81:FA7B:E0M1X1
81:FA7B:E0M1X1,81:FA7D:E0M1X1
81:FA7D:E0M1X1,81:FA80:E0M1X1
81:FA80:E0M1X1,81:FA82:E0M0X0
81:FA82:E0M0X0,81:FA83:E0M0X0
81:FA83:E0M0X0,81:FA84:E0M0X0
81:FA84:E0M0X0,81:FA87:E0M0X0
81:FA87:E0M0X0,81:DE80:E0M0X0
81:FA8A:E0M0X0,81:FA8D:E0M0X0
81:FA8D:E0M0X0,81:FA8E:E0M0X0
81:FA8E:E0M0X0,81:FA8F:E0M0X0
81:FA8F:E0M0X0,81:FA90:E0M0X0
81:FA90:E0M0X0,81:DE80:E0M0X0
81:FA93:E0M0X0,81:FA95:E0M1X1
81:FA95:E0M1X1,81:F904:E0M1X1
81:FA95:E0M1X1,81:FA70:E0M1X1
81:FA95:E0M1X1,81:FA78:E0M1X1
81:FA96:E0M0X0,81:FB15:E0M0X0
81:FA99:E0M0X0,81:FA9C:E0M0X0
81:FA9C:E0M0X0,81:FA9D:E0M0X0
81:FA9D:E0M0X0,81:FA9E:E0M0X0
81:FA9E:E0M0X0,81:FA9F:E0M0X0
81:FA9F:E0M0X0,81:FAA0:E0M0X0
81:FAA0:E0M0X0,81:FAA1:E0M0X0
81:FAA1:E0M0X0,81:FAA4:E0M0X0
81:FAA4:E0M0X0,81:FAA5:E0M0X0
81:FAA5:E0M0X0,81:FAA6:E0M0X0
81:FAA6:E0M0X0,81:FAA7:E0M0X0
81:FAA7:E0M0X0,81:FAA8:E0M0X0
81:FAA8:E0M0X0,81:FAAB:E0M0X0
81:FAAB:E0M0X0,81:FAAE:E0M0X0
81:FAAE:E0M0X0,81:DCB3:E0M0X0
81:FAB1:E0M0X0,81:FB15:E0M0X0
81:FAB4:E0M0X0,81:FAB7:E0M0X0
81:FAB7:E0M0X0,81:FAB8:E0M0X0
81:FAB8:E0M0X0,81:FAB9:E0M0X0
81:FAB9:E0M0X0,81:FABA:E0M0X0
81:FABA:E0M0X0,81:FABB:E0M0X0
81:FABB:E0M0X0,81:FABC:E0M0X0
81:FABC:E0M0X0,81:FABF:E0M0X0
81:FABF:E0M0X0,81:FAC0:E0M0X0
81:FAC0:E0M0X0,81:FAC1:E0M0X0
81:FAC1:E0M0X0,81:FAC2:E0M0X0
81:FAC2:E0M0X0,81:FAC3:E0M0X0
81:FAC3:E0M0X0,81:FAC6:E0M0X0
81:FAC6:E0M0X0,81:FAC9:E0M0X0
81:FAC9:E0M0X0,81:DCB3:E0M0X0
81:FACC:E0M0X0,81:FACE:E0M1X0
81:FACE:E0M1X0,81:FAD1:E0M1X0
81:FAD1:E0M1X0,81:FAD3:E0M1X0
81:FAD1:E0M1X0,81:FADA:E0M1X0
81:FAD3:E0M1X0,81:FAD6:E0M1X0
81:FAD6:E0M1X0,81:FAD8:E0M1X0
81:FAD6:E0M1X0,81:FB00:E0M1X0
81:FAD8:E0M1X0,81:FAE3:E0M1X0
81:FADA:E0M1X0,81:FADC:E0M1X0
81:FADC:E0M1X0,81:FADE:E0M1X0
81:FADC:E0M1X0,81:FAE3:E0M1X0
81:FADE:E0M1X0,81:FAE1:E0M1X0
81:FAE1:E0M1X0,81:FAE3:E0M1X0
81:FAE1:E0M1X0,81:FB00:E0M1X0
81:FAE3:E0M1X0,81:FAE5:E0M0X0
81:FAE5:E0M0X0,81:FB15:E0M0X0
81:FAE8:E0M0X0,81:FAEB:E0M0X0
81:FAEB:E0M0X0,81:FAEC:E0M0X0
81:FAEC:E0M0X0,81:FAED:E0M0X0
81:FAED:E0M0X0,81:FAEE:E0M0X0
81:FAEE:E0M0X0,81:FAEF:E0M0X0
81:FAEF:E0M0X0,81:FAF0:E0M0X0
81:FAF0:E0M0X0,81:FAF3:E0M0X0
81:FAF3:E0M0X0,81:FAF4:E0M0X0
81:FAF4:E0M0X0,81:FAF5:E0M0X0
81:FAF5:E0M0X0,81:FAF6:E0M0X0
81:FAF6:E0M0X0,81:FAF7:E0M0X0
81:FAF7:E0M0X0,81:FAFA:E0M0X0
81:FAFA:E0M0X0,81:FAFD:E0M0X0
81:FAFD:E0M0X0,81:DCB3:E0M0X0
81:FB00:E0M1X0,81:FB02:E0M0X0
81:FB02:E0M0X0,81:FB05:E0M0X0
81:FB05:E0M0X0,81:FB06:E0M0X0
81:FB06:E0M0X0,81:FB07:E0M0X0
81:FB07:E0M0X0,81:FB08:E0M0X0
81:FB08:E0M0X0,81:FB09:E0M0X0
81:FB09:E0M0X0,81:FB0A:E0M0X0
81:FB0A:E0M0X0,81:FB0B:E0M0X0
81:FB0B:E0M0X0,81:FB0C:E0M0X0
81:FB0C:E0M0X0,81:FB0F:E0M0X0
81:FB0F:E0M0X0,81:FB12:E0M0X0
81:FB12:E0M0X0,81:DCB3:E0M0X0
81:FB15:E0M0X0,81:FB18:E0M0X0
81:FB18:E0M0X0,81:FB1B:E0M0X0
81:FB1B:E0M0X0,81:FB1C:E0M0X0
81:FB1C:E0M0X0,81:FB1D:E0M0X0
81:FB1D:E0M0X0,81:FB1E:E0M0X0
81:FB1E:E0M0X0,81:FA99:E0M0X0
81:FB1E:E0M0X0,81:FAB4:E0M0X0
81:FB1E:E0M0X0,81:FAE8:E0M0X0
81:FB1F:E0M1X1,81:FB22:E0M1X1
81:FB22:E0M1X1,81:FB24:E0M1X1
81:FB22:E0M1X1,81:FB2C:E0M1X1
81:FB24:E0M1X1,81:FB27:E0M1X1
81:FB27:E0M1X1,81:FB29:E0M1X1
81:FB29:E0M1X1,81:FB2B:E0M1X1
81:FB29:E0M1X1,81:FB2C:E0M1X1
81:FB2B:E0M1X1,81:FB2C:E0M1X1
81:FB2C:E0M1X1,81:FB2D:E0M1X1
81:FB2D:E0M1X1,81:FB2E:E0M1X1
81:FB2E:E0M1X1,81:FB31:E0M1X1
81:FB31:E0M1X1,81:A6BE:E0M1X1
81:FB31:E0M1X1,81:FB3E:E0M1X1
81:FB31:E0M1X1,81:FBA8:E0M1X1
81:FB31:E0M1X1,81:FC12:E0M1X1
81:FB31:E0M1X1,81:FC5D:E0M1X1
81:FB31:E0M1X1,81:FC9B:E0M1X1
81:FB3E:E0M1X1,81:FB41:E0M1X1
81:FB41:E0M1X1,81:FB44:E0M1X1
81:FB44:E0M1X1,81:FB45:E0M1X1
81:FB45:E0M1X1,81:FB47:E0M0X0
81:FB47:E0M0X0,81:FB48:E0M0X0
81:FB48:E0M0X0,81:FB49:E0M0X0
81:FB49:E0M0X0,81:FB4A:E0M0X0
81:FB4A:E0M0X0,81:FB4B:E0M0X0
81:FB4B:E0M0X0,81:FB4C:E0M0X0
81:FB4C:E0M0X0,81:FB4D:E0M0X0
81:FB4D:E0M0X0,81:FB50:E0M0X0
81:FB50:E0M0X0,81:FB51:E0M0X0
81:FB51:E0M0X0,81:FB54:E0M0X0
81:FB54:E0M0X0,81:DDDF:E0M0X0
81:FB57:E0M0X0,81:FB58:E0M0X0
81:FB58:E0M0X0,81:FB59:E0M0X0
81:FB59:E0M0X0,81:FB5C:E0M0X0
81:FB5C:E0M0X0,81:DE80:E0M0X0
81:FB5F:E0M0X0,81:FB62:E0M0X0
81:FB62:E0M0X0,81:FB65:E0M0X0
81:FB65:E0M0X0,81:FB66:E0M0X0
81:FB66:E0M0X0,81:FB69:E0M0X0
81:FB69:E0M0X0,81:FB6A:E0M0X0
81:FB6A:E0M0X0,81:FB6B:E0M0X0
81:FB6B:E0M0X0,81:FB6C:E0M0X0
81:FB6C:E0M0X0,81:DE80:E0M0X0
81:FB6F:E0M0X0,81:FB72:E0M0X0
81:FB72:E0M0X0,81:FB75:E0M0X0
81:FB75:E0M0X0,81:FB76:E0M0X0
81:FB76:E0M0X0,81:FB77:E0M0X0
81:FB77:E0M0X0,81:FB7A:E0M0X0
81:FB7A:E0M0X0,80:839B:E0M0X0
81:FB7E:E0M0X0,81:FB81:E0M0X0
81:FB81:E0M0X0,81:FB84:E0M0X0
81:FB84:E0M0X0,81:FB85:E0M0X0
81:FB85:E0M0X0,81:FB86:E0M0X0
81:FB86:E0M0X0,81:FB89:E0M0X0
81:FB89:E0M0X0,81:FB8A:E0M0X0
81:FB8A:E0M0X0,81:FB8D:E0M0X0
81:FB8D:E0M0X0,80:A21A:E0M0X0
81:FB91:E0M0X0,81:FB94:E0M0X0
81:FB94:E0M0X0,81:FB97:E0M0X0
81:FB97:E0M0X0,81:FB98:E0M0X0
81:FB98:E0M0X0,81:FB99:E0M0X0
81:FB99:E0M0X0,81:FB9C:E0M0X0
81:FB9C:E0M0X0,81:FB9D:E0M0X0
81:FB9D:E0M0X0,81:FB9E:E0M0X0
81:FB9E:E0M0X0,81:FBA1:E0M0X0
81:FBA1:E0M0X0,80:82F7:E0M0X0
81:FBA5:E0M0X0,81:FBA7:E0M1X1
81:FBA7:E0M1X1,81:F909:E0M1X1
81:FBA7:E0M1X1,81:F90E:E0M1X1
81:FBA7:E0M1X1,81:F913:E0M1X1
81:FBA8:E0M1X1,81:FBAB:E0M1X1
81:FBAB:E0M1X1,81:FBAE:E0M1X1
81:FBAE:E0M1X1,81:FBAF:E0M1X1
81:FBAF:E0M1X1,81:FBB1:E0M0X0
81:FBB1:E0M0X0,81:FBB2:E0M0X0
81:FBB2:E0M0X0,81:FBB3:E0M0X0
81:FBB3:E0M0X0,81:FBB4:E0M0X0
81:FBB4:E0M0X0,81:FBB5:E0M0X0
81:FBB5:E0M0X0,81:FBB6:E0M0X0
81:FBB6:E0M0X0,81:FBB7:E0M0X0
81:FBB7:E0M0X0,81:FBBA:E0M0X0
81:FBBA:E0M0X0,81:FBBB:E0M0X0
81:FBBB:E0M0X0,81:FBBE:E0M0X0
81:FBBE:E0M0X0,81:DDDF:E0M0X0
81:FBC1:E0M0X0,81:FBC2:E0M0X0
81:FBC2:E0M0X0,81:FBC3:E0M0X0
81:FBC3:E0M0X0,81:FBC6:E0M0X0
81:FBC6:E0M0X0,81:DE80:E0M0X0
81:FBC9:E0M0X0,81:FBCC:E0M0X0
81:FBCC:E0M0X0,81:FBCF:E0M0X0
81:FBCF:E0M0X0,81:FBD0:E0M0X0
81:FBD0:E0M0X0,81:FBD3:E0M0X0
81:FBD3:E0M0X0,81:FBD4:E0M0X0
81:FBD4:E0M0X0,81:FBD5:E0M0X0
81:FBD5:E0M0X0,81:FBD6:E0M0X0
81:FBD6:E0M0X0,81:DE80:E0M0X0
81:FBD9:E0M0X0,81:FBDC:E0M0X0
81:FBDC:E0M0X0,81:FBDF:E0M0X0
81:FBDF:E0M0X0,81:FBE0:E0M0X0
81:FBE0:E0M0X0,81:FBE1:E0M0X0
81:FBE1:E0M0X0,81:FBE4:E0M0X0
81:FBE4:E0M0X0,80:839B:E0M0X0
81:FBE8:E0M0X0,81:FBEB:E0M0X0
81:FBEB:E0M0X0,81:FBEE:E0M0X0
81:FBEE:E0M0X0,81:FBEF:E0M0X0
81:FBEF:E0M0X0,81:FBF0:E0M0X0
81:FBF0:E0M0X0,81:FBF3:E0M0X0
81:FBF3:E0M0X0,81:FBF4:E0M0X0
81:FBF4:E0M0X0,81:FBF7:E0M0X0
81:FBF7:E0M0X0,80:A21A:E0M0X0
81:FBFB:E0M0X0,81:FBFE:E0M0X0
81:FBFE:E0M0X0,81:FC01:E0M0X0
81:FC01:E0M0X0,81:FC02:E0M0X0
81:FC02:E0M0X0,81:FC03:E0M0X0
81:FC03:E0M0X0,81:FC06:E0M0X0
81:FC06:E0M0X0,81:FC07:E0M0X0
81:FC07:E0M0X0,81:FC08:E0M0X0
81:FC08:E0M0X0,81:FC0B:E0M0X0
81:FC0B:E0M0X0,80:82F7:E0M0X0
81:FC0F:E0M0X0,81:FC11:E0M1X1
81:FC11:E0M1X1,81:F909:E0M1X1
81:FC11:E0M1X1,81:F90E:E0M1X1
81:FC11:E0M1X1,81:F913:E0M1X1
81:FC12:E0M1X1,81:FC15:E0M1X1
81:FC15:E0M1X1,81:FC18:E0M1X1
81:FC18:E0M1X1,81:FC19:E0M1X1
81:FC19:E0M1X1,81:FC1B:E0M0X0
81:FC1B:E0M0X0,81:FC1E:E0M0X0
81:FC1E:E0M0X0,81:FC21:E0M0X0
81:FC21:E0M0X0,81:FC22:E0M0X0
81:FC22:E0M0X0,81:FC23:E0M0X0
81:FC23:E0M0X0,81:FC24:E0M0X0
81:FC24:E0M0X0,81:FC27:E0M0X0
81:FC27:E0M0X0,81:DE80:E0M0X0
81:FC2A:E0M0X0,81:FC2B:E0M0X0
81:FC2B:E0M0X0,81:FC2C:E0M0X0
81:FC2C:E0M0X0,81:FC2F:E0M0X0
81:FC2F:E0M0X0,80:839B:E0M0X0
81:FC33:E0M0X0,81:FC36:E0M0X0
81:FC36:E0M0X0,81:FC39:E0M0X0
81:FC39:E0M0X0,81:FC3A:E0M0X0
81:FC3A:E0M0X0,81:FC3B:E0M0X0
81:FC3B:E0M0X0,81:FC3E:E0M0X0
81:FC3E:E0M0X0,81:FC3F:E0M0X0
81:FC3F:E0M0X0,81:FC42:E0M0X0
81:FC42:E0M0X0,80:A21A:E0M0X0
81:FC46:E0M0X0,81:FC49:E0M0X0
81:FC49:E0M0X0,81:FC4C:E0M0X0
81:FC4C:E0M0X0,81:FC4D:E0M0X0
81:FC4D:E0M0X0,81:FC4E:E0M0X0
81:FC4E:E0M0X0,81:FC51:E0M0X0
81:FC51:E0M0X0,81:FC52:E0M0X0
81:FC52:E0M0X0,81:FC53:E0M0X0
81:FC53:E0M0X0,81:FC56:E0M0X0
81:FC56:E0M0X0,80:82F7:E0M0X0
81:FC5A:E0M0X0,81:FC5C:E0M1X1
81:FC5C:E0M1X1,81:F909:E0M1X1
81:FC5C:E0M1X1,81:F90E:E0M1X1
81:FC5C:E0M1X1,81:F913:E0M1X1
81:FC5D:E0M1X1,81:FC60:E0M1X1
81:FC60:E0M1X1,81:FC63:E0M1X1
81:FC63:E0M1X1,81:FC64:E0M1X1
81:FC64:E0M1X1,81:FC66:E0M0X0
81:FC66:E0M0X0,81:FC69:E0M0X0
81:FC69:E0M0X0,81:DE80:E0M0X0
81:FC6C:E0M0X0,81:FC6F:E0M0X0
81:FC6F:E0M0X0,80:839B:E0M0X0
81:FC73:E0M0X0,81:FC76:E0M0X0
81:FC76:E0M0X0,81:FC79:E0M0X0
81:FC79:E0M0X0,81:FC7A:E0M0X0
81:FC7A:E0M0X0,81:FC7B:E0M0X0
81:FC7B:E0M0X0,81:FC7E:E0M0X0
81:FC7E:E0M0X0,81:FC7F:E0M0X0
81:FC7F:E0M0X0,81:FC82:E0M0X0
81:FC82:E0M0X0,80:A21A:E0M0X0
81:FC86:E0M0X0,81:FC89:E0M0X0
81:FC89:E0M0X0,81:FC8C:E0M0X0
81:FC8C:E0M0X0,81:FC8D:E0M0X0
81:FC8D:E0M0X0,81:FC8E:E0M0X0
81:FC8E:E0M0X0,81:FC91:E0M0X0
81:FC91:E0M0X0,81:FC94:E0M0X0
81:FC94:E0M0X0,80:82F7:E0M0X0
81:FC98:E0M0X0,81:FC9A:E0M1X1
81:FC9A:E0M1X1,81:F909:E0M1X1
81:FC9A:E0M1X1,81:F90E:E0M1X1
81:FC9A:E0M1X1,81:F913:E0M1X1
81:FC9B:E0M1X1,81:FC9E:E0M1X1
81:FC9E:E0M1X1,81:FCA1:E0M1X1
81:FCA1:E0M1X1,81:FCA2:E0M1X1
81:FCA2:E0M1X1,81:FCA4:E0M0X0
81:FCA4:E0M0X0,81:FCA7:E0M0X0
81:FCA7:E0M0X0,81:DE80:E0M0X0
81:FCAA:E0M0X0,81:FCAD:E0M0X0
81:FCAD:E0M0X0,80:839B:E0M0X0
81:FCB1:E0M0X0,81:FCB4:E0M0X0
81:FCB4:E0M0X0,81:FCB7:E0M0X0
81:FCB7:E0M0X0,81:FCB8:E0M0X0
81:FCB8:E0M0X0,81:FCB9:E0M0X0
81:FCB9:E0M0X0,81:FCBC:E0M0X0
81:FCBC:E0M0X0,81:FCBD:E0M0X0
81:FCBD:E0M0X0,81:FCC0:E0M0X0
81:FCC0:E0M0X0,80:A21A:E0M0X0
81:FCC4:E0M0X0,81:FCC7:E0M0X0
81:FCC7:E0M0X0,81:FCCA:E0M0X0
81:FCCA:E0M0X0,81:FCCB:E0M0X0
81:FCCB:E0M0X0,81:FCCC:E0M0X0
81:FCCC:E0M0X0,81:FCCF:E0M0X0
81:FCCF:E0M0X0,81:FCD2:E0M0X0
81:FCD2:E0M0X0,80:82F7:E0M0X0
81:FCD6:E0M0X0,81:FCD8:E0M1X1
81:FCD8:E0M1X1,81:F909:E0M1X1
81:FCD8:E0M1X1,81:F90E:E0M1X1
81:FCD8:E0M1X1,81:F913:E0M1X1
81:FCD9:E0M1X1,81:FCDC:E0M1X1
81:FCDC:E0M1X1,81:FCDF:E0M1X1
81:FCDF:E0M1X1,81:FCE2:E0M1X1
81:FCE2:E0M1X1,81:FCE5:E0M1X1
81:FCE5:E0M1X1,81:FCE8:E0M1X1
81:FCE8:E0M1X1,81:FCEB:E0M1X1
81:FCEB:E0M1X1,81:FCEE:E0M1X1
81:FCEE:E0M1X1,81:FCF1:E0M1X1
81:FCF1:E0M1X1,81:FCF3:E0M1X1
81:FCF3:E0M1X1,81:FCF6:E0M1X1
81:FCF6:E0M1X1,81:FCF9:E0M1X1
81:FCF9:E0M1X1,81:FCFA:E0M1X1
81:FCFA:E0M1X1,81:FCFD:E0M1X1
81:FCFD:E0M1X1,81:FD00:E0M1X1
81:FD00:E0M1X1,81:FD01:E0M1X1
81:FD01:E0M1X1,81:FD04:E0M1X1
81:FD04:E0M1X1,81:FD07:E0M1X1
81:FD07:E0M1X1,81:FD08:E0M1X1
81:FD08:E0M1X1,81:FD0B:E0M1X1
81:FD0B:E0M1X1,81:FD0E:E0M1X1
81:FD0E:E0M1X1,81:F8BD:E0M1X1
81:FD0F:E0M1X1,81:FD11:E0M1X1
81:FD11:E0M1X1,81:FD23:E0M1X1
81:FD14:E0M1X1,81:FD16:E0M1X1
81:FD14:E0M1X1,81:FD1D:E0M1X1
81:FD16:E0M1X1,81:FD39:E0M1X1
81:FD19:E0M1X1,81:FD1A:E0M1X1
81:FD1A:E0M1X1,81:FD1D:E0M1X1
81:FD1D:E0M1X1,81:FD1E:E0M1X1
81:FD1E:E0M1X1,81:FD20:E0M1X1
81:FD20:E0M1X1,81:FD11:E0M1X1
81:FD20:E0M1X1,81:FD22:E0M1X1
81:FD22:E0M1X1,81:F8BA:E0M1X1
81:FD23:E0M1X1,81:FD25:E0M1X1
81:FD25:E0M1X1,81:FD28:E0M1X1
81:FD28:E0M1X1,81:FD2A:E0M1X1
81:FD2A:E0M1X1,81:FD2C:E0M1X1
81:FD2A:E0M1X1,81:FD32:E0M1X1
81:FD2C:E0M1X1,81:FD2E:E0M1X1
81:FD2E:E0M1X1,81:FD30:E0M1X1
81:FD30:E0M1X1,81:FD32:E0M1X1
81:FD30:E0M1X1,81:FD37:E0M1X1
81:FD32:E0M1X1,81:FD33:E0M1X1
81:FD33:E0M1X1,81:FD25:E0M1X1
81:FD33:E0M1X1,81:FD35:E0M1X1
81:FD35:E0M1X1,81:FD36:E0M1X1
81:FD36:E0M1X1,81:FD14:E0M1X1
81:FD37:E0M1X1,81:FD38:E0M1X1
81:FD38:E0M1X1,81:FD14:E0M1X1
81:FD39:E0M1X1,81:FD3B:E0M1X1
81:FD3B:E0M1X1,81:FD3D:E0M1X1
81:FD3D:E0M1X1,81:FD40:E0M1X1
81:FD40:E0M1X1,81:FD42:E0M1X1
81:FD42:E0M1X1,81:FD44:E0M1X1
81:FD42:E0M1X1,81:FD4F:E0M1X1
81:FD44:E0M1X1,81:FD47:E0M1X1
81:FD47:E0M1X1,81:FD49:E0M1X1
81:FD49:E0M1X1,81:FD4B:E0M1X1
81:FD49:E0M1X1,81:FD4F:E0M1X1
81:FD4B:E0M1X1,81:FD4D:E0M1X1
81:FD4D:E0M1X1,81:FD4F:E0M1X1
81:FD4F:E0M1X1,81:FD50:E0M1X1
81:FD50:E0M1X1,81:FD3D:E0M1X1
81:FD50:E0M1X1,81:FD52:E0M1X1
81:FD52:E0M1X1,81:FD54:E0M1X1
81:FD54:E0M1X1,81:FD19:E0M1X1
81:FD55:E0M1X1,81:FD58:E0M1X1
81:FD58:E0M1X1,81:FD59:E0M1X1
81:FD59:E0M1X1,81:FD5A:E0M1X1
81:FD5A:E0M1X1,81:FD77:E0M1X1
81:FD5A:E0M1X1,81:FD7F:E0M1X1
81:FD5A:E0M1X1,81:FD80:E0M1X1
81:FD5A:E0M1X1,81:FD91:E0M1X1
81:FD5A:E0M1X1,81:FD9F:E0M1X1
81:FD5A:E0M1X1,81:FDB3:E0M1X1
81:FD5A:E0M1X1,81:FDC7:E0M1X1
81:FD5A:E0M1X1,81:FDDB:E0M1X1
81:FD77:E0M1X1,81:FD7A:E0M1X1
81:FD7A:E0M1X1,81:FD7C:E0M1X1
81:FD7A:E0M1X1,81:FD7F:E0M1X1
81:FD7C:E0M1X1,81:FD7F:E0M1X1
81:FD7F:E0M1X1,81:F95C:E0M1X1
81:FD80:E0M1X1,81:FD83:E0M1X1
81:FD83:E0M1X1,81:FD80:E0M1X1
81:FD83:E0M1X1,81:FD85:E0M1X1
81:FD85:E0M1X1,81:FD87:E0M1X1
81:FD87:E0M1X1,81:FD8A:E0M1X1
81:FD8A:E0M1X1,81:FD8D:E0M1X1
81:FD8D:E0M1X1,81:FDE8:E0M1X1
81:FD90:E0M1X1,81:F95C:E0M1X1
81:FD91:E0M1X1,81:FD93:E0M1X1
81:FD93:E0M1X1,81:FD96:E0M1X1
81:FD96:E0M1X1,81:FD99:E0M1X1
81:FD99:E0M1X1,81:FD9B:E0M1X1
81:FD9B:E0M1X1,81:FD9E:E0M1X1
81:FD9E:E0M1X1,81:F95C:E0M1X1
81:FD9F:E0M1X1,81:FDA1:E0M0X1
81:FDA1:E0M0X1,81:FDA4:E0M0X1
81:FDA4:E0M0X1,81:FDA5:E0M0X1
81:FDA5:E0M0X1,81:FDA8:E0M0X1
81:FDA8:E0M0X1,81:FDAB:E0M0X1
81:FDAB:E0M0X1,81:FDAD:E0M1X1
81:FDAD:E0M1X1,81:FDAF:E0M1X1
81:FDAD:E0M1X1,81:FDB2:E0M1X1
81:FDAF:E0M1X1,81:FDB2:E0M1X1
81:FDB2:E0M1X1,81:F95C:E0M1X1
81:FDB3:E0M1X1,81:FDB5:E0M0X1
81:FDB5:E0M0X1,81:FDB8:E0M0X1
81:FDB8:E0M0X1,81:FDB9:E0M0X1
81:FDB9:E0M0X1,81:FDBC:E0M0X1
81:FDBC:E0M0X1,81:FDBF:E0M0X1
81:FDBF:E0M0X1,81:FDC1:E0M1X1
81:FDC1:E0M1X1,81:FDC3:E0M1X1
81:FDC1:E0M1X1,81:FDC6:E0M1X1
81:FDC3:E0M1X1,81:FDC6:E0M1X1
81:FDC6:E0M1X1,81:F95C:E0M1X1
81:FDC7:E0M1X1,81:FDC9:E0M0X1
81:FDC9:E0M0X1,81:FDCC:E0M0X1
81:FDCC:E0M0X1,81:FDCD:E0M0X1
81:FDCD:E0M0X1,81:FDD0:E0M0X1
81:FDD0:E0M0X1,81:FDD3:E0M0X1
81:FDD3:E0M0X1,81:FDD5:E0M1X1
81:FDD5:E0M1X1,81:FDD7:E0M1X1
81:FDD5:E0M1X1,81:FDDA:E0M1X1
81:FDD7:E0M1X1,81:FDDA:E0M1X1
81:FDDA:E0M1X1,81:F95C:E0M1X1
81:FDDB:E0M1X1,81:FDDE:E0M1X1
81:FDDE:E0M1X1,81:FD7F:E0M1X1
81:FDDE:E0M1X1,81:FDE0:E0M1X1
81:FDE0:E0M1X1,81:FDE3:E0M1X1
81:FDE3:E0M1X1,81:FD7F:E0M1X1
81:FDE3:E0M1X1,81:FDE5:E0M1X1
81:FDE5:E0M1X1,81:FDE8:E0M1X1
81:FDE8:E0M1X1,81:FDEB:E0M1X1
81:FDEB:E0M1X1,81:FDEE:E0M1X1
81:FDEE:E0M1X1,81:FDF1:E0M1X1
81:FDF1:E0M1X1,81:FDF4:E0M1X1
81:FDF4:E0M1X1,81:FDF5:E0M1X1
81:FDF5:E0M1X1,81:FDF8:E0M1X1
81:FDF8:E0M1X1,81:FDFB:E0M1X1
81:FDFB:E0M1X1,80:FBA5:E0M1X1
81:FDFF:E0M1X1,81:F95C:E0M1X1
81:FDFF:E0M1X1,81:FD90:E0M1X1
81:FE00:E0M1X1,81:FE02:E0M0X1
81:FE02:E0M0X1,81:FE05:E0M0X1
81:FE05:E0M0X1,81:FE06:E0M0X1
81:FE06:E0M0X1,81:FE09:E0M0X1
81:FE09:E0M0X1,81:FE0C:E0M0X1
81:FE0C:E0M0X1,81:FE0E:E0M1X1
81:FE0E:E0M1X1,81:FE10:E0M1X1
81:FE0E:E0M1X1,81:FE20:E0M1X1
81:FE10:E0M1X1,81:FE11:E0M1X1
81:FE11:E0M1X1,81:FE14:E0M1X1
81:FE14:E0M1X1,81:FE15:E0M1X1
81:FE15:E0M1X1,81:FE18:E0M1X1
81:FE18:E0M1X1,81:FE1B:E0M1X1
81:FE1B:E0M1X1,81:FE1D:E0M1X1
81:FE1D:E0M1X1,81:FE20:E0M1X1
81:FE20:E0M1X1,81:FE22:E0M0X1
81:FE22:E0M0X1,81:FE25:E0M0X1
81:FE25:E0M0X1,81:FE26:E0M0X1
81:FE26:E0M0X1,81:FE29:E0M0X1
81:FE29:E0M0X1,81:FE2C:E0M0X1
81:FE2C:E0M0X1,81:FE2E:E0M0X1
81:FE2C:E0M0X1,81:FE46:E0M0X1
81:FE2E:E0M0X1,81:FE31:E0M0X1
81:FE31:E0M0X1,81:FE33:E0M0X1
81:FE31:E0M0X1,81:FE54:E0M0X1
81:FE33:E0M0X1,81:FE35:E0M1X1
81:FE35:E0M1X1,81:FE36:E0M1X1
81:FE36:E0M1X1,81:FE39:E0M1X1
81:FE39:E0M1X1,81:FE3C:E0M1X1
81:FE3C:E0M1X1,81:FE3F:E0M1X1
81:FE3F:E0M1X1,81:FE41:E0M1X1
81:FE41:E0M1X1,81:FE44:E0M1X1
81:FE44:E0M1X1,81:FE54:E0M1X1
81:FE46:E0M0X1,81:FE48:E0M1X1
81:FE48:E0M1X1,81:FE49:E0M1X1
81:FE49:E0M1X1,81:FE4C:E0M1X1
81:FE4C:E0M1X1,81:FE4F:E0M1X1
81:FE4F:E0M1X1,81:FE51:E0M1X1
81:FE51:E0M1X1,81:FE54:E0M1X1
81:FE54:E0M0X1,81:FE56:E0M0X1
81:FE54:E0M1X1,81:FE56:E0M0X1
81:FE56:E0M0X1,81:FE59:E0M0X1
81:FE59:E0M0X1,81:FE5A:E0M0X1
81:FE5A:E0M0X1,81:FE5D:E0M0X1
81:FE5D:E0M0X1,81:FE60:E0M0X1
81:FE60:E0M0X1,81:FE62:E0M1X1
81:FE62:E0M1X1,81:FE64:E0M1X1
81:FE62:E0M1X1,81:FE74:E0M1X1
81:FE64:E0M1X1,81:FE65:E0M1X1
81:FE65:E0M1X1,81:FE68:E0M1X1
81:FE68:E0M1X1,81:FE69:E0M1X1
81:FE69:E0M1X1,81:FE6C:E0M1X1
81:FE6C:E0M1X1,81:FE6F:E0M1X1
81:FE6F:E0M1X1,81:FE71:E0M1X1
81:FE71:E0M1X1,81:FE74:E0M1X1
81:FE74:E0M1X1,81:F962:E0M1X1
81:FE75:E0M1X1,81:FE76:E0M1X1
81:FE76:E0M1X1,81:FE77:E0M1X1
81:FE77:E0M1X1,81:FE78:E0M1X1
81:FE78:E0M1X1,81:FE7D:E0M1X1
81:FE7B:E0M1X1,81:FE7C:E0M1X1
81:FE7C:E0M1X1,80:81ED:E0M1X1
81:FE7D:E0M1X1,81:9EDB:E0M1X1
81:FE80:E0M1X1,81:FE83:E0M1X1
81:FE83:E0M1X1,81:FE85:E0M1X1
81:FE85:E0M1X1,81:FE88:E0M1X1
81:FE88:E0M1X1,81:FE8B:E0M1X1
81:FE8B:E0M1X1,81:FE8E:E0M1X1
81:FE8E:E0M1X1,81:FE91:E0M1X1
81:FE91:E0M1X1,81:FE94:E0M1X1
81:FE94:E0M1X1,81:FE97:E0M1X1
81:FE97:E0M1X1,81:FE9A:E0M1X1
81:FE9A:E0M1X1,81:FE9D:E0M1X1
81:FE9D:E0M1X1,81:FEA0:E0M1X1
81:FEA0:E0M1X1,81:FEA3:E0M1X1
81:FEA3:E0M1X1,81:9CB6:E0M1X1
92:8B00:E0M1X1,92:8B01:E0M1X1
92:8B01:E0M1X1,92:8B02:E0M1X1
92:8B02:E0M1X1,92:8B03:E0M1X1
92:8B03:E0M1X1,92:8B04:E0M1X1
92:8B04:E0M1X1,92:8B06:E0M0X0
92:8B06:E0M0X0,92:8B07:E0M0X0
92:8B07:E0M0X0,92:8B08:E0M0X0
92:8B08:E0M0X0,92:8B0B:E0M0X0
92:8B0B:E0M0X0,92:8B0C:E0M0X0
92:8B0C:E0M0X0,92:8B0D:E0M0X0
92:8B0D:E0M0X0,92:8B10:E0M0X0
92:8B10:E0M0X0,92:8B13:E0M0X0
92:8B13:E0M0X0,92:8B16:E0M0X0
92:8B16:E0M0X0,92:8B19:E0M0X0
92:8B19:E0M0X0,92:8B1C:E0M0X0
92:8B1C:E0M0X0,92:8B1F:E0M0X0
92:8B1F:E0M0X0,92:8B22:E0M0X0
92:8B22:E0M0X0,92:8B25:E0M0X0
92:8B25:E0M0X0,92:8B28:E0M0X0
92:8B28:E0M0X0,92:8B2B:E0M0X0
92:8B2B:E0M0X0,92:8B2E:E0M0X0
92:8B2E:E0M0X0,92:8B30:E0M1X0
92:8B30:E0M1X0,92:8B33:E0M1X0
92:8B33:E0M1X0,92:8B35:E0M1X0
92:8B35:E0M1X0,92:8B37:E0M1X0
92:8B37:E0M1X0,92:8B39:E0M1X0
92:8B39:E0M1X0,92:8B3B:E0M1X0
92:8B3B:E0M1X0,92:8B3D:E0M1X0
92:8B3D:E0M1X0,92:8B3F:E0M1X0
92:8B3F:E0M1X0,92:8B41:E0M1X0
92:8B41:E0M1X0,92:8B43:E0M1X0
92:8B43:E0M1X0,92:8B45:E0M1X0
92:8B45:E0M1X0,92:8B47:E0M1X0
92:8B47:E0M1X0,92:8B4A:E0M1X0
92:8B4A:E0M1X0,92:8B4C:E0M1X0
92:8B4A:E0M1X0,92:8B51:E0M1X0
92:8B4C:E0M1X0,92:8B4E:E0M1X0
92:8B4E:E0M1X0,92:8B51:E0M1X0
92:8B51:E0M1X0,92:8B53:E0M0X0
92:8B53:E0M0X0,92:9051:E0M0X0
92:8B56:E0M0X0,92:8B59:E0M0X0
92:8B59:E0M0X0,92:8B5C:E0M0X0
92:8B5C:E0M0X0,92:8B5D:E0M0X0
92:8B5D:E0M0X0,92:8B5E:E0M0X0
92:8B5E:E0M0X0,92:8B61:E0M0X0
92:8B61:E0M0X0,92:8B63:E0M0X0
92:8B63:E0M0X0,92:8B66:E0M0X0
92:8B66:E0M0X0,92:8B68:E0M0X0
92:8B68:E0M0X0,92:8B6B:E0M0X0
92:8B6B:E0M0X0,92:8B6D:E0M0X0
92:8B6D:E0M0X0,92:8B70:E0M0X0
92:8B70:E0M0X0,92:8B72:E0M0X0
92:8B72:E0M0X0,92:8B75:E0M0X0
92:8B75:E0M0X0,92:8B77:E0M0X0
92:8B77:E0M0X0,92:8B79:E0M0X0
92:8B79:E0M0X0,92:8B7B:E0M0X0
92:8B7B:E0M0X0,92:8B7C:E0M0X0
92:8B7C:E0M0X0,92:8B7D:E0M0X0
92:8B7D:E0M0X0,92:8B7E:E0M0X0
92:8B7E:E0M0X0,92:8B80:E0M0X0
92:8B80:E0M0X0,92:8B81:E0M0X0
92:8B81:E0M0X0,92:8B84:E0M0X0
92:8B84:E0M0X0,92:8B87:E0M0X0
92:8B87:E0M0X0,92:8B88:E0M0X0
92:8B88:E0M0X0,92:8B89:E0M0X0
92:8B89:E0M0X0,92:8C4B:E0M0X0
92:8B89:E0M0X0,92:8C4C:E0M0X0
92:8B89:E0M0X0,92:8CEF:E0M0X0
92:8B89:E0M0X0,92:8E00:E0M0X0
92:8B89:E0M0X0,92:8E0D:E0M0X0
92:8B89:E0M0X0,92:8E1A:E0M0X0
92:8B89:E0M0X0,92:8E22:E0M0X0
92:8B89:E0M0X0,92:8E3B:E0M0X0
92:8B89:E0M0X0,92:8E40:E0M0X0
92:8B89:E0M0X0,92:8E45:E0M0X0
92:8B89:E0M0X0,92:8E4A:E0M0X0
92:8B89:E0M0X0,92:8E4F:E0M0X0
92:8B89:E0M0X0,92:8E5B:E0M0X0
92:8B89:E0M0X0,92:8E60:E0M0X0
92:8B89:E0M0X0,92:8E65:E0M0X0
92:8B89:E0M0X0,92:8E6A:E0M0X0
92:8B8C:E0M0X0,92:8B8E:E0M0X0
92:8B8E:E0M0X0,92:8B8F:E0M0X0
92:8B8F:E0M0X0,92:8B90:E0M0X0
92:8B90:E0M0X0,92:8B93:E0M0X0
92:8B93:E0M0X0,92:8B70:E0M0X0
92:8B93:E0M0X0,92:8B95:E0M0X0
92:8B95:E0M0X0,92:8B98:E0M0X0
92:8B98:E0M0X0,92:8B9A:E0M0X0
92:8B9A:E0M0X0,92:8B9D:E0M0X0
92:8B9D:E0M0X0,92:8B9F:E0M0X0
92:8B9F:E0M0X0,92:8BA1:E0M0X0
92:8BA1:E0M0X0,92:8BA2:E0M0X0
92:8BA2:E0M0X0,92:8BA3:E0M0X0
92:8BA3:E0M0X0,92:8BA4:E0M0X0
92:8BA4:E0M0X0,92:8BA6:E0M0X0
92:8BA6:E0M0X0,92:8BA7:E0M0X0
92:8BA7:E0M0X0,92:8BAA:E0M0X0
92:8BAA:E0M0X0,92:8BAD:E0M0X0
92:8BAD:E0M0X0,92:8BAE:E0M0X0
92:8BAE:E0M0X0,92:8BAF:E0M0X0
92:8BAF:E0M0X0,92:8C4B:E0M0X0
92:8BAF:E0M0X0,92:8FC7:E0M0X0
92:8BAF:E0M0X0,92:8FCF:E0M0X0
92:8BAF:E0M0X0,92:8FD7:E0M0X0
92:8BAF:E0M0X0,92:8FDF:E0M0X0
92:8BAF:E0M0X0,92:8FE7:E0M0X0
92:8BB2:E0M0X0,92:A7D2:E0M0X0
92:8BB5:E0M0X0,92:8BB7:E0M0X0
92:8BB7:E0M0X0,92:8BB8:E0M0X0
92:8BB8:E0M0X0,92:8BB9:E0M0X0
92:8BB9:E0M0X0,92:8BBC:E0M0X0
92:8BBC:E0M0X0,92:8B98:E0M0X0
92:8BBC:E0M0X0,92:8BBE:E0M0X0
92:8BBE:E0M0X0,92:A214:E0M0X0
92:8BC1:E0M0X0,92:8BC2:E0M0X0
92:8BC2:E0M0X0,92:8BC3:E0M0X0
92:8BC3:E0M0X0,92:8BC6:E0M0X0
92:8BC6:E0M0X0,92:8BC7:E0M0X0
92:8BC7:E0M0X0,92:8BC8:E0M0X0
92:8BC8:E0M0X0,92:8BC9:E0M0X0
92:8BC9:E0M0X0,92:8BCA:E0M1X1
92:8BCA:E0M1X1,80:C258:E0M1X1
92:8C4B:E0M0X0,92:8B8C:E0M0X0
92:8C4B:E0M0X0,92:8BB2:E0M0X0
92:8C4C:E0M0X0,92:8C4F:E0M0X0
92:8C4F:E0M0X0,92:8C51:E0M0X0
92:8C51:E0M0X0,92:8C53:E0M0X0
92:8C53:E0M0X0,92:8C54:E0M0X0
92:8C54:E0M0X0,92:8C57:E0M0X0
92:8C57:E0M0X0,92:8C59:E0M0X0
92:8C59:E0M0X0,92:8C5B:E0M0X0
92:8C5B:E0M0X0,92:8C5D:E0M1X0
92:8C5D:E0M1X0,92:8C60:E0M1X0
92:8C60:E0M1X0,92:8C63:E0M1X0
92:8C63:E0M1X0,92:8C64:E0M1X0
92:8C64:E0M1X0,92:8C65:E0M1X0
92:8C65:E0M1X0,92:8C67:E0M0X0
92:8C67:E0M0X0,92:8C6A:E0M0X0
92:8C6A:E0M0X0,92:8C6B:E0M0X0
92:8C6B:E0M0X0,92:8C6C:E0M0X0
92:8C6C:E0M0X0,92:8C6E:E0M0X0
92:8C6E:E0M0X0,92:8C70:E0M0X0
92:8C6E:E0M0X0,92:8C8C:E0M0X0
92:8C70:E0M0X0,92:8C72:E0M0X0
92:8C72:E0M0X0,92:8C74:E0M0X0
92:8C74:E0M0X0,92:8C76:E0M0X0
92:8C76:E0M0X0,92:8C79:E0M0X0
92:8C79:E0M0X0,92:8C7C:E0M0X0
92:8C7C:E0M0X0,92:8C7D:E0M0X0
92:8C7D:E0M0X0,92:8C7E:E0M0X0
92:8C7E:E0M0X0,92:8C80:E0M0X0
92:8C80:E0M0X0,92:8C83:E0M0X0
92:8C83:E0M0X0,92:8C84:E0M0X0
92:8C84:E0M0X0,92:8C86:E0M0X0
92:8C86:E0M0X0,92:8C89:E0M0X0
92:8C89:E0M0X0,92:8D99:E0M0X0
92:8C8C:E0M0X0,92:8C8E:E0M0X0
92:8C8E:E0M0X0,92:8C91:E0M0X0
92:8C91:E0M0X0,92:8C94:E0M0X0
92:8C94:E0M0X0,92:8C95:E0M0X0
92:8C95:E0M0X0,92:8C96:E0M0X0
92:8C96:E0M0X0,92:8C98:E0M0X0
92:8C98:E0M0X0,92:8C99:E0M0X0
92:8C99:E0M0X0,92:8C9C:E0M0X0
92:8C9C:E0M0X0,92:8C9D:E0M0X0
92:8C9D:E0M0X0,92:8C9F:E0M0X0
92:8C9F:E0M0X0,92:8CA2:E0M0X0
92:8CA2:E0M0X0,92:8CA4:E0M0X0
92:8CA4:E0M0X0,92:8CA5:E0M0X0
92:8CA5:E0M0X0,92:8CA7:E0M0X0
92:8CA7:E0M0X0,92:8CA9:E0M0X0
92:8CA9:E0M0X0,92:8CAA:E0M0X0
92:8CAA:E0M0X0,92:8CAC:E0M0X0
92:8CAC:E0M0X0,92:8CC4:E0M0X0
92:8CAF:E0M0X0,92:8CB0:E0M0X0
92:8CB0:E0M0X0,92:8CB2:E0M0X0
92:8CB2:E0M0X0,92:8CB5:E0M0X0
92:8CB5:E0M0X0,92:8CB7:E0M0X0
92:8CB7:E0M0X0,92:8CB9:E0M0X0
92:8CB9:E0M0X0,92:8CBB:E0M0X0
92:8CBB:E0M0X0,92:8CBC:E0M0X0
92:8CBC:E0M0X0,92:8CBF:E0M0X0
92:8CBF:E0M0X0,92:8CC1:E0M0X0
92:8CC1:E0M0X0,92:8C5B:E0M0X0
92:8CC1:E0M0X0,92:8CC3:E0M0X0
92:8CC3:E0M0X0,92:8B8C:E0M0X0
92:8CC3:E0M0X0,92:8E32:E0M0X0
92:8CC4:E0M0X0,92:8CC6:E0M0X0
92:8CC6:E0M0X0,92:8CC8:E0M0X0
92:8CC8:E0M0X0,92:8CCA:E0M0X0
92:8CC8:E0M0X0,92:8CEE:E0M0X0
92:8CCA:E0M0X0,92:8CCC:E0M0X0
92:8CCC:E0M0X0,92:8CCF:E0M0X0
92:8CCF:E0M0X0,92:8CD2:E0M0X0
92:8CD2:E0M0X0,92:8CD4:E0M0X0
92:8CD4:E0M0X0,92:8CD5:E0M0X0
92:8CD5:E0M0X0,92:8CD7:E0M0X0
92:8CD7:E0M0X0,92:8DCC:E0M0X0
92:8CDA:E0M0X0,92:8CDB:E0M0X0
92:8CDB:E0M0X0,92:8CDC:E0M0X0
92:8CDC:E0M0X0,92:8CDF:E0M0X0
92:8CDF:E0M0X0,92:8CE0:E0M0X0
92:8CE0:E0M0X0,92:8CE2:E0M0X0
92:8CE2:E0M0X0,92:8CD5:E0M0X0
92:8CE2:E0M0X0,92:8CE4:E0M0X0
92:8CE4:E0M0X0,92:8CE5:E0M0X0
92:8CE5:E0M0X0,92:8CE6:E0M0X0
92:8CE6:E0M0X0,92:8CE9:E0M0X0
92:8CE9:E0M0X0,92:8CEA:E0M0X0
92:8CEA:E0M0X0,92:8CEC:E0M0X0
92:8CEC:E0M0X0,92:8CCF:E0M0X0
92:8CEC:E0M0X0,92:8CEE:E0M0X0
92:8CEE:E0M0X0,92:8CAF:E0M0X0
92:8CEF:E0M0X0,92:8CF2:E0M0X0
92:8CF2:E0M0X0,92:8CF4:E0M0X0
92:8CF4:E0M0X0,92:8CF6:E0M0X0
92:8CF6:E0M0X0,92:8CF7:E0M0X0
92:8CF7:E0M0X0,92:8CFA:E0M0X0
92:8CFA:E0M0X0,92:8CFC:E0M0X0
92:8CFC:E0M0X0,92:8CFE:E0M0X0
92:8CFE:E0M0X0,92:8CFF:E0M0X0
92:8CFF:E0M0X0,92:8D02:E0M0X0
92:8D02:E0M0X0,92:8D04:E0M0X0
92:8D04:E0M0X0,92:8D05:E0M0X0
92:8D05:E0M0X0,92:8D07:E0M1X0
92:8D07:E0M1X0,92:8D0A:E0M1X0
92:8D0A:E0M1X0,92:8D0D:E0M1X0
92:8D0D:E0M1X0,92:8D0E:E0M1X0
92:8D0E:E0M1X0,92:8D0F:E0M1X0
92:8D0F:E0M1X0,92:8D11:E0M0X0
92:8D11:E0M0X0,92:8D14:E0M0X0
92:8D14:E0M0X0,92:8D15:E0M0X0
92:8D15:E0M0X0,92:8D16:E0M0X0
92:8D16:E0M0X0,92:8D18:E0M0X0
92:8D18:E0M0X0,92:8D1A:E0M0X0
92:8D18:E0M0X0,92:8D36:E0M0X0
92:8D1A:E0M0X0,92:8D1C:E0M0X0
92:8D1C:E0M0X0,92:8D1E:E0M0X0
92:8D1E:E0M0X0,92:8D20:E0M0X0
92:8D20:E0M0X0,92:8D23:E0M0X0
92:8D23:E0M0X0,92:8D26:E0M0X0
92:8D26:E0M0X0,92:8D27:E0M0X0
92:8D27:E0M0X0,92:8D28:E0M0X0
92:8D28:E0M0X0,92:8D2A:E0M0X0
92:8D2A:E0M0X0,92:8D2D:E0M0X0
92:8D2D:E0M0X0,92:8D2E:E0M0X0
92:8D2E:E0M0X0,92:8D30:E0M0X0
92:8D30:E0M0X0,92:8D33:E0M0X0
92:8D33:E0M0X0,92:8D99:E0M0X0
92:8D36:E0M0X0,92:8D38:E0M0X0
92:8D38:E0M0X0,92:8D3B:E0M0X0
92:8D3B:E0M0X0,92:8D3E:E0M0X0
92:8D3E:E0M0X0,92:8D3F:E0M0X0
92:8D3F:E0M0X0,92:8D40:E0M0X0
92:8D40:E0M0X0,92:8D42:E0M0X0
92:8D42:E0M0X0,92:8D43:E0M0X0
92:8D43:E0M0X0,92:8D46:E0M0X0
92:8D46:E0M0X0,92:8D47:E0M0X0
92:8D47:E0M0X0,92:8D49:E0M0X0
92:8D49:E0M0X0,92:8D4C:E0M0X0
92:8D4C:E0M0X0,92:8D4E:E0M0X0
92:8D4E:E0M0X0,92:8D4F:E0M0X0
92:8D4F:E0M0X0,92:8D51:E0M0X0
92:8D51:E0M0X0,92:8D53:E0M0X0
92:8D53:E0M0X0,92:8D54:E0M0X0
92:8D54:E0M0X0,92:8D56:E0M0X0
92:8D56:E0M0X0,92:8D6E:E0M0X0
92:8D59:E0M0X0,92:8D5A:E0M0X0
92:8D5A:E0M0X0,92:8D5C:E0M0X0
92:8D5C:E0M0X0,92:8D5F:E0M0X0
92:8D5F:E0M0X0,92:8D61:E0M0X0
92:8D61:E0M0X0,92:8D63:E0M0X0
92:8D63:E0M0X0,92:8D65:E0M0X0
92:8D65:E0M0X0,92:8D66:E0M0X0
92:8D66:E0M0X0,92:8D69:E0M0X0
92:8D69:E0M0X0,92:8D6B:E0M0X0
92:8D6B:E0M0X0,92:8D05:E0M0X0
92:8D6B:E0M0X0,92:8D6D:E0M0X0
92:8D6D:E0M0X0,92:8B8C:E0M0X0
92:8D6D:E0M0X0,92:8E32:E0M0X0
92:8D6E:E0M0X0,92:8D70:E0M0X0
92:8D70:E0M0X0,92:8D72:E0M0X0
92:8D72:E0M0X0,92:8D74:E0M0X0
92:8D72:E0M0X0,92:8D98:E0M0X0
92:8D74:E0M0X0,92:8D76:E0M0X0
92:8D76:E0M0X0,92:8D79:E0M0X0
92:8D79:E0M0X0,92:8D7C:E0M0X0
92:8D7C:E0M0X0,92:8D7E:E0M0X0
92:8D7E:E0M0X0,92:8D7F:E0M0X0
92:8D7F:E0M0X0,92:8D81:E0M0X0
92:8D81:E0M0X0,92:8DDF:E0M0X0
92:8D84:E0M0X0,92:8D85:E0M0X0
92:8D85:E0M0X0,92:8D86:E0M0X0
92:8D86:E0M0X0,92:8D89:E0M0X0
92:8D89:E0M0X0,92:8D8A:E0M0X0
92:8D8A:E0M0X0,92:8D8C:E0M0X0
92:8D8C:E0M0X0,92:8D7F:E0M0X0
92:8D8C:E0M0X0,92:8D8E:E0M0X0
92:8D8E:E0M0X0,92:8D8F:E0M0X0
92:8D8F:E0M0X0,92:8D90:E0M0X0
92:8D90:E0M0X0,92:8D93:E0M0X0
92:8D93:E0M0X0,92:8D94:E0M0X0
92:8D94:E0M0X0,92:8D96:E0M0X0
92:8D96:E0M0X0,92:8D79:E0M0X0
92:8D96:E0M0X0,92:8D98:E0M0X0
92:8D98:E0M0X0,92:8D59:E0M0X0
92:8D99:E0M0X0,92:8D9B:E0M0X0
92:8D9B:E0M0X0,92:8D9D:E0M0X0
92:8D9D:E0M0X0,92:8D9F:E0M0X0
92:8D9F:E0M0X0,92:8DA1:E0M0X0
92:8D9F:E0M0X0,92:8DCB:E0M0X0
92:8DA1:E0M0X0,92:8DA3:E0M0X0
92:8DA3:E0M0X0,92:8DA6:E0M0X0
92:8DA6:E0M0X0,92:8DA8:E0M0X0
92:8DA8:E0M0X0,92:8DAA:E0M0X0
92:8DAA:E0M0X0,92:8DAD:E0M0X0
92:8DAD:E0M0X0,92:8DAF:E0M0X0
92:8DAF:E0M0X0,92:8DB0:E0M0X0
92:8DB0:E0M0X0,92:8DB2:E0M0X0
92:8DB2:E0M0X0,92:8DB5:E0M0X0
92:8DB5:E0M0X0,92:8DB7:E0M0X0
92:8DB5:E0M0X0,92:8DC1:E0M0X0
92:8DB7:E0M0X0,92:8DB8:E0M0X0
92:8DB8:E0M0X0,92:8DBA:E0M0X0
92:8DBA:E0M0X0,92:8DBC:E0M0X0
92:8DBC:E0M0X0,92:8DC0:E0M0X0
92:8DC0:E0M0X0,92:8DC1:E0M0X0
92:8DC1:E0M0X0,92:8DC2:E0M0X0
92:8DC2:E0M0X0,92:8DC3:E0M0X0
92:8DC3:E0M0X0,92:8DC4:E0M0X0
92:8DC4:E0M0X0,92:8DC7:E0M0X0
92:8DC7:E0M0X0,92:8DC9:E0M0X0
92:8DC9:E0M0X0,92:8DB2:E0M0X0
92:8DC9:E0M0X0,92:8DCB:E0M0X0
92:8DCB:E0M0X0,92:8C8C:E0M0X0
92:8DCB:E0M0X0,92:8D36:E0M0X0
92:8DCB:E0M0X0,92:8FBB:E0M0X0
92:8DCC:E0M0X0,92:8DCE:E0M0X0
92:8DCC:E0M0X0,92:8DDC:E0M0X0
92:8DCE:E0M0X0,92:8DD0:E0M0X0
92:8DCE:E0M0X0,92:8DD8:E0M0X0
92:8DD0:E0M0X0,92:8DD3:E0M0X0
92:8DD3:E0M0X0,92:8DD4:E0M0X0
92:8DD4:E0M0X0,92:8DD8:E0M0X0
92:8DD8:E0M0X0,92:8DDC:E0M0X0
92:8DDC:E0M0X0,92:8DDD:E0M0X0
92:8DDD:E0M0X0,92:8DDE:E0M0X0
92:8DDE:E0M0X0,92:8CDA:E0M0X0
92:8DDE:E0M0X0,92:8EA2:E0M0X0
92:8DDE:E0M0X0,92:903B:E0M0X0
92:8DDF:E0M0X0,92:8DE1:E0M0X0
92:8DDF:E0M0X0,92:8DF4:E0M0X0
92:8DE1:E0M0X0,92:8DE3:E0M0X0
92:8DE1:E0M0X0,92:8DED:E0M0X0
92:8DE3:E0M0X0,92:8DE6:E0M0X0
92:8DE6:E0M0X0,92:8DE7:E0M0X0
92:8DE7:E0M0X0,92:8DEB:E0M0X0
92:8DEB:E0M0X0,92:8DF0:E0M0X0
92:8DED:E0M0X0,92:8DF0:E0M0X0
92:8DF0:E0M0X0,92:8DF4:E0M0X0
92:8DF4:E0M0X0,92:8DF5:E0M0X0
92:8DF5:E0M0X0,92:8DF6:E0M0X0
92:8DF6:E0M0X0,92:8D84:E0M0X0
92:8E00:E0M0X0,92:8E03:E0M0X0
92:8E03:E0M0X0,92:8E06:E0M0X0
92:8E06:E0M0X0,92:8E08:E0M0X0
92:8E08:E0M0X0,92:8E0B:E0M0X0
92:8E0B:E0M0X0,92:8E28:E0M0X0
92:8E0D:E0M0X0,92:8E10:E0M0X0
92:8E10:E0M0X0,92:8E13:E0M0X0
92:8E13:E0M0X0,92:8E15:E0M0X0
92:8E15:E0M0X0,92:8E18:E0M0X0
92:8E18:E0M0X0,92:8E28:E0M0X0
92:8E1A:E0M0X0,92:8E1D:E0M0X0
92:8E1D:E0M0X0,92:8E20:E0M0X0
92:8E20:E0M0X0,92:8E28:E0M0X0
92:8E22:E0M0X0,92:8E25:E0M0X0
92:8E25:E0M0X0,92:8E28:E0M0X0
92:8E28:E0M0X0,92:8E2A:E0M0X0
92:8E2A:E0M0X0,92:8E2C:E0M0X0
92:8E2C:E0M0X0,92:8E2F:E0M0X0
92:8E2F:E0M0X0,92:8E30:E0M0X0
92:8E30:E0M0X0,92:8E31:E0M0X0
92:8E31:E0M0X0,92:8C4C:E0M0X0
92:8E31:E0M0X0,92:8C51:E0M0X0
92:8E31:E0M0X0,92:8CEF:E0M0X0
92:8E31:E0M0X0,92:8CF4:E0M0X0
92:8E32:E0M0X0,92:8E33:E0M0X0
92:8E33:E0M0X0,92:8E35:E0M0X0
92:8E35:E0M0X0,92:8E36:E0M0X0
92:8E36:E0M0X0,92:8E38:E0M0X0
92:8E38:E0M0X0,92:8E39:E0M0X0
92:8E39:E0M0X0,92:8E6D:E0M0X0
92:8E3B:E0M0X0,92:8E3E:E0M0X0
92:8E3E:E0M0X0,92:8E6D:E0M0X0
92:8E40:E0M0X0,92:8E43:E0M0X0
92:8E43:E0M0X0,92:8E6D:E0M0X0
92:8E45:E0M0X0,92:8E48:E0M0X0
92:8E48:E0M0X0,92:8E6D:E0M0X0
92:8E4A:E0M0X0,92:8E4D:E0M0X0
92:8E4D:E0M0X0,92:8E6D:E0M0X0
92:8E4F:E0M0X0,92:8E52:E0M0X0
92:8E52:E0M0X0,92:8E54:E0M0X0
92:8E54:E0M0X0,92:8E56:E0M0X0
92:8E56:E0M0X0,92:8E59:E0M0X0
92:8E59:E0M0X0,92:8E74:E0M0X0
92:8E5B:E0M0X0,92:8E5E:E0M0X0
92:8E5E:E0M0X0,92:8E6D:E0M0X0
92:8E60:E0M0X0,92:8E63:E0M0X0
92:8E63:E0M0X0,92:8E6D:E0M0X0
92:8E65:E0M0X0,92:8E68:E0M0X0
92:8E68:E0M0X0,92:8E6D:E0M0X0
92:8E6A:E0M0X0,92:8E6D:E0M0X0
92:8E6D:E0M0X0,92:8E6F:E0M0X0
92:8E6F:E0M0X0,92:8E71:E0M0X0
92:8E71:E0M0X0,92:8E74:E0M0X0
92:8E74:E0M0X0,92:8E77:E0M0X0
92:8E77:E0M0X0,92:8E78:E0M0X0
92:8E78:E0M0X0,92:8E79:E0M0X0
92:8E79:E0M0X0,92:8E7A:E0M0X0
92:8E7A:E0M0X0,92:8E7C:E0M0X0
92:8E7C:E0M0X0,92:8E7D:E0M0X0
92:8E7D:E0M0X0,92:8E7F:E0M0X0
92:8E7F:E0M0X0,92:8E80:E0M0X0
92:8E80:E0M0X0,92:8E83:E0M0X0
92:8E83:E0M0X0,92:8E85:E0M0X0
92:8E85:E0M0X0,92:8E88:E0M0X0
92:8E88:E0M0X0,92:8E8A:E0M0X0
92:8E8A:E0M0X0,92:8E8C:E0M0X0
92:8E8C:E0M0X0,92:8E8D:E0M0X0
92:8E8D:E0M0X0,92:8E8E:E0M0X0
92:8E8E:E0M0X0,92:8E90:E0M0X0
92:8E90:E0M0X0,92:8E92:E0M0X0
92:8E92:E0M0X0,92:8E93:E0M0X0
92:8E93:E0M0X0,92:8E94:E0M0X0
92:8E94:E0M0X0,92:8E95:E0M0X0
92:8E95:E0M0X0,92:8E97:E0M0X0
92:8E95:E0M0X0,92:8EB4:E0M0X0
92:8E97:E0M0X0,92:8E99:E0M0X0
92:8E99:E0M0X0,92:8E9B:E0M0X0
92:8E9B:E0M0X0,92:8E9D:E0M0X0
92:8E9D:E0M0X0,92:8E9F:E0M0X0
92:8E9F:E0M0X0,92:8DCC:E0M0X0
92:8EA2:E0M0X0,92:8EA3:E0M0X0
92:8EA3:E0M0X0,92:8EA4:E0M0X0
92:8EA4:E0M0X0,92:8EA6:E0M0X0
92:8EA6:E0M0X0,92:8E9D:E0M0X0
92:8EA6:E0M0X0,92:8EA8:E0M0X0
92:8EA8:E0M0X0,92:8EAA:E0M0X0
92:8EAA:E0M0X0,92:8EAB:E0M0X0
92:8EAB:E0M0X0,92:8EAE:E0M0X0
92:8EAE:E0M0X0,92:8EB0:E0M0X0
92:8EB0:E0M0X0,92:8EB2:E0M0X0
92:8EB2:E0M0X0,92:8E97:E0M0X0
92:8EB2:E0M0X0,92:8EB4:E0M0X0
92:8EB4:E0M0X0,92:8EB6:E0M0X0
92:8EB6:E0M0X0,92:8EB8:E0M0X0
92:8EB6:E0M0X0,92:8EBA:E0M0X0
92:8EB8:E0M0X0,92:8EB9:E0M0X0
92:8EB9:E0M0X0,92:8B8C:E0M0X0
92:8EBA:E0M0X0,92:8EBC:E0M0X0
92:8EBC:E0M0X0,92:8EBF:E0M0X0
92:8EBF:E0M0X0,92:8EC2:E0M0X0
92:8EC2:E0M0X0,92:8EC3:E0M0X0
92:8EC3:E0M0X0,92:8EC4:E0M0X0
92:8EC4:E0M0X0,92:8EB8:E0M0X0
92:8EC4:E0M0X0,92:8F07:E0M0X0
92:8EC4:E0M0X0,92:8F72:E0M0X0
92:8EC4:E0M0X0,92:8F86:E0M0X0
92:8F07:E0M0X0,92:8F08:E0M0X0
92:8F08:E0M0X0,92:8F09:E0M0X0
92:8F09:E0M0X0,92:8F0B:E0M0X0
92:8F0B:E0M0X0,92:8F0D:E0M0X0
92:8F0D:E0M0X0,92:8F10:E0M0X0
92:8F10:E0M0X0,92:8F13:E0M0X0
92:8F13:E0M0X0,92:8F14:E0M0X0
92:8F14:E0M0X0,92:8F15:E0M0X0
92:8F15:E0M0X0,92:8F17:E0M0X0
92:8F17:E0M0X0,92:8EB8:E0M0X0
92:8F17:E0M0X0,92:8F19:E0M0X0
92:8F19:E0M0X0,92:8F1B:E0M0X0
92:8F1B:E0M0X0,92:8F1C:E0M0X0
92:8F1C:E0M0X0,92:8F1E:E0M0X0
92:8F1E:E0M0X0,92:8F20:E0M0X0
92:8F20:E0M0X0,92:8F22:E0M0X0
92:8F22:E0M0X0,92:8F23:E0M0X0
92:8F23:E0M0X0,92:8F25:E0M0X0
92:8F25:E0M0X0,92:8F28:E0M0X0
92:8F28:E0M0X0,92:8F2A:E0M0X0
92:8F28:E0M0X0,92:8F71:E0M0X0
92:8F2A:E0M0X0,92:8F2B:E0M0X0
92:8F2B:E0M0X0,92:8F2D:E0M0X0
92:8F2D:E0M0X0,92:8F2F:E0M0X0
92:8F2F:E0M0X0,92:8F31:E0M0X0
92:8F31:E0M0X0,92:8F33:E0M0X0
92:8F31:E0M0X0,92:8F71:E0M0X0
92:8F33:E0M0X0,92:8F35:E0M0X0
92:8F35:E0M0X0,92:8F38:E0M0X0
92:8F38:E0M0X0,92:8F3A:E0M0X0
92:8F3A:E0M0X0,92:8F3C:E0M0X0
92:8F3C:E0M0X0,92:8F3D:E0M0X0
92:8F3D:E0M0X0,92:8F3E:E0M0X0
92:8F3E:E0M0X0,92:8F40:E0M0X0
92:8F40:E0M0X0,92:8F42:E0M0X0
92:8F42:E0M0X0,92:8F45:E0M0X0
92:8F45:E0M0X0,92:8F47:E0M0X0
92:8F47:E0M0X0,92:8F49:E0M0X0
92:8F49:E0M0X0,92:8F4A:E0M0X0
92:8F4A:E0M0X0,92:8F4C:E0M0X0
92:8F4C:E0M0X0,92:8F50:E0M0X0
92:8F50:E0M0X0,92:8F51:E0M0X0
92:8F51:E0M0X0,92:8F52:E0M0X0
92:8F52:E0M0X0,92:8F53:E0M0X0
92:8F53:E0M0X0,92:8F54:E0M0X0
92:8F54:E0M0X0,92:8F56:E0M0X0
92:8F56:E0M0X0,92:8F4A:E0M0X0
92:8F56:E0M0X0,92:8F58:E0M0X0
92:8F58:E0M0X0,92:8F59:E0M0X0
92:8F59:E0M0X0,92:8F5A:E0M0X0
92:8F5A:E0M0X0,92:8F5D:E0M0X0
92:8F5D:E0M0X0,92:8F60:E0M0X0
92:8F60:E0M0X0,92:8F62:E0M0X0
92:8F60:E0M0X0,92:8F71:E0M0X0
92:8F62:E0M0X0,92:8F63:E0M0X0
92:8F63:E0M0X0,92:8F65:E0M0X0
92:8F65:E0M0X0,92:8F45:E0M0X0
92:8F65:E0M0X0,92:8F67:E0M0X0
92:8F67:E0M0X0,92:8F69:E0M0X0
92:8F69:E0M0X0,92:8F6A:E0M0X0
92:8F6A:E0M0X0,92:8F6D:E0M0X0
92:8F6D:E0M0X0,92:8F6F:E0M0X0
92:8F6F:E0M0X0,92:8F2F:E0M0X0
92:8F71:E0M0X0,92:8B8C:E0M0X0
92:8F72:E0M0X0,92:8F73:E0M0X0
92:8F73:E0M0X0,92:8F75:E0M0X0
92:8F75:E0M0X0,92:8F78:E0M0X0
92:8F78:E0M0X0,92:8F7A:E0M0X0
92:8F7A:E0M0X0,92:8F7D:E0M0X0
92:8F7D:E0M0X0,92:8F7F:E0M0X0
92:8F7F:E0M0X0,92:8F82:E0M0X0
92:8F82:E0M0X0,92:8F84:E0M0X0
92:8F84:E0M0X0,92:8F98:E0M0X0
92:8F86:E0M0X0,92:8F87:E0M0X0
92:8F87:E0M0X0,92:8F89:E0M0X0
92:8F89:E0M0X0,92:8F8C:E0M0X0
92:8F8C:E0M0X0,92:8F8E:E0M0X0
92:8F8E:E0M0X0,92:8F91:E0M0X0
92:8F91:E0M0X0,92:8F93:E0M0X0
92:8F93:E0M0X0,92:8F96:E0M0X0
92:8F96:E0M0X0,92:8F98:E0M0X0
92:8F98:E0M0X0,92:8F9B:E0M0X0
92:8F9B:E0M0X0,92:8F9D:E0M0X0
92:8F9D:E0M0X0,92:8F9E:E0M0X0
92:8F9E:E0M0X0,92:8FA1:E0M0X0
92:8FA1:E0M0X0,92:8FA2:E0M0X0
92:8FA2:E0M0X0,92:8FA5:E0M0X0
92:8FA5:E0M0X0,92:8FA7:E0M0X0
92:8FA7:E0M0X0,92:8FA9:E0M0X0
92:8FA9:E0M0X0,92:8FAB:E0M0X0
92:8FAB:E0M0X0,92:8FAD:E0M0X0
92:8FAD:E0M0X0,92:8FAE:E0M0X0
92:8FAE:E0M0X0,92:8FB0:E0M0X0
92:8FB0:E0M0X0,92:8FB2:E0M0X0
92:8FB2:E0M0X0,92:8FB4:E0M0X0
92:8FB4:E0M0X0,92:8FB6:E0M0X0
92:8FB6:E0M0X0,92:8FB8:E0M0X0
92:8FB8:E0M0X0,92:8D99:E0M0X0
92:8FBB:E0M0X0,92:8FBC:E0M0X0
92:8FBC:E0M0X0,92:8FBE:E0M0X0
92:8FBE:E0M0X0,92:8FC0:E0M0X0
92:8FC0:E0M0X0,92:8FC2:E0M0X0
92:8FC2:E0M0X0,92:8FC4:E0M0X0
92:8FC4:E0M0X0,92:8FA7:E0M0X0
92:8FC4:E0M0X0,92:8FC6:E0M0X0
92:8FC6:E0M0X0,92:8B8C:E0M0X0
92:8FC7:E0M0X0,92:8FCA:E0M0X0
92:8FCA:E0M0X0,92:8FCD:E0M0X0
92:8FCD:E0M0X0,92:9005:E0M0X0
92:8FCF:E0M0X0,92:8FD2:E0M0X0
92:8FD2:E0M0X0,92:8FD5:E0M0X0
92:8FD5:E0M0X0,92:9005:E0M0X0
92:8FD7:E0M0X0,92:8FDA:E0M0X0
92:8FDA:E0M0X0,92:8FDD:E0M0X0
92:8FDD:E0M0X0,92:9005:E0M0X0
92:8FDF:E0M0X0,92:8FE2:E0M0X0
92:8FE2:E0M0X0,92:8FE5:E0M0X0
92:8FE5:E0M0X0,92:9005:E0M0X0
92:8FE7:E0M0X0,92:8FE9:E0M0X0
92:8FE9:E0M0X0,92:8FEC:E0M0X0
92:8FEC:E0M0X0,92:8FED:E0M0X0
92:8FED:E0M0X0,92:8FF0:E0M0X0
92:8FF0:E0M0X0,92:8FF3:E0M0X0
92:8FF3:E0M0X0,92:8FF5:E0M0X0
92:8FF5:E0M0X0,92:8FD7:E0M0X0
92:8FF8:E0M0X0,92:8FF9:E0M0X0
92:8FF9:E0M0X0,92:8FFB:E0M0X0
92:8FFB:E0M0X0,92:8FDF:E0M0X0
92:8FFE:E0M0X0,92:9000:E0M0X0
92:9000:E0M0X0,92:9001:E0M0X0
92:9001:E0M0X0,92:9004:E0M0X0
92:9004:E0M0X0,92:8BB2:E0M0X0
92:9005:E0M0X0,92:9007:E0M0X0
92:9007:E0M0X0,92:9009:E0M0X0
92:9009:E0M0X0,92:900B:E0M0X0
92:900B:E0M0X0,92:900D:E0M0X0
92:900D:E0M0X0,92:9010:E0M0X0
92:9010:E0M0X0,92:9013:E0M0X0
92:9013:E0M0X0,92:9014:E0M0X0
92:9014:E0M0X0,92:9015:E0M0X0
92:9015:E0M0X0,92:9017:E0M0X0
92:9017:E0M0X0,92:9018:E0M0X0
92:9018:E0M0X0,92:901A:E0M0X0
92:901A:E0M0X0,92:901B:E0M0X0
92:901B:E0M0X0,92:901E:E0M0X0
92:901E:E0M0X0,92:9020:E0M0X0
92:9020:E0M0X0,92:9022:E0M0X0
92:9022:E0M0X0,92:9024:E0M0X0
92:9024:E0M0X0,92:9027:E0M0X0
92:9027:E0M0X0,92:9029:E0M0X0
92:9029:E0M0X0,92:902B:E0M0X0
92:902B:E0M0X0,92:902C:E0M0X0
92:902C:E0M0X0,92:902D:E0M0X0
92:902D:E0M0X0,92:902E:E0M0X0
92:902E:E0M0X0,92:9030:E0M0X0
92:902E:E0M0X0,92:904D:E0M0X0
92:9030:E0M0X0,92:9032:E0M0X0
92:9032:E0M0X0,92:9034:E0M0X0
92:9034:E0M0X0,92:9036:E0M0X0
92:9036:E0M0X0,92:9038:E0M0X0
92:9038:E0M0X0,92:8DCC:E0M0X0
92:903B:E0M0X0,92:903C:E0M0X0
92:903C:E0M0X0,92:903D:E0M0X0
92:903D:E0M0X0,92:903F:E0M0X0
92:903F:E0M0X0,92:9036:E0M0X0
92:903F:E0M0X0,92:9041:E0M0X0
92:9041:E0M0X0,92:9043:E0M0X0
92:9043:E0M0X0,92:9044:E0M0X0
92:9044:E0M0X0,92:9047:E0M0X0
92:9047:E0M0X0,92:9049:E0M0X0
92:9049:E0M0X0,92:904B:E0M0X0
92:904B:E0M0X0,92:9030:E0M0X0
92:904B:E0M0X0,92:904D:E0M0X0
92:904D:E0M0X0,92:904E:E0M0X0
92:904E:E0M0X0,92:9050:E0M0X0
92:9050:E0M0X0,92:8BB2:E0M0X0
92:9050:E0M0X0,92:8FF8:E0M0X0
92:9050:E0M0X0,92:8FFE:E0M0X0
92:9051:E0M0X0,92:9054:E0M0X0
92:9054:E0M0X0,92:9057:E0M0X0
92:9057:E0M0X0,92:9058:E0M0X0
92:9058:E0M0X0,92:9059:E0M0X0
92:9059:E0M0X0,92:905C:E0M0X0
92:905C:E0M0X0,92:905F:E0M0X0
92:905F:E0M0X0,92:9063:E0M0X0
92:9063:E0M0X0,92:9064:E0M0X0
92:9064:E0M0X0,92:9065:E0M0X0
92:9065:E0M0X0,92:905F:E0M0X0
92:9065:E0M0X0,92:9067:E0M0X0
92:9067:E0M0X0,92:906A:E0M0X0
92:906A:E0M0X0,92:906D:E0M0X0
92:906D:E0M0X0,92:906E:E0M0X0
92:906E:E0M0X0,92:906F:E0M0X0
92:906F:E0M0X0,92:9072:E0M0X0
92:9072:E0M0X0,92:9075:E0M0X0
92:9075:E0M0X0,92:9079:E0M0X0
92:9079:E0M0X0,92:907A:E0M0X0
92:907A:E0M0X0,92:907B:E0M0X0
92:907B:E0M0X0,92:9075:E0M0X0
92:907B:E0M0X0,92:907D:E0M0X0
92:907D:E0M0X0,92:8B56:E0M0X0
92:A214:E0M0X0,92:A217:E0M0X0
92:A217:E0M0X0,92:A60C:E0M0X0
92:A21A:E0M0X0,92:A21D:E0M0X0
92:A21D:E0M0X0,92:A220:E0M0X0
92:A220:E0M0X0,92:A221:E0M0X0
92:A221:E0M0X0,92:A222:E0M0X0
92:A222:E0M0X0,92:A225:E0M0X0
92:A225:E0M0X0,92:A227:E0M0X0
92:A225:E0M0X0,92:A22D:E0M0X0
92:A227:E0M0X0,92:A22A:E0M0X0
92:A22A:E0M0X0,92:B213:E0M0X0
92:A22A:E0M0X0,92:BB35:E0M0X0
92:A22A:E0M0X0,92:C621:E0M0X0
92:A22A:E0M0X0,92:CF63:E0M0X0
92:A22A:E0M0X0,92:D971:E0M0X0
92:A22A:E0M0X0,92:E34D:E0M0X0
92:A22D:E0M0X0,92:8BC1:E0M0X0
92:A251:E0M0X0,92:A254:E0M0X0
92:A254:E0M0X0,92:A255:E0M0X0
92:A255:E0M0X0,92:A257:E0M0X0
92:A257:E0M0X0,92:A25B:E0M0X0
92:A25B:E0M0X0,92:A25E:E0M0X0
92:A25E:E0M0X0,92:A25F:E0M0X0
92:A25F:E0M0X0,92:A262:E0M0X0
92:A262:E0M0X0,92:A263:E0M0X0
92:A263:E0M0X0,92:A265:E0M0X0
92:A265:E0M0X0,92:A266:E0M0X0
92:A266:E0M0X0,92:A267:E0M0X0
92:A267:E0M0X0,92:A268:E0M0X0
92:A268:E0M0X0,92:A26B:E0M0X0
92:A26B:E0M0X0,92:A26F:E0M0X0
92:A26F:E0M0X0,92:A646:E0M0X0
92:A278:E0M0X0,92:A27B:E0M0X0
92:A27B:E0M0X0,92:A27F:E0M0X0
92:A27F:E0M0X0,92:A282:E0M0X0
92:A282:E0M0X0,92:A286:E0M0X0
92:A286:E0M0X0,92:A28A:E0M0X0
92:A28A:E0M0X0,92:A28D:E0M0X0
92:A28D:E0M0X0,92:A291:E0M0X0
92:A291:E0M0X0,92:A292:E0M0X0
92:A292:E0M0X0,92:A293:E0M0X0
92:A293:E0M0X0,92:A27B:E0M0X0
92:A293:E0M0X0,92:A295:E0M0X0
92:A295:E0M0X0,92:B24F:E0M0X0
92:A295:E0M0X0,92:BB3E:E0M0X0
92:A295:E0M0X0,92:C630:E0M0X0
92:A295:E0M0X0,92:CF76:E0M0X0
92:A295:E0M0X0,92:D97A:E0M0X0
92:A295:E0M0X0,92:E350:E0M0X0
92:A296:E0M0X0,92:A299:E0M0X0
92:A299:E0M0X0,92:A29B:E0M0X0
92:A299:E0M0X0,92:A2AB:E0M0X0
92:A29B:E0M0X0,92:A29C:E0M0X0
92:A29C:E0M0X0,92:A29D:E0M0X0
92:A29D:E0M0X0,92:A2A0:E0M0X0
92:A2A0:E0M0X0,92:A2A1:E0M0X0
92:A2A1:E0M0X0,92:A2AC:E0M0X0
92:A2A4:E0M0X0,92:A2A5:E0M0X0
92:A2A5:E0M0X0,92:A2A6:E0M0X0
92:A2A6:E0M0X0,92:A2A7:E0M0X0
92:A2A7:E0M0X0,92:A2A8:E0M0X0
92:A2A8:E0M0X0,92:A2A9:E0M0X0
92:A2A9:E0M0X0,92:A296:E0M0X0
92:A2AB:E0M0X0,92:B223:E0M0X0
92:A2AB:E0M0X0,92:B233:E0M0X0
92:A2AB:E0M0X0,92:B246:E0M0X0
92:A2AB:E0M0X0,92:B25F:E0M0X0
92:A2AB:E0M0X0,92:BB54:E0M0X0
92:A2AB:E0M0X0,92:C640:E0M0X0
92:A2AB:E0M0X0,92:CF73:E0M0X0
92:A2AB:E0M0X0,92:CF86:E0M0X0
92:A2AB:E0M0X0,92:D98A:E0M0X0
92:A2AB:E0M0X0,92:E366:E0M0X0
92:A2AC:E0M0X0,92:A2AE:E0M0X0
92:A2AE:E0M0X0,92:A2B0:E0M0X0
92:A2B0:E0M0X0,92:A2B3:E0M0X0
92:A2B3:E0M0X0,92:A6C2:E0M0X0
92:A2B6:E0M0X0,92:A2B9:E0M0X0
92:A2B9:E0M0X0,92:A2BA:E0M0X0
92:A2BA:E0M0X0,92:A2BB:E0M0X0
92:A2BB:E0M0X0,92:A2BD:E0M0X0
92:A2BD:E0M0X0,92:A2C0:E0M0X0
92:A2C0:E0M0X0,92:A2B3:E0M0X0
92:A2C0:E0M0X0,92:A2C2:E0M0X0
92:A2C2:E0M0X0,92:A6C2:E0M0X0
92:A2C5:E0M0X0,92:A2C8:E0M0X0
92:A2C8:E0M0X0,92:A2C9:E0M0X0
92:A2C9:E0M0X0,92:A2CA:E0M0X0
92:A2CA:E0M0X0,92:A2CC:E0M0X0
92:A2CC:E0M0X0,92:A2CF:E0M0X0
92:A2CF:E0M0X0,92:A2C2:E0M0X0
92:A2CF:E0M0X0,92:A2D1:E0M0X0
92:A2D1:E0M0X0,92:A2D2:E0M0X0
92:A2D2:E0M0X0,92:A2D3:E0M0X0
92:A2D3:E0M0X0,92:A2D6:E0M0X0
92:A2D6:E0M0X0,92:A2D8:E0M0X0
92:A2D8:E0M0X0,92:A2DA:E0M0X0
92:A2DA:E0M0X0,92:A2F0:E0M0X0
92:A2DA:E0M0X0,92:A31D:E0M0X0
92:A2DA:E0M0X0,92:A323:E0M0X0
92:A2DA:E0M0X0,92:A356:E0M0X0
92:A2DA:E0M0X0,92:A365:E0M0X0
92:A2DA:E0M0X0,92:A3AC:E0M0X0
92:A2DA:E0M0X0,92:A43D:E0M0X0
92:A2DA:E0M0X0,92:A450:E0M0X0
92:A2DA:E0M0X0,92:A47E:E0M0X0
92:A2DA:E0M0X0,92:A53B:E0M0X0
92:A2DD:E0M0X0,92:A2DF:E0M0X0
92:A2DD:E0M0X0,92:A2E4:E0M0X0
92:A2DF:E0M0X0,92:A2E1:E0M0X0
92:A2E1:E0M0X0,92:A43D:E0M0X0
92:A2E1:E0M0X0,92:A450:E0M0X0
92:A2E1:E0M0X0,92:A47E:E0M0X0
92:A2E1:E0M0X0,92:A53B:E0M0X0
92:A2E4:E0M0X0,92:A2E6:E0M0X0
92:A2E6:E0M0X0,92:A2E7:E0M0X0
92:A2E7:E0M0X0,92:A2E9:E0M0X0
92:A2E9:E0M0X0,92:A2AC:E0M0X0
92:A2E9:E0M0X0,92:A2EB:E0M0X0
92:A2EB:E0M0X0,92:A2EC:E0M0X0
92:A2EC:E0M0X0,92:A2EE:E0M0X0
92:A2EE:E0M0X0,92:A2EF:E0M0X0
92:A2EF:E0M0X0,92:A2A4:E0M0X0
92:A2F0:E0M0X0,92:A2F2:E0M0X0
92:A2F2:E0M0X0,92:A2F4:E0M0X0
92:A2F4:E0M0X0,92:A2F7:E0M0X0
92:A2F7:E0M0X0,92:A2F9:E0M0X0
92:A2F9:E0M0X0,92:A2FB:E0M0X0
92:A2FB:E0M0X0,92:A2FD:E0M0X0
92:A2FD:E0M0X0,92:A2FE:E0M0X0
92:A2FE:E0M0X0,92:A300:E0M0X0
92:A300:E0M0X0,92:A302:E0M0X0
92:A302:E0M0X0,92:A306:E0M0X0
92:A306:E0M0X0,92:A308:E0M0X0
92:A306:E0M0X0,92:A31A:E0M0X0
92:A308:E0M0X0,92:A309:E0M0X0
92:A309:E0M0X0,92:A30A:E0M0X0
92:A30A:E0M0X0,92:A30C:E0M0X0
92:A30C:E0M0X0,92:A302:E0M0X0
92:A30C:E0M0X0,92:A30E:E0M0X0
92:A30E:E0M0X0,92:A30F:E0M0X0
92:A30F:E0M0X0,92:A310:E0M0X0
92:A310:E0M0X0,92:A313:E0M0X0
92:A313:E0M0X0,92:A314:E0M0X0
92:A314:E0M0X0,92:A316:E0M0X0
92:A316:E0M0X0,92:A2FD:E0M0X0
92:A316:E0M0X0,92:A318:E0M0X0
92:A318:E0M0X0,92:A319:E0M0X0
92:A319:E0M0X0,92:A2DD:E0M0X0
92:A319:E0M0X0,92:A320:E0M0X0
92:A319:E0M0X0,92:BC71:E0M0X0
92:A31A:E0M0X0,92:A31B:E0M0X0
92:A31B:E0M0X0,92:A31C:E0M0X0
92:A31C:E0M0X0,92:A2DD:E0M0X0
92:A31C:E0M0X0,92:A320:E0M0X0
92:A31C:E0M0X0,92:BC71:E0M0X0
92:A31D:E0M0X0,92:A2F0:E0M0X0
92:A320:E0M0X0,92:A322:E0M0X0
92:A320:E0M0X0,92:A329:E0M0X0
92:A322:E0M0X0,92:A2DD:E0M0X0
92:A323:E0M0X0,92:A3AC:E0M0X0
92:A326:E0M0X0,92:A328:E0M0X0
92:A326:E0M0X0,92:A329:E0M0X0
92:A328:E0M0X0,92:A2DD:E0M0X0
92:A329:E0M0X0,92:A32B:E0M0X0
92:A32B:E0M0X0,92:A32D:E0M0X0
92:A32D:E0M0X0,92:A330:E0M0X0
92:A330:E0M0X0,92:A332:E0M0X0
92:A332:E0M0X0,92:A334:E0M0X0
92:A334:E0M0X0,92:A336:E0M0X0
92:A336:E0M0X0,92:A337:E0M0X0
92:A337:E0M0X0,92:A339:E0M0X0
92:A339:E0M0X0,92:A33B:E0M0X0
92:A33B:E0M0X0,92:A33F:E0M0X0
92:A33F:E0M0X0,92:A341:E0M0X0
92:A33F:E0M0X0,92:A353:E0M0X0
92:A341:E0M0X0,92:A342:E0M0X0
92:A342:E0M0X0,92:A343:E0M0X0
92:A343:E0M0X0,92:A345:E0M0X0
92:A345:E0M0X0,92:A33B:E0M0X0
92:A345:E0M0X0,92:A347:E0M0X0
92:A347:E0M0X0,92:A348:E0M0X0
92:A348:E0M0X0,92:A349:E0M0X0
92:A349:E0M0X0,92:A34C:E0M0X0
92:A34C:E0M0X0,92:A34D:E0M0X0
92:A34D:E0M0X0,92:A34F:E0M0X0
92:A34F:E0M0X0,92:A336:E0M0X0
92:A34F:E0M0X0,92:A351:E0M0X0
92:A351:E0M0X0,92:A352:E0M0X0
92:A352:E0M0X0,92:A2DD:E0M0X0
92:A353:E0M0X0,92:A354:E0M0X0
92:A354:E0M0X0,92:A355:E0M0X0
92:A355:E0M0X0,92:A2DD:E0M0X0
92:A356:E0M0X0,92:A358:E0M0X0
92:A358:E0M0X0,92:A35C:E0M0X0
92:A35C:E0M0X0,92:A35F:E0M0X0
92:A35F:E0M0X0,92:A361:E0M0X0
92:A35F:E0M0X0,92:A363:E0M0X0
92:A361:E0M0X0,92:A362:E0M0X0
92:A362:E0M0X0,92:A2DD:E0M0X0
92:A363:E0M0X0,92:A364:E0M0X0
92:A364:E0M0X0,92:A2DD:E0M0X0
92:A365:E0M0X0,92:A368:E0M0X0
92:A368:E0M0X0,92:A36A:E0M0X0
92:A36A:E0M0X0,92:A36B:E0M0X0
92:A36B:E0M0X0,92:A36E:E0M0X0
92:A36E:E0M0X0,92:A6DF:E0M0X0
92:A371:E0M0X0,92:A374:E0M0X0
92:A374:E0M0X0,92:A375:E0M0X0
92:A375:E0M0X0,92:A376:E0M0X0
92:A376:E0M0X0,92:A379:E0M0X0
92:A379:E0M0X0,92:A37B:E0M0X0
92:A37B:E0M0X0,92:A37D:E0M0X0
92:A37D:E0M0X0,92:A381:E0M0X0
92:A381:E0M0X0,92:A384:E0M0X0
92:A384:E0M0X0,92:A386:E0M0X0
92:A384:E0M0X0,92:A392:E0M0X0
92:A386:E0M0X0,92:A387:E0M0X0
92:A387:E0M0X0,92:A388:E0M0X0
92:A388:E0M0X0,92:A38B:E0M0X0
92:A38B:E0M0X0,92:A38C:E0M0X0
92:A38C:E0M0X0,92:A38E:E0M0X0
92:A38E:E0M0X0,92:A37D:E0M0X0
92:A38E:E0M0X0,92:A390:E0M0X0
92:A390:E0M0X0,92:A391:E0M0X0
92:A391:E0M0X0,92:A2DD:E0M0X0
92:A392:E0M0X0,92:A394:E0M0X0
92:A394:E0M0X0,92:A6C2:E0M0X0
92:A397:E0M0X0,92:A39A:E0M0X0
92:A39A:E0M0X0,92:A39B:E0M0X0
92:A39B:E0M0X0,92:A39E:E0M0X0
92:A39E:E0M0X0,92:A6DF:E0M0X0
92:A3A1:E0M0X0,92:A3A2:E0M0X0
92:A3A2:E0M0X0,92:A3A4:E0M0X0
92:A3A4:E0M0X0,92:A3A6:E0M0X0
92:A3A6:E0M0X0,92:A390:E0M0X0
92:A3A6:E0M0X0,92:A3A8:E0M0X0
92:A3A8:E0M0X0,92:A3AA:E0M0X0
92:A3AA:E0M0X0,92:A3AC:E0M0X0
92:A3AC:E0M0X0,92:A3AE:E0M0X0
92:A3AE:E0M0X0,92:A3B0:E0M0X0
92:A3B0:E0M0X0,92:A3B3:E0M0X0
92:A3B3:E0M0X0,92:A3B5:E0M0X0
92:A3B5:E0M0X0,92:A3B7:E0M0X0
92:A3B7:E0M0X0,92:A3B9:E0M0X0
92:A3B9:E0M0X0,92:A3BD:E0M0X0
92:A3BD:E0M0X0,92:A3C0:E0M0X0
92:A3C0:E0M0X0,92:A3C2:E0M0X0
92:A3C2:E0M0X0,92:A3C3:E0M0X0
92:A3C3:E0M0X0,92:A3C5:E0M0X0
92:A3C5:E0M0X0,92:A3C7:E0M0X0
92:A3C7:E0M0X0,92:A3CB:E0M0X0
92:A3CB:E0M0X0,92:A3CD:E0M0X0
92:A3CD:E0M0X0,92:A3CF:E0M0X0
92:A3CD:E0M0X0,92:A3E1:E0M0X0
92:A3CF:E0M0X0,92:A3D0:E0M0X0
92:A3D0:E0M0X0,92:A3D1:E0M0X0
92:A3D1:E0M0X0,92:A3D3:E0M0X0
92:A3D3:E0M0X0,92:A3C7:E0M0X0
92:A3D3:E0M0X0,92:A3D5:E0M0X0
92:A3D5:E0M0X0,92:A3D6:E0M0X0
92:A3D6:E0M0X0,92:A3D7:E0M0X0
92:A3D7:E0M0X0,92:A3DA:E0M0X0
92:A3DA:E0M0X0,92:A3DB:E0M0X0
92:A3DB:E0M0X0,92:A3DD:E0M0X0
92:A3DD:E0M0X0,92:A3C2:E0M0X0
92:A3DD:E0M0X0,92:A3DF:E0M0X0
92:A3DF:E0M0X0,92:A3E0:E0M0X0
92:A3E0:E0M0X0,92:A2DD:E0M0X0
92:A3E0:E0M0X0,92:A326:E0M0X0
92:A3E1:E0M0X0,92:A3E2:E0M0X0
92:A3E2:E0M0X0,92:A3E3:E0M0X0
92:A3E3:E0M0X0,92:A2DD:E0M0X0
92:A3E3:E0M0X0,92:A326:E0M0X0
92:A3E4:E0M0X0,92:A3E6:E0M0X0
92:A3E6:E0M0X0,92:A3E8:E0M0X0
92:A3E8:E0M0X0,92:A3E9:E0M0X0
92:A3E9:E0M0X0,92:A3EC:E0M0X0
92:A3EC:E0M0X0,92:A3F0:E0M0X0
92:A3F0:E0M0X0,92:A3F2:E0M0X0
92:A3F0:E0M0X0,92:A409:E0M0X0
92:A3F2:E0M0X0,92:A3F3:E0M0X0
92:A3F3:E0M0X0,92:A3F4:E0M0X0
92:A3F4:E0M0X0,92:A3F7:E0M0X0
92:A3F7:E0M0X0,92:A3F8:E0M0X0
92:A3F8:E0M0X0,92:A3F9:E0M0X0
92:A3F9:E0M0X0,92:A3EC:E0M0X0
92:A3F9:E0M0X0,92:A3FB:E0M0X0
92:A3FB:E0M0X0,92:A3FD:E0M0X0
92:A3FD:E0M0X0,92:A3FF:E0M0X0
92:A3FF:E0M0X0,92:A401:E0M0X0
92:A3FF:E0M0X0,92:A409:E0M0X0
92:A401:E0M0X0,92:A402:E0M0X0
92:A402:E0M0X0,92:A403:E0M0X0
92:A403:E0M0X0,92:A406:E0M0X0
92:A406:E0M0X0,92:A407:E0M0X0
92:A407:E0M0X0,92:A3E8:E0M0X0
92:A409:E0M0X0,92:A40A:E0M0X0
92:A40A:E0M0X0,92:A40C:E0M0X0
92:A40C:E0M0X0,92:A40E:E0M0X0
92:A40E:E0M0X0,92:B2AD:E0M0X0
92:A40F:E0M0X0,92:A411:E0M0X0
92:A411:E0M0X0,92:A413:E0M0X0
92:A413:E0M0X0,92:A414:E0M0X0
92:A414:E0M0X0,92:A417:E0M0X0
92:A417:E0M0X0,92:A41B:E0M0X0
92:A41B:E0M0X0,92:A41E:E0M0X0
92:A41E:E0M0X0,92:A420:E0M0X0
92:A41E:E0M0X0,92:A437:E0M0X0
92:A420:E0M0X0,92:A421:E0M0X0
92:A421:E0M0X0,92:A422:E0M0X0
92:A422:E0M0X0,92:A425:E0M0X0
92:A425:E0M0X0,92:A426:E0M0X0
92:A426:E0M0X0,92:A427:E0M0X0
92:A427:E0M0X0,92:A417:E0M0X0
92:A427:E0M0X0,92:A429:E0M0X0
92:A429:E0M0X0,92:A42B:E0M0X0
92:A42B:E0M0X0,92:A42D:E0M0X0
92:A42D:E0M0X0,92:A42F:E0M0X0
92:A42D:E0M0X0,92:A437:E0M0X0
92:A42F:E0M0X0,92:A430:E0M0X0
92:A430:E0M0X0,92:A431:E0M0X0
92:A431:E0M0X0,92:A434:E0M0X0
92:A434:E0M0X0,92:A435:E0M0X0
92:A435:E0M0X0,92:A413:E0M0X0
92:A437:E0M0X0,92:A438:E0M0X0
92:A438:E0M0X0,92:A43A:E0M0X0
92:A43A:E0M0X0,92:A43C:E0M0X0
92:A43C:E0M0X0,92:B2AD:E0M0X0
92:A43D:E0M0X0,92:A43F:E0M0X0
92:A43F:E0M0X0,92:A443:E0M0X0
92:A443:E0M0X0,92:A446:E0M0X0
92:A446:E0M0X0,92:A448:E0M0X0
92:A446:E0M0X0,92:A450:E0M0X0
92:A448:E0M0X0,92:A44B:E0M0X0
92:A44B:E0M0X0,92:A44D:E0M0X0
92:A44D:E0M0X0,92:A44F:E0M0X0
92:A44D:E0M0X0,92:A47E:E0M0X0
92:A44F:E0M0X0,92:A2DD:E0M0X0
92:A44F:E0M0X0,92:A2E4:E0M0X0
92:A44F:E0M0X0,92:A57F:E0M0X0
92:A44F:E0M0X0,92:A5F1:E0M0X0
92:A44F:E0M0X0,92:A6A1:E0M0X0
92:A44F:E0M0X0,92:B2BD:E0M0X0
92:A44F:E0M0X0,92:B2EB:E0M0X0
92:A450:E0M0X0,92:A452:E0M0X0
92:A452:E0M0X0,92:A454:E0M0X0
92:A454:E0M0X0,92:A457:E0M0X0
92:A457:E0M0X0,92:A459:E0M0X0
92:A459:E0M0X0,92:A45B:E0M0X0
92:A45B:E0M0X0,92:A45E:E0M0X0
92:A45E:E0M0X0,92:A460:E0M0X0
92:A460:E0M0X0,92:A461:E0M0X0
92:A461:E0M0X0,92:A463:E0M0X0
92:A463:E0M0X0,92:A465:E0M0X0
92:A465:E0M0X0,92:A467:E0M0X0
92:A467:E0M0X0,92:A46B:E0M0X0
92:A46B:E0M0X0,92:A46C:E0M0X0
92:A46C:E0M0X0,92:A46D:E0M0X0
92:A46D:E0M0X0,92:A46E:E0M0X0
92:A46E:E0M0X0,92:A46F:E0M0X0
92:A46F:E0M0X0,92:A471:E0M0X0
92:A471:E0M0X0,92:A465:E0M0X0
92:A471:E0M0X0,92:A473:E0M0X0
92:A473:E0M0X0,92:A474:E0M0X0
92:A474:E0M0X0,92:A475:E0M0X0
92:A475:E0M0X0,92:A478:E0M0X0
92:A478:E0M0X0,92:A479:E0M0X0
92:A479:E0M0X0,92:A47B:E0M0X0
92:A47B:E0M0X0,92:A460:E0M0X0
92:A47B:E0M0X0,92:A47D:E0M0X0
92:A47D:E0M0X0,92:A2DD:E0M0X0
92:A47D:E0M0X0,92:A2E4:E0M0X0
92:A47D:E0M0X0,92:A57F:E0M0X0
92:A47D:E0M0X0,92:A5F1:E0M0X0
92:A47D:E0M0X0,92:A6A1:E0M0X0
92:A47D:E0M0X0,92:A7C9:E0M0X0
92:A47D:E0M0X0,92:B2BD:E0M0X0
92:A47D:E0M0X0,92:B2EB:E0M0X0
92:A47D:E0M0X0,92:BC84:E0M0X0
92:A47E:E0M0X0,92:A480:E0M0X0
92:A480:E0M0X0,92:A482:E0M0X0
92:A482:E0M0X0,92:A485:E0M0X0
92:A485:E0M0X0,92:A487:E0M0X0
92:A487:E0M0X0,92:A489:E0M0X0
92:A489:E0M0X0,92:A48B:E0M0X0
92:A48B:E0M0X0,92:A48C:E0M0X0
92:A48C:E0M0X0,92:A48F:E0M0X0
92:A48F:E0M0X0,92:A490:E0M0X0
92:A490:E0M0X0,92:A492:E0M0X0
92:A492:E0M0X0,92:A493:E0M0X0
92:A493:E0M0X0,92:A495:E0M0X0
92:A495:E0M0X0,92:A497:E0M0X0
92:A497:E0M0X0,92:A498:E0M0X0
92:A498:E0M0X0,92:A499:E0M0X0
92:A499:E0M0X0,92:A49B:E0M0X0
92:A49B:E0M0X0,92:A49E:E0M0X0
92:A49E:E0M0X0,92:A4A2:E0M0X0
92:A4A2:E0M0X0,92:A4A3:E0M0X0
92:A4A3:E0M0X0,92:A4A4:E0M0X0
92:A4A4:E0M0X0,92:A4A6:E0M0X0
92:A4A6:E0M0X0,92:A497:E0M0X0
92:A4A6:E0M0X0,92:A4A8:E0M0X0
92:A4A8:E0M0X0,92:A4A9:E0M0X0
92:A4A9:E0M0X0,92:A4AA:E0M0X0
92:A4AA:E0M0X0,92:A4AD:E0M0X0
92:A4AD:E0M0X0,92:A4AE:E0M0X0
92:A4AE:E0M0X0,92:A4B0:E0M0X0
92:A4B0:E0M0X0,92:A4B2:E0M0X0
92:A4B2:E0M0X0,92:A4B3:E0M0X0
92:A4B3:E0M0X0,92:A4B4:E0M0X0
92:A4B4:E0M0X0,92:A4B6:E0M0X0
92:A4B6:E0M0X0,92:A4B7:E0M0X0
92:A4B7:E0M0X0,92:A4B9:E0M0X0
92:A4B9:E0M0X0,92:A492:E0M0X0
92:A4B9:E0M0X0,92:A4BB:E0M0X0
92:A4BB:E0M0X0,92:A2DD:E0M0X0
92:A4BB:E0M0X0,92:A2E4:E0M0X0
92:A4BB:E0M0X0,92:A57F:E0M0X0
92:A4BB:E0M0X0,92:A5F1:E0M0X0
92:A4BB:E0M0X0,92:A6A1:E0M0X0
92:A4BB:E0M0X0,92:A7C9:E0M0X0
92:A4BB:E0M0X0,92:B2BD:E0M0X0
92:A4BB:E0M0X0,92:B2EB:E0M0X0
92:A53B:E0M0X0,92:A53E:E0M0X0
92:A53E:E0M0X0,92:A540:E0M0X0
92:A540:E0M0X0,92:A542:E0M0X0
92:A542:E0M0X0,92:A546:E0M0X0
92:A546:E0M0X0,92:A2DD:E0M0X0
92:A546:E0M0X0,92:A2E4:E0M0X0
92:A547:E0M0X0,92:A550:E0M0X0
92:A549:E0M0X0,92:A54B:E0M0X0
92:A54B:E0M0X0,92:A54C:E0M0X0
92:A54C:E0M0X0,92:A54F:E0M0X0
92:A54F:E0M0X0,92:A550:E0M0X0
92:A550:E0M0X0,92:A553:E0M0X0
92:A553:E0M0X0,92:A555:E0M0X0
92:A553:E0M0X0,92:A595:E0M0X0
92:A555:E0M0X0,92:A557:E0M0X0
92:A557:E0M0X0,92:A55A:E0M0X0
92:A55A:E0M0X0,92:A55C:E0M0X0
92:A55C:E0M0X0,92:A55E:E0M0X0
92:A55E:E0M0X0,92:A561:E0M0X0
92:A561:E0M0X0,92:A563:E0M0X0
92:A563:E0M0X0,92:A567:E0M0X0
92:A567:E0M0X0,92:A56A:E0M0X0
92:A56A:E0M0X0,92:A56C:E0M0X0
92:A56A:E0M0X0,92:A580:E0M0X0
92:A56C:E0M0X0,92:A56D:E0M0X0
92:A56D:E0M0X0,92:A56F:E0M0X0
92:A56D:E0M0X0,92:A579:E0M0X0
92:A56F:E0M0X0,92:A570:E0M0X0
92:A570:E0M0X0,92:A571:E0M0X0
92:A571:E0M0X0,92:A574:E0M0X0
92:A574:E0M0X0,92:A575:E0M0X0
92:A575:E0M0X0,92:A577:E0M0X0
92:A575:E0M0X0,92:A588:E0M0X0
92:A577:E0M0X0,92:A563:E0M0X0
92:A579:E0M0X0,92:A57B:E0M0X0
92:A57B:E0M0X0,92:A57C:E0M0X0
92:A57C:E0M0X0,92:A43D:E0M0X0
92:A57F:E0M0X0,92:A580:E0M0X0
92:A580:E0M0X0,92:A581:E0M0X0
92:A581:E0M0X0,92:A582:E0M0X0
92:A582:E0M0X0,92:A585:E0M0X0
92:A585:E0M0X0,92:A586:E0M0X0
92:A586:E0M0X0,92:A561:E0M0X0
92:A586:E0M0X0,92:A588:E0M0X0
92:A588:E0M0X0,92:A58B:E0M0X0
92:A58B:E0M0X0,92:A549:E0M0X0
92:A58B:E0M0X0,92:A58D:E0M0X0
92:A58D:E0M0X0,92:A58E:E0M0X0
92:A58E:E0M0X0,92:A58F:E0M0X0
92:A58F:E0M0X0,92:A592:E0M0X0
92:A592:E0M0X0,92:A593:E0M0X0
92:A593:E0M0X0,92:A561:E0M0X0
92:A595:E0M0X0,92:B265:E0M0X0
92:A595:E0M0X0,92:BB5A:E0M0X0
92:A595:E0M0X0,92:C62D:E0M0X0
92:A595:E0M0X0,92:CF92:E0M0X0
92:A595:E0M0X0,92:D990:E0M0X0
92:A595:E0M0X0,92:E36C:E0M0X0
92:A596:E0M0X0,92:A5A1:E0M0X0
92:A598:E0M0X0,92:A59A:E0M0X0
92:A59A:E0M0X0,92:A59B:E0M0X0
92:A59B:E0M0X0,92:A59D:E0M0X0
92:A59D:E0M0X0,92:A59E:E0M0X0
92:A59E:E0M0X0,92:A5A0:E0M0X0
92:A5A0:E0M0X0,92:A5A1:E0M0X0
92:A5A1:E0M0X0,92:A5A4:E0M0X0
92:A5A4:E0M0X0,92:A5A6:E0M0X0
92:A5A4:E0M0X0,92:A60B:E0M0X0
92:A5A6:E0M0X0,92:A5A8:E0M0X0
92:A5A8:E0M0X0,92:A5AB:E0M0X0
92:A5AB:E0M0X0,92:A5AD:E0M0X0
92:A5AD:E0M0X0,92:A5B0:E0M0X0
92:A5B0:E0M0X0,92:A5B2:E0M0X0
92:A5B2:E0M0X0,92:A5B5:E0M0X0
92:A5B5:E0M0X0,92:A5B7:E0M0X0
92:A5B7:E0M0X0,92:A5B8:E0M0X0
92:A5B8:E0M0X0,92:A5B9:E0M0X0
92:A5B9:E0M0X0,92:A5BC:E0M0X0
92:A5BC:E0M0X0,92:A5BE:E0M0X0
92:A5BE:E0M0X0,92:A5C1:E0M0X0
92:A5C1:E0M0X0,92:A5C3:E0M0X0
92:A5C3:E0M0X0,92:A5C7:E0M0X0
92:A5C7:E0M0X0,92:A5CA:E0M0X0
92:A5CA:E0M0X0,92:A5CC:E0M0X0
92:A5CA:E0M0X0,92:A5F6:E0M0X0
92:A5CC:E0M0X0,92:A5CD:E0M0X0
92:A5CD:E0M0X0,92:A5CF:E0M0X0
92:A5CD:E0M0X0,92:A5D9:E0M0X0
92:A5CF:E0M0X0,92:A5D0:E0M0X0
92:A5D0:E0M0X0,92:A5D1:E0M0X0
92:A5D1:E0M0X0,92:A5D4:E0M0X0
92:A5D4:E0M0X0,92:A5D5:E0M0X0
92:A5D5:E0M0X0,92:A5D7:E0M0X0
92:A5D5:E0M0X0,92:A5FE:E0M0X0
92:A5D7:E0M0X0,92:A5C3:E0M0X0
92:A5D9:E0M0X0,92:A6C2:E0M0X0
92:A5DC:E0M0X0,92:A5DE:E0M0X0
92:A5DE:E0M0X0,92:A5E0:E0M0X0
92:A5E0:E0M0X0,92:A5D9:E0M0X0
92:A5E0:E0M0X0,92:A5E2:E0M0X0
92:A5E2:E0M0X0,92:A5E3:E0M0X0
92:A5E3:E0M0X0,92:A5E5:E0M0X0
92:A5E5:E0M0X0,92:A5E6:E0M0X0
92:A5E6:E0M0X0,92:A5E9:E0M0X0
92:A5E9:E0M0X0,92:A5EB:E0M0X0
92:A5EB:E0M0X0,92:A5ED:E0M0X0
92:A5ED:E0M0X0,92:A5EE:E0M0X0
92:A5EE:E0M0X0,92:A43D:E0M0X0
92:A5F1:E0M0X0,92:A5F2:E0M0X0
92:A5F2:E0M0X0,92:A5F3:E0M0X0
92:A5F3:E0M0X0,92:A5F5:E0M0X0
92:A5F5:E0M0X0,92:A5F6:E0M0X0
92:A5F6:E0M0X0,92:A5F7:E0M0X0
92:A5F7:E0M0X0,92:A5F8:E0M0X0
92:A5F8:E0M0X0,92:A5FB:E0M0X0
92:A5FB:E0M0X0,92:A5FC:E0M0X0
92:A5FC:E0M0X0,92:A5C1:E0M0X0
92:A5FC:E0M0X0,92:A5FE:E0M0X0
92:A5FE:E0M0X0,92:A601:E0M0X0
92:A601:E0M0X0,92:A598:E0M0X0
92:A601:E0M0X0,92:A603:E0M0X0
92:A603:E0M0X0,92:A604:E0M0X0
92:A604:E0M0X0,92:A605:E0M0X0
92:A605:E0M0X0,92:A608:E0M0X0
92:A608:E0M0X0,92:A609:E0M0X0
92:A609:E0M0X0,92:A5C1:E0M0X0
92:A60B:E0M0X0,92:B24C:E0M0X0
92:A60B:E0M0X0,92:BB3B:E0M0X0
92:A60B:E0M0X0,92:C627:E0M0X0
92:A60B:E0M0X0,92:C646:E0M0X0
92:A60B:E0M0X0,92:CF8C:E0M0X0
92:A60C:E0M0X0,92:A60E:E0M0X0
92:A60E:E0M0X0,92:A611:E0M0X0
92:A611:E0M0X0,92:A613:E0M0X0
92:A613:E0M0X0,92:A615:E0M0X0
92:A615:E0M0X0,92:A617:E0M0X0
92:A615:E0M0X0,92:A666:E0M0X0
92:A617:E0M0X0,92:A619:E0M0X0
92:A619:E0M0X0,92:A61C:E0M0X0
92:A61C:E0M0X0,92:A620:E0M0X0
92:A620:E0M0X0,92:A623:E0M0X0
92:A623:E0M0X0,92:A625:E0M0X0
92:A625:E0M0X0,92:A627:E0M0X0
92:A625:E0M0X0,92:A646:E0M0X0
92:A627:E0M0X0,92:A628:E0M0X0
92:A628:E0M0X0,92:A629:E0M0X0
92:A629:E0M0X0,92:A62B:E0M0X0
92:A62B:E0M0X0,92:A62D:E0M0X0
92:A62B:E0M0X0,92:A637:E0M0X0
92:A62D:E0M0X0,92:A62E:E0M0X0
92:A62E:E0M0X0,92:A62F:E0M0X0
92:A62F:E0M0X0,92:A632:E0M0X0
92:A632:E0M0X0,92:A633:E0M0X0
92:A633:E0M0X0,92:A635:E0M0X0
92:A633:E0M0X0,92:A64F:E0M0X0
92:A635:E0M0X0,92:A61C:E0M0X0
92:A637:E0M0X0,92:A639:E0M0X0
92:A639:E0M0X0,92:A63B:E0M0X0
92:A63B:E0M0X0,92:A63D:E0M0X0
92:A63D:E0M0X0,92:A640:E0M0X0
92:A640:E0M0X0,92:A643:E0M0X0
92:A643:E0M0X0,92:A251:E0M0X0
92:A646:E0M0X0,92:A648:E0M0X0
92:A648:E0M0X0,92:A649:E0M0X0
92:A649:E0M0X0,92:A64C:E0M0X0
92:A64C:E0M0X0,92:A64D:E0M0X0
92:A64D:E0M0X0,92:A611:E0M0X0
92:A64D:E0M0X0,92:A64F:E0M0X0
92:A64F:E0M0X0,92:A652:E0M0X0
92:A652:E0M0X0,92:A654:E0M0X0
92:A652:E0M0X0,92:A65B:E0M0X0
92:A654:E0M0X0,92:A655:E0M0X0
92:A655:E0M0X0,92:A658:E0M0X0
92:A658:E0M0X0,92:A659:E0M0X0
92:A659:E0M0X0,92:A611:E0M0X0
92:A65B:E0M0X0,92:A65D:E0M0X0
92:A65D:E0M0X0,92:A65E:E0M0X0
92:A65E:E0M0X0,92:A65F:E0M0X0
92:A65F:E0M0X0,92:A660:E0M0X0
92:A660:E0M0X0,92:A662:E0M0X0
92:A662:E0M0X0,92:A664:E0M0X0
92:A664:E0M0X0,92:A60E:E0M0X0
92:A666:E0M0X0,92:A21A:E0M0X0
92:A666:E0M0X0,92:A7C9:E0M0X0
92:A667:E0M0X0,92:A669:E0M0X0
92:A669:E0M0X0,92:A66C:E0M0X0
92:A66C:E0M0X0,92:A66E:E0M0X0
92:A66E:E0M0X0,92:A670:E0M0X0
92:A670:E0M0X0,92:A672:E0M0X0
92:A670:E0M0X0,92:A6C1:E0M0X0
92:A672:E0M0X0,92:A674:E0M0X0
92:A674:E0M0X0,92:A677:E0M0X0
92:A677:E0M0X0,92:A67B:E0M0X0
92:A67B:E0M0X0,92:A67E:E0M0X0
92:A67E:E0M0X0,92:A680:E0M0X0
92:A680:E0M0X0,92:A682:E0M0X0
92:A680:E0M0X0,92:A6A1:E0M0X0
92:A682:E0M0X0,92:A683:E0M0X0
92:A683:E0M0X0,92:A684:E0M0X0
92:A684:E0M0X0,92:A686:E0M0X0
92:A686:E0M0X0,92:A688:E0M0X0
92:A686:E0M0X0,92:A692:E0M0X0
92:A688:E0M0X0,92:A689:E0M0X0
92:A689:E0M0X0,92:A68A:E0M0X0
92:A68A:E0M0X0,92:A68D:E0M0X0
92:A68D:E0M0X0,92:A68E:E0M0X0
92:A68E:E0M0X0,92:A690:E0M0X0
92:A68E:E0M0X0,92:A6AA:E0M0X0
92:A690:E0M0X0,92:A677:E0M0X0
92:A692:E0M0X0,92:A694:E0M0X0
92:A694:E0M0X0,92:A696:E0M0X0
92:A696:E0M0X0,92:A698:E0M0X0
92:A698:E0M0X0,92:A69B:E0M0X0
92:A69B:E0M0X0,92:A69E:E0M0X0
92:A69E:E0M0X0,92:D9AB:E0M0X0
92:A69E:E0M0X0,92:D9C2:E0M0X0
92:A6A1:E0M0X0,92:A6A3:E0M0X0
92:A6A3:E0M0X0,92:A6A4:E0M0X0
92:A6A4:E0M0X0,92:A6A7:E0M0X0
92:A6A7:E0M0X0,92:A6A8:E0M0X0
92:A6A8:E0M0X0,92:A66C:E0M0X0
92:A6A8:E0M0X0,92:A6AA:E0M0X0
92:A6AA:E0M0X0,92:A6AD:E0M0X0
92:A6AD:E0M0X0,92:A6AF:E0M0X0
92:A6AD:E0M0X0,92:A6B6:E0M0X0
92:A6AF:E0M0X0,92:A6B0:E0M0X0
92:A6B0:E0M0X0,92:A6B3:E0M0X0
92:A6B3:E0M0X0,92:A6B4:E0M0X0
92:A6B4:E0M0X0,92:A66C:E0M0X0
92:A6B6:E0M0X0,92:A6B8:E0M0X0
92:A6B8:E0M0X0,92:A6B9:E0M0X0
92:A6B9:E0M0X0,92:A6BA:E0M0X0
92:A6BA:E0M0X0,92:A6BB:E0M0X0
92:A6BB:E0M0X0,92:A6BD:E0M0X0
92:A6BD:E0M0X0,92:A6BF:E0M0X0
92:A6BF:E0M0X0,92:A669:E0M0X0
92:A6C1:E0M0X0,92:D977:E0M0X0
92:A6C2:E0M0X0,92:A6C4:E0M0X0
92:A6C4:E0M0X0,92:A6C5:E0M0X0
92:A6C5:E0M0X0,92:A6C6:E0M0X0
92:A6C6:E0M0X0,92:A6C8:E0M0X0
92:A6C8:E0M0X0,92:A6CA:E0M0X0
92:A6CA:E0M0X0,92:A6CC:E0M0X0
92:A6CC:E0M0X0,92:A6CE:E0M0X0
92:A6CE:E0M0X0,92:A6D0:E0M0X0
92:A6D0:E0M0X0,92:A6D2:E0M0X0
92:A6D2:E0M0X0,92:A6D4:E0M0X0
92:A6D4:E0M0X0,92:A6D6:E0M0X0
92:A6D6:E0M0X0,92:A6D8:E0M0X0
92:A6D8:E0M0X0,92:A6DA:E0M0X0
92:A6DA:E0M0X0,92:A6DC:E0M0X0
92:A6DC:E0M0X0,92:A6DE:E0M0X0
92:A6DE:E0M0X0,92:A2B6:E0M0X0
92:A6DE:E0M0X0,92:A2C5:E0M0X0
92:A6DE:E0M0X0,92:A397:E0M0X0
92:A6DE:E0M0X0,92:A5DC:E0M0X0
92:A6DE:E0M0X0,92:B26E:E0M0X0
92:A6DE:E0M0X0,92:B27A:E0M0X0
92:A6DE:E0M0X0,92:B2CA:E0M0X0
92:A6DE:E0M0X0,92:BC48:E0M0X0
92:A6DE:E0M0X0,92:BC57:E0M0X0
92:A6DE:E0M0X0,92:D9AE:E0M0X0
92:A6DE:E0M0X0,92:D9C5:E0M0X0
92:A6DF:E0M0X0,92:A6E1:E0M1X1
92:A6E1:E0M1X1,92:A6E4:E0M1X1
92:A6E4:E0M1X1,92:A6E5:E0M1X1
92:A6E5:E0M1X1,92:A6E8:E0M1X1
92:A6E8:E0M1X1,92:A6EB:E0M1X1
92:A6EB:E0M1X1,92:A6ED:E0M0X0
92:A6ED:E0M0X0,92:A6F0:E0M0X0
92:A6F0:E0M0X0,92:A371:E0M0X0
92:A6F0:E0M0X0,92:A3A1:E0M0X0
92:A777:E0M0X0,92:A77A:E0M0X0
92:A77A:E0M0X0,92:A77F:E0M0X0
92:A77C:E0M0X0,92:A77F:E0M0X0
92:A77F:E0M0X0,92:A781:E0M0X0
92:A781:E0M0X0,92:A783:E0M0X0
92:A783:E0M0X0,92:A785:E0M0X0
92:A785:E0M0X0,92:A788:E0M0X0
92:A788:E0M0X0,92:A78B:E0M0X0
92:A78B:E0M0X0,92:A78C:E0M0X0
92:A78C:E0M0X0,92:A78D:E0M0X0
92:A78D:E0M0X0,92:A790:E0M0X0
92:A790:E0M0X0,92:A791:E0M0X0
92:A791:E0M0X0,92:A793:E0M0X0
92:A791:E0M0X0,92:A7D1:E0M0X0
92:A793:E0M0X0,92:A796:E0M0X0
92:A796:E0M0X0,92:A797:E0M0X0
92:A797:E0M0X0,92:A798:E0M0X0
92:A798:E0M0X0,92:A799:E0M0X0
92:A799:E0M0X0,92:A79B:E0M0X0
92:A79B:E0M0X0,92:A79C:E0M0X0
92:A79C:E0M0X0,92:A79F:E0M0X0
92:A79F:E0M0X0,92:A7A0:E0M0X0
92:A7A0:E0M0X0,92:A7A1:E0M0X0
92:A7A1:E0M0X0,92:A7A3:E0M0X0
92:A7A3:E0M0X0,92:A7A5:E0M0X0
92:A7A5:E0M0X0,92:A7A6:E0M0X0
92:A7A6:E0M0X0,92:A7A7:E0M0X0
92:A7A7:E0M0X0,92:A7A9:E0M0X0
92:A7A9:E0M0X0,92:A7AB:E0M0X0
92:A7AB:E0M0X0,92:A7AD:E0M0X0
92:A7AD:E0M0X0,92:A7B0:E0M0X0
92:A7B0:E0M0X0,92:A7B3:E0M0X0
92:A7B3:E0M0X0,92:A7B4:E0M0X0
92:A7B4:E0M0X0,92:A7B6:E0M0X0
92:A7B4:E0M0X0,92:A7D1:E0M0X0
92:A7B6:E0M0X0,92:A7B9:E0M0X0
92:A7B9:E0M0X0,92:A7BB:E0M0X0
92:A7B9:E0M0X0,92:A7D1:E0M0X0
92:A7BB:E0M0X0,92:A7BC:E0M0X0
92:A7BC:E0M0X0,92:A7BD:E0M0X0
92:A7BD:E0M0X0,92:A7C0:E0M0X0
92:A7C0:E0M0X0,92:A7C2:E0M0X0
92:A7C0:E0M0X0,92:A7D1:E0M0X0
92:A7C2:E0M0X0,92:A7C4:E0M0X0
92:A7C4:E0M0X0,92:A7C6:E0M0X0
92:A7C6:E0M0X0,92:A450:E0M0X0
92:A7C6:E0M0X0,92:A47E:E0M0X0
92:A7C6:E0M0X0,92:A660:E0M0X0
92:A7C9:E0M0X0,92:A7CA:E0M0X0
92:A7CA:E0M0X0,92:A7CC:E0M0X0
92:A7CC:E0M0X0,92:A7E4:E0M0X0
92:A7D2:E0M0X0,92:A7D4:E0M0X0
92:A7D4:E0M0X0,92:A7D7:E0M0X0
92:A7D7:E0M0X0,92:A7D9:E0M0X0
92:A7D7:E0M0X0,92:A7E4:E0M0X0
92:A7D9:E0M0X0,92:A7DC:E0M0X0
92:A7DC:E0M0X0,92:A7DF:E0M0X0
92:A7DF:E0M0X0,92:A7E0:E0M0X0
92:A7E0:E0M0X0,92:A7E1:E0M0X0
92:A7E1:E0M0X0,92:A777:E0M0X0
92:A7E1:E0M0X0,92:A77C:E0M0X0
92:A7E1:E0M0X0,92:A7E4:E0M0X0
92:A7E4:E0M0X0,92:8BB5:E0M0X0
92:A7E4:E0M0X0,92:A7E4:E0M0X0
92:B213:E0M0X0,92:B216:E0M0X0
92:B216:E0M0X0,92:B218:E0M0X0
92:B218:E0M0X0,92:B21B:E0M0X0
92:B21B:E0M0X0,92:B21D:E0M0X0
92:B21D:E0M0X0,92:B220:E0M0X0
92:B220:E0M0X0,92:A296:E0M0X0
92:B223:E0M0X0,92:B226:E0M0X0
92:B226:E0M0X0,92:B228:E0M0X0
92:B228:E0M0X0,92:B22B:E0M0X0
92:B22B:E0M0X0,92:B22D:E0M0X0
92:B22D:E0M0X0,92:B230:E0M0X0
92:B230:E0M0X0,92:A296:E0M0X0
92:B233:E0M0X0,92:B266:E0M0X0
92:B236:E0M0X0,92:B239:E0M0X0
92:B239:E0M0X0,92:B23B:E0M0X0
92:B23B:E0M0X0,92:B23E:E0M0X0
92:B23E:E0M0X0,92:B240:E0M0X0
92:B240:E0M0X0,92:B243:E0M0X0
92:B243:E0M0X0,92:A296:E0M0X0
92:B246:E0M0X0,92:B249:E0M0X0
92:B249:E0M0X0,92:A596:E0M0X0
92:B24C:E0M0X0,92:A278:E0M0X0
92:B24F:E0M0X0,92:B252:E0M0X0
92:B252:E0M0X0,92:B254:E0M0X0
92:B254:E0M0X0,92:B257:E0M0X0
92:B257:E0M0X0,92:B259:E0M0X0
92:B259:E0M0X0,92:B25C:E0M0X0
92:B25C:E0M0X0,92:A296:E0M0X0
92:B25F:E0M0X0,92:B262:E0M0X0
92:B262:E0M0X0,92:A547:E0M0X0
92:B265:E0M0X0,92:8BC1:E0M0X0
92:B266:E0M0X0,92:B269:E0M0X0
92:B269:E0M0X0,92:B26B:E0M0X0
92:B26B:E0M0X0,92:A6C2:E0M0X0
92:B26E:E0M0X0,92:B271:E0M0X0
92:B271:E0M0X0,92:B274:E0M0X0
92:B274:E0M0X0,92:B26B:E0M0X0
92:B274:E0M0X0,92:B276:E0M0X0
92:B276:E0M0X0,92:B277:E0M0X0
92:B277:E0M0X0,92:A6C2:E0M0X0
92:B27A:E0M0X0,92:B27D:E0M0X0
92:B27D:E0M0X0,92:B280:E0M0X0
92:B280:E0M0X0,92:B277:E0M0X0
92:B280:E0M0X0,92:B282:E0M0X0
92:B282:E0M0X0,92:B285:E0M0X0
92:B285:E0M0X0,92:B277:E0M0X0
92:B285:E0M0X0,92:B287:E0M0X0
92:B287:E0M0X0,92:B288:E0M0X0
92:B288:E0M0X0,92:B28B:E0M0X0
92:B28B:E0M0X0,92:B28C:E0M0X0
92:B28C:E0M0X0,92:B28E:E0M0X0
92:B28E:E0M0X0,92:B291:E0M0X0
92:B291:E0M0X0,92:B293:E0M0X0
92:B293:E0M0X0,92:B296:E0M0X0
92:B296:E0M0X0,92:B298:E0M0X0
92:B298:E0M0X0,92:B29B:E0M0X0
92:B29B:E0M0X0,92:B29D:E0M0X0
92:B29D:E0M0X0,92:B2A1:E0M0X0
92:B2A1:E0M0X0,92:B2A4:E0M0X0
92:B2A4:E0M0X0,92:B2A5:E0M0X0
92:B2A5:E0M0X0,92:B2A8:E0M0X0
92:B2A8:E0M0X0,92:B2AA:E0M0X0
92:B2AA:E0M0X0,92:A3E4:E0M0X0
92:B2AA:E0M0X0,92:A40F:E0M0X0
92:B2AD:E0M0X0,92:B2AF:E0M0X0
92:B2AD:E0M0X0,92:B2EB:E0M0X0
92:B2AF:E0M0X0,92:B2B2:E0M0X0
92:B2B2:E0M0X0,92:B2B4:E0M0X0
92:B2B4:E0M0X0,92:B2B6:E0M0X0
92:B2B6:E0M0X0,92:B2B8:E0M0X0
92:B2B8:E0M0X0,92:B2BA:E0M0X0
92:B2BA:E0M0X0,92:A43D:E0M0X0
92:B2BD:E0M0X0,92:B2BF:E0M0X0
92:B2BF:E0M0X0,92:B2C1:E0M0X0
92:B2BF:E0M0X0,92:B2DC:E0M0X0
92:B2C1:E0M0X0,92:B2C3:E0M0X0
92:B2C3:E0M0X0,92:B2C4:E0M0X0
92:B2C4:E0M0X0,92:B2C6:E0M0X0
92:B2C6:E0M0X0,92:B2C7:E0M0X0
92:B2C7:E0M0X0,92:A6C2:E0M0X0
92:B2CA:E0M0X0,92:B2CD:E0M0X0
92:B2CD:E0M0X0,92:B2CE:E0M0X0
92:B2CE:E0M0X0,92:B2CF:E0M0X0
92:B2CF:E0M0X0,92:B2D2:E0M0X0
92:B2D2:E0M0X0,92:B2B6:E0M0X0
92:B2DC:E0M0X0,92:B2DE:E0M0X0
92:B2DE:E0M0X0,92:B2DF:E0M0X0
92:B2DF:E0M0X0,92:B2E1:E0M0X0
92:B2E1:E0M0X0,92:B2E3:E0M0X0
92:B2E3:E0M0X0,92:B2E6:E0M0X0
92:B2E6:E0M0X0,92:B2E8:E0M0X0
92:B2E8:E0M0X0,92:A43D:E0M0X0
92:B2EB:E0M0X0,92:B2ED:E0M0X0
92:B2ED:E0M0X0,92:B2EF:E0M0X0
92:B2ED:E0M0X0,92:B2F2:E0M0X0
92:B2EF:E0M0X0,92:B26B:E0M0X0
92:B2F2:E0M0X0,92:B236:E0M0X0
92:BB35:E0M0X0,92:BB38:E0M0X0
92:BB38:E0M0X0,92:A596:E0M0X0
92:BB3B:E0M0X0,92:A278:E0M0X0
92:BB3E:E0M0X0,92:BB41:E0M0X0
92:BB41:E0M0X0,92:BC2F:E0M0X0
92:BB44:E0M0X0,92:BB47:E0M0X0
92:BB47:E0M0X0,92:BB49:E0M0X0
92:BB49:E0M0X0,92:BB4C:E0M0X0
92:BB4C:E0M0X0,92:BB4E:E0M0X0
92:BB4E:E0M0X0,92:BB51:E0M0X0
92:BB51:E0M0X0,92:A296:E0M0X0
92:BB54:E0M0X0,92:BB57:E0M0X0
92:BB57:E0M0X0,92:A547:E0M0X0
92:BB5A:E0M0X0,92:8BC1:E0M0X0
92:BC2F:E0M0X0,92:BC31:E0M0X0
92:BC31:E0M0X0,92:BC33:E0M0X0
92:BC33:E0M0X0,92:BC35:E0M0X0
92:BC33:E0M0X0,92:BCA6:E0M0X0
92:BC35:E0M0X0,92:BC38:E0M0X0
92:BC38:E0M0X0,92:BC3A:E0M0X0
92:BC3A:E0M0X0,92:BC3C:E0M0X0
92:BC3C:E0M0X0,92:BC3D:E0M0X0
92:BC3D:E0M0X0,92:BC3E:E0M0X0
92:BC3E:E0M0X0,92:BC40:E0M0X0
92:BC40:E0M0X0,92:BC42:E0M0X0
92:BC42:E0M0X0,92:BC45:E0M0X0
92:BC45:E0M0X0,92:A6C2:E0M0X0
92:BC48:E0M0X0,92:BC4B:E0M0X0
92:BC4B:E0M0X0,92:BC4C:E0M0X0
92:BC4C:E0M0X0,92:BC4D:E0M0X0
92:BC4D:E0M0X0,92:BC4F:E0M0X0
92:BC4F:E0M0X0,92:BC52:E0M0X0
92:BC52:E0M0X0,92:BC45:E0M0X0
92:BC52:E0M0X0,92:BC54:E0M0X0
92:BC54:E0M0X0,92:A6C2:E0M0X0
92:BC57:E0M0X0,92:BC5A:E0M0X0
92:BC5A:E0M0X0,92:BC5B:E0M0X0
92:BC5B:E0M0X0,92:BC5C:E0M0X0
92:BC5C:E0M0X0,92:BC5E:E0M0X0
92:BC5E:E0M0X0,92:BC61:E0M0X0
92:BC61:E0M0X0,92:BC54:E0M0X0
92:BC61:E0M0X0,92:BC63:E0M0X0
92:BC63:E0M0X0,92:BC64:E0M0X0
92:BC64:E0M0X0,92:BC65:E0M0X0
92:BC65:E0M0X0,92:BC68:E0M0X0
92:BC68:E0M0X0,92:BC6A:E0M0X0
92:BC6A:E0M0X0,92:BC6C:E0M0X0
92:BC6C:E0M0X0,92:BC6E:E0M0X0
92:BC6E:E0M0X0,92:A2F0:E0M0X0
92:BC71:E0M0X0,92:BC73:E0M0X0
92:BC71:E0M0X0,92:BC92:E0M0X0
92:BC73:E0M0X0,92:BC76:E0M0X0
92:BC76:E0M0X0,92:BC78:E0M0X0
92:BC78:E0M0X0,92:BC7A:E0M0X0
92:BC7A:E0M0X0,92:BC7B:E0M0X0
92:BC7B:E0M0X0,92:BC7C:E0M0X0
92:BC7C:E0M0X0,92:BC7E:E0M0X0
92:BC7E:E0M0X0,92:BC80:E0M0X0
92:BC80:E0M0X0,92:BC81:E0M0X0
92:BC81:E0M0X0,92:A450:E0M0X0
92:BC84:E0M0X0,92:BC85:E0M0X0
92:BC85:E0M0X0,92:BC86:E0M0X0
92:BC86:E0M0X0,92:BC87:E0M0X0
92:BC87:E0M0X0,92:BC89:E0M0X0
92:BC89:E0M0X0,92:BC8A:E0M0X0
92:BC8A:E0M0X0,92:BC8C:E0M0X0
92:BC8C:E0M0X0,92:BC8E:E0M0X0
92:BC8E:E0M0X0,92:BC90:E0M0X0
92:BC90:E0M0X0,92:BC7C:E0M0X0
92:BC90:E0M0X0,92:BC92:E0M0X0
92:BC92:E0M0X0,92:BC94:E0M0X0
92:BC94:E0M0X0,92:BC42:E0M0X0
92:BC94:E0M0X0,92:BC96:E0M0X0
92:BC96:E0M0X0,92:BC99:E0M0X0
92:BC99:E0M0X0,92:BC9B:E0M0X0
92:BC9B:E0M0X0,92:BC9C:E0M0X0
92:BC9C:E0M0X0,92:BC9F:E0M0X0
92:BC9F:E0M0X0,92:BCA0:E0M0X0
92:BCA0:E0M0X0,92:BCA2:E0M0X0
92:BCA2:E0M0X0,92:BCA4:E0M0X0
92:BCA4:E0M0X0,92:BC31:E0M0X0
92:BCA6:E0M0X0,92:BB44:E0M0X0
92:BCA6:E0M0X0,92:E356:E0M0X0
92:C621:E0M0X0,92:C624:E0M0X0
92:C624:E0M0X0,92:A596:E0M0X0
92:C627:E0M0X0,92:C62A:E0M0X0
92:C62A:E0M0X0,92:A547:E0M0X0
92:C62D:E0M0X0,92:A278:E0M0X0
92:C630:E0M0X0,92:C633:E0M0X0
92:C633:E0M0X0,92:C635:E0M0X0
92:C635:E0M0X0,92:C638:E0M0X0
92:C638:E0M0X0,92:C63A:E0M0X0
92:C63A:E0M0X0,92:C63D:E0M0X0
92:C63D:E0M0X0,92:A296:E0M0X0
92:C640:E0M0X0,92:C643:E0M0X0
92:C643:E0M0X0,92:A596:E0M0X0
92:C646:E0M0X0,92:8BC1:E0M0X0
92:CF63:E0M0X0,92:CF66:E0M0X0
92:CF66:E0M0X0,92:CF68:E0M0X0
92:CF68:E0M0X0,92:CF6B:E0M0X0
92:CF6B:E0M0X0,92:CF6D:E0M0X0
92:CF6D:E0M0X0,92:CF70:E0M0X0
92:CF70:E0M0X0,92:A296:E0M0X0
92:CF73:E0M0X0,92:A278:E0M0X0
92:CF76:E0M0X0,92:CF79:E0M0X0
92:CF79:E0M0X0,92:CF7B:E0M0X0
92:CF7B:E0M0X0,92:CF7E:E0M0X0
92:CF7E:E0M0X0,92:CF80:E0M0X0
92:CF80:E0M0X0,92:CF83:E0M0X0
92:CF83:E0M0X0,92:A296:E0M0X0
92:CF86:E0M0X0,92:CF89:E0M0X0
92:CF89:E0M0X0,92:A596:E0M0X0
92:CF8C:E0M0X0,92:CF8F:E0M0X0
92:CF8F:E0M0X0,92:A547:E0M0X0
92:CF92:E0M0X0,92:8BC1:E0M0X0
92:D971:E0M0X0,92:D974:E0M0X0
92:D974:E0M0X0,92:A667:E0M0X0
92:D977:E0M0X0,92:A278:E0M0X0
92:D97A:E0M0X0,92:D97D:E0M0X0
92:D97D:E0M0X0,92:D97F:E0M0X0
92:D97F:E0M0X0,92:D982:E0M0X0
92:D982:E0M0X0,92:D984:E0M0X0
92:D984:E0M0X0,92:D987:E0M0X0
92:D987:E0M0X0,92:A296:E0M0X0
92:D98A:E0M0X0,92:D98D:E0M0X0
92:D98D:E0M0X0,92:A547:E0M0X0
92:D990:E0M0X0,92:8BC1:E0M0X0
92:D9AB:E0M0X0,92:A6C2:E0M0X0
92:D9AE:E0M0X0,92:D9B1:E0M0X0
92:D9B1:E0M0X0,92:D9B2:E0M0X0
92:D9B2:E0M0X0,92:D9B5:E0M0X0
92:D9B5:E0M0X0,92:D9B7:E0M0X0
92:D9B7:E0M0X0,92:A43D:E0M0X0
92:D9C2:E0M0X0,92:A6C2:E0M0X0
92:D9C5:E0M0X0,92:D9C8:E0M0X0
92:D9C8:E0M0X0,92:D9C9:E0M0X0
92:D9C9:E0M0X0,92:D9CC:E0M0X0
92:D9CC:E0M0X0,92:D9CE:E0M0X0
92:D9CE:E0M0X0,92:A43D:E0M0X0
92:E34D:E0M0X0,92:A278:E0M0X0
92:E350:E0M0X0,92:E353:E0M0X0
92:E353:E0M0X0,92:BC2F:E0M0X0
92:E356:E0M0X0,92:E359:E0M0X0
92:E359:E0M0X0,92:E35B:E0M0X0
92:E35B:E0M0X0,92:E35E:E0M0X0
92:E35E:E0M0X0,92:E360:E0M0X0
92:E360:E0M0X0,92:E363:E0M0X0
92:E363:E0M0X0,92:A296:E0M0X0
92:E366:E0M0X0,92:E369:E0M0X0
92:E369:E0M0X0,92:A547:E0M0X0
92:E36C:E0M0X0,92:8BC1:E0M0X0
92:E3E7:E0M1X1,92:E3E8:E0M1X1
92:E3E8:E0M1X1,92:E3E9:E0M1X1
92:E3E9:E0M1X1,92:E3EA:E0M1X1
92:E3EA:E0M1X1,92:E3ED:E0M1X1
92:E3ED:E0M1X1,92:E3EE:E0M1X1
92:E3EE:E0M1X1,92:E3F0:E0M1X1
92:E3F0:E0M1X1,92:E3F3:E0M1X1
92:E3F3:E0M1X1,92:E3F6:E0M1X1
92:E3F6:E0M1X1,92:E3F7:E0M1X1
92:E3F7:E0M1X1,92:E3F9:E0M1X1
92:E3F9:E0M1X1,92:E3FC:E0M1X1
92:E3FC:E0M1X1,92:E3FF:E0M1X1
92:E3FF:E0M1X1,92:E402:E0M1X1
92:E402:E0M1X1,92:E404:E0M1X1
92:E404:E0M1X1,92:E407:E0M1X1
92:E407:E0M1X1,92:E40A:E0M1X1
92:E40A:E0M1X1,92:E40B:E0M1X1
92:E40B:E0M1X1,92:E40D:E0M1X1
92:E40D:E0M1X1,92:E410:E0M1X1
92:E410:E0M1X1,92:E413:E0M1X1
92:E413:E0M1X1,92:E414:E0M1X1
92:E414:E0M1X1,92:E416:E0M1X1
92:E416:E0M1X1,92:E419:E0M1X1
92:E419:E0M1X1,92:E41C:E0M1X1
92:E41C:E0M1X1,92:E41F:E0M1X1
92:E41F:E0M1X1,92:E422:E0M1X1
92:E422:E0M1X1,92:E425:E0M1X1
92:E425:E0M1X1,92:E428:E0M1X1
92:E428:E0M1X1,92:E42B:E0M1X1
92:E42B:E0M1X1,92:E42E:E0M1X1
92:E42E:E0M1X1,92:E42F:E0M1X1
92:E42F:E0M1X1,92:E431:E0M1X1
92:E431:E0M1X1,92:E434:E0M1X1
92:E434:E0M1X1,92:E437:E0M1X1
92:E437:E0M1X1,92:E43A:E0M1X1
92:E43A:E0M1X1,92:E43D:E0M1X1
92:E43D:E0M1X1,92:E43E:E0M1X1
92:E43E:E0M1X1,92:E440:E0M1X1
92:E440:E0M1X1,92:E443:E0M1X1
92:E443:E0M1X1,92:E444:E0M1X1
92:E444:E0M1X1,81:8DA8:E0M1X1
92:E444:E0M1X1,92:E57D:E0M1X1
92:E445:E0M1X1,92:E448:E0M1X1
92:E448:E0M1X1,92:E449:E0M1X1
92:E449:E0M1X1,92:E44A:E0M1X1
92:E44A:E0M1X1,92:E44D:E0M1X1
92:E44D:E0M1X1,92:E450:E0M1X1
92:E450:E0M1X1,92:E453:E0M1X1
92:E453:E0M1X1,92:E454:E0M1X1
92:E454:E0M1X1,92:E455:E0M1X1
92:E455:E0M1X1,92:E456:E0M1X1
92:E456:E0M1X1,92:E459:E0M1X1
92:E459:E0M1X1,92:E45A:E0M1X1
92:E45A:E0M1X1,92:E45D:E0M1X1
92:E45D:E0M1X1,92:E460:E0M1X1
92:E460:E0M1X1,92:E463:E0M1X1
92:E463:E0M1X1,92:E464:E0M1X1
92:E464:E0M1X1,92:E466:E0M1X1
92:E466:E0M1X1,92:E469:E0M1X1
92:E469:E0M1X1,92:E566:E0M1X1
92:E469:E0M1X1,92:E579:E0M1X1
92:E46A:E0M1X1,92:E46D:E0M1X1
92:E46D:E0M1X1,92:E470:E0M1X1
92:E470:E0M1X1,92:E471:E0M1X1
92:E471:E0M1X1,92:E474:E0M1X1
92:E474:E0M1X1,92:E476:E0M1X1
92:E474:E0M1X1,92:E47A:E0M1X1
92:E476:E0M1X1,92:E478:E0M1X1
92:E476:E0M1X1,92:E489:E0M1X1
92:E478:E0M1X1,92:E47A:E0M1X1
92:E478:E0M1X1,92:E490:E0M1X1
92:E47A:E0M1X1,92:E47D:E0M1X1
92:E47D:E0M1X1,92:E47F:E0M1X1
92:E47D:E0M1X1,92:E4A6:E0M1X1
92:E47F:E0M1X1,92:E482:E0M1X1
92:E482:E0M1X1,92:E484:E0M1X1
92:E484:E0M1X1,92:E487:E0M1X1
92:E487:E0M1X1,92:E4A6:E0M1X1
92:E489:E0M1X1,92:E48C:E0M1X1
92:E48C:E0M1X1,92:E48D:E0M1X1
92:E48D:E0M1X1,92:E48E:E0M1X1
92:E48E:E0M1X1,92:E495:E0M1X1
92:E490:E0M1X1,92:E493:E0M1X1
92:E493:E0M1X1,92:E494:E0M1X1
92:E494:E0M1X1,92:E495:E0M1X1
92:E495:E0M1X1,92:E498:E0M1X1
92:E498:E0M1X1,92:E49B:E0M1X1
92:E49B:E0M1X1,92:E49D:E0M1X1
92:E49B:E0M1X1,92:E4A6:E0M1X1
92:E49D:E0M1X1,92:E49E:E0M1X1
92:E49E:E0M1X1,92:E4A1:E0M1X1
92:E4A1:E0M1X1,92:E4A3:E0M1X1
92:E4A3:E0M1X1,92:E4A6:E0M1X1
92:E4A6:E0M1X1,92:E557:E0M1X1
92:E4A6:E0M1X1,92:E55C:E0M1X1
92:E4A7:E0M1X1,92:E4AA:E0M1X1
92:E4AA:E0M1X1,92:E4AD:E0M1X1
92:E4AD:E0M1X1,92:E4AE:E0M1X1
92:E4AE:E0M1X1,92:E4B1:E0M1X1
92:E4B1:E0M1X1,92:E4B3:E0M1X1
92:E4B1:E0M1X1,92:E4B6:E0M1X1
92:E4B3:E0M1X1,92:E46A:E0M1X1
92:E4B6:E0M1X1,92:E4B9:E0M1X1
92:E4B9:E0M1X1,92:E4BB:E0M1X1
92:E4B9:E0M1X1,92:E4C3:E0M1X1
92:E4BB:E0M1X1,92:E4BE:E0M1X1
92:E4BE:E0M1X1,92:E4C0:E0M1X1
92:E4C0:E0M1X1,92:E4C3:E0M1X1
92:E4C3:E0M1X1,92:E4C5:E0M1X1
92:E4C5:E0M1X1,92:E4C7:E0M1X1
92:E4C7:E0M1X1,92:E4CA:E0M1X1
92:E4CA:E0M1X1,92:E4CD:E0M1X1
92:E4CD:E0M1X1,92:E4CF:E0M1X1
92:E4CD:E0M1X1,92:E4D7:E0M1X1
92:E4CF:E0M1X1,92:E4D0:E0M1X1
92:E4D0:E0M1X1,92:E4D1:E0M1X1
92:E4D1:E0M1X1,92:E4D2:E0M1X1
92:E4D2:E0M1X1,92:E4D3:E0M1X1
92:E4D3:E0M1X1,92:E4CA:E0M1X1
92:E4D3:E0M1X1,92:E4D5:E0M1X1
92:E4D5:E0M1X1,92:E4ED:E0M1X1
92:E4D7:E0M1X1,92:E4DA:E0M1X1
92:E4DA:E0M1X1,92:E4DD:E0M1X1
92:E4DD:E0M1X1,92:E4DF:E0M1X1
92:E4DF:E0M1X1,92:E4E2:E0M1X1
92:E4E2:E0M1X1,92:E4E5:E0M1X1
92:E4E5:E0M1X1,92:E4E8:E0M1X1
92:E4E8:E0M1X1,92:E4EA:E0M1X1
92:E4EA:E0M1X1,92:E4ED:E0M1X1
92:E4ED:E0M1X1,92:E4F0:E0M1X1
92:E4F0:E0M1X1,92:E4F2:E0M1X1
92:E4F2:E0M1X1,92:E4F4:E0M1X1
92:E4F2:E0M1X1,92:E507:E0M1X1
92:E4F4:E0M1X1,92:E4F6:E0M1X1
92:E4F6:E0M1X1,92:E4F8:E0M1X1
92:E4F6:E0M1X1,92:E507:E0M1X1
92:E4F8:E0M1X1,92:E4FB:E0M1X1
92:E4FB:E0M1X1,92:E4FD:E0M1X1
92:E4FD:E0M1X1,92:E4FF:E0M1X1
92:E4FD:E0M1X1,92:E504:E0M1X1
92:E4FF:E0M1X1,92:E502:E0M1X1
92:E502:E0M1X1,92:E507:E0M1X1
92:E504:E0M1X1,92:E507:E0M1X1
92:E507:E0M1X1,92:E55C:E0M1X1
92:E508:E0M1X1,92:E50A:E0M1X1
92:E50A:E0M1X1,92:E50D:E0M1X1
92:E50D:E0M1X1,92:E50F:E0M1X1
92:E50F:E0M1X1,92:E512:E0M1X1
92:E512:E0M1X1,92:E514:E0M1X1
92:E514:E0M1X1,92:E517:E0M1X1
92:E517:E0M1X1,92:E519:E0M1X1
92:E519:E0M1X1,92:E51C:E0M1X1
92:E51C:E0M1X1,92:E51E:E0M1X1
92:E51E:E0M1X1,92:E521:E0M1X1
92:E521:E0M1X1,92:E524:E0M1X1
92:E524:E0M1X1,92:E561:E0M1X1
92:E525:E0M1X1,92:E528:E0M1X1
92:E528:E0M1X1,92:E52A:E0M1X1
92:E52A:E0M1X1,92:E52C:E0M1X1
92:E52A:E0M1X1,92:E532:E0M1X1
92:E52C:E0M1X1,92:E52F:E0M1X1
92:E52F:E0M1X1,92:E44D:E0M1X1
92:E532:E0M1X1,92:E535:E0M1X1
92:E535:E0M1X1,92:E566:E0M1X1
92:E536:E0M1X1,92:E537:E0M1X1
92:E537:E0M1X1,92:E538:E0M1X1
92:E538:E0M1X1,92:E539:E0M1X1
92:E539:E0M1X1,92:E53E:E0M1X1
92:E53C:E0M1X1,92:E53D:E0M1X1
92:E53D:E0M1X1,81:91B8:E0M1X1
92:E53E:E0M1X1,92:E541:E0M1X1
92:E541:E0M1X1,92:E543:E0M1X1
92:E543:E0M1X1,92:E544:E0M1X1
92:E544:E0M1X1,92:E545:E0M1X1
92:E545:E0M1X1,92:E554:E0M1X1
92:E545:E0M1X1,92:E559:E0M1X1
92:E545:E0M1X1,92:E55E:E0M1X1
92:E545:E0M1X1,92:E563:E0M1X1
92:E545:E0M1X1,92:E568:E0M1X1
92:E545:E0M1X1,92:E576:E0M1X1
92:E554:E0M1X1,92:E46A:E0M1X1
92:E557:E0M1X1,92:E579:E0M1X1
92:E559:E0M1X1,92:E4A7:E0M1X1
92:E55C:E0M1X1,92:E579:E0M1X1
92:E55E:E0M1X1,92:E508:E0M1X1
92:E561:E0M1X1,92:E579:E0M1X1
92:E563:E0M1X1,92:E525:E0M1X1
92:E566:E0M1X1,92:E579:E0M1X1
92:E568:E0M1X1,92:E56A:E0M1X1
92:E56A:E0M1X1,92:E56D:E0M1X1
92:E56D:E0M1X1,92:E56F:E0M1X1
92:E56F:E0M1X1,92:E572:E0M1X1
92:E572:E0M1X1,92:E575:E0M1X1
92:E575:E0M1X1,92:E53C:E0M1X1
92:E576:E0M1X1,92:E445:E0M1X1
92:E579:E0M1X1,92:E3E7:E0M1X1
92:E57D:E0M1X1,92:E53C:E0M1X1
92:E593:E0M1X1,92:E594:E0M1X1
92:E594:E0M1X1,92:E595:E0M1X1
92:E595:E0M1X1,92:E596:E0M1X1
92:E596:E0M1X1,92:E599:E0M1X1
92:E599:E0M1X1,92:E59C:E0M1X1
92:E59C:E0M1X1,92:E59F:E0M1X1
92:E59F:E0M1X1,92:E5A2:E0M1X1
92:E5A2:E0M1X1,92:E5A5:E0M1X1
92:E5A5:E0M1X1,92:E5A8:E0M1X1
92:E5A8:E0M1X1,92:E5AB:E0M1X1
92:E5AB:E0M1X1,92:E5AE:E0M1X1
92:E5AE:E0M1X1,92:E5B1:E0M1X1
92:E5B1:E0M1X1,92:E5B4:E0M1X1
92:E5B4:E0M1X1,92:E5B7:E0M1X1
92:E5B7:E0M1X1,92:E5BA:E0M1X1
92:E5BA:E0M1X1,92:E5BD:E0M1X1
92:E5BD:E0M1X1,92:E5BE:E0M1X1
92:E5BE:E0M1X1,92:E5C1:E0M1X1
92:E5C1:E0M1X1,92:E5C4:E0M1X1
92:E5C4:E0M1X1,92:E5C7:E0M1X1
92:E5C7:E0M1X1,92:E5C8:E0M1X1
92:E5C8:E0M1X1,92:E5CB:E0M1X1
92:E5CB:E0M1X1,92:E5CE:E0M1X1
92:E5CE:E0M1X1,92:E5D1:E0M1X1
92:E5D1:E0M1X1,92:E5D4:E0M1X1
92:E5D4:E0M1X1,92:E5D5:E0M1X1
92:E5D5:E0M1X1,92:E5D8:E0M1X1
92:E5D8:E0M1X1,92:E5DB:E0M1X1
92:E5DB:E0M1X1,92:E5DE:E0M1X1
92:E5DE:E0M1X1,92:E5DF:E0M1X1
92:E5DF:E0M1X1,92:E5E2:E0M1X1
92:E5E2:E0M1X1,92:E5E5:E0M1X1
92:E5E5:E0M1X1,92:E5E8:E0M1X1
92:E5E8:E0M1X1,92:E5EB:E0M1X1
92:E5EB:E0M1X1,92:E5EC:E0M1X1
92:E5EC:E0M1X1,92:E5EF:E0M1X1
92:E5EF:E0M1X1,92:E5F2:E0M1X1
92:E5F2:E0M1X1,92:E5F5:E0M1X1
92:E5F5:E0M1X1,92:E5F8:E0M1X1
92:E5F8:E0M1X1,92:E5F9:E0M1X1
92:E5F9:E0M1X1,92:E5FC:E0M1X1
92:E5FC:E0M1X1,92:E5FF:E0M1X1
92:E5FF:E0M1X1,92:E602:E0M1X1
92:E602:E0M1X1,92:E603:E0M1X1
92:E603:E0M1X1,92:E606:E0M1X1
92:E606:E0M1X1,92:E609:E0M1X1
92:E609:E0M1X1,92:E60A:E0M1X1
92:E60A:E0M1X1,80:8A63:E0M1X1
92:E60B:E0M1X1,92:E60C:E0M1X1
92:E60C:E0M1X1,92:E60D:E0M1X1
92:E60D:E0M1X1,92:E60E:E0M1X1
92:E60E:E0M1X1,92:E616:E0M1X1
92:E611:E0M1X1,92:E63D:E0M1X1
92:E614:E0M1X1,92:E615:E0M1X1
92:E615:E0M1X1,80:8AC7:E0M1X1
92:E616:E0M1X1,92:E619:E0M1X1
92:E619:E0M1X1,92:E61C:E0M1X1
92:E61C:E0M1X1,92:E61F:E0M1X1
92:E61F:E0M1X1,92:E620:E0M1X1
92:E620:E0M1X1,92:E623:E0M1X1
92:E623:E0M1X1,92:E624:E0M1X1
92:E624:E0M1X1,92:E625:E0M1X1
92:E625:E0M1X1,92:E628:E0M1X1
92:E628:E0M1X1,92:E62A:E0M1X1
92:E62A:E0M1X1,92:E62C:E0M1X1
92:E62A:E0M1X1,92:E633:E0M1X1
92:E62C:E0M1X1,92:E62E:E0M0X0
92:E62E:E0M0X0,92:E631:E0M0X0
92:E631:E0M0X0,92:E638:E0M0X0
92:E633:E0M1X1,92:E635:E0M0X0
92:E635:E0M0X0,92:E638:E0M0X0
92:E638:E0M0X0,92:E63A:E0M0X0
92:E63A:E0M0X0,92:E63C:E0M1X1
92:E63C:E0M1X1,92:E611:E0M1X1
92:E63D:E0M1X1,92:E640:E0M1X1
92:E640:E0M1X1,92:E643:E0M1X1
92:E643:E0M1X1,92:E646:E0M1X1
92:E646:E0M1X1,92:E6BC:E0M1X1
92:E649:E0M1X1,92:E64C:E0M1X1
92:E64C:E0M1X1,92:E64F:E0M1X1
92:E64F:E0M1X1,92:E652:E0M1X1
92:E652:E0M1X1,92:E655:E0M1X1
92:E655:E0M1X1,92:E6BC:E0M1X1
92:E658:E0M1X1,92:E65B:E0M1X1
92:E65B:E0M1X1,92:E65E:E0M1X1
92:E65E:E0M1X1,92:E661:E0M1X1
92:E661:E0M1X1,92:E664:E0M1X1
92:E664:E0M1X1,92:E6BC:E0M1X1
92:E667:E0M1X1,92:E66A:E0M1X1
92:E66A:E0M1X1,92:E66D:E0M1X1
92:E66D:E0M1X1,92:E670:E0M1X1
92:E670:E0M1X1,92:E673:E0M1X1
92:E673:E0M1X1,92:E6BC:E0M1X1
92:E676:E0M1X1,92:E679:E0M1X1
92:E679:E0M1X1,92:E67C:E0M1X1
92:E67C:E0M1X1,92:E67F:E0M1X1
92:E67F:E0M1X1,92:E682:E0M1X1
92:E682:E0M1X1,92:E6BC:E0M1X1
92:E685:E0M1X1,92:E688:E0M1X1
92:E688:E0M1X1,92:E68B:E0M1X1
92:E68B:E0M1X1,92:E68E:E0M1X1
92:E68E:E0M1X1,92:E691:E0M1X1
92:E691:E0M1X1,92:E6BC:E0M1X1
92:E694:E0M1X1,92:E697:E0M1X1
92:E697:E0M1X1,92:E69A:E0M1X1
92:E69A:E0M1X1,92:E69C:E0M1X1
92:E69C:E0M1X1,92:E69D:E0M1X1
92:E69D:E0M1X1,92:E6BC:E0M1X1
92:E6A0:E0M1X1,92:E6A3:E0M1X1
92:E6A3:E0M1X1,92:E6A6:E0M1X1
92:E6A6:E0M1X1,92:E6A9:E0M1X1
92:E6A9:E0M1X1,92:E6AC:E0M1X1
92:E6AC:E0M1X1,92:E6AF:E0M1X1
92:E6AF:E0M1X1,92:E6B2:E0M1X1
92:E6B2:E0M1X1,92:E6B5:E0M1X1
92:E6B5:E0M1X1,92:E6B8:E0M1X1
92:E6B8:E0M1X1,92:E6BB:E0M1X1
92:E6BB:E0M1X1,92:E614:E0M1X1
92:E6BC:E0M1X1,92:E6BE:E0M1X1
92:E6BE:E0M1X1,92:E6C1:E0M1X1
92:E6C1:E0M1X1,92:E6C3:E0M1X1
92:E6C1:E0M1X1,92:E6C9:E0M1X1
92:E6C3:E0M1X1,92:E6C5:E0M1X1
92:E6C5:E0M1X1,92:E6C7:E0M1X1
92:E6C5:E0M1X1,92:E6C9:E0M1X1
92:E6C7:E0M1X1,92:E6C9:E0M1X1
92:E6C9:E0M1X1,92:E6ED:E0M1X1
92:E6CC:E0M1X1,92:E6CE:E0M1X1
92:E6CE:E0M1X1,92:E6D0:E0M1X1
92:E6D0:E0M1X1,92:E6D2:E0M1X1
92:E6D0:E0M1X1,92:E6D4:E0M1X1
92:E6D2:E0M1X1,92:E6D4:E0M1X1
92:E6D4:E0M1X1,92:E6ED:E0M1X1
92:E6D7:E0M1X1,92:E6DA:E0M1X1
92:E6DA:E0M1X1,92:E6DC:E0M1X1
92:E6DA:E0M1X1,92:E6E4:E0M1X1
92:E6DC:E0M1X1,92:E6DE:E0M1X1
92:E6DE:E0M1X1,92:E6E0:E0M1X1
92:E6E0:E0M1X1,92:E6E2:E0M1X1
92:E6E0:E0M1X1,92:E6E4:E0M1X1
92:E6E2:E0M1X1,92:E6E4:E0M1X1
92:E6E4:E0M1X1,92:E6ED:E0M1X1
92:E6E7:E0M1X1,92:E6E9:E0M1X1
92:E6E9:E0M1X1,92:E6EA:E0M1X1
92:E6EA:E0M1X1,92:E6EC:E0M1X1
92:E6EC:E0M1X1,92:E649:E0M1X1
92:E6EC:E0M1X1,92:E658:E0M1X1
92:E6EC:E0M1X1,92:E667:E0M1X1
92:E6EC:E0M1X1,92:E676:E0M1X1
92:E6EC:E0M1X1,92:E685:E0M1X1
92:E6EC:E0M1X1,92:E694:E0M1X1
92:E6EC:E0M1X1,92:E6A0:E0M1X1
92:E6ED:E0M1X1,92:E6F0:E0M1X1
92:E6F0:E0M1X1,92:E6F1:E0M1X1
92:E6F1:E0M1X1,92:E6F2:E0M1X1
92:E6F2:E0M1X1,92:E6F4:E0M1X1
92:E6F4:E0M1X1,92:E6F7:E0M1X1
92:E6F7:E0M1X1,92:E6CC:E0M1X1
92:E6F7:E0M1X1,92:E6D7:E0M1X1
92:E6F7:E0M1X1,92:E6E7:E0M1X1
92:ED31:E0M1X1,92:ED32:E0M1X1
92:ED32:E0M1X1,92:ED33:E0M1X1
92:ED33:E0M1X1,92:ED34:E0M1X1
92:ED34:E0M1X1,92:ED35:E0M1X1
92:ED35:E0M1X1,92:ED37:E0M0X0
92:ED37:E0M0X0,92:ED3A:E0M0X0
92:ED3A:E0M0X0,92:ED3D:E0M0X0
92:ED3D:E0M0X0,92:ED3F:E0M0X0
92:ED3D:E0M0X0,92:ED47:E0M0X0
92:ED3F:E0M0X0,92:ED42:E0M0X0
92:ED42:E0M0X0,92:ED45:E0M0X0
92:ED45:E0M0X0,92:ED47:E0M0X0
92:ED45:E0M0X0,92:ED4D:E0M0X0
92:ED47:E0M0X0,92:ED4A:E0M0X0
92:ED4A:E0M0X0,92:EEC5:E0M0X0
92:ED4D:E0M0X0,92:ED50:E0M0X0
92:ED50:E0M0X0,92:ED53:E0M0X0
92:ED53:E0M0X0,92:ED56:E0M0X0
92:ED56:E0M0X0,92:ED4A:E0M0X0
92:ED56:E0M0X0,92:ED58:E0M0X0
92:ED58:E0M0X0,92:ED5B:E0M0X0
92:ED5B:E0M0X0,92:ED5E:E0M0X0
92:ED5E:E0M0X0,92:ED61:E0M0X0
92:ED61:E0M0X0,92:ED64:E0M0X0
92:ED64:E0M0X0,92:ED67:E0M0X0
92:ED67:E0M0X0,92:ED6A:E0M0X0
92:ED6A:E0M0X0,92:ED6C:E0M1X1
92:ED6C:E0M1X1,92:EEEE:E0M1X1
92:ED6F:E0M1X1,92:ED71:E0M1X1
92:ED71:E0M1X1,92:ED74:E0M1X1
92:ED74:E0M1X1,92:ED75:E0M1X1
92:ED75:E0M1X1,92:ED77:E0M1X1
92:ED77:E0M1X1,92:ED78:E0M1X1
92:ED78:E0M1X1,92:ED79:E0M1X1
92:ED79:E0M1X1,92:ED7B:E0M1X1
92:ED7B:E0M1X1,92:ED7E:E0M1X1
92:ED7E:E0M1X1,92:ED81:E0M1X1
92:ED81:E0M1X1,92:ED84:E0M1X1
92:ED84:E0M1X1,92:ED87:E0M1X1
92:ED87:E0M1X1,92:ED8A:E0M1X1
92:ED8A:E0M1X1,92:ED8D:E0M1X1
92:ED8D:E0M1X1,92:ED8E:E0M1X1
92:ED8E:E0M1X1,92:ED90:E0M0X0
92:ED90:E0M0X0,92:ED93:E0M0X0
92:ED93:E0M0X0,92:ED95:E0M0X0
92:ED95:E0M0X0,92:ED97:E0M0X0
92:ED97:E0M0X0,92:ED9A:E0M0X0
92:ED9A:E0M0X0,92:ED9C:E0M0X0
92:ED9C:E0M0X0,92:ED9E:E0M0X0
92:ED9E:E0M0X0,92:EEC8:E0M0X0
92:EDA1:E0M0X0,92:EDA4:E0M0X0
92:EDA4:E0M0X0,92:EDA6:E0M0X0
92:EDA6:E0M0X0,92:EDA9:E0M0X0
92:EDA9:E0M0X0,92:EDAC:E0M0X0
92:EDAC:E0M0X0,92:EDAF:E0M0X0
92:EDAF:E0M0X0,92:EDB0:E0M0X0
92:EDB0:E0M0X0,92:EDB3:E0M0X0
92:EDB3:E0M0X0,92:EDB4:E0M0X0
92:EDB4:E0M0X0,92:EDB6:E0M1X1
92:EDB6:E0M1X1,92:EDB8:E0M1X1
92:EDB8:E0M1X1,92:EDBB:E0M1X1
92:EDBB:E0M1X1,92:EDBE:E0M1X1
92:EDBE:E0M1X1,92:EDC1:E0M1X1
92:EDC1:E0M1X1,92:EDC3:E0M1X1
92:EDC3:E0M1X1,92:EDC6:E0M1X1
92:EDC6:E0M1X1,92:EDC8:E0M1X1
92:EDC8:E0M1X1,92:EDCB:E0M1X1
92:EDCB:E0M1X1,92:EDCE:E0M1X1
92:EDCE:E0M1X1,92:EDD0:E0M1X1
92:EDD0:E0M1X1,92:EDD3:E0M1X1
92:EDD3:E0M1X1,92:EDD5:E0M1X1
92:EDD5:E0M1X1,92:EDD8:E0M1X1
92:EDD8:E0M1X1,92:EDDA:E0M1X1
92:EDDA:E0M1X1,92:EDDD:E0M1X1
92:EDDD:E0M1X1,92:EDDF:E0M1X1
92:EDDF:E0M1X1,92:EDE2:E0M1X1
92:EDE2:E0M1X1,92:EDE4:E0M1X1
92:EDE4:E0M1X1,92:EDE7:E0M1X1
92:EDE7:E0M1X1,92:EDE9:E0M1X1
92:EDE9:E0M1X1,92:EDEC:E0M1X1
92:EDEC:E0M1X1,92:EDEE:E0M1X1
92:EDEE:E0M1X1,92:EDF1:E0M1X1
92:EDF1:E0M1X1,92:EDF3:E0M0X0
92:EDF3:E0M0X0,92:EEC8:E0M0X0
92:EDF6:E0M0X0,92:EDF8:E0M1X1
92:EDF8:E0M1X1,92:EDF9:E0M1X1
92:EDF9:E0M1X1,92:EDFB:E0M1X1
92:EDFB:E0M1X1,92:EDFC:E0M1X1
92:EDFC:E0M1X1,92:EDFD:E0M1X1
92:EDFD:E0M1X1,92:EE00:E0M1X1
92:EE00:E0M1X1,92:EE02:E0M1X1
92:EE00:E0M1X1,92:EE14:E0M1X1
92:EE02:E0M1X1,92:EE04:E0M1X1
92:EE04:E0M1X1,92:EE07:E0M1X1
92:EE07:E0M1X1,92:EE08:E0M1X1
92:EE08:E0M1X1,92:EE04:E0M1X1
92:EE08:E0M1X1,92:EE0A:E0M1X1
92:EE0A:E0M1X1,92:EE0D:E0M1X1
92:EE0D:E0M1X1,92:EE0F:E0M1X1
92:EE0D:E0M1X1,92:EE29:E0M1X1
92:EE0F:E0M1X1,92:EE12:E0M1X1
92:EE12:E0M1X1,92:EE29:E0M1X1
92:EE14:E0M1X1,92:EE16:E0M1X1
92:EE16:E0M1X1,92:EE19:E0M1X1
92:EE19:E0M1X1,92:EE1A:E0M1X1
92:EE1A:E0M1X1,92:EE16:E0M1X1
92:EE1A:E0M1X1,92:EE1C:E0M1X1
92:EE1C:E0M1X1,92:EE1F:E0M1X1
92:EE1F:E0M1X1,92:EE22:E0M1X1
92:EE22:E0M1X1,92:EE24:E0M1X1
92:EE24:E0M1X1,92:EE26:E0M1X1
92:EE24:E0M1X1,92:EE29:E0M1X1
92:EE26:E0M1X1,92:EE29:E0M1X1
92:EE29:E0M1X1,92:EE2A:E0M1X1
92:EE2A:E0M1X1,92:EE2C:E0M0X0
92:EE2C:E0M0X0,92:EE2F:E0M0X0
92:EE2F:E0M0X0,92:EE31:E0M0X0
92:EE2F:E0M0X0,92:EE3E:E0M0X0
92:EE31:E0M0X0,92:EE34:E0M0X0
92:EE34:E0M0X0,92:EE37:E0M0X0
92:EE37:E0M0X0,92:EE39:E0M0X0
92:EE37:E0M0X0,92:EE4F:E0M0X0
92:EE39:E0M0X0,92:EE3C:E0M0X0
92:EE3C:E0M0X0,92:EE4F:E0M0X0
92:EE3E:E0M0X0,92:EE41:E0M0X0
92:EE41:E0M0X0,92:EE44:E0M0X0
92:EE44:E0M0X0,92:EE47:E0M0X0
92:EE47:E0M0X0,92:EE4A:E0M0X0
92:EE4A:E0M0X0,92:EE4C:E0M0X0
92:EE4A:E0M0X0,92:EE4F:E0M0X0
92:EE4C:E0M0X0,92:EE4F:E0M0X0
92:EE4F:E0M0X0,92:EE52:E0M0X0
92:EE52:E0M0X0,92:EE54:E0M0X0
92:EE54:E0M0X0,92:EE56:E0M0X0
92:EE56:E0M0X0,92:EE57:E0M0X0
92:EE57:E0M0X0,92:EE5A:E0M0X0
92:EE5A:E0M0X0,92:EE5B:E0M0X0
92:EE5B:E0M0X0,92:EE5E:E0M0X0
92:EE5E:E0M0X0,92:EE61:E0M0X0
92:EE61:E0M0X0,92:EE62:E0M0X0
92:EE62:E0M0X0,92:EE65:E0M0X0
92:EE65:E0M0X0,92:EE67:E0M0X0
92:EE65:E0M0X0,92:EE7D:E0M0X0
92:EE67:E0M0X0,92:EE69:E0M0X0
92:EE69:E0M0X0,92:EE6C:E0M0X0
92:EE6C:E0M0X0,92:EE6E:E0M0X0
92:EE6C:E0M0X0,92:EE75:E0M0X0
92:EE6E:E0M0X0,92:EE71:E0M0X0
92:EE71:E0M0X0,92:EE72:E0M0X0
92:EE72:E0M0X0,92:EE73:E0M0X0
92:EE73:E0M0X0,92:EE89:E0M0X0
92:EE75:E0M0X0,92:EE78:E0M0X0
92:EE78:E0M0X0,92:EE79:E0M0X0
92:EE79:E0M0X0,92:EE7B:E0M0X0
92:EE7B:E0M0X0,92:EE80:E0M0X0
92:EE7D:E0M0X0,92:EE80:E0M0X0
92:EE80:E0M0X0,92:EE81:E0M0X0
92:EE81:E0M0X0,92:EE84:E0M0X0
92:EE84:E0M0X0,92:EE85:E0M0X0
92:EE85:E0M0X0,92:EE87:E0M0X0
92:EE87:E0M0X0,92:EE89:E0M0X0
92:EE87:E0M0X0,92:EE8F:E0M0X0
92:EE89:E0M0X0,92:EE8A:E0M0X0
92:EE8A:E0M0X0,92:EE8B:E0M0X0
92:EE8B:E0M0X0,92:EE8E:E0M0X0
92:EE8E:E0M0X0,92:EE8F:E0M0X0
92:EE8F:E0M0X0,92:EE91:E0M0X0
92:EE91:E0M0X0,92:EE93:E0M0X0
92:EE93:E0M0X0,92:EE95:E0M0X0
92:EE95:E0M0X0,92:EE97:E0M0X0
92:EE97:E0M0X0,92:EE99:E0M0X0
92:EE99:E0M0X0,92:EE9A:E0M0X0
92:EE9A:E0M0X0,92:EE9D:E0M0X0
92:EE9D:E0M0X0,92:EEEE:E0M0X0
92:EEA0:E0M0X0,92:EEA3:E0M0X0
92:EEA3:E0M0X0,92:EEA6:E0M0X0
92:EEA6:E0M0X0,92:EEA8:E0M0X0
92:EEA6:E0M0X0,92:EEAB:E0M0X0
92:EEA8:E0M0X0,92:EDF3:E0M0X0
92:EEAB:E0M0X0,92:EEAE:E0M0X0
92:EEAE:E0M0X0,92:EEB0:E0M1X1
92:EEB0:E0M1X1,92:EEB3:E0M1X1
92:EEB3:E0M1X1,92:EEB6:E0M1X1
92:EEB6:E0M1X1,92:EEB9:E0M1X1
92:EEB9:E0M1X1,92:EEBB:E0M0X0
92:EEBB:E0M0X0,92:EEBE:E0M0X0
92:EEBE:E0M0X0,92:EEC1:E0M0X0
92:EEC1:E0M0X0,81:9F58:E0M0X0
92:EEC5:E0M0X0,92:EEC6:E0M0X0
92:EEC5:E0M1X0,92:EEC6:E0M1X0
92:EEC6:E0M0X0,92:EEC7:E0M1X1
92:EEC6:E0M1X0,92:EEC7:E0M1X1
92:EEC7:E0M1X1,81:8DCB:E0M1X1
92:EEC7:E0M1X1,81:9494:E0M1X1
92:EEC7:E0M1X1,81:A626:E0M1X1
92:EEC7:E0M1X1,81:A6E2:E0M1X1
92:EEC7:E0M1X1,81:AFF3:E0M1X1
92:EEC7:E0M1X1,81:B7BF:E0M1X1
92:EEC7:E0M1X1,81:BB0D:E0M1X1
92:EEC7:E0M1X1,81:C664:E0M1X1
92:EEC7:E0M1X1,81:F959:E0M1X1
92:EEC8:E0M0X0,92:EECB:E0M0X0
92:EECB:E0M0X0,92:EECD:E0M0X0
92:EECD:E0M0X0,92:EED0:E0M0X0
92:EED0:E0M0X0,92:EED2:E0M0X0
92:EED2:E0M0X0,92:EED5:E0M0X0
92:EED5:E0M0X0,92:EED7:E0M0X0
92:EED7:E0M0X0,92:EED8:E0M0X0
92:EED8:E0M0X0,92:EED9:E0M0X0
92:EED9:E0M0X0,92:EEDA:E0M0X0
92:EEDA:E0M0X0,92:EEDB:E0M0X0
92:EEDB:E0M0X0,92:EEDE:E0M0X0
92:EEDE:E0M0X0,92:EEDF:E0M0X0
92:EEDF:E0M0X0,92:EEE2:E0M0X0
92:EEE2:E0M0X0,92:EEE3:E0M0X0
92:EEE3:E0M0X0,92:EEE4:E0M0X0
92:EEE4:E0M0X0,92:EEE5:E0M0X0
92:EEE5:E0M0X0,92:EEE6:E0M0X0
92:EEE6:E0M0X0,92:EEE7:E0M0X0
92:EEE7:E0M0X0,92:EEE8:E0M0X0
92:EEE8:E0M0X0,92:EEE9:E0M0X0
92:EEE9:E0M0X0,92:EEEC:E0M0X0
92:EEEC:E0M0X0,92:EEED:E0M0X0
92:EEED:E0M0X0,92:EDA1:E0M0X0
92:EEED:E0M0X0,92:EDF6:E0M0X0
92:EEEE:E0M0X0,92:EEEF:E0M0X0
92:EEEE:E0M1X1,92:EEEF:E0M1X1
92:EEEF:E0M0X0,92:EEF1:E0M1X0
92:EEEF:E0M1X1,92:EEF1:E0M1X1
92:EEF1:E0M1X0,92:EEF4:E0M1X0
92:EEF1:E0M1X1,92:EEF4:E0M1X1
92:EEF4:E0M1X0,92:EEF6:E0M1X0
92:EEF4:E0M1X1,92:EEF6:E0M1X1
92:EEF6:E0M1X0,92:EEF1:E0M1X0
92:EEF6:E0M1X0,92:EEF8:E0M1X0
92:EEF6:E0M1X1,92:EEF1:E0M1X1
92:EEF6:E0M1X1,92:EEF8:E0M1X1
92:EEF8:E0M1X0,92:EEF9:E0M0X0
92:EEF8:E0M1X1,92:EEF9:E0M1X1
92:EEF9:E0M0X0,92:EEA0:E0M0X0
92:EEF9:E0M1X1,92:ED6F:E0M1X1
92:EF72:E0M1X1,92:EF73:E0M1X1
92:EF73:E0M1X1,92:EF74:E0M1X1
92:EF74:E0M1X1,92:EF75:E0M1X1
92:EF75:E0M1X1,92:EF77:E0M1X1
92:EF77:E0M1X1,92:EF7A:E0M1X1
92:EF7A:E0M1X1,92:EF7C:E0M1X1
92:EF7C:E0M1X1,92:EF7F:E0M1X1
92:EF7F:E0M1X1,92:EF81:E0M1X1
92:EF81:E0M1X1,92:EF84:E0M1X1
92:EF84:E0M1X1,92:EF85:E0M1X1
92:EF85:E0M1X1,92:EF81:E0M1X1
92:EF85:E0M1X1,92:EF87:E0M1X1
92:EF87:E0M1X1,92:EF89:E0M1X1
92:EF89:E0M1X1,92:EF8C:E0M1X1
92:EF8C:E0M1X1,92:EF8F:E0M1X1
92:EF8F:E0M1X1,92:EF90:E0M1X1
92:EF90:E0M1X1,92:EF89:E0M1X1
92:EF90:E0M1X1,92:EF92:E0M1X1
92:EF92:E0M1X1,92:EF94:E0M1X1
92:EF94:E0M1X1,92:EF97:E0M1X1
92:EF97:E0M1X1,92:EF99:E0M1X1
92:EF99:E0M1X1,92:EF9C:E0M1X1
92:EF9C:E0M1X1,92:EF9D:E0M1X1
92:EF9D:E0M1X1,92:EF99:E0M1X1
92:EF9D:E0M1X1,92:EF9F:E0M1X1
92:EF9F:E0M1X1,92:EFA2:E0M1X1
92:EFA2:E0M1X1,92:EFA4:E0M1X1
92:EFA4:E0M1X1,92:EFA7:E0M1X1
92:EFA7:E0M1X1,92:EFAA:E0M1X1
92:EFAA:E0M1X1,92:EFAD:E0M1X1
92:EFAD:E0M1X1,92:EFB0:E0M1X1
92:EFB0:E0M1X1,92:EFB3:E0M1X1
92:EFB3:E0M1X1,92:EFB6:E0M1X1
92:EFB6:E0M1X1,92:EFB8:E0M1X1
92:EFB8:E0M1X1,92:EFBB:E0M1X1
92:EFBB:E0M1X1,92:EFBE:E0M1X1
92:EFBE:E0M1X1,92:EFC1:E0M1X1
92:EFC1:E0M1X1,92:EFC4:E0M1X1
92:EFC4:E0M1X1,92:EFC7:E0M1X1
92:EFC7:E0M1X1,92:EFC9:E0M1X1
92:EFC9:E0M1X1,92:EFCC:E0M1X1
92:EFCC:E0M1X1,92:EFCD:E0M1X1
92:EFCD:E0M1X1,92:EFC9:E0M1X1
92:EFCD:E0M1X1,92:EFCF:E0M1X1
92:EFCF:E0M1X1,92:EFD1:E0M1X1
92:EFD1:E0M1X1,92:EFD4:E0M1X1
92:EFD4:E0M1X1,92:EFD7:E0M1X1
92:EFD7:E0M1X1,92:EFD9:E0M1X1
92:EFD9:E0M1X1,92:EFDC:E0M1X1
92:EFDC:E0M1X1,92:EFDF:E0M1X1
92:EFDF:E0M1X1,92:EFE2:E0M1X1
92:EFE2:E0M1X1,92:EFE4:E0M1X1
92:EFE4:E0M1X1,92:EFE7:E0M1X1
92:EFE7:E0M1X1,92:EFE9:E0M1X1
92:EFE9:E0M1X1,92:EFEC:E0M1X1
92:EFEC:E0M1X1,92:EFED:E0M1X1
92:EFED:E0M1X1,92:EFE9:E0M1X1
92:EFED:E0M1X1,92:EFEF:E0M1X1
92:EFEF:E0M1X1,92:EFF0:E0M1X1
92:EFF0:E0M1X1,80:803C:E0M1X1
92:EFF1:E0M1X1,92:EFF2:E0M1X1
92:EFF2:E0M1X1,92:EFF3:E0M1X1
92:EFF3:E0M1X1,92:EFF4:E0M1X1
92:EFF4:E0M1X1,92:EFF6:E0M0X0
92:EFF6:E0M0X0,92:EFF9:E0M0X0
92:EFF9:E0M0X0,92:EFFC:E0M0X0
92:EFFC:E0M0X0,92:EFFF:E0M0X0
92:EFFF:E0M0X0,92:F001:E0M1X1
92:F001:E0M1X1,92:F003:E0M1X1
92:F003:E0M1X1,92:F006:E0M1X1
92:F006:E0M1X1,92:F009:E0M1X1
92:F009:E0M1X1,92:F00C:E0M1X1
92:F00C:E0M1X1,92:F00E:E0M1X1
92:F00E:E0M1X1,92:F011:E0M1X1
92:F011:E0M1X1,92:F014:E0M1X1
92:F014:E0M1X1,92:F016:E0M1X1
92:F016:E0M1X1,92:F019:E0M1X1
92:F019:E0M1X1,92:F01B:E0M0X1
92:F01B:E0M0X1,92:F01E:E0M0X1
92:F01E:E0M0X1,92:F021:E0M0X1
92:F021:E0M0X1,92:F024:E0M0X1
92:F024:E0M0X1,92:F026:E0M0X1
92:F024:E0M0X1,92:F02E:E0M0X1
92:F026:E0M0X1,92:F029:E0M0X1
92:F029:E0M0X1,92:F02C:E0M0X1
92:F02C:E0M0X1,92:F02E:E0M0X1
92:F02C:E0M0X1,92:F043:E0M0X1
92:F02E:E0M0X1,92:F031:E0M0X1
92:F031:E0M0X1,92:F034:E0M0X1
92:F034:E0M0X1,92:F037:E0M0X1
92:F037:E0M0X1,92:F03A:E0M0X1
92:F03A:E0M0X1,92:F03D:E0M0X1
92:F03D:E0M0X1,92:F040:E0M0X1
92:F040:E0M0X1,92:F043:E0M0X1
92:F043:E0M0X1,92:F045:E0M1X1
92:F045:E0M1X1,92:F048:E0M1X1
92:F048:E0M1X1,92:F04B:E0M1X1
92:F04B:E0M1X1,92:F04C:E0M1X1
92:F04C:E0M1X1,80:8040:E0M1X1
92:F04D:E0M1X1,92:F04F:E0M0X0
92:F04F:E0M0X0,92:F052:E0M0X0
92:F052:E0M0X0,92:F056:E0M0X0
92:F056:E0M0X0,92:F05A:E0M0X0
92:F05A:E0M0X0,92:F05D:E0M0X0
92:F05D:E0M0X0,92:F05F:E0M0X0
92:F05D:E0M0X0,92:F071:E0M0X0
92:F05F:E0M0X0,92:F062:E0M0X0
92:F062:E0M0X0,92:F066:E0M0X0
92:F066:E0M0X0,92:F06A:E0M0X0
92:F06A:E0M0X0,92:F06D:E0M0X0
92:F06D:E0M0X0,92:F06F:E0M0X0
92:F06D:E0M0X0,92:F071:E0M0X0
92:F06F:E0M0X0,92:F06F:E0M0X0
92:F071:E0M0X0,92:F073:E0M1X1
92:F073:E0M1X1,92:F076:E0M1X1
92:F076:E0M1X1,92:F079:E0M1X1
92:F079:E0M1X1,92:F07C:E0M1X1
92:F07C:E0M1X1,92:F07E:E0M1X1
92:F07E:E0M1X1,92:F080:E0M1X1
92:F07E:E0M1X1,92:F083:E0M1X1
92:F080:E0M1X1,92:F083:E0M1X1
92:F083:E0M1X1,80:8047:E0M1X1
92:F084:E0M0X0,92:F085:E0M0X0
92:F085:E0M0X0,92:F086:E0M0X0
92:F086:E0M0X0,92:F087:E0M0X0
92:F087:E0M0X0,92:F08A:E0M0X0
92:F08A:E0M0X0,92:F08D:E0M0X0
92:F08D:E0M0X0,92:F0D8:E0M0X0
92:F090:E0M0X0,92:F091:E0M0X0
92:F091:E0M0X0,9F:F5BB:E0M0X0
92:F092:E0M0X0,92:F093:E0M0X0
92:F093:E0M0X0,92:F094:E0M0X0
92:F094:E0M0X0,92:F095:E0M0X0
92:F095:E0M0X0,92:F098:E0M0X0
92:F098:E0M0X0,92:F09B:E0M0X0
92:F09B:E0M0X0,92:F0D8:E0M0X0
92:F09E:E0M0X0,92:F09F:E0M0X0
92:F09F:E0M0X0,9F:F5C5:E0M0X0
92:F0A0:E0M0X0,92:F0A1:E0M0X0
92:F0A1:E0M0X0,92:F0A2:E0M0X0
92:F0A2:E0M0X0,92:F0A3:E0M0X0
92:F0A3:E0M0X0,92:F0A6:E0M0X0
92:F0A6:E0M0X0,92:F0A9:E0M0X0
92:F0A9:E0M0X0,92:F0D8:E0M0X0
92:F0AC:E0M0X0,92:F0AD:E0M0X0
92:F0AD:E0M0X0,9F:F5CF:E0M0X0
92:F0AE:E0M0X0,92:F0AF:E0M0X0
92:F0AF:E0M0X0,92:F0B0:E0M0X0
92:F0B0:E0M0X0,92:F0B1:E0M0X0
92:F0B1:E0M0X0,92:F0B4:E0M0X0
92:F0B4:E0M0X0,92:F0B7:E0M0X0
92:F0B7:E0M0X0,92:F0D8:E0M0X0
92:F0BA:E0M0X0,92:F0BB:E0M0X0
92:F0BB:E0M0X0,9F:F5D9:E0M0X0
92:F0BC:E0M0X0,92:F0BD:E0M0X0
92:F0BD:E0M0X0,92:F0BE:E0M0X0
92:F0BE:E0M0X0,92:F0BF:E0M0X0
92:F0BF:E0M0X0,92:F0C2:E0M0X0
92:F0C2:E0M0X0,92:F0C5:E0M0X0
92:F0C5:E0M0X0,92:F0D8:E0M0X0
92:F0C8:E0M0X0,92:F0C9:E0M0X0
92:F0C9:E0M0X0,9F:F5E3:E0M0X0
92:F0CA:E0M0X0,92:F0CB:E0M0X0
92:F0CB:E0M0X0,92:F0CC:E0M0X0
92:F0CC:E0M0X0,92:F0CD:E0M0X0
92:F0CD:E0M0X0,92:F0D0:E0M0X0
92:F0D0:E0M0X0,92:F0D3:E0M0X0
92:F0D3:E0M0X0,92:F0D8:E0M0X0
92:F0D6:E0M0X0,92:F0D7:E0M0X0
92:F0D7:E0M0X0,9F:F5F8:E0M0X0
92:F0D8:E0M0X0,92:F0DA:E0M1X1
92:F0DA:E0M1X1,92:F0DD:E0M1X1
92:F0DD:E0M1X1,92:F0E0:E0M1X1
92:F0E0:E0M1X1,92:F118:E0M1X1
92:F0E3:E0M1X1,92:F0E6:E0M1X1
92:F0E6:E0M1X1,92:F2A7:E0M1X1
92:F0E9:E0M1X1,92:F0EB:E0M0X0
92:F0EB:E0M0X0,92:F0EE:E0M0X0
92:F0EE:E0M0X0,92:F0F1:E0M0X0
92:F0F1:E0M0X0,92:F0F2:E0M0X0
92:F0F2:E0M0X0,92:F0F5:E0M0X0
92:F0F5:E0M0X0,92:F0F8:E0M0X0
92:F0F8:E0M0X0,80:82F7:E0M0X0
92:F0FC:E0M0X0,92:F0FE:E0M1X1
92:F0FE:E0M1X1,92:F101:E0M1X1
92:F101:E0M1X1,81:B6D2:E0M1X1
92:F105:E0M1X1,92:F107:E0M1X1
92:F107:E0M1X1,92:F10A:E0M1X1
92:F10A:E0M1X1,80:B961:E0M1X1
92:F10E:E0M1X1,92:F111:E0M1X1
92:F111:E0M1X1,9F:FCAF:E0M1X1
92:F115:E0M1X1,92:F117:E0M0X0
92:F117:E0M0X0,92:F090:E0M0X0
92:F117:E0M0X0,92:F09E:E0M0X0
92:F117:E0M0X0,92:F0AC:E0M0X0
92:F117:E0M0X0,92:F0BA:E0M0X0
92:F117:E0M0X0,92:F0C8:E0M0X0
92:F117:E0M0X0,92:F0D6:E0M0X0
92:F118:E0M1X1,92:F11A:E0M1X1
92:F11A:E0M1X1,92:F11D:E0M1X1
92:F11D:E0M1X1,92:F11F:E0M1X1
92:F11F:E0M1X1,92:F121:E0M1X1
92:F121:E0M1X1,92:F123:E0M1X1
92:F123:E0M1X1,92:F125:E0M1X1
92:F125:E0M1X1,92:F127:E0M1X1
92:F127:E0M1X1,92:F129:E0M1X1
92:F129:E0M1X1,80:8130:E0M1X1
92:F12D:E0M1X1,92:F130:E0M1X1
92:F130:E0M1X1,92:F131:E0M1X1
92:F131:E0M1X1,92:F133:E0M1X1
92:F133:E0M1X1,92:F136:E0M1X1
92:F136:E0M1X1,92:F138:E0M0X0
92:F138:E0M0X0,92:F13B:E0M0X0
92:F13B:E0M0X0,92:F13E:E0M0X0
92:F13E:E0M0X0,92:F141:E0M0X0
92:F141:E0M0X0,92:F144:E0M0X0
92:F144:E0M0X0,92:F147:E0M0X0
92:F147:E0M0X0,92:F14A:E0M0X0
92:F14A:E0M0X0,92:F14B:E0M0X0
92:F14B:E0M0X0,92:F14C:E0M0X0
92:F14C:E0M0X0,92:F147:E0M0X0
92:F14C:E0M0X0,92:F14E:E0M0X0
92:F14E:E0M0X0,92:F150:E0M1X1
92:F150:E0M1X1,92:F0E3:E0M1X1
92:F151:E0M1X1,92:F152:E0M1X1
92:F152:E0M1X1,92:F153:E0M1X1
92:F153:E0M1X1,92:F154:E0M1X1
92:F154:E0M1X1,92:F157:E0M1X1
92:F157:E0M1X1,92:F15A:E0M1X1
92:F15A:E0M1X1,92:F15D:E0M1X1
92:F15D:E0M1X1,92:F160:E0M1X1
92:F160:E0M1X1,92:F163:E0M1X1
92:F163:E0M1X1,92:F165:E0M1X1
92:F165:E0M1X1,80:C35C:E0M1X1
92:F169:E0M1X1,92:F16C:E0M1X1
92:F16C:E0M1X1,92:F16F:E0M1X1
92:F16F:E0M1X1,92:F172:E0M1X1
92:F172:E0M1X1,92:F175:E0M1X1
92:F175:E0M1X1,92:F178:E0M1X1
92:F178:E0M1X1,92:F17A:E0M1X1
92:F17A:E0M1X1,80:C35C:E0M1X1
92:F17E:E0M1X1,92:F181:E0M1X1
92:F181:E0M1X1,92:F184:E0M1X1
92:F184:E0M1X1,92:F187:E0M1X1
92:F187:E0M1X1,92:F18A:E0M1X1
92:F18A:E0M1X1,92:F18D:E0M1X1
92:F18D:E0M1X1,92:F18F:E0M1X1
92:F18F:E0M1X1,80:C35C:E0M1X1
92:F193:E0M1X1,92:F196:E0M1X1
92:F196:E0M1X1,92:F199:E0M1X1
92:F199:E0M1X1,92:F19C:E0M1X1
92:F19C:E0M1X1,92:F19F:E0M1X1
92:F19F:E0M1X1,92:F1A2:E0M1X1
92:F1A2:E0M1X1,92:F1A4:E0M1X1
92:F1A4:E0M1X1,80:C35C:E0M1X1
92:F1A8:E0M1X1,92:F1AB:E0M1X1
92:F1AB:E0M1X1,92:F1AE:E0M1X1
92:F1AE:E0M1X1,92:F1B1:E0M1X1
92:F1B1:E0M1X1,92:F1B4:E0M1X1
92:F1B4:E0M1X1,92:F1B7:E0M1X1
92:F1B7:E0M1X1,92:F1BA:E0M1X1
92:F1BA:E0M1X1,92:F1BD:E0M1X1
92:F1BD:E0M1X1,92:F1C0:E0M1X1
92:F1C0:E0M1X1,92:F1C3:E0M1X1
92:F1C3:E0M1X1,92:F1C6:E0M1X1
92:F1C6:E0M1X1,92:F1C9:E0M1X1
92:F1C9:E0M1X1,92:F1CC:E0M1X1
92:F1CC:E0M1X1,92:F1CF:E0M1X1
92:F1CF:E0M1X1,92:F1D2:E0M1X1
92:F1D2:E0M1X1,92:F1D5:E0M1X1
92:F1D5:E0M1X1,92:F1D8:E0M1X1
92:F1D8:E0M1X1,92:F1DB:E0M1X1
92:F1DB:E0M1X1,92:F1DE:E0M1X1
92:F1DE:E0M1X1,92:F1E1:E0M1X1
92:F1E1:E0M1X1,92:F1E4:E0M1X1
92:F1E4:E0M1X1,92:F1E7:E0M1X1
92:F1E7:E0M1X1,92:F1EA:E0M1X1
92:F1EA:E0M1X1,92:F1ED:E0M1X1
92:F1ED:E0M1X1,92:F1F0:E0M1X1
92:F1F0:E0M1X1,92:F1F3:E0M1X1
92:F1F3:E0M1X1,92:F1F5:E0M1X1
92:F1F5:E0M1X1,92:F1F8:E0M1X1
92:F1F8:E0M1X1,92:F1FA:E0M1X1
92:F1FA:E0M1X1,92:F1FD:E0M1X1
92:F1FD:E0M1X1,92:F1FF:E0M0X0
92:F1FF:E0M0X0,92:F203:E0M0X0
92:F203:E0M0X0,92:F206:E0M0X0
92:F206:E0M0X0,92:F20A:E0M0X0
92:F20A:E0M0X0,92:F20D:E0M0X0
92:F20D:E0M0X0,92:F211:E0M0X0
92:F211:E0M0X0,92:F214:E0M0X0
92:F214:E0M0X0,92:F216:E0M1X1
92:F216:E0M1X1,92:F217:E0M1X1
92:F217:E0M1X1,80:B9C5:E0M1X1
92:F267:E0M1X1,92:F268:E0M1X1
92:F268:E0M1X1,92:F269:E0M1X1
92:F269:E0M1X1,92:F26A:E0M1X1
92:F26A:E0M1X1,92:F26D:E0M1X1
92:F26D:E0M1X1,92:F26F:E0M1X1
92:F26D:E0M1X1,92:F2A5:E0M1X1
92:F26F:E0M1X1,92:F271:E0M1X1
92:F271:E0M1X1,92:F274:E0M1X1
92:F274:E0M1X1,92:F277:E0M1X1
92:F277:E0M1X1,92:F27A:E0M1X1
92:F27A:E0M1X1,92:F27C:E0M1X1
92:F27C:E0M1X1,92:F27F:E0M1X1
92:F27F:E0M1X1,92:F281:E0M1X1
92:F281:E0M1X1,92:F284:E0M1X1
92:F284:E0M1X1,92:F287:E0M1X1
92:F287:E0M1X1,92:F289:E0M1X1
92:F289:E0M1X1,92:F28C:E0M1X1
92:F28C:E0M1X1,92:F28E:E0M1X1
92:F28E:E0M1X1,92:F291:E0M1X1
92:F291:E0M1X1,92:F293:E0M0X1
92:F293:E0M0X1,92:F296:E0M0X1
92:F296:E0M0X1,92:F299:E0M0X1
92:F299:E0M0X1,92:F29B:E0M1X1
92:F29B:E0M1X1,92:F29D:E0M1X1
92:F29D:E0M1X1,92:F2A0:E0M1X1
92:F2A0:E0M1X1,92:F2A2:E0M1X1
92:F2A2:E0M1X1,92:F2A5:E0M1X1
92:F2A5:E0M1X1,92:F2A6:E0M1X1
92:F2A6:E0M1X1,80:B9C9:E0M1X1
92:F2A7:E0M1X1,92:F2AA:E0M1X1
92:F2AA:E0M1X1,92:F2AB:E0M1X1
92:F2AB:E0M1X1,92:F2AD:E0M1X1
92:F2AD:E0M1X1,92:F2AF:E0M1X1
92:F2AF:E0M1X1,92:F2B2:E0M1X1
92:F2B2:E0M1X1,92:F2B5:E0M1X1
92:F2B5:E0M1X1,92:F2B8:E0M1X1
92:F2B8:E0M1X1,92:F2B9:E0M1X1
92:F2B9:E0M1X1,92:F2BC:E0M1X1
92:F2BC:E0M1X1,92:F2BF:E0M1X1
92:F2BF:E0M1X1,92:F2C0:E0M1X1
92:F2C0:E0M1X1,92:F2C2:E0M1X1
92:F2C2:E0M1X1,92:F2C4:E0M1X1
92:F2C2:E0M1X1,92:F2C7:E0M1X1
92:F2C4:E0M1X1,92:F2C7:E0M1X1
92:F2C7:E0M1X1,92:F2CA:E0M1X1
92:F2CA:E0M1X1,92:F2CB:E0M1X1
92:F2CB:E0M1X1,92:F2CE:E0M1X1
92:F2CE:E0M1X1,92:F2D1:E0M1X1
92:F2D1:E0M1X1,92:F2D2:E0M1X1
92:F2D2:E0M1X1,92:F2D5:E0M1X1
92:F2D5:E0M1X1,92:F2D8:E0M1X1
92:F2D8:E0M1X1,92:F2D9:E0M1X1
92:F2D9:E0M1X1,92:F2DC:E0M1X1
92:F2DC:E0M1X1,92:F2DE:E0M1X1
92:F2DE:E0M1X1,92:F2E1:E0M1X1
92:F2E1:E0M1X1,92:F2E3:E0M1X1
92:F2E3:E0M1X1,92:F2E6:E0M1X1
92:F2E6:E0M1X1,92:F2E9:E0M1X1
92:F2E9:E0M1X1,92:F2EB:E0M1X1
92:F2EB:E0M1X1,92:F2EE:E0M1X1
92:F2EE:E0M1X1,92:F2F0:E0M1X1
92:F2F0:E0M1X1,92:F2F3:E0M1X1
92:F2F3:E0M1X1,92:F2F6:E0M1X1
92:F2F6:E0M1X1,92:F2F9:E0M1X1
92:F2F9:E0M1X1,92:F2FC:E0M1X1
92:F2FC:E0M1X1,92:F2FF:E0M1X1
92:F2FF:E0M1X1,92:F302:E0M1X1
92:F302:E0M1X1,92:F305:E0M1X1
92:F305:E0M1X1,92:F308:E0M1X1
92:F308:E0M1X1,92:F309:E0M1X1
92:F309:E0M1X1,92:F30B:E0M1X1
92:F30B:E0M1X1,92:F2AD:E0M1X1
92:F30B:E0M1X1,92:F30D:E0M1X1
92:F30D:E0M1X1,92:F310:E0M1X1
92:F310:E0M1X1,92:F0E9:E0M1X1
92:F4DA:E0M0X0,92:F4DD:E0M0X0
92:F4DD:E0M0X0,92:F4DF:E0M0X0
92:F4DD:E0M0X0,92:F4E0:E0M0X0
92:F4DF:E0M0X0,80:BE2C:E0M0X0
92:F4E0:E0M0X0,92:F4E3:E0M0X0
92:F4E3:E0M0X0,92:F4E6:E0M0X0
92:F4E6:E0M0X0,92:F4E9:E0M0X0
92:F4E9:E0M0X0,92:F4EC:E0M0X0
92:F4EC:E0M0X0,92:F4EF:E0M0X0
92:F4EF:E0M0X0,92:F4F1:E0M0X0
92:F4EF:E0M0X0,92:F4F2:E0M0X0
92:F4F1:E0M0X0,80:BE2C:E0M0X0
92:F4F2:E0M0X0,92:F4F3:E0M0X0
92:F4F3:E0M0X0,92:F4F4:E0M0X0
92:F4F4:E0M0X0,92:F4F5:E0M0X0
92:F4F5:E0M0X0,92:F4F8:E0M0X0
92:F4F8:E0M0X0,92:F4FB:E0M0X0
92:F4FB:E0M0X0,92:F4FE:E0M0X0
92:F4FE:E0M0X0,92:F501:E0M0X0
92:F501:E0M0X0,92:F502:E0M0X0
92:F502:E0M0X0,92:F503:E0M0X0
92:F503:E0M0X0,92:F505:E0M0X0
92:F505:E0M0X0,92:F508:E0M0X0
92:F508:E0M0X0,92:F509:E0M0X0
92:F509:E0M0X0,92:F50A:E0M0X0
92:F50A:E0M0X0,92:F50D:E0M0X0
92:F50D:E0M0X0,92:F510:E0M0X0
92:F510:E0M0X0,92:F513:E0M0X0
92:F513:E0M0X0,92:F515:E0M0X0
92:F513:E0M0X0,92:F51A:E0M0X0
92:F515:E0M0X0,92:F518:E0M0X0
92:F518:E0M0X0,92:F51A:E0M0X0
92:F518:E0M0X0,92:F523:E0M0X0
92:F51A:E0M0X0,92:F51D:E0M0X0
92:F51D:E0M0X0,92:F520:E0M0X0
92:F520:E0M0X0,92:F523:E0M0X0
92:F523:E0M0X0,92:F524:E0M0X0
92:F524:E0M0X0,92:F525:E0M0X0
92:F525:E0M0X0,92:F527:E0M0X0
92:F527:E0M0X0,92:F505:E0M0X0
92:F527:E0M0X0,92:F529:E0M0X0
92:F529:E0M0X0,92:F52C:E0M0X0
92:F52C:E0M0X0,92:F52E:E0M0X0
92:F52C:E0M0X0,92:F531:E0M0X0
92:F52E:E0M0X0,92:F531:E0M0X0
92:F531:E0M0X0,92:F534:E0M0X0
92:F534:E0M0X0,92:F537:E0M0X0
92:F537:E0M0X0,92:F538:E0M0X0
92:F538:E0M0X0,92:F539:E0M0X0
92:F539:E0M0X0,92:F53B:E0M0X0
92:F53B:E0M0X0,92:F53E:E0M0X0
92:F53E:E0M0X0,92:F53F:E0M0X0
92:F53F:E0M0X0,92:F540:E0M0X0
92:F540:E0M0X0,92:F543:E0M0X0
92:F543:E0M0X0,92:F546:E0M0X0
92:F546:E0M0X0,92:F549:E0M0X0
92:F549:E0M0X0,92:F54B:E0M0X0
92:F549:E0M0X0,92:F554:E0M0X0
92:F54B:E0M0X0,92:F54E:E0M0X0
92:F54E:E0M0X0,92:F551:E0M0X0
92:F551:E0M0X0,92:F554:E0M0X0
92:F554:E0M0X0,92:F555:E0M0X0
92:F555:E0M0X0,92:F556:E0M0X0
92:F556:E0M0X0,92:F558:E0M0X0
92:F558:E0M0X0,92:F53B:E0M0X0
92:F558:E0M0X0,92:F55A:E0M0X0
92:F55A:E0M0X0,92:F55B:E0M0X0
92:F55B:E0M0X0,80:BE2C:E0M0X0
92:FAD2:E0M1X1,92:FAD3:E0M1X1
92:FAD3:E0M1X1,92:FAD5:E0M1X1
92:FAD5:E0M1X1,92:FAD8:E0M1X1
92:FAD8:E0M1X1,92:FADA:E0M1X1
92:FAD8:E0M1X1,92:FAF8:E0M1X1
92:FADA:E0M1X1,92:FADD:E0M1X1
92:FADD:E0M1X1,92:FADF:E0M1X1
92:FADD:E0M1X1,92:FAF8:E0M1X1
92:FADF:E0M1X1,92:FAE1:E0M1X1
92:FAE1:E0M1X1,92:FAE3:E0M0X0
92:FAE3:E0M0X0,92:FAE6:E0M0X0
92:FAE6:E0M0X0,92:FAE9:E0M0X0
92:FAE9:E0M0X0,92:FAEC:E0M0X0
92:FAEC:E0M0X0,92:FAEF:E0M0X0
92:FAEF:E0M0X0,92:FAF2:E0M0X0
92:FAF2:E0M0X0,80:FB5C:E0M0X0
92:FAF6:E0M0X0,92:FAF8:E0M1X1
92:FAF8:E0M1X1,92:FAF9:E0M1X1
92:FAF9:E0M1X1,92:FB38:E0M1X1
92:FAF9:E0M1X1,92:FB98:E0M1X1
92:FAF9:E0M1X1,92:FBBB:E0M1X1
92:FAF9:E0M1X1,92:FBC7:E0M1X1
92:FAF9:E0M1X1,92:FC7B:E0M1X1
92:FAF9:E0M1X1,92:FCA7:E0M1X1
92:FAF9:E0M1X1,92:FCCC:E0M1X1
92:FAF9:E0M1X1,92:FCF3:E0M1X1
92:FAF9:E0M1X1,92:FD3F:E0M1X1
92:FAFA:E0M1X1,92:FAFD:E0M1X1
92:FAFD:E0M1X1,92:FAFF:E0M1X1
92:FAFD:E0M1X1,92:FB1A:E0M1X1
92:FAFF:E0M1X1,92:FB02:E0M1X1
92:FB02:E0M1X1,92:FB04:E0M1X1
92:FB04:E0M1X1,92:FB06:E0M1X1
92:FB04:E0M1X1,92:FB0A:E0M1X1
92:FB06:E0M1X1,92:FB08:E0M1X1
92:FB08:E0M1X1,92:FB0A:E0M1X1
92:FB08:E0M1X1,92:FB1A:E0M1X1
92:FB0A:E0M1X1,92:FB0D:E0M1X1
92:FB0D:E0M1X1,92:FB0F:E0M1X1
92:FB0F:E0M1X1,92:FB11:E0M1X1
92:FB0F:E0M1X1,92:FB1A:E0M1X1
92:FB11:E0M1X1,92:FB14:E0M1X1
92:FB14:E0M1X1,92:FB16:E0M1X1
92:FB16:E0M1X1,80:FB68:E0M1X1
92:FB1A:E0M1X1,81:8050:E0M1X1
92:FB1B:E0M1X1,92:FB1E:E0M1X1
92:FB1E:E0M1X1,92:FB20:E0M1X1
92:FB1E:E0M1X1,92:FB39:E0M1X1
92:FB20:E0M1X1,92:FB23:E0M1X1
92:FB23:E0M1X1,92:FB25:E0M1X1
92:FB23:E0M1X1,92:FB39:E0M1X1
92:FB25:E0M1X1,92:FB27:E0M0X1
92:FB27:E0M0X1,92:FB2A:E0M0X1
92:FB2A:E0M0X1,92:FB2D:E0M0X1
92:FB2D:E0M0X1,92:FB2F:E0M1X1
92:FB2F:E0M1X1,92:FB30:E0M1X1
92:FB30:E0M1X1,92:FB33:E0M1X1
92:FB33:E0M1X1,92:FB35:E0M1X1
92:FB35:E0M1X1,92:FAD2:E0M1X1
92:FB38:E0M1X1,92:FB39:E0M1X1
92:FB39:E0M1X1,80:BB48:E0M1X1
92:FB3A:E0M1X1,92:FB3C:E0M0X1
92:FB3C:E0M0X1,92:FB3E:E0M0X1
92:FB3E:E0M0X1,92:FB41:E0M0X1
92:FB41:E0M0X1,92:FB43:E0M0X1
92:FB41:E0M0X1,92:FB47:E0M0X1
92:FB43:E0M0X1,92:FB44:E0M0X1
92:FB44:E0M0X1,92:FB47:E0M0X1
92:FB47:E0M0X1,92:FB48:E0M0X1
92:FB48:E0M0X1,92:FB49:E0M0X1
92:FB49:E0M0X1,92:FB3E:E0M0X1
92:FB49:E0M0X1,92:FB4B:E0M0X1
92:FB4B:E0M0X1,92:FB4D:E0M1X1
92:FB4D:E0M1X1,92:FBCB:E0M1X1
92:FB50:E0M1X1,92:FBFC:E0M1X1
92:FB53:E0M1X1,92:FD0C:E0M1X1
92:FB56:E0M1X1,92:FB5A:E0M1X1
92:FB59:E0M1X1,80:BA49:E0M1X1
92:FB5A:E0M1X1,92:FB5C:E0M1X1
92:FB5C:E0M1X1,92:FB5F:E0M1X1
92:FB5F:E0M1X1,92:FB62:E0M1X1
92:FB62:E0M1X1,92:FB65:E0M1X1
92:FB65:E0M1X1,92:FB67:E0M1X1
92:FB65:E0M1X1,92:FB99:E0M1X1
92:FB67:E0M1X1,92:FB6A:E0M1X1
92:FB6A:E0M1X1,92:FB6B:E0M1X1
92:FB6B:E0M1X1,92:FB6D:E0M1X1
92:FB6B:E0M1X1,92:FB73:E0M1X1
92:FB6D:E0M1X1,81:C585:E0M1X1
92:FB71:E0M1X1,92:FB76:E0M1X1
92:FB73:E0M1X1,92:FB76:E0M1X1
92:FB76:E0M1X1,92:FB79:E0M1X1
92:FB79:E0M1X1,92:FB7B:E0M1X1
92:FB79:E0M1X1,92:FB99:E0M1X1
92:FB7B:E0M1X1,92:FB7E:E0M1X1
92:FB7E:E0M1X1,92:FB80:E0M1X1
92:FB7E:E0M1X1,92:FB99:E0M1X1
92:FB80:E0M1X1,92:FB83:E0M1X1
92:FB83:E0M1X1,92:FB85:E0M1X1
92:FB83:E0M1X1,92:FB99:E0M1X1
92:FB85:E0M1X1,92:FB87:E0M0X1
92:FB87:E0M0X1,92:FB8A:E0M0X1
92:FB8A:E0M0X1,92:FB8D:E0M0X1
92:FB8D:E0M0X1,92:FB8F:E0M1X1
92:FB8F:E0M1X1,92:FB90:E0M1X1
92:FB90:E0M1X1,92:FB93:E0M1X1
92:FB93:E0M1X1,92:FB95:E0M1X1
92:FB95:E0M1X1,92:FAD2:E0M1X1
92:FB98:E0M1X1,92:FB99:E0M1X1
92:FB99:E0M1X1,92:FB9A:E0M1X1
92:FB9A:E0M1X1,92:FB9C:E0M1X1
92:FB9C:E0M1X1,92:FB5C:E0M1X1
92:FB9C:E0M1X1,92:FB9E:E0M1X1
92:FB9E:E0M1X1,92:FB59:E0M1X1
92:FB9F:E0M0X0,92:FBA0:E0M0X0
92:FBA0:E0M0X0,92:FBA1:E0M0X0
92:FBA1:E0M0X0,92:FBA4:E0M0X0
92:FBA4:E0M0X0,92:FBA7:E0M0X0
92:FBA7:E0M0X0,92:FBA9:E0M0X0
92:FBA7:E0M0X0,92:FBBD:E0M0X0
92:FBA9:E0M0X0,92:FBAC:E0M0X0
92:FBAC:E0M0X0,92:FBAF:E0M0X0
92:FBAF:E0M0X0,92:FBB1:E0M0X0
92:FBAF:E0M0X0,92:FBC7:E0M0X0
92:FBB1:E0M0X0,92:FBB3:E0M1X1
92:FBB3:E0M1X1,92:FBB6:E0M1X1
92:FBB6:E0M1X1,92:FBB8:E0M1X1
92:FBB8:E0M1X1,92:FAD2:E0M1X1
92:FBBB:E0M1X1,92:FBC7:E0M1X1
92:FBBD:E0M0X0,92:FBBF:E0M1X1
92:FBBF:E0M1X1,92:FBC2:E0M1X1
92:FBC2:E0M1X1,92:FBC4:E0M1X1
92:FBC4:E0M1X1,92:FAD2:E0M1X1
92:FBC7:E0M0X0,92:FBC9:E0M0X0
92:FBC7:E0M1X1,92:FBC9:E0M0X0
92:FBC9:E0M0X0,92:FBCA:E0M0X0
92:FBCA:E0M0X0,81:8105:E0M0X0
92:FBCB:E0M1X1,92:FBCE:E0M1X1
92:FBCE:E0M1X1,92:FBD0:E0M1X1
92:FBCE:E0M1X1,92:FBFB:E0M1X1
92:FBD0:E0M1X1,92:FBD3:E0M1X1
92:FBD3:E0M1X1,92:FBD5:E0M1X1
92:FBD3:E0M1X1,92:FBFB:E0M1X1
92:FBD5:E0M1X1,92:FBD7:E0M1X1
92:FBD7:E0M1X1,92:FBDA:E0M1X1
92:FBDA:E0M1X1,92:FBDB:E0M1X1
92:FBDB:E0M1X1,92:FBDE:E0M1X1
92:FBDE:E0M1X1,92:FBE0:E0M1X1
92:FBE0:E0M1X1,92:FBE2:E0M1X1
92:FBE0:E0M1X1,92:FBF6:E0M1X1
92:FBE2:E0M1X1,92:FBE4:E0M0X1
92:FBE4:E0M0X1,92:FBE7:E0M0X1
92:FBE7:E0M0X1,92:FBEA:E0M0X1
92:FBEA:E0M0X1,92:FBEC:E0M1X1
92:FBEC:E0M1X1,92:FBEF:E0M1X1
92:FBEF:E0M1X1,92:FBF1:E0M1X1
92:FBF1:E0M1X1,80:FB68:E0M1X1
92:FBF5:E0M1X1,92:FB50:E0M1X1
92:FBF6:E0M1X1,92:FBF7:E0M1X1
92:FBF7:E0M1X1,92:FBF9:E0M1X1
92:FBF9:E0M1X1,92:FBD7:E0M1X1
92:FBF9:E0M1X1,92:FBFB:E0M1X1
92:FBFB:E0M1X1,92:FB50:E0M1X1
92:FBFC:E0M1X1,92:FBFE:E0M1X1
92:FBFE:E0M1X1,92:FC01:E0M1X1
92:FC01:E0M1X1,92:FC04:E0M1X1
92:FC04:E0M1X1,92:FC06:E0M1X1
92:FC06:E0M1X1,92:FC08:E0M1X1
92:FC06:E0M1X1,92:FC0B:E0M1X1
92:FC08:E0M1X1,92:FC0B:E0M1X1
92:FC0B:E0M1X1,92:FC0E:E0M1X1
92:FC0E:E0M1X1,92:FC10:E0M1X1
92:FC10:E0M1X1,92:FC12:E0M1X1
92:FC10:E0M1X1,92:FC15:E0M1X1
92:FC12:E0M1X1,92:FC15:E0M1X1
92:FC15:E0M1X1,92:FC18:E0M1X1
92:FC18:E0M1X1,92:FC1A:E0M1X1
92:FC1A:E0M1X1,92:FC1C:E0M1X1
92:FC1A:E0M1X1,92:FC1D:E0M1X1
92:FC1C:E0M1X1,92:FC1D:E0M1X1
92:FC1D:E0M1X1,92:FC20:E0M1X1
92:FC20:E0M1X1,92:FC23:E0M1X1
92:FC23:E0M1X1,92:FC25:E0M1X1
92:FC25:E0M1X1,92:FC27:E0M1X1
92:FC25:E0M1X1,92:FC28:E0M1X1
92:FC27:E0M1X1,92:FC28:E0M1X1
92:FC28:E0M1X1,92:FC2B:E0M1X1
92:FC2B:E0M1X1,92:FC2C:E0M1X1
92:FC2C:E0M1X1,92:FC2E:E0M1X1
92:FC2E:E0M1X1,92:FBFE:E0M1X1
92:FC2E:E0M1X1,92:FC30:E0M1X1
92:FC30:E0M1X1,92:FC32:E0M1X1
92:FC32:E0M1X1,92:FC35:E0M1X1
92:FC35:E0M1X1,92:FC37:E0M1X1
92:FC35:E0M1X1,92:FC4B:E0M1X1
92:FC37:E0M1X1,92:FC51:E0M1X1
92:FC3A:E0M1X1,92:FC3C:E0M1X1
92:FC3A:E0M1X1,92:FC50:E0M1X1
92:FC3C:E0M1X1,92:FC7D:E0M1X1
92:FC3F:E0M1X1,92:FC41:E0M1X1
92:FC3F:E0M1X1,92:FC50:E0M1X1
92:FC41:E0M1X1,92:FCA9:E0M1X1
92:FC44:E0M1X1,92:FC46:E0M1X1
92:FC44:E0M1X1,92:FC50:E0M1X1
92:FC46:E0M1X1,92:FCD0:E0M1X1
92:FC49:E0M1X1,92:FC4B:E0M1X1
92:FC49:E0M1X1,92:FC50:E0M1X1
92:FC4B:E0M1X1,92:FC4C:E0M1X1
92:FC4C:E0M1X1,92:FC4E:E0M1X1
92:FC4E:E0M1X1,92:FC32:E0M1X1
92:FC4E:E0M1X1,92:FC50:E0M1X1
92:FC50:E0M1X1,92:FB53:E0M1X1
92:FC51:E0M1X1,92:FC54:E0M1X1
92:FC54:E0M1X1,92:FC56:E0M1X1
92:FC54:E0M1X1,92:FCCE:E0M1X1
92:FC56:E0M1X1,92:FC59:E0M1X1
92:FC59:E0M1X1,92:FC5B:E0M1X1
92:FC59:E0M1X1,92:FCCE:E0M1X1
92:FC5B:E0M1X1,92:FC5E:E0M1X1
92:FC5E:E0M1X1,92:FC60:E0M1X1
92:FC60:E0M1X1,92:FC62:E0M1X1
92:FC60:E0M1X1,92:FCCE:E0M1X1
92:FC62:E0M1X1,92:FC65:E0M1X1
92:FC65:E0M1X1,92:FC67:E0M1X1
92:FC67:E0M1X1,92:FC69:E0M1X1
92:FC67:E0M1X1,92:FCCE:E0M1X1
92:FC69:E0M1X1,92:FC6B:E0M0X1
92:FC6B:E0M0X1,92:FC6E:E0M0X1
92:FC6E:E0M0X1,92:FC71:E0M0X1
92:FC71:E0M0X1,92:FC73:E0M1X1
92:FC73:E0M1X1,92:FC76:E0M1X1
92:FC76:E0M1X1,92:FC78:E0M1X1
92:FC78:E0M1X1,92:FAD2:E0M1X1
92:FC7B:E0M1X1,92:FC7C:E0M1X1
92:FC7C:E0M1X1,92:FC3A:E0M1X1
92:FC7D:E0M1X1,92:FC80:E0M1X1
92:FC80:E0M1X1,92:FC82:E0M1X1
92:FC80:E0M1X1,92:FCCE:E0M1X1
92:FC82:E0M1X1,92:FC85:E0M1X1
92:FC85:E0M1X1,92:FC87:E0M1X1
92:FC85:E0M1X1,92:FCCE:E0M1X1
92:FC87:E0M1X1,92:FC8A:E0M1X1
92:FC8A:E0M1X1,92:FC8C:E0M1X1
92:FC8C:E0M1X1,92:FC8E:E0M1X1
92:FC8C:E0M1X1,92:FCCE:E0M1X1
92:FC8E:E0M1X1,92:FC91:E0M1X1
92:FC91:E0M1X1,92:FC93:E0M1X1
92:FC93:E0M1X1,92:FC95:E0M1X1
92:FC93:E0M1X1,92:FCCE:E0M1X1
92:FC95:E0M1X1,92:FC97:E0M0X1
92:FC97:E0M0X1,92:FC9A:E0M0X1
92:FC9A:E0M0X1,92:FC9D:E0M0X1
92:FC9D:E0M0X1,92:FC9F:E0M1X1
92:FC9F:E0M1X1,92:FCA2:E0M1X1
92:FCA2:E0M1X1,92:FCA4:E0M1X1
92:FCA4:E0M1X1,92:FAD2:E0M1X1
92:FCA7:E0M1X1,92:FCA8:E0M1X1
92:FCA8:E0M1X1,92:FC3F:E0M1X1
92:FCA9:E0M1X1,92:FCAC:E0M1X1
92:FCAC:E0M1X1,92:FCAE:E0M1X1
92:FCAC:E0M1X1,92:FCCE:E0M1X1
92:FCAE:E0M1X1,92:FCB1:E0M1X1
92:FCB1:E0M1X1,92:FCB3:E0M1X1
92:FCB1:E0M1X1,92:FCCE:E0M1X1
92:FCB3:E0M1X1,92:FCB5:E0M1X1
92:FCB5:E0M1X1,92:FCF5:E0M1X1
92:FCB8:E0M1X1,92:FCBA:E0M1X1
92:FCB8:E0M1X1,92:FCCE:E0M1X1
92:FCBA:E0M1X1,92:FCBC:E0M0X1
92:FCBC:E0M0X1,92:FCBF:E0M0X1
92:FCBF:E0M0X1,92:FCC2:E0M0X1
92:FCC2:E0M0X1,92:FCC4:E0M1X1
92:FCC4:E0M1X1,92:FCC7:E0M1X1
92:FCC7:E0M1X1,92:FCC9:E0M1X1
92:FCC9:E0M1X1,92:FAD2:E0M1X1
92:FCCC:E0M1X1,92:FCCD:E0M1X1
92:FCCD:E0M1X1,92:FC44:E0M1X1
92:FCCE:E0M1X1,92:FCCF:E0M1X1
92:FCCF:E0M1X1,92:FC3A:E0M1X1
92:FCCF:E0M1X1,92:FC3F:E0M1X1
92:FCCF:E0M1X1,92:FC44:E0M1X1
92:FCCF:E0M1X1,92:FC49:E0M1X1
92:FCCF:E0M1X1,92:FCB8:E0M1X1
92:FCCF:E0M1X1,92:FCDF:E0M1X1
92:FCD0:E0M1X1,92:FCD3:E0M1X1
92:FCD3:E0M1X1,92:FCCE:E0M1X1
92:FCD3:E0M1X1,92:FCD5:E0M1X1
92:FCD5:E0M1X1,92:FCD8:E0M1X1
92:FCD8:E0M1X1,92:FCCE:E0M1X1
92:FCD8:E0M1X1,92:FCDA:E0M1X1
92:FCDA:E0M1X1,92:FCDC:E0M1X1
92:FCDC:E0M1X1,92:FCF5:E0M1X1
92:FCDF:E0M1X1,92:FCCE:E0M1X1
92:FCDF:E0M1X1,92:FCE1:E0M1X1
92:FCE1:E0M1X1,92:FCE3:E0M0X1
92:FCE3:E0M0X1,92:FCE6:E0M0X1
92:FCE6:E0M0X1,92:FCE9:E0M0X1
92:FCE9:E0M0X1,92:FCEB:E0M1X1
92:FCEB:E0M1X1,92:FCEE:E0M1X1
92:FCEE:E0M1X1,92:FCF0:E0M1X1
92:FCF0:E0M1X1,92:FAD2:E0M1X1
92:FCF3:E0M1X1,92:FCF4:E0M1X1
92:FCF4:E0M1X1,92:FC49:E0M1X1
92:FCF5:E0M1X1,92:FCF8:E0M1X1
92:FCF8:E0M1X1,92:FCFA:E0M1X1
92:FCFA:E0M1X1,92:FCCE:E0M1X1
92:FCFA:E0M1X1,92:FCFC:E0M1X1
92:FCFC:E0M1X1,92:FCFF:E0M1X1
92:FCFF:E0M1X1,92:FD02:E0M1X1
92:FD02:E0M1X1,92:FCCE:E0M1X1
92:FD02:E0M1X1,92:FD04:E0M1X1
92:FD04:E0M1X1,92:FD06:E0M1X1
92:FD06:E0M1X1,92:FD08:E0M1X1
92:FD08:E0M1X1,92:FCCE:E0M1X1
92:FD08:E0M1X1,92:FD0A:E0M1X1
92:FD0A:E0M1X1,92:FD0B:E0M1X1
92:FD0B:E0M1X1,92:FCB8:E0M1X1
92:FD0B:E0M1X1,92:FCDF:E0M1X1
92:FD0C:E0M1X1,92:FD0E:E0M1X1
92:FD0E:E0M1X1,92:FD11:E0M1X1
92:FD11:E0M1X1,92:FD13:E0M1X1
92:FD11:E0M1X1,92:FD17:E0M1X1
92:FD13:E0M1X1,92:FD14:E0M1X1
92:FD14:E0M1X1,92:FD17:E0M1X1
92:FD17:E0M1X1,92:FD18:E0M1X1
92:FD18:E0M1X1,92:FD0E:E0M1X1
92:FD18:E0M1X1,92:FD1A:E0M1X1
92:FD1A:E0M1X1,92:FD1D:E0M1X1
92:FD1D:E0M1X1,92:FD1F:E0M1X1
92:FD1D:E0M1X1,92:FD45:E0M1X1
92:FD1F:E0M1X1,92:FD22:E0M1X1
92:FD22:E0M1X1,92:FD24:E0M1X1
92:FD22:E0M1X1,92:FD45:E0M1X1
92:FD24:E0M1X1,92:FD26:E0M1X1
92:FD26:E0M1X1,92:FD29:E0M1X1
92:FD29:E0M1X1,92:FD2B:E0M1X1
92:FD2B:E0M1X1,92:FD2D:E0M1X1
92:FD2B:E0M1X1,92:FD40:E0M1X1
92:FD2D:E0M1X1,92:FD2F:E0M0X1
92:FD2F:E0M0X1,92:FD32:E0M0X1
92:FD32:E0M0X1,92:FD35:E0M0X1
92:FD35:E0M0X1,92:FD37:E0M1X1
92:FD37:E0M1X1,92:FD3A:E0M1X1
92:FD3A:E0M1X1,92:FD3C:E0M1X1
92:FD3C:E0M1X1,92:FAD2:E0M1X1
92:FD3F:E0M1X1,92:FB56:E0M1X1
92:FD40:E0M1X1,92:FD41:E0M1X1
92:FD41:E0M1X1,92:FD43:E0M1X1
92:FD43:E0M1X1,92:FD26:E0M1X1
92:FD43:E0M1X1,92:FD45:E0M1X1
92:FD45:E0M1X1,92:FB56:E0M1X1
9F:F000:E0M0X0,9F:F001:E0M0X0
9F:F001:E0M0X0,9F:F002:E0M0X0
9F:F002:E0M0X0,9F:F003:E0M0X0
9F:F003:E0M0X0,9F:F008:E0M0X0
9F:F006:E0M0X0,9F:F007:E0M0X0
9F:F007:E0M0X0,81:D859:E0M0X0
9F:F008:E0M0X0,9F:F00B:E0M0X0
9F:F00B:E0M0X0,9F:F00D:E0M0X0
9F:F00B:E0M0X0,9F:F012:E0M0X0
9F:F00D:E0M0X0,9F:F00E:E0M0X0
9F:F00E:E0M0X0,9F:F011:E0M0X0
9F:F011:E0M0X0,9F:F006:E0M0X0
9F:F012:E0M0X0,9F:F015:E0M0X0
9F:F015:E0M0X0,9F:F016:E0M0X0
9F:F016:E0M0X0,9F:F017:E0M0X0
9F:F017:E0M0X0,9F:F018:E0M0X0
9F:F018:E0M0X0,9F:F01B:E0M0X0
9F:F01B:E0M0X0,9F:F041:E0M0X0
9F:F01B:E0M0X0,9F:F04C:E0M0X0
9F:F01B:E0M0X0,9F:F04E:E0M0X0
9F:F01B:E0M0X0,9F:F04F:E0M0X0
9F:F01B:E0M0X0,9F:F108:E0M0X0
9F:F01B:E0M0X0,9F:F11A:E0M0X0
9F:F01B:E0M0X0,9F:F149:E0M0X0
9F:F01B:E0M0X0,9F:F15A:E0M0X0
9F:F01E:E0M0X0,9F:F021:E0M0X0
9F:F021:E0M0X0,9F:F023:E0M0X0
9F:F021:E0M0X0,9F:F04E:E0M0X0
9F:F023:E0M0X0,9F:F026:E0M0X0
9F:F026:E0M0X0,9F:F029:E0M0X0
9F:F029:E0M0X0,9F:F02B:E0M0X0
9F:F029:E0M0X0,9F:F04E:E0M0X0
9F:F02B:E0M0X0,9F:F02E:E0M0X0
9F:F02E:E0M0X0,9F:F008:E0M0X0
9F:F02E:E0M0X0,9F:F030:E0M0X0
9F:F030:E0M0X0,9F:F006:E0M0X0
9F:F041:E0M0X0,9F:F044:E0M0X0
9F:F044:E0M0X0,9F:F046:E0M0X0
9F:F044:E0M0X0,9F:F04E:E0M0X0
9F:F046:E0M0X0,9F:F049:E0M0X0
9F:F049:E0M0X0,9F:F04C:E0M0X0
9F:F04C:E0M0X0,9F:F04D:E0M0X0
9F:F04D:E0M0X0,9F:F04E:E0M0X0
9F:F04E:E0M0X0,9F:F006:E0M0X0
9F:F04E:E0M0X0,9F:F01E:E0M0X0
9F:F04F:E0M0X0,9F:F052:E0M0X0
9F:F052:E0M0X0,9F:F053:E0M0X0
9F:F053:E0M0X0,9F:F054:E0M0X0
9F:F054:E0M0X0,9F:F057:E0M0X0
9F:F057:E0M0X0,9F:F01E:E0M0X0
9F:F058:E0M0X0,9F:F059:E0M0X0
9F:F059:E0M0X0,9F:F05A:E0M0X0
9F:F05A:E0M0X0,9F:F05B:E0M0X0
9F:F05B:E0M0X0,9F:F05E:E0M0X0
9F:F05E:E0M0X0,9F:F05F:E0M0X0
9F:F05F:E0M0X0,9F:F062:E0M0X0
9F:F062:E0M0X0,9F:F065:E0M0X0
9F:F065:E0M0X0,9F:F068:E0M0X0
9F:F068:E0M0X0,9F:F069:E0M0X0
9F:F069:E0M0X0,9F:F06C:E0M0X0
9F:F06C:E0M0X0,9F:F06F:E0M0X0
9F:F06F:E0M0X0,9F:F072:E0M0X0
9F:F072:E0M0X0,9F:F073:E0M0X0
9F:F073:E0M0X0,9F:F076:E0M0X0
9F:F076:E0M0X0,9F:F079:E0M0X0
9F:F079:E0M0X0,9F:F07C:E0M0X0
9F:F07C:E0M0X0,9F:F07D:E0M0X0
9F:F07D:E0M0X0,9F:F080:E0M0X0
9F:F080:E0M0X0,9F:F083:E0M0X0
9F:F083:E0M0X0,9F:F086:E0M0X0
9F:F086:E0M0X0,9F:F089:E0M0X0
9F:F089:E0M0X0,9F:F08A:E0M0X0
9F:F08A:E0M0X0,9F:F08B:E0M0X0
9F:F08B:E0M0X0,9F:F08C:E0M0X0
9F:F08C:E0M0X0,9F:F08F:E0M0X0
9F:F08F:E0M0X0,9F:F090:E0M0X0
9F:F090:E0M0X0,9F:F091:E0M0X0
9F:F091:E0M0X0,9F:F093:E0M0X0
9F:F093:E0M0X0,9F:F095:E0M1X0
9F:F095:E0M1X0,9F:F098:E0M1X0
9F:F098:E0M1X0,9F:F099:E0M1X0
9F:F099:E0M1X0,9F:F09A:E0M1X0
9F:F09A:E0M1X0,9F:F09D:E0M1X0
9F:F09D:E0M1X0,9F:F0A0:E0M1X0
9F:F0A0:E0M1X0,9F:F0A1:E0M1X0
9F:F0A1:E0M1X0,9F:F0A4:E0M1X0
9F:F0A4:E0M1X0,9F:F0A5:E0M1X0
9F:F0A5:E0M1X0,9F:F0A6:E0M1X0
9F:F0A6:E0M1X0,9F:F0A9:E0M1X0
9F:F0A9:E0M1X0,9F:F0AC:E0M1X0
9F:F0AC:E0M1X0,9F:F0AD:E0M1X0
9F:F0AD:E0M1X0,9F:F0B0:E0M1X0
9F:F0B0:E0M1X0,9F:F0B1:E0M1X0
9F:F0B1:E0M1X0,9F:F0B4:E0M1X0
9F:F0B4:E0M1X0,9F:F0B5:E0M1X0
9F:F0B5:E0M1X0,9F:F0B8:E0M1X0
9F:F0B8:E0M1X0,9F:F0B9:E0M1X0
9F:F0B9:E0M1X0,9F:F0BC:E0M1X0
9F:F0BC:E0M1X0,9F:F0BD:E0M1X0
9F:F0BD:E0M1X0,9F:F0BF:E0M1X0
9F:F0BF:E0M1X0,9F:F095:E0M1X0
9F:F0BF:E0M1X0,9F:F0C1:E0M1X0
9F:F0C1:E0M1X0,9F:F0C3:E0M0X0
9F:F0C3:E0M0X0,9F:F0E7:E0M0X0
9F:F0C6:E0M0X0,9F:F0C9:E0M0X0
9F:F0C9:E0M0X0,9F:F0CA:E0M0X0
9F:F0CA:E0M0X0,9F:F0CB:E0M0X0
9F:F0CB:E0M0X0,9F:F0CE:E0M0X0
9F:F0CE:E0M0X0,9F:F0D1:E0M0X0
9F:F0D1:E0M0X0,9F:F0D2:E0M0X0
9F:F0D2:E0M0X0,9F:F0D3:E0M0X0
9F:F0D3:E0M0X0,9F:F0D5:E0M0X0
9F:F0D5:E0M0X0,9F:F0D7:E0M1X0
9F:F0D7:E0M1X0,9F:F0DA:E0M1X0
9F:F0DA:E0M1X0,9F:F0DB:E0M1X0
9F:F0DB:E0M1X0,9F:F0DE:E0M1X0
9F:F0DE:E0M1X0,9F:F0DF:E0M1X0
9F:F0DF:E0M1X0,9F:F0E1:E0M1X0
9F:F0E1:E0M1X0,9F:F0D7:E0M1X0
9F:F0E1:E0M1X0,9F:F0E3:E0M1X0
9F:F0E3:E0M1X0,9F:F0E5:E0M0X0
9F:F0E5:E0M0X0,9F:F0E6:E0M0X0
9F:F0E6:E0M0X0,81:D860:E0M0X0
9F:F0E7:E0M0X0,9F:F0E9:E0M1X0
9F:F0E9:E0M1X0,9F:F0EC:E0M1X0
9F:F0EC:E0M1X0,9F:F0EE:E0M1X0
9F:F0EC:E0M1X0,9F:F105:E0M1X0
9F:F0EE:E0M1X0,9F:F0F1:E0M1X0
9F:F0F1:E0M1X0,9F:F0F3:E0M1X0
9F:F0F3:E0M1X0,9F:F0F5:E0M1X0
9F:F0F3:E0M1X0,9F:F0FE:E0M1X0
9F:F0F5:E0M1X0,9F:F0F7:E0M1X0
9F:F0F7:E0M1X0,9F:F0F9:E0M1X0
9F:F0F7:E0M1X0,9F:F105:E0M1X0
9F:F0F9:E0M1X0,9F:F0FC:E0M1X0
9F:F0FC:E0M1X0,9F:F105:E0M1X0
9F:F0FE:E0M1X0,9F:F100:E0M1X0
9F:F100:E0M1X0,9F:F102:E0M1X0
9F:F100:E0M1X0,9F:F105:E0M1X0
9F:F102:E0M1X0,9F:F105:E0M1X0
9F:F105:E0M1X0,9F:F107:E0M0X0
9F:F107:E0M0X0,9F:F0C6:E0M0X0
9F:F108:E0M0X0,9F:F10B:E0M0X0
9F:F10B:E0M0X0,9F:F10C:E0M0X0
9F:F10C:E0M0X0,9F:F10D:E0M0X0
9F:F10D:E0M0X0,9F:F110:E0M0X0
9F:F110:E0M0X0,9F:F113:E0M0X0
9F:F113:E0M0X0,9F:F114:E0M0X0
9F:F114:E0M0X0,9F:F115:E0M0X0
9F:F115:E0M0X0,9F:F118:E0M0X0
9F:F118:E0M0X0,9F:F132:E0M0X0
9F:F11A:E0M0X0,9F:F11D:E0M0X0
9F:F11D:E0M0X0,9F:F11E:E0M0X0
9F:F11E:E0M0X0,9F:F11F:E0M0X0
9F:F11F:E0M0X0,9F:F120:E0M0X0
9F:F120:E0M0X0,9F:F123:E0M0X0
9F:F123:E0M0X0,9F:F126:E0M0X0
9F:F126:E0M0X0,9F:F129:E0M0X0
9F:F129:E0M0X0,9F:F12A:E0M0X0
9F:F12A:E0M0X0,9F:F12B:E0M0X0
9F:F12B:E0M0X0,9F:F12C:E0M0X0
9F:F12C:E0M0X0,9F:F12F:E0M0X0
9F:F12F:E0M0X0,9F:F132:E0M0X0
9F:F132:E0M0X0,9F:F135:E0M0X0
9F:F135:E0M0X0,9F:F138:E0M0X0
9F:F138:E0M0X0,9F:F139:E0M0X0
9F:F139:E0M0X0,9F:F13A:E0M0X0
9F:F13A:E0M0X0,9F:F13D:E0M0X0
9F:F13D:E0M0X0,9F:F140:E0M0X0
9F:F140:E0M0X0,9F:F141:E0M0X0
9F:F141:E0M0X0,9F:F144:E0M0X0
9F:F144:E0M0X0,9F:F147:E0M0X0
9F:F147:E0M0X0,9F:F148:E0M0X0
9F:F148:E0M0X0,9F:F01E:E0M0X0
9F:F149:E0M0X0,9F:F14C:E0M0X0
9F:F14C:E0M0X0,9F:F14D:E0M0X0
9F:F14D:E0M0X0,9F:F14E:E0M0X0
9F:F14E:E0M0X0,9F:F151:E0M0X0
9F:F151:E0M0X0,9F:F154:E0M0X0
9F:F154:E0M0X0,9F:F155:E0M0X0
9F:F155:E0M0X0,9F:F156:E0M0X0
9F:F156:E0M0X0,9F:F159:E0M0X0
9F:F159:E0M0X0,9F:F01E:E0M0X0
9F:F15A:E0M0X0,9F:F15D:E0M0X0
9F:F15D:E0M0X0,9F:F160:E0M0X0
9F:F160:E0M0X0,9F:F163:E0M0X0
9F:F163:E0M0X0,9F:F166:E0M0X0
9F:F166:E0M0X0,9F:F169:E0M0X0
9F:F169:E0M0X0,9F:F16C:E0M0X0
9F:F16C:E0M0X0,9F:F16F:E0M0X0
9F:F16F:E0M0X0,9F:F172:E0M0X0
9F:F172:E0M0X0,9F:F173:E0M0X0
9F:F173:E0M0X0,9F:F174:E0M0X0
9F:F174:E0M0X0,9F:F177:E0M0X0
9F:F177:E0M0X0,9F:F178:E0M0X0
9F:F178:E0M0X0,9F:F01E:E0M0X0
9F:F588:E0M1X1,9F:F589:E0M1X1
9F:F589:E0M1X1,9F:F58A:E0M1X1
9F:F58A:E0M1X1,9F:F58B:E0M1X1
9F:F58B:E0M1X1,9F:F58D:E0M0X0
9F:F58D:E0M0X0,9F:F590:E0M0X0
9F:F590:E0M0X0,9F:F593:E0M0X0
9F:F593:E0M0X0,9F:F595:E0M0X0
9F:F593:E0M0X0,9F:F598:E0M0X0
9F:F598:E0M0X0,9F:F8EC:E0M0X0
9F:F59B:E0M0X0,9F:F676:E0M0X0
9F:F59E:E0M0X0,9F:F5B4:E0M0X0
9F:F5A1:E0M0X0,9F:F610:E0M0X0
9F:F5A4:E0M0X0,9F:F79E:E0M0X0
9F:F5A7:E0M0X0,9F:F5A9:E0M1X1
9F:F5A9:E0M1X1,9F:F5AB:E0M1X1
9F:F5AB:E0M1X1,9F:F5AE:E0M1X1
9F:F5AE:E0M1X1,81:CF5C:E0M1X1
9F:F5B2:E0M1X1,9F:F5B2:E0M1X1
9F:F5B4:E0M0X0,9F:F5B7:E0M0X0
9F:F5B7:E0M0X0,92:F084:E0M0X0
9F:F5BB:E0M0X0,9F:F5BE:E0M0X0
9F:F5BE:E0M0X0,9F:F5F9:E0M0X0
9F:F5C1:E0M0X0,92:F092:E0M0X0
9F:F5C5:E0M0X0,9F:F5C8:E0M0X0
9F:F5C8:E0M0X0,9F:F5F9:E0M0X0
9F:F5CB:E0M0X0,92:F0A0:E0M0X0
9F:F5CF:E0M0X0,9F:F5D2:E0M0X0
9F:F5D2:E0M0X0,9F:F5F9:E0M0X0
9F:F5D5:E0M0X0,92:F0AE:E0M0X0
9F:F5D9:E0M0X0,9F:F5DC:E0M0X0
9F:F5DC:E0M0X0,9F:F5F9:E0M0X0
9F:F5DF:E0M0X0,92:F0BC:E0M0X0
9F:F5E3:E0M0X0,9F:F5E6:E0M0X0
9F:F5E6:E0M0X0,9F:F5E9:E0M0X0
9F:F5E9:E0M0X0,9F:F5EC:E0M0X0
9F:F5EC:E0M0X0,9F:F5EE:E0M0X0
9F:F5EC:E0M0X0,9F:F5F8:E0M0X0
9F:F5EE:E0M0X0,9F:F5F1:E0M0X0
9F:F5F1:E0M0X0,9F:F5F9:E0M0X0
9F:F5F4:E0M0X0,92:F0CA:E0M0X0
9F:F5F8:E0M0X0,9F:F5A1:E0M0X0
9F:F5F9:E0M0X0,9F:F5FA:E0M0X0
9F:F5FA:E0M0X0,9F:F6E5:E0M0X0
9F:F5FD:E0M0X0,9F:F600:E0M0X0
9F:F600:E0M0X0,9F:FD1D:E0M0X0
9F:F603:E0M0X0,9F:F604:E0M0X0
9F:F604:E0M0X0,9F:FD28:E0M0X0
9F:F607:E0M0X0,9F:F609:E0M1X1
9F:F609:E0M1X1,80:A3EA:E0M1X1
9F:F60D:E0M1X1,9F:F60F:E0M0X0
9F:F60F:E0M0X0,9F:F5C1:E0M0X0
9F:F60F:E0M0X0,9F:F5CB:E0M0X0
9F:F60F:E0M0X0,9F:F5D5:E0M0X0
9F:F60F:E0M0X0,9F:F5DF:E0M0X0
9F:F60F:E0M0X0,9F:F5F4:E0M0X0
9F:F610:E0M0X0,9F:F6E5:E0M0X0
9F:F613:E0M0X0,9F:F616:E0M0X0
9F:F616:E0M0X0,9F:F619:E0M0X0
9F:F619:E0M0X0,9F:F61B:E0M0X0
9F:F619:E0M0X0,9F:F63C:E0M0X0
9F:F61B:E0M0X0,9F:F61E:E0M0X0
9F:F61E:E0M0X0,9F:FD28:E0M0X0
9F:F621:E0M0X0,9F:F624:E0M0X0
9F:F624:E0M0X0,9F:FD28:E0M0X0
9F:F627:E0M0X0,9F:F62A:E0M0X0
9F:F62A:E0M0X0,9F:FD28:E0M0X0
9F:F62D:E0M0X0,9F:F630:E0M0X0
9F:F630:E0M0X0,9F:FD28:E0M0X0
9F:F633:E0M0X0,9F:F635:E0M1X1
9F:F635:E0M1X1,80:A3EA:E0M1X1
9F:F639:E0M1X1,9F:F63B:E0M0X0
9F:F63B:E0M0X0,9F:F5A4:E0M0X0
9F:F63C:E0M0X0,9F:F63F:E0M0X0
9F:F63F:E0M0X0,9F:FD1D:E0M0X0
9F:F642:E0M0X0,9F:F645:E0M0X0
9F:F645:E0M0X0,9F:FD28:E0M0X0
9F:F648:E0M0X0,9F:F64B:E0M0X0
9F:F64B:E0M0X0,9F:FD28:E0M0X0
9F:F64E:E0M0X0,9F:F651:E0M0X0
9F:F651:E0M0X0,9F:FD28:E0M0X0
9F:F654:E0M0X0,9F:F657:E0M0X0
9F:F657:E0M0X0,9F:FD28:E0M0X0
9F:F65A:E0M0X0,9F:F65D:E0M0X0
9F:F65D:E0M0X0,9F:FD28:E0M0X0
9F:F660:E0M0X0,9F:F663:E0M0X0
9F:F663:E0M0X0,9F:F666:E0M0X0
9F:F666:E0M0X0,9F:F660:E0M0X0
9F:F666:E0M0X0,9F:F668:E0M0X0
9F:F668:E0M0X0,9F:F66A:E0M1X1
9F:F66A:E0M1X1,80:A3EA:E0M1X1
9F:F66E:E0M1X1,9F:F671:E0M1X1
9F:F671:E0M1X1,9F:F672:E0M1X1
9F:F672:E0M1X1,80:8000:E0M1X1
9F:F676:E0M0X0,9F:F678:E0M1X1
9F:F678:E0M1X1,9F:F714:E0M1X1
9F:F67B:E0M1X1,81:9C80:E0M1X1
9F:F67F:E0M1X1,81:9CAE:E0M1X1
9F:F683:E0M1X1,80:C2F4:E0M1X1
9F:F687:E0M1X1,80:C066:E0M1X1
9F:F68B:E0M1X1,9F:FCE0:E0M1X1
9F:F68E:E0M1X1,80:A3A0:E0M1X1
9F:F692:E0M1X1,9F:F694:E0M0X0
9F:F694:E0M0X0,9F:F697:E0M0X0
9F:F697:E0M0X0,9F:FB17:E0M0X0
9F:F69A:E0M0X0,9F:F69D:E0M0X0
9F:F69D:E0M0X0,9F:F6A0:E0M0X0
9F:F6A0:E0M0X0,9F:F6A2:E0M0X0
9F:F6A0:E0M0X0,9F:F6BC:E0M0X0
9F:F6A2:E0M0X0,9F:F6A4:E0M0X0
9F:F6A4:E0M0X0,9F:F6A7:E0M0X0
9F:F6A7:E0M0X0,9F:F6A9:E0M0X0
9F:F6A7:E0M0X0,9F:F6BC:E0M0X0
9F:F6A9:E0M0X0,9F:F6AB:E0M0X0
9F:F6AB:E0M0X0,9F:F6AD:E0M0X0
9F:F6AD:E0M0X0,9F:F6AF:E0M0X0
9F:F6AF:E0M0X0,9F:F6B0:E0M0X0
9F:F6B0:E0M0X0,9F:F6B3:E0M0X0
9F:F6B3:E0M0X0,9F:F6B5:E0M0X0
9F:F6B3:E0M0X0,9F:F6BC:E0M0X0
9F:F6B5:E0M0X0,9F:F6B7:E0M1X1
9F:F6B7:E0M1X1,9F:F6BA:E0M1X1
9F:F6BA:E0M1X1,9F:F6BC:E0M0X0
9F:F6BC:E0M0X0,81:9C80:E0M0X0
9F:F6C0:E0M0X0,9F:FC25:E0M0X0
9F:F6C3:E0M0X0,9F:F6C6:E0M0X0
9F:F6C6:E0M0X0,9F:F6C8:E0M0X0
9F:F6C8:E0M0X0,9F:F69A:E0M0X0
9F:F6C8:E0M0X0,9F:F6CA:E0M0X0
9F:F6CA:E0M0X0,9F:F6CD:E0M0X0
9F:F6CD:E0M0X0,9F:FD28:E0M0X0
9F:F6D0:E0M0X0,9F:F6D3:E0M0X0
9F:F6D3:E0M0X0,9F:FD28:E0M0X0
9F:F6D6:E0M0X0,9F:F6D9:E0M0X0
9F:F6D9:E0M0X0,9F:FD28:E0M0X0
9F:F6DC:E0M0X0,9F:F6DE:E0M1X1
9F:F6DE:E0M1X1,80:A3EA:E0M1X1
9F:F6E2:E0M1X1,9F:F6E4:E0M0X0
9F:F6E4:E0M0X0,9F:F59E:E0M0X0
9F:F6E5:E0M0X0,9F:F6E7:E0M1X1
9F:F6E7:E0M1X1,9F:F714:E0M1X1
9F:F6EA:E0M1X1,9F:F6EC:E0M1X1
9F:F6EC:E0M1X1,9F:F6EF:E0M1X1
9F:F6EF:E0M1X1,9F:F6F1:E0M0X0
9F:F6F1:E0M0X0,9F:F6F4:E0M0X0
9F:F6F4:E0M0X0,9F:F6F6:E0M0X0
9F:F6F6:E0M0X0,9F:F6F8:E0M0X0
9F:F6F8:E0M0X0,9F:F6FA:E0M1X1
9F:F6FA:E0M1X1,81:9C80:E0M1X1
9F:F6FE:E0M1X1,81:9CAE:E0M1X1
9F:F702:E0M1X1,80:C2F4:E0M1X1
9F:F706:E0M1X1,80:C066:E0M1X1
9F:F70A:E0M1X1,9F:FCE0:E0M1X1
9F:F70D:E0M1X1,80:A3A0:E0M1X1
9F:F711:E0M1X1,9F:F713:E0M0X0
9F:F713:E0M0X0,9F:F5FD:E0M0X0
9F:F713:E0M0X0,9F:F613:E0M0X0
9F:F714:E0M1X1,9F:F716:E0M0X0
9F:F716:E0M0X0,9F:FA8D:E0M0X0
9F:F719:E0M0X0,9F:F71B:E0M1X1
9F:F71B:E0M1X1,9F:F71D:E0M1X1
9F:F71D:E0M1X1,9F:F720:E0M1X1
9F:F720:E0M1X1,9F:F722:E0M1X1
9F:F722:E0M1X1,9F:F725:E0M1X1
9F:F725:E0M1X1,9F:F727:E0M1X1
9F:F727:E0M1X1,9F:F72A:E0M1X1
9F:F72A:E0M1X1,9F:F72C:E0M0X0
9F:F72C:E0M0X0,9F:F72F:E0M0X0
9F:F72F:E0M0X0,9F:F732:E0M0X0
9F:F732:E0M0X0,80:835B:E0M0X0
9F:F736:E0M0X0,9F:F739:E0M0X0
9F:F739:E0M0X0,9F:F73C:E0M0X0
9F:F73C:E0M0X0,9F:F73F:E0M0X0
9F:F73F:E0M0X0,81:9D6A:E0M0X0
9F:F743:E0M0X0,9F:F746:E0M0X0
9F:F746:E0M0X0,9F:F749:E0M0X0
9F:F749:E0M0X0,9F:F74C:E0M0X0
9F:F74C:E0M0X0,81:9D6A:E0M0X0
9F:F750:E0M0X0,9F:F753:E0M0X0
9F:F753:E0M0X0,9F:F756:E0M0X0
9F:F756:E0M0X0,80:835B:E0M0X0
9F:F75A:E0M0X0,9F:F75D:E0M0X0
9F:F75D:E0M0X0,9F:F760:E0M0X0
9F:F760:E0M0X0,80:82F7:E0M0X0
9F:F764:E0M0X0,9F:F766:E0M0X0
9F:F766:E0M0X0,9F:F768:E0M0X0
9F:F768:E0M0X0,9F:F76B:E0M0X0
9F:F76B:E0M0X0,9F:F76D:E0M0X0
9F:F76D:E0M0X0,9F:F76F:E0M0X0
9F:F76F:E0M0X0,9F:F771:E0M1X1
9F:F771:E0M1X1,9F:F773:E0M1X1
9F:F773:E0M1X1,9F:F776:E0M1X1
9F:F776:E0M1X1,9F:F778:E0M1X1
9F:F778:E0M1X1,9F:F77B:E0M1X1
9F:F77B:E0M1X1,9F:F77E:E0M1X1
9F:F77E:E0M1X1,9F:F781:E0M1X1
9F:F781:E0M1X1,9F:F784:E0M1X1
9F:F784:E0M1X1,9F:F787:E0M1X1
9F:F787:E0M1X1,9F:F78A:E0M1X1
9F:F78A:E0M1X1,9F:F78C:E0M1X1
9F:F78C:E0M1X1,9F:F78F:E0M1X1
9F:F78F:E0M1X1,9F:F67B:E0M1X1
9F:F78F:E0M1X1,9F:F6EA:E0M1X1
9F:F79E:E0M0X0,9F:F7A1:E0M0X0
9F:F7A1:E0M0X0,9F:FAC3:E0M0X0
9F:F7A4:E0M0X0,9F:F7A6:E0M0X0
9F:F7A6:E0M0X0,9F:F7A8:E0M0X0
9F:F7A8:E0M0X0,9F:F7AB:E0M0X0
9F:F7AB:E0M0X0,9F:F7AD:E0M0X0
9F:F7AD:E0M0X0,9F:F7AF:E0M0X0
9F:F7AF:E0M0X0,9F:F7B1:E0M0X0
9F:F7B1:E0M0X0,9F:F7B3:E0M0X0
9F:F7B3:E0M0X0,9F:F7B6:E0M0X0
9F:F7B6:E0M0X0,9F:F7B8:E0M0X0
9F:F7B8:E0M0X0,9F:F7BB:E0M0X0
9F:F7BB:E0M0X0,9F:F7BD:E0M0X0
9F:F7BD:E0M0X0,9F:F7C0:E0M0X0
9F:F7C0:E0M0X0,9F:F7C3:E0M0X0
9F:F7C3:E0M0X0,9F:FBA3:E0M0X0
9F:F7C6:E0M0X0,9F:FBE4:E0M0X0
9F:F7C9:E0M0X0,9F:F7CB:E0M0X0
9F:F7CB:E0M0X0,9F:F7CE:E0M0X0
9F:F7CE:E0M0X0,9F:F7D0:E0M0X0
9F:F7D0:E0M0X0,9F:F7D3:E0M0X0
9F:F7D3:E0M0X0,9F:F7D5:E0M0X0
9F:F7D5:E0M0X0,9F:F7D8:E0M0X0
9F:F7D8:E0M0X0,9F:F7DA:E0M0X0
9F:F7DA:E0M0X0,9F:F7DC:E0M1X1
9F:F7DC:E0M1X1,9F:F7DF:E0M1X1
9F:F7DF:E0M1X1,9F:F7E1:E0M1X1
9F:F7E1:E0M1X1,9F:F7E4:E0M1X1
9F:F7E4:E0M1X1,9F:F7E6:E0M1X1
9F:F7E6:E0M1X1,9F:F7E9:E0M1X1
9F:F7E9:E0M1X1,9F:F7EB:E0M1X1
9F:F7EB:E0M1X1,9F:F7EE:E0M1X1
9F:F7EE:E0M1X1,9F:F7F0:E0M1X1
9F:F7F0:E0M1X1,9F:F7F3:E0M1X1
9F:F7F3:E0M1X1,81:9C80:E0M1X1
9F:F7F7:E0M1X1,81:9CAE:E0M1X1
9F:F7FB:E0M1X1,80:C2F4:E0M1X1
9F:F7FF:E0M1X1,80:C066:E0M1X1
9F:F803:E0M1X1,9F:FCE0:E0M1X1
9F:F806:E0M1X1,9F:F808:E0M1X1
9F:F808:E0M1X1,80:F948:E0M1X1
9F:F80C:E0M1X1,9F:F80E:E0M1X1
9F:F80E:E0M1X1,80:F957:E0M1X1
9F:F812:E0M1X1,9F:F814:E0M1X1
9F:F814:E0M1X1,80:F926:E0M1X1
9F:F818:E0M1X1,80:F982:E0M1X1
9F:F81C:E0M1X1,80:A3A0:E0M1X1
9F:F820:E0M1X1,9F:F822:E0M0X0
9F:F822:E0M0X0,9F:F825:E0M0X0
9F:F825:E0M0X0,9F:FB17:E0M0X0
9F:F828:E0M0X0,9F:F82B:E0M0X0
9F:F82B:E0M0X0,9F:F82D:E0M0X0
9F:F82D:E0M0X0,9F:F82F:E0M0X0
9F:F82F:E0M0X0,9F:F832:E0M0X0
9F:F832:E0M0X0,9F:F834:E0M0X0
9F:F832:E0M0X0,9F:F83F:E0M0X0
9F:F834:E0M0X0,9F:F837:E0M0X0
9F:F837:E0M0X0,9F:F83A:E0M0X0
9F:F83A:E0M0X0,9F:FB1E:E0M0X0
9F:F83D:E0M0X0,9F:F85D:E0M0X0
9F:F83F:E0M0X0,9F:F841:E0M0X0
9F:F841:E0M0X0,9F:F844:E0M0X0
9F:F844:E0M0X0,9F:FBA3:E0M0X0
9F:F847:E0M0X0,9F:F848:E0M0X0
9F:F848:E0M0X0,9F:F849:E0M0X0
9F:F849:E0M0X0,9F:F84C:E0M0X0
9F:F84C:E0M0X0,9F:F84D:E0M0X0
9F:F84D:E0M0X0,9F:FBE4:E0M0X0
9F:F850:E0M0X0,9F:F852:E0M0X0
9F:F852:E0M0X0,9F:F855:E0M0X0
9F:F855:E0M0X0,9F:F857:E0M0X0
9F:F855:E0M0X0,9F:F85D:E0M0X0
9F:F857:E0M0X0,9F:F858:E0M0X0
9F:F858:E0M0X0,9F:F85B:E0M0X0
9F:F85B:E0M0X0,9F:F85D:E0M0X0
9F:F85D:E0M0X0,9F:F85F:E0M0X0
9F:F85F:E0M0X0,9F:F862:E0M0X0
9F:F862:E0M0X0,9F:F863:E0M0X0
9F:F863:E0M0X0,9F:F864:E0M0X0
9F:F864:E0M0X0,9F:F865:E0M0X0
9F:F865:E0M0X0,9F:F866:E0M0X0
9F:F866:E0M0X0,9F:F867:E0M0X0
9F:F867:E0M0X0,9F:F868:E0M0X0
9F:F868:E0M0X0,9F:FB78:E0M0X0
9F:F86B:E0M0X0,81:9C80:E0M0X0
9F:F86F:E0M0X0,9F:FC25:E0M0X0
9F:F872:E0M0X0,9F:F874:E0M0X0
9F:F874:E0M0X0,9F:F877:E0M0X0
9F:F877:E0M0X0,9F:F87A:E0M0X0
9F:F87A:E0M0X0,9F:F87C:E0M0X0
9F:F87A:E0M0X0,9F:F885:E0M0X0
9F:F87C:E0M0X0,9F:F87E:E0M1X0
9F:F87E:E0M1X0,9F:F880:E0M1X0
9F:F880:E0M1X0,9F:F883:E0M1X0
9F:F883:E0M1X0,9F:F885:E0M0X0
9F:F885:E0M0X0,9F:F888:E0M0X0
9F:F888:E0M0X0,9F:F88A:E0M0X0
9F:F88A:E0M0X0,9F:F82D:E0M0X0
9F:F88A:E0M0X0,9F:F88C:E0M0X0
9F:F88C:E0M0X0,9F:F88F:E0M0X0
9F:F88F:E0M0X0,9F:FB17:E0M0X0
9F:F892:E0M0X0,9F:F894:E0M0X0
9F:F894:E0M0X0,9F:F896:E0M0X0
9F:F894:E0M0X0,9F:F89B:E0M0X0
9F:F896:E0M0X0,9F:F899:E0M0X0
9F:F899:E0M0X0,9F:F89B:E0M0X0
9F:F899:E0M0X0,9F:F8A4:E0M0X0
9F:F89B:E0M0X0,9F:F89E:E0M0X0
9F:F89E:E0M0X0,9F:F8A1:E0M0X0
9F:F8A1:E0M0X0,9F:FBA3:E0M0X0
9F:F8A4:E0M0X0,9F:F8A7:E0M0X0
9F:F8A7:E0M0X0,9F:F8A9:E0M0X0
9F:F8A9:E0M0X0,9F:F8AC:E0M0X0
9F:F8AC:E0M0X0,9F:F8AE:E0M0X0
9F:F8AC:E0M0X0,9F:F8B1:E0M0X0
9F:F8AE:E0M0X0,9F:F8B1:E0M0X0
9F:F8B1:E0M0X0,9F:F8B4:E0M0X0
9F:F8B4:E0M0X0,9F:FBE4:E0M0X0
9F:F8B7:E0M0X0,9F:F8BA:E0M0X0
9F:F8BA:E0M0X0,9F:F8BC:E0M0X0
9F:F8BA:E0M0X0,9F:F8C5:E0M0X0
9F:F8BC:E0M0X0,9F:F8BF:E0M0X0
9F:F8BF:E0M0X0,9F:F8C2:E0M0X0
9F:F8C2:E0M0X0,9F:FB1E:E0M0X0
9F:F8C5:E0M0X0,9F:F8C8:E0M0X0
9F:F8C8:E0M0X0,9F:FB78:E0M0X0
9F:F8CB:E0M0X0,81:9C80:E0M0X0
9F:F8CF:E0M0X0,9F:FC25:E0M0X0
9F:F8D2:E0M0X0,9F:F8D5:E0M0X0
9F:F8D5:E0M0X0,9F:F8D7:E0M0X0
9F:F8D7:E0M0X0,9F:F892:E0M0X0
9F:F8D7:E0M0X0,9F:F8D9:E0M0X0
9F:F8D9:E0M0X0,9F:F8DB:E0M1X1
9F:F8DB:E0M1X1,9F:F8DD:E0M1X1
9F:F8DD:E0M1X1,80:F926:E0M1X1
9F:F8E1:E0M1X1,80:F982:E0M1X1
9F:F8E5:E0M1X1,80:A3EA:E0M1X1
9F:F8E9:E0M1X1,9F:F8EB:E0M0X0
9F:F8EB:E0M0X0,9F:F5A7:E0M0X0
9F:F8EC:E0M0X0,9F:F8EF:E0M0X0
9F:F8EF:E0M0X0,9F:FAC3:E0M0X0
9F:F8F2:E0M0X0,9F:F8F4:E0M0X0
9F:F8F4:E0M0X0,9F:F8F6:E0M0X0
9F:F8F6:E0M0X0,9F:F8F8:E0M0X0
9F:F8F8:E0M0X0,9F:F8FA:E0M0X0
9F:F8FA:E0M0X0,9F:F8FC:E0M0X0
9F:F8FC:E0M0X0,9F:F8FE:E0M0X0
9F:F8FE:E0M0X0,9F:F900:E0M0X0
9F:F900:E0M0X0,9F:F903:E0M0X0
9F:F903:E0M0X0,9F:F905:E0M0X0
9F:F905:E0M0X0,9F:F908:E0M0X0
9F:F908:E0M0X0,9F:F90B:E0M0X0
9F:F90B:E0M0X0,9F:FBA3:E0M0X0
9F:F90E:E0M0X0,9F:FBE4:E0M0X0
9F:F911:E0M0X0,9F:F913:E0M0X0
9F:F913:E0M0X0,9F:F916:E0M0X0
9F:F916:E0M0X0,9F:F918:E0M0X0
9F:F918:E0M0X0,9F:F91B:E0M0X0
9F:F91B:E0M0X0,9F:F91D:E0M0X0
9F:F91D:E0M0X0,9F:F920:E0M0X0
9F:F920:E0M0X0,9F:F922:E0M0X0
9F:F922:E0M0X0,9F:F924:E0M1X1
9F:F924:E0M1X1,9F:F927:E0M1X1
9F:F927:E0M1X1,9F:F929:E0M1X1
9F:F929:E0M1X1,9F:F92C:E0M1X1
9F:F92C:E0M1X1,9F:F92E:E0M1X1
9F:F92E:E0M1X1,9F:F931:E0M1X1
9F:F931:E0M1X1,9F:F933:E0M1X1
9F:F933:E0M1X1,9F:F936:E0M1X1
9F:F936:E0M1X1,81:9C80:E0M1X1
9F:F93A:E0M1X1,81:9CAE:E0M1X1
9F:F93E:E0M1X1,80:C2F4:E0M1X1
9F:F942:E0M1X1,80:C066:E0M1X1
9F:F946:E0M1X1,9F:FCE0:E0M1X1
9F:F949:E0M1X1,9F:F94B:E0M1X1
9F:F94B:E0M1X1,80:F948:E0M1X1
9F:F94F:E0M1X1,9F:F951:E0M1X1
9F:F951:E0M1X1,80:F957:E0M1X1
9F:F955:E0M1X1,9F:F957:E0M1X1
9F:F957:E0M1X1,80:F926:E0M1X1
9F:F95B:E0M1X1,80:F982:E0M1X1
9F:F95F:E0M1X1,80:A3A0:E0M1X1
9F:F963:E0M1X1,9F:F965:E0M0X0
9F:F965:E0M0X0,9F:F968:E0M0X0
9F:F968:E0M0X0,9F:FB17:E0M0X0
9F:F96B:E0M0X0,9F:F96E:E0M0X0
9F:F96E:E0M0X0,9F:F971:E0M0X0
9F:F971:E0M0X0,9F:FBE4:E0M0X0
9F:F974:E0M0X0,9F:F977:E0M0X0
9F:F977:E0M0X0,9F:F979:E0M0X0
9F:F979:E0M0X0,9F:F97C:E0M0X0
9F:F97C:E0M0X0,9F:F97E:E0M0X0
9F:F97C:E0M0X0,9F:F981:E0M0X0
9F:F97E:E0M0X0,9F:F981:E0M0X0
9F:F981:E0M0X0,9F:F984:E0M0X0
9F:F984:E0M0X0,9F:FB1E:E0M0X0
9F:F987:E0M0X0,9F:F98A:E0M0X0
9F:F98A:E0M0X0,9F:FB78:E0M0X0
9F:F98D:E0M0X0,81:9C80:E0M0X0
9F:F991:E0M0X0,9F:FC25:E0M0X0
9F:F994:E0M0X0,9F:F997:E0M0X0
9F:F997:E0M0X0,9F:F999:E0M0X0
9F:F999:E0M0X0,9F:F96B:E0M0X0
9F:F999:E0M0X0,9F:F99B:E0M0X0
9F:F99B:E0M0X0,9F:F99E:E0M0X0
9F:F99E:E0M0X0,9F:FB17:E0M0X0
9F:F9A1:E0M0X0,9F:F9A4:E0M0X0
9F:F9A4:E0M0X0,9F:F9A6:E0M0X0
9F:F9A6:E0M0X0,9F:F9A9:E0M0X0
9F:F9A9:E0M0X0,9F:F9AB:E0M0X0
9F:F9A9:E0M0X0,9F:F9AE:E0M0X0
9F:F9AB:E0M0X0,9F:F9AE:E0M0X0
9F:F9AE:E0M0X0,9F:F9AF:E0M0X0
9F:F9AF:E0M0X0,9F:F9B2:E0M0X0
9F:F9B2:E0M0X0,9F:FBE4:E0M0X0
9F:F9B5:E0M0X0,9F:F9B6:E0M0X0
9F:F9B6:E0M0X0,9F:F9B9:E0M0X0
9F:F9B9:E0M0X0,9F:F9BB:E0M0X0
9F:F9B9:E0M0X0,9F:F9CE:E0M0X0
9F:F9BB:E0M0X0,9F:F9BE:E0M0X0
9F:F9BE:E0M0X0,9F:F9C0:E0M0X0
9F:F9C0:E0M0X0,9F:F9C3:E0M0X0
9F:F9C3:E0M0X0,9F:F9C5:E0M0X0
9F:F9C3:E0M0X0,9F:F9C8:E0M0X0
9F:F9C5:E0M0X0,9F:F9C8:E0M0X0
9F:F9C8:E0M0X0,9F:F9CB:E0M0X0
9F:F9CB:E0M0X0,9F:FBA3:E0M0X0
9F:F9CE:E0M0X0,9F:F9D1:E0M0X0
9F:F9D1:E0M0X0,9F:FB78:E0M0X0
9F:F9D4:E0M0X0,81:9C80:E0M0X0
9F:F9D8:E0M0X0,9F:FC25:E0M0X0
9F:F9DB:E0M0X0,9F:F9DE:E0M0X0
9F:F9DE:E0M0X0,9F:F9E0:E0M0X0
9F:F9E0:E0M0X0,9F:F9A1:E0M0X0
9F:F9E0:E0M0X0,9F:F9E2:E0M0X0
9F:F9E2:E0M0X0,9F:F9E5:E0M0X0
9F:F9E5:E0M0X0,9F:FB17:E0M0X0
9F:F9E8:E0M0X0,9F:F9EB:E0M0X0
9F:F9EB:E0M0X0,9F:F9ED:E0M0X0
9F:F9ED:E0M0X0,9F:F9EF:E0M0X0
9F:F9EF:E0M0X0,9F:F9F2:E0M0X0
9F:F9F2:E0M0X0,9F:FBA3:E0M0X0
9F:F9F5:E0M0X0,9F:F9F6:E0M0X0
9F:F9F6:E0M0X0,9F:F9F7:E0M0X0
9F:F9F7:E0M0X0,9F:F9F8:E0M0X0
9F:F9F8:E0M0X0,9F:FBE4:E0M0X0
9F:F9FB:E0M0X0,9F:F9FC:E0M0X0
9F:F9FC:E0M0X0,9F:F9FD:E0M0X0
9F:F9FD:E0M0X0,9F:F9FE:E0M0X0
9F:F9FE:E0M0X0,9F:F9FF:E0M0X0
9F:F9FF:E0M0X0,9F:FA00:E0M0X0
9F:FA00:E0M0X0,9F:FB78:E0M0X0
9F:FA03:E0M0X0,9F:FA05:E0M0X0
9F:FA05:E0M0X0,9F:FA08:E0M0X0
9F:FA08:E0M0X0,9F:FA0A:E0M0X0
9F:FA08:E0M0X0,9F:FA10:E0M0X0
9F:FA0A:E0M0X0,9F:FA0B:E0M0X0
9F:FA0B:E0M0X0,9F:FA0E:E0M0X0
9F:FA0E:E0M0X0,9F:FA10:E0M0X0
9F:FA10:E0M0X0,81:9C80:E0M0X0
9F:FA14:E0M0X0,9F:FC25:E0M0X0
9F:FA17:E0M0X0,9F:FA1A:E0M0X0
9F:FA1A:E0M0X0,9F:FA1C:E0M0X0
9F:FA1C:E0M0X0,9F:F9ED:E0M0X0
9F:FA1C:E0M0X0,9F:FA1E:E0M0X0
9F:FA1E:E0M0X0,9F:FA20:E0M0X0
9F:FA20:E0M0X0,9F:FA22:E0M0X0
9F:FA22:E0M0X0,9F:FA25:E0M0X0
9F:FA25:E0M0X0,9F:FA28:E0M0X0
9F:FA28:E0M0X0,9F:F9ED:E0M0X0
9F:FA28:E0M0X0,9F:FA2A:E0M0X0
9F:FA2A:E0M0X0,9F:FA2C:E0M1X0
9F:FA2C:E0M1X0,9F:FA2E:E0M1X0
9F:FA2E:E0M1X0,9F:FA31:E0M1X0
9F:FA31:E0M1X0,9F:FA33:E0M0X0
9F:FA33:E0M0X0,9F:FA36:E0M0X0
9F:FA36:E0M0X0,9F:FB17:E0M0X0
9F:FA39:E0M0X0,9F:FA3B:E0M0X0
9F:FA3B:E0M0X0,9F:FA3D:E0M0X0
9F:FA3D:E0M0X0,9F:FA40:E0M0X0
9F:FA40:E0M0X0,9F:FA43:E0M0X0
9F:FA43:E0M0X0,9F:FA45:E0M0X0
9F:FA43:E0M0X0,9F:FA48:E0M0X0
9F:FA45:E0M0X0,9F:FA48:E0M0X0
9F:FA48:E0M0X0,9F:FA4B:E0M0X0
9F:FA4B:E0M0X0,9F:FBA3:E0M0X0
9F:FA4E:E0M0X0,9F:FA4F:E0M0X0
9F:FA4F:E0M0X0,9F:FA50:E0M0X0
9F:FA50:E0M0X0,9F:FA51:E0M0X0
9F:FA51:E0M0X0,9F:FBE4:E0M0X0
9F:FA54:E0M0X0,9F:FA57:E0M0X0
9F:FA57:E0M0X0,9F:FA59:E0M0X0
9F:FA57:E0M0X0,9F:FA5E:E0M0X0
9F:FA59:E0M0X0,9F:FA5C:E0M0X0
9F:FA5C:E0M0X0,9F:FA60:E0M0X0
9F:FA5E:E0M0X0,9F:FA60:E0M0X0
9F:FA60:E0M0X0,9F:FA63:E0M0X0
9F:FA63:E0M0X0,9F:FB1E:E0M0X0
9F:FA66:E0M0X0,9F:FA69:E0M0X0
9F:FA69:E0M0X0,9F:FB78:E0M0X0
9F:FA6C:E0M0X0,81:9C80:E0M0X0
9F:FA70:E0M0X0,9F:FC25:E0M0X0
9F:FA73:E0M0X0,9F:FA76:E0M0X0
9F:FA76:E0M0X0,9F:FA78:E0M0X0
9F:FA78:E0M0X0,9F:FA39:E0M0X0
9F:FA78:E0M0X0,9F:FA7A:E0M0X0
9F:FA7A:E0M0X0,9F:FA7C:E0M1X1
9F:FA7C:E0M1X1,9F:FA7E:E0M1X1
9F:FA7E:E0M1X1,80:F926:E0M1X1
9F:FA82:E0M1X1,80:F982:E0M1X1
9F:FA86:E0M1X1,80:A3EA:E0M1X1
9F:FA8A:E0M1X1,9F:FA8C:E0M0X0
9F:FA8C:E0M0X0,9F:F59B:E0M0X0
9F:FA8D:E0M0X0,9F:FA90:E0M0X0
9F:FA90:E0M0X0,9F:FA93:E0M0X0
9F:FA93:E0M0X0,9F:FA95:E0M1X1
9F:FA95:E0M1X1,9F:FCEC:E0M1X1
9F:FA98:E0M1X1,81:9C3E:E0M1X1
9F:FA9C:E0M1X1,9F:FA9E:E0M1X1
9F:FA9E:E0M1X1,81:9DA9:E0M1X1
9F:FAA2:E0M1X1,9F:FAA4:E0M1X1
9F:FAA4:E0M1X1,9F:FAA7:E0M1X1
9F:FAA7:E0M1X1,9F:FAA9:E0M1X1
9F:FAA9:E0M1X1,9F:FAAC:E0M1X1
9F:FAAC:E0M1X1,9F:FAAE:E0M1X1
9F:FAAE:E0M1X1,9F:FAB1:E0M1X1
9F:FAB1:E0M1X1,9F:FAB3:E0M1X1
9F:FAB3:E0M1X1,9F:FAB6:E0M1X1
9F:FAB6:E0M1X1,9F:FAB8:E0M1X1
9F:FAB8:E0M1X1,9F:FABB:E0M1X1
9F:FABB:E0M1X1,9F:FABD:E0M1X1
9F:FABD:E0M1X1,9F:FAC0:E0M1X1
9F:FAC0:E0M1X1,9F:FAC2:E0M0X0
9F:FAC2:E0M0X0,9F:F719:E0M0X0
9F:FAC2:E0M0X0,9F:FAC7:E0M0X0
9F:FAC3:E0M0X0,9F:FAC4:E0M0X0
9F:FAC4:E0M0X0,9F:FA8D:E0M0X0
9F:FAC7:E0M0X0,9F:FAC8:E0M0X0
9F:FAC8:E0M0X0,9F:FACA:E0M1X1
9F:FACA:E0M1X1,9F:FACC:E0M1X1
9F:FACA:E0M1X1,9F:FAD4:E0M1X1
9F:FACC:E0M1X1,9F:FACE:E0M1X1
9F:FACE:E0M1X1,81:A025:E0M1X1
9F:FAD2:E0M1X1,9F:FADA:E0M1X1
9F:FAD4:E0M1X1,9F:FAD6:E0M1X1
9F:FAD6:E0M1X1,81:A025:E0M1X1
9F:FADA:E0M1X1,9F:FADC:E0M1X1
9F:FADC:E0M1X1,81:A025:E0M1X1
9F:FAE0:E0M1X1,9F:FAE2:E0M1X1
9F:FAE2:E0M1X1,81:A025:E0M1X1
9F:FAE6:E0M1X1,9F:FAE8:E0M0X0
9F:FAE8:E0M0X0,9F:FAEB:E0M0X0
9F:FAEB:E0M0X0,9F:FAEE:E0M0X0
9F:FAEE:E0M0X0,9F:FAF1:E0M0X0
9F:FAF1:E0M0X0,81:9D6A:E0M0X0
9F:FAF5:E0M0X0,9F:FAF8:E0M0X0
9F:FAF8:E0M0X0,9F:FAFB:E0M0X0
9F:FAFB:E0M0X0,9F:FAFE:E0M0X0
9F:FAFE:E0M0X0,81:9D6A:E0M0X0
9F:FB02:E0M0X0,9F:FB05:E0M0X0
9F:FB05:E0M0X0,9F:FB08:E0M0X0
9F:FB08:E0M0X0,80:835B:E0M0X0
9F:FB0C:E0M0X0,9F:FB0F:E0M0X0
9F:FB0F:E0M0X0,9F:FB12:E0M0X0
9F:FB12:E0M0X0,80:82F7:E0M0X0
9F:FB16:E0M0X0,9F:F7A4:E0M0X0
9F:FB16:E0M0X0,9F:F8F2:E0M0X0
9F:FB17:E0M0X0,9F:FB18:E0M0X0
9F:FB18:E0M0X0,9F:FB1B:E0M0X0
9F:FB1B:E0M0X0,9F:FB1D:E0M0X0
9F:FB1D:E0M0X0,9F:F69A:E0M0X0
9F:FB1D:E0M0X0,9F:F828:E0M0X0
9F:FB1D:E0M0X0,9F:F892:E0M0X0
9F:FB1D:E0M0X0,9F:F96B:E0M0X0
9F:FB1D:E0M0X0,9F:F9A1:E0M0X0
9F:FB1D:E0M0X0,9F:F9E8:E0M0X0
9F:FB1D:E0M0X0,9F:FA39:E0M0X0
9F:FB1D:E0M0X0,9F:FD20:E0M0X0
9F:FB1E:E0M0X0,9F:FB1F:E0M0X0
9F:FB1F:E0M0X0,9F:FB21:E0M1X0
9F:FB21:E0M1X0,9F:FB22:E0M1X0
9F:FB22:E0M1X0,9F:FB24:E0M1X0
9F:FB24:E0M1X0,9F:FB26:E0M1X0
9F:FB26:E0M1X0,9F:FB28:E0M0X0
9F:FB28:E0M0X0,9F:FB29:E0M0X0
9F:FB29:E0M0X0,9F:FB2A:E0M0X0
9F:FB2A:E0M0X0,9F:FB2B:E0M0X0
9F:FB2B:E0M0X0,9F:FB2E:E0M0X0
9F:FB2E:E0M0X0,9F:FB31:E0M0X0
9F:FB31:E0M0X0,9F:FB33:E0M0X0
9F:FB31:E0M0X0,9F:FB36:E0M0X0
9F:FB33:E0M0X0,9F:FB36:E0M0X0
9F:FB36:E0M0X0,9F:FB37:E0M0X0
9F:FB37:E0M0X0,9F:FB39:E0M0X0
9F:FB39:E0M0X0,9F:FB3B:E0M0X0
9F:FB3B:E0M0X0,9F:FB3C:E0M0X0
9F:FB3C:E0M0X0,9F:FB3E:E0M1X0
9F:FB3E:E0M1X0,9F:FB3F:E0M1X0
9F:FB3F:E0M1X0,9F:FB41:E0M1X0
9F:FB41:E0M1X0,9F:FB43:E0M1X0
9F:FB43:E0M1X0,9F:FB45:E0M0X0
9F:FB45:E0M0X0,9F:FB46:E0M0X0
9F:FB46:E0M0X0,9F:FB47:E0M0X0
9F:FB47:E0M0X0,9F:FB48:E0M0X0
9F:FB48:E0M0X0,9F:FB4B:E0M0X0
9F:FB4B:E0M0X0,9F:FB4E:E0M0X0
9F:FB4E:E0M0X0,9F:FB50:E0M0X0
9F:FB4E:E0M0X0,9F:FB53:E0M0X0
9F:FB50:E0M0X0,9F:FB53:E0M0X0
9F:FB53:E0M0X0,9F:FB54:E0M0X0
9F:FB54:E0M0X0,9F:FB56:E0M0X0
9F:FB56:E0M0X0,9F:FB58:E0M0X0
9F:FB58:E0M0X0,9F:FB5A:E0M1X1
9F:FB5A:E0M1X1,9F:FB5D:E0M1X1
9F:FB5D:E0M1X1,9F:FB5F:E0M1X1
9F:FB5F:E0M1X1,9F:FB62:E0M1X1
9F:FB62:E0M1X1,9F:FB65:E0M1X1
9F:FB65:E0M1X1,9F:FB67:E0M1X1
9F:FB67:E0M1X1,9F:FB69:E0M1X1
9F:FB69:E0M1X1,9F:FB6B:E0M1X1
9F:FB69:E0M1X1,9F:FB72:E0M1X1
9F:FB6B:E0M1X1,9F:FB6D:E0M1X1
9F:FB6B:E0M1X1,9F:FB70:E0M1X1
9F:FB6D:E0M1X1,9F:FB70:E0M1X1
9F:FB70:E0M1X1,9F:FB72:E0M1X1
9F:FB72:E0M1X1,9F:FB75:E0M1X1
9F:FB75:E0M1X1,9F:FB77:E0M0X0
9F:FB77:E0M0X0,9F:F83D:E0M0X0
9F:FB77:E0M0X0,9F:F8C5:E0M0X0
9F:FB77:E0M0X0,9F:F987:E0M0X0
9F:FB77:E0M0X0,9F:FA66:E0M0X0
9F:FB78:E0M0X0,9F:FB79:E0M0X0
9F:FB79:E0M0X0,9F:FB7C:E0M0X0
9F:FB7C:E0M0X0,9F:FB7E:E0M0X0
9F:FB7C:E0M0X0,9F:FB81:E0M0X0
9F:FB7E:E0M0X0,9F:FB81:E0M0X0
9F:FB81:E0M0X0,9F:FB83:E0M0X0
9F:FB83:E0M0X0,9F:FB86:E0M0X0
9F:FB86:E0M0X0,9F:FB89:E0M0X0
9F:FB89:E0M0X0,9F:FB8B:E0M0X0
9F:FB89:E0M0X0,9F:FB92:E0M0X0
9F:FB8B:E0M0X0,9F:FB8D:E0M0X0
9F:FB8D:E0M0X0,9F:FB8E:E0M0X0
9F:FB8E:E0M0X0,9F:FB90:E0M0X0
9F:FB90:E0M0X0,9F:FB97:E0M0X0
9F:FB92:E0M0X0,9F:FB94:E0M0X0
9F:FB94:E0M0X0,9F:FB95:E0M0X0
9F:FB95:E0M0X0,9F:FB97:E0M0X0
9F:FB97:E0M0X0,9F:FB99:E0M0X0
9F:FB99:E0M0X0,9F:FB9B:E0M1X0
9F:FB9B:E0M1X0,9F:FB9D:E0M1X0
9F:FB9D:E0M1X0,9F:FBA0:E0M1X0
9F:FBA0:E0M1X0,9F:FBA2:E0M0X0
9F:FBA2:E0M0X0,9F:F86B:E0M0X0
9F:FBA2:E0M0X0,9F:F8CB:E0M0X0
9F:FBA2:E0M0X0,9F:F98D:E0M0X0
9F:FBA2:E0M0X0,9F:F9D4:E0M0X0
9F:FBA2:E0M0X0,9F:FA03:E0M0X0
9F:FBA2:E0M0X0,9F:FA6C:E0M0X0
9F:FBA3:E0M0X0,9F:FBA4:E0M0X0
9F:FBA4:E0M0X0,9F:FBA6:E0M1X0
9F:FBA6:E0M1X0,9F:FBA7:E0M1X0
9F:FBA7:E0M1X0,9F:FBA9:E0M1X0
9F:FBA9:E0M1X0,9F:FBAB:E0M1X0
9F:FBAB:E0M1X0,9F:FBAD:E0M0X0
9F:FBAD:E0M0X0,9F:FBAE:E0M0X0
9F:FBAE:E0M0X0,9F:FBAF:E0M0X0
9F:FBAF:E0M0X0,9F:FBB0:E0M0X0
9F:FBB0:E0M0X0,9F:FBB3:E0M0X0
9F:FBB3:E0M0X0,9F:FBB6:E0M0X0
9F:FBB6:E0M0X0,9F:FBB8:E0M0X0
9F:FBB6:E0M0X0,9F:FBBB:E0M0X0
9F:FBB8:E0M0X0,9F:FBBB:E0M0X0
9F:FBBB:E0M0X0,9F:FBBC:E0M0X0
9F:FBBC:E0M0X0,9F:FBBE:E0M0X0
9F:FBBE:E0M0X0,9F:FBC0:E0M0X0
9F:FBC0:E0M0X0,9F:FBC1:E0M0X0
9F:FBC1:E0M0X0,9F:FBC3:E0M1X0
9F:FBC3:E0M1X0,9F:FBC4:E0M1X0
9F:FBC4:E0M1X0,9F:FBC6:E0M1X0
9F:FBC6:E0M1X0,9F:FBC8:E0M1X0
9F:FBC8:E0M1X0,9F:FBCA:E0M0X0
9F:FBCA:E0M0X0,9F:FBCB:E0M0X0
9F:FBCB:E0M0X0,9F:FBCC:E0M0X0
9F:FBCC:E0M0X0,9F:FBCD:E0M0X0
9F:FBCD:E0M0X0,9F:FBD0:E0M0X0
9F:FBD0:E0M0X0,9F:FBD3:E0M0X0
9F:FBD3:E0M0X0,9F:FBD5:E0M0X0
9F:FBD3:E0M0X0,9F:FBD8:E0M0X0
9F:FBD5:E0M0X0,9F:FBD8:E0M0X0
9F:FBD8:E0M0X0,9F:FBD9:E0M0X0
9F:FBD9:E0M0X0,9F:FBDB:E0M0X0
9F:FBDB:E0M0X0,9F:FBDD:E0M0X0
9F:FBDD:E0M0X0,9F:FBDF:E0M0X0
9F:FBDF:E0M0X0,9F:FBE1:E0M0X0
9F:FBE1:E0M0X0,9F:FBE3:E0M0X0
9F:FBE3:E0M0X0,9F:F7C6:E0M0X0
9F:FBE3:E0M0X0,9F:F847:E0M0X0
9F:FBE3:E0M0X0,9F:F8A4:E0M0X0
9F:FBE3:E0M0X0,9F:F90E:E0M0X0
9F:FBE3:E0M0X0,9F:F9CE:E0M0X0
9F:FBE3:E0M0X0,9F:F9F5:E0M0X0
9F:FBE3:E0M0X0,9F:FA4E:E0M0X0
9F:FBE4:E0M0X0,9F:FBE5:E0M0X0
9F:FBE5:E0M0X0,9F:FBE7:E0M1X0
9F:FBE7:E0M1X0,9F:FBE8:E0M1X0
9F:FBE8:E0M1X0,9F:FBEA:E0M1X0
9F:FBEA:E0M1X0,9F:FBEC:E0M1X0
9F:FBEC:E0M1X0,9F:FBEE:E0M0X0
9F:FBEE:E0M0X0,9F:FBEF:E0M0X0
9F:FBEF:E0M0X0,9F:FBF0:E0M0X0
9F:FBF0:E0M0X0,9F:FBF1:E0M0X0
9F:FBF1:E0M0X0,9F:FBF4:E0M0X0
9F:FBF4:E0M0X0,9F:FBF7:E0M0X0
9F:FBF7:E0M0X0,9F:FBF9:E0M0X0
9F:FBF7:E0M0X0,9F:FBFC:E0M0X0
9F:FBF9:E0M0X0,9F:FBFC:E0M0X0
9F:FBFC:E0M0X0,9F:FBFD:E0M0X0
9F:FBFD:E0M0X0,9F:FBFF:E0M0X0
9F:FBFF:E0M0X0,9F:FC01:E0M0X0
9F:FC01:E0M0X0,9F:FC02:E0M0X0
9F:FC02:E0M0X0,9F:FC04:E0M1X0
9F:FC04:E0M1X0,9F:FC05:E0M1X0
9F:FC05:E0M1X0,9F:FC07:E0M1X0
9F:FC07:E0M1X0,9F:FC09:E0M1X0
9F:FC09:E0M1X0,9F:FC0B:E0M0X0
9F:FC0B:E0M0X0,9F:FC0C:E0M0X0
9F:FC0C:E0M0X0,9F:FC0D:E0M0X0
9F:FC0D:E0M0X0,9F:FC0E:E0M0X0
9F:FC0E:E0M0X0,9F:FC11:E0M0X0
9F:FC11:E0M0X0,9F:FC14:E0M0X0
9F:FC14:E0M0X0,9F:FC16:E0M0X0
9F:FC14:E0M0X0,9F:FC19:E0M0X0
9F:FC16:E0M0X0,9F:FC19:E0M0X0
9F:FC19:E0M0X0,9F:FC1A:E0M0X0
9F:FC1A:E0M0X0,9F:FC1C:E0M0X0
9F:FC1C:E0M0X0,9F:FC1E:E0M0X0
9F:FC1E:E0M0X0,9F:FC20:E0M0X0
9F:FC20:E0M0X0,9F:FC22:E0M0X0
9F:FC22:E0M0X0,9F:FC24:E0M0X0
9F:FC24:E0M0X0,9F:F7C9:E0M0X0
9F:FC24:E0M0X0,9F:F850:E0M0X0
9F:FC24:E0M0X0,9F:F8B7:E0M0X0
9F:FC24:E0M0X0,9F:F911:E0M0X0
9F:FC24:E0M0X0,9F:F974:E0M0X0
9F:FC24:E0M0X0,9F:F9B5:E0M0X0
9F:FC24:E0M0X0,9F:F9FB:E0M0X0
9F:FC24:E0M0X0,9F:FA54:E0M0X0
9F:FC25:E0M0X0,9F:FC28:E0M0X0
9F:FC28:E0M0X0,9F:FC2B:E0M0X0
9F:FC2B:E0M0X0,9F:FC28:E0M0X0
9F:FC2B:E0M0X0,9F:FC2D:E0M0X0
9F:FC2D:E0M0X0,9F:F6C3:E0M0X0
9F:FC2D:E0M0X0,9F:F872:E0M0X0
9F:FC2D:E0M0X0,9F:F8D2:E0M0X0
9F:FC2D:E0M0X0,9F:F994:E0M0X0
9F:FC2D:E0M0X0,9F:F9DB:E0M0X0
9F:FC2D:E0M0X0,9F:FA17:E0M0X0
9F:FC2D:E0M0X0,9F:FA73:E0M0X0
9F:FC2E:E0M1X1,9F:FC2F:E0M1X1
9F:FC2F:E0M1X1,9F:FC30:E0M1X1
9F:FC30:E0M1X1,9F:FC31:E0M1X1
9F:FC31:E0M1X1,9F:FC33:E0M0X0
9F:FC33:E0M0X0,81:DF85:E0M0X0
9F:FC37:E0M0X0,9F:FC39:E0M1X1
9F:FC39:E0M1X1,81:A0D9:E0M1X1
9F:FC3D:E0M1X1,81:9CAE:E0M1X1
9F:FC41:E0M1X1,9F:FC43:E0M1X1
9F:FC43:E0M1X1,9F:FC46:E0M1X1
9F:FC46:E0M1X1,9F:FC48:E0M1X1
9F:FC48:E0M1X1,9F:FC4B:E0M1X1
9F:FC4B:E0M1X1,9F:FC4D:E0M1X1
9F:FC4D:E0M1X1,9F:FC50:E0M1X1
9F:FC50:E0M1X1,9F:FC52:E0M1X1
9F:FC52:E0M1X1,9F:FC55:E0M1X1
9F:FC55:E0M1X1,9F:FC57:E0M1X1
9F:FC57:E0M1X1,9F:FC5A:E0M1X1
9F:FC5A:E0M1X1,9F:FC5C:E0M1X1
9F:FC5C:E0M1X1,9F:FC5F:E0M1X1
9F:FC5F:E0M1X1,9F:FC61:E0M1X1
9F:FC61:E0M1X1,9F:FC64:E0M1X1
9F:FC64:E0M1X1,9F:FC66:E0M1X1
9F:FC66:E0M1X1,9F:FC69:E0M1X1
9F:FC69:E0M1X1,9F:FC6A:E0M1X1
9F:FC6A:E0M1X1,80:81C5:E0M1X1
9F:FC6B:E0M1X1,9F:FD00:E0M1X1
9F:FC6E:E0M1X1,9F:FCF1:E0M1X1
9F:FC71:E0M1X1,9F:FCF1:E0M1X1
9F:FC74:E0M1X1,9F:FC76:E0M1X1
9F:FC76:E0M1X1,9F:FC79:E0M1X1
9F:FC79:E0M1X1,9F:FC7C:E0M1X1
9F:FC7C:E0M1X1,9F:FC7F:E0M1X1
9F:FC7F:E0M1X1,9F:FC81:E0M1X1
9F:FC81:E0M1X1,9F:FC84:E0M1X1
9F:FC84:E0M1X1,9F:FC86:E0M1X1
9F:FC86:E0M1X1,9F:FC89:E0M1X1
9F:FC89:E0M1X1,9F:FC8C:E0M1X1
9F:FC8C:E0M1X1,80:8238:E0M1X1
9F:FCAF:E0M1X1,9F:FCB3:E0M1X1
9F:FCB2:E0M1X1,81:D89D:E0M1X1
9F:FCB2:E0M1X1,92:F115:E0M1X1
9F:FCB3:E0M1X1,9F:FCB5:E0M1X1
9F:FCB5:E0M1X1,9F:FCB8:E0M1X1
9F:FCB8:E0M1X1,9F:FCBB:E0M1X1
9F:FCBB:E0M1X1,9F:FCBE:E0M1X1
9F:FCBE:E0M1X1,9F:FCC0:E0M1X1
9F:FCC0:E0M1X1,9F:FCC3:E0M1X1
9F:FCC3:E0M1X1,9F:FCC5:E0M1X1
9F:FCC5:E0M1X1,9F:FCC8:E0M1X1
9F:FCC8:E0M1X1,9F:FCCA:E0M1X1
9F:FCCA:E0M1X1,9F:FCCD:E0M1X1
9F:FCCD:E0M1X1,9F:FCCF:E0M1X1
9F:FCCF:E0M1X1,9F:FCD2:E0M1X1
9F:FCD2:E0M1X1,9F:FCD4:E0M1X1
9F:FCD4:E0M1X1,9F:FCD7:E0M1X1
9F:FCD7:E0M1X1,9F:FCD9:E0M1X1
9F:FCD9:E0M1X1,9F:FCDC:E0M1X1
9F:FCDC:E0M1X1,9F:FCDF:E0M1X1
9F:FCDF:E0M1X1,9F:FCB2:E0M1X1
9F:FCE0:E0M1X1,9F:FCE2:E0M1X1
9F:FCE2:E0M1X1,9F:FCE5:E0M1X1
9F:FCE5:E0M1X1,9F:FCE7:E0M1X1
9F:FCE7:E0M1X1,9F:FCEA:E0M1X1
9F:FCEA:E0M1X1,9F:FCEB:E0M1X1
9F:FCEB:E0M1X1,9F:F68E:E0M1X1
9F:FCEB:E0M1X1,9F:F70D:E0M1X1
9F:FCEB:E0M1X1,9F:F806:E0M1X1
9F:FCEB:E0M1X1,9F:F949:E0M1X1
9F:FCEC:E0M1X1,9F:FCEF:E0M1X1
9F:FCEF:E0M1X1,9F:FCF0:E0M1X1
9F:FCF0:E0M1X1,9F:FA98:E0M1X1
9F:FCF1:E0M1X1,9F:FCF4:E0M1X1
9F:FCF4:E0M1X1,9F:FCF6:E0M1X1
9F:FCF6:E0M1X1,9F:FCF1:E0M1X1
9F:FCF6:E0M1X1,9F:FCF8:E0M1X1
9F:FCF8:E0M1X1,9F:FCFB:E0M1X1
9F:FCFB:E0M1X1,9F:FCFD:E0M1X1
9F:FCFD:E0M1X1,9F:FCF8:E0M1X1
9F:FCFD:E0M1X1,9F:FCFF:E0M1X1
9F:FCFF:E0M1X1,9F:FC71:E0M1X1
9F:FCFF:E0M1X1,9F:FC74:E0M1X1
9F:FCFF:E0M1X1,9F:FD03:E0M1X1
9F:FCFF:E0M1X1,9F:FD13:E0M1X1
9F:FD00:E0M1X1,9F:FCF1:E0M1X1
9F:FD03:E0M1X1,9F:FD06:E0M1X1
9F:FD06:E0M1X1,9F:FD08:E0M1X1
9F:FD08:E0M1X1,9F:FD0B:E0M1X1
9F:FD0B:E0M1X1,9F:FD0D:E0M1X1
9F:FD0D:E0M1X1,9F:FD10:E0M1X1
9F:FD10:E0M1X1,9F:FCF1:E0M1X1
9F:FD13:E0M1X1,9F:FD16:E0M1X1
9F:FD16:E0M1X1,9F:FD19:E0M1X1
9F:FD19:E0M1X1,9F:FD1C:E0M1X1
9F:FD1C:E0M1X1,9F:FC6E:E0M1X1
9F:FD1D:E0M0X0,9F:FB17:E0M0X0
9F:FD20:E0M0X0,9F:FD23:E0M0X0
9F:FD23:E0M0X0,9F:FD25:E0M0X0
9F:FD25:E0M0X0,9F:FD20:E0M0X0
9F:FD25:E0M0X0,9F:FD27:E0M0X0
9F:FD27:E0M0X0,9F:F603:E0M0X0
9F:FD27:E0M0X0,9F:F607:E0M0X0
9F:FD27:E0M0X0,9F:F621:E0M0X0
9F:FD27:E0M0X0,9F:F627:E0M0X0
9F:FD27:E0M0X0,9F:F62D:E0M0X0
9F:FD27:E0M0X0,9F:F633:E0M0X0
9F:FD27:E0M0X0,9F:F642:E0M0X0
9F:FD27:E0M0X0,9F:F648:E0M0X0
9F:FD27:E0M0X0,9F:F64E:E0M0X0
9F:FD27:E0M0X0,9F:F654:E0M0X0
9F:FD27:E0M0X0,9F:F65A:E0M0X0
9F:FD27:E0M0X0,9F:F660:E0M0X0
9F:FD27:E0M0X0,9F:F6D0:E0M0X0
9F:FD27:E0M0X0,9F:F6D6:E0M0X0
9F:FD27:E0M0X0,9F:F6DC:E0M0X0
9F:FD27:E0M0X0,9F:FD38:E0M0X0
9F:FD28:E0M0X0,9F:FD2B:E0M0X0
9F:FD2B:E0M0X0,9F:FD2E:E0M0X0
9F:FD2E:E0M0X0,81:DE78:E0M0X0
9F:FD32:E0M0X0,9F:FD35:E0M0X0
9F:FD35:E0M0X0,9F:FD1D:E0M0X0
9F:FD38:E0M0X0,9F:FD3B:E0M0X0
9F:FD3B:E0M0X0,9F:FD3E:E0M0X0
9F:FD3E:E0M0X0,9F:FD41:E0M0X0
9F:FD41:E0M0X0,81:DE78:E0M0X0
9F:FD45:E0M0X0,9F:FD48:E0M0X0
9F:FD48:E0M0X0,9F:FD1D:E0M0X0
